t_us,p_cmd,p_act,v_cmd,v_act,t_cmd,t_act,iq,vbus,temp,state,events
69284588,-0.132,-0.132,0.0000,-0.0038,0.0000,-0.0203,0.000,32.41,32.0,3,2048
69285587,-0.132,-0.132,0.0000,0.0999,0.0000,0.0302,0.000,32.41,32.0,3,2048
69286582,-0.132,-0.132,0.0000,-0.0755,0.0000,-0.0302,0.000,32.41,32.0,3,2048
69287583,-0.132,-0.132,0.0000,0.0618,0.0000,-0.0071,0.000,32.41,32.0,3,2048
69288915,-0.132,-0.132,0.0000,0.1656,0.0000,0.0478,0.000,32.41,32.0,3,2048
69289557,-0.132,-0.132,0.0000,0.0221,0.0000,-0.0038,0.000,32.41,32.0,3,2048
69290560,-0.132,-0.132,0.0000,0.0359,0.0000,0.0016,0.000,32.41,32.0,3,2048
69291923,-0.132,-0.132,0.0000,0.0664,0.0000,-0.0016,0.000,32.41,32.0,3,2048
69292606,-0.132,-0.132,0.0000,-0.0053,0.0000,0.0148,0.000,32.41,32.0,3,2048
69293923,-0.132,-0.132,0.0000,0.0191,0.0000,0.0115,0.000,32.41,32.0,3,2048
69294614,-0.132,-0.132,0.0000,0.0893,0.0000,0.0467,0.000,32.41,32.0,3,2048
69295888,-0.132,-0.132,0.0000,-0.0343,0.0000,0.0082,0.000,32.41,32.0,3,2048
69296621,-0.132,-0.132,0.0000,0.0359,0.0000,-0.0324,0.000,32.41,32.0,3,2048
69297560,-0.132,-0.132,0.0000,-0.0221,0.0000,0.0401,0.000,32.41,32.0,3,2048
69298899,-0.132,-0.132,0.0000,0.0038,0.0000,0.0093,0.000,32.41,32.0,3,2048
69299555,-0.132,-0.132,0.0000,-0.1244,0.0000,0.0016,0.000,32.41,32.0,3,2048
69300619,-0.132,-0.132,0.0000,0.1305,0.0000,0.0159,0.000,32.41,32.0,3,2048
69301555,-0.132,-0.132,0.0000,-0.0725,0.0000,-0.0016,0.000,32.41,32.0,3,2048
69302571,-0.132,-0.132,0.0000,-0.1183,0.0000,-0.0060,0.000,32.41,32.0,3,2048
69303882,-0.132,-0.132,0.0000,0.0603,0.0000,0.0060,0.000,32.41,32.0,3,2048
69304614,-0.132,-0.132,0.0000,-0.0298,0.0000,0.0203,0.000,32.41,32.0,3,2048
69305560,-0.132,-0.132,0.0000,0.0053,0.0000,-0.0247,0.000,32.41,32.0,3,2048
69306571,-0.132,-0.132,0.0000,-0.0938,0.0000,0.0170,0.000,32.41,32.0,3,2048
69307555,-0.132,-0.132,0.0000,-0.0359,0.0000,0.0016,0.000,32.41,32.0,3,2048
69308928,-0.132,-0.132,0.0000,-0.0557,0.0000,0.0027,0.000,32.41,32.0,3,2048
69309559,-0.132,-0.132,0.0000,-0.0389,0.0000,-0.0225,0.000,32.41,32.0,3,2048
69310576,-0.132,-0.132,0.0000,-0.0084,0.0000,-0.0137,0.000,32.41,32.0,3,2048
69311868,-0.132,-0.132,0.0000,0.0145,0.0000,0.0203,0.000,32.41,32.0,3,2048
69312611,-0.132,-0.132,0.0000,0.0725,0.0000,-0.0236,0.000,32.41,32.0,3,2048
69313882,-0.132,-0.132,0.0000,0.0755,0.0000,-0.0258,0.000,32.41,32.0,3,2048
69314575,-0.132,-0.132,0.0000,0.0542,0.0000,-0.0148,0.000,32.41,32.0,3,2048
69315880,-0.132,-0.132,0.0000,-0.0450,0.0000,-0.0192,0.000,32.41,32.0,3,2048
69316657,-0.132,-0.132,0.0000,-0.1152,0.0000,0.0203,0.000,32.41,32.0,3,2048
69317601,-0.132,-0.132,0.0000,-0.0587,0.0000,0.0093,0.000,32.41,32.0,3,2048
69318884,-0.132,-0.132,0.0000,0.0572,0.0000,-0.0038,0.000,32.41,32.0,3,2048
69319622,-0.132,-0.132,0.0000,0.0221,0.0000,0.0181,0.000,32.41,32.0,3,2048
69320588,-0.132,-0.132,0.0000,-0.0298,0.0000,-0.0203,0.000,32.41,32.0,3,2048
69321582,-0.132,-0.132,0.0000,0.0160,0.0000,-0.0269,0.000,32.41,32.0,3,2048
69322581,-0.132,-0.132,0.0000,0.0511,0.0000,0.0159,0.000,32.41,32.0,3,2048
69323904,-0.132,-0.132,0.0000,-0.0786,0.0000,0.0258,0.000,32.41,32.0,3,2048
69324583,-0.132,-0.132,0.0000,-0.0282,0.0000,-0.0247,0.000,32.41,32.0,3,2048
69325586,-0.132,-0.132,0.0000,-0.0130,0.0000,0.0137,0.000,32.41,32.0,3,2048
69326581,-0.132,-0.132,0.0000,-0.0160,0.0000,-0.0280,0.000,32.41,32.0,3,2048
69327581,-0.132,-0.132,0.0000,0.0114,0.0000,0.0258,0.000,32.41,32.0,3,2048
69328912,-0.132,-0.132,0.0000,-0.0862,0.0000,-0.0324,0.000,32.41,32.0,3,2048
69329563,-0.132,-0.132,0.0000,0.0618,0.0000,0.0500,0.000,32.41,32.0,3,2048
69330560,-0.132,-0.132,0.0000,-0.0099,0.0000,-0.0170,0.000,32.41,32.0,3,2048
69331921,-0.132,-0.132,0.0000,-0.0175,0.0000,-0.0071,0.000,32.41,32.0,3,2048
69332601,-0.132,-0.132,0.0000,0.0847,0.0000,0.0478,0.000,32.41,32.0,3,2048
69333816,-0.132,-0.132,0.0000,0.0435,0.0000,0.0302,0.000,32.41,32.0,3,2048
69334563,-0.132,-0.132,0.0000,-0.0221,0.0000,-0.0038,0.000,32.41,32.0,3,2048
69335885,-0.132,-0.132,0.0000,0.0328,0.0000,-0.0291,0.000,32.41,32.0,3,2048
69336620,-0.132,-0.132,0.0000,0.0328,0.0000,-0.0258,0.000,32.41,32.0,3,2048
69337563,-0.132,-0.132,0.0000,0.0099,0.0000,0.0203,0.000,32.41,32.0,3,2048
69338901,-0.132,-0.132,0.0000,0.0038,0.0000,0.0225,0.000,32.41,32.0,3,2048
69339557,-0.132,-0.132,0.0000,-0.0633,0.0000,-0.0093,0.000,32.41,32.0,3,2048
69340612,-0.132,-0.132,0.0000,0.0053,0.0000,0.0016,0.000,32.41,32.0,3,2048
69341558,-0.132,-0.132,0.0000,-0.0267,0.0000,-0.0225,0.000,32.41,32.0,3,2048
69342571,-0.132,-0.132,0.0000,-0.1411,0.0000,0.0049,0.000,32.41,32.0,3,2048
69343883,-0.132,-0.132,0.0000,-0.0694,0.0000,-0.0005,0.000,32.41,32.0,3,2048
69344609,-0.132,-0.132,0.0000,0.0664,0.0000,-0.0555,0.000,32.41,32.0,3,2048
69345563,-0.132,-0.132,0.0000,-0.0069,0.0000,-0.0049,0.000,32.41,32.0,3,2048
69346571,-0.132,-0.132,0.0000,-0.0343,0.0000,0.0302,0.000,32.41,32.0,3,2048
69347555,-0.132,-0.132,0.0000,-0.0954,0.0000,-0.0247,0.000,32.41,32.0,3,2048
69348926,-0.132,-0.132,0.0000,0.0938,0.0000,-0.0247,0.000,32.41,32.0,3,2048
69349565,-0.132,-0.132,0.0000,-0.0740,0.0000,0.0203,0.000,32.41,32.0,3,2048
69350576,-0.132,-0.132,0.0000,0.0038,0.0000,-0.0115,0.000,32.41,32.0,3,2048
69351868,-0.132,-0.132,0.0000,-0.0206,0.0000,0.0049,0.000,32.41,32.0,3,2048
69352604,-0.132,-0.132,0.0000,0.0023,0.0000,0.0423,0.000,32.41,32.0,3,2048
69353888,-0.132,-0.132,0.0000,0.0252,0.0000,0.0401,0.000,32.41,32.0,3,2048
69354577,-0.132,-0.132,0.0000,0.0313,0.0000,0.0159,0.000,32.41,32.0,3,2048
69355880,-0.132,-0.132,0.0000,0.0572,0.0000,-0.0082,0.000,32.41,32.0,3,2048
69356607,-0.132,-0.132,0.0000,-0.1045,0.0000,0.0038,0.000,32.41,32.0,3,2048
69357563,-0.132,-0.132,0.0000,-0.0221,0.0000,-0.0060,0.000,32.41,32.0,3,2048
69358901,-0.132,-0.132,0.0000,-0.0130,0.0000,0.0082,0.000,32.41,32.0,3,2048
69359557,-0.132,-0.132,0.0000,-0.0374,0.0000,-0.0258,0.000,32.41,32.0,3,2048
69360612,-0.132,-0.132,0.0000,-0.0389,0.0000,-0.0005,0.000,32.41,32.0,3,2048
69361558,-0.132,-0.132,0.0000,0.1213,0.0000,-0.0115,0.000,32.41,32.0,3,2048
69362571,-0.132,-0.132,0.0000,0.0023,0.0000,0.0467,0.000,32.41,32.0,3,2048
69363883,-0.132,-0.132,0.0000,0.1518,0.0000,0.0302,0.000,32.41,32.0,3,2048
69364609,-0.132,-0.132,0.0000,-0.0237,0.0000,-0.0214,0.000,32.41,32.0,3,2048
69365563,-0.132,-0.132,0.0000,-0.0587,0.0000,0.0082,0.000,32.41,32.0,3,2048
69366571,-0.132,-0.132,0.0000,-0.0069,0.0000,-0.0214,0.000,32.41,32.0,3,2048
69367555,-0.132,-0.132,0.0000,-0.0267,0.0000,0.0027,0.000,32.41,32.0,3,2048
69368997,-0.132,-0.132,0.0000,0.0786,0.0000,-0.0258,0.000,32.41,32.0,3,2048
69369563,-0.132,-0.132,0.0000,-0.0114,0.0000,0.0082,0.000,32.41,32.0,3,2048
69370560,-0.132,-0.132,0.0000,-0.0893,0.0000,-0.0148,0.000,32.41,32.0,3,2048
69371872,-0.132,-0.132,0.0000,0.1595,0.0000,0.0203,0.000,32.41,32.0,3,2048
69372556,-0.132,-0.132,0.0000,-0.0740,0.0000,0.0126,0.000,32.41,32.0,3,2048
69373942,-0.132,-0.132,0.0000,0.0084,0.0000,0.0203,0.000,32.41,32.0,3,2048
69374587,-0.132,-0.132,0.0000,0.0053,0.0000,0.0247,0.000,32.41,32.0,3,2048
69375949,-0.132,-0.132,0.0000,0.0511,0.0000,0.0115,0.000,32.41,32.0,3,2048
69376590,-0.132,-0.132,0.0000,-0.0023,0.0000,0.0159,0.000,32.41,32.0,3,2048
69377591,-0.132,-0.132,0.0000,-0.0099,0.0000,0.0203,0.000,32.41,32.0,3,2048
69378911,-0.132,-0.132,0.0000,-0.1091,0.0000,0.0225,0.000,32.41,32.0,3,2048
69379645,-0.132,-0.132,0.0000,0.0771,0.0000,0.0027,0.000,32.41,32.0,3,2048
69380560,-0.132,-0.132,0.0000,-0.0328,0.0000,-0.0016,0.000,32.41,32.0,3,2048
69381593,-0.132,-0.132,0.0000,-0.0374,0.0000,-0.0093,0.000,32.41,32.0,3,2048
69382609,-0.132,-0.132,0.0000,-0.0160,0.0000,-0.0170,0.000,32.41,32.0,3,2048
69383907,-0.132,-0.132,0.0000,0.0008,0.0000,0.0137,0.000,32.41,32.0,3,2048
69384586,-0.132,-0.132,0.0000,0.1350,0.0000,0.0236,0.000,32.41,32.0,3,2048
69385587,-0.132,-0.132,0.0000,-0.0008,0.0000,-0.0159,0.000,32.41,32.0,3,2048
69386582,-0.132,-0.132,0.0000,-0.0816,0.0000,-0.0115,0.000,32.41,32.0,3,2048
69387582,-0.132,-0.132,0.0000,0.0511,0.0000,-0.0049,0.000,32.41,32.0,3,2048
69388903,-0.132,-0.132,0.0000,0.0023,0.0000,0.0060,0.000,32.41,32.0,3,2048
69389587,-0.132,-0.132,0.0000,-0.0206,0.0000,0.0093,0.000,32.41,32.0,3,2048
69390587,-0.132,-0.132,0.0000,-0.0694,0.0000,-0.0445,0.000,32.41,32.0,3,2048
69391909,-0.132,-0.132,0.0000,0.0130,0.0000,0.0104,0.000,32.41,32.0,3,2048
69392556,-0.132,-0.132,0.0000,0.0237,0.0000,0.0137,0.000,32.41,32.0,3,2048
69393924,-0.132,-0.132,0.0000,0.0099,0.0000,0.0093,0.000,32.41,32.0,3,2048
69394610,-0.132,-0.132,0.0000,-0.0206,0.0000,0.0203,0.000,32.41,32.0,3,2048
69395929,-0.132,-0.132,0.0000,-0.1122,0.0000,-0.0049,0.000,32.41,32.0,3,2048
69396607,-0.132,-0.132,0.0000,0.0298,0.0000,-0.0522,0.000,32.41,32.0,3,2048
69397560,-0.132,-0.132,0.0000,-0.1183,0.0000,0.0269,0.000,32.41,32.0,3,2048
69398881,-0.132,-0.132,0.0000,0.0938,0.0000,-0.0258,0.000,32.41,32.0,3,2048
69399620,-0.132,-0.132,0.0000,-0.0298,0.0000,0.0214,0.000,32.41,32.0,3,2048
69400560,-0.132,-0.132,0.0000,-0.0160,0.0000,0.0038,0.000,32.41,32.0,3,2048
69401571,-0.132,-0.132,0.0000,-0.0191,0.0000,-0.0049,0.000,32.41,32.0,3,2048
69402555,-0.132,-0.132,0.0000,-0.0130,0.0000,-0.0027,0.000,32.41,32.0,3,2048
69403928,-0.132,-0.132,0.0000,0.1244,0.0000,-0.0060,0.000,32.41,32.0,3,2048
69404559,-0.132,-0.132,0.0000,0.0069,0.0000,0.0148,0.000,32.41,32.0,3,2048
69405576,-0.132,-0.132,0.0000,0.0237,0.0000,0.0181,0.000,32.41,32.0,3,2048
69406555,-0.132,-0.132,0.0000,-0.0282,0.0000,0.0027,0.000,32.41,32.0,3,2048
69407610,-0.132,-0.132,0.0000,-0.0847,0.0000,-0.0192,0.000,32.41,32.0,3,2048
69408883,-0.132,-0.132,0.0000,-0.0557,0.0000,0.0093,0.000,32.41,32.0,3,2048
69409575,-0.132,-0.132,0.0000,0.0557,0.0000,-0.0302,0.000,32.41,32.0,3,2048
69410560,-0.132,-0.132,0.0000,-0.0160,0.0000,0.0599,0.000,32.41,32.0,3,2048
69411926,-0.132,-0.132,0.0000,0.0298,0.0000,-0.0159,0.000,32.41,32.0,3,2048
69412559,-0.132,-0.132,0.0000,0.0633,0.0000,-0.0302,0.000,32.41,32.0,3,2048
69413895,-0.132,-0.132,0.0000,0.0679,0.0000,-0.0269,0.000,32.41,32.0,3,2048
69414558,-0.132,-0.132,0.0000,0.0145,0.0000,0.0126,0.000,32.41,32.0,3,2048
69415937,-0.132,-0.132,0.0000,0.0298,0.0000,-0.0236,0.000,32.41,32.0,3,2048
69416556,-0.132,-0.132,0.0000,0.0114,0.0000,0.0027,0.000,32.41,32.0,3,2048
69417576,-0.132,-0.132,0.0000,0.0633,0.0000,-0.0093,0.000,32.41,32.0,3,2048
69418878,-0.132,-0.132,0.0000,0.0374,0.0000,-0.0148,0.000,32.41,32.0,3,2048
69419676,-0.132,-0.132,0.0000,0.0557,0.0000,0.0071,0.000,32.41,32.0,3,2048
69420561,-0.132,-0.132,0.0000,-0.0496,0.0000,0.0159,0.000,32.41,32.0,3,2048
69421554,-0.132,-0.132,0.0000,-0.1228,0.0000,0.0060,0.000,32.41,32.0,3,2048
69422555,-0.132,-0.132,0.0000,-0.1137,0.0000,-0.0236,0.000,32.41,32.0,3,2048
69423882,-0.132,-0.132,0.0000,-0.0648,0.0000,0.0137,0.000,32.41,32.0,3,2048
69424625,-0.132,-0.132,0.0000,-0.0359,0.0000,-0.0247,0.000,32.41,32.0,3,2048
69425622,-0.132,-0.132,0.0000,-0.0221,0.0000,-0.0214,0.000,32.41,32.0,3,2048
69426586,-0.132,-0.132,0.0000,-0.0374,0.0000,-0.0269,0.000,32.41,32.0,3,2048
69427583,-0.132,-0.132,0.0000,-0.0877,0.0000,0.0005,0.000,32.41,32.0,3,2048
69428906,-0.132,-0.132,0.0000,0.0862,0.0000,-0.0126,0.000,32.41,32.0,3,2048
69429636,-0.132,-0.132,0.0000,-0.0832,0.0000,0.0093,0.000,32.41,32.0,3,2048
69430588,-0.132,-0.132,0.0000,0.0526,0.0000,0.0203,0.000,32.41,32.0,3,2048
69431878,-0.132,-0.132,0.0000,-0.1762,0.0000,-0.0093,0.000,32.41,32.0,3,2048
69432616,-0.132,-0.132,0.0000,-0.0557,0.0000,0.0148,0.000,32.41,32.0,3,2048
69433906,-0.132,-0.132,0.0000,-0.0862,0.0000,0.0071,0.000,32.41,32.0,3,2048
69434587,-0.132,-0.132,0.0000,-0.0313,0.0000,0.0104,0.000,32.41,32.0,3,2048
69435907,-0.132,-0.132,0.0000,-0.1244,0.0000,0.0016,0.000,32.41,32.0,3,2048
69436585,-0.132,-0.132,0.0000,-0.0420,0.0000,-0.0192,0.000,32.41,32.0,3,2048
69437585,-0.132,-0.132,0.0000,0.0267,0.0000,0.0148,0.000,32.41,32.0,3,2048
69438901,-0.132,-0.132,0.0000,0.0710,0.0000,-0.0247,0.000,32.41,32.0,3,2048
69439585,-0.132,-0.132,0.0000,0.0267,0.0000,-0.0071,0.000,32.41,32.0,3,2048
69440585,-0.132,-0.132,0.0000,-0.0130,0.0000,-0.0203,0.000,32.41,32.0,3,2048
69441580,-0.132,-0.132,0.0000,-0.1060,0.0000,0.0291,0.000,32.41,32.0,3,2048
69442589,-0.132,-0.132,0.0000,-0.0023,0.0000,0.0027,0.000,32.41,32.0,3,2048
69443886,-0.132,-0.132,0.0000,0.0328,0.0000,-0.0060,0.000,32.41,32.0,3,2048
69444571,-0.132,-0.132,0.0000,-0.0618,0.0000,-0.0236,0.000,32.41,32.0,3,2048
69445608,-0.132,-0.132,0.0000,-0.0099,0.0000,0.0093,0.000,32.41,32.0,3,2048
69446604,-0.132,-0.132,0.0000,0.0023,0.0000,-0.0181,0.000,32.41,32.0,3,2048
69447607,-0.132,-0.132,0.0000,0.0053,0.0000,-0.0027,0.000,32.41,32.0,3,2048
69448887,-0.132,-0.132,0.0000,-0.0114,0.0000,0.0005,0.000,32.41,32.0,3,2048
69449616,-0.132,-0.132,0.0000,0.0572,0.0000,0.0269,0.000,32.41,32.0,3,2048
69450563,-0.132,-0.132,0.0000,-0.0465,0.0000,0.0005,0.000,32.41,32.0,3,2048
69451887,-0.132,-0.132,0.0000,0.0237,0.0000,-0.0269,0.000,32.41,32.0,3,2048
69452556,-0.132,-0.132,0.0000,0.0023,0.0000,0.0335,0.000,32.41,32.0,3,2048
69453927,-0.132,-0.132,0.0000,0.0389,0.0000,0.0302,0.000,32.41,32.0,3,2048
69454563,-0.132,-0.132,0.0000,-0.0221,0.0000,-0.0115,0.000,32.41,32.0,3,2048
69455897,-0.132,-0.132,0.0000,-0.0145,0.0000,0.0049,0.000,32.41,32.0,3,2048
69456559,-0.132,-0.132,0.0000,-0.0206,0.0000,-0.0170,0.000,32.41,32.0,3,2048
69457611,-0.132,-0.132,0.0000,0.0114,0.0000,-0.0137,0.000,32.41,32.0,3,2048
69458888,-0.132,-0.132,0.0000,0.0481,0.0000,0.0181,0.000,32.41,32.0,3,2048
69459575,-0.132,-0.132,0.0000,-0.0908,0.0000,-0.0071,0.000,32.41,32.0,3,2048
69460560,-0.132,-0.132,0.0000,-0.1274,0.0000,-0.0038,0.000,32.41,32.0,3,2048
69461605,-0.132,-0.132,0.0000,0.0114,0.0000,0.0027,0.000,32.41,32.0,3,2048
69462562,-0.132,-0.132,0.0000,-0.0435,0.0000,-0.0159,0.000,32.41,32.0,3,2048
69463896,-0.132,-0.132,0.0000,0.1579,0.0000,0.0005,0.000,32.41,32.0,3,2048
69464558,-0.132,-0.132,0.0000,-0.1350,0.0000,0.0049,0.000,32.41,32.0,3,2048
69465610,-0.132,-0.132,0.0000,-0.0786,0.0000,-0.0071,0.000,32.41,32.0,3,2048
69466562,-0.132,-0.132,0.0000,0.0298,0.0000,-0.0192,0.000,32.41,32.0,3,2048
69467571,-0.132,-0.132,0.0000,-0.0496,0.0000,-0.0071,0.000,32.41,32.0,3,2048
69468881,-0.132,-0.132,0.0000,-0.0298,0.0000,0.0445,0.000,32.41,32.0,3,2048
69469677,-0.132,-0.132,0.0000,-0.1015,0.0000,-0.0104,0.000,32.41,32.0,3,2048
69470561,-0.132,-0.132,0.0000,-0.0648,0.0000,-0.0225,0.000,32.41,32.0,3,2048
69471874,-0.132,-0.132,0.0000,0.0740,0.0000,0.0093,0.000,32.41,32.0,3,2048
69472556,-0.132,-0.132,0.0000,0.0710,0.0000,-0.0049,0.000,32.41,32.0,3,2048
69473881,-0.132,-0.132,0.0000,-0.0343,0.0000,-0.0093,0.000,32.41,32.0,3,2048
69474627,-0.132,-0.132,0.0000,-0.0175,0.0000,0.0071,0.000,32.41,32.0,3,2048
69475912,-0.132,-0.132,0.0000,-0.1411,0.0000,-0.0038,0.000,32.41,32.0,3,2048
69476628,-0.132,-0.132,0.0000,-0.0389,0.0000,-0.0126,0.000,32.41,32.0,3,2048
69477591,-0.132,-0.132,0.0000,0.0023,0.0000,-0.0082,0.000,32.41,32.0,3,2048
69478909,-0.132,-0.132,0.0000,-0.0557,0.0000,-0.0071,0.000,32.41,32.0,3,2048
69479587,-0.132,-0.132,0.0000,0.0038,0.0000,0.0060,0.000,32.41,32.0,3,2048
69480658,-0.132,-0.132,0.0000,-0.0084,0.0000,-0.0060,0.000,32.41,32.0,3,2048
69481556,-0.132,-0.132,0.0000,-0.0969,0.0000,-0.0159,0.000,32.41,32.0,3,2048
69482589,-0.132,-0.132,0.0000,-0.0343,0.0000,0.0214,0.000,32.41,32.0,3,2048
69483930,-0.132,-0.132,0.0000,-0.0557,0.0000,0.0071,0.000,32.41,32.0,3,2048
69484589,-0.132,-0.132,0.0000,0.0420,0.0000,-0.0005,0.000,32.41,32.0,3,2048
69485588,-0.132,-0.132,0.0000,-0.0877,0.0000,-0.0192,0.000,32.41,32.0,3,2048
69486582,-0.132,-0.132,0.0000,-0.0450,0.0000,0.0291,0.000,32.41,32.0,3,2048
69487582,-0.132,-0.132,0.0000,-0.0526,0.0000,0.0247,0.000,32.41,32.0,3,2048
69488901,-0.132,-0.132,0.0000,0.0420,0.0000,-0.0269,0.000,32.41,32.0,3,2048
69489587,-0.132,-0.132,0.0000,0.0114,0.0000,-0.0082,0.000,32.41,32.0,3,2048
69490588,-0.132,-0.132,0.0000,0.0526,0.0000,0.0247,0.000,32.41,32.0,3,2048
69491902,-0.132,-0.132,0.0000,-0.1854,0.0000,0.0005,0.000,32.41,32.0,3,2048
69492588,-0.132,-0.132,0.0000,-0.0130,0.0000,-0.0027,0.000,32.41,32.0,3,2048
69493882,-0.132,-0.132,0.0000,0.0130,0.0000,-0.0038,0.000,32.41,32.0,3,2048
69494564,-0.132,-0.132,0.0000,0.0664,0.0000,-0.0280,0.000,32.41,32.0,3,2048
69495933,-0.132,-0.132,0.0000,0.0862,0.0000,0.0335,0.000,32.41,32.0,3,2048
69496611,-0.132,-0.132,0.0000,-0.0130,0.0000,0.0148,0.000,32.41,32.0,3,2048
69497615,-0.132,-0.132,0.0000,-0.0206,0.0000,-0.0203,0.000,32.41,32.0,3,2048
69498884,-0.132,-0.132,0.0000,-0.0832,0.0000,-0.0115,0.000,32.41,32.0,3,2048
69499620,-0.132,-0.132,0.0000,0.0191,0.0000,-0.0192,0.000,32.41,32.0,3,2048
69500560,-0.132,-0.132,0.0000,0.0175,0.0000,0.0016,0.000,32.41,32.0,3,2048
69501571,-0.132,-0.132,0.0000,0.0252,0.0000,-0.0060,0.000,32.41,32.0,3,2048
69502555,-0.132,-0.132,0.0000,0.0267,0.0000,0.0005,0.000,32.41,32.0,3,2048
69503928,-0.132,-0.132,0.0000,0.0023,0.0000,0.0368,0.000,32.41,32.0,3,2048
69504559,-0.132,-0.132,0.0000,-0.0114,0.0000,-0.0346,0.000,32.41,32.0,3,2048
69505576,-0.132,-0.132,0.0000,-0.0252,0.0000,0.0181,0.000,32.41,32.0,3,2048
69506555,-0.132,-0.132,0.0000,-0.0633,0.0000,0.0159,0.000,32.41,32.0,3,2048
69507610,-0.132,-0.132,0.0000,0.0465,0.0000,-0.0016,0.000,32.41,32.0,3,2048
69508883,-0.132,-0.132,0.0000,0.0725,0.0000,0.0214,0.000,32.41,32.0,3,2048
69509575,-0.132,-0.132,0.0000,-0.0175,0.0000,-0.0203,0.000,32.41,32.0,3,2048
69510560,-0.132,-0.132,0.0000,-0.0191,0.0000,0.0038,0.000,32.41,32.0,3,2048
69511923,-0.132,-0.132,0.0000,0.1122,0.0000,0.0192,0.000,32.41,32.0,3,2048
69512559,-0.132,-0.132,0.0000,-0.0237,0.0000,-0.0016,0.000,32.41,32.0,3,2048
69513895,-0.132,-0.132,0.0000,0.0435,0.0000,0.0082,0.000,32.41,32.0,3,2048
69514558,-0.132,-0.132,0.0000,0.0145,0.0000,0.0115,0.000,32.41,32.0,3,2048
69515938,-0.132,-0.132,0.0000,0.0725,0.0000,-0.0258,0.000,32.41,32.0,3,2048
69516556,-0.132,-0.132,0.0000,-0.0542,0.0000,0.0456,0.000,32.41,32.0,3,2048
69517576,-0.132,-0.132,0.0000,0.1198,0.0000,-0.0247,0.000,32.41,32.0,3,2048
69518876,-0.132,-0.132,0.0000,0.0740,0.0000,0.0181,0.000,32.41,32.0,3,2048
69519676,-0.132,-0.132,0.0000,-0.0877,0.0000,-0.0060,0.000,32.41,32.0,3,2048
69520561,-0.132,-0.132,0.0000,0.0252,0.0000,0.0093,0.000,32.41,32.0,3,2048
69521555,-0.132,-0.132,0.0000,-0.1198,0.0000,-0.0203,0.000,32.41,32.0,3,2048
69522555,-0.132,-0.132,0.0000,0.0130,0.0000,-0.0049,0.000,32.41,32.0,3,2048
69523882,-0.132,-0.132,0.0000,-0.0130,0.0000,-0.0170,0.000,32.41,32.0,3,2048
69524625,-0.132,-0.132,0.0000,0.1274,0.0000,-0.0060,0.000,32.41,32.0,3,2048
69525624,-0.132,-0.132,0.0000,-0.1091,0.0000,0.0159,0.000,32.41,32.0,3,2048
69526584,-0.132,-0.132,0.0000,0.0526,0.0000,0.0005,0.000,32.41,32.0,3,2048
69527584,-0.132,-0.132,0.0000,-0.1060,0.0000,0.0148,0.000,32.41,32.0,3,2048
69528905,-0.132,-0.132,0.0000,0.0832,0.0000,-0.0225,0.000,32.41,32.0,3,2048
69529652,-0.132,-0.132,0.0000,-0.0786,0.0000,0.0236,0.000,32.41,32.0,3,2048
69530561,-0.132,-0.132,0.0000,-0.0923,0.0000,0.0082,0.000,32.41,32.0,3,2048
69531874,-0.132,-0.132,0.0000,0.0282,0.0000,-0.0005,0.000,32.41,32.0,3,2048
69532622,-0.132,-0.132,0.0000,0.0603,0.0000,-0.0401,0.000,32.41,32.0,3,2048
69533907,-0.132,-0.132,0.0000,-0.0328,0.0000,-0.0401,0.000,32.41,32.0,3,2048
69534589,-0.132,-0.132,0.0000,-0.0832,0.0000,0.0016,0.000,32.41,32.0,3,2048
69535910,-0.132,-0.132,0.0000,-0.0069,0.0000,-0.0093,0.000,32.41,32.0,3,2048
69536587,-0.132,-0.132,0.0000,-0.0023,0.0000,-0.0016,0.000,32.41,32.0,3,2048
69537587,-0.132,-0.132,0.0000,-0.0038,0.0000,0.0148,0.000,32.41,32.0,3,2048
69538903,-0.132,-0.132,0.0000,-0.0389,0.0000,-0.0225,0.000,32.41,32.0,3,2048
69539587,-0.132,-0.132,0.0000,0.0359,0.0000,0.0093,0.000,32.41,32.0,3,2048
69540587,-0.132,-0.132,0.0000,0.0572,0.0000,0.0324,0.000,32.41,32.0,3,2048
69541582,-0.132,-0.132,0.0000,-0.0435,0.0000,-0.0368,0.000,32.41,32.0,3,2048
69542586,-0.132,-0.132,0.0000,0.0587,0.0000,-0.0159,0.000,32.41,32.0,3,2048
69543883,-0.132,-0.132,0.0000,-0.0526,0.0000,0.0016,0.000,32.41,32.0,3,2048
69544606,-0.132,-0.132,0.0000,0.0053,0.0000,-0.0181,0.000,32.41,32.0,3,2048
69545611,-0.132,-0.132,0.0000,-0.0618,0.0000,0.0225,0.000,32.41,32.0,3,2048
69546606,-0.132,-0.132,0.0000,0.0237,0.0000,0.0093,0.000,32.41,32.0,3,2048
69547609,-0.132,-0.132,0.0000,-0.0175,0.0000,-0.0148,0.000,32.41,32.0,3,2048
69548882,-0.132,-0.132,0.0000,0.0145,0.0000,-0.0148,0.000,32.41,32.0,3,2048
69549616,-0.132,-0.132,0.0000,0.0938,0.0000,-0.0005,0.000,32.41,32.0,3,2048
69550562,-0.132,-0.110,0.0000,0.1106,0.0000,-0.0291,0.000,32.41,32.0,3,2048
69551886,-0.132,-0.132,0.0000,-0.1595,0.0000,0.0247,0.000,32.41,32.0,3,2048
69552556,-0.132,-0.132,0.0000,0.1442,0.0000,0.0005,0.000,32.41,32.0,3,2048
69553927,-0.132,-0.132,0.0000,0.0816,0.0000,-0.0280,0.000,32.41,32.0,3,2048
69554562,-0.132,-0.132,0.0000,0.0252,0.0000,-0.0126,0.000,32.41,32.0,3,2048
69555898,-0.132,-0.132,0.0000,-0.0893,0.0000,-0.0335,0.000,32.41,32.0,3,2048
69556559,-0.132,-0.132,0.0000,-0.0954,0.0000,0.0060,0.000,32.41,32.0,3,2048
69557612,-0.132,-0.110,0.0000,0.0191,0.0000,0.0170,0.000,32.41,32.0,3,2048
69558887,-0.132,-0.132,0.0000,-0.0130,0.0000,-0.0104,0.000,32.41,32.0,3,2048
69559575,-0.132,-0.132,0.0000,0.0313,0.0000,0.0027,0.000,32.41,32.0,3,2048
69560560,-0.132,-0.132,0.0000,0.0511,0.0000,0.0401,0.000,32.41,32.0,3,2048
69561607,-0.132,-0.132,0.0000,0.0511,0.0000,-0.0346,0.000,32.41,32.0,3,2048
69562561,-0.132,-0.132,0.0000,0.0206,0.0000,-0.0082,0.000,32.41,32.0,3,2048
69563897,-0.132,-0.132,0.0000,-0.0038,0.0000,0.0280,0.000,32.41,32.0,3,2048
69564558,-0.132,-0.132,0.0000,-0.0511,0.0000,0.0258,0.000,32.41,32.0,3,2048
69565612,-0.132,-0.132,0.0000,0.1137,0.0000,0.0060,0.000,32.41,32.0,3,2048
69566561,-0.132,-0.132,0.0000,-0.0374,0.0000,-0.0192,0.000,32.41,32.0,3,2048
69567571,-0.132,-0.132,0.0000,0.0298,0.0000,-0.0302,0.000,32.41,32.0,3,2048
69568882,-0.132,-0.132,0.0000,-0.0450,0.0000,0.0434,0.000,32.41,32.0,3,2048
69569679,-0.132,-0.132,0.0000,-0.0237,0.0000,-0.0280,0.000,32.41,32.0,3,2048
69570561,-0.132,-0.132,0.0000,-0.0206,0.0000,-0.0016,0.000,32.41,32.0,3,2048
69571873,-0.132,-0.132,0.0000,-0.0160,0.0000,-0.0005,0.000,32.41,32.0,3,2048
69572556,-0.132,-0.132,0.0000,0.0435,0.0000,-0.0159,0.000,32.41,32.0,3,2048
69573879,-0.132,-0.132,0.0000,0.0160,0.0000,-0.0214,0.000,32.41,32.0,3,2048
69574626,-0.132,-0.132,0.0000,0.0084,0.0000,0.0159,0.000,32.41,32.0,3,2048
69575911,-0.132,-0.132,0.0000,-0.0511,0.0000,0.0159,0.000,32.41,32.0,3,2048
69576628,-0.132,-0.132,0.0000,0.0313,0.0000,-0.0346,0.000,32.41,32.0,3,2048
69577591,-0.132,-0.132,0.0000,-0.0053,0.0000,0.0137,0.000,32.41,32.0,3,2048
69578906,-0.132,-0.132,0.0000,-0.1564,0.0000,0.0049,0.000,32.41,32.0,3,2048
69579587,-0.132,-0.132,0.0000,-0.0420,0.0000,0.0148,0.000,32.41,32.0,3,2048
69580658,-0.132,-0.132,0.0000,-0.0038,0.0000,-0.0115,0.000,32.41,32.0,3,2048
69581556,-0.132,-0.132,0.0000,0.0328,0.0000,0.0335,0.000,32.41,32.0,3,2048
69582571,-0.132,-0.132,0.0000,0.0298,0.0000,-0.0236,0.000,32.41,32.0,3,2048
69583939,-0.132,-0.132,0.0000,-0.2296,0.0000,-0.0225,0.000,32.41,32.0,3,2048
69584588,-0.132,-0.132,0.0000,0.0999,0.0000,0.0588,0.000,32.41,32.0,3,2048
69585590,-0.132,-0.132,0.0000,0.0145,0.0000,-0.0071,0.000,32.41,32.0,3,2048
69586582,-0.132,-0.132,0.0000,0.0954,0.0000,-0.0027,0.000,32.41,32.0,3,2048
69587582,-0.132,-0.132,0.0000,0.0099,0.0000,0.0181,0.000,32.41,32.0,3,2048
69588901,-0.132,-0.132,0.0000,0.0374,0.0000,0.0082,0.000,32.41,32.0,3,2048
69589588,-0.132,-0.132,0.0000,0.1732,0.0000,0.0093,0.000,32.41,32.0,3,2048
69590589,-0.132,-0.132,0.0000,-0.0603,0.0000,0.0379,0.000,32.41,32.0,3,2048
69591902,-0.132,-0.132,0.0000,0.1488,0.0000,-0.0247,0.000,32.41,32.0,3,2048
69592589,-0.132,-0.132,0.0000,-0.0740,0.0000,0.0192,0.000,32.41,32.0,3,2048
69593882,-0.132,-0.110,0.0000,0.0862,0.0000,0.0313,0.000,32.41,32.0,3,2048
69594557,-0.132,-0.132,0.0000,-0.0450,0.0000,0.0027,0.000,32.41,32.0,3,2048
69595935,-0.132,-0.132,0.0000,0.0618,0.0000,0.0038,0.000,32.41,32.0,3,2048
69596610,-0.132,-0.132,0.0000,0.0877,0.0000,0.0082,0.000,32.41,32.0,3,2048
69597528,-0.132,-0.132,0.0000,-0.0557,0.0000,-0.0423,0.000,32.41,32.0,3,2048
69598884,-0.132,-0.132,0.0000,-0.0282,0.0000,0.0467,0.000,32.41,32.0,3,2048
69599555,-0.132,-0.132,0.0000,0.2174,0.0000,-0.0368,0.000,32.41,32.0,3,2048
69600625,-0.132,-0.132,0.0000,-0.0999,0.0000,0.0181,0.000,32.41,32.0,3,2048
69601555,-0.132,-0.132,0.0000,-0.0511,0.0000,0.0126,0.000,32.41,32.0,3,2048
69602571,-0.132,-0.132,0.0000,-0.0740,0.0000,-0.0049,0.000,32.41,32.0,3,2048
69603883,-0.132,-0.132,0.0000,-0.0237,0.0000,-0.0038,0.000,32.41,32.0,3,2048
69604614,-0.132,-0.132,0.0000,-0.0313,0.0000,0.0027,0.000,32.41,32.0,3,2048
69605560,-0.132,-0.132,0.0000,-0.0542,0.0000,0.0236,0.000,32.41,32.0,3,2048
69606571,-0.132,-0.132,0.0000,0.0786,0.0000,-0.0148,0.000,32.41,32.0,3,2048
69607555,-0.132,-0.132,0.0000,0.0420,0.0000,0.0148,0.000,32.41,32.0,3,2048
69608927,-0.132,-0.132,0.0000,-0.0328,0.0000,0.0357,0.000,32.41,32.0,3,2048
69609559,-0.132,-0.132,0.0000,-0.0084,0.0000,-0.0170,0.000,32.41,32.0,3,2048
69610576,-0.132,-0.132,0.0000,0.0130,0.0000,0.0412,0.000,32.41,32.0,3,2048
69611870,-0.132,-0.132,0.0000,0.0206,0.0000,-0.0335,0.000,32.41,32.0,3,2048
69612611,-0.132,-0.132,0.0000,-0.0221,0.0000,0.0346,0.000,32.41,32.0,3,2048
69613883,-0.132,-0.132,0.0000,0.0145,0.0000,0.0324,0.000,32.41,32.0,3,2048
69614575,-0.132,-0.132,0.0000,0.0755,0.0000,0.0423,0.000,32.41,32.0,3,2048
69615880,-0.132,-0.132,0.0000,0.0816,0.0000,0.0060,0.000,32.41,32.0,3,2048
69616614,-0.132,-0.132,0.0000,0.0664,0.0000,-0.0049,0.000,32.41,32.0,3,2048
69617560,-0.132,-0.132,0.0000,0.0099,0.0000,-0.0346,0.000,32.41,32.0,3,2048
69618899,-0.132,-0.132,0.0000,0.0191,0.0000,0.0291,0.000,32.41,32.0,3,2048
69619555,-0.132,-0.132,0.0000,-0.0465,0.0000,-0.0038,0.000,32.41,32.0,3,2048
69620681,-0.132,-0.132,0.0000,0.1274,0.0000,0.0137,0.000,32.41,32.0,3,2048
69621556,-0.132,-0.132,0.0000,0.0648,0.0000,-0.0698,0.000,32.41,32.0,3,2048
69622555,-0.132,-0.132,0.0000,0.0298,0.0000,0.0291,0.000,32.41,32.0,3,2048
69623882,-0.132,-0.132,0.0000,0.0221,0.0000,0.0236,0.000,32.41,32.0,3,2048
69624556,-0.132,-0.132,0.0000,0.0374,0.0000,0.0060,0.000,32.41,32.0,3,2048
69625628,-0.132,-0.132,0.0000,-0.0175,0.0000,-0.0412,0.000,32.41,32.0,3,2048
69626623,-0.132,-0.132,0.0000,0.0359,0.0000,0.0258,0.000,32.41,32.0,3,2048
69627583,-0.132,-0.132,0.0000,-0.0191,0.0000,-0.0093,0.000,32.41,32.0,3,2048
69628904,-0.132,-0.132,0.0000,-0.0511,0.0000,0.0093,0.000,32.41,32.0,3,2048
69629589,-0.132,-0.132,0.0000,0.1610,0.0000,-0.0368,0.000,32.41,32.0,3,2048
69630658,-0.132,-0.132,0.0000,0.0374,0.0000,0.0115,0.000,32.41,32.0,3,2048
69631875,-0.132,-0.132,0.0000,-0.0786,0.0000,0.0588,0.000,32.41,32.0,3,2048
69632556,-0.132,-0.132,0.0000,-0.0984,0.0000,-0.0577,0.000,32.41,32.0,3,2048
69633939,-0.132,-0.132,0.0000,-0.1381,0.0000,-0.0401,0.000,32.41,32.0,3,2048
69634589,-0.132,-0.132,0.0000,0.0053,0.0000,0.0115,0.000,32.41,32.0,3,2048
69635910,-0.132,-0.132,0.0000,-0.0877,0.0000,-0.0060,0.000,32.41,32.0,3,2048
69636587,-0.132,-0.132,0.0000,0.1228,0.0000,0.0082,0.000,32.41,32.0,3,2048
69637587,-0.132,-0.132,0.0000,0.1167,0.0000,0.0115,0.000,32.41,32.0,3,2048
69638903,-0.132,-0.132,0.0000,0.1350,0.0000,0.0016,0.000,32.41,32.0,3,2048
69639587,-0.132,-0.132,0.0000,-0.1381,0.0000,0.0511,0.000,32.41,32.0,3,2048
69640587,-0.132,-0.132,0.0000,0.0374,0.0000,-0.0489,0.000,32.41,32.0,3,2048
69641582,-0.132,-0.132,0.0000,-0.1106,0.0000,0.0236,0.000,32.41,32.0,3,2048
69642596,-0.132,-0.132,0.0000,0.0023,0.0000,-0.0456,0.000,32.41,32.0,3,2048
69643882,-0.132,-0.132,0.0000,0.0572,0.0000,-0.0016,0.000,32.41,32.0,3,2048
69644556,-0.132,-0.132,0.0000,0.0923,0.0000,0.0060,0.000,32.41,32.0,3,2048
69645613,-0.132,-0.132,0.0000,-0.0038,0.0000,-0.0060,0.000,32.41,32.0,3,2048
69646604,-0.132,-0.132,0.0000,0.0099,0.0000,-0.0192,0.000,32.41,32.0,3,2048
69647523,-0.132,-0.132,0.0000,0.0267,0.0000,-0.0038,0.000,32.41,32.0,3,2048
69648886,-0.132,-0.132,0.0000,0.0175,0.0000,-0.0192,0.000,32.41,32.0,3,2048
69649556,-0.132,-0.132,0.0000,0.0313,0.0000,0.0137,0.000,32.41,32.0,3,2048
69650622,-0.132,-0.132,0.0000,0.0267,0.0000,-0.0203,0.000,32.41,32.0,3,2048
69651874,-0.132,-0.132,0.0000,-0.0374,0.0000,0.0269,0.000,32.41,32.0,3,2048
69652572,-0.132,-0.132,0.0000,-0.0450,0.0000,0.0016,0.000,32.41,32.0,3,2048
69653882,-0.132,-0.132,0.0000,-0.0237,0.0000,0.0148,0.000,32.41,32.0,3,2048
69654611,-0.132,-0.132,0.0000,-0.0557,0.0000,0.0159,0.000,32.41,32.0,3,2048
69655892,-0.132,-0.132,0.0000,-0.0267,0.0000,-0.0126,0.000,32.41,32.0,3,2048
69656571,-0.132,-0.132,0.0000,-0.0603,0.0000,-0.0203,0.000,32.41,32.0,3,2048
69657560,-0.132,-0.132,0.0000,0.0237,0.0000,-0.0016,0.000,32.41,32.0,3,2048
69658929,-0.132,-0.132,0.0000,-0.0191,0.0000,-0.0060,0.000,32.41,32.0,3,2048
69659562,-0.132,-0.132,0.0000,-0.0404,0.0000,0.0049,0.000,32.41,32.0,3,2048
69660576,-0.132,-0.132,0.0000,0.1198,0.0000,0.0159,0.000,32.41,32.0,3,2048
69661555,-0.132,-0.132,0.0000,0.0496,0.0000,0.0357,0.000,32.41,32.0,3,2048
69662608,-0.132,-0.132,0.0000,0.0053,0.0000,-0.0148,0.000,32.41,32.0,3,2048
69663884,-0.132,-0.132,0.0000,-0.0832,0.0000,0.0368,0.000,32.41,32.0,3,2048
69664575,-0.132,-0.132,0.0000,0.0267,0.0000,0.0104,0.000,32.41,32.0,3,2048
69665560,-0.132,-0.132,0.0000,0.0420,0.0000,-0.0060,0.000,32.41,32.0,3,2048
69666608,-0.132,-0.132,0.0000,-0.0740,0.0000,0.0159,0.000,32.41,32.0,3,2048
69667561,-0.132,-0.132,0.0000,-0.0023,0.0000,0.0104,0.000,32.41,32.0,3,2048
69668897,-0.132,-0.132,0.0000,-0.0374,0.0000,-0.0115,0.000,32.41,32.0,3,2048
69669558,-0.132,-0.132,0.0000,0.0542,0.0000,-0.0027,0.000,32.41,32.0,3,2048
69670687,-0.132,-0.132,0.0000,-0.0313,0.0000,-0.0357,0.000,32.41,32.0,3,2048
69671877,-0.132,-0.132,0.0000,0.0893,0.0000,0.0159,0.000,32.41,32.0,3,2048
69672556,-0.132,-0.132,0.0000,0.0435,0.0000,0.0324,0.000,32.41,32.0,3,2048
69673940,-0.132,-0.132,0.0000,0.0465,0.0000,0.0192,0.000,32.41,32.0,3,2048
69674589,-0.132,-0.132,0.0000,0.0832,0.0000,0.0016,0.000,32.41,32.0,3,2048
69675911,-0.132,-0.132,0.0000,-0.1030,0.0000,0.0335,0.000,32.41,32.0,3,2048
69676588,-0.132,-0.132,0.0000,-0.1030,0.0000,0.0016,0.000,32.41,32.0,3,2048
69677587,-0.132,-0.132,0.0000,0.1823,0.0000,-0.0126,0.000,32.41,32.0,3,2048
69678902,-0.132,-0.132,0.0000,-0.0542,0.0000,0.0269,0.000,32.41,32.0,3,2048
69679588,-0.132,-0.132,0.0000,-0.0206,0.0000,-0.0346,0.000,32.41,32.0,3,2048
69680587,-0.132,-0.132,0.0000,-0.0175,0.0000,-0.0324,0.000,32.41,32.0,3,2048
69681583,-0.132,-0.132,0.0000,0.0633,0.0000,0.0258,0.000,32.41,32.0,3,2048
69682595,-0.132,-0.132,0.0000,-0.0648,0.0000,-0.0115,0.000,32.41,32.0,3,2048
69683882,-0.132,-0.132,0.0000,0.0710,0.0000,-0.0159,0.000,32.41,32.0,3,2048
69684557,-0.132,-0.132,0.0000,0.0603,0.0000,0.0379,0.000,32.41,32.0,3,2048
69685612,-0.132,-0.132,0.0000,-0.0877,0.0000,-0.0137,0.000,32.41,32.0,3,2048
69686605,-0.132,-0.132,0.0000,-0.0069,0.0000,0.0247,0.000,32.41,32.0,3,2048
69687578,-0.132,-0.132,0.0000,-0.0160,0.0000,0.0203,0.000,32.41,32.0,3,2048
69688884,-0.132,-0.132,0.0000,0.0114,0.0000,-0.0060,0.000,32.41,32.0,3,2048
69689557,-0.132,-0.110,0.0000,0.0282,0.0000,0.0434,0.000,32.41,32.0,3,2048
69690622,-0.132,-0.132,0.0000,-0.1091,0.0000,-0.0115,0.000,32.41,32.0,3,2048
69691872,-0.132,-0.132,0.0000,0.0175,0.0000,0.0280,0.000,32.41,32.0,3,2048
69692572,-0.132,-0.132,0.0000,-0.0145,0.0000,-0.0302,0.000,32.41,32.0,3,2048
69693882,-0.132,-0.132,0.0000,-0.0542,0.0000,-0.0214,0.000,32.41,32.0,3,2048
69694614,-0.132,-0.132,0.0000,-0.0603,0.0000,0.0203,0.000,32.41,32.0,3,2048
69695887,-0.132,-0.132,0.0000,-0.0359,0.0000,-0.0027,0.000,32.41,32.0,3,2048
69696571,-0.132,-0.132,0.0000,0.0313,0.0000,-0.0324,0.000,32.41,32.0,3,2048
69697560,-0.132,-0.132,0.0000,-0.1030,0.0000,0.0148,0.000,32.41,32.0,3,2048
69698933,-0.132,-0.132,0.0000,0.0938,0.0000,-0.0236,0.000,32.41,32.0,3,2048
69699559,-0.132,-0.132,0.0000,-0.0343,0.0000,0.0291,0.000,32.41,32.0,3,2048
69700576,-0.132,-0.132,0.0000,0.0252,0.0000,-0.0225,0.000,32.41,32.0,3,2048
69701555,-0.132,-0.132,0.0000,-0.0343,0.0000,0.0005,0.000,32.41,32.0,3,2048
69702610,-0.132,-0.132,0.0000,-0.0557,0.0000,-0.0104,0.000,32.41,32.0,3,2048
69703882,-0.132,-0.132,0.0000,-0.0404,0.0000,0.0368,0.000,32.41,32.0,3,2048
69704575,-0.132,-0.132,0.0000,0.0679,0.0000,-0.0126,0.000,32.41,32.0,3,2048
69705560,-0.132,-0.132,0.0000,0.0923,0.0000,0.0104,0.000,32.41,32.0,3,2048
69706610,-0.132,-0.132,0.0000,0.0694,0.0000,0.0203,0.000,32.41,32.0,3,2048
69707558,-0.132,-0.132,0.0000,-0.0526,0.0000,0.0434,0.000,32.41,32.0,3,2048
69708897,-0.132,-0.132,0.0000,0.0053,0.0000,0.0027,0.000,32.41,32.0,3,2048
69709558,-0.132,-0.132,0.0000,0.0313,0.0000,-0.0357,0.000,32.41,32.0,3,2048
69710615,-0.132,-0.132,0.0000,0.0191,0.0000,0.0104,0.000,32.41,32.0,3,2048
69711874,-0.132,-0.132,0.0000,-0.0710,0.0000,0.0071,0.000,32.41,32.0,3,2048
69712572,-0.132,-0.132,0.0000,0.0648,0.0000,-0.0148,0.000,32.41,32.0,3,2048
69713878,-0.132,-0.132,0.0000,0.0404,0.0000,-0.0269,0.000,32.41,32.0,3,2048
69714614,-0.132,-0.132,0.0000,0.0389,0.0000,0.0368,0.000,32.41,32.0,3,2048
69715889,-0.132,-0.132,0.0000,0.0328,0.0000,-0.0027,0.000,32.41,32.0,3,2048
69716571,-0.132,-0.132,0.0000,-0.1030,0.0000,0.0170,0.000,32.41,32.0,3,2048
69717560,-0.132,-0.132,0.0000,0.0313,0.0000,-0.0049,0.000,32.41,32.0,3,2048
69718932,-0.132,-0.132,0.0000,-0.0618,0.0000,0.0159,0.000,32.41,32.0,3,2048
69719559,-0.132,-0.132,0.0000,0.0755,0.0000,-0.0049,0.000,32.41,32.0,3,2048
69720679,-0.132,-0.132,0.0000,-0.0267,0.0000,-0.0225,0.000,32.41,32.0,3,2048
69721556,-0.132,-0.132,0.0000,-0.0008,0.0000,0.0016,0.000,32.41,32.0,3,2048
69722619,-0.132,-0.132,0.0000,0.0175,0.0000,0.0247,0.000,32.41,32.0,3,2048
69723909,-0.132,-0.132,0.0000,-0.0694,0.0000,-0.0016,0.000,32.41,32.0,3,2048
69724589,-0.132,-0.132,0.0000,0.1396,0.0000,-0.0214,0.000,32.41,32.0,3,2048
69725587,-0.132,-0.132,0.0000,0.0160,0.0000,0.0038,0.000,32.41,32.0,3,2048
69726582,-0.132,-0.132,0.0000,-0.1747,0.0000,-0.0104,0.000,32.41,32.0,3,2048
69727582,-0.132,-0.132,0.0000,0.0984,0.0000,0.0324,0.000,32.41,32.0,3,2048
69728903,-0.132,-0.132,0.0000,-0.0694,0.0000,-0.0324,0.000,32.41,32.0,3,2048
69729587,-0.132,-0.132,0.0000,-0.0298,0.0000,0.0148,0.000,32.41,32.0,3,2048
69730587,-0.132,-0.132,0.0000,0.0740,0.0000,0.0192,0.000,32.41,32.0,3,2048
69731909,-0.132,-0.132,0.0000,-0.0679,0.0000,-0.0093,0.000,32.41,32.0,3,2048
69732585,-0.132,-0.132,0.0000,0.0557,0.0000,-0.0104,0.000,32.41,32.0,3,2048
69733878,-0.132,-0.132,0.0000,-0.0221,0.0000,-0.0137,0.000,32.41,32.0,3,2048
69734564,-0.132,-0.132,0.0000,-0.0374,0.0000,-0.0148,0.000,32.41,32.0,3,2048
69735934,-0.132,-0.132,0.0000,-0.1045,0.0000,-0.0324,0.000,32.41,32.0,3,2048
69736611,-0.132,-0.132,0.0000,-0.0038,0.0000,0.0181,0.000,32.41,32.0,3,2048
69737615,-0.132,-0.132,0.0000,-0.0389,0.0000,-0.0060,0.000,32.41,32.0,3,2048
69738885,-0.132,-0.132,0.0000,0.0755,0.0000,-0.0049,0.000,32.41,32.0,3,2048
69739618,-0.132,-0.132,0.0000,-0.0130,0.0000,-0.0181,0.000,32.41,32.0,3,2048
69740561,-0.132,-0.132,0.0000,0.0862,0.0000,0.0192,0.000,32.41,32.0,3,2048
69741571,-0.132,-0.132,0.0000,-0.0816,0.0000,-0.0170,0.000,32.41,32.0,3,2048
69742555,-0.132,-0.132,0.0000,0.0557,0.0000,-0.0115,0.000,32.41,32.0,3,2048
69743927,-0.132,-0.132,0.0000,-0.0099,0.0000,0.0126,0.000,32.41,32.0,3,2048
69744561,-0.132,-0.132,0.0000,0.0191,0.0000,-0.0027,0.000,32.41,32.0,3,2048
69745576,-0.132,-0.132,0.0000,-0.0298,0.0000,0.0005,0.000,32.41,32.0,3,2048
69746555,-0.132,-0.132,0.0000,0.0526,0.0000,-0.0159,0.000,32.41,32.0,3,2048
69747610,-0.132,-0.132,0.0000,0.0526,0.0000,0.0258,0.000,32.41,32.0,3,2048
69748882,-0.132,-0.132,0.0000,-0.0160,0.0000,-0.0291,0.000,32.41,32.0,3,2048
69749575,-0.132,-0.132,0.0000,0.0542,0.0000,-0.0104,0.000,32.41,32.0,3,2048
69750560,-0.132,-0.132,0.0000,-0.0359,0.0000,0.0126,0.000,32.41,32.0,3,2048
69751922,-0.132,-0.132,0.0000,-0.0725,0.0000,0.0016,0.000,32.41,32.0,3,2048
69752561,-0.132,-0.132,0.0000,-0.1610,0.0000,0.0060,0.000,32.41,32.0,3,2048
69753895,-0.132,-0.132,0.0000,-0.1228,0.0000,0.0214,0.000,32.41,32.0,3,2048
69754558,-0.132,-0.132,0.0000,0.1213,0.0000,-0.0192,0.000,32.41,32.0,3,2048
69755936,-0.132,-0.132,0.0000,-0.0862,0.0000,0.0159,0.000,32.41,32.0,3,2048
69756557,-0.132,-0.132,0.0000,-0.0496,0.0000,-0.0126,0.000,32.41,32.0,3,2048
69757576,-0.132,-0.132,0.0000,0.0374,0.0000,-0.0093,0.000,32.41,32.0,3,2048
69758877,-0.132,-0.132,0.0000,0.0862,0.0000,0.0313,0.000,32.41,32.0,3,2048
69759613,-0.132,-0.132,0.0000,0.0664,0.0000,0.0148,0.000,32.41,32.0,3,2048
69760561,-0.132,-0.132,0.0000,0.0481,0.0000,-0.0170,0.000,32.41,32.0,3,2048
69761571,-0.132,-0.132,0.0000,-0.0008,0.0000,0.0291,0.000,32.41,32.0,3,2048
69762555,-0.132,-0.132,0.0000,0.0587,0.0000,-0.0104,0.000,32.41,32.0,3,2048
69763929,-0.132,-0.132,0.0000,-0.1106,0.0000,-0.0093,0.000,32.41,32.0,3,2048
69764559,-0.132,-0.132,0.0000,0.1671,0.0000,-0.0346,0.000,32.41,32.0,3,2048
69765576,-0.132,-0.132,0.0000,-0.0267,0.0000,0.0687,0.000,32.41,32.0,3,2048
69766555,-0.132,-0.132,0.0000,-0.0114,0.0000,-0.0126,0.000,32.41,32.0,3,2048
69767610,-0.132,-0.132,0.0000,-0.0786,0.0000,0.0104,0.000,32.41,32.0,3,2048
69768882,-0.132,-0.132,0.0000,0.0450,0.0000,-0.0148,0.000,32.41,32.0,3,2048
69769575,-0.132,-0.132,0.0000,0.0969,0.0000,0.0313,0.000,32.41,32.0,3,2048
69770560,-0.132,-0.132,0.0000,-0.0130,0.0000,0.0016,0.000,32.41,32.0,3,2048
69771997,-0.132,-0.132,0.0000,-0.0389,0.0000,0.0071,0.000,32.41,32.0,3,2048
69772557,-0.132,-0.132,0.0000,0.1045,0.0000,-0.0038,0.000,32.41,32.0,3,2048
69773882,-0.132,-0.132,0.0000,0.1671,0.0000,-0.0170,0.000,32.41,32.0,3,2048
69774555,-0.132,-0.132,0.0000,0.0587,0.0000,0.0137,0.000,32.41,32.0,3,2048
69775884,-0.132,-0.132,0.0000,-0.0938,0.0000,0.0126,0.000,32.41,32.0,3,2048
69776625,-0.132,-0.132,0.0000,-0.0542,0.0000,-0.0027,0.000,32.41,32.0,3,2048
69777590,-0.132,-0.132,0.0000,0.0084,0.0000,0.0225,0.000,32.41,32.0,3,2048
69778941,-0.132,-0.132,0.0000,0.0175,0.0000,-0.0082,0.000,32.41,32.0,3,2048
69779593,-0.132,-0.132,0.0000,-0.0618,0.0000,0.0291,0.000,32.41,32.0,3,2048
69780591,-0.132,-0.132,0.0000,0.0053,0.0000,0.0236,0.000,32.41,32.0,3,2048
69781583,-0.132,-0.132,0.0000,0.0893,0.0000,-0.0115,0.000,32.41,32.0,3,2048
69782653,-0.132,-0.132,0.0000,-0.0710,0.0000,0.0225,0.000,32.41,32.0,3,2048
69783882,-0.132,-0.132,0.0000,-0.0145,0.0000,0.0137,0.000,32.41,32.0,3,2048
69784562,-0.132,-0.132,0.0000,-0.0252,0.0000,0.0049,0.000,32.41,32.0,3,2048
69785630,-0.132,-0.132,0.0000,0.1106,0.0000,-0.0170,0.000,32.41,32.0,3,2048
69786587,-0.132,-0.132,0.0000,-0.0633,0.0000,0.0478,0.000,32.41,32.0,3,2048
69787582,-0.132,-0.132,0.0000,0.0114,0.0000,-0.0137,0.000,32.41,32.0,3,2048
69788905,-0.132,-0.132,0.0000,-0.0832,0.0000,-0.0071,0.000,32.41,32.0,3,2048
69789585,-0.132,-0.132,0.0000,-0.0038,0.0000,0.0027,0.000,32.41,32.0,3,2048
69790587,-0.132,-0.132,0.0000,-0.0847,0.0000,-0.0236,0.000,32.41,32.0,3,2048
69791900,-0.132,-0.132,0.0000,0.0328,0.0000,0.0027,0.000,32.41,32.0,3,2048
69792584,-0.132,-0.132,0.0000,-0.0465,0.0000,-0.0170,0.000,32.41,32.0,3,2048
69793904,-0.132,-0.132,0.0000,-0.0359,0.0000,-0.0060,0.000,32.41,32.0,3,2048
69794592,-0.132,-0.132,0.0000,0.0832,0.0000,0.0038,0.000,32.41,32.0,3,2048
69795888,-0.132,-0.132,0.0000,0.0908,0.0000,-0.0005,0.000,32.41,32.0,3,2048
69796555,-0.132,-0.132,0.0000,-0.0191,0.0000,-0.0148,0.000,32.41,32.0,3,2048
69797614,-0.132,-0.132,0.0000,-0.0832,0.0000,-0.0049,0.000,32.41,32.0,3,2048
69798923,-0.132,-0.132,0.0000,0.0771,0.0000,-0.0115,0.000,32.41,32.0,3,2048
69799521,-0.132,-0.132,0.0000,-0.0237,0.0000,0.0071,0.000,32.41,32.0,3,2048
69800564,-0.132,-0.132,0.0000,-0.1427,0.0000,0.0093,0.000,32.41,32.0,3,2048
69801555,-0.132,-0.132,0.0000,-0.0420,0.0000,-0.0170,0.000,32.41,32.0,3,2048
69802614,-0.132,-0.132,0.0000,0.0954,0.0000,0.0027,0.000,32.41,32.0,3,2048
69803886,-0.132,-0.132,0.0000,-0.1152,0.0000,0.0192,0.000,32.41,32.0,3,2048
69804574,-0.132,-0.132,0.0000,-0.0313,0.0000,-0.0093,0.000,32.41,32.0,3,2048
69805560,-0.132,-0.132,0.0000,0.0160,0.0000,0.0115,0.000,32.41,32.0,3,2048
69806608,-0.132,-0.132,0.0000,-0.0298,0.0000,-0.0192,0.000,32.41,32.0,3,2048
69807557,-0.132,-0.132,0.0000,0.0023,0.0000,-0.0115,0.000,32.41,32.0,3,2048
69808901,-0.132,-0.132,0.0000,0.0221,0.0000,-0.0005,0.000,32.41,32.0,3,2048
69809557,-0.132,-0.132,0.0000,0.0343,0.0000,0.0038,0.000,32.41,32.0,3,2048
69810613,-0.132,-0.132,0.0000,0.0221,0.0000,0.0269,0.000,32.41,32.0,3,2048
69811873,-0.132,-0.132,0.0000,-0.0237,0.0000,-0.0071,0.000,32.41,32.0,3,2048
69812572,-0.132,-0.132,0.0000,0.0679,0.0000,0.0016,0.000,32.41,32.0,3,2048
69813883,-0.132,-0.132,0.0000,0.0999,0.0000,-0.0038,0.000,32.41,32.0,3,2048
69814610,-0.132,-0.132,0.0000,0.1045,0.0000,0.0258,0.000,32.41,32.0,3,2048
69815889,-0.132,-0.132,0.0000,0.0038,0.0000,0.0159,0.000,32.41,32.0,3,2048
69816571,-0.132,-0.132,0.0000,-0.1030,0.0000,-0.0126,0.000,32.41,32.0,3,2048
69817560,-0.132,-0.132,0.0000,-0.1244,0.0000,0.0060,0.000,32.41,32.0,3,2048
69818927,-0.132,-0.132,0.0000,0.0252,0.0000,-0.0302,0.000,32.41,32.0,3,2048
69819564,-0.132,-0.132,0.0000,-0.0084,0.0000,0.0467,0.000,32.41,32.0,3,2048
69820576,-0.132,-0.132,0.0000,-0.1106,0.0000,-0.0258,0.000,32.41,32.0,3,2048
69821555,-0.132,-0.132,0.0000,0.1213,0.0000,0.0071,0.000,32.41,32.0,3,2048
69822680,-0.132,-0.132,0.0000,0.1152,0.0000,-0.0071,0.000,32.41,32.0,3,2048
69823884,-0.132,-0.132,0.0000,0.0053,0.0000,0.0049,0.000,32.41,32.0,3,2048
69824555,-0.132,-0.132,0.0000,-0.0114,0.0000,-0.0005,0.000,32.41,32.0,3,2048
69825560,-0.132,-0.132,0.0000,-0.0786,0.0000,-0.0170,0.000,32.41,32.0,3,2048
69826555,-0.132,-0.132,0.0000,0.0374,0.0000,0.0005,0.000,32.41,32.0,3,2048
69827626,-0.132,-0.132,0.0000,0.0130,0.0000,0.0005,0.000,32.41,32.0,3,2048
69828942,-0.132,-0.132,0.0000,-0.0908,0.0000,-0.0434,0.000,32.41,32.0,3,2048
69829589,-0.132,-0.132,0.0000,-0.0618,0.0000,0.0401,0.000,32.41,32.0,3,2048
69830590,-0.132,-0.132,0.0000,0.1366,0.0000,-0.0038,0.000,32.41,32.0,3,2048
69831900,-0.132,-0.132,0.0000,-0.0053,0.0000,-0.0049,0.000,32.41,32.0,3,2048
69832656,-0.132,-0.132,0.0000,0.1060,0.0000,0.0313,0.000,32.41,32.0,3,2048
69833883,-0.132,-0.132,0.0000,0.0908,0.0000,0.0060,0.000,32.41,32.0,3,2048
69834554,-0.132,-0.132,0.0000,-0.0237,0.0000,0.0335,0.000,32.41,32.0,3,2048
69835951,-0.132,-0.132,0.0000,-0.0847,0.0000,-0.0291,0.000,32.41,32.0,3,2048
69836589,-0.132,-0.132,0.0000,0.1106,0.0000,0.0324,0.000,32.41,32.0,3,2048
69837588,-0.132,-0.132,0.0000,0.0099,0.0000,-0.0104,0.000,32.41,32.0,3,2048
69838901,-0.132,-0.132,0.0000,-0.0389,0.0000,0.0203,0.000,32.41,32.0,3,2048
69839588,-0.132,-0.132,0.0000,-0.0328,0.0000,-0.0038,0.000,32.41,32.0,3,2048
69840587,-0.132,-0.132,0.0000,-0.0298,0.0000,-0.0082,0.000,32.41,32.0,3,2048
69841582,-0.132,-0.132,0.0000,-0.0603,0.0000,0.0082,0.000,32.41,32.0,3,2048
69842582,-0.132,-0.132,0.0000,0.0328,0.0000,-0.0082,0.000,32.41,32.0,3,2048
69843903,-0.132,-0.132,0.0000,-0.0084,0.0000,0.0148,0.000,32.41,32.0,3,2048
69844588,-0.132,-0.132,0.0000,0.0374,0.0000,0.0269,0.000,32.41,32.0,3,2048
69845593,-0.132,-0.132,0.0000,0.0328,0.0000,0.0071,0.000,32.41,32.0,3,2048
69846557,-0.132,-0.132,0.0000,-0.0267,0.0000,0.0137,0.000,32.41,32.0,3,2048
69847602,-0.132,-0.132,0.0000,0.0557,0.0000,-0.0104,0.000,32.41,32.0,3,2048
69848923,-0.132,-0.132,0.0000,-0.0648,0.0000,-0.0192,0.000,32.41,32.0,3,2048
69849610,-0.132,-0.132,0.0000,0.0664,0.0000,-0.0137,0.000,32.41,32.0,3,2048
69850615,-0.132,-0.132,0.0000,0.0984,0.0000,0.0214,0.000,32.41,32.0,3,2048
69851874,-0.132,-0.132,0.0000,-0.1335,0.0000,-0.0027,0.000,32.41,32.0,3,2048
69852618,-0.132,-0.132,0.0000,-0.0664,0.0000,-0.0115,0.000,32.41,32.0,3,2048
69853883,-0.132,-0.132,0.0000,-0.1289,0.0000,-0.0104,0.000,32.41,32.0,3,2048
69854574,-0.132,-0.132,0.0000,0.0267,0.0000,-0.0060,0.000,32.41,32.0,3,2048
69855885,-0.132,-0.132,0.0000,0.0175,0.0000,-0.0027,0.000,32.41,32.0,3,2048
69856610,-0.132,-0.132,0.0000,0.0114,0.0000,0.0533,0.000,32.41,32.0,3,2048
69857560,-0.132,-0.132,0.0000,0.0664,0.0000,-0.0181,0.000,32.41,32.0,3,2048
69858901,-0.132,-0.132,0.0000,0.0267,0.0000,-0.0104,0.000,32.41,32.0,3,2048
69859557,-0.132,-0.132,0.0000,0.0053,0.0000,0.0203,0.000,32.41,32.0,3,2048
69860615,-0.132,-0.132,0.0000,0.0664,0.0000,-0.0313,0.000,32.41,32.0,3,2048
69861555,-0.132,-0.132,0.0000,-0.0221,0.0000,-0.0016,0.000,32.41,32.0,3,2048
69862571,-0.132,-0.132,0.0000,0.0633,0.0000,0.0335,0.000,32.41,32.0,3,2048
69863883,-0.132,-0.132,0.0000,-0.1045,0.0000,0.0225,0.000,32.41,32.0,3,2048
69864613,-0.132,-0.132,0.0000,0.0877,0.0000,0.0071,0.000,32.41,32.0,3,2048
69865560,-0.132,-0.132,0.0000,-0.0084,0.0000,0.0027,0.000,32.41,32.0,3,2048
69866571,-0.132,-0.132,0.0000,-0.0465,0.0000,0.0005,0.000,32.41,32.0,3,2048
69867555,-0.132,-0.132,0.0000,0.0954,0.0000,0.0071,0.000,32.41,32.0,3,2048
69868929,-0.132,-0.132,0.0000,-0.0618,0.0000,0.0313,0.000,32.41,32.0,3,2048
69869562,-0.132,-0.132,0.0000,0.0755,0.0000,-0.0049,0.000,32.41,32.0,3,2048
69870576,-0.132,-0.132,0.0000,-0.0450,0.0000,0.0170,0.000,32.41,32.0,3,2048
69871868,-0.132,-0.132,0.0000,-0.0053,0.0000,-0.0214,0.000,32.41,32.0,3,2048
69872676,-0.132,-0.132,0.0000,-0.1045,0.0000,-0.0291,0.000,32.41,32.0,3,2048
69873885,-0.132,-0.132,0.0000,-0.1137,0.0000,-0.0170,0.000,32.41,32.0,3,2048
69874554,-0.132,-0.132,0.0000,0.0877,0.0000,0.0313,0.000,32.41,32.0,3,2048
69875884,-0.132,-0.132,0.0000,-0.0008,0.0000,0.0093,0.000,32.41,32.0,3,2048
69876555,-0.132,-0.132,0.0000,0.0710,0.0000,-0.0049,0.000,32.41,32.0,3,2048
69877630,-0.132,-0.132,0.0000,-0.0572,0.0000,0.0093,0.000,32.41,32.0,3,2048
69878908,-0.132,-0.132,0.0000,0.0114,0.0000,0.0401,0.000,32.41,32.0,3,2048
69879628,-0.132,-0.132,0.0000,0.0374,0.0000,-0.0027,0.000,32.41,32.0,3,2048
69880591,-0.132,-0.132,0.0000,0.0618,0.0000,-0.0192,0.000,32.41,32.0,3,2048
69881583,-0.132,-0.132,0.0000,0.0328,0.0000,0.0082,0.000,32.41,32.0,3,2048
69882585,-0.132,-0.132,0.0000,-0.1289,0.0000,-0.0192,0.000,32.41,32.0,3,2048
69883970,-0.132,-0.132,0.0000,-0.0740,0.0000,0.0247,0.000,32.41,32.0,3,2048
69884563,-0.132,-0.132,0.0000,0.1503,0.0000,-0.0302,0.000,32.41,32.0,3,2048
69885560,-0.132,-0.132,0.0000,0.1259,0.0000,0.0104,0.000,32.41,32.0,3,2048
69886620,-0.132,-0.132,0.0000,0.0267,0.0000,-0.0060,0.000,32.41,32.0,3,2048
69887586,-0.132,-0.132,0.0000,-0.0633,0.0000,-0.0049,0.000,32.41,32.0,3,2048
69888902,-0.132,-0.132,0.0000,-0.0496,0.0000,-0.0027,0.000,32.41,32.0,3,2048
69889588,-0.132,-0.132,0.0000,0.1778,0.0000,-0.0104,0.000,32.41,32.0,3,2048
69890587,-0.132,-0.132,0.0000,-0.1869,0.0000,0.0247,0.000,32.41,32.0,3,2048
69891900,-0.132,-0.132,0.0000,0.0801,0.0000,-0.0148,0.000,32.41,32.0,3,2048
69892583,-0.132,-0.132,0.0000,0.1717,0.0000,-0.0192,0.000,32.41,32.0,3,2048
69893903,-0.132,-0.132,0.0000,0.0908,0.0000,-0.0379,0.000,32.41,32.0,3,2048
69894588,-0.132,-0.132,0.0000,0.1762,0.0000,-0.0247,0.000,32.41,32.0,3,2048
69895920,-0.132,-0.132,0.0000,-0.0328,0.0000,0.0313,0.000,32.41,32.0,3,2048
69896558,-0.132,-0.132,0.0000,-0.0664,0.0000,0.0115,0.000,32.41,32.0,3,2048
69897560,-0.132,-0.132,0.0000,-0.0298,0.0000,-0.0104,0.000,32.41,32.0,3,2048
69898925,-0.132,-0.132,0.0000,0.1244,0.0000,0.0104,0.000,32.41,32.0,3,2048
69899609,-0.132,-0.132,0.0000,-0.0175,0.0000,0.0181,0.000,32.41,32.0,3,2048
69900611,-0.132,-0.132,0.0000,-0.0465,0.0000,0.0247,0.000,32.41,32.0,3,2048
69901609,-0.132,-0.132,0.0000,-0.0313,0.0000,-0.0291,0.000,32.41,32.0,3,2048
69902555,-0.132,-0.132,0.0000,0.0389,0.0000,-0.0104,0.000,32.41,32.0,3,2048
69903933,-0.132,-0.132,0.0000,0.0343,0.0000,0.0049,0.000,32.41,32.0,3,2048
69904869,-0.132,-0.132,0.0000,-0.0511,0.0000,-0.0225,0.000,32.41,32.0,3,2048
69905875,-0.132,-0.132,0.0000,0.0801,0.0000,-0.0159,0.000,32.41,32.0,3,2048
69906869,-0.132,-0.132,0.0000,0.1625,0.0000,0.0280,0.000,32.41,32.0,3,2048
69907898,-0.132,-0.132,0.0000,-0.0908,0.0000,0.0302,0.000,32.41,32.0,3,2048
69909200,-0.132,-0.132,0.0000,0.0511,0.0000,0.0027,0.000,32.41,32.0,3,2048
69909877,-0.132,-0.132,0.0000,-0.0053,0.0000,0.0093,0.000,32.41,32.0,3,2048
69910871,-0.132,-0.132,0.0000,0.0725,0.0000,-0.0005,0.000,32.41,32.0,3,2048
69912221,-0.132,-0.132,0.0000,-0.0679,0.0000,0.0082,0.000,32.41,32.0,3,2048
69912562,-0.132,-0.132,0.0000,-0.0542,0.0000,0.0236,0.000,32.41,32.0,3,2048
69913897,-0.132,-0.132,0.0000,0.0252,0.0000,-0.0236,0.000,32.41,32.0,3,2048
69914561,-0.132,-0.132,0.0000,0.0160,0.0000,0.0126,0.000,32.41,32.0,3,2048
69915933,-0.132,-0.132,0.0000,0.0160,0.0000,0.0082,0.000,32.41,32.0,3,2048
69916561,-0.132,-0.132,0.0000,0.0313,0.0000,0.0368,0.000,32.41,32.0,3,2048
69917576,-0.132,-0.132,0.0000,-0.0221,0.0000,-0.0181,0.000,32.41,32.0,3,2048
69918878,-0.132,-0.132,0.0000,0.0542,0.0000,-0.0016,0.000,32.41,32.0,3,2048
69919608,-0.132,-0.132,0.0000,-0.0069,0.0000,0.0082,0.000,32.41,32.0,3,2048
69920562,-0.132,-0.132,0.0000,0.0801,0.0000,-0.0016,0.000,32.41,32.0,3,2048
69921571,-0.132,-0.132,0.0000,0.0099,0.0000,0.0313,0.000,32.41,32.0,3,2048
69922555,-0.132,-0.132,0.0000,-0.0664,0.0000,-0.0060,0.000,32.41,32.0,3,2048
69923998,-0.132,-0.132,0.0000,0.0374,0.0000,0.0049,0.000,32.41,32.0,3,2048
69924562,-0.132,-0.132,0.0000,-0.0359,0.0000,0.0060,0.000,32.41,32.0,3,2048
69925560,-0.132,-0.132,0.0000,0.0481,0.0000,0.0126,0.000,32.41,32.0,3,2048
69926555,-0.132,-0.132,0.0000,-0.0343,0.0000,0.0170,0.000,32.41,32.0,3,2048
69927555,-0.132,-0.132,0.0000,0.0023,0.0000,-0.0302,0.000,32.41,32.0,3,2048
69928943,-0.132,-0.132,0.0000,0.0389,0.0000,0.0489,0.000,32.41,32.0,3,2048
69929625,-0.132,-0.132,0.0000,0.0160,0.0000,-0.0115,0.000,32.41,32.0,3,2048
69930590,-0.132,-0.132,0.0000,-0.0389,0.0000,0.0027,0.000,32.41,32.0,3,2048
69931900,-0.132,-0.132,0.0000,-0.0862,0.0000,-0.0071,0.000,32.41,32.0,3,2048
69932587,-0.132,-0.132,0.0000,0.0191,0.0000,-0.0049,0.000,32.41,32.0,3,2048
69933960,-0.132,-0.132,0.0000,0.0526,0.0000,-0.0126,0.000,32.41,32.0,3,2048
69934592,-0.132,-0.132,0.0000,0.0160,0.0000,0.0148,0.000,32.41,32.0,3,2048
69935888,-0.132,-0.132,0.0000,-0.0618,0.0000,-0.0544,0.000,32.41,32.0,3,2048
69936557,-0.132,-0.132,0.0000,0.0267,0.0000,0.0467,0.000,32.41,32.0,3,2048
69937628,-0.132,-0.132,0.0000,-0.0328,0.0000,-0.0115,0.000,32.41,32.0,3,2048
69938906,-0.132,-0.132,0.0000,0.0984,0.0000,0.0434,0.000,32.41,32.0,3,2048
69939585,-0.132,-0.132,0.0000,0.0801,0.0000,0.0071,0.000,32.41,32.0,3,2048
69940585,-0.132,-0.132,0.0000,-0.0725,0.0000,-0.0225,0.000,32.41,32.0,3,2048
69941580,-0.132,-0.132,0.0000,0.0008,0.0000,0.0137,0.000,32.41,32.0,3,2048
69942580,-0.132,-0.132,0.0000,0.0298,0.0000,-0.0214,0.000,32.41,32.0,3,2048
69943900,-0.132,-0.132,0.0000,-0.0237,0.0000,0.0027,0.000,32.41,32.0,3,2048
69944584,-0.132,-0.132,0.0000,0.0587,0.0000,-0.0060,0.000,32.41,32.0,3,2048
69945585,-0.132,-0.132,0.0000,0.1488,0.0000,-0.0236,0.000,32.41,32.0,3,2048
69946585,-0.132,-0.132,0.0000,-0.0511,0.0000,0.0829,0.000,32.41,32.0,3,2048
69947557,-0.132,-0.132,0.0000,-0.0221,0.0000,0.0335,0.000,32.41,32.0,3,2048
69948920,-0.132,-0.132,0.0000,-0.0847,0.0000,-0.0247,0.000,32.41,32.0,3,2048
69949607,-0.132,-0.132,0.0000,0.0221,0.0000,-0.0203,0.000,32.41,32.0,3,2048
69950610,-0.132,-0.132,0.0000,-0.0664,0.0000,-0.0214,0.000,32.41,32.0,3,2048
69951926,-0.132,-0.132,0.0000,-0.0450,0.0000,-0.0049,0.000,32.41,32.0,3,2048
69952556,-0.132,-0.132,0.0000,0.0984,0.0000,0.0137,0.000,32.41,32.0,3,2048
69953935,-0.132,-0.132,0.0000,0.0801,0.0000,-0.0038,0.000,32.41,32.0,3,2048
69954867,-0.132,-0.132,0.0000,0.0099,0.0000,-0.0049,0.000,32.41,32.0,3,2048
69956196,-0.132,-0.132,0.0000,0.1488,0.0000,-0.0214,0.000,32.41,32.0,3,2048
69956868,-0.132,-0.132,0.0000,-0.1717,0.0000,-0.0148,0.000,32.41,32.0,3,2048
69957899,-0.132,-0.132,0.0000,0.0587,0.0000,0.0247,0.000,32.41,32.0,3,2048
69959199,-0.132,-0.132,0.0000,-0.0542,0.0000,-0.0082,0.000,32.41,32.0,3,2048
69959873,-0.132,-0.132,0.0000,-0.0450,0.0000,0.0038,0.000,32.41,32.0,3,2048
69960867,-0.132,-0.132,0.0000,0.0496,0.0000,0.0027,0.000,32.41,32.0,3,2048
69961901,-0.132,-0.132,0.0000,0.0343,0.0000,-0.0203,0.000,32.41,32.0,3,2048
69962870,-0.132,-0.132,0.0000,-0.0786,0.0000,-0.0104,0.000,32.41,32.0,3,2048
69964201,-0.132,-0.132,0.0000,0.0603,0.0000,0.0170,0.000,32.41,32.0,3,2048
69964869,-0.132,-0.132,0.0000,-0.0099,0.0000,0.0093,0.000,32.41,32.0,3,2048
69965901,-0.132,-0.132,0.0000,-0.0023,0.0000,0.0302,0.000,32.41,32.0,3,2048
69966868,-0.132,-0.132,0.0000,-0.0511,0.0000,0.0027,0.000,32.41,32.0,3,2048
69967874,-0.132,-0.132,0.0000,0.1411,0.0000,-0.0357,0.000,32.41,32.0,3,2048
69969197,-0.132,-0.132,0.0000,0.0984,0.0000,-0.0093,0.000,32.41,32.0,3,2048
69969738,-0.132,-0.132,0.0000,-0.0481,0.0000,0.0236,0.000,32.41,32.0,3,2048
69970891,-0.132,-0.132,0.0000,-0.0084,0.0000,0.0082,0.000,32.41,32.0,3,2048
69972179,-0.132,-0.132,0.0000,-0.0816,0.0000,0.0049,0.000,32.41,32.0,3,2048
69972664,-0.132,-0.132,0.0000,0.0710,0.0000,0.0225,0.000,32.41,32.0,3,2048
69973891,-0.132,-0.132,0.0000,-0.0542,0.0000,0.0016,0.000,32.41,32.0,3,2048
69974562,-0.132,-0.132,0.0000,0.0633,0.0000,-0.0005,0.000,32.41,32.0,3,2048
69975882,-0.132,-0.132,0.0000,-0.0618,0.0000,-0.0115,0.000,32.41,32.0,3,2048
69976557,-0.132,-0.132,0.0000,0.0374,0.0000,0.0038,0.000,32.41,32.0,3,2048
69977597,-0.132,-0.132,0.0000,0.0069,0.0000,0.0313,0.000,32.41,32.0,3,2048
69978926,-0.132,-0.132,0.0000,-0.1030,0.0000,-0.0346,0.000,32.41,32.0,3,2048
69979626,-0.132,-0.132,0.0000,0.0114,0.0000,0.0115,0.000,32.41,32.0,3,2048
69980588,-0.132,-0.132,0.0000,-0.0267,0.0000,0.0060,0.000,32.41,32.0,3,2048
69981585,-0.132,-0.132,0.0000,-0.1060,0.0000,0.0049,0.000,32.41,32.0,3,2048
69982582,-0.132,-0.132,0.0000,0.0587,0.0000,0.0093,0.000,32.41,32.0,3,2048
69983971,-0.132,-0.132,0.0000,-0.1244,0.0000,-0.0126,0.000,32.41,32.0,3,2048
69984563,-0.132,-0.132,0.0000,0.0084,0.0000,-0.0214,0.000,32.41,32.0,3,2048
69985560,-0.132,-0.132,0.0000,0.0374,0.0000,0.0324,0.000,32.41,32.0,3,2048
69986622,-0.132,-0.132,0.0000,-0.0984,0.0000,0.0137,0.000,32.41,32.0,3,2048
69987585,-0.132,-0.132,0.0000,0.1869,0.0000,-0.0280,0.000,32.41,32.0,3,2048
69988902,-0.132,-0.110,0.0000,0.1122,0.0000,0.0038,0.000,32.41,32.0,3,2048
69989588,-0.132,-0.132,0.0000,-0.1167,0.0000,0.0170,0.000,32.41,32.0,3,2048
69990587,-0.132,-0.132,0.0000,-0.0038,0.0000,0.0126,0.000,32.41,32.0,3,2048
69991903,-0.132,-0.132,0.0000,0.0679,0.0000,-0.0126,0.000,32.41,32.0,3,2048
69992583,-0.132,-0.132,0.0000,0.0587,0.0000,-0.0060,0.000,32.41,32.0,3,2048
69993902,-0.132,-0.132,0.0000,0.0175,0.0000,-0.0159,0.000,32.41,32.0,3,2048
69994588,-0.132,-0.132,0.0000,0.0389,0.0000,0.0357,0.000,32.41,32.0,3,2048
69995921,-0.132,-0.132,0.0000,-0.0633,0.0000,0.0137,0.000,32.41,32.0,3,2048
69996557,-0.132,-0.132,0.0000,0.0053,0.0000,-0.0170,0.000,32.41,32.0,3,2048
69997560,-0.132,-0.132,0.0000,0.0999,0.0000,0.0104,0.000,32.41,32.0,3,2048
69998927,-0.132,-0.132,0.0000,-0.2190,0.0000,-0.0170,0.000,32.41,32.0,3,2048
69999610,-0.132,-0.132,0.0000,0.0130,0.0000,0.0291,0.000,32.41,32.0,3,2048
70000577,-0.132,-0.132,0.0000,-0.0221,0.0000,-0.0346,0.000,32.41,32.0,3,2048
70001558,-0.132,-0.132,0.0000,-0.0847,0.0000,0.0137,0.000,32.41,32.0,3,2048
70002555,-0.132,-0.132,0.0000,0.0160,0.0000,-0.0225,0.000,32.41,32.0,3,2048
70003938,-0.132,-0.132,0.0000,-0.1961,0.0000,-0.0115,0.000,32.41,32.0,3,2048
70004562,-0.132,-0.110,0.0000,0.2098,0.0000,0.0060,0.000,32.41,32.0,3,2048
70005576,-0.132,-0.132,0.0000,-0.2174,0.0000,-0.0038,0.000,32.41,32.0,3,2048
70006555,-0.132,-0.132,0.0000,0.2083,0.0000,0.0104,0.000,32.41,32.0,3,2048
70007607,-0.132,-0.132,0.0000,0.0038,0.0000,-0.0005,0.000,32.41,32.0,3,2048
70008883,-0.132,-0.132,0.0000,0.0465,0.0000,-0.0060,0.000,32.41,32.0,3,2048
70009577,-0.132,-0.132,0.0000,0.0038,0.0000,-0.0104,0.000,32.41,32.0,3,2048
70010560,-0.132,-0.132,0.0000,0.0603,0.0000,-0.0236,0.000,32.41,32.0,3,2048
70011921,-0.132,-0.132,0.0000,0.0130,0.0000,0.0247,0.000,32.41,32.0,3,2048
70012559,-0.132,-0.132,0.0000,-0.0572,0.0000,-0.0027,0.000,32.41,32.0,3,2048
70013897,-0.132,-0.132,0.0000,-0.0023,0.0000,0.0016,0.000,32.41,32.0,3,2048
70014561,-0.132,-0.110,0.0000,0.1747,0.0000,0.0269,0.000,32.41,32.0,3,2048
70015935,-0.132,-0.132,0.0000,-0.0816,0.0000,0.0137,0.000,32.41,32.0,3,2048
70016558,-0.132,-0.132,0.0000,0.0847,0.0000,-0.0038,0.000,32.41,32.0,3,2048
70017576,-0.132,-0.132,0.0000,0.0191,0.0000,-0.0082,0.000,32.41,32.0,3,2048
70018876,-0.132,-0.132,0.0000,0.0206,0.0000,0.0357,0.000,32.41,32.0,3,2048
70019610,-0.132,-0.132,0.0000,0.0282,0.0000,-0.0390,0.000,32.41,32.0,3,2048
70020560,-0.132,-0.132,0.0000,0.0008,0.0000,-0.0038,0.000,32.41,32.0,3,2048
70021571,-0.132,-0.132,0.0000,-0.0191,0.0000,0.0159,0.000,32.41,32.0,3,2048
70022555,-0.132,-0.132,0.0000,-0.0542,0.0000,-0.0434,0.000,32.41,32.0,3,2048
70023996,-0.132,-0.132,0.0000,0.0053,0.0000,0.0126,0.000,32.41,32.0,3,2048
70024562,-0.132,-0.132,0.0000,-0.0694,0.0000,-0.0181,0.000,32.41,32.0,3,2048
70025560,-0.132,-0.132,0.0000,-0.0008,0.0000,-0.0159,0.000,32.41,32.0,3,2048
70026555,-0.132,-0.132,0.0000,0.0404,0.0000,-0.0049,0.000,32.41,32.0,3,2048
70027555,-0.132,-0.132,0.0000,-0.0313,0.0000,0.0214,0.000,32.41,32.0,3,2048
70028942,-0.132,-0.132,0.0000,-0.0145,0.0000,0.0082,0.000,32.41,32.0,3,2048
70029609,-0.132,-0.132,0.0000,-0.0587,0.0000,-0.0016,0.000,32.41,32.0,3,2048
70030611,-0.132,-0.132,0.0000,-0.0191,0.0000,0.0027,0.000,32.41,32.0,3,2048
70031903,-0.132,-0.132,0.0000,0.0374,0.0000,-0.0104,0.000,32.41,32.0,3,2048
70032587,-0.132,-0.132,0.0000,-0.0679,0.0000,0.0060,0.000,32.41,32.0,3,2048
70033947,-0.132,-0.132,0.0000,-0.0710,0.0000,0.0214,0.000,32.41,32.0,3,2048
70034634,-0.132,-0.132,0.0000,0.0771,0.0000,-0.0104,0.000,32.41,32.0,3,2048
70035889,-0.132,-0.132,0.0000,0.0130,0.0000,0.0148,0.000,32.41,32.0,3,2048
70036555,-0.132,-0.132,0.0000,0.0710,0.0000,-0.0104,0.000,32.41,32.0,3,2048
70037632,-0.132,-0.132,0.0000,-0.0160,0.0000,0.0137,0.000,32.41,32.0,3,2048
70038907,-0.132,-0.132,0.0000,0.0450,0.0000,-0.0115,0.000,32.41,32.0,3,2048
70039586,-0.132,-0.132,0.0000,0.0069,0.0000,-0.0170,0.000,32.41,32.0,3,2048
70040587,-0.132,-0.132,0.0000,0.0023,0.0000,-0.0247,0.000,32.41,32.0,3,2048
70041582,-0.132,-0.132,0.0000,-0.1350,0.0000,0.0247,0.000,32.41,32.0,3,2048
70042582,-0.132,-0.132,0.0000,-0.0481,0.0000,0.0170,0.000,32.41,32.0,3,2048
70043904,-0.132,-0.132,0.0000,0.0282,0.0000,-0.0027,0.000,32.41,32.0,3,2048
70044585,-0.132,-0.132,0.0000,0.0175,0.0000,-0.0357,0.000,32.41,32.0,3,2048
70045587,-0.132,-0.132,0.0000,0.0877,0.0000,0.0148,0.000,32.41,32.0,3,2048
70046597,-0.132,-0.132,0.0000,-0.1106,0.0000,0.0082,0.000,32.41,32.0,3,2048
70047556,-0.132,-0.132,0.0000,0.0145,0.0000,-0.0280,0.000,32.41,32.0,3,2048
70048920,-0.132,-0.132,0.0000,0.0053,0.0000,-0.0005,0.000,32.41,32.0,3,2048
70049610,-0.132,-0.132,0.0000,-0.0832,0.0000,0.0159,0.000,32.41,32.0,3,2048
70050611,-0.132,-0.132,0.0000,0.1213,0.0000,-0.0016,0.000,32.41,32.0,3,2048
70051926,-0.132,-0.132,0.0000,-0.0450,0.0000,0.0027,0.000,32.41,32.0,3,2048
70052556,-0.132,-0.132,0.0000,0.0252,0.0000,0.0027,0.000,32.41,32.0,3,2048
70053937,-0.132,-0.132,0.0000,0.0114,0.0000,-0.0082,0.000,32.41,32.0,3,2048
70054564,-0.132,-0.132,0.0000,-0.0450,0.0000,0.0137,0.000,32.41,32.0,3,2048
70055898,-0.132,-0.132,0.0000,0.0221,0.0000,-0.0280,0.000,32.41,32.0,3,2048
70056559,-0.132,-0.132,0.0000,0.0023,0.0000,-0.0071,0.000,32.41,32.0,3,2048
70057609,-0.132,-0.132,0.0000,-0.0938,0.0000,-0.0071,0.000,32.41,32.0,3,2048
70058887,-0.132,-0.132,0.0000,0.1549,0.0000,0.0203,0.000,32.41,32.0,3,2048
70059577,-0.132,-0.132,0.0000,0.0252,0.0000,-0.0027,0.000,32.41,32.0,3,2048
70060560,-0.132,-0.132,0.0000,-0.0175,0.0000,0.0148,0.000,32.41,32.0,3,2048
70061604,-0.132,-0.132,0.0000,0.0267,0.0000,-0.0390,0.000,32.41,32.0,3,2048
70062561,-0.132,-0.132,0.0000,-0.0542,0.0000,0.0280,0.000,32.41,32.0,3,2048
70063897,-0.132,-0.132,0.0000,-0.0618,0.0000,0.0027,0.000,32.41,32.0,3,2048
70064561,-0.132,-0.132,0.0000,0.0053,0.0000,-0.0412,0.000,32.41,32.0,3,2048
70065609,-0.132,-0.132,0.0000,0.0282,0.0000,0.0170,0.000,32.41,32.0,3,2048
70066561,-0.132,-0.132,0.0000,-0.0954,0.0000,0.0016,0.000,32.41,32.0,3,2048
70067571,-0.132,-0.132,0.0000,0.0130,0.0000,0.0203,0.000,32.41,32.0,3,2048
70068881,-0.132,-0.132,0.0000,-0.0038,0.0000,-0.0071,0.000,32.41,32.0,3,2048
70069610,-0.132,-0.132,0.0000,-0.0298,0.0000,-0.0104,0.000,32.41,32.0,3,2048
70070562,-0.132,-0.132,0.0000,0.1808,0.0000,-0.0005,0.000,32.41,32.0,3,2048
70071886,-0.132,-0.132,0.0000,0.0603,0.0000,0.0170,0.000,32.41,32.0,3,2048
70072556,-0.132,-0.132,0.0000,0.0237,0.0000,-0.0368,0.000,32.41,32.0,3,2048
70074003,-0.132,-0.132,0.0000,-0.0999,0.0000,-0.0258,0.000,32.41,32.0,3,2048
70074864,-0.132,-0.132,0.0000,0.0496,0.0000,0.0038,0.000,32.41,32.0,3,2048
70076188,-0.132,-0.132,0.0000,-0.1015,0.0000,-0.0060,0.000,32.41,32.0,3,2048
70076866,-0.132,-0.132,0.0000,0.0496,0.0000,0.0225,0.000,32.41,32.0,3,2048
70077946,-0.132,-0.132,0.0000,0.0191,0.0000,0.0148,0.000,32.41,32.0,3,2048
70079243,-0.132,-0.132,0.0000,0.0725,0.0000,-0.0104,0.000,32.41,32.0,3,2048
70079918,-0.132,-0.132,0.0000,-0.1411,0.0000,-0.0071,0.000,32.41,32.0,3,2048
70080915,-0.132,-0.132,0.0000,-0.0160,0.0000,0.0302,0.000,32.41,32.0,3,2048
70081916,-0.132,-0.132,0.0000,-0.1045,0.0000,-0.0203,0.000,32.41,32.0,3,2048
70082916,-0.132,-0.132,0.0000,-0.0648,0.0000,-0.0170,0.000,32.41,32.0,3,2048
70084241,-0.132,-0.132,0.0000,-0.0069,0.0000,-0.0236,0.000,32.41,32.0,3,2048
70084920,-0.132,-0.132,0.0000,0.0252,0.0000,0.0137,0.000,32.41,32.0,3,2048
70085915,-0.132,-0.132,0.0000,0.0404,0.0000,-0.0049,0.000,32.41,32.0,3,2048
70086913,-0.132,-0.132,0.0000,-0.0572,0.0000,0.0170,0.000,32.41,32.0,3,2048
70087915,-0.132,-0.132,0.0000,-0.0084,0.0000,-0.0071,0.000,32.41,32.0,3,2048
70089240,-0.132,-0.132,0.0000,-0.0099,0.0000,-0.0192,0.000,32.41,32.0,3,2048
70089921,-0.132,-0.132,0.0000,-0.0038,0.0000,0.0082,0.000,32.41,32.0,3,2048
70090916,-0.132,-0.132,0.0000,-0.0084,0.0000,-0.0291,0.000,32.41,32.0,3,2048
70092237,-0.132,-0.132,0.0000,-0.0755,0.0000,0.0214,0.000,32.41,32.0,3,2048
70092588,-0.132,-0.132,0.0000,0.0679,0.0000,0.0247,0.000,32.41,32.0,3,2048
70093882,-0.132,-0.132,0.0000,-0.0069,0.0000,-0.0302,0.000,32.41,32.0,3,2048
70094557,-0.132,-0.132,0.0000,0.0938,0.0000,-0.0027,0.000,32.41,32.0,3,2048
70095932,-0.132,-0.132,0.0000,-0.0755,0.0000,-0.0203,0.000,32.41,32.0,3,2048
70096610,-0.132,-0.132,0.0000,0.0435,0.0000,0.0225,0.000,32.41,32.0,3,2048
70097612,-0.132,-0.132,0.0000,-0.0450,0.0000,0.0104,0.000,32.41,32.0,3,2048
70098926,-0.132,-0.132,0.0000,0.1228,0.0000,-0.0027,0.000,32.41,32.0,3,2048
70099559,-0.132,-0.132,0.0000,0.0740,0.0000,-0.0236,0.000,32.41,32.0,3,2048
70100621,-0.132,-0.132,0.0000,-0.1213,0.0000,0.0390,0.000,32.41,32.0,3,2048
70101558,-0.132,-0.132,0.0000,-0.0481,0.0000,-0.0412,0.000,32.41,32.0,3,2048
70102571,-0.132,-0.132,0.0000,-0.0404,0.0000,0.0313,0.000,32.41,32.0,3,2048
70103879,-0.132,-0.132,0.0000,0.0526,0.0000,-0.0005,0.000,32.41,32.0,3,2048
70104614,-0.132,-0.132,0.0000,-0.0008,0.0000,-0.0093,0.000,32.41,32.0,3,2048
70105560,-0.132,-0.132,0.0000,0.0389,0.0000,0.0170,0.000,32.41,32.0,3,2048
70106571,-0.132,-0.132,0.0000,-0.0496,0.0000,0.0247,0.000,32.41,32.0,3,2048
70107555,-0.132,-0.132,0.0000,-0.0221,0.0000,-0.0060,0.000,32.41,32.0,3,2048
70108929,-0.132,-0.132,0.0000,0.0542,0.0000,0.0302,0.000,32.41,32.0,3,2048
70109559,-0.132,-0.132,0.0000,-0.0282,0.0000,0.0027,0.000,32.41,32.0,3,2048
70110576,-0.132,-0.132,0.0000,0.0099,0.0000,0.0104,0.000,32.41,32.0,3,2048
70111870,-0.132,-0.132,0.0000,-0.0404,0.0000,0.0049,0.000,32.41,32.0,3,2048
70112611,-0.132,-0.132,0.0000,0.0450,0.0000,0.0038,0.000,32.41,32.0,3,2048
70113883,-0.132,-0.132,0.0000,0.0145,0.0000,-0.0038,0.000,32.41,32.0,3,2048
70114575,-0.132,-0.132,0.0000,-0.0587,0.0000,-0.0214,0.000,32.41,32.0,3,2048
70115880,-0.132,-0.132,0.0000,0.0252,0.0000,0.0104,0.000,32.41,32.0,3,2048
70116614,-0.132,-0.132,0.0000,0.1122,0.0000,-0.0313,0.000,32.41,32.0,3,2048
70117560,-0.132,-0.132,0.0000,-0.0862,0.0000,0.0302,0.000,32.41,32.0,3,2048
70118899,-0.132,-0.132,0.0000,0.0160,0.0000,-0.0203,0.000,32.41,32.0,3,2048
70119555,-0.132,-0.132,0.0000,0.0267,0.0000,0.0258,0.000,32.41,32.0,3,2048
70120619,-0.132,-0.132,0.0000,0.1091,0.0000,-0.0038,0.000,32.41,32.0,3,2048
70121555,-0.132,-0.132,0.0000,-0.0664,0.0000,0.0324,0.000,32.41,32.0,3,2048
70122571,-0.132,-0.132,0.0000,-0.0923,0.0000,-0.0060,0.000,32.41,32.0,3,2048
70123882,-0.132,-0.132,0.0000,-0.0221,0.0000,0.0115,0.000,32.41,32.0,3,2048
70124675,-0.132,-0.132,0.0000,0.0908,0.0000,-0.0225,0.000,32.41,32.0,3,2048
70125561,-0.132,-0.132,0.0000,-0.0969,0.0000,-0.0115,0.000,32.41,32.0,3,2048
70126555,-0.132,-0.132,0.0000,-0.0099,0.0000,0.0368,0.000,32.41,32.0,3,2048
70127555,-0.132,-0.132,0.0000,-0.0221,0.0000,-0.0214,0.000,32.41,32.0,3,2048
70128882,-0.132,-0.132,0.0000,-0.0069,0.0000,0.0324,0.000,32.41,32.0,3,2048
70129625,-0.132,-0.132,0.0000,0.0435,0.0000,-0.0038,0.000,32.41,32.0,3,2048
70130623,-0.132,-0.132,0.0000,0.0328,0.0000,0.0148,0.000,32.41,32.0,3,2048
70131904,-0.132,-0.132,0.0000,-0.0114,0.0000,-0.0005,0.000,32.41,32.0,3,2048
70132584,-0.132,-0.132,0.0000,-0.0313,0.0000,-0.0203,0.000,32.41,32.0,3,2048
70133907,-0.132,-0.132,0.0000,-0.0374,0.0000,-0.0082,0.000,32.41,32.0,3,2048
70134614,-0.132,-0.132,0.0000,-0.1091,0.0000,-0.0148,0.000,32.41,32.0,3,2048
70135960,-0.132,-0.132,0.0000,0.0267,0.0000,-0.0192,0.000,32.41,32.0,3,2048
70136559,-0.132,-0.132,0.0000,-0.0237,0.0000,-0.0181,0.000,32.41,32.0,3,2048
70137595,-0.132,-0.132,0.0000,-0.0099,0.0000,-0.0038,0.000,32.41,32.0,3,2048
70138935,-0.132,-0.132,0.0000,-0.0008,0.0000,0.0313,0.000,32.41,32.0,3,2048
70139588,-0.132,-0.132,0.0000,0.0786,0.0000,0.0082,0.000,32.41,32.0,3,2048
70140587,-0.132,-0.132,0.0000,0.0237,0.0000,0.0214,0.000,32.41,32.0,3,2048
70141582,-0.132,-0.132,0.0000,0.0847,0.0000,-0.0038,0.000,32.41,32.0,3,2048
70142582,-0.132,-0.132,0.0000,-0.0862,0.0000,0.0060,0.000,32.41,32.0,3,2048
70143902,-0.132,-0.132,0.0000,-0.0038,0.0000,0.0093,0.000,32.41,32.0,3,2048
70144586,-0.132,-0.132,0.0000,-0.0053,0.0000,0.0005,0.000,32.41,32.0,3,2048
70145587,-0.132,-0.132,0.0000,0.0008,0.0000,0.0027,0.000,32.41,32.0,3,2048
70146594,-0.132,-0.132,0.0000,0.0160,0.0000,-0.0280,0.000,32.41,32.0,3,2048
70147573,-0.132,-0.132,0.0000,-0.0847,0.0000,-0.0203,0.000,32.41,32.0,3,2048
70148878,-0.132,-0.132,0.0000,0.0999,0.0000,-0.0126,0.000,32.41,32.0,3,2048
70149606,-0.132,-0.132,0.0000,-0.0908,0.0000,0.0060,0.000,32.41,32.0,3,2048
70150611,-0.132,-0.132,0.0000,-0.0328,0.0000,-0.0126,0.000,32.41,32.0,3,2048
70151923,-0.132,-0.132,0.0000,0.0725,0.0000,-0.0016,0.000,32.41,32.0,3,2048
70152610,-0.132,-0.132,0.0000,-0.0740,0.0000,0.0302,0.000,32.41,32.0,3,2048
70153882,-0.132,-0.132,0.0000,0.0053,0.0000,0.0434,0.000,32.41,32.0,3,2048
70154618,-0.132,-0.132,0.0000,-0.0801,0.0000,-0.0049,0.000,32.41,32.0,3,2048
70155893,-0.132,-0.132,0.0000,-0.0587,0.0000,0.0082,0.000,32.41,32.0,3,2048
70156571,-0.132,-0.132,0.0000,0.0465,0.0000,0.0379,0.000,32.41,32.0,3,2048
70157560,-0.132,-0.132,0.0000,-0.1106,0.0000,-0.0280,0.000,32.41,32.0,3,2048
70158928,-0.132,-0.132,0.0000,0.1045,0.0000,-0.0236,0.000,32.41,32.0,3,2048
70159563,-0.132,-0.132,0.0000,-0.1274,0.0000,0.0335,0.000,32.41,32.0,3,2048
70160576,-0.132,-0.132,0.0000,0.0633,0.0000,0.0203,0.000,32.41,32.0,3,2048
70161555,-0.132,-0.132,0.0000,0.0099,0.0000,-0.0071,0.000,32.41,32.0,3,2048
70162607,-0.132,-0.132,0.0000,0.0008,0.0000,-0.0357,0.000,32.41,32.0,3,2048
70163887,-0.132,-0.132,0.0000,-0.0328,0.0000,0.0269,0.000,32.41,32.0,3,2048
70164575,-0.132,-0.132,0.0000,0.0298,0.0000,-0.0060,0.000,32.41,32.0,3,2048
70165560,-0.132,-0.132,0.0000,-0.0084,0.0000,0.0126,0.000,32.41,32.0,3,2048
70166607,-0.132,-0.132,0.0000,0.0237,0.0000,0.0247,0.000,32.41,32.0,3,2048
70167562,-0.132,-0.132,0.0000,-0.0435,0.0000,-0.0214,0.000,32.41,32.0,3,2048
70168896,-0.132,-0.132,0.0000,-0.0435,0.0000,-0.0214,0.000,32.41,32.0,3,2048
70169558,-0.132,-0.132,0.0000,-0.0099,0.0000,-0.0159,0.000,32.41,32.0,3,2048
70170612,-0.132,-0.132,0.0000,0.0130,0.0000,0.0236,0.000,32.41,32.0,3,2048
70171877,-0.132,-0.132,0.0000,-0.1350,0.0000,0.0159,0.000,32.41,32.0,3,2048
70172572,-0.132,-0.132,0.0000,0.0465,0.0000,0.0269,0.000,32.41,32.0,3,2048
70173879,-0.132,-0.132,0.0000,0.0237,0.0000,0.0159,0.000,32.41,32.0,3,2048
70174676,-0.132,-0.132,0.0000,0.0893,0.0000,0.0159,0.000,32.41,32.0,3,2048
70175891,-0.132,-0.132,0.0000,0.0664,0.0000,0.0324,0.000,32.41,32.0,3,2048
70176556,-0.132,-0.132,0.0000,-0.0694,0.0000,-0.0214,0.000,32.41,32.0,3,2048
70177560,-0.132,-0.132,0.0000,-0.0481,0.0000,0.0093,0.000,32.41,32.0,3,2048
70178876,-0.132,-0.132,0.0000,-0.2373,0.0000,0.0038,0.000,32.41,32.0,3,2048
70179626,-0.132,-0.132,0.0000,0.0694,0.0000,0.0104,0.000,32.41,32.0,3,2048
70180588,-0.132,-0.132,0.0000,0.0694,0.0000,-0.0071,0.000,32.41,32.0,3,2048
70181626,-0.132,-0.132,0.0000,-0.1198,0.0000,0.0401,0.000,32.41,32.0,3,2048
70182584,-0.132,-0.132,0.0000,0.0160,0.0000,-0.0005,0.000,32.41,32.0,3,2048
70183907,-0.132,-0.132,0.0000,-0.0572,0.0000,0.0027,0.000,32.41,32.0,3,2048
70184598,-0.132,-0.132,0.0000,-0.0710,0.0000,-0.0060,0.000,32.41,32.0,3,2048
70185650,-0.132,-0.132,0.0000,-0.0511,0.0000,0.0379,0.000,32.41,32.0,3,2048
70186555,-0.132,-0.132,0.0000,0.0511,0.0000,-0.0071,0.000,32.41,32.0,3,2048
70187625,-0.132,-0.132,0.0000,-0.0282,0.0000,-0.0445,0.000,32.41,32.0,3,2048
70188905,-0.132,-0.132,0.0000,-0.0420,0.0000,0.0060,0.000,32.41,32.0,3,2048
70189587,-0.132,-0.132,0.0000,0.0557,0.0000,0.0126,0.000,32.41,32.0,3,2048
70190587,-0.132,-0.132,0.0000,0.1778,0.0000,0.0247,0.000,32.41,32.0,3,2048
70191901,-0.132,-0.132,0.0000,0.0008,0.0000,-0.0093,0.000,32.41,32.0,3,2048
70192583,-0.132,-0.132,0.0000,-0.0069,0.0000,0.0390,0.000,32.41,32.0,3,2048
70193904,-0.132,-0.132,0.0000,0.0023,0.0000,0.0335,0.000,32.41,32.0,3,2048
70194585,-0.132,-0.132,0.0000,0.0969,0.0000,0.0247,0.000,32.41,32.0,3,2048
70195911,-0.132,-0.132,0.0000,0.0420,0.0000,-0.0599,0.000,32.41,32.0,3,2048
70196585,-0.132,-0.132,0.0000,0.0618,0.0000,0.0489,0.000,32.41,32.0,3,2048
70197602,-0.132,-0.132,0.0000,0.0282,0.0000,0.0225,0.000,32.41,32.0,3,2048
70198882,-0.132,-0.132,0.0000,-0.0237,0.0000,0.0192,0.000,32.41,32.0,3,2048
70199555,-0.132,-0.132,0.0000,0.0084,0.0000,-0.0731,0.000,32.41,32.0,3,2048
70200615,-0.132,-0.132,0.0000,-0.0587,0.0000,0.0093,0.000,32.41,32.0,3,2048
70201607,-0.132,-0.132,0.0000,-0.0191,0.0000,-0.0225,0.000,32.41,32.0,3,2048
70202610,-0.132,-0.132,0.0000,0.0710,0.0000,0.0280,0.000,32.41,32.0,3,2048
70203884,-0.132,-0.132,0.0000,-0.0511,0.0000,0.0060,0.000,32.41,32.0,3,2048
70204621,-0.132,-0.132,0.0000,-0.0710,0.0000,-0.0137,0.000,32.41,32.0,3,2048
70205560,-0.132,-0.132,0.0000,-0.0511,0.0000,-0.0302,0.000,32.41,32.0,3,2048
70206571,-0.132,-0.132,0.0000,-0.0481,0.0000,-0.0082,0.000,32.41,32.0,3,2048
70207555,-0.132,-0.132,0.0000,0.0298,0.0000,-0.0214,0.000,32.41,32.0,3,2048
70208929,-0.132,-0.132,0.0000,-0.0969,0.0000,0.0170,0.000,32.41,32.0,3,2048
70209559,-0.132,-0.132,0.0000,0.0801,0.0000,-0.0071,0.000,32.41,32.0,3,2048
70210576,-0.132,-0.132,0.0000,-0.0084,0.0000,0.0115,0.000,32.41,32.0,3,2048
70211871,-0.132,-0.132,0.0000,-0.0496,0.0000,0.0225,0.000,32.41,32.0,3,2048
70212611,-0.132,-0.132,0.0000,0.0420,0.0000,0.0060,0.000,32.41,32.0,3,2048
70213883,-0.132,-0.132,0.0000,0.0938,0.0000,-0.0071,0.000,32.41,32.0,3,2048
70214575,-0.132,-0.132,0.0000,0.0053,0.0000,-0.0269,0.000,32.41,32.0,3,2048
70215880,-0.132,-0.132,0.0000,0.0084,0.0000,0.0159,0.000,32.41,32.0,3,2048
70216614,-0.132,-0.132,0.0000,0.0801,0.0000,-0.0016,0.000,32.41,32.0,3,2048
70217560,-0.132,-0.132,0.0000,0.0542,0.0000,-0.0170,0.000,32.41,32.0,3,2048
70218899,-0.132,-0.132,0.0000,-0.0847,0.0000,0.0269,0.000,32.41,32.0,3,2048
70219555,-0.132,-0.132,0.0000,0.0267,0.0000,-0.0016,0.000,32.41,32.0,3,2048
70220619,-0.132,-0.132,0.0000,0.0526,0.0000,0.0093,0.000,32.41,32.0,3,2048
70221555,-0.132,-0.132,0.0000,0.0542,0.0000,0.0214,0.000,32.41,32.0,3,2048
70222571,-0.132,-0.132,0.0000,0.1320,0.0000,0.0005,0.000,32.41,32.0,3,2048
70223883,-0.132,-0.132,0.0000,-0.0237,0.0000,0.0247,0.000,32.41,32.0,3,2048
70224657,-0.132,-0.110,0.0000,-0.0099,0.0000,-0.0170,0.000,32.41,32.0,3,2048
70225601,-0.132,-0.110,0.0000,0.0420,0.0000,0.0269,0.000,32.41,32.0,3,2048
70226558,-0.132,-0.132,0.0000,-0.0740,0.0000,0.0335,0.000,32.41,32.0,3,2048
70227616,-0.132,-0.132,0.0000,-0.0771,0.0000,-0.0181,0.000,32.41,32.0,3,2048
70228908,-0.132,-0.132,0.0000,-0.0679,0.0000,-0.0093,0.000,32.41,32.0,3,2048
70229586,-0.132,-0.132,0.0000,-0.0038,0.0000,-0.0247,0.000,32.41,32.0,3,2048
70230586,-0.132,-0.132,0.0000,0.0435,0.0000,0.0170,0.000,32.41,32.0,3,2048
70231898,-0.132,-0.132,0.0000,-0.0710,0.0000,0.0170,0.000,32.41,32.0,3,2048
70232582,-0.132,-0.132,0.0000,-0.0618,0.0000,-0.0203,0.000,32.41,32.0,3,2048
70233902,-0.132,-0.132,0.0000,-0.0679,0.0000,-0.0115,0.000,32.41,32.0,3,2048
70234585,-0.132,-0.132,0.0000,0.0053,0.0000,-0.0126,0.000,32.41,32.0,3,2048
70235908,-0.132,-0.132,0.0000,0.0496,0.0000,0.0159,0.000,32.41,32.0,3,2048
70236584,-0.132,-0.132,0.0000,-0.0313,0.0000,0.0203,0.000,32.41,32.0,3,2048
70237590,-0.132,-0.132,0.0000,0.0023,0.0000,-0.0159,0.000,32.41,32.0,3,2048
70238885,-0.132,-0.132,0.0000,0.0984,0.0000,-0.0005,0.000,32.41,32.0,3,2048
70239604,-0.132,-0.132,0.0000,-0.0618,0.0000,-0.0324,0.000,32.41,32.0,3,2048
70240609,-0.132,-0.132,0.0000,-0.0023,0.0000,0.0412,0.000,32.41,32.0,3,2048
70241605,-0.132,-0.132,0.0000,0.1595,0.0000,-0.0390,0.000,32.41,32.0,3,2048
70242608,-0.132,-0.132,0.0000,0.0557,0.0000,-0.0082,0.000,32.41,32.0,3,2048
70243882,-0.132,-0.132,0.0000,-0.0130,0.0000,0.0269,0.000,32.41,32.0,3,2048
70244622,-0.132,-0.132,0.0000,-0.0740,0.0000,0.0049,0.000,32.41,32.0,3,2048
70245563,-0.132,-0.132,0.0000,0.0450,0.0000,0.0236,0.000,32.41,32.0,3,2048
70246571,-0.132,-0.132,0.0000,-0.0084,0.0000,-0.0060,0.000,32.41,32.0,3,2048
70247555,-0.132,-0.132,0.0000,0.0237,0.0000,-0.0027,0.000,32.41,32.0,3,2048
70248925,-0.132,-0.132,0.0000,-0.0786,0.0000,-0.0379,0.000,32.41,32.0,3,2048
70249563,-0.132,-0.132,0.0000,0.1106,0.0000,0.0214,0.000,32.41,32.0,3,2048
70250576,-0.132,-0.132,0.0000,-0.0053,0.0000,0.0445,0.000,32.41,32.0,3,2048
70251870,-0.132,-0.132,0.0000,-0.0404,0.0000,-0.0368,0.000,32.41,32.0,3,2048
70252607,-0.132,-0.132,0.0000,0.0694,0.0000,-0.0071,0.000,32.41,32.0,3,2048
70253888,-0.132,-0.132,0.0000,0.0267,0.0000,-0.0236,0.000,32.41,32.0,3,2048
70254575,-0.132,-0.132,0.0000,0.1045,0.0000,-0.0093,0.000,32.41,32.0,3,2048
70255880,-0.132,-0.132,0.0000,-0.0664,0.0000,0.0049,0.000,32.41,32.0,3,2048
70256609,-0.132,-0.132,0.0000,0.0053,0.0000,0.0027,0.000,32.41,32.0,3,2048
70257563,-0.132,-0.132,0.0000,0.0862,0.0000,-0.0093,0.000,32.41,32.0,3,2048
70258901,-0.132,-0.132,0.0000,-0.0313,0.0000,-0.0148,0.000,32.41,32.0,3,2048
70259555,-0.132,-0.132,0.0000,0.2098,0.0000,0.0181,0.000,32.41,32.0,3,2048
70260614,-0.132,-0.132,0.0000,-0.0465,0.0000,0.0225,0.000,32.41,32.0,3,2048
70261558,-0.132,-0.132,0.0000,-0.0496,0.0000,0.0148,0.000,32.41,32.0,3,2048
70262571,-0.132,-0.132,0.0000,0.0420,0.0000,0.0060,0.000,32.41,32.0,3,2048
70263885,-0.132,-0.132,0.0000,0.0694,0.0000,-0.0016,0.000,32.41,32.0,3,2048
70264609,-0.132,-0.132,0.0000,-0.0038,0.0000,0.0214,0.000,32.41,32.0,3,2048
70265563,-0.132,-0.132,0.0000,-0.0099,0.0000,0.0093,0.000,32.41,32.0,3,2048
70266571,-0.132,-0.132,0.0000,0.0832,0.0000,-0.0280,0.000,32.41,32.0,3,2048
70267555,-0.132,-0.132,0.0000,0.0160,0.0000,-0.0181,0.000,32.41,32.0,3,2048
70268925,-0.132,-0.132,0.0000,-0.0572,0.0000,0.0632,0.000,32.41,32.0,3,2048
70269563,-0.132,-0.132,0.0000,0.1015,0.0000,-0.0379,0.000,32.41,32.0,3,2048
70270576,-0.132,-0.132,0.0000,-0.0664,0.0000,0.0214,0.000,32.41,32.0,3,2048
70271870,-0.132,-0.132,0.0000,-0.0557,0.0000,0.0060,0.000,32.41,32.0,3,2048
70272607,-0.132,-0.132,0.0000,-0.0114,0.0000,0.0049,0.000,32.41,32.0,3,2048
70273888,-0.132,-0.132,0.0000,0.0008,0.0000,0.0038,0.000,32.41,32.0,3,2048
70274575,-0.132,-0.132,0.0000,-0.1396,0.0000,-0.0016,0.000,32.41,32.0,3,2048
70275880,-0.132,-0.132,0.0000,-0.0511,0.0000,-0.0214,0.000,32.41,32.0,3,2048
70276676,-0.132,-0.132,0.0000,0.0420,0.0000,0.0192,0.000,32.41,32.0,3,2048
70277562,-0.132,-0.132,0.0000,0.0023,0.0000,-0.0247,0.000,32.41,32.0,3,2048
70278882,-0.132,-0.132,0.0000,-0.0801,0.0000,-0.0126,0.000,32.41,32.0,3,2048
70279556,-0.132,-0.132,0.0000,0.0069,0.0000,-0.0335,0.000,32.41,32.0,3,2048
70280560,-0.132,-0.132,0.0000,-0.0465,0.0000,0.0005,0.000,32.41,32.0,3,2048
70281624,-0.132,-0.132,0.0000,0.0191,0.0000,-0.0038,0.000,32.41,32.0,3,2048
70282614,-0.132,-0.132,0.0000,0.0298,0.0000,-0.0027,0.000,32.41,32.0,3,2048
70283912,-0.132,-0.132,0.0000,-0.0313,0.0000,-0.0148,0.000,32.41,32.0,3,2048
70284588,-0.132,-0.132,0.0000,0.0511,0.0000,-0.0412,0.000,32.41,32.0,3,2048
70285591,-0.132,-0.132,0.0000,0.0420,0.0000,0.0291,0.000,32.41,32.0,3,2048
70286631,-0.132,-0.132,0.0000,-0.0206,0.0000,0.0258,0.000,32.41,32.0,3,2048
70287617,-0.132,-0.132,0.0000,-0.0008,0.0000,-0.0280,0.000,32.41,32.0,3,2048
70288879,-0.132,-0.132,0.0000,-0.0252,0.0000,-0.0093,0.000,32.41,32.0,3,2048
70289629,-0.132,-0.132,0.0000,0.0572,0.0000,0.0346,0.000,32.41,32.0,3,2048
70290588,-0.132,-0.132,0.0000,0.1350,0.0000,-0.0137,0.000,32.41,32.0,3,2048
70291903,-0.132,-0.132,0.0000,-0.0237,0.0000,-0.0005,0.000,32.41,32.0,3,2048
70292583,-0.132,-0.132,0.0000,0.0130,0.0000,-0.0203,0.000,32.41,32.0,3,2048
70293904,-0.132,-0.132,0.0000,0.0160,0.0000,-0.0247,0.000,32.41,32.0,3,2048
70294586,-0.132,-0.132,0.0000,-0.0801,0.0000,-0.0148,0.000,32.41,32.0,3,2048
70295910,-0.132,-0.132,0.0000,0.0237,0.0000,0.0137,0.000,32.41,32.0,3,2048
70296586,-0.132,-0.132,0.0000,-0.0267,0.0000,-0.0335,0.000,32.41,32.0,3,2048
70297588,-0.132,-0.132,0.0000,0.0069,0.0000,0.0412,0.000,32.41,32.0,3,2048
70298903,-0.132,-0.132,0.0000,0.0755,0.0000,-0.0291,0.000,32.41,32.0,3,2048
70299601,-0.132,-0.132,0.0000,-0.1228,0.0000,-0.0049,0.000,32.41,32.0,3,2048
70300560,-0.132,-0.132,0.0000,0.1091,0.0000,0.0203,0.000,32.41,32.0,3,2048
70301572,-0.132,-0.132,0.0000,-0.1381,0.0000,-0.0478,0.000,32.41,32.0,3,2048
70302607,-0.132,-0.132,0.0000,0.0587,0.0000,0.0236,0.000,32.41,32.0,3,2048
70303923,-0.132,-0.132,0.0000,-0.0023,0.0000,-0.0082,0.000,32.41,32.0,3,2048
70304614,-0.132,-0.132,0.0000,0.0618,0.0000,0.0291,0.000,32.41,32.0,3,2048
70305563,-0.132,-0.132,0.0000,0.0038,0.0000,0.0236,0.000,32.41,32.0,3,2048
70306620,-0.132,-0.132,0.0000,0.0160,0.0000,0.0071,0.000,32.41,32.0,3,2048
70307555,-0.132,-0.132,0.0000,-0.0145,0.0000,0.0126,0.000,32.41,32.0,3,2048
70308900,-0.132,-0.132,0.0000,0.0038,0.0000,-0.0192,0.000,32.41,32.0,3,2048
70309557,-0.132,-0.132,0.0000,0.0252,0.0000,-0.0159,0.000,32.41,32.0,3,2048
70310615,-0.132,-0.132,0.0000,-0.0328,0.0000,0.0412,0.000,32.41,32.0,3,2048
70311871,-0.132,-0.132,0.0000,-0.0389,0.0000,0.0247,0.000,32.41,32.0,3,2048
70312572,-0.132,-0.132,0.0000,-0.0664,0.0000,0.0027,0.000,32.41,32.0,3,2048
70313883,-0.132,-0.132,0.0000,-0.1015,0.0000,0.0093,0.000,32.41,32.0,3,2048
70314612,-0.132,-0.132,0.0000,-0.0481,0.0000,-0.0104,0.000,32.41,32.0,3,2048
70315888,-0.132,-0.132,0.0000,0.0359,0.0000,0.0203,0.000,32.41,32.0,3,2048
70316571,-0.132,-0.132,0.0000,0.0069,0.0000,0.0115,0.000,32.41,32.0,3,2048
70317560,-0.132,-0.132,0.0000,-0.0191,0.0000,-0.0082,0.000,32.41,32.0,3,2048
70318930,-0.132,-0.132,0.0000,-0.0389,0.0000,-0.0049,0.000,32.41,32.0,3,2048
70319562,-0.132,-0.132,0.0000,0.1076,0.0000,0.0082,0.000,32.41,32.0,3,2048
70320576,-0.132,-0.132,0.0000,0.0526,0.0000,-0.0412,0.000,32.41,32.0,3,2048
70321555,-0.132,-0.132,0.0000,-0.0084,0.0000,0.0368,0.000,32.41,32.0,3,2048
70322607,-0.132,-0.132,0.0000,0.0999,0.0000,-0.0060,0.000,32.41,32.0,3,2048
70323884,-0.132,-0.132,0.0000,-0.0465,0.0000,0.0082,0.000,32.41,32.0,3,2048
70324577,-0.132,-0.132,0.0000,-0.0175,0.0000,-0.0027,0.000,32.41,32.0,3,2048
70325560,-0.132,-0.132,0.0000,-0.0908,0.0000,-0.0027,0.000,32.41,32.0,3,2048
70326607,-0.132,-0.132,0.0000,0.0572,0.0000,-0.0038,0.000,32.41,32.0,3,2048
70327558,-0.132,-0.132,0.0000,-0.1549,0.0000,-0.0291,0.000,32.41,32.0,3,2048
70328992,-0.132,-0.132,0.0000,-0.0359,0.0000,-0.0148,0.000,32.41,32.0,3,2048
70329560,-0.132,-0.132,0.0000,0.0267,0.0000,-0.0093,0.000,32.41,32.0,3,2048
70330560,-0.132,-0.132,0.0000,-0.0725,0.0000,0.0368,0.000,32.41,32.0,3,2048
70331871,-0.132,-0.132,0.0000,-0.1762,0.0000,-0.0060,0.000,32.41,32.0,3,2048
70332556,-0.132,-0.132,0.0000,0.0542,0.0000,0.0071,0.000,32.41,32.0,3,2048
70333944,-0.132,-0.132,0.0000,-0.0160,0.0000,-0.0093,0.000,32.41,32.0,3,2048
70334608,-0.132,-0.132,0.0000,-0.0160,0.0000,0.0291,0.000,32.41,32.0,3,2048
70335936,-0.132,-0.132,0.0000,-0.0572,0.0000,-0.0082,0.000,32.41,32.0,3,2048
70336588,-0.132,-0.132,0.0000,0.0771,0.0000,-0.0236,0.000,32.41,32.0,3,2048
70337591,-0.132,-0.132,0.0000,0.0206,0.0000,-0.0027,0.000,32.41,32.0,3,2048
70338938,-0.132,-0.132,0.0000,0.0450,0.0000,0.0511,0.000,32.41,32.0,3,2048
70339639,-0.132,-0.132,0.0000,-0.0374,0.0000,-0.0302,0.000,32.41,32.0,3,2048
70340560,-0.132,-0.132,0.0000,0.0954,0.0000,0.0060,0.000,32.41,32.0,3,2048
70341594,-0.132,-0.132,0.0000,0.0175,0.0000,0.0093,0.000,32.41,32.0,3,2048
70342608,-0.132,-0.132,0.0000,0.0023,0.0000,0.0115,0.000,32.41,32.0,3,2048
70343905,-0.132,-0.132,0.0000,0.0053,0.0000,0.0258,0.000,32.41,32.0,3,2048
70344586,-0.132,-0.132,0.0000,-0.0114,0.0000,-0.0423,0.000,32.41,32.0,3,2048
70345587,-0.132,-0.132,0.0000,0.0206,0.0000,0.0423,0.000,32.41,32.0,3,2048
70346582,-0.132,-0.132,0.0000,0.0206,0.0000,0.0093,0.000,32.41,32.0,3,2048
70347583,-0.132,-0.132,0.0000,0.0603,0.0000,-0.0060,0.000,32.41,32.0,3,2048
70348903,-0.132,-0.132,0.0000,0.0053,0.0000,-0.0401,0.000,32.41,32.0,3,2048
70349586,-0.132,-0.132,0.0000,0.0633,0.0000,0.0280,0.000,32.41,32.0,3,2048
70350587,-0.132,-0.132,0.0000,0.0435,0.0000,0.0192,0.000,32.41,32.0,3,2048
70351911,-0.132,-0.132,0.0000,0.0420,0.0000,-0.0093,0.000,32.41,32.0,3,2048
70352556,-0.132,-0.132,0.0000,0.0404,0.0000,0.0346,0.000,32.41,32.0,3,2048
70353924,-0.132,-0.132,0.0000,0.0755,0.0000,0.0203,0.000,32.41,32.0,3,2048
70354611,-0.132,-0.132,0.0000,0.0542,0.0000,0.0192,0.000,32.41,32.0,3,2048
70355929,-0.132,-0.132,0.0000,-0.0832,0.0000,0.0005,0.000,32.41,32.0,3,2048
70356608,-0.132,-0.132,0.0000,-0.0450,0.0000,-0.0115,0.000,32.41,32.0,3,2048
70357561,-0.132,-0.132,0.0000,-0.0404,0.0000,0.0159,0.000,32.41,32.0,3,2048
70358883,-0.132,-0.132,0.0000,0.0130,0.0000,-0.0005,0.000,32.41,32.0,3,2048
70359621,-0.132,-0.132,0.0000,0.0603,0.0000,-0.0181,0.000,32.41,32.0,3,2048
70360561,-0.132,-0.132,0.0000,-0.1442,0.0000,-0.0005,0.000,32.41,32.0,3,2048
70361571,-0.132,-0.132,0.0000,-0.0099,0.0000,-0.0016,0.000,32.41,32.0,3,2048
70362555,-0.132,-0.132,0.0000,0.1183,0.0000,0.0159,0.000,32.41,32.0,3,2048
70363928,-0.132,-0.132,0.0000,-0.1717,0.0000,0.0324,0.000,32.41,32.0,3,2048
70364561,-0.132,-0.132,0.0000,0.1076,0.0000,-0.0280,0.000,32.41,32.0,3,2048
70365576,-0.132,-0.132,0.0000,-0.0038,0.0000,-0.0203,0.000,32.41,32.0,3,2048
70366555,-0.132,-0.132,0.0000,0.0374,0.0000,0.0016,0.000,32.41,32.0,3,2048
70367609,-0.132,-0.132,0.0000,-0.0298,0.0000,0.0049,0.000,32.41,32.0,3,2048
70368883,-0.132,-0.132,0.0000,-0.0481,0.0000,-0.0049,0.000,32.41,32.0,3,2048
70369575,-0.132,-0.132,0.0000,0.1534,0.0000,0.0126,0.000,32.41,32.0,3,2048
70370560,-0.132,-0.132,0.0000,0.0145,0.0000,0.0104,0.000,32.41,32.0,3,2048
70371923,-0.132,-0.132,0.0000,-0.0053,0.0000,-0.0159,0.000,32.41,32.0,3,2048
70372561,-0.132,-0.132,0.0000,-0.0969,0.0000,-0.0082,0.000,32.41,32.0,3,2048
70373895,-0.132,-0.132,0.0000,-0.0496,0.0000,0.0060,0.000,32.41,32.0,3,2048
70374558,-0.132,-0.132,0.0000,-0.0832,0.0000,-0.0027,0.000,32.41,32.0,3,2048
70375936,-0.132,-0.132,0.0000,-0.1030,0.0000,0.0390,0.000,32.41,32.0,3,2048
70376557,-0.132,-0.132,0.0000,-0.0404,0.0000,-0.0214,0.000,32.41,32.0,3,2048
70377576,-0.132,-0.132,0.0000,0.0191,0.0000,-0.0324,0.000,32.41,32.0,3,2048
70378877,-0.132,-0.132,0.0000,0.0099,0.0000,0.0027,0.000,32.41,32.0,3,2048
70379672,-0.132,-0.132,0.0000,-0.0099,0.0000,0.0126,0.000,32.41,32.0,3,2048
70380562,-0.132,-0.132,0.0000,0.0481,0.0000,-0.0401,0.000,32.41,32.0,3,2048
70381554,-0.132,-0.132,0.0000,-0.0175,0.0000,0.0291,0.000,32.41,32.0,3,2048
70382555,-0.132,-0.132,0.0000,-0.1244,0.0000,0.0137,0.000,32.41,32.0,3,2048
70383884,-0.132,-0.132,0.0000,-0.0114,0.0000,-0.0082,0.000,32.41,32.0,3,2048
70384625,-0.132,-0.132,0.0000,0.0206,0.0000,0.0137,0.000,32.41,32.0,3,2048
70385623,-0.132,-0.132,0.0000,-0.0023,0.0000,-0.0269,0.000,32.41,32.0,3,2048
70386587,-0.132,-0.132,0.0000,0.0557,0.0000,0.0511,0.000,32.41,32.0,3,2048
70387585,-0.132,-0.110,0.0000,0.1122,0.0000,-0.0115,0.000,32.41,32.0,3,2048
70388906,-0.132,-0.132,0.0000,0.0053,0.0000,-0.0038,0.000,32.41,32.0,3,2048
70389650,-0.132,-0.132,0.0000,0.0618,0.0000,0.0357,0.000,32.41,32.0,3,2048
70390561,-0.132,-0.132,0.0000,-0.0603,0.0000,0.0016,0.000,32.41,32.0,3,2048
70391875,-0.132,-0.132,0.0000,-0.0191,0.0000,-0.0225,0.000,32.41,32.0,3,2048
70392622,-0.132,-0.132,0.0000,-0.0771,0.0000,0.0324,0.000,32.41,32.0,3,2048
70393907,-0.132,-0.132,0.0000,-0.0542,0.0000,0.0313,0.000,32.41,32.0,3,2048
70394589,-0.132,-0.132,0.0000,0.0633,0.0000,-0.0181,0.000,32.41,32.0,3,2048
70395909,-0.132,-0.132,0.0000,0.0328,0.0000,0.0412,0.000,32.41,32.0,3,2048
70396587,-0.132,-0.132,0.0000,-0.0084,0.0000,0.0148,0.000,32.41,32.0,3,2048
70397587,-0.132,-0.132,0.0000,-0.0832,0.0000,-0.0126,0.000,32.41,32.0,3,2048
70398902,-0.132,-0.132,0.0000,0.0221,0.0000,0.0027,0.000,32.41,32.0,3,2048
70399587,-0.132,-0.132,0.0000,0.0404,0.0000,-0.0170,0.000,32.41,32.0,3,2048
70400588,-0.132,-0.132,0.0000,-0.0298,0.0000,-0.0027,0.000,32.41,32.0,3,2048
70401594,-0.132,-0.132,0.0000,-0.0298,0.0000,0.0170,0.000,32.41,32.0,3,2048
70402558,-0.132,-0.132,0.0000,-0.0465,0.0000,-0.0093,0.000,32.41,32.0,3,2048
70403879,-0.132,-0.132,0.0000,-0.0710,0.0000,-0.0192,0.000,32.41,32.0,3,2048
70404608,-0.132,-0.132,0.0000,0.0572,0.0000,0.0060,0.000,32.41,32.0,3,2048
70405611,-0.132,-0.132,0.0000,0.0084,0.0000,-0.0159,0.000,32.41,32.0,3,2048
70406566,-0.132,-0.132,0.0000,0.1167,0.0000,0.0093,0.000,32.41,32.0,3,2048
70407559,-0.132,-0.132,0.0000,-0.0237,0.0000,0.0137,0.000,32.41,32.0,3,2048
70408884,-0.132,-0.132,0.0000,0.0618,0.0000,0.0159,0.000,32.41,32.0,3,2048
70409616,-0.132,-0.132,0.0000,-0.0359,0.0000,-0.0027,0.000,32.41,32.0,3,2048
70410562,-0.132,-0.132,0.0000,-0.0679,0.0000,0.0258,0.000,32.41,32.0,3,2048
70411887,-0.132,-0.132,0.0000,-0.0618,0.0000,-0.0181,0.000,32.41,32.0,3,2048
70412556,-0.132,-0.132,0.0000,-0.0481,0.0000,0.0269,0.000,32.41,32.0,3,2048
70413928,-0.132,-0.132,0.0000,-0.0313,0.0000,0.0225,0.000,32.41,32.0,3,2048
70414562,-0.132,-0.132,0.0000,0.0099,0.0000,0.0247,0.000,32.41,32.0,3,2048
70415897,-0.132,-0.132,0.0000,-0.0557,0.0000,-0.0104,0.000,32.41,32.0,3,2048
70416559,-0.132,-0.132,0.0000,0.0175,0.0000,0.0192,0.000,32.41,32.0,3,2048
70417612,-0.132,-0.132,0.0000,0.0252,0.0000,0.0159,0.000,32.41,32.0,3,2048
70418886,-0.132,-0.132,0.0000,0.1030,0.0000,0.0192,0.000,32.41,32.0,3,2048
70419575,-0.132,-0.132,0.0000,-0.0481,0.0000,0.0093,0.000,32.41,32.0,3,2048
70420560,-0.132,-0.132,0.0000,-0.0175,0.0000,0.0368,0.000,32.41,32.0,3,2048
70421607,-0.132,-0.132,0.0000,0.0130,0.0000,-0.0258,0.000,32.41,32.0,3,2048
70422561,-0.132,-0.132,0.0000,0.0206,0.0000,0.0126,0.000,32.41,32.0,3,2048
70423897,-0.132,-0.132,0.0000,-0.0648,0.0000,0.0082,0.000,32.41,32.0,3,2048
70424558,-0.132,-0.132,0.0000,0.0587,0.0000,0.0005,0.000,32.41,32.0,3,2048
70425612,-0.132,-0.132,0.0000,0.0175,0.0000,0.0082,0.000,32.41,32.0,3,2048
70426561,-0.132,-0.132,0.0000,0.0435,0.0000,-0.0170,0.000,32.41,32.0,3,2048
70427571,-0.132,-0.132,0.0000,0.0969,0.0000,-0.0027,0.000,32.41,32.0,3,2048
70428882,-0.132,-0.132,0.0000,0.0481,0.0000,0.0335,0.000,32.41,32.0,3,2048
70429680,-0.132,-0.132,0.0000,0.0145,0.0000,-0.0005,0.000,32.41,32.0,3,2048
70430561,-0.132,-0.132,0.0000,-0.0816,0.0000,-0.0148,0.000,32.41,32.0,3,2048
70431873,-0.132,-0.132,0.0000,-0.0526,0.0000,0.0181,0.000,32.41,32.0,3,2048
70432556,-0.132,-0.132,0.0000,0.1503,0.0000,-0.0247,0.000,32.41,32.0,3,2048
70433879,-0.132,-0.132,0.0000,0.1228,0.0000,-0.0434,0.000,32.41,32.0,3,2048
70434625,-0.132,-0.132,0.0000,0.0038,0.0000,0.0126,0.000,32.41,32.0,3,2048
70435911,-0.132,-0.132,0.0000,0.0282,0.0000,0.0203,0.000,32.41,32.0,3,2048
70436628,-0.132,-0.132,0.0000,0.0023,0.0000,-0.0181,0.000,32.41,32.0,3,2048
70437590,-0.132,-0.132,0.0000,0.0114,0.0000,0.0214,0.000,32.41,32.0,3,2048
70438906,-0.132,-0.132,0.0000,-0.0572,0.0000,-0.0137,0.000,32.41,32.0,3,2048
70439587,-0.132,-0.132,0.0000,0.1457,0.0000,-0.0269,0.000,32.41,32.0,3,2048
70440659,-0.132,-0.132,0.0000,0.0420,0.0000,0.0379,0.000,32.41,32.0,3,2048
70441556,-0.132,-0.132,0.0000,0.0328,0.0000,-0.0170,0.000,32.41,32.0,3,2048
70442590,-0.132,-0.132,0.0000,0.0252,0.0000,0.0445,0.000,32.41,32.0,3,2048
70443930,-0.132,-0.132,0.0000,-0.0313,0.0000,-0.0170,0.000,32.41,32.0,3,2048
70444589,-0.132,-0.132,0.0000,-0.0679,0.0000,0.0137,0.000,32.41,32.0,3,2048
70445588,-0.132,-0.132,0.0000,-0.0389,0.0000,-0.0225,0.000,32.41,32.0,3,2048
70446582,-0.132,-0.132,0.0000,0.0816,0.0000,0.0027,0.000,32.41,32.0,3,2048
70447582,-0.132,-0.132,0.0000,-0.1274,0.0000,-0.0049,0.000,32.41,32.0,3,2048
70448902,-0.132,-0.132,0.0000,-0.0282,0.0000,0.0181,0.000,32.41,32.0,3,2048
70449587,-0.132,-0.132,0.0000,0.0557,0.0000,-0.0368,0.000,32.41,32.0,3,2048
70450587,-0.132,-0.132,0.0000,0.0069,0.0000,-0.0126,0.000,32.41,32.0,3,2048
70451900,-0.132,-0.132,0.0000,-0.0679,0.0000,0.0225,0.000,32.41,32.0,3,2048
70452590,-0.132,-0.132,0.0000,-0.0847,0.0000,-0.0159,0.000,32.41,32.0,3,2048
70453881,-0.132,-0.132,0.0000,-0.0908,0.0000,-0.0093,0.000,32.41,32.0,3,2048
70454557,-0.132,-0.132,0.0000,-0.0893,0.0000,-0.0082,0.000,32.41,32.0,3,2048
70455935,-0.132,-0.132,0.0000,0.0633,0.0000,-0.0247,0.000,32.41,32.0,3,2048
70456610,-0.132,-0.132,0.0000,0.1442,0.0000,0.0093,0.000,32.41,32.0,3,2048
70457483,-0.132,-0.132,0.0000,-0.0237,0.0000,0.0104,0.000,32.41,32.0,3,2048
70458885,-0.132,-0.132,0.0000,-0.0130,0.0000,-0.0104,0.000,32.41,32.0,3,2048
70459555,-0.132,-0.132,0.0000,-0.0206,0.0000,0.0115,0.000,32.41,32.0,3,2048
70460625,-0.132,-0.132,0.0000,-0.0313,0.0000,-0.0093,0.000,32.41,32.0,3,2048
70461555,-0.132,-0.132,0.0000,-0.0893,0.0000,0.0016,0.000,32.41,32.0,3,2048
70462571,-0.132,-0.132,0.0000,0.1137,0.0000,0.0401,0.000,32.41,32.0,3,2048
70463883,-0.132,-0.132,0.0000,-0.0084,0.0000,-0.0093,0.000,32.41,32.0,3,2048
70464614,-0.132,-0.132,0.0000,0.1106,0.0000,0.0038,0.000,32.41,32.0,3,2048
70465560,-0.132,-0.132,0.0000,-0.1213,0.0000,0.0214,0.000,32.41,32.0,3,2048
70466571,-0.132,-0.132,0.0000,-0.0282,0.0000,-0.0214,0.000,32.41,32.0,3,2048
70467555,-0.132,-0.132,0.0000,0.0710,0.0000,-0.0137,0.000,32.41,32.0,3,2048
70468928,-0.132,-0.132,0.0000,0.0786,0.0000,0.0071,0.000,32.41,32.0,3,2048
70469559,-0.132,-0.132,0.0000,-0.0587,0.0000,0.0335,0.000,32.41,32.0,3,2048
70470576,-0.132,-0.132,0.0000,-0.0618,0.0000,-0.0071,0.000,32.41,32.0,3,2048
70471868,-0.132,-0.132,0.0000,0.0282,0.0000,-0.0093,0.000,32.41,32.0,3,2048
70472611,-0.132,-0.132,0.0000,0.1183,0.0000,0.0159,0.000,32.41,32.0,3,2048
70473883,-0.132,-0.132,0.0000,0.1991,0.0000,0.0049,0.000,32.41,32.0,3,2048
70474575,-0.132,-0.132,0.0000,-0.0587,0.0000,-0.0236,0.000,32.41,32.0,3,2048
70475880,-0.132,-0.132,0.0000,-0.0252,0.0000,0.0236,0.000,32.41,32.0,3,2048
70476614,-0.132,-0.132,0.0000,0.0526,0.0000,-0.0016,0.000,32.41,32.0,3,2048
70477560,-0.132,-0.132,0.0000,0.0130,0.0000,-0.0104,0.000,32.41,32.0,3,2048
70478899,-0.132,-0.132,0.0000,-0.0374,0.0000,-0.0214,0.000,32.41,32.0,3,2048
70479555,-0.132,-0.132,0.0000,0.0725,0.0000,0.0104,0.000,32.41,32.0,3,2048
70480680,-0.132,-0.132,0.0000,0.0053,0.0000,0.0137,0.000,32.41,32.0,3,2048
70481556,-0.132,-0.132,0.0000,-0.0160,0.0000,-0.0214,0.000,32.41,32.0,3,2048
70482555,-0.132,-0.132,0.0000,0.1152,0.0000,-0.0137,0.000,32.41,32.0,3,2048
70483882,-0.132,-0.132,0.0000,0.0206,0.0000,0.0368,0.000,32.41,32.0,3,2048
70484556,-0.132,-0.132,0.0000,-0.1152,0.0000,0.0115,0.000,32.41,32.0,3,2048
70485629,-0.132,-0.132,0.0000,-0.0252,0.0000,-0.0170,0.000,32.41,32.0,3,2048
70486622,-0.132,-0.132,0.0000,0.0114,0.0000,-0.0280,0.000,32.41,32.0,3,2048
70487585,-0.132,-0.132,0.0000,0.0389,0.0000,0.0379,0.000,32.41,32.0,3,2048
70488905,-0.132,-0.132,0.0000,-0.0069,0.0000,-0.0412,0.000,32.41,32.0,3,2048
70489588,-0.132,-0.132,0.0000,0.0481,0.0000,0.0060,0.000,32.41,32.0,3,2048
70490657,-0.132,-0.132,0.0000,-0.0084,0.0000,0.0478,0.000,32.41,32.0,3,2048
70491876,-0.132,-0.132,0.0000,-0.0542,0.0000,-0.0192,0.000,32.41,32.0,3,2048
70492556,-0.132,-0.132,0.0000,-0.0282,0.0000,-0.0203,0.000,32.41,32.0,3,2048
70493941,-0.132,-0.132,0.0000,-0.0587,0.0000,-0.0192,0.000,32.41,32.0,3,2048
70494589,-0.132,-0.132,0.0000,0.0038,0.0000,-0.0434,0.000,32.41,32.0,3,2048
70495912,-0.132,-0.132,0.0000,0.0038,0.0000,0.0027,0.000,32.41,32.0,3,2048
70496587,-0.132,-0.132,0.0000,-0.0374,0.0000,0.0104,0.000,32.41,32.0,3,2048
70497587,-0.132,-0.132,0.0000,0.0710,0.0000,0.0082,0.000,32.41,32.0,3,2048
70498902,-0.132,-0.132,0.0000,-0.0252,0.0000,0.0225,0.000,32.41,32.0,3,2048
70499587,-0.132,-0.132,0.0000,-0.1747,0.0000,0.0104,0.000,32.41,32.0,3,2048
70500587,-0.132,-0.132,0.0000,0.0862,0.0000,-0.0313,0.000,32.41,32.0,3,2048
70501583,-0.132,-0.132,0.0000,0.1183,0.0000,-0.0203,0.000,32.41,32.0,3,2048
70502595,-0.132,-0.132,0.0000,-0.0298,0.0000,-0.0181,0.000,32.41,32.0,3,2048
70503883,-0.132,-0.132,0.0000,0.1228,0.0000,0.0269,0.000,32.41,32.0,3,2048
70504556,-0.132,-0.132,0.0000,-0.1442,0.0000,-0.0192,0.000,32.41,32.0,3,2048
70505611,-0.132,-0.132,0.0000,-0.0252,0.0000,0.0236,0.000,32.41,32.0,3,2048
70506605,-0.132,-0.132,0.0000,0.0435,0.0000,-0.0159,0.000,32.41,32.0,3,2048
70507608,-0.132,-0.132,0.0000,0.0053,0.0000,0.0016,0.000,32.41,32.0,3,2048
70508886,-0.132,-0.132,0.0000,0.0496,0.0000,0.0027,0.000,32.41,32.0,3,2048
70509617,-0.132,-0.132,0.0000,-0.0389,0.0000,-0.0159,0.000,32.41,32.0,3,2048
70510562,-0.132,-0.132,0.0000,0.0099,0.0000,-0.0027,0.000,32.41,32.0,3,2048
70511886,-0.132,-0.132,0.0000,0.0099,0.0000,0.0005,0.000,32.41,32.0,3,2048
70512556,-0.132,-0.132,0.0000,0.0923,0.0000,0.0324,0.000,32.41,32.0,3,2048
70513925,-0.132,-0.132,0.0000,0.1518,0.0000,0.0115,0.000,32.41,32.0,3,2048
70514562,-0.132,-0.132,0.0000,0.0298,0.0000,0.0049,0.000,32.41,32.0,3,2048
70515898,-0.132,-0.132,0.0000,-0.1305,0.0000,-0.0093,0.000,32.41,32.0,3,2048
70516559,-0.132,-0.132,0.0000,0.1228,0.0000,0.0071,0.000,32.41,32.0,3,2048
70517613,-0.132,-0.132,0.0000,0.0145,0.0000,-0.0115,0.000,32.41,32.0,3,2048
70518885,-0.132,-0.132,0.0000,-0.0450,0.0000,0.0467,0.000,32.41,32.0,3,2048
70519575,-0.132,-0.132,0.0000,0.0374,0.0000,-0.0137,0.000,32.41,32.0,3,2048
70520560,-0.132,-0.132,0.0000,0.0298,0.0000,0.0005,0.000,32.41,32.0,3,2048
70521608,-0.132,-0.132,0.0000,-0.0206,0.0000,0.0082,0.000,32.41,32.0,3,2048
70522561,-0.132,-0.132,0.0000,0.0023,0.0000,-0.0093,0.000,32.41,32.0,3,2048
70523897,-0.132,-0.132,0.0000,0.0313,0.0000,-0.0060,0.000,32.41,32.0,3,2048
70524558,-0.132,-0.132,0.0000,0.0237,0.0000,0.0005,0.000,32.41,32.0,3,2048
70525613,-0.132,-0.132,0.0000,-0.0069,0.0000,-0.0005,0.000,32.41,32.0,3,2048
70526561,-0.132,-0.132,0.0000,-0.1060,0.0000,-0.0291,0.000,32.41,32.0,3,2048
70527571,-0.132,-0.132,0.0000,0.0740,0.0000,0.0148,0.000,32.41,32.0,3,2048
70528879,-0.132,-0.132,0.0000,-0.0648,0.0000,0.0214,0.000,32.41,32.0,3,2048
70529679,-0.132,-0.132,0.0000,0.1778,0.0000,-0.0060,0.000,32.41,32.0,3,2048
70530561,-0.132,-0.132,0.0000,-0.0343,0.0000,-0.0148,0.000,32.41,32.0,3,2048
70531874,-0.132,-0.132,0.0000,-0.0771,0.0000,0.0313,0.000,32.41,32.0,3,2048
70532556,-0.132,-0.132,0.0000,0.0206,0.0000,0.0016,0.000,32.41,32.0,3,2048
70533880,-0.132,-0.132,0.0000,0.0069,0.0000,0.0093,0.000,32.41,32.0,3,2048
70534626,-0.132,-0.132,0.0000,0.0221,0.0000,0.0137,0.000,32.41,32.0,3,2048
70535912,-0.132,-0.132,0.0000,0.0420,0.0000,-0.0225,0.000,32.41,32.0,3,2048
70536628,-0.132,-0.132,0.0000,-0.0420,0.0000,-0.0368,0.000,32.41,32.0,3,2048
70537590,-0.132,-0.132,0.0000,-0.1488,0.0000,0.0401,0.000,32.41,32.0,3,2048
70538907,-0.132,-0.132,0.0000,0.0099,0.0000,-0.0137,0.000,32.41,32.0,3,2048
70539587,-0.132,-0.132,0.0000,-0.0435,0.0000,0.0467,0.000,32.41,32.0,3,2048
70540659,-0.132,-0.132,0.0000,-0.0175,0.0000,-0.0049,0.000,32.41,32.0,3,2048
70541556,-0.132,-0.132,0.0000,-0.0175,0.0000,-0.0236,0.000,32.41,32.0,3,2048
70542590,-0.132,-0.132,0.0000,0.1045,0.0000,0.0313,0.000,32.41,32.0,3,2048
70543930,-0.132,-0.132,0.0000,-0.0130,0.0000,0.0038,0.000,32.41,32.0,3,2048
70544589,-0.132,-0.132,0.0000,-0.0374,0.0000,-0.0148,0.000,32.41,32.0,3,2048
70545588,-0.132,-0.132,0.0000,0.0694,0.0000,-0.0093,0.000,32.41,32.0,3,2048
70546582,-0.132,-0.132,0.0000,-0.0145,0.0000,0.0159,0.000,32.41,32.0,3,2048
70547582,-0.132,-0.132,0.0000,0.0053,0.0000,0.0280,0.000,32.41,32.0,3,2048
70548901,-0.132,-0.132,0.0000,-0.0908,0.0000,0.0093,0.000,32.41,32.0,3,2048
70549588,-0.132,-0.132,0.0000,-0.1610,0.0000,0.0159,0.000,32.41,32.0,3,2048
70550587,-0.132,-0.132,0.0000,-0.0252,0.0000,-0.0269,0.000,32.41,32.0,3,2048
70551916,-0.132,-0.132,0.0000,0.0710,0.0000,-0.0258,0.000,32.41,32.0,3,2048
70552558,-0.132,-0.132,0.0000,0.0420,0.0000,0.0071,0.000,32.41,32.0,3,2048
70553879,-0.132,-0.132,0.0000,-0.0359,0.0000,-0.0005,0.000,32.41,32.0,3,2048
70554571,-0.132,-0.132,0.0000,-0.0740,0.0000,0.0115,0.000,32.41,32.0,3,2048
70555933,-0.132,-0.132,0.0000,-0.0298,0.0000,0.0368,0.000,32.41,32.0,3,2048
70556610,-0.132,-0.132,0.0000,0.0053,0.0000,-0.0159,0.000,32.41,32.0,3,2048
70557615,-0.132,-0.132,0.0000,-0.0328,0.0000,0.0005,0.000,32.41,32.0,3,2048
70558885,-0.132,-0.132,0.0000,-0.0175,0.0000,-0.0049,0.000,32.41,32.0,3,2048
70559620,-0.132,-0.132,0.0000,0.0069,0.0000,-0.0027,0.000,32.41,32.0,3,2048
70560560,-0.132,-0.132,0.0000,-0.0038,0.0000,0.0104,0.000,32.41,32.0,3,2048
70561571,-0.132,-0.132,0.0000,-0.0313,0.0000,-0.0104,0.000,32.41,32.0,3,2048
70562555,-0.132,-0.132,0.0000,0.0053,0.0000,-0.0170,0.000,32.41,32.0,3,2048
70563927,-0.132,-0.132,0.0000,0.0206,0.0000,-0.0115,0.000,32.41,32.0,3,2048
70564559,-0.132,-0.132,0.0000,0.0618,0.0000,-0.0137,0.000,32.41,32.0,3,2048
70565576,-0.132,-0.132,0.0000,0.0038,0.0000,0.0049,0.000,32.41,32.0,3,2048
70566555,-0.132,-0.132,0.0000,-0.0389,0.0000,-0.0038,0.000,32.41,32.0,3,2048
70567610,-0.132,-0.132,0.0000,0.0389,0.0000,-0.0104,0.000,32.41,32.0,3,2048
70568883,-0.132,-0.132,0.0000,-0.0008,0.0000,0.0313,0.000,32.41,32.0,3,2048
70569575,-0.132,-0.132,0.0000,0.1076,0.0000,-0.0159,0.000,32.41,32.0,3,2048
70570560,-0.132,-0.132,0.0000,-0.0435,0.0000,0.0258,0.000,32.41,32.0,3,2048
70571923,-0.132,-0.132,0.0000,0.1137,0.0000,-0.0071,0.000,32.41,32.0,3,2048
70572559,-0.132,-0.132,0.0000,0.0252,0.0000,-0.0016,0.000,32.41,32.0,3,2048
70573895,-0.132,-0.132,0.0000,0.0267,0.0000,0.0049,0.000,32.41,32.0,3,2048
70574558,-0.132,-0.132,0.0000,-0.0847,0.0000,0.0269,0.000,32.41,32.0,3,2048
70575937,-0.132,-0.132,0.0000,-0.0572,0.0000,0.0071,0.000,32.41,32.0,3,2048
70576556,-0.132,-0.132,0.0000,0.0786,0.0000,-0.0049,0.000,32.41,32.0,3,2048
70577576,-0.132,-0.132,0.0000,-0.0771,0.0000,0.0159,0.000,32.41,32.0,3,2048
70578878,-0.132,-0.132,0.0000,-0.0069,0.0000,-0.0148,0.000,32.41,32.0,3,2048
70579675,-0.132,-0.132,0.0000,-0.0389,0.0000,-0.0170,0.000,32.41,32.0,3,2048
70580561,-0.132,-0.132,0.0000,-0.0450,0.0000,-0.0049,0.000,32.41,32.0,3,2048
70581554,-0.132,-0.132,0.0000,-0.0175,0.0000,-0.0214,0.000,32.41,32.0,3,2048
70582555,-0.132,-0.132,0.0000,-0.0771,0.0000,-0.0104,0.000,32.41,32.0,3,2048
70583883,-0.132,-0.132,0.0000,0.0359,0.0000,0.0225,0.000,32.41,32.0,3,2048
70584625,-0.132,-0.132,0.0000,-0.0786,0.0000,-0.0027,0.000,32.41,32.0,3,2048
70585625,-0.132,-0.132,0.0000,0.0801,0.0000,-0.0236,0.000,32.41,32.0,3,2048
70586585,-0.132,-0.132,0.0000,0.1183,0.0000,0.0335,0.000,32.41,32.0,3,2048
70587583,-0.132,-0.132,0.0000,-0.0450,0.0000,0.0181,0.000,32.41,32.0,3,2048
70588906,-0.132,-0.132,0.0000,-0.0099,0.0000,0.0126,0.000,32.41,32.0,3,2048
70589635,-0.132,-0.132,0.0000,0.0771,0.0000,0.0038,0.000,32.41,32.0,3,2048
70590588,-0.132,-0.132,0.0000,0.1167,0.0000,0.0412,0.000,32.41,32.0,3,2048
70591879,-0.132,-0.132,0.0000,-0.0648,0.0000,0.0104,0.000,32.41,32.0,3,2048
70592616,-0.132,-0.132,0.0000,0.0298,0.0000,0.0093,0.000,32.41,32.0,3,2048
70593906,-0.132,-0.132,0.0000,-0.0237,0.0000,0.0126,0.000,32.41,32.0,3,2048
70594587,-0.132,-0.132,0.0000,-0.0450,0.0000,-0.0335,0.000,32.41,32.0,3,2048
70595906,-0.132,-0.132,0.0000,-0.0298,0.0000,-0.0181,0.000,32.41,32.0,3,2048
70596584,-0.132,-0.132,0.0000,0.0267,0.0000,0.0170,0.000,32.41,32.0,3,2048
70597585,-0.132,-0.132,0.0000,0.0359,0.0000,-0.0357,0.000,32.41,32.0,3,2048
70598901,-0.132,-0.132,0.0000,0.0740,0.0000,0.0357,0.000,32.41,32.0,3,2048
70599584,-0.132,-0.132,0.0000,-0.0496,0.0000,0.0148,0.000,32.41,32.0,3,2048
70600586,-0.132,-0.132,0.0000,0.1228,0.0000,-0.0192,0.000,32.41,32.0,3,2048
70601580,-0.132,-0.132,0.0000,-0.0175,0.0000,-0.0049,0.000,32.41,32.0,3,2048
70602584,-0.132,-0.132,0.0000,0.0786,0.0000,-0.0005,0.000,32.41,32.0,3,2048
70603885,-0.132,-0.132,0.0000,-0.0084,0.0000,0.0203,0.000,32.41,32.0,3,2048
70604571,-0.132,-0.132,0.0000,-0.0328,0.0000,-0.0126,0.000,32.41,32.0,3,2048
70605608,-0.132,-0.132,0.0000,0.0328,0.0000,0.0027,0.000,32.41,32.0,3,2048
70606603,-0.132,-0.132,0.0000,0.0572,0.0000,-0.0137,0.000,32.41,32.0,3,2048
70607607,-0.132,-0.132,0.0000,0.0420,0.0000,-0.0038,0.000,32.41,32.0,3,2048
70608886,-0.132,-0.132,0.0000,-0.0221,0.0000,0.0093,0.000,32.41,32.0,3,2048
70609616,-0.132,-0.132,0.0000,-0.0572,0.0000,-0.0225,0.000,32.41,32.0,3,2048
70610563,-0.132,-0.132,0.0000,0.0526,0.0000,0.0104,0.000,32.41,32.0,3,2048
70611887,-0.132,-0.132,0.0000,-0.0648,0.0000,-0.0181,0.000,32.41,32.0,3,2048
70612556,-0.132,-0.132,0.0000,0.0343,0.0000,-0.0016,0.000,32.41,32.0,3,2048
70613927,-0.132,-0.132,0.0000,-0.0542,0.0000,-0.0082,0.000,32.41,32.0,3,2048
70614563,-0.132,-0.132,0.0000,0.0450,0.0000,-0.0016,0.000,32.41,32.0,3,2048
70615897,-0.132,-0.132,0.0000,-0.0740,0.0000,0.0093,0.000,32.41,32.0,3,2048
70616559,-0.132,-0.132,0.0000,0.0298,0.0000,0.0038,0.000,32.41,32.0,3,2048
70617611,-0.132,-0.132,0.0000,-0.0023,0.0000,-0.0038,0.000,32.41,32.0,3,2048
70618889,-0.132,-0.132,0.0000,0.0267,0.0000,-0.0071,0.000,32.41,32.0,3,2048
70619575,-0.132,-0.132,0.0000,-0.0618,0.0000,-0.0038,0.000,32.41,32.0,3,2048
70620560,-0.132,-0.132,0.0000,-0.2007,0.0000,-0.0456,0.000,32.41,32.0,3,2048
70621605,-0.132,-0.132,0.0000,-0.0923,0.0000,0.0236,0.000,32.41,32.0,3,2048
70622562,-0.132,-0.132,0.0000,0.0648,0.0000,-0.0082,0.000,32.41,32.0,3,2048
70623897,-0.132,-0.132,0.0000,-0.0954,0.0000,0.0060,0.000,32.41,32.0,3,2048
70624558,-0.132,-0.132,0.0000,0.0298,0.0000,-0.0225,0.000,32.41,32.0,3,2048
70625610,-0.132,-0.132,0.0000,-0.0206,0.0000,0.0291,0.000,32.41,32.0,3,2048
70626562,-0.132,-0.132,0.0000,-0.0343,0.0000,-0.0280,0.000,32.41,32.0,3,2048
70627571,-0.132,-0.132,0.0000,-0.0206,0.0000,-0.0049,0.000,32.41,32.0,3,2048
70628881,-0.132,-0.132,0.0000,0.0389,0.0000,-0.0214,0.000,32.41,32.0,3,2048
70629679,-0.132,-0.132,0.0000,-0.0282,0.0000,-0.0137,0.000,32.41,32.0,3,2048
70630561,-0.132,-0.132,0.0000,-0.0038,0.0000,-0.0016,0.000,32.41,32.0,3,2048
70631874,-0.132,-0.132,0.0000,0.0557,0.0000,0.0137,0.000,32.41,32.0,3,2048
70632556,-0.132,-0.132,0.0000,-0.0755,0.0000,-0.0027,0.000,32.41,32.0,3,2048
70633881,-0.132,-0.132,0.0000,-0.1167,0.0000,0.0192,0.000,32.41,32.0,3,2048
70634627,-0.132,-0.132,0.0000,-0.0145,0.0000,-0.0170,0.000,32.41,32.0,3,2048
70635912,-0.132,-0.132,0.0000,-0.0801,0.0000,0.0093,0.000,32.41,32.0,3,2048
70636629,-0.132,-0.132,0.0000,0.0038,0.0000,0.0170,0.000,32.41,32.0,3,2048
70637590,-0.132,-0.132,0.0000,-0.1808,0.0000,0.0060,0.000,32.41,32.0,3,2048
70638908,-0.132,-0.132,0.0000,-0.0313,0.0000,-0.0181,0.000,32.41,32.0,3,2048
70639588,-0.132,-0.132,0.0000,-0.0069,0.0000,0.0104,0.000,32.41,32.0,3,2048
70640659,-0.132,-0.132,0.0000,0.0313,0.0000,0.0005,0.000,32.41,32.0,3,2048
70641556,-0.132,-0.132,0.0000,-0.0023,0.0000,0.0038,0.000,32.41,32.0,3,2048
70642555,-0.132,-0.132,0.0000,0.0404,0.0000,0.0038,0.000,32.41,32.0,3,2048
70643942,-0.132,-0.132,0.0000,0.0587,0.0000,-0.0071,0.000,32.41,32.0,3,2048
70644587,-0.132,-0.132,0.0000,-0.0908,0.0000,-0.0005,0.000,32.41,32.0,3,2048
70645590,-0.132,-0.132,0.0000,0.1305,0.0000,0.0302,0.000,32.41,32.0,3,2048
70646582,-0.132,-0.132,0.0000,-0.1137,0.0000,0.0148,0.000,32.41,32.0,3,2048
70647582,-0.132,-0.132,0.0000,0.0038,0.0000,-0.0214,0.000,32.41,32.0,3,2048
70648904,-0.132,-0.132,0.0000,0.0999,0.0000,0.0126,0.000,32.41,32.0,3,2048
70649586,-0.132,-0.132,0.0000,0.0160,0.0000,0.0214,0.000,32.41,32.0,3,2048
70650587,-0.132,-0.132,0.0000,0.0160,0.0000,0.0016,0.000,32.41,32.0,3,2048
70651902,-0.132,-0.132,0.0000,-0.1442,0.0000,-0.0115,0.000,32.41,32.0,3,2048
70652600,-0.132,-0.132,0.0000,0.0832,0.0000,0.0137,0.000,32.41,32.0,3,2048
70653882,-0.132,-0.132,0.0000,0.1152,0.0000,-0.0093,0.000,32.41,32.0,3,2048
70654555,-0.132,-0.132,0.0000,0.0038,0.0000,-0.0016,0.000,32.41,32.0,3,2048
70655930,-0.132,-0.132,0.0000,-0.0084,0.0000,0.0280,0.000,32.41,32.0,3,2048
70656610,-0.132,-0.132,0.0000,0.0740,0.0000,-0.0137,0.000,32.41,32.0,3,2048
70657612,-0.132,-0.132,0.0000,0.0694,0.0000,0.0027,0.000,32.41,32.0,3,2048
70658927,-0.132,-0.132,0.0000,-0.0969,0.0000,-0.0159,0.000,32.41,32.0,3,2048
70659559,-0.132,-0.132,0.0000,-0.0542,0.0000,-0.0236,0.000,32.41,32.0,3,2048
70660621,-0.132,-0.132,0.0000,0.0801,0.0000,0.0225,0.000,32.41,32.0,3,2048
70661558,-0.132,-0.132,0.0000,-0.1640,0.0000,0.0357,0.000,32.41,32.0,3,2048
70662571,-0.132,-0.132,0.0000,0.0420,0.0000,0.0027,0.000,32.41,32.0,3,2048
70663878,-0.132,-0.132,0.0000,0.0053,0.0000,-0.0049,0.000,32.41,32.0,3,2048
70664614,-0.132,-0.132,0.0000,0.0801,0.0000,-0.0093,0.000,32.41,32.0,3,2048
70665560,-0.132,-0.132,0.0000,-0.0481,0.0000,-0.0082,0.000,32.41,32.0,3,2048
70666571,-0.132,-0.132,0.0000,0.1366,0.0000,0.0093,0.000,32.41,32.0,3,2048
70667555,-0.132,-0.132,0.0000,0.0984,0.0000,0.0258,0.000,32.41,32.0,3,2048
70668928,-0.132,-0.132,0.0000,-0.0252,0.0000,0.0115,0.000,32.41,32.0,3,2048
70669559,-0.132,-0.132,0.0000,-0.1183,0.0000,-0.0368,0.000,32.41,32.0,3,2048
70670576,-0.132,-0.132,0.0000,0.0984,0.0000,0.0247,0.000,32.41,32.0,3,2048
70671868,-0.132,-0.132,0.0000,0.0725,0.0000,0.0170,0.000,32.41,32.0,3,2048
70672611,-0.132,-0.132,0.0000,-0.0374,0.0000,0.0247,0.000,32.41,32.0,3,2048
70673883,-0.132,-0.132,0.0000,-0.0206,0.0000,0.0291,0.000,32.41,32.0,3,2048
70674575,-0.132,-0.132,0.0000,-0.0114,0.0000,0.0324,0.000,32.41,32.0,3,2048
70675880,-0.132,-0.132,0.0000,0.0237,0.0000,0.0291,0.000,32.41,32.0,3,2048
70676614,-0.132,-0.132,0.0000,0.0114,0.0000,-0.0159,0.000,32.41,32.0,3,2048
70677560,-0.132,-0.132,0.0000,-0.0298,0.0000,0.0082,0.000,32.41,32.0,3,2048
70678899,-0.132,-0.132,0.0000,0.0374,0.0000,0.0214,0.000,32.41,32.0,3,2048
70679555,-0.132,-0.132,0.0000,-0.0496,0.0000,-0.0071,0.000,32.41,32.0,3,2048
70680680,-0.132,-0.132,0.0000,-0.0557,0.0000,-0.0038,0.000,32.41,32.0,3,2048
70681556,-0.132,-0.132,0.0000,0.0923,0.0000,-0.0071,0.000,32.41,32.0,3,2048
70682555,-0.132,-0.132,0.0000,0.0389,0.0000,0.0148,0.000,32.41,32.0,3,2048
70683882,-0.132,-0.132,0.0000,0.0069,0.0000,0.0038,0.000,32.41,32.0,3,2048
70684556,-0.132,-0.132,0.0000,0.0893,0.0000,-0.0170,0.000,32.41,32.0,3,2048
70685628,-0.132,-0.132,0.0000,-0.0908,0.0000,-0.0049,0.000,32.41,32.0,3,2048
70686625,-0.132,-0.132,0.0000,-0.0359,0.0000,-0.0016,0.000,32.41,32.0,3,2048
70687583,-0.132,-0.132,0.0000,0.0420,0.0000,0.0071,0.000,32.41,32.0,3,2048
70688905,-0.132,-0.132,0.0000,-0.0603,0.0000,0.0049,0.000,32.41,32.0,3,2048
70689588,-0.132,-0.132,0.0000,0.0801,0.0000,0.0104,0.000,32.41,32.0,3,2048
70690657,-0.132,-0.132,0.0000,0.0450,0.0000,-0.0104,0.000,32.41,32.0,3,2048
70691875,-0.132,-0.132,0.0000,0.0221,0.0000,-0.0291,0.000,32.41,32.0,3,2048
70692556,-0.132,-0.132,0.0000,-0.0694,0.0000,0.0170,0.000,32.41,32.0,3,2048
70693940,-0.132,-0.132,0.0000,-0.0557,0.0000,0.0192,0.000,32.41,32.0,3,2048
70694589,-0.132,-0.132,0.0000,-0.0450,0.0000,0.0181,0.000,32.41,32.0,3,2048
70695911,-0.132,-0.132,0.0000,0.0404,0.0000,-0.0148,0.000,32.41,32.0,3,2048
70696587,-0.132,-0.132,0.0000,0.1076,0.0000,0.0071,0.000,32.41,32.0,3,2048
70697587,-0.132,-0.132,0.0000,-0.0267,0.0000,-0.0060,0.000,32.41,32.0,3,2048
70698903,-0.132,-0.132,0.0000,-0.0801,0.0000,0.0247,0.000,32.41,32.0,3,2048
70699587,-0.132,-0.132,0.0000,0.0435,0.0000,-0.0291,0.000,32.41,32.0,3,2048
70700587,-0.132,-0.132,0.0000,0.0801,0.0000,0.0005,0.000,32.41,32.0,3,2048
70701583,-0.132,-0.132,0.0000,-0.0832,0.0000,0.0258,0.000,32.41,32.0,3,2048
70702595,-0.132,-0.132,0.0000,0.0313,0.0000,-0.0093,0.000,32.41,32.0,3,2048
70703882,-0.132,-0.132,0.0000,0.0511,0.0000,-0.0038,0.000,32.41,32.0,3,2048
70704556,-0.132,-0.132,0.0000,-0.0923,0.0000,0.0071,0.000,32.41,32.0,3,2048
70705611,-0.132,-0.132,0.0000,0.0786,0.0000,-0.0324,0.000,32.41,32.0,3,2048
70706605,-0.132,-0.132,0.0000,-0.0496,0.0000,-0.0005,0.000,32.41,32.0,3,2048
70707537,-0.132,-0.132,0.0000,-0.0023,0.0000,0.0148,0.000,32.41,32.0,3,2048
70708887,-0.132,-0.132,0.0000,-0.0343,0.0000,-0.0159,0.000,32.41,32.0,3,2048
70709556,-0.132,-0.132,0.0000,0.0816,0.0000,0.0038,0.000,32.41,32.0,3,2048
70710622,-0.132,-0.132,0.0000,0.0206,0.0000,-0.0049,0.000,32.41,32.0,3,2048
70711874,-0.132,-0.132,0.0000,-0.0862,0.0000,0.0104,0.000,32.41,32.0,3,2048
70712572,-0.132,-0.132,0.0000,0.0954,0.0000,-0.0027,0.000,32.41,32.0,3,2048
70713881,-0.132,-0.132,0.0000,0.1228,0.0000,-0.0159,0.000,32.41,32.0,3,2048
70714611,-0.132,-0.132,0.0000,-0.0313,0.0000,0.0379,0.000,32.41,32.0,3,2048
70715891,-0.132,-0.132,0.0000,-0.0023,0.0000,-0.0357,0.000,32.41,32.0,3,2048
70716571,-0.132,-0.132,0.0000,0.0252,0.0000,0.0324,0.000,32.41,32.0,3,2048
70717560,-0.132,-0.132,0.0000,0.0908,0.0000,0.0027,0.000,32.41,32.0,3,2048
70718930,-0.132,-0.132,0.0000,0.1610,0.0000,0.0126,0.000,32.41,32.0,3,2048
70719562,-0.132,-0.132,0.0000,-0.0633,0.0000,0.0115,0.000,32.41,32.0,3,2048
70720576,-0.132,-0.132,0.0000,0.1030,0.0000,-0.0082,0.000,32.41,32.0,3,2048
70721555,-0.132,-0.132,0.0000,-0.0114,0.0000,0.0104,0.000,32.41,32.0,3,2048
70722608,-0.132,-0.132,0.0000,0.0008,0.0000,0.0456,0.000,32.41,32.0,3,2048
70723885,-0.132,-0.132,0.0000,0.0237,0.0000,0.0016,0.000,32.41,32.0,3,2048
70724575,-0.132,-0.132,0.0000,-0.0099,0.0000,0.0313,0.000,32.41,32.0,3,2048
70725560,-0.132,-0.132,0.0000,0.0496,0.0000,-0.0203,0.000,32.41,32.0,3,2048
70726608,-0.132,-0.132,0.0000,0.0923,0.0000,-0.0071,0.000,32.41,32.0,3,2048
70727561,-0.132,-0.132,0.0000,-0.0374,0.0000,0.0115,0.000,32.41,32.0,3,2048
70728896,-0.132,-0.132,0.0000,-0.0160,0.0000,0.0115,0.000,32.41,32.0,3,2048
70729558,-0.132,-0.132,0.0000,0.0206,0.0000,0.0214,0.000,32.41,32.0,3,2048
70730685,-0.132,-0.132,0.0000,0.0694,0.0000,0.0093,0.000,32.41,32.0,3,2048
70731875,-0.132,-0.132,0.0000,-0.0175,0.0000,0.0192,0.000,32.41,32.0,3,2048
70732556,-0.132,-0.132,0.0000,-0.0587,0.0000,-0.0027,0.000,32.41,32.0,3,2048
70733881,-0.132,-0.132,0.0000,-0.0114,0.0000,-0.0005,0.000,32.41,32.0,3,2048
70734555,-0.132,-0.110,0.0000,0.0053,0.0000,0.0203,0.000,32.41,32.0,3,2048
70735950,-0.132,-0.132,0.0000,-0.1167,0.0000,0.0093,0.000,32.41,32.0,3,2048
70736589,-0.132,-0.132,0.0000,-0.0298,0.0000,-0.0302,0.000,32.41,32.0,3,2048
70737629,-0.132,-0.132,0.0000,0.0053,0.0000,-0.0104,0.000,32.41,32.0,3,2048
70738904,-0.132,-0.132,0.0000,-0.0267,0.0000,-0.0104,0.000,32.41,32.0,3,2048
70739592,-0.132,-0.132,0.0000,-0.0404,0.0000,0.0445,0.000,32.41,32.0,3,2048
70740589,-0.132,-0.132,0.0000,0.0603,0.0000,-0.0236,0.000,32.41,32.0,3,2048
70741656,-0.132,-0.132,0.0000,0.1549,0.0000,0.0049,0.000,32.41,32.0,3,2048
70742555,-0.132,-0.132,0.0000,-0.0603,0.0000,0.0115,0.000,32.41,32.0,3,2048
70743940,-0.132,-0.110,0.0000,0.2159,0.0000,0.0346,0.000,32.41,32.0,3,2048
70744589,-0.132,-0.132,0.0000,-0.1518,0.0000,0.0181,0.000,32.41,32.0,3,2048
70745588,-0.132,-0.132,0.0000,-0.0404,0.0000,-0.0401,0.000,32.41,32.0,3,2048
70746582,-0.132,-0.132,0.0000,-0.0496,0.0000,0.0137,0.000,32.41,32.0,3,2048
70747582,-0.132,-0.132,0.0000,0.0801,0.0000,0.0236,0.000,32.41,32.0,3,2048
70748901,-0.132,-0.132,0.0000,-0.0725,0.0000,-0.0104,0.000,32.41,32.0,3,2048
70749588,-0.132,-0.132,0.0000,-0.0160,0.0000,-0.0027,0.000,32.41,32.0,3,2048
70750587,-0.132,-0.132,0.0000,0.0191,0.0000,0.0060,0.000,32.41,32.0,3,2048
70751902,-0.132,-0.132,0.0000,0.0267,0.0000,0.0236,0.000,32.41,32.0,3,2048
70752583,-0.132,-0.132,0.0000,-0.0267,0.0000,0.0324,0.000,32.41,32.0,3,2048
70753908,-0.132,-0.132,0.0000,0.0008,0.0000,0.0324,0.000,32.41,32.0,3,2048
70754557,-0.132,-0.132,0.0000,0.0206,0.0000,0.0225,0.000,32.41,32.0,3,2048
70755933,-0.132,-0.132,0.0000,-0.1137,0.0000,0.0027,0.000,32.41,32.0,3,2048
70756610,-0.132,-0.132,0.0000,0.0725,0.0000,-0.0258,0.000,32.41,32.0,3,2048
70757612,-0.132,-0.132,0.0000,-0.0694,0.0000,0.0302,0.000,32.41,32.0,3,2048
70758928,-0.132,-0.132,0.0000,-0.0648,0.0000,-0.0181,0.000,32.41,32.0,3,2048
70759559,-0.132,-0.132,0.0000,0.0374,0.0000,-0.0049,0.000,32.41,32.0,3,2048
70760622,-0.132,-0.132,0.0000,0.1778,0.0000,0.0060,0.000,32.41,32.0,3,2048
70761558,-0.132,-0.132,0.0000,-0.0725,0.0000,0.0049,0.000,32.41,32.0,3,2048
70762571,-0.132,-0.132,0.0000,-0.1503,0.0000,0.0126,0.000,32.41,32.0,3,2048
70763878,-0.132,-0.132,0.0000,0.0786,0.0000,0.0225,0.000,32.41,32.0,3,2048
70764614,-0.132,-0.132,0.0000,-0.0069,0.0000,-0.0137,0.000,32.41,32.0,3,2048
70765560,-0.132,-0.132,0.0000,-0.0008,0.0000,-0.0016,0.000,32.41,32.0,3,2048
70766571,-0.132,-0.132,0.0000,0.1457,0.0000,-0.0126,0.000,32.41,32.0,3,2048
70767555,-0.132,-0.132,0.0000,-0.0160,0.0000,0.0181,0.000,32.41,32.0,3,2048
70768928,-0.132,-0.132,0.0000,-0.1274,0.0000,-0.0335,0.000,32.41,32.0,3,2048
70769559,-0.132,-0.132,0.0000,-0.0725,0.0000,-0.0181,0.000,32.41,32.0,3,2048
70770576,-0.132,-0.132,0.0000,0.0496,0.0000,0.0082,0.000,32.41,32.0,3,2048
70771869,-0.132,-0.132,0.0000,0.0389,0.0000,0.0005,0.000,32.41,32.0,3,2048
70772611,-0.132,-0.132,0.0000,-0.0191,0.0000,0.0368,0.000,32.41,32.0,3,2048
70773882,-0.132,-0.132,0.0000,0.1228,0.0000,0.0456,0.000,32.41,32.0,3,2048
70774575,-0.132,-0.132,0.0000,0.0771,0.0000,0.0049,0.000,32.41,32.0,3,2048
70775880,-0.132,-0.132,0.0000,0.1060,0.0000,-0.0126,0.000,32.41,32.0,3,2048
70776614,-0.132,-0.132,0.0000,-0.0969,0.0000,0.0687,0.000,32.41,32.0,3,2048
70777560,-0.132,-0.132,0.0000,0.0008,0.0000,0.0016,0.000,32.41,32.0,3,2048
70778899,-0.132,-0.132,0.0000,-0.0359,0.0000,-0.0016,0.000,32.41,32.0,3,2048
70779555,-0.132,-0.132,0.0000,0.0282,0.0000,-0.0203,0.000,32.41,32.0,3,2048
70780680,-0.132,-0.132,0.0000,-0.0084,0.0000,0.0269,0.000,32.41,32.0,3,2048
70781556,-0.132,-0.132,0.0000,-0.0343,0.0000,-0.0093,0.000,32.41,32.0,3,2048
70782555,-0.132,-0.132,0.0000,-0.0343,0.0000,-0.0126,0.000,32.41,32.0,3,2048
70783882,-0.132,-0.132,0.0000,0.0435,0.0000,-0.0060,0.000,32.41,32.0,3,2048
70784556,-0.132,-0.132,0.0000,-0.1274,0.0000,0.0027,0.000,32.41,32.0,3,2048
70785629,-0.132,-0.132,0.0000,0.0114,0.0000,0.0060,0.000,32.41,32.0,3,2048
70786625,-0.132,-0.132,0.0000,-0.0694,0.0000,0.0082,0.000,32.41,32.0,3,2048
70787583,-0.132,-0.132,0.0000,0.0053,0.0000,-0.0456,0.000,32.41,32.0,3,2048
70788905,-0.132,-0.132,0.0000,-0.1152,0.0000,-0.0379,0.000,32.41,32.0,3,2048
70789589,-0.132,-0.132,0.0000,-0.0099,0.0000,-0.0027,0.000,32.41,32.0,3,2048
70790657,-0.132,-0.132,0.0000,0.0877,0.0000,-0.0027,0.000,32.41,32.0,3,2048
70791875,-0.132,-0.132,0.0000,0.0465,0.0000,0.0291,0.000,32.41,32.0,3,2048
70792556,-0.132,-0.132,0.0000,0.0237,0.0000,-0.0192,0.000,32.41,32.0,3,2048
70793940,-0.132,-0.132,0.0000,0.0237,0.0000,-0.0148,0.000,32.41,32.0,3,2048
70794589,-0.132,-0.132,0.0000,-0.0145,0.0000,-0.0291,0.000,32.41,32.0,3,2048
70795910,-0.132,-0.132,0.0000,-0.0038,0.0000,-0.0412,0.000,32.41,32.0,3,2048
70796587,-0.132,-0.132,0.0000,-0.0999,0.0000,0.0434,0.000,32.41,32.0,3,2048
70797587,-0.132,-0.132,0.0000,-0.0542,0.0000,-0.0192,0.000,32.41,32.0,3,2048
70798902,-0.132,-0.132,0.0000,0.0267,0.0000,-0.0016,0.000,32.41,32.0,3,2048
70799587,-0.132,-0.132,0.0000,0.0130,0.0000,0.0181,0.000,32.41,32.0,3,2048
70800587,-0.132,-0.132,0.0000,-0.1564,0.0000,-0.0104,0.000,32.41,32.0,3,2048
70801583,-0.132,-0.132,0.0000,-0.0923,0.0000,0.0126,0.000,32.41,32.0,3,2048
70802595,-0.132,-0.132,0.0000,-0.0633,0.0000,-0.0291,0.000,32.41,32.0,3,2048
70803882,-0.132,-0.132,0.0000,-0.1381,0.0000,-0.0060,0.000,32.41,32.0,3,2048
70804556,-0.132,-0.132,0.0000,-0.0557,0.0000,-0.0093,0.000,32.41,32.0,3,2048
70805611,-0.132,-0.132,0.0000,0.0298,0.0000,-0.0115,0.000,32.41,32.0,3,2048
70806605,-0.132,-0.132,0.0000,-0.0282,0.0000,0.0082,0.000,32.41,32.0,3,2048
70807532,-0.132,-0.132,0.0000,-0.0282,0.0000,0.0170,0.000,32.41,32.0,3,2048
70808885,-0.132,-0.132,0.0000,-0.0374,0.0000,-0.0115,0.000,32.41,32.0,3,2048
70809556,-0.132,-0.132,0.0000,-0.1350,0.0000,-0.0302,0.000,32.41,32.0,3,2048
70810622,-0.132,-0.132,0.0000,0.0740,0.0000,-0.0192,0.000,32.41,32.0,3,2048
70811874,-0.132,-0.132,0.0000,0.0114,0.0000,0.0412,0.000,32.41,32.0,3,2048
70812572,-0.132,-0.132,0.0000,-0.0313,0.0000,-0.0027,0.000,32.41,32.0,3,2048
70813881,-0.132,-0.132,0.0000,0.0252,0.0000,0.0038,0.000,32.41,32.0,3,2048
70814611,-0.132,-0.132,0.0000,0.0557,0.0000,-0.0159,0.000,32.41,32.0,3,2048
70815891,-0.132,-0.132,0.0000,0.0618,0.0000,-0.0082,0.000,32.41,32.0,3,2048
70816571,-0.132,-0.132,0.0000,0.0343,0.0000,-0.0082,0.000,32.41,32.0,3,2048
70817560,-0.132,-0.132,0.0000,0.0069,0.0000,0.0280,0.000,32.41,32.0,3,2048
70818929,-0.132,-0.132,0.0000,-0.0618,0.0000,-0.0159,0.000,32.41,32.0,3,2048
70819562,-0.132,-0.132,0.0000,0.0038,0.0000,-0.0115,0.000,32.41,32.0,3,2048
70820576,-0.132,-0.132,0.0000,0.0145,0.0000,-0.0016,0.000,32.41,32.0,3,2048
70821555,-0.132,-0.132,0.0000,0.0954,0.0000,0.0346,0.000,32.41,32.0,3,2048
70822608,-0.132,-0.132,0.0000,0.0252,0.0000,0.0093,0.000,32.41,32.0,3,2048
70823884,-0.132,-0.132,0.0000,0.0587,0.0000,0.0126,0.000,32.41,32.0,3,2048
70824575,-0.132,-0.132,0.0000,0.0618,0.0000,0.0159,0.000,32.41,32.0,3,2048
70825560,-0.132,-0.154,0.0000,-0.2144,0.0000,0.0137,0.000,32.41,32.0,3,2048
70826608,-0.132,-0.132,0.0000,0.1884,0.0000,-0.0148,0.000,32.41,32.0,3,2048
70827561,-0.132,-0.132,0.0000,-0.0648,0.0000,0.0016,0.000,32.41,32.0,3,2048
70828897,-0.132,-0.132,0.0000,-0.0267,0.0000,-0.0159,0.000,32.41,32.0,3,2048
70829558,-0.132,-0.132,0.0000,-0.0160,0.0000,0.0247,0.000,32.41,32.0,3,2048
70830685,-0.132,-0.132,0.0000,0.0740,0.0000,0.0126,0.000,32.41,32.0,3,2048
70831875,-0.132,-0.132,0.0000,0.0679,0.0000,-0.0082,0.000,32.41,32.0,3,2048
70832556,-0.132,-0.132,0.0000,-0.0084,0.0000,-0.0170,0.000,32.41,32.0,3,2048
70833881,-0.132,-0.132,0.0000,-0.0465,0.0000,-0.0060,0.000,32.41,32.0,3,2048
70834554,-0.132,-0.132,0.0000,0.0267,0.0000,0.0302,0.000,32.41,32.0,3,2048
70835950,-0.132,-0.132,0.0000,-0.1411,0.0000,-0.0170,0.000,32.41,32.0,3,2048
70836589,-0.132,-0.132,0.0000,0.0053,0.0000,0.0159,0.000,32.41,32.0,3,2048
70837629,-0.132,-0.132,0.0000,-0.0206,0.0000,-0.0159,0.000,32.41,32.0,3,2048
70838906,-0.132,-0.132,0.0000,-0.0450,0.0000,-0.0071,0.000,32.41,32.0,3,2048
70839592,-0.132,-0.132,0.0000,-0.1228,0.0000,0.0027,0.000,32.41,32.0,3,2048
70840588,-0.132,-0.132,0.0000,0.0206,0.0000,0.0192,0.000,32.41,32.0,3,2048
70841656,-0.132,-0.132,0.0000,0.0069,0.0000,-0.0126,0.000,32.41,32.0,3,2048
70842555,-0.132,-0.132,0.0000,-0.1427,0.0000,0.0170,0.000,32.41,32.0,3,2048
70843940,-0.132,-0.132,0.0000,-0.0221,0.0000,0.0093,0.000,32.41,32.0,3,2048
70844589,-0.132,-0.132,0.0000,0.0114,0.0000,-0.0390,0.000,32.41,32.0,3,2048
70845589,-0.132,-0.132,0.0000,-0.0237,0.0000,0.0181,0.000,32.41,32.0,3,2048
70846582,-0.132,-0.132,0.0000,-0.0023,0.0000,0.0236,0.000,32.41,32.0,3,2048
70847582,-0.132,-0.132,0.0000,-0.0587,0.0000,-0.0060,0.000,32.41,32.0,3,2048
70848902,-0.132,-0.132,0.0000,0.0908,0.0000,-0.0005,0.000,32.41,32.0,3,2048
70849588,-0.132,-0.132,0.0000,0.0313,0.0000,-0.0170,0.000,32.41,32.0,3,2048
70850587,-0.132,-0.132,0.0000,0.0694,0.0000,0.0434,0.000,32.41,32.0,3,2048
70851902,-0.132,-0.154,0.0000,-0.0404,0.0000,0.0181,0.000,32.41,32.0,3,2048
70852583,-0.132,-0.132,0.0000,-0.0084,0.0000,-0.0324,0.000,32.41,32.0,3,2048
70853909,-0.132,-0.132,0.0000,-0.0023,0.0000,-0.0181,0.000,32.41,32.0,3,2048
70854557,-0.132,-0.132,0.0000,0.0038,0.0000,-0.0236,0.000,32.41,32.0,3,2048
70855932,-0.132,-0.132,0.0000,0.0679,0.0000,-0.0060,0.000,32.41,32.0,3,2048
70856610,-0.132,-0.132,0.0000,-0.0755,0.0000,0.0269,0.000,32.41,32.0,3,2048
70857612,-0.132,-0.132,0.0000,0.0755,0.0000,0.0038,0.000,32.41,32.0,3,2048
70858928,-0.132,-0.132,0.0000,-0.0648,0.0000,-0.0093,0.000,32.41,32.0,3,2048
70859559,-0.132,-0.132,0.0000,-0.0481,0.0000,0.0049,0.000,32.41,32.0,3,2048
70860622,-0.132,-0.132,0.0000,0.0664,0.0000,-0.0104,0.000,32.41,32.0,3,2048
70861558,-0.132,-0.132,0.0000,-0.0008,0.0000,0.0192,0.000,32.41,32.0,3,2048
70862571,-0.132,-0.132,0.0000,-0.0099,0.0000,-0.0005,0.000,32.41,32.0,3,2048
70863880,-0.132,-0.132,0.0000,0.0023,0.0000,0.0379,0.000,32.41,32.0,3,2048
70864614,-0.132,-0.132,0.0000,0.0175,0.0000,-0.0082,0.000,32.41,32.0,3,2048
70865560,-0.132,-0.132,0.0000,-0.0145,0.0000,0.0071,0.000,32.41,32.0,3,2048
70866571,-0.132,-0.132,0.0000,0.0526,0.0000,-0.0104,0.000,32.41,32.0,3,2048
70867555,-0.132,-0.132,0.0000,-0.0069,0.0000,-0.0148,0.000,32.41,32.0,3,2048
70868928,-0.132,-0.132,0.0000,0.0008,0.0000,0.0148,0.000,32.41,32.0,3,2048
70869559,-0.132,-0.132,0.0000,-0.0389,0.0000,0.0104,0.000,32.41,32.0,3,2048
70870576,-0.132,-0.132,0.0000,-0.0282,0.0000,0.0247,0.000,32.41,32.0,3,2048
70871868,-0.132,-0.132,0.0000,0.0237,0.0000,0.0324,0.000,32.41,32.0,3,2048
70872611,-0.132,-0.132,0.0000,0.1030,0.0000,-0.0005,0.000,32.41,32.0,3,2048
70873883,-0.132,-0.132,0.0000,0.0969,0.0000,-0.0049,0.000,32.41,32.0,3,2048
70874575,-0.132,-0.132,0.0000,-0.0130,0.0000,0.0016,0.000,32.41,32.0,3,2048
70875880,-0.132,-0.132,0.0000,0.0313,0.0000,0.0104,0.000,32.41,32.0,3,2048
70876614,-0.132,-0.132,0.0000,-0.0389,0.0000,0.0159,0.000,32.41,32.0,3,2048
70877560,-0.132,-0.132,0.0000,0.0282,0.0000,0.0335,0.000,32.41,32.0,3,2048
70878899,-0.132,-0.132,0.0000,0.0557,0.0000,-0.0269,0.000,32.41,32.0,3,2048
70879555,-0.132,-0.132,0.0000,-0.0038,0.0000,0.0027,0.000,32.41,32.0,3,2048
70880680,-0.132,-0.132,0.0000,0.0328,0.0000,0.0214,0.000,32.41,32.0,3,2048
70881556,-0.132,-0.132,0.0000,0.0999,0.0000,-0.0115,0.000,32.41,32.0,3,2048
70882555,-0.132,-0.132,0.0000,0.0343,0.0000,-0.0071,0.000,32.41,32.0,3,2048
70883882,-0.132,-0.132,0.0000,0.0572,0.0000,0.0313,0.000,32.41,32.0,3,2048
70884556,-0.132,-0.132,0.0000,-0.1778,0.0000,0.0247,0.000,32.41,32.0,3,2048
70885628,-0.132,-0.132,0.0000,0.1091,0.0000,-0.0159,0.000,32.41,32.0,3,2048
70886622,-0.132,-0.132,0.0000,-0.0252,0.0000,0.0357,0.000,32.41,32.0,3,2048
70887585,-0.132,-0.132,0.0000,0.0328,0.0000,-0.0346,0.000,32.41,32.0,3,2048
70888904,-0.132,-0.132,0.0000,-0.0191,0.0000,-0.0082,0.000,32.41,32.0,3,2048
70889588,-0.132,-0.132,0.0000,0.0435,0.0000,0.0126,0.000,32.41,32.0,3,2048
70890657,-0.132,-0.132,0.0000,0.0099,0.0000,-0.0379,0.000,32.41,32.0,3,2048
70891875,-0.132,-0.132,0.0000,0.1091,0.0000,-0.0060,0.000,32.41,32.0,3,2048
70892556,-0.132,-0.132,0.0000,0.0175,0.0000,0.0148,0.000,32.41,32.0,3,2048
70893939,-0.132,-0.132,0.0000,0.0099,0.0000,0.0137,0.000,32.41,32.0,3,2048
70894589,-0.132,-0.132,0.0000,-0.0740,0.0000,0.0247,0.000,32.41,32.0,3,2048
70895912,-0.132,-0.132,0.0000,-0.0694,0.0000,0.0181,0.000,32.41,32.0,3,2048
70896587,-0.132,-0.132,0.0000,0.0206,0.0000,-0.0104,0.000,32.41,32.0,3,2048
70897587,-0.132,-0.132,0.0000,0.0160,0.0000,0.0005,0.000,32.41,32.0,3,2048
70898902,-0.132,-0.132,0.0000,-0.0160,0.0000,0.0148,0.000,32.41,32.0,3,2048
70899587,-0.132,-0.132,0.0000,0.0648,0.0000,-0.0291,0.000,32.41,32.0,3,2048
70900587,-0.132,-0.132,0.0000,-0.0221,0.0000,0.0324,0.000,32.41,32.0,3,2048
70901583,-0.132,-0.132,0.0000,0.0984,0.0000,0.0038,0.000,32.41,32.0,3,2048
70902595,-0.132,-0.132,0.0000,-0.0725,0.0000,0.0126,0.000,32.41,32.0,3,2048
70903882,-0.132,-0.132,0.0000,0.0023,0.0000,-0.0181,0.000,32.41,32.0,3,2048
70904556,-0.132,-0.132,0.0000,-0.0191,0.0000,-0.0049,0.000,32.41,32.0,3,2048
70905611,-0.132,-0.132,0.0000,0.0633,0.0000,-0.0269,0.000,32.41,32.0,3,2048
70906605,-0.132,-0.132,0.0000,-0.0908,0.0000,0.0335,0.000,32.41,32.0,3,2048
70907608,-0.132,-0.132,0.0000,0.0328,0.0000,-0.0170,0.000,32.41,32.0,3,2048
70908886,-0.132,-0.132,0.0000,-0.0832,0.0000,-0.0170,0.000,32.41,32.0,3,2048
70909617,-0.132,-0.132,0.0000,-0.0496,0.0000,0.0038,0.000,32.41,32.0,3,2048
70910562,-0.132,-0.132,0.0000,0.0282,0.0000,-0.0104,0.000,32.41,32.0,3,2048
70911886,-0.132,-0.132,0.0000,0.0648,0.0000,0.0027,0.000,32.41,32.0,3,2048
70912556,-0.132,-0.132,0.0000,0.0237,0.0000,0.0159,0.000,32.41,32.0,3,2048
70913927,-0.132,-0.132,0.0000,0.0526,0.0000,0.0115,0.000,32.41,32.0,3,2048
70914562,-0.132,-0.132,0.0000,0.0648,0.0000,-0.0027,0.000,32.41,32.0,3,2048
70915898,-0.132,-0.132,0.0000,-0.0191,0.0000,0.0082,0.000,32.41,32.0,3,2048
70916559,-0.132,-0.132,0.0000,0.0938,0.0000,0.0049,0.000,32.41,32.0,3,2048
70917613,-0.132,-0.132,0.0000,0.1137,0.0000,0.0005,0.000,32.41,32.0,3,2048
70918885,-0.132,-0.132,0.0000,-0.0465,0.0000,0.0115,0.000,32.41,32.0,3,2048
70919575,-0.132,-0.132,0.0000,-0.0740,0.0000,0.0214,0.000,32.41,32.0,3,2048
70920560,-0.132,-0.132,0.0000,-0.0450,0.0000,0.0005,0.000,32.41,32.0,3,2048
70921608,-0.132,-0.132,0.0000,0.0694,0.0000,-0.0060,0.000,32.41,32.0,3,2048
70922561,-0.132,-0.132,0.0000,0.0023,0.0000,0.0005,0.000,32.41,32.0,3,2048
70923896,-0.132,-0.132,0.0000,0.0267,0.0000,0.0137,0.000,32.41,32.0,3,2048
70924558,-0.132,-0.132,0.0000,-0.0511,0.0000,0.0566,0.000,32.41,32.0,3,2048
70925613,-0.132,-0.132,0.0000,-0.0023,0.0000,-0.0489,0.000,32.41,32.0,3,2048
70926561,-0.132,-0.132,0.0000,0.0145,0.0000,-0.0214,0.000,32.41,32.0,3,2048
70927571,-0.132,-0.132,0.0000,0.1518,0.0000,0.0093,0.000,32.41,32.0,3,2048
70928879,-0.132,-0.132,0.0000,0.0053,0.0000,0.0203,0.000,32.41,32.0,3,2048
70929679,-0.132,-0.132,0.0000,-0.0542,0.0000,-0.0005,0.000,32.41,32.0,3,2048
70930561,-0.132,-0.132,0.0000,-0.0572,0.0000,-0.0269,0.000,32.41,32.0,3,2048
70931873,-0.132,-0.132,0.0000,0.1091,0.0000,-0.0082,0.000,32.41,32.0,3,2048
70932556,-0.132,-0.132,0.0000,-0.0221,0.0000,0.0544,0.000,32.41,32.0,3,2048
70933879,-0.132,-0.132,0.0000,0.0069,0.0000,0.0478,0.000,32.41,32.0,3,2048
70934626,-0.132,-0.132,0.0000,0.0801,0.0000,0.0038,0.000,32.41,32.0,3,2048
70935912,-0.132,-0.132,0.0000,-0.0877,0.0000,0.0115,0.000,32.41,32.0,3,2048
70936628,-0.132,-0.132,0.0000,-0.0862,0.0000,-0.0170,0.000,32.41,32.0,3,2048
70937590,-0.132,-0.132,0.0000,0.0572,0.0000,-0.0016,0.000,32.41,32.0,3,2048
70938906,-0.132,-0.132,0.0000,-0.1030,0.0000,-0.0060,0.000,32.41,32.0,3,2048
70939587,-0.132,-0.132,0.0000,0.0679,0.0000,-0.0049,0.000,32.41,32.0,3,2048
70940659,-0.132,-0.132,0.0000,0.0725,0.0000,0.0038,0.000,32.41,32.0,3,2048
70941556,-0.132,-0.132,0.0000,-0.0832,0.0000,0.0049,0.000,32.41,32.0,3,2048
70942572,-0.132,-0.132,0.0000,0.0267,0.0000,-0.0368,0.000,32.41,32.0,3,2048
70943939,-0.132,-0.132,0.0000,0.1701,0.0000,0.0159,0.000,32.41,32.0,3,2048
70944588,-0.132,-0.132,0.0000,0.1595,0.0000,0.0302,0.000,32.41,32.0,3,2048
70945590,-0.132,-0.132,0.0000,0.0191,0.0000,0.0137,0.000,32.41,32.0,3,2048
70946582,-0.132,-0.132,0.0000,-0.0511,0.0000,-0.0192,0.000,32.41,32.0,3,2048
70947582,-0.132,-0.132,0.0000,0.0908,0.0000,-0.0027,0.000,32.41,32.0,3,2048
70948901,-0.132,-0.132,0.0000,0.0114,0.0000,0.0115,0.000,32.41,32.0,3,2048
70949587,-0.132,-0.132,0.0000,-0.0023,0.0000,0.0104,0.000,32.41,32.0,3,2048
70950587,-0.132,-0.132,0.0000,0.1259,0.0000,0.0137,0.000,32.41,32.0,3,2048
70951910,-0.132,-0.132,0.0000,-0.0313,0.0000,0.0291,0.000,32.41,32.0,3,2048
70952578,-0.132,-0.132,0.0000,0.0328,0.0000,0.0148,0.000,32.41,32.0,3,2048
70953878,-0.132,-0.132,0.0000,-0.0053,0.0000,0.0126,0.000,32.41,32.0,3,2048
70954565,-0.132,-0.132,0.0000,0.0114,0.0000,0.0500,0.000,32.41,32.0,3,2048
70955934,-0.132,-0.132,0.0000,-0.0099,0.0000,0.0159,0.000,32.41,32.0,3,2048
70956611,-0.132,-0.132,0.0000,-0.0603,0.0000,-0.0038,0.000,32.41,32.0,3,2048
70957615,-0.132,-0.132,0.0000,0.0526,0.0000,0.0104,0.000,32.41,32.0,3,2048
70958884,-0.132,-0.132,0.0000,0.0572,0.0000,-0.0159,0.000,32.41,32.0,3,2048
70959620,-0.132,-0.132,0.0000,0.0069,0.0000,0.0071,0.000,32.41,32.0,3,2048
70960560,-0.132,-0.132,0.0000,-0.0862,0.0000,0.0148,0.000,32.41,32.0,3,2048
70961571,-0.132,-0.132,0.0000,-0.0481,0.0000,-0.0291,0.000,32.41,32.0,3,2048
70962555,-0.132,-0.132,0.0000,0.1106,0.0000,0.0357,0.000,32.41,32.0,3,2048
70963928,-0.132,-0.132,0.0000,0.0481,0.0000,0.0225,0.000,32.41,32.0,3,2048
70964559,-0.132,-0.132,0.0000,-0.0633,0.0000,-0.0104,0.000,32.41,32.0,3,2048
70965576,-0.132,-0.132,0.0000,0.1076,0.0000,-0.0104,0.000,32.41,32.0,3,2048
70966555,-0.132,-0.132,0.0000,-0.0130,0.0000,-0.0049,0.000,32.41,32.0,3,2048
70967610,-0.132,-0.132,0.0000,-0.0465,0.0000,0.0082,0.000,32.41,32.0,3,2048
70968882,-0.132,-0.132,0.0000,-0.0465,0.0000,-0.0060,0.000,32.41,32.0,3,2048
70969575,-0.132,-0.132,0.0000,-0.0816,0.0000,-0.0082,0.000,32.41,32.0,3,2048
70970560,-0.132,-0.132,0.0000,-0.0175,0.0000,-0.0115,0.000,32.41,32.0,3,2048
70971925,-0.132,-0.132,0.0000,-0.0267,0.0000,0.0280,0.000,32.41,32.0,3,2048
70972559,-0.132,-0.132,0.0000,0.0084,0.0000,-0.0456,0.000,32.41,32.0,3,2048
70973896,-0.132,-0.132,0.0000,-0.0389,0.0000,-0.0357,0.000,32.41,32.0,3,2048
70974558,-0.132,-0.132,0.0000,0.1091,0.0000,0.0071,0.000,32.41,32.0,3,2048
70975937,-0.132,-0.132,0.0000,0.0710,0.0000,0.0181,0.000,32.41,32.0,3,2048
70976556,-0.132,-0.132,0.0000,0.1656,0.0000,0.0203,0.000,32.41,32.0,3,2048
70977576,-0.132,-0.132,0.0000,0.0526,0.0000,-0.0005,0.000,32.41,32.0,3,2048
70978878,-0.132,-0.132,0.0000,-0.0496,0.0000,0.0203,0.000,32.41,32.0,3,2048
70979657,-0.132,-0.132,0.0000,0.0908,0.0000,0.0335,0.000,32.41,32.0,3,2048
70980600,-0.132,-0.132,0.0000,-0.0206,0.0000,-0.0071,0.000,32.41,32.0,3,2048
70981558,-0.132,-0.132,0.0000,0.0023,0.0000,-0.0071,0.000,32.41,32.0,3,2048
70982616,-0.132,-0.132,0.0000,0.1442,0.0000,0.0291,0.000,32.41,32.0,3,2048
70983908,-0.132,-0.132,0.0000,0.0145,0.0000,-0.0049,0.000,32.41,32.0,3,2048
70984587,-0.132,-0.132,0.0000,0.0420,0.0000,0.0313,0.000,32.41,32.0,3,2048
70985586,-0.132,-0.132,0.0000,-0.0587,0.0000,0.0192,0.000,32.41,32.0,3,2048
70986581,-0.132,-0.132,0.0000,0.0038,0.0000,0.0038,0.000,32.41,32.0,3,2048
70987581,-0.132,-0.132,0.0000,0.0084,0.0000,-0.0016,0.000,32.41,32.0,3,2048
70988902,-0.132,-0.132,0.0000,-0.0496,0.0000,0.0159,0.000,32.41,32.0,3,2048
70989584,-0.132,-0.132,0.0000,0.0008,0.0000,0.0159,0.000,32.41,32.0,3,2048
70990587,-0.132,-0.132,0.0000,0.1060,0.0000,-0.0016,0.000,32.41,32.0,3,2048
70991910,-0.132,-0.132,0.0000,-0.0923,0.0000,0.0445,0.000,32.41,32.0,3,2048
70992558,-0.132,-0.132,0.0000,0.1442,0.0000,-0.0137,0.000,32.41,32.0,3,2048
70993881,-0.132,-0.132,0.0000,0.0969,0.0000,-0.0368,0.000,32.41,32.0,3,2048
70994607,-0.132,-0.132,0.0000,-0.0206,0.0000,0.0049,0.000,32.41,32.0,3,2048
70995928,-0.132,-0.132,0.0000,-0.0725,0.0000,0.0049,0.000,32.41,32.0,3,2048
70996607,-0.132,-0.132,0.0000,-0.0221,0.0000,0.0005,0.000,32.41,32.0,3,2048
70997613,-0.132,-0.132,0.0000,-0.0328,0.0000,0.0181,0.000,32.41,32.0,3,2048
70998882,-0.132,-0.132,0.0000,-0.0298,0.0000,-0.0071,0.000,32.41,32.0,3,2048
70999621,-0.132,-0.132,0.0000,-0.0099,0.0000,-0.0104,0.000,32.41,32.0,3,2048
71000563,-0.132,-0.132,0.0000,0.0511,0.0000,-0.0280,0.000,32.41,32.0,3,2048
71001571,-0.132,-0.132,0.0000,-0.0191,0.0000,0.0126,0.000,32.41,32.0,3,2048
71002555,-0.132,-0.132,0.0000,-0.0313,0.0000,0.0060,0.000,32.41,32.0,3,2048
71003926,-0.132,-0.132,0.0000,0.0999,0.0000,0.0060,0.000,32.41,32.0,3,2048
71004563,-0.132,-0.132,0.0000,0.0954,0.0000,0.0038,0.000,32.41,32.0,3,2048
71005576,-0.132,-0.132,0.0000,-0.0603,0.0000,-0.0093,0.000,32.41,32.0,3,2048
71006555,-0.132,-0.132,0.0000,-0.0008,0.0000,0.0148,0.000,32.41,32.0,3,2048
71007605,-0.132,-0.132,0.0000,-0.0435,0.0000,-0.0005,0.000,32.41,32.0,3,2048
71008887,-0.132,-0.132,0.0000,0.0221,0.0000,-0.0258,0.000,32.41,32.0,3,2048
71009575,-0.132,-0.132,0.0000,-0.1045,0.0000,0.0170,0.000,32.41,32.0,3,2048
71010560,-0.132,-0.132,0.0000,0.0114,0.0000,-0.0005,0.000,32.41,32.0,3,2048
71011920,-0.132,-0.132,0.0000,-0.1473,0.0000,-0.0016,0.000,32.41,32.0,3,2048
71012563,-0.132,-0.132,0.0000,0.1579,0.0000,-0.0005,0.000,32.41,32.0,3,2048
71013897,-0.132,-0.132,0.0000,0.0893,0.0000,-0.0203,0.000,32.41,32.0,3,2048
71014558,-0.132,-0.132,0.0000,-0.0069,0.0000,-0.0082,0.000,32.41,32.0,3,2048
71015934,-0.132,-0.132,0.0000,0.1946,0.0000,0.0126,0.000,32.41,32.0,3,2048
71016559,-0.132,-0.132,0.0000,-0.0481,0.0000,-0.0159,0.000,32.41,32.0,3,2048
71017576,-0.132,-0.132,0.0000,-0.0099,0.0000,0.0027,0.000,32.41,32.0,3,2048
71018877,-0.132,-0.132,0.0000,-0.0252,0.0000,0.0390,0.000,32.41,32.0,3,2048
71019609,-0.132,-0.132,0.0000,0.0954,0.0000,0.0181,0.000,32.41,32.0,3,2048
71020563,-0.132,-0.132,0.0000,-0.0862,0.0000,0.0038,0.000,32.41,32.0,3,2048
71021571,-0.132,-0.132,0.0000,-0.0923,0.0000,0.0016,0.000,32.41,32.0,3,2048
71022555,-0.132,-0.132,0.0000,0.1076,0.0000,-0.0049,0.000,32.41,32.0,3,2048
71023925,-0.132,-0.132,0.0000,-0.0343,0.0000,-0.0225,0.000,32.41,32.0,3,2048
71024563,-0.132,-0.132,0.0000,0.0191,0.0000,-0.0170,0.000,32.41,32.0,3,2048
71025576,-0.132,-0.132,0.0000,-0.0237,0.0000,-0.0005,0.000,32.41,32.0,3,2048
71026555,-0.132,-0.132,0.0000,0.0572,0.0000,0.0170,0.000,32.41,32.0,3,2048
71027605,-0.132,-0.132,0.0000,-0.0069,0.0000,-0.0170,0.000,32.41,32.0,3,2048
71028888,-0.132,-0.132,0.0000,-0.0359,0.0000,-0.0027,0.000,32.41,32.0,3,2048
71029575,-0.132,-0.132,0.0000,0.0877,0.0000,0.0115,0.000,32.41,32.0,3,2048
71030560,-0.132,-0.132,0.0000,0.0557,0.0000,-0.0104,0.000,32.41,32.0,3,2048
71031996,-0.132,-0.132,0.0000,-0.0679,0.0000,-0.0115,0.000,32.41,32.0,3,2048
71032558,-0.132,-0.132,0.0000,0.1045,0.0000,0.0181,0.000,32.41,32.0,3,2048
71033881,-0.132,-0.132,0.0000,0.1122,0.0000,0.0005,0.000,32.41,32.0,3,2048
71034554,-0.132,-0.132,0.0000,-0.0923,0.0000,-0.0170,0.000,32.41,32.0,3,2048
71035885,-0.132,-0.132,0.0000,0.0328,0.0000,-0.0049,0.000,32.41,32.0,3,2048
71036626,-0.132,-0.132,0.0000,-0.1747,0.0000,-0.0203,0.000,32.41,32.0,3,2048
71037588,-0.132,-0.132,0.0000,0.1060,0.0000,-0.0038,0.000,32.41,32.0,3,2048
71038941,-0.132,-0.132,0.0000,-0.0542,0.0000,0.0258,0.000,32.41,32.0,3,2048
71039894,-0.132,-0.132,0.0000,0.0420,0.0000,0.0093,0.000,32.41,32.0,3,2048
71040893,-0.132,-0.132,0.0000,0.0298,0.0000,-0.0071,0.000,32.41,32.0,3,2048
71041891,-0.132,-0.132,0.0000,0.1610,0.0000,0.0104,0.000,32.41,32.0,3,2048
71042893,-0.132,-0.132,0.0000,0.0069,0.0000,0.0203,0.000,32.41,32.0,3,2048
71044300,-0.132,-0.132,0.0000,-0.1213,0.0000,0.0225,0.000,32.41,32.0,3,2048
71044881,-0.132,-0.132,0.0000,-0.0526,0.0000,-0.0280,0.000,32.41,32.0,3,2048
71045880,-0.132,-0.132,0.0000,-0.0267,0.0000,-0.0225,0.000,32.41,32.0,3,2048
71046882,-0.132,-0.132,0.0000,0.0328,0.0000,0.0291,0.000,32.41,32.0,3,2048
71047912,-0.132,-0.132,0.0000,0.0679,0.0000,-0.0126,0.000,32.41,32.0,3,2048
71049218,-0.132,-0.132,0.0000,-0.0084,0.0000,-0.0148,0.000,32.41,32.0,3,2048
71049890,-0.132,-0.132,0.0000,-0.0664,0.0000,-0.0225,0.000,32.41,32.0,3,2048
71050894,-0.132,-0.132,0.0000,0.0465,0.0000,-0.0115,0.000,32.41,32.0,3,2048
71052212,-0.132,-0.132,0.0000,0.0755,0.0000,0.0126,0.000,32.41,32.0,3,2048
71052583,-0.132,-0.132,0.0000,-0.0191,0.0000,-0.0038,0.000,32.41,32.0,3,2048
71053902,-0.132,-0.132,0.0000,0.0343,0.0000,-0.0071,0.000,32.41,32.0,3,2048
71054588,-0.132,-0.132,0.0000,-0.0450,0.0000,0.0214,0.000,32.41,32.0,3,2048
71055907,-0.132,-0.132,0.0000,-0.0084,0.0000,-0.0214,0.000,32.41,32.0,3,2048
71056588,-0.132,-0.132,0.0000,-0.0160,0.0000,0.0159,0.000,32.41,32.0,3,2048
71057587,-0.132,-0.132,0.0000,0.0648,0.0000,-0.0269,0.000,32.41,32.0,3,2048
71058902,-0.132,-0.132,0.0000,0.1335,0.0000,0.0236,0.000,32.41,32.0,3,2048
71059602,-0.132,-0.132,0.0000,-0.0587,0.0000,-0.0049,0.000,32.41,32.0,3,2048
71060560,-0.132,-0.132,0.0000,0.0130,0.0000,-0.0137,0.000,32.41,32.0,3,2048
71061555,-0.132,-0.132,0.0000,-0.0511,0.0000,0.0280,0.000,32.41,32.0,3,2048
71062607,-0.132,-0.132,0.0000,0.0771,0.0000,-0.0104,0.000,32.41,32.0,3,2048
71063925,-0.132,-0.132,0.0000,-0.0694,0.0000,0.0148,0.000,32.41,32.0,3,2048
71064809,-0.132,-0.132,0.0000,-0.0008,0.0000,-0.0038,0.000,32.41,32.0,3,2048
71065880,-0.132,-0.132,0.0000,-0.0359,0.0000,0.0071,0.000,32.41,32.0,3,2048
71066877,-0.132,-0.132,0.0000,0.0557,0.0000,0.0192,0.000,32.41,32.0,3,2048
71067919,-0.132,-0.132,0.0000,-0.0221,0.0000,-0.0225,0.000,32.41,32.0,3,2048
71069210,-0.132,-0.132,0.0000,0.0664,0.0000,0.0390,0.000,32.41,32.0,3,2048
71069885,-0.132,-0.132,0.0000,-0.0191,0.0000,-0.0060,0.000,32.41,32.0,3,2048
71070879,-0.132,-0.132,0.0000,0.0313,0.0000,0.0170,0.000,32.41,32.0,3,2048
71072233,-0.132,-0.132,0.0000,-0.0206,0.0000,-0.0126,0.000,32.41,32.0,3,2048
71072556,-0.132,-0.132,0.0000,-0.0221,0.0000,0.0093,0.000,32.41,32.0,3,2048
71073901,-0.132,-0.132,0.0000,0.0496,0.0000,-0.0016,0.000,32.41,32.0,3,2048
71074557,-0.132,-0.132,0.0000,-0.0359,0.0000,0.0137,0.000,32.41,32.0,3,2048
71075935,-0.132,-0.132,0.0000,-0.0084,0.0000,0.0060,0.000,32.41,32.0,3,2048
71076562,-0.132,-0.132,0.0000,0.0221,0.0000,-0.0225,0.000,32.41,32.0,3,2048
71077576,-0.132,-0.132,0.0000,0.0908,0.0000,0.0258,0.000,32.41,32.0,3,2048
71078874,-0.132,-0.132,0.0000,-0.0771,0.0000,0.0016,0.000,32.41,32.0,3,2048
71079610,-0.132,-0.132,0.0000,0.0633,0.0000,-0.0225,0.000,32.41,32.0,3,2048
71080560,-0.132,-0.132,0.0000,0.0114,0.0000,0.0027,0.000,32.41,32.0,3,2048
71081673,-0.132,-0.132,0.0000,-0.0816,0.0000,-0.0137,0.000,32.41,32.0,3,2048
71082555,-0.132,-0.132,0.0000,0.0847,0.0000,-0.0093,0.000,32.41,32.0,3,2048
71083883,-0.132,-0.132,0.0000,-0.0450,0.0000,-0.0247,0.000,32.41,32.0,3,2048
71084555,-0.132,-0.132,0.0000,-0.0084,0.0000,0.0412,0.000,32.41,32.0,3,2048
71085625,-0.132,-0.132,0.0000,-0.0038,0.0000,-0.0313,0.000,32.41,32.0,3,2048
71086589,-0.132,-0.132,0.0000,-0.0587,0.0000,0.0038,0.000,32.41,32.0,3,2048
71087625,-0.132,-0.132,0.0000,-0.0145,0.0000,-0.0038,0.000,32.41,32.0,3,2048
71088905,-0.132,-0.132,0.0000,-0.0710,0.0000,0.0016,0.000,32.41,32.0,3,2048
71089585,-0.132,-0.132,0.0000,0.0908,0.0000,0.0203,0.000,32.41,32.0,3,2048
71090589,-0.132,-0.132,0.0000,0.0267,0.0000,-0.0060,0.000,32.41,32.0,3,2048
71091974,-0.132,-0.132,0.0000,-0.1030,0.0000,0.0170,0.000,32.41,32.0,3,2048
71092556,-0.132,-0.132,0.0000,-0.0206,0.0000,-0.0159,0.000,32.41,32.0,3,2048
71093878,-0.132,-0.132,0.0000,-0.0450,0.0000,-0.0115,0.000,32.41,32.0,3,2048
71094627,-0.132,-0.132,0.0000,0.0816,0.0000,0.0027,0.000,32.41,32.0,3,2048
71095911,-0.132,-0.132,0.0000,0.0725,0.0000,-0.0071,0.000,32.41,32.0,3,2048
71096587,-0.132,-0.132,0.0000,-0.0069,0.0000,-0.0115,0.000,32.41,32.0,3,2048
71097587,-0.132,-0.132,0.0000,-0.0969,0.0000,-0.0071,0.000,32.41,32.0,3,2048
71098904,-0.132,-0.132,0.0000,0.0221,0.0000,-0.0313,0.000,32.41,32.0,3,2048
71099586,-0.132,-0.132,0.0000,-0.1076,0.0000,0.0269,0.000,32.41,32.0,3,2048
71100589,-0.132,-0.132,0.0000,-0.0252,0.0000,-0.0324,0.000,32.41,32.0,3,2048
71101582,-0.132,-0.132,0.0000,-0.0145,0.0000,0.0379,0.000,32.41,32.0,3,2048
71102583,-0.132,-0.132,0.0000,-0.0511,0.0000,-0.0027,0.000,32.41,32.0,3,2048
71103914,-0.132,-0.132,0.0000,-0.0435,0.0000,0.0148,0.000,32.41,32.0,3,2048
71104559,-0.132,-0.132,0.0000,-0.0511,0.0000,0.0027,0.000,32.41,32.0,3,2048
71105560,-0.132,-0.132,0.0000,0.0069,0.0000,-0.0423,0.000,32.41,32.0,3,2048
71106606,-0.132,-0.132,0.0000,0.0938,0.0000,0.0060,0.000,32.41,32.0,3,2048
71107602,-0.132,-0.132,0.0000,-0.0420,0.0000,0.0236,0.000,32.41,32.0,3,2048
71108927,-0.132,-0.132,0.0000,0.0023,0.0000,0.0115,0.000,32.41,32.0,3,2048
71109558,-0.132,-0.132,0.0000,-0.0999,0.0000,-0.0093,0.000,32.41,32.0,3,2048
71110626,-0.132,-0.132,0.0000,0.0740,0.0000,0.0038,0.000,32.41,32.0,3,2048
71111870,-0.132,-0.132,0.0000,0.0175,0.0000,-0.0225,0.000,32.41,32.0,3,2048
71112572,-0.132,-0.132,0.0000,0.0313,0.0000,-0.0126,0.000,32.41,32.0,3,2048
71113882,-0.132,-0.132,0.0000,-0.0343,0.0000,-0.0181,0.000,32.41,32.0,3,2048
71114614,-0.132,-0.132,0.0000,0.0053,0.0000,0.0038,0.000,32.41,32.0,3,2048
71115888,-0.132,-0.132,0.0000,0.0038,0.0000,0.0005,0.000,32.41,32.0,3,2048
71116571,-0.132,-0.132,0.0000,-0.0221,0.0000,-0.0016,0.000,32.41,32.0,3,2048
71117560,-0.132,-0.132,0.0000,0.0511,0.0000,0.0214,0.000,32.41,32.0,3,2048
71118932,-0.132,-0.132,0.0000,-0.0359,0.0000,0.0049,0.000,32.41,32.0,3,2048
71119559,-0.132,-0.132,0.0000,-0.0557,0.0000,0.0159,0.000,32.41,32.0,3,2048
71120576,-0.132,-0.132,0.0000,-0.0053,0.0000,-0.0093,0.000,32.41,32.0,3,2048
71121555,-0.132,-0.132,0.0000,-0.0801,0.0000,-0.0225,0.000,32.41,32.0,3,2048
71122610,-0.132,-0.132,0.0000,0.0938,0.0000,-0.0060,0.000,32.41,32.0,3,2048
71123884,-0.132,-0.132,0.0000,-0.0740,0.0000,0.0038,0.000,32.41,32.0,3,2048
71124575,-0.132,-0.132,0.0000,0.0450,0.0000,-0.0071,0.000,32.41,32.0,3,2048
71125560,-0.132,-0.132,0.0000,-0.0191,0.0000,-0.0016,0.000,32.41,32.0,3,2048
71126610,-0.132,-0.132,0.0000,-0.0008,0.0000,-0.0005,0.000,32.41,32.0,3,2048
71127558,-0.132,-0.132,0.0000,-0.0694,0.0000,-0.0148,0.000,32.41,32.0,3,2048
71128897,-0.132,-0.132,0.0000,0.0908,0.0000,0.0049,0.000,32.41,32.0,3,2048
71129558,-0.132,-0.132,0.0000,0.0710,0.0000,0.0335,0.000,32.41,32.0,3,2048
71130615,-0.132,-0.132,0.0000,-0.0084,0.0000,-0.0137,0.000,32.41,32.0,3,2048
71131874,-0.132,-0.132,0.0000,0.0267,0.0000,0.0071,0.000,32.41,32.0,3,2048
71132670,-0.132,-0.132,0.0000,-0.0359,0.0000,0.0159,0.000,32.41,32.0,3,2048
71133883,-0.132,-0.132,0.0000,-0.0099,0.0000,0.0192,0.000,32.41,32.0,3,2048
71134556,-0.132,-0.132,0.0000,-0.0526,0.0000,-0.0060,0.000,32.41,32.0,3,2048
71135884,-0.132,-0.132,0.0000,-0.0267,0.0000,-0.0456,0.000,32.41,32.0,3,2048
71136556,-0.132,-0.132,0.0000,0.1503,0.0000,0.0258,0.000,32.41,32.0,3,2048
71137630,-0.132,-0.132,0.0000,-0.0313,0.0000,0.0302,0.000,32.41,32.0,3,2048
71138906,-0.132,-0.132,0.0000,-0.0908,0.0000,-0.0049,0.000,32.41,32.0,3,2048
71139626,-0.132,-0.132,0.0000,0.0740,0.0000,0.0027,0.000,32.41,32.0,3,2048
71140591,-0.132,-0.132,0.0000,0.0145,0.0000,0.0214,0.000,32.41,32.0,3,2048
71141583,-0.132,-0.132,0.0000,0.0481,0.0000,-0.0170,0.000,32.41,32.0,3,2048
71142637,-0.132,-0.132,0.0000,-0.0832,0.0000,-0.0181,0.000,32.41,32.0,3,2048
71143908,-0.132,-0.132,0.0000,-0.0130,0.0000,-0.0093,0.000,32.41,32.0,3,2048
71144559,-0.132,-0.132,0.0000,0.0053,0.0000,0.0093,0.000,32.41,32.0,3,2048
71145630,-0.132,-0.132,0.0000,0.0145,0.0000,-0.0225,0.000,32.41,32.0,3,2048
71146583,-0.132,-0.132,0.0000,-0.0298,0.0000,-0.0247,0.000,32.41,32.0,3,2048
71147582,-0.132,-0.132,0.0000,0.0008,0.0000,0.0104,0.000,32.41,32.0,3,2048
71148898,-0.132,-0.132,0.0000,0.0130,0.0000,-0.0269,0.000,32.41,32.0,3,2048
71149585,-0.132,-0.132,0.0000,-0.0008,0.0000,-0.0016,0.000,32.41,32.0,3,2048
71150586,-0.132,-0.132,0.0000,0.0526,0.0000,-0.0511,0.000,32.41,32.0,3,2048
71151900,-0.132,-0.132,0.0000,-0.0450,0.0000,0.0126,0.000,32.41,32.0,3,2048
71152581,-0.132,-0.132,0.0000,-0.0237,0.0000,0.0027,0.000,32.41,32.0,3,2048
71153900,-0.132,-0.132,0.0000,-0.0389,0.0000,0.0016,0.000,32.41,32.0,3,2048
71154585,-0.132,-0.132,0.0000,-0.0160,0.0000,0.0104,0.000,32.41,32.0,3,2048
71155910,-0.132,-0.132,0.0000,0.0923,0.0000,-0.0071,0.000,32.41,32.0,3,2048
71156559,-0.132,-0.132,0.0000,-0.0053,0.0000,0.0093,0.000,32.41,32.0,3,2048
71157609,-0.132,-0.132,0.0000,0.0984,0.0000,-0.0412,0.000,32.41,32.0,3,2048
71158923,-0.132,-0.132,0.0000,0.0282,0.0000,0.0225,0.000,32.41,32.0,3,2048
71159608,-0.132,-0.132,0.0000,-0.1122,0.0000,0.0104,0.000,32.41,32.0,3,2048
71160613,-0.132,-0.132,0.0000,-0.0145,0.0000,0.0170,0.000,32.41,32.0,3,2048
71161555,-0.132,-0.132,0.0000,0.0526,0.0000,-0.0269,0.000,32.41,32.0,3,2048
71162616,-0.132,-0.132,0.0000,-0.0526,0.0000,0.0126,0.000,32.41,32.0,3,2048
71163885,-0.132,-0.132,0.0000,0.0160,0.0000,0.0148,0.000,32.41,32.0,3,2048
71164574,-0.132,-0.110,0.0000,0.1610,0.0000,-0.0060,0.000,32.41,32.0,3,2048
71165560,-0.132,-0.132,0.0000,-0.0221,0.0000,0.0181,0.000,32.41,32.0,3,2048
71166609,-0.132,-0.132,0.0000,0.0389,0.0000,-0.0148,0.000,32.41,32.0,3,2048
71167556,-0.132,-0.132,0.0000,0.1015,0.0000,0.0192,0.000,32.41,32.0,3,2048
71168901,-0.132,-0.132,0.0000,0.0969,0.0000,0.0181,0.000,32.41,32.0,3,2048
71169557,-0.132,-0.132,0.0000,0.0038,0.0000,0.0225,0.000,32.41,32.0,3,2048
71170614,-0.132,-0.132,0.0000,-0.0160,0.0000,-0.0071,0.000,32.41,32.0,3,2048
71171870,-0.132,-0.132,0.0000,0.0069,0.0000,-0.0082,0.000,32.41,32.0,3,2048
71172572,-0.132,-0.132,0.0000,0.0877,0.0000,-0.0291,0.000,32.41,32.0,3,2048
71173884,-0.132,-0.132,0.0000,0.0557,0.0000,-0.0335,0.000,32.41,32.0,3,2048
71174611,-0.132,-0.132,0.0000,0.0313,0.0000,0.0324,0.000,32.41,32.0,3,2048
71175887,-0.132,-0.132,0.0000,-0.2022,0.0000,-0.0016,0.000,32.41,32.0,3,2048
71176571,-0.132,-0.132,0.0000,0.0099,0.0000,-0.0137,0.000,32.41,32.0,3,2048
71177560,-0.132,-0.132,0.0000,-0.0710,0.0000,-0.0038,0.000,32.41,32.0,3,2048
71178929,-0.132,-0.132,0.0000,-0.0023,0.0000,-0.0038,0.000,32.41,32.0,3,2048
71179563,-0.132,-0.132,0.0000,-0.0267,0.0000,0.0038,0.000,32.41,32.0,3,2048
71180576,-0.132,-0.132,0.0000,-0.0542,0.0000,0.0170,0.000,32.41,32.0,3,2048
71181555,-0.132,-0.132,0.0000,-0.0984,0.0000,0.0016,0.000,32.41,32.0,3,2048
71182677,-0.132,-0.132,0.0000,0.0526,0.0000,-0.0170,0.000,32.41,32.0,3,2048
71183884,-0.132,-0.132,0.0000,0.0038,0.0000,-0.0005,0.000,32.41,32.0,3,2048
71184555,-0.132,-0.132,0.0000,0.0710,0.0000,0.0302,0.000,32.41,32.0,3,2048
71185560,-0.132,-0.132,0.0000,-0.1305,0.0000,0.0115,0.000,32.41,32.0,3,2048
71186555,-0.132,-0.132,0.0000,0.0511,0.0000,0.0016,0.000,32.41,32.0,3,2048
71187626,-0.132,-0.132,0.0000,-0.0801,0.0000,0.0049,0.000,32.41,32.0,3,2048
71188941,-0.132,-0.132,0.0000,0.1823,0.0000,0.0159,0.000,32.41,32.0,3,2048
71189589,-0.132,-0.132,0.0000,-0.1320,0.0000,-0.0313,0.000,32.41,32.0,3,2048
71190591,-0.132,-0.132,0.0000,0.0237,0.0000,0.0071,0.000,32.41,32.0,3,2048
71191903,-0.132,-0.132,0.0000,-0.0633,0.0000,0.0104,0.000,32.41,32.0,3,2048
71192638,-0.132,-0.132,0.0000,0.0542,0.0000,0.0126,0.000,32.41,32.0,3,2048
71193902,-0.132,-0.132,0.0000,0.0481,0.0000,0.0049,0.000,32.41,32.0,3,2048
71194557,-0.132,-0.132,0.0000,0.1762,0.0000,0.0082,0.000,32.41,32.0,3,2048
71195947,-0.132,-0.132,0.0000,0.0267,0.0000,0.0038,0.000,32.41,32.0,3,2048
71196589,-0.132,-0.132,0.0000,0.0221,0.0000,0.0159,0.000,32.41,32.0,3,2048
71197586,-0.132,-0.132,0.0000,-0.0725,0.0000,0.0258,0.000,32.41,32.0,3,2048
71198898,-0.132,-0.132,0.0000,0.0832,0.0000,-0.0060,0.000,32.41,32.0,3,2048
71199585,-0.132,-0.132,0.0000,0.0130,0.0000,0.0038,0.000,32.41,32.0,3,2048
71200585,-0.132,-0.132,0.0000,0.0786,0.0000,0.0236,0.000,32.41,32.0,3,2048
71201580,-0.132,-0.132,0.0000,-0.0084,0.0000,0.0159,0.000,32.41,32.0,3,2048
71202580,-0.132,-0.132,0.0000,-0.0587,0.0000,-0.0302,0.000,32.41,32.0,3,2048
71203901,-0.132,-0.132,0.0000,-0.0587,0.0000,0.0049,0.000,32.41,32.0,3,2048
71204586,-0.132,-0.132,0.0000,-0.0572,0.0000,-0.0016,0.000,32.41,32.0,3,2048
71205589,-0.132,-0.132,0.0000,-0.1289,0.0000,0.0126,0.000,32.41,32.0,3,2048
71206560,-0.132,-0.132,0.0000,0.1381,0.0000,-0.0126,0.000,32.41,32.0,3,2048
71207597,-0.132,-0.132,0.0000,-0.1961,0.0000,-0.0126,0.000,32.41,32.0,3,2048
71208919,-0.132,-0.132,0.0000,-0.0206,0.0000,0.0093,0.000,32.41,32.0,3,2048
71209607,-0.132,-0.132,0.0000,-0.0435,0.0000,-0.0027,0.000,32.41,32.0,3,2048
71210612,-0.132,-0.132,0.0000,-0.0557,0.0000,0.0137,0.000,32.41,32.0,3,2048
71211874,-0.132,-0.132,0.0000,-0.0725,0.0000,-0.0478,0.000,32.41,32.0,3,2048
71212615,-0.132,-0.132,0.0000,0.0481,0.0000,-0.0093,0.000,32.41,32.0,3,2048
71213887,-0.132,-0.132,0.0000,-0.0542,0.0000,-0.0071,0.000,32.41,32.0,3,2048
71214574,-0.132,-0.132,0.0000,0.0130,0.0000,-0.0126,0.000,32.41,32.0,3,2048
71215886,-0.132,-0.132,0.0000,-0.0557,0.0000,-0.0181,0.000,32.41,32.0,3,2048
71216607,-0.132,-0.132,0.0000,-0.0175,0.0000,-0.0302,0.000,32.41,32.0,3,2048
71217563,-0.132,-0.132,0.0000,0.0587,0.0000,-0.0027,0.000,32.41,32.0,3,2048
71218900,-0.132,-0.132,0.0000,-0.0145,0.0000,0.0016,0.000,32.41,32.0,3,2048
71219557,-0.132,-0.132,0.0000,0.0206,0.0000,0.0159,0.000,32.41,32.0,3,2048
71220612,-0.132,-0.132,0.0000,-0.0908,0.0000,-0.0060,0.000,32.41,32.0,3,2048
71221558,-0.132,-0.132,0.0000,-0.0221,0.0000,0.0005,0.000,32.41,32.0,3,2048
71222571,-0.132,-0.132,0.0000,0.0603,0.0000,0.0071,0.000,32.41,32.0,3,2048
71223883,-0.132,-0.132,0.0000,0.0938,0.0000,0.0071,0.000,32.41,32.0,3,2048
71224609,-0.132,-0.132,0.0000,-0.0084,0.0000,-0.0247,0.000,32.41,32.0,3,2048
71225563,-0.132,-0.132,0.0000,-0.0267,0.0000,-0.0038,0.000,32.41,32.0,3,2048
71226571,-0.132,-0.132,0.0000,-0.0084,0.0000,0.0214,0.000,32.41,32.0,3,2048
71227555,-0.132,-0.132,0.0000,-0.0221,0.0000,-0.0093,0.000,32.41,32.0,3,2048
71228927,-0.132,-0.132,0.0000,0.0801,0.0000,0.0027,0.000,32.41,32.0,3,2048
71229565,-0.132,-0.132,0.0000,0.0481,0.0000,0.0016,0.000,32.41,32.0,3,2048
71230576,-0.132,-0.132,0.0000,-0.0954,0.0000,0.0016,0.000,32.41,32.0,3,2048
71231868,-0.132,-0.132,0.0000,0.0664,0.0000,-0.0214,0.000,32.41,32.0,3,2048
71232679,-0.132,-0.132,0.0000,0.0877,0.0000,0.0302,0.000,32.41,32.0,3,2048
71233884,-0.132,-0.132,0.0000,0.0755,0.0000,0.0137,0.000,32.41,32.0,3,2048
71234554,-0.132,-0.132,0.0000,0.0404,0.0000,0.0038,0.000,32.41,32.0,3,2048
71235885,-0.132,-0.132,0.0000,0.0542,0.0000,-0.0357,0.000,32.41,32.0,3,2048
71236555,-0.132,-0.132,0.0000,0.1488,0.0000,0.0192,0.000,32.41,32.0,3,2048
71237631,-0.132,-0.132,0.0000,-0.0008,0.0000,-0.0060,0.000,32.41,32.0,3,2048
71238905,-0.132,-0.132,0.0000,0.0450,0.0000,0.0214,0.000,32.41,32.0,3,2048
71239629,-0.132,-0.132,0.0000,0.0053,0.0000,-0.0104,0.000,32.41,32.0,3,2048
71240590,-0.132,-0.132,0.0000,0.0755,0.0000,0.0093,0.000,32.41,32.0,3,2048
71241583,-0.132,-0.132,0.0000,0.0175,0.0000,-0.0060,0.000,32.41,32.0,3,2048
71242585,-0.132,-0.132,0.0000,-0.0069,0.0000,-0.0071,0.000,32.41,32.0,3,2048
71243972,-0.132,-0.132,0.0000,-0.0404,0.0000,0.0225,0.000,32.41,32.0,3,2048
71244563,-0.132,-0.132,0.0000,0.0801,0.0000,0.0049,0.000,32.41,32.0,3,2048
71245560,-0.132,-0.132,0.0000,-0.0816,0.0000,0.0093,0.000,32.41,32.0,3,2048
71246621,-0.132,-0.132,0.0000,0.0908,0.0000,0.0027,0.000,32.41,32.0,3,2048
71247585,-0.132,-0.132,0.0000,-0.0282,0.0000,-0.0060,0.000,32.41,32.0,3,2048
71248903,-0.132,-0.132,0.0000,-0.0359,0.0000,-0.0005,0.000,32.41,32.0,3,2048
71249588,-0.132,-0.132,0.0000,-0.0084,0.0000,0.0159,0.000,32.41,32.0,3,2048
71250587,-0.132,-0.132,0.0000,0.0481,0.0000,0.0126,0.000,32.41,32.0,3,2048
71251900,-0.132,-0.132,0.0000,-0.0038,0.0000,0.0082,0.000,32.41,32.0,3,2048
71252583,-0.132,-0.132,0.0000,0.1289,0.0000,0.0258,0.000,32.41,32.0,3,2048
71253902,-0.132,-0.132,0.0000,0.1640,0.0000,0.0115,0.000,32.41,32.0,3,2048
71254588,-0.132,-0.132,0.0000,0.0084,0.0000,-0.0170,0.000,32.41,32.0,3,2048
71255924,-0.132,-0.132,0.0000,-0.0908,0.0000,0.0170,0.000,32.41,32.0,3,2048
71256557,-0.132,-0.132,0.0000,-0.0450,0.0000,0.0093,0.000,32.41,32.0,3,2048
71257560,-0.132,-0.132,0.0000,0.1213,0.0000,-0.0027,0.000,32.41,32.0,3,2048
71258925,-0.132,-0.132,0.0000,-0.1503,0.0000,-0.0225,0.000,32.41,32.0,3,2048
71259941,-0.132,-0.132,0.0000,0.0282,0.0000,0.0082,0.000,32.41,32.0,3,2048
71260939,-0.132,-0.132,0.0000,-0.0252,0.0000,0.0137,0.000,32.41,32.0,3,2048
71261942,-0.132,-0.132,0.0000,0.0526,0.0000,-0.0082,0.000,32.41,32.0,3,2048
71262873,-0.132,-0.132,0.0000,-0.1534,0.0000,-0.0203,0.000,32.41,32.0,3,2048
71264245,-0.132,-0.132,0.0000,0.0816,0.0000,0.0093,0.000,32.27,32.0,3,2048
71264875,-0.132,-0.132,0.0000,-0.0023,0.0000,-0.0005,0.000,32.27,32.0,3,2048
71265880,-0.132,-0.132,0.0000,0.0221,0.0000,0.0324,0.000,32.27,32.0,3,2048
71266875,-0.132,-0.132,0.0000,0.0481,0.0000,-0.0225,0.000,32.27,32.0,3,2048
71267907,-0.132,-0.132,0.0000,-0.0450,0.0000,0.0104,0.000,32.27,32.0,3,2048
71269202,-0.132,-0.132,0.0000,-0.0038,0.0000,0.0313,0.000,32.27,32.0,3,2048
71269882,-0.132,-0.132,0.0000,-0.0221,0.0000,-0.0082,0.000,32.27,32.0,3,2048
71270873,-0.132,-0.132,0.0000,0.0603,0.0000,0.0126,0.000,32.27,32.0,3,2048
71272227,-0.132,-0.132,0.0000,0.0252,0.0000,0.0137,0.000,32.27,32.0,3,2048
71272559,-0.132,-0.132,0.0000,-0.0450,0.0000,-0.0027,0.000,32.27,32.0,3,2048
71273897,-0.132,-0.132,0.0000,0.0282,0.0000,0.0302,0.000,32.27,32.0,3,2048
71274561,-0.132,-0.132,0.0000,-0.0069,0.0000,-0.0027,0.000,32.27,32.0,3,2048
71275935,-0.132,-0.132,0.0000,-0.0038,0.0000,-0.0071,0.000,32.27,32.0,3,2048
71276558,-0.132,-0.132,0.0000,-0.0664,0.0000,0.0016,0.000,32.27,32.0,3,2048
71277576,-0.132,-0.132,0.0000,-0.0801,0.0000,-0.0137,0.000,32.27,32.0,3,2048
71278877,-0.132,-0.132,0.0000,0.0130,0.0000,0.0016,0.000,32.27,32.0,3,2048
71279610,-0.132,-0.132,0.0000,0.0404,0.0000,-0.0005,0.000,32.27,32.0,3,2048
71280560,-0.132,-0.132,0.0000,0.0481,0.0000,0.0005,0.000,32.27,32.0,3,2048
71281571,-0.132,-0.132,0.0000,-0.0374,0.0000,-0.0060,0.000,32.27,32.0,3,2048
71282555,-0.132,-0.132,0.0000,-0.0053,0.0000,-0.0159,0.000,32.27,32.0,3,2048
71283993,-0.132,-0.132,0.0000,0.0298,0.0000,-0.0170,0.000,32.27,32.0,3,2048
71284562,-0.132,-0.132,0.0000,0.0175,0.0000,0.0214,0.000,32.27,32.0,3,2048
71285560,-0.132,-0.132,0.0000,-0.0404,0.0000,0.0148,0.000,32.27,32.0,3,2048
71286568,-0.132,-0.132,0.0000,-0.0664,0.0000,-0.0060,0.000,32.27,32.0,3,2048
71287655,-0.132,-0.132,0.0000,-0.0267,0.0000,-0.0038,0.000,32.27,32.0,3,2048
71288908,-0.132,-0.132,0.0000,-0.0145,0.0000,-0.0104,0.000,32.27,32.0,3,2048
71289584,-0.132,-0.132,0.0000,-0.0359,0.0000,0.0126,0.000,32.27,32.0,3,2048
71290620,-0.132,-0.132,0.0000,0.0298,0.0000,0.0203,0.000,32.27,32.0,3,2048
71291899,-0.132,-0.132,0.0000,0.0374,0.0000,0.0005,0.000,32.27,32.0,3,2048
71292584,-0.132,-0.132,0.0000,-0.0572,0.0000,-0.0082,0.000,32.27,32.0,3,2048
71293905,-0.132,-0.132,0.0000,-0.0832,0.0000,-0.0005,0.000,32.27,32.0,3,2048
71294650,-0.132,-0.132,0.0000,-0.0084,0.0000,0.0016,0.000,32.27,32.0,3,2048
71295886,-0.132,-0.132,0.0000,-0.0542,0.0000,-0.0214,0.000,32.27,32.0,3,2048
71296557,-0.132,-0.132,0.0000,0.0526,0.0000,0.0137,0.000,32.27,32.0,3,2048
71297622,-0.132,-0.132,0.0000,-0.0786,0.0000,0.0445,0.000,32.27,32.0,3,2048
71298906,-0.132,-0.132,0.0000,0.0282,0.0000,-0.0049,0.000,32.27,32.0,3,2048
71299589,-0.132,-0.110,0.0000,0.1717,0.0000,-0.0082,0.000,32.27,32.0,3,2048
71300587,-0.132,-0.132,0.0000,-0.1289,0.0000,0.0313,0.000,32.27,32.0,3,2048
71301582,-0.132,-0.132,0.0000,0.0145,0.0000,-0.0060,0.000,32.27,32.0,3,2048
71302582,-0.132,-0.132,0.0000,-0.1671,0.0000,-0.0181,0.000,32.27,32.0,3,2048
71303903,-0.132,-0.132,0.0000,0.0923,0.0000,0.0203,0.000,32.27,32.0,3,2048
71304588,-0.132,-0.132,0.0000,-0.0633,0.0000,0.0148,0.000,32.27,32.0,3,2048
71305588,-0.132,-0.132,0.0000,-0.0145,0.0000,0.0181,0.000,32.27,32.0,3,2048
71306594,-0.132,-0.132,0.0000,-0.1060,0.0000,-0.0159,0.000,32.27,32.0,3,2048
71307558,-0.132,-0.132,0.0000,0.0633,0.0000,-0.0192,0.000,32.27,32.0,3,2048
71308898,-0.132,-0.132,0.0000,0.1167,0.0000,0.0038,0.000,32.27,32.0,3,2048
71309609,-0.132,-0.132,0.0000,-0.0114,0.0000,0.0313,0.000,32.27,32.0,3,2048
71310611,-0.132,-0.132,0.0000,-0.0938,0.0000,0.0137,0.000,32.27,32.0,3,2048
71311928,-0.132,-0.132,0.0000,0.0633,0.0000,-0.0203,0.000,32.27,32.0,3,2048
71312559,-0.132,-0.132,0.0000,-0.0740,0.0000,0.0181,0.000,32.27,32.0,3,2048
71313936,-0.132,-0.132,0.0000,-0.0145,0.0000,0.0269,0.000,32.27,32.0,3,2048
71314873,-0.132,-0.132,0.0000,0.0160,0.0000,0.0302,0.000,32.27,32.0,3,2048
71316202,-0.132,-0.132,0.0000,-0.1106,0.0000,0.0038,0.000,32.27,32.0,3,2048
71316870,-0.132,-0.132,0.0000,0.0755,0.0000,0.0016,0.000,32.27,32.0,3,2048
71317901,-0.132,-0.132,0.0000,-0.1152,0.0000,-0.0324,0.000,32.27,32.0,3,2048
71319205,-0.132,-0.132,0.0000,0.0328,0.0000,0.0071,0.000,32.27,32.0,3,2048
71319880,-0.132,-0.132,0.0000,0.0954,0.0000,0.0192,0.000,32.27,32.0,3,2048
71320870,-0.132,-0.132,0.0000,-0.0999,0.0000,0.0016,0.000,32.27,32.0,3,2048
71321904,-0.132,-0.132,0.0000,0.1762,0.0000,0.0049,0.000,32.27,32.0,3,2048
71322874,-0.132,-0.132,0.0000,-0.0694,0.0000,-0.0214,0.000,32.27,32.0,3,2048
71324206,-0.132,-0.132,0.0000,-0.0664,0.0000,0.0093,0.000,32.27,32.0,3,2048
71324871,-0.132,-0.132,0.0000,0.0648,0.0000,-0.0137,0.000,32.27,32.0,3,2048
71325902,-0.132,-0.132,0.0000,-0.0282,0.0000,0.0258,0.000,32.27,32.0,3,2048
71326872,-0.132,-0.132,0.0000,-0.0145,0.0000,0.0049,0.000,32.27,32.0,3,2048
71327880,-0.132,-0.132,0.0000,-0.0267,0.0000,-0.0346,0.000,32.27,32.0,3,2048
71329198,-0.132,-0.132,0.0000,-0.0862,0.0000,0.0104,0.000,32.27,32.0,3,2048
71329739,-0.132,-0.132,0.0000,0.0832,0.0000,-0.0038,0.000,32.27,32.0,3,2048
71330894,-0.132,-0.132,0.0000,-0.1305,0.0000,0.0170,0.000,32.27,32.0,3,2048
71332181,-0.132,-0.132,0.0000,0.0298,0.0000,0.0236,0.000,32.27,32.0,3,2048
71332663,-0.132,-0.132,0.0000,-0.0221,0.0000,0.0038,0.000,32.27,32.0,3,2048
71333897,-0.132,-0.132,0.0000,0.0648,0.0000,-0.0115,0.000,32.27,32.0,3,2048
71334559,-0.132,-0.132,0.0000,0.1228,0.0000,0.0082,0.000,32.27,32.0,3,2048
71335882,-0.132,-0.132,0.0000,-0.0755,0.0000,0.0093,0.000,32.27,32.0,3,2048
71336557,-0.132,-0.132,0.0000,-0.0435,0.0000,-0.0203,0.000,32.27,32.0,3,2048
71337620,-0.132,-0.132,0.0000,0.0633,0.0000,0.0258,0.000,32.27,32.0,3,2048
71338912,-0.132,-0.132,0.0000,0.0130,0.0000,0.0005,0.000,32.27,32.0,3,2048
71339625,-0.132,-0.132,0.0000,0.0694,0.0000,-0.0049,0.000,32.27,32.0,3,2048
71340591,-0.132,-0.132,0.0000,-0.0542,0.0000,0.0082,0.000,32.27,32.0,3,2048
71341586,-0.132,-0.132,0.0000,-0.0389,0.0000,-0.0016,0.000,32.27,32.0,3,2048
71342583,-0.132,-0.132,0.0000,0.0038,0.0000,0.0049,0.000,32.27,32.0,3,2048
71343969,-0.132,-0.132,0.0000,-0.0435,0.0000,-0.0170,0.000,32.27,32.0,3,2048
71344563,-0.132,-0.132,0.0000,0.0633,0.0000,0.0379,0.000,32.27,32.0,3,2048
71345560,-0.132,-0.132,0.0000,-0.0160,0.0000,-0.0544,0.000,32.27,32.0,3,2048
71346621,-0.132,-0.132,0.0000,0.0603,0.0000,0.0225,0.000,32.27,32.0,3,2048
71347586,-0.132,-0.132,0.0000,-0.0191,0.0000,-0.0027,0.000,32.27,32.0,3,2048
71348902,-0.132,-0.132,0.0000,0.1503,0.0000,-0.0126,0.000,32.27,32.0,3,2048
71349588,-0.132,-0.132,0.0000,-0.1228,0.0000,0.0390,0.000,32.27,32.0,3,2048
71350587,-0.132,-0.132,0.0000,0.0557,0.0000,0.0005,0.000,32.27,32.0,3,2048
71351902,-0.132,-0.132,0.0000,-0.0633,0.0000,-0.0104,0.000,32.27,32.0,3,2048
71352583,-0.132,-0.132,0.0000,-0.0237,0.0000,-0.0082,0.000,32.27,32.0,3,2048
71353901,-0.132,-0.132,0.0000,0.0130,0.0000,-0.0115,0.000,32.27,32.0,3,2048
71354588,-0.132,-0.132,0.0000,0.0038,0.0000,-0.0192,0.000,32.27,32.0,3,2048
71355921,-0.132,-0.132,0.0000,0.0618,0.0000,-0.0005,0.000,32.27,32.0,3,2048
71356558,-0.132,-0.132,0.0000,-0.0725,0.0000,0.0093,0.000,32.27,32.0,3,2048
71357560,-0.132,-0.132,0.0000,0.0008,0.0000,-0.0016,0.000,32.27,32.0,3,2048
71358927,-0.132,-0.132,0.0000,0.1091,0.0000,-0.0335,0.000,32.27,32.0,3,2048
71359609,-0.132,-0.132,0.0000,-0.0282,0.0000,0.0060,0.000,32.27,32.0,3,2048
71360514,-0.132,-0.132,0.0000,-0.0298,0.0000,-0.0027,0.000,32.27,32.0,3,2048
71361559,-0.132,-0.132,0.0000,0.0648,0.0000,-0.0060,0.000,32.27,32.0,3,2048
71362555,-0.132,-0.132,0.0000,0.0160,0.0000,0.0126,0.000,32.27,32.0,3,2048
71363935,-0.132,-0.132,0.0000,0.0206,0.0000,-0.0049,0.000,32.27,32.0,3,2048
71364870,-0.132,-0.132,0.0000,-0.0237,0.0000,0.0313,0.000,32.27,32.0,3,2048
71365877,-0.132,-0.132,0.0000,0.0664,0.0000,0.0016,0.000,32.27,32.0,3,2048
71366870,-0.132,-0.132,0.0000,0.0175,0.0000,0.0203,0.000,32.27,32.0,3,2048
71367905,-0.132,-0.132,0.0000,0.0237,0.0000,0.0269,0.000,32.27,32.0,3,2048
71369202,-0.132,-0.132,0.0000,0.0786,0.0000,0.0159,0.000,32.27,32.0,3,2048
71369877,-0.132,-0.132,0.0000,-0.0526,0.0000,-0.0412,0.000,32.27,32.0,3,2048
71370870,-0.132,-0.132,0.0000,0.0160,0.0000,0.0258,0.000,32.27,32.0,3,2048
71372226,-0.132,-0.132,0.0000,-0.0206,0.0000,-0.0027,0.000,32.27,32.0,3,2048
71372562,-0.132,-0.132,0.0000,0.0145,0.0000,0.0126,0.000,32.27,32.0,3,2048
71373898,-0.132,-0.132,0.0000,0.0954,0.0000,0.0027,0.000,32.27,32.0,3,2048
71374561,-0.132,-0.132,0.0000,-0.0511,0.0000,-0.0522,0.000,32.27,32.0,3,2048
71375933,-0.132,-0.132,0.0000,0.0191,0.0000,0.0588,0.000,32.27,32.0,3,2048
71376561,-0.132,-0.132,0.0000,-0.0374,0.0000,0.0423,0.000,32.27,32.0,3,2048
71377576,-0.132,-0.132,0.0000,-0.0023,0.0000,-0.0291,0.000,32.27,32.0,3,2048
71378877,-0.132,-0.132,0.0000,0.0572,0.0000,0.0214,0.000,32.27,32.0,3,2048
71379608,-0.132,-0.132,0.0000,-0.0359,0.0000,0.0137,0.000,32.27,32.0,3,2048
71380562,-0.132,-0.132,0.0000,0.0206,0.0000,-0.0071,0.000,32.27,32.0,3,2048
71381571,-0.132,-0.132,0.0000,0.0618,0.0000,0.0071,0.000,32.27,32.0,3,2048
71382555,-0.132,-0.132,0.0000,-0.1305,0.0000,0.0247,0.000,32.27,32.0,3,2048
71383997,-0.132,-0.132,0.0000,-0.1122,0.0000,-0.0302,0.000,32.27,32.0,3,2048
71384562,-0.132,-0.132,0.0000,0.0038,0.0000,0.0082,0.000,32.27,32.0,3,2048
71385560,-0.132,-0.132,0.0000,0.0099,0.0000,-0.0027,0.000,32.27,32.0,3,2048
71386621,-0.132,-0.132,0.0000,-0.0816,0.0000,-0.0148,0.000,32.27,32.0,3,2048
71387585,-0.132,-0.132,0.0000,0.0374,0.0000,0.0071,0.000,32.27,32.0,3,2048
71388902,-0.132,-0.132,0.0000,-0.0648,0.0000,0.0291,0.000,32.27,32.0,3,2048
71389588,-0.132,-0.132,0.0000,-0.0206,0.0000,-0.0170,0.000,32.27,32.0,3,2048
71390587,-0.132,-0.132,0.0000,0.0328,0.0000,0.0082,0.000,32.27,32.0,3,2048
71391901,-0.132,-0.132,0.0000,0.0114,0.0000,-0.0005,0.000,32.27,32.0,3,2048
71392583,-0.132,-0.132,0.0000,0.0877,0.0000,0.0060,0.000,32.27,32.0,3,2048
71393901,-0.132,-0.132,0.0000,0.0298,0.0000,-0.0082,0.000,32.27,32.0,3,2048
71394589,-0.132,-0.132,0.0000,0.0465,0.0000,0.0016,0.000,32.27,32.0,3,2048
71395920,-0.132,-0.132,0.0000,-0.0603,0.0000,0.0071,0.000,32.27,32.0,3,2048
71396557,-0.132,-0.132,0.0000,-0.0908,0.0000,0.0335,0.000,32.27,32.0,3,2048
71397560,-0.132,-0.132,0.0000,0.0023,0.0000,-0.0005,0.000,32.27,32.0,3,2048
71398927,-0.132,-0.132,0.0000,-0.0328,0.0000,-0.0302,0.000,32.27,32.0,3,2048
71399612,-0.132,-0.132,0.0000,0.0450,0.0000,-0.0379,0.000,32.27,32.0,3,2048
71400612,-0.132,-0.132,0.0000,-0.0618,0.0000,0.0280,0.000,32.27,32.0,3,2048
71401610,-0.132,-0.132,0.0000,-0.0557,0.0000,-0.0192,0.000,32.27,32.0,3,2048
71402555,-0.132,-0.132,0.0000,-0.0648,0.0000,0.0170,0.000,32.27,32.0,3,2048
71403936,-0.132,-0.132,0.0000,0.0221,0.0000,0.0060,0.000,32.27,32.0,3,2048
71404869,-0.132,-0.132,0.0000,-0.0984,0.0000,-0.0071,0.000,32.27,32.0,3,2048
71405875,-0.132,-0.132,0.0000,0.0084,0.0000,-0.0038,0.000,32.27,32.0,3,2048
71406868,-0.132,-0.132,0.0000,-0.0542,0.0000,0.0170,0.000,32.27,32.0,3,2048
71407944,-0.132,-0.132,0.0000,0.0328,0.0000,-0.0203,0.000,32.27,32.0,3,2048
71409203,-0.132,-0.132,0.0000,0.0969,0.0000,0.0324,0.000,32.27,32.0,3,2048
71409877,-0.132,-0.132,0.0000,-0.1137,0.0000,0.0071,0.000,32.27,32.0,3,2048
71410807,-0.087,-0.132,0.7863,-0.0313,10.8579,0.0060,0.000,32.27,32.0,3,2048
71412212,0.010,-0.132,1.6863,0.1534,10.8669,5.4400,0.000,32.27,32.0,3,2048
71412561,0.158,-0.110,2.5863,0.3502,10.8759,6.0475,0.000,32.27,32.0,3,2048
71413902,0.358,-0.044,3.4863,1.1788,10.8849,5.8168,0.000,32.27,32.0,3,2048
71414561,0.609,0.066,4.3863,1.7678,10.8939,5.4147,0.000,32.27,32.0,3,2048
71415940,0.912,0.220,5.2863,2.5429,10.9029,5.6970,0.000,32.27,32.0,3,2048
71416864,1.266,0.637,6.1863,3.9757,10.9119,5.8871,0.000,32.27,32.0,3,2048
71417872,1.672,0.923,7.0863,4.5876,10.9209,6.3518,0.000,32.27,32.0,3,2048
71419182,2.130,1.231,7.9863,5.2102,10.9299,6.4068,0.000,32.27,32.0,3,2048
71419737,2.639,1.538,8.8863,6.0281,10.9389,6.6770,0.000,32.27,32.0,3,2048
71420887,3.200,2.000,9.7863,6.9375,10.9479,6.9330,0.000,32.27,32.0,3,2048
71421865,3.812,2.461,10.6863,7.6364,10.9569,7.1044,0.000,32.27,32.0,3,2048
71422871,4.476,2.945,11.5863,8.4695,10.9659,7.1813,0.000,32.27,32.0,3,2048
71424200,5.191,3.472,12.4863,9.1989,10.9749,7.2879,0.000,32.27,32.0,3,2048
71424734,5.958,3.977,13.3863,10.0000,10.9839,7.3560,0.000,32.27,32.0,3,2048
71425892,6.777,4.680,14.2863,10.8927,10.9929,7.2868,0.000,32.27,32.0,3,2048
71426863,7.647,5.383,15.1863,11.7700,11.0019,7.7230,0.000,32.27,32.0,3,2048
71427872,8.569,6.109,16.0863,12.5635,11.0109,7.5790,0.000,32.27,32.0,3,2048
71429197,9.542,6.878,16.9863,13.3768,11.0199,7.7087,0.000,32.27,32.0,3,2048
71429777,10.567,7.581,17.8863,14.0696,11.0289,7.4747,0.000,32.27,32.0,3,2048
71430887,11.643,8.570,18.7863,15.1606,11.0379,8.1470,0.000,32.27,32.0,3,2048
71432175,12.771,9.514,19.6863,16.0853,11.0469,7.2527,0.000,32.27,32.0,3,2048
71432670,13.951,9.844,20.5863,16.2684,11.0559,7.5197,0.000,32.27,32.0,3,2048
71433910,15.182,10.547,21.4863,16.8421,11.0649,7.2868,0.000,32.27,32.0,3,2048
71434564,16.464,11.492,22.3863,17.4846,11.0739,7.5439,0.000,32.27,32.0,3,2048
71435886,17.799,12.547,23.2863,18.2918,11.0829,6.1365,0.000,32.27,32.0,3,2048
71436562,19.184,13.623,24.1863,18.6900,11.0919,6.8484,0.000,32.27,32.0,3,2048
71437574,20.622,14.744,25.0863,19.3278,11.1009,6.0047,0.000,32.27,32.0,3,2048
71438944,22.111,15.887,25.9863,19.8604,11.1099,5.5927,0.000,32.27,32.0,3,2048
71439630,23.651,17.117,26.8863,20.5501,11.1189,5.8596,0.000,32.27,32.0,3,2048
71440596,25.243,18.326,27.7863,21.0491,11.1279,4.9379,0.000,32.27,32.0,3,2048
71441594,26.887,19.512,28.6863,21.4870,11.1369,5.3433,0.000,32.27,32.0,3,2048
71442590,28.582,20.765,29.5863,21.9020,11.1459,4.5534,0.000,32.27,32.0,3,2048
71443976,30.329,22.039,30.4863,22.3598,11.1549,4.4929,0.000,32.27,32.0,3,2048
71444568,32.127,23.423,31.3863,22.6696,11.1639,4.2809,0.000,32.27,32.0,3,2048
71445565,33.977,24.676,32.2863,23.0739,11.1729,4.4083,0.000,32.27,32.0,3,2048
71446560,35.878,26.038,33.1863,23.5470,11.1819,3.8722,0.000,32.27,32.0,3,2048
71447595,37.831,27.400,34.0863,23.8018,11.1909,3.9260,0.000,32.27,32.0,3,2048
71448932,39.836,28.785,34.9863,24.2336,11.1999,3.7030,0.000,32.27,32.0,3,2048
71449594,41.892,30.257,35.8863,24.5083,11.2089,3.6503,0.000,32.27,32.0,3,2048
71450631,44.000,31.685,36.7863,24.7433,11.2179,3.3844,0.000,32.27,32.0,3,2048
71451916,46.159,33.135,37.6863,25.1293,11.2269,3.4338,0.000,32.27,32.0,3,2048
71452632,48.370,34.520,38.5863,25.4437,11.2359,3.0900,0.000,32.27,32.0,3,2048
71453911,50.632,34.739,39.4863,25.3750,11.2449,3.0438,0.000,32.27,32.0,3,2048
71454564,52.946,37.464,40.3863,25.9152,11.2539,2.6769,0.000,32.27,32.0,3,2048
71455886,55.312,38.980,41.2863,26.0983,11.2629,2.8098,0.000,32.27,32.0,3,2048
71456562,57.729,40.496,42.1863,26.4889,11.2719,2.4505,0.000,32.27,32.0,3,2048
71457598,60.197,42.034,43.0863,26.6537,11.2809,2.4396,0.000,32.27,32.0,3,2048
71458932,62.718,43.572,43.9863,26.7514,11.2899,2.1286,0.000,32.27,32.0,3,2048
71459628,65.289,45.199,44.8863,27.0733,11.2989,2.0484,0.000,32.27,32.0,3,2048
71460604,67.913,46.759,45.7863,27.2885,11.3079,2.0100,0.000,32.27,32.0,3,2048
71461665,70.588,48.253,46.6863,27.4899,11.3169,1.8814,0.000,32.27,32.0,3,2048
71462563,73.314,49.923,47.5863,27.7264,11.3259,1.8836,0.000,32.27,32.0,3,2048
71463883,76.092,51.439,48.4863,27.7615,11.3349,1.7419,0.000,32.27,32.0,3,2048
71464621,78.922,53.043,49.3863,27.9217,11.3439,1.8836,0.000,32.27,32.0,3,2048
71465596,81.787,54.735,50.0000,28.1857,0.5500,1.6211,0.000,32.27,32.0,3,2048
71466590,84.652,56.361,50.0000,28.4451,0.5500,1.5892,0.000,32.27,32.0,3,2048
71467588,87.516,57.921,50.0000,28.5550,0.5500,1.5189,0.000,32.27,32.0,3,2048
71468910,90.381,59.547,50.0000,28.6557,0.5500,1.3684,0.000,32.27,32.0,3,2048
71469592,93.246,61.217,50.0000,28.8144,0.5500,1.3816,0.000,32.27,32.0,3,2048
71470594,96.111,62.931,50.0000,28.8663,0.5500,1.3673,0.000,32.27,32.0,3,2048
71471903,98.975,64.535,50.0000,28.9990,0.5500,1.3739,0.000,32.27,32.0,3,2048
71472590,101.840,66.183,50.0000,29.1363,0.5500,1.2222,0.000,32.27,32.0,3,2048
71473923,104.705,66.534,50.0000,29.2081,0.5500,1.2497,0.000,32.27,32.0,3,2048
71474565,107.570,69.633,50.0000,29.2416,0.5500,1.1618,0.000,32.27,32.0,3,2048
71475884,110.435,71.236,50.0000,29.3881,0.5500,1.0410,0.000,32.27,32.0,3,2048
71476611,113.299,72.928,50.0000,29.6826,0.5500,1.1146,0.000,32.27,32.0,3,2048
71477617,116.164,74.708,50.0000,29.6368,0.5500,1.1300,0.000,32.27,32.0,3,2048
71478930,119.029,76.400,50.0000,29.7345,0.5500,0.9619,0.000,32.27,32.0,3,2048
71479620,121.894,78.114,50.0000,29.8383,0.5500,1.0003,0.000,32.27,32.0,3,2048
71480896,124.707,79.828,49.1000,29.7787,-10.2590,0.8883,0.000,32.27,32.0,3,2048
71481630,127.469,81.454,48.2000,29.9313,-10.2680,1.0289,0.000,32.27,32.0,3,2048
71482893,130.179,83.256,47.3000,30.0168,-10.2770,0.9212,0.000,32.27,32.0,3,2048
71483683,132.837,84.904,46.4000,30.0900,-10.2860,0.8289,0.000,32.27,32.0,3,2048
71484895,135.444,86.706,45.5000,30.0839,-10.2950,0.8839,0.000,32.27,32.0,3,2048
71485560,138.000,88.353,44.6000,30.2182,-10.3040,0.7388,0.000,32.27,32.0,3,2048
71486888,140.503,90.089,43.7000,30.2716,-10.3130,0.8784,0.000,32.27,32.0,3,2048
71487561,142.956,91.825,42.8000,30.2243,-10.3220,0.8388,0.000,32.27,32.0,3,2048
71488952,145.356,93.561,41.9000,30.3800,-10.3310,0.7268,0.000,32.27,32.0,3,2048
71489600,147.705,95.407,41.0000,30.5463,-10.3400,0.7762,0.000,32.27,32.0,3,2048
71490956,150.003,97.143,40.1000,30.5982,-10.3490,0.5861,0.000,32.27,32.0,3,2048
71491918,152.249,98.900,39.2000,30.4883,-10.3580,0.6817,0.000,32.27,32.0,3,2048
71492920,154.443,100.658,38.3000,30.7126,-10.3670,0.7158,0.000,32.27,32.0,3,2048
71493599,156.586,102.328,37.4000,30.5798,-10.3760,0.4455,0.000,32.27,32.0,3,2048
71494917,158.678,104.174,36.5000,30.6394,-10.3850,0.7366,0.000,32.27,32.0,3,2048
71495687,160.717,105.866,35.6000,30.7095,-10.3940,0.5323,0.000,32.27,32.0,3,2048
71496586,162.706,107.712,34.7000,30.8438,-10.4030,0.6641,0.000,32.27,32.0,3,2048
71497564,164.642,109.382,33.8000,30.9400,-10.4120,0.6356,0.000,32.27,32.0,3,2048
71498885,166.527,111.161,32.9000,30.9918,-10.4210,0.4598,0.000,32.27,32.0,3,2048
71499565,168.361,112.941,32.0000,30.9644,-10.4300,0.6345,0.000,32.27,32.0,3,2048
71500954,170.142,114.699,31.1000,30.9232,-10.4390,0.5806,0.000,32.27,32.0,3,2048
71501598,171.873,116.567,30.2000,31.0971,-10.4480,0.4323,0.000,32.27,32.0,3,2048
71502955,173.552,118.347,29.3000,31.0529,-10.4570,0.5927,0.000,32.27,32.0,3,2048
71503600,175.179,120.126,28.4000,31.1536,-10.4660,0.5444,0.000,32.27,32.0,3,2048
71504917,176.754,121.906,27.5000,31.0437,-10.4750,0.5180,0.000,32.27,32.0,3,2048
71505617,178.278,123.620,26.6000,31.1505,-10.4840,0.5268,0.000,32.27,32.0,3,2048
71506953,179.751,125.488,25.7000,31.2985,-10.4930,0.3631,0.000,32.27,32.0,3,2048
71507566,181.172,127.268,24.8000,31.1048,-10.5020,0.4488,0.000,32.27,32.0,3,2048
71508885,182.541,128.982,23.9000,31.3230,-10.5110,0.5444,0.000,32.27,32.0,3,2048
71509565,183.859,130.761,23.0000,31.2894,-10.5200,0.2609,0.000,32.27,32.0,3,2048
71510884,185.125,132.563,22.1000,31.3855,-10.5290,0.5444,0.000,32.27,32.0,3,2048
71511948,186.340,134.365,21.2000,31.3062,-10.5380,0.3137,0.000,32.27,32.0,3,2048
71512918,187.503,136.255,20.3000,31.3520,-10.5470,0.3510,0.000,32.27,32.0,3,2048
71513635,188.615,138.056,19.4000,31.4435,-10.5560,0.4169,0.000,32.27,32.0,3,2048
71514920,189.675,139.858,18.5000,31.4954,-10.5650,-0.1972,0.000,32.27,32.0,3,2048
71515622,190.683,141.550,17.6000,31.4023,-10.5740,-0.1862,0.000,32.27,32.0,3,2048
71516689,191.640,143.440,16.7000,31.3184,-10.5830,-0.5653,0.000,32.27,32.0,3,2048
71517566,192.545,145.220,15.8000,30.9323,-10.5920,-1.0058,0.000,32.27,32.0,3,2048
71518919,193.399,146.890,14.9000,30.9247,-10.6010,-1.5683,0.000,32.27,32.0,3,2048
71519613,194.201,148.647,14.0000,30.5493,-10.6100,-2.1792,0.000,32.27,32.0,3,2048
71520921,194.952,150.449,13.1000,30.1083,-10.6190,-2.5472,0.000,32.27,32.0,3,2048
71521598,195.651,152.141,12.2000,29.8489,-10.6280,-3.4712,0.000,32.27,32.0,3,2048
71522920,196.298,153.833,11.3000,29.2599,-10.6370,-3.9755,0.000,32.27,32.0,3,2048
71523595,196.894,155.371,10.4000,28.6038,-10.6460,-4.7918,0.000,32.27,32.0,3,2048
71524921,197.438,157.063,9.5000,27.9873,-10.6550,-5.4729,0.000,32.27,32.0,3,2048
71525596,197.931,158.535,8.6000,27.2183,-10.6640,-6.2563,0.000,32.27,32.0,3,2048
71526919,198.372,160.095,7.7000,26.4202,-10.6730,-6.7133,0.000,32.27,32.0,3,2048
71527597,198.762,161.546,6.8000,25.4681,-10.6820,-7.5131,0.000,32.27,32.0,3,2048
71528921,199.100,162.952,5.9000,24.5907,-10.6910,-8.1844,0.000,32.27,32.0,3,2048
71529613,199.386,164.270,5.0000,23.4661,-10.7000,-8.9425,0.000,32.27,32.0,3,2048
71530893,199.621,165.545,4.1000,22.4880,-10.7090,-9.2039,0.000,32.27,32.0,3,2048
71531877,199.804,166.687,3.2000,21.1864,-10.7180,-10.0081,0.000,32.27,32.0,3,2048
71532929,199.936,167.830,2.3000,20.2541,-10.7270,-10.0235,0.000,32.27,32.0,3,2048
71533644,200.000,168.928,0.0000,18.6915,0.0000,-10.3773,0.000,38.01,32.0,3,2048
71534605,200.000,169.917,0.0000,17.5853,0.0000,-10.5058,0.000,38.01,32.0,3,2048
71535932,200.000,170.862,0.0000,16.3752,0.0000,-7.2912,0.000,38.01,32.0,3,2048
71536559,200.000,171.741,0.0000,15.6413,0.0000,-6.2618,0.000,38.01,32.0,3,2048
71537693,200.000,172.576,0.0000,15.2689,0.0000,-5.8410,0.000,38.01,32.0,3,2048
71538885,200.000,173.433,0.0000,14.5167,0.0000,-5.2060,0.000,38.01,32.0,3,2048
71539554,200.000,174.202,0.0000,14.0986,0.0000,-4.9632,0.000,38.01,32.0,3,2048
71540559,200.000,174.971,0.0000,13.5920,0.0000,-4.5028,0.000,38.01,32.0,3,2048
71541642,200.000,175.718,0.0000,13.0900,0.0000,-4.0491,0.000,38.01,32.0,3,2048
71542625,200.000,176.465,0.0000,12.6017,0.0000,-3.6887,0.000,38.01,32.0,3,2048
71543897,200.000,177.168,0.0000,12.2309,0.0000,-3.3306,0.000,38.01,32.0,3,2048
71544603,200.000,177.783,0.0000,11.6754,0.0000,-3.1800,0.000,38.01,32.0,3,2048
71545605,200.000,178.465,0.0000,11.2787,0.0000,-2.9054,0.000,38.01,32.0,3,2048
71546578,200.000,179.102,0.0000,10.9262,0.0000,-2.6043,0.000,38.01,32.0,3,2048
71547577,200.000,179.673,0.0000,10.7294,0.0000,-2.4143,0.000,38.01,32.0,3,2048
71548954,200.000,180.267,0.0000,10.2777,0.0000,-2.3154,0.000,38.01,32.0,3,2048
71549560,200.000,180.860,0.0000,10.0824,0.0000,-2.3934,0.000,38.01,32.0,3,2048
71550559,200.000,181.387,0.0000,9.6475,0.0000,-2.1462,0.000,38.01,32.0,3,2048
71551872,200.000,181.914,0.0000,9.3835,0.0000,-2.0693,0.000,38.01,32.0,3,2048
71552555,200.000,182.442,0.0000,9.1501,0.0000,-2.0484,0.000,38.01,32.0,3,2048
71553926,200.000,182.530,0.0000,9.1959,0.0000,-2.0100,0.000,38.01,32.0,3,2048
71554623,200.000,183.475,0.0000,8.7381,0.0000,-1.9990,0.000,38.01,32.0,3,2048
71555910,200.000,183.936,0.0000,8.4680,0.0000,-1.9682,0.000,38.01,32.0,3,2048
71556580,200.000,184.375,0.0000,8.1781,0.0000,-1.7924,0.000,38.01,32.0,3,2048
71557586,200.000,184.815,0.0000,7.8058,0.0000,-1.7562,0.000,38.01,32.0,3,2048
71558966,200.000,185.254,0.0000,7.4975,0.0000,-1.7661,0.000,38.01,32.0,3,2048
71559563,200.000,185.716,0.0000,7.4517,0.0000,-1.7068,0.000,38.01,32.0,3,2048
71560559,200.000,186.111,0.0000,7.3129,0.0000,-1.7859,0.000,38.01,32.0,3,2048
71561554,200.000,186.507,0.0000,6.8505,0.0000,-1.7364,0.000,38.01,32.0,3,2048
71562554,200.000,186.880,0.0000,6.8078,0.0000,-1.5628,0.000,38.01,32.0,3,2048
71563931,200.000,187.254,0.0000,6.5362,0.0000,-1.4255,0.000,38.01,32.0,3,2048
71564583,200.000,187.649,0.0000,6.3714,0.0000,-1.3881,0.000,38.01,32.0,3,2048
71565627,200.000,187.979,0.0000,6.1791,0.0000,-1.3903,0.000,38.01,32.0,3,2048
71566580,200.000,188.331,0.0000,5.9640,0.0000,-1.2530,0.000,38.01,32.0,3,2048
71567578,200.000,188.638,0.0000,5.7717,0.0000,-1.2102,0.000,38.01,32.0,3,2048
71568953,200.000,188.968,0.0000,5.6680,0.0000,-1.3123,0.000,38.01,32.0,3,2048
71569563,200.000,189.297,0.0000,5.3979,0.0000,-1.3200,0.000,38.01,32.0,3,2048
71570559,200.000,189.561,0.0000,5.1675,0.0000,-1.1409,0.000,38.01,32.0,3,2048
71571872,200.000,189.869,0.0000,5.0713,0.0000,-1.1937,0.000,38.01,32.0,3,2048
71572555,200.000,190.154,0.0000,4.9966,0.0000,-1.0607,0.000,38.01,32.0,3,2048
71573933,200.000,190.198,0.0000,4.9737,0.0000,-1.0860,0.000,38.01,32.0,3,2048
71574623,200.000,190.704,0.0000,4.5983,0.0000,-0.9849,0.000,38.01,32.0,3,2048
71575907,200.000,190.967,0.0000,4.4869,0.0000,-0.9652,0.000,38.01,32.0,3,2048
71576582,200.000,191.209,0.0000,4.3877,0.0000,-1.0135,0.000,38.01,32.0,3,2048
71577634,200.000,191.451,0.0000,4.3023,0.0000,-0.8190,0.000,38.01,32.0,3,2048
71578910,200.000,191.692,0.0000,4.1711,0.0000,-0.9783,0.000,38.01,32.0,3,2048
71579559,200.000,191.890,0.0000,3.9178,0.0000,-0.9718,0.000,38.01,32.0,3,2048
71580616,200.000,192.132,0.0000,3.9239,0.0000,-0.9377,0.000,38.01,32.0,3,2048
71581579,200.000,192.352,0.0000,3.7896,0.0000,-0.8674,0.000,38.01,32.0,3,2048
71582576,200.000,192.549,0.0000,3.7057,0.0000,-0.8366,0.000,38.01,32.0,3,2048
71583894,200.000,192.747,0.0000,3.4783,0.0000,-0.7553,0.000,38.01,32.0,3,2048
71584581,200.000,192.945,0.0000,3.4951,0.0000,-0.7366,0.000,38.01,32.0,3,2048
71585579,200.000,193.143,0.0000,3.3150,0.0000,-0.7158,0.000,38.01,32.0,3,2048
71586575,200.000,193.318,0.0000,3.3150,0.0000,-0.6477,0.000,38.01,32.0,3,2048
71587575,200.000,193.516,0.0000,3.1228,0.0000,-0.6268,0.000,38.01,32.0,3,2048
71588894,200.000,193.670,0.0000,2.9458,0.0000,-0.6125,0.000,38.01,32.0,3,2048
71589593,200.000,193.846,0.0000,2.9870,0.0000,-0.5718,0.000,38.01,32.0,3,2048
71590560,200.000,194.022,0.0000,2.8084,0.0000,-0.6455,0.000,38.01,32.0,3,2048
71591876,200.000,194.176,0.0000,2.6726,0.0000,-0.5609,0.000,38.01,32.0,3,2048
71592599,200.000,194.329,0.0000,2.6390,0.0000,-0.5246,0.000,38.01,32.0,3,2048
71593916,200.000,194.351,0.0000,2.6268,0.0000,-0.5213,0.000,38.01,32.0,3,2048
71594602,200.000,194.615,0.0000,2.5154,0.0000,-0.5751,0.000,38.01,32.0,3,2048
71595928,200.000,194.747,0.0000,2.3842,0.0000,-0.5675,0.000,38.01,32.0,3,2048
71596560,200.000,194.901,0.0000,2.3980,0.0000,-0.5839,0.000,38.01,32.0,3,2048
71597695,200.000,195.032,0.0000,2.3247,0.0000,-0.5411,0.000,38.01,32.0,3,2048
71598885,200.000,195.142,0.0000,2.2148,0.0000,-0.4840,0.000,38.01,32.0,3,2048
71599554,200.000,195.274,0.0000,2.1263,0.0000,-0.4631,0.000,38.01,32.0,3,2048
71600559,200.000,195.384,0.0000,2.1325,0.0000,-0.4191,0.000,38.01,32.0,3,2048
71601554,200.000,195.494,0.0000,2.0470,0.0000,-0.4488,0.000,38.01,32.0,3,2048
71602617,200.000,195.626,0.0000,1.9722,0.0000,-0.3279,0.000,38.01,32.0,3,2048
71603938,200.000,195.736,0.0000,1.9570,0.0000,-0.2906,0.000,38.01,32.0,3,2048
71604584,200.000,195.845,0.0000,1.8181,0.0000,-0.2686,0.000,38.01,32.0,3,2048
71605587,200.000,195.933,0.0000,1.7906,0.0000,-0.3576,0.000,38.01,32.0,3,2048
71606583,200.000,196.043,0.0000,1.7144,0.0000,-0.2401,0.000,38.01,32.0,3,2048
71607650,200.000,196.131,0.0000,1.5572,0.0000,-0.2016,0.000,38.01,32.0,3,2048
71608883,200.000,196.241,0.0000,1.6091,0.0000,-0.1851,0.000,38.01,32.0,3,2048
71609554,200.000,196.329,0.0000,1.6045,0.0000,-0.2159,0.000,38.01,32.0,3,2048
71610559,200.000,196.417,0.0000,1.5602,0.0000,-0.2005,0.000,38.01,32.0,3,2048
71611872,200.000,196.505,0.0000,1.4824,0.0000,-0.1763,0.000,38.01,32.0,3,2048
71612616,200.000,196.570,0.0000,1.3588,0.0000,-0.1664,0.000,38.01,32.0,3,2048
71613939,200.000,196.592,0.0000,1.3130,0.0000,-0.1467,0.000,38.01,32.0,3,2048
71614589,200.000,196.746,0.0000,1.4321,0.0000,-0.1313,0.000,38.01,32.0,3,2048
71615910,200.000,196.812,0.0000,1.3237,0.0000,-0.1566,0.000,38.01,32.0,3,2048
71616590,200.000,196.878,0.0000,1.2367,0.0000,-0.1005,0.000,38.01,32.0,3,2048
71617655,200.000,196.966,0.0000,1.2047,0.0000,-0.1214,0.000,38.01,32.0,3,2048
71618879,200.000,197.032,0.0000,1.3054,0.0000,-0.1291,0.000,38.01,32.0,3,2048
71619556,200.000,197.098,0.0000,1.1452,0.0000,-0.0720,0.000,38.01,32.0,3,2048
71620618,200.000,197.164,0.0000,1.1894,0.0000,-0.0797,0.000,38.01,32.0,3,2048
71621582,200.000,197.230,0.0000,1.0964,0.0000,-0.1588,0.000,38.01,32.0,3,2048
71622577,200.000,197.296,0.0000,1.1757,0.0000,-0.0939,0.000,38.01,32.0,3,2048
71623897,200.000,197.362,0.0000,1.1254,0.0000,-0.1126,0.000,38.01,32.0,3,2048
71624583,200.000,197.427,0.0000,0.9880,0.0000,-0.1247,0.000,38.01,32.0,3,2048
71625582,200.000,197.493,0.0000,1.0048,0.0000,-0.0917,0.000,38.01,32.0,3,2048
71626577,200.000,197.537,0.0000,1.0552,0.0000,-0.0467,0.000,38.01,32.0,3,2048
71627578,200.000,197.603,0.0000,1.0475,0.0000,-0.0621,0.000,38.01,32.0,3,2048
71628912,200.000,197.669,0.0000,1.0048,0.0000,-0.0961,0.000,38.01,32.0,3,2048
71629556,200.000,197.713,0.0000,0.9453,0.0000,-0.1159,0.000,38.01,32.0,3,2048
71630559,200.000,197.757,0.0000,0.9072,0.0000,-0.0906,0.000,38.01,32.0,3,2048
71631917,200.000,197.823,0.0000,0.9087,0.0000,-0.0983,0.000,38.01,32.0,3,2048
71632601,200.000,197.867,0.0000,0.7805,0.0000,-0.0895,0.000,38.01,32.0,3,2048
71633918,200.000,197.867,0.0000,0.7912,0.0000,-0.0709,0.000,38.01,32.0,3,2048
71634611,200.000,197.977,0.0000,0.9194,0.0000,-0.0654,0.000,38.01,32.0,3,2048
71635889,200.000,198.021,0.0000,0.8217,0.0000,-0.0566,0.000,38.01,32.0,3,2048
71636623,200.000,198.065,0.0000,0.8095,0.0000,-0.0511,0.000,38.01,32.0,3,2048
71637561,200.000,198.109,0.0000,0.7027,0.0000,-0.0764,0.000,38.01,32.0,3,2048
71638897,200.000,198.153,0.0000,0.8553,0.0000,-0.0665,0.000,38.01,32.0,3,2048
71639554,200.000,198.174,0.0000,0.6706,0.0000,-0.0159,0.000,38.01,32.0,3,2048
71640617,200.000,198.240,0.0000,0.8049,0.0000,-0.0753,0.000,38.01,32.0,3,2048
71641555,200.000,198.284,0.0000,0.8034,0.0000,-0.0467,0.000,38.01,32.0,3,2048
71642568,200.000,198.306,0.0000,0.6676,0.0000,-0.0335,0.000,38.01,32.0,3,2048
71643882,200.000,198.350,0.0000,0.7057,0.0000,-0.0181,0.000,38.01,32.0,3,2048
71644612,200.000,198.372,0.0000,0.6432,0.0000,-0.0082,0.000,38.01,32.0,3,2048
71645560,200.000,198.416,0.0000,0.6142,0.0000,-0.0049,0.000,38.01,32.0,3,2048
71646568,200.000,198.460,0.0000,0.6462,0.0000,0.0258,0.000,38.01,32.0,3,2048
71647554,200.000,198.482,0.0000,0.6722,0.0000,0.0115,0.000,38.01,32.0,3,2048
71649003,200.000,198.504,0.0000,0.4738,0.0000,0.0225,0.000,38.01,32.0,3,2048
71649859,200.000,198.592,0.0000,0.6157,0.0000,0.0423,0.000,38.01,32.0,3,2048
71650857,200.000,198.592,0.0000,0.4677,0.0000,0.0049,0.000,38.01,32.0,3,2048
71652174,200.000,198.636,0.0000,0.6432,0.0000,0.0368,0.000,38.01,32.0,3,2048
71652555,200.000,198.636,0.0000,0.5531,0.0000,-0.0038,0.000,38.01,32.0,3,2048
71653872,200.000,198.658,0.0000,0.4280,0.0000,0.0148,0.000,38.01,32.0,3,2048
71654617,200.000,198.680,0.0000,0.5104,0.0000,0.0544,0.000,38.01,32.0,3,2048
71655907,200.000,198.724,0.0000,0.4753,0.0000,0.0203,0.000,38.01,32.0,3,2048
71656623,200.000,198.746,0.0000,0.3227,0.0000,0.0456,0.000,38.01,32.0,3,2048
71657587,200.000,198.768,0.0000,0.4021,0.0000,0.0621,0.000,38.01,32.0,3,2048
71658901,200.000,198.790,0.0000,0.4158,0.0000,0.0654,0.000,38.01,32.0,3,2048
71659582,200.000,198.812,0.0000,0.4387,0.0000,0.0489,0.000,38.01,32.0,3,2048
71660648,200.000,198.834,0.0000,0.3761,0.0000,0.0917,0.000,38.01,32.0,3,2048
71661555,200.000,198.856,0.0000,0.4967,0.0000,0.0950,0.000,38.01,32.0,3,2048
71662554,200.000,198.900,0.0000,0.4921,0.0000,0.1060,0.000,38.01,32.0,3,2048
71663878,200.000,198.900,0.0000,0.2358,0.0000,0.1390,0.000,38.01,32.0,3,2048
71664617,200.000,198.922,0.0000,0.3349,0.0000,0.1346,0.000,38.01,32.0,3,2048
71665586,200.000,198.944,0.0000,0.3548,0.0000,0.1291,0.000,38.01,32.0,3,2048
71666624,200.000,198.944,0.0000,0.2342,0.0000,0.0775,0.000,38.01,32.0,3,2048
71667591,200.000,198.965,0.0000,0.2861,0.0000,0.1137,0.000,38.01,32.0,3,2048
71668903,200.000,198.987,0.0000,0.3731,0.0000,0.0972,0.000,38.01,32.0,3,2048
71669645,200.000,199.009,0.0000,0.4158,0.0000,0.1060,0.000,38.01,32.0,3,2048
71670559,200.000,199.031,0.0000,0.3685,0.0000,0.1346,0.000,38.01,32.0,3,2048
71671905,200.000,199.053,0.0000,0.2647,0.0000,0.0829,0.000,38.01,32.0,3,2048
71672607,200.000,199.075,0.0000,0.3426,0.0000,0.1104,0.000,38.01,32.0,3,2048
71673901,200.000,199.075,0.0000,0.3273,0.0000,0.0917,0.000,38.01,32.0,3,2048
71674582,200.000,199.097,0.0000,0.3578,0.0000,0.0928,0.000,38.01,32.0,3,2048
71675904,200.000,199.119,0.0000,0.2968,0.0000,0.0621,0.000,38.01,32.0,3,2048
71676586,200.000,199.141,0.0000,0.2129,0.0000,0.0840,0.000,38.01,32.0,3,2048
71677587,200.000,199.163,0.0000,0.3380,0.0000,0.0577,0.000,38.01,32.0,3,2048
71678899,200.000,199.185,0.0000,0.4158,0.0000,0.0687,0.000,38.01,32.0,3,2048
71679582,200.000,199.185,0.0000,0.3304,0.0000,0.0423,0.000,38.01,32.0,3,2048
71680582,200.000,199.207,0.0000,0.3670,0.0000,0.0500,0.000,38.01,32.0,3,2048
71681592,200.000,199.229,0.0000,0.4311,0.0000,0.0676,0.000,38.01,32.0,3,2048
71682558,200.000,199.229,0.0000,0.3731,0.0000,0.0511,0.000,38.01,32.0,3,2048
71683889,200.000,199.251,0.0000,0.2007,0.0000,0.0544,0.000,38.01,32.0,3,2048
71684608,200.000,199.273,0.0000,0.3593,0.0000,0.0786,0.000,38.01,32.0,3,2048
71685608,200.000,199.295,0.0000,0.1701,0.0000,0.0258,0.000,38.01,32.0,3,2048
71686610,200.000,199.295,0.0000,0.1656,0.0000,0.0577,0.000,38.01,32.0,3,2048
71687558,200.000,199.317,0.0000,0.3197,0.0000,0.0840,0.000,38.01,32.0,3,2048
71688936,200.000,199.317,0.0000,0.2190,0.0000,0.0533,0.000,38.01,32.0,3,2048
71689563,200.000,199.339,0.0000,0.1625,0.0000,0.0533,0.000,38.01,32.0,3,2048
71690576,200.000,199.361,0.0000,0.1930,0.0000,0.0786,0.000,38.01,32.0,3,2048
71691871,200.000,199.361,0.0000,0.2159,0.0000,0.0412,0.000,38.01,32.0,3,2048
71692610,200.000,199.383,0.0000,0.2235,0.0000,0.0478,0.000,38.01,32.0,3,2048
71693884,200.000,199.361,0.0000,0.2220,0.0000,0.0478,0.000,38.01,32.0,3,2048
71694575,200.000,199.405,0.0000,0.2251,0.0000,0.0577,0.000,38.01,32.0,3,2048
71695881,200.000,199.405,0.0000,0.1869,0.0000,0.0994,0.000,38.01,32.0,3,2048
71696613,200.000,199.427,0.0000,0.2251,0.0000,0.0698,0.000,38.01,32.0,3,2048
71697561,200.000,199.427,0.0000,0.0587,0.0000,0.0829,0.000,38.01,32.0,3,2048
71698997,200.000,199.427,0.0000,0.0206,0.0000,0.0588,0.000,38.01,32.0,3,2048
71699560,200.000,199.449,0.0000,0.0603,0.0000,0.0807,0.000,38.01,32.0,3,2048
71700560,200.000,199.449,0.0000,0.1640,0.0000,0.0654,0.000,38.01,32.0,3,2048
71701555,200.000,199.471,0.0000,0.1473,0.0000,0.1071,0.000,38.01,32.0,3,2048
71702611,200.000,199.471,0.0000,0.0694,0.0000,0.0654,0.000,38.01,32.0,3,2048
71703906,200.000,199.493,0.0000,0.0893,0.0000,0.1005,0.000,38.01,32.0,3,2048
71704626,200.000,199.493,0.0000,0.0877,0.0000,0.0797,0.000,38.01,32.0,3,2048
71705591,200.000,199.493,0.0000,0.2037,0.0000,0.0654,0.000,38.01,32.0,3,2048
71706587,200.000,199.515,0.0000,0.1091,0.0000,0.0720,0.000,38.01,32.0,3,2048
71707583,200.000,199.515,0.0000,0.0023,0.0000,0.0873,0.000,38.01,32.0,3,2048
71708967,200.000,199.515,0.0000,0.0771,0.0000,0.0632,0.000,38.01,32.0,3,2048
71709562,200.000,199.515,0.0000,0.1122,0.0000,0.0423,0.000,38.01,32.0,3,2048
71710560,200.000,199.537,0.0000,0.0618,0.0000,0.0533,0.000,38.01,32.0,3,2048
71711873,200.000,199.537,0.0000,0.1137,0.0000,0.1027,0.000,38.01,32.0,3,2048
71712556,200.000,199.537,0.0000,0.1015,0.0000,0.0753,0.000,38.01,32.0,3,2048
71713938,200.000,199.537,0.0000,0.1183,0.0000,0.0917,0.000,38.01,32.0,3,2048
71714626,200.000,199.559,0.0000,0.1350,0.0000,0.0786,0.000,38.01,32.0,3,2048
71715919,200.000,199.559,0.0000,0.1060,0.0000,0.0797,0.000,38.01,32.0,3,2048
71716592,200.000,199.581,0.0000,0.2052,0.0000,0.0522,0.000,38.01,32.0,3,2048
71717599,200.000,199.581,0.0000,0.0145,0.0000,0.0742,0.000,38.01,32.0,3,2048
71718957,200.000,199.581,0.0000,0.1335,0.0000,0.0577,0.000,38.01,32.0,3,2048
71719560,200.000,199.603,0.0000,0.1579,0.0000,0.0676,0.000,38.01,32.0,3,2048
71720618,200.000,199.603,0.0000,0.1427,0.0000,0.0676,0.000,38.01,32.0,3,2048
71721585,200.000,199.603,0.0000,0.0694,0.0000,0.0687,0.000,38.01,32.0,3,2048
71722581,200.000,199.625,0.0000,0.2235,0.0000,0.0884,0.000,38.01,32.0,3,2048
71723902,200.000,199.625,0.0000,0.0877,0.0000,0.0654,0.000,38.01,32.0,3,2048
71724588,200.000,199.625,0.0000,0.1564,0.0000,0.0434,0.000,38.01,32.0,3,2048
71725587,200.000,199.625,0.0000,-0.0038,0.0000,0.0544,0.000,38.01,32.0,3,2048
71726582,200.000,199.647,0.0000,0.1076,0.0000,0.0698,0.000,38.01,32.0,3,2048
71727582,200.000,199.647,0.0000,0.0359,0.0000,0.0203,0.000,38.01,32.0,3,2048
71728902,200.000,199.647,0.0000,0.1549,0.0000,0.0742,0.000,38.01,32.0,3,2048
71729598,200.000,199.647,0.0000,0.1457,0.0000,0.0895,0.000,38.01,32.0,3,2048
71730562,200.000,199.669,0.0000,0.1473,0.0000,0.0731,0.000,38.01,32.0,3,2048
71731872,200.000,199.669,0.0000,0.0267,0.0000,0.0357,0.000,38.01,32.0,3,2048
71732603,200.000,199.669,0.0000,0.1686,0.0000,0.0950,0.000,38.01,32.0,3,2048
71733922,200.000,199.669,0.0000,0.1991,0.0000,0.0873,0.000,38.01,32.0,3,2048
71734609,200.000,199.669,0.0000,0.0816,0.0000,0.0928,0.000,38.01,32.0,3,2048
71735935,200.000,199.669,0.0000,0.0053,0.0000,0.0335,0.000,38.01,32.0,3,2048
71736559,200.000,199.669,0.0000,0.0557,0.0000,0.0895,0.000,38.01,32.0,3,2048
71737623,200.000,199.691,0.0000,0.0740,0.0000,0.0401,0.000,38.01,32.0,3,2048
71738885,200.000,199.691,0.0000,-0.0191,0.0000,0.1016,0.000,38.01,32.0,3,2048
71739575,200.000,199.669,0.0000,-0.0328,0.0000,0.0654,0.000,38.01,32.0,3,2048
71740560,200.000,199.691,0.0000,0.1915,0.0000,0.0720,0.000,38.01,32.0,3,2048
71741608,200.000,199.691,0.0000,-0.0816,0.0000,0.0906,0.000,38.01,32.0,3,2048
71742561,200.000,199.691,0.0000,-0.0130,0.0000,0.0840,0.000,38.01,32.0,3,2048
71743895,200.000,199.691,0.0000,-0.0252,0.0000,0.1049,0.000,38.01,32.0,3,2048
71744558,200.000,199.691,0.0000,0.0832,0.0000,0.0764,0.000,38.01,32.0,3,2048
71745613,200.000,199.691,0.0000,0.0343,0.0000,0.0687,0.000,38.01,32.0,3,2048
71746561,200.000,199.691,0.0000,-0.0496,0.0000,0.0961,0.000,38.01,32.0,3,2048
71747571,200.000,199.691,0.0000,-0.0160,0.0000,0.0577,0.000,38.01,32.0,3,2048
71748878,200.000,199.691,0.0000,-0.0481,0.0000,0.1027,0.000,38.01,32.0,3,2048
71749677,200.000,199.691,0.0000,-0.0175,0.0000,0.0928,0.000,38.01,32.0,3,2048
71750562,200.000,199.691,0.0000,-0.0038,0.0000,0.0643,0.000,38.01,32.0,3,2048
71751873,200.000,199.691,0.0000,-0.0816,0.0000,0.0906,0.000,38.01,32.0,3,2048
71752556,200.000,199.691,0.0000,0.0633,0.0000,0.0917,0.000,38.01,32.0,3,2048
71753880,200.000,199.691,0.0000,-0.0420,0.0000,0.0709,0.000,38.01,32.0,3,2048
71754621,200.000,199.691,0.0000,-0.1289,0.0000,0.0753,0.000,38.01,32.0,3,2048
71755913,200.000,199.691,0.0000,-0.0832,0.0000,0.0917,0.000,38.01,32.0,3,2048
71756628,200.000,199.691,0.0000,-0.0282,0.0000,0.0983,0.000,38.01,32.0,3,2048
71757591,200.000,199.691,0.0000,-0.0481,0.0000,0.1324,0.000,38.01,32.0,3,2048
71758906,200.000,199.691,0.0000,-0.0191,0.0000,0.0862,0.000,38.01,32.0,3,2048
71759586,200.000,199.691,0.0000,0.0069,0.0000,0.1225,0.000,38.01,32.0,3,2048
71760653,200.000,199.691,0.0000,-0.0359,0.0000,0.0807,0.000,38.01,32.0,3,2048
71761557,200.000,199.691,0.0000,-0.0160,0.0000,0.0994,0.000,38.01,32.0,3,2048
71762555,200.000,199.691,0.0000,-0.0023,0.0000,0.1005,0.000,38.01,32.0,3,2048
71763879,200.000,199.691,0.0000,0.0237,0.0000,0.1005,0.000,38.01,32.0,3,2048
71764565,200.000,199.691,0.0000,0.0771,0.0000,0.1038,0.000,38.01,32.0,3,2048
71765624,200.000,199.691,0.0000,-0.0633,0.0000,0.1148,0.000,38.01,32.0,3,2048
71766622,200.000,199.691,0.0000,0.0847,0.0000,0.1291,0.000,38.01,32.0,3,2048
71767589,200.000,199.691,0.0000,0.0877,0.0000,0.1126,0.000,38.01,32.0,3,2048
71768903,200.000,199.691,0.0000,0.0816,0.0000,0.0851,0.000,38.01,32.0,3,2048
71769652,200.000,199.691,0.0000,-0.0893,0.0000,0.0972,0.000,38.01,32.0,3,2048
71770560,200.000,199.691,0.0000,-0.0328,0.0000,0.1236,0.000,38.01,32.0,3,2048
71771909,200.000,199.691,0.0000,0.0572,0.0000,0.0467,0.000,38.01,32.0,3,2048
71772605,200.000,199.691,0.0000,-0.0191,0.0000,0.1049,0.000,38.01,32.0,3,2048
71773904,200.000,199.691,0.0000,-0.0237,0.0000,0.1093,0.000,38.01,32.0,3,2048
71774586,200.000,199.691,0.0000,-0.0099,0.0000,0.0928,0.000,38.01,32.0,3,2048
71775910,200.000,199.691,0.0000,-0.0099,0.0000,0.1071,0.000,38.01,32.0,3,2048
71776587,200.000,199.691,0.0000,0.1152,0.0000,0.0961,0.000,38.01,32.0,3,2048
71777587,200.000,199.691,0.0000,0.0282,0.0000,0.0994,0.000,38.01,32.0,3,2048
71778902,200.000,199.691,0.0000,-0.0023,0.0000,0.1038,0.000,38.01,32.0,3,2048
71779587,200.000,199.691,0.0000,0.1015,0.0000,0.1159,0.000,38.01,32.0,3,2048
71780588,200.000,199.691,0.0000,-0.0816,0.0000,0.1137,0.000,38.01,32.0,3,2048
71781595,200.000,199.691,0.0000,-0.0343,0.0000,0.0873,0.000,38.01,32.0,3,2048
71782557,200.000,199.691,0.0000,-0.0664,0.0000,0.1203,0.000,38.01,32.0,3,2048
71783893,200.000,199.691,0.0000,-0.0359,0.0000,0.0753,0.000,38.01,32.0,3,2048
71784611,200.000,199.691,0.0000,-0.1198,0.0000,0.0983,0.000,38.01,32.0,3,2048
71785612,200.000,199.691,0.0000,0.0923,0.0000,0.1324,0.000,38.01,32.0,3,2048
71786613,200.000,199.691,0.0000,-0.0481,0.0000,0.0720,0.000,38.01,32.0,3,2048
71787558,200.000,199.691,0.0000,-0.1213,0.0000,0.0764,0.000,38.01,32.0,3,2048
71788938,200.000,199.691,0.0000,-0.1305,0.0000,0.0829,0.000,38.01,32.0,3,2048
71789562,200.000,199.691,0.0000,0.0343,0.0000,0.0906,0.000,38.01,32.0,3,2048
71790576,200.000,199.691,0.0000,0.0893,0.0000,0.0698,0.000,38.01,32.0,3,2048
71791869,200.000,199.691,0.0000,-0.1167,0.0000,0.1335,0.000,38.01,32.0,3,2048
71792609,200.000,199.691,0.0000,0.0832,0.0000,0.0972,0.000,38.01,32.0,3,2048
71793884,200.000,199.691,0.0000,0.0511,0.0000,0.0818,0.000,38.01,32.0,3,2048
71794575,200.000,199.691,0.0000,0.1137,0.0000,0.0566,0.000,38.01,32.0,3,2048
71795881,200.000,199.691,0.0000,-0.1122,0.0000,0.1192,0.000,38.01,32.0,3,2048
71796611,200.000,199.691,0.0000,0.0191,0.0000,0.0665,0.000,38.01,32.0,3,2048
71797562,200.000,199.669,0.0000,-0.1152,0.0000,0.0928,0.000,38.01,32.0,3,2048
71798899,200.000,199.691,0.0000,0.0587,0.0000,0.1181,0.000,38.01,32.0,3,2048
71799555,200.000,199.691,0.0000,-0.0710,0.0000,0.0753,0.000,38.01,32.0,3,2048
71800687,200.000,199.691,0.0000,-0.0420,0.0000,0.0621,0.000,38.01,32.0,3,2048
71801556,200.000,199.691,0.0000,0.0038,0.0000,0.1192,0.000,38.01,32.0,3,2048
71802554,200.000,199.691,0.0000,0.0511,0.0000,0.0599,0.000,38.01,32.0,3,2048
71803882,200.000,199.691,0.0000,-0.0023,0.0000,0.0972,0.000,38.01,32.0,3,2048
71804556,200.000,199.691,0.0000,-0.1183,0.0000,0.0873,0.000,38.01,32.0,3,2048
71805623,200.000,199.691,0.0000,-0.0038,0.0000,0.1137,0.000,38.01,32.0,3,2048
71806622,200.000,199.691,0.0000,-0.0465,0.0000,0.0807,0.000,38.01,32.0,3,2048
71807587,200.000,199.691,0.0000,-0.0542,0.0000,0.1159,0.000,38.01,32.0,3,2048
71808907,200.000,199.691,0.0000,-0.0038,0.0000,0.0610,0.000,38.01,32.0,3,2048
71809588,200.000,199.691,0.0000,-0.0114,0.0000,0.1269,0.000,38.01,32.0,3,2048
71810660,200.000,199.691,0.0000,-0.1549,0.0000,0.0829,0.000,38.01,32.0,3,2048
71811875,200.000,199.691,0.0000,0.0633,0.0000,0.1082,0.000,38.01,32.0,3,2048
71812556,200.000,199.691,0.0000,0.0206,0.0000,0.0983,0.000,38.01,32.0,3,2048
71813933,200.000,199.691,0.0000,-0.0328,0.0000,0.0950,0.000,38.01,32.0,3,2048
71814589,200.000,199.691,0.0000,0.0771,0.0000,0.1192,0.000,38.01,32.0,3,2048
71815910,200.000,199.691,0.0000,-0.0526,0.0000,0.1005,0.000,38.01,32.0,3,2048
71816587,200.000,199.691,0.0000,0.0542,0.0000,0.1071,0.000,38.01,32.0,3,2048
71817587,200.000,199.691,0.0000,0.0618,0.0000,0.1159,0.000,38.01,32.0,3,2048
71818903,200.000,199.691,0.0000,0.0771,0.0000,0.1291,0.000,38.01,32.0,3,2048
71819587,200.000,199.691,0.0000,-0.1045,0.0000,0.0950,0.000,38.01,32.0,3,2048
71820587,200.000,199.691,0.0000,0.0298,0.0000,0.1258,0.000,38.01,32.0,3,2048
71821582,200.000,199.691,0.0000,-0.0389,0.0000,0.0775,0.000,38.01,32.0,3,2048
71822596,200.000,199.691,0.0000,-0.0679,0.0000,0.0994,0.000,38.01,32.0,3,2048
71823882,200.000,199.691,0.0000,0.0465,0.0000,0.0797,0.000,38.01,32.0,3,2048
71824556,200.000,199.691,0.0000,0.0313,0.0000,0.1478,0.000,38.01,32.0,3,2048
71825611,200.000,199.691,0.0000,-0.0023,0.0000,0.0928,0.000,38.01,32.0,3,2048
71826606,200.000,199.691,0.0000,-0.0099,0.0000,0.0851,0.000,38.01,32.0,3,2048
71827610,200.000,199.691,0.0000,-0.0267,0.0000,0.0939,0.000,38.01,32.0,3,2048
71828885,200.000,199.691,0.0000,0.1030,0.0000,0.1412,0.000,38.01,32.0,3,2048
71829621,200.000,199.691,0.0000,-0.0465,0.0000,0.0720,0.000,38.01,32.0,3,2048
71830561,200.000,199.691,0.0000,-0.0725,0.0000,0.0851,0.000,38.01,32.0,3,2048
71831887,200.000,199.691,0.0000,-0.0343,0.0000,0.0939,0.000,38.01,32.0,3,2048
71832556,200.000,199.691,0.0000,-0.0053,0.0000,0.0840,0.000,38.01,32.0,3,2048
71833928,200.000,199.691,0.0000,-0.1335,0.0000,0.1071,0.000,38.01,32.0,3,2048
71834561,200.000,199.691,0.0000,-0.0526,0.0000,0.0709,0.000,38.01,32.0,3,2048
71835898,200.000,199.691,0.0000,-0.0023,0.0000,0.1368,0.000,38.01,32.0,3,2048
71836559,200.000,199.691,0.0000,0.0771,0.0000,0.0753,0.000,38.01,32.0,3,2048
71837614,200.000,199.691,0.0000,0.0450,0.0000,0.1115,0.000,38.01,32.0,3,2048
71838883,200.000,199.691,0.0000,-0.0526,0.0000,0.1115,0.000,38.01,32.0,3,2048
71839575,200.000,199.691,0.0000,-0.0237,0.0000,0.0775,0.000,38.01,32.0,3,2048
71840560,200.000,199.691,0.0000,0.0038,0.0000,0.1280,0.000,38.01,32.0,3,2048
71841609,200.000,199.691,0.0000,0.0969,0.0000,0.0654,0.000,38.01,32.0,3,2048
71842559,200.000,199.691,0.0000,0.0526,0.0000,0.1203,0.000,38.01,32.0,3,2048
71843896,200.000,199.691,0.0000,0.0847,0.0000,0.0961,0.000,38.01,32.0,3,2048
71844558,200.000,199.691,0.0000,-0.0862,0.0000,0.1005,0.000,38.01,32.0,3,2048
71845614,200.000,199.669,0.0000,-0.0801,0.0000,0.0906,0.000,38.01,32.0,3,2048
71846559,200.000,199.691,0.0000,0.0175,0.0000,0.0851,0.000,38.01,32.0,3,2048
71847571,200.000,199.691,0.0000,-0.0008,0.0000,0.0961,0.000,38.01,32.0,3,2048
71848879,200.000,199.691,0.0000,0.0847,0.0000,0.0698,0.000,38.01,32.0,3,2048
71849682,200.000,199.691,0.0000,-0.0587,0.0000,0.1181,0.000,38.01,32.0,3,2048
71850561,200.000,199.691,0.0000,0.0786,0.0000,0.0862,0.000,38.01,32.0,3,2048
71851873,200.000,199.691,0.0000,-0.0069,0.0000,0.0797,0.000,38.01,32.0,3,2048
71852556,200.000,199.691,0.0000,0.0343,0.0000,0.1038,0.000,38.01,32.0,3,2048
71853880,200.000,199.691,0.0000,-0.0389,0.0000,0.1027,0.000,38.01,32.0,3,2048
71854620,200.000,199.691,0.0000,0.0816,0.0000,0.1060,0.000,38.01,32.0,3,2048
71855912,200.000,199.691,0.0000,-0.0221,0.0000,0.0764,0.000,38.01,32.0,3,2048
71856628,200.000,199.691,0.0000,-0.0099,0.0000,0.0994,0.000,38.01,32.0,3,2048
71857591,200.000,199.691,0.0000,0.0130,0.0000,0.1192,0.000,38.01,32.0,3,2048
71858907,200.000,199.691,0.0000,0.0450,0.0000,0.0917,0.000,38.01,32.0,3,2048
71859587,200.000,199.691,0.0000,-0.0664,0.0000,0.0895,0.000,38.01,32.0,3,2048
71860661,200.000,199.691,0.0000,0.0084,0.0000,0.1060,0.000,38.01,32.0,3,2048
71861556,200.000,199.691,0.0000,-0.0496,0.0000,0.0742,0.000,38.01,32.0,3,2048
71862589,200.000,199.691,0.0000,0.1030,0.0000,0.0873,0.000,38.01,32.0,3,2048
71863923,200.000,199.691,0.0000,-0.0389,0.0000,0.1236,0.000,38.01,32.0,3,2048
71864589,200.000,199.691,0.0000,-0.1366,0.0000,0.0884,0.000,38.01,32.0,3,2048
71865587,200.000,199.691,0.0000,0.0267,0.0000,0.0599,0.000,38.01,32.0,3,2048
71866582,200.000,199.691,0.0000,0.0175,0.0000,0.0862,0.000,38.01,32.0,3,2048
71867582,200.000,199.691,0.0000,-0.0313,0.0000,0.0818,0.000,38.01,32.0,3,2048
71868901,200.000,199.691,0.0000,-0.0084,0.0000,0.0906,0.000,38.01,32.0,3,2048
71869587,200.000,199.691,0.0000,-0.0008,0.0000,0.1225,0.000,38.01,32.0,3,2048
71870588,200.000,199.691,0.0000,-0.0771,0.0000,0.0676,0.000,38.01,32.0,3,2048
71871909,200.000,199.691,0.0000,-0.0282,0.0000,0.1137,0.000,38.01,32.0,3,2048
71872583,200.000,199.691,0.0000,-0.1381,0.0000,0.0478,0.000,38.01,32.0,3,2048
71873879,200.000,199.691,0.0000,-0.1610,0.0000,0.0621,0.000,38.01,32.0,3,2048
71874564,200.000,199.691,0.0000,0.0542,0.0000,0.0840,0.000,38.01,32.0,3,2048
71875934,200.000,199.691,0.0000,0.0420,0.0000,0.1071,0.000,38.01,32.0,3,2048
71876611,200.000,199.691,0.0000,0.0740,0.0000,0.1027,0.000,38.01,32.0,3,2048
71877479,200.000,199.691,0.0000,-0.0557,0.0000,0.0950,0.000,38.01,32.0,3,2048
71878885,200.000,199.691,0.0000,-0.0572,0.0000,0.0577,0.000,38.01,32.0,3,2048
71879555,200.000,199.691,0.0000,0.0023,0.0000,0.1038,0.000,38.01,32.0,3,2048
71880625,200.000,199.691,0.0000,-0.0114,0.0000,0.0643,0.000,38.01,32.0,3,2048
71881556,200.000,199.691,0.0000,0.0542,0.0000,0.1313,0.000,38.01,32.0,3,2048
71882571,200.000,199.691,0.0000,-0.0526,0.0000,0.0961,0.000,38.01,32.0,3,2048
71883882,200.000,199.691,0.0000,0.0206,0.0000,0.1060,0.000,38.01,32.0,3,2048
71884613,200.000,199.691,0.0000,-0.0374,0.0000,0.0698,0.000,38.01,32.0,3,2048
71885561,200.000,199.691,0.0000,-0.0648,0.0000,0.1060,0.000,38.01,32.0,3,2048
71886571,200.000,199.691,0.0000,0.0587,0.0000,0.0401,0.000,38.01,32.0,3,2048
71887555,200.000,199.691,0.0000,-0.0160,0.0000,0.1049,0.000,38.01,32.0,3,2048
71888928,200.000,199.691,0.0000,0.0145,0.0000,0.1027,0.000,38.01,32.0,3,2048
71889561,200.000,199.691,0.0000,0.1610,0.0000,0.0511,0.000,38.01,32.0,3,2048
71890576,200.000,199.691,0.0000,-0.0343,0.0000,0.1368,0.000,38.01,32.0,3,2048
71891868,200.000,199.691,0.0000,0.0404,0.0000,0.0786,0.000,38.01,32.0,3,2048
71892610,200.000,199.691,0.0000,-0.0618,0.0000,0.1159,0.000,38.01,32.0,3,2048
71893883,200.000,199.691,0.0000,-0.0542,0.0000,0.1203,0.000,38.01,32.0,3,2048
71894575,200.000,199.691,0.0000,-0.0832,0.0000,0.0917,0.000,38.01,32.0,3,2048
71895880,200.000,199.691,0.0000,0.1503,0.0000,0.1170,0.000,38.01,32.0,3,2048
71896613,200.000,199.691,0.0000,-0.0221,0.0000,0.0533,0.000,38.01,32.0,3,2048
71897561,200.000,199.691,0.0000,-0.0191,0.0000,0.0961,0.000,38.01,32.0,3,2048
71898899,200.000,199.691,0.0000,-0.0404,0.0000,0.1192,0.000,38.01,32.0,3,2048
71899555,200.000,199.691,0.0000,0.0496,0.0000,0.1093,0.000,38.01,32.0,3,2048
71900686,200.000,199.691,0.0000,-0.0069,0.0000,0.0939,0.000,38.01,32.0,3,2048
71901556,200.000,199.691,0.0000,-0.0237,0.0000,0.0555,0.000,38.01,32.0,3,2048
71902555,200.000,199.691,0.0000,0.0328,0.0000,0.1401,0.000,38.01,32.0,3,2048
71903882,200.000,199.691,0.0000,-0.0587,0.0000,0.0566,0.000,38.01,32.0,3,2048
71904556,200.000,199.691,0.0000,0.0221,0.0000,0.1500,0.000,38.01,32.0,3,2048
71905623,200.000,199.691,0.0000,0.0435,0.0000,0.0654,0.000,38.01,32.0,3,2048
71906622,200.000,199.691,0.0000,0.0267,0.0000,0.1082,0.000,38.01,32.0,3,2048
71907583,200.000,199.691,0.0000,0.0450,0.0000,0.0994,0.000,38.01,32.0,3,2048
71908905,200.000,199.691,0.0000,-0.0603,0.0000,0.0709,0.000,38.01,32.0,3,2048
71909588,200.000,199.691,0.0000,0.0862,0.0000,0.1181,0.000,38.01,32.0,3,2048
71910661,200.000,199.691,0.0000,0.0587,0.0000,0.0797,0.000,38.01,32.0,3,2048
71911875,200.000,199.691,0.0000,0.1869,0.0000,0.1214,0.000,38.01,32.0,3,2048
71912556,200.000,199.691,0.0000,-0.0572,0.0000,0.0873,0.000,38.01,32.0,3,2048
71913934,200.000,199.691,0.0000,0.0725,0.0000,0.1027,0.000,38.01,32.0,3,2048
71914589,200.000,199.691,0.0000,-0.0923,0.0000,0.0884,0.000,38.01,32.0,3,2048
71915911,200.000,199.691,0.0000,0.1503,0.0000,0.1148,0.000,38.01,32.0,3,2048
71916587,200.000,199.691,0.0000,0.0511,0.0000,0.1126,0.000,38.01,32.0,3,2048
71917587,200.000,199.691,0.0000,-0.1320,0.0000,0.0698,0.000,38.01,32.0,3,2048
71918903,200.000,199.691,0.0000,0.0740,0.0000,0.1060,0.000,38.01,32.0,3,2048
71919587,200.000,199.691,0.0000,-0.1198,0.0000,0.1038,0.000,38.01,32.0,3,2048
71920587,200.000,199.691,0.0000,0.0999,0.0000,0.0950,0.000,38.01,32.0,3,2048
71921582,200.000,199.691,0.0000,-0.1289,0.0000,0.0895,0.000,38.01,32.0,3,2048
71922596,200.000,199.691,0.0000,-0.0450,0.0000,0.1115,0.000,38.01,32.0,3,2048
71923882,200.000,199.691,0.0000,0.0740,0.0000,0.0928,0.000,38.01,32.0,3,2048
71924556,200.000,199.691,0.0000,-0.0084,0.0000,0.0720,0.000,38.01,32.0,3,2048
71925613,200.000,199.691,0.0000,0.0542,0.0000,0.0731,0.000,38.01,32.0,3,2048
71926604,200.000,199.691,0.0000,-0.0618,0.0000,0.1368,0.000,38.01,32.0,3,2048
71927610,200.000,199.691,0.0000,0.0206,0.0000,0.0818,0.000,38.01,32.0,3,2048
71928886,200.000,199.691,0.0000,-0.0542,0.0000,0.0764,0.000,38.01,32.0,3,2048
71929620,200.000,199.691,0.0000,0.0298,0.0000,0.1258,0.000,38.01,32.0,3,2048
71930562,200.000,199.691,0.0000,0.0313,0.0000,0.0731,0.000,38.01,32.0,3,2048
71931886,200.000,199.691,0.0000,0.0450,0.0000,0.0862,0.000,38.01,32.0,3,2048
71932556,200.000,199.691,0.0000,0.0465,0.0000,0.1368,0.000,38.01,32.0,3,2048
71933927,200.000,199.691,0.0000,0.0984,0.0000,0.1258,0.000,38.01,32.0,3,2048
71934562,200.000,199.691,0.0000,0.0023,0.0000,0.0895,0.000,38.01,32.0,3,2048
71935897,200.000,199.691,0.0000,0.0511,0.0000,0.0829,0.000,38.01,32.0,3,2048
71936559,200.000,199.691,0.0000,0.0633,0.0000,0.1181,0.000,38.01,32.0,3,2048
71937614,200.000,199.691,0.0000,-0.1228,0.0000,0.1093,0.000,38.01,32.0,3,2048
71938884,200.000,199.691,0.0000,-0.0542,0.0000,0.1060,0.000,38.01,32.0,3,2048
71939575,200.000,199.691,0.0000,-0.0542,0.0000,0.0862,0.000,38.01,32.0,3,2048
71940560,200.000,199.691,0.0000,0.0069,0.0000,0.0764,0.000,38.01,32.0,3,2048
71941608,200.000,199.691,0.0000,-0.1335,0.0000,0.1093,0.000,38.01,32.0,3,2048
71942561,200.000,199.691,0.0000,-0.0923,0.0000,0.0720,0.000,38.01,32.0,3,2048
71943895,200.000,199.691,0.0000,0.1457,0.0000,0.0917,0.000,38.01,32.0,3,2048
71944558,200.000,199.691,0.0000,0.0038,0.0000,0.0994,0.000,38.01,32.0,3,2048
71945613,200.000,199.691,0.0000,0.0038,0.0000,0.1060,0.000,38.01,32.0,3,2048
71946561,200.000,199.691,0.0000,0.0038,0.0000,0.0972,0.000,38.01,32.0,3,2048
71947571,200.000,199.691,0.0000,0.0252,0.0000,0.0720,0.000,38.01,32.0,3,2048
71948879,200.000,199.691,0.0000,-0.0206,0.0000,0.1126,0.000,38.01,32.0,3,2048
71949662,200.000,199.691,0.0000,0.0633,0.0000,0.0829,0.000,38.01,32.0,3,2048
71950601,200.000,199.691,0.0000,-0.0114,0.0000,0.1082,0.000,38.01,32.0,3,2048
71951879,200.000,199.691,0.0000,-0.0740,0.0000,0.0588,0.000,38.01,32.0,3,2048
71952614,200.000,199.691,0.0000,0.1244,0.0000,0.1280,0.000,38.01,32.0,3,2048
71953906,200.000,199.691,0.0000,0.1274,0.0000,0.1071,0.000,38.01,32.0,3,2048
71954586,200.000,199.691,0.0000,-0.0450,0.0000,0.0939,0.000,38.01,32.0,3,2048
71955909,200.000,199.691,0.0000,-0.0526,0.0000,0.0786,0.000,38.01,32.0,3,2048
71956585,200.000,199.691,0.0000,-0.0252,0.0000,0.1346,0.000,38.01,32.0,3,2048
71957586,200.000,199.691,0.0000,-0.0191,0.0000,0.1016,0.000,38.01,32.0,3,2048
71958902,200.000,199.691,0.0000,0.0267,0.0000,0.0884,0.000,38.01,32.0,3,2048
71959585,200.000,199.691,0.0000,-0.0496,0.0000,0.0676,0.000,38.01,32.0,3,2048
71960587,200.000,199.691,0.0000,-0.0099,0.0000,0.1049,0.000,38.01,32.0,3,2048
71961581,200.000,199.691,0.0000,0.0053,0.0000,0.1027,0.000,38.01,32.0,3,2048
71962585,200.000,199.691,0.0000,-0.0679,0.0000,0.0731,0.000,38.01,32.0,3,2048
71963883,200.000,199.691,0.0000,-0.0420,0.0000,0.0950,0.000,38.01,32.0,3,2048
71964605,200.000,199.691,0.0000,0.0694,0.0000,0.0643,0.000,38.01,32.0,3,2048
71965611,200.000,199.691,0.0000,-0.0389,0.0000,0.1027,0.000,38.01,32.0,3,2048
71966606,200.000,199.691,0.0000,0.0999,0.0000,0.1313,0.000,38.01,32.0,3,2048
71967611,200.000,199.691,0.0000,0.0359,0.0000,0.0632,0.000,38.01,32.0,3,2048
71968882,200.000,199.669,0.0000,-0.1289,0.0000,0.1016,0.000,38.01,32.0,3,2048
71969624,200.000,199.691,0.0000,-0.0175,0.0000,0.0950,0.000,38.01,32.0,3,2048
71970562,200.000,199.691,0.0000,-0.0221,0.0000,0.0807,0.000,38.01,32.0,3,2048
71971886,200.000,199.691,0.0000,0.0496,0.0000,0.1203,0.000,38.01,32.0,3,2048
71972556,200.000,199.691,0.0000,-0.1259,0.0000,0.0884,0.000,38.01,32.0,3,2048
71973927,200.000,199.691,0.0000,-0.0725,0.0000,0.1049,0.000,38.01,32.0,3,2048
71974562,200.000,199.691,0.0000,0.0069,0.0000,0.0643,0.000,38.01,32.0,3,2048
71975896,200.000,199.691,0.0000,-0.1259,0.0000,0.0994,0.000,38.01,32.0,3,2048
71976559,200.000,199.691,0.0000,-0.0313,0.0000,0.0939,0.000,38.01,32.0,3,2048
71977612,200.000,199.691,0.0000,0.0572,0.0000,0.0720,0.000,38.01,32.0,3,2048
71978886,200.000,199.691,0.0000,-0.1625,0.0000,0.0698,0.000,38.01,32.0,3,2048
71979575,200.000,199.691,0.0000,0.0038,0.0000,0.0906,0.000,38.01,32.0,3,2048
71980560,200.000,199.691,0.0000,0.0725,0.0000,0.1335,0.000,38.01,32.0,3,2048
71981607,200.000,199.691,0.0000,-0.0526,0.0000,0.0862,0.000,38.01,32.0,3,2048
71982561,200.000,199.691,0.0000,0.0191,0.0000,0.1170,0.000,38.01,32.0,3,2048
71983897,200.000,199.691,0.0000,0.0267,0.0000,0.0731,0.000,38.01,32.0,3,2048
71984558,200.000,199.691,0.0000,0.0862,0.0000,0.1379,0.000,38.01,32.0,3,2048
71985612,200.000,199.691,0.0000,-0.1656,0.0000,0.0720,0.000,38.01,32.0,3,2048
71986561,200.000,199.691,0.0000,0.0572,0.0000,0.0807,0.000,38.01,32.0,3,2048
71987571,200.000,199.691,0.0000,0.0526,0.0000,0.1148,0.000,38.01,32.0,3,2048
71988881,200.000,199.691,0.0000,0.0053,0.0000,0.0873,0.000,38.01,32.0,3,2048
71989610,200.000,199.691,0.0000,-0.0755,0.0000,0.1302,0.000,38.01,32.0,3,2048
71990562,200.000,199.691,0.0000,0.0053,0.0000,0.0873,0.000,38.01,32.0,3,2048
71991886,200.000,199.691,0.0000,0.0389,0.0000,0.0829,0.000,38.01,32.0,3,2048
71992556,200.000,199.691,0.0000,-0.0557,0.0000,0.1038,0.000,38.01,32.0,3,2048
71993927,200.000,199.669,0.0000,-0.1015,0.0000,0.1060,0.000,38.01,32.0,3,2048
71994562,200.000,199.691,0.0000,-0.0816,0.0000,0.0906,0.000,38.01,32.0,3,2048
71995896,200.000,199.691,0.0000,0.0099,0.0000,0.1104,0.000,38.01,32.0,3,2048
71996559,200.000,199.691,0.0000,-0.1411,0.0000,0.0709,0.000,38.01,32.0,3,2048
71997612,200.000,199.691,0.0000,0.0771,0.0000,0.0643,0.000,38.01,32.0,3,2048
71998885,200.000,199.691,0.0000,0.0587,0.0000,0.1214,0.000,38.01,32.0,3,2048
71999575,200.000,199.691,0.0000,-0.0511,0.0000,0.1104,0.000,38.01,32.0,3,2048
72000560,200.000,199.691,0.0000,0.0175,0.0000,0.0676,0.000,38.01,32.0,3,2048
72001681,200.000,199.691,0.0000,0.0084,0.0000,0.0818,0.000,38.01,32.0,3,2048
72002557,200.000,199.691,0.0000,-0.0130,0.0000,0.1038,0.000,38.01,32.0,3,2048
72003883,200.000,199.691,0.0000,-0.1732,0.0000,0.0917,0.000,38.01,32.0,3,2048
72004555,200.000,199.691,0.0000,0.0664,0.0000,0.0983,0.000,38.01,32.0,3,2048
72005560,200.000,199.691,0.0000,-0.0237,0.0000,0.1236,0.000,38.01,32.0,3,2048
72006619,200.000,199.691,0.0000,0.0771,0.0000,0.0862,0.000,38.01,32.0,3,2048
72007625,200.000,199.691,0.0000,-0.0587,0.0000,0.1203,0.000,38.01,32.0,3,2048
72008906,200.000,199.691,0.0000,-0.0847,0.0000,0.0983,0.000,38.01,32.0,3,2048
72009588,200.000,199.691,0.0000,0.0664,0.0000,0.0720,0.000,38.01,32.0,3,2048
72010590,200.000,199.691,0.0000,-0.0694,0.0000,0.1082,0.000,38.01,32.0,3,2048
72011975,200.000,199.691,0.0000,0.0694,0.0000,0.1192,0.000,38.01,32.0,3,2048
72012556,200.000,199.691,0.0000,0.0954,0.0000,0.1082,0.000,38.01,32.0,3,2048
72013878,200.000,199.691,0.0000,0.0069,0.0000,0.0709,0.000,38.01,32.0,3,2048
72014618,200.000,199.691,0.0000,-0.1686,0.0000,0.1181,0.000,38.01,32.0,3,2048
72015912,200.000,199.691,0.0000,0.0938,0.0000,0.0731,0.000,38.01,32.0,3,2048
72016587,200.000,199.691,0.0000,0.0221,0.0000,0.1115,0.000,38.01,32.0,3,2048
72017587,200.000,199.691,0.0000,0.0404,0.0000,0.1291,0.000,38.01,32.0,3,2048
72018904,200.000,199.691,0.0000,0.0633,0.0000,0.1093,0.000,38.01,32.0,3,2048
72019586,200.000,199.691,0.0000,-0.0313,0.0000,0.0818,0.000,38.01,32.0,3,2048
72020587,200.000,199.691,0.0000,0.1839,0.0000,0.1192,0.000,38.01,32.0,3,2048
72021582,200.000,199.691,0.0000,-0.0298,0.0000,0.0939,0.000,38.01,32.0,3,2048
72022582,200.000,199.691,0.0000,0.0618,0.0000,0.1071,0.000,38.01,32.0,3,2048
72023915,200.000,199.691,0.0000,0.1060,0.0000,0.0994,0.000,38.01,32.0,3,2048
72024560,200.000,199.691,0.0000,-0.0420,0.0000,0.1401,0.000,38.01,32.0,3,2048
72025560,200.000,199.691,0.0000,0.0145,0.0000,0.0753,0.000,38.01,32.0,3,2048
72026605,200.000,199.691,0.0000,-0.1488,0.0000,0.1082,0.000,38.01,32.0,3,2048
72027601,200.000,199.691,0.0000,0.0923,0.0000,0.1115,0.000,38.01,32.0,3,2048
72028930,200.000,199.691,0.0000,-0.1366,0.0000,0.0961,0.000,38.01,32.0,3,2048
72029559,200.000,199.691,0.0000,0.0511,0.0000,0.0544,0.000,38.01,32.0,3,2048
72030625,200.000,199.691,0.0000,0.0755,0.0000,0.1390,0.000,38.01,32.0,3,2048
72031870,200.000,199.691,0.0000,-0.0282,0.0000,0.0500,0.000,38.01,32.0,3,2048
72032572,200.000,199.691,0.0000,0.1167,0.0000,0.1346,0.000,38.01,32.0,3,2048
72033882,200.000,199.691,0.0000,0.1366,0.0000,0.1148,0.000,38.01,32.0,3,2048
72034613,200.000,199.691,0.0000,-0.0999,0.0000,0.0862,0.000,38.01,32.0,3,2048
72035890,200.000,199.691,0.0000,-0.0343,0.0000,0.1126,0.000,38.01,32.0,3,2048
72036571,200.000,199.691,0.0000,-0.0343,0.0000,0.0610,0.000,38.01,32.0,3,2048
72037560,200.000,199.691,0.0000,0.1030,0.0000,0.1016,0.000,38.01,32.0,3,2048
72038932,200.000,199.691,0.0000,-0.0984,0.0000,0.0522,0.000,38.01,32.0,3,2048
72039561,200.000,199.691,0.0000,0.0755,0.0000,0.0917,0.000,38.01,32.0,3,2048
72040576,200.000,199.691,0.0000,-0.1625,0.0000,0.0851,0.000,38.01,32.0,3,2048
72041555,200.000,199.691,0.0000,-0.0023,0.0000,0.0950,0.000,38.01,32.0,3,2048
72042609,200.000,199.691,0.0000,0.0755,0.0000,0.1192,0.000,38.01,32.0,3,2048
72043883,200.000,199.691,0.0000,0.0496,0.0000,0.1060,0.000,38.01,32.0,3,2048
72044575,200.000,199.691,0.0000,-0.0053,0.0000,0.0676,0.000,38.01,32.0,3,2048
72045560,200.000,199.691,0.0000,-0.0191,0.0000,0.0818,0.000,38.01,32.0,3,2048
72046609,200.000,199.691,0.0000,-0.0130,0.0000,0.0873,0.000,38.01,32.0,3,2048
72047559,200.000,199.691,0.0000,0.0786,0.0000,0.1203,0.000,38.01,32.0,3,2048
72048896,200.000,199.691,0.0000,0.0465,0.0000,0.0566,0.000,38.01,32.0,3,2048
72049558,200.000,199.691,0.0000,-0.0023,0.0000,0.1126,0.000,38.01,32.0,3,2048
72050614,200.000,199.691,0.0000,0.0786,0.0000,0.0895,0.000,38.01,32.0,3,2048
72051874,200.000,199.691,0.0000,0.0572,0.0000,0.1214,0.000,38.01,32.0,3,2048
72052674,200.000,199.691,0.0000,-0.0847,0.0000,0.1203,0.000,38.01,32.0,3,2048
72053885,200.000,199.691,0.0000,0.0542,0.0000,0.1379,0.000,38.01,32.0,3,2048
72054556,200.000,199.691,0.0000,-0.0328,0.0000,0.1159,0.000,38.01,32.0,3,2048
72055882,200.000,199.691,0.0000,0.0618,0.0000,0.1302,0.000,38.01,32.0,3,2048
72056556,200.000,199.691,0.0000,-0.0206,0.0000,0.0698,0.000,38.01,32.0,3,2048
72057623,200.000,199.691,0.0000,0.0420,0.0000,0.1137,0.000,38.01,32.0,3,2048
72058909,200.000,199.691,0.0000,0.0755,0.0000,0.0709,0.000,38.01,32.0,3,2048
72059623,200.000,199.691,0.0000,-0.0221,0.0000,0.1104,0.000,38.01,32.0,3,2048
72060592,200.000,199.691,0.0000,-0.0160,0.0000,0.1016,0.000,38.01,32.0,3,2048
72061586,200.000,199.691,0.0000,-0.0389,0.0000,0.0807,0.000,38.01,32.0,3,2048
72062651,200.000,199.691,0.0000,0.0130,0.0000,0.1258,0.000,38.01,32.0,3,2048
72063888,200.000,199.691,0.0000,0.0496,0.0000,0.0654,0.000,38.01,32.0,3,2048
72064560,200.000,199.691,0.0000,0.0771,0.0000,0.0972,0.000,38.01,32.0,3,2048
72065620,200.000,199.691,0.0000,-0.0114,0.0000,0.1060,0.000,38.01,32.0,3,2048
72066583,200.000,199.691,0.0000,-0.0069,0.0000,0.0895,0.000,38.01,32.0,3,2048
72067580,200.000,199.691,0.0000,0.0984,0.0000,0.0994,0.000,38.01,32.0,3,2048
72068901,200.000,199.691,0.0000,-0.1076,0.0000,0.0950,0.000,38.01,32.0,3,2048
72069587,200.000,199.691,0.0000,-0.0404,0.0000,0.1269,0.000,38.01,32.0,3,2048
72070587,200.000,199.691,0.0000,0.0908,0.0000,0.1214,0.000,38.01,32.0,3,2048
72071900,200.000,199.691,0.0000,0.0954,0.0000,0.1104,0.000,38.01,32.0,3,2048
72072582,200.000,199.691,0.0000,-0.0099,0.0000,0.1038,0.000,38.01,32.0,3,2048
72073900,200.000,199.691,0.0000,0.0404,0.0000,0.1115,0.000,38.01,32.0,3,2048
72074587,200.000,199.691,0.0000,-0.0130,0.0000,0.1049,0.000,38.01,32.0,3,2048
72075910,200.000,199.691,0.0000,0.0038,0.0000,0.0972,0.000,38.01,32.0,3,2048
72076559,200.000,199.691,0.0000,-0.0008,0.0000,0.0764,0.000,38.01,32.0,3,2048
72077608,200.000,199.691,0.0000,-0.0053,0.0000,0.0950,0.000,38.01,32.0,3,2048
72078923,200.000,199.691,0.0000,-0.0359,0.0000,0.1379,0.000,38.01,32.0,3,2048
72079608,200.000,199.691,0.0000,-0.0328,0.0000,0.1060,0.000,38.01,32.0,3,2048
72080615,200.000,199.691,0.0000,-0.0206,0.0000,0.0709,0.000,38.01,32.0,3,2048
72081555,200.000,199.691,0.0000,0.0450,0.0000,0.0720,0.000,38.01,32.0,3,2048
72082617,200.000,199.691,0.0000,-0.0511,0.0000,0.0895,0.000,38.01,32.0,3,2048
72083884,200.000,199.691,0.0000,0.0008,0.0000,0.0961,0.000,38.01,32.0,3,2048
72084574,200.000,199.691,0.0000,0.0603,0.0000,0.1027,0.000,38.01,32.0,3,2048
72085560,200.000,199.691,0.0000,0.0252,0.0000,0.0698,0.000,38.01,32.0,3,2048
72086609,200.000,199.691,0.0000,-0.1015,0.0000,0.1115,0.000,38.01,32.0,3,2048
72087556,200.000,199.691,0.0000,-0.0862,0.0000,0.0720,0.000,38.01,32.0,3,2048
72088901,200.000,199.691,0.0000,0.1060,0.0000,0.1269,0.000,38.01,32.0,3,2048
72089557,200.000,199.691,0.0000,-0.0237,0.0000,0.1082,0.000,38.01,32.0,3,2048
72090614,200.000,199.691,0.0000,0.1213,0.0000,0.1104,0.000,38.01,32.0,3,2048
72091871,200.000,199.691,0.0000,0.0648,0.0000,0.1093,0.000,38.01,32.0,3,2048
72092572,200.000,199.691,0.0000,-0.0389,0.0000,0.1016,0.000,38.01,32.0,3,2048
72093884,200.000,199.691,0.0000,0.0191,0.0000,0.1071,0.000,38.01,32.0,3,2048
72094611,200.000,199.691,0.0000,0.1671,0.0000,0.0566,0.000,38.01,32.0,3,2048
72095886,200.000,199.691,0.0000,-0.0542,0.0000,0.0961,0.000,38.01,32.0,3,2048
72096571,200.000,199.691,0.0000,-0.0694,0.0000,0.1126,0.000,38.01,32.0,3,2048
72097560,200.000,199.691,0.0000,-0.1518,0.0000,0.0939,0.000,38.01,32.0,3,2048
72098927,200.000,199.691,0.0000,0.1656,0.0000,0.0720,0.000,38.01,32.0,3,2048
72099563,200.000,199.691,0.0000,0.0374,0.0000,0.1357,0.000,38.01,32.0,3,2048
72100576,200.000,199.691,0.0000,-0.1091,0.0000,0.0851,0.000,38.01,32.0,3,2048
72101555,200.000,199.691,0.0000,0.0084,0.0000,0.0665,0.000,38.01,32.0,3,2048
72102683,200.000,199.691,0.0000,-0.1198,0.0000,0.1104,0.000,38.01,32.0,3,2048
72103886,200.000,199.691,0.0000,0.0359,0.0000,0.0698,0.000,38.01,32.0,3,2048
72104554,200.000,199.691,0.0000,0.0771,0.0000,0.1071,0.000,38.01,32.0,3,2048
72105560,200.000,199.691,0.0000,-0.0267,0.0000,0.0665,0.000,38.01,32.0,3,2048
72106555,200.000,199.691,0.0000,-0.0481,0.0000,0.0873,0.000,38.01,32.0,3,2048
72107620,200.000,199.691,0.0000,0.0023,0.0000,0.1115,0.000,38.01,32.0,3,2048
72108943,200.000,199.691,0.0000,-0.0313,0.0000,0.1247,0.000,38.01,32.0,3,2048
72109589,200.000,199.691,0.0000,-0.0404,0.0000,0.0753,0.000,38.01,32.0,3,2048
72110590,200.000,199.691,0.0000,0.0496,0.0000,0.1016,0.000,38.01,32.0,3,2048
72111902,200.000,199.691,0.0000,-0.0740,0.0000,0.0939,0.000,38.01,32.0,3,2048
72112659,200.000,199.691,0.0000,-0.1091,0.0000,0.1016,0.000,38.01,32.0,3,2048
72113883,200.000,199.691,0.0000,-0.0618,0.0000,0.1071,0.000,38.01,32.0,3,2048
72114555,200.000,199.691,0.0000,0.0206,0.0000,0.0829,0.000,38.01,32.0,3,2048
72115944,200.000,199.691,0.0000,0.0175,0.0000,0.1137,0.000,38.01,32.0,3,2048
72116589,200.000,199.691,0.0000,-0.1305,0.0000,0.0884,0.000,38.01,32.0,3,2048
72117589,200.000,199.691,0.0000,-0.0496,0.0000,0.1412,0.000,38.01,32.0,3,2048
72118901,200.000,199.691,0.0000,-0.0526,0.0000,0.0797,0.000,38.01,32.0,3,2048
72119588,200.000,199.691,0.0000,-0.0038,0.0000,0.0775,0.000,38.01,32.0,3,2048
72120587,200.000,199.691,0.0000,-0.0084,0.0000,0.1170,0.000,38.01,32.0,3,2048
72121582,200.000,199.669,0.0000,-0.0526,0.0000,0.0742,0.000,38.01,32.0,3,2048
72122582,200.000,199.691,0.0000,0.0160,0.0000,0.1412,0.000,38.01,32.0,3,2048
72123901,200.000,199.691,0.0000,0.1015,0.0000,0.0939,0.000,38.01,32.0,3,2048
72124602,200.000,199.691,0.0000,0.0450,0.0000,0.0786,0.000,38.01,32.0,3,2048
72125560,200.000,199.691,0.0000,0.0221,0.0000,0.1236,0.000,38.01,32.0,3,2048
72126555,200.000,199.691,0.0000,0.1076,0.0000,0.0829,0.000,38.01,32.0,3,2048
72127607,200.000,199.691,0.0000,-0.0511,0.0000,0.1357,0.000,38.01,32.0,3,2048
72128924,200.000,199.691,0.0000,0.0114,0.0000,0.0829,0.000,38.01,32.0,3,2048
72129604,200.000,199.691,0.0000,-0.0877,0.0000,0.0906,0.000,38.01,32.0,3,2048
72130563,200.000,199.691,0.0000,-0.0298,0.0000,0.1049,0.000,38.01,32.0,3,2048
72131874,200.000,199.691,0.0000,-0.0435,0.0000,0.0588,0.000,38.01,32.0,3,2048
72132617,200.000,199.691,0.0000,0.1045,0.0000,0.1148,0.000,38.01,32.0,3,2048
72133884,200.000,199.691,0.0000,0.0710,0.0000,0.1027,0.000,38.01,32.0,3,2048
72134574,200.000,199.691,0.0000,0.0496,0.0000,0.0709,0.000,38.01,32.0,3,2048
72135885,200.000,199.691,0.0000,0.0679,0.0000,0.1137,0.000,38.01,32.0,3,2048
72136609,200.000,199.691,0.0000,-0.1060,0.0000,0.1291,0.000,38.01,32.0,3,2048
72137561,200.000,199.691,0.0000,0.0130,0.0000,0.0588,0.000,38.01,32.0,3,2048
72138901,200.000,199.691,0.0000,-0.1808,0.0000,0.1071,0.000,38.01,32.0,3,2048
72139557,200.000,199.691,0.0000,0.0587,0.0000,0.0588,0.000,38.01,32.0,3,2048
72140614,200.000,199.691,0.0000,0.0862,0.0000,0.1445,0.000,38.01,32.0,3,2048
72141556,200.000,199.691,0.0000,0.0954,0.0000,0.0807,0.000,38.01,32.0,3,2048
72142571,200.000,199.691,0.0000,-0.0816,0.0000,0.1346,0.000,38.01,32.0,3,2048
72143883,200.000,199.691,0.0000,0.0313,0.0000,0.0687,0.000,38.01,32.0,3,2048
72144611,200.000,199.691,0.0000,-0.0069,0.0000,0.0972,0.000,38.01,32.0,3,2048
72145561,200.000,199.691,0.0000,0.0130,0.0000,0.0797,0.000,38.01,32.0,3,2048
72146571,200.000,199.691,0.0000,0.0618,0.0000,0.1104,0.000,38.01,32.0,3,2048
72147555,200.000,199.691,0.0000,0.0175,0.0000,0.1236,0.000,38.01,32.0,3,2048
72148928,200.000,199.691,0.0000,-0.0175,0.0000,0.0665,0.000,38.01,32.0,3,2048
72149563,200.000,199.691,0.0000,-0.0328,0.0000,0.1060,0.000,38.01,32.0,3,2048
72150576,200.000,199.691,0.0000,-0.0648,0.0000,0.0906,0.000,38.01,32.0,3,2048
72151868,200.000,199.691,0.0000,0.1198,0.0000,0.0862,0.000,38.01,32.0,3,2048
72152683,200.000,199.691,0.0000,0.0999,0.0000,0.1093,0.000,38.01,32.0,3,2048
72153884,200.000,199.691,0.0000,0.0298,0.0000,0.0917,0.000,38.01,32.0,3,2048
72154555,200.000,199.691,0.0000,-0.0191,0.0000,0.1104,0.000,38.01,32.0,3,2048
72155885,200.000,199.691,0.0000,-0.0542,0.0000,0.0862,0.000,38.01,32.0,3,2048
72156555,200.000,199.691,0.0000,0.0206,0.0000,0.1060,0.000,38.01,32.0,3,2048
72157624,200.000,199.691,0.0000,-0.0938,0.0000,0.0873,0.000,38.01,32.0,3,2048
72158908,200.000,199.691,0.0000,-0.0008,0.0000,0.0665,0.000,38.01,32.0,3,2048
72159627,200.000,199.691,0.0000,-0.0755,0.0000,0.0917,0.000,38.01,32.0,3,2048
72160592,200.000,199.691,0.0000,0.1991,0.0000,0.0840,0.000,38.01,32.0,3,2048
72161593,200.000,199.691,0.0000,-0.1274,0.0000,0.0906,0.000,38.01,32.0,3,2048
72162583,200.000,199.691,0.0000,0.0603,0.0000,0.0895,0.000,38.01,32.0,3,2048
72163970,200.000,199.691,0.0000,-0.0298,0.0000,0.0961,0.000,38.01,32.0,3,2048
72164563,200.000,199.691,0.0000,-0.0298,0.0000,0.1258,0.000,38.01,32.0,3,2048
72165561,200.000,199.691,0.0000,0.0221,0.0000,0.0797,0.000,38.01,32.0,3,2048
72166614,200.000,199.691,0.0000,0.0191,0.0000,0.1060,0.000,38.01,32.0,3,2048
72167586,200.000,199.691,0.0000,-0.0511,0.0000,0.1203,0.000,38.01,32.0,3,2048
72168901,200.000,199.691,0.0000,0.1427,0.0000,0.0873,0.000,38.01,32.0,3,2048
72169588,200.000,199.691,0.0000,0.1671,0.0000,0.1093,0.000,38.01,32.0,3,2048
72170587,200.000,199.691,0.0000,0.0175,0.0000,0.1291,0.000,38.01,32.0,3,2048
72171901,200.000,199.691,0.0000,-0.0725,0.0000,0.0994,0.000,38.01,32.0,3,2048
72172582,200.000,199.691,0.0000,-0.0374,0.0000,0.0906,0.000,38.01,32.0,3,2048
72173903,200.000,199.691,0.0000,-0.0298,0.0000,0.0961,0.000,38.01,32.0,3,2048
72174588,200.000,199.691,0.0000,0.0145,0.0000,0.0939,0.000,38.01,32.0,3,2048
72175918,200.000,199.691,0.0000,0.0542,0.0000,0.1104,0.000,38.01,32.0,3,2048
72176558,200.000,199.691,0.0000,0.0237,0.0000,0.1126,0.000,38.01,32.0,3,2048
72177577,200.000,199.691,0.0000,0.0877,0.0000,0.0884,0.000,38.01,32.0,3,2048
72178927,200.000,199.691,0.0000,-0.0710,0.0000,0.1214,0.000,38.01,32.0,3,2048
72179609,200.000,199.691,0.0000,0.0496,0.0000,0.0632,0.000,38.01,32.0,3,2048
72180481,200.000,199.691,0.0000,-0.0710,0.0000,0.1093,0.000,38.01,32.0,3,2048
72181558,200.000,199.691,0.0000,-0.1244,0.0000,0.1302,0.000,38.01,32.0,3,2048
72182616,200.000,199.691,0.0000,-0.0343,0.0000,0.0807,0.000,38.01,32.0,3,2048
72183887,200.000,199.691,0.0000,0.0221,0.0000,0.0764,0.000,38.01,32.0,3,2048
72184574,200.000,199.691,0.0000,0.0389,0.0000,0.0862,0.000,38.01,32.0,3,2048
72185560,200.000,199.691,0.0000,-0.0252,0.0000,0.1060,0.000,38.01,32.0,3,2048
72186609,200.000,199.691,0.0000,0.0755,0.0000,0.1236,0.000,38.01,32.0,3,2048
72187556,200.000,199.691,0.0000,0.0450,0.0000,0.0500,0.000,38.01,32.0,3,2048
72188900,200.000,199.691,0.0000,-0.0648,0.0000,0.0786,0.000,38.01,32.0,3,2048
72189557,200.000,199.691,0.0000,0.1152,0.0000,0.1390,0.000,38.01,32.0,3,2048
72190614,200.000,199.691,0.0000,-0.0328,0.0000,0.0862,0.000,38.01,32.0,3,2048
72191870,200.000,199.691,0.0000,0.0450,0.0000,0.1137,0.000,38.01,32.0,3,2048
72192572,200.000,199.691,0.0000,-0.0816,0.0000,0.0851,0.000,38.01,32.0,3,2048
72193884,200.000,199.691,0.0000,-0.0298,0.0000,0.1038,0.000,38.01,32.0,3,2048
72194610,200.000,199.691,0.0000,-0.0572,0.0000,0.0829,0.000,38.01,32.0,3,2048
72195890,200.000,199.691,0.0000,0.0664,0.0000,0.0917,0.000,38.01,32.0,3,2048
72196571,200.000,199.691,0.0000,0.0481,0.0000,0.1313,0.000,38.01,32.0,3,2048
72197560,200.000,199.691,0.0000,-0.0465,0.0000,0.0467,0.000,38.01,32.0,3,2048
72198929,200.000,199.691,0.0000,0.0877,0.0000,0.1038,0.000,38.01,32.0,3,2048
72199563,200.000,199.691,0.0000,0.1060,0.0000,0.0939,0.000,38.01,32.0,3,2048
72200576,200.000,199.691,0.0000,0.0221,0.0000,0.1357,0.000,38.01,32.0,3,2048
72201555,200.000,199.691,0.0000,0.0618,0.0000,0.0895,0.000,38.01,32.0,3,2048
72202605,200.000,199.691,0.0000,-0.0145,0.0000,0.0884,0.000,38.01,32.0,3,2048
72203885,200.000,199.691,0.0000,0.0862,0.0000,0.0511,0.000,38.01,32.0,3,2048
72204676,200.000,199.691,0.0000,-0.0542,0.0000,0.1115,0.000,38.01,32.0,3,2048
72205561,200.000,199.691,0.0000,0.0664,0.0000,0.1313,0.000,38.01,32.0,3,2048
72206555,200.000,199.691,0.0000,-0.0389,0.0000,0.0742,0.000,38.01,32.0,3,2048
72207555,200.000,199.691,0.0000,0.0999,0.0000,0.0753,0.000,38.01,32.0,3,2048
72208936,200.000,199.691,0.0000,0.0282,0.0000,0.1214,0.000,38.01,32.0,3,2048
72209590,200.000,199.691,0.0000,0.1122,0.0000,0.1027,0.000,38.01,32.0,3,2048
72210626,200.000,199.691,0.0000,0.0267,0.0000,0.0720,0.000,38.01,32.0,3,2048
72211907,200.000,199.691,0.0000,-0.0343,0.0000,0.1313,0.000,38.01,32.0,3,2048
72212587,200.000,199.691,0.0000,-0.0389,0.0000,0.1027,0.000,38.01,32.0,3,2048
72213905,200.000,199.691,0.0000,-0.0206,0.0000,0.1016,0.000,38.01,32.0,3,2048
72214632,200.000,199.691,0.0000,0.0221,0.0000,0.1005,0.000,38.01,32.0,3,2048
72215944,200.000,199.691,0.0000,-0.0023,0.0000,0.1049,0.000,38.01,32.0,3,2048
72216562,200.000,199.691,0.0000,-0.0328,0.0000,0.0895,0.000,38.01,32.0,3,2048
72217608,200.000,199.691,0.0000,-0.0145,0.0000,0.0906,0.000,38.01,32.0,3,2048
72218910,200.000,199.691,0.0000,0.0816,0.0000,0.0807,0.000,38.01,32.0,3,2048
72219588,200.000,199.691,0.0000,-0.0237,0.0000,0.1280,0.000,38.01,32.0,3,2048
72220587,200.000,199.691,0.0000,0.0175,0.0000,0.1236,0.000,38.01,32.0,3,2048
72221582,200.000,199.691,0.0000,0.0023,0.0000,0.0742,0.000,38.01,32.0,3,2048
72222582,200.000,199.691,0.0000,0.0801,0.0000,0.0862,0.000,38.01,32.0,3,2048
72223903,200.000,199.691,0.0000,-0.0877,0.0000,0.1115,0.000,38.01,32.0,3,2048
72224587,200.000,199.691,0.0000,-0.1106,0.0000,0.1049,0.000,38.01,32.0,3,2048
72225587,200.000,199.691,0.0000,0.1198,0.0000,0.0753,0.000,38.01,32.0,3,2048
72226593,200.000,199.691,0.0000,-0.0664,0.0000,0.1027,0.000,38.01,32.0,3,2048
72227559,200.000,199.691,0.0000,0.0755,0.0000,0.1071,0.000,38.01,32.0,3,2048
72228880,200.000,199.691,0.0000,0.0557,0.0000,0.1082,0.000,38.01,32.0,3,2048
72229607,200.000,199.691,0.0000,-0.0877,0.0000,0.1082,0.000,38.01,32.0,3,2048
72230611,200.000,199.691,0.0000,-0.0145,0.0000,0.0928,0.000,38.01,32.0,3,2048
72231876,200.000,199.691,0.0000,0.1137,0.0000,0.1159,0.000,38.01,32.0,3,2048
72232561,200.000,199.691,0.0000,-0.1457,0.0000,0.1269,0.000,38.01,32.0,3,2048
72233882,200.000,199.691,0.0000,-0.0816,0.0000,0.1401,0.000,38.01,32.0,3,2048
72234620,200.000,199.691,0.0000,0.0130,0.0000,0.1269,0.000,38.01,32.0,3,2048
72235892,200.000,199.691,0.0000,0.0023,0.0000,0.1093,0.000,38.01,32.0,3,2048
72236571,200.000,199.691,0.0000,0.0282,0.0000,0.0895,0.000,38.01,32.0,3,2048
72237560,200.000,199.691,0.0000,-0.0450,0.0000,0.1170,0.000,38.01,32.0,3,2048
72238931,200.000,199.691,0.0000,0.0237,0.0000,0.0577,0.000,38.01,32.0,3,2048
72239561,200.000,199.691,0.0000,-0.1122,0.0000,0.1423,0.000,38.01,32.0,3,2048
72240576,200.000,199.691,0.0000,-0.0053,0.0000,0.0862,0.000,38.01,32.0,3,2048
72241555,200.000,199.691,0.0000,-0.0252,0.0000,0.0884,0.000,38.01,32.0,3,2048
72242608,200.000,199.691,0.0000,-0.0313,0.0000,0.0753,0.000,38.01,32.0,3,2048
72243886,200.000,199.691,0.0000,0.0099,0.0000,0.1104,0.000,38.01,32.0,3,2048
72244575,200.000,199.691,0.0000,0.1122,0.0000,0.0994,0.000,38.01,32.0,3,2048
72245560,200.000,199.691,0.0000,-0.0343,0.0000,0.1214,0.000,38.01,32.0,3,2048
72246608,200.000,199.691,0.0000,0.0389,0.0000,0.0698,0.000,38.01,32.0,3,2048
72247559,200.000,199.691,0.0000,-0.0252,0.0000,0.0687,0.000,38.01,32.0,3,2048
72248896,200.000,199.691,0.0000,0.0526,0.0000,0.1071,0.000,38.01,32.0,3,2048
72249558,200.000,199.691,0.0000,-0.0389,0.0000,0.1203,0.000,38.01,32.0,3,2048
72250613,200.000,199.691,0.0000,-0.0481,0.0000,0.0961,0.000,38.01,32.0,3,2048
72251874,200.000,199.691,0.0000,0.0206,0.0000,0.0906,0.000,38.01,32.0,3,2048
72252572,200.000,199.691,0.0000,0.1778,0.0000,0.1159,0.000,38.01,32.0,3,2048
72253880,200.000,199.691,0.0000,0.2052,0.0000,0.0906,0.000,38.01,32.0,3,2048
72254681,200.000,199.691,0.0000,0.0160,0.0000,0.0687,0.000,38.01,32.0,3,2048
72255900,200.000,199.691,0.0000,-0.0526,0.0000,0.0884,0.000,38.01,32.0,3,2048
72256556,200.000,199.691,0.0000,-0.0435,0.0000,0.1016,0.000,38.01,32.0,3,2048
72257560,200.000,199.691,0.0000,0.0450,0.0000,0.0895,0.000,38.01,32.0,3,2048
72258876,200.000,199.691,0.0000,-0.0771,0.0000,0.0566,0.000,38.01,32.0,3,2048
72259621,200.000,199.691,0.0000,0.0465,0.0000,0.1038,0.000,38.01,32.0,3,2048
72260588,200.000,199.691,0.0000,0.0542,0.0000,0.1335,0.000,38.01,32.0,3,2048
72261626,200.000,199.691,0.0000,-0.0023,0.0000,0.1016,0.000,38.01,32.0,3,2048
72262590,200.000,199.691,0.0000,-0.0435,0.0000,0.0818,0.000,38.01,32.0,3,2048
72263910,200.000,199.691,0.0000,0.0206,0.0000,0.1291,0.000,38.01,32.0,3,2048
72264574,200.000,199.691,0.0000,-0.0313,0.0000,0.0786,0.000,38.01,32.0,3,2048
72265660,200.000,199.691,0.0000,0.0923,0.0000,0.1137,0.000,38.01,32.0,3,2048
72266555,200.000,199.691,0.0000,-0.0145,0.0000,0.0939,0.000,38.01,32.0,3,2048
72267613,200.000,199.691,0.0000,-0.0847,0.0000,0.0818,0.000,38.01,32.0,3,2048
72268905,200.000,199.691,0.0000,-0.0175,0.0000,0.1159,0.000,38.01,32.0,3,2048
72269589,200.000,199.691,0.0000,0.0008,0.0000,0.0873,0.000,38.01,32.0,3,2048
72270587,200.000,199.691,0.0000,0.0221,0.0000,0.0895,0.000,38.01,32.0,3,2048
72271901,200.000,199.691,0.0000,0.0008,0.0000,0.1005,0.000,38.01,32.0,3,2048
72272583,200.000,199.691,0.0000,-0.0145,0.0000,0.1214,0.000,38.01,32.0,3,2048
72273902,200.000,199.691,0.0000,-0.0252,0.0000,0.1159,0.000,38.01,32.0,3,2048
72274588,200.000,199.691,0.0000,0.1045,0.0000,0.0807,0.000,38.01,32.0,3,2048
72275909,200.000,199.691,0.0000,-0.0191,0.0000,0.1038,0.000,38.01,32.0,3,2048
72276588,200.000,199.691,0.0000,0.0038,0.0000,0.0709,0.000,38.01,32.0,3,2048
72277600,200.000,199.691,0.0000,-0.0954,0.0000,0.0983,0.000,38.01,32.0,3,2048
72278882,200.000,199.691,0.0000,0.0374,0.0000,0.0840,0.000,38.01,32.0,3,2048
72279557,200.000,199.691,0.0000,0.0877,0.0000,0.1005,0.000,38.01,32.0,3,2048
72280613,200.000,199.691,0.0000,-0.1213,0.0000,0.0928,0.000,38.01,32.0,3,2048
72281604,200.000,199.691,0.0000,-0.1411,0.0000,0.1016,0.000,38.01,32.0,3,2048
72282610,200.000,199.691,0.0000,0.1137,0.0000,0.0456,0.000,38.01,32.0,3,2048
72283885,200.000,199.691,0.0000,-0.0603,0.0000,0.1115,0.000,38.01,32.0,3,2048
