t_us,p_cmd,p_act,v_cmd,v_act,t_cmd,t_act,iq,vbus,temp,state,events
49336559,0.000,-0.110,0.0000,-0.0938,0.0000,0.0093,0.000,32.41,32.0,3,2048
49337613,0.000,-0.110,0.0000,-0.0572,0.0000,-0.0159,0.000,32.41,32.0,3,2048
49338883,0.000,-0.110,0.0000,0.1274,0.0000,0.0368,0.000,32.41,32.0,3,2048
49339576,0.000,-0.132,0.0000,0.0099,0.0000,0.0038,0.000,32.41,32.0,3,2048
49340560,0.000,-0.110,0.0000,0.0008,0.0000,-0.0137,0.000,32.41,32.0,3,2048
49341608,0.000,-0.110,0.0000,-0.0099,0.0000,0.0280,0.000,32.41,32.0,3,2048
49342559,0.000,-0.110,0.0000,-0.0420,0.0000,-0.0049,0.000,32.41,32.0,3,2048
49343897,0.000,-0.110,0.0000,0.0099,0.0000,-0.0192,0.000,32.41,32.0,3,2048
49344558,0.000,-0.132,0.0000,-0.0954,0.0000,-0.0159,0.000,32.41,32.0,3,2048
49345613,0.000,-0.110,0.0000,0.0084,0.0000,-0.0203,0.000,32.41,32.0,3,2048
49346559,0.000,-0.132,0.0000,-0.0343,0.0000,0.0379,0.000,32.41,32.0,3,2048
49347572,0.000,-0.110,0.0000,0.0572,0.0000,-0.0269,0.000,32.41,32.0,3,2048
49348879,0.000,-0.110,0.0000,0.0969,0.0000,-0.0038,0.000,32.41,32.0,3,2048
49349682,0.000,-0.110,0.0000,-0.0481,0.0000,-0.0060,0.000,32.41,32.0,3,2048
49350562,0.000,-0.110,0.0000,0.1198,0.0000,0.0280,0.000,32.41,32.0,3,2048
49351876,0.000,-0.110,0.0000,-0.0328,0.0000,0.0060,0.000,32.41,32.0,3,2048
49352556,0.000,-0.110,0.0000,-0.0206,0.0000,-0.0170,0.000,32.41,32.0,3,2048
49353880,0.000,-0.110,0.0000,-0.0175,0.0000,-0.0126,0.000,32.41,32.0,3,2048
49354620,0.000,-0.110,0.0000,-0.0084,0.0000,-0.0016,0.000,32.41,32.0,3,2048
49355912,0.000,-0.132,0.0000,-0.0938,0.0000,-0.0236,0.000,32.41,32.0,3,2048
49356628,0.000,-0.132,0.0000,-0.0832,0.0000,0.0137,0.000,32.41,32.0,3,2048
49357592,0.000,-0.110,0.0000,0.0450,0.0000,-0.0346,0.000,32.41,32.0,3,2048
49358905,0.000,-0.110,0.0000,0.0237,0.0000,0.0247,0.000,32.41,32.0,3,2048
49359588,0.000,-0.132,0.0000,-0.0603,0.0000,-0.0280,0.000,32.41,32.0,3,2048
49360661,0.000,-0.110,0.0000,0.0435,0.0000,0.0038,0.000,32.41,32.0,3,2048
49361557,0.000,-0.132,0.0000,-0.0572,0.0000,-0.0137,0.000,32.41,32.0,3,2048
49362555,0.000,-0.132,0.0000,0.0084,0.0000,-0.0027,0.000,32.41,32.0,3,2048
49363933,0.000,-0.110,0.0000,0.0816,0.0000,-0.0060,0.000,32.41,32.0,3,2048
49364588,0.000,-0.110,0.0000,0.0725,0.0000,0.0236,0.000,32.41,32.0,3,2048
49365589,0.000,-0.110,0.0000,0.0938,0.0000,-0.0269,0.000,32.41,32.0,3,2048
49366582,0.000,-0.110,0.0000,-0.0969,0.0000,0.0335,0.000,32.41,32.0,3,2048
49367582,0.000,-0.110,0.0000,-0.0282,0.0000,0.0181,0.000,32.41,32.0,3,2048
49368903,0.000,-0.132,0.0000,0.0526,0.0000,0.0082,0.000,32.41,32.0,3,2048
49369586,0.000,-0.132,0.0000,-0.0206,0.0000,-0.0060,0.000,32.41,32.0,3,2048
49370588,0.000,-0.110,0.0000,-0.0557,0.0000,0.0115,0.000,32.41,32.0,3,2048
49371900,0.000,-0.110,0.0000,-0.0175,0.0000,-0.0071,0.000,32.41,32.0,3,2048
49372590,0.000,-0.132,0.0000,0.0984,0.0000,0.0467,0.000,32.41,32.0,3,2048
49373883,0.000,-0.132,0.0000,0.0542,0.0000,0.0236,0.000,32.41,32.0,3,2048
49374555,0.000,-0.110,0.0000,0.0633,0.0000,-0.0214,0.000,32.41,32.0,3,2048
49375932,0.000,-0.110,0.0000,-0.0023,0.0000,0.0049,0.000,32.41,32.0,3,2048
49376609,0.000,-0.132,0.0000,0.0313,0.0000,0.0005,0.000,32.41,32.0,3,2048
49377571,0.000,-0.110,0.0000,-0.0923,0.0000,0.0071,0.000,32.41,32.0,3,2048
49378885,0.000,-0.110,0.0000,0.0221,0.0000,0.0126,0.000,32.41,32.0,3,2048
49379555,0.000,-0.110,0.0000,-0.1030,0.0000,0.0137,0.000,32.41,32.0,3,2048
49380624,0.000,-0.132,0.0000,-0.0221,0.0000,0.0016,0.000,32.41,32.0,3,2048
49381556,0.000,-0.110,0.0000,0.0328,0.0000,-0.0137,0.000,32.41,32.0,3,2048
49382571,0.000,-0.110,0.0000,0.0145,0.0000,0.0082,0.000,32.41,32.0,3,2048
49383882,0.000,-0.110,0.0000,0.0633,0.0000,-0.0148,0.000,32.41,32.0,3,2048
49384611,0.000,-0.132,0.0000,0.0145,0.0000,0.0203,0.000,32.41,32.0,3,2048
49385561,0.000,-0.110,0.0000,0.0679,0.0000,-0.0236,0.000,32.41,32.0,3,2048
49386572,0.000,-0.110,0.0000,0.1030,0.0000,0.0291,0.000,32.41,32.0,3,2048
49387555,0.000,-0.110,0.0000,-0.0801,0.0000,-0.0082,0.000,32.41,32.0,3,2048
49388925,0.000,-0.110,0.0000,-0.0648,0.0000,0.0236,0.000,32.41,32.0,3,2048
49389561,0.000,-0.132,0.0000,-0.0725,0.0000,-0.0357,0.000,32.41,32.0,3,2048
49390578,0.000,-0.110,0.0000,0.0069,0.0000,-0.0027,0.000,32.41,32.0,3,2048
49391870,0.000,-0.110,0.0000,0.0160,0.0000,-0.0148,0.000,32.41,32.0,3,2048
49392609,0.000,-0.110,0.0000,0.0084,0.0000,-0.0060,0.000,32.41,32.0,3,2048
49393883,0.000,-0.110,0.0000,0.0206,0.0000,-0.0060,0.000,32.41,32.0,3,2048
49394576,0.000,-0.110,0.0000,-0.0038,0.0000,0.0038,0.000,32.41,32.0,3,2048
49395880,0.000,-0.110,0.0000,0.1366,0.0000,0.0280,0.000,32.41,32.0,3,2048
49396611,0.000,-0.110,0.0000,-0.0343,0.0000,-0.0115,0.000,32.41,32.0,3,2048
49397561,0.000,-0.110,0.0000,-0.0359,0.0000,-0.0291,0.000,32.41,32.0,3,2048
49398901,0.000,-0.110,0.0000,0.0313,0.0000,0.0225,0.000,32.41,32.0,3,2048
49399555,0.000,-0.110,0.0000,-0.0160,0.0000,0.0192,0.000,32.41,32.0,3,2048
49400685,0.000,-0.110,0.0000,-0.0084,0.0000,-0.0181,0.000,32.41,32.0,3,2048
49401557,0.000,-0.110,0.0000,0.0038,0.0000,-0.0126,0.000,32.41,32.0,3,2048
49402555,0.000,-0.132,0.0000,-0.1244,0.0000,0.0203,0.000,32.41,32.0,3,2048
49403883,0.000,-0.132,0.0000,0.0679,0.0000,0.0269,0.000,32.41,32.0,3,2048
49404556,0.000,-0.110,0.0000,0.0435,0.0000,-0.0357,0.000,32.41,32.0,3,2048
49405627,0.000,-0.110,0.0000,-0.0496,0.0000,0.0115,0.000,32.41,32.0,3,2048
49406622,0.000,-0.110,0.0000,0.0221,0.0000,0.0027,0.000,32.41,32.0,3,2048
49407584,0.000,-0.132,0.0000,-0.0572,0.0000,0.0159,0.000,32.41,32.0,3,2048
49408906,0.000,-0.110,0.0000,0.0648,0.0000,-0.0137,0.000,32.41,32.0,3,2048
49409588,0.000,-0.110,0.0000,0.0099,0.0000,0.0236,0.000,32.41,32.0,3,2048
49410661,0.000,-0.132,0.0000,-0.0801,0.0000,0.0258,0.000,32.41,32.0,3,2048
49411876,0.000,-0.132,0.0000,-0.1045,0.0000,0.0038,0.000,32.41,32.0,3,2048
49412556,0.000,-0.132,0.0000,-0.0175,0.0000,-0.0269,0.000,32.41,32.0,3,2048
49413936,0.000,-0.132,0.0000,-0.0969,0.0000,-0.0236,0.000,32.41,32.0,3,2048
49414588,0.000,-0.110,0.0000,0.0496,0.0000,-0.0027,0.000,32.41,32.0,3,2048
49415913,0.000,-0.110,0.0000,-0.0404,0.0000,-0.0038,0.000,32.41,32.0,3,2048
49416587,0.000,-0.110,0.0000,0.0069,0.0000,0.0291,0.000,32.41,32.0,3,2048
49417587,0.000,-0.110,0.0000,0.0313,0.0000,0.0126,0.000,32.41,32.0,3,2048
49418903,0.000,-0.110,0.0000,0.0343,0.0000,0.0159,0.000,32.41,32.0,3,2048
49419587,0.000,-0.110,0.0000,0.0237,0.0000,-0.0269,0.000,32.41,32.0,3,2048
49420587,0.000,-0.110,0.0000,-0.0084,0.0000,0.0214,0.000,32.41,32.0,3,2048
49421582,0.000,-0.110,0.0000,0.0023,0.0000,0.0126,0.000,32.41,32.0,3,2048
49422597,0.000,-0.110,0.0000,0.0984,0.0000,0.0071,0.000,32.41,32.0,3,2048
49423881,0.000,-0.110,0.0000,-0.0511,0.0000,-0.0027,0.000,32.41,32.0,3,2048
49424556,0.000,-0.110,0.0000,0.0526,0.0000,-0.0027,0.000,32.41,32.0,3,2048
49425613,0.000,-0.132,0.0000,-0.0481,0.0000,0.0346,0.000,32.41,32.0,3,2048
49426606,0.000,-0.132,0.0000,0.0084,0.0000,-0.0203,0.000,32.41,32.0,3,2048
49427609,0.000,-0.110,0.0000,0.0938,0.0000,-0.0291,0.000,32.41,32.0,3,2048
49428884,0.000,-0.110,0.0000,0.0572,0.0000,-0.0005,0.000,32.41,32.0,3,2048
49429616,0.000,-0.132,0.0000,-0.0710,0.0000,-0.0005,0.000,32.41,32.0,3,2048
49430561,0.000,-0.110,0.0000,0.1183,0.0000,-0.0005,0.000,32.41,32.0,3,2048
49431887,0.000,-0.110,0.0000,0.1060,0.0000,0.0379,0.000,32.41,32.0,3,2048
49432556,0.000,-0.110,0.0000,0.0130,0.0000,-0.0181,0.000,32.41,32.0,3,2048
49433927,0.000,-0.132,0.0000,0.0069,0.0000,-0.0071,0.000,32.41,32.0,3,2048
49434561,0.000,-0.110,0.0000,0.0099,0.0000,-0.0038,0.000,32.41,32.0,3,2048
49435899,0.000,-0.110,0.0000,-0.0343,0.0000,-0.0104,0.000,32.41,32.0,3,2048
49436559,0.000,-0.110,0.0000,0.1457,0.0000,0.0346,0.000,32.41,32.0,3,2048
49437613,0.000,-0.110,0.0000,0.0526,0.0000,0.0005,0.000,32.41,32.0,3,2048
49438883,0.000,-0.132,0.0000,-0.0679,0.0000,0.0225,0.000,32.41,32.0,3,2048
49439576,0.000,-0.110,0.0000,0.0282,0.0000,0.0225,0.000,32.41,32.0,3,2048
49440560,0.000,-0.110,0.0000,-0.0008,0.0000,-0.0027,0.000,32.41,32.0,3,2048
49441608,0.000,-0.110,0.0000,-0.0481,0.0000,0.0236,0.000,32.41,32.0,3,2048
49442559,0.000,-0.132,0.0000,-0.0740,0.0000,0.0049,0.000,32.41,32.0,3,2048
49443897,0.000,-0.110,0.0000,-0.0481,0.0000,0.0126,0.000,32.41,32.0,3,2048
49444558,0.000,-0.110,0.0000,0.0740,0.0000,-0.0148,0.000,32.41,32.0,3,2048
49445613,0.000,-0.110,0.0000,0.0618,0.0000,0.0401,0.000,32.41,32.0,3,2048
49446559,0.000,-0.110,0.0000,-0.0008,0.0000,-0.0269,0.000,32.41,32.0,3,2048
49447572,0.000,-0.110,0.0000,0.1778,0.0000,0.0060,0.000,32.41,32.0,3,2048
49448878,0.000,-0.132,0.0000,-0.0404,0.0000,0.0478,0.000,32.41,32.0,3,2048
49449681,0.000,-0.132,0.0000,-0.0328,0.0000,0.0093,0.000,32.41,32.0,3,2048
49450562,0.000,-0.132,0.0000,-0.0771,0.0000,0.0126,0.000,32.41,32.0,3,2048
49451874,0.000,-0.110,0.0000,0.0313,0.0000,0.0071,0.000,32.41,32.0,3,2048
49452556,0.000,-0.110,0.0000,0.0450,0.0000,-0.0071,0.000,32.41,32.0,3,2048
49453880,0.000,-0.110,0.0000,0.0847,0.0000,-0.0060,0.000,32.41,32.0,3,2048
49454620,0.000,-0.110,0.0000,-0.0298,0.0000,0.0027,0.000,32.41,32.0,3,2048
49455913,0.000,-0.110,0.0000,0.0053,0.0000,0.0071,0.000,32.41,32.0,3,2048
49456626,0.000,-0.110,0.0000,-0.0450,0.0000,-0.0126,0.000,32.41,32.0,3,2048
49457594,0.000,-0.110,0.0000,0.0542,0.0000,0.0016,0.000,32.41,32.0,3,2048
49458909,0.000,-0.132,0.0000,-0.0328,0.0000,0.0016,0.000,32.41,32.0,3,2048
49459587,0.000,-0.110,0.0000,0.0084,0.0000,-0.0126,0.000,32.41,32.0,3,2048
49460661,0.000,-0.110,0.0000,-0.1305,0.0000,0.0357,0.000,32.41,32.0,3,2048
49461557,0.000,-0.110,0.0000,0.0053,0.0000,-0.0632,0.000,32.41,32.0,3,2048
49462587,0.000,-0.132,0.0000,-0.0282,0.0000,0.0621,0.000,32.41,32.0,3,2048
49463928,0.000,-0.132,0.0000,-0.0420,0.0000,-0.0467,0.000,32.41,32.0,3,2048
49464589,0.000,-0.132,0.0000,-0.0801,0.0000,-0.0126,0.000,32.41,32.0,3,2048
49465588,0.000,-0.132,0.0000,0.0603,0.0000,0.0137,0.000,32.41,32.0,3,2048
49466582,0.000,-0.132,0.0000,0.0587,0.0000,0.0005,0.000,32.41,32.0,3,2048
49467582,0.000,-0.110,0.0000,0.1106,0.0000,-0.0027,0.000,32.41,32.0,3,2048
49468901,0.000,-0.110,0.0000,-0.0862,0.0000,0.0247,0.000,32.41,32.0,3,2048
49469588,0.000,-0.110,0.0000,-0.0069,0.0000,-0.0126,0.000,32.41,32.0,3,2048
49470589,0.000,-0.110,0.0000,-0.0526,0.0000,-0.0093,0.000,32.41,32.0,3,2048
49471912,0.000,-0.110,0.0000,0.0252,0.0000,-0.0148,0.000,32.41,32.0,3,2048
49472564,0.000,-0.132,0.0000,-0.0832,0.0000,0.0148,0.000,32.41,32.0,3,2048
49473878,0.000,-0.132,0.0000,-0.0557,0.0000,0.0203,0.000,32.41,32.0,3,2048
49474565,0.000,-0.110,0.0000,0.0893,0.0000,-0.0137,0.000,32.41,32.0,3,2048
49475934,0.000,-0.110,0.0000,0.0374,0.0000,0.0214,0.000,32.41,32.0,3,2048
49476609,0.000,-0.110,0.0000,-0.0755,0.0000,-0.0148,0.000,32.41,32.0,3,2048
49477614,0.000,-0.132,0.0000,-0.0328,0.0000,0.0445,0.000,32.41,32.0,3,2048
49478887,0.000,-0.132,0.0000,-0.0465,0.0000,-0.0324,0.000,32.41,32.0,3,2048
49479618,0.000,-0.132,0.0000,-0.0786,0.0000,-0.0302,0.000,32.41,32.0,3,2048
49480561,0.000,-0.110,0.0000,0.0099,0.0000,0.0038,0.000,32.41,32.0,3,2048
49481571,0.000,-0.110,0.0000,0.0023,0.0000,-0.0049,0.000,32.41,32.0,3,2048
49482555,0.000,-0.110,0.0000,-0.0420,0.0000,0.0401,0.000,32.41,32.0,3,2048
49483927,0.000,-0.110,0.0000,0.1778,0.0000,0.0082,0.000,32.41,32.0,3,2048
49484561,0.000,-0.110,0.0000,-0.0847,0.0000,0.0269,0.000,32.41,32.0,3,2048
49485578,0.000,-0.110,0.0000,0.0755,0.0000,-0.0203,0.000,32.41,32.0,3,2048
49486555,0.000,-0.110,0.0000,0.0023,0.0000,-0.0038,0.000,32.41,32.0,3,2048
49487608,0.000,-0.110,0.0000,-0.0618,0.0000,0.0346,0.000,32.41,32.0,3,2048
49488884,0.000,-0.110,0.0000,0.0908,0.0000,-0.0280,0.000,32.41,32.0,3,2048
49489576,0.000,-0.110,0.0000,-0.0145,0.0000,0.0313,0.000,32.41,32.0,3,2048
49490560,0.000,-0.132,0.0000,-0.0023,0.0000,0.0357,0.000,32.41,32.0,3,2048
49491923,0.000,-0.132,0.0000,0.0099,0.0000,0.0016,0.000,32.41,32.0,3,2048
49492561,0.000,-0.110,0.0000,-0.0008,0.0000,-0.0412,0.000,32.41,32.0,3,2048
49493897,0.000,-0.110,0.0000,0.0008,0.0000,0.0269,0.000,32.41,32.0,3,2048
49494558,0.000,-0.110,0.0000,0.0694,0.0000,0.0247,0.000,32.41,32.0,3,2048
49495935,0.000,-0.110,0.0000,0.0191,0.0000,0.0148,0.000,32.41,32.0,3,2048
49496557,0.000,-0.110,0.0000,0.0908,0.0000,-0.0236,0.000,32.41,32.0,3,2048
49497578,0.000,-0.132,0.0000,-0.0786,0.0000,-0.0269,0.000,32.41,32.0,3,2048
49498877,0.000,-0.132,0.0000,-0.1259,0.0000,0.0335,0.000,32.41,32.0,3,2048
49499680,0.000,-0.110,0.0000,0.1106,0.0000,-0.0049,0.000,32.41,32.0,3,2048
49500562,0.000,-0.132,0.0000,-0.0740,0.0000,0.0038,0.000,32.41,32.0,3,2048
49501554,0.000,-0.110,0.0000,0.0008,0.0000,0.0225,0.000,32.41,32.0,3,2048
49502555,0.000,-0.110,0.0000,0.0572,0.0000,0.0159,0.000,32.41,32.0,3,2048
49503882,0.000,-0.110,0.0000,0.0359,0.0000,0.0357,0.000,32.41,32.0,3,2048
49504623,0.000,-0.110,0.0000,0.0313,0.0000,-0.0181,0.000,32.41,32.0,3,2048
49505625,0.000,-0.132,0.0000,-0.0282,0.0000,-0.0038,0.000,32.41,32.0,3,2048
49506584,0.000,-0.132,0.0000,-0.0725,0.0000,-0.0192,0.000,32.41,32.0,3,2048
49507585,0.000,-0.110,0.0000,-0.0526,0.0000,0.0049,0.000,32.41,32.0,3,2048
49508905,0.000,-0.132,0.0000,-0.1015,0.0000,0.0225,0.000,32.41,32.0,3,2048
49509655,0.000,-0.132,0.0000,0.0343,0.0000,-0.0214,0.000,32.41,32.0,3,2048
49510562,0.000,-0.110,0.0000,-0.0374,0.0000,0.0082,0.000,32.41,32.0,3,2048
49511873,0.000,-0.132,0.0000,0.0359,0.0000,-0.0093,0.000,32.41,32.0,3,2048
49512620,0.000,-0.132,0.0000,-0.0587,0.0000,0.0093,0.000,32.41,32.0,3,2048
49513905,0.000,-0.110,0.0000,-0.0481,0.0000,0.0093,0.000,32.41,32.0,3,2048
49514589,0.000,-0.110,0.0000,-0.0710,0.0000,0.0148,0.000,32.41,32.0,3,2048
49515910,0.000,-0.110,0.0000,0.0542,0.0000,-0.0082,0.000,32.41,32.0,3,2048
49516586,0.000,-0.110,0.0000,0.0374,0.0000,0.0104,0.000,32.41,32.0,3,2048
49517587,0.000,-0.132,0.0000,-0.0420,0.0000,-0.0258,0.000,32.41,32.0,3,2048
49518902,0.000,-0.110,0.0000,-0.1183,0.0000,0.0192,0.000,32.41,32.0,3,2048
49519587,0.000,-0.132,0.0000,0.0694,0.0000,-0.0335,0.000,32.41,32.0,3,2048
49520587,0.000,-0.110,0.0000,0.0465,0.0000,0.0610,0.000,32.41,32.0,3,2048
49521596,0.000,-0.110,0.0000,-0.0862,0.0000,-0.0027,0.000,32.41,32.0,3,2048
49522557,0.000,-0.110,0.0000,0.0053,0.0000,0.0071,0.000,32.41,32.0,3,2048
49523879,0.000,-0.110,0.0000,0.0374,0.0000,0.0324,0.000,32.41,32.0,3,2048
49524609,0.000,-0.132,0.0000,-0.0420,0.0000,-0.0302,0.000,32.41,32.0,3,2048
49525612,0.000,-0.110,0.0000,-0.0343,0.0000,-0.0049,0.000,32.41,32.0,3,2048
49526517,0.000,-0.110,0.0000,-0.0374,0.0000,-0.0170,0.000,32.41,32.0,3,2048
49527558,0.000,-0.110,0.0000,0.0298,0.0000,-0.0225,0.000,32.41,32.0,3,2048
49528883,0.000,-0.110,0.0000,0.0847,0.0000,0.0236,0.000,32.41,32.0,3,2048
49529615,0.000,-0.110,0.0000,0.0450,0.0000,-0.0225,0.000,32.41,32.0,3,2048
49530561,0.000,-0.110,0.0000,-0.0282,0.0000,-0.0082,0.000,32.41,32.0,3,2048
49531886,0.000,-0.110,0.0000,-0.0206,0.0000,0.0159,0.000,32.41,32.0,3,2048
49532556,0.000,-0.110,0.0000,-0.0587,0.0000,-0.0049,0.000,32.41,32.0,3,2048
49533927,0.000,-0.132,0.0000,-0.0450,0.0000,0.0016,0.000,32.41,32.0,3,2048
49534868,0.000,-0.132,0.0000,-0.1167,0.0000,0.0104,0.000,32.41,32.0,3,2048
49536201,0.000,-0.110,0.0000,0.0648,0.0000,0.0258,0.000,32.41,32.0,3,2048
49536870,0.000,-0.110,0.0000,-0.0069,0.0000,-0.0335,0.000,32.41,32.0,3,2048
49537904,0.000,-0.132,0.0000,0.0053,0.0000,-0.0126,0.000,32.41,32.0,3,2048
49539202,0.000,-0.132,0.0000,0.0237,0.0000,0.0137,0.000,32.41,32.0,3,2048
49539876,0.000,-0.110,0.0000,0.0694,0.0000,-0.0049,0.000,32.41,32.0,3,2048
49540872,0.000,-0.110,0.0000,0.0252,0.0000,0.0104,0.000,32.41,32.0,3,2048
49541906,0.000,-0.110,0.0000,0.0008,0.0000,-0.0082,0.000,32.41,32.0,3,2048
49542872,0.000,-0.132,0.0000,-0.0282,0.0000,0.0291,0.000,32.41,32.0,3,2048
49544205,0.000,-0.110,0.0000,0.0786,0.0000,-0.0313,0.000,32.41,32.0,3,2048
49544870,0.000,-0.110,0.0000,0.0450,0.0000,0.0104,0.000,32.41,32.0,3,2048
49545904,0.000,-0.110,0.0000,-0.0145,0.0000,0.0192,0.000,32.41,32.0,3,2048
49546871,0.000,-0.132,0.0000,-0.0374,0.0000,0.0060,0.000,32.41,32.0,3,2048
49547875,0.000,-0.110,0.0000,0.0298,0.0000,-0.0203,0.000,32.41,32.0,3,2048
49549198,0.000,-0.110,0.0000,0.0114,0.0000,0.0467,0.000,32.41,32.0,3,2048
49549740,0.000,-0.110,0.0000,0.0130,0.0000,-0.0269,0.000,32.41,32.0,3,2048
49550975,0.000,-0.110,0.0000,0.0389,0.0000,0.0258,0.000,32.41,32.0,3,2048
49552186,0.000,-0.110,0.0000,0.0206,0.0000,-0.0016,0.000,32.41,32.0,3,2048
49552556,0.000,-0.110,0.0000,-0.0343,0.0000,0.0005,0.000,32.41,32.0,3,2048
49553881,0.000,-0.110,0.0000,0.0038,0.0000,0.0214,0.000,32.41,32.0,3,2048
49554557,0.000,-0.110,0.0000,0.0191,0.0000,-0.0258,0.000,32.41,32.0,3,2048
49555881,0.000,-0.132,0.0000,-0.0694,0.0000,0.0423,0.000,32.41,32.0,3,2048
49556621,0.000,-0.110,0.0000,0.0603,0.0000,0.0159,0.000,32.41,32.0,3,2048
49557627,0.000,-0.110,0.0000,-0.0725,0.0000,0.0049,0.000,32.41,32.0,3,2048
49558905,0.000,-0.110,0.0000,0.0221,0.0000,-0.0060,0.000,32.41,32.0,3,2048
49559587,0.000,-0.132,0.0000,0.0237,0.0000,-0.0148,0.000,32.41,32.0,3,2048
49560591,0.000,-0.110,0.0000,0.0847,0.0000,0.0159,0.000,32.41,32.0,3,2048
49561631,0.000,-0.110,0.0000,0.0862,0.0000,-0.0060,0.000,32.41,32.0,3,2048
49562616,0.000,-0.132,0.0000,0.0191,0.0000,-0.0027,0.000,32.41,32.0,3,2048
49563877,0.000,-0.110,0.0000,0.0923,0.0000,0.0214,0.000,32.41,32.0,3,2048
49564602,0.000,-0.110,0.0000,-0.0389,0.0000,-0.0060,0.000,32.41,32.0,3,2048
49565599,0.000,-0.110,0.0000,-0.0679,0.0000,0.0005,0.000,32.41,32.0,3,2048
49566585,0.000,-0.110,0.0000,0.0130,0.0000,0.0214,0.000,32.41,32.0,3,2048
49567582,0.000,-0.132,0.0000,-0.0084,0.0000,0.0060,0.000,32.41,32.0,3,2048
49568904,0.000,-0.110,0.0000,0.1106,0.0000,-0.0082,0.000,32.41,32.0,3,2048
49569586,0.000,-0.132,0.0000,-0.0664,0.0000,-0.0027,0.000,32.41,32.0,3,2048
49570587,0.000,-0.132,0.0000,-0.0908,0.0000,0.0203,0.000,32.41,32.0,3,2048
49571901,0.000,-0.110,0.0000,0.0343,0.0000,0.0082,0.000,32.41,32.0,3,2048
49572585,0.000,-0.110,0.0000,0.0740,0.0000,-0.0159,0.000,32.41,32.0,3,2048
49573913,0.000,-0.110,0.0000,0.0603,0.0000,-0.0203,0.000,32.41,32.0,3,2048
49574560,0.000,-0.110,0.0000,0.1091,0.0000,0.0137,0.000,32.41,32.0,3,2048
49575879,0.000,-0.132,0.0000,0.0313,0.0000,-0.0071,0.000,32.41,32.0,3,2048
49576606,0.000,-0.132,0.0000,-0.0496,0.0000,-0.0038,0.000,32.41,32.0,3,2048
49577611,0.000,-0.110,0.0000,-0.1060,0.0000,-0.0533,0.000,32.41,32.0,3,2048
49578923,0.000,-0.110,0.0000,-0.0771,0.0000,0.0258,0.000,32.41,32.0,3,2048
49579613,0.000,-0.110,0.0000,0.0374,0.0000,0.0181,0.000,32.41,32.0,3,2048
49580560,0.000,-0.132,0.0000,-0.0420,0.0000,-0.0093,0.000,32.41,32.0,3,2048
49581617,0.000,-0.110,0.0000,0.1259,0.0000,0.0313,0.000,32.41,32.0,3,2048
49582556,0.000,-0.132,0.0000,-0.0771,0.0000,-0.0093,0.000,32.41,32.0,3,2048
49583901,0.000,-0.110,0.0000,0.0496,0.0000,-0.0126,0.000,32.41,32.0,3,2048
49584557,0.000,-0.110,0.0000,0.0557,0.0000,0.0313,0.000,32.41,32.0,3,2048
49585613,0.000,-0.110,0.0000,0.0023,0.0000,-0.0192,0.000,32.41,32.0,3,2048
49586556,0.000,-0.132,0.0000,-0.0038,0.0000,0.0115,0.000,32.41,32.0,3,2048
49587572,0.000,-0.110,0.0000,0.0114,0.0000,-0.0049,0.000,32.41,32.0,3,2048
49588883,0.000,-0.132,0.0000,-0.0481,0.0000,0.0126,0.000,32.41,32.0,3,2048
49589610,0.000,-0.132,0.0000,-0.0557,0.0000,0.0060,0.000,32.41,32.0,3,2048
49590561,0.000,-0.110,0.0000,0.0801,0.0000,-0.0159,0.000,32.41,32.0,3,2048
49591887,0.000,-0.132,0.0000,-0.0648,0.0000,0.0258,0.000,32.41,32.0,3,2048
49592556,0.000,-0.110,0.0000,0.1411,0.0000,-0.0082,0.000,32.41,32.0,3,2048
49593928,0.000,-0.132,0.0000,0.0221,0.0000,-0.0335,0.000,32.41,32.0,3,2048
49594563,0.000,-0.110,0.0000,-0.0160,0.0000,0.0016,0.000,32.41,32.0,3,2048
49595897,0.000,-0.110,0.0000,0.0221,0.0000,0.0137,0.000,32.41,32.0,3,2048
49596559,0.000,-0.110,0.0000,0.0313,0.0000,0.0346,0.000,32.41,32.0,3,2048
49597609,0.000,-0.132,0.0000,-0.1152,0.0000,-0.0346,0.000,32.41,32.0,3,2048
49598885,0.000,-0.132,0.0000,-0.0237,0.0000,0.0005,0.000,32.41,32.0,3,2048
49599578,0.000,-0.110,0.0000,0.1091,0.0000,0.0379,0.000,32.41,32.0,3,2048
49600560,0.000,-0.132,0.0000,-0.0420,0.0000,0.0159,0.000,32.41,32.0,3,2048
49601681,0.000,-0.110,0.0000,-0.0023,0.0000,-0.0071,0.000,32.41,32.0,3,2048
49602557,0.000,-0.110,0.0000,0.0359,0.0000,-0.0346,0.000,32.41,32.0,3,2048
49603883,0.000,-0.110,0.0000,-0.0023,0.0000,0.0401,0.000,32.41,32.0,3,2048
49604555,0.000,-0.132,0.0000,-0.0435,0.0000,-0.0423,0.000,32.41,32.0,3,2048
49605560,0.000,-0.110,0.0000,0.0374,0.0000,-0.0049,0.000,32.41,32.0,3,2048
49606625,0.000,-0.132,0.0000,-0.0084,0.0000,0.0225,0.000,32.41,32.0,3,2048
49607624,0.000,-0.110,0.0000,0.1045,0.0000,-0.0060,0.000,32.41,32.0,3,2048
49608906,0.000,-0.110,0.0000,0.0114,0.0000,0.0214,0.000,32.41,32.0,3,2048
49609589,0.000,-0.132,0.0000,-0.1045,0.0000,-0.0324,0.000,32.41,32.0,3,2048
49610590,0.000,-0.110,0.0000,0.1122,0.0000,-0.0159,0.000,32.41,32.0,3,2048
49611975,0.000,-0.132,0.0000,-0.2113,0.0000,0.0214,0.000,32.41,32.0,3,2048
49612558,0.000,-0.132,0.0000,0.0221,0.0000,-0.0038,0.000,32.41,32.0,3,2048
49613878,0.000,-0.132,0.0000,-0.0481,0.0000,-0.0093,0.000,32.41,32.0,3,2048
49614623,0.000,-0.110,0.0000,-0.0084,0.0000,-0.0368,0.000,32.41,32.0,3,2048
49615911,0.000,-0.110,0.0000,0.0130,0.0000,0.0280,0.000,32.41,32.0,3,2048
49616588,0.000,-0.132,0.0000,-0.1076,0.0000,-0.0192,0.000,32.41,32.0,3,2048
49617587,0.000,-0.132,0.0000,0.0130,0.0000,-0.0148,0.000,32.41,32.0,3,2048
49618904,0.000,-0.110,0.0000,-0.0221,0.0000,-0.0104,0.000,32.41,32.0,3,2048
49619586,0.000,-0.110,0.0000,0.0572,0.0000,0.0390,0.000,32.41,32.0,3,2048
49620587,0.000,-0.132,0.0000,-0.1320,0.0000,-0.0104,0.000,32.41,32.0,3,2048
49621582,0.000,-0.110,0.0000,-0.0786,0.0000,0.0071,0.000,32.41,32.0,3,2048
49622582,0.000,-0.110,0.0000,-0.0145,0.0000,-0.0335,0.000,32.41,32.0,3,2048
49623916,0.000,-0.110,0.0000,-0.0999,0.0000,0.0115,0.000,32.41,32.0,3,2048
49624559,0.000,-0.110,0.0000,-0.0465,0.0000,-0.0038,0.000,32.41,32.0,3,2048
49625560,0.000,-0.110,0.0000,0.0221,0.0000,-0.0214,0.000,32.41,32.0,3,2048
49626606,0.000,-0.132,0.0000,0.0694,0.0000,0.0280,0.000,32.41,32.0,3,2048
49627602,0.000,-0.110,0.0000,0.0679,0.0000,0.0423,0.000,32.41,32.0,3,2048
49628927,0.000,-0.132,0.0000,0.0023,0.0000,-0.0269,0.000,32.41,32.0,3,2048
49629558,0.000,-0.110,0.0000,-0.0374,0.0000,0.0258,0.000,32.41,32.0,3,2048
49630621,0.000,-0.132,0.0000,-0.0603,0.0000,-0.0170,0.000,32.41,32.0,3,2048
49631870,0.000,-0.132,0.0000,0.0496,0.0000,-0.0049,0.000,32.41,32.0,3,2048
49632572,0.000,-0.132,0.0000,-0.0984,0.0000,0.0170,0.000,32.41,32.0,3,2048
49633883,0.000,-0.132,0.0000,-0.0938,0.0000,0.0269,0.000,32.41,32.0,3,2048
49634611,0.000,-0.110,0.0000,0.0847,0.0000,-0.0214,0.000,32.41,32.0,3,2048
49635890,0.000,-0.110,0.0000,0.1030,0.0000,0.0203,0.000,32.41,32.0,3,2048
49636572,0.000,-0.110,0.0000,0.0053,0.0000,-0.0137,0.000,32.41,32.0,3,2048
49637560,0.000,-0.110,0.0000,0.0008,0.0000,0.0060,0.000,32.41,32.0,3,2048
49638928,0.000,-0.132,0.0000,-0.0587,0.0000,0.0225,0.000,32.41,32.0,3,2048
49639561,0.000,-0.132,0.0000,0.0801,0.0000,-0.0016,0.000,32.41,32.0,3,2048
49640577,0.000,-0.110,0.0000,0.0313,0.0000,-0.0082,0.000,32.41,32.0,3,2048
49641555,0.000,-0.132,0.0000,0.0389,0.0000,-0.0324,0.000,32.41,32.0,3,2048
49642608,0.000,-0.110,0.0000,0.0603,0.0000,0.0379,0.000,32.41,32.0,3,2048
49643883,0.000,-0.132,0.0000,-0.1717,0.0000,-0.0038,0.000,32.41,32.0,3,2048
49644576,0.000,-0.110,0.0000,0.0206,0.0000,-0.0159,0.000,32.41,32.0,3,2048
49645560,0.000,-0.132,0.0000,-0.0420,0.0000,-0.0049,0.000,32.41,32.0,3,2048
49646608,0.000,-0.132,0.0000,-0.0755,0.0000,-0.0093,0.000,32.41,32.0,3,2048
49647559,0.000,-0.110,0.0000,0.0603,0.0000,-0.0159,0.000,32.41,32.0,3,2048
49648897,0.000,-0.132,0.0000,-0.0038,0.0000,0.0379,0.000,32.41,32.0,3,2048
49649558,0.000,-0.110,0.0000,0.0053,0.0000,-0.0082,0.000,32.41,32.0,3,2048
49650613,0.000,-0.110,0.0000,0.1076,0.0000,0.0038,0.000,32.41,32.0,3,2048
49651874,0.000,-0.110,0.0000,-0.0374,0.0000,-0.0335,0.000,32.41,32.0,3,2048
49652679,0.000,-0.110,0.0000,0.0023,0.0000,-0.0126,0.000,32.41,32.0,3,2048
49653885,0.000,-0.132,0.0000,-0.0511,0.0000,-0.0093,0.000,32.41,32.0,3,2048
49654556,0.000,-0.110,0.0000,0.0389,0.0000,-0.0027,0.000,32.41,32.0,3,2048
49655884,0.000,-0.110,0.0000,0.0801,0.0000,0.0203,0.000,32.41,32.0,3,2048
49656556,0.000,-0.110,0.0000,-0.1137,0.0000,0.0005,0.000,32.41,32.0,3,2048
49657624,0.000,-0.110,0.0000,0.0374,0.0000,0.0005,0.000,32.41,32.0,3,2048
49658907,0.000,-0.110,0.0000,-0.0328,0.0000,-0.0038,0.000,32.41,32.0,3,2048
49659627,0.000,-0.110,0.0000,0.0755,0.0000,0.0115,0.000,32.41,32.0,3,2048
49660588,0.000,-0.110,0.0000,-0.0420,0.0000,0.0280,0.000,32.41,32.0,3,2048
49661586,0.000,-0.110,0.0000,0.0771,0.0000,-0.0137,0.000,32.41,32.0,3,2048
49662586,0.000,-0.132,0.0000,-0.0267,0.0000,-0.0115,0.000,32.41,32.0,3,2048
49663968,0.000,-0.132,0.0000,0.0069,0.0000,0.0027,0.000,32.41,32.0,3,2048
49664560,0.000,-0.132,0.0000,-0.0191,0.0000,0.0423,0.000,32.41,32.0,3,2048
49665592,0.000,-0.132,0.0000,-0.0145,0.0000,-0.0489,0.000,32.41,32.0,3,2048
49666609,0.000,-0.110,0.0000,0.0053,0.0000,0.0104,0.000,32.41,32.0,3,2048
49667583,0.000,-0.110,0.0000,-0.0832,0.0000,0.0049,0.000,32.41,32.0,3,2048
49668902,0.000,-0.110,0.0000,0.0343,0.0000,0.0016,0.000,32.41,32.0,3,2048
49669588,0.000,-0.110,0.0000,-0.0450,0.0000,0.0137,0.000,32.41,32.0,3,2048
49670587,0.000,-0.110,0.0000,0.1106,0.0000,0.0192,0.000,32.41,32.0,3,2048
49671901,0.000,-0.132,0.0000,-0.0496,0.0000,-0.0269,0.000,32.41,32.0,3,2048
49672583,0.000,-0.110,0.0000,-0.0053,0.0000,-0.0104,0.000,32.41,32.0,3,2048
49673903,0.000,-0.110,0.0000,-0.0206,0.0000,-0.0115,0.000,32.41,32.0,3,2048
49674588,0.000,-0.110,0.0000,-0.0374,0.0000,0.0115,0.000,32.41,32.0,3,2048
49675918,0.000,-0.110,0.0000,-0.0465,0.0000,0.0016,0.000,32.41,32.0,3,2048
49676557,0.000,-0.110,0.0000,-0.0465,0.0000,0.0049,0.000,32.41,32.0,3,2048
49677576,0.000,-0.110,0.0000,0.0114,0.0000,-0.0159,0.000,32.41,32.0,3,2048
49678927,0.000,-0.110,0.0000,0.0282,0.0000,0.0236,0.000,32.41,32.0,3,2048
49679610,0.000,-0.110,0.0000,0.0237,0.0000,-0.0093,0.000,32.41,32.0,3,2048
49680615,0.000,-0.132,0.0000,-0.1030,0.0000,-0.0060,0.000,32.41,32.0,3,2048
49681558,0.000,-0.132,0.0000,0.0099,0.0000,0.0181,0.000,32.41,32.0,3,2048
49682614,0.000,-0.132,0.0000,-0.0221,0.0000,0.0049,0.000,32.41,32.0,3,2048
49683884,0.000,-0.132,0.0000,-0.0603,0.0000,-0.0401,0.000,32.41,32.0,3,2048
49684575,0.000,-0.110,0.0000,-0.0160,0.0000,-0.0126,0.000,32.41,32.0,3,2048
49685560,0.000,-0.110,0.0000,0.0511,0.0000,-0.0203,0.000,32.41,32.0,3,2048
49686608,0.000,-0.110,0.0000,-0.0145,0.0000,0.0115,0.000,32.41,32.0,3,2048
49687556,0.000,-0.132,0.0000,-0.0252,0.0000,-0.0126,0.000,32.41,32.0,3,2048
49688901,0.000,-0.132,0.0000,-0.0572,0.0000,-0.0192,0.000,32.41,32.0,3,2048
49689557,0.000,-0.132,0.0000,-0.0099,0.0000,-0.0203,0.000,32.41,32.0,3,2048
49690613,0.000,-0.132,0.0000,0.0725,0.0000,-0.0115,0.000,32.41,32.0,3,2048
49691870,0.000,-0.110,0.0000,0.0328,0.0000,0.0093,0.000,32.41,32.0,3,2048
49692574,0.000,-0.110,0.0000,0.0114,0.0000,0.0159,0.000,32.41,32.0,3,2048
49693883,0.000,-0.110,0.0000,0.0786,0.0000,0.0148,0.000,32.41,32.0,3,2048
49694610,0.000,-0.110,0.0000,0.0984,0.0000,0.0236,0.000,32.41,32.0,3,2048
49695887,0.000,-0.132,0.0000,-0.1213,0.0000,0.0093,0.000,32.41,32.0,3,2048
49696572,0.000,-0.110,0.0000,0.0389,0.0000,-0.0280,0.000,32.41,32.0,3,2048
49697560,0.000,-0.132,0.0000,0.0053,0.0000,0.0104,0.000,32.41,32.0,3,2048
49698926,0.000,-0.132,0.0000,-0.0771,0.0000,-0.0104,0.000,32.41,32.0,3,2048
49699563,0.000,-0.110,0.0000,0.0420,0.0000,-0.0060,0.000,32.41,32.0,3,2048
49700578,0.000,-0.110,0.0000,0.0130,0.0000,-0.0104,0.000,32.41,32.0,3,2048
49701555,0.000,-0.110,0.0000,0.0435,0.0000,0.0357,0.000,32.41,32.0,3,2048
49702681,0.000,-0.132,0.0000,0.0008,0.0000,0.0181,0.000,32.41,32.0,3,2048
49703887,0.000,-0.110,0.0000,-0.0603,0.0000,-0.0214,0.000,32.41,32.0,3,2048
49704555,0.000,-0.110,0.0000,-0.0084,0.0000,-0.0005,0.000,32.41,32.0,3,2048
49705560,0.000,-0.132,0.0000,-0.1076,0.0000,-0.0049,0.000,32.41,32.0,3,2048
49706555,0.000,-0.110,0.0000,0.0572,0.0000,-0.0016,0.000,32.41,32.0,3,2048
49707622,0.000,-0.132,0.0000,-0.2785,0.0000,0.0016,0.000,32.41,32.0,3,2048
49708940,0.000,-0.132,0.0000,0.0221,0.0000,-0.0159,0.000,32.41,32.0,3,2048
49709590,0.000,-0.110,0.0000,0.0786,0.0000,0.0225,0.000,32.41,32.0,3,2048
49710590,0.000,-0.110,0.0000,-0.1030,0.0000,0.0401,0.000,32.41,32.0,3,2048
49711902,0.000,-0.132,0.0000,-0.0145,0.0000,-0.0313,0.000,32.41,32.0,3,2048
49712657,0.000,-0.110,0.0000,0.0710,0.0000,-0.0071,0.000,32.41,32.0,3,2048
49713883,0.000,-0.110,0.0000,0.0160,0.0000,-0.0148,0.000,32.41,32.0,3,2048
49714555,0.000,-0.110,0.0000,0.0435,0.0000,0.0192,0.000,32.41,32.0,3,2048
49715945,0.000,-0.110,0.0000,-0.0969,0.0000,-0.0258,0.000,32.41,32.0,3,2048
49716591,0.000,-0.110,0.0000,-0.0252,0.0000,-0.0225,0.000,32.41,32.0,3,2048
49717590,0.000,-0.110,0.0000,0.0664,0.0000,0.0434,0.000,32.41,32.0,3,2048
49718902,0.000,-0.110,0.0000,0.0008,0.0000,0.0214,0.000,32.41,32.0,3,2048
49719588,0.000,-0.110,0.0000,0.0648,0.0000,-0.0005,0.000,32.41,32.0,3,2048
49720587,0.000,-0.110,0.0000,-0.0313,0.0000,-0.0060,0.000,32.41,32.0,3,2048
49721582,0.000,-0.110,0.0000,0.0252,0.0000,0.0291,0.000,32.41,32.0,3,2048
49722582,0.000,-0.132,0.0000,-0.0694,0.0000,-0.0236,0.000,32.41,32.0,3,2048
49723901,0.000,-0.132,0.0000,-0.0572,0.0000,-0.0016,0.000,32.41,32.0,3,2048
49724601,0.000,-0.110,0.0000,0.0694,0.0000,0.0049,0.000,32.41,32.0,3,2048
49725561,0.000,-0.110,0.0000,0.0465,0.0000,0.0148,0.000,32.41,32.0,3,2048
49726554,0.000,-0.132,0.0000,-0.0328,0.0000,0.0060,0.000,32.41,32.0,3,2048
49727604,0.000,-0.132,0.0000,0.0145,0.0000,0.0170,0.000,32.41,32.0,3,2048
49728925,0.000,-0.132,0.0000,0.0481,0.0000,-0.0170,0.000,32.41,32.0,3,2048
49729609,0.000,-0.132,0.0000,-0.0862,0.0000,0.0049,0.000,32.41,32.0,3,2048
49730609,0.000,-0.110,0.0000,0.1091,0.0000,-0.0093,0.000,32.41,32.0,3,2048
49731874,0.000,-0.132,0.0000,-0.0481,0.0000,0.0192,0.000,32.41,32.0,3,2048
49732614,0.000,-0.132,0.0000,0.0038,0.0000,-0.0016,0.000,32.41,32.0,3,2048
49733884,0.000,-0.132,0.0000,-0.0496,0.0000,-0.0060,0.000,32.41,32.0,3,2048
49734574,0.000,-0.110,0.0000,-0.0633,0.0000,0.0049,0.000,32.41,32.0,3,2048
49735885,0.000,-0.110,0.0000,-0.0114,0.0000,-0.0225,0.000,32.41,32.0,3,2048
49736608,0.000,-0.110,0.0000,0.0648,0.0000,-0.0027,0.000,32.41,32.0,3,2048
49737561,0.000,-0.132,0.0000,-0.0343,0.0000,0.0049,0.000,32.41,32.0,3,2048
49738902,0.000,-0.110,0.0000,0.0587,0.0000,0.0280,0.000,32.41,32.0,3,2048
49739557,0.000,-0.132,0.0000,-0.0999,0.0000,-0.0082,0.000,32.41,32.0,3,2048
49740613,0.000,-0.110,0.0000,0.0008,0.0000,0.0016,0.000,32.41,32.0,3,2048
49741556,0.000,-0.132,0.0000,-0.0099,0.0000,-0.0214,0.000,32.41,32.0,3,2048
49742572,0.000,-0.110,0.0000,-0.0038,0.0000,0.0225,0.000,32.41,32.0,3,2048
49743883,0.000,-0.110,0.0000,-0.0587,0.0000,0.0203,0.000,32.41,32.0,3,2048
49744610,0.000,-0.110,0.0000,0.0160,0.0000,0.0049,0.000,32.41,32.0,3,2048
49745561,0.000,-0.110,0.0000,-0.0099,0.0000,-0.0038,0.000,32.41,32.0,3,2048
49746572,0.000,-0.110,0.0000,0.0389,0.0000,0.0137,0.000,32.41,32.0,3,2048
49747555,0.000,-0.110,0.0000,-0.0404,0.0000,0.0313,0.000,32.41,32.0,3,2048
49748927,0.000,-0.132,0.0000,-0.0648,0.0000,-0.0082,0.000,32.41,32.0,3,2048
49749563,0.000,-0.132,0.0000,-0.0237,0.0000,-0.0049,0.000,32.41,32.0,3,2048
49750578,0.000,-0.110,0.0000,0.1473,0.0000,0.0324,0.000,32.41,32.0,3,2048
49751868,0.000,-0.110,0.0000,0.0877,0.0000,0.0324,0.000,32.41,32.0,3,2048
49752682,0.000,-0.110,0.0000,0.0160,0.0000,0.0016,0.000,32.41,32.0,3,2048
49753885,0.000,-0.110,0.0000,0.0420,0.0000,-0.0005,0.000,32.41,32.0,3,2048
49754555,0.000,-0.110,0.0000,-0.0298,0.0000,-0.0247,0.000,32.41,32.0,3,2048
49755885,0.000,-0.110,0.0000,0.0648,0.0000,0.0137,0.000,32.41,32.0,3,2048
49756555,0.000,-0.110,0.0000,-0.0923,0.0000,-0.0181,0.000,32.41,32.0,3,2048
49757626,0.000,-0.110,0.0000,-0.0175,0.0000,0.0357,0.000,32.41,32.0,3,2048
49758904,0.000,-0.110,0.0000,-0.0221,0.0000,-0.0357,0.000,32.41,32.0,3,2048
49759627,0.000,-0.110,0.0000,0.0496,0.0000,-0.0049,0.000,32.41,32.0,3,2048
49760592,0.000,-0.132,0.0000,-0.0130,0.0000,0.0115,0.000,32.41,32.0,3,2048
49761585,0.000,-0.132,0.0000,-0.0435,0.0000,-0.0214,0.000,32.41,32.0,3,2048
49762583,0.000,-0.132,0.0000,0.0496,0.0000,0.0225,0.000,32.41,32.0,3,2048
49763975,0.000,-0.110,0.0000,0.0694,0.0000,-0.0038,0.000,32.41,32.0,3,2048
49764562,0.000,-0.110,0.0000,0.0481,0.0000,0.0016,0.000,32.41,32.0,3,2048
49765570,0.000,-0.132,0.0000,-0.1167,0.0000,-0.0115,0.000,32.41,32.0,3,2048
49766616,0.000,-0.110,0.0000,0.1076,0.0000,0.0071,0.000,32.41,32.0,3,2048
49767586,0.000,-0.110,0.0000,0.0694,0.0000,-0.0005,0.000,32.41,32.0,3,2048
49768901,0.000,-0.110,0.0000,0.0954,0.0000,0.0027,0.000,32.41,32.0,3,2048
49769588,0.000,-0.110,0.0000,0.0069,0.0000,-0.0038,0.000,32.41,32.0,3,2048
49770587,0.000,-0.132,0.0000,-0.0755,0.0000,-0.0104,0.000,32.41,32.0,3,2048
49771902,0.000,-0.110,0.0000,0.1961,0.0000,-0.0137,0.000,32.41,32.0,3,2048
49772582,0.000,-0.110,0.0000,0.1015,0.0000,0.0269,0.000,32.41,32.0,3,2048
49773903,0.000,-0.110,0.0000,0.1350,0.0000,0.0038,0.000,32.41,32.0,3,2048
49774587,0.000,-0.132,0.0000,-0.0343,0.0000,0.0313,0.000,32.41,32.0,3,2048
49775920,0.000,-0.110,0.0000,0.0404,0.0000,0.0159,0.000,32.41,32.0,3,2048
49776557,0.000,-0.110,0.0000,-0.0847,0.0000,-0.0181,0.000,32.41,32.0,3,2048
49777561,0.000,-0.132,0.0000,-0.0420,0.0000,0.0038,0.000,32.41,32.0,3,2048
49778928,0.000,-0.110,0.0000,0.0938,0.0000,0.0027,0.000,32.41,32.0,3,2048
49779610,0.000,-0.110,0.0000,-0.0679,0.0000,0.0005,0.000,32.41,32.0,3,2048
49780615,0.000,-0.132,0.0000,-0.1076,0.0000,-0.0533,0.000,32.41,32.0,3,2048
49781558,0.000,-0.110,0.0000,0.0450,0.0000,-0.0005,0.000,32.41,32.0,3,2048
49782615,0.000,-0.110,0.0000,0.0145,0.0000,-0.0038,0.000,32.41,32.0,3,2048
49783884,0.000,-0.132,0.0000,-0.0191,0.0000,-0.0027,0.000,32.41,32.0,3,2048
49784574,0.000,-0.110,0.0000,0.0465,0.0000,0.0148,0.000,32.41,32.0,3,2048
49785560,0.000,-0.110,0.0000,-0.0175,0.0000,-0.0236,0.000,32.41,32.0,3,2048
49786608,0.000,-0.132,0.0000,-0.0191,0.0000,0.0170,0.000,32.41,32.0,3,2048
49787556,0.000,-0.110,0.0000,0.0679,0.0000,0.0104,0.000,32.41,32.0,3,2048
49788901,0.000,-0.110,0.0000,0.0359,0.0000,0.0247,0.000,32.41,32.0,3,2048
49789557,0.000,-0.110,0.0000,-0.0237,0.0000,-0.0412,0.000,32.41,32.0,3,2048
49790613,0.000,-0.132,0.0000,-0.1259,0.0000,0.0445,0.000,32.41,32.0,3,2048
49791870,0.000,-0.110,0.0000,0.0557,0.0000,-0.0533,0.000,32.41,32.0,3,2048
49792574,0.000,-0.132,0.0000,-0.0679,0.0000,-0.0027,0.000,32.41,32.0,3,2048
49793884,0.000,-0.132,0.0000,-0.1183,0.0000,0.0016,0.000,32.41,32.0,3,2048
49794610,0.000,-0.110,0.0000,-0.0633,0.0000,0.0247,0.000,32.41,32.0,3,2048
49795887,0.000,-0.110,0.0000,0.0008,0.0000,-0.0225,0.000,32.41,32.0,3,2048
49796572,0.000,-0.110,0.0000,-0.0023,0.0000,-0.0170,0.000,32.41,32.0,3,2048
49797560,0.000,-0.132,0.0000,-0.0328,0.0000,0.0588,0.000,32.41,32.0,3,2048
49798926,0.000,-0.110,0.0000,0.0206,0.0000,-0.0071,0.000,32.41,32.0,3,2048
49799563,0.000,-0.132,0.0000,0.0893,0.0000,-0.0247,0.000,32.41,32.0,3,2048
49800577,0.000,-0.132,0.0000,-0.0893,0.0000,-0.0280,0.000,32.41,32.0,3,2048
49801555,0.000,-0.110,0.0000,0.0557,0.0000,0.0027,0.000,32.41,32.0,3,2048
49802604,0.000,-0.132,0.0000,0.0130,0.0000,0.0093,0.000,32.41,32.0,3,2048
49803885,0.000,-0.132,0.0000,0.0664,0.0000,-0.0016,0.000,32.41,32.0,3,2048
49804679,0.000,-0.132,0.0000,-0.0038,0.0000,-0.0082,0.000,32.41,32.0,3,2048
49805561,0.000,-0.110,0.0000,0.0465,0.0000,-0.0115,0.000,32.41,32.0,3,2048
49806555,0.000,-0.132,0.0000,0.0542,0.0000,0.0236,0.000,32.41,32.0,3,2048
49807555,0.000,-0.110,0.0000,0.0969,0.0000,0.0027,0.000,32.41,32.0,3,2048
49808935,0.000,-0.110,0.0000,0.0053,0.0000,-0.0060,0.000,32.41,32.0,3,2048
49809592,0.000,-0.110,0.0000,-0.0206,0.0000,-0.0203,0.000,32.41,32.0,3,2048
49810626,0.000,-0.132,0.0000,0.0633,0.0000,-0.0115,0.000,32.41,32.0,3,2048
49811905,0.000,-0.110,0.0000,0.1167,0.0000,0.0159,0.000,32.41,32.0,3,2048
49812583,0.000,-0.110,0.0000,-0.0084,0.0000,-0.0324,0.000,32.41,32.0,3,2048
49813905,0.000,-0.110,0.0000,-0.0359,0.0000,-0.0203,0.000,32.41,32.0,3,2048
49814589,0.000,-0.110,0.0000,-0.0328,0.0000,-0.0390,0.000,32.41,32.0,3,2048
49815984,0.000,-0.110,0.0000,-0.0038,0.0000,0.0621,0.000,32.41,32.0,3,2048
49816559,0.000,-0.132,0.0000,-0.0694,0.0000,-0.0137,0.000,32.41,32.0,3,2048
49817560,0.000,-0.110,0.0000,0.0740,0.0000,-0.0412,0.000,32.41,32.0,3,2048
49818940,0.000,-0.110,0.0000,0.0191,0.0000,0.0313,0.000,32.41,32.0,3,2048
49819587,0.000,-0.110,0.0000,-0.0679,0.0000,0.0379,0.000,32.41,32.0,3,2048
49820588,0.000,-0.110,0.0000,0.1076,0.0000,-0.0302,0.000,32.41,32.0,3,2048
49821582,0.000,-0.110,0.0000,0.0450,0.0000,-0.0203,0.000,32.41,32.0,3,2048
49822582,0.000,-0.110,0.0000,-0.0542,0.0000,0.0225,0.000,32.41,32.0,3,2048
49823904,0.000,-0.110,0.0000,-0.0374,0.0000,0.0038,0.000,32.41,32.0,3,2048
49824586,0.000,-0.132,0.0000,-0.0130,0.0000,0.0280,0.000,32.41,32.0,3,2048
49825587,0.000,-0.132,0.0000,-0.0465,0.0000,0.0148,0.000,32.41,32.0,3,2048
49826582,0.000,-0.110,0.0000,0.1366,0.0000,-0.0247,0.000,32.41,32.0,3,2048
49827592,0.000,-0.110,0.0000,-0.0328,0.0000,0.0555,0.000,32.41,32.0,3,2048
49828881,0.000,-0.110,0.0000,0.0359,0.0000,0.0181,0.000,32.41,32.0,3,2048
49829608,0.000,-0.110,0.0000,0.0450,0.0000,0.0236,0.000,32.41,32.0,3,2048
49830612,0.000,-0.110,0.0000,0.0053,0.0000,0.0456,0.000,32.41,32.0,3,2048
49831924,0.000,-0.110,0.0000,0.0389,0.0000,-0.0137,0.000,32.41,32.0,3,2048
49832611,0.000,-0.110,0.0000,-0.0023,0.0000,-0.0181,0.000,32.41,32.0,3,2048
49833882,0.000,-0.110,0.0000,-0.0282,0.0000,-0.0093,0.000,32.41,32.0,3,2048
49834615,0.000,-0.110,0.0000,0.0572,0.0000,-0.0049,0.000,32.41,32.0,3,2048
49835891,0.000,-0.110,0.0000,-0.0008,0.0000,0.0005,0.000,32.41,32.0,3,2048
49836572,0.000,-0.110,0.0000,0.0130,0.0000,0.0148,0.000,32.41,32.0,3,2048
49837560,0.000,-0.132,0.0000,0.0420,0.0000,0.0049,0.000,32.41,32.0,3,2048
49838929,0.000,-0.110,0.0000,0.0206,0.0000,-0.0159,0.000,32.41,32.0,3,2048
49839562,0.000,-0.132,0.0000,-0.0404,0.0000,-0.0038,0.000,32.41,32.0,3,2048
49840577,0.000,-0.110,0.0000,0.1015,0.0000,-0.0104,0.000,32.41,32.0,3,2048
49841555,0.000,-0.132,0.0000,-0.0374,0.0000,-0.0181,0.000,32.41,32.0,3,2048
49842607,0.000,-0.110,0.0000,-0.1015,0.0000,-0.0060,0.000,32.41,32.0,3,2048
49843884,0.000,-0.110,0.0000,-0.0526,0.0000,-0.0115,0.000,32.41,32.0,3,2048
49844576,0.000,-0.110,0.0000,0.0221,0.0000,-0.0060,0.000,32.41,32.0,3,2048
49845560,0.000,-0.110,0.0000,-0.0496,0.0000,0.0148,0.000,32.41,32.0,3,2048
49846607,0.000,-0.110,0.0000,-0.0496,0.0000,-0.0071,0.000,32.41,32.0,3,2048
49847561,0.000,-0.132,0.0000,-0.0587,0.0000,-0.0104,0.000,32.41,32.0,3,2048
49848897,0.000,-0.132,0.0000,-0.0679,0.0000,0.0027,0.000,32.41,32.0,3,2048
49849558,0.000,-0.110,0.0000,0.1686,0.0000,-0.0104,0.000,32.41,32.0,3,2048
49850612,0.000,-0.110,0.0000,0.0359,0.0000,0.0214,0.000,32.41,32.0,3,2048
49851877,0.000,-0.132,0.0000,-0.0130,0.0000,0.0082,0.000,32.41,32.0,3,2048
49852574,0.000,-0.110,0.0000,-0.0893,0.0000,-0.0291,0.000,32.41,32.0,3,2048
49853879,0.000,-0.132,0.0000,-0.1122,0.0000,-0.0148,0.000,32.41,32.0,3,2048
49854681,0.000,-0.132,0.0000,-0.0572,0.0000,0.0016,0.000,32.41,32.0,3,2048
49855892,0.000,-0.110,0.0000,-0.0511,0.0000,-0.0038,0.000,32.41,32.0,3,2048
49856556,0.000,-0.110,0.0000,0.0084,0.0000,-0.0280,0.000,32.41,32.0,3,2048
49857560,0.000,-0.132,0.0000,-0.0145,0.0000,0.0258,0.000,32.41,32.0,3,2048
49858876,0.000,-0.110,0.0000,-0.0374,0.0000,-0.0126,0.000,32.41,32.0,3,2048
49859620,0.000,-0.110,0.0000,0.0023,0.0000,-0.0005,0.000,32.41,32.0,3,2048
49860590,0.000,-0.132,0.0000,-0.1930,0.0000,-0.0170,0.000,32.41,32.0,3,2048
49861625,0.000,-0.110,0.0000,0.0435,0.0000,-0.0060,0.000,32.41,32.0,3,2048
49862587,0.000,-0.132,0.0000,-0.1076,0.0000,-0.0005,0.000,32.41,32.0,3,2048
49863906,0.000,-0.110,0.0000,0.0816,0.0000,0.0071,0.000,32.41,32.0,3,2048
49864587,0.000,-0.132,0.0000,-0.1106,0.0000,0.0467,0.000,32.41,32.0,3,2048
49865663,0.000,-0.110,0.0000,0.1259,0.0000,-0.0346,0.000,32.41,32.0,3,2048
49866556,0.000,-0.132,0.0000,-0.0862,0.0000,0.0148,0.000,32.41,32.0,3,2048
49867612,0.000,-0.110,0.0000,-0.0191,0.0000,-0.0192,0.000,32.41,32.0,3,2048
49868907,0.000,-0.110,0.0000,0.0526,0.0000,-0.0005,0.000,32.41,32.0,3,2048
49869589,0.000,-0.110,0.0000,-0.1045,0.0000,0.0225,0.000,32.41,32.0,3,2048
49870587,0.000,-0.110,0.0000,-0.0069,0.0000,0.0016,0.000,32.41,32.0,3,2048
49871901,0.000,-0.110,0.0000,0.0389,0.0000,-0.0192,0.000,32.41,32.0,3,2048
49872583,0.000,-0.110,0.0000,-0.0786,0.0000,0.0137,0.000,32.41,32.0,3,2048
49873902,0.000,-0.110,0.0000,-0.0740,0.0000,0.0225,0.000,32.41,32.0,3,2048
49874588,0.000,-0.132,0.0000,0.0252,0.0000,0.0181,0.000,32.41,32.0,3,2048
49875910,0.000,-0.132,0.0000,0.0572,0.0000,0.0236,0.000,32.41,32.0,3,2048
49876588,0.000,-0.110,0.0000,0.1686,0.0000,-0.0049,0.000,32.41,32.0,3,2048
49877599,0.000,-0.110,0.0000,-0.0786,0.0000,0.0137,0.000,32.41,32.0,3,2048
49878883,0.000,-0.132,0.0000,0.0679,0.0000,0.0203,0.000,32.41,32.0,3,2048
49879557,0.000,-0.110,0.0000,-0.0755,0.0000,0.0060,0.000,32.41,32.0,3,2048
49880612,0.000,-0.110,0.0000,0.0999,0.0000,-0.0159,0.000,32.41,32.0,3,2048
49881603,0.000,-0.110,0.0000,-0.0084,0.0000,0.0005,0.000,32.41,32.0,3,2048
49882607,0.000,-0.132,0.0000,-0.1167,0.0000,0.0236,0.000,32.41,32.0,3,2048
49883887,0.000,-0.110,0.0000,0.0160,0.0000,-0.0060,0.000,32.41,32.0,3,2048
49884620,0.000,-0.110,0.0000,-0.0130,0.0000,-0.0192,0.000,32.41,32.0,3,2048
49885561,0.000,-0.132,0.0000,-0.0954,0.0000,-0.0192,0.000,32.41,32.0,3,2048
49886571,0.000,-0.110,0.0000,0.0557,0.0000,0.0445,0.000,32.41,32.0,3,2048
49887555,0.000,-0.110,0.0000,0.0374,0.0000,-0.0126,0.000,32.41,32.0,3,2048
49888927,0.000,-0.110,0.0000,-0.0771,0.0000,0.0115,0.000,32.41,32.0,3,2048
49889561,0.000,-0.132,0.0000,-0.0160,0.0000,-0.0027,0.000,32.41,32.0,3,2048
49890577,0.000,-0.132,0.0000,-0.0542,0.0000,-0.0115,0.000,32.41,32.0,3,2048
49891870,0.000,-0.110,0.0000,0.0877,0.0000,0.0170,0.000,32.41,32.0,3,2048
49892609,0.000,-0.132,0.0000,-0.0847,0.0000,-0.0005,0.000,32.41,32.0,3,2048
49893882,0.000,-0.110,0.0000,-0.0359,0.0000,0.0148,0.000,32.41,32.0,3,2048
49894576,0.000,-0.110,0.0000,0.0191,0.0000,0.0236,0.000,32.41,32.0,3,2048
49895880,0.000,-0.132,0.0000,-0.0877,0.0000,-0.0005,0.000,32.41,32.0,3,2048
49896611,0.000,-0.110,0.0000,0.0542,0.0000,-0.0434,0.000,32.41,32.0,3,2048
49897561,0.000,-0.132,0.0000,0.0465,0.0000,0.0159,0.000,32.41,32.0,3,2048
49898899,0.000,-0.132,0.0000,-0.0664,0.0000,0.0269,0.000,32.41,32.0,3,2048
49899555,0.000,-0.132,0.0000,0.0923,0.0000,-0.0126,0.000,32.41,32.0,3,2048
49900616,0.000,-0.132,0.0000,-0.0847,0.0000,0.0071,0.000,32.41,32.0,3,2048
49901556,0.000,-0.132,0.0000,0.0740,0.0000,-0.0005,0.000,32.41,32.0,3,2048
49902572,0.000,-0.110,0.0000,0.0938,0.0000,0.0137,0.000,32.41,32.0,3,2048
49903882,0.000,-0.132,0.0000,-0.0114,0.0000,-0.0093,0.000,32.41,32.0,3,2048
49904660,0.000,-0.132,0.0000,-0.0572,0.0000,0.0324,0.000,32.41,32.0,3,2048
49905600,0.000,-0.110,0.0000,0.0084,0.0000,-0.0104,0.000,32.41,32.0,3,2048
49906558,0.000,-0.132,0.0000,-0.0969,0.0000,0.0115,0.000,32.41,32.0,3,2048
49907615,0.000,-0.110,0.0000,0.0435,0.0000,0.0104,0.000,32.41,32.0,3,2048
49908908,0.000,-0.110,0.0000,0.0282,0.0000,0.0181,0.000,32.41,32.0,3,2048
49909587,0.000,-0.132,0.0000,-0.1045,0.0000,0.0060,0.000,32.41,32.0,3,2048
49910586,0.000,-0.132,0.0000,0.0526,0.0000,-0.0148,0.000,32.41,32.0,3,2048
49911900,0.000,-0.132,0.0000,0.0343,0.0000,-0.0016,0.000,32.41,32.0,3,2048
49912582,0.000,-0.110,0.0000,0.1198,0.0000,0.0049,0.000,32.41,32.0,3,2048
49913902,0.000,-0.110,0.0000,0.0694,0.0000,-0.0137,0.000,32.41,32.0,3,2048
49914584,0.000,-0.110,0.0000,0.0679,0.0000,-0.0291,0.000,32.41,32.0,3,2048
49915909,0.000,-0.110,0.0000,-0.0221,0.0000,0.0115,0.000,32.41,32.0,3,2048
49916584,0.000,-0.110,0.0000,0.0374,0.0000,0.0093,0.000,32.41,32.0,3,2048
49917592,0.000,-0.110,0.0000,-0.0984,0.0000,0.0038,0.000,32.41,32.0,3,2048
49918883,0.000,-0.110,0.0000,-0.0481,0.0000,0.0104,0.000,32.41,32.0,3,2048
49919572,0.000,-0.132,0.0000,0.0191,0.0000,0.0005,0.000,32.41,32.0,3,2048
49920611,0.000,-0.132,0.0000,-0.0389,0.0000,-0.0049,0.000,32.41,32.0,3,2048
49921606,0.000,-0.110,0.0000,0.0221,0.0000,-0.0236,0.000,32.41,32.0,3,2048
49922609,0.000,-0.110,0.0000,0.0969,0.0000,0.0258,0.000,32.41,32.0,3,2048
49923887,0.000,-0.132,0.0000,-0.0145,0.0000,-0.0181,0.000,32.41,32.0,3,2048
49924620,0.000,-0.110,0.0000,0.0389,0.0000,0.0280,0.000,32.41,32.0,3,2048
49925562,0.000,-0.110,0.0000,0.0038,0.0000,0.0093,0.000,32.41,32.0,3,2048
49926571,0.000,-0.110,0.0000,0.0572,0.0000,0.0005,0.000,32.41,32.0,3,2048
49927555,0.000,-0.110,0.0000,0.0114,0.0000,-0.0071,0.000,32.41,32.0,3,2048
49928926,0.000,-0.110,0.0000,0.0542,0.0000,0.0335,0.000,32.41,32.0,3,2048
49929562,0.000,-0.110,0.0000,-0.0923,0.0000,-0.0126,0.000,32.41,32.0,3,2048
49930577,0.000,-0.110,0.0000,-0.0038,0.0000,0.0049,0.000,32.41,32.0,3,2048
49931870,0.000,-0.110,0.0000,-0.1152,0.0000,-0.0071,0.000,32.41,32.0,3,2048
49932607,0.000,-0.132,0.0000,-0.1625,0.0000,-0.0093,0.000,32.41,32.0,3,2048
49933886,0.000,-0.110,0.0000,-0.0618,0.0000,0.0071,0.000,32.41,32.0,3,2048
49934576,0.000,-0.110,0.0000,0.0816,0.0000,0.0104,0.000,32.41,32.0,3,2048
49935880,0.000,-0.132,0.0000,-0.0038,0.0000,0.0445,0.000,32.41,32.0,3,2048
49936609,0.000,-0.110,0.0000,-0.0237,0.0000,-0.0137,0.000,32.41,32.0,3,2048
49937562,0.000,-0.132,0.0000,0.0191,0.0000,-0.0214,0.000,32.41,32.0,3,2048
49938901,0.000,-0.110,0.0000,0.0587,0.0000,-0.0093,0.000,32.41,32.0,3,2048
49939555,0.000,-0.110,0.0000,0.0069,0.0000,0.0060,0.000,32.41,32.0,3,2048
49940614,0.000,-0.132,0.0000,-0.1076,0.0000,0.0038,0.000,32.41,32.0,3,2048
49941557,0.000,-0.110,0.0000,-0.0008,0.0000,-0.0005,0.000,32.41,32.0,3,2048
49942572,0.000,-0.110,0.0000,0.0420,0.0000,-0.0049,0.000,32.41,32.0,3,2048
49943883,0.000,-0.110,0.0000,-0.0008,0.0000,0.0148,0.000,32.41,32.0,3,2048
49944609,0.000,-0.132,0.0000,-0.0938,0.0000,-0.0214,0.000,32.41,32.0,3,2048
49945562,0.000,-0.110,0.0000,0.1564,0.0000,0.0016,0.000,32.41,32.0,3,2048
49946572,0.000,-0.110,0.0000,-0.0069,0.0000,-0.0225,0.000,32.41,32.0,3,2048
49947555,0.000,-0.132,0.0000,-0.0801,0.0000,0.0335,0.000,32.41,32.0,3,2048
49948925,0.000,-0.132,0.0000,0.1183,0.0000,-0.0082,0.000,32.41,32.0,3,2048
49949562,0.000,-0.132,0.0000,-0.0801,0.0000,-0.0203,0.000,32.41,32.0,3,2048
49950578,0.000,-0.110,0.0000,0.1122,0.0000,-0.0104,0.000,32.41,32.0,3,2048
49951868,0.000,-0.132,0.0000,-0.0359,0.0000,0.0049,0.000,32.41,32.0,3,2048
49952607,0.000,-0.110,0.0000,0.0969,0.0000,0.0115,0.000,32.41,32.0,3,2048
49953885,0.000,-0.110,0.0000,0.1060,0.0000,-0.0115,0.000,32.41,32.0,3,2048
49954576,0.000,-0.110,0.0000,0.1198,0.0000,-0.0071,0.000,32.41,32.0,3,2048
49955880,0.000,-0.110,0.0000,-0.0023,0.0000,0.0071,0.000,32.41,32.0,3,2048
49956681,0.000,-0.110,0.0000,-0.0938,0.0000,0.0104,0.000,32.41,32.0,3,2048
49957563,0.000,-0.132,0.0000,-0.0557,0.0000,0.0049,0.000,32.41,32.0,3,2048
49958882,0.000,-0.132,0.0000,0.0374,0.0000,-0.0027,0.000,32.41,32.0,3,2048
49959556,0.000,-0.132,0.0000,-0.0908,0.0000,-0.0203,0.000,32.41,32.0,3,2048
49960560,0.000,-0.110,0.0000,-0.0038,0.0000,0.0027,0.000,32.41,32.0,3,2048
49961619,0.000,-0.110,0.0000,-0.0282,0.0000,0.0236,0.000,32.41,32.0,3,2048
49962615,0.000,-0.132,0.0000,-0.0999,0.0000,-0.0016,0.000,32.41,32.0,3,2048
49963906,0.000,-0.132,0.0000,-0.0786,0.0000,0.0181,0.000,32.41,32.0,3,2048
49964588,0.000,-0.132,0.0000,0.0755,0.0000,-0.0093,0.000,32.41,32.0,3,2048
49965591,0.000,-0.110,0.0000,0.0084,0.0000,-0.0126,0.000,32.41,32.0,3,2048
49966659,0.000,-0.110,0.0000,0.0298,0.0000,0.0291,0.000,32.41,32.0,3,2048
49967557,0.000,-0.132,0.0000,-0.0450,0.0000,0.0016,0.000,32.41,32.0,3,2048
49968879,0.000,-0.110,0.0000,0.0084,0.0000,-0.0027,0.000,32.41,32.0,3,2048
49969620,0.000,-0.110,0.0000,-0.0465,0.0000,-0.0115,0.000,32.41,32.0,3,2048
49970589,0.000,-0.110,0.0000,0.0389,0.0000,0.0082,0.000,32.41,32.0,3,2048
49971903,0.000,-0.110,0.0000,-0.1747,0.0000,-0.0016,0.000,32.41,32.0,3,2048
49972583,0.000,-0.132,0.0000,-0.0359,0.0000,0.0016,0.000,32.41,32.0,3,2048
49973905,0.000,-0.132,0.0000,-0.0816,0.0000,-0.0005,0.000,32.41,32.0,3,2048
49974586,0.000,-0.110,0.0000,0.0298,0.0000,0.0038,0.000,32.41,32.0,3,2048
49975911,0.000,-0.132,0.0000,-0.0526,0.0000,-0.0126,0.000,32.41,32.0,3,2048
49976586,0.000,-0.110,0.0000,0.0282,0.0000,0.0038,0.000,32.41,32.0,3,2048
49977588,0.000,-0.132,0.0000,0.0862,0.0000,-0.0104,0.000,32.41,32.0,3,2048
49978914,0.000,-0.132,0.0000,0.0389,0.0000,0.0082,0.000,32.41,32.0,3,2048
49979560,0.000,-0.132,0.0000,-0.0313,0.0000,0.0302,0.000,32.41,32.0,3,2048
49980560,0.000,-0.132,0.0000,-0.0618,0.0000,-0.0115,0.000,32.41,32.0,3,2048
49981603,0.000,-0.110,0.0000,-0.0587,0.0000,-0.0104,0.000,32.41,32.0,3,2048
49982601,0.000,-0.110,0.0000,-0.0237,0.0000,-0.0104,0.000,32.41,32.0,3,2048
49983898,0.000,-0.110,0.0000,0.0511,0.0000,0.0236,0.000,32.41,32.0,3,2048
49984559,0.000,-0.110,0.0000,0.0511,0.0000,0.0060,0.000,32.41,32.0,3,2048
49985560,0.000,-0.110,0.0000,0.0420,0.0000,0.0324,0.000,32.41,32.0,3,2048
49986620,0.000,-0.110,0.0000,0.0038,0.0000,0.0159,0.000,32.41,32.0,3,2048
49987556,0.000,-0.132,0.0000,-0.0450,0.0000,-0.0346,0.000,32.41,32.0,3,2048
49988899,0.000,-0.110,0.0000,-0.0237,0.0000,0.0357,0.000,32.41,32.0,3,2048
49989555,0.000,-0.132,0.0000,-0.0938,0.0000,0.0126,0.000,32.41,32.0,3,2048
49990616,0.000,-0.110,0.0000,0.1091,0.0000,-0.0269,0.000,32.41,32.0,3,2048
49991870,0.000,-0.110,0.0000,-0.0984,0.0000,0.0049,0.000,32.41,32.0,3,2048
49992574,0.000,-0.132,0.0000,-0.0130,0.0000,-0.0071,0.000,32.41,32.0,3,2048
49993882,0.000,-0.110,0.0000,-0.0175,0.0000,-0.0148,0.000,32.41,32.0,3,2048
49994611,0.000,-0.110,0.0000,0.0099,0.0000,0.0148,0.000,32.41,32.0,3,2048
49995890,0.000,-0.132,0.0000,-0.1274,0.0000,0.0093,0.000,32.41,32.0,3,2048
49996572,0.000,-0.110,0.0000,0.0740,0.0000,-0.0214,0.000,32.41,32.0,3,2048
49997560,0.000,-0.110,0.0000,-0.0084,0.0000,0.0027,0.000,32.41,32.0,3,2048
49998930,0.000,-0.110,0.0000,-0.0481,0.0000,0.0060,0.000,32.41,32.0,3,2048
49999561,0.000,-0.110,0.0000,0.1228,0.0000,0.0181,0.000,32.41,32.0,3,2048
50000577,0.000,-0.110,0.0000,-0.0496,0.0000,-0.0005,0.000,32.41,32.0,3,2048
50001555,0.000,-0.132,0.0000,0.0542,0.0000,-0.0434,0.000,32.41,32.0,3,2048
50002608,0.000,-0.132,0.0000,-0.0084,0.0000,-0.0115,0.000,32.41,32.0,3,2048
50003883,0.000,-0.132,0.0000,-0.1091,0.0000,0.0115,0.000,32.41,32.0,3,2048
50004576,0.000,-0.110,0.0000,0.0511,0.0000,-0.0170,0.000,32.41,32.0,3,2048
50005560,0.000,-0.110,0.0000,-0.1198,0.0000,-0.0060,0.000,32.41,32.0,3,2048
50006608,0.000,-0.132,0.0000,0.0328,0.0000,0.0148,0.000,32.41,32.0,3,2048
50007559,0.000,-0.110,0.0000,0.1076,0.0000,-0.0038,0.000,32.41,32.0,3,2048
50008997,0.000,-0.110,0.0000,-0.0572,0.0000,-0.0126,0.000,32.41,32.0,3,2048
50009560,0.000,-0.110,0.0000,0.0252,0.0000,-0.0148,0.000,32.41,32.0,3,2048
50010560,0.000,-0.132,0.0000,-0.0313,0.0000,-0.0027,0.000,32.41,32.0,3,2048
50011872,0.000,-0.110,0.0000,0.0221,0.0000,0.0368,0.000,32.41,32.0,3,2048
50012556,0.000,-0.132,0.0000,-0.0282,0.0000,0.0060,0.000,32.41,32.0,3,2048
50013940,0.000,-0.132,0.0000,-0.0999,0.0000,0.0126,0.000,32.41,32.0,3,2048
50014588,0.000,-0.110,0.0000,-0.0618,0.0000,-0.0071,0.000,32.41,32.0,3,2048
50015946,0.000,-0.110,0.0000,-0.0053,0.0000,-0.0027,0.000,32.41,32.0,3,2048
50016592,0.000,-0.110,0.0000,-0.0465,0.0000,-0.0170,0.000,32.41,32.0,3,2048
50017590,0.000,-0.110,0.0000,-0.0145,0.0000,0.0181,0.000,32.41,32.0,3,2048
50018919,0.000,-0.110,0.0000,0.0572,0.0000,-0.0005,0.000,32.41,32.0,3,2048
50019642,0.000,-0.110,0.0000,-0.0618,0.0000,0.0159,0.000,32.41,32.0,3,2048
50020560,0.000,-0.132,0.0000,-0.1045,0.0000,0.0093,0.000,32.41,32.0,3,2048
50021591,0.000,-0.110,0.0000,-0.0038,0.0000,0.0071,0.000,32.41,32.0,3,2048
50022607,0.000,-0.110,0.0000,0.0435,0.0000,-0.0170,0.000,32.41,32.0,3,2048
50023906,0.000,-0.132,0.0000,-0.0282,0.0000,-0.0126,0.000,32.41,32.0,3,2048
50024586,0.000,-0.110,0.0000,0.1137,0.0000,0.0159,0.000,32.41,32.0,3,2048
50025587,0.000,-0.110,0.0000,-0.0771,0.0000,-0.0126,0.000,32.41,32.0,3,2048
50026582,0.000,-0.110,0.0000,0.0435,0.0000,0.0159,0.000,32.41,32.0,3,2048
50027583,0.000,-0.110,0.0000,0.0862,0.0000,-0.0060,0.000,32.41,32.0,3,2048
50028905,0.000,-0.132,0.0000,-0.0542,0.0000,0.0621,0.000,32.41,32.0,3,2048
50029586,0.000,-0.110,0.0000,-0.0587,0.0000,0.0049,0.000,32.41,32.0,3,2048
50030587,0.000,-0.110,0.0000,0.0679,0.0000,-0.0115,0.000,32.41,32.0,3,2048
50031907,0.000,-0.110,0.0000,-0.0313,0.0000,0.0258,0.000,32.41,32.0,3,2048
50032557,0.000,-0.132,0.0000,-0.1091,0.0000,-0.0060,0.000,32.41,32.0,3,2048
50033920,0.000,-0.110,0.0000,-0.0710,0.0000,0.0071,0.000,32.41,32.0,3,2048
50034609,0.000,-0.110,0.0000,0.0923,0.0000,-0.0005,0.000,32.41,32.0,3,2048
50035930,0.000,-0.110,0.0000,0.0237,0.0000,0.0313,0.000,32.41,32.0,3,2048
50036554,0.000,-0.110,0.0000,0.0145,0.0000,0.0148,0.000,32.41,32.0,3,2048
50037560,0.000,-0.110,0.0000,0.0343,0.0000,-0.0060,0.000,32.41,32.0,3,2048
50038881,0.000,-0.132,0.0000,0.0313,0.0000,0.0060,0.000,32.41,32.0,3,2048
50039614,0.000,-0.110,0.0000,0.0923,0.0000,0.0203,0.000,32.41,32.0,3,2048
50040562,0.000,-0.110,0.0000,-0.0481,0.0000,0.0148,0.000,32.41,32.0,3,2048
50041572,0.000,-0.132,0.0000,-0.1228,0.0000,0.0005,0.000,32.41,32.0,3,2048
50042555,0.000,-0.110,0.0000,-0.0206,0.0000,0.0038,0.000,32.41,32.0,3,2048
50043925,0.000,-0.132,0.0000,-0.1076,0.0000,-0.0038,0.000,32.41,32.0,3,2048
50044562,0.000,-0.110,0.0000,-0.0221,0.0000,-0.0148,0.000,32.41,32.0,3,2048
50045578,0.000,-0.132,0.0000,0.0389,0.0000,-0.0093,0.000,32.41,32.0,3,2048
50046555,0.000,-0.110,0.0000,0.0771,0.0000,0.0060,0.000,32.41,32.0,3,2048
50047607,0.000,-0.110,0.0000,-0.0771,0.0000,-0.0192,0.000,32.41,32.0,3,2048
50048885,0.000,-0.110,0.0000,0.0496,0.0000,-0.0302,0.000,32.41,32.0,3,2048
50049576,0.000,-0.132,0.0000,0.0008,0.0000,0.0148,0.000,32.41,32.0,3,2048
50050560,0.000,-0.132,0.0000,0.0114,0.0000,0.0324,0.000,32.41,32.0,3,2048
50051922,0.000,-0.110,0.0000,0.0481,0.0000,-0.0071,0.000,32.41,32.0,3,2048
50052562,0.000,-0.132,0.0000,-0.0252,0.0000,-0.0104,0.000,32.41,32.0,3,2048
50053896,0.000,-0.110,0.0000,0.0206,0.0000,-0.0027,0.000,32.41,32.0,3,2048
50054558,0.000,-0.132,0.0000,-0.0237,0.0000,-0.0093,0.000,32.41,32.0,3,2048
50055935,0.000,-0.110,0.0000,0.0328,0.0000,-0.0192,0.000,32.41,32.0,3,2048
50056557,0.000,-0.110,0.0000,-0.0420,0.0000,0.0269,0.000,32.41,32.0,3,2048
50057578,0.000,-0.110,0.0000,0.0328,0.0000,0.0104,0.000,32.41,32.0,3,2048
50058877,0.000,-0.110,0.0000,0.0740,0.0000,-0.0027,0.000,32.41,32.0,3,2048
50059661,0.000,-0.110,0.0000,0.1411,0.0000,-0.0049,0.000,32.41,32.0,3,2048
50060602,0.000,-0.110,0.0000,0.1183,0.0000,0.0456,0.000,32.41,32.0,3,2048
50061558,0.000,-0.110,0.0000,0.0496,0.0000,-0.0148,0.000,32.41,32.0,3,2048
50062612,0.000,-0.132,0.0000,-0.1198,0.0000,-0.0016,0.000,32.41,32.0,3,2048
50063908,0.000,-0.110,0.0000,-0.0420,0.0000,0.0335,0.000,32.41,32.0,3,2048
50064586,0.000,-0.110,0.0000,0.0755,0.0000,-0.0236,0.000,32.41,32.0,3,2048
50065586,0.000,-0.110,0.0000,-0.0114,0.0000,0.0236,0.000,32.41,32.0,3,2048
50066581,0.000,-0.132,0.0000,-0.1152,0.0000,-0.0049,0.000,32.41,32.0,3,2048
50067581,0.000,-0.110,0.0000,0.0465,0.0000,0.0093,0.000,32.41,32.0,3,2048
50068903,0.000,-0.132,0.0000,-0.0191,0.0000,-0.0104,0.000,32.41,32.0,3,2048
50069585,0.000,-0.110,0.0000,0.0359,0.0000,0.0082,0.000,32.41,32.0,3,2048
50070587,0.000,-0.132,0.0000,-0.1183,0.0000,0.0049,0.000,32.41,32.0,3,2048
50071913,0.000,-0.110,0.0000,0.0023,0.0000,-0.0258,0.000,32.41,32.0,3,2048
50072557,0.000,-0.132,0.0000,-0.0938,0.0000,0.0280,0.000,32.41,32.0,3,2048
50073882,0.000,-0.110,0.0000,-0.0389,0.0000,0.0335,0.000,32.41,32.0,3,2048
50074609,0.000,-0.110,0.0000,-0.0130,0.0000,-0.0489,0.000,32.41,32.0,3,2048
50075929,0.000,-0.132,0.0000,-0.0694,0.0000,0.0247,0.000,32.41,32.0,3,2048
50076609,0.000,-0.110,0.0000,0.0450,0.0000,-0.0170,0.000,32.41,32.0,3,2048
50077614,0.000,-0.110,0.0000,0.0481,0.0000,0.0313,0.000,32.41,32.0,3,2048
50078882,0.000,-0.110,0.0000,0.0877,0.0000,-0.0016,0.000,32.41,32.0,3,2048
50079623,0.000,-0.132,0.0000,-0.0343,0.0000,0.0247,0.000,32.41,32.0,3,2048
50080562,0.000,-0.132,0.0000,0.0252,0.0000,-0.0137,0.000,32.41,32.0,3,2048
50081571,0.000,-0.110,0.0000,-0.0237,0.0000,0.0148,0.000,32.41,32.0,3,2048
50082555,0.000,-0.110,0.0000,0.0221,0.0000,0.0071,0.000,32.41,32.0,3,2048
50083925,0.000,-0.132,0.0000,-0.0450,0.0000,-0.0093,0.000,32.41,32.0,3,2048
50084562,0.000,-0.110,0.0000,0.1228,0.0000,-0.0005,0.000,32.41,32.0,3,2048
50085578,0.000,-0.110,0.0000,0.0191,0.0000,0.0214,0.000,32.41,32.0,3,2048
50086555,0.000,-0.110,0.0000,0.0206,0.0000,0.0071,0.000,32.41,32.0,3,2048
50087605,0.000,-0.132,0.0000,-0.1091,0.0000,-0.0335,0.000,32.41,32.0,3,2048
50088886,0.000,-0.110,0.0000,0.0084,0.0000,0.0115,0.000,32.41,32.0,3,2048
50089576,0.000,-0.132,0.0000,-0.0771,0.0000,-0.0214,0.000,32.41,32.0,3,2048
50090560,0.000,-0.110,0.0000,-0.0313,0.0000,-0.0016,0.000,32.41,32.0,3,2048
50091920,0.000,-0.132,0.0000,-0.0603,0.0000,-0.0203,0.000,32.41,32.0,3,2048
50092562,0.000,-0.132,0.0000,-0.0313,0.0000,0.0170,0.000,32.41,32.0,3,2048
50093897,0.000,-0.132,0.0000,-0.0435,0.0000,0.0137,0.000,32.41,32.0,3,2048
50094558,0.000,-0.110,0.0000,0.1213,0.0000,0.0093,0.000,32.41,32.0,3,2048
50095933,0.000,-0.110,0.0000,-0.1656,0.0000,-0.0214,0.000,32.41,32.0,3,2048
50096558,0.000,-0.110,0.0000,0.1274,0.0000,0.0005,0.000,32.41,32.0,3,2048
50097578,0.000,-0.110,0.0000,-0.0832,0.0000,-0.0225,0.000,32.41,32.0,3,2048
50098878,0.000,-0.110,0.0000,0.1030,0.0000,0.0324,0.000,32.41,32.0,3,2048
50099609,0.000,-0.110,0.0000,0.1335,0.0000,-0.0005,0.000,32.41,32.0,3,2048
50100562,0.000,-0.132,0.0000,0.0282,0.0000,-0.0038,0.000,32.41,32.0,3,2048
50101572,0.000,-0.110,0.0000,0.1045,0.0000,0.0170,0.000,32.41,32.0,3,2048
50102555,0.000,-0.132,0.0000,0.0359,0.0000,0.0005,0.000,32.41,32.0,3,2048
50103925,0.000,-0.110,0.0000,-0.0313,0.0000,-0.0093,0.000,32.41,32.0,3,2048
50104562,0.000,-0.110,0.0000,0.0313,0.0000,-0.0016,0.000,32.41,32.0,3,2048
50105577,0.000,-0.110,0.0000,-0.0069,0.0000,0.0137,0.000,32.41,32.0,3,2048
50106555,0.000,-0.132,0.0000,-0.0725,0.0000,-0.0159,0.000,32.41,32.0,3,2048
50107605,0.000,-0.110,0.0000,0.0145,0.0000,-0.0038,0.000,32.41,32.0,3,2048
50108886,0.000,-0.132,0.0000,-0.1106,0.0000,0.0170,0.000,32.41,32.0,3,2048
50109576,0.000,-0.110,0.0000,0.0694,0.0000,0.0137,0.000,32.41,32.0,3,2048
50110560,0.000,-0.132,0.0000,-0.1473,0.0000,-0.0060,0.000,32.41,32.0,3,2048
50111999,0.000,-0.110,0.0000,0.0587,0.0000,0.0566,0.000,32.41,32.0,3,2048
50112559,0.000,-0.132,0.0000,-0.1503,0.0000,-0.0291,0.000,32.41,32.0,3,2048
50113882,0.000,-0.110,0.0000,-0.0694,0.0000,-0.0093,0.000,32.41,32.0,3,2048
50114554,0.000,-0.132,0.0000,-0.0664,0.0000,0.0335,0.000,32.41,32.0,3,2048
50115885,0.000,-0.132,0.0000,0.0038,0.0000,-0.0049,0.000,32.41,32.0,3,2048
50116622,0.000,-0.132,0.0000,-0.0175,0.0000,-0.0170,0.000,32.41,32.0,3,2048
50117590,0.000,-0.132,0.0000,-0.0145,0.0000,-0.0203,0.000,32.41,32.0,3,2048
50118939,0.000,-0.110,0.0000,-0.0694,0.0000,-0.0324,0.000,32.41,32.0,3,2048
50119593,0.000,-0.132,0.0000,-0.0191,0.0000,0.0170,0.000,32.41,32.0,3,2048
50120589,0.000,-0.110,0.0000,0.0282,0.0000,0.0005,0.000,32.41,32.0,3,2048
50121585,0.000,-0.110,0.0000,-0.0755,0.0000,0.0247,0.000,32.41,32.0,3,2048
50122659,0.000,-0.110,0.0000,0.0694,0.0000,-0.0016,0.000,32.41,32.0,3,2048
50123882,0.000,-0.110,0.0000,0.0557,0.0000,-0.0335,0.000,32.41,32.0,3,2048
50124555,0.000,-0.132,0.0000,-0.0786,0.0000,0.0170,0.000,32.41,32.0,3,2048
50125627,0.000,-0.132,0.0000,-0.0587,0.0000,-0.0038,0.000,32.41,32.0,3,2048
50126587,0.000,-0.132,0.0000,0.0740,0.0000,0.0170,0.000,32.41,32.0,3,2048
50127582,0.000,-0.110,0.0000,0.0237,0.0000,-0.0082,0.000,32.41,32.0,3,2048
50128904,0.000,-0.110,0.0000,-0.0420,0.0000,0.0104,0.000,32.41,32.0,3,2048
50129586,0.000,-0.110,0.0000,0.0557,0.0000,-0.0104,0.000,32.41,32.0,3,2048
50130587,0.000,-0.110,0.0000,-0.0633,0.0000,-0.0225,0.000,32.41,32.0,3,2048
50131899,0.000,-0.132,0.0000,0.0145,0.0000,0.0434,0.000,32.41,32.0,3,2048
50132583,0.000,-0.110,0.0000,-0.0084,0.0000,0.0159,0.000,32.41,32.0,3,2048
50133904,0.000,-0.110,0.0000,0.0496,0.0000,0.0170,0.000,32.41,32.0,3,2048
50134593,0.000,-0.110,0.0000,-0.0160,0.0000,0.0027,0.000,32.41,32.0,3,2048
50135890,0.000,-0.132,0.0000,-0.1259,0.0000,0.0324,0.000,32.41,32.0,3,2048
50136555,0.000,-0.110,0.0000,-0.0664,0.0000,-0.0313,0.000,32.41,32.0,3,2048
50137614,0.000,-0.132,0.0000,-0.1091,0.0000,0.0038,0.000,32.41,32.0,3,2048
50138922,0.000,-0.110,0.0000,0.0587,0.0000,-0.0159,0.000,32.41,32.0,3,2048
50139512,0.000,-0.110,0.0000,-0.0069,0.0000,0.0170,0.000,32.41,32.0,3,2048
50140565,0.000,-0.132,0.0000,-0.0221,0.0000,-0.0082,0.000,32.41,32.0,3,2048
50141555,0.000,-0.132,0.0000,-0.0633,0.0000,-0.0038,0.000,32.41,32.0,3,2048
50142613,0.000,-0.110,0.0000,-0.0099,0.0000,-0.0181,0.000,32.41,32.0,3,2048
50143884,0.000,-0.132,0.0000,-0.0206,0.0000,0.0126,0.000,32.41,32.0,3,2048
50144574,0.000,-0.110,0.0000,0.0114,0.0000,0.0401,0.000,32.41,32.0,3,2048
50145560,0.000,-0.110,0.0000,0.0557,0.0000,-0.0478,0.000,32.41,32.0,3,2048
50146608,0.000,-0.110,0.0000,-0.1335,0.0000,0.0159,0.000,32.41,32.0,3,2048
50147556,0.000,-0.110,0.0000,-0.0145,0.0000,0.0192,0.000,32.41,32.0,3,2048
50148901,0.000,-0.110,0.0000,-0.0206,0.0000,-0.0357,0.000,32.41,32.0,3,2048
50149557,0.000,-0.132,0.0000,-0.0084,0.0000,-0.0181,0.000,32.41,32.0,3,2048
50150613,0.000,-0.132,0.0000,-0.0282,0.0000,0.0104,0.000,32.41,32.0,3,2048
50151872,0.000,-0.110,0.0000,-0.0023,0.0000,0.0082,0.000,32.41,32.0,3,2048
50152574,0.000,-0.132,0.0000,-0.0130,0.0000,-0.0060,0.000,32.41,32.0,3,2048
50153884,0.000,-0.110,0.0000,-0.0252,0.0000,-0.0093,0.000,32.41,32.0,3,2048
50154610,0.000,-0.110,0.0000,-0.0847,0.0000,0.0423,0.000,32.41,32.0,3,2048
50155887,0.000,-0.132,0.0000,0.0008,0.0000,-0.0346,0.000,32.41,32.0,3,2048
50156572,0.000,-0.110,0.0000,0.0740,0.0000,0.0390,0.000,32.41,32.0,3,2048
50157560,0.000,-0.110,0.0000,-0.0008,0.0000,0.0027,0.000,32.41,32.0,3,2048
50158927,0.000,-0.110,0.0000,-0.0252,0.0000,-0.0082,0.000,32.41,32.0,3,2048
50159563,0.000,-0.110,0.0000,0.0328,0.0000,-0.0038,0.000,32.41,32.0,3,2048
50160577,0.000,-0.110,0.0000,0.0694,0.0000,0.0005,0.000,32.41,32.0,3,2048
50161555,0.000,-0.110,0.0000,0.0465,0.0000,0.0445,0.000,32.41,32.0,3,2048
50162682,0.000,-0.132,0.0000,-0.0130,0.0000,-0.0071,0.000,32.41,32.0,3,2048
50163885,0.000,-0.110,0.0000,0.0313,0.0000,-0.0181,0.000,32.41,32.0,3,2048
50164555,0.000,-0.132,0.0000,-0.1671,0.0000,0.0038,0.000,32.41,32.0,3,2048
50165560,0.000,-0.110,0.0000,0.0679,0.0000,-0.0258,0.000,32.41,32.0,3,2048
50166554,0.000,-0.132,0.0000,-0.0572,0.0000,0.0038,0.000,32.41,32.0,3,2048
50167621,0.000,-0.110,0.0000,-0.0481,0.0000,0.0126,0.000,32.41,32.0,3,2048
50168941,0.000,-0.110,0.0000,-0.0710,0.0000,0.0016,0.000,32.41,32.0,3,2048
50169592,0.000,-0.110,0.0000,0.1701,0.0000,0.0005,0.000,32.41,32.0,3,2048
50170590,0.000,-0.132,0.0000,-0.1289,0.0000,-0.0148,0.000,32.41,32.0,3,2048
50171902,0.000,-0.110,0.0000,0.1442,0.0000,0.0148,0.000,32.41,32.0,3,2048
50172659,0.000,-0.132,0.0000,-0.0786,0.0000,-0.0027,0.000,32.41,32.0,3,2048
50173883,0.000,-0.132,0.0000,-0.0786,0.0000,0.0126,0.000,32.41,32.0,3,2048
50174555,0.000,-0.110,0.0000,0.0114,0.0000,0.0588,0.000,32.41,32.0,3,2048
50175943,0.000,-0.110,0.0000,0.0389,0.0000,-0.0489,0.000,32.41,32.0,3,2048
50176590,0.000,-0.110,0.0000,-0.0343,0.0000,0.0379,0.000,32.41,32.0,3,2048
50177590,0.000,-0.110,0.0000,0.0755,0.0000,0.0016,0.000,32.41,32.0,3,2048
50178901,0.000,-0.110,0.0000,-0.0801,0.0000,-0.0170,0.000,32.41,32.0,3,2048
50179588,0.000,-0.132,0.0000,-0.0542,0.0000,0.0192,0.000,32.41,32.0,3,2048
50180587,0.000,-0.110,0.0000,0.0557,0.0000,-0.0335,0.000,32.41,32.0,3,2048
50181582,0.000,-0.110,0.0000,0.0191,0.0000,0.0115,0.000,32.41,32.0,3,2048
50182582,0.000,-0.110,0.0000,-0.0465,0.0000,-0.0005,0.000,32.41,32.0,3,2048
50183902,0.000,-0.110,0.0000,0.0862,0.0000,-0.0093,0.000,32.41,32.0,3,2048
50184601,0.000,-0.110,0.0000,-0.0420,0.0000,-0.0016,0.000,32.41,32.0,3,2048
50185560,0.000,-0.110,0.0000,0.0114,0.0000,-0.0390,0.000,32.41,32.0,3,2048
50186555,0.000,-0.110,0.0000,0.0359,0.0000,0.0445,0.000,32.41,32.0,3,2048
50187609,0.000,-0.110,0.0000,-0.0389,0.0000,-0.0038,0.000,32.41,32.0,3,2048
50188923,0.000,-0.110,0.0000,-0.0252,0.0000,-0.0093,0.000,32.41,32.0,3,2048
50189491,0.000,-0.110,0.0000,0.1701,0.0000,0.0214,0.000,32.41,32.0,3,2048
50190563,0.000,-0.132,0.0000,-0.0267,0.0000,-0.0214,0.000,32.41,32.0,3,2048
50191874,0.000,-0.132,0.0000,0.0008,0.0000,0.0423,0.000,32.41,32.0,3,2048
50192616,0.000,-0.110,0.0000,0.0542,0.0000,-0.0016,0.000,32.41,32.0,3,2048
50193884,0.000,-0.110,0.0000,0.0481,0.0000,-0.0016,0.000,32.41,32.0,3,2048
50194574,0.000,-0.110,0.0000,-0.0191,0.0000,-0.0071,0.000,32.41,32.0,3,2048
50195886,0.000,-0.110,0.0000,0.0237,0.0000,-0.0148,0.000,32.41,32.0,3,2048
50196608,0.000,-0.132,0.0000,-0.0023,0.0000,0.0324,0.000,32.41,32.0,3,2048
50197561,0.000,-0.110,0.0000,0.0526,0.0000,-0.0071,0.000,32.41,32.0,3,2048
50198902,0.000,-0.132,0.0000,-0.0252,0.0000,0.0104,0.000,32.41,32.0,3,2048
50199557,0.000,-0.110,0.0000,0.1366,0.0000,-0.0247,0.000,32.41,32.0,3,2048
50200613,0.000,-0.110,0.0000,0.0389,0.0000,0.0115,0.000,32.41,32.0,3,2048
50201556,0.000,-0.132,0.0000,-0.0877,0.0000,-0.0302,0.000,32.41,32.0,3,2048
50202572,0.000,-0.110,0.0000,-0.0099,0.0000,0.0236,0.000,32.41,32.0,3,2048
50203883,0.000,-0.132,0.0000,0.0130,0.0000,-0.0060,0.000,32.41,32.0,3,2048
50204610,0.000,-0.132,0.0000,0.0313,0.0000,-0.0159,0.000,32.41,32.0,3,2048
50205561,0.000,-0.110,0.0000,0.0740,0.0000,0.0005,0.000,32.41,32.0,3,2048
50206572,0.000,-0.110,0.0000,0.0343,0.0000,0.0170,0.000,32.41,32.0,3,2048
50207555,0.000,-0.132,0.0000,0.0435,0.0000,0.0082,0.000,32.41,32.0,3,2048
50208927,0.000,-0.110,0.0000,0.0008,0.0000,0.0302,0.000,32.41,32.0,3,2048
50209563,0.000,-0.110,0.0000,0.0954,0.0000,-0.0126,0.000,32.41,32.0,3,2048
50210577,0.000,-0.132,0.0000,0.0313,0.0000,0.0148,0.000,32.41,32.0,3,2048
50211868,0.000,-0.110,0.0000,0.0298,0.0000,-0.0291,0.000,32.41,32.0,3,2048
50212681,0.000,-0.110,0.0000,-0.0359,0.0000,0.0115,0.000,32.41,32.0,3,2048
50213887,0.000,-0.110,0.0000,-0.0008,0.0000,0.0104,0.000,32.41,32.0,3,2048
50214555,0.000,-0.110,0.0000,0.0938,0.0000,0.0082,0.000,32.41,32.0,3,2048
50215885,0.000,-0.132,0.0000,-0.0252,0.0000,0.0148,0.000,32.41,32.0,3,2048
50216555,0.000,-0.132,0.0000,-0.0130,0.0000,-0.0115,0.000,32.41,32.0,3,2048
50217627,0.000,-0.132,0.0000,-0.0252,0.0000,-0.0500,0.000,32.41,32.0,3,2048
50218905,0.000,-0.132,0.0000,-0.0496,0.0000,0.0137,0.000,32.41,32.0,3,2048
50219626,0.000,-0.132,0.0000,-0.0648,0.0000,0.0137,0.000,32.41,32.0,3,2048
50220592,0.000,-0.110,0.0000,0.0282,0.0000,-0.0291,0.000,32.41,32.0,3,2048
50221583,0.000,-0.110,0.0000,-0.1137,0.0000,-0.0577,0.000,32.41,32.0,3,2048
50222585,0.000,-0.132,0.0000,-0.1335,0.0000,0.0148,0.000,32.41,32.0,3,2048
50223976,0.000,-0.132,0.0000,0.0648,0.0000,-0.0379,0.000,32.41,32.0,3,2048
50224899,0.000,-0.110,0.0000,-0.0130,0.0000,0.0071,0.000,32.41,32.0,3,2048
50225891,0.000,-0.110,0.0000,0.1900,0.0000,-0.0258,0.000,32.41,32.0,3,2048
50226909,0.000,-0.110,0.0000,-0.0786,0.0000,0.0236,0.000,32.41,32.0,3,2048
50227918,0.000,-0.110,0.0000,-0.1015,0.0000,-0.0225,0.000,32.41,32.0,3,2048
50229230,0.000,-0.110,0.0000,0.1122,0.0000,0.0170,0.000,32.41,32.0,3,2048
50229905,0.000,-0.110,0.0000,-0.0221,0.0000,0.0049,0.000,32.41,32.0,3,2048
50230910,0.000,-0.110,0.0000,0.0450,0.0000,-0.0038,0.000,32.41,32.0,3,2048
50232232,0.000,-0.110,0.0000,0.0481,0.0000,0.0247,0.000,32.41,32.0,3,2048
50232583,0.000,-0.110,0.0000,0.0557,0.0000,0.0049,0.000,32.41,32.0,3,2048
50233901,0.000,-0.110,0.0000,-0.0359,0.0000,-0.0049,0.000,32.41,32.0,3,2048
50234588,0.000,-0.110,0.0000,-0.0633,0.0000,-0.0016,0.000,32.41,32.0,3,2048
50235909,0.000,-0.110,0.0000,0.0801,0.0000,0.0104,0.000,32.41,32.0,3,2048
50236588,0.000,-0.132,0.0000,-0.0862,0.0000,0.0203,0.000,32.41,32.0,3,2048
50237587,0.000,-0.110,0.0000,0.1534,0.0000,0.0038,0.000,32.41,32.0,3,2048
50238915,0.000,-0.132,0.0000,-0.0862,0.0000,-0.0038,0.000,32.41,32.0,3,2048
50239558,0.000,-0.132,0.0000,0.0145,0.0000,-0.0203,0.000,32.41,32.0,3,2048
50240560,0.000,-0.132,0.0000,-0.0648,0.0000,-0.0038,0.000,32.41,32.0,3,2048
50241605,0.000,-0.110,0.0000,0.0877,0.0000,0.0093,0.000,32.41,32.0,3,2048
50242603,0.000,-0.110,0.0000,-0.0755,0.0000,-0.0159,0.000,32.41,32.0,3,2048
50243793,0.000,-0.110,0.0000,0.0465,0.0000,0.0302,0.000,32.41,32.0,3,2048
50244562,0.000,-0.110,0.0000,0.0175,0.0000,-0.0280,0.000,32.41,32.0,3,2048
50245560,0.000,-0.110,0.0000,0.0679,0.0000,-0.0137,0.000,32.41,32.0,3,2048
50246615,0.000,-0.110,0.0000,-0.0114,0.0000,0.0269,0.000,32.41,32.0,3,2048
50247557,0.000,-0.110,0.0000,0.0328,0.0000,0.0104,0.000,32.41,32.0,3,2048
50248897,0.000,-0.110,0.0000,-0.0130,0.0000,0.0104,0.000,32.41,32.0,3,2048
50249556,0.000,-0.110,0.0000,0.0084,0.0000,0.0225,0.000,32.41,32.0,3,2048
50250615,0.000,-0.110,0.0000,0.0786,0.0000,0.0038,0.000,32.41,32.0,3,2048
50251872,0.000,-0.110,0.0000,0.0923,0.0000,0.0027,0.000,32.41,32.0,3,2048
50252574,0.000,-0.132,0.0000,-0.0282,0.0000,0.0126,0.000,32.41,32.0,3,2048
50253881,0.000,-0.132,0.0000,-0.0877,0.0000,0.0148,0.000,32.41,32.0,3,2048
50254611,0.000,-0.110,0.0000,0.0435,0.0000,-0.0181,0.000,32.41,32.0,3,2048
50255888,0.000,-0.132,0.0000,-0.1183,0.0000,-0.0038,0.000,32.41,32.0,3,2048
50256572,0.000,-0.110,0.0000,-0.0526,0.0000,-0.0005,0.000,32.41,32.0,3,2048
50257560,0.000,-0.110,0.0000,0.0984,0.0000,0.0071,0.000,32.41,32.0,3,2048
50258929,0.000,-0.132,0.0000,-0.0832,0.0000,-0.0115,0.000,32.41,32.0,3,2048
50259561,0.000,-0.110,0.0000,-0.0008,0.0000,0.0148,0.000,32.41,32.0,3,2048
50260578,0.000,-0.110,0.0000,0.0298,0.0000,0.0148,0.000,32.41,32.0,3,2048
50261555,0.000,-0.110,0.0000,-0.0206,0.0000,0.0148,0.000,32.41,32.0,3,2048
50262608,0.000,-0.110,0.0000,-0.0221,0.0000,-0.0071,0.000,32.41,32.0,3,2048
50263883,0.000,-0.132,0.0000,-0.0648,0.0000,-0.0203,0.000,32.41,32.0,3,2048
50264680,0.000,-0.132,0.0000,0.0114,0.0000,0.0807,0.000,32.41,32.0,3,2048
50265561,0.000,-0.110,0.0000,-0.0008,0.0000,-0.0456,0.000,32.41,32.0,3,2048
50266555,0.000,-0.132,0.0000,-0.0160,0.0000,-0.0126,0.000,32.41,32.0,3,2048
50267555,0.000,-0.110,0.0000,0.0465,0.0000,0.0280,0.000,32.41,32.0,3,2048
50268934,0.000,-0.132,0.0000,-0.0252,0.0000,-0.0247,0.000,32.41,32.0,3,2048
50269592,0.000,-0.110,0.0000,0.0389,0.0000,0.0313,0.000,32.41,32.0,3,2048
50270625,0.000,-0.110,0.0000,-0.0328,0.0000,-0.0313,0.000,32.41,32.0,3,2048
50271906,0.000,-0.110,0.0000,-0.0420,0.0000,0.0126,0.000,32.41,32.0,3,2048
50272583,0.000,-0.110,0.0000,0.0175,0.0000,0.0258,0.000,32.41,32.0,3,2048
50273903,0.000,-0.110,0.0000,0.0984,0.0000,0.0269,0.000,32.41,32.0,3,2048
50274589,0.000,-0.132,0.0000,0.0343,0.0000,0.0049,0.000,32.41,32.0,3,2048
50275977,0.000,-0.132,0.0000,-0.0435,0.0000,0.0357,0.000,32.41,32.0,3,2048
50276559,0.000,-0.132,0.0000,0.0938,0.0000,-0.0005,0.000,32.41,32.0,3,2048
50277572,0.000,-0.132,0.0000,-0.0572,0.0000,-0.0247,0.000,32.41,32.0,3,2048
50278937,0.000,-0.110,0.0000,-0.0008,0.0000,0.0115,0.000,32.41,32.0,3,2048
50279590,0.000,-0.110,0.0000,0.0511,0.0000,0.0148,0.000,32.41,32.0,3,2048
50280589,0.000,-0.110,0.0000,-0.0252,0.0000,-0.0126,0.000,32.41,32.0,3,2048
50281582,0.000,-0.110,0.0000,0.1228,0.0000,0.0115,0.000,32.41,32.0,3,2048
50282582,0.000,-0.132,0.0000,-0.0496,0.0000,-0.0049,0.000,32.41,32.0,3,2048
50283904,0.000,-0.110,0.0000,-0.0298,0.0000,-0.0038,0.000,32.41,32.0,3,2048
50284588,0.000,-0.110,0.0000,-0.0862,0.0000,0.0214,0.000,32.41,32.0,3,2048
50285588,0.000,-0.110,0.0000,-0.0557,0.0000,0.0423,0.000,32.41,32.0,3,2048
50286582,0.000,-0.110,0.0000,0.0298,0.0000,-0.0148,0.000,32.41,32.0,3,2048
50287586,0.000,-0.110,0.0000,0.0084,0.0000,0.0181,0.000,32.41,32.0,3,2048
50288883,0.000,-0.110,0.0000,0.0099,0.0000,0.0610,0.000,32.41,32.0,3,2048
50289607,0.000,-0.110,0.0000,-0.0175,0.0000,-0.0500,0.000,32.41,32.0,3,2048
50290611,0.000,-0.132,0.0000,-0.0053,0.0000,0.0104,0.000,32.41,32.0,3,2048
50291924,0.000,-0.110,0.0000,-0.0099,0.0000,-0.0181,0.000,32.41,32.0,3,2048
50292610,0.000,-0.110,0.0000,0.0633,0.0000,-0.0148,0.000,32.41,32.0,3,2048
50293881,0.000,-0.132,0.0000,-0.0252,0.0000,-0.0203,0.000,32.41,32.0,3,2048
50294617,0.000,-0.110,0.0000,0.0420,0.0000,-0.0027,0.000,32.41,32.0,3,2048
50295890,0.000,-0.132,0.0000,-0.2083,0.0000,-0.0148,0.000,32.41,32.0,3,2048
50296572,0.000,-0.132,0.0000,0.0557,0.0000,-0.0038,0.000,32.41,32.0,3,2048
50297560,0.000,-0.110,0.0000,0.0008,0.0000,-0.0214,0.000,32.41,32.0,3,2048
50298929,0.000,-0.110,0.0000,-0.0664,0.0000,0.0049,0.000,32.41,32.0,3,2048
50299561,0.000,-0.132,0.0000,-0.0496,0.0000,-0.0038,0.000,32.41,32.0,3,2048
50300578,0.000,-0.132,0.0000,0.0832,0.0000,-0.0137,0.000,32.41,32.0,3,2048
50301555,0.000,-0.110,0.0000,0.0282,0.0000,-0.0038,0.000,32.41,32.0,3,2048
50302608,0.000,-0.132,0.0000,-0.1717,0.0000,-0.0104,0.000,32.41,32.0,3,2048
50303883,0.000,-0.132,0.0000,-0.0359,0.0000,0.0071,0.000,32.41,32.0,3,2048
50304576,0.000,-0.110,0.0000,0.0359,0.0000,-0.0137,0.000,32.41,32.0,3,2048
50305560,0.000,-0.132,0.0000,-0.0084,0.0000,-0.0137,0.000,32.41,32.0,3,2048
50306608,0.000,-0.110,0.0000,0.0008,0.0000,0.0148,0.000,32.41,32.0,3,2048
50307559,0.000,-0.110,0.0000,-0.0099,0.0000,-0.0247,0.000,32.41,32.0,3,2048
50308898,0.000,-0.110,0.0000,0.0298,0.0000,-0.0027,0.000,32.41,32.0,3,2048
50309558,0.000,-0.110,0.0000,0.0374,0.0000,-0.0060,0.000,32.41,32.0,3,2048
50310613,0.000,-0.110,0.0000,-0.1289,0.0000,-0.0115,0.000,32.41,32.0,3,2048
50311874,0.000,-0.110,0.0000,0.0847,0.0000,0.0335,0.000,32.41,32.0,3,2048
50312574,0.000,-0.110,0.0000,0.0572,0.0000,0.0137,0.000,32.41,32.0,3,2048
50313879,0.000,-0.110,0.0000,0.1152,0.0000,0.0038,0.000,32.41,32.0,3,2048
50314679,0.000,-0.110,0.0000,0.0191,0.0000,-0.0027,0.000,32.41,32.0,3,2048
50315893,0.000,-0.110,0.0000,0.0221,0.0000,0.0060,0.000,32.41,32.0,3,2048
50316556,0.000,-0.110,0.0000,-0.0328,0.0000,0.0137,0.000,32.41,32.0,3,2048
50317560,0.000,-0.110,0.0000,0.0771,0.0000,0.0456,0.000,32.41,32.0,3,2048
50318876,0.000,-0.110,0.0000,0.0023,0.0000,-0.0181,0.000,32.41,32.0,3,2048
50319623,0.000,-0.110,0.0000,-0.0114,0.0000,0.0214,0.000,32.41,32.0,3,2048
50320588,0.000,-0.110,0.0000,-0.0008,0.0000,-0.0093,0.000,32.41,32.0,3,2048
50321624,0.000,-0.132,0.0000,-0.0328,0.0000,-0.0291,0.000,32.41,32.0,3,2048
50322586,0.000,-0.110,0.0000,0.0023,0.0000,0.0236,0.000,32.41,32.0,3,2048
50323906,0.000,-0.110,0.0000,0.0343,0.0000,-0.0049,0.000,32.41,32.0,3,2048
50324574,0.000,-0.110,0.0000,0.0465,0.0000,0.0104,0.000,32.41,32.0,3,2048
50325661,0.000,-0.110,0.0000,0.1106,0.0000,-0.0005,0.000,32.41,32.0,3,2048
50326555,0.000,-0.132,0.0000,-0.0557,0.0000,0.0390,0.000,32.41,32.0,3,2048
50327615,0.000,-0.132,0.0000,0.0053,0.0000,0.0324,0.000,32.41,32.0,3,2048
50328907,0.000,-0.110,0.0000,0.0114,0.0000,0.0060,0.000,32.41,32.0,3,2048
50329589,0.000,-0.110,0.0000,-0.1091,0.0000,-0.0115,0.000,32.41,32.0,3,2048
50330587,0.000,-0.110,0.0000,-0.0725,0.0000,0.0082,0.000,32.41,32.0,3,2048
50331902,0.000,-0.110,0.0000,0.0862,0.0000,-0.0027,0.000,32.41,32.0,3,2048
50332583,0.000,-0.110,0.0000,0.0603,0.0000,0.0192,0.000,32.41,32.0,3,2048
50333902,0.000,-0.110,0.0000,0.0420,0.0000,0.0060,0.000,32.41,32.0,3,2048
50334588,0.000,-0.132,0.0000,-0.0298,0.0000,0.0027,0.000,32.41,32.0,3,2048
50335908,0.000,-0.110,0.0000,0.1610,0.0000,0.0137,0.000,32.41,32.0,3,2048
50336588,0.000,-0.110,0.0000,0.0954,0.0000,0.0269,0.000,32.41,32.0,3,2048
50337601,0.000,-0.110,0.0000,-0.0710,0.0000,0.0005,0.000,32.41,32.0,3,2048
50338882,0.000,-0.110,0.0000,0.0099,0.0000,0.0555,0.000,32.41,32.0,3,2048
50339557,0.000,-0.110,0.0000,-0.0282,0.0000,-0.0313,0.000,32.41,32.0,3,2048
50340613,0.000,-0.110,0.0000,-0.0023,0.0000,0.0225,0.000,32.41,32.0,3,2048
50341605,0.000,-0.132,0.0000,-0.1152,0.0000,-0.0016,0.000,32.41,32.0,3,2048
50342608,0.000,-0.110,0.0000,0.1762,0.0000,-0.0214,0.000,32.41,32.0,3,2048
50343885,0.000,-0.132,0.0000,-0.0450,0.0000,0.0500,0.000,32.41,32.0,3,2048
50344616,0.000,-0.110,0.0000,0.0237,0.0000,-0.0049,0.000,32.41,32.0,3,2048
50345562,0.000,-0.110,0.0000,0.1473,0.0000,0.0401,0.000,32.41,32.0,3,2048
50346571,0.000,-0.110,0.0000,-0.0832,0.0000,0.0027,0.000,32.41,32.0,3,2048
50347555,0.000,-0.110,0.0000,-0.0389,0.0000,0.0159,0.000,32.41,32.0,3,2048
50348927,0.000,-0.132,0.0000,-0.0587,0.0000,-0.0203,0.000,32.41,32.0,3,2048
50349561,0.000,-0.110,0.0000,-0.0465,0.0000,0.0192,0.000,32.41,32.0,3,2048
50350578,0.000,-0.110,0.0000,-0.0404,0.0000,0.0049,0.000,32.41,32.0,3,2048
50351868,0.000,-0.110,0.0000,0.1213,0.0000,-0.0104,0.000,32.41,32.0,3,2048
50352608,0.000,-0.110,0.0000,0.0359,0.0000,0.0236,0.000,32.41,32.0,3,2048
50353884,0.000,-0.110,0.0000,0.1106,0.0000,0.0225,0.000,32.41,32.0,3,2048
50354576,0.000,-0.110,0.0000,-0.1183,0.0000,0.0203,0.000,32.41,32.0,3,2048
50355880,0.000,-0.110,0.0000,0.0160,0.0000,0.0049,0.000,32.41,32.0,3,2048
50356610,0.000,-0.132,0.0000,-0.0771,0.0000,-0.0335,0.000,32.41,32.0,3,2048
50357562,0.000,-0.132,0.0000,-0.0175,0.0000,0.0225,0.000,32.41,32.0,3,2048
50358900,0.000,-0.132,0.0000,-0.0496,0.0000,-0.0313,0.000,32.41,32.0,3,2048
50359555,0.000,-0.110,0.0000,0.0175,0.0000,0.0159,0.000,32.41,32.0,3,2048
50360616,0.000,-0.110,0.0000,0.0938,0.0000,-0.0511,0.000,32.41,32.0,3,2048
50361556,0.000,-0.110,0.0000,0.0221,0.0000,0.0203,0.000,32.41,32.0,3,2048
50362572,0.000,-0.132,0.0000,0.0710,0.0000,-0.0005,0.000,32.41,32.0,3,2048
50363882,0.000,-0.110,0.0000,0.0694,0.0000,-0.0148,0.000,32.41,32.0,3,2048
50364681,0.000,-0.110,0.0000,-0.0404,0.0000,0.0192,0.000,32.41,32.0,3,2048
50365562,0.000,-0.110,0.0000,0.0282,0.0000,-0.0511,0.000,32.41,32.0,3,2048
50366555,0.000,-0.132,0.0000,0.0465,0.0000,0.0104,0.000,32.41,32.0,3,2048
50367555,0.000,-0.132,0.0000,-0.0282,0.0000,-0.0159,0.000,32.41,32.0,3,2048
50368882,0.000,-0.110,0.0000,-0.0694,0.0000,-0.0027,0.000,32.41,32.0,3,2048
50369620,0.000,-0.110,0.0000,0.1396,0.0000,0.0005,0.000,32.41,32.0,3,2048
50370625,0.000,-0.132,0.0000,0.0099,0.0000,0.0071,0.000,32.41,32.0,3,2048
50371900,0.000,-0.132,0.0000,-0.1274,0.0000,-0.0236,0.000,32.41,32.0,3,2048
50372585,0.000,-0.132,0.0000,-0.0740,0.0000,0.0225,0.000,32.41,32.0,3,2048
50373907,0.000,-0.110,0.0000,0.0175,0.0000,0.0357,0.000,32.41,32.0,3,2048
50374587,0.000,-0.110,0.0000,-0.0206,0.0000,-0.0049,0.000,32.41,32.0,3,2048
50375985,0.000,-0.132,0.0000,-0.0542,0.0000,-0.0038,0.000,32.41,32.0,3,2048
50376560,0.000,-0.110,0.0000,-0.0374,0.0000,0.0126,0.000,32.41,32.0,3,2048
50377560,0.000,-0.110,0.0000,0.0679,0.0000,-0.0291,0.000,32.41,32.0,3,2048
50378937,0.000,-0.110,0.0000,0.0572,0.0000,-0.0181,0.000,32.41,32.0,3,2048
50379588,0.000,-0.110,0.0000,-0.0145,0.0000,0.0511,0.000,32.41,32.0,3,2048
50380588,0.000,-0.110,0.0000,0.0130,0.0000,0.0093,0.000,32.41,32.0,3,2048
50381582,0.000,-0.110,0.0000,0.0710,0.0000,-0.0115,0.000,32.41,32.0,3,2048
50382582,0.000,-0.110,0.0000,0.0221,0.0000,-0.0049,0.000,32.41,32.0,3,2048
50383903,0.000,-0.110,0.0000,-0.1213,0.0000,0.0258,0.000,32.41,32.0,3,2048
50384584,0.000,-0.110,0.0000,-0.0420,0.0000,-0.0258,0.000,32.41,32.0,3,2048
50385588,0.000,-0.110,0.0000,0.0816,0.0000,0.0599,0.000,32.41,32.0,3,2048
50386582,0.000,-0.132,0.0000,-0.1305,0.0000,-0.0159,0.000,32.41,32.0,3,2048
50387590,0.000,-0.110,0.0000,0.0862,0.0000,-0.0027,0.000,32.41,32.0,3,2048
50388882,0.000,-0.110,0.0000,-0.0694,0.0000,-0.0335,0.000,32.41,32.0,3,2048
50389607,0.000,-0.110,0.0000,0.0374,0.0000,0.0335,0.000,32.41,32.0,3,2048
50390611,0.000,-0.110,0.0000,0.1427,0.0000,-0.0126,0.000,32.41,32.0,3,2048
50391925,0.000,-0.110,0.0000,-0.0465,0.0000,-0.0027,0.000,32.41,32.0,3,2048
50392610,0.000,-0.110,0.0000,0.0908,0.0000,0.0225,0.000,32.41,32.0,3,2048
50393882,0.000,-0.110,0.0000,0.0664,0.0000,-0.0049,0.000,32.41,32.0,3,2048
50394618,0.000,-0.132,0.0000,-0.1152,0.0000,-0.0104,0.000,32.41,32.0,3,2048
50395891,0.000,-0.110,0.0000,-0.0023,0.0000,-0.0038,0.000,32.41,32.0,3,2048
50396571,0.000,-0.132,0.0000,-0.0191,0.0000,-0.0060,0.000,32.41,32.0,3,2048
50397560,0.000,-0.110,0.0000,-0.0298,0.0000,-0.0093,0.000,32.41,32.0,3,2048
50398930,0.000,-0.110,0.0000,0.0038,0.0000,-0.0214,0.000,32.41,32.0,3,2048
50399561,0.000,-0.132,0.0000,-0.0252,0.0000,-0.0049,0.000,32.41,32.0,3,2048
50400577,0.000,-0.132,0.0000,-0.0053,0.0000,0.0027,0.000,32.41,32.0,3,2048
50401555,0.000,-0.110,0.0000,-0.0511,0.0000,-0.0104,0.000,32.41,32.0,3,2048
50402608,0.000,-0.110,0.0000,0.0511,0.0000,0.0126,0.000,32.41,32.0,3,2048
50403883,0.000,-0.110,0.0000,-0.0816,0.0000,0.0071,0.000,32.41,32.0,3,2048
50404576,0.000,-0.132,0.0000,-0.1213,0.0000,-0.0148,0.000,32.41,32.0,3,2048
50405560,0.000,-0.110,0.0000,0.1106,0.0000,-0.0027,0.000,32.41,32.0,3,2048
50406608,0.000,-0.110,0.0000,0.0374,0.0000,-0.0005,0.000,32.41,32.0,3,2048
50407559,0.000,-0.132,0.0000,-0.0679,0.0000,0.0236,0.000,32.41,32.0,3,2048
50408896,0.000,-0.132,0.0000,-0.0481,0.0000,-0.0203,0.000,32.41,32.0,3,2048
50409558,0.000,-0.110,0.0000,0.0267,0.0000,-0.0038,0.000,32.41,32.0,3,2048
50410613,0.000,-0.110,0.0000,0.0160,0.0000,0.0038,0.000,32.41,32.0,3,2048
50411874,0.000,-0.110,0.0000,0.0877,0.0000,0.0500,0.000,32.41,32.0,3,2048
50412574,0.000,-0.132,0.0000,-0.0603,0.0000,-0.0181,0.000,32.41,32.0,3,2048
50413879,0.000,-0.132,0.0000,-0.0969,0.0000,-0.0060,0.000,32.41,32.0,3,2048
50414660,0.000,-0.132,0.0000,0.0832,0.0000,-0.0115,0.000,32.41,32.0,3,2048
50415930,0.000,-0.110,0.0000,0.1137,0.0000,0.0082,0.000,32.41,32.0,3,2048
50416559,0.000,-0.110,0.0000,-0.0954,0.0000,0.0214,0.000,32.41,32.0,3,2048
50417623,0.000,-0.132,0.0000,0.0420,0.0000,-0.0170,0.000,32.41,32.0,3,2048
50418905,0.000,-0.132,0.0000,0.1244,0.0000,0.0335,0.000,32.41,32.0,3,2048
50419587,0.000,-0.132,0.0000,-0.0938,0.0000,0.0093,0.000,32.41,32.0,3,2048
50420586,0.000,-0.132,0.0000,-0.0420,0.0000,-0.0258,0.000,32.41,32.0,3,2048
50421581,0.000,-0.132,0.0000,-0.1259,0.0000,-0.0049,0.000,32.41,32.0,3,2048
50422581,0.000,-0.110,0.0000,0.0954,0.0000,-0.0038,0.000,32.41,32.0,3,2048
50423903,0.000,-0.110,0.0000,0.0450,0.0000,-0.0049,0.000,32.41,32.0,3,2048
50424585,0.000,-0.110,0.0000,-0.0328,0.0000,0.0280,0.000,32.41,32.0,3,2048
50425586,0.000,-0.110,0.0000,0.0298,0.0000,0.0203,0.000,32.41,32.0,3,2048
50426594,0.000,-0.110,0.0000,-0.0847,0.0000,-0.0148,0.000,32.41,32.0,3,2048
50427556,0.000,-0.110,0.0000,-0.0069,0.0000,0.0148,0.000,32.41,32.0,3,2048
50428882,0.000,-0.110,0.0000,0.2022,0.0000,0.0038,0.000,32.41,32.0,3,2048
50429606,0.000,-0.132,0.0000,-0.1396,0.0000,0.0302,0.000,32.41,32.0,3,2048
50430613,0.000,-0.110,0.0000,0.0587,0.0000,0.0071,0.000,32.41,32.0,3,2048
50431930,0.000,-0.110,0.0000,-0.0420,0.0000,0.0082,0.000,32.41,32.0,3,2048
50432561,0.000,-0.132,0.0000,-0.0221,0.0000,0.0093,0.000,32.41,32.0,3,2048
50433883,0.000,-0.132,0.0000,-0.0771,0.0000,0.0192,0.000,32.41,32.0,3,2048
50434620,0.000,-0.110,0.0000,0.0160,0.0000,0.0104,0.000,32.41,32.0,3,2048
50435891,0.000,-0.110,0.0000,-0.0206,0.0000,-0.0181,0.000,32.41,32.0,3,2048
50436571,0.000,-0.110,0.0000,-0.0389,0.0000,0.0104,0.000,32.41,32.0,3,2048
50437560,0.000,-0.110,0.0000,-0.0023,0.0000,0.0082,0.000,32.41,32.0,3,2048
50438928,0.000,-0.110,0.0000,0.0664,0.0000,-0.0005,0.000,32.41,32.0,3,2048
50439562,0.000,-0.132,0.0000,-0.0252,0.0000,0.0225,0.000,32.41,32.0,3,2048
50440577,0.000,-0.132,0.0000,-0.0786,0.0000,0.0027,0.000,32.41,32.0,3,2048
50441555,0.000,-0.132,0.0000,-0.0053,0.0000,-0.0115,0.000,32.41,32.0,3,2048
50442605,0.000,-0.132,0.0000,0.0801,0.0000,-0.0203,0.000,32.41,32.0,3,2048
50443886,0.000,-0.110,0.0000,-0.0099,0.0000,-0.0016,0.000,32.41,32.0,3,2048
50444576,0.000,-0.132,0.0000,-0.0450,0.0000,0.0181,0.000,32.41,32.0,3,2048
50445560,0.000,-0.132,0.0000,-0.0572,0.0000,0.0291,0.000,32.41,32.0,3,2048
50446605,0.000,-0.132,0.0000,0.0542,0.0000,-0.0137,0.000,32.41,32.0,3,2048
50447561,0.000,-0.110,0.0000,-0.0389,0.0000,-0.0071,0.000,32.41,32.0,3,2048
50448897,0.000,-0.110,0.0000,0.1335,0.0000,0.0148,0.000,32.41,32.0,3,2048
50449558,0.000,-0.110,0.0000,-0.0420,0.0000,-0.0005,0.000,32.41,32.0,3,2048
50450610,0.000,-0.110,0.0000,0.0557,0.0000,-0.0049,0.000,32.41,32.0,3,2048
50451875,0.000,-0.132,0.0000,-0.0832,0.0000,-0.0038,0.000,32.41,32.0,3,2048
50452574,0.000,-0.132,0.0000,-0.0816,0.0000,0.0533,0.000,32.41,32.0,3,2048
50453881,0.000,-0.132,0.0000,-0.0832,0.0000,0.0368,0.000,32.41,32.0,3,2048
50454609,0.000,-0.132,0.0000,-0.0328,0.0000,-0.0346,0.000,32.41,32.0,3,2048
50455891,0.000,-0.132,0.0000,-0.0389,0.0000,0.0082,0.000,32.41,32.0,3,2048
50456572,0.000,-0.132,0.0000,-0.0557,0.0000,0.0137,0.000,32.41,32.0,3,2048
50457560,0.000,-0.132,0.0000,-0.0664,0.0000,-0.0522,0.000,32.41,32.0,3,2048
50458929,0.000,-0.110,0.0000,0.0557,0.0000,0.0324,0.000,32.41,32.0,3,2048
50459562,0.000,-0.132,0.0000,-0.0191,0.0000,0.0038,0.000,32.41,32.0,3,2048
50460578,0.000,-0.110,0.0000,0.0389,0.0000,-0.0049,0.000,32.41,32.0,3,2048
50461555,0.000,-0.110,0.0000,-0.0267,0.0000,-0.0170,0.000,32.41,32.0,3,2048
50462605,0.000,-0.110,0.0000,-0.0206,0.0000,0.0049,0.000,32.41,32.0,3,2048
50463886,0.000,-0.110,0.0000,0.0023,0.0000,0.0478,0.000,32.41,32.0,3,2048
50464576,0.000,-0.132,0.0000,0.0404,0.0000,-0.0038,0.000,32.41,32.0,3,2048
50465560,0.000,-0.132,0.0000,0.0160,0.0000,0.0071,0.000,32.41,32.0,3,2048
50466683,0.000,-0.132,0.0000,-0.0679,0.0000,-0.0148,0.000,32.41,32.0,3,2048
50467558,0.000,-0.110,0.0000,0.1549,0.0000,0.0236,0.000,32.41,32.0,3,2048
50468883,0.000,-0.110,0.0000,-0.0328,0.0000,-0.0192,0.000,32.41,32.0,3,2048
50469555,0.000,-0.110,0.0000,-0.0099,0.0000,-0.0104,0.000,32.41,32.0,3,2048
50470560,0.000,-0.132,0.0000,0.0648,0.0000,0.0280,0.000,32.41,32.0,3,2048
50471938,0.000,-0.132,0.0000,-0.0404,0.0000,-0.0302,0.000,32.41,32.0,3,2048
50472610,0.000,-0.132,0.0000,-0.0923,0.0000,-0.0423,0.000,32.41,32.0,3,2048
50473917,0.000,-0.110,0.0000,0.0313,0.0000,0.0280,0.000,32.41,32.0,3,2048
50474588,0.000,-0.132,0.0000,0.1122,0.0000,-0.0192,0.000,32.41,32.0,3,2048
50475912,0.000,-0.110,0.0000,-0.0420,0.0000,-0.0148,0.000,32.41,32.0,3,2048
50476603,0.000,-0.110,0.0000,0.0679,0.0000,-0.0258,0.000,32.41,32.0,3,2048
50477648,0.000,-0.110,0.0000,0.0145,0.0000,0.0390,0.000,32.41,32.0,3,2048
50478881,0.000,-0.110,0.0000,-0.0099,0.0000,-0.0060,0.000,32.41,32.0,3,2048
50479589,0.000,-0.132,0.0000,-0.1869,0.0000,0.0137,0.000,32.41,32.0,3,2048
50480616,0.000,-0.110,0.0000,-0.0252,0.0000,-0.0687,0.000,32.41,32.0,3,2048
50481583,0.000,-0.132,0.0000,-0.1060,0.0000,-0.0038,0.000,32.41,32.0,3,2048
50482582,0.000,-0.110,0.0000,0.1579,0.0000,0.0049,0.000,32.41,32.0,3,2048
50483904,0.000,-0.110,0.0000,0.0160,0.0000,0.0093,0.000,32.41,32.0,3,2048
50484586,0.000,-0.110,0.0000,0.0694,0.0000,0.0401,0.000,32.41,32.0,3,2048
50485587,0.000,-0.132,0.0000,0.0237,0.0000,0.0082,0.000,32.41,32.0,3,2048
50486582,0.000,-0.110,0.0000,0.1030,0.0000,-0.0016,0.000,32.41,32.0,3,2048
50487583,0.000,-0.132,0.0000,-0.0481,0.0000,0.0027,0.000,32.41,32.0,3,2048
50488911,0.000,-0.110,0.0000,0.0099,0.0000,0.0269,0.000,32.41,32.0,3,2048
50489562,0.000,-0.132,0.0000,-0.0160,0.0000,-0.0060,0.000,32.41,32.0,3,2048
50490560,0.000,-0.132,0.0000,0.0603,0.0000,0.0225,0.000,32.41,32.0,3,2048
50491920,0.000,-0.110,0.0000,-0.0984,0.0000,-0.0192,0.000,32.41,32.0,3,2048
50492602,0.000,-0.132,0.0000,-0.1152,0.0000,-0.0357,0.000,32.41,32.0,3,2048
50493915,0.000,-0.132,0.0000,-0.1808,0.0000,-0.0181,0.000,32.41,32.0,3,2048
50494559,0.000,-0.110,0.0000,-0.0359,0.0000,-0.0071,0.000,32.41,32.0,3,2048
50495884,0.000,-0.110,0.0000,0.0191,0.0000,0.0038,0.000,32.41,32.0,3,2048
50496621,0.000,-0.110,0.0000,0.0206,0.0000,-0.0258,0.000,32.41,32.0,3,2048
50497561,0.000,-0.132,0.0000,0.0404,0.0000,0.0005,0.000,32.41,32.0,3,2048
50498898,0.000,-0.110,0.0000,0.0099,0.0000,0.0137,0.000,32.41,32.0,3,2048
50499555,0.000,-0.132,0.0000,-0.0008,0.0000,0.0115,0.000,32.41,32.0,3,2048
50500616,0.000,-0.110,0.0000,0.0771,0.0000,0.0379,0.000,32.41,32.0,3,2048
50501556,0.000,-0.110,0.0000,0.0740,0.0000,0.0027,0.000,32.41,32.0,3,2048
50502572,0.000,-0.110,0.0000,0.1244,0.0000,0.0071,0.000,32.41,32.0,3,2048
50503882,0.000,-0.132,0.0000,-0.0786,0.0000,0.0170,0.000,32.41,32.0,3,2048
50504611,0.000,-0.110,0.0000,-0.0023,0.0000,-0.0016,0.000,32.41,32.0,3,2048
50505561,0.000,-0.132,0.0000,-0.0481,0.0000,-0.0016,0.000,32.41,32.0,3,2048
50506572,0.000,-0.110,0.0000,0.1060,0.0000,-0.0291,0.000,32.41,32.0,3,2048
50507555,0.000,-0.132,0.0000,-0.0023,0.0000,0.0324,0.000,32.41,32.0,3,2048
50508926,0.000,-0.110,0.0000,0.1167,0.0000,-0.0049,0.000,32.41,32.0,3,2048
50509561,0.000,-0.110,0.0000,-0.0603,0.0000,-0.0137,0.000,32.41,32.0,3,2048
50510578,0.000,-0.132,0.0000,-0.0008,0.0000,0.0324,0.000,32.41,32.0,3,2048
50511870,0.000,-0.132,0.0000,0.0267,0.0000,0.0236,0.000,32.41,32.0,3,2048
50512609,0.000,-0.132,0.0000,0.0237,0.0000,-0.0126,0.000,32.41,32.0,3,2048
50513885,0.000,-0.110,0.0000,0.0084,0.0000,-0.0170,0.000,32.41,32.0,3,2048
50514576,0.000,-0.110,0.0000,0.1793,0.0000,0.0324,0.000,32.41,32.0,3,2048
50515880,0.000,-0.132,0.0000,-0.1335,0.0000,-0.0104,0.000,32.41,32.0,3,2048
50516679,0.000,-0.110,0.0000,0.2525,0.0000,0.0049,0.000,32.41,32.0,3,2048
50517562,0.000,-0.110,0.0000,-0.0221,0.0000,-0.0071,0.000,32.41,32.0,3,2048
50518883,0.000,-0.110,0.0000,-0.0694,0.0000,-0.0104,0.000,32.41,32.0,3,2048
50519556,0.000,-0.110,0.0000,0.0603,0.0000,0.0302,0.000,32.41,32.0,3,2048
50520560,0.000,-0.110,0.0000,-0.0694,0.0000,-0.0016,0.000,32.41,32.0,3,2048
50521622,0.000,-0.110,0.0000,0.0298,0.0000,0.0005,0.000,32.41,32.0,3,2048
50522612,0.000,-0.132,0.0000,-0.1259,0.0000,0.0027,0.000,32.41,32.0,3,2048
50523913,0.000,-0.132,0.0000,0.0389,0.0000,-0.0049,0.000,32.41,32.0,3,2048
50524588,0.000,-0.110,0.0000,0.0359,0.0000,-0.0225,0.000,32.41,32.0,3,2048
50525590,0.000,-0.110,0.0000,-0.0954,0.0000,0.0192,0.000,32.41,32.0,3,2048
50526635,0.000,-0.110,0.0000,0.0359,0.0000,-0.0126,0.000,32.41,32.0,3,2048
50527595,0.000,-0.132,0.0000,-0.0282,0.0000,-0.0159,0.000,32.41,32.0,3,2048
50528882,0.000,-0.110,0.0000,-0.0374,0.0000,0.0192,0.000,32.41,32.0,3,2048
50529621,0.000,-0.110,0.0000,-0.0221,0.0000,-0.0181,0.000,32.41,32.0,3,2048
50530587,0.000,-0.110,0.0000,-0.0114,0.0000,-0.0027,0.000,32.41,32.0,3,2048
50531900,0.000,-0.132,0.0000,0.0023,0.0000,0.0071,0.000,32.41,32.0,3,2048
50532581,0.000,-0.110,0.0000,0.0526,0.0000,0.0258,0.000,32.41,32.0,3,2048
50533902,0.000,-0.132,0.0000,-0.0023,0.0000,0.0126,0.000,32.41,32.0,3,2048
50534583,0.000,-0.110,0.0000,0.0450,0.0000,-0.0082,0.000,32.41,32.0,3,2048
50535908,0.000,-0.132,0.0000,0.0191,0.0000,0.0203,0.000,32.41,32.0,3,2048
50536583,0.000,-0.132,0.0000,-0.0175,0.0000,-0.0489,0.000,32.41,32.0,3,2048
50537585,0.000,-0.132,0.0000,-0.0999,0.0000,-0.0170,0.000,32.41,32.0,3,2048
50538902,0.000,-0.110,0.0000,0.1457,0.0000,0.0115,0.000,32.41,32.0,3,2048
50539592,0.000,-0.110,0.0000,0.0145,0.0000,-0.0181,0.000,32.41,32.0,3,2048
50540562,0.000,-0.110,0.0000,0.0938,0.0000,-0.0115,0.000,32.41,32.0,3,2048
50541604,0.000,-0.132,0.0000,-0.0725,0.0000,0.0379,0.000,32.41,32.0,3,2048
50542605,0.000,-0.132,0.0000,0.0450,0.0000,-0.0049,0.000,32.41,32.0,3,2048
50543923,0.000,-0.110,0.0000,0.0328,0.0000,0.0137,0.000,32.41,32.0,3,2048
50544611,0.000,-0.132,0.0000,-0.1030,0.0000,-0.0071,0.000,32.41,32.0,3,2048
50545560,0.000,-0.110,0.0000,0.0191,0.0000,0.0115,0.000,32.41,32.0,3,2048
50546614,0.000,-0.110,0.0000,0.0038,0.0000,-0.0390,0.000,32.41,32.0,3,2048
50547557,0.000,-0.132,0.0000,-0.0679,0.0000,-0.0016,0.000,32.41,32.0,3,2048
50548901,0.000,-0.132,0.0000,-0.0618,0.0000,-0.0071,0.000,32.41,32.0,3,2048
50549557,0.000,-0.110,0.0000,0.0862,0.0000,0.0038,0.000,32.41,32.0,3,2048
50550612,0.000,-0.110,0.0000,0.0969,0.0000,-0.0126,0.000,32.41,32.0,3,2048
50551874,0.000,-0.110,0.0000,-0.0908,0.0000,-0.0082,0.000,32.41,32.0,3,2048
50552574,0.000,-0.110,0.0000,0.0755,0.0000,0.0258,0.000,32.41,32.0,3,2048
50553884,0.000,-0.110,0.0000,0.1015,0.0000,0.0049,0.000,32.41,32.0,3,2048
50554609,0.000,-0.110,0.0000,-0.1183,0.0000,-0.0214,0.000,32.41,32.0,3,2048
50555890,0.000,-0.110,0.0000,-0.0160,0.0000,0.0247,0.000,32.41,32.0,3,2048
50556572,0.000,-0.132,0.0000,-0.0008,0.0000,0.0071,0.000,32.41,32.0,3,2048
50557560,0.000,-0.110,0.0000,0.1137,0.0000,-0.0170,0.000,32.41,32.0,3,2048
50558926,0.000,-0.110,0.0000,-0.0816,0.0000,0.0302,0.000,32.41,32.0,3,2048
50559564,0.000,-0.110,0.0000,0.0298,0.0000,-0.0137,0.000,32.41,32.0,3,2048
50560577,0.000,-0.110,0.0000,0.0038,0.0000,0.0357,0.000,32.41,32.0,3,2048
50561555,0.000,-0.132,0.0000,-0.0114,0.0000,-0.0027,0.000,32.41,32.0,3,2048
50562603,0.000,-0.110,0.0000,-0.0816,0.0000,-0.0456,0.000,32.41,32.0,3,2048
50563886,0.000,-0.110,0.0000,-0.0755,0.0000,0.0126,0.000,32.41,32.0,3,2048
50564578,0.000,-0.110,0.0000,-0.0038,0.0000,-0.0093,0.000,32.41,32.0,3,2048
50565560,0.000,-0.110,0.0000,0.0664,0.0000,0.0016,0.000,32.41,32.0,3,2048
50566603,0.000,-0.132,0.0000,-0.0862,0.0000,-0.0104,0.000,32.41,32.0,3,2048
50567561,0.000,-0.110,0.0000,0.1411,0.0000,-0.0302,0.000,32.41,32.0,3,2048
50568999,0.000,-0.110,0.0000,-0.0145,0.0000,0.0181,0.000,32.41,32.0,3,2048
50569560,0.000,-0.110,0.0000,0.0282,0.0000,-0.0082,0.000,32.41,32.0,3,2048
50570560,0.000,-0.110,0.0000,0.0221,0.0000,0.0159,0.000,32.41,32.0,3,2048
50571869,0.000,-0.110,0.0000,-0.0084,0.0000,0.0049,0.000,32.41,32.0,3,2048
50572556,0.000,-0.110,0.0000,-0.0465,0.0000,0.0071,0.000,32.41,32.0,3,2048
50573939,0.000,-0.110,0.0000,-0.0008,0.0000,0.0049,0.000,32.41,32.0,3,2048
50574607,0.000,-0.132,0.0000,-0.0603,0.0000,0.0049,0.000,32.41,32.0,3,2048
50575938,0.000,-0.110,0.0000,-0.0145,0.0000,-0.0049,0.000,32.41,32.0,3,2048
50576586,0.000,-0.110,0.0000,-0.0572,0.0000,0.0610,0.000,32.41,32.0,3,2048
50577592,0.000,-0.132,0.0000,0.0053,0.0000,-0.0291,0.000,32.41,32.0,3,2048
50578941,0.000,-0.110,0.0000,0.0420,0.0000,0.0225,0.000,32.41,32.0,3,2048
50579639,0.000,-0.110,0.0000,0.0145,0.0000,0.0005,0.000,32.41,32.0,3,2048
50580560,0.000,-0.110,0.0000,-0.0572,0.0000,0.0115,0.000,32.41,32.0,3,2048
50581604,0.000,-0.110,0.0000,-0.1320,0.0000,0.0115,0.000,32.41,32.0,3,2048
50582587,0.000,-0.132,0.0000,-0.0557,0.0000,-0.0093,0.000,32.41,32.0,3,2048
50583905,0.000,-0.110,0.0000,0.1320,0.0000,0.0236,0.000,32.41,32.0,3,2048
50584586,0.000,-0.110,0.0000,-0.0740,0.0000,0.0203,0.000,32.41,32.0,3,2048
50585587,0.000,-0.110,0.0000,-0.0572,0.0000,0.0071,0.000,32.41,32.0,3,2048
50586582,0.000,-0.110,0.0000,0.1213,0.0000,-0.0258,0.000,32.41,32.0,3,2048
50587583,0.000,-0.132,0.0000,-0.0206,0.0000,0.0302,0.000,32.41,32.0,3,2048
50588903,0.000,-0.110,0.0000,0.0038,0.0000,-0.0159,0.000,32.41,32.0,3,2048
50589587,0.000,-0.110,0.0000,-0.1152,0.0000,0.0137,0.000,32.41,32.0,3,2048
50590603,0.000,-0.110,0.0000,-0.0114,0.0000,-0.0566,0.000,32.41,32.0,3,2048
50591882,0.000,-0.110,0.0000,-0.0389,0.0000,0.0379,0.000,32.41,32.0,3,2048
50592556,0.000,-0.132,0.0000,0.0069,0.0000,0.0214,0.000,32.41,32.0,3,2048
50593921,0.000,-0.110,0.0000,0.0130,0.0000,0.0082,0.000,32.41,32.0,3,2048
50594610,0.000,-0.110,0.0000,-0.0069,0.0000,-0.0324,0.000,32.41,32.0,3,2048
50595931,0.000,-0.110,0.0000,0.0847,0.0000,-0.0115,0.000,32.41,32.0,3,2048
50596501,0.000,-0.110,0.0000,-0.0679,0.0000,0.0368,0.000,32.41,32.0,3,2048
50597561,0.000,-0.110,0.0000,-0.0313,0.0000,-0.0159,0.000,32.41,32.0,3,2048
50598881,0.000,-0.110,0.0000,-0.1167,0.0000,-0.0016,0.000,32.41,32.0,3,2048
50599618,0.000,-0.110,0.0000,0.0435,0.0000,0.0027,0.000,32.41,32.0,3,2048
50600562,0.000,-0.132,0.0000,-0.0557,0.0000,-0.0346,0.000,32.41,32.0,3,2048
50601572,0.000,-0.132,0.0000,-0.0465,0.0000,-0.0027,0.000,32.41,32.0,3,2048
50602555,0.000,-0.110,0.0000,-0.0557,0.0000,-0.0192,0.000,32.41,32.0,3,2048
50603926,0.000,-0.132,0.0000,-0.0496,0.0000,-0.0038,0.000,32.41,32.0,3,2048
50604561,0.000,-0.132,0.0000,-0.0557,0.0000,0.0159,0.000,32.41,32.0,3,2048
50605578,0.000,-0.132,0.0000,0.0710,0.0000,-0.0049,0.000,32.41,32.0,3,2048
50606555,0.000,-0.132,0.0000,0.0755,0.0000,-0.0082,0.000,32.41,32.0,3,2048
50607608,0.000,-0.110,0.0000,0.0771,0.0000,0.0456,0.000,32.41,32.0,3,2048
50608883,0.000,-0.132,0.0000,-0.0771,0.0000,-0.0214,0.000,32.41,32.0,3,2048
50609576,0.000,-0.132,0.0000,-0.0450,0.0000,0.0247,0.000,32.41,32.0,3,2048
50610560,0.000,-0.110,0.0000,0.2373,0.0000,0.0346,0.000,32.41,32.0,3,2048
50611922,0.000,-0.110,0.0000,-0.0633,0.0000,-0.0379,0.000,32.41,32.0,3,2048
50612561,0.000,-0.110,0.0000,0.0404,0.0000,-0.0280,0.000,32.41,32.0,3,2048
50613896,0.000,-0.132,0.0000,-0.0572,0.0000,-0.0324,0.000,32.41,32.0,3,2048
50614558,0.000,-0.132,0.0000,-0.0679,0.0000,-0.0038,0.000,32.41,32.0,3,2048
50615935,0.000,-0.132,0.0000,0.0160,0.0000,-0.0181,0.000,32.41,32.0,3,2048
50616557,0.000,-0.110,0.0000,-0.0069,0.0000,0.0258,0.000,32.41,32.0,3,2048
50617578,0.000,-0.132,0.0000,-0.0206,0.0000,-0.0181,0.000,32.41,32.0,3,2048
50618878,0.000,-0.132,0.0000,0.0786,0.0000,0.0170,0.000,32.41,32.0,3,2048
50619676,0.000,-0.110,0.0000,0.0221,0.0000,0.0049,0.000,32.41,32.0,3,2048
50620562,0.000,-0.132,0.0000,0.0816,0.0000,0.0192,0.000,32.41,32.0,3,2048
50621555,0.000,-0.110,0.0000,0.0175,0.0000,-0.0049,0.000,32.41,32.0,3,2048
50622555,0.000,-0.110,0.0000,0.0481,0.0000,0.0181,0.000,32.41,32.0,3,2048
50623883,0.000,-0.110,0.0000,-0.0679,0.0000,-0.0225,0.000,32.41,32.0,3,2048
50624622,0.000,-0.132,0.0000,-0.0938,0.0000,0.0203,0.000,32.41,32.0,3,2048
50625624,0.000,-0.110,0.0000,-0.0404,0.0000,-0.0181,0.000,32.41,32.0,3,2048
50626587,0.000,-0.110,0.0000,-0.0496,0.0000,0.0126,0.000,32.41,32.0,3,2048
50627585,0.000,-0.132,0.0000,0.0252,0.0000,-0.0016,0.000,32.41,32.0,3,2048
50628905,0.000,-0.132,0.0000,-0.0908,0.0000,-0.0071,0.000,32.41,32.0,3,2048
50629654,0.000,-0.110,0.0000,0.0832,0.0000,0.0269,0.000,32.41,32.0,3,2048
50630562,0.000,-0.132,0.0000,-0.0298,0.0000,-0.0159,0.000,32.41,32.0,3,2048
50631874,0.000,-0.132,0.0000,0.0328,0.0000,-0.0071,0.000,32.41,32.0,3,2048
50632619,0.000,-0.110,0.0000,0.0023,0.0000,-0.0071,0.000,32.41,32.0,3,2048
50633907,0.000,-0.110,0.0000,0.0237,0.0000,-0.0060,0.000,32.41,32.0,3,2048
50634588,0.000,-0.132,0.0000,0.0664,0.0000,-0.0016,0.000,32.41,32.0,3,2048
50635908,0.000,-0.110,0.0000,0.0938,0.0000,-0.0247,0.000,32.41,32.0,3,2048
50636587,0.000,-0.132,0.0000,-0.0587,0.0000,0.0390,0.000,32.41,32.0,3,2048
50637587,0.000,-0.110,0.0000,0.1320,0.0000,0.0192,0.000,32.41,32.0,3,2048
50638904,0.000,-0.132,0.0000,0.0130,0.0000,-0.0038,0.000,32.41,32.0,3,2048
50639587,0.000,-0.110,0.0000,0.0206,0.0000,0.0082,0.000,32.41,32.0,3,2048
50640587,0.000,-0.110,0.0000,0.0694,0.0000,-0.0181,0.000,32.41,32.0,3,2048
50641595,0.000,-0.110,0.0000,0.0084,0.0000,0.0456,0.000,32.41,32.0,3,2048
50642558,0.000,-0.132,0.0000,-0.0542,0.0000,-0.0225,0.000,32.41,32.0,3,2048
50643879,0.000,-0.110,0.0000,0.0404,0.0000,0.0236,0.000,32.41,32.0,3,2048
50644607,0.000,-0.110,0.0000,0.0282,0.0000,-0.0346,0.000,32.41,32.0,3,2048
50645611,0.000,-0.110,0.0000,-0.0679,0.0000,0.0258,0.000,32.41,32.0,3,2048
50646610,0.000,-0.110,0.0000,0.0496,0.0000,0.0247,0.000,32.41,32.0,3,2048
50647559,0.000,-0.110,0.0000,0.0237,0.0000,-0.0247,0.000,32.41,32.0,3,2048
50648882,0.000,-0.132,0.0000,-0.0084,0.0000,-0.0005,0.000,32.41,32.0,3,2048
50649616,0.000,-0.132,0.0000,0.0298,0.0000,-0.0137,0.000,32.41,32.0,3,2048
50650561,0.000,-0.110,0.0000,0.0160,0.0000,0.0269,0.000,32.41,32.0,3,2048
50651886,0.000,-0.110,0.0000,0.0420,0.0000,-0.0291,0.000,32.41,32.0,3,2048
50652556,0.000,-0.132,0.0000,-0.0984,0.0000,0.0225,0.000,32.41,32.0,3,2048
50653926,0.000,-0.110,0.0000,-0.0221,0.0000,0.0346,0.000,32.41,32.0,3,2048
50654561,0.000,-0.110,0.0000,0.1106,0.0000,0.0390,0.000,32.41,32.0,3,2048
50655898,0.000,-0.110,0.0000,0.0908,0.0000,-0.0038,0.000,32.41,32.0,3,2048
50656559,0.000,-0.132,0.0000,-0.0694,0.0000,-0.0126,0.000,32.41,32.0,3,2048
50657612,0.000,-0.132,0.0000,-0.0557,0.0000,-0.0148,0.000,32.41,32.0,3,2048
50658886,0.000,-0.132,0.0000,-0.1106,0.0000,0.0137,0.000,32.41,32.0,3,2048
50659576,0.000,-0.110,0.0000,-0.0023,0.0000,-0.0005,0.000,32.41,32.0,3,2048
50660560,0.000,-0.110,0.0000,0.1305,0.0000,-0.0258,0.000,32.41,32.0,3,2048
50661607,0.000,-0.132,0.0000,-0.0572,0.0000,0.0038,0.000,32.41,32.0,3,2048
50662559,0.000,-0.132,0.0000,0.0572,0.0000,0.0104,0.000,32.41,32.0,3,2048
50663897,0.000,-0.110,0.0000,-0.0389,0.0000,-0.0016,0.000,32.41,32.0,3,2048
50664558,0.000,-0.110,0.0000,0.0816,0.0000,-0.0071,0.000,32.41,32.0,3,2048
50665612,0.000,-0.110,0.0000,-0.1060,0.0000,0.0093,0.000,32.41,32.0,3,2048
50666559,0.000,-0.132,0.0000,-0.0023,0.0000,0.0159,0.000,32.41,32.0,3,2048
50667572,0.000,-0.110,0.0000,-0.0359,0.0000,-0.0225,0.000,32.41,32.0,3,2048
50668880,0.000,-0.110,0.0000,-0.0298,0.0000,-0.0313,0.000,32.41,32.0,3,2048
50669683,0.000,-0.110,0.0000,0.0374,0.0000,0.0324,0.000,32.41,32.0,3,2048
50670562,0.000,-0.132,0.0000,-0.0389,0.0000,-0.0346,0.000,32.41,32.0,3,2048
50671874,0.000,-0.110,0.0000,0.0633,0.0000,0.0093,0.000,32.41,32.0,3,2048
50672556,0.000,-0.110,0.0000,-0.0999,0.0000,0.0137,0.000,32.41,32.0,3,2048
50673880,0.000,-0.110,0.0000,-0.0038,0.0000,0.0291,0.000,32.41,32.0,3,2048
50674621,0.000,-0.110,0.0000,0.0511,0.0000,0.0390,0.000,32.41,32.0,3,2048
50675911,0.000,-0.110,0.0000,-0.0191,0.0000,0.0170,0.000,32.41,32.0,3,2048
50676628,0.000,-0.132,0.0000,0.0160,0.0000,-0.0258,0.000,32.41,32.0,3,2048
50677591,0.000,-0.132,0.0000,0.0282,0.0000,-0.0071,0.000,32.41,32.0,3,2048
50678906,0.000,-0.110,0.0000,0.0938,0.0000,0.0247,0.000,32.41,32.0,3,2048
50679588,0.000,-0.110,0.0000,0.0908,0.0000,-0.0082,0.000,32.41,32.0,3,2048
50680663,0.000,-0.110,0.0000,-0.0282,0.0000,-0.0170,0.000,32.41,32.0,3,2048
50681557,0.000,-0.110,0.0000,0.0389,0.0000,0.0181,0.000,32.41,32.0,3,2048
50682555,0.000,-0.110,0.0000,0.1228,0.0000,-0.0192,0.000,32.41,32.0,3,2048
50683934,0.000,-0.110,0.0000,-0.0191,0.0000,0.0115,0.000,32.41,32.0,3,2048
50684587,0.000,-0.110,0.0000,0.0572,0.0000,0.0137,0.000,32.41,32.0,3,2048
50685589,0.000,-0.132,0.0000,0.0084,0.0000,-0.0203,0.000,32.41,32.0,3,2048
50686582,0.000,-0.110,0.0000,0.1305,0.0000,0.0016,0.000,32.41,32.0,3,2048
50687582,0.000,-0.110,0.0000,-0.0328,0.0000,0.0258,0.000,32.41,32.0,3,2048
50688903,0.000,-0.110,0.0000,0.0175,0.0000,-0.0280,0.000,32.41,32.0,3,2048
50689586,0.000,-0.110,0.0000,-0.0343,0.0000,-0.0060,0.000,32.41,32.0,3,2048
50690588,0.000,-0.132,0.0000,-0.0313,0.0000,-0.0016,0.000,32.41,32.0,3,2048
50691900,0.000,-0.110,0.0000,0.0496,0.0000,0.0038,0.000,32.41,32.0,3,2048
50692591,0.000,-0.132,0.0000,-0.0526,0.0000,0.0093,0.000,32.41,32.0,3,2048
50693882,0.000,-0.110,0.0000,-0.0450,0.0000,0.0236,0.000,32.41,32.0,3,2048
50694555,0.000,-0.132,0.0000,-0.0282,0.0000,-0.0159,0.000,32.41,32.0,3,2048
50695933,0.000,-0.132,0.0000,0.1320,0.0000,0.0313,0.000,32.41,32.0,3,2048
50696611,0.000,-0.132,0.0000,-0.0969,0.0000,-0.0302,0.000,32.41,32.0,3,2048
50697479,0.000,-0.132,0.0000,-0.0130,0.0000,0.0302,0.000,32.41,32.0,3,2048
50698886,0.000,-0.110,0.0000,0.0359,0.0000,-0.0192,0.000,32.41,32.0,3,2048
50699620,0.000,-0.110,0.0000,0.0465,0.0000,0.0115,0.000,32.41,32.0,3,2048
50700561,0.000,-0.110,0.0000,-0.0847,0.0000,0.0368,0.000,32.41,32.0,3,2048
50701571,0.000,-0.110,0.0000,0.0023,0.0000,-0.0533,0.000,32.41,32.0,3,2048
50702555,0.000,-0.110,0.0000,0.0664,0.0000,0.0093,0.000,32.41,32.0,3,2048
50703925,0.000,-0.132,0.0000,-0.0298,0.0000,0.0588,0.000,32.41,32.0,3,2048
50704561,0.000,-0.110,0.0000,0.0984,0.0000,-0.0192,0.000,32.41,32.0,3,2048
50705577,0.000,-0.110,0.0000,0.0053,0.0000,0.0159,0.000,32.41,32.0,3,2048
50706555,0.000,-0.110,0.0000,0.0053,0.0000,-0.0093,0.000,32.41,32.0,3,2048
50707608,0.000,-0.132,0.0000,-0.0374,0.0000,0.0016,0.000,32.41,32.0,3,2048
50708883,0.000,-0.110,0.0000,0.0847,0.0000,0.0423,0.000,32.41,32.0,3,2048
50709576,0.000,-0.110,0.0000,-0.0343,0.0000,-0.0115,0.000,32.41,32.0,3,2048
50710560,0.000,-0.132,0.0000,-0.0984,0.0000,0.0159,0.000,32.41,32.0,3,2048
50711923,0.000,-0.132,0.0000,-0.1244,0.0000,0.0027,0.000,32.41,32.0,3,2048
50712561,0.000,-0.132,0.0000,0.0725,0.0000,-0.0181,0.000,32.41,32.0,3,2048
50713897,0.000,-0.110,0.0000,0.0374,0.0000,-0.0302,0.000,32.41,32.0,3,2048
50714558,0.000,-0.110,0.0000,0.0801,0.0000,-0.0093,0.000,32.41,32.0,3,2048
50715934,0.000,-0.110,0.0000,-0.0053,0.0000,-0.0071,0.000,32.41,32.0,3,2048
50716557,0.000,-0.110,0.0000,0.0282,0.0000,0.0159,0.000,32.41,32.0,3,2048
50717577,0.000,-0.110,0.0000,-0.0847,0.0000,0.0357,0.000,32.41,32.0,3,2048
50718877,0.000,-0.132,0.0000,-0.0679,0.0000,-0.0247,0.000,32.41,32.0,3,2048
50719679,0.000,-0.132,0.0000,-0.0404,0.0000,-0.0115,0.000,32.41,32.0,3,2048
50720562,0.000,-0.110,0.0000,-0.0069,0.0000,0.0269,0.000,32.41,32.0,3,2048
50721555,0.000,-0.132,0.0000,-0.0633,0.0000,-0.0214,0.000,32.41,32.0,3,2048
50722555,0.000,-0.110,0.0000,0.0298,0.0000,0.0368,0.000,32.41,32.0,3,2048
50723881,0.000,-0.110,0.0000,-0.0343,0.0000,-0.0247,0.000,32.41,32.0,3,2048
50724622,0.000,-0.110,0.0000,0.0648,0.0000,0.0027,0.000,32.41,32.0,3,2048
50725625,0.000,-0.132,0.0000,-0.1808,0.0000,0.0115,0.000,32.41,32.0,3,2048
50726585,0.000,-0.110,0.0000,0.0694,0.0000,-0.0071,0.000,32.41,32.0,3,2048
50727583,0.000,-0.110,0.0000,0.0175,0.0000,-0.0049,0.000,32.41,32.0,3,2048
50728907,0.000,-0.132,0.0000,-0.0526,0.0000,-0.0093,0.000,32.41,32.0,3,2048
50729632,0.000,-0.110,0.0000,0.0252,0.0000,-0.0302,0.000,32.41,32.0,3,2048
50730597,0.000,-0.110,0.0000,-0.0938,0.0000,0.0324,0.000,32.41,32.0,3,2048
50731877,0.000,-0.110,0.0000,0.0191,0.0000,-0.0115,0.000,32.41,32.0,3,2048
50732613,0.000,-0.110,0.0000,-0.0038,0.0000,0.0082,0.000,32.41,32.0,3,2048
50733907,0.000,-0.110,0.0000,0.0191,0.0000,0.0038,0.000,32.41,32.0,3,2048
50734586,0.000,-0.132,0.0000,-0.0435,0.0000,0.0016,0.000,32.41,32.0,3,2048
50735907,0.000,-0.110,0.0000,0.0511,0.0000,-0.0049,0.000,32.41,32.0,3,2048
50736585,0.000,-0.110,0.0000,0.1213,0.0000,0.0126,0.000,32.41,32.0,3,2048
50737585,0.000,-0.110,0.0000,0.1244,0.0000,-0.0071,0.000,32.41,32.0,3,2048
50738900,0.000,-0.132,0.0000,-0.1106,0.0000,0.0093,0.000,32.41,32.0,3,2048
50739585,0.000,-0.110,0.0000,-0.0130,0.0000,0.0258,0.000,32.41,32.0,3,2048
50740585,0.000,-0.110,0.0000,0.0328,0.0000,-0.0192,0.000,32.41,32.0,3,2048
50741579,0.000,-0.110,0.0000,0.0648,0.0000,0.0170,0.000,32.41,32.0,3,2048
50742585,0.000,-0.110,0.0000,-0.0481,0.0000,0.0016,0.000,32.41,32.0,3,2048
50743886,0.000,-0.132,0.0000,-0.0206,0.0000,0.0049,0.000,32.41,32.0,3,2048
50744571,0.000,-0.110,0.0000,-0.0130,0.0000,-0.0214,0.000,32.41,32.0,3,2048
50745609,0.000,-0.132,0.0000,-0.0145,0.0000,0.0027,0.000,32.41,32.0,3,2048
50746603,0.000,-0.110,0.0000,0.0343,0.0000,0.0126,0.000,32.41,32.0,3,2048
50747607,0.000,-0.132,0.0000,-0.1686,0.0000,-0.0170,0.000,32.41,32.0,3,2048
50748886,0.000,-0.110,0.0000,0.0526,0.0000,-0.0170,0.000,32.41,32.0,3,2048
50749616,0.000,-0.110,0.0000,0.0755,0.0000,0.0115,0.000,32.41,32.0,3,2048
50750562,0.000,-0.110,0.0000,-0.0252,0.0000,0.0038,0.000,32.41,32.0,3,2048
50751886,0.000,-0.132,0.0000,-0.1045,0.0000,0.0060,0.000,32.41,32.0,3,2048
50752556,0.000,-0.110,0.0000,0.0771,0.0000,0.0313,0.000,32.41,32.0,3,2048
50753926,0.000,-0.110,0.0000,0.1640,0.0000,0.0148,0.000,32.41,32.0,3,2048
50754562,0.000,-0.110,0.0000,0.1137,0.0000,0.0104,0.000,32.41,32.0,3,2048
50755899,0.000,-0.132,0.0000,-0.0908,0.0000,0.0346,0.000,32.41,32.0,3,2048
50756559,0.000,-0.132,0.0000,0.0038,0.0000,-0.0676,0.000,32.41,32.0,3,2048
50757611,0.000,-0.132,0.0000,-0.0694,0.0000,0.0357,0.000,32.41,32.0,3,2048
50758885,0.000,-0.110,0.0000,0.0984,0.0000,0.0016,0.000,32.41,32.0,3,2048
50759576,0.000,-0.132,0.0000,-0.1091,0.0000,0.0159,0.000,32.41,32.0,3,2048
50760560,0.000,-0.110,0.0000,-0.0008,0.0000,-0.0203,0.000,32.41,32.0,3,2048
50761605,0.000,-0.132,0.0000,-0.1183,0.0000,0.0082,0.000,32.41,32.0,3,2048
50762561,0.000,-0.110,0.0000,0.0465,0.0000,0.0148,0.000,32.41,32.0,3,2048
50763897,0.000,-0.110,0.0000,-0.0145,0.0000,0.0038,0.000,32.41,32.0,3,2048
50764558,0.000,-0.132,0.0000,-0.0328,0.0000,0.0159,0.000,32.41,32.0,3,2048
50765611,0.000,-0.110,0.0000,0.1274,0.0000,-0.0093,0.000,32.41,32.0,3,2048
50766561,0.000,-0.110,0.0000,-0.1045,0.0000,0.0071,0.000,32.41,32.0,3,2048
50767572,0.000,-0.110,0.0000,0.0679,0.0000,-0.0148,0.000,32.41,32.0,3,2048
50768880,0.000,-0.110,0.0000,-0.0633,0.0000,0.0016,0.000,32.41,32.0,3,2048
50769681,0.000,-0.110,0.0000,-0.0908,0.0000,-0.0005,0.000,32.41,32.0,3,2048
50770563,0.000,-0.110,0.0000,-0.0343,0.0000,-0.0225,0.000,32.41,32.0,3,2048
50771876,0.000,-0.110,0.0000,-0.0267,0.0000,0.0170,0.000,32.41,32.0,3,2048
50772556,0.000,-0.110,0.0000,-0.0084,0.0000,-0.0489,0.000,32.41,32.0,3,2048
50773879,0.000,-0.110,0.0000,-0.0206,0.0000,-0.0478,0.000,32.41,32.0,3,2048
50774622,0.000,-0.110,0.0000,0.0038,0.0000,0.0170,0.000,32.41,32.0,3,2048
50775913,0.000,-0.132,0.0000,-0.0237,0.0000,0.0269,0.000,32.41,32.0,3,2048
50776627,0.000,-0.110,0.0000,0.0603,0.0000,-0.0357,0.000,32.41,32.0,3,2048
50777591,0.000,-0.132,0.0000,-0.0053,0.0000,-0.0159,0.000,32.41,32.0,3,2048
50778908,0.000,-0.110,0.0000,0.0252,0.0000,-0.0082,0.000,32.41,32.0,3,2048
50779587,0.000,-0.110,0.0000,0.0298,0.0000,-0.0016,0.000,32.41,32.0,3,2048
50780663,0.000,-0.110,0.0000,0.0343,0.0000,0.0071,0.000,32.41,32.0,3,2048
50781557,0.000,-0.110,0.0000,0.0450,0.0000,-0.0170,0.000,32.41,32.0,3,2048
50782561,0.000,-0.110,0.0000,0.0237,0.0000,-0.0115,0.000,32.41,32.0,3,2048
50783935,0.000,-0.132,0.0000,-0.0038,0.0000,-0.0049,0.000,32.41,32.0,3,2048
50784587,0.000,-0.110,0.0000,0.1152,0.0000,-0.0412,0.000,32.41,32.0,3,2048
50785588,0.000,-0.132,0.0000,-0.1152,0.0000,0.0511,0.000,32.41,32.0,3,2048
50786582,0.000,-0.132,0.0000,0.0908,0.0000,-0.0247,0.000,32.41,32.0,3,2048
50787582,0.000,-0.110,0.0000,0.0008,0.0000,0.0005,0.000,32.41,32.0,3,2048
50788903,0.000,-0.132,0.0000,-0.1015,0.0000,-0.0016,0.000,32.41,32.0,3,2048
50789586,0.000,-0.110,0.0000,0.1244,0.0000,0.0148,0.000,32.41,32.0,3,2048
50790589,0.000,-0.132,0.0000,-0.0648,0.0000,-0.0225,0.000,32.41,32.0,3,2048
50791898,0.000,-0.110,0.0000,0.0435,0.0000,-0.0181,0.000,32.41,32.0,3,2048
50792591,0.000,-0.110,0.0000,0.1015,0.0000,0.0401,0.000,32.41,32.0,3,2048
50793882,0.000,-0.110,0.0000,0.0969,0.0000,0.0302,0.000,32.41,32.0,3,2048
50794554,0.000,-0.110,0.0000,0.0359,0.0000,0.0071,0.000,32.41,32.0,3,2048
50795936,0.000,-0.110,0.0000,0.0420,0.0000,0.0269,0.000,32.41,32.0,3,2048
50796611,0.000,-0.110,0.0000,0.0481,0.0000,-0.0071,0.000,32.41,32.0,3,2048
50797523,0.000,-0.110,0.0000,-0.0206,0.0000,0.0456,0.000,32.41,32.0,3,2048
50798884,0.000,-0.132,0.0000,-0.0008,0.0000,-0.0082,0.000,32.41,32.0,3,2048
50799555,0.000,-0.110,0.0000,-0.0313,0.0000,0.0258,0.000,32.41,32.0,3,2048
50800623,0.000,-0.110,0.0000,0.0053,0.0000,-0.0357,0.000,32.41,32.0,3,2048
50801556,0.000,-0.132,0.0000,-0.1839,0.0000,0.0115,0.000,32.41,32.0,3,2048
50802571,0.000,-0.110,0.0000,-0.0313,0.0000,-0.0126,0.000,32.41,32.0,3,2048
50803882,0.000,-0.110,0.0000,-0.0114,0.0000,0.0071,0.000,32.41,32.0,3,2048
50804611,0.000,-0.110,0.0000,0.0130,0.0000,-0.0489,0.000,32.41,32.0,3,2048
50805561,0.000,-0.110,0.0000,0.0893,0.0000,0.0027,0.000,32.41,32.0,3,2048
50806572,0.000,-0.110,0.0000,-0.0420,0.0000,0.0258,0.000,32.41,32.0,3,2048
50807555,0.000,-0.110,0.0000,0.0069,0.0000,-0.0214,0.000,32.41,32.0,3,2048
50808925,0.000,-0.110,0.0000,0.0298,0.0000,0.0258,0.000,32.41,32.0,3,2048
50809561,0.000,-0.110,0.0000,0.0069,0.0000,0.0071,0.000,32.41,32.0,3,2048
50810577,0.000,-0.110,0.0000,0.0755,0.0000,-0.0049,0.000,32.41,32.0,3,2048
50811871,0.000,-0.110,0.0000,-0.0633,0.0000,-0.0005,0.000,32.41,32.0,3,2048
50812609,0.000,-0.110,0.0000,0.0282,0.0000,0.0071,0.000,32.41,32.0,3,2048
50813884,0.000,-0.132,0.0000,0.0343,0.0000,-0.0016,0.000,32.41,32.0,3,2048
50814576,0.000,-0.110,0.0000,0.0481,0.0000,0.0291,0.000,32.41,32.0,3,2048
50815880,0.000,-0.110,0.0000,-0.0313,0.0000,0.0038,0.000,32.41,32.0,3,2048
50816611,0.000,-0.110,0.0000,-0.0481,0.0000,-0.0148,0.000,32.41,32.0,3,2048
50817561,0.000,-0.110,0.0000,-0.0206,0.0000,-0.0258,0.000,32.41,32.0,3,2048
50818901,0.000,-0.110,0.0000,-0.0053,0.0000,0.0302,0.000,32.41,32.0,3,2048
50819555,0.000,-0.132,0.0000,-0.0755,0.0000,-0.0236,0.000,32.41,32.0,3,2048
50820684,0.000,-0.132,0.0000,0.0389,0.0000,-0.0357,0.000,32.41,32.0,3,2048
50821557,0.000,-0.110,0.0000,0.0679,0.0000,0.0137,0.000,32.41,32.0,3,2048
50822555,0.000,-0.110,0.0000,0.0526,0.0000,0.0269,0.000,32.41,32.0,3,2048
50823883,0.000,-0.110,0.0000,0.0664,0.0000,0.0313,0.000,32.41,32.0,3,2048
50824556,0.000,-0.110,0.0000,0.0298,0.0000,-0.0104,0.000,32.41,32.0,3,2048
50825626,0.000,-0.110,0.0000,0.0633,0.0000,0.0027,0.000,32.41,32.0,3,2048
50826624,0.000,-0.110,0.0000,-0.0847,0.0000,0.0148,0.000,32.41,32.0,3,2048
50827585,0.000,-0.110,0.0000,-0.1640,0.0000,0.0027,0.000,32.41,32.0,3,2048
50828903,0.000,-0.110,0.0000,0.1854,0.0000,-0.0027,0.000,32.41,32.0,3,2048
50829589,0.000,-0.132,0.0000,-0.0618,0.0000,-0.0049,0.000,32.41,32.0,3,2048
50830660,0.000,-0.110,0.0000,0.1442,0.0000,0.0478,0.000,32.41,32.0,3,2048
50831876,0.000,-0.110,0.0000,0.0084,0.0000,-0.0005,0.000,32.41,32.0,3,2048
50832556,0.000,-0.110,0.0000,-0.0267,0.0000,-0.0071,0.000,32.41,32.0,3,2048
50833935,0.000,-0.110,0.0000,-0.0343,0.0000,-0.0060,0.000,32.41,32.0,3,2048
50834590,0.000,-0.110,0.0000,0.0267,0.0000,-0.0313,0.000,32.41,32.0,3,2048
50835912,0.000,-0.132,0.0000,-0.0237,0.0000,-0.0038,0.000,32.41,32.0,3,2048
50836587,0.000,-0.110,0.0000,0.0053,0.0000,0.0148,0.000,32.41,32.0,3,2048
50837587,0.000,-0.110,0.0000,0.0038,0.0000,-0.0214,0.000,32.41,32.0,3,2048
50838903,0.000,-0.110,0.0000,0.0648,0.0000,0.0236,0.000,32.41,32.0,3,2048
50839587,0.000,-0.132,0.0000,0.0053,0.0000,-0.0082,0.000,32.41,32.0,3,2048
50840587,0.000,-0.132,0.0000,-0.0557,0.0000,0.0291,0.000,32.41,32.0,3,2048
50841582,0.000,-0.132,0.0000,0.0389,0.0000,-0.0170,0.000,32.41,32.0,3,2048
50842596,0.000,-0.110,0.0000,0.0023,0.0000,-0.0181,0.000,32.41,32.0,3,2048
50843882,0.000,-0.132,0.0000,0.0435,0.0000,0.0214,0.000,32.41,32.0,3,2048
50844556,0.000,-0.110,0.0000,0.0374,0.0000,-0.0159,0.000,32.41,32.0,3,2048
50845611,0.000,-0.110,0.0000,0.0191,0.0000,-0.0082,0.000,32.41,32.0,3,2048
50846604,0.000,-0.110,0.0000,0.0587,0.0000,0.0016,0.000,32.41,32.0,3,2048
50847608,0.000,-0.110,0.0000,0.0038,0.0000,0.0324,0.000,32.41,32.0,3,2048
50848886,0.000,-0.110,0.0000,-0.0496,0.0000,-0.0379,0.000,32.41,32.0,3,2048
50849616,0.000,-0.110,0.0000,0.0313,0.0000,0.0269,0.000,32.41,32.0,3,2048
50850561,0.000,-0.110,0.0000,-0.0481,0.0000,-0.0115,0.000,32.41,32.0,3,2048
50851886,0.000,-0.110,0.0000,-0.0038,0.0000,0.0126,0.000,32.41,32.0,3,2048
50852556,0.000,-0.110,0.0000,0.0694,0.0000,-0.0038,0.000,32.41,32.0,3,2048
50853927,0.000,-0.132,0.0000,-0.0069,0.0000,-0.0071,0.000,32.41,32.0,3,2048
50854561,0.000,-0.110,0.0000,0.0999,0.0000,0.0071,0.000,32.41,32.0,3,2048
50855899,0.000,-0.110,0.0000,-0.0282,0.0000,-0.0412,0.000,32.41,32.0,3,2048
50856559,0.000,-0.110,0.0000,-0.0420,0.0000,0.0016,0.000,32.41,32.0,3,2048
50857613,0.000,-0.110,0.0000,0.0359,0.0000,0.0302,0.000,32.41,32.0,3,2048
50858883,0.000,-0.132,0.0000,-0.1106,0.0000,-0.0115,0.000,32.41,32.0,3,2048
50859576,0.000,-0.132,0.0000,0.0160,0.0000,-0.0269,0.000,32.41,32.0,3,2048
50860560,0.000,-0.132,0.0000,-0.0587,0.0000,-0.0071,0.000,32.41,32.0,3,2048
50861608,0.000,-0.110,0.0000,-0.0130,0.0000,0.0280,0.000,32.41,32.0,3,2048
50862559,0.000,-0.132,0.0000,0.0359,0.0000,-0.0379,0.000,32.41,32.0,3,2048
50863897,0.000,-0.110,0.0000,0.0465,0.0000,0.0170,0.000,32.41,32.0,3,2048
50864558,0.000,-0.110,0.0000,0.1915,0.0000,-0.0137,0.000,32.41,32.0,3,2048
50865613,0.000,-0.110,0.0000,-0.0160,0.0000,0.0049,0.000,32.41,32.0,3,2048
50866559,0.000,-0.110,0.0000,-0.0191,0.0000,0.0115,0.000,32.41,32.0,3,2048
50867572,0.000,-0.132,0.0000,-0.0420,0.0000,-0.0060,0.000,32.41,32.0,3,2048
50868879,0.000,-0.110,0.0000,-0.0725,0.0000,-0.0038,0.000,32.41,32.0,3,2048
50869682,0.000,-0.110,0.0000,-0.0298,0.0000,-0.0478,0.000,32.41,32.0,3,2048
50870562,0.000,-0.110,0.0000,0.0832,0.0000,0.0489,0.000,32.41,32.0,3,2048
50871874,0.000,-0.110,0.0000,0.0435,0.0000,-0.0390,0.000,32.41,32.0,3,2048
50872556,0.000,-0.110,0.0000,-0.0542,0.0000,0.0258,0.000,32.41,32.0,3,2048
50873881,0.000,-0.132,0.0000,-0.0847,0.0000,0.0357,0.000,32.41,32.0,3,2048
50874621,0.000,-0.110,0.0000,0.0771,0.0000,-0.0192,0.000,32.41,32.0,3,2048
50875911,0.000,-0.110,0.0000,-0.0618,0.0000,-0.0016,0.000,32.41,32.0,3,2048
50876628,0.000,-0.110,0.0000,0.0084,0.0000,-0.0401,0.000,32.41,32.0,3,2048
50877591,0.000,-0.110,0.0000,-0.0328,0.0000,0.0049,0.000,32.41,32.0,3,2048
50878904,0.000,-0.110,0.0000,-0.0801,0.0000,0.0049,0.000,32.41,32.0,3,2048
50879588,0.000,-0.110,0.0000,0.0801,0.0000,0.0049,0.000,32.41,32.0,3,2048
50880663,0.000,-0.132,0.0000,-0.0771,0.0000,-0.0170,0.000,32.41,32.0,3,2048
50881557,0.000,-0.110,0.0000,0.0282,0.0000,0.0071,0.000,32.41,32.0,3,2048
50882555,0.000,-0.110,0.0000,-0.0038,0.0000,0.0247,0.000,32.41,32.0,3,2048
50883935,0.000,-0.110,0.0000,-0.0359,0.0000,-0.0126,0.000,32.41,32.0,3,2048
50884587,0.000,-0.110,0.0000,0.0282,0.0000,0.0082,0.000,32.41,32.0,3,2048
50885588,0.000,-0.110,0.0000,0.0191,0.0000,0.0027,0.000,32.41,32.0,3,2048
50886582,0.000,-0.110,0.0000,0.1213,0.0000,-0.0225,0.000,32.41,32.0,3,2048
50887582,0.000,-0.110,0.0000,-0.1228,0.0000,0.0170,0.000,32.41,32.0,3,2048
50888904,0.000,-0.110,0.0000,-0.0282,0.0000,0.0027,0.000,32.41,32.0,3,2048
50889586,0.000,-0.110,0.0000,-0.0893,0.0000,0.0104,0.000,32.41,32.0,3,2048
50890588,0.000,-0.110,0.0000,0.0099,0.0000,-0.0280,0.000,32.41,32.0,3,2048
50891900,0.000,-0.110,0.0000,0.0923,0.0000,0.0324,0.000,32.41,32.0,3,2048
50892591,0.000,-0.132,0.0000,-0.0725,0.0000,-0.0137,0.000,32.41,32.0,3,2048
50893882,0.000,-0.110,0.0000,-0.0755,0.0000,-0.0071,0.000,32.41,32.0,3,2048
50894555,0.000,-0.110,0.0000,-0.0206,0.0000,0.0104,0.000,32.41,32.0,3,2048
50895935,0.000,-0.110,0.0000,-0.0343,0.0000,0.0027,0.000,32.41,32.0,3,2048
50896611,0.000,-0.132,0.0000,-0.0023,0.0000,0.0060,0.000,32.41,32.0,3,2048
50897594,0.000,-0.132,0.0000,-0.0847,0.0000,-0.0093,0.000,32.41,32.0,3,2048
50898885,0.000,-0.110,0.0000,0.1991,0.0000,-0.0049,0.000,32.41,32.0,3,2048
50899555,0.000,-0.110,0.0000,-0.0465,0.0000,0.0357,0.000,32.41,32.0,3,2048
50900625,0.000,-0.110,0.0000,-0.0069,0.0000,-0.0049,0.000,32.41,32.0,3,2048
50901556,0.000,-0.110,0.0000,0.0481,0.0000,0.0005,0.000,32.41,32.0,3,2048
50902571,0.000,-0.110,0.0000,0.0221,0.0000,0.0357,0.000,32.41,32.0,3,2048
50903883,0.000,-0.110,0.0000,0.0755,0.0000,-0.0181,0.000,32.41,32.0,3,2048
50904611,0.000,-0.110,0.0000,0.0237,0.0000,0.0170,0.000,32.41,32.0,3,2048
50905561,0.000,-0.110,0.0000,0.0008,0.0000,0.0269,0.000,32.41,32.0,3,2048
50906572,0.000,-0.132,0.0000,-0.1427,0.0000,-0.0192,0.000,32.41,32.0,3,2048
50907555,0.000,-0.132,0.0000,0.0557,0.0000,-0.0082,0.000,32.41,32.0,3,2048
50908927,0.000,-0.110,0.0000,-0.0420,0.0000,0.0049,0.000,32.41,32.0,3,2048
50909561,0.000,-0.132,0.0000,-0.0298,0.0000,-0.0236,0.000,32.41,32.0,3,2048
50910578,0.000,-0.110,0.0000,-0.0130,0.0000,0.0159,0.000,32.41,32.0,3,2048
50911868,0.000,-0.110,0.0000,-0.0496,0.0000,-0.0104,0.000,32.41,32.0,3,2048
50912609,0.000,-0.110,0.0000,0.0038,0.0000,0.0027,0.000,32.41,32.0,3,2048
50913883,0.000,-0.110,0.0000,-0.0069,0.0000,0.0071,0.000,32.41,32.0,3,2048
50914576,0.000,-0.110,0.0000,-0.0420,0.0000,0.0148,0.000,32.41,32.0,3,2048
50915880,0.000,-0.110,0.0000,-0.0237,0.0000,0.0082,0.000,32.41,32.0,3,2048
50916611,0.000,-0.110,0.0000,-0.0572,0.0000,0.0049,0.000,32.41,32.0,3,2048
50917561,0.000,-0.110,0.0000,-0.0557,0.0000,0.0115,0.000,32.41,32.0,3,2048
50918901,0.000,-0.110,0.0000,0.0175,0.0000,-0.0280,0.000,32.41,32.0,3,2048
50919555,0.000,-0.110,0.0000,-0.0450,0.0000,-0.0005,0.000,32.41,32.0,3,2048
50920688,0.000,-0.110,0.0000,0.0023,0.0000,0.0225,0.000,32.41,32.0,3,2048
50921557,0.000,-0.110,0.0000,0.0023,0.0000,0.0115,0.000,32.41,32.0,3,2048
50922555,0.000,-0.110,0.0000,0.0282,0.0000,0.0203,0.000,32.41,32.0,3,2048
50923939,0.000,-0.110,0.0000,0.0633,0.0000,-0.0291,0.000,32.41,32.0,3,2048
50924589,0.000,-0.110,0.0000,0.0298,0.0000,0.0104,0.000,32.41,32.0,3,2048
50925589,0.000,-0.110,0.0000,0.0038,0.0000,0.0005,0.000,32.41,32.0,3,2048
50926582,0.000,-0.110,0.0000,0.0618,0.0000,-0.0027,0.000,32.41,32.0,3,2048
50927582,0.000,-0.110,0.0000,0.0587,0.0000,0.0027,0.000,32.41,32.0,3,2048
50928903,0.000,-0.110,0.0000,-0.0053,0.0000,-0.0148,0.000,32.41,32.0,3,2048
50929587,0.000,-0.110,0.0000,-0.0267,0.0000,0.0159,0.000,32.41,32.0,3,2048
50930587,0.000,-0.110,0.0000,0.0313,0.0000,-0.0049,0.000,32.41,32.0,3,2048
50931900,0.000,-0.132,0.0000,-0.0252,0.0000,-0.0258,0.000,32.41,32.0,3,2048
50932590,0.000,-0.110,0.0000,0.0816,0.0000,0.0170,0.000,32.41,32.0,3,2048
50933883,0.000,-0.110,0.0000,0.0587,0.0000,0.0115,0.000,32.41,32.0,3,2048
50934563,0.000,-0.110,0.0000,-0.0069,0.0000,-0.0192,0.000,32.41,32.0,3,2048
50935934,0.000,-0.110,0.0000,0.0832,0.0000,0.0071,0.000,32.41,32.0,3,2048
50936610,0.000,-0.110,0.0000,0.0816,0.0000,-0.0302,0.000,32.41,32.0,3,2048
50937614,0.000,-0.132,0.0000,-0.0832,0.0000,0.0181,0.000,32.41,32.0,3,2048
50938887,0.000,-0.110,0.0000,0.0282,0.0000,0.0093,0.000,32.41,32.0,3,2048
50939616,0.000,-0.110,0.0000,0.0008,0.0000,0.0126,0.000,32.41,32.0,3,2048
50940561,0.000,-0.110,0.0000,0.0450,0.0000,0.0038,0.000,32.41,32.0,3,2048
50941571,0.000,-0.110,0.0000,0.0450,0.0000,0.0104,0.000,32.41,32.0,3,2048
50942555,0.000,-0.110,0.0000,-0.0099,0.0000,0.0269,0.000,32.41,32.0,3,2048
50943926,0.000,-0.110,0.0000,0.0725,0.0000,-0.0148,0.000,32.41,32.0,3,2048
50944561,0.000,-0.110,0.0000,0.0542,0.0000,0.0269,0.000,32.41,32.0,3,2048
50945577,0.000,-0.110,0.0000,-0.0847,0.0000,0.0016,0.000,32.41,32.0,3,2048
50946555,0.000,-0.110,0.0000,-0.0069,0.0000,0.0049,0.000,32.41,32.0,3,2048
50947608,0.000,-0.110,0.0000,-0.0099,0.0000,0.0192,0.000,32.41,32.0,3,2048
50948883,0.000,-0.110,0.0000,-0.0221,0.0000,-0.0148,0.000,32.41,32.0,3,2048
50949576,0.000,-0.110,0.0000,0.0359,0.0000,-0.0093,0.000,32.41,32.0,3,2048
50950560,0.000,-0.110,0.0000,-0.0160,0.0000,0.0181,0.000,32.41,32.0,3,2048
50951921,0.000,-0.132,0.0000,-0.0740,0.0000,-0.0214,0.000,32.41,32.0,3,2048
50952561,0.000,-0.110,0.0000,-0.0221,0.0000,0.0104,0.000,32.41,32.0,3,2048
50953896,0.000,-0.132,0.0000,0.0206,0.0000,0.0346,0.000,32.41,32.0,3,2048
50954558,0.000,-0.110,0.0000,0.0648,0.0000,-0.0159,0.000,32.41,32.0,3,2048
50955934,0.000,-0.110,0.0000,0.0816,0.0000,0.0335,0.000,32.41,32.0,3,2048
50956557,0.000,-0.132,0.0000,-0.0374,0.0000,0.0115,0.000,32.41,32.0,3,2048
50957577,0.000,-0.110,0.0000,0.1503,0.0000,0.0027,0.000,32.41,32.0,3,2048
50958878,0.000,-0.132,0.0000,-0.1060,0.0000,-0.0104,0.000,32.41,32.0,3,2048
50959611,0.000,-0.110,0.0000,-0.1030,0.0000,0.0390,0.000,32.41,32.0,3,2048
50960561,0.000,-0.110,0.0000,-0.0389,0.0000,-0.0357,0.000,32.41,32.0,3,2048
50961572,0.000,-0.110,0.0000,0.0984,0.0000,0.0093,0.000,32.41,32.0,3,2048
50962555,0.000,-0.110,0.0000,0.0160,0.0000,0.0335,0.000,32.41,32.0,3,2048
50963927,0.000,-0.110,0.0000,0.0587,0.0000,0.0038,0.000,32.41,32.0,3,2048
50964561,0.000,-0.110,0.0000,0.0145,0.0000,0.0049,0.000,32.41,32.0,3,2048
50965578,0.000,-0.110,0.0000,0.0481,0.0000,0.0027,0.000,32.41,32.0,3,2048
50966555,0.000,-0.110,0.0000,0.0069,0.0000,0.0049,0.000,32.41,32.0,3,2048
50967608,0.000,-0.132,0.0000,-0.1473,0.0000,0.0016,0.000,32.41,32.0,3,2048
50968884,0.000,-0.110,0.0000,0.0359,0.0000,-0.0027,0.000,32.41,32.0,3,2048
50969576,0.000,-0.110,0.0000,0.0771,0.0000,-0.0115,0.000,32.41,32.0,3,2048
50970560,0.000,-0.110,0.0000,0.0145,0.0000,0.0170,0.000,32.41,32.0,3,2048
50972001,0.000,-0.110,0.0000,-0.0710,0.0000,0.0357,0.000,32.41,32.0,3,2048
50972558,0.000,-0.110,0.0000,-0.0084,0.0000,-0.0489,0.000,32.41,32.0,3,2048
50973881,0.000,-0.132,0.0000,-0.0374,0.0000,-0.0522,0.000,32.41,32.0,3,2048
50974555,0.000,-0.110,0.0000,-0.0496,0.0000,0.0302,0.000,32.41,32.0,3,2048
50975884,0.000,-0.110,0.0000,0.0298,0.0000,-0.0126,0.000,32.41,32.0,3,2048
50976620,0.000,-0.110,0.0000,-0.1320,0.0000,-0.0104,0.000,32.41,32.0,3,2048
50977589,0.000,-0.132,0.0000,0.0008,0.0000,0.0115,0.000,32.41,32.0,3,2048
50978941,0.000,-0.110,0.0000,0.0450,0.0000,-0.0346,0.000,32.41,32.0,3,2048
50979593,0.000,-0.132,0.0000,-0.0740,0.0000,0.0203,0.000,32.41,32.0,3,2048
50980591,0.000,-0.110,0.0000,0.1259,0.0000,-0.0137,0.000,32.41,32.0,3,2048
50981590,0.000,-0.110,0.0000,-0.0526,0.0000,0.0324,0.000,32.41,32.0,3,2048
50982649,0.000,-0.110,0.0000,0.0343,0.0000,-0.0236,0.000,32.41,32.0,3,2048
50983882,0.000,-0.110,0.0000,0.0374,0.0000,-0.0016,0.000,32.41,32.0,3,2048
50984590,0.000,-0.132,0.0000,-0.0633,0.0000,0.0159,0.000,32.41,32.0,3,2048
50985614,0.000,-0.110,0.0000,0.0069,0.0000,-0.0335,0.000,32.41,32.0,3,2048
50986586,0.000,-0.110,0.0000,0.0847,0.0000,0.0335,0.000,32.41,32.0,3,2048
50987582,0.000,-0.110,0.0000,0.0694,0.0000,0.0137,0.000,32.41,32.0,3,2048
50988904,0.000,-0.132,0.0000,-0.1030,0.0000,-0.0324,0.000,32.41,32.0,3,2048
50989586,0.000,-0.132,0.0000,-0.0160,0.0000,0.0137,0.000,32.41,32.0,3,2048
50990587,0.000,-0.110,0.0000,-0.0237,0.0000,-0.0357,0.000,32.41,32.0,3,2048
50991900,0.000,-0.110,0.0000,-0.1274,0.0000,-0.0236,0.000,32.41,32.0,3,2048
50992585,0.000,-0.110,0.0000,-0.0404,0.0000,0.0148,0.000,32.41,32.0,3,2048
50993914,0.000,-0.110,0.0000,-0.0359,0.0000,0.0225,0.000,32.41,32.0,3,2048
50994559,0.000,-0.110,0.0000,-0.0465,0.0000,-0.0060,0.000,32.41,32.0,3,2048
50995878,0.000,-0.132,0.0000,-0.1060,0.0000,0.0082,0.000,32.41,32.0,3,2048
50996575,0.000,-0.110,0.0000,0.0191,0.0000,-0.0016,0.000,32.41,32.0,3,2048
50997614,0.000,-0.132,0.0000,-0.0954,0.0000,-0.0038,0.000,32.41,32.0,3,2048
50998923,0.000,-0.110,0.0000,0.1671,0.0000,-0.0005,0.000,32.41,32.0,3,2048
50999614,0.000,-0.132,0.0000,0.0481,0.0000,-0.0236,0.000,32.41,32.0,3,2048
51000563,0.000,-0.110,0.0000,0.0282,0.0000,0.0159,0.000,32.41,32.0,3,2048
51001616,0.000,-0.110,0.0000,0.0343,0.0000,0.0214,0.000,32.41,32.0,3,2048
51002556,0.000,-0.110,0.0000,0.0587,0.0000,-0.0225,0.000,32.41,32.0,3,2048
51003901,0.000,-0.110,0.0000,0.0114,0.0000,-0.0170,0.000,32.41,32.0,3,2048
51004557,0.000,-0.110,0.0000,0.0725,0.0000,0.0181,0.000,32.41,32.0,3,2048
51005613,0.000,-0.110,0.0000,-0.0633,0.0000,-0.0038,0.000,32.41,32.0,3,2048
51006556,0.000,-0.110,0.0000,0.0740,0.0000,0.0027,0.000,32.41,32.0,3,2048
51007572,0.000,-0.110,0.0000,-0.0648,0.0000,-0.0005,0.000,32.41,32.0,3,2048
51008883,0.000,-0.110,0.0000,0.0710,0.0000,-0.0159,0.000,32.41,32.0,3,2048
51009610,0.000,-0.110,0.0000,-0.0008,0.0000,-0.0247,0.000,32.41,32.0,3,2048
51010561,0.000,-0.132,0.0000,-0.0496,0.0000,-0.0313,0.000,32.41,32.0,3,2048
51011888,0.000,-0.110,0.0000,0.0465,0.0000,0.0192,0.000,32.41,32.0,3,2048
51012556,0.000,-0.110,0.0000,0.0816,0.0000,0.0148,0.000,32.41,32.0,3,2048
51013927,0.000,-0.110,0.0000,0.1183,0.0000,0.0060,0.000,32.41,32.0,3,2048
51014870,0.000,-0.132,0.0000,-0.0343,0.0000,-0.0005,0.000,32.41,32.0,3,2048
51016197,0.000,-0.110,0.0000,0.0938,0.0000,0.0049,0.000,32.41,32.0,3,2048
51016870,0.000,-0.110,0.0000,-0.0786,0.0000,-0.0346,0.000,32.41,32.0,3,2048
51017900,0.000,-0.110,0.0000,0.1167,0.0000,0.0115,0.000,32.41,32.0,3,2048
51019201,0.000,-0.110,0.0000,0.0023,0.0000,0.0269,0.000,32.41,32.0,3,2048
51019875,0.000,-0.110,0.0000,-0.0633,0.0000,-0.0093,0.000,32.41,32.0,3,2048
51020870,0.000,-0.110,0.0000,0.0114,0.0000,-0.0214,0.000,32.41,32.0,3,2048
51021984,0.000,-0.110,0.0000,0.0679,0.0000,0.0280,0.000,32.41,32.0,3,2048
51022870,0.000,-0.110,0.0000,-0.0496,0.0000,0.0027,0.000,32.41,32.0,3,2048
51024200,0.000,-0.110,0.0000,0.0648,0.0000,-0.0082,0.000,32.41,32.0,3,2048
51024869,0.000,-0.110,0.0000,0.0404,0.0000,0.0324,0.000,32.41,32.0,3,2048
51025868,0.000,-0.110,0.0000,-0.0450,0.0000,-0.0016,0.000,32.41,32.0,3,2048
51026866,0.000,-0.110,0.0000,0.0511,0.0000,0.0170,0.000,32.41,32.0,3,2048
51027868,0.000,-0.110,0.0000,0.1564,0.0000,0.0478,0.000,32.41,32.0,3,2048
51029263,0.000,-0.110,0.0000,-0.0587,0.0000,-0.0126,0.000,32.41,32.0,3,2048
51029925,0.000,-0.110,0.0000,0.0084,0.0000,-0.0368,0.000,32.41,32.0,3,2048
51030878,0.000,-0.110,0.0000,0.0999,0.0000,0.0324,0.000,32.41,32.0,3,2048
51032273,0.000,-0.110,0.0000,0.0023,0.0000,0.0467,0.000,32.41,32.0,3,2048
51032575,0.000,-0.110,0.0000,0.0511,0.0000,0.0324,0.000,32.41,32.0,3,2048
51033904,0.000,-0.110,0.0000,-0.0542,0.0000,0.0093,0.000,32.41,32.0,3,2048
51034590,0.000,-0.110,0.0000,0.0374,0.0000,-0.0357,0.000,32.41,32.0,3,2048
51035912,0.000,-0.132,0.0000,-0.0877,0.0000,0.0170,0.000,32.41,32.0,3,2048
51036654,0.000,-0.110,0.0000,0.0038,0.0000,0.0192,0.000,32.41,32.0,3,2048
51037562,0.000,-0.132,0.0000,0.0114,0.0000,-0.0060,0.000,32.41,32.0,3,2048
51038879,0.000,-0.110,0.0000,0.0694,0.0000,-0.0148,0.000,32.41,32.0,3,2048
51039621,0.000,-0.110,0.0000,0.0450,0.0000,0.0005,0.000,32.41,32.0,3,2048
51040591,0.000,-0.110,0.0000,0.1198,0.0000,0.0335,0.000,32.41,32.0,3,2048
51041584,0.000,-0.110,0.0000,-0.0496,0.0000,-0.0335,0.000,32.41,32.0,3,2048
51042582,0.000,-0.110,0.0000,-0.0389,0.0000,0.0104,0.000,32.41,32.0,3,2048
51043903,0.000,-0.110,0.0000,0.1259,0.0000,0.0522,0.000,32.41,32.0,3,2048
51044586,0.000,-0.110,0.0000,0.0832,0.0000,0.0181,0.000,32.41,32.0,3,2048
51045587,0.000,-0.132,0.0000,-0.0679,0.0000,-0.0148,0.000,32.41,32.0,3,2048
51046582,0.000,-0.110,0.0000,0.1228,0.0000,0.0093,0.000,32.41,32.0,3,2048
51047582,0.000,-0.110,0.0000,-0.0710,0.0000,0.0181,0.000,32.41,32.0,3,2048
51048907,0.000,-0.110,0.0000,0.0267,0.0000,-0.0027,0.000,32.41,32.0,3,2048
51049868,0.000,-0.132,0.0000,-0.1137,0.0000,-0.0170,0.000,32.41,32.0,3,2048
51050868,0.000,-0.110,0.0000,0.0496,0.0000,0.0225,0.000,32.41,32.0,3,2048
51052260,0.000,-0.110,0.0000,-0.0008,0.0000,-0.0181,0.000,32.41,32.0,3,2048
51052602,0.000,-0.110,0.0000,-0.0618,0.0000,0.0214,0.000,32.41,32.0,3,2048
51053924,0.000,-0.132,0.0000,-0.0771,0.0000,0.0291,0.000,32.41,32.0,3,2048
51054610,0.000,-0.110,0.0000,0.0893,0.0000,-0.0060,0.000,32.41,32.0,3,2048
51055933,0.000,-0.132,0.0000,-0.1411,0.0000,0.0170,0.000,32.41,32.0,3,2048
51056564,0.000,-0.132,0.0000,0.0099,0.0000,0.0005,0.000,32.41,32.0,3,2048
51057619,0.000,-0.132,0.0000,0.0038,0.0000,-0.0170,0.000,32.41,32.0,3,2048
51058883,0.000,-0.110,0.0000,0.0313,0.0000,-0.0346,0.000,32.41,32.0,3,2048
51059575,0.000,-0.110,0.0000,-0.0175,0.0000,-0.0082,0.000,32.41,32.0,3,2048
51060560,0.000,-0.110,0.0000,0.0221,0.0000,0.0137,0.000,32.41,32.0,3,2048
51061608,0.000,-0.132,0.0000,-0.0130,0.0000,0.0071,0.000,32.41,32.0,3,2048
51062559,0.000,-0.110,0.0000,-0.0313,0.0000,0.0225,0.000,32.41,32.0,3,2048
51063897,0.000,-0.110,0.0000,-0.0465,0.0000,0.0170,0.000,32.41,32.0,3,2048
51064558,0.000,-0.110,0.0000,-0.0999,0.0000,-0.0159,0.000,32.41,32.0,3,2048
51065613,0.000,-0.132,0.0000,0.0023,0.0000,0.0236,0.000,32.41,32.0,3,2048
51066559,0.000,-0.110,0.0000,-0.0282,0.0000,-0.0203,0.000,32.41,32.0,3,2048
51067572,0.000,-0.110,0.0000,0.0572,0.0000,-0.0137,0.000,32.41,32.0,3,2048
51068879,0.000,-0.132,0.0000,-0.0343,0.0000,0.0038,0.000,32.41,32.0,3,2048
51069611,0.000,-0.110,0.0000,0.0359,0.0000,-0.0060,0.000,32.41,32.0,3,2048
51070561,0.000,-0.110,0.0000,0.0435,0.0000,-0.0137,0.000,32.41,32.0,3,2048
51071886,0.000,-0.110,0.0000,0.0160,0.0000,0.0225,0.000,32.41,32.0,3,2048
51072556,0.000,-0.110,0.0000,-0.0877,0.0000,0.0137,0.000,32.41,32.0,3,2048
51074001,0.000,-0.132,0.0000,-0.0816,0.0000,0.0280,0.000,32.41,32.0,3,2048
51074563,0.000,-0.132,0.0000,-0.0191,0.0000,0.0016,0.000,32.41,32.0,3,2048
51075879,0.000,-0.110,0.0000,0.0633,0.0000,-0.0192,0.000,32.41,32.0,3,2048
51076559,0.000,-0.110,0.0000,-0.0893,0.0000,0.0313,0.000,32.41,32.0,3,2048
51077560,0.000,-0.110,0.0000,0.0725,0.0000,0.0137,0.000,32.41,32.0,3,2048
51078938,0.000,-0.110,0.0000,-0.0618,0.0000,0.0159,0.000,32.41,32.0,3,2048
51079587,0.000,-0.110,0.0000,-0.0526,0.0000,0.0203,0.000,32.41,32.0,3,2048
51080630,0.000,-0.110,0.0000,0.0267,0.0000,-0.0346,0.000,32.41,32.0,3,2048
51081587,0.000,-0.110,0.0000,0.0160,0.0000,0.0159,0.000,32.41,32.0,3,2048
51082587,0.000,-0.110,0.0000,0.0481,0.0000,0.0214,0.000,32.41,32.0,3,2048
51083972,0.000,-0.110,0.0000,-0.0389,0.0000,0.0192,0.000,32.41,32.0,3,2048
51084564,0.000,-0.132,0.0000,0.0160,0.0000,-0.0214,0.000,32.41,32.0,3,2048
51085560,0.000,-0.110,0.0000,0.1595,0.0000,0.0060,0.000,32.41,32.0,3,2048
51086615,0.000,-0.110,0.0000,-0.1122,0.0000,0.0170,0.000,32.41,32.0,3,2048
51087585,0.000,-0.110,0.0000,0.0542,0.0000,0.0324,0.000,32.41,32.0,3,2048
51088905,0.000,-0.110,0.0000,-0.1610,0.0000,0.0016,0.000,32.41,32.0,3,2048
51089588,0.000,-0.110,0.0000,0.0084,0.0000,-0.0148,0.000,32.41,32.0,3,2048
51090587,0.000,-0.132,0.0000,-0.0374,0.0000,0.0137,0.000,32.41,32.0,3,2048
51091902,0.000,-0.110,0.0000,0.0221,0.0000,-0.0038,0.000,32.41,32.0,3,2048
51092583,0.000,-0.110,0.0000,-0.0816,0.0000,0.0313,0.000,32.41,32.0,3,2048
51093903,0.000,-0.110,0.0000,-0.0114,0.0000,0.0423,0.000,32.41,32.0,3,2048
51094589,0.000,-0.110,0.0000,0.0343,0.0000,0.0192,0.000,32.41,32.0,3,2048
51095921,0.000,-0.110,0.0000,-0.0572,0.0000,0.0214,0.000,32.41,32.0,3,2048
51096575,0.000,-0.110,0.0000,0.0008,0.0000,0.0379,0.000,32.41,32.0,3,2048
51097560,0.000,-0.110,0.0000,-0.0771,0.0000,-0.0225,0.000,32.41,32.0,3,2048
51098920,0.000,-0.110,0.0000,0.0008,0.0000,0.0214,0.000,32.41,32.0,3,2048
51099610,0.000,-0.132,0.0000,-0.1457,0.0000,-0.0027,0.000,32.41,32.0,3,2048
51100612,0.000,-0.110,0.0000,0.0465,0.0000,-0.0137,0.000,32.41,32.0,3,2048
51101610,0.000,-0.110,0.0000,-0.0145,0.0000,-0.0016,0.000,32.41,32.0,3,2048
51102555,0.000,-0.110,0.0000,-0.0710,0.0000,-0.0148,0.000,32.41,32.0,3,2048
51103937,0.000,-0.110,0.0000,0.0679,0.0000,0.0379,0.000,32.41,32.0,3,2048
51104563,0.000,-0.110,0.0000,-0.0160,0.0000,-0.0137,0.000,32.41,32.0,3,2048
51105576,0.000,-0.110,0.0000,-0.0587,0.0000,-0.0181,0.000,32.41,32.0,3,2048
51106555,0.000,-0.110,0.0000,0.1717,0.0000,0.0148,0.000,32.41,32.0,3,2048
51107604,0.000,-0.110,0.0000,0.0069,0.0000,0.0148,0.000,32.41,32.0,3,2048
51108885,0.000,-0.110,0.0000,0.0267,0.0000,0.0159,0.000,32.41,32.0,3,2048
51109578,0.000,-0.110,0.0000,0.0023,0.0000,0.0005,0.000,32.41,32.0,3,2048
51110560,0.000,-0.110,0.0000,-0.0496,0.0000,-0.0181,0.000,32.41,32.0,3,2048
51111919,0.000,-0.132,0.0000,-0.2037,0.0000,0.0093,0.000,32.41,32.0,3,2048
51112561,0.000,-0.110,0.0000,-0.0893,0.0000,-0.0192,0.000,32.41,32.0,3,2048
51113897,0.000,-0.132,0.0000,-0.0389,0.0000,0.0027,0.000,32.41,32.0,3,2048
51114561,0.000,-0.132,0.0000,0.0069,0.0000,-0.0313,0.000,32.41,32.0,3,2048
51115932,0.000,-0.110,0.0000,0.1549,0.0000,0.0225,0.000,32.41,32.0,3,2048
51116866,0.000,-0.132,0.0000,-0.0175,0.0000,0.0357,0.000,32.41,32.0,3,2048
51117872,0.000,-0.110,0.0000,0.0145,0.0000,-0.0159,0.000,32.41,32.0,3,2048
51119196,0.000,-0.132,0.0000,-0.0237,0.0000,-0.0280,0.000,32.41,32.0,3,2048
51119737,0.000,-0.132,0.0000,0.0237,0.0000,-0.0027,0.000,32.41,32.0,3,2048
51120889,0.000,-0.110,0.0000,-0.0343,0.0000,-0.0346,0.000,32.41,32.0,3,2048
51121867,0.000,-0.132,0.0000,-0.0542,0.0000,0.0192,0.000,32.41,32.0,3,2048
51122874,0.000,-0.110,0.0000,0.0679,0.0000,-0.0071,0.000,32.41,32.0,3,2048
51124199,0.000,-0.132,0.0000,-0.0145,0.0000,-0.0137,0.000,32.41,32.0,3,2048
51124778,0.000,-0.132,0.0000,-0.0526,0.0000,0.0148,0.000,32.41,32.0,3,2048
51125971,0.000,-0.110,0.0000,0.1213,0.0000,-0.0038,0.000,32.41,32.0,3,2048
51126865,0.000,-0.132,0.0000,-0.0679,0.0000,0.0148,0.000,32.41,32.0,3,2048
51127863,0.000,-0.110,0.0000,-0.0084,0.0000,-0.0093,0.000,32.41,32.0,3,2048
51129203,0.000,-0.132,0.0000,0.0298,0.0000,-0.0335,0.000,32.41,32.0,3,2048
51129943,0.000,-0.110,0.0000,0.0435,0.0000,0.0269,0.000,32.41,32.0,3,2048
51130918,0.000,-0.110,0.0000,-0.0069,0.0000,-0.0291,0.000,32.41,32.0,3,2048
51132238,0.000,-0.110,0.0000,0.0786,0.0000,0.0445,0.000,32.41,32.0,3,2048
51132585,0.000,-0.110,0.0000,0.0938,0.0000,-0.0115,0.000,32.41,32.0,3,2048
51133907,0.000,-0.110,0.0000,-0.0572,0.0000,-0.0148,0.000,32.41,32.0,3,2048
51134586,0.000,-0.110,0.0000,-0.0069,0.0000,0.0137,0.000,32.41,32.0,3,2048
51135910,0.000,-0.110,0.0000,0.0542,0.0000,-0.0181,0.000,32.41,32.0,3,2048
51136586,0.000,-0.110,0.0000,-0.0130,0.0000,-0.0313,0.000,32.41,32.0,3,2048
51137587,0.000,-0.110,0.0000,0.0099,0.0000,0.0060,0.000,32.41,32.0,3,2048
51138904,0.000,-0.110,0.0000,0.0237,0.0000,0.0159,0.000,32.41,32.0,3,2048
51139586,0.000,-0.110,0.0000,0.0191,0.0000,0.0005,0.000,32.41,32.0,3,2048
51140602,0.000,-0.110,0.0000,0.0191,0.0000,-0.0071,0.000,32.41,32.0,3,2048
51141556,0.000,-0.110,0.0000,-0.0359,0.0000,-0.0401,0.000,32.41,32.0,3,2048
51142603,0.000,-0.132,0.0000,-0.1183,0.0000,-0.0148,0.000,32.41,32.0,3,2048
51143922,0.000,-0.110,0.0000,0.1457,0.0000,-0.0093,0.000,32.41,32.0,3,2048
51144610,0.000,-0.132,0.0000,-0.0710,0.0000,0.0423,0.000,32.41,32.0,3,2048
51145614,0.000,-0.110,0.0000,-0.0389,0.0000,0.0093,0.000,32.41,32.0,3,2048
51146555,0.000,-0.110,0.0000,0.0801,0.0000,0.0214,0.000,32.41,32.0,3,2048
51147613,0.000,-0.110,0.0000,0.0420,0.0000,-0.0049,0.000,32.41,32.0,3,2048
51148886,0.000,-0.110,0.0000,-0.1015,0.0000,0.0247,0.000,32.41,32.0,3,2048
51149574,0.000,-0.110,0.0000,-0.0389,0.0000,-0.0599,0.000,32.41,32.0,3,2048
51150560,0.000,-0.110,0.0000,-0.0511,0.0000,0.0324,0.000,32.41,32.0,3,2048
51151923,0.000,-0.110,0.0000,0.1060,0.0000,-0.0225,0.000,32.41,32.0,3,2048
51152557,0.000,-0.110,0.0000,0.0877,0.0000,0.0104,0.000,32.41,32.0,3,2048
51153902,0.000,-0.110,0.0000,0.0633,0.0000,-0.0137,0.000,32.41,32.0,3,2048
51154557,0.000,-0.132,0.0000,-0.1030,0.0000,-0.0005,0.000,32.41,32.0,3,2048
51155932,0.000,-0.110,0.0000,0.0801,0.0000,0.0038,0.000,32.41,32.0,3,2048
51156563,0.000,-0.110,0.0000,-0.0191,0.0000,0.0456,0.000,32.41,32.0,3,2048
51157577,0.000,-0.132,0.0000,0.0648,0.0000,-0.0038,0.000,32.41,32.0,3,2048
51158873,0.000,-0.110,0.0000,0.0145,0.0000,-0.0060,0.000,32.41,32.0,3,2048
51159608,0.000,-0.110,0.0000,0.0130,0.0000,-0.0126,0.000,32.41,32.0,3,2048
51160561,0.000,-0.132,0.0000,-0.0526,0.0000,0.0137,0.000,32.41,32.0,3,2048
51161572,0.000,-0.110,0.0000,-0.0023,0.0000,0.0016,0.000,32.41,32.0,3,2048
51162555,0.000,-0.132,0.0000,-0.1793,0.0000,-0.0368,0.000,32.41,32.0,3,2048
51163927,0.000,-0.110,0.0000,-0.0191,0.0000,-0.0346,0.000,32.41,32.0,3,2048
51164563,0.000,-0.110,0.0000,-0.0816,0.0000,0.0313,0.000,32.41,32.0,3,2048
51165578,0.000,-0.110,0.0000,-0.0084,0.0000,-0.0060,0.000,32.41,32.0,3,2048
51166555,0.000,-0.132,0.0000,-0.0832,0.0000,0.0126,0.000,32.41,32.0,3,2048
51167604,0.000,-0.110,0.0000,0.0557,0.0000,-0.0126,0.000,32.41,32.0,3,2048
51168885,0.000,-0.132,0.0000,-0.0099,0.0000,-0.0082,0.000,32.41,32.0,3,2048
51169578,0.000,-0.132,0.0000,0.0206,0.0000,0.0280,0.000,32.41,32.0,3,2048
51170560,0.000,-0.110,0.0000,0.0954,0.0000,-0.0159,0.000,32.41,32.0,3,2048
51171918,0.000,-0.110,0.0000,0.0359,0.0000,0.0280,0.000,32.41,32.0,3,2048
51172561,0.000,-0.110,0.0000,0.0908,0.0000,0.0049,0.000,32.41,32.0,3,2048
51173899,0.000,-0.110,0.0000,0.0801,0.0000,0.0005,0.000,32.41,32.0,3,2048
51174561,0.000,-0.110,0.0000,-0.0084,0.0000,0.0214,0.000,32.41,32.0,3,2048
51176009,0.000,-0.110,0.0000,-0.0435,0.0000,-0.0005,0.000,32.41,32.0,3,2048
51176864,0.000,-0.132,0.0000,-0.0710,0.0000,-0.0104,0.000,32.41,32.0,3,2048
51177863,0.000,-0.110,0.0000,-0.0374,0.0000,0.0082,0.000,32.41,32.0,3,2048
51179188,0.000,-0.110,0.0000,-0.0237,0.0000,0.0357,0.000,32.41,32.0,3,2048
51179866,0.000,-0.110,0.0000,-0.0954,0.0000,-0.0093,0.000,32.41,32.0,3,2048
51180863,0.000,-0.110,0.0000,0.0847,0.0000,0.0126,0.000,32.41,32.0,3,2048
51181865,0.000,-0.110,0.0000,-0.0130,0.0000,0.0082,0.000,32.41,32.0,3,2048
51182940,0.000,-0.110,0.0000,0.0008,0.0000,-0.0247,0.000,32.41,32.0,3,2048
51184247,0.000,-0.132,0.0000,0.0298,0.0000,0.0049,0.000,32.41,32.0,3,2048
51184943,0.000,-0.110,0.0000,0.0847,0.0000,0.0236,0.000,32.41,32.0,3,2048
51185923,0.000,-0.110,0.0000,0.0008,0.0000,-0.0280,0.000,32.41,32.0,3,2048
51186915,0.000,-0.110,0.0000,0.0679,0.0000,0.0467,0.000,32.41,32.0,3,2048
51187920,0.000,-0.132,0.0000,-0.0938,0.0000,-0.0060,0.000,32.41,32.0,3,2048
51189246,0.000,-0.110,0.0000,0.0404,0.0000,-0.0313,0.000,32.41,32.0,3,2048
51189872,0.000,-0.110,0.0000,-0.0725,0.0000,-0.0049,0.000,32.41,32.0,3,2048
51190956,0.000,-0.110,0.0000,0.0130,0.0000,0.0159,0.000,32.41,32.0,3,2048
51192200,0.000,-0.132,0.0000,-0.0618,0.0000,-0.0170,0.000,32.41,32.0,3,2048
51192560,0.000,-0.132,0.0000,-0.1335,0.0000,0.0115,0.000,32.41,32.0,3,2048
51193876,0.000,-0.132,0.0000,-0.0298,0.0000,-0.0005,0.000,32.41,32.0,3,2048
51194620,0.000,-0.110,0.0000,0.1213,0.0000,0.0016,0.000,32.41,32.0,3,2048
51195911,0.000,-0.110,0.0000,0.0282,0.0000,-0.0478,0.000,32.41,32.0,3,2048
51196586,0.000,-0.132,0.0000,-0.1030,0.0000,0.0720,0.000,32.41,32.0,3,2048
51197585,0.000,-0.110,0.0000,0.0496,0.0000,-0.0335,0.000,32.41,32.0,3,2048
51198901,0.000,-0.110,0.0000,-0.0267,0.0000,-0.0005,0.000,32.41,32.0,3,2048
51199583,0.000,-0.132,0.0000,-0.0389,0.0000,-0.0082,0.000,32.41,32.0,3,2048
51200585,0.000,-0.110,0.0000,0.0267,0.0000,-0.0082,0.000,32.41,32.0,3,2048
51201580,0.000,-0.110,0.0000,-0.0008,0.0000,0.0236,0.000,32.41,32.0,3,2048
51202581,0.000,-0.110,0.0000,0.1564,0.0000,-0.0027,0.000,32.41,32.0,3,2048
51203912,0.000,-0.110,0.0000,-0.0237,0.0000,-0.0115,0.000,32.41,32.0,3,2048
51204559,0.000,-0.110,0.0000,-0.0038,0.0000,0.0368,0.000,32.41,32.0,3,2048
51205560,0.000,-0.132,0.0000,-0.0481,0.0000,0.0390,0.000,32.41,32.0,3,2048
51206601,0.000,-0.110,0.0000,-0.0114,0.0000,0.0126,0.000,32.41,32.0,3,2048
51207600,0.000,-0.110,0.0000,0.0023,0.0000,-0.0038,0.000,32.41,32.0,3,2048
51208925,0.000,-0.110,0.0000,0.0587,0.0000,-0.0258,0.000,32.41,32.0,3,2048
51209561,0.000,-0.132,0.0000,-0.0023,0.0000,0.0412,0.000,32.41,32.0,3,2048
51210623,0.000,-0.110,0.0000,0.0450,0.0000,-0.0412,0.000,32.41,32.0,3,2048
51211872,0.000,-0.110,0.0000,-0.0099,0.0000,0.0181,0.000,32.41,32.0,3,2048
51212572,0.000,-0.110,0.0000,-0.0710,0.0000,0.0313,0.000,32.41,32.0,3,2048
51213884,0.000,-0.110,0.0000,-0.0526,0.0000,0.0346,0.000,32.41,32.0,3,2048
51214610,0.000,-0.110,0.0000,0.0298,0.0000,-0.0071,0.000,32.41,32.0,3,2048
51215892,0.000,-0.132,0.0000,-0.1076,0.0000,0.0137,0.000,32.41,32.0,3,2048
51216572,0.000,-0.110,0.0000,0.0404,0.0000,-0.0258,0.000,32.41,32.0,3,2048
51217560,0.000,-0.110,0.0000,0.0130,0.0000,0.0269,0.000,32.41,32.0,3,2048
51218929,0.000,-0.132,0.0000,-0.0267,0.0000,0.0280,0.000,32.41,32.0,3,2048
51219562,0.000,-0.110,0.0000,0.1854,0.0000,-0.0104,0.000,32.41,32.0,3,2048
51220578,0.000,-0.110,0.0000,-0.0282,0.0000,0.0313,0.000,32.41,32.0,3,2048
51221555,0.000,-0.110,0.0000,-0.0343,0.0000,-0.0071,0.000,32.41,32.0,3,2048
51222607,0.000,-0.110,0.0000,-0.0114,0.0000,0.0093,0.000,32.41,32.0,3,2048
51223884,0.000,-0.110,0.0000,-0.0008,0.0000,-0.0280,0.000,32.41,32.0,3,2048
51224576,0.000,-0.110,0.0000,0.1152,0.0000,0.0203,0.000,32.41,32.0,3,2048
51225560,0.000,-0.110,0.0000,0.0038,0.0000,-0.0126,0.000,32.41,32.0,3,2048
51226679,0.000,-0.110,0.0000,-0.0114,0.0000,0.0181,0.000,32.41,32.0,3,2048
51227558,0.000,-0.110,0.0000,-0.0648,0.0000,-0.0126,0.000,32.41,32.0,3,2048
51228883,0.000,-0.110,0.0000,-0.0465,0.0000,-0.0456,0.000,32.41,32.0,3,2048
51229555,0.000,-0.132,0.0000,0.0557,0.0000,0.0060,0.000,32.41,32.0,3,2048
51230560,0.000,-0.110,0.0000,-0.0786,0.0000,-0.0038,0.000,32.41,32.0,3,2048
51231939,0.000,-0.110,0.0000,0.1060,0.0000,0.0445,0.000,32.41,32.0,3,2048
51232605,0.000,-0.110,0.0000,0.0038,0.0000,-0.0038,0.000,32.41,32.0,3,2048
51233928,0.000,-0.110,0.0000,0.0237,0.0000,0.0049,0.000,32.41,32.0,3,2048
51234588,0.000,-0.132,0.0000,0.0862,0.0000,-0.0016,0.000,32.41,32.0,3,2048
51235914,0.000,-0.110,0.0000,0.0999,0.0000,0.0291,0.000,32.41,32.0,3,2048
51236588,0.000,-0.110,0.0000,-0.0465,0.0000,-0.0027,0.000,32.41,32.0,3,2048
51237660,0.000,-0.110,0.0000,-0.1289,0.0000,-0.0159,0.000,32.41,32.0,3,2048
51238881,0.000,-0.110,0.0000,-0.0511,0.0000,0.0060,0.000,32.41,32.0,3,2048
51239557,0.000,-0.110,0.0000,0.0877,0.0000,-0.0104,0.000,32.41,32.0,3,2048
51240623,0.000,-0.110,0.0000,-0.0237,0.0000,0.0368,0.000,32.41,32.0,3,2048
51241589,0.000,-0.110,0.0000,0.0603,0.0000,-0.0071,0.000,32.41,32.0,3,2048
51242582,0.000,-0.110,0.0000,0.0420,0.0000,-0.0225,0.000,32.41,32.0,3,2048
51243901,0.000,-0.110,0.0000,0.0877,0.0000,0.0027,0.000,32.41,32.0,3,2048
51244588,0.000,-0.132,0.0000,0.0038,0.0000,0.0082,0.000,32.41,32.0,3,2048
51245587,0.000,-0.110,0.0000,0.0313,0.0000,-0.0258,0.000,32.41,32.0,3,2048
51246582,0.000,-0.132,0.0000,-0.0374,0.0000,-0.0148,0.000,32.41,32.0,3,2048
51247582,0.000,-0.110,0.0000,0.0801,0.0000,0.0346,0.000,32.41,32.0,3,2048
51248915,0.000,-0.110,0.0000,-0.0099,0.0000,0.0038,0.000,32.41,32.0,3,2048
51249558,0.000,-0.110,0.0000,0.0298,0.0000,0.0027,0.000,32.41,32.0,3,2048
51250560,0.000,-0.132,0.0000,0.0038,0.0000,0.0489,0.000,32.41,32.0,3,2048
51251922,0.000,-0.132,0.0000,-0.0053,0.0000,0.0082,0.000,32.41,32.0,3,2048
51252604,0.000,-0.132,0.0000,0.0069,0.0000,0.0126,0.000,32.41,32.0,3,2048
51253923,0.000,-0.110,0.0000,-0.0237,0.0000,0.0049,0.000,32.41,32.0,3,2048
51254613,0.000,-0.110,0.0000,0.0450,0.0000,0.0258,0.000,32.41,32.0,3,2048
51255887,0.000,-0.110,0.0000,0.0633,0.0000,0.0192,0.000,32.41,32.0,3,2048
51256617,0.000,-0.132,0.0000,-0.1274,0.0000,-0.0313,0.000,32.41,32.0,3,2048
51257561,0.000,-0.110,0.0000,0.0526,0.0000,-0.0115,0.000,32.41,32.0,3,2048
51258899,0.000,-0.110,0.0000,-0.0221,0.0000,-0.0082,0.000,32.41,32.0,3,2048
51259555,0.000,-0.132,0.0000,0.0099,0.0000,-0.0313,0.000,32.41,32.0,3,2048
51260616,0.000,-0.132,0.0000,0.0313,0.0000,-0.0049,0.000,32.41,32.0,3,2048
51261556,0.000,-0.110,0.0000,0.0313,0.0000,0.0390,0.000,32.41,32.0,3,2048
51262572,0.000,-0.132,0.0000,-0.0313,0.0000,-0.0390,0.000,32.41,32.0,3,2048
51263882,0.000,-0.110,0.0000,-0.0114,0.0000,0.0049,0.000,32.41,32.0,3,2048
51264611,0.000,-0.110,0.0000,0.0343,0.0000,-0.0335,0.000,32.41,32.0,3,2048
51265561,0.000,-0.110,0.0000,0.0893,0.0000,0.0071,0.000,32.41,32.0,3,2048
51266572,0.000,-0.110,0.0000,-0.1167,0.0000,0.0269,0.000,32.41,32.0,3,2048
51267555,0.000,-0.110,0.0000,0.0908,0.0000,0.0060,0.000,32.41,32.0,3,2048
51268926,0.000,-0.132,0.0000,-0.0420,0.0000,-0.0071,0.000,32.41,32.0,3,2048
51269561,0.000,-0.132,0.0000,-0.1183,0.0000,-0.0082,0.000,32.41,32.0,3,2048
51270578,0.000,-0.110,0.0000,0.1106,0.0000,0.0115,0.000,32.41,32.0,3,2048
51271868,0.000,-0.110,0.0000,0.0832,0.0000,-0.0192,0.000,32.41,32.0,3,2048
51272609,0.000,-0.110,0.0000,-0.0481,0.0000,0.0489,0.000,32.41,32.0,3,2048
51273883,0.000,-0.110,0.0000,0.0038,0.0000,0.0566,0.000,32.41,32.0,3,2048
51274576,0.000,-0.110,0.0000,0.0175,0.0000,0.0280,0.000,32.41,32.0,3,2048
51275880,0.000,-0.110,0.0000,-0.0755,0.0000,-0.0236,0.000,32.41,32.0,3,2048
51276682,0.000,-0.132,0.0000,-0.0374,0.0000,0.0093,0.000,32.41,32.0,3,2048
51277562,0.000,-0.132,0.0000,-0.0221,0.0000,0.0137,0.000,32.41,32.0,3,2048
51278883,0.000,-0.110,0.0000,0.1183,0.0000,-0.0049,0.000,32.41,32.0,3,2048
51279556,0.000,-0.132,0.0000,0.0053,0.0000,0.0247,0.000,32.41,32.0,3,2048
51280560,0.000,-0.110,0.0000,0.0328,0.0000,0.0181,0.000,32.41,32.0,3,2048
51281618,0.000,-0.110,0.0000,-0.0084,0.0000,-0.0269,0.000,32.41,32.0,3,2048
51282613,0.000,-0.110,0.0000,0.0145,0.0000,0.0060,0.000,32.41,32.0,3,2048
51283909,0.000,-0.110,0.0000,-0.0481,0.0000,-0.0027,0.000,32.41,32.0,3,2048
51284588,0.000,-0.110,0.0000,0.0206,0.0000,-0.0038,0.000,32.41,32.0,3,2048
51285591,0.000,-0.110,0.0000,0.0740,0.0000,-0.0203,0.000,32.41,32.0,3,2048
51286635,0.000,-0.110,0.0000,-0.1366,0.0000,0.0071,0.000,32.41,32.0,3,2048
51287601,0.000,-0.110,0.0000,-0.0023,0.0000,-0.0060,0.000,32.41,32.0,3,2048
51288882,0.000,-0.110,0.0000,0.0114,0.0000,0.0280,0.000,32.41,32.0,3,2048
51289620,0.000,-0.110,0.0000,0.0130,0.0000,0.0016,0.000,32.41,32.0,3,2048
51290587,0.000,-0.110,0.0000,0.1213,0.0000,0.0577,0.000,32.41,32.0,3,2048
51291901,0.000,-0.110,0.0000,-0.0008,0.0000,-0.0126,0.000,32.41,32.0,3,2048
51292581,0.000,-0.110,0.0000,0.0526,0.0000,0.0302,0.000,32.41,32.0,3,2048
51293901,0.000,-0.110,0.0000,0.0908,0.0000,0.0214,0.000,32.41,32.0,3,2048
51294583,0.000,-0.110,0.0000,0.0160,0.0000,-0.0236,0.000,32.41,32.0,3,2048
51295908,0.000,-0.110,0.0000,-0.1015,0.0000,0.0401,0.000,32.41,32.0,3,2048
51296583,0.000,-0.110,0.0000,0.1320,0.0000,-0.0104,0.000,32.41,32.0,3,2048
51297586,0.000,-0.110,0.0000,0.1625,0.0000,-0.0192,0.000,32.41,32.0,3,2048
51298901,0.000,-0.110,0.0000,-0.1411,0.0000,0.0159,0.000,32.41,32.0,3,2048
51299590,0.000,-0.132,0.0000,-0.0694,0.0000,-0.0038,0.000,32.41,32.0,3,2048
51300562,0.000,-0.110,0.0000,0.1396,0.0000,-0.0324,0.000,32.41,32.0,3,2048
51301602,0.000,-0.110,0.0000,0.0755,0.0000,0.0093,0.000,32.41,32.0,3,2048
51302605,0.000,-0.110,0.0000,0.0420,0.0000,0.0049,0.000,32.41,32.0,3,2048
51303922,0.000,-0.132,0.0000,-0.0587,0.0000,0.0082,0.000,32.41,32.0,3,2048
51304611,0.000,-0.132,0.0000,-0.0984,0.0000,0.0093,0.000,32.41,32.0,3,2048
51305560,0.000,-0.110,0.0000,-0.0328,0.0000,-0.0533,0.000,32.41,32.0,3,2048
51306616,0.000,-0.110,0.0000,0.0267,0.0000,-0.0203,0.000,32.41,32.0,3,2048
51307557,0.000,-0.132,0.0000,0.0359,0.0000,0.0632,0.000,32.41,32.0,3,2048
51308901,0.000,-0.110,0.0000,0.1152,0.0000,-0.0137,0.000,32.41,32.0,3,2048
51309557,0.000,-0.132,0.0000,-0.1579,0.0000,-0.0126,0.000,32.41,32.0,3,2048
51310612,0.000,-0.110,0.0000,0.1381,0.0000,0.0137,0.000,32.41,32.0,3,2048
51311872,0.000,-0.110,0.0000,-0.0359,0.0000,-0.0148,0.000,32.41,32.0,3,2048
51312574,0.000,-0.110,0.0000,0.0465,0.0000,-0.0225,0.000,32.41,32.0,3,2048
51313883,0.000,-0.110,0.0000,-0.0298,0.0000,-0.0280,0.000,32.41,32.0,3,2048
51314609,0.000,-0.132,0.0000,-0.0984,0.0000,0.0071,0.000,32.41,32.0,3,2048
51315891,0.000,-0.110,0.0000,0.0755,0.0000,0.0038,0.000,32.41,32.0,3,2048
51316572,0.000,-0.110,0.0000,0.0343,0.0000,-0.0445,0.000,32.41,32.0,3,2048
51317560,0.000,-0.110,0.0000,-0.0359,0.0000,0.0577,0.000,32.41,32.0,3,2048
51318925,0.000,-0.110,0.0000,0.0114,0.0000,-0.0181,0.000,32.41,32.0,3,2048
51319564,0.000,-0.110,0.0000,-0.0191,0.0000,-0.0170,0.000,32.41,32.0,3,2048
51320577,0.000,-0.110,0.0000,0.0298,0.0000,-0.0071,0.000,32.41,32.0,3,2048
51321555,0.000,-0.110,0.0000,-0.0389,0.0000,0.0335,0.000,32.41,32.0,3,2048
51322603,0.000,-0.110,0.0000,0.0114,0.0000,-0.0049,0.000,32.41,32.0,3,2048
51323886,0.000,-0.110,0.0000,-0.0603,0.0000,0.0181,0.000,32.41,32.0,3,2048
51324578,0.000,-0.110,0.0000,-0.1152,0.0000,-0.0170,0.000,32.41,32.0,3,2048
51325560,0.000,-0.110,0.0000,-0.0618,0.0000,-0.0005,0.000,32.41,32.0,3,2048
51326603,0.000,-0.110,0.0000,0.0496,0.0000,-0.0291,0.000,32.41,32.0,3,2048
51327561,0.000,-0.132,0.0000,-0.1076,0.0000,0.0038,0.000,32.41,32.0,3,2048
51328995,0.000,-0.110,0.0000,0.0267,0.0000,0.0137,0.000,32.41,32.0,3,2048
51329560,0.000,-0.110,0.0000,-0.1930,0.0000,-0.0291,0.000,32.41,32.0,3,2048
51330560,0.000,-0.110,0.0000,-0.0069,0.0000,0.0269,0.000,32.41,32.0,3,2048
51331872,0.000,-0.110,0.0000,0.0328,0.0000,0.0060,0.000,32.41,32.0,3,2048
51332556,0.000,-0.132,0.0000,-0.0084,0.0000,-0.0027,0.000,32.41,32.0,3,2048
51333942,0.000,-0.132,0.0000,-0.0511,0.0000,0.0093,0.000,32.41,32.0,3,2048
51334585,0.000,-0.132,0.0000,-0.1137,0.0000,-0.0071,0.000,32.41,32.0,3,2048
51335947,0.000,-0.110,0.0000,0.0572,0.0000,0.0005,0.000,32.41,32.0,3,2048
51336589,0.000,-0.110,0.0000,0.0420,0.0000,-0.0005,0.000,32.41,32.0,3,2048
51337592,0.000,-0.132,0.0000,-0.0237,0.0000,0.0093,0.000,32.41,32.0,3,2048
51338955,0.000,-0.132,0.0000,-0.0465,0.0000,-0.0016,0.000,32.41,32.0,3,2048
51339597,0.000,-0.110,0.0000,0.0999,0.0000,-0.0071,0.000,32.41,32.0,3,2048
51340562,0.000,-0.110,0.0000,-0.0252,0.0000,0.0379,0.000,32.41,32.0,3,2048
51341615,0.000,-0.132,0.0000,-0.0435,0.0000,-0.0313,0.000,32.41,32.0,3,2048
51342585,0.000,-0.110,0.0000,0.0450,0.0000,0.0434,0.000,32.41,32.0,3,2048
51343901,0.000,-0.132,0.0000,-0.0618,0.0000,-0.0126,0.000,32.41,32.0,3,2048
51344585,0.000,-0.110,0.0000,0.0786,0.0000,0.0445,0.000,32.41,32.0,3,2048
51345585,0.000,-0.132,0.0000,0.0038,0.0000,-0.0302,0.000,32.41,32.0,3,2048
51346580,0.000,-0.110,0.0000,0.1671,0.0000,0.0049,0.000,32.41,32.0,3,2048
51347581,0.000,-0.110,0.0000,0.1167,0.0000,0.0280,0.000,32.41,32.0,3,2048
51348899,0.000,-0.110,0.0000,0.0221,0.0000,-0.0038,0.000,32.41,32.0,3,2048
51349585,0.000,-0.110,0.0000,0.0587,0.0000,-0.0291,0.000,32.41,32.0,3,2048
51350599,0.000,-0.110,0.0000,0.1396,0.0000,0.0467,0.000,32.41,32.0,3,2048
51351874,0.000,-0.110,0.0000,0.0557,0.0000,-0.0159,0.000,32.41,32.0,3,2048
51352556,0.000,-0.132,0.0000,-0.0420,0.0000,0.0236,0.000,32.41,32.0,3,2048
51353921,0.000,-0.132,0.0000,-0.0694,0.0000,0.0247,0.000,32.41,32.0,3,2048
51354607,0.000,-0.110,0.0000,-0.0572,0.0000,0.0489,0.000,32.41,32.0,3,2048
51355928,0.000,-0.110,0.0000,0.0084,0.0000,-0.0060,0.000,32.41,32.0,3,2048
51356610,0.000,-0.110,0.0000,-0.0084,0.0000,0.0258,0.000,32.41,32.0,3,2048
51357560,0.000,-0.132,0.0000,-0.1015,0.0000,-0.0291,0.000,32.41,32.0,3,2048
51358934,0.000,-0.110,0.0000,-0.0008,0.0000,0.0159,0.000,32.41,32.0,3,2048
51359564,0.000,-0.132,0.0000,-0.1122,0.0000,0.0071,0.000,32.41,32.0,3,2048
51360577,0.000,-0.132,0.0000,-0.0450,0.0000,-0.0093,0.000,32.41,32.0,3,2048
51361555,0.000,-0.110,0.0000,-0.0267,0.0000,0.0148,0.000,32.41,32.0,3,2048
51362604,0.000,-0.110,0.0000,-0.0374,0.0000,-0.0357,0.000,32.41,32.0,3,2048
51363884,0.000,-0.110,0.0000,0.0359,0.0000,-0.0093,0.000,32.41,32.0,3,2048
51364578,0.000,-0.110,0.0000,0.0160,0.0000,-0.0082,0.000,32.41,32.0,3,2048
51365560,0.000,-0.110,0.0000,-0.0816,0.0000,0.0071,0.000,32.41,32.0,3,2048
51366604,0.000,-0.110,0.0000,0.0008,0.0000,-0.0060,0.000,32.41,32.0,3,2048
51367561,0.000,-0.110,0.0000,0.0664,0.0000,-0.0038,0.000,32.41,32.0,3,2048
51368897,0.000,-0.110,0.0000,0.0572,0.0000,-0.0324,0.000,32.41,32.0,3,2048
51369561,0.000,-0.132,0.0000,-0.1305,0.0000,0.0159,0.000,32.41,32.0,3,2048
51370609,0.000,-0.132,0.0000,-0.0755,0.0000,-0.0093,0.000,32.41,32.0,3,2048
51371875,0.000,-0.110,0.0000,0.0160,0.0000,-0.0115,0.000,32.41,32.0,3,2048
51372574,0.000,-0.110,0.0000,-0.0053,0.0000,-0.0027,0.000,32.41,32.0,3,2048
51373878,0.000,-0.110,0.0000,0.0084,0.0000,-0.0016,0.000,32.41,32.0,3,2048
51374610,0.000,-0.110,0.0000,0.0435,0.0000,-0.0148,0.000,32.41,32.0,3,2048
51375886,0.000,-0.110,0.0000,-0.0587,0.0000,0.0247,0.000,32.41,32.0,3,2048
51376572,0.000,-0.110,0.0000,-0.0359,0.0000,0.0005,0.000,32.41,32.0,3,2048
51377560,0.000,-0.110,0.0000,0.0389,0.0000,0.0071,0.000,32.41,32.0,3,2048
51379003,0.000,-0.110,0.0000,-0.0099,0.0000,0.0291,0.000,32.41,32.0,3,2048
51379563,0.000,-0.110,0.0000,0.0481,0.0000,-0.0082,0.000,32.41,32.0,3,2048
51380560,0.000,-0.132,0.0000,-0.0862,0.0000,-0.0115,0.000,32.41,32.0,3,2048
51381555,0.000,-0.110,0.0000,-0.0130,0.0000,0.0082,0.000,32.41,32.0,3,2048
51382555,0.000,-0.110,0.0000,0.0084,0.0000,0.0071,0.000,32.41,32.0,3,2048
51383935,0.000,-0.110,0.0000,0.0023,0.0000,-0.0027,0.000,32.41,32.0,3,2048
51384626,0.000,-0.110,0.0000,0.0008,0.0000,-0.0027,0.000,32.41,32.0,3,2048
51385590,0.000,-0.132,0.0000,-0.0816,0.0000,-0.0159,0.000,32.41,32.0,3,2048
51386586,0.000,-0.110,0.0000,-0.0313,0.0000,0.0126,0.000,32.41,32.0,3,2048
51387586,0.000,-0.132,0.0000,-0.0954,0.0000,-0.0148,0.000,32.41,32.0,3,2048
51388973,0.000,-0.132,0.0000,-0.0343,0.0000,-0.0038,0.000,32.41,32.0,3,2048
51389563,0.000,-0.110,0.0000,0.0114,0.0000,-0.0148,0.000,32.41,32.0,3,2048
51390560,0.000,-0.110,0.0000,0.0984,0.0000,-0.0038,0.000,32.41,32.0,3,2048
51391935,0.000,-0.132,0.0000,-0.1030,0.0000,0.0313,0.000,32.41,32.0,3,2048
51392585,0.000,-0.110,0.0000,0.0465,0.0000,-0.0236,0.000,32.41,32.0,3,2048
51393905,0.000,-0.132,0.0000,0.0481,0.0000,-0.0269,0.000,32.41,32.0,3,2048
51394588,0.000,-0.110,0.0000,0.0221,0.0000,-0.0126,0.000,32.41,32.0,3,2048
51395909,0.000,-0.132,0.0000,-0.1228,0.0000,-0.0016,0.000,32.41,32.0,3,2048
51396588,0.000,-0.110,0.0000,0.0313,0.0000,0.0181,0.000,32.41,32.0,3,2048
51397587,0.000,-0.132,0.0000,-0.0298,0.0000,-0.0280,0.000,32.41,32.0,3,2048
51398902,0.000,-0.132,0.0000,-0.0725,0.0000,0.0060,0.000,32.41,32.0,3,2048
51399589,0.000,-0.132,0.0000,-0.0053,0.0000,-0.0511,0.000,32.41,32.0,3,2048
51400599,0.000,-0.110,0.0000,0.1259,0.0000,0.0049,0.000,32.41,32.0,3,2048
51401558,0.000,-0.110,0.0000,0.0313,0.0000,0.0335,0.000,32.41,32.0,3,2048
51402555,0.000,-0.110,0.0000,0.0587,0.0000,0.0038,0.000,32.41,32.0,3,2048
51403926,0.000,-0.110,0.0000,-0.0557,0.0000,-0.0357,0.000,32.41,32.0,3,2048
51404610,0.000,-0.132,0.0000,-0.1122,0.0000,-0.0302,0.000,32.41,32.0,3,2048
51405614,0.000,-0.110,0.0000,0.0069,0.0000,0.0434,0.000,32.41,32.0,3,2048
51406559,0.000,-0.110,0.0000,0.0099,0.0000,-0.0060,0.000,32.41,32.0,3,2048
51407616,0.000,-0.110,0.0000,0.0450,0.0000,0.0126,0.000,32.41,32.0,3,2048
51408885,0.000,-0.110,0.0000,0.0908,0.0000,0.0159,0.000,32.41,32.0,3,2048
51409574,0.000,-0.110,0.0000,-0.0404,0.0000,-0.0159,0.000,32.41,32.0,3,2048
51410560,0.000,-0.110,0.0000,-0.0191,0.0000,-0.0038,0.000,32.41,32.0,3,2048
51411921,0.000,-0.110,0.0000,-0.0664,0.0000,-0.0082,0.000,32.41,32.0,3,2048
51412557,0.000,-0.132,0.0000,-0.0557,0.0000,-0.0269,0.000,32.41,32.0,3,2048
51413901,0.000,-0.132,0.0000,-0.1564,0.0000,-0.0225,0.000,32.41,32.0,3,2048
51414557,0.000,-0.110,0.0000,0.0404,0.0000,-0.0137,0.000,32.41,32.0,3,2048
51415933,0.000,-0.110,0.0000,0.0069,0.0000,0.0379,0.000,32.41,32.0,3,2048
51416563,0.000,-0.110,0.0000,-0.0526,0.0000,-0.0181,0.000,32.41,32.0,3,2048
51417578,0.000,-0.110,0.0000,-0.0389,0.0000,0.0016,0.000,32.41,32.0,3,2048
51418874,0.000,-0.110,0.0000,0.0206,0.0000,-0.0005,0.000,32.41,32.0,3,2048
51419608,0.000,-0.110,0.0000,0.0816,0.0000,0.0335,0.000,32.41,32.0,3,2048
51420561,0.000,-0.110,0.0000,-0.0206,0.0000,0.0027,0.000,32.41,32.0,3,2048
51421572,0.000,-0.110,0.0000,-0.0191,0.0000,0.0137,0.000,32.41,32.0,3,2048
51422555,0.000,-0.110,0.0000,0.0526,0.0000,-0.0313,0.000,32.41,32.0,3,2048
51423926,0.000,-0.132,0.0000,-0.1106,0.0000,0.0456,0.000,32.41,32.0,3,2048
51424563,0.000,-0.110,0.0000,-0.0175,0.0000,-0.0214,0.000,32.41,32.0,3,2048
51425577,0.000,-0.110,0.0000,0.0648,0.0000,0.0104,0.000,32.41,32.0,3,2048
51426555,0.000,-0.110,0.0000,0.0526,0.0000,0.0093,0.000,32.41,32.0,3,2048
51427604,0.000,-0.110,0.0000,-0.0481,0.0000,0.0192,0.000,32.41,32.0,3,2048
51428885,0.000,-0.110,0.0000,-0.0542,0.0000,0.0379,0.000,32.41,32.0,3,2048
51429676,0.000,-0.110,0.0000,0.0206,0.0000,-0.0302,0.000,32.41,32.0,3,2048
51430561,0.000,-0.110,0.0000,-0.0237,0.0000,0.0368,0.000,32.41,32.0,3,2048
51431874,0.000,-0.132,0.0000,0.0145,0.0000,0.0049,0.000,32.41,32.0,3,2048
51432556,0.000,-0.110,0.0000,0.0710,0.0000,0.0016,0.000,32.41,32.0,3,2048
51433881,0.000,-0.110,0.0000,0.0191,0.0000,-0.0082,0.000,32.41,32.0,3,2048
51434621,0.000,-0.132,0.0000,-0.0938,0.0000,-0.0093,0.000,32.41,32.0,3,2048
51435914,0.000,-0.110,0.0000,-0.0618,0.0000,0.0016,0.000,32.41,32.0,3,2048
51436626,0.000,-0.110,0.0000,0.0633,0.0000,0.0148,0.000,32.41,32.0,3,2048
51437592,0.000,-0.110,0.0000,-0.0023,0.0000,-0.0016,0.000,32.41,32.0,3,2048
51438906,0.000,-0.110,0.0000,0.1152,0.0000,0.0038,0.000,32.41,32.0,3,2048
51439588,0.000,-0.132,0.0000,-0.0221,0.0000,-0.0412,0.000,32.41,32.0,3,2048
51440659,0.000,-0.110,0.0000,0.0526,0.0000,0.0269,0.000,32.41,32.0,3,2048
51441555,0.000,-0.110,0.0000,0.0160,0.0000,-0.0258,0.000,32.41,32.0,3,2048
51442614,0.000,-0.110,0.0000,-0.0420,0.0000,0.0159,0.000,32.41,32.0,3,2048
51443907,0.000,-0.110,0.0000,0.0160,0.0000,0.0005,0.000,32.41,32.0,3,2048
51444590,0.000,-0.110,0.0000,0.0328,0.0000,0.0225,0.000,32.41,32.0,3,2048
51445587,0.000,-0.110,0.0000,0.0084,0.0000,-0.0236,0.000,32.41,32.0,3,2048
51446582,0.000,-0.110,0.0000,0.0282,0.0000,0.0082,0.000,32.41,32.0,3,2048
51447582,0.000,-0.110,0.0000,0.0435,0.0000,-0.0148,0.000,32.41,32.0,3,2048
51448901,0.000,-0.110,0.0000,0.0053,0.0000,0.0170,0.000,32.41,32.0,3,2048
51449588,0.000,-0.110,0.0000,0.0282,0.0000,-0.0060,0.000,32.41,32.0,3,2048
51450587,0.000,-0.110,0.0000,0.0603,0.0000,0.0005,0.000,32.41,32.0,3,2048
51451913,0.000,-0.110,0.0000,0.0145,0.0000,0.0137,0.000,32.41,32.0,3,2048
51452559,0.000,-0.110,0.0000,0.0633,0.0000,-0.0005,0.000,32.41,32.0,3,2048
51453879,0.000,-0.110,0.0000,0.0694,0.0000,-0.0049,0.000,32.41,32.0,3,2048
51454607,0.000,-0.110,0.0000,-0.0740,0.0000,0.0456,0.000,32.41,32.0,3,2048
51455930,0.000,-0.132,0.0000,0.0160,0.0000,-0.0203,0.000,32.41,32.0,3,2048
51456610,0.000,-0.110,0.0000,-0.0145,0.0000,-0.0159,0.000,32.41,32.0,3,2048
51457614,0.000,-0.110,0.0000,-0.0237,0.0000,0.0049,0.000,32.41,32.0,3,2048
51458881,0.000,-0.132,0.0000,-0.0557,0.0000,0.0247,0.000,32.41,32.0,3,2048
51459615,0.000,-0.110,0.0000,0.0618,0.0000,0.0401,0.000,32.41,32.0,3,2048
51460562,0.000,-0.110,0.0000,0.0206,0.0000,-0.0148,0.000,32.41,32.0,3,2048
51461572,0.000,-0.110,0.0000,-0.0740,0.0000,0.0170,0.000,32.41,32.0,3,2048
51462555,0.000,-0.110,0.0000,-0.0191,0.0000,-0.0049,0.000,32.41,32.0,3,2048
51463926,0.000,-0.110,0.0000,0.0725,0.0000,0.0126,0.000,32.41,32.0,3,2048
51464562,0.000,-0.110,0.0000,-0.0252,0.0000,0.0049,0.000,32.41,32.0,3,2048
51465577,0.000,-0.110,0.0000,-0.0237,0.0000,-0.0269,0.000,32.41,32.0,3,2048
51466555,0.000,-0.110,0.0000,0.0542,0.0000,0.0071,0.000,32.41,32.0,3,2048
51467607,0.000,-0.110,0.0000,0.0023,0.0000,0.0082,0.000,32.41,32.0,3,2048
51468884,0.000,-0.110,0.0000,0.0465,0.0000,0.0170,0.000,32.41,32.0,3,2048
51469576,0.000,-0.110,0.0000,-0.0557,0.0000,0.0302,0.000,32.41,32.0,3,2048
51470560,0.000,-0.110,0.0000,-0.0572,0.0000,0.0005,0.000,32.41,32.0,3,2048
51471921,0.000,-0.110,0.0000,0.0999,0.0000,-0.0071,0.000,32.41,32.0,3,2048
51472562,0.000,-0.110,0.0000,-0.0328,0.0000,0.0093,0.000,32.41,32.0,3,2048
51473897,0.000,-0.110,0.0000,-0.0389,0.0000,0.0181,0.000,32.41,32.0,3,2048
51474558,0.000,-0.110,0.0000,0.1350,0.0000,0.0346,0.000,32.41,32.0,3,2048
51475932,0.000,-0.110,0.0000,-0.1015,0.0000,-0.0115,0.000,32.41,32.0,3,2048
51476558,0.000,-0.110,0.0000,-0.0771,0.0000,0.0511,0.000,32.41,32.0,3,2048
51477577,0.000,-0.110,0.0000,0.1335,0.0000,-0.0511,0.000,32.41,32.0,3,2048
51478877,0.000,-0.110,0.0000,-0.0313,0.0000,0.0258,0.000,32.41,32.0,3,2048
51479682,0.000,-0.110,0.0000,-0.0130,0.0000,0.0159,0.000,32.41,32.0,3,2048
51480562,0.000,-0.110,0.0000,0.0145,0.0000,-0.0148,0.000,32.41,32.0,3,2048
51481555,0.000,-0.110,0.0000,-0.0435,0.0000,0.0126,0.000,32.41,32.0,3,2048
51482555,0.000,-0.110,0.0000,-0.0481,0.0000,-0.0159,0.000,32.41,32.0,3,2048
51483882,0.000,-0.132,0.0000,-0.0755,0.0000,0.0170,0.000,32.41,32.0,3,2048
51484620,0.000,-0.110,0.0000,0.1671,0.0000,0.0192,0.000,32.41,32.0,3,2048
51485625,0.000,-0.110,0.0000,-0.0221,0.0000,0.0049,0.000,32.41,32.0,3,2048
51486585,0.000,-0.110,0.0000,0.0175,0.0000,0.0148,0.000,32.41,32.0,3,2048
51487585,0.000,-0.110,0.0000,-0.0282,0.0000,-0.0214,0.000,32.41,32.0,3,2048
51488906,0.000,-0.110,0.0000,0.0313,0.0000,-0.0038,0.000,32.41,32.0,3,2048
51489656,0.000,-0.110,0.0000,0.0084,0.0000,0.0060,0.000,32.41,32.0,3,2048
51490562,0.000,-0.110,0.0000,0.0237,0.0000,-0.0060,0.000,32.41,32.0,3,2048
51491875,0.000,-0.110,0.0000,-0.0084,0.0000,-0.0203,0.000,32.41,32.0,3,2048
51492618,0.000,-0.110,0.0000,0.0740,0.0000,0.0093,0.000,32.41,32.0,3,2048
51493907,0.000,-0.132,0.0000,0.0435,0.0000,0.0005,0.000,32.41,32.0,3,2048
51494589,0.000,-0.110,0.0000,0.0008,0.0000,0.0104,0.000,32.41,32.0,3,2048
51495909,0.000,-0.110,0.0000,-0.0923,0.0000,-0.0203,0.000,32.41,32.0,3,2048
51496587,0.000,-0.110,0.0000,-0.0603,0.0000,-0.0038,0.000,32.41,32.0,3,2048
51497587,0.000,-0.110,0.0000,0.0465,0.0000,-0.0071,0.000,32.41,32.0,3,2048
51498903,0.000,-0.132,0.0000,0.0084,0.0000,0.0049,0.000,32.41,32.0,3,2048
51499586,0.000,-0.110,0.0000,0.0328,0.0000,0.0038,0.000,32.41,32.0,3,2048
51500589,0.000,-0.110,0.0000,0.0175,0.0000,0.0005,0.000,32.41,32.0,3,2048
51501595,0.000,-0.132,0.0000,-0.1457,0.0000,0.0357,0.000,32.41,32.0,3,2048
51502557,0.000,-0.110,0.0000,-0.0420,0.0000,-0.0115,0.000,32.41,32.0,3,2048
51503879,0.000,-0.110,0.0000,-0.0145,0.0000,-0.0038,0.000,32.41,32.0,3,2048
51504607,0.000,-0.110,0.0000,-0.0282,0.0000,0.0126,0.000,32.41,32.0,3,2048
51505612,0.000,-0.110,0.0000,-0.0679,0.0000,-0.0280,0.000,32.41,32.0,3,2048
51506607,0.000,-0.132,0.0000,-0.0526,0.0000,0.0192,0.000,32.41,32.0,3,2048
51507606,0.000,-0.110,0.0000,0.1198,0.0000,0.0214,0.000,32.41,32.0,3,2048
51508882,0.000,-0.110,0.0000,-0.0389,0.0000,0.0093,0.000,32.41,32.0,3,2048
51509618,0.000,-0.132,0.0000,-0.0359,0.0000,-0.0236,0.000,32.41,32.0,3,2048
51510561,0.000,-0.110,0.0000,0.0084,0.0000,0.0104,0.000,32.41,32.0,3,2048
51511886,0.000,-0.110,0.0000,0.0618,0.0000,-0.0137,0.000,32.41,32.0,3,2048
51512556,0.000,-0.110,0.0000,0.1610,0.0000,0.0181,0.000,32.41,32.0,3,2048
51513928,0.000,-0.110,0.0000,0.1686,0.0000,0.0016,0.000,32.41,32.0,3,2048
51514561,0.000,-0.110,0.0000,-0.0130,0.0000,0.0126,0.000,32.41,32.0,3,2048
51515899,0.000,-0.132,0.0000,-0.0633,0.0000,-0.0005,0.000,32.41,32.0,3,2048
51516559,0.000,-0.110,0.0000,0.0328,0.0000,-0.0016,0.000,32.41,32.0,3,2048
51517612,0.000,-0.110,0.0000,0.0694,0.0000,0.0016,0.000,32.41,32.0,3,2048
51518885,0.000,-0.132,0.0000,-0.1076,0.0000,0.0060,0.000,32.41,32.0,3,2048
51519576,0.000,-0.110,0.0000,0.0862,0.0000,0.0005,0.000,32.41,32.0,3,2048
51520560,0.000,-0.110,0.0000,-0.0008,0.0000,-0.0104,0.000,32.41,32.0,3,2048
51521607,0.000,-0.110,0.0000,-0.0160,0.0000,0.0093,0.000,32.41,32.0,3,2048
51522559,0.000,-0.110,0.0000,0.0710,0.0000,0.0093,0.000,32.41,32.0,3,2048
51523898,0.000,-0.132,0.0000,-0.0771,0.0000,0.0269,0.000,32.41,32.0,3,2048
51524558,0.000,-0.110,0.0000,-0.0404,0.0000,-0.0214,0.000,32.41,32.0,3,2048
51525612,0.000,-0.132,0.0000,-0.0282,0.0000,-0.0005,0.000,32.41,32.0,3,2048
51526559,0.000,-0.132,0.0000,-0.0542,0.0000,-0.0170,0.000,32.41,32.0,3,2048
51527572,0.000,-0.110,0.0000,0.0359,0.0000,0.0313,0.000,32.41,32.0,3,2048
51528880,0.000,-0.110,0.0000,-0.0069,0.0000,-0.0192,0.000,32.41,32.0,3,2048
51529680,0.000,-0.110,0.0000,-0.0023,0.0000,-0.0236,0.000,32.41,32.0,3,2048
51530562,0.000,-0.132,0.0000,-0.1137,0.0000,-0.0016,0.000,32.41,32.0,3,2048
51531875,0.000,-0.132,0.0000,-0.0267,0.0000,0.0104,0.000,32.41,32.0,3,2048
51532556,0.000,-0.110,0.0000,0.0740,0.0000,-0.0379,0.000,32.41,32.0,3,2048
51533879,0.000,-0.110,0.0000,0.0130,0.0000,-0.0302,0.000,32.41,32.0,3,2048
51534621,0.000,-0.110,0.0000,0.0221,0.0000,-0.0082,0.000,32.41,32.0,3,2048
51535912,0.000,-0.110,0.0000,0.0221,0.0000,0.0093,0.000,32.41,32.0,3,2048
51536628,0.000,-0.110,0.0000,-0.1625,0.0000,0.0522,0.000,32.41,32.0,3,2048
51537592,0.000,-0.110,0.0000,-0.1030,0.0000,-0.0170,0.000,32.41,32.0,3,2048
51538905,0.000,-0.110,0.0000,0.0023,0.0000,-0.0203,0.000,32.41,32.0,3,2048
51539589,0.000,-0.132,0.0000,-0.0114,0.0000,0.0027,0.000,32.41,32.0,3,2048
51540658,0.000,-0.110,0.0000,-0.0069,0.0000,0.0324,0.000,32.41,32.0,3,2048
51541557,0.000,-0.110,0.0000,-0.0191,0.0000,-0.0126,0.000,32.41,32.0,3,2048
51542555,0.000,-0.110,0.0000,0.0206,0.0000,0.0071,0.000,32.41,32.0,3,2048
51543936,0.000,-0.110,0.0000,0.0023,0.0000,-0.0104,0.000,32.41,32.0,3,2048
51544588,0.000,-0.110,0.0000,-0.0191,0.0000,-0.0082,0.000,32.41,32.0,3,2048
51545590,0.000,-0.110,0.0000,0.0938,0.0000,0.0148,0.000,32.41,32.0,3,2048
51546582,0.000,-0.132,0.0000,-0.0999,0.0000,-0.0071,0.000,32.41,32.0,3,2048
51547582,0.000,-0.110,0.0000,0.0633,0.0000,-0.0302,0.000,32.41,32.0,3,2048
51548905,0.000,-0.110,0.0000,0.0252,0.0000,0.0126,0.000,32.41,32.0,3,2048
51549586,0.000,-0.110,0.0000,-0.1076,0.0000,-0.0005,0.000,32.41,32.0,3,2048
51550587,0.000,-0.110,0.0000,0.0191,0.0000,-0.0203,0.000,32.41,32.0,3,2048
51551900,0.000,-0.110,0.0000,0.0740,0.0000,0.0126,0.000,32.41,32.0,3,2048
51552591,0.000,-0.110,0.0000,0.0725,0.0000,0.0258,0.000,32.41,32.0,3,2048
51553882,0.000,-0.110,0.0000,0.0740,0.0000,0.0192,0.000,32.41,32.0,3,2048
51554554,0.000,-0.110,0.0000,0.0648,0.0000,0.0335,0.000,32.41,32.0,3,2048
51555934,0.000,-0.110,0.0000,-0.1335,0.0000,-0.0137,0.000,32.41,32.0,3,2048
51556611,0.000,-0.110,0.0000,0.0221,0.0000,-0.0049,0.000,32.41,32.0,3,2048
51557468,0.000,-0.110,0.0000,-0.0145,0.0000,0.0093,0.000,32.41,32.0,3,2048
51558887,0.000,-0.110,0.0000,0.0389,0.0000,0.0676,0.000,32.41,32.0,3,2048
51559617,0.000,-0.110,0.0000,0.0404,0.0000,-0.0137,0.000,32.41,32.0,3,2048
51560561,0.000,-0.110,0.0000,-0.0023,0.0000,0.0104,0.000,32.41,32.0,3,2048
51561571,0.000,-0.110,0.0000,-0.0923,0.0000,-0.0060,0.000,32.41,32.0,3,2048
51562555,0.000,-0.110,0.0000,0.0114,0.0000,0.0126,0.000,32.41,32.0,3,2048
51563927,0.000,-0.110,0.0000,0.0618,0.0000,-0.0148,0.000,32.41,32.0,3,2048
51564561,0.000,-0.132,0.0000,-0.1060,0.0000,0.0126,0.000,32.41,32.0,3,2048
51565578,0.000,-0.132,0.0000,0.0206,0.0000,0.0060,0.000,32.41,32.0,3,2048
51566555,0.000,-0.110,0.0000,0.0633,0.0000,0.0236,0.000,32.41,32.0,3,2048
51567608,0.000,-0.110,0.0000,-0.0084,0.0000,0.0346,0.000,32.41,32.0,3,2048
51568883,0.000,-0.110,0.0000,0.0420,0.0000,0.0247,0.000,32.41,32.0,3,2048
51569576,0.000,-0.110,0.0000,-0.0969,0.0000,-0.0203,0.000,32.41,32.0,3,2048
51570560,0.000,-0.132,0.0000,-0.1060,0.0000,-0.0104,0.000,32.41,32.0,3,2048
51571922,0.000,-0.110,0.0000,0.0694,0.0000,-0.0214,0.000,32.41,32.0,3,2048
51572561,0.000,-0.110,0.0000,0.1671,0.0000,0.0126,0.000,32.41,32.0,3,2048
51573896,0.000,-0.110,0.0000,0.1198,0.0000,-0.0126,0.000,32.41,32.0,3,2048
51574558,0.000,-0.110,0.0000,0.0389,0.0000,-0.0005,0.000,32.41,32.0,3,2048
51575934,0.000,-0.110,0.0000,0.0038,0.0000,0.0104,0.000,32.41,32.0,3,2048
51576557,0.000,-0.132,0.0000,-0.0435,0.0000,-0.0082,0.000,32.41,32.0,3,2048
51577578,0.000,-0.132,0.0000,-0.0298,0.0000,0.0511,0.000,32.41,32.0,3,2048
51578878,0.000,-0.110,0.0000,0.0465,0.0000,-0.0313,0.000,32.41,32.0,3,2048
51579682,0.000,-0.110,0.0000,0.0542,0.0000,0.0159,0.000,32.41,32.0,3,2048
51580562,0.000,-0.110,0.0000,-0.1396,0.0000,0.0148,0.000,32.41,32.0,3,2048
51581554,0.000,-0.110,0.0000,0.0786,0.0000,-0.0071,0.000,32.41,32.0,3,2048
51582555,0.000,-0.110,0.0000,-0.0175,0.0000,-0.0071,0.000,32.41,32.0,3,2048
51583882,0.000,-0.110,0.0000,0.0160,0.0000,-0.0269,0.000,32.41,32.0,3,2048
51584620,0.000,-0.110,0.0000,0.0221,0.0000,-0.0060,0.000,32.41,32.0,3,2048
51585625,0.000,-0.110,0.0000,-0.0282,0.0000,0.0181,0.000,32.41,32.0,3,2048
51586585,0.000,-0.110,0.0000,-0.0053,0.0000,-0.0016,0.000,32.41,32.0,3,2048
51587583,0.000,-0.110,0.0000,-0.0679,0.0000,0.0203,0.000,32.41,32.0,3,2048
51588907,0.000,-0.110,0.0000,0.0465,0.0000,-0.0225,0.000,32.41,32.0,3,2048
51589633,0.000,-0.110,0.0000,-0.0206,0.0000,0.0533,0.000,32.41,32.0,3,2048
51590603,0.000,-0.132,0.0000,-0.0542,0.0000,-0.0379,0.000,32.41,32.0,3,2048
51591878,0.000,-0.110,0.0000,0.0999,0.0000,-0.0027,0.000,32.41,32.0,3,2048
51592612,0.000,-0.110,0.0000,-0.0343,0.0000,0.0082,0.000,32.41,32.0,3,2048
51593905,0.000,-0.132,0.0000,-0.0206,0.0000,0.0082,0.000,32.41,32.0,3,2048
51594587,0.000,-0.132,0.0000,-0.0130,0.0000,-0.0104,0.000,32.41,32.0,3,2048
51595906,0.000,-0.132,0.0000,-0.0420,0.0000,-0.0060,0.000,32.41,32.0,3,2048
51596585,0.000,-0.110,0.0000,-0.0694,0.0000,-0.0302,0.000,32.41,32.0,3,2048
51597585,0.000,-0.110,0.0000,0.0099,0.0000,-0.0379,0.000,32.41,32.0,3,2048
51598900,0.000,-0.110,0.0000,-0.0389,0.0000,0.0522,0.000,32.41,32.0,3,2048
51599585,0.000,-0.110,0.0000,-0.0587,0.0000,-0.0390,0.000,32.41,32.0,3,2048
51600586,0.000,-0.110,0.0000,0.0282,0.0000,0.0093,0.000,32.41,32.0,3,2048
51601580,0.000,-0.110,0.0000,-0.0694,0.0000,-0.0104,0.000,32.41,32.0,3,2048
51602585,0.000,-0.110,0.0000,0.0877,0.0000,0.0005,0.000,32.41,32.0,3,2048
51603884,0.000,-0.110,0.0000,0.1183,0.0000,-0.0126,0.000,32.41,32.0,3,2048
51604605,0.000,-0.110,0.0000,0.0618,0.0000,0.0357,0.000,32.41,32.0,3,2048
51605610,0.000,-0.132,0.0000,-0.1411,0.0000,0.0005,0.000,32.41,32.0,3,2048
51606605,0.000,-0.110,0.0000,0.0877,0.0000,0.0005,0.000,32.41,32.0,3,2048
51607608,0.000,-0.110,0.0000,-0.0175,0.0000,-0.0247,0.000,32.41,32.0,3,2048
51608882,0.000,-0.110,0.0000,0.0191,0.0000,-0.0126,0.000,32.41,32.0,3,2048
51609618,0.000,-0.132,0.0000,-0.0206,0.0000,-0.0214,0.000,32.41,32.0,3,2048
51610562,0.000,-0.110,0.0000,0.1152,0.0000,0.0511,0.000,32.41,32.0,3,2048
51611886,0.000,-0.110,0.0000,0.0206,0.0000,-0.0192,0.000,32.41,32.0,3,2048
51612556,0.000,-0.132,0.0000,-0.0511,0.0000,-0.0148,0.000,32.41,32.0,3,2048
51613925,0.000,-0.110,0.0000,-0.0664,0.0000,-0.0082,0.000,32.41,32.0,3,2048
51614562,0.000,-0.110,0.0000,0.0175,0.0000,-0.0038,0.000,32.41,32.0,3,2048
51615899,0.000,-0.110,0.0000,0.1167,0.0000,0.0203,0.000,32.41,32.0,3,2048
51616559,0.000,-0.110,0.0000,0.0465,0.0000,0.0060,0.000,32.41,32.0,3,2048
51617611,0.000,-0.132,0.0000,-0.0633,0.0000,0.0280,0.000,32.41,32.0,3,2048
51618886,0.000,-0.110,0.0000,-0.0252,0.0000,-0.0104,0.000,32.41,32.0,3,2048
51619576,0.000,-0.110,0.0000,0.0420,0.0000,0.0027,0.000,32.41,32.0,3,2048
51620560,0.000,-0.132,0.0000,-0.1350,0.0000,0.0368,0.000,32.41,32.0,3,2048
51621605,0.000,-0.132,0.0000,0.0618,0.0000,-0.0236,0.000,32.41,32.0,3,2048
51622561,0.000,-0.110,0.0000,0.0084,0.0000,-0.0269,0.000,32.41,32.0,3,2048
51623899,0.000,-0.110,0.0000,0.0587,0.0000,-0.0181,0.000,32.41,32.0,3,2048
51624558,0.000,-0.132,0.0000,0.0145,0.0000,0.0093,0.000,32.41,32.0,3,2048
51625611,0.000,-0.110,0.0000,0.0710,0.0000,-0.0060,0.000,32.41,32.0,3,2048
51626561,0.000,-0.110,0.0000,0.0847,0.0000,-0.0027,0.000,32.41,32.0,3,2048
51627572,0.000,-0.110,0.0000,-0.1686,0.0000,0.0060,0.000,32.41,32.0,3,2048
51628881,0.000,-0.110,0.0000,0.0175,0.0000,-0.0225,0.000,32.41,32.0,3,2048
51629677,0.000,-0.110,0.0000,0.0694,0.0000,0.0148,0.000,32.41,32.0,3,2048
51630563,0.000,-0.110,0.0000,0.0557,0.0000,0.0016,0.000,32.41,32.0,3,2048
51631873,0.000,-0.110,0.0000,0.0374,0.0000,0.0170,0.000,32.41,32.0,3,2048
51632556,0.000,-0.110,0.0000,-0.0313,0.0000,0.0214,0.000,32.41,32.0,3,2048
51633881,0.000,-0.110,0.0000,-0.0160,0.0000,0.0280,0.000,32.41,32.0,3,2048
51634622,0.000,-0.110,0.0000,-0.0679,0.0000,0.0104,0.000,32.41,32.0,3,2048
51635912,0.000,-0.110,0.0000,0.1457,0.0000,0.0324,0.000,32.41,32.0,3,2048
51636628,0.000,-0.110,0.0000,0.0710,0.0000,0.0126,0.000,32.41,32.0,3,2048
51637592,0.000,-0.110,0.0000,0.0832,0.0000,0.0126,0.000,32.41,32.0,3,2048
51638906,0.000,-0.132,0.0000,-0.0801,0.0000,-0.0401,0.000,32.41,32.0,3,2048
51639589,0.000,-0.110,0.0000,0.0679,0.0000,-0.0104,0.000,32.41,32.0,3,2048
51640658,0.000,-0.110,0.0000,0.0832,0.0000,0.0269,0.000,32.41,32.0,3,2048
51641557,0.000,-0.132,0.0000,-0.1442,0.0000,0.0071,0.000,32.41,32.0,3,2048
51642555,0.000,-0.110,0.0000,0.0954,0.0000,-0.0082,0.000,32.41,32.0,3,2048
51643935,0.000,-0.110,0.0000,-0.0023,0.0000,0.0038,0.000,32.41,32.0,3,2048
51644588,0.000,-0.110,0.0000,-0.0557,0.0000,0.0203,0.000,32.41,32.0,3,2048
51645589,0.000,-0.132,0.0000,-0.0938,0.0000,-0.0181,0.000,32.41,32.0,3,2048
51646582,0.000,-0.110,0.0000,0.0725,0.0000,0.0137,0.000,32.41,32.0,3,2048
51647582,0.000,-0.110,0.0000,0.0679,0.0000,-0.0005,0.000,32.41,32.0,3,2048
51648904,0.000,-0.132,0.0000,-0.0267,0.0000,-0.0203,0.000,32.41,32.0,3,2048
51649586,0.000,-0.110,0.0000,-0.1320,0.0000,0.0082,0.000,32.41,32.0,3,2048
51650587,0.000,-0.132,0.0000,-0.0847,0.0000,-0.0313,0.000,32.41,32.0,3,2048
51651900,0.000,-0.110,0.0000,-0.0313,0.0000,0.0159,0.000,32.41,32.0,3,2048
51652591,0.000,-0.110,0.0000,0.1457,0.0000,0.0324,0.000,32.41,32.0,3,2048
51653883,0.000,-0.110,0.0000,0.1518,0.0000,0.0005,0.000,32.41,32.0,3,2048
51654555,0.000,-0.110,0.0000,0.0420,0.0000,0.0093,0.000,32.41,32.0,3,2048
51655933,0.000,-0.132,0.0000,-0.0206,0.0000,0.0005,0.000,32.41,32.0,3,2048
51656610,0.000,-0.110,0.0000,0.0435,0.0000,-0.0016,0.000,32.41,32.0,3,2048
51657614,0.000,-0.132,0.0000,-0.1289,0.0000,-0.0082,0.000,32.41,32.0,3,2048
51658885,0.000,-0.110,0.0000,-0.0420,0.0000,-0.0082,0.000,32.41,32.0,3,2048
51659617,0.000,-0.110,0.0000,0.0801,0.0000,-0.0005,0.000,32.41,32.0,3,2048
51660561,0.000,-0.132,0.0000,-0.1076,0.0000,0.0126,0.000,32.41,32.0,3,2048
51661571,0.000,-0.132,0.0000,0.0053,0.0000,-0.0060,0.000,32.41,32.0,3,2048
51662555,0.000,-0.110,0.0000,0.0893,0.0000,-0.0214,0.000,32.41,32.0,3,2048
51663926,0.000,-0.110,0.0000,0.0572,0.0000,0.0038,0.000,32.41,32.0,3,2048
51664561,0.000,-0.110,0.0000,0.0557,0.0000,-0.0104,0.000,32.41,32.0,3,2048
51665577,0.000,-0.110,0.0000,-0.1060,0.0000,0.0379,0.000,32.41,32.0,3,2048
51666555,0.000,-0.110,0.0000,-0.0984,0.0000,0.0126,0.000,32.41,32.0,3,2048
51667608,0.000,-0.132,0.0000,-0.0084,0.0000,-0.0093,0.000,32.41,32.0,3,2048
51668883,0.000,-0.110,0.0000,0.0481,0.0000,0.0093,0.000,32.41,32.0,3,2048
51669576,0.000,-0.110,0.0000,0.1305,0.0000,0.0313,0.000,32.41,32.0,3,2048
51670560,0.000,-0.110,0.0000,0.0206,0.0000,0.0236,0.000,32.41,32.0,3,2048
51671923,0.000,-0.110,0.0000,0.0603,0.0000,0.0071,0.000,32.41,32.0,3,2048
51672561,0.000,-0.110,0.0000,-0.0298,0.0000,-0.0082,0.000,32.41,32.0,3,2048
51673897,0.000,-0.110,0.0000,-0.0221,0.0000,0.0005,0.000,32.41,32.0,3,2048
51674558,0.000,-0.132,0.0000,-0.1289,0.0000,-0.0005,0.000,32.41,32.0,3,2048
51675936,0.000,-0.110,0.0000,-0.0282,0.0000,0.0269,0.000,32.41,32.0,3,2048
51676557,0.000,-0.132,0.0000,-0.0618,0.0000,-0.0390,0.000,32.41,32.0,3,2048
51677577,0.000,-0.110,0.0000,-0.0572,0.0000,0.0203,0.000,32.41,32.0,3,2048
51678877,0.000,-0.110,0.0000,-0.0328,0.0000,-0.0126,0.000,32.41,32.0,3,2048
51679682,0.000,-0.132,0.0000,0.0191,0.0000,0.0467,0.000,32.41,32.0,3,2048
51680562,0.000,-0.110,0.0000,-0.0923,0.0000,0.0159,0.000,32.41,32.0,3,2048
51681555,0.000,-0.132,0.0000,-0.0206,0.0000,-0.0357,0.000,32.41,32.0,3,2048
51682555,0.000,-0.110,0.0000,-0.0191,0.0000,0.0071,0.000,32.41,32.0,3,2048
51683882,0.000,-0.110,0.0000,-0.0099,0.0000,-0.0115,0.000,32.41,32.0,3,2048
51684620,0.000,-0.110,0.0000,0.0069,0.0000,0.0170,0.000,32.41,32.0,3,2048
51685626,0.000,-0.110,0.0000,0.1244,0.0000,-0.0269,0.000,32.41,32.0,3,2048
51686585,0.000,-0.110,0.0000,0.0114,0.0000,0.0236,0.000,32.41,32.0,3,2048
51687583,0.000,-0.110,0.0000,0.0191,0.0000,-0.0269,0.000,32.41,32.0,3,2048
51688907,0.000,-0.110,0.0000,-0.0130,0.0000,0.0412,0.000,32.41,32.0,3,2048
51689639,0.000,-0.132,0.0000,-0.0954,0.0000,-0.0104,0.000,32.41,32.0,3,2048
51690592,0.000,-0.132,0.0000,-0.0114,0.0000,-0.0027,0.000,32.41,32.0,3,2048
51691878,0.000,-0.110,0.0000,0.0038,0.0000,0.0137,0.000,32.41,32.0,3,2048
51692611,0.000,-0.132,0.0000,-0.1473,0.0000,-0.0225,0.000,32.41,32.0,3,2048
51693907,0.000,-0.132,0.0000,-0.1274,0.0000,-0.0027,0.000,32.41,32.0,3,2048
51694587,0.000,-0.132,0.0000,-0.0343,0.0000,0.0137,0.000,32.41,32.0,3,2048
51695908,0.000,-0.132,0.0000,0.1244,0.0000,-0.0126,0.000,32.41,32.0,3,2048
51696585,0.000,-0.132,0.0000,-0.0069,0.0000,0.0115,0.000,32.41,32.0,3,2048
51697585,0.000,-0.132,0.0000,-0.0938,0.0000,0.0049,0.000,32.41,32.0,3,2048
51698901,0.000,-0.132,0.0000,0.0114,0.0000,-0.0060,0.000,32.41,32.0,3,2048
51699584,0.000,-0.110,0.0000,-0.0481,0.0000,-0.0093,0.000,32.41,32.0,3,2048
51700586,0.000,-0.110,0.0000,-0.0084,0.0000,-0.0027,0.000,32.41,32.0,3,2048
51701579,0.000,-0.110,0.0000,-0.0145,0.0000,-0.0005,0.000,32.41,32.0,3,2048
51702585,0.000,-0.110,0.0000,0.0786,0.0000,-0.0016,0.000,32.41,32.0,3,2048
51703885,0.000,-0.110,0.0000,-0.0175,0.0000,0.0280,0.000,32.41,32.0,3,2048
51704603,0.000,-0.110,0.0000,-0.0450,0.0000,0.0016,0.000,32.41,32.0,3,2048
51705609,0.000,-0.110,0.0000,0.0267,0.0000,-0.0181,0.000,32.41,32.0,3,2048
51706604,0.000,-0.110,0.0000,0.0954,0.0000,0.0181,0.000,32.41,32.0,3,2048
51707608,0.000,-0.132,0.0000,0.0664,0.0000,-0.0313,0.000,32.41,32.0,3,2048
51708882,0.000,-0.110,0.0000,0.0023,0.0000,0.0983,0.000,32.41,32.0,3,2048
51709618,0.000,-0.132,0.0000,-0.0404,0.0000,-0.0280,0.000,32.41,32.0,3,2048
51710562,0.000,-0.132,0.0000,-0.0496,0.0000,0.0082,0.000,32.41,32.0,3,2048
51711887,0.000,-0.110,0.0000,-0.0252,0.0000,-0.0368,0.000,32.41,32.0,3,2048
51712556,0.000,-0.110,0.0000,0.0191,0.0000,0.0434,0.000,32.41,32.0,3,2048
51713926,0.000,-0.132,0.0000,0.0435,0.0000,0.0302,0.000,32.41,32.0,3,2048
51714562,0.000,-0.110,0.0000,0.0252,0.0000,-0.0192,0.000,32.41,32.0,3,2048
51715899,0.000,-0.110,0.0000,-0.0328,0.0000,-0.0016,0.000,32.41,32.0,3,2048
51716559,0.000,-0.110,0.0000,-0.0374,0.0000,0.0148,0.000,32.41,32.0,3,2048
51717611,0.000,-0.132,0.0000,-0.1274,0.0000,-0.0093,0.000,32.41,32.0,3,2048
51718886,0.000,-0.132,0.0000,-0.0679,0.0000,-0.0126,0.000,32.41,32.0,3,2048
51719576,0.000,-0.132,0.0000,-0.1823,0.0000,0.0049,0.000,32.41,32.0,3,2048
51720560,0.000,-0.110,0.0000,0.0725,0.0000,-0.0225,0.000,32.41,32.0,3,2048
51721605,0.000,-0.110,0.0000,0.0206,0.0000,-0.0445,0.000,32.41,32.0,3,2048
51722561,0.000,-0.132,0.0000,-0.0862,0.0000,0.0247,0.000,32.41,32.0,3,2048
51723898,0.000,-0.132,0.0000,-0.0252,0.0000,-0.0005,0.000,32.41,32.0,3,2048
51724558,0.000,-0.110,0.0000,-0.0359,0.0000,0.0093,0.000,32.41,32.0,3,2048
51725611,0.000,-0.132,0.0000,0.0343,0.0000,-0.0192,0.000,32.41,32.0,3,2048
51726561,0.000,-0.110,0.0000,-0.0069,0.0000,-0.0137,0.000,32.41,32.0,3,2048
51727572,0.000,-0.110,0.0000,0.0252,0.0000,0.0291,0.000,32.41,32.0,3,2048
51728880,0.000,-0.110,0.0000,-0.0099,0.0000,-0.0148,0.000,32.41,32.0,3,2048
51729664,0.000,-0.110,0.0000,-0.0938,0.0000,-0.0159,0.000,32.41,32.0,3,2048
51730600,0.000,-0.110,0.0000,-0.0206,0.0000,-0.0137,0.000,32.41,32.0,3,2048
51731880,0.000,-0.110,0.0000,0.0816,0.0000,0.0005,0.000,32.41,32.0,3,2048
51732615,0.000,-0.132,0.0000,-0.0420,0.0000,0.0412,0.000,32.41,32.0,3,2048
51733906,0.000,-0.132,0.0000,-0.0145,0.0000,0.0456,0.000,32.41,32.0,3,2048
51734587,0.000,-0.110,0.0000,0.0786,0.0000,-0.0313,0.000,32.41,32.0,3,2048
51735910,0.000,-0.110,0.0000,0.0175,0.0000,0.0005,0.000,32.41,32.0,3,2048
51736585,0.000,-0.110,0.0000,0.0160,0.0000,-0.0126,0.000,32.41,32.0,3,2048
51737586,0.000,-0.110,0.0000,-0.0114,0.0000,-0.0159,0.000,32.41,32.0,3,2048
51738902,0.000,-0.110,0.0000,-0.0114,0.0000,0.0236,0.000,32.41,32.0,3,2048
51739585,0.000,-0.110,0.0000,-0.0084,0.0000,-0.0005,0.000,32.41,32.0,3,2048
51740586,0.000,-0.132,0.0000,-0.1183,0.0000,0.0082,0.000,32.41,32.0,3,2048
51741581,0.000,-0.110,0.0000,0.0572,0.0000,-0.0060,0.000,32.41,32.0,3,2048
51742584,0.000,-0.132,0.0000,-0.0359,0.0000,-0.0016,0.000,32.41,32.0,3,2048
51743884,0.000,-0.110,0.0000,0.0572,0.0000,0.0005,0.000,32.41,32.0,3,2048
51744605,0.000,-0.110,0.0000,0.1045,0.0000,0.0005,0.000,32.41,32.0,3,2048
51745610,0.000,-0.132,0.0000,0.0023,0.0000,0.0071,0.000,32.41,32.0,3,2048
51746604,0.000,-0.132,0.0000,-0.0023,0.0000,-0.0071,0.000,32.41,32.0,3,2048
51747608,0.000,-0.110,0.0000,0.0267,0.0000,0.0247,0.000,32.41,32.0,3,2048
51748882,0.000,-0.132,0.0000,0.0496,0.0000,0.0126,0.000,32.41,32.0,3,2048
51749621,0.000,-0.132,0.0000,0.0298,0.0000,0.0049,0.000,32.41,32.0,3,2048
51750561,0.000,-0.132,0.0000,-0.1640,0.0000,0.0236,0.000,32.41,32.0,3,2048
51751886,0.000,-0.110,0.0000,0.0252,0.0000,0.0082,0.000,32.41,32.0,3,2048
51752556,0.000,-0.110,0.0000,-0.0450,0.0000,-0.0115,0.000,32.41,32.0,3,2048
51753927,0.000,-0.110,0.0000,-0.0557,0.0000,-0.0060,0.000,32.41,32.0,3,2048
51754561,0.000,-0.110,0.0000,-0.0343,0.0000,0.0126,0.000,32.41,32.0,3,2048
51755898,0.000,-0.132,0.0000,-0.0084,0.0000,0.0258,0.000,32.41,32.0,3,2048
51756559,0.000,-0.132,0.0000,0.0298,0.0000,0.0016,0.000,32.41,32.0,3,2048
51757612,0.000,-0.110,0.0000,-0.0313,0.0000,-0.0093,0.000,32.41,32.0,3,2048
51758885,0.000,-0.132,0.0000,-0.0832,0.0000,0.0071,0.000,32.41,32.0,3,2048
51759576,0.000,-0.110,0.0000,0.1823,0.0000,0.0258,0.000,32.41,32.0,3,2048
51760560,0.000,-0.110,0.0000,-0.0313,0.0000,-0.0082,0.000,32.41,32.0,3,2048
51761607,0.000,-0.132,0.0000,-0.0130,0.0000,-0.0126,0.000,32.41,32.0,3,2048
51762559,0.000,-0.110,0.0000,0.0710,0.0000,0.0082,0.000,32.41,32.0,3,2048
51763897,0.000,-0.110,0.0000,-0.0450,0.0000,0.0104,0.000,32.41,32.0,3,2048
51764558,0.000,-0.132,0.0000,-0.0160,0.0000,-0.0005,0.000,32.41,32.0,3,2048
51765612,0.000,-0.110,0.0000,-0.0053,0.0000,-0.0071,0.000,32.41,32.0,3,2048
51766559,0.000,-0.110,0.0000,0.0603,0.0000,-0.0181,0.000,32.41,32.0,3,2048
51767572,0.000,-0.110,0.0000,-0.0374,0.0000,0.0313,0.000,32.41,32.0,3,2048
51768881,0.000,-0.110,0.0000,0.0221,0.0000,-0.0313,0.000,32.41,32.0,3,2048
51769610,0.000,-0.110,0.0000,0.0374,0.0000,0.0511,0.000,32.41,32.0,3,2048
51770561,0.000,-0.132,0.0000,-0.1122,0.0000,0.0192,0.000,32.41,32.0,3,2048
51771886,0.000,-0.110,0.0000,0.0191,0.0000,-0.0060,0.000,32.41,32.0,3,2048
51772556,0.000,-0.110,0.0000,0.1350,0.0000,0.0280,0.000,32.41,32.0,3,2048
51773927,0.000,-0.110,0.0000,0.1106,0.0000,0.0005,0.000,32.41,32.0,3,2048
51774561,0.000,-0.110,0.0000,-0.0298,0.0000,0.0060,0.000,32.41,32.0,3,2048
51775898,0.000,-0.110,0.0000,-0.0862,0.0000,-0.0434,0.000,32.41,32.0,3,2048
51776559,0.000,-0.132,0.0000,0.0267,0.0000,0.0258,0.000,32.41,32.0,3,2048
51777612,0.000,-0.132,0.0000,-0.0725,0.0000,-0.0049,0.000,32.41,32.0,3,2048
51778885,0.000,-0.110,0.0000,0.0114,0.0000,-0.0060,0.000,32.41,32.0,3,2048
51779576,0.000,-0.132,0.0000,-0.0160,0.0000,0.0071,0.000,32.41,32.0,3,2048
51780560,0.000,-0.110,0.0000,0.1442,0.0000,0.0324,0.000,32.41,32.0,3,2048
51781681,0.000,-0.110,0.0000,0.0053,0.0000,-0.0060,0.000,32.41,32.0,3,2048
51782558,0.000,-0.110,0.0000,-0.0023,0.0000,-0.0159,0.000,32.41,32.0,3,2048
51783883,0.000,-0.132,0.0000,-0.1946,0.0000,0.0236,0.000,32.41,32.0,3,2048
51784555,0.000,-0.132,0.0000,-0.0038,0.0000,-0.0027,0.000,32.41,32.0,3,2048
51785560,0.000,-0.110,0.0000,0.0481,0.0000,-0.0280,0.000,32.41,32.0,3,2048
51786621,0.000,-0.110,0.0000,-0.0206,0.0000,0.0291,0.000,32.41,32.0,3,2048
51787624,0.000,-0.110,0.0000,0.0511,0.0000,0.0159,0.000,32.41,32.0,3,2048
51788906,0.000,-0.132,0.0000,-0.0679,0.0000,-0.0258,0.000,32.41,32.0,3,2048
51789591,0.000,-0.110,0.0000,0.1396,0.0000,0.0390,0.000,32.41,32.0,3,2048
51790591,0.000,-0.110,0.0000,0.0893,0.0000,-0.0049,0.000,32.41,32.0,3,2048
51791975,0.000,-0.132,0.0000,-0.0999,0.0000,-0.0060,0.000,32.41,32.0,3,2048
51792558,0.000,-0.110,0.0000,0.0755,0.0000,0.0060,0.000,32.41,32.0,3,2048
51793879,0.000,-0.110,0.0000,0.0526,0.0000,-0.0126,0.000,32.41,32.0,3,2048
51794620,0.000,-0.132,0.0000,-0.0282,0.0000,-0.0148,0.000,32.41,32.0,3,2048
51795913,0.000,-0.110,0.0000,0.0221,0.0000,-0.0302,0.000,32.41,32.0,3,2048
51796588,0.000,-0.110,0.0000,0.0526,0.0000,0.0269,0.000,32.41,32.0,3,2048
51797587,0.000,-0.132,0.0000,-0.0298,0.0000,0.0071,0.000,32.41,32.0,3,2048
51798904,0.000,-0.110,0.0000,-0.0008,0.0000,-0.0016,0.000,32.41,32.0,3,2048
51799586,0.000,-0.110,0.0000,-0.0282,0.0000,0.0247,0.000,32.41,32.0,3,2048
51800587,0.000,-0.132,0.0000,-0.0053,0.0000,-0.0269,0.000,32.41,32.0,3,2048
51801582,0.000,-0.110,0.0000,0.0862,0.0000,-0.0038,0.000,32.41,32.0,3,2048
51802583,0.000,-0.132,0.0000,0.0557,0.0000,0.0159,0.000,32.41,32.0,3,2048
51803915,0.000,-0.110,0.0000,0.0038,0.0000,0.0258,0.000,32.41,32.0,3,2048
51804559,0.000,-0.110,0.0000,0.0404,0.0000,-0.0038,0.000,32.41,32.0,3,2048
51805560,0.000,-0.110,0.0000,0.0298,0.0000,0.0049,0.000,32.41,32.0,3,2048
51806606,0.000,-0.110,0.0000,-0.0206,0.0000,0.0225,0.000,32.41,32.0,3,2048
51807603,0.000,-0.110,0.0000,-0.0435,0.0000,-0.0214,0.000,32.41,32.0,3,2048
51808927,0.000,-0.110,0.0000,0.0053,0.0000,0.0159,0.000,32.41,32.0,3,2048
51809558,0.000,-0.132,0.0000,-0.1015,0.0000,0.0236,0.000,32.41,32.0,3,2048
51810625,0.000,-0.110,0.0000,0.0023,0.0000,-0.0082,0.000,32.41,32.0,3,2048
51811870,0.000,-0.110,0.0000,-0.1595,0.0000,-0.0093,0.000,32.41,32.0,3,2048
51812572,0.000,-0.132,0.0000,-0.1183,0.0000,0.0060,0.000,32.41,32.0,3,2048
51813884,0.000,-0.132,0.0000,-0.0755,0.0000,0.0247,0.000,32.41,32.0,3,2048
51814611,0.000,-0.132,0.0000,-0.0328,0.0000,-0.0093,0.000,32.41,32.0,3,2048
51815891,0.000,-0.110,0.0000,0.0771,0.0000,0.0181,0.000,32.41,32.0,3,2048
51816572,0.000,-0.132,0.0000,-0.0526,0.0000,0.0005,0.000,32.41,32.0,3,2048
51817560,0.000,-0.110,0.0000,0.0084,0.0000,-0.0104,0.000,32.41,32.0,3,2048
51818929,0.000,-0.132,0.0000,-0.0618,0.0000,-0.0082,0.000,32.41,32.0,3,2048
51819561,0.000,-0.110,0.0000,0.0053,0.0000,0.0434,0.000,32.41,32.0,3,2048
51820578,0.000,-0.132,0.0000,-0.0984,0.0000,-0.0247,0.000,32.41,32.0,3,2048
51821555,0.000,-0.132,0.0000,0.0282,0.0000,-0.0390,0.000,32.41,32.0,3,2048
51822608,0.000,-0.110,0.0000,0.0526,0.0000,-0.0104,0.000,32.41,32.0,3,2048
51823883,0.000,-0.110,0.0000,0.0145,0.0000,0.0049,0.000,32.41,32.0,3,2048
51824576,0.000,-0.132,0.0000,0.0404,0.0000,0.0126,0.000,32.41,32.0,3,2048
51825560,0.000,-0.132,0.0000,0.1091,0.0000,-0.0027,0.000,32.41,32.0,3,2048
51826608,0.000,-0.132,0.0000,0.0420,0.0000,0.0324,0.000,32.41,32.0,3,2048
51827559,0.000,-0.110,0.0000,0.2251,0.0000,-0.0049,0.000,32.41,32.0,3,2048
51828897,0.000,-0.132,0.0000,-0.0496,0.0000,0.0302,0.000,32.41,32.0,3,2048
51829558,0.000,-0.110,0.0000,0.0237,0.0000,0.0016,0.000,32.41,32.0,3,2048
51830613,0.000,-0.110,0.0000,-0.0221,0.0000,0.0104,0.000,32.41,32.0,3,2048
51831873,0.000,-0.110,0.0000,0.0053,0.0000,0.0038,0.000,32.41,32.0,3,2048
51832676,0.000,-0.132,0.0000,-0.0175,0.0000,0.0148,0.000,32.41,32.0,3,2048
51833885,0.000,-0.110,0.0000,-0.0496,0.0000,0.0104,0.000,32.41,32.0,3,2048
51834556,0.000,-0.110,0.0000,0.0114,0.0000,-0.0478,0.000,32.41,32.0,3,2048
51835883,0.000,-0.132,0.0000,0.0069,0.0000,0.0214,0.000,32.41,32.0,3,2048
51836556,0.000,-0.110,0.0000,0.0893,0.0000,-0.0203,0.000,32.41,32.0,3,2048
51837626,0.000,-0.132,0.0000,-0.0221,0.0000,0.0060,0.000,32.41,32.0,3,2048
51838905,0.000,-0.110,0.0000,0.0984,0.0000,-0.0137,0.000,32.41,32.0,3,2048
51839626,0.000,-0.110,0.0000,0.0298,0.0000,-0.0071,0.000,32.41,32.0,3,2048
51840589,0.000,-0.110,0.0000,-0.0420,0.0000,0.0665,0.000,32.41,32.0,3,2048
51841583,0.000,-0.110,0.0000,0.0145,0.0000,-0.0258,0.000,32.41,32.0,3,2048
51842630,0.000,-0.110,0.0000,0.0893,0.0000,0.0027,0.000,32.41,32.0,3,2048
51843941,0.000,-0.132,0.0000,-0.0771,0.0000,0.0148,0.000,32.41,32.0,3,2048
51844560,0.000,-0.110,0.0000,0.0496,0.0000,-0.0346,0.000,32.41,32.0,3,2048
51845626,0.000,-0.110,0.0000,0.0191,0.0000,-0.0060,0.000,32.41,32.0,3,2048
51846585,0.000,-0.110,0.0000,-0.0175,0.0000,0.0038,0.000,32.41,32.0,3,2048
51847581,0.000,-0.132,0.0000,-0.0038,0.0000,0.0192,0.000,32.41,32.0,3,2048
51848901,0.000,-0.110,0.0000,-0.0084,0.0000,-0.0038,0.000,32.41,32.0,3,2048
51849588,0.000,-0.110,0.0000,0.0969,0.0000,-0.0225,0.000,32.41,32.0,3,2048
51850587,0.000,-0.110,0.0000,0.0298,0.0000,0.0225,0.000,32.41,32.0,3,2048
51851903,0.000,-0.110,0.0000,-0.0710,0.0000,0.0203,0.000,32.41,32.0,3,2048
51852583,0.000,-0.110,0.0000,0.0679,0.0000,-0.0049,0.000,32.41,32.0,3,2048
51853901,0.000,-0.110,0.0000,0.1427,0.0000,-0.0071,0.000,32.41,32.0,3,2048
51854588,0.000,-0.110,0.0000,0.0206,0.0000,0.0236,0.000,32.41,32.0,3,2048
51855914,0.000,-0.110,0.0000,-0.0099,0.0000,0.0137,0.000,32.41,32.0,3,2048
51856557,0.000,-0.110,0.0000,-0.0175,0.0000,-0.0071,0.000,32.41,32.0,3,2048
51857576,0.000,-0.110,0.0000,-0.0130,0.0000,0.0192,0.000,32.41,32.0,3,2048
51858926,0.000,-0.110,0.0000,-0.1076,0.0000,0.0049,0.000,32.41,32.0,3,2048
51859610,0.000,-0.110,0.0000,0.1595,0.0000,-0.0434,0.000,32.41,32.0,3,2048
51860615,0.000,-0.110,0.0000,0.0404,0.0000,0.0126,0.000,32.41,32.0,3,2048
51861558,0.000,-0.110,0.0000,-0.0267,0.0000,0.0258,0.000,32.41,32.0,3,2048
51862615,0.000,-0.110,0.0000,-0.0542,0.0000,-0.0016,0.000,32.41,32.0,3,2048
51863884,0.000,-0.110,0.0000,0.0725,0.0000,0.0280,0.000,32.41,32.0,3,2048
51864575,0.000,-0.110,0.0000,-0.0893,0.0000,-0.0478,0.000,32.41,32.0,3,2048
51865560,0.000,-0.132,0.0000,0.0175,0.0000,-0.0115,0.000,32.41,32.0,3,2048
51866608,0.000,-0.132,0.0000,-0.0450,0.0000,-0.0324,0.000,32.41,32.0,3,2048
51867556,0.000,-0.110,0.0000,0.0969,0.0000,-0.0060,0.000,32.41,32.0,3,2048
51868901,0.000,-0.110,0.0000,0.0404,0.0000,-0.0247,0.000,32.41,32.0,3,2048
51869557,0.000,-0.110,0.0000,0.0252,0.0000,-0.0181,0.000,32.41,32.0,3,2048
51870613,0.000,-0.110,0.0000,-0.0847,0.0000,-0.0038,0.000,32.41,32.0,3,2048
51871870,0.000,-0.110,0.0000,-0.0237,0.0000,-0.0082,0.000,32.41,32.0,3,2048
51872574,0.000,-0.132,0.0000,0.0130,0.0000,0.0302,0.000,32.41,32.0,3,2048
51873883,0.000,-0.132,0.0000,-0.1030,0.0000,0.0214,0.000,32.41,32.0,3,2048
51874610,0.000,-0.132,0.0000,-0.0237,0.0000,0.0027,0.000,32.41,32.0,3,2048
51875887,0.000,-0.110,0.0000,0.0282,0.0000,0.0203,0.000,32.41,32.0,3,2048
51876572,0.000,-0.132,0.0000,-0.0496,0.0000,-0.0005,0.000,32.41,32.0,3,2048
51877560,0.000,-0.110,0.0000,-0.0206,0.0000,-0.0005,0.000,32.41,32.0,3,2048
51878927,0.000,-0.132,0.0000,-0.1732,0.0000,-0.0115,0.000,32.41,32.0,3,2048
51879563,0.000,-0.110,0.0000,0.0542,0.0000,-0.0324,0.000,32.41,32.0,3,2048
51880577,0.000,-0.132,0.0000,0.0618,0.0000,0.0192,0.000,32.41,32.0,3,2048
51881555,0.000,-0.132,0.0000,-0.0511,0.0000,-0.0060,0.000,32.41,32.0,3,2048
51882682,0.000,-0.110,0.0000,0.0740,0.0000,-0.0049,0.000,32.41,32.0,3,2048
51883885,0.000,-0.132,0.0000,-0.0359,0.0000,0.0005,0.000,32.41,32.0,3,2048
51884555,0.000,-0.110,0.0000,-0.0160,0.0000,-0.0236,0.000,32.41,32.0,3,2048
51885560,0.000,-0.110,0.0000,-0.0145,0.0000,-0.0049,0.000,32.41,32.0,3,2048
51886554,0.000,-0.110,0.0000,-0.0160,0.0000,-0.0016,0.000,32.41,32.0,3,2048
51887620,0.000,-0.110,0.0000,-0.0557,0.0000,0.0016,0.000,32.41,32.0,3,2048
51888941,0.000,-0.110,0.0000,0.0725,0.0000,-0.0137,0.000,32.41,32.0,3,2048
51889590,0.000,-0.132,0.0000,-0.0648,0.0000,0.0214,0.000,32.41,32.0,3,2048
51890589,0.000,-0.132,0.0000,-0.0038,0.0000,-0.0016,0.000,32.41,32.0,3,2048
51891904,0.000,-0.132,0.0000,0.0877,0.0000,0.0291,0.000,32.41,32.0,3,2048
51892627,0.000,-0.132,0.0000,-0.0862,0.0000,-0.0258,0.000,32.41,32.0,3,2048
51893938,0.000,-0.132,0.0000,-0.0526,0.0000,-0.0049,0.000,32.41,32.0,3,2048
51894560,0.000,-0.132,0.0000,-0.1137,0.0000,0.0302,0.000,32.41,32.0,3,2048
51895945,0.000,-0.110,0.0000,0.0862,0.0000,-0.0082,0.000,32.41,32.0,3,2048
51896589,0.000,-0.132,0.0000,-0.0374,0.0000,-0.0159,0.000,32.41,32.0,3,2048
51897590,0.000,-0.110,0.0000,0.0755,0.0000,0.0049,0.000,32.41,32.0,3,2048
51898903,0.000,-0.110,0.0000,0.0603,0.0000,-0.0357,0.000,32.41,32.0,3,2048
51899585,0.000,-0.110,0.0000,-0.0175,0.0000,0.0060,0.000,32.41,32.0,3,2048
51900587,0.000,-0.110,0.0000,0.0343,0.0000,-0.0214,0.000,32.41,32.0,3,2048
51901582,0.000,-0.110,0.0000,-0.0618,0.0000,0.0544,0.000,32.41,32.0,3,2048
51902582,0.000,-0.132,0.0000,0.1198,0.0000,-0.0203,0.000,32.41,32.0,3,2048
51903906,0.000,-0.110,0.0000,-0.0816,0.0000,-0.0060,0.000,32.41,32.0,3,2048
51904586,0.000,-0.110,0.0000,-0.0008,0.0000,-0.0093,0.000,32.41,32.0,3,2048
51905594,0.000,-0.110,0.0000,0.0542,0.0000,-0.0203,0.000,32.41,32.0,3,2048
51906556,0.000,-0.110,0.0000,-0.0984,0.0000,0.0324,0.000,32.41,32.0,3,2048
51907603,0.000,-0.110,0.0000,0.1030,0.0000,0.0412,0.000,32.41,32.0,3,2048
51908923,0.000,-0.110,0.0000,0.0374,0.0000,-0.0203,0.000,32.41,32.0,3,2048
51909609,0.000,-0.132,0.0000,-0.1183,0.0000,0.0005,0.000,32.41,32.0,3,2048
51910614,0.000,-0.110,0.0000,0.0298,0.0000,-0.0104,0.000,32.41,32.0,3,2048
51911873,0.000,-0.110,0.0000,-0.0374,0.0000,-0.0192,0.000,32.41,32.0,3,2048
51912620,0.000,-0.132,0.0000,0.0389,0.0000,0.0071,0.000,32.41,32.0,3,2048
51913884,0.000,-0.110,0.0000,-0.0496,0.0000,0.0060,0.000,32.41,32.0,3,2048
51914574,0.000,-0.110,0.0000,-0.0679,0.0000,0.0225,0.000,32.41,32.0,3,2048
51915885,0.000,-0.110,0.0000,0.0313,0.0000,-0.0115,0.000,32.41,32.0,3,2048
51916608,0.000,-0.110,0.0000,-0.1060,0.0000,-0.0104,0.000,32.41,32.0,3,2048
51917561,0.000,-0.110,0.0000,0.0252,0.0000,-0.0005,0.000,32.41,32.0,3,2048
51918901,0.000,-0.110,0.0000,0.0008,0.0000,0.0159,0.000,32.41,32.0,3,2048
51919557,0.000,-0.132,0.0000,-0.0633,0.0000,-0.0236,0.000,32.41,32.0,3,2048
51920613,0.000,-0.110,0.0000,-0.0023,0.0000,0.0005,0.000,32.41,32.0,3,2048
51921556,0.000,-0.110,0.0000,0.1183,0.0000,0.0137,0.000,32.41,32.0,3,2048
51922572,0.000,-0.132,0.0000,-0.1610,0.0000,0.0148,0.000,32.41,32.0,3,2048
51923883,0.000,-0.110,0.0000,-0.1259,0.0000,-0.0115,0.000,32.41,32.0,3,2048
51924610,0.000,-0.110,0.0000,0.0023,0.0000,0.0148,0.000,32.41,32.0,3,2048
51925561,0.000,-0.132,0.0000,0.0282,0.0000,-0.0038,0.000,32.41,32.0,3,2048
51926572,0.000,-0.110,0.0000,-0.0282,0.0000,-0.0060,0.000,32.41,32.0,3,2048
51927555,0.000,-0.110,0.0000,-0.0847,0.0000,0.0313,0.000,32.41,32.0,3,2048
51928927,0.000,-0.110,0.0000,-0.0252,0.0000,0.0060,0.000,32.41,32.0,3,2048
51929563,0.000,-0.110,0.0000,0.0145,0.0000,-0.0005,0.000,32.41,32.0,3,2048
51930577,0.000,-0.132,0.0000,-0.0557,0.0000,0.0104,0.000,32.41,32.0,3,2048
51931868,0.000,-0.132,0.0000,-0.0206,0.0000,-0.0027,0.000,32.41,32.0,3,2048
51932681,0.000,-0.110,0.0000,0.0465,0.0000,0.0093,0.000,32.41,32.0,3,2048
51933887,0.000,-0.132,0.0000,0.1167,0.0000,-0.0005,0.000,32.41,32.0,3,2048
51934555,0.000,-0.110,0.0000,0.0175,0.0000,-0.0159,0.000,32.41,32.0,3,2048
51935885,0.000,-0.110,0.0000,-0.0786,0.0000,0.0038,0.000,32.41,32.0,3,2048
51936555,0.000,-0.110,0.0000,0.0206,0.0000,0.0016,0.000,32.41,32.0,3,2048
51937627,0.000,-0.110,0.0000,0.0587,0.0000,-0.0071,0.000,32.41,32.0,3,2048
51938905,0.000,-0.132,0.0000,-0.0374,0.0000,0.0269,0.000,32.41,32.0,3,2048
51939627,0.000,-0.110,0.0000,0.1961,0.0000,-0.0071,0.000,32.41,32.0,3,2048
51940591,0.000,-0.132,0.0000,-0.1183,0.0000,0.0027,0.000,32.41,32.0,3,2048
51941582,0.000,-0.110,0.0000,-0.0114,0.0000,0.0060,0.000,32.41,32.0,3,2048
51942587,0.000,-0.110,0.0000,-0.0237,0.0000,0.0170,0.000,32.41,32.0,3,2048
51943973,0.000,-0.132,0.0000,-0.0084,0.0000,0.0082,0.000,32.41,32.0,3,2048
51944564,0.000,-0.110,0.0000,0.0572,0.0000,-0.0478,0.000,32.41,32.0,3,2048
51945560,0.000,-0.110,0.0000,-0.0572,0.0000,-0.0192,0.000,32.41,32.0,3,2048
51946618,0.000,-0.110,0.0000,-0.0145,0.0000,0.0302,0.000,32.41,32.0,3,2048
51947585,0.000,-0.110,0.0000,-0.0526,0.0000,-0.0269,0.000,32.41,32.0,3,2048
51948902,0.000,-0.110,0.0000,-0.0252,0.0000,0.0049,0.000,32.41,32.0,3,2048
51949588,0.000,-0.110,0.0000,0.0023,0.0000,-0.0027,0.000,32.41,32.0,3,2048
51950587,0.000,-0.110,0.0000,-0.0404,0.0000,0.0170,0.000,32.41,32.0,3,2048
51951901,0.000,-0.110,0.0000,0.0526,0.0000,-0.0104,0.000,32.41,32.0,3,2048
51952583,0.000,-0.110,0.0000,0.0023,0.0000,0.0159,0.000,32.41,32.0,3,2048
51953901,0.000,-0.110,0.0000,0.0191,0.0000,0.0082,0.000,32.41,32.0,3,2048
51954587,0.000,-0.132,0.0000,-0.0740,0.0000,-0.0313,0.000,32.41,32.0,3,2048
51955923,0.000,-0.110,0.0000,0.1366,0.0000,-0.0093,0.000,32.41,32.0,3,2048
51956557,0.000,-0.110,0.0000,0.0206,0.0000,-0.0126,0.000,32.41,32.0,3,2048
51957560,0.000,-0.110,0.0000,0.1656,0.0000,-0.0060,0.000,32.41,32.0,3,2048
51958929,0.000,-0.132,0.0000,-0.0893,0.0000,0.0258,0.000,32.41,32.0,3,2048
51959610,0.000,-0.110,0.0000,0.0847,0.0000,-0.0071,0.000,32.41,32.0,3,2048
51960476,0.000,-0.110,0.0000,0.0954,0.0000,-0.0005,0.000,32.41,32.0,3,2048
51961558,0.000,-0.110,0.0000,-0.0145,0.0000,-0.0159,0.000,32.41,32.0,3,2048
51962555,0.000,-0.110,0.0000,-0.0145,0.0000,0.0390,0.000,32.41,32.0,3,2048
51963935,0.000,-0.132,0.0000,-0.0114,0.0000,0.0137,0.000,32.41,32.0,3,2048
51964563,0.000,-0.132,0.0000,-0.0877,0.0000,-0.0247,0.000,32.41,32.0,3,2048
51965576,0.000,-0.132,0.0000,0.0145,0.0000,0.0016,0.000,32.41,32.0,3,2048
51966555,0.000,-0.110,0.0000,0.1381,0.0000,0.0027,0.000,32.41,32.0,3,2048
51967604,0.000,-0.110,0.0000,0.0816,0.0000,-0.0214,0.000,32.41,32.0,3,2048
51968885,0.000,-0.132,0.0000,0.0023,0.0000,0.0071,0.000,32.41,32.0,3,2048
51969578,0.000,-0.110,0.0000,0.0038,0.0000,0.0170,0.000,32.41,32.0,3,2048
51970560,0.000,-0.110,0.0000,0.0298,0.0000,-0.0203,0.000,32.41,32.0,3,2048
51971920,0.000,-0.110,0.0000,-0.0038,0.0000,0.0335,0.000,32.41,32.0,3,2048
51972561,0.000,-0.132,0.0000,-0.0145,0.0000,0.0005,0.000,32.41,32.0,3,2048
51973899,0.000,-0.110,0.0000,0.0069,0.0000,0.0060,0.000,32.41,32.0,3,2048
51974561,0.000,-0.110,0.0000,-0.0175,0.0000,-0.0379,0.000,32.41,32.0,3,2048
51975933,0.000,-0.110,0.0000,-0.0587,0.0000,-0.0082,0.000,32.41,32.0,3,2048
51976559,0.000,-0.110,0.0000,-0.0175,0.0000,0.0225,0.000,32.41,32.0,3,2048
51977578,0.000,-0.132,0.0000,-0.2174,0.0000,0.0456,0.000,32.41,32.0,3,2048
51978877,0.000,-0.132,0.0000,-0.0191,0.0000,-0.0269,0.000,32.41,32.0,3,2048
51979608,0.000,-0.110,0.0000,0.0023,0.0000,-0.0093,0.000,32.41,32.0,3,2048
51980561,0.000,-0.132,0.0000,-0.0252,0.0000,-0.0181,0.000,32.41,32.0,3,2048
51981572,0.000,-0.110,0.0000,0.1045,0.0000,0.0467,0.000,32.41,32.0,3,2048
51982555,0.000,-0.110,0.0000,-0.0099,0.0000,0.0038,0.000,32.41,32.0,3,2048
51984000,0.000,-0.110,0.0000,0.0206,0.0000,-0.0038,0.000,32.41,32.0,3,2048
51984563,0.000,-0.110,0.0000,0.0404,0.0000,0.0038,0.000,32.41,32.0,3,2048
51985560,0.000,-0.110,0.0000,-0.0404,0.0000,0.0566,0.000,32.41,32.0,3,2048
51986555,0.000,-0.110,0.0000,0.0664,0.0000,-0.0214,0.000,32.41,32.0,3,2048
51987555,0.000,-0.132,0.0000,-0.1259,0.0000,-0.0258,0.000,32.41,32.0,3,2048
51988936,0.000,-0.110,0.0000,0.0069,0.0000,-0.0060,0.000,32.41,32.0,3,2048
51989626,0.000,-0.110,0.0000,-0.0084,0.0000,0.0060,0.000,32.41,32.0,3,2048
51990591,0.000,-0.110,0.0000,-0.0374,0.0000,-0.0060,0.000,32.41,32.0,3,2048
51991900,0.000,-0.110,0.0000,0.0175,0.0000,-0.0159,0.000,32.41,32.0,3,2048
51992587,0.000,-0.110,0.0000,0.0038,0.0000,0.0093,0.000,32.41,32.0,3,2048
51993972,0.000,-0.110,0.0000,-0.0084,0.0000,0.0071,0.000,32.41,32.0,3,2048
51994564,0.000,-0.110,0.0000,0.0359,0.0000,0.0456,0.000,32.41,32.0,3,2048
51995880,0.000,-0.132,0.0000,-0.0465,0.0000,0.0082,0.000,32.41,32.0,3,2048
51996618,0.000,-0.110,0.0000,0.0374,0.0000,-0.0060,0.000,32.41,32.0,3,2048
51997591,0.000,-0.110,0.0000,0.0664,0.0000,0.0225,0.000,32.41,32.0,3,2048
51998908,0.000,-0.110,0.0000,0.0465,0.0000,0.0027,0.000,32.41,32.0,3,2048
51999586,0.000,-0.132,0.0000,-0.0313,0.0000,-0.0291,0.000,32.41,32.0,3,2048
52000587,0.000,-0.110,0.0000,0.0832,0.0000,0.0060,0.000,32.41,32.0,3,2048
52001582,0.000,-0.132,0.0000,-0.0954,0.0000,-0.0302,0.000,32.41,32.0,3,2048
52002582,0.000,-0.110,0.0000,0.0893,0.0000,-0.0104,0.000,32.41,32.0,3,2048
52003905,0.000,-0.110,0.0000,0.0160,0.0000,0.0434,0.000,32.41,32.0,3,2048
52004587,0.000,-0.110,0.0000,0.1213,0.0000,-0.0225,0.000,32.41,32.0,3,2048
52005601,0.000,-0.132,0.0000,-0.0877,0.0000,0.0093,0.000,32.41,32.0,3,2048
52006556,0.000,-0.110,0.0000,-0.0298,0.0000,-0.0016,0.000,32.41,32.0,3,2048
52007555,0.000,-0.110,0.0000,0.0206,0.0000,-0.0082,0.000,32.41,32.0,3,2048
52008923,0.000,-0.132,0.0000,-0.0969,0.0000,0.0082,0.000,32.41,32.0,3,2048
52009610,0.000,-0.110,0.0000,-0.0313,0.0000,0.0236,0.000,32.41,32.0,3,2048
52010511,0.000,-0.110,0.0000,0.0099,0.0000,0.0093,0.000,32.41,32.0,3,2048
52011877,0.000,-0.132,0.0000,-0.0618,0.0000,0.0027,0.000,32.41,32.0,3,2048
52012556,0.000,-0.110,0.0000,0.0191,0.0000,-0.0115,0.000,32.41,32.0,3,2048
52013936,0.000,-0.110,0.0000,0.0069,0.0000,-0.0181,0.000,32.41,32.0,3,2048
52014563,0.000,-0.110,0.0000,0.0084,0.0000,-0.0049,0.000,32.41,32.0,3,2048
52015897,0.000,-0.110,0.0000,0.0008,0.0000,0.0324,0.000,32.41,32.0,3,2048
52016559,0.000,-0.132,0.0000,-0.0404,0.0000,-0.0148,0.000,32.41,32.0,3,2048
52017609,0.000,-0.110,0.0000,-0.0175,0.0000,0.0027,0.000,32.41,32.0,3,2048
52018885,0.000,-0.132,0.0000,-0.0465,0.0000,-0.0236,0.000,32.41,32.0,3,2048
52019578,0.000,-0.132,0.0000,0.0069,0.0000,0.0049,0.000,32.41,32.0,3,2048
52020560,0.000,-0.110,0.0000,0.1274,0.0000,0.0269,0.000,32.41,32.0,3,2048
52021604,0.000,-0.132,0.0000,-0.0664,0.0000,0.0203,0.000,32.41,32.0,3,2048
52022559,0.000,-0.132,0.0000,-0.1350,0.0000,-0.0159,0.000,32.41,32.0,3,2048
52023898,0.000,-0.132,0.0000,-0.0832,0.0000,0.0005,0.000,32.41,32.0,3,2048
52024561,0.000,-0.132,0.0000,0.0618,0.0000,0.0027,0.000,32.41,32.0,3,2048
52025609,0.000,-0.110,0.0000,0.0694,0.0000,-0.0082,0.000,32.41,32.0,3,2048
52026559,0.000,-0.110,0.0000,-0.0664,0.0000,0.0302,0.000,32.41,32.0,3,2048
52027572,0.000,-0.110,0.0000,0.1106,0.0000,-0.0258,0.000,32.41,32.0,3,2048
52028880,0.000,-0.110,0.0000,-0.0465,0.0000,0.0203,0.000,32.41,32.0,3,2048
52029610,0.000,-0.132,0.0000,0.0008,0.0000,-0.0170,0.000,32.41,32.0,3,2048
52030561,0.000,-0.132,0.0000,-0.0725,0.0000,0.0104,0.000,32.41,32.0,3,2048
52031887,0.000,-0.110,0.0000,-0.0130,0.0000,-0.0346,0.000,32.41,32.0,3,2048
52032556,0.000,-0.110,0.0000,-0.0801,0.0000,0.0357,0.000,32.41,32.0,3,2048
52033999,0.000,-0.110,0.0000,0.0191,0.0000,0.0423,0.000,32.41,32.0,3,2048
52034563,0.000,-0.132,0.0000,-0.0282,0.0000,0.0302,0.000,32.41,32.0,3,2048
52035880,0.000,-0.110,0.0000,0.1228,0.0000,-0.0027,0.000,32.41,32.0,3,2048
52036559,0.000,-0.110,0.0000,-0.0496,0.0000,0.0016,0.000,32.41,32.0,3,2048
52037560,0.000,-0.110,0.0000,0.0252,0.0000,0.0060,0.000,32.41,32.0,3,2048
52038940,0.000,-0.110,0.0000,-0.0008,0.0000,-0.0093,0.000,32.41,32.0,3,2048
52039587,0.000,-0.132,0.0000,-0.0847,0.0000,-0.0005,0.000,32.41,32.0,3,2048
52040630,0.000,-0.110,0.0000,-0.0328,0.0000,-0.0049,0.000,32.41,32.0,3,2048
52041586,0.000,-0.132,0.0000,0.0587,0.0000,0.0665,0.000,32.41,32.0,3,2048
52042587,0.000,-0.110,0.0000,0.0633,0.0000,-0.0522,0.000,32.41,32.0,3,2048
52043972,0.000,-0.132,0.0000,-0.0771,0.0000,0.0269,0.000,32.41,32.0,3,2048
52044564,0.000,-0.110,0.0000,0.0069,0.0000,0.0192,0.000,32.41,32.0,3,2048
52045560,0.000,-0.110,0.0000,0.0404,0.0000,-0.0159,0.000,32.41,32.0,3,2048
52046618,0.000,-0.132,0.0000,-0.1793,0.0000,-0.0082,0.000,32.41,32.0,3,2048
52047585,0.000,-0.110,0.0000,0.0542,0.0000,0.0093,0.000,32.41,32.0,3,2048
52048903,0.000,-0.132,0.0000,-0.0923,0.0000,0.0324,0.000,32.41,32.0,3,2048
52049588,0.000,-0.110,0.0000,0.0404,0.0000,-0.0126,0.000,32.41,32.0,3,2048
52050587,0.000,-0.110,0.0000,-0.0511,0.0000,-0.0082,0.000,32.41,32.0,3,2048
52051901,0.000,-0.110,0.0000,0.0175,0.0000,-0.0082,0.000,32.41,32.0,3,2048
52052583,0.000,-0.110,0.0000,-0.0648,0.0000,0.0368,0.000,32.41,32.0,3,2048
52053902,0.000,-0.110,0.0000,0.0694,0.0000,0.0555,0.000,32.41,32.0,3,2048
52054588,0.000,-0.110,0.0000,0.0237,0.0000,-0.0236,0.000,32.41,32.0,3,2048
52055923,0.000,-0.110,0.0000,0.0465,0.0000,-0.0203,0.000,32.41,32.0,3,2048
52056557,0.000,-0.110,0.0000,0.0160,0.0000,0.0214,0.000,32.41,32.0,3,2048
52057560,0.000,-0.110,0.0000,0.0084,0.0000,0.0093,0.000,32.41,32.0,3,2048
52058925,0.000,-0.110,0.0000,0.0938,0.0000,-0.0170,0.000,32.41,32.0,3,2048
52059612,0.000,-0.132,0.0000,-0.0984,0.0000,0.0313,0.000,32.41,32.0,3,2048
52060612,0.000,-0.110,0.0000,0.0252,0.0000,-0.0247,0.000,32.41,32.0,3,2048
52061610,0.000,-0.110,0.0000,-0.0374,0.0000,-0.0269,0.000,32.41,32.0,3,2048
52062555,0.000,-0.132,0.0000,-0.1350,0.0000,0.0016,0.000,32.41,32.0,3,2048
52063933,0.000,-0.110,0.0000,0.0221,0.0000,0.0005,0.000,32.41,32.0,3,2048
52064563,0.000,-0.132,0.0000,-0.1122,0.0000,-0.0247,0.000,32.41,32.0,3,2048
52065576,0.000,-0.132,0.0000,-0.0648,0.0000,0.0049,0.000,32.41,32.0,3,2048
52066555,0.000,-0.110,0.0000,0.1228,0.0000,0.0093,0.000,32.41,32.0,3,2048
52067604,0.000,-0.110,0.0000,0.0221,0.0000,-0.0093,0.000,32.41,32.0,3,2048
52068885,0.000,-0.110,0.0000,-0.0359,0.0000,0.0214,0.000,32.41,32.0,3,2048
52069578,0.000,-0.110,0.0000,-0.0298,0.0000,0.0071,0.000,32.41,32.0,3,2048
52070560,0.000,-0.110,0.0000,-0.0557,0.0000,-0.0159,0.000,32.41,32.0,3,2048
52071920,0.000,-0.132,0.0000,0.0099,0.0000,0.0456,0.000,32.41,32.0,3,2048
52072561,0.000,-0.132,0.0000,0.0450,0.0000,-0.0115,0.000,32.41,32.0,3,2048
52073898,0.000,-0.110,0.0000,0.0420,0.0000,-0.0082,0.000,32.41,32.0,3,2048
52074561,0.000,-0.110,0.0000,0.0099,0.0000,0.0049,0.000,32.41,32.0,3,2048
52075933,0.000,-0.110,0.0000,0.0481,0.0000,0.0104,0.000,32.41,32.0,3,2048
52076559,0.000,-0.110,0.0000,-0.0648,0.0000,0.0060,0.000,32.41,32.0,3,2048
52077577,0.000,-0.132,0.0000,-0.1060,0.0000,0.0148,0.000,32.41,32.0,3,2048
52078877,0.000,-0.132,0.0000,0.0755,0.0000,-0.0093,0.000,32.41,32.0,3,2048
52079608,0.000,-0.110,0.0000,0.0465,0.0000,-0.0280,0.000,32.41,32.0,3,2048
52080561,0.000,-0.132,0.0000,-0.0648,0.0000,-0.0016,0.000,32.41,32.0,3,2048
52081572,0.000,-0.110,0.0000,0.0648,0.0000,0.0082,0.000,32.41,32.0,3,2048
52082555,0.000,-0.110,0.0000,0.1289,0.0000,-0.0060,0.000,32.41,32.0,3,2048
52084002,0.000,-0.110,0.0000,-0.0237,0.0000,0.0280,0.000,32.41,32.0,3,2048
52084563,0.000,-0.110,0.0000,0.0114,0.0000,0.0126,0.000,32.41,32.0,3,2048
52085560,0.000,-0.132,0.0000,0.0221,0.0000,0.0225,0.000,32.41,32.0,3,2048
52086554,0.000,-0.132,0.0000,0.0420,0.0000,-0.0159,0.000,32.41,32.0,3,2048
52087555,0.000,-0.132,0.0000,-0.0587,0.0000,0.0236,0.000,32.41,32.0,3,2048
52088935,0.000,-0.110,0.0000,0.0984,0.0000,-0.0401,0.000,32.41,32.0,3,2048
52089627,0.000,-0.132,0.0000,0.0145,0.0000,-0.0016,0.000,32.41,32.0,3,2048
52090590,0.000,-0.132,0.0000,-0.0862,0.0000,-0.0005,0.000,32.41,32.0,3,2048
52091901,0.000,-0.132,0.0000,0.0175,0.0000,0.0071,0.000,32.41,32.0,3,2048
52092587,0.000,-0.110,0.0000,-0.0084,0.0000,0.0027,0.000,32.41,32.0,3,2048
52093962,0.000,-0.110,0.0000,0.0008,0.0000,-0.0049,0.000,32.41,32.0,3,2048
52094595,0.000,-0.132,0.0000,-0.0084,0.0000,-0.0082,0.000,32.41,32.0,3,2048
52095888,0.000,-0.132,0.0000,-0.0923,0.0000,0.0236,0.000,32.41,32.0,3,2048
52096557,0.000,-0.110,0.0000,0.0862,0.0000,0.0291,0.000,32.41,32.0,3,2048
52097620,0.000,-0.132,0.0000,-0.0359,0.0000,-0.0247,0.000,32.41,32.0,3,2048
52098906,0.000,-0.110,0.0000,0.0725,0.0000,0.0159,0.000,32.41,32.0,3,2048
52099585,0.000,-0.132,0.0000,-0.1579,0.0000,0.0181,0.000,32.41,32.0,3,2048
52100585,0.000,-0.110,0.0000,0.0450,0.0000,-0.0170,0.000,32.41,32.0,3,2048
52101580,0.000,-0.110,0.0000,0.0114,0.0000,0.0027,0.000,32.41,32.0,3,2048
52102580,0.000,-0.110,0.0000,-0.0557,0.0000,0.0049,0.000,32.41,32.0,3,2048
52103901,0.000,-0.132,0.0000,-0.1503,0.0000,-0.0148,0.000,32.41,32.0,3,2048
52104585,0.000,-0.110,0.0000,0.0221,0.0000,-0.0038,0.000,32.41,32.0,3,2048
52105596,0.000,-0.110,0.0000,0.0572,0.0000,0.0027,0.000,32.41,32.0,3,2048
52106560,0.000,-0.110,0.0000,-0.0618,0.0000,0.0137,0.000,32.41,32.0,3,2048
52107555,0.000,-0.110,0.0000,-0.0725,0.0000,0.0016,0.000,32.41,32.0,3,2048
52108921,0.000,-0.110,0.0000,-0.0221,0.0000,0.0093,0.000,32.41,32.0,3,2048
52109608,0.000,-0.110,0.0000,-0.0511,0.0000,0.0071,0.000,32.41,32.0,3,2048
52110552,0.000,-0.110,0.0000,-0.0771,0.0000,-0.0016,0.000,32.41,32.0,3,2048
52111880,0.000,-0.110,0.0000,0.0725,0.0000,0.0071,0.000,32.41,32.0,3,2048
52112556,0.000,-0.110,0.0000,0.0511,0.0000,0.0126,0.000,32.41,32.0,3,2048
52113938,0.000,-0.132,0.0000,-0.0038,0.0000,0.0104,0.000,32.41,32.0,3,2048
52114564,0.000,-0.110,0.0000,0.1289,0.0000,0.0379,0.000,32.41,32.0,3,2048
52115897,0.000,-0.132,0.0000,0.0145,0.0000,-0.0137,0.000,32.41,32.0,3,2048
52116559,0.000,-0.132,0.0000,-0.1473,0.0000,-0.0126,0.000,32.41,32.0,3,2048
52117609,0.000,-0.110,0.0000,-0.0038,0.0000,0.0104,0.000,32.41,32.0,3,2048
52118884,0.000,-0.132,0.0000,-0.1396,0.0000,-0.0203,0.000,32.41,32.0,3,2048
52119578,0.000,-0.132,0.0000,-0.0374,0.0000,-0.0060,0.000,32.41,32.0,3,2048
52120560,0.000,-0.110,0.0000,-0.0511,0.0000,-0.0027,0.000,32.41,32.0,3,2048
52121604,0.000,-0.132,0.0000,-0.0114,0.0000,-0.0170,0.000,32.41,32.0,3,2048
52122561,0.000,-0.110,0.0000,0.1366,0.0000,-0.0401,0.000,32.41,32.0,3,2048
52123897,0.000,-0.110,0.0000,-0.0542,0.0000,0.0357,0.000,32.41,32.0,3,2048
52124561,0.000,-0.132,0.0000,-0.0145,0.0000,0.0005,0.000,32.41,32.0,3,2048
52125609,0.000,-0.110,0.0000,0.0725,0.0000,-0.0137,0.000,32.41,32.0,3,2048
52126561,0.000,-0.110,0.0000,-0.0237,0.0000,-0.0126,0.000,32.41,32.0,3,2048
52127572,0.000,-0.110,0.0000,-0.0008,0.0000,0.0104,0.000,32.41,32.0,3,2048
52128879,0.000,-0.110,0.0000,0.0160,0.0000,0.0093,0.000,32.41,32.0,3,2048
52129610,0.000,-0.110,0.0000,0.0191,0.0000,0.0203,0.000,32.41,32.0,3,2048
52130562,0.000,-0.132,0.0000,0.0191,0.0000,-0.0148,0.000,32.41,32.0,3,2048
52131887,0.000,-0.110,0.0000,0.0542,0.0000,0.0159,0.000,32.41,32.0,3,2048
52132556,0.000,-0.110,0.0000,-0.0221,0.0000,-0.0236,0.000,32.41,32.0,3,2048
52133999,0.000,-0.132,0.0000,-0.0648,0.0000,-0.0192,0.000,32.41,32.0,3,2048
52134563,0.000,-0.110,0.0000,0.0404,0.0000,-0.0016,0.000,32.41,32.0,3,2048
52135880,0.000,-0.110,0.0000,0.0038,0.0000,-0.0126,0.000,32.41,32.0,3,2048
52136559,0.000,-0.110,0.0000,-0.0755,0.0000,0.0115,0.000,32.41,32.0,3,2048
52137560,0.000,-0.110,0.0000,0.0267,0.0000,-0.0170,0.000,32.41,32.0,3,2048
52138941,0.000,-0.132,0.0000,-0.0130,0.0000,-0.0192,0.000,32.41,32.0,3,2048
52139587,0.000,-0.110,0.0000,0.0710,0.0000,-0.0082,0.000,32.41,32.0,3,2048
52140630,0.000,-0.110,0.0000,-0.0771,0.0000,-0.0236,0.000,32.41,32.0,3,2048
52141585,0.000,-0.110,0.0000,0.0130,0.0000,-0.0016,0.000,32.41,32.0,3,2048
52142588,0.000,-0.132,0.0000,-0.0313,0.0000,-0.0225,0.000,32.41,32.0,3,2048
52143949,0.000,-0.110,0.0000,0.0542,0.0000,0.0027,0.000,32.41,32.0,3,2048
52144633,0.000,-0.110,0.0000,0.1106,0.0000,-0.0060,0.000,32.41,32.0,3,2048
52145560,0.000,-0.132,0.0000,-0.1442,0.0000,0.0412,0.000,32.41,32.0,3,2048
52146606,0.000,-0.110,0.0000,0.0679,0.0000,0.0071,0.000,32.41,32.0,3,2048
52147590,0.000,-0.110,0.0000,0.0053,0.0000,-0.0005,0.000,32.41,32.0,3,2048
52148905,0.000,-0.110,0.0000,-0.0130,0.0000,0.0181,0.000,32.41,32.0,3,2048
52149586,0.000,-0.110,0.0000,-0.1106,0.0000,-0.0071,0.000,32.41,32.0,3,2048
52150587,0.000,-0.110,0.0000,0.0465,0.0000,-0.0170,0.000,32.41,32.0,3,2048
52151901,0.000,-0.110,0.0000,0.0313,0.0000,0.0291,0.000,32.41,32.0,3,2048
52152583,0.000,-0.132,0.0000,-0.0069,0.0000,-0.0005,0.000,32.41,32.0,3,2048
52153903,0.000,-0.110,0.0000,-0.0053,0.0000,-0.0027,0.000,32.41,32.0,3,2048
52154586,0.000,-0.132,0.0000,0.0328,0.0000,0.0247,0.000,32.41,32.0,3,2048
52155910,0.000,-0.132,0.0000,-0.0206,0.0000,0.0049,0.000,32.41,32.0,3,2048
52156594,0.000,-0.110,0.0000,0.1198,0.0000,0.0170,0.000,32.41,32.0,3,2048
52157561,0.000,-0.110,0.0000,-0.0389,0.0000,-0.0049,0.000,32.41,32.0,3,2048
52158895,0.000,-0.132,0.0000,-0.1137,0.0000,0.0258,0.000,32.41,32.0,3,2048
52159611,0.000,-0.132,0.0000,-0.0374,0.0000,-0.0225,0.000,32.41,32.0,3,2048
52160612,0.000,-0.110,0.0000,0.0542,0.0000,0.0280,0.000,32.41,32.0,3,2048
52161610,0.000,-0.110,0.0000,-0.0038,0.0000,0.0368,0.000,32.41,32.0,3,2048
52162558,0.000,-0.110,0.0000,-0.0175,0.0000,-0.0269,0.000,32.41,32.0,3,2048
52163935,0.000,-0.110,0.0000,-0.0435,0.0000,-0.0115,0.000,32.41,32.0,3,2048
52164563,0.000,-0.110,0.0000,-0.0175,0.0000,0.0148,0.000,32.41,32.0,3,2048
52165576,0.000,-0.132,0.0000,-0.0404,0.0000,0.0203,0.000,32.41,32.0,3,2048
52166555,0.000,-0.132,0.0000,0.0328,0.0000,-0.0148,0.000,32.41,32.0,3,2048
52167604,0.000,-0.110,0.0000,-0.0252,0.0000,-0.0027,0.000,32.41,32.0,3,2048
52168884,0.000,-0.132,0.0000,-0.0557,0.0000,-0.0126,0.000,32.41,32.0,3,2048
52169578,0.000,-0.132,0.0000,-0.0099,0.0000,0.0027,0.000,32.41,32.0,3,2048
52170560,0.000,-0.110,0.0000,0.0481,0.0000,0.0016,0.000,32.41,32.0,3,2048
52171920,0.000,-0.132,0.0000,0.0191,0.0000,-0.0082,0.000,32.41,32.0,3,2048
52172561,0.000,-0.110,0.0000,0.0237,0.0000,0.0324,0.000,32.41,32.0,3,2048
52173897,0.000,-0.110,0.0000,0.0923,0.0000,0.0203,0.000,32.41,32.0,3,2048
52174561,0.000,-0.110,0.0000,0.1884,0.0000,0.0093,0.000,32.41,32.0,3,2048
52175932,0.000,-0.110,0.0000,-0.0237,0.0000,-0.0324,0.000,32.41,32.0,3,2048
52176559,0.000,-0.132,0.0000,-0.1106,0.0000,0.0093,0.000,32.41,32.0,3,2048
52177578,0.000,-0.110,0.0000,0.2144,0.0000,-0.0181,0.000,32.41,32.0,3,2048
52178877,0.000,-0.132,0.0000,-0.1122,0.0000,0.0093,0.000,32.41,32.0,3,2048
52179608,0.000,-0.110,0.0000,-0.0023,0.0000,-0.0093,0.000,32.41,32.0,3,2048
52180561,0.000,-0.110,0.0000,0.0465,0.0000,0.0005,0.000,32.41,32.0,3,2048
52181572,0.000,-0.110,0.0000,-0.0526,0.0000,0.0082,0.000,32.41,32.0,3,2048
52182555,0.000,-0.132,0.0000,-0.0008,0.0000,0.0104,0.000,32.41,32.0,3,2048
52183999,0.000,-0.110,0.0000,0.0069,0.0000,-0.0027,0.000,32.41,32.0,3,2048
52184564,0.000,-0.110,0.0000,-0.0633,0.0000,-0.0137,0.000,32.41,32.0,3,2048
52185560,0.000,-0.132,0.0000,0.0923,0.0000,0.0060,0.000,32.41,32.0,3,2048
52186555,0.000,-0.110,0.0000,0.0053,0.0000,0.0093,0.000,32.41,32.0,3,2048
52187555,0.000,-0.132,0.0000,-0.0648,0.0000,0.0170,0.000,32.41,32.0,3,2048
52188936,0.000,-0.110,0.0000,0.0664,0.0000,-0.0159,0.000,32.41,32.0,3,2048
52189626,0.000,-0.132,0.0000,-0.1366,0.0000,0.0225,0.000,32.41,32.0,3,2048
52190591,0.000,-0.132,0.0000,0.0206,0.0000,-0.0170,0.000,32.41,32.0,3,2048
52191899,0.000,-0.132,0.0000,-0.0725,0.0000,-0.0357,0.000,32.41,32.0,3,2048
52192587,0.000,-0.110,0.0000,0.1549,0.0000,0.0291,0.000,32.41,32.0,3,2048
52193972,0.000,-0.110,0.0000,0.1442,0.0000,0.0016,0.000,32.41,32.0,3,2048
52194564,0.000,-0.110,0.0000,-0.0206,0.0000,-0.0313,0.000,32.41,32.0,3,2048
52195880,0.000,-0.110,0.0000,0.1915,0.0000,0.0203,0.000,32.41,32.0,3,2048
52196619,0.000,-0.132,0.0000,0.0343,0.0000,0.0093,0.000,32.41,32.0,3,2048
52197590,0.000,-0.110,0.0000,0.0832,0.0000,0.0126,0.000,32.41,32.0,3,2048
52198905,0.000,-0.132,0.0000,-0.0374,0.0000,0.0181,0.000,32.41,32.0,3,2048
52199586,0.000,-0.110,0.0000,0.0542,0.0000,-0.0192,0.000,32.41,32.0,3,2048
52200587,0.000,-0.110,0.0000,-0.0481,0.0000,0.0104,0.000,32.41,32.0,3,2048
52201582,0.000,-0.110,0.0000,-0.0557,0.0000,0.0016,0.000,32.41,32.0,3,2048
52202582,0.000,-0.132,0.0000,-0.0832,0.0000,0.0082,0.000,32.41,32.0,3,2048
52203905,0.000,-0.110,0.0000,0.0175,0.0000,-0.0082,0.000,32.41,32.0,3,2048
52204586,0.000,-0.110,0.0000,0.0099,0.0000,0.0214,0.000,32.41,32.0,3,2048
52205601,0.000,-0.132,0.0000,-0.0328,0.0000,-0.0170,0.000,32.41,32.0,3,2048
52206556,0.000,-0.132,0.0000,-0.0481,0.0000,0.0126,0.000,32.41,32.0,3,2048
52207563,0.000,-0.132,0.0000,0.0328,0.0000,-0.0324,0.000,32.41,32.0,3,2048
52208923,0.000,-0.110,0.0000,0.0328,0.0000,0.0203,0.000,32.41,32.0,3,2048
52209943,0.000,-0.132,0.0000,0.0084,0.0000,-0.0115,0.000,32.41,32.0,3,2048
52210902,0.000,-0.132,0.0000,-0.0206,0.0000,-0.0236,0.000,32.41,32.0,3,2048
52212266,0.000,-0.132,0.0000,-0.0481,0.0000,0.0225,0.000,32.41,32.0,3,2048
52212556,0.000,-0.110,0.0000,-0.0206,0.0000,0.0203,0.000,32.41,32.0,3,2048
52213938,0.000,-0.132,0.0000,-0.0572,0.0000,-0.0027,0.000,32.41,32.0,3,2048
52214563,0.000,-0.110,0.0000,0.1411,0.0000,0.0049,0.000,32.41,32.0,3,2048
52215898,0.000,-0.110,0.0000,0.0221,0.0000,0.0137,0.000,32.41,32.0,3,2048
52216559,0.000,-0.110,0.0000,0.0160,0.0000,-0.0104,0.000,32.41,32.0,3,2048
52217609,0.000,-0.110,0.0000,0.0114,0.0000,-0.0027,0.000,32.41,32.0,3,2048
52218885,0.000,-0.110,0.0000,-0.0267,0.0000,0.0049,0.000,32.41,32.0,3,2048
52219578,0.000,-0.132,0.0000,0.0160,0.0000,-0.0302,0.000,32.41,32.0,3,2048
52220560,0.000,-0.110,0.0000,-0.0664,0.0000,-0.0071,0.000,32.41,32.0,3,2048
52221604,0.000,-0.132,0.0000,0.0206,0.0000,-0.0126,0.000,32.41,32.0,3,2048
52222559,0.000,-0.110,0.0000,-0.0633,0.0000,0.0214,0.000,32.41,32.0,3,2048
52223897,0.000,-0.132,0.0000,0.0084,0.0000,-0.0192,0.000,32.41,32.0,3,2048
52224561,0.000,-0.110,0.0000,0.0435,0.0000,-0.0038,0.000,32.41,32.0,3,2048
52225609,0.000,-0.132,0.0000,-0.1671,0.0000,0.0071,0.000,32.41,32.0,3,2048
52226559,0.000,-0.110,0.0000,0.0389,0.0000,-0.0687,0.000,32.41,32.0,3,2048
52227572,0.000,-0.110,0.0000,-0.0542,0.0000,0.0225,0.000,32.41,32.0,3,2048
52228882,0.000,-0.110,0.0000,-0.0175,0.0000,0.0192,0.000,32.41,32.0,3,2048
52229610,0.000,-0.110,0.0000,0.0282,0.0000,0.0148,0.000,32.41,32.0,3,2048
52230561,0.000,-0.132,0.0000,-0.0587,0.0000,0.0038,0.000,32.41,32.0,3,2048
52231887,0.000,-0.132,0.0000,0.0557,0.0000,-0.0214,0.000,32.41,32.0,3,2048
52232556,0.000,-0.110,0.0000,0.0084,0.0000,0.0104,0.000,32.41,32.0,3,2048
52234001,0.000,-0.132,0.0000,0.0404,0.0000,0.0071,0.000,32.41,32.0,3,2048
52234563,0.000,-0.110,0.0000,0.0664,0.0000,0.0203,0.000,32.41,32.0,3,2048
52235880,0.000,-0.110,0.0000,0.0710,0.0000,0.0291,0.000,32.41,32.0,3,2048
52236622,0.000,-0.110,0.0000,0.0938,0.0000,0.0214,0.000,32.41,32.0,3,2048
52237588,0.000,-0.110,0.0000,-0.0359,0.0000,0.0137,0.000,32.41,32.0,3,2048
52238904,0.000,-0.132,0.0000,0.0130,0.0000,-0.0016,0.000,32.41,32.0,3,2048
52239586,0.000,-0.110,0.0000,0.0954,0.0000,0.0060,0.000,32.41,32.0,3,2048
52240587,0.000,-0.110,0.0000,0.0175,0.0000,0.0148,0.000,32.41,32.0,3,2048
52241582,0.000,-0.132,0.0000,-0.0893,0.0000,0.0104,0.000,32.41,32.0,3,2048
52242582,0.000,-0.110,0.0000,0.0694,0.0000,0.0038,0.000,32.41,32.0,3,2048
52243906,0.000,-0.132,0.0000,-0.1457,0.0000,-0.0071,0.000,32.41,32.0,3,2048
52244586,0.000,-0.110,0.0000,-0.0053,0.0000,-0.0016,0.000,32.41,32.0,3,2048
52245604,0.000,-0.110,0.0000,0.0755,0.0000,-0.0093,0.000,32.41,32.0,3,2048
52246555,0.000,-0.132,0.0000,-0.0145,0.0000,0.0060,0.000,32.41,32.0,3,2048
52247571,0.000,-0.110,0.0000,0.0435,0.0000,-0.0181,0.000,32.41,32.0,3,2048
52248924,0.000,-0.132,0.0000,0.0755,0.0000,0.0137,0.000,32.41,32.0,3,2048
52249611,0.000,-0.132,0.0000,-0.0587,0.0000,0.0016,0.000,32.41,32.0,3,2048
52250615,0.000,-0.110,0.0000,0.1015,0.0000,-0.0016,0.000,32.41,32.0,3,2048
52251877,0.000,-0.132,0.0000,-0.0496,0.0000,-0.0115,0.000,32.41,32.0,3,2048
52252615,0.000,-0.132,0.0000,-0.1183,0.0000,-0.0225,0.000,32.41,32.0,3,2048
52253886,0.000,-0.110,0.0000,-0.1091,0.0000,-0.0005,0.000,32.41,32.0,3,2048
52254574,0.000,-0.110,0.0000,-0.0420,0.0000,-0.0236,0.000,32.41,32.0,3,2048
52255885,0.000,-0.110,0.0000,0.0435,0.0000,0.0005,0.000,32.41,32.0,3,2048
52256608,0.000,-0.132,0.0000,-0.1640,0.0000,0.0379,0.000,32.41,32.0,3,2048
52257561,0.000,-0.132,0.0000,-0.0328,0.0000,-0.0280,0.000,32.41,32.0,3,2048
52258902,0.000,-0.110,0.0000,0.0267,0.0000,0.0126,0.000,32.41,32.0,3,2048
52259557,0.000,-0.110,0.0000,-0.0832,0.0000,-0.0049,0.000,32.41,32.0,3,2048
52260613,0.000,-0.110,0.0000,0.0130,0.0000,0.0192,0.000,32.41,32.0,3,2048
52261556,0.000,-0.110,0.0000,-0.1213,0.0000,-0.0071,0.000,32.41,32.0,3,2048
52262572,0.000,-0.110,0.0000,0.0374,0.0000,-0.0148,0.000,32.41,32.0,3,2048
52263883,0.000,-0.110,0.0000,-0.0313,0.0000,0.0016,0.000,32.41,32.0,3,2048
52264610,0.000,-0.132,0.0000,-0.0847,0.0000,-0.0049,0.000,32.41,32.0,3,2048
52265561,0.000,-0.132,0.0000,0.0252,0.0000,-0.0082,0.000,32.41,32.0,3,2048
52266572,0.000,-0.132,0.0000,-0.0145,0.0000,-0.0027,0.000,32.41,32.0,3,2048
52267555,0.000,-0.110,0.0000,0.0084,0.0000,0.0093,0.000,32.41,32.0,3,2048
52268927,0.000,-0.110,0.0000,-0.0877,0.0000,0.0115,0.000,32.41,32.0,3,2048
52269563,0.000,-0.110,0.0000,0.0084,0.0000,0.0049,0.000,32.41,32.0,3,2048
52270578,0.000,-0.110,0.0000,0.0038,0.0000,0.0005,0.000,32.41,32.0,3,2048
52271868,0.000,-0.110,0.0000,-0.0374,0.0000,-0.0060,0.000,32.41,32.0,3,2048
52272605,0.000,-0.110,0.0000,0.0191,0.0000,0.0049,0.000,32.41,32.0,3,2048
52273884,0.000,-0.110,0.0000,0.0542,0.0000,-0.0115,0.000,32.41,32.0,3,2048
52274578,0.000,-0.132,0.0000,-0.0984,0.0000,0.0005,0.000,32.41,32.0,3,2048
52275880,0.000,-0.110,0.0000,0.1396,0.0000,-0.0170,0.000,32.41,32.0,3,2048
52276608,0.000,-0.132,0.0000,-0.1213,0.0000,0.0016,0.000,32.41,32.0,3,2048
52277561,0.000,-0.110,0.0000,0.0313,0.0000,-0.0115,0.000,32.41,32.0,3,2048
52278901,0.000,-0.110,0.0000,-0.0603,0.0000,0.0082,0.000,32.41,32.0,3,2048
52279557,0.000,-0.132,0.0000,-0.1152,0.0000,-0.0137,0.000,32.41,32.0,3,2048
52280613,0.000,-0.110,0.0000,0.0587,0.0000,-0.0071,0.000,32.41,32.0,3,2048
52281556,0.000,-0.110,0.0000,0.0023,0.0000,-0.0082,0.000,32.41,32.0,3,2048
52282572,0.000,-0.132,0.0000,-0.0984,0.0000,0.0346,0.000,32.41,32.0,3,2048
52283883,0.000,-0.110,0.0000,-0.0572,0.0000,-0.0412,0.000,32.41,32.0,3,2048
52284682,0.000,-0.110,0.0000,-0.0359,0.0000,0.0071,0.000,32.41,32.0,3,2048
52285562,0.000,-0.110,0.0000,0.0298,0.0000,0.0027,0.000,32.41,32.0,3,2048
52286554,0.000,-0.132,0.0000,-0.0191,0.0000,0.0093,0.000,32.41,32.0,3,2048
52287555,0.000,-0.132,0.0000,0.0359,0.0000,-0.0159,0.000,32.41,32.0,3,2048
52288884,0.000,-0.110,0.0000,-0.0221,0.0000,-0.0280,0.000,32.41,32.0,3,2048
52289619,0.000,-0.110,0.0000,-0.0435,0.0000,0.0225,0.000,32.41,32.0,3,2048
52290624,0.000,-0.110,0.0000,0.0343,0.0000,-0.0016,0.000,32.41,32.0,3,2048
52291901,0.000,-0.132,0.0000,-0.0114,0.0000,0.0060,0.000,32.41,32.0,3,2048
52292584,0.000,-0.132,0.0000,-0.0847,0.0000,0.0005,0.000,32.41,32.0,3,2048
52293906,0.000,-0.110,0.0000,-0.0710,0.0000,0.0126,0.000,32.41,32.0,3,2048
52294588,0.000,-0.110,0.0000,-0.0099,0.0000,0.0049,0.000,32.41,32.0,3,2048
52295985,0.000,-0.110,0.0000,0.1640,0.0000,0.0412,0.000,32.41,32.0,3,2048
52296560,0.000,-0.132,0.0000,-0.0908,0.0000,0.0016,0.000,32.41,32.0,3,2048
52297560,0.000,-0.110,0.0000,0.0221,0.0000,0.0236,0.000,32.41,32.0,3,2048
52298938,0.000,-0.132,0.0000,0.0175,0.0000,-0.0412,0.000,32.41,32.0,3,2048
52299588,0.000,-0.110,0.0000,0.0359,0.0000,0.0236,0.000,32.41,32.0,3,2048
52300589,0.000,-0.110,0.0000,0.0496,0.0000,-0.0159,0.000,32.41,32.0,3,2048
52301582,0.000,-0.132,0.0000,-0.0298,0.0000,-0.0181,0.000,32.41,32.0,3,2048
52302582,0.000,-0.110,0.0000,-0.0389,0.0000,-0.0027,0.000,32.41,32.0,3,2048
52303903,0.000,-0.110,0.0000,0.1137,0.0000,0.0533,0.000,32.41,32.0,3,2048
52304586,0.000,-0.110,0.0000,-0.0069,0.0000,-0.0115,0.000,32.41,32.0,3,2048
52305588,0.000,-0.132,0.0000,-0.1244,0.0000,0.0115,0.000,32.41,32.0,3,2048
52306582,0.000,-0.110,0.0000,0.0832,0.0000,-0.0093,0.000,32.41,32.0,3,2048
52307590,0.000,-0.132,0.0000,-0.0771,0.0000,0.0170,0.000,32.41,32.0,3,2048
52308882,0.000,-0.110,0.0000,0.1335,0.0000,-0.0071,0.000,32.41,32.0,3,2048
52309607,0.000,-0.110,0.0000,0.0023,0.0000,-0.0049,0.000,32.41,32.0,3,2048
52310611,0.000,-0.110,0.0000,0.0374,0.0000,0.0258,0.000,32.41,32.0,3,2048
52311924,0.000,-0.132,0.0000,0.0008,0.0000,-0.0159,0.000,32.41,32.0,3,2048
52312610,0.000,-0.110,0.0000,-0.0145,0.0000,0.0159,0.000,32.41,32.0,3,2048
52313881,0.000,-0.110,0.0000,0.0465,0.0000,0.0027,0.000,32.41,32.0,3,2048
52314621,0.000,-0.132,0.0000,-0.1762,0.0000,0.0544,0.000,32.41,32.0,3,2048
52315891,0.000,-0.110,0.0000,0.0359,0.0000,-0.0269,0.000,32.41,32.0,3,2048
52316571,0.000,-0.110,0.0000,-0.0557,0.0000,-0.0148,0.000,32.41,32.0,3,2048
52317560,0.000,-0.132,0.0000,-0.1320,0.0000,-0.0159,0.000,32.41,32.0,3,2048
52318929,0.000,-0.110,0.0000,0.0633,0.0000,-0.0049,0.000,32.41,32.0,3,2048
52319561,0.000,-0.132,0.0000,-0.0114,0.0000,0.0192,0.000,32.41,32.0,3,2048
52320577,0.000,-0.132,0.0000,0.0343,0.0000,-0.0005,0.000,32.41,32.0,3,2048
52321555,0.000,-0.132,0.0000,-0.0557,0.0000,0.0071,0.000,32.41,32.0,3,2048
52322608,0.000,-0.110,0.0000,0.0343,0.0000,0.0137,0.000,32.41,32.0,3,2048
52323883,0.000,-0.110,0.0000,0.0420,0.0000,0.0137,0.000,32.41,32.0,3,2048
52324576,0.000,-0.132,0.0000,-0.0908,0.0000,-0.0357,0.000,32.41,32.0,3,2048
52325560,0.000,-0.110,0.0000,0.0999,0.0000,0.0181,0.000,32.41,32.0,3,2048
52326608,0.000,-0.132,0.0000,0.0069,0.0000,-0.0027,0.000,32.41,32.0,3,2048
52327559,0.000,-0.110,0.0000,0.0481,0.0000,0.0170,0.000,32.41,32.0,3,2048
52328897,0.000,-0.110,0.0000,0.0496,0.0000,0.0115,0.000,32.41,32.0,3,2048
52329558,0.000,-0.132,0.0000,-0.0755,0.0000,0.0181,0.000,32.41,32.0,3,2048
52330613,0.000,-0.132,0.0000,0.0099,0.0000,-0.0390,0.000,32.41,32.0,3,2048
52331874,0.000,-0.110,0.0000,0.0526,0.0000,0.0137,0.000,32.41,32.0,3,2048
52332574,0.000,-0.110,0.0000,0.1305,0.0000,0.0093,0.000,32.41,32.0,3,2048
52333879,0.000,-0.110,0.0000,0.0954,0.0000,-0.0104,0.000,32.41,32.0,3,2048
54979962,0.000,-0.132,0.0000,-0.0237,0.0000,0.0247,0.000,32.41,32.0,3,2048
54980885,0.000,-0.132,0.0000,-0.0496,0.0000,-0.0357,0.000,32.41,32.0,3,2048
