t_us,p_cmd_deg,p_act_deg,v_cmd,v_act,t_cmd,t_act,iq,vbus,temp,state,events
209288883,-429.902,-429.902,0.0000,0.0221,0.0000,-0.0005,0.000,32.44,38.0,1,2065
209290204,-429.902,-429.902,0.0000,0.0237,0.0000,-0.0005,0.000,32.44,38.0,1,2065
209290567,-429.902,-429.902,0.0000,-0.0008,0.0000,-0.0005,0.000,32.44,38.0,1,2065
209291883,-429.902,-429.902,0.0000,-0.0298,0.0000,-0.0005,0.000,32.44,38.0,1,2065
209292571,-429.902,-429.902,0.0000,-0.0252,0.0000,-0.0005,0.000,32.44,38.0,1,2065
209293887,-429.902,-429.902,0.0000,-0.0282,0.0000,-0.0005,0.000,32.44,38.0,1,2065
209294571,-429.902,-429.902,0.0000,0.0008,0.0000,-0.0005,0.000,32.44,38.0,1,2065
209295571,-429.902,-429.902,0.0000,-0.0008,0.0000,-0.0005,0.000,32.44,38.0,1,2065
209296882,-429.902,-429.902,0.0000,0.0252,0.0000,-0.0005,0.000,32.44,38.0,1,2065
209297570,-429.902,-429.902,0.0000,-0.1137,0.0000,-0.0005,0.000,32.44,38.0,1,2065
209298571,-429.902,-429.902,0.0000,0.0145,0.0000,-0.0005,0.000,32.44,38.0,1,2065
209299566,-429.902,-429.902,0.0000,-0.0435,0.0000,-0.0005,0.000,32.44,38.0,1,2065
209300566,-429.902,-429.902,0.0000,0.0816,0.0000,-0.0005,0.000,32.44,38.0,1,2065
209301882,-429.902,-429.902,0.0000,-0.0008,0.0000,-0.0005,0.000,32.44,38.0,1,2065
209302571,-429.902,-429.902,0.0000,0.0298,0.0000,-0.0005,0.000,32.44,38.0,1,2065
209303547,-429.902,-429.902,0.0000,-0.0511,0.0000,-0.0005,0.000,32.44,38.0,1,2065
209304564,-429.902,-429.902,0.0000,0.0481,0.0000,-0.0005,0.000,32.44,38.0,1,2065
209305566,-429.902,-429.902,0.0000,0.0114,0.0000,-0.0005,0.000,32.44,38.0,1,2065
209306882,-429.902,-429.902,0.0000,-0.0008,0.0000,-0.0005,0.000,32.44,38.0,1,2065
209307573,-429.902,-429.902,0.0000,0.0420,0.0000,-0.0005,0.000,32.44,38.0,1,2065
209308547,-429.902,-429.902,0.0000,0.0572,0.0000,-0.0005,0.000,32.44,38.0,1,2065
209309880,-429.902,-429.902,0.0000,-0.0359,0.0000,-0.0005,0.000,32.44,38.0,1,2065
209310543,-429.902,-429.902,0.0000,0.0694,0.0000,-0.0005,0.000,32.44,38.0,1,2065
209311864,-429.902,-429.902,0.0000,0.0099,0.0000,-0.0005,0.000,32.44,38.0,1,2065
209312550,-429.902,-429.902,0.0000,-0.0114,0.0000,-0.0005,0.000,32.44,38.0,1,2065
209313865,-429.902,-429.902,0.0000,-0.0099,0.0000,-0.0005,0.000,32.44,38.0,1,2065
209314592,-429.902,-429.902,0.0000,-0.1198,0.0000,-0.0005,0.000,32.44,38.0,1,2065
209315547,-429.902,-429.902,0.0000,0.0023,0.0000,-0.0005,0.000,32.44,38.0,1,2065
209316872,-429.902,-429.902,0.0000,-0.0145,0.0000,-0.0005,0.000,32.44,38.0,1,2065
209317542,-429.902,-429.902,0.0000,0.0359,0.0000,-0.0005,0.000,32.44,38.0,1,2065
209318597,-429.902,-429.902,0.0000,-0.1473,0.0000,-0.0005,0.000,32.44,38.0,1,2065
209319542,-429.902,-429.902,0.0000,0.0496,0.0000,-0.0005,0.000,32.44,38.0,1,2065
209320615,-429.902,-429.902,0.0000,0.0023,0.0000,-0.0005,0.000,32.44,38.0,1,2065
209321869,-429.902,-429.902,0.0000,0.1320,0.0000,-0.0005,0.000,32.44,38.0,1,2065
209322592,-429.902,-429.902,0.0000,0.0328,0.0000,-0.0005,0.000,32.44,38.0,1,2065
209323547,-429.902,-429.902,0.0000,-0.0069,0.0000,-0.0005,0.000,32.44,38.0,1,2065
209324553,-429.902,-429.902,0.0000,-0.0175,0.0000,-0.0005,0.000,32.44,38.0,1,2065
209325542,-429.902,-429.902,0.0000,-0.0084,0.0000,-0.0005,0.000,32.44,38.0,1,2065
209326904,-429.902,-429.902,0.0000,-0.0359,0.0000,-0.0005,0.000,32.44,38.0,1,2065
209327544,-429.902,-429.902,0.0000,0.0252,0.0000,-0.0005,0.000,32.44,38.0,1,2065
209328558,-429.902,-429.902,0.0000,-0.0542,0.0000,-0.0005,0.000,32.44,38.0,1,2065
209329859,-429.902,-429.902,0.0000,0.0206,0.0000,-0.0005,0.000,32.44,38.0,1,2065
209330571,-429.902,-429.902,0.0000,-0.0542,0.0000,-0.0005,0.000,32.44,38.0,1,2065
209331893,-429.902,-429.902,0.0000,-0.0694,0.0000,-0.0005,0.000,32.44,38.0,1,2065
209332544,-429.902,-429.902,0.0000,0.1045,0.0000,-0.0005,0.000,32.44,38.0,1,2065
209333970,-429.902,-429.902,0.0000,-0.0832,0.0000,-0.0005,0.000,32.44,38.0,1,2065
209334545,-429.902,-429.902,0.0000,-0.0267,0.0000,-0.0005,0.000,32.44,38.0,1,2065
209335547,-429.902,-429.902,0.0000,0.1137,0.0000,-0.0005,0.000,32.44,38.0,1,2065
209336922,-429.902,-429.902,0.0000,0.0557,0.0000,-0.0005,0.000,32.44,38.0,1,2065
209337874,-429.902,-429.902,0.0000,0.0877,0.0000,-0.0005,0.000,32.44,38.0,1,2065
209338878,-429.902,-429.902,0.0000,0.0618,0.0000,-0.0005,0.000,32.44,38.0,1,2065
209339881,-429.902,-429.902,0.0000,0.0801,0.0000,-0.0005,0.000,32.44,38.0,1,2065
209340877,-429.902,-429.902,0.0000,-0.0542,0.0000,-0.0005,0.000,32.44,38.0,1,2065
209342204,-429.902,-429.902,0.0000,0.0267,0.0000,-0.0005,0.000,32.44,38.0,1,2065
209342879,-429.902,-429.902,0.0000,-0.0359,0.0000,-0.0005,0.000,32.44,38.0,1,2065
209343878,-429.902,-429.902,0.0000,0.0801,0.0000,-0.0005,0.000,32.44,38.0,1,2065
209344878,-429.902,-429.902,0.0000,-0.0648,0.0000,-0.0005,0.000,32.44,38.0,1,2065
209345878,-429.902,-429.902,0.0000,-0.0923,0.0000,-0.0005,0.000,32.44,38.0,1,2065
209347203,-429.902,-429.902,0.0000,0.0526,0.0000,-0.0005,0.000,32.44,38.0,1,2065
209347876,-429.902,-429.902,0.0000,-0.0862,0.0000,-0.0005,0.000,32.44,38.0,1,2065
209348880,-429.902,-429.902,0.0000,0.0206,0.0000,-0.0005,0.000,32.44,38.0,1,2065
209350204,-429.902,-429.902,0.0000,0.0282,0.0000,-0.0005,0.000,32.44,38.0,1,2065
209350568,-429.902,-429.902,0.0000,-0.0038,0.0000,-0.0005,0.000,32.44,38.0,1,2065
209351883,-429.902,-429.902,0.0000,0.0328,0.0000,-0.0005,0.000,32.44,38.0,1,2065
209352570,-429.902,-429.902,0.0000,0.0038,0.0000,-0.0005,0.000,32.44,38.0,1,2065
209353888,-429.902,-429.902,0.0000,-0.0954,0.0000,-0.0005,0.000,32.44,38.0,1,2065
209354570,-429.902,-429.902,0.0000,0.0648,0.0000,-0.0005,0.000,32.44,38.0,1,2065
209355578,-429.902,-429.902,0.0000,-0.1213,0.0000,-0.0005,0.000,32.44,38.0,1,2065
209356862,-429.902,-429.902,0.0000,0.0420,0.0000,-0.0005,0.000,32.44,38.0,1,2065
209357542,-429.902,-429.902,0.0000,0.0923,0.0000,-0.0005,0.000,32.44,38.0,1,2065
209358576,-429.902,-429.902,0.0000,0.0053,0.0000,-0.0005,0.000,32.44,38.0,1,2065
209359566,-429.902,-429.902,0.0000,0.0908,0.0000,-0.0005,0.000,32.44,38.0,1,2065
209360525,-429.902,-429.902,0.0000,-0.1518,0.0000,-0.0005,0.000,32.44,38.0,1,2065
209361862,-429.902,-429.902,0.0000,-0.0282,0.0000,-0.0005,0.000,32.44,38.0,1,2065
209362542,-429.902,-429.902,0.0000,-0.0175,0.0000,-0.0005,0.000,32.44,38.0,1,2065
209363569,-429.902,-429.902,0.0000,0.0923,0.0000,-0.0005,0.000,32.44,38.0,1,2065
209364542,-429.902,-429.902,0.0000,-0.0496,0.0000,-0.0005,0.000,32.44,38.0,1,2065
209365542,-429.902,-429.902,0.0000,-0.1335,0.0000,-0.0005,0.000,32.44,38.0,1,2065
209366872,-429.902,-429.902,0.0000,0.0313,0.0000,-0.0005,0.000,32.44,38.0,1,2065
209367542,-429.902,-429.902,0.0000,0.0023,0.0000,-0.0005,0.000,32.44,38.0,1,2065
209368597,-429.902,-429.902,0.0000,0.0282,0.0000,-0.0005,0.000,32.44,38.0,1,2065
209369860,-429.902,-429.902,0.0000,-0.0832,0.0000,-0.0005,0.000,32.44,38.0,1,2065
209370550,-429.902,-429.902,0.0000,-0.0710,0.0000,-0.0005,0.000,32.44,38.0,1,2065
209371864,-429.902,-429.902,0.0000,-0.0359,0.0000,-0.0005,0.000,32.44,38.0,1,2065
209372592,-429.902,-429.902,0.0000,-0.0572,0.0000,-0.0005,0.000,32.44,38.0,1,2065
209373869,-429.902,-429.902,0.0000,0.0191,0.0000,-0.0005,0.000,32.44,38.0,1,2065
209374503,-429.902,-429.902,0.0000,0.0587,0.0000,-0.0005,0.000,32.44,38.0,1,2065
209375547,-429.902,-429.902,0.0000,-0.0069,0.0000,-0.0005,0.000,32.44,38.0,1,2065
209376865,-429.902,-429.902,0.0000,-0.1350,0.0000,-0.0005,0.000,32.44,38.0,1,2065
209377594,-429.902,-429.902,0.0000,0.0984,0.0000,-0.0005,0.000,32.44,38.0,1,2065
209378547,-429.902,-429.902,0.0000,0.0343,0.0000,-0.0005,0.000,32.44,38.0,1,2065
209379553,-429.902,-429.902,0.0000,-0.0099,0.0000,-0.0005,0.000,32.44,38.0,1,2065
209380542,-429.902,-429.902,0.0000,-0.0481,0.0000,-0.0005,0.000,32.44,38.0,1,2065
209381902,-429.902,-429.902,0.0000,-0.0710,0.0000,-0.0005,0.000,32.44,38.0,1,2065
209382544,-429.902,-429.902,0.0000,-0.0435,0.0000,-0.0005,0.000,32.44,38.0,1,2065
209383649,-429.902,-429.902,0.0000,-0.0206,0.0000,-0.0005,0.000,32.44,38.0,1,2065
209384543,-429.902,-429.902,0.0000,0.0694,0.0000,-0.0005,0.000,32.44,38.0,1,2065
209385577,-429.902,-429.902,0.0000,-0.0359,0.0000,-0.0005,0.000,32.44,38.0,1,2065
209386898,-429.902,-429.902,0.0000,0.0496,0.0000,-0.0005,0.000,32.44,38.0,1,2065
209387876,-429.902,-429.902,0.0000,0.0053,0.0000,-0.0005,0.000,32.44,38.0,1,2065
209388879,-429.902,-429.902,0.0000,-0.0420,0.0000,-0.0005,0.000,32.44,38.0,1,2065
209390199,-429.902,-429.902,0.0000,0.0557,0.0000,-0.0005,0.000,32.44,38.0,1,2065
209390568,-429.902,-429.902,0.0000,0.1228,0.0000,-0.0005,0.000,32.44,38.0,1,2065
209391882,-429.902,-429.902,0.0000,-0.0740,0.0000,-0.0005,0.000,32.44,38.0,1,2065
209392571,-429.902,-429.902,0.0000,-0.0191,0.0000,-0.0005,0.000,32.44,38.0,1,2065
209393887,-429.902,-429.902,0.0000,-0.0313,0.0000,-0.0005,0.000,32.44,38.0,1,2065
209394571,-429.902,-429.902,0.0000,0.0221,0.0000,-0.0005,0.000,32.44,38.0,1,2065
209395572,-429.902,-429.902,0.0000,0.0175,0.0000,-0.0005,0.000,32.44,38.0,1,2065
209396882,-429.902,-429.902,0.0000,0.0237,0.0000,-0.0005,0.000,32.44,38.0,1,2065
209397571,-429.902,-429.902,0.0000,-0.0206,0.0000,-0.0005,0.000,32.44,38.0,1,2065
209398571,-429.902,-429.902,0.0000,-0.0053,0.0000,-0.0005,0.000,32.44,38.0,1,2065
209399566,-429.902,-429.902,0.0000,0.0496,0.0000,-0.0005,0.000,32.44,38.0,1,2065
209400566,-429.902,-429.902,0.0000,-0.0435,0.0000,-0.0005,0.000,32.44,38.0,1,2065
209401889,-429.902,-429.902,0.0000,-0.1045,0.0000,-0.0005,0.000,32.44,38.0,1,2065
209402866,-429.902,-429.902,0.0000,0.0023,0.0000,-0.0005,0.000,32.44,38.0,1,2065
209403867,-429.902,-429.902,0.0000,0.0252,0.0000,-0.0005,0.000,32.44,38.0,1,2065
209404867,-429.902,-429.902,0.0000,-0.0343,0.0000,-0.0005,0.000,32.44,38.0,1,2065
209405880,-429.902,-429.902,0.0000,-0.0328,0.0000,-0.0005,0.000,32.44,38.0,1,2065
209407197,-429.902,-429.902,0.0000,0.0679,0.0000,-0.0005,0.000,32.44,38.0,1,2065
209407877,-429.902,-429.902,0.0000,-0.0343,0.0000,-0.0005,0.000,32.44,38.0,1,2065
209408877,-429.902,-429.902,0.0000,-0.0038,0.0000,-0.0005,0.000,32.44,38.0,1,2065
209410098,-429.902,-429.902,0.0000,-0.0359,0.0000,-0.0005,0.000,32.44,38.0,1,2065
209410543,-429.902,-429.902,0.0000,0.0359,0.0000,-0.0005,0.000,32.44,38.0,1,2065
209411861,-429.902,-429.902,0.0000,-0.0099,0.0000,-0.0005,0.000,32.44,38.0,1,2065
209412655,-429.902,-429.902,0.0000,-0.1396,0.0000,-0.0005,0.000,32.44,38.0,1,2065
209413900,-429.902,-429.902,0.0000,0.0725,0.0000,-0.0005,0.000,32.44,38.0,1,2065
209414546,-429.902,-429.902,0.0000,0.0008,0.0000,-0.0005,0.000,32.44,38.0,1,2065
209415554,-429.902,-429.902,0.0000,-0.0557,0.0000,-0.0005,0.000,32.44,38.0,1,2065
209416857,-429.902,-429.902,0.0000,0.0282,0.0000,-0.0005,0.000,32.44,38.0,1,2065
209417590,-429.902,-429.902,0.0000,-0.0694,0.0000,-0.0005,0.000,32.44,38.0,1,2065
209418547,-429.902,-429.902,0.0000,-0.0328,0.0000,-0.0005,0.000,32.44,38.0,1,2065
209419549,-429.902,-429.902,0.0000,0.0359,0.0000,-0.0005,0.000,32.44,38.0,1,2065
209420542,-429.902,-429.902,0.0000,0.0084,0.0000,-0.0005,0.000,32.44,38.0,1,2065
209421903,-429.902,-429.902,0.0000,-0.0160,0.0000,-0.0005,0.000,32.44,38.0,1,2065
209422546,-429.902,-429.902,0.0000,-0.0496,0.0000,-0.0005,0.000,32.44,38.0,1,2065
209423623,-429.902,-429.902,0.0000,-0.0435,0.0000,-0.0005,0.000,32.44,38.0,1,2065
209424543,-429.902,-429.902,0.0000,-0.0374,0.0000,-0.0005,0.000,32.44,38.0,1,2065
209425589,-429.902,-429.902,0.0000,0.1366,0.0000,-0.0005,0.000,32.44,38.0,1,2065
209426868,-429.902,-429.902,0.0000,-0.0908,0.0000,-0.0005,0.000,32.44,38.0,1,2065
209427555,-429.902,-429.902,0.0000,0.0206,0.0000,-0.0005,0.000,32.44,38.0,1,2065
209428547,-429.902,-429.902,0.0000,0.0221,0.0000,-0.0005,0.000,32.44,38.0,1,2065
209429902,-429.902,-429.902,0.0000,-0.0679,0.0000,-0.0005,0.000,32.44,38.0,1,2065
209430543,-429.902,-429.902,0.0000,0.0435,0.0000,-0.0005,0.000,32.44,38.0,1,2065
209431875,-429.902,-429.902,0.0000,-0.0465,0.0000,-0.0005,0.000,32.44,38.0,1,2065
209432544,-429.902,-429.902,0.0000,0.0420,0.0000,-0.0005,0.000,32.44,38.0,1,2065
209433960,-429.902,-429.902,0.0000,-0.0206,0.0000,-0.0005,0.000,32.44,38.0,1,2065
209434612,-429.902,-429.902,0.0000,-0.0542,0.0000,-0.0005,0.000,32.44,38.0,1,2065
209435548,-429.902,-429.902,0.0000,-0.0237,0.0000,-0.0005,0.000,32.44,38.0,1,2065
209436862,-429.902,-429.902,0.0000,0.0359,0.0000,-0.0005,0.000,32.44,38.0,1,2065
209437605,-429.902,-429.902,0.0000,0.0984,0.0000,-0.0005,0.000,32.44,38.0,1,2065
209438570,-429.902,-429.902,0.0000,-0.0511,0.0000,-0.0005,0.000,32.44,38.0,1,2065
209439565,-429.902,-429.902,0.0000,-0.0237,0.0000,-0.0005,0.000,32.44,38.0,1,2065
209440565,-429.902,-429.902,0.0000,0.1274,0.0000,-0.0005,0.000,32.44,38.0,1,2065
209441878,-429.902,-429.902,0.0000,-0.0404,0.0000,-0.0005,0.000,32.44,38.0,1,2065
209442568,-429.902,-429.902,0.0000,-0.0587,0.0000,-0.0005,0.000,32.44,38.0,1,2065
209443566,-429.902,-429.902,0.0000,0.0343,0.0000,-0.0005,0.000,32.44,38.0,1,2065
209444566,-429.902,-429.902,0.0000,0.0603,0.0000,-0.0005,0.000,32.44,38.0,1,2065
209445564,-429.902,-429.902,0.0000,0.0435,0.0000,-0.0005,0.000,32.44,38.0,1,2065
209446882,-429.902,-429.902,0.0000,-0.0999,0.0000,-0.0005,0.000,32.44,38.0,1,2065
209447569,-429.902,-429.902,0.0000,0.0130,0.0000,-0.0005,0.000,32.44,38.0,1,2065
209448570,-429.902,-429.902,0.0000,0.0526,0.0000,-0.0005,0.000,32.44,38.0,1,2065
209449880,-429.902,-429.902,0.0000,0.0526,0.0000,-0.0005,0.000,32.44,38.0,1,2065
209450566,-429.902,-429.902,0.0000,-0.1213,0.0000,-0.0005,0.000,32.44,38.0,1,2065
209451888,-429.902,-429.902,0.0000,-0.1106,0.0000,-0.0005,0.000,32.44,38.0,1,2065
209452864,-429.902,-429.902,0.0000,0.0771,0.0000,-0.0005,0.000,32.44,38.0,1,2065
209454186,-429.902,-429.902,0.0000,-0.0954,0.0000,-0.0005,0.000,32.44,38.0,1,2065
209454862,-429.902,-429.902,0.0000,0.0099,0.0000,-0.0005,0.000,32.44,38.0,1,2065
209455873,-429.902,-429.902,0.0000,0.1213,0.0000,-0.0005,0.000,32.44,38.0,1,2065
209457200,-429.902,-429.902,0.0000,-0.0145,0.0000,-0.0005,0.000,32.44,38.0,1,2065
209457876,-429.902,-429.902,0.0000,-0.0481,0.0000,-0.0005,0.000,32.44,38.0,1,2065
209458875,-429.902,-429.902,0.0000,0.0191,0.0000,-0.0005,0.000,32.44,38.0,1,2065
209459829,-429.902,-429.902,0.0000,-0.0587,0.0000,-0.0005,0.000,32.44,38.0,1,2065
209460863,-429.902,-429.902,0.0000,0.1091,0.0000,-0.0005,0.000,32.44,38.0,1,2065
209462190,-429.902,-429.902,0.0000,-0.0893,0.0000,-0.0005,0.000,32.44,38.0,1,2065
209462946,-429.902,-429.902,0.0000,-0.0053,0.0000,-0.0005,0.000,32.44,38.0,1,2065
209463810,-429.902,-429.902,0.0000,0.0481,0.0000,-0.0005,0.000,32.44,38.0,1,2065
209464887,-429.902,-429.902,0.0000,0.0145,0.0000,-0.0005,0.000,32.44,38.0,1,2065
209465863,-429.902,-429.902,0.0000,0.0862,0.0000,-0.0005,0.000,32.44,38.0,1,2065
209467199,-429.902,-429.902,0.0000,0.0114,0.0000,-0.0005,0.000,32.44,38.0,1,2065
209467861,-429.902,-429.902,0.0000,0.0694,0.0000,-0.0005,0.000,32.44,38.0,1,2065
209468892,-429.902,-429.902,0.0000,-0.0587,0.0000,-0.0005,0.000,32.44,38.0,1,2065
209470188,-429.902,-429.902,0.0000,-0.0084,0.0000,-0.0005,0.000,32.44,38.0,1,2065
209470550,-429.902,-429.902,0.0000,-0.0099,0.0000,-0.0005,0.000,32.44,38.0,1,2065
209471867,-429.902,-429.902,0.0000,0.0542,0.0000,-0.0005,0.000,32.44,38.0,1,2065
209472586,-429.902,-429.902,0.0000,0.0404,0.0000,-0.0005,0.000,32.44,38.0,1,2065
209473873,-429.902,-429.902,0.0000,0.0252,0.0000,-0.0005,0.000,32.44,38.0,1,2065
209474497,-429.902,-429.902,0.0000,-0.0267,0.0000,-0.0005,0.000,32.44,38.0,1,2065
209475547,-429.902,-429.902,0.0000,0.0130,0.0000,-0.0005,0.000,32.44,38.0,1,2065
209476866,-429.902,-429.902,0.0000,-0.0389,0.0000,-0.0005,0.000,32.44,38.0,1,2065
209477592,-429.902,-429.902,0.0000,-0.0404,0.0000,-0.0005,0.000,32.44,38.0,1,2065
209478548,-429.902,-429.902,0.0000,-0.0816,0.0000,-0.0005,0.000,32.44,38.0,1,2065
209479553,-429.902,-429.902,0.0000,-0.0160,0.0000,-0.0005,0.000,32.44,38.0,1,2065
209480542,-429.902,-429.902,0.0000,-0.0786,0.0000,-0.0005,0.000,32.44,38.0,1,2065
209481903,-429.902,-429.902,0.0000,-0.1411,0.0000,-0.0005,0.000,32.44,38.0,1,2065
209482862,-429.902,-429.902,0.0000,0.0221,0.0000,-0.0005,0.000,32.44,38.0,1,2065
209483953,-429.902,-429.902,0.0000,0.0145,0.0000,-0.0005,0.000,32.44,38.0,1,2065
209484933,-429.902,-429.902,0.0000,-0.0816,0.0000,-0.0005,0.000,32.44,38.0,1,2065
209485863,-429.902,-429.902,0.0000,0.0648,0.0000,-0.0005,0.000,32.44,38.0,1,2065
209487188,-429.902,-429.902,0.0000,-0.0099,0.0000,-0.0005,0.000,32.44,38.0,1,2065
209487859,-429.902,-429.902,0.0000,0.0694,0.0000,-0.0005,0.000,32.44,38.0,1,2065
209488936,-429.902,-429.902,0.0000,-0.0237,0.0000,-0.0005,0.000,32.44,38.0,1,2065
209490196,-429.902,-429.902,0.0000,0.0984,0.0000,-0.0005,0.000,32.44,38.0,1,2065
209490567,-429.902,-429.902,0.0000,-0.0359,0.0000,-0.0005,0.000,32.44,38.0,1,2065
209491884,-429.902,-429.902,0.0000,0.0832,0.0000,-0.0005,0.000,32.44,38.0,1,2065
209492872,-429.902,-429.902,0.0000,0.0008,0.0000,-0.0005,0.000,32.44,38.0,1,2065
209494196,-429.902,-429.902,0.0000,0.0893,0.0000,-0.0005,0.000,32.44,38.0,1,2065
209494867,-429.902,-429.902,0.0000,-0.0679,0.0000,-0.0005,0.000,32.44,38.0,1,2065
209495874,-429.902,-429.902,0.0000,-0.0694,0.0000,-0.0005,0.000,32.44,38.0,1,2065
209497199,-429.902,-429.902,0.0000,0.0053,0.0000,-0.0005,0.000,32.44,38.0,1,2065
209497872,-429.902,-429.902,0.0000,-0.0023,0.0000,-0.0005,0.000,32.44,38.0,1,2065
209498877,-429.902,-429.902,0.0000,-0.0221,0.0000,-0.0005,0.000,32.44,38.0,1,2065
209499875,-429.902,-429.902,0.0000,0.0389,0.0000,-0.0005,0.000,32.44,38.0,1,2065
209500872,-429.902,-429.902,0.0000,-0.0450,0.0000,-0.0005,0.000,32.44,38.0,1,2065
209502198,-429.902,-429.902,0.0000,-0.0267,0.0000,-0.0005,0.000,32.44,38.0,1,2065
209502869,-429.902,-429.902,0.0000,-0.0084,0.0000,-0.0005,0.000,32.44,38.0,1,2065
209503874,-429.902,-429.902,0.0000,0.0450,0.0000,-0.0005,0.000,32.44,38.0,1,2065
209504876,-429.902,-429.902,0.0000,-0.0420,0.0000,-0.0005,0.000,32.44,38.0,1,2065
209505873,-429.902,-429.902,0.0000,-0.0313,0.0000,-0.0005,0.000,32.44,38.0,1,2065
209507195,-429.902,-429.902,0.0000,-0.0542,0.0000,-0.0005,0.000,32.44,38.0,1,2065
209507875,-429.902,-429.902,0.0000,0.0191,0.0000,-0.0005,0.000,32.44,38.0,1,2065
209508874,-429.902,-429.902,0.0000,-0.0954,0.0000,-0.0005,0.000,32.44,38.0,1,2065
209510190,-429.902,-429.902,0.0000,0.0618,0.0000,-0.0005,0.000,32.44,38.0,1,2065
209510544,-429.902,-429.902,0.0000,-0.0542,0.0000,-0.0005,0.000,32.44,38.0,1,2065
209511860,-429.902,-429.902,0.0000,0.0191,0.0000,-0.0005,0.000,32.44,38.0,1,2065
209512542,-429.902,-429.902,0.0000,0.0038,0.0000,-0.0005,0.000,32.44,38.0,1,2065
209513891,-429.902,-429.902,0.0000,0.0771,0.0000,-0.0005,0.000,32.44,38.0,1,2065
209514871,-429.902,-429.902,0.0000,-0.0771,0.0000,-0.0005,0.000,32.44,38.0,1,2065
209515873,-429.902,-429.902,0.0000,0.0435,0.0000,-0.0005,0.000,32.44,38.0,1,2065
209517116,-429.902,-429.902,0.0000,0.0786,0.0000,-0.0005,0.000,32.38,38.0,1,2065
209517864,-429.902,-429.902,0.0000,-0.0420,0.0000,-0.0005,0.000,32.38,38.0,1,2065
209518863,-429.902,-429.902,0.0000,0.0069,0.0000,-0.0005,0.000,32.38,38.0,1,2065
209519982,-429.902,-429.902,0.0000,0.0099,0.0000,-0.0005,0.000,32.38,38.0,1,2065
209520883,-429.902,-429.902,0.0000,0.0694,0.0000,-0.0005,0.000,32.38,38.0,1,2065
209522193,-429.902,-429.902,0.0000,-0.0023,0.0000,-0.0005,0.000,32.38,38.0,1,2065
209522861,-429.902,-429.902,0.0000,0.0618,0.0000,-0.0005,0.000,32.38,38.0,1,2065
209523861,-429.902,-429.902,0.0000,-0.0435,0.0000,-0.0005,0.000,32.38,38.0,1,2065
209524893,-429.902,-429.902,0.0000,-0.0130,0.0000,-0.0005,0.000,32.38,38.0,1,2065
209525861,-429.902,-429.902,0.0000,0.0587,0.0000,-0.0005,0.000,32.38,38.0,1,2065
209527198,-429.902,-429.902,0.0000,-0.0130,0.0000,-0.0005,0.000,32.38,38.0,1,2065
209527860,-429.902,-429.902,0.0000,0.1015,0.0000,-0.0005,0.000,32.38,38.0,1,2065
209528888,-429.902,-429.902,0.0000,-0.0877,0.0000,-0.0005,0.000,32.38,38.0,1,2065
209530187,-429.902,-429.902,0.0000,0.0191,0.0000,-0.0005,0.000,32.38,38.0,1,2065
209530607,-429.902,-429.902,0.0000,-0.0786,0.0000,-0.0005,0.000,32.38,38.0,1,2065
209531930,-429.902,-429.902,0.0000,0.0267,0.0000,-0.0005,0.000,32.38,38.0,1,2065
209532546,-429.902,-429.902,0.0000,-0.0618,0.0000,-0.0005,0.000,32.38,38.0,1,2065
209533924,-429.902,-429.902,0.0000,-0.0252,0.0000,-0.0005,0.000,32.38,38.0,1,2065
209534861,-429.902,-429.902,0.0000,-0.0298,0.0000,-0.0005,0.000,32.38,38.0,1,2065
209535959,-429.902,-429.902,0.0000,-0.0252,0.0000,-0.0005,0.000,32.38,38.0,1,2065
209537190,-429.902,-429.902,0.0000,0.0191,0.0000,-0.0005,0.000,32.38,38.0,1,2065
209537857,-429.902,-429.902,0.0000,0.0053,0.0000,-0.0005,0.000,32.38,38.0,1,2065
209538862,-429.902,-429.902,0.0000,-0.0114,0.0000,-0.0005,0.000,32.38,38.0,1,2065
209539932,-429.902,-429.902,0.0000,-0.0526,0.0000,-0.0005,0.000,32.38,38.0,1,2065
209540872,-429.902,-429.902,0.0000,-0.0710,0.0000,-0.0005,0.000,32.38,38.0,1,2065
209542199,-429.902,-429.902,0.0000,0.0633,0.0000,-0.0005,0.000,32.38,38.0,1,2065
209542877,-429.902,-429.902,0.0000,-0.0267,0.0000,-0.0005,0.000,32.38,38.0,1,2065
209543872,-429.902,-429.902,0.0000,-0.0633,0.0000,-0.0005,0.000,32.38,38.0,1,2065
209544872,-429.902,-429.902,0.0000,0.0877,0.0000,-0.0005,0.000,32.38,38.0,1,2065
209545875,-429.902,-429.902,0.0000,-0.0145,0.0000,-0.0005,0.000,32.38,38.0,1,2065
209547197,-429.902,-429.902,0.0000,0.0740,0.0000,-0.0005,0.000,32.38,38.0,1,2065
209547872,-429.902,-429.902,0.0000,0.0557,0.0000,-0.0005,0.000,32.38,38.0,1,2065
209548875,-429.902,-429.902,0.0000,-0.0465,0.0000,-0.0005,0.000,32.38,38.0,1,2065
209550194,-429.902,-429.902,0.0000,0.1030,0.0000,-0.0005,0.000,32.38,38.0,1,2065
209550568,-429.902,-429.902,0.0000,-0.0237,0.0000,-0.0005,0.000,32.38,38.0,1,2065
209551886,-429.902,-429.902,0.0000,-0.0572,0.0000,-0.0005,0.000,32.38,38.0,1,2065
209552874,-429.902,-429.902,0.0000,0.0206,0.0000,-0.0005,0.000,32.38,38.0,1,2065
209554198,-429.902,-429.902,0.0000,-0.0267,0.0000,-0.0005,0.000,32.38,38.0,1,2065
209554867,-429.902,-429.902,0.0000,-0.1045,0.0000,-0.0005,0.000,32.38,38.0,1,2065
209555872,-429.902,-429.902,0.0000,0.0557,0.0000,-0.0005,0.000,32.38,38.0,1,2065
209557196,-429.902,-429.902,0.0000,-0.0725,0.0000,-0.0005,0.000,32.38,38.0,1,2065
209557872,-429.902,-429.902,0.0000,-0.0603,0.0000,-0.0005,0.000,32.38,38.0,1,2065
209558872,-429.902,-429.902,0.0000,0.0038,0.0000,-0.0005,0.000,32.38,38.0,1,2065
209559870,-429.902,-429.902,0.0000,-0.0313,0.0000,-0.0005,0.000,32.38,38.0,1,2065
209560872,-429.902,-429.902,0.0000,0.0252,0.0000,-0.0005,0.000,32.38,38.0,1,2065
209562193,-429.902,-429.902,0.0000,-0.1213,0.0000,-0.0005,0.000,32.38,38.0,1,2065
209562856,-429.902,-429.902,0.0000,-0.0023,0.0000,-0.0005,0.000,32.38,38.0,1,2065
209563860,-429.902,-429.902,0.0000,0.0435,0.0000,-0.0005,0.000,32.38,38.0,1,2065
209564859,-429.902,-429.902,0.0000,0.0450,0.0000,-0.0005,0.000,32.38,38.0,1,2065
209565873,-429.902,-429.902,0.0000,0.1244,0.0000,-0.0005,0.000,32.38,38.0,1,2065
209567193,-429.902,-429.902,0.0000,-0.1213,0.0000,-0.0005,0.000,32.38,38.0,1,2065
209567872,-429.902,-429.902,0.0000,0.0160,0.0000,-0.0005,0.000,32.38,38.0,1,2065
209568872,-429.902,-429.902,0.0000,-0.0145,0.0000,-0.0005,0.000,32.38,38.0,1,2065
209570094,-429.902,-429.902,0.0000,-0.0130,0.0000,-0.0005,0.000,32.38,38.0,1,2065
209570542,-429.902,-429.902,0.0000,0.0145,0.0000,-0.0005,0.000,32.38,38.0,1,2065
209571862,-429.902,-429.902,0.0000,-0.0130,0.0000,-0.0005,0.000,32.38,38.0,1,2065
209572665,-429.902,-429.902,0.0000,0.0114,0.0000,-0.0005,0.000,32.38,38.0,1,2065
209573908,-429.902,-429.902,0.0000,-0.1244,0.0000,-0.0005,0.000,32.38,38.0,1,2065
209574858,-429.902,-429.902,0.0000,-0.0160,0.0000,-0.0005,0.000,32.38,38.0,1,2065
209575865,-429.902,-429.902,0.0000,0.0420,0.0000,-0.0005,0.000,32.38,38.0,1,2065
209577182,-429.902,-429.902,0.0000,0.0160,0.0000,-0.0005,0.000,32.38,38.0,1,2065
209577737,-429.902,-429.902,0.0000,0.0023,0.0000,-0.0005,0.000,32.38,38.0,1,2065
209578880,-429.902,-429.902,0.0000,-0.0130,0.0000,-0.0005,0.000,32.38,38.0,1,2065
209579861,-429.902,-429.902,0.0000,0.0282,0.0000,-0.0005,0.000,32.38,38.0,1,2065
209580867,-429.902,-429.902,0.0000,-0.0206,0.0000,-0.0005,0.000,32.38,38.0,1,2065
209582192,-429.902,-429.902,0.0000,0.0542,0.0000,-0.0005,0.000,32.38,38.0,1,2065
209582932,-429.902,-429.902,0.0000,-0.1228,0.0000,-0.0005,0.000,32.38,38.0,1,2065
209583806,-429.902,-429.902,0.0000,-0.0359,0.0000,-0.0005,0.000,32.38,38.0,1,2065
209584879,-429.902,-429.902,0.0000,0.0435,0.0000,-0.0005,0.000,32.38,38.0,1,2065
209585860,-429.902,-429.902,0.0000,0.0725,0.0000,-0.0005,0.000,32.38,38.0,1,2065
209587283,-429.902,-429.902,0.0000,-0.0572,0.0000,-0.0005,0.000,32.38,38.0,1,2065
209587859,-429.902,-429.902,0.0000,-0.0435,0.0000,-0.0005,0.000,32.38,38.0,1,2065
209588858,-429.902,-429.902,0.0000,0.0053,0.0000,-0.0005,0.000,32.38,38.0,1,2065
209590184,-429.902,-429.902,0.0000,0.0694,0.0000,-0.0005,0.000,32.38,38.0,1,2065
209590541,-429.902,-429.902,0.0000,0.0145,0.0000,-0.0005,0.000,32.38,38.0,1,2065
209591924,-429.902,-429.902,0.0000,-0.0725,0.0000,-0.0005,0.000,32.38,38.0,1,2065
209592572,-429.902,-429.902,0.0000,0.1045,0.0000,-0.0005,0.000,32.38,38.0,1,2065
209593889,-429.902,-429.902,0.0000,-0.1274,0.0000,-0.0005,0.000,32.38,38.0,1,2065
209594874,-429.902,-429.902,0.0000,0.0099,0.0000,-0.0005,0.000,32.38,38.0,1,2065
209595869,-429.902,-429.902,0.0000,0.0237,0.0000,-0.0005,0.000,32.38,38.0,1,2065
209597195,-429.902,-429.902,0.0000,0.0710,0.0000,-0.0005,0.000,32.38,38.0,1,2065
209597869,-429.902,-429.902,0.0000,-0.0572,0.0000,-0.0005,0.000,32.38,38.0,1,2065
209598872,-429.902,-429.902,0.0000,-0.0206,0.0000,-0.0005,0.000,32.38,38.0,1,2065
209599871,-429.902,-429.902,0.0000,0.0191,0.0000,-0.0005,0.000,32.38,38.0,1,2065
209600871,-429.902,-429.902,0.0000,0.0298,0.0000,-0.0005,0.000,32.38,38.0,1,2065
209602197,-429.902,-429.902,0.0000,-0.0114,0.0000,-0.0005,0.000,32.38,38.0,1,2065
209602874,-429.902,-429.902,0.0000,-0.0175,0.0000,-0.0005,0.000,32.38,38.0,1,2065
209603868,-429.902,-429.902,0.0000,-0.0648,0.0000,-0.0005,0.000,32.38,38.0,1,2065
209604869,-429.902,-429.902,0.0000,0.0694,0.0000,-0.0005,0.000,32.38,38.0,1,2065
209605869,-429.902,-429.902,0.0000,-0.0389,0.0000,-0.0005,0.000,32.38,38.0,1,2065
209607195,-429.902,-429.902,0.0000,0.0603,0.0000,-0.0005,0.000,32.38,38.0,1,2065
209607872,-429.902,-429.902,0.0000,-0.1228,0.0000,-0.0005,0.000,32.38,38.0,1,2065
209608870,-429.902,-429.902,0.0000,0.1793,0.0000,-0.0005,0.000,32.38,38.0,1,2065
209610186,-429.902,-429.902,0.0000,-0.0618,0.0000,-0.0005,0.000,32.38,38.0,1,2065
209610569,-429.902,-429.902,0.0000,-0.0450,0.0000,-0.0005,0.000,32.38,38.0,1,2065
209611886,-429.902,-429.902,0.0000,0.1854,0.0000,-0.0005,0.000,32.38,38.0,1,2065
209612856,-429.902,-429.902,0.0000,-0.0084,0.0000,-0.0005,0.000,32.38,38.0,1,2065
209614180,-429.902,-429.902,0.0000,-0.0648,0.0000,-0.0005,0.000,32.38,38.0,1,2065
209614855,-429.902,-429.902,0.0000,-0.0435,0.0000,-0.0005,0.000,32.38,38.0,1,2065
209615868,-429.902,-429.902,0.0000,0.0618,0.0000,-0.0005,0.000,32.38,38.0,1,2065
209617189,-429.902,-429.902,0.0000,-0.0603,0.0000,-0.0005,0.000,32.38,38.0,1,2065
209617871,-429.902,-429.902,0.0000,-0.0038,0.0000,-0.0005,0.000,32.38,38.0,1,2065
209618868,-429.902,-429.902,0.0000,-0.0679,0.0000,-0.0005,0.000,32.38,38.0,1,2065
209619774,-429.902,-429.902,0.0000,-0.0008,0.0000,-0.0005,0.000,32.38,38.0,1,2065
209620860,-429.902,-429.902,0.0000,0.0145,0.0000,-0.0005,0.000,32.38,38.0,1,2065
209622187,-429.902,-429.902,0.0000,-0.0191,0.0000,-0.0005,0.000,32.38,38.0,1,2065
209622941,-429.902,-429.902,0.0000,0.0023,0.0000,-0.0005,0.000,32.38,38.0,1,2065
209623811,-429.902,-429.902,0.0000,-0.0435,0.0000,-0.0005,0.000,32.38,38.0,1,2065
209624880,-429.902,-429.902,0.0000,0.0664,0.0000,-0.0005,0.000,32.38,38.0,1,2065
209625858,-429.902,-429.902,0.0000,-0.1137,0.0000,-0.0005,0.000,32.38,38.0,1,2065
209627195,-429.902,-429.902,0.0000,0.0114,0.0000,-0.0005,0.000,32.38,38.0,1,2065
209627857,-429.902,-429.902,0.0000,0.0389,0.0000,-0.0005,0.000,32.38,38.0,1,2065
209628890,-429.902,-429.902,0.0000,0.1167,0.0000,-0.0005,0.000,32.38,38.0,1,2065
209630182,-429.902,-429.902,0.0000,-0.1213,0.0000,-0.0005,0.000,32.38,38.0,1,2065
209630550,-429.902,-429.902,0.0000,-0.1045,0.0000,-0.0005,0.000,32.38,38.0,1,2065
209631868,-429.902,-429.902,0.0000,0.1106,0.0000,-0.0005,0.000,32.38,38.0,1,2065
209632585,-429.902,-429.902,0.0000,0.0282,0.0000,-0.0005,0.000,32.38,38.0,1,2065
209633872,-429.902,-429.902,0.0000,-0.0084,0.0000,-0.0005,0.000,32.38,38.0,1,2065
209634554,-429.902,-429.902,0.0000,-0.1228,0.0000,-0.0005,0.000,32.38,38.0,1,2065
209635547,-429.902,-429.902,0.0000,0.0252,0.0000,-0.0005,0.000,32.38,38.0,1,2065
209636866,-429.902,-429.902,0.0000,0.1045,0.0000,-0.0005,0.000,32.38,38.0,1,2065
209637622,-429.902,-429.902,0.0000,0.0084,0.0000,-0.0005,0.000,32.38,38.0,1,2065
209638611,-429.902,-429.902,0.0000,0.0175,0.0000,-0.0005,0.000,32.38,38.0,1,2065
209639542,-429.902,-429.902,0.0000,0.0328,0.0000,-0.0005,0.000,32.38,38.0,1,2065
209640599,-429.902,-429.902,0.0000,0.0175,0.0000,-0.0005,0.000,32.38,38.0,1,2065
209641889,-429.902,-429.902,0.0000,0.0191,0.0000,-0.0005,0.000,32.38,38.0,1,2065
209642874,-429.902,-429.902,0.0000,-0.0160,0.0000,-0.0005,0.000,32.38,38.0,1,2065
209643871,-429.902,-429.902,0.0000,0.0633,0.0000,-0.0005,0.000,32.38,38.0,1,2065
209644870,-429.902,-429.902,0.0000,0.0435,0.0000,-0.0005,0.000,32.38,38.0,1,2065
209645871,-429.902,-429.902,0.0000,0.0771,0.0000,-0.0005,0.000,32.38,38.0,1,2065
209647192,-429.902,-429.902,0.0000,-0.0633,0.0000,-0.0005,0.000,32.38,38.0,1,2065
209647873,-429.902,-429.902,0.0000,0.0572,0.0000,-0.0005,0.000,32.38,38.0,1,2065
209648869,-429.902,-429.902,0.0000,0.0710,0.0000,-0.0005,0.000,32.38,38.0,1,2065
209650193,-429.902,-429.902,0.0000,-0.0526,0.0000,-0.0005,0.000,32.38,38.0,1,2065
209650569,-429.902,-429.902,0.0000,0.0786,0.0000,-0.0005,0.000,32.38,38.0,1,2065
209651881,-429.902,-429.902,0.0000,-0.0969,0.0000,-0.0005,0.000,32.38,38.0,1,2065
209652874,-429.902,-429.902,0.0000,-0.0786,0.0000,-0.0005,0.000,32.38,38.0,1,2065
209654194,-429.902,-429.902,0.0000,0.0221,0.0000,-0.0005,0.000,32.38,38.0,1,2065
209654876,-429.902,-429.902,0.0000,0.0145,0.0000,-0.0005,0.000,32.38,38.0,1,2065
209655869,-429.902,-429.902,0.0000,-0.1091,0.0000,-0.0005,0.000,32.38,38.0,1,2065
209657196,-429.902,-429.902,0.0000,0.0282,0.0000,-0.0005,0.000,32.38,38.0,1,2065
209657876,-429.902,-429.902,0.0000,-0.0404,0.0000,-0.0005,0.000,32.38,38.0,1,2065
209658869,-429.902,-429.902,0.0000,0.0694,0.0000,-0.0005,0.000,32.38,38.0,1,2065
209659871,-429.902,-429.902,0.0000,0.0526,0.0000,-0.0005,0.000,32.38,38.0,1,2065
209660873,-429.902,-429.902,0.0000,0.0069,0.0000,-0.0005,0.000,32.38,38.0,1,2065
209662182,-429.902,-429.902,0.0000,-0.0206,0.0000,-0.0005,0.000,32.38,38.0,1,2065
209662855,-429.902,-429.902,0.0000,-0.0038,0.0000,-0.0005,0.000,32.38,38.0,1,2065
209663858,-429.902,-429.902,0.0000,0.0252,0.0000,-0.0005,0.000,32.38,38.0,1,2065
209664868,-429.902,-429.902,0.0000,0.0587,0.0000,-0.0005,0.000,32.38,38.0,1,2065
209665864,-429.902,-429.902,0.0000,0.1030,0.0000,-0.0005,0.000,32.38,38.0,1,2065
209667192,-429.902,-429.902,0.0000,0.0008,0.0000,-0.0005,0.000,32.38,38.0,1,2065
209667871,-429.902,-429.902,0.0000,-0.0679,0.0000,-0.0005,0.000,32.38,38.0,1,2065
209668867,-429.902,-429.902,0.0000,0.0526,0.0000,-0.0005,0.000,32.38,38.0,1,2065
209670193,-429.902,-429.902,0.0000,0.0359,0.0000,-0.0005,0.000,32.38,38.0,1,2065
209670542,-429.902,-429.902,0.0000,0.0877,0.0000,-0.0005,0.000,32.38,38.0,1,2065
209671851,-429.902,-429.902,0.0000,-0.0572,0.0000,-0.0005,0.000,32.38,38.0,1,2065
209672871,-429.902,-429.902,0.0000,-0.0389,0.0000,-0.0005,0.000,32.38,38.0,1,2065
209674181,-429.902,-429.902,0.0000,0.0801,0.0000,-0.0005,0.000,32.38,38.0,1,2065
209674860,-429.902,-429.902,0.0000,0.0145,0.0000,-0.0005,0.000,32.38,38.0,1,2065
209675856,-429.902,-429.902,0.0000,-0.0084,0.0000,-0.0005,0.000,32.38,38.0,1,2065
209677210,-429.902,-429.902,0.0000,0.0053,0.0000,-0.0005,0.000,32.38,38.0,1,2065
209677853,-429.902,-429.902,0.0000,0.1030,0.0000,-0.0005,0.000,32.38,38.0,1,2065
209678861,-429.902,-429.902,0.0000,-0.0755,0.0000,-0.0005,0.000,32.38,38.0,1,2065
209679854,-429.902,-429.902,0.0000,0.0572,0.0000,-0.0005,0.000,32.38,38.0,1,2065
209680892,-429.902,-429.902,0.0000,-0.0755,0.0000,-0.0005,0.000,32.38,38.0,1,2065
209682186,-429.902,-429.902,0.0000,-0.0008,0.0000,-0.0005,0.000,32.38,38.0,1,2065
209682928,-429.902,-429.902,0.0000,0.0191,0.0000,-0.0005,0.000,32.38,38.0,1,2065
209683802,-429.902,-429.902,0.0000,0.0114,0.0000,-0.0005,0.000,32.38,38.0,1,2065
209684879,-429.902,-429.902,0.0000,-0.0359,0.0000,-0.0005,0.000,32.38,38.0,1,2065
209685856,-429.902,-429.902,0.0000,0.0725,0.0000,-0.0005,0.000,32.38,38.0,1,2065
209687194,-429.902,-429.902,0.0000,-0.0664,0.0000,-0.0005,0.000,32.38,38.0,1,2065
209687855,-429.902,-429.902,0.0000,0.1228,0.0000,-0.0005,0.000,32.38,38.0,1,2065
209688934,-429.902,-429.902,0.0000,-0.0771,0.0000,-0.0005,0.000,32.38,38.0,1,2065
209690209,-429.902,-429.902,0.0000,0.0587,0.0000,-0.0005,0.000,32.38,38.0,1,2065
209690543,-429.902,-429.902,0.0000,-0.0145,0.0000,-0.0005,0.000,32.38,38.0,1,2065
209691866,-429.902,-429.902,0.0000,0.0801,0.0000,-0.0005,0.000,32.38,38.0,1,2065
209692604,-429.902,-429.902,0.0000,-0.1289,0.0000,-0.0005,0.000,32.38,38.0,1,2065
209693890,-429.902,-429.902,0.0000,-0.0313,0.0000,-0.0005,0.000,32.38,38.0,1,2065
209694867,-429.902,-429.902,0.0000,0.0755,0.0000,-0.0005,0.000,32.38,38.0,1,2065
209695871,-429.902,-429.902,0.0000,-0.0206,0.0000,-0.0005,0.000,32.38,38.0,1,2065
209697198,-429.902,-429.902,0.0000,-0.0130,0.0000,-0.0005,0.000,32.38,38.0,1,2065
209697871,-429.902,-429.902,0.0000,-0.0801,0.0000,-0.0005,0.000,32.38,38.0,1,2065
209698868,-429.902,-429.902,0.0000,0.0526,0.0000,-0.0005,0.000,32.38,38.0,1,2065
209699872,-429.902,-429.902,0.0000,0.0465,0.0000,-0.0005,0.000,32.38,38.0,1,2065
209700869,-429.902,-429.902,0.0000,0.0145,0.0000,-0.0005,0.000,32.38,38.0,1,2065
209702203,-429.902,-429.902,0.0000,0.0725,0.0000,-0.0005,0.000,32.41,38.0,1,2065
209702871,-429.902,-429.902,0.0000,0.0862,0.0000,-0.0005,0.000,32.41,38.0,1,2065
209703868,-429.902,-429.902,0.0000,-0.1762,0.0000,-0.0005,0.000,32.41,38.0,1,2065
209704870,-429.902,-429.902,0.0000,0.0298,0.0000,-0.0005,0.000,32.41,38.0,1,2065
209705871,-429.902,-429.902,0.0000,0.0191,0.0000,-0.0005,0.000,32.41,38.0,1,2065
209707197,-429.902,-429.902,0.0000,0.0237,0.0000,-0.0005,0.000,32.41,38.0,1,2065
209707870,-429.902,-429.902,0.0000,0.1274,0.0000,-0.0005,0.000,32.41,38.0,1,2065
209708867,-429.902,-429.902,0.0000,-0.0969,0.0000,-0.0005,0.000,32.41,38.0,1,2065
209710188,-429.902,-429.902,0.0000,-0.0481,0.0000,-0.0005,0.000,32.41,38.0,1,2065
209710567,-429.902,-429.902,0.0000,-0.0206,0.0000,-0.0005,0.000,32.41,38.0,1,2065
209711884,-429.902,-429.902,0.0000,0.1305,0.0000,-0.0005,0.000,32.41,38.0,1,2065
209712875,-429.902,-429.902,0.0000,0.0053,0.0000,-0.0005,0.000,32.41,38.0,1,2065
209714185,-429.902,-429.902,0.0000,0.0267,0.0000,-0.0005,0.000,32.41,38.0,1,2065
209714855,-429.902,-429.902,0.0000,0.0740,0.0000,-0.0005,0.000,32.41,38.0,1,2065
209715857,-429.902,-429.902,0.0000,-0.0496,0.0000,-0.0005,0.000,32.41,38.0,1,2065
209717179,-429.902,-429.902,0.0000,-0.0847,0.0000,-0.0005,0.000,32.41,38.0,1,2065
209717867,-429.902,-429.902,0.0000,0.0587,0.0000,-0.0005,0.000,32.41,38.0,1,2065
209718864,-429.902,-429.902,0.0000,-0.0343,0.0000,-0.0005,0.000,32.41,38.0,1,2065
209719869,-429.902,-429.902,0.0000,0.0328,0.0000,-0.0005,0.000,32.41,38.0,1,2065
209720864,-429.902,-429.902,0.0000,0.0572,0.0000,-0.0005,0.000,32.41,38.0,1,2065
209722199,-429.902,-429.902,0.0000,0.0328,0.0000,-0.0005,0.000,32.41,38.0,1,2065
209722851,-429.902,-429.902,0.0000,0.0893,0.0000,-0.0005,0.000,32.41,38.0,1,2065
209723921,-429.902,-429.902,0.0000,-0.0084,0.0000,-0.0005,0.000,32.41,38.0,1,2065
209724880,-429.902,-429.902,0.0000,0.0237,0.0000,-0.0005,0.000,32.41,38.0,1,2065
209725854,-429.902,-429.902,0.0000,-0.0343,0.0000,-0.0005,0.000,32.41,38.0,1,2065
209727189,-429.902,-429.902,0.0000,0.1137,0.0000,-0.0005,0.000,32.41,38.0,1,2065
209727854,-429.902,-429.902,0.0000,0.0496,0.0000,-0.0005,0.000,32.41,38.0,1,2065
209728892,-429.902,-429.902,0.0000,0.0084,0.0000,-0.0005,0.000,32.41,38.0,1,2065
209730179,-429.902,-429.902,0.0000,-0.0633,0.0000,-0.0005,0.000,32.41,38.0,1,2065
209730550,-429.902,-429.902,0.0000,-0.0282,0.0000,-0.0005,0.000,32.41,38.0,1,2065
209731866,-429.902,-429.902,0.0000,0.0725,0.0000,-0.0005,0.000,32.41,38.0,1,2065
209732589,-429.902,-429.902,0.0000,0.0298,0.0000,-0.0005,0.000,32.41,38.0,1,2065
209733871,-429.902,-429.902,0.0000,-0.0511,0.0000,-0.0005,0.000,32.41,38.0,1,2065
209734500,-429.902,-429.902,0.0000,0.0084,0.0000,-0.0005,0.000,32.41,38.0,1,2065
209735547,-429.902,-429.902,0.0000,-0.0282,0.0000,-0.0005,0.000,32.41,38.0,1,2065
209736864,-429.902,-429.902,0.0000,-0.0313,0.0000,-0.0005,0.000,32.41,38.0,1,2065
209737593,-429.902,-429.902,0.0000,0.0923,0.0000,-0.0005,0.000,32.41,38.0,1,2065
209738548,-429.902,-429.902,0.0000,0.0023,0.0000,-0.0005,0.000,32.41,38.0,1,2065
209739643,-429.902,-429.902,0.0000,0.0496,0.0000,-0.0005,0.000,32.41,38.0,1,2065
209740542,-429.902,-429.902,0.0000,0.0237,0.0000,-0.0005,0.000,32.41,38.0,1,2065
209741901,-429.902,-429.902,0.0000,-0.0343,0.0000,-0.0005,0.000,32.41,38.0,1,2065
209742890,-429.902,-429.902,0.0000,-0.1381,0.0000,-0.0005,0.000,32.41,38.0,1,2065
209743869,-429.902,-429.902,0.0000,-0.1473,0.0000,-0.0005,0.000,32.41,38.0,1,2065
209744868,-429.902,-429.902,0.0000,-0.0389,0.0000,-0.0005,0.000,32.41,38.0,1,2065
209745872,-429.902,-429.902,0.0000,-0.0114,0.0000,-0.0005,0.000,32.41,38.0,1,2065
209747193,-429.902,-429.902,0.0000,-0.0313,0.0000,-0.0005,0.000,32.41,38.0,1,2065
209747876,-429.902,-429.902,0.0000,0.0313,0.0000,-0.0005,0.000,32.41,38.0,1,2065
209748869,-429.902,-429.902,0.0000,0.0832,0.0000,-0.0005,0.000,32.41,38.0,1,2065
209750194,-429.902,-429.902,0.0000,-0.0191,0.0000,-0.0005,0.000,32.41,38.0,1,2065
209750568,-429.902,-429.902,0.0000,-0.0160,0.0000,-0.0005,0.000,32.41,38.0,1,2065
209751882,-429.902,-429.902,0.0000,-0.0145,0.0000,-0.0005,0.000,32.41,38.0,1,2065
209752871,-429.902,-429.902,0.0000,0.0679,0.0000,-0.0005,0.000,32.41,38.0,1,2065
209754191,-429.902,-429.902,0.0000,0.0084,0.0000,-0.0005,0.000,32.41,38.0,1,2065
209754867,-429.902,-429.902,0.0000,-0.0130,0.0000,-0.0005,0.000,32.41,38.0,1,2065
209755869,-429.902,-429.902,0.0000,-0.0984,0.0000,-0.0005,0.000,32.41,38.0,1,2065
209757191,-429.902,-429.902,0.0000,-0.0282,0.0000,-0.0005,0.000,32.41,38.0,1,2065
209757875,-429.902,-429.902,0.0000,0.0404,0.0000,-0.0005,0.000,32.41,38.0,1,2065
209758869,-429.902,-429.902,0.0000,-0.0999,0.0000,-0.0005,0.000,32.41,38.0,1,2065
209759871,-429.902,-429.902,0.0000,0.0298,0.0000,-0.0005,0.000,32.41,38.0,1,2065
209760869,-429.902,-429.902,0.0000,0.0374,0.0000,-0.0005,0.000,32.41,38.0,1,2065
209762197,-429.902,-429.902,0.0000,0.0206,0.0000,-0.0005,0.000,32.41,38.0,1,2065
209762876,-429.902,-429.902,0.0000,0.0023,0.0000,-0.0005,0.000,32.41,38.0,1,2065
209763870,-429.902,-429.902,0.0000,0.0359,0.0000,-0.0005,0.000,32.41,38.0,1,2065
209764853,-429.902,-429.902,0.0000,-0.0404,0.0000,-0.0005,0.000,32.41,38.0,1,2065
209765853,-429.902,-429.902,0.0000,-0.0206,0.0000,-0.0005,0.000,32.41,38.0,1,2065
209767189,-429.902,-429.880,0.0000,0.1350,0.0000,-0.0005,0.000,32.41,38.0,1,2065
209767872,-429.880,-429.902,0.0000,-0.1518,0.0000,-0.0005,0.000,32.41,38.0,1,2065
209768869,-429.902,-429.902,0.0000,0.0771,0.0000,-0.0005,0.000,32.41,38.0,1,2065
209770190,-429.902,-429.902,0.0000,0.0252,0.0000,-0.0005,0.000,32.41,38.0,1,2065
209770567,-429.902,-429.902,0.0000,-0.0069,0.0000,-0.0005,0.000,32.41,38.0,1,2065
209771883,-429.902,-429.902,0.0000,0.0282,0.0000,-0.0005,0.000,32.41,38.0,1,2065
209772850,-429.902,-429.902,0.0000,0.0664,0.0000,-0.0005,0.000,32.41,38.0,1,2065
209774244,-429.902,-429.902,0.0000,-0.0938,0.0000,-0.0005,0.000,32.41,38.0,1,2065
209774764,-429.902,-429.902,0.0000,-0.0664,0.0000,-0.0005,0.000,32.41,38.0,1,2065
209775873,-429.902,-429.902,0.0000,0.0252,0.0000,-0.0005,0.000,32.41,38.0,1,2065
209777182,-429.902,-429.902,0.0000,0.0191,0.0000,-0.0005,0.000,32.41,38.0,1,2065
209777733,-429.902,-429.902,0.0000,-0.0954,0.0000,-0.0005,0.000,32.41,38.0,1,2065
209778872,-429.902,-429.902,0.0000,0.0526,0.0000,-0.0005,0.000,32.41,38.0,1,2065
209779852,-429.902,-429.902,0.0000,0.0587,0.0000,-0.0005,0.000,32.41,38.0,1,2065
209780857,-429.902,-429.902,0.0000,-0.0038,0.0000,-0.0005,0.000,32.41,38.0,1,2065
209782180,-429.902,-429.902,0.0000,0.0648,0.0000,-0.0005,0.000,32.41,38.0,1,2065
209782761,-429.902,-429.902,0.0000,-0.0343,0.0000,-0.0005,0.000,32.41,38.0,1,2065
209783873,-429.902,-429.902,0.0000,0.0252,0.0000,-0.0005,0.000,32.41,38.0,1,2065
209784852,-429.902,-429.902,0.0000,0.0679,0.0000,-0.0005,0.000,32.41,38.0,1,2065
209785939,-429.902,-429.902,0.0000,0.0389,0.0000,-0.0005,0.000,32.41,38.0,1,2065
209787186,-429.902,-429.902,0.0000,0.1274,0.0000,-0.0005,0.000,32.41,38.0,1,2065
209787740,-429.902,-429.902,0.0000,-0.1701,0.0000,-0.0005,0.000,32.41,38.0,1,2065
209788880,-429.902,-429.902,0.0000,-0.0053,0.0000,-0.0005,0.000,32.41,38.0,1,2065
209790176,-429.902,-429.902,0.0000,0.0526,0.0000,-0.0005,0.000,32.41,38.0,1,2065
209790619,-429.902,-429.902,0.0000,0.1671,0.0000,-0.0005,0.000,32.41,38.0,1,2065
209791931,-429.902,-429.902,0.0000,-0.0786,0.0000,-0.0005,0.000,32.41,38.0,1,2065
209792547,-429.902,-429.902,0.0000,-0.0175,0.0000,-0.0005,0.000,32.41,38.0,1,2065
209793867,-429.902,-429.902,0.0000,0.1015,0.0000,-0.0005,0.000,32.41,38.0,1,2065
209794928,-429.902,-429.902,0.0000,-0.0206,0.0000,-0.0005,0.000,32.41,38.0,1,2065
209795866,-429.902,-429.902,0.0000,0.0237,0.0000,-0.0005,0.000,32.41,38.0,1,2065
209797195,-429.902,-429.902,0.0000,-0.0008,0.0000,-0.0005,0.000,32.41,38.0,1,2065
209797872,-429.902,-429.902,0.0000,-0.0191,0.0000,-0.0005,0.000,32.41,38.0,1,2065
209798869,-429.902,-429.902,0.0000,0.0710,0.0000,-0.0005,0.000,32.41,38.0,1,2065
209799869,-429.902,-429.902,0.0000,0.0221,0.0000,-0.0005,0.000,32.41,38.0,1,2065
209800871,-429.902,-429.902,0.0000,-0.0038,0.0000,-0.0005,0.000,32.41,38.0,1,2065
209802195,-429.902,-429.902,0.0000,0.0099,0.0000,-0.0005,0.000,32.41,38.0,1,2065
209802871,-429.902,-429.902,0.0000,-0.0526,0.0000,-0.0005,0.000,32.41,38.0,1,2065
209803869,-429.902,-429.902,0.0000,0.0023,0.0000,-0.0005,0.000,32.41,38.0,1,2065
209804872,-429.902,-429.902,0.0000,-0.0298,0.0000,-0.0005,0.000,32.41,38.0,1,2065
209805867,-429.902,-429.902,0.0000,0.0694,0.0000,-0.0005,0.000,32.41,38.0,1,2065
209807195,-429.902,-429.902,0.0000,-0.0542,0.0000,-0.0005,0.000,32.41,38.0,1,2065
209807870,-429.902,-429.902,0.0000,0.1106,0.0000,-0.0005,0.000,32.41,38.0,1,2065
209808870,-429.902,-429.902,0.0000,-0.0664,0.0000,-0.0005,0.000,32.41,38.0,1,2065
209810194,-429.902,-429.902,0.0000,0.0099,0.0000,-0.0005,0.000,32.41,38.0,1,2065
209810569,-429.902,-429.902,0.0000,0.0893,0.0000,-0.0005,0.000,32.41,38.0,1,2065
209811884,-429.902,-429.902,0.0000,-0.0908,0.0000,-0.0005,0.000,32.41,38.0,1,2065
209812870,-429.902,-429.902,0.0000,-0.0771,0.0000,-0.0005,0.000,32.41,38.0,1,2065
209814197,-429.902,-429.902,0.0000,0.0206,0.0000,-0.0005,0.000,32.41,38.0,1,2065
209814872,-429.902,-429.902,0.0000,0.0511,0.0000,-0.0005,0.000,32.41,38.0,1,2065
209815869,-429.902,-429.902,0.0000,-0.0328,0.0000,-0.0005,0.000,32.41,38.0,1,2065
209817178,-429.902,-429.902,0.0000,0.1274,0.0000,-0.0005,0.000,32.41,38.0,1,2065
209817847,-429.902,-429.902,0.0000,0.0084,0.0000,-0.0005,0.000,32.41,38.0,1,2065
209818852,-429.902,-429.902,0.0000,-0.0023,0.0000,-0.0005,0.000,32.41,38.0,1,2065
209819876,-429.902,-429.902,0.0000,-0.0328,0.0000,-0.0005,0.000,32.41,38.0,1,2065
209820868,-429.902,-429.902,0.0000,0.0206,0.0000,-0.0005,0.000,32.41,38.0,1,2065
209822193,-429.902,-429.902,0.0000,-0.0145,0.0000,-0.0005,0.000,32.41,38.0,1,2065
209822871,-429.902,-429.902,0.0000,0.0511,0.0000,-0.0005,0.000,32.41,38.0,1,2065
209823764,-429.902,-429.902,0.0000,-0.0557,0.0000,-0.0005,0.000,32.41,38.0,1,2065
209824852,-429.902,-429.902,0.0000,0.1076,0.0000,-0.0005,0.000,32.41,38.0,1,2065
209825851,-429.902,-429.902,0.0000,-0.0282,0.0000,-0.0005,0.000,32.41,38.0,1,2065
209827229,-429.902,-429.902,0.0000,-0.0038,0.0000,-0.0005,0.000,32.41,38.0,1,2065
209827762,-429.902,-429.902,0.0000,0.0237,0.0000,-0.0005,0.000,32.41,38.0,1,2065
209828868,-429.902,-429.902,0.0000,-0.0343,0.0000,-0.0005,0.000,32.41,38.0,1,2065
209830174,-429.902,-429.902,0.0000,-0.0587,0.0000,-0.0005,0.000,32.41,38.0,1,2065
209830438,-429.902,-429.902,0.0000,-0.0420,0.0000,-0.0005,0.000,32.41,38.0,1,2065
209831887,-429.902,-429.902,0.0000,0.0145,0.0000,-0.0005,0.000,32.41,38.0,1,2065
209832849,-429.902,-429.902,0.0000,0.0923,0.0000,-0.0005,0.000,32.41,38.0,1,2065
209834175,-429.902,-429.902,0.0000,-0.0160,0.0000,-0.0005,0.000,32.41,38.0,1,2065
209834847,-429.902,-429.902,0.0000,0.0389,0.0000,-0.0005,0.000,32.41,38.0,1,2065
209835892,-429.902,-429.902,0.0000,0.0252,0.0000,-0.0005,0.000,32.41,38.0,1,2065
209837178,-429.902,-429.902,0.0000,-0.0786,0.0000,-0.0005,0.000,32.41,38.0,1,2065
209837923,-429.902,-429.902,0.0000,-0.1198,0.0000,-0.0005,0.000,32.41,38.0,1,2065
209838790,-429.902,-429.902,0.0000,-0.0267,0.0000,-0.0005,0.000,32.41,38.0,1,2065
209839871,-429.902,-429.902,0.0000,0.0328,0.0000,-0.0005,0.000,32.41,38.0,1,2065
209840849,-429.902,-429.902,0.0000,0.0572,0.0000,-0.0005,0.000,32.41,38.0,1,2065
209842271,-429.902,-429.902,0.0000,-0.0618,0.0000,-0.0005,0.000,32.41,38.0,1,2065
209842849,-429.902,-429.902,0.0000,0.0084,0.0000,-0.0005,0.000,32.41,38.0,1,2065
209843849,-429.902,-429.902,0.0000,-0.1091,0.0000,-0.0005,0.000,32.41,38.0,1,2065
209844852,-429.902,-429.902,0.0000,0.0023,0.0000,-0.0005,0.000,32.41,38.0,1,2065
209845927,-429.902,-429.902,0.0000,-0.0099,0.0000,-0.0005,0.000,32.41,38.0,1,2065
209847198,-429.902,-429.902,0.0000,-0.1045,0.0000,-0.0005,0.000,32.41,38.0,1,2065
209847864,-429.902,-429.902,0.0000,0.0511,0.0000,-0.0005,0.000,32.41,38.0,1,2065
209848870,-429.902,-429.902,0.0000,-0.0160,0.0000,-0.0005,0.000,32.41,38.0,1,2065
209850193,-429.902,-429.902,0.0000,0.0252,0.0000,-0.0005,0.000,32.41,38.0,1,2065
209850567,-429.902,-429.902,0.0000,0.1259,0.0000,-0.0005,0.000,32.41,38.0,1,2065
209851884,-429.902,-429.902,0.0000,-0.0374,0.0000,-0.0005,0.000,32.41,38.0,1,2065
209852872,-429.902,-429.902,0.0000,0.0069,0.0000,-0.0005,0.000,32.41,38.0,1,2065
209854195,-429.902,-429.902,0.0000,-0.0053,0.0000,-0.0005,0.000,32.41,38.0,1,2065
209854871,-429.902,-429.902,0.0000,0.0618,0.0000,-0.0005,0.000,32.41,38.0,1,2065
209855867,-429.902,-429.902,0.0000,-0.0816,0.0000,-0.0005,0.000,32.41,38.0,1,2065
209857194,-429.902,-429.902,0.0000,0.0099,0.0000,-0.0005,0.000,32.41,38.0,1,2065
209857873,-429.902,-429.902,0.0000,0.0191,0.0000,-0.0005,0.000,32.41,38.0,1,2065
209858869,-429.902,-429.902,0.0000,-0.0114,0.0000,-0.0005,0.000,32.41,38.0,1,2065
209859869,-429.902,-429.902,0.0000,0.0160,0.0000,-0.0005,0.000,32.41,38.0,1,2065
209860869,-429.902,-429.902,0.0000,-0.1183,0.0000,-0.0005,0.000,32.41,38.0,1,2065
209862194,-429.902,-429.902,0.0000,-0.0130,0.0000,-0.0005,0.000,32.41,38.0,1,2065
209862874,-429.902,-429.902,0.0000,0.0282,0.0000,-0.0005,0.000,32.41,38.0,1,2065
209863867,-429.902,-429.902,0.0000,0.0832,0.0000,-0.0005,0.000,32.41,38.0,1,2065
209864869,-429.902,-429.902,0.0000,-0.0221,0.0000,-0.0005,0.000,32.41,38.0,1,2065
209865870,-429.902,-429.902,0.0000,-0.0099,0.0000,-0.0005,0.000,32.41,38.0,1,2065
209867191,-429.902,-429.902,0.0000,-0.0389,0.0000,-0.0005,0.000,32.41,38.0,1,2065
209867872,-429.902,-429.902,0.0000,-0.0023,0.0000,-0.0005,0.000,32.41,38.0,1,2065
209868852,-429.902,-429.902,0.0000,0.0206,0.0000,-0.0005,0.000,32.41,38.0,1,2065
209870161,-429.902,-429.902,0.0000,0.0359,0.0000,-0.0005,0.000,32.41,38.0,1,2065
209870543,-429.902,-429.902,0.0000,-0.0053,0.0000,-0.0005,0.000,32.41,38.0,1,2065
209871880,-429.902,-429.902,0.0000,-0.0526,0.0000,-0.0005,0.000,32.41,38.0,1,2065
209872870,-429.902,-429.902,0.0000,-0.0526,0.0000,-0.0005,0.000,32.41,38.0,1,2065
209874191,-429.902,-429.902,0.0000,0.0328,0.0000,-0.0005,0.000,32.41,38.0,1,2065
209874872,-429.902,-429.902,0.0000,0.0206,0.0000,-0.0005,0.000,32.41,38.0,1,2065
209875875,-429.902,-429.902,0.0000,0.0740,0.0000,-0.0005,0.000,32.41,38.0,1,2065
209877178,-429.902,-429.902,0.0000,-0.0298,0.0000,-0.0005,0.000,32.41,38.0,1,2065
209877848,-429.902,-429.902,0.0000,0.0175,0.0000,-0.0005,0.000,32.41,38.0,1,2065
209878922,-429.902,-429.902,0.0000,-0.0069,0.0000,-0.0005,0.000,32.41,38.0,1,2065
209879877,-429.902,-429.902,0.0000,0.1396,0.0000,-0.0005,0.000,32.41,38.0,1,2065
209880849,-429.902,-429.902,0.0000,-0.0069,0.0000,-0.0005,0.000,32.41,38.0,1,2065
209882185,-429.902,-429.902,0.0000,-0.1274,0.0000,-0.0005,0.000,32.41,38.0,1,2065
209882845,-429.902,-429.902,0.0000,0.1091,0.0000,-0.0005,0.000,32.41,38.0,1,2065
209883893,-429.902,-429.902,0.0000,-0.0160,0.0000,-0.0005,0.000,32.41,38.0,1,2065
209884851,-429.902,-429.902,0.0000,0.0114,0.0000,-0.0005,0.000,32.41,38.0,1,2065
209885853,-429.902,-429.902,0.0000,0.0954,0.0000,-0.0005,0.000,32.41,38.0,1,2065
209887182,-429.902,-429.902,0.0000,-0.0481,0.0000,-0.0005,0.000,32.41,38.0,1,2065
209887759,-429.902,-429.902,0.0000,-0.0023,0.0000,-0.0005,0.000,32.41,38.0,1,2065
209888873,-429.902,-429.902,0.0000,0.0099,0.0000,-0.0005,0.000,32.41,38.0,1,2065
209890173,-429.902,-429.902,0.0000,0.0023,0.0000,-0.0005,0.000,32.41,38.0,1,2065
209890604,-429.902,-429.902,0.0000,0.0328,0.0000,-0.0005,0.000,32.41,38.0,1,2065
209891962,-429.902,-429.902,0.0000,-0.0282,0.0000,-0.0005,0.000,32.41,38.0,1,2065
209892849,-429.902,-429.902,0.0000,0.0832,0.0000,-0.0005,0.000,32.41,38.0,1,2065
209894171,-429.902,-429.902,0.0000,0.0069,0.0000,-0.0005,0.000,32.41,38.0,1,2065
209894848,-429.902,-429.902,0.0000,-0.0435,0.0000,-0.0005,0.000,32.41,38.0,1,2065
209895924,-429.902,-429.902,0.0000,-0.0801,0.0000,-0.0005,0.000,32.41,38.0,1,2065
209897196,-429.902,-429.902,0.0000,-0.0252,0.0000,-0.0005,0.000,32.41,38.0,1,2065
209897873,-429.902,-429.902,0.0000,-0.0008,0.0000,-0.0005,0.000,32.41,38.0,1,2065
209898865,-429.902,-429.902,0.0000,0.0648,0.0000,-0.0005,0.000,32.41,38.0,1,2065
209899867,-429.902,-429.902,0.0000,0.0465,0.0000,-0.0005,0.000,32.41,38.0,1,2065
209900867,-429.902,-429.902,0.0000,-0.0511,0.0000,-0.0005,0.000,32.41,38.0,1,2065
209902188,-429.902,-429.902,0.0000,-0.0023,0.0000,-0.0005,0.000,32.41,38.0,1,2065
209902872,-429.902,-429.902,0.0000,0.0282,0.0000,-0.0005,0.000,32.41,38.0,1,2065
209903867,-429.902,-429.902,0.0000,0.0389,0.0000,-0.0005,0.000,32.41,38.0,1,2065
209904867,-429.902,-429.902,0.0000,0.0420,0.0000,-0.0005,0.000,32.41,38.0,1,2065
209905867,-429.902,-429.902,0.0000,-0.0069,0.0000,-0.0005,0.000,32.41,38.0,1,2065
209907191,-429.902,-429.902,0.0000,-0.1320,0.0000,-0.0005,0.000,32.41,38.0,1,2065
209907871,-429.902,-429.902,0.0000,-0.0771,0.0000,-0.0005,0.000,32.41,38.0,1,2065
209908870,-429.902,-429.902,0.0000,-0.0267,0.0000,-0.0005,0.000,32.41,38.0,1,2065
209910191,-429.902,-429.902,0.0000,-0.0053,0.0000,-0.0005,0.000,32.41,38.0,1,2065
209910565,-429.902,-429.902,0.0000,0.0099,0.0000,-0.0005,0.000,32.41,38.0,1,2065
209911879,-429.902,-429.902,0.0000,-0.0404,0.0000,-0.0005,0.000,32.41,38.0,1,2065
209912871,-429.902,-429.902,0.0000,-0.0328,0.0000,-0.0005,0.000,32.41,38.0,1,2065
209914192,-429.902,-429.902,0.0000,-0.0389,0.0000,-0.0005,0.000,32.41,38.0,1,2065
209914871,-429.902,-429.902,0.0000,0.0053,0.0000,-0.0005,0.000,32.41,38.0,1,2065
209915869,-429.902,-429.902,0.0000,-0.0328,0.0000,-0.0005,0.000,32.41,38.0,1,2065
209917194,-429.902,-429.902,0.0000,0.0465,0.0000,-0.0005,0.000,32.41,38.0,1,2065
209917848,-429.902,-429.902,0.0000,-0.0175,0.0000,-0.0005,0.000,32.41,38.0,1,2065
209918848,-429.902,-429.902,0.0000,0.0175,0.0000,-0.0005,0.000,32.41,38.0,1,2065
209919850,-429.902,-429.902,0.0000,0.0450,0.0000,-0.0005,0.000,32.41,38.0,1,2065
209920867,-429.902,-429.902,0.0000,0.0084,0.0000,-0.0005,0.000,32.41,38.0,1,2065
209922196,-429.902,-429.902,0.0000,0.0755,0.0000,-0.0005,0.000,32.41,38.0,1,2065
209922872,-429.902,-429.902,0.0000,-0.0359,0.0000,-0.0005,0.000,32.41,38.0,1,2065
209923864,-429.902,-429.902,0.0000,-0.1106,0.0000,-0.0005,0.000,32.41,38.0,1,2065
209924872,-429.902,-429.902,0.0000,0.0374,0.0000,-0.0005,0.000,32.41,38.0,1,2065
209925849,-429.902,-429.902,0.0000,-0.0572,0.0000,-0.0005,0.000,32.41,38.0,1,2065
209927228,-429.902,-429.902,0.0000,0.0740,0.0000,-0.0005,0.000,32.38,38.0,1,2065
209927763,-429.902,-429.902,0.0000,0.0389,0.0000,-0.0005,0.000,32.38,38.0,1,2065
209928867,-429.902,-429.902,0.0000,-0.0389,0.0000,-0.0005,0.000,32.38,38.0,1,2065
209930171,-429.902,-429.902,0.0000,-0.0603,0.0000,-0.0005,0.000,32.38,38.0,1,2065
209930437,-429.902,-429.902,0.0000,0.0771,0.0000,-0.0005,0.000,32.38,38.0,1,2065
209931884,-429.902,-429.902,0.0000,0.0053,0.0000,-0.0005,0.000,32.38,38.0,1,2065
209932846,-429.902,-429.902,0.0000,-0.0435,0.0000,-0.0005,0.000,32.38,38.0,1,2065
209934174,-429.902,-429.902,0.0000,-0.0023,0.0000,-0.0005,0.000,32.38,38.0,1,2065
209934849,-429.902,-429.902,0.0000,-0.0725,0.0000,-0.0005,0.000,32.38,38.0,1,2065
209935890,-429.902,-429.902,0.0000,0.2113,0.0000,-0.0005,0.000,32.38,38.0,1,2065
209937171,-429.902,-429.902,0.0000,-0.0511,0.0000,-0.0005,0.000,32.38,38.0,1,2065
209937921,-429.902,-429.902,0.0000,0.0404,0.0000,-0.0005,0.000,32.38,38.0,1,2065
209938788,-429.902,-429.902,0.0000,0.0542,0.0000,-0.0005,0.000,32.38,38.0,1,2065
209939875,-429.902,-429.902,0.0000,-0.0694,0.0000,-0.0005,0.000,32.38,38.0,1,2065
209940846,-429.902,-429.902,0.0000,-0.0648,0.0000,-0.0005,0.000,32.38,38.0,1,2065
209942270,-429.902,-429.902,0.0000,-0.0435,0.0000,-0.0005,0.000,32.38,38.0,1,2065
209942849,-429.902,-429.902,0.0000,0.0755,0.0000,-0.0005,0.000,32.38,38.0,1,2065
209943846,-429.902,-429.902,0.0000,0.0465,0.0000,-0.0005,0.000,32.38,38.0,1,2065
209944845,-429.902,-429.902,0.0000,-0.0847,0.0000,-0.0005,0.000,32.38,38.0,1,2065
209945920,-429.902,-429.902,0.0000,-0.0511,0.0000,-0.0005,0.000,32.38,38.0,1,2065
209947191,-429.902,-429.902,0.0000,0.0313,0.0000,-0.0005,0.000,32.38,38.0,1,2065
209947861,-429.902,-429.902,0.0000,-0.0313,0.0000,-0.0005,0.000,32.38,38.0,1,2065
209948870,-429.902,-429.902,0.0000,-0.0465,0.0000,-0.0005,0.000,32.38,38.0,1,2065
209950190,-429.902,-429.902,0.0000,0.0999,0.0000,-0.0005,0.000,32.38,38.0,1,2065
209950561,-429.902,-429.902,0.0000,0.0114,0.0000,-0.0005,0.000,32.38,38.0,1,2065
209951884,-429.902,-429.902,0.0000,-0.0435,0.0000,-0.0005,0.000,32.38,38.0,1,2065
209952870,-429.902,-429.902,0.0000,-0.0572,0.0000,-0.0005,0.000,32.38,38.0,1,2065
209954194,-429.902,-429.902,0.0000,0.0099,0.0000,-0.0005,0.000,32.38,38.0,1,2065
209954898,-429.902,-429.902,0.0000,0.0114,0.0000,-0.0005,0.000,32.38,38.0,1,2065
209955869,-429.902,-429.902,0.0000,-0.0328,0.0000,-0.0005,0.000,32.38,38.0,1,2065
209957191,-429.902,-429.902,0.0000,0.0237,0.0000,-0.0005,0.000,32.38,38.0,1,2065
209957864,-429.902,-429.902,0.0000,-0.0191,0.0000,-0.0005,0.000,32.38,38.0,1,2065
209958870,-429.902,-429.902,0.0000,0.0313,0.0000,-0.0005,0.000,32.38,38.0,1,2065
209959868,-429.902,-429.902,0.0000,0.0557,0.0000,-0.0005,0.000,32.38,38.0,1,2065
209960870,-429.902,-429.902,0.0000,0.0496,0.0000,-0.0005,0.000,32.38,38.0,1,2065
209962188,-429.902,-429.902,0.0000,-0.0771,0.0000,-0.0005,0.000,32.38,38.0,1,2065
209962897,-429.902,-429.902,0.0000,0.0587,0.0000,-0.0005,0.000,32.38,38.0,1,2065
209963870,-429.902,-429.902,0.0000,-0.0008,0.0000,-0.0005,0.000,32.38,38.0,1,2065
209964871,-429.902,-429.902,0.0000,0.0023,0.0000,-0.0005,0.000,32.38,38.0,1,2065
209965870,-429.902,-429.902,0.0000,0.0465,0.0000,-0.0005,0.000,32.38,38.0,1,2065
209967187,-429.902,-429.902,0.0000,0.0420,0.0000,-0.0005,0.000,32.38,38.0,1,2065
209967870,-429.902,-429.902,0.0000,0.0069,0.0000,-0.0005,0.000,32.38,38.0,1,2065
209968850,-429.902,-429.902,0.0000,-0.0420,0.0000,-0.0005,0.000,32.38,38.0,1,2065
209970159,-429.902,-429.902,0.0000,-0.0420,0.0000,-0.0005,0.000,32.38,38.0,1,2065
209970543,-429.902,-429.902,0.0000,-0.0267,0.0000,-0.0005,0.000,32.38,38.0,1,2065
209971878,-429.902,-429.902,0.0000,0.0008,0.0000,-0.0005,0.000,32.38,38.0,1,2065
209972870,-429.902,-429.902,0.0000,-0.0008,0.0000,-0.0005,0.000,32.38,38.0,1,2065
209974187,-429.902,-429.902,0.0000,-0.1045,0.0000,-0.0005,0.000,32.38,38.0,1,2065
209974870,-429.902,-429.902,0.0000,0.0542,0.0000,-0.0005,0.000,32.38,38.0,1,2065
209975807,-429.902,-429.902,0.0000,-0.0862,0.0000,-0.0005,0.000,32.38,38.0,1,2065
209977173,-429.902,-429.902,0.0000,-0.0404,0.0000,-0.0005,0.000,32.38,38.0,1,2065
209977845,-429.902,-429.902,0.0000,-0.0481,0.0000,-0.0005,0.000,32.38,38.0,1,2065
209978966,-429.902,-429.902,0.0000,-0.0053,0.0000,-0.0005,0.000,32.38,38.0,1,2065
209979880,-429.902,-429.902,0.0000,-0.0191,0.0000,-0.0005,0.000,32.38,38.0,1,2065
209980846,-429.902,-429.902,0.0000,-0.0130,0.0000,-0.0005,0.000,32.38,38.0,1,2065
209982182,-429.902,-429.902,0.0000,0.0008,0.0000,-0.0005,0.000,32.38,38.0,1,2065
209982848,-429.902,-429.902,0.0000,-0.0267,0.0000,-0.0005,0.000,32.38,38.0,1,2065
209983917,-429.902,-429.902,0.0000,0.0313,0.0000,-0.0005,0.000,32.38,38.0,1,2065
209984844,-429.902,-429.902,0.0000,0.0618,0.0000,-0.0005,0.000,32.38,38.0,1,2065
209985852,-429.902,-429.902,0.0000,0.0221,0.0000,-0.0005,0.000,32.38,38.0,1,2065
209987173,-429.902,-429.902,0.0000,-0.0237,0.0000,-0.0005,0.000,32.38,38.0,1,2065
209987755,-429.902,-429.902,0.0000,-0.1320,0.0000,-0.0005,0.000,32.38,38.0,1,2065
209988873,-429.902,-429.902,0.0000,0.1198,0.0000,-0.0005,0.000,32.38,38.0,1,2065
209990170,-429.902,-429.902,0.0000,-0.0633,0.0000,-0.0005,0.000,32.38,38.0,1,2065
209990605,-429.902,-429.902,0.0000,-0.0526,0.0000,-0.0005,0.000,32.38,38.0,1,2065
209991966,-429.902,-429.902,0.0000,0.0328,0.0000,-0.0005,0.000,32.38,38.0,1,2065
209992848,-429.902,-429.902,0.0000,0.0542,0.0000,-0.0005,0.000,32.38,38.0,1,2065
209994169,-429.902,-429.902,0.0000,0.0145,0.0000,-0.0005,0.000,32.38,38.0,1,2065
209994847,-429.902,-429.902,0.0000,-0.1152,0.0000,-0.0005,0.000,32.38,38.0,1,2065
209995921,-429.902,-429.902,0.0000,0.1167,0.0000,-0.0005,0.000,32.38,38.0,1,2065
209997188,-429.902,-429.902,0.0000,0.1060,0.0000,-0.0005,0.000,32.38,38.0,1,2065
209997897,-429.902,-429.902,0.0000,-0.0343,0.0000,-0.0005,0.000,32.38,38.0,1,2065
209998868,-429.902,-429.902,0.0000,0.0008,0.0000,-0.0005,0.000,32.38,38.0,1,2065
209999868,-429.902,-429.902,0.0000,0.0298,0.0000,-0.0005,0.000,32.38,38.0,1,2065
210000868,-429.902,-429.902,0.0000,-0.0740,0.0000,-0.0005,0.000,32.38,38.0,1,2065
210002187,-429.902,-429.902,0.0000,-0.0359,0.0000,-0.0005,0.000,32.38,38.0,1,2065
210002896,-429.902,-429.902,0.0000,0.0069,0.0000,-0.0005,0.000,32.38,38.0,1,2065
210003869,-429.902,-429.902,0.0000,-0.0282,0.0000,-0.0005,0.000,32.38,38.0,1,2065
210004868,-429.902,-429.902,0.0000,-0.0313,0.0000,-0.0005,0.000,32.38,38.0,1,2065
210005871,-429.902,-429.902,0.0000,0.0023,0.0000,-0.0005,0.000,32.38,38.0,1,2065
210007191,-429.902,-429.902,0.0000,-0.1640,0.0000,-0.0005,0.000,32.38,38.0,1,2065
210007864,-429.902,-429.902,0.0000,0.0008,0.0000,-0.0005,0.000,32.38,38.0,1,2065
210008868,-429.902,-429.902,0.0000,-0.0084,0.0000,-0.0005,0.000,32.38,38.0,1,2065
210010191,-429.902,-429.902,0.0000,-0.0328,0.0000,-0.0005,0.000,32.38,38.0,1,2065
210010557,-429.902,-429.902,0.0000,0.0343,0.0000,-0.0005,0.000,32.38,38.0,1,2065
210011882,-429.902,-429.902,0.0000,-0.0023,0.0000,-0.0005,0.000,32.38,38.0,1,2065
210012897,-429.902,-429.902,0.0000,0.0237,0.0000,-0.0005,0.000,32.38,38.0,1,2065
210014200,-429.902,-429.902,0.0000,-0.0633,0.0000,-0.0005,0.000,32.38,38.0,1,2065
210014900,-429.902,-429.902,0.0000,0.0496,0.0000,-0.0005,0.000,32.38,38.0,1,2065
210015871,-429.902,-429.902,0.0000,-0.0053,0.0000,-0.0005,0.000,32.38,38.0,1,2065
210017192,-429.902,-429.902,0.0000,-0.0542,0.0000,-0.0005,0.000,32.38,38.0,1,2065
210017848,-429.902,-429.902,0.0000,0.0023,0.0000,-0.0005,0.000,32.38,38.0,1,2065
210018845,-429.902,-429.902,0.0000,0.0038,0.0000,-0.0005,0.000,32.38,38.0,1,2065
210019845,-429.902,-429.902,0.0000,-0.1076,0.0000,-0.0005,0.000,32.38,38.0,1,2065
210020872,-429.902,-429.902,0.0000,0.0252,0.0000,-0.0005,0.000,32.38,38.0,1,2065
210022191,-429.902,-429.902,0.0000,-0.0771,0.0000,-0.0005,0.000,32.38,38.0,1,2065
210022897,-429.902,-429.902,0.0000,0.1106,0.0000,-0.0005,0.000,32.38,38.0,1,2065
210023868,-429.902,-429.902,0.0000,-0.0084,0.0000,-0.0005,0.000,32.38,38.0,1,2065
210024870,-429.902,-429.902,0.0000,0.1030,0.0000,-0.0005,0.000,32.38,38.0,1,2065
210025872,-429.902,-429.902,0.0000,-0.1198,0.0000,-0.0005,0.000,32.38,38.0,1,2065
210027174,-429.902,-429.902,0.0000,-0.0252,0.0000,-0.0005,0.000,32.38,38.0,1,2065
210027930,-429.902,-429.902,0.0000,-0.0328,0.0000,-0.0005,0.000,32.38,38.0,1,2065
210028795,-429.902,-429.902,0.0000,-0.0816,0.0000,-0.0005,0.000,32.38,38.0,1,2065
210030201,-429.902,-429.902,0.0000,0.0816,0.0000,-0.0005,0.000,32.38,38.0,1,2065
210030542,-429.902,-429.902,0.0000,0.0282,0.0000,-0.0005,0.000,32.38,38.0,1,2065
210031876,-429.902,-429.902,0.0000,-0.0099,0.0000,-0.0005,0.000,32.38,38.0,1,2065
210032847,-429.902,-429.902,0.0000,-0.0145,0.0000,-0.0005,0.000,32.38,38.0,1,2065
210034212,-429.902,-429.902,0.0000,-0.0160,0.0000,-0.0005,0.000,32.38,38.0,1,2065
210034851,-429.902,-429.902,0.0000,0.0084,0.0000,-0.0005,0.000,32.38,38.0,1,2065
210035854,-429.902,-429.902,0.0000,0.0008,0.0000,-0.0005,0.000,32.38,38.0,1,2065
210037165,-429.902,-429.902,0.0000,0.0435,0.0000,-0.0005,0.000,32.38,38.0,1,2065
210037751,-429.902,-429.902,0.0000,-0.0526,0.0000,-0.0005,0.000,32.38,38.0,1,2065
210038869,-429.902,-429.902,0.0000,-0.0084,0.0000,-0.0005,0.000,32.38,38.0,1,2065
210039845,-429.902,-429.902,0.0000,0.0374,0.0000,-0.0005,0.000,32.38,38.0,1,2065
210040939,-429.902,-429.902,0.0000,0.0740,0.0000,-0.0005,0.000,32.38,38.0,1,2065
210042246,-429.902,-429.902,0.0000,-0.0816,0.0000,-0.0005,0.000,32.38,38.0,1,2065
210042851,-429.902,-429.902,0.0000,-0.0191,0.0000,-0.0005,0.000,32.38,38.0,1,2065
210043845,-429.902,-429.902,0.0000,0.0175,0.0000,-0.0005,0.000,32.38,38.0,1,2065
210044848,-429.902,-429.902,0.0000,-0.0160,0.0000,-0.0005,0.000,32.38,38.0,1,2065
210045918,-429.902,-429.902,0.0000,-0.0755,0.0000,-0.0005,0.000,32.38,38.0,1,2065
210047195,-429.902,-429.902,0.0000,-0.0206,0.0000,-0.0005,0.000,32.38,38.0,1,2065
210047898,-429.902,-429.902,0.0000,0.0679,0.0000,-0.0005,0.000,32.38,38.0,1,2065
210048869,-429.902,-429.902,0.0000,-0.0664,0.0000,-0.0005,0.000,32.38,38.0,1,2065
210050194,-429.902,-429.902,0.0000,0.0557,0.0000,-0.0005,0.000,32.38,38.0,1,2065
210050566,-429.902,-429.902,0.0000,-0.0465,0.0000,-0.0005,0.000,32.38,38.0,1,2065
210051884,-429.902,-429.902,0.0000,-0.1045,0.0000,-0.0005,0.000,32.38,38.0,1,2065
210052898,-429.902,-429.902,0.0000,-0.1122,0.0000,-0.0005,0.000,32.38,38.0,1,2065
210054191,-429.902,-429.902,0.0000,-0.0221,0.0000,-0.0005,0.000,32.38,38.0,1,2065
210054897,-429.902,-429.902,0.0000,0.0771,0.0000,-0.0005,0.000,32.38,38.0,1,2065
210055870,-429.902,-429.902,0.0000,0.0145,0.0000,-0.0005,0.000,32.38,38.0,1,2065
210057189,-429.902,-429.902,0.0000,0.0237,0.0000,-0.0005,0.000,32.38,38.0,1,2065
210057897,-429.902,-429.902,0.0000,0.0893,0.0000,-0.0005,0.000,32.38,38.0,1,2065
210058869,-429.902,-429.902,0.0000,-0.0893,0.0000,-0.0005,0.000,32.38,38.0,1,2065
210059869,-429.902,-429.902,0.0000,-0.0603,0.0000,-0.0005,0.000,32.38,38.0,1,2065
210060871,-429.902,-429.902,0.0000,-0.0038,0.0000,-0.0005,0.000,32.38,38.0,1,2065
210062189,-429.902,-429.902,0.0000,-0.0740,0.0000,-0.0005,0.000,32.38,38.0,1,2065
210062896,-429.902,-429.902,0.0000,0.0053,0.0000,-0.0005,0.000,32.38,38.0,1,2065
210063870,-429.902,-429.902,0.0000,-0.0221,0.0000,-0.0005,0.000,32.38,38.0,1,2065
210064870,-429.902,-429.902,0.0000,-0.0038,0.0000,-0.0005,0.000,32.38,38.0,1,2065
210065871,-429.902,-429.902,0.0000,0.0221,0.0000,-0.0005,0.000,32.38,38.0,1,2065
210067196,-429.902,-429.902,0.0000,-0.0191,0.0000,-0.0005,0.000,32.38,38.0,1,2065
210067849,-429.902,-429.902,0.0000,-0.0267,0.0000,-0.0005,0.000,32.38,38.0,1,2065
210068846,-429.902,-429.902,0.0000,-0.0679,0.0000,-0.0005,0.000,32.38,38.0,1,2065
210070154,-429.902,-429.902,0.0000,-0.0374,0.0000,-0.0005,0.000,32.38,38.0,1,2065
210070553,-429.902,-429.902,0.0000,0.0298,0.0000,-0.0005,0.000,32.38,38.0,1,2065
210071885,-429.902,-429.902,0.0000,-0.0298,0.0000,-0.0005,0.000,32.38,38.0,1,2065
210072570,-429.902,-429.902,0.0000,0.0572,0.0000,-0.0005,0.000,32.38,38.0,1,2065
210073887,-429.902,-429.902,0.0000,-0.0053,0.0000,-0.0005,0.000,32.38,38.0,1,2065
210074900,-429.902,-429.902,0.0000,-0.0160,0.0000,-0.0005,0.000,32.38,38.0,1,2065
210075847,-429.902,-429.902,0.0000,-0.0587,0.0000,-0.0005,0.000,32.38,38.0,1,2065
210077278,-429.902,-429.902,0.0000,0.0084,0.0000,-0.0005,0.000,32.41,38.0,1,2065
210077750,-429.902,-429.902,0.0000,0.0160,0.0000,-0.0005,0.000,32.41,38.0,1,2065
210078873,-429.902,-429.902,0.0000,0.0237,0.0000,-0.0005,0.000,32.41,38.0,1,2065
210079849,-429.902,-429.902,0.0000,-0.0160,0.0000,-0.0005,0.000,32.41,38.0,1,2065
210080852,-429.902,-429.902,0.0000,-0.0816,0.0000,-0.0005,0.000,32.41,38.0,1,2065
210082173,-429.902,-429.902,0.0000,0.0175,0.0000,-0.0005,0.000,32.41,38.0,1,2065
210082757,-429.902,-429.902,0.0000,0.0237,0.0000,-0.0005,0.000,32.41,38.0,1,2065
210083871,-429.902,-429.902,0.0000,0.0389,0.0000,-0.0005,0.000,32.41,38.0,1,2065
210084848,-429.902,-429.902,0.0000,0.0404,0.0000,-0.0005,0.000,32.41,38.0,1,2065
210085856,-429.902,-429.902,0.0000,0.0160,0.0000,-0.0005,0.000,32.41,38.0,1,2065
210087175,-429.902,-429.902,0.0000,-0.1473,0.0000,-0.0005,0.000,32.41,38.0,1,2065
210087917,-429.902,-429.902,0.0000,0.0282,0.0000,-0.0005,0.000,32.41,38.0,1,2065
210088835,-429.902,-429.902,0.0000,0.0313,0.0000,-0.0005,0.000,32.41,38.0,1,2065
210090173,-429.902,-429.902,0.0000,-0.0114,0.0000,-0.0005,0.000,32.41,38.0,1,2065
210090543,-429.902,-429.902,0.0000,0.0221,0.0000,-0.0005,0.000,32.41,38.0,1,2065
210091957,-429.902,-429.902,0.0000,0.0862,0.0000,-0.0005,0.000,32.41,38.0,1,2065
210092849,-429.902,-429.902,0.0000,-0.0328,0.0000,-0.0005,0.000,32.41,38.0,1,2065
210094168,-429.902,-429.902,0.0000,-0.0298,0.0000,-0.0005,0.000,32.41,38.0,1,2065
210094850,-429.902,-429.902,0.0000,0.0359,0.0000,-0.0005,0.000,32.41,38.0,1,2065
210095918,-429.902,-429.902,0.0000,-0.0267,0.0000,-0.0005,0.000,32.41,38.0,1,2065
210097187,-429.902,-429.902,0.0000,-0.0038,0.0000,-0.0005,0.000,32.41,38.0,1,2065
210097897,-429.902,-429.902,0.0000,0.0175,0.0000,-0.0005,0.000,32.41,38.0,1,2065
210098870,-429.902,-429.902,0.0000,-0.0664,0.0000,-0.0005,0.000,32.41,38.0,1,2065
210099869,-429.902,-429.902,0.0000,0.0282,0.0000,-0.0005,0.000,32.41,38.0,1,2065
210100868,-429.902,-429.902,0.0000,-0.0740,0.0000,-0.0005,0.000,32.41,38.0,1,2065
210102211,-429.902,-429.902,0.0000,0.0374,0.0000,-0.0005,0.000,32.38,38.0,1,2065
210102900,-429.902,-429.902,0.0000,-0.0450,0.0000,-0.0005,0.000,32.38,38.0,1,2065
210103868,-429.902,-429.902,0.0000,0.0786,0.0000,-0.0005,0.000,32.38,38.0,1,2065
210104867,-429.902,-429.902,0.0000,-0.1152,0.0000,-0.0005,0.000,32.38,38.0,1,2065
210105870,-429.902,-429.902,0.0000,-0.0374,0.0000,-0.0005,0.000,32.38,38.0,1,2065
210107184,-429.902,-429.902,0.0000,0.0786,0.0000,-0.0005,0.000,32.38,38.0,1,2065
210107897,-429.902,-429.902,0.0000,0.0206,0.0000,-0.0005,0.000,32.38,38.0,1,2065
210108870,-429.902,-429.902,0.0000,-0.0740,0.0000,-0.0005,0.000,32.38,38.0,1,2065
210110191,-429.902,-429.902,0.0000,0.0175,0.0000,-0.0005,0.000,32.38,38.0,1,2065
210110567,-429.902,-429.902,0.0000,0.0298,0.0000,-0.0005,0.000,32.38,38.0,1,2065
210111884,-429.902,-429.902,0.0000,0.0053,0.0000,-0.0005,0.000,32.38,38.0,1,2065
210112898,-429.902,-429.902,0.0000,-0.0023,0.0000,-0.0005,0.000,32.38,38.0,1,2065
210114197,-429.902,-429.902,0.0000,-0.0618,0.0000,-0.0005,0.000,32.38,38.0,1,2065
210114898,-429.902,-429.902,0.0000,0.1289,0.0000,-0.0005,0.000,32.38,38.0,1,2065
210115869,-429.902,-429.902,0.0000,-0.0038,0.0000,-0.0005,0.000,32.38,38.0,1,2065
210117189,-429.902,-429.902,0.0000,0.1091,0.0000,-0.0005,0.000,32.38,38.0,1,2065
210117848,-429.902,-429.902,0.0000,-0.0374,0.0000,-0.0005,0.000,32.38,38.0,1,2065
210118845,-429.902,-429.902,0.0000,0.0237,0.0000,-0.0005,0.000,32.38,38.0,1,2065
210119845,-429.902,-429.902,0.0000,0.0435,0.0000,-0.0005,0.000,32.38,38.0,1,2065
210120868,-429.902,-429.902,0.0000,0.0694,0.0000,-0.0005,0.000,32.38,38.0,1,2065
210122194,-429.902,-429.902,0.0000,-0.0130,0.0000,-0.0005,0.000,32.38,38.0,1,2065
210122896,-429.902,-429.902,0.0000,0.0084,0.0000,-0.0005,0.000,32.38,38.0,1,2065
210123865,-429.902,-429.902,0.0000,-0.1640,0.0000,-0.0005,0.000,32.38,38.0,1,2065
210124805,-429.902,-429.902,0.0000,0.1289,0.0000,-0.0005,0.000,32.38,38.0,1,2065
210125845,-429.902,-429.902,0.0000,0.0053,0.0000,-0.0005,0.000,32.38,38.0,1,2065
210127173,-429.902,-429.902,0.0000,-0.0313,0.0000,-0.0005,0.000,32.38,38.0,1,2065
210127925,-429.902,-429.902,0.0000,0.0114,0.0000,-0.0005,0.000,32.38,38.0,1,2065
210128800,-429.902,-429.902,0.0000,0.0664,0.0000,-0.0005,0.000,32.38,38.0,1,2065
210130198,-429.902,-429.902,0.0000,-0.0801,0.0000,-0.0005,0.000,32.38,38.0,1,2065
210130543,-429.902,-429.902,0.0000,-0.0221,0.0000,-0.0005,0.000,32.38,38.0,1,2065
210131874,-429.902,-429.902,0.0000,0.0557,0.0000,-0.0005,0.000,32.38,38.0,1,2065
210132845,-429.902,-429.902,0.0000,0.0069,0.0000,-0.0005,0.000,32.38,38.0,1,2065
210134240,-429.902,-429.902,0.0000,-0.0755,0.0000,-0.0005,0.000,32.38,38.0,1,2065
210134852,-429.902,-429.902,0.0000,0.0206,0.0000,-0.0005,0.000,32.38,38.0,1,2065
210135853,-429.902,-429.902,0.0000,0.0877,0.0000,-0.0005,0.000,32.38,38.0,1,2065
210137167,-429.902,-429.902,0.0000,-0.0069,0.0000,-0.0005,0.000,32.38,38.0,1,2065
210137755,-429.902,-429.902,0.0000,-0.0175,0.0000,-0.0005,0.000,32.38,38.0,1,2065
210138869,-429.902,-429.902,0.0000,-0.0313,0.0000,-0.0005,0.000,32.38,38.0,1,2065
210139848,-429.902,-429.902,0.0000,-0.0237,0.0000,-0.0005,0.000,32.38,38.0,1,2065
210140942,-429.902,-429.902,0.0000,-0.0389,0.0000,-0.0005,0.000,32.38,38.0,1,2065
210142238,-429.902,-429.902,0.0000,0.1396,0.0000,-0.0005,0.000,32.38,38.0,1,2065
210142846,-429.902,-429.902,0.0000,-0.0557,0.0000,-0.0005,0.000,32.38,38.0,1,2065
210143847,-429.902,-429.902,0.0000,0.0130,0.0000,-0.0005,0.000,32.38,38.0,1,2065
210144845,-429.902,-429.902,0.0000,-0.0252,0.0000,-0.0005,0.000,32.38,38.0,1,2065
210145916,-429.902,-429.902,0.0000,0.1198,0.0000,-0.0005,0.000,32.38,38.0,1,2065
210147208,-429.902,-429.902,0.0000,-0.0572,0.0000,-0.0005,0.000,32.41,38.0,1,2065
210147902,-429.902,-429.902,0.0000,-0.0404,0.0000,-0.0005,0.000,32.41,38.0,1,2065
210148895,-429.902,-429.902,0.0000,-0.1137,0.0000,-0.0005,0.000,32.41,38.0,1,2065
210150217,-429.902,-429.902,0.0000,0.1518,0.0000,-0.0005,0.000,32.41,38.0,1,2065
210150557,-429.902,-429.902,0.0000,0.0404,0.0000,-0.0005,0.000,32.41,38.0,1,2065
210151885,-429.902,-429.902,0.0000,-0.0740,0.0000,-0.0005,0.000,32.41,38.0,1,2065
210152572,-429.902,-429.902,0.0000,0.0221,0.0000,-0.0005,0.000,32.41,38.0,1,2065
210153887,-429.902,-429.902,0.0000,-0.0252,0.0000,-0.0005,0.000,32.41,38.0,1,2065
210154571,-429.902,-429.902,0.0000,0.0145,0.0000,-0.0005,0.000,32.41,38.0,1,2065
210155571,-429.902,-429.902,0.0000,0.0359,0.0000,-0.0005,0.000,32.41,38.0,1,2065
210156882,-429.902,-429.902,0.0000,-0.0542,0.0000,-0.0005,0.000,32.41,38.0,1,2065
210157571,-429.902,-429.902,0.0000,-0.0114,0.0000,-0.0005,0.000,32.41,38.0,1,2065
210158571,-429.902,-429.902,0.0000,-0.0038,0.0000,-0.0005,0.000,32.41,38.0,1,2065
210159566,-429.902,-429.902,0.0000,0.0923,0.0000,-0.0005,0.000,32.41,38.0,1,2065
210160566,-429.902,-429.902,0.0000,0.0862,0.0000,-0.0005,0.000,32.41,38.0,1,2065
210161890,-429.902,-429.902,0.0000,0.0038,0.0000,-0.0005,0.000,32.41,38.0,1,2065
210162544,-429.902,-429.902,0.0000,0.0206,0.0000,-0.0005,0.000,32.41,38.0,1,2065
210163547,-429.902,-429.902,0.0000,-0.0374,0.0000,-0.0005,0.000,32.41,38.0,1,2065
210164568,-429.902,-429.902,0.0000,-0.0832,0.0000,-0.0005,0.000,32.41,38.0,1,2065
210165566,-429.902,-429.902,0.0000,0.0435,0.0000,-0.0005,0.000,32.41,38.0,1,2065
210166883,-429.902,-429.902,0.0000,-0.1076,0.0000,-0.0005,0.000,32.41,38.0,1,2065
210167575,-429.902,-429.902,0.0000,0.0298,0.0000,-0.0005,0.000,32.41,38.0,1,2065
210168547,-429.902,-429.902,0.0000,0.1946,0.0000,-0.0005,0.000,32.41,38.0,1,2065
210169870,-429.902,-429.902,0.0000,-0.0969,0.0000,-0.0005,0.000,32.41,38.0,1,2065
210170543,-429.902,-429.902,0.0000,-0.0465,0.0000,-0.0005,0.000,32.41,38.0,1,2065
210171865,-429.902,-429.902,0.0000,0.0923,0.0000,-0.0005,0.000,32.41,38.0,1,2065
210172850,-429.902,-429.902,0.0000,-0.1030,0.0000,-0.0005,0.000,32.41,38.0,1,2065
210174172,-429.902,-429.902,0.0000,0.0481,0.0000,-0.0005,0.000,32.41,38.0,1,2065
210174757,-429.902,-429.902,0.0000,0.0771,0.0000,-0.0005,0.000,32.41,38.0,1,2065
210175875,-429.902,-429.902,0.0000,0.0145,0.0000,-0.0005,0.000,32.41,38.0,1,2065
210177174,-429.902,-429.902,0.0000,0.0435,0.0000,-0.0005,0.000,32.41,38.0,1,2065
210177851,-429.902,-429.902,0.0000,-0.0664,0.0000,-0.0005,0.000,32.41,38.0,1,2065
210178845,-429.902,-429.902,0.0000,0.0389,0.0000,-0.0005,0.000,32.41,38.0,1,2065
210179830,-429.902,-429.902,0.0000,-0.1228,0.0000,-0.0005,0.000,32.41,38.0,1,2065
210180875,-429.902,-429.902,0.0000,-0.0847,0.0000,-0.0005,0.000,32.41,38.0,1,2065
210182173,-429.902,-429.902,0.0000,0.0069,0.0000,-0.0005,0.000,32.41,38.0,1,2065
210182850,-429.902,-429.902,0.0000,0.0893,0.0000,-0.0005,0.000,32.41,38.0,1,2065
210183845,-429.902,-429.902,0.0000,0.0954,0.0000,-0.0005,0.000,32.41,38.0,1,2065
210184918,-429.902,-429.902,0.0000,0.0465,0.0000,-0.0005,0.000,32.41,38.0,1,2065
210185849,-429.902,-429.902,0.0000,-0.0114,0.0000,-0.0005,0.000,32.41,38.0,1,2065
210187182,-429.902,-429.902,0.0000,0.0252,0.0000,-0.0005,0.000,32.41,38.0,1,2065
210187847,-429.902,-429.902,0.0000,-0.1183,0.0000,-0.0005,0.000,32.41,38.0,1,2065
210188917,-429.902,-429.902,0.0000,0.0252,0.0000,-0.0005,0.000,32.41,38.0,1,2065
210190171,-429.902,-429.902,0.0000,-0.0710,0.0000,-0.0005,0.000,32.41,38.0,1,2065
210190607,-429.902,-429.902,0.0000,-0.0328,0.0000,-0.0005,0.000,32.41,38.0,1,2065
210191963,-429.902,-429.902,0.0000,-0.0877,0.0000,-0.0005,0.000,32.41,38.0,1,2065
210192849,-429.902,-429.902,0.0000,0.0786,0.0000,-0.0005,0.000,32.41,38.0,1,2065
210194167,-429.902,-429.902,0.0000,0.0786,0.0000,-0.0005,0.000,32.41,38.0,1,2065
210194849,-429.902,-429.902,0.0000,-0.1610,0.0000,-0.0005,0.000,32.41,38.0,1,2065
210195912,-429.902,-429.902,0.0000,0.0084,0.0000,-0.0005,0.000,32.41,38.0,1,2065
210197211,-429.902,-429.902,0.0000,0.0145,0.0000,-0.0005,0.000,32.38,38.0,1,2065
210197898,-429.902,-429.902,0.0000,-0.0145,0.0000,-0.0005,0.000,32.38,38.0,1,2065
210198890,-429.902,-429.902,0.0000,-0.1045,0.0000,-0.0005,0.000,32.38,38.0,1,2065
210199893,-429.902,-429.902,0.0000,0.0313,0.0000,-0.0005,0.000,32.38,38.0,1,2065
210200893,-429.902,-429.902,0.0000,0.0633,0.0000,-0.0005,0.000,32.38,38.0,1,2065
210202210,-429.902,-429.902,0.0000,0.0221,0.0000,-0.0005,0.000,32.38,38.0,1,2065
210202891,-429.902,-429.902,0.0000,-0.0069,0.0000,-0.0005,0.000,32.38,38.0,1,2065
210203893,-429.902,-429.902,0.0000,-0.0038,0.0000,-0.0005,0.000,32.38,38.0,1,2065
210204891,-429.902,-429.902,0.0000,-0.0832,0.0000,-0.0005,0.000,32.38,38.0,1,2065
210205891,-429.902,-429.902,0.0000,-0.0603,0.0000,-0.0005,0.000,32.38,38.0,1,2065
210207204,-429.902,-429.902,0.0000,-0.0771,0.0000,-0.0005,0.000,32.41,38.0,1,2065
210207891,-429.902,-429.902,0.0000,0.0389,0.0000,-0.0005,0.000,32.41,38.0,1,2065
210208891,-429.902,-429.902,0.0000,0.0038,0.0000,-0.0005,0.000,32.41,38.0,1,2065
210210213,-429.902,-429.902,0.0000,0.0053,0.0000,-0.0005,0.000,32.41,38.0,1,2065
210210565,-429.902,-429.902,0.0000,-0.0298,0.0000,-0.0005,0.000,32.41,38.0,1,2065
210211882,-429.902,-429.902,0.0000,0.0267,0.0000,-0.0005,0.000,32.41,38.0,1,2065
210212568,-429.902,-429.902,0.0000,0.0069,0.0000,-0.0005,0.000,32.41,38.0,1,2065
210213885,-429.902,-429.902,0.0000,-0.0542,0.0000,-0.0005,0.000,32.41,38.0,1,2065
210214568,-429.902,-429.902,0.0000,0.0664,0.0000,-0.0005,0.000,32.41,38.0,1,2065
210215576,-429.902,-429.902,0.0000,0.0954,0.0000,-0.0005,0.000,32.41,38.0,1,2065
210216863,-429.902,-429.902,0.0000,-0.0252,0.0000,-0.0005,0.000,32.41,38.0,1,2065
210217845,-429.902,-429.902,0.0000,0.0816,0.0000,-0.0005,0.000,32.41,38.0,1,2065
210218893,-429.902,-429.902,0.0000,-0.1137,0.0000,-0.0005,0.000,32.41,38.0,1,2065
210219892,-429.902,-429.902,0.0000,-0.0587,0.0000,-0.0005,0.000,32.41,38.0,1,2065
210220865,-429.902,-429.902,0.0000,0.1213,0.0000,-0.0005,0.000,32.41,38.0,1,2065
210222208,-429.902,-429.902,0.0000,-0.0221,0.0000,-0.0005,0.000,32.41,38.0,1,2065
210222896,-429.902,-429.902,0.0000,0.0618,0.0000,-0.0005,0.000,32.41,38.0,1,2065
210223895,-429.902,-429.902,0.0000,-0.0648,0.0000,-0.0005,0.000,32.41,38.0,1,2065
210224845,-429.902,-429.902,0.0000,-0.0038,0.0000,-0.0005,0.000,32.41,38.0,1,2065
210225895,-429.902,-429.902,0.0000,0.0267,0.0000,-0.0005,0.000,32.41,38.0,1,2065
210227230,-429.902,-429.902,0.0000,-0.0206,0.0000,-0.0005,0.000,32.41,38.0,1,2065
210227848,-429.902,-429.902,0.0000,-0.0496,0.0000,-0.0005,0.000,32.41,38.0,1,2065
210228853,-429.902,-429.902,0.0000,-0.0191,0.0000,-0.0005,0.000,32.41,38.0,1,2065
210230166,-429.902,-429.902,0.0000,0.0755,0.0000,-0.0005,0.000,32.41,38.0,1,2065
210230434,-429.902,-429.902,0.0000,0.0877,0.0000,-0.0005,0.000,32.41,38.0,1,2065
210231887,-429.902,-429.902,0.0000,-0.0526,0.0000,-0.0005,0.000,32.41,38.0,1,2065
210232846,-429.902,-429.902,0.0000,0.0359,0.0000,-0.0005,0.000,32.41,38.0,1,2065
210234172,-429.902,-429.902,0.0000,-0.0404,0.0000,-0.0005,0.000,32.41,38.0,1,2065
210234847,-429.902,-429.902,0.0000,-0.0954,0.0000,-0.0005,0.000,32.41,38.0,1,2065
210235916,-429.902,-429.902,0.0000,0.0099,0.0000,-0.0005,0.000,32.41,38.0,1,2065
210237176,-429.902,-429.902,0.0000,-0.1228,0.0000,-0.0005,0.000,32.41,38.0,1,2065
210237917,-429.902,-429.902,0.0000,0.0328,0.0000,-0.0005,0.000,32.41,38.0,1,2065
210238776,-429.902,-429.902,0.0000,-0.0801,0.0000,-0.0005,0.000,32.41,38.0,1,2065
210239871,-429.902,-429.902,0.0000,-0.0175,0.0000,-0.0005,0.000,32.41,38.0,1,2065
210240845,-429.902,-429.902,0.0000,0.1122,0.0000,-0.0005,0.000,32.41,38.0,1,2065
210242260,-429.902,-429.902,0.0000,0.0023,0.0000,-0.0005,0.000,32.41,38.0,1,2065
210242851,-429.902,-429.902,0.0000,-0.1564,0.0000,-0.0005,0.000,32.41,38.0,1,2065
210243845,-429.902,-429.902,0.0000,-0.0069,0.0000,-0.0005,0.000,32.41,38.0,1,2065
210244846,-429.902,-429.902,0.0000,-0.0923,0.0000,-0.0005,0.000,32.41,38.0,1,2065
210245910,-429.902,-429.902,0.0000,0.0938,0.0000,-0.0005,0.000,32.41,38.0,1,2065
210247223,-429.902,-429.902,0.0000,-0.0465,0.0000,-0.0005,0.000,32.41,38.0,1,2065
210247887,-429.902,-429.902,0.0000,0.0206,0.0000,-0.0005,0.000,32.41,38.0,1,2065
210248895,-429.902,-429.902,0.0000,-0.0237,0.0000,-0.0005,0.000,32.41,38.0,1,2065
210250218,-429.902,-429.902,0.0000,-0.0359,0.0000,-0.0005,0.000,32.41,38.0,1,2065
210250554,-429.902,-429.902,0.0000,0.0465,0.0000,-0.0005,0.000,32.41,38.0,1,2065
210251885,-429.902,-429.902,0.0000,-0.0816,0.0000,-0.0005,0.000,32.41,38.0,1,2065
210252571,-429.902,-429.902,0.0000,0.0160,0.0000,-0.0005,0.000,32.41,38.0,1,2065
210253888,-429.902,-429.902,0.0000,-0.1015,0.0000,-0.0005,0.000,32.41,38.0,1,2065
210254570,-429.902,-429.902,0.0000,-0.0374,0.0000,-0.0005,0.000,32.41,38.0,1,2065
210255571,-429.902,-429.902,0.0000,-0.0191,0.0000,-0.0005,0.000,32.41,38.0,1,2065
210256882,-429.902,-429.902,0.0000,0.0862,0.0000,-0.0005,0.000,32.41,38.0,1,2065
210257570,-429.902,-429.902,0.0000,0.0603,0.0000,-0.0005,0.000,32.41,38.0,1,2065
210258571,-429.902,-429.902,0.0000,0.0145,0.0000,-0.0005,0.000,32.41,38.0,1,2065
210259566,-429.902,-429.902,0.0000,-0.0420,0.0000,-0.0005,0.000,32.41,38.0,1,2065
210260566,-429.902,-429.902,0.0000,0.0725,0.0000,-0.0005,0.000,32.41,38.0,1,2065
210261889,-429.902,-429.902,0.0000,-0.0618,0.0000,-0.0005,0.000,32.41,38.0,1,2065
210262545,-429.902,-429.902,0.0000,0.0008,0.0000,-0.0005,0.000,32.41,38.0,1,2065
210263547,-429.902,-429.902,0.0000,0.0771,0.0000,-0.0005,0.000,32.41,38.0,1,2065
210264566,-429.902,-429.902,0.0000,-0.0587,0.0000,-0.0005,0.000,32.41,38.0,1,2065
210265563,-429.902,-429.902,0.0000,0.0160,0.0000,-0.0005,0.000,32.41,38.0,1,2065
210266880,-429.902,-429.902,0.0000,0.0282,0.0000,-0.0005,0.000,32.41,38.0,1,2065
210267573,-429.902,-429.902,0.0000,0.0877,0.0000,-0.0005,0.000,32.41,38.0,1,2065
210268547,-429.902,-429.902,0.0000,0.0313,0.0000,-0.0005,0.000,32.41,38.0,1,2065
210269873,-429.902,-429.902,0.0000,-0.0511,0.0000,-0.0005,0.000,32.41,38.0,1,2065
210270544,-429.902,-429.902,0.0000,-0.0175,0.0000,-0.0005,0.000,32.41,38.0,1,2065
210271863,-429.902,-429.902,0.0000,0.0511,0.0000,-0.0005,0.000,32.41,38.0,1,2065
210272850,-429.902,-429.902,0.0000,0.0648,0.0000,-0.0005,0.000,32.41,38.0,1,2065
210274172,-429.902,-429.902,0.0000,-0.0328,0.0000,-0.0005,0.000,32.41,38.0,1,2065
210274752,-429.902,-429.902,0.0000,-0.0145,0.0000,-0.0005,0.000,32.41,38.0,1,2065
210275899,-429.902,-429.902,0.0000,-0.0069,0.0000,-0.0005,0.000,32.41,38.0,1,2065
210277175,-429.902,-429.902,0.0000,-0.0053,0.0000,-0.0005,0.000,32.41,38.0,1,2065
210277856,-429.902,-429.902,0.0000,0.0664,0.0000,-0.0005,0.000,32.41,38.0,1,2065
210278845,-429.902,-429.902,0.0000,-0.0099,0.0000,-0.0005,0.000,32.41,38.0,1,2065
210279827,-429.902,-429.902,0.0000,0.0999,0.0000,-0.0005,0.000,32.41,38.0,1,2065
210280902,-429.902,-429.902,0.0000,-0.0053,0.0000,-0.0005,0.000,32.41,38.0,1,2065
210282173,-429.902,-429.902,0.0000,0.0069,0.0000,-0.0005,0.000,32.41,38.0,1,2065
210282852,-429.902,-429.902,0.0000,0.0191,0.0000,-0.0005,0.000,32.41,38.0,1,2065
210283845,-429.902,-429.902,0.0000,-0.0282,0.0000,-0.0005,0.000,32.41,38.0,1,2065
210284913,-429.902,-429.902,0.0000,-0.0771,0.0000,-0.0005,0.000,32.41,38.0,1,2065
210285847,-429.902,-429.902,0.0000,0.1076,0.0000,-0.0005,0.000,32.41,38.0,1,2065
210287179,-429.902,-429.902,0.0000,-0.0221,0.0000,-0.0005,0.000,32.41,38.0,1,2065
210287849,-429.902,-429.902,0.0000,-0.0145,0.0000,-0.0005,0.000,32.41,38.0,1,2065
210288914,-429.902,-429.902,0.0000,-0.0084,0.0000,-0.0005,0.000,32.41,38.0,1,2065
210290172,-429.902,-429.902,0.0000,-0.0130,0.0000,-0.0005,0.000,32.41,38.0,1,2065
210290606,-429.902,-429.902,0.0000,-0.1122,0.0000,-0.0005,0.000,32.41,38.0,1,2065
210291965,-429.902,-429.902,0.0000,0.0359,0.0000,-0.0005,0.000,32.41,38.0,1,2065
210292850,-429.902,-429.902,0.0000,0.0420,0.0000,-0.0005,0.000,32.41,38.0,1,2065
210294167,-429.902,-429.902,0.0000,-0.0771,0.0000,-0.0005,0.000,32.41,38.0,1,2065
210294846,-429.902,-429.902,0.0000,-0.0023,0.0000,-0.0005,0.000,32.41,38.0,1,2065
210295913,-429.902,-429.902,0.0000,0.0130,0.0000,-0.0005,0.000,32.41,38.0,1,2065
210297217,-429.902,-429.902,0.0000,-0.0664,0.0000,-0.0005,0.000,32.41,38.0,1,2065
210297893,-429.902,-429.902,0.0000,-0.0175,0.0000,-0.0005,0.000,32.41,38.0,1,2065
210298891,-429.902,-429.902,0.0000,-0.0786,0.0000,-0.0005,0.000,32.41,38.0,1,2065
210299891,-429.902,-429.902,0.0000,0.0755,0.0000,-0.0005,0.000,32.41,38.0,1,2065
210300895,-429.902,-429.902,0.0000,-0.0130,0.0000,-0.0005,0.000,32.41,38.0,1,2065
210302217,-429.902,-429.902,0.0000,-0.0252,0.0000,-0.0005,0.000,32.41,38.0,1,2065
210302892,-429.902,-429.902,0.0000,0.0069,0.0000,-0.0005,0.000,32.41,38.0,1,2065
210303895,-429.902,-429.902,0.0000,-0.0191,0.0000,-0.0005,0.000,32.41,38.0,1,2065
210304894,-429.902,-429.902,0.0000,0.0481,0.0000,-0.0005,0.000,32.41,38.0,1,2065
210305892,-429.902,-429.902,0.0000,-0.1045,0.0000,-0.0005,0.000,32.41,38.0,1,2065
210307218,-429.902,-429.902,0.0000,0.0694,0.0000,-0.0005,0.000,32.41,38.0,1,2065
210307892,-429.902,-429.902,0.0000,0.0145,0.0000,-0.0005,0.000,32.41,38.0,1,2065
210308893,-429.902,-429.902,0.0000,0.0710,0.0000,-0.0005,0.000,32.41,38.0,1,2065
210310215,-429.902,-429.902,0.0000,-0.0130,0.0000,-0.0005,0.000,32.41,38.0,1,2065
210310566,-429.902,-429.902,0.0000,0.0191,0.0000,-0.0005,0.000,32.41,38.0,1,2065
210311881,-429.902,-429.902,0.0000,0.0099,0.0000,-0.0005,0.000,32.41,38.0,1,2065
210312569,-429.902,-429.902,0.0000,0.0420,0.0000,-0.0005,0.000,32.41,38.0,1,2065
210313888,-429.902,-429.902,0.0000,0.1152,0.0000,-0.0005,0.000,32.41,38.0,1,2065
210314570,-429.902,-429.902,0.0000,-0.0114,0.0000,-0.0005,0.000,32.41,38.0,1,2065
210315578,-429.902,-429.902,0.0000,0.0633,0.0000,-0.0005,0.000,32.41,38.0,1,2065
210316862,-429.902,-429.902,0.0000,-0.0526,0.0000,-0.0005,0.000,32.41,38.0,1,2065
210317844,-429.902,-429.902,0.0000,-0.0786,0.0000,-0.0005,0.000,32.41,38.0,1,2065
210318893,-429.902,-429.902,0.0000,0.0496,0.0000,-0.0005,0.000,32.41,38.0,1,2065
210319893,-429.902,-429.902,0.0000,0.0038,0.0000,-0.0005,0.000,32.41,38.0,1,2065
210320890,-429.902,-429.902,0.0000,-0.1183,0.0000,-0.0005,0.000,32.41,38.0,1,2065
210322216,-429.902,-429.902,0.0000,-0.0374,0.0000,-0.0005,0.000,32.41,38.0,1,2065
210322895,-429.902,-429.902,0.0000,0.0511,0.0000,-0.0005,0.000,32.41,38.0,1,2065
210323896,-429.902,-429.902,0.0000,0.0450,0.0000,-0.0005,0.000,32.41,38.0,1,2065
210324845,-429.902,-429.902,0.0000,-0.0145,0.0000,-0.0005,0.000,32.41,38.0,1,2065
210325897,-429.902,-429.902,0.0000,-0.0862,0.0000,-0.0005,0.000,32.41,38.0,1,2065
210327228,-429.902,-429.902,0.0000,0.0679,0.0000,-0.0005,0.000,32.41,38.0,1,2065
210327847,-429.902,-429.902,0.0000,0.0145,0.0000,-0.0005,0.000,32.41,38.0,1,2065
210328851,-429.902,-429.902,0.0000,-0.1091,0.0000,-0.0005,0.000,32.41,38.0,1,2065
210330168,-429.902,-429.902,0.0000,0.0160,0.0000,-0.0005,0.000,32.41,38.0,1,2065
210330436,-429.902,-429.902,0.0000,-0.0069,0.0000,-0.0005,0.000,32.41,38.0,1,2065
210331886,-429.902,-429.902,0.0000,-0.0175,0.0000,-0.0005,0.000,32.41,38.0,1,2065
210332543,-429.902,-429.902,0.0000,-0.0999,0.0000,-0.0005,0.000,32.41,38.0,1,2065
210333868,-429.902,-429.902,0.0000,-0.0282,0.0000,-0.0005,0.000,32.41,38.0,1,2065
210334846,-429.902,-429.902,0.0000,-0.0099,0.0000,-0.0005,0.000,32.41,38.0,1,2065
210335914,-429.902,-429.902,0.0000,0.0008,0.0000,-0.0005,0.000,32.41,38.0,1,2065
210337174,-429.902,-429.902,0.0000,0.0450,0.0000,-0.0005,0.000,32.41,38.0,1,2065
210337912,-429.902,-429.902,0.0000,0.0572,0.0000,-0.0005,0.000,32.41,38.0,1,2065
210338845,-429.902,-429.902,0.0000,0.0328,0.0000,-0.0005,0.000,32.41,38.0,1,2065
210339848,-429.902,-429.902,0.0000,-0.0053,0.0000,-0.0005,0.000,32.41,38.0,1,2065
210340845,-429.902,-429.902,0.0000,-0.0282,0.0000,-0.0005,0.000,32.41,38.0,1,2065
210342256,-429.902,-429.902,0.0000,0.0542,0.0000,-0.0005,0.000,32.41,38.0,1,2065
210342852,-429.902,-429.902,0.0000,0.0740,0.0000,-0.0005,0.000,32.41,38.0,1,2065
210343847,-429.902,-429.902,0.0000,-0.0481,0.0000,-0.0005,0.000,32.41,38.0,1,2065
210344848,-429.902,-429.902,0.0000,-0.0145,0.0000,-0.0005,0.000,32.41,38.0,1,2065
210345909,-429.902,-429.902,0.0000,0.0084,0.0000,-0.0005,0.000,32.41,38.0,1,2065
210347219,-429.902,-429.902,0.0000,-0.0343,0.0000,-0.0005,0.000,32.41,38.0,1,2065
210347885,-429.902,-429.902,0.0000,0.0542,0.0000,-0.0005,0.000,32.41,38.0,1,2065
210348891,-429.902,-429.902,0.0000,-0.0648,0.0000,-0.0005,0.000,32.41,38.0,1,2065
210350215,-429.902,-429.902,0.0000,0.0786,0.0000,-0.0005,0.000,32.41,38.0,1,2065
210350567,-429.902,-429.902,0.0000,-0.1060,0.0000,-0.0005,0.000,32.41,38.0,1,2065
210351885,-429.902,-429.902,0.0000,0.0450,0.0000,-0.0005,0.000,32.41,38.0,1,2065
210352572,-429.902,-429.902,0.0000,-0.0481,0.0000,-0.0005,0.000,32.41,38.0,1,2065
210353888,-429.902,-429.902,0.0000,0.0237,0.0000,-0.0005,0.000,32.41,38.0,1,2065
210354571,-429.902,-429.902,0.0000,0.0801,0.0000,-0.0005,0.000,32.41,38.0,1,2065
210355572,-429.902,-429.902,0.0000,-0.0023,0.0000,-0.0005,0.000,32.41,38.0,1,2065
210356884,-429.902,-429.902,0.0000,-0.0145,0.0000,-0.0005,0.000,32.41,38.0,1,2065
210357571,-429.902,-429.902,0.0000,-0.0999,0.0000,-0.0005,0.000,32.41,38.0,1,2065
210358572,-429.902,-429.902,0.0000,-0.1015,0.0000,-0.0005,0.000,32.41,38.0,1,2065
210359567,-429.902,-429.902,0.0000,0.0053,0.0000,-0.0005,0.000,32.41,38.0,1,2065
210360567,-429.902,-429.902,0.0000,-0.0282,0.0000,-0.0005,0.000,32.41,38.0,1,2065
210361884,-429.902,-429.902,0.0000,-0.0847,0.0000,-0.0005,0.000,32.41,38.0,1,2065
210362570,-429.902,-429.902,0.0000,0.0038,0.0000,-0.0005,0.000,32.41,38.0,1,2065
210363548,-429.902,-429.902,0.0000,-0.0237,0.0000,-0.0005,0.000,32.41,38.0,1,2065
210364565,-429.902,-429.902,0.0000,0.0069,0.0000,-0.0005,0.000,32.41,38.0,1,2065
210365566,-429.902,-429.902,0.0000,-0.0847,0.0000,-0.0005,0.000,32.41,38.0,1,2065
210366881,-429.902,-429.902,0.0000,0.0969,0.0000,-0.0005,0.000,32.41,38.0,1,2065
210367574,-429.902,-429.902,0.0000,0.0343,0.0000,-0.0005,0.000,32.41,38.0,1,2065
210368547,-429.902,-429.902,0.0000,-0.1091,0.0000,-0.0005,0.000,32.41,38.0,1,2065
210369872,-429.902,-429.902,0.0000,-0.0084,0.0000,-0.0005,0.000,32.41,38.0,1,2065
210370543,-429.902,-429.902,0.0000,-0.0343,0.0000,-0.0005,0.000,32.41,38.0,1,2065
210371865,-429.902,-429.902,0.0000,0.1427,0.0000,-0.0005,0.000,32.41,38.0,1,2065
210372853,-429.902,-429.902,0.0000,-0.1137,0.0000,-0.0005,0.000,32.41,38.0,1,2065
210374179,-429.902,-429.902,0.0000,0.0023,0.0000,-0.0005,0.000,32.41,38.0,1,2065
210374754,-429.902,-429.902,0.0000,0.0237,0.0000,-0.0005,0.000,32.41,38.0,1,2065
210375899,-429.902,-429.902,0.0000,0.0511,0.0000,-0.0005,0.000,32.41,38.0,1,2065
210377167,-429.902,-429.902,0.0000,-0.1091,0.0000,-0.0005,0.000,32.41,38.0,1,2065
210377852,-429.902,-429.902,0.0000,0.0465,0.0000,-0.0005,0.000,32.41,38.0,1,2065
210378845,-429.902,-429.902,0.0000,-0.0099,0.0000,-0.0005,0.000,32.41,38.0,1,2065
210379824,-429.902,-429.902,0.0000,-0.0191,0.0000,-0.0005,0.000,32.41,38.0,1,2065
210380900,-429.902,-429.902,0.0000,-0.0542,0.0000,-0.0005,0.000,32.41,38.0,1,2065
210382176,-429.902,-429.902,0.0000,-0.0313,0.0000,-0.0005,0.000,32.38,38.0,1,2065
210382857,-429.902,-429.902,0.0000,-0.0069,0.0000,-0.0005,0.000,32.38,38.0,1,2065
210383845,-429.902,-429.902,0.0000,-0.0175,0.0000,-0.0005,0.000,32.38,38.0,1,2065
210384911,-429.902,-429.902,0.0000,0.0404,0.0000,-0.0005,0.000,32.38,38.0,1,2065
210385846,-429.902,-429.902,0.0000,0.0435,0.0000,-0.0005,0.000,32.38,38.0,1,2065
210387174,-429.902,-429.902,0.0000,-0.1762,0.0000,-0.0005,0.000,32.34,38.0,1,2065
210387847,-429.902,-429.902,0.0000,0.0511,0.0000,-0.0005,0.000,32.34,38.0,1,2065
210388912,-429.902,-429.902,0.0000,0.0023,0.0000,-0.0005,0.000,32.34,38.0,1,2065
210390171,-429.902,-429.902,0.0000,-0.0328,0.0000,-0.0005,0.000,32.34,38.0,1,2065
210390607,-429.902,-429.902,0.0000,-0.0771,0.0000,-0.0005,0.000,32.34,38.0,1,2065
210391949,-429.902,-429.902,0.0000,-0.0084,0.0000,-0.0005,0.000,32.34,38.0,1,2065
210392849,-429.902,-429.902,0.0000,0.2007,0.0000,-0.0005,0.000,32.34,38.0,1,2065
210394168,-429.902,-429.902,0.0000,-0.0801,0.0000,-0.0005,0.000,32.34,38.0,1,2065
210394872,-429.902,-429.902,0.0000,0.0084,0.0000,-0.0005,0.000,32.34,38.0,1,2065
210395845,-429.902,-429.902,0.0000,0.0664,0.0000,-0.0005,0.000,32.34,38.0,1,2065
210397231,-429.902,-429.902,0.0000,-0.0008,0.0000,-0.0005,0.000,32.34,38.0,1,2065
210397888,-429.902,-429.902,0.0000,0.1274,0.0000,-0.0005,0.000,32.34,38.0,1,2065
210398904,-429.902,-429.902,0.0000,-0.0938,0.0000,-0.0005,0.000,32.34,38.0,1,2065
210399919,-429.902,-429.902,0.0000,0.1503,0.0000,-0.0005,0.000,32.34,38.0,1,2065
210400893,-429.902,-429.902,0.0000,-0.0160,0.0000,-0.0005,0.000,32.34,38.0,1,2065
210402219,-429.902,-429.902,0.0000,-0.0221,0.0000,-0.0005,0.000,32.34,38.0,1,2065
210402888,-429.902,-429.902,0.0000,0.0587,0.0000,-0.0005,0.000,32.34,38.0,1,2065
210403893,-429.902,-429.902,0.0000,-0.0114,0.0000,-0.0005,0.000,32.34,38.0,1,2065
210404890,-429.902,-429.902,0.0000,-0.0404,0.0000,-0.0005,0.000,32.34,38.0,1,2065
210405902,-429.902,-429.902,0.0000,-0.0175,0.0000,-0.0005,0.000,32.34,38.0,1,2065
210407214,-429.902,-429.902,0.0000,0.0099,0.0000,-0.0005,0.000,32.34,38.0,1,2065
210407888,-429.902,-429.902,0.0000,-0.0023,0.0000,-0.0005,0.000,32.34,38.0,1,2065
210408892,-429.902,-429.902,0.0000,-0.0206,0.0000,-0.0005,0.000,32.34,38.0,1,2065
210410213,-429.902,-429.902,0.0000,-0.0343,0.0000,-0.0005,0.000,32.34,38.0,1,2065
210410566,-429.902,-429.902,0.0000,-0.0465,0.0000,-0.0005,0.000,32.34,38.0,1,2065
210411882,-429.902,-429.902,0.0000,0.0786,0.0000,-0.0005,0.000,32.34,38.0,1,2065
210412570,-429.902,-429.902,0.0000,-0.0679,0.0000,-0.0005,0.000,32.34,38.0,1,2065
210413949,-429.902,-429.902,0.0000,0.0221,0.0000,-0.0005,0.000,32.34,38.0,1,2065
210414874,-429.902,-429.902,0.0000,-0.0664,0.0000,-0.0005,0.000,32.34,38.0,1,2065
210415845,-429.902,-429.902,0.0000,0.0084,0.0000,-0.0005,0.000,32.34,38.0,1,2065
210417195,-429.902,-429.902,0.0000,0.0328,0.0000,-0.0005,0.000,32.38,38.0,1,2065
210417903,-429.902,-429.902,0.0000,0.0084,0.0000,-0.0005,0.000,32.38,38.0,1,2065
210418893,-429.902,-429.902,0.0000,0.0221,0.0000,-0.0005,0.000,32.38,38.0,1,2065
210419891,-429.902,-429.902,0.0000,0.0206,0.0000,-0.0005,0.000,32.38,38.0,1,2065
210420891,-429.902,-429.902,0.0000,-0.0465,0.0000,-0.0005,0.000,32.38,38.0,1,2065
210422219,-429.902,-429.902,0.0000,0.0328,0.0000,-0.0005,0.000,32.38,38.0,1,2065
210422890,-429.902,-429.902,0.0000,0.0771,0.0000,-0.0005,0.000,32.38,38.0,1,2065
210423892,-429.902,-429.902,0.0000,-0.0633,0.0000,-0.0005,0.000,32.38,38.0,1,2065
210424889,-429.902,-429.902,0.0000,0.0557,0.0000,-0.0005,0.000,32.38,38.0,1,2065
210425892,-429.902,-429.902,0.0000,-0.0496,0.0000,-0.0005,0.000,32.38,38.0,1,2065
210427217,-429.902,-429.902,0.0000,-0.0374,0.0000,-0.0005,0.000,32.38,38.0,1,2065
210427885,-429.902,-429.902,0.0000,0.0694,0.0000,-0.0005,0.000,32.38,38.0,1,2065
210428892,-429.902,-429.902,0.0000,0.0221,0.0000,-0.0005,0.000,32.38,38.0,1,2065
210430209,-429.902,-429.902,0.0000,-0.0175,0.0000,-0.0005,0.000,32.38,38.0,1,2065
210430566,-429.902,-429.902,0.0000,-0.0023,0.0000,-0.0005,0.000,32.38,38.0,1,2065
210431881,-429.902,-429.902,0.0000,-0.0587,0.0000,-0.0005,0.000,32.38,38.0,1,2065
210432568,-429.902,-429.902,0.0000,0.0496,0.0000,-0.0005,0.000,32.38,38.0,1,2065
210433887,-429.902,-429.902,0.0000,-0.0679,0.0000,-0.0005,0.000,32.38,38.0,1,2065
210434568,-429.902,-429.902,0.0000,0.0648,0.0000,-0.0005,0.000,32.38,38.0,1,2065
210435570,-429.902,-429.902,0.0000,0.0114,0.0000,-0.0005,0.000,32.38,38.0,1,2065
210436887,-429.902,-429.902,0.0000,0.0053,0.0000,-0.0005,0.000,32.38,38.0,1,2065
210437545,-429.902,-429.902,0.0000,-0.0404,0.0000,-0.0005,0.000,32.38,38.0,1,2065
210438547,-429.902,-429.902,0.0000,-0.0725,0.0000,-0.0005,0.000,32.38,38.0,1,2065
210439566,-429.902,-429.902,0.0000,0.0710,0.0000,-0.0005,0.000,32.38,38.0,1,2065
210440564,-429.902,-429.902,0.0000,0.1350,0.0000,-0.0005,0.000,32.38,38.0,1,2065
210441860,-429.902,-429.902,0.0000,-0.0252,0.0000,-0.0005,0.000,32.38,38.0,1,2065
210442845,-429.902,-429.902,0.0000,0.1671,0.0000,-0.0005,0.000,32.38,38.0,1,2065
210443848,-429.902,-429.902,0.0000,0.0252,0.0000,-0.0005,0.000,32.38,38.0,1,2065
210444961,-429.902,-429.902,0.0000,0.0008,0.0000,-0.0005,0.000,32.38,38.0,1,2065
210445920,-429.902,-429.902,0.0000,-0.0771,0.0000,-0.0005,0.000,32.38,38.0,1,2065
210447168,-429.902,-429.902,0.0000,-0.0359,0.0000,-0.0005,0.000,32.38,38.0,1,2065
210447868,-429.902,-429.902,0.0000,0.0542,0.0000,-0.0005,0.000,32.38,38.0,1,2065
210448845,-429.902,-429.902,0.0000,-0.0023,0.0000,-0.0005,0.000,32.38,38.0,1,2065
210450168,-429.902,-429.902,0.0000,-0.0847,0.0000,-0.0005,0.000,32.38,38.0,1,2065
210450542,-429.902,-429.902,0.0000,0.0618,0.0000,-0.0005,0.000,32.38,38.0,1,2065
210451923,-429.902,-429.902,0.0000,0.0740,0.0000,-0.0005,0.000,32.38,38.0,1,2065
210452903,-429.902,-429.902,0.0000,0.0633,0.0000,-0.0005,0.000,32.38,38.0,1,2065
210454245,-429.902,-429.902,0.0000,-0.0053,0.0000,-0.0005,0.000,32.38,38.0,1,2065
210454882,-429.902,-429.902,0.0000,-0.0313,0.0000,-0.0005,0.000,32.38,38.0,1,2065
210455889,-429.902,-429.902,0.0000,-0.0343,0.0000,-0.0005,0.000,32.38,38.0,1,2065
210457215,-429.902,-429.902,0.0000,-0.1213,0.0000,-0.0005,0.000,32.38,38.0,1,2065
210457884,-429.902,-429.902,0.0000,0.1091,0.0000,-0.0005,0.000,32.38,38.0,1,2065
210458889,-429.902,-429.902,0.0000,0.0023,0.0000,-0.0005,0.000,32.38,38.0,1,2065
210459888,-429.902,-429.902,0.0000,0.0221,0.0000,-0.0005,0.000,32.38,38.0,1,2065
210460903,-429.902,-429.902,0.0000,-0.0084,0.0000,-0.0005,0.000,32.38,38.0,1,2065
210462216,-429.902,-429.902,0.0000,-0.0252,0.0000,-0.0005,0.000,32.38,38.0,1,2065
210462888,-429.902,-429.902,0.0000,0.0008,0.0000,-0.0005,0.000,32.38,38.0,1,2065
210463890,-429.902,-429.902,0.0000,0.0313,0.0000,-0.0005,0.000,32.38,38.0,1,2065
210464891,-429.902,-429.902,0.0000,0.0633,0.0000,-0.0005,0.000,32.38,38.0,1,2065
210465889,-429.902,-429.902,0.0000,-0.0542,0.0000,-0.0005,0.000,32.38,38.0,1,2065
210467215,-429.902,-429.902,0.0000,-0.0069,0.0000,-0.0005,0.000,32.38,38.0,1,2065
210467885,-429.902,-429.902,0.0000,-0.0679,0.0000,-0.0005,0.000,32.38,38.0,1,2065
210468909,-429.902,-429.902,0.0000,0.2144,0.0000,-0.0005,0.000,32.38,38.0,1,2065
210470223,-429.902,-429.902,0.0000,-0.0023,0.0000,-0.0005,0.000,32.38,38.0,1,2065
210470542,-429.902,-429.902,0.0000,-0.0465,0.0000,-0.0005,0.000,32.38,38.0,1,2065
210471865,-429.902,-429.902,0.0000,0.0130,0.0000,-0.0005,0.000,32.38,38.0,1,2065
210472901,-429.902,-429.902,0.0000,0.0526,0.0000,-0.0005,0.000,32.38,38.0,1,2065
210474216,-429.902,-429.902,0.0000,0.0191,0.0000,-0.0005,0.000,32.38,38.0,1,2065
210474886,-429.902,-429.902,0.0000,-0.0969,0.0000,-0.0005,0.000,32.38,38.0,1,2065
210475889,-429.902,-429.902,0.0000,0.0542,0.0000,-0.0005,0.000,32.38,38.0,1,2065
210477216,-429.902,-429.902,0.0000,0.0023,0.0000,-0.0005,0.000,32.38,38.0,1,2065
210477886,-429.902,-429.902,0.0000,-0.0938,0.0000,-0.0005,0.000,32.38,38.0,1,2065
210478890,-429.902,-429.902,0.0000,0.0694,0.0000,-0.0005,0.000,32.38,38.0,1,2065
210479889,-429.902,-429.902,0.0000,-0.0175,0.0000,-0.0005,0.000,32.38,38.0,1,2065
210480890,-429.902,-429.902,0.0000,-0.0145,0.0000,-0.0005,0.000,32.38,38.0,1,2065
210482218,-429.902,-429.902,0.0000,-0.0252,0.0000,-0.0005,0.000,32.38,38.0,1,2065
210482886,-429.902,-429.902,0.0000,0.0221,0.0000,-0.0005,0.000,32.38,38.0,1,2065
210483890,-429.902,-429.902,0.0000,0.0954,0.0000,-0.0005,0.000,32.38,38.0,1,2065
210484889,-429.902,-429.902,0.0000,0.0023,0.0000,-0.0005,0.000,32.38,38.0,1,2065
210485889,-429.902,-429.902,0.0000,-0.0313,0.0000,-0.0005,0.000,32.38,38.0,1,2065
210487216,-429.902,-429.902,0.0000,-0.0298,0.0000,-0.0005,0.000,32.38,38.0,1,2065
210487886,-429.902,-429.902,0.0000,0.0465,0.0000,-0.0005,0.000,32.38,38.0,1,2065
210488887,-429.902,-429.902,0.0000,-0.0557,0.0000,-0.0005,0.000,32.38,38.0,1,2065
210490205,-429.902,-429.902,0.0000,-0.0252,0.0000,-0.0005,0.000,32.38,38.0,1,2065
210490567,-429.902,-429.902,0.0000,0.0023,0.0000,-0.0005,0.000,32.38,38.0,1,2065
210491884,-429.902,-429.902,0.0000,0.0496,0.0000,-0.0005,0.000,32.38,38.0,1,2065
210492566,-429.902,-429.902,0.0000,0.0145,0.0000,-0.0005,0.000,32.38,38.0,1,2065
210493889,-429.902,-429.902,0.0000,0.0237,0.0000,-0.0005,0.000,32.38,38.0,1,2065
210494566,-429.902,-429.902,0.0000,-0.0404,0.0000,-0.0005,0.000,32.38,38.0,1,2065
210495549,-429.902,-429.902,0.0000,-0.0267,0.0000,-0.0005,0.000,32.38,38.0,1,2065
210496870,-429.902,-429.902,0.0000,-0.0145,0.0000,-0.0005,0.000,32.38,38.0,1,2065
210497565,-429.902,-429.902,0.0000,-0.0572,0.0000,-0.0005,0.000,32.38,38.0,1,2065
210498568,-429.902,-429.902,0.0000,0.0465,0.0000,-0.0005,0.000,32.38,38.0,1,2065
210499542,-429.902,-429.902,0.0000,-0.0465,0.0000,-0.0005,0.000,32.38,38.0,1,2065
210500543,-429.902,-429.902,0.0000,0.0267,0.0000,-0.0005,0.000,32.38,38.0,1,2065
210501864,-429.902,-429.902,0.0000,-0.0084,0.0000,-0.0005,0.000,32.38,38.0,1,2065
210502655,-429.902,-429.902,0.0000,-0.0359,0.0000,-0.0005,0.000,32.38,38.0,1,2065
210503640,-429.902,-429.902,0.0000,0.1305,0.0000,-0.0005,0.000,32.38,38.0,1,2065
210504544,-429.902,-429.902,0.0000,-0.0694,0.0000,-0.0005,0.000,32.38,38.0,1,2065
210505542,-429.902,-429.902,0.0000,-0.0252,0.0000,-0.0005,0.000,32.38,38.0,1,2065
210506922,-429.902,-429.902,0.0000,-0.0343,0.0000,-0.0005,0.000,32.38,38.0,1,2065
210507887,-429.902,-429.902,0.0000,-0.0710,0.0000,-0.0005,0.000,32.38,38.0,1,2065
210508887,-429.902,-429.902,0.0000,0.1442,0.0000,-0.0005,0.000,32.38,38.0,1,2065
210510214,-429.902,-429.902,0.0000,0.0771,0.0000,-0.0005,0.000,32.38,38.0,1,2065
210510567,-429.902,-429.902,0.0000,-0.0114,0.0000,-0.0005,0.000,32.38,38.0,1,2065
210511881,-429.902,-429.902,0.0000,-0.0679,0.0000,-0.0005,0.000,32.38,38.0,1,2065
210512568,-429.902,-429.902,0.0000,0.1045,0.0000,-0.0005,0.000,32.38,38.0,1,2065
210513887,-429.902,-429.902,0.0000,-0.0328,0.0000,-0.0005,0.000,32.38,38.0,1,2065
210514568,-429.902,-429.902,0.0000,-0.0298,0.0000,-0.0005,0.000,32.38,38.0,1,2065
210515570,-429.902,-429.902,0.0000,0.0679,0.0000,-0.0005,0.000,32.38,38.0,1,2065
210516882,-429.902,-429.902,0.0000,-0.0526,0.0000,-0.0005,0.000,32.38,38.0,1,2065
210517568,-429.902,-429.902,0.0000,-0.0404,0.0000,-0.0005,0.000,32.38,38.0,1,2065
210518570,-429.902,-429.902,0.0000,0.0237,0.0000,-0.0005,0.000,32.38,38.0,1,2065
210519565,-429.902,-429.902,0.0000,-0.0404,0.0000,-0.0005,0.000,32.38,38.0,1,2065
210520565,-429.902,-429.902,0.0000,-0.0786,0.0000,-0.0005,0.000,32.38,38.0,1,2065
210521888,-429.902,-429.902,0.0000,0.0877,0.0000,-0.0005,0.000,32.38,38.0,1,2065
210522544,-429.902,-429.902,0.0000,0.0023,0.0000,-0.0005,0.000,32.38,38.0,1,2065
210523547,-429.902,-429.902,0.0000,-0.0450,0.0000,-0.0005,0.000,32.38,38.0,1,2065
210524565,-429.902,-429.902,0.0000,0.0160,0.0000,-0.0005,0.000,32.38,38.0,1,2065
210525563,-429.902,-429.902,0.0000,0.0389,0.0000,-0.0005,0.000,32.38,38.0,1,2065
210526880,-429.902,-429.902,0.0000,-0.0481,0.0000,-0.0005,0.000,32.38,38.0,1,2065
210527573,-429.902,-429.902,0.0000,-0.0191,0.0000,-0.0005,0.000,32.38,38.0,1,2065
210528547,-429.902,-429.902,0.0000,-0.0160,0.0000,-0.0005,0.000,32.38,38.0,1,2065
210529863,-429.902,-429.902,0.0000,-0.0603,0.0000,-0.0005,0.000,32.38,38.0,1,2065
210530569,-429.902,-429.902,0.0000,0.0038,0.0000,-0.0005,0.000,32.38,38.0,1,2065
210531864,-429.902,-429.902,0.0000,-0.0694,0.0000,-0.0005,0.000,32.38,38.0,1,2065
210532553,-429.902,-429.902,0.0000,0.1381,0.0000,-0.0005,0.000,32.38,38.0,1,2065
210533871,-429.902,-429.902,0.0000,-0.0542,0.0000,-0.0005,0.000,32.38,38.0,1,2065
210534542,-429.902,-429.902,0.0000,0.0923,0.0000,-0.0005,0.000,32.38,38.0,1,2065
210535650,-429.902,-429.902,0.0000,-0.0206,0.0000,-0.0005,0.000,32.38,38.0,1,2065
210536867,-429.902,-429.902,0.0000,-0.1396,0.0000,-0.0005,0.000,32.38,38.0,1,2065
210537549,-429.902,-429.902,0.0000,-0.0389,0.0000,-0.0005,0.000,32.38,38.0,1,2065
210538547,-429.902,-429.902,0.0000,-0.0191,0.0000,-0.0005,0.000,32.38,38.0,1,2065
210539590,-429.902,-429.902,0.0000,-0.0008,0.0000,-0.0005,0.000,32.38,38.0,1,2065
210540543,-429.902,-429.902,0.0000,0.0832,0.0000,-0.0005,0.000,32.38,38.0,1,2065
210541872,-429.902,-429.902,0.0000,0.0465,0.0000,-0.0005,0.000,32.38,38.0,1,2065
210542542,-429.902,-429.902,0.0000,0.0145,0.0000,-0.0005,0.000,32.38,38.0,1,2065
210543534,-429.902,-429.902,0.0000,-0.1320,0.0000,-0.0005,0.000,32.38,38.0,1,2065
210544544,-429.902,-429.902,0.0000,0.1778,0.0000,-0.0005,0.000,32.38,38.0,1,2065
210545542,-429.902,-429.902,0.0000,-0.1030,0.0000,-0.0005,0.000,32.38,38.0,1,2065
210546873,-429.902,-429.902,0.0000,-0.0526,0.0000,-0.0005,0.000,32.38,38.0,1,2065
210547542,-429.902,-429.902,0.0000,-0.0496,0.0000,-0.0005,0.000,32.38,38.0,1,2065
210548596,-429.902,-429.902,0.0000,0.0389,0.0000,-0.0005,0.000,32.38,38.0,1,2065
210549860,-429.902,-429.902,0.0000,-0.0191,0.0000,-0.0005,0.000,32.38,38.0,1,2065
210550550,-429.902,-429.902,0.0000,0.0084,0.0000,-0.0005,0.000,32.38,38.0,1,2065
210551864,-429.902,-429.902,0.0000,-0.0237,0.0000,-0.0005,0.000,32.38,38.0,1,2065
210552612,-429.902,-429.902,0.0000,-0.0145,0.0000,-0.0005,0.000,32.38,38.0,1,2065
210553932,-429.902,-429.902,0.0000,0.1259,0.0000,-0.0005,0.000,32.38,38.0,1,2065
210554873,-429.902,-429.902,0.0000,-0.0053,0.0000,-0.0005,0.000,32.38,38.0,1,2065
210555872,-429.902,-429.902,0.0000,-0.0145,0.0000,-0.0005,0.000,32.38,38.0,1,2065
210557230,-429.902,-429.902,0.0000,-0.0298,0.0000,-0.0005,0.000,32.38,38.0,1,2065
210557881,-429.902,-429.902,0.0000,-0.0313,0.0000,-0.0005,0.000,32.38,38.0,1,2065
210558887,-429.902,-429.902,0.0000,0.1274,0.0000,-0.0005,0.000,32.38,38.0,1,2065
210559887,-429.902,-429.902,0.0000,-0.0298,0.0000,-0.0005,0.000,32.38,38.0,1,2065
210560885,-429.902,-429.902,0.0000,0.0877,0.0000,-0.0005,0.000,32.38,38.0,1,2065
210562210,-429.902,-429.902,0.0000,0.0053,0.0000,-0.0005,0.000,32.38,38.0,1,2065
210562881,-429.902,-429.902,0.0000,-0.0008,0.0000,-0.0005,0.000,32.38,38.0,1,2065
210563884,-429.902,-429.902,0.0000,0.0435,0.0000,-0.0005,0.000,32.38,38.0,1,2065
210564884,-429.902,-429.902,0.0000,-0.1106,0.0000,-0.0005,0.000,32.38,38.0,1,2065
210565886,-429.902,-429.902,0.0000,0.0359,0.0000,-0.0005,0.000,32.38,38.0,1,2065
210567209,-429.902,-429.902,0.0000,0.0511,0.0000,-0.0005,0.000,32.38,38.0,1,2065
210567883,-429.902,-429.902,0.0000,-0.0038,0.0000,-0.0005,0.000,32.38,38.0,1,2065
210568886,-429.902,-429.902,0.0000,-0.0298,0.0000,-0.0005,0.000,32.38,38.0,1,2065
210570207,-429.902,-429.902,0.0000,0.0313,0.0000,-0.0005,0.000,32.38,38.0,1,2065
210570566,-429.902,-429.902,0.0000,-0.0404,0.0000,-0.0005,0.000,32.38,38.0,1,2065
210571880,-429.902,-429.902,0.0000,-0.0252,0.0000,-0.0005,0.000,32.38,38.0,1,2065
210572567,-429.902,-429.902,0.0000,0.0374,0.0000,-0.0005,0.000,32.38,38.0,1,2065
210573887,-429.902,-429.902,0.0000,-0.0221,0.0000,-0.0005,0.000,32.38,38.0,1,2065
210574567,-429.902,-429.902,0.0000,0.0160,0.0000,-0.0005,0.000,32.38,38.0,1,2065
210575571,-429.902,-429.902,0.0000,0.0633,0.0000,-0.0005,0.000,32.38,38.0,1,2065
210576879,-429.902,-429.902,0.0000,0.1442,0.0000,-0.0005,0.000,32.38,38.0,1,2065
210577547,-429.902,-429.902,0.0000,-0.0099,0.0000,-0.0005,0.000,32.38,38.0,1,2065
210578569,-429.902,-429.902,0.0000,-0.0053,0.0000,-0.0005,0.000,32.38,38.0,1,2065
210579561,-429.902,-429.902,0.0000,-0.0237,0.0000,-0.0005,0.000,32.38,38.0,1,2065
210580561,-429.902,-429.902,0.0000,0.0511,0.0000,-0.0005,0.000,32.38,38.0,1,2065
210581883,-429.902,-429.902,0.0000,-0.0099,0.0000,-0.0005,0.000,32.38,38.0,1,2065
210582544,-429.902,-429.902,0.0000,-0.0084,0.0000,-0.0005,0.000,32.38,38.0,1,2065
210583544,-429.902,-429.902,0.0000,0.0511,0.0000,-0.0005,0.000,32.38,38.0,1,2065
210584567,-429.902,-429.902,0.0000,0.0618,0.0000,-0.0005,0.000,32.38,38.0,1,2065
210585542,-429.902,-429.902,0.0000,0.0206,0.0000,-0.0005,0.000,32.38,38.0,1,2065
210586872,-429.902,-429.902,0.0000,0.0359,0.0000,-0.0005,0.000,32.38,38.0,1,2065
210587542,-429.902,-429.902,0.0000,0.0282,0.0000,-0.0005,0.000,32.38,38.0,1,2065
210588597,-429.902,-429.902,0.0000,-0.0008,0.0000,-0.0005,0.000,32.38,38.0,1,2065
210589860,-429.902,-429.902,0.0000,0.1122,0.0000,-0.0005,0.000,32.38,38.0,1,2065
210590550,-429.902,-429.902,0.0000,-0.0282,0.0000,-0.0005,0.000,32.38,38.0,1,2065
210591864,-429.902,-429.902,0.0000,-0.0130,0.0000,-0.0005,0.000,32.38,38.0,1,2065
210592590,-429.902,-429.902,0.0000,-0.0481,0.0000,-0.0005,0.000,32.38,38.0,1,2065
210593869,-429.902,-429.902,0.0000,0.0481,0.0000,-0.0005,0.000,32.38,38.0,1,2065
210594560,-429.902,-429.902,0.0000,-0.0389,0.0000,-0.0005,0.000,32.38,38.0,1,2065
210595548,-429.902,-429.902,0.0000,-0.0465,0.0000,-0.0005,0.000,32.38,38.0,1,2065
210596865,-429.902,-429.902,0.0000,0.0740,0.0000,-0.0005,0.000,32.38,38.0,1,2065
210597599,-429.902,-429.902,0.0000,0.0175,0.0000,-0.0005,0.000,32.38,38.0,1,2065
210598547,-429.902,-429.902,0.0000,-0.1030,0.0000,-0.0005,0.000,32.38,38.0,1,2065
210599553,-429.902,-429.902,0.0000,-0.0130,0.0000,-0.0005,0.000,32.38,38.0,1,2065
210600542,-429.902,-429.902,0.0000,-0.0069,0.0000,-0.0005,0.000,32.38,38.0,1,2065
210601902,-429.902,-429.902,0.0000,-0.0008,0.0000,-0.0005,0.000,32.38,38.0,1,2065
210602544,-429.902,-429.902,0.0000,0.0465,0.0000,-0.0005,0.000,32.38,38.0,1,2065
210603645,-429.902,-429.902,0.0000,-0.1289,0.0000,-0.0005,0.000,32.38,38.0,1,2065
210604544,-429.902,-429.902,0.0000,0.0328,0.0000,-0.0005,0.000,32.38,38.0,1,2065
210605577,-429.902,-429.902,0.0000,-0.0786,0.0000,-0.0005,0.000,32.38,38.0,1,2065
210606895,-429.902,-429.902,0.0000,0.0313,0.0000,-0.0005,0.000,32.38,38.0,1,2065
210607569,-429.902,-429.902,0.0000,0.0786,0.0000,-0.0005,0.000,32.38,38.0,1,2065
210608570,-429.902,-429.902,0.0000,0.0374,0.0000,-0.0005,0.000,32.38,38.0,1,2065
210609880,-429.902,-429.902,0.0000,-0.0084,0.0000,-0.0005,0.000,32.38,38.0,1,2065
210610566,-429.902,-429.902,0.0000,-0.0755,0.0000,-0.0005,0.000,32.38,38.0,1,2065
210611880,-429.902,-429.902,0.0000,0.0847,0.0000,-0.0005,0.000,32.38,38.0,1,2065
210612570,-429.902,-429.902,0.0000,-0.0359,0.0000,-0.0005,0.000,32.38,38.0,1,2065
210613886,-429.902,-429.902,0.0000,0.0481,0.0000,-0.0005,0.000,32.38,38.0,1,2065
210614570,-429.902,-429.902,0.0000,-0.0786,0.0000,-0.0005,0.000,32.38,38.0,1,2065
210615571,-429.902,-429.902,0.0000,-0.0496,0.0000,-0.0005,0.000,32.38,38.0,1,2065
210616880,-429.902,-429.902,0.0000,-0.0069,0.0000,-0.0005,0.000,32.38,38.0,1,2065
210617570,-429.902,-429.902,0.0000,0.0038,0.0000,-0.0005,0.000,32.38,38.0,1,2065
210618570,-429.902,-429.902,0.0000,-0.0282,0.0000,-0.0005,0.000,32.38,38.0,1,2065
210619565,-429.902,-429.902,0.0000,-0.0694,0.0000,-0.0005,0.000,32.38,38.0,1,2065
210620572,-429.902,-429.902,0.0000,0.0114,0.0000,-0.0005,0.000,32.38,38.0,1,2065
210621862,-429.902,-429.902,0.0000,-0.0648,0.0000,-0.0005,0.000,32.38,38.0,1,2065
210622543,-429.902,-429.902,0.0000,0.0679,0.0000,-0.0005,0.000,32.38,38.0,1,2065
210623571,-429.902,-429.902,0.0000,-0.0038,0.0000,-0.0005,0.000,32.38,38.0,1,2065
210624563,-429.902,-429.902,0.0000,0.0084,0.0000,-0.0005,0.000,32.38,38.0,1,2065
210625563,-429.902,-429.902,0.0000,-0.0053,0.0000,-0.0005,0.000,32.38,38.0,1,2065
210626880,-429.902,-429.902,0.0000,0.0313,0.0000,-0.0005,0.000,32.38,38.0,1,2065
210627544,-429.902,-429.902,0.0000,-0.0465,0.0000,-0.0005,0.000,32.38,38.0,1,2065
210628553,-429.902,-429.902,0.0000,-0.0511,0.0000,-0.0005,0.000,32.38,38.0,1,2065
210629884,-429.902,-429.902,0.0000,0.1137,0.0000,-0.0005,0.000,32.38,38.0,1,2065
210630543,-429.902,-429.902,0.0000,-0.0282,0.0000,-0.0005,0.000,32.38,38.0,1,2065
210631871,-429.902,-429.902,0.0000,-0.0374,0.0000,-0.0005,0.000,32.38,38.0,1,2065
210632542,-429.902,-429.902,0.0000,-0.0313,0.0000,-0.0005,0.000,32.38,38.0,1,2065
210633915,-429.902,-429.902,0.0000,0.0664,0.0000,-0.0005,0.000,32.38,38.0,1,2065
210634544,-429.902,-429.902,0.0000,-0.0999,0.0000,-0.0005,0.000,32.38,38.0,1,2065
210635554,-429.902,-429.902,0.0000,-0.0359,0.0000,-0.0005,0.000,32.38,38.0,1,2065
210636857,-429.902,-429.902,0.0000,0.0221,0.0000,-0.0005,0.000,32.38,38.0,1,2065
210637589,-429.902,-429.902,0.0000,0.0435,0.0000,-0.0005,0.000,32.38,38.0,1,2065
210638547,-429.902,-429.902,0.0000,-0.1030,0.0000,-0.0005,0.000,32.38,38.0,1,2065
210639621,-429.902,-429.902,0.0000,-0.0679,0.0000,-0.0005,0.000,32.38,38.0,1,2065
210640543,-429.902,-429.902,0.0000,-0.0069,0.0000,-0.0005,0.000,32.38,38.0,1,2065
210641917,-429.902,-429.902,0.0000,-0.0359,0.0000,-0.0005,0.000,32.38,38.0,1,2065
210642870,-429.902,-429.902,0.0000,-0.0404,0.0000,-0.0005,0.000,32.38,38.0,1,2065
210643879,-429.902,-429.902,0.0000,0.0572,0.0000,-0.0005,0.000,32.38,38.0,1,2065
210644872,-429.902,-429.902,0.0000,0.0496,0.0000,-0.0005,0.000,32.38,38.0,1,2065
210645903,-429.902,-429.902,0.0000,-0.0648,0.0000,-0.0005,0.000,32.38,38.0,1,2065
210647198,-429.902,-429.902,0.0000,-0.0359,0.0000,-0.0005,0.000,32.38,38.0,1,2065
210647875,-429.902,-429.902,0.0000,0.0252,0.0000,-0.0005,0.000,32.38,38.0,1,2065
210648870,-429.902,-429.902,0.0000,0.1289,0.0000,-0.0005,0.000,32.38,38.0,1,2065
210650245,-429.902,-429.902,0.0000,-0.1518,0.0000,-0.0005,0.000,32.38,38.0,1,2065
210650457,-429.902,-429.902,0.0000,-0.0069,0.0000,-0.0005,0.000,32.38,38.0,1,2065
210651886,-429.902,-429.902,0.0000,0.0252,0.0000,-0.0005,0.000,32.38,38.0,1,2065
210652543,-429.902,-429.902,0.0000,-0.0359,0.0000,-0.0005,0.000,32.38,38.0,1,2065
210653964,-429.902,-429.902,0.0000,0.0313,0.0000,-0.0005,0.000,32.38,38.0,1,2065
210654547,-429.902,-429.902,0.0000,-0.0130,0.0000,-0.0005,0.000,32.38,38.0,1,2065
210655547,-429.902,-429.902,0.0000,0.0526,0.0000,-0.0005,0.000,32.38,38.0,1,2065
210656921,-429.902,-429.902,0.0000,-0.1381,0.0000,-0.0005,0.000,32.38,38.0,1,2065
210657882,-429.902,-429.902,0.0000,0.0114,0.0000,-0.0005,0.000,32.38,38.0,1,2065
210658880,-429.902,-429.902,0.0000,0.0618,0.0000,-0.0005,0.000,32.38,38.0,1,2065
210659883,-429.902,-429.902,0.0000,0.0496,0.0000,-0.0005,0.000,32.38,38.0,1,2065
210660884,-429.902,-429.902,0.0000,-0.0313,0.0000,-0.0005,0.000,32.38,38.0,1,2065
210662207,-429.902,-429.902,0.0000,0.0481,0.0000,-0.0005,0.000,32.38,38.0,1,2065
210662882,-429.902,-429.902,0.0000,-0.0206,0.0000,-0.0005,0.000,32.38,38.0,1,2065
210663881,-429.902,-429.902,0.0000,-0.0771,0.0000,-0.0005,0.000,32.38,38.0,1,2065
210664881,-429.902,-429.902,0.0000,0.1060,0.0000,-0.0005,0.000,32.38,38.0,1,2065
210665880,-429.902,-429.902,0.0000,-0.0618,0.0000,-0.0005,0.000,32.38,38.0,1,2065
210667209,-429.902,-429.902,0.0000,-0.0313,0.0000,-0.0005,0.000,32.38,38.0,1,2065
210667880,-429.902,-429.902,0.0000,-0.0145,0.0000,-0.0005,0.000,32.38,38.0,1,2065
210668880,-429.902,-429.902,0.0000,0.0557,0.0000,-0.0005,0.000,32.38,38.0,1,2065
210670207,-429.902,-429.902,0.0000,0.0221,0.0000,-0.0005,0.000,32.38,38.0,1,2065
210670567,-429.902,-429.902,0.0000,-0.0633,0.0000,-0.0005,0.000,32.38,38.0,1,2065
210671882,-429.902,-429.902,0.0000,-0.0526,0.0000,-0.0005,0.000,32.38,38.0,1,2065
210672568,-429.902,-429.902,0.0000,0.0603,0.0000,-0.0005,0.000,32.38,38.0,1,2065
210673888,-429.902,-429.902,0.0000,-0.0084,0.0000,-0.0005,0.000,32.38,38.0,1,2065
210674568,-429.902,-429.902,0.0000,0.0160,0.0000,-0.0005,0.000,32.38,38.0,1,2065
210675571,-429.902,-429.902,0.0000,-0.0832,0.0000,-0.0005,0.000,32.38,38.0,1,2065
210676861,-429.902,-429.902,0.0000,0.0282,0.0000,-0.0005,0.000,32.38,38.0,1,2065
210677567,-429.902,-429.902,0.0000,0.0694,0.0000,-0.0005,0.000,32.38,38.0,1,2065
210678570,-429.902,-429.902,0.0000,-0.0374,0.0000,-0.0005,0.000,32.38,38.0,1,2065
210679565,-429.902,-429.902,0.0000,-0.0771,0.0000,-0.0005,0.000,32.38,38.0,1,2065
210680569,-429.902,-429.902,0.0000,0.0389,0.0000,-0.0005,0.000,32.38,38.0,1,2065
210681862,-429.902,-429.902,0.0000,-0.1335,0.0000,-0.0005,0.000,32.38,38.0,1,2065
210682660,-429.902,-429.902,0.0000,0.0710,0.0000,-0.0005,0.000,32.38,38.0,1,2065
210683592,-429.902,-429.902,0.0000,0.0771,0.0000,-0.0005,0.000,32.38,38.0,1,2065
210684542,-429.902,-429.902,0.0000,0.0114,0.0000,-0.0005,0.000,32.38,38.0,1,2065
210685549,-429.902,-429.902,0.0000,-0.0526,0.0000,-0.0005,0.000,32.38,38.0,1,2065
210686869,-429.902,-429.902,0.0000,0.0069,0.0000,-0.0005,0.000,32.38,38.0,1,2065
210687589,-429.902,-429.902,0.0000,0.0633,0.0000,-0.0005,0.000,32.38,38.0,1,2065
210688547,-429.902,-429.902,0.0000,-0.0969,0.0000,-0.0005,0.000,32.38,38.0,1,2065
210689868,-429.902,-429.902,0.0000,0.0343,0.0000,-0.0005,0.000,32.38,38.0,1,2065
210690543,-429.902,-429.902,0.0000,0.0237,0.0000,-0.0005,0.000,32.38,38.0,1,2065
210691909,-429.902,-429.902,0.0000,0.0145,0.0000,-0.0005,0.000,32.38,38.0,1,2065
210692546,-429.902,-429.902,0.0000,-0.0374,0.0000,-0.0005,0.000,32.38,38.0,1,2065
210693948,-429.902,-429.902,0.0000,0.0572,0.0000,-0.0005,0.000,32.38,38.0,1,2065
210694870,-429.902,-429.902,0.0000,0.1747,0.0000,-0.0005,0.000,32.38,38.0,1,2065
210695909,-429.902,-429.902,0.0000,-0.0526,0.0000,-0.0005,0.000,32.38,38.0,1,2065
210697201,-429.902,-429.902,0.0000,-0.0511,0.0000,-0.0005,0.000,32.38,38.0,1,2065
210697871,-429.902,-429.902,0.0000,0.0572,0.0000,-0.0005,0.000,32.38,38.0,1,2065
210698871,-429.902,-429.902,0.0000,0.0328,0.0000,-0.0005,0.000,32.38,38.0,1,2065
210699899,-429.902,-429.902,0.0000,-0.0572,0.0000,-0.0005,0.000,32.38,38.0,1,2065
210700872,-429.902,-429.902,0.0000,0.0603,0.0000,-0.0005,0.000,32.38,38.0,1,2065
210702206,-429.902,-429.902,0.0000,-0.0359,0.0000,-0.0005,0.000,32.38,38.0,1,2065
210702870,-429.902,-429.902,0.0000,0.0282,0.0000,-0.0005,0.000,32.38,38.0,1,2065
210703918,-429.902,-429.902,0.0000,-0.0069,0.0000,-0.0005,0.000,32.38,38.0,1,2065
210704909,-429.902,-429.902,0.0000,0.0313,0.0000,-0.0005,0.000,32.38,38.0,1,2065
210705885,-429.902,-429.902,0.0000,-0.0786,0.0000,-0.0005,0.000,32.38,38.0,1,2065
210707199,-429.902,-429.902,0.0000,0.0206,0.0000,-0.0005,0.000,32.38,38.0,1,2065
210707867,-429.902,-429.902,0.0000,-0.0069,0.0000,-0.0005,0.000,32.38,38.0,1,2065
210708871,-429.902,-429.902,0.0000,0.1305,0.0000,-0.0005,0.000,32.38,38.0,1,2065
210710225,-429.902,-429.902,0.0000,-0.1610,0.0000,-0.0005,0.000,32.38,38.0,1,2065
210710566,-429.902,-429.902,0.0000,-0.0786,0.0000,-0.0005,0.000,32.38,38.0,1,2065
210711884,-429.902,-429.902,0.0000,0.0237,0.0000,-0.0005,0.000,32.38,38.0,1,2065
210712566,-429.902,-429.902,0.0000,0.1045,0.0000,-0.0005,0.000,32.38,38.0,1,2065
210713885,-429.902,-429.902,0.0000,-0.0511,0.0000,-0.0005,0.000,32.38,38.0,1,2065
210714565,-429.902,-429.902,0.0000,0.0648,0.0000,-0.0005,0.000,32.38,38.0,1,2065
210715569,-429.902,-429.902,0.0000,0.0374,0.0000,-0.0005,0.000,32.38,38.0,1,2065
210716881,-429.902,-429.902,0.0000,0.0175,0.0000,-0.0005,0.000,32.38,38.0,1,2065
210717565,-429.902,-429.902,0.0000,-0.0786,0.0000,-0.0005,0.000,32.38,38.0,1,2065
210718568,-429.902,-429.902,0.0000,0.0328,0.0000,-0.0005,0.000,32.38,38.0,1,2065
210719562,-429.902,-429.902,0.0000,-0.0526,0.0000,-0.0005,0.000,32.38,38.0,1,2065
210720562,-429.902,-429.902,0.0000,0.0328,0.0000,-0.0005,0.000,32.38,38.0,1,2065
210721881,-429.902,-429.902,0.0000,-0.0359,0.0000,-0.0005,0.000,32.38,38.0,1,2065
210722565,-429.902,-429.902,0.0000,-0.0816,0.0000,-0.0005,0.000,32.38,38.0,1,2065
210723567,-429.902,-429.902,0.0000,-0.0603,0.0000,-0.0005,0.000,32.38,38.0,1,2065
210724561,-429.902,-429.902,0.0000,-0.0114,0.0000,-0.0005,0.000,32.38,38.0,1,2065
210725544,-429.902,-429.902,0.0000,-0.0008,0.0000,-0.0005,0.000,32.38,38.0,1,2065
210726877,-429.902,-429.902,0.0000,-0.0053,0.0000,-0.0005,0.000,32.38,38.0,1,2065
210727562,-429.902,-429.902,0.0000,0.0221,0.0000,-0.0005,0.000,32.38,38.0,1,2065
210728566,-429.902,-429.902,0.0000,-0.0648,0.0000,-0.0005,0.000,32.38,38.0,1,2065
210729876,-429.902,-429.902,0.0000,0.0267,0.0000,-0.0005,0.000,32.38,38.0,1,2065
210730542,-429.902,-429.902,0.0000,0.0511,0.0000,-0.0005,0.000,32.38,38.0,1,2065
210731863,-429.902,-429.902,0.0000,0.0374,0.0000,-0.0005,0.000,32.38,38.0,1,2065
210732883,-429.902,-429.902,0.0000,-0.1198,0.0000,-0.0005,0.000,32.38,38.0,1,2065
210734195,-429.902,-429.902,0.0000,0.1564,0.0000,-0.0005,0.000,32.38,38.0,1,2065
210734909,-429.902,-429.902,0.0000,-0.1335,0.0000,-0.0005,0.000,32.38,38.0,1,2065
210735780,-429.902,-429.902,0.0000,-0.0450,0.0000,-0.0005,0.000,32.38,38.0,1,2065
210737217,-429.902,-429.902,0.0000,0.0664,0.0000,-0.0005,0.000,32.38,38.0,1,2065
210737869,-429.902,-429.902,0.0000,-0.0374,0.0000,-0.0005,0.000,32.38,38.0,1,2065
210738804,-429.902,-429.902,0.0000,0.0603,0.0000,-0.0005,0.000,32.38,38.0,1,2065
210739871,-429.902,-429.902,0.0000,-0.0023,0.0000,-0.0005,0.000,32.38,38.0,1,2065
210740872,-429.902,-429.902,0.0000,0.0298,0.0000,-0.0005,0.000,32.38,38.0,1,2065
210742234,-429.902,-429.902,0.0000,-0.0771,0.0000,-0.0005,0.000,32.38,38.0,1,2065
210742871,-429.902,-429.902,0.0000,0.0282,0.0000,-0.0005,0.000,32.38,38.0,1,2065
210743806,-429.902,-429.902,0.0000,-0.0099,0.0000,-0.0005,0.000,32.38,38.0,1,2065
210744873,-429.902,-429.902,0.0000,-0.0237,0.0000,-0.0005,0.000,32.38,38.0,1,2065
210745870,-429.902,-429.902,0.0000,0.0038,0.0000,-0.0005,0.000,32.38,38.0,1,2065
210747233,-429.902,-429.902,0.0000,0.0725,0.0000,-0.0005,0.000,32.41,38.0,1,2065
210747868,-429.902,-429.902,0.0000,-0.0618,0.0000,-0.0005,0.000,32.41,38.0,1,2065
210748877,-429.902,-429.902,0.0000,0.0969,0.0000,-0.0005,0.000,32.41,38.0,1,2065
210750193,-429.902,-429.902,0.0000,0.0710,0.0000,-0.0005,0.000,32.41,38.0,1,2065
210750433,-429.902,-429.902,0.0000,-0.0465,0.0000,-0.0005,0.000,32.41,38.0,1,2065
210751892,-429.902,-429.902,0.0000,0.0175,0.0000,-0.0005,0.000,32.41,38.0,1,2065
210752547,-429.902,-429.902,0.0000,0.0252,0.0000,-0.0005,0.000,32.41,38.0,1,2065
210753940,-429.902,-429.902,0.0000,0.0404,0.0000,-0.0005,0.000,32.41,38.0,1,2065
210754868,-429.902,-429.902,0.0000,-0.0847,0.0000,-0.0005,0.000,32.41,38.0,1,2065
210755952,-429.902,-429.902,0.0000,0.0313,0.0000,-0.0005,0.000,32.41,38.0,1,2065
210757231,-429.902,-429.902,0.0000,0.0557,0.0000,-0.0005,0.000,32.38,38.0,1,2065
210757868,-429.902,-429.902,0.0000,-0.0496,0.0000,-0.0005,0.000,32.38,38.0,1,2065
210758869,-429.902,-429.902,0.0000,-0.0252,0.0000,-0.0005,0.000,32.38,38.0,1,2065
210759871,-429.902,-429.902,0.0000,-0.0252,0.0000,-0.0005,0.000,32.38,38.0,1,2065
210760906,-429.902,-429.902,0.0000,-0.0359,0.0000,-0.0005,0.000,32.38,38.0,1,2065
210762201,-429.902,-429.902,0.0000,0.0557,0.0000,-0.0005,0.000,32.38,38.0,1,2065
210762877,-429.902,-429.902,0.0000,0.0099,0.0000,-0.0005,0.000,32.38,38.0,1,2065
210763879,-429.902,-429.902,0.0000,0.0313,0.0000,-0.0005,0.000,32.38,38.0,1,2065
210764879,-429.902,-429.902,0.0000,0.0984,0.0000,-0.0005,0.000,32.38,38.0,1,2065
210765882,-429.902,-429.902,0.0000,0.0298,0.0000,-0.0005,0.000,32.38,38.0,1,2065
210767203,-429.902,-429.902,0.0000,-0.0053,0.0000,-0.0005,0.000,32.38,38.0,1,2065
210767874,-429.902,-429.902,0.0000,-0.0603,0.0000,-0.0005,0.000,32.38,38.0,1,2065
210768878,-429.902,-429.902,0.0000,0.0862,0.0000,-0.0005,0.000,32.38,38.0,1,2065
210770202,-429.902,-429.902,0.0000,0.0526,0.0000,-0.0005,0.000,32.38,38.0,1,2065
210770555,-429.902,-429.902,0.0000,0.0496,0.0000,-0.0005,0.000,32.38,38.0,1,2065
210771885,-429.902,-429.902,0.0000,0.0145,0.0000,-0.0005,0.000,32.38,38.0,1,2065
210772569,-429.902,-429.902,0.0000,0.0053,0.0000,-0.0005,0.000,32.38,38.0,1,2065
210773886,-429.902,-429.902,0.0000,-0.0252,0.0000,-0.0005,0.000,32.38,38.0,1,2065
210774570,-429.902,-429.902,0.0000,0.0664,0.0000,-0.0005,0.000,32.38,38.0,1,2065
210775570,-429.902,-429.902,0.0000,0.0343,0.0000,-0.0005,0.000,32.38,38.0,1,2065
210776881,-429.902,-429.902,0.0000,-0.0267,0.0000,-0.0005,0.000,32.38,38.0,1,2065
210777570,-429.902,-429.902,0.0000,-0.1091,0.0000,-0.0005,0.000,32.38,38.0,1,2065
210778570,-429.902,-429.902,0.0000,0.1183,0.0000,-0.0005,0.000,32.38,38.0,1,2065
210779563,-429.902,-429.902,0.0000,-0.0175,0.0000,-0.0005,0.000,32.38,38.0,1,2065
210780544,-429.902,-429.902,0.0000,-0.0648,0.0000,-0.0005,0.000,32.38,38.0,1,2065
210781878,-429.902,-429.902,0.0000,-0.0328,0.0000,-0.0005,0.000,32.38,38.0,1,2065
210782567,-429.902,-429.902,0.0000,0.0465,0.0000,-0.0005,0.000,32.38,38.0,1,2065
210783569,-429.902,-429.902,0.0000,-0.0755,0.0000,-0.0005,0.000,32.38,38.0,1,2065
210784568,-429.902,-429.902,0.0000,0.0816,0.0000,-0.0005,0.000,32.38,38.0,1,2065
210785542,-429.902,-429.902,0.0000,-0.0832,0.0000,-0.0005,0.000,32.38,38.0,1,2065
210786847,-429.902,-429.902,0.0000,-0.0313,0.0000,-0.0005,0.000,32.38,38.0,1,2065
210787882,-429.902,-429.902,0.0000,-0.0175,0.0000,-0.0005,0.000,32.38,38.0,1,2065
210788869,-429.902,-429.902,0.0000,-0.0298,0.0000,-0.0005,0.000,32.38,38.0,1,2065
210790195,-429.902,-429.902,0.0000,0.0160,0.0000,-0.0005,0.000,32.38,38.0,1,2065
210790543,-429.902,-429.902,0.0000,0.0450,0.0000,-0.0005,0.000,32.38,38.0,1,2065
210791908,-429.902,-429.902,0.0000,0.0191,0.0000,-0.0005,0.000,32.38,38.0,1,2065
210792543,-429.902,-429.902,0.0000,0.0374,0.0000,-0.0005,0.000,32.38,38.0,1,2065
210793870,-429.902,-429.902,0.0000,-0.0053,0.0000,-0.0005,0.000,32.38,38.0,1,2065
210794543,-429.902,-429.902,0.0000,-0.0313,0.0000,-0.0005,0.000,32.38,38.0,1,2065
210795594,-429.902,-429.902,0.0000,0.0404,0.0000,-0.0005,0.000,32.38,38.0,1,2065
210796866,-429.902,-429.902,0.0000,-0.0694,0.0000,-0.0005,0.000,32.38,38.0,1,2065
210797559,-429.902,-429.902,0.0000,0.0328,0.0000,-0.0005,0.000,32.38,38.0,1,2065
210798548,-429.902,-429.902,0.0000,0.0145,0.0000,-0.0005,0.000,32.38,38.0,1,2065
210799542,-429.902,-429.902,0.0000,-0.0191,0.0000,-0.0005,0.000,32.38,38.0,1,2065
210800595,-429.902,-429.902,0.0000,0.0526,0.0000,-0.0005,0.000,32.38,38.0,1,2065
210801867,-429.902,-429.902,0.0000,-0.0343,0.0000,-0.0005,0.000,32.38,38.0,1,2065
210802554,-429.902,-429.902,0.0000,-0.0603,0.0000,-0.0005,0.000,32.38,38.0,1,2065
210803547,-429.902,-429.902,0.0000,0.0435,0.0000,-0.0005,0.000,32.38,38.0,1,2065
210804585,-429.902,-429.902,0.0000,-0.0175,0.0000,-0.0005,0.000,32.38,38.0,1,2065
210805542,-429.902,-429.902,0.0000,0.0237,0.0000,-0.0005,0.000,32.38,38.0,1,2065
210806958,-429.902,-429.902,0.0000,-0.0694,0.0000,-0.0005,0.000,32.38,38.0,1,2065
210807548,-429.902,-429.902,0.0000,0.0084,0.0000,-0.0005,0.000,32.38,38.0,1,2065
210808547,-429.902,-429.902,0.0000,-0.0069,0.0000,-0.0005,0.000,32.38,38.0,1,2065
210809917,-429.902,-429.902,0.0000,-0.0099,0.0000,-0.0005,0.000,32.38,38.0,1,2065
210810565,-429.902,-429.902,0.0000,-0.0664,0.0000,-0.0005,0.000,32.38,38.0,1,2065
210811882,-429.902,-429.902,0.0000,0.0267,0.0000,-0.0005,0.000,32.38,38.0,1,2065
210812570,-429.902,-429.902,0.0000,-0.0206,0.0000,-0.0005,0.000,32.38,38.0,1,2065
210813886,-429.902,-429.902,0.0000,-0.0267,0.0000,-0.0005,0.000,32.38,38.0,1,2065
210814570,-429.902,-429.902,0.0000,0.0801,0.0000,-0.0005,0.000,32.38,38.0,1,2065
210815570,-429.902,-429.902,0.0000,0.0374,0.0000,-0.0005,0.000,32.38,38.0,1,2065
210816880,-429.902,-429.902,0.0000,0.0282,0.0000,-0.0005,0.000,32.38,38.0,1,2065
210817570,-429.902,-429.902,0.0000,-0.0771,0.0000,-0.0005,0.000,32.38,38.0,1,2065
210818570,-429.902,-429.902,0.0000,0.0435,0.0000,-0.0005,0.000,32.38,38.0,1,2065
210819565,-429.902,-429.902,0.0000,0.0633,0.0000,-0.0005,0.000,32.38,38.0,1,2065
210820563,-429.902,-429.902,0.0000,0.1228,0.0000,-0.0005,0.000,32.38,38.0,1,2065
210821881,-429.902,-429.902,0.0000,-0.1305,0.0000,-0.0005,0.000,32.38,38.0,1,2065
210822571,-429.902,-429.902,0.0000,0.1488,0.0000,-0.0005,0.000,32.38,38.0,1,2065
210823576,-429.902,-429.902,0.0000,-0.0160,0.0000,-0.0005,0.000,32.38,38.0,1,2065
210824544,-429.902,-429.902,0.0000,-0.0389,0.0000,-0.0005,0.000,32.38,38.0,1,2065
210825542,-429.902,-429.902,0.0000,-0.0206,0.0000,-0.0005,0.000,32.38,38.0,1,2065
210826881,-429.902,-429.902,0.0000,0.0923,0.0000,-0.0005,0.000,32.38,38.0,1,2065
210827569,-429.902,-429.902,0.0000,0.0237,0.0000,-0.0005,0.000,32.38,38.0,1,2065
210828571,-429.902,-429.902,0.0000,-0.0282,0.0000,-0.0005,0.000,32.38,38.0,1,2065
210829880,-429.902,-429.902,0.0000,0.0954,0.0000,-0.0005,0.000,32.38,38.0,1,2065
210830542,-429.902,-429.902,0.0000,-0.0038,0.0000,-0.0005,0.000,32.38,38.0,1,2065
210831859,-429.902,-429.902,0.0000,0.0053,0.0000,-0.0005,0.000,32.38,38.0,1,2065
210832879,-429.902,-429.902,0.0000,0.1259,0.0000,-0.0005,0.000,32.38,38.0,1,2065
210834193,-429.902,-429.902,0.0000,0.0450,0.0000,-0.0005,0.000,32.38,38.0,1,2065
210834869,-429.902,-429.902,0.0000,-0.0099,0.0000,-0.0005,0.000,32.38,38.0,1,2065
210835870,-429.902,-429.902,0.0000,0.0130,0.0000,-0.0005,0.000,32.38,38.0,1,2065
210837223,-429.902,-429.902,0.0000,0.0633,0.0000,-0.0005,0.000,32.41,38.0,1,2065
210837865,-429.902,-429.902,0.0000,0.0526,0.0000,-0.0005,0.000,32.41,38.0,1,2065
210838869,-429.902,-429.902,0.0000,0.0847,0.0000,-0.0005,0.000,32.41,38.0,1,2065
210839867,-429.902,-429.902,0.0000,-0.0114,0.0000,-0.0005,0.000,32.41,38.0,1,2065
210840899,-429.902,-429.902,0.0000,-0.0694,0.0000,-0.0005,0.000,32.41,38.0,1,2065
210842191,-429.902,-429.902,0.0000,0.1411,0.0000,-0.0005,0.000,32.41,38.0,1,2065
210842934,-429.902,-429.902,0.0000,-0.0587,0.0000,-0.0005,0.000,32.41,38.0,1,2065
210843812,-429.902,-429.902,0.0000,0.0130,0.0000,-0.0005,0.000,32.41,38.0,1,2065
210844885,-429.902,-429.902,0.0000,0.0038,0.0000,-0.0005,0.000,32.41,38.0,1,2065
210845868,-429.902,-429.902,0.0000,0.0710,0.0000,-0.0005,0.000,32.41,38.0,1,2065
210847203,-429.902,-429.902,0.0000,0.0267,0.0000,-0.0005,0.000,32.41,38.0,1,2065
210847865,-429.902,-429.902,0.0000,0.0404,0.0000,-0.0005,0.000,32.41,38.0,1,2065
210848894,-429.902,-429.902,0.0000,-0.0511,0.0000,-0.0005,0.000,32.41,38.0,1,2065
210850190,-429.902,-429.902,0.0000,0.0359,0.0000,-0.0005,0.000,32.41,38.0,1,2065
210850552,-429.902,-429.902,0.0000,-0.0801,0.0000,-0.0005,0.000,32.41,38.0,1,2065
210851868,-429.902,-429.902,0.0000,0.0847,0.0000,-0.0005,0.000,32.41,38.0,1,2065
210852559,-429.902,-429.902,0.0000,0.0603,0.0000,-0.0005,0.000,32.41,38.0,1,2065
210853900,-429.902,-429.902,0.0000,0.0069,0.0000,-0.0005,0.000,32.41,38.0,1,2065
210854546,-429.902,-429.902,0.0000,-0.0038,0.0000,-0.0005,0.000,32.41,38.0,1,2065
210855555,-429.902,-429.902,0.0000,0.0374,0.0000,-0.0005,0.000,32.41,38.0,1,2065
210856857,-429.902,-429.902,0.0000,-0.0298,0.0000,-0.0005,0.000,32.41,38.0,1,2065
210857614,-429.902,-429.902,0.0000,0.0832,0.0000,-0.0005,0.000,32.41,38.0,1,2065
210858610,-429.902,-429.902,0.0000,0.0450,0.0000,-0.0005,0.000,32.41,38.0,1,2065
210859543,-429.902,-429.902,0.0000,0.1183,0.0000,-0.0005,0.000,32.41,38.0,1,2065
210860601,-429.902,-429.902,0.0000,0.0710,0.0000,-0.0005,0.000,32.41,38.0,1,2065
210861887,-429.902,-429.902,0.0000,0.0114,0.0000,-0.0005,0.000,32.41,38.0,1,2065
210862872,-429.902,-429.902,0.0000,-0.1915,0.0000,-0.0005,0.000,32.41,38.0,1,2065
210863877,-429.902,-429.902,0.0000,0.0694,0.0000,-0.0005,0.000,32.41,38.0,1,2065
210864877,-429.902,-429.902,0.0000,-0.1213,0.0000,-0.0005,0.000,32.41,38.0,1,2065
210865877,-429.902,-429.902,0.0000,0.0221,0.0000,-0.0005,0.000,32.41,38.0,1,2065
210867200,-429.902,-429.902,0.0000,-0.0099,0.0000,-0.0005,0.000,32.41,38.0,1,2065
210867874,-429.902,-429.902,0.0000,0.0252,0.0000,-0.0005,0.000,32.41,38.0,1,2065
210868877,-429.902,-429.902,0.0000,0.0130,0.0000,-0.0005,0.000,32.41,38.0,1,2065
210870201,-429.902,-429.902,0.0000,-0.1305,0.0000,-0.0005,0.000,32.41,38.0,1,2065
210870567,-429.902,-429.902,0.0000,-0.0740,0.0000,-0.0005,0.000,32.41,38.0,1,2065
210871880,-429.902,-429.902,0.0000,0.0511,0.0000,-0.0005,0.000,32.41,38.0,1,2065
210872569,-429.902,-429.902,0.0000,0.0038,0.0000,-0.0005,0.000,32.41,38.0,1,2065
210873886,-429.902,-429.902,0.0000,0.0252,0.0000,-0.0005,0.000,32.41,38.0,1,2065
210874569,-429.902,-429.902,0.0000,-0.0298,0.0000,-0.0005,0.000,32.41,38.0,1,2065
210875570,-429.902,-429.902,0.0000,-0.0435,0.0000,-0.0005,0.000,32.41,38.0,1,2065
210876880,-429.902,-429.902,0.0000,-0.0343,0.0000,-0.0005,0.000,32.41,38.0,1,2065
210877570,-429.902,-429.902,0.0000,0.0526,0.0000,-0.0005,0.000,32.41,38.0,1,2065
210878568,-429.902,-429.902,0.0000,0.0542,0.0000,-0.0005,0.000,32.41,38.0,1,2065
210879545,-429.902,-429.902,0.0000,0.0893,0.0000,-0.0005,0.000,32.41,38.0,1,2065
210880561,-429.902,-429.902,0.0000,-0.0008,0.0000,-0.0005,0.000,32.41,38.0,1,2065
210881878,-429.902,-429.902,0.0000,0.0206,0.0000,-0.0005,0.000,32.41,38.0,1,2065
210882567,-429.902,-429.880,0.0000,0.1152,0.0000,-0.0005,0.000,32.41,38.0,1,2065
210883573,-429.880,-429.902,0.0000,-0.0237,0.0000,-0.0005,0.000,32.41,38.0,1,2065
210884542,-429.902,-429.902,0.0000,-0.0908,0.0000,-0.0005,0.000,32.41,38.0,1,2065
210885553,-429.902,-429.902,0.0000,-0.0633,0.0000,-0.0005,0.000,32.41,38.0,1,2065
210886867,-429.902,-429.902,0.0000,0.0008,0.0000,-0.0005,0.000,32.41,38.0,1,2065
210887542,-429.902,-429.902,0.0000,0.0633,0.0000,-0.0005,0.000,32.41,38.0,1,2065
210888553,-429.902,-429.902,0.0000,-0.0511,0.0000,-0.0005,0.000,32.41,38.0,1,2065
210889860,-429.902,-429.902,0.0000,-0.0404,0.0000,-0.0005,0.000,32.41,38.0,1,2065
210890592,-429.902,-429.902,0.0000,-0.0343,0.0000,-0.0005,0.000,32.41,38.0,1,2065
210891865,-429.902,-429.902,0.0000,-0.1015,0.0000,-0.0005,0.000,32.41,38.0,1,2065
210892549,-429.902,-429.902,0.0000,-0.1122,0.0000,-0.0005,0.000,32.41,38.0,1,2065
210893863,-429.902,-429.902,0.0000,-0.0252,0.0000,-0.0005,0.000,32.41,38.0,1,2065
210894590,-429.902,-429.902,0.0000,-0.0160,0.0000,-0.0005,0.000,32.41,38.0,1,2065
210895548,-429.902,-429.902,0.0000,0.0114,0.0000,-0.0005,0.000,32.41,38.0,1,2065
210896935,-429.902,-429.902,0.0000,-0.0557,0.0000,-0.0005,0.000,32.41,38.0,1,2065
210897547,-429.902,-429.902,0.0000,0.0511,0.0000,-0.0005,0.000,32.41,38.0,1,2065
210898592,-429.902,-429.902,0.0000,-0.0145,0.0000,-0.0005,0.000,32.41,38.0,1,2065
210899546,-429.902,-429.924,0.0000,-0.0603,0.0000,-0.0005,0.000,32.41,38.0,1,2065
210900553,-429.924,-429.902,0.0000,0.1228,0.0000,-0.0005,0.000,32.41,38.0,1,2065
210901864,-429.902,-429.902,0.0000,0.0114,0.0000,-0.0005,0.000,32.41,38.0,1,2065
210902585,-429.902,-429.902,0.0000,0.0252,0.0000,-0.0005,0.000,32.41,38.0,1,2065
210903548,-429.902,-429.902,0.0000,-0.0053,0.0000,-0.0005,0.000,32.41,38.0,1,2065
210904553,-429.902,-429.902,0.0000,0.0221,0.0000,-0.0005,0.000,32.41,38.0,1,2065
210905542,-429.902,-429.902,0.0000,0.0481,0.0000,-0.0005,0.000,32.41,38.0,1,2065
210906951,-429.902,-429.902,0.0000,-0.0191,0.0000,-0.0005,0.000,32.41,38.0,1,2065
210907547,-429.902,-429.902,0.0000,-0.0343,0.0000,-0.0005,0.000,32.41,38.0,1,2065
210908644,-429.902,-429.902,0.0000,0.0847,0.0000,-0.0005,0.000,32.41,38.0,1,2065
210909860,-429.902,-429.902,0.0000,-0.0084,0.0000,-0.0005,0.000,32.41,38.0,1,2065
210910543,-429.902,-429.902,0.0000,-0.0984,0.0000,-0.0005,0.000,32.41,38.0,1,2065
210911918,-429.902,-429.902,0.0000,-0.0694,0.0000,-0.0005,0.000,32.41,38.0,1,2065
210912870,-429.902,-429.902,0.0000,0.1152,0.0000,-0.0005,0.000,32.41,38.0,1,2065
210914201,-429.902,-429.902,0.0000,0.0282,0.0000,-0.0005,0.000,32.41,38.0,1,2065
210914873,-429.902,-429.902,0.0000,-0.0938,0.0000,-0.0005,0.000,32.41,38.0,1,2065
210915874,-429.902,-429.902,0.0000,0.0572,0.0000,-0.0005,0.000,32.41,38.0,1,2065
210917198,-429.902,-429.902,0.0000,0.0679,0.0000,-0.0005,0.000,32.41,38.0,1,2065
210917870,-429.902,-429.902,0.0000,-0.1793,0.0000,-0.0005,0.000,32.41,38.0,1,2065
210918874,-429.902,-429.902,0.0000,-0.0053,0.0000,-0.0005,0.000,32.41,38.0,1,2065
210919876,-429.902,-429.902,0.0000,0.0023,0.0000,-0.0005,0.000,32.41,38.0,1,2065
210920874,-429.902,-429.902,0.0000,0.0679,0.0000,-0.0005,0.000,32.41,38.0,1,2065
210922201,-429.902,-429.902,0.0000,-0.0328,0.0000,-0.0005,0.000,32.41,38.0,1,2065
210922872,-429.902,-429.902,0.0000,-0.0008,0.0000,-0.0005,0.000,32.41,38.0,1,2065
210923873,-429.902,-429.902,0.0000,-0.0648,0.0000,-0.0005,0.000,32.41,38.0,1,2065
210924873,-429.902,-429.902,0.0000,0.0694,0.0000,-0.0005,0.000,32.41,38.0,1,2065
210925876,-429.902,-429.902,0.0000,0.0465,0.0000,-0.0005,0.000,32.41,38.0,1,2065
210927199,-429.902,-429.902,0.0000,-0.1213,0.0000,-0.0005,0.000,32.41,38.0,1,2065
210927872,-429.902,-429.902,0.0000,-0.0023,0.0000,-0.0005,0.000,32.41,38.0,1,2065
210928875,-429.902,-429.902,0.0000,0.0221,0.0000,-0.0005,0.000,32.41,38.0,1,2065
210930191,-429.902,-429.902,0.0000,-0.0999,0.0000,-0.0005,0.000,32.41,38.0,1,2065
210930567,-429.902,-429.902,0.0000,0.0145,0.0000,-0.0005,0.000,32.41,38.0,1,2065
210931882,-429.902,-429.902,0.0000,-0.0160,0.0000,-0.0005,0.000,32.41,38.0,1,2065
210932569,-429.902,-429.902,0.0000,-0.0847,0.0000,-0.0005,0.000,32.41,38.0,1,2065
210933866,-429.902,-429.902,0.0000,0.1457,0.0000,-0.0005,0.000,32.41,38.0,1,2065
210934542,-429.902,-429.902,0.0000,-0.1610,0.0000,-0.0005,0.000,32.41,38.0,1,2065
210935575,-429.902,-429.902,0.0000,-0.0099,0.0000,-0.0005,0.000,32.41,38.0,1,2065
210936879,-429.902,-429.902,0.0000,-0.0435,0.0000,-0.0005,0.000,32.41,38.0,1,2065
210937568,-429.902,-429.902,0.0000,0.0237,0.0000,-0.0005,0.000,32.41,38.0,1,2065
210938574,-429.902,-429.902,0.0000,0.0099,0.0000,-0.0005,0.000,32.41,38.0,1,2065
210939542,-429.902,-429.902,0.0000,0.0481,0.0000,-0.0005,0.000,32.41,38.0,1,2065
210940559,-429.902,-429.902,0.0000,-0.0679,0.0000,-0.0005,0.000,32.41,38.0,1,2065
210941868,-429.902,-429.902,0.0000,0.0038,0.0000,-0.0005,0.000,32.41,38.0,1,2065
210942542,-429.902,-429.902,0.0000,0.1167,0.0000,-0.0005,0.000,32.41,38.0,1,2065
210943554,-429.902,-429.902,0.0000,-0.0999,0.0000,-0.0005,0.000,32.41,38.0,1,2065
210944542,-429.902,-429.902,0.0000,-0.2220,0.0000,-0.0005,0.000,32.41,38.0,1,2065
210945590,-429.902,-429.902,0.0000,0.0648,0.0000,-0.0005,0.000,32.41,38.0,1,2065
210946867,-429.902,-429.902,0.0000,-0.0084,0.0000,-0.0005,0.000,32.41,38.0,1,2065
210947549,-429.902,-429.902,0.0000,-0.0160,0.0000,-0.0005,0.000,32.41,38.0,1,2065
210948547,-429.902,-429.902,0.0000,0.0282,0.0000,-0.0005,0.000,32.41,38.0,1,2065
210949909,-429.902,-429.902,0.0000,0.0252,0.0000,-0.0005,0.000,32.41,38.0,1,2065
210950542,-429.902,-429.902,0.0000,0.0450,0.0000,-0.0005,0.000,32.41,38.0,1,2065
210951932,-429.902,-429.902,0.0000,0.1076,0.0000,-0.0005,0.000,32.41,38.0,1,2065
210952548,-429.902,-429.902,0.0000,-0.0206,0.0000,-0.0005,0.000,32.41,38.0,1,2065
210953914,-429.902,-429.902,0.0000,0.0206,0.0000,-0.0005,0.000,32.41,38.0,1,2065
210954863,-429.902,-429.902,0.0000,0.0404,0.0000,-0.0005,0.000,32.41,38.0,1,2065
210955868,-429.902,-429.902,0.0000,0.0618,0.0000,-0.0005,0.000,32.41,38.0,1,2065
210957187,-429.902,-429.902,0.0000,0.0221,0.0000,-0.0005,0.000,32.41,38.0,1,2065
210957728,-429.902,-429.902,0.0000,-0.0832,0.0000,-0.0005,0.000,32.41,38.0,1,2065
210958956,-429.902,-429.902,0.0000,0.0862,0.0000,-0.0005,0.000,32.41,38.0,1,2065
210959861,-429.902,-429.902,0.0000,0.0587,0.0000,-0.0005,0.000,32.41,38.0,1,2065
210960862,-429.902,-429.902,0.0000,-0.0069,0.0000,-0.0005,0.000,32.41,38.0,1,2065
210962189,-429.902,-429.902,0.0000,0.0099,0.0000,-0.0005,0.000,32.41,38.0,1,2065
210962933,-429.902,-429.902,0.0000,0.0160,0.0000,-0.0005,0.000,32.41,38.0,1,2065
210963873,-429.902,-429.902,0.0000,0.0603,0.0000,-0.0005,0.000,32.41,38.0,1,2065
210964870,-429.902,-429.902,0.0000,-0.0816,0.0000,-0.0005,0.000,32.41,38.0,1,2065
210965873,-429.902,-429.902,0.0000,0.0084,0.0000,-0.0005,0.000,32.41,38.0,1,2065
210967196,-429.902,-429.902,0.0000,-0.0923,0.0000,-0.0005,0.000,32.41,38.0,1,2065
210967868,-429.902,-429.902,0.0000,0.0206,0.0000,-0.0005,0.000,32.41,38.0,1,2065
210968874,-429.902,-429.902,0.0000,-0.0298,0.0000,-0.0005,0.000,32.41,38.0,1,2065
210970194,-429.902,-429.902,0.0000,0.0450,0.0000,-0.0005,0.000,32.41,38.0,1,2065
210970555,-429.902,-429.902,0.0000,-0.0740,0.0000,-0.0005,0.000,32.41,38.0,1,2065
210971887,-429.902,-429.902,0.0000,-0.0038,0.0000,-0.0005,0.000,32.41,38.0,1,2065
210972871,-429.902,-429.902,0.0000,0.0160,0.0000,-0.0005,0.000,32.41,38.0,1,2065
210974197,-429.902,-429.902,0.0000,-0.0130,0.0000,-0.0005,0.000,32.41,38.0,1,2065
210974871,-429.902,-429.902,0.0000,-0.0282,0.0000,-0.0005,0.000,32.41,38.0,1,2065
210975872,-429.902,-429.902,0.0000,0.1091,0.0000,-0.0005,0.000,32.41,38.0,1,2065
210977197,-429.902,-429.902,0.0000,-0.0038,0.0000,-0.0005,0.000,32.41,38.0,1,2065
210977874,-429.902,-429.902,0.0000,-0.0008,0.0000,-0.0005,0.000,32.41,38.0,1,2065
210978872,-429.902,-429.902,0.0000,0.0633,0.0000,-0.0005,0.000,32.41,38.0,1,2065
210979870,-429.902,-429.902,0.0000,0.0847,0.0000,-0.0005,0.000,32.41,38.0,1,2065
210980874,-429.902,-429.902,0.0000,-0.0191,0.0000,-0.0005,0.000,32.41,38.0,1,2065
210982197,-429.902,-429.902,0.0000,0.0984,0.0000,-0.0005,0.000,32.41,38.0,1,2065
210982872,-429.902,-429.902,0.0000,0.0282,0.0000,-0.0005,0.000,32.41,38.0,1,2065
210983873,-429.902,-429.902,0.0000,-0.0740,0.0000,-0.0005,0.000,32.41,38.0,1,2065
210984862,-429.902,-429.902,0.0000,-0.0206,0.0000,-0.0005,0.000,32.41,38.0,1,2065
210985862,-429.902,-429.902,0.0000,-0.0252,0.0000,-0.0005,0.000,32.41,38.0,1,2065
210987185,-429.902,-429.902,0.0000,0.0664,0.0000,-0.0005,0.000,32.41,38.0,1,2065
210987867,-429.902,-429.902,0.0000,-0.0969,0.0000,-0.0005,0.000,32.41,38.0,1,2065
210988872,-429.902,-429.902,0.0000,0.0404,0.0000,-0.0005,0.000,32.41,38.0,1,2065
210990189,-429.902,-429.902,0.0000,-0.0023,0.0000,-0.0005,0.000,32.41,38.0,1,2065
210990566,-429.902,-429.902,0.0000,0.0359,0.0000,-0.0005,0.000,32.41,38.0,1,2065
210991826,-429.902,-429.902,0.0000,-0.0633,0.0000,-0.0005,0.000,32.41,38.0,1,2065
210992544,-429.902,-429.902,0.0000,0.0404,0.0000,-0.0005,0.000,32.41,38.0,1,2065
210993862,-429.902,-429.902,0.0000,0.0023,0.0000,-0.0005,0.000,32.41,38.0,1,2065
210994654,-429.902,-429.902,0.0000,-0.0023,0.0000,-0.0005,0.000,32.41,38.0,1,2065
210995581,-429.902,-429.902,0.0000,-0.0084,0.0000,-0.0005,0.000,32.41,38.0,1,2065
210996867,-429.902,-429.902,0.0000,0.0053,0.0000,-0.0005,0.000,32.41,38.0,1,2065
210997550,-429.902,-429.902,0.0000,0.0801,0.0000,-0.0005,0.000,32.41,38.0,1,2065
210998547,-429.902,-429.902,0.0000,0.0343,0.0000,-0.0005,0.000,32.41,38.0,1,2065
210999589,-429.902,-429.902,0.0000,0.0343,0.0000,-0.0005,0.000,32.41,38.0,1,2065
211000542,-429.902,-429.902,0.0000,0.0603,0.0000,-0.0005,0.000,32.41,38.0,1,2065
211001873,-429.902,-429.902,0.0000,-0.0740,0.0000,-0.0005,0.000,32.41,38.0,1,2065
211002545,-429.902,-429.902,0.0000,0.0557,0.0000,-0.0005,0.000,32.41,38.0,1,2065
211003593,-429.902,-429.902,0.0000,-0.0816,0.0000,-0.0005,0.000,32.41,38.0,1,2065
211004542,-429.902,-429.902,0.0000,0.0313,0.0000,-0.0005,0.000,32.41,38.0,1,2065
211005617,-429.902,-429.902,0.0000,0.0542,0.0000,-0.0005,0.000,32.41,38.0,1,2065
211006868,-429.902,-429.902,0.0000,-0.0374,0.0000,-0.0005,0.000,32.41,38.0,1,2065
211007624,-429.902,-429.902,0.0000,0.0298,0.0000,-0.0005,0.000,32.41,38.0,1,2065
211008610,-429.902,-429.902,0.0000,-0.0465,0.0000,-0.0005,0.000,32.41,38.0,1,2065
211009862,-429.902,-429.902,0.0000,-0.0603,0.0000,-0.0005,0.000,32.41,38.0,1,2065
211010551,-429.902,-429.902,0.0000,0.1396,0.0000,-0.0005,0.000,32.41,38.0,1,2065
211011916,-429.902,-429.902,0.0000,0.0694,0.0000,-0.0005,0.000,32.41,38.0,1,2065
211012873,-429.902,-429.902,0.0000,-0.0648,0.0000,-0.0005,0.000,32.41,38.0,1,2065
211014197,-429.902,-429.902,0.0000,0.0420,0.0000,-0.0005,0.000,32.41,38.0,1,2065
211014873,-429.902,-429.902,0.0000,-0.0023,0.0000,-0.0005,0.000,32.41,38.0,1,2065
211015870,-429.902,-429.902,0.0000,-0.0023,0.0000,-0.0005,0.000,32.41,38.0,1,2065
211017194,-429.902,-429.902,0.0000,0.1060,0.0000,-0.0005,0.000,32.41,38.0,1,2065
211017873,-429.902,-429.902,0.0000,0.0404,0.0000,-0.0005,0.000,32.41,38.0,1,2065
211018872,-429.902,-429.902,0.0000,0.0404,0.0000,-0.0005,0.000,32.41,38.0,1,2065
211019870,-429.902,-429.902,0.0000,-0.1167,0.0000,-0.0005,0.000,32.41,38.0,1,2065
211020872,-429.902,-429.902,0.0000,-0.0191,0.0000,-0.0005,0.000,32.41,38.0,1,2065
211022194,-429.902,-429.902,0.0000,0.0420,0.0000,-0.0005,0.000,32.41,38.0,1,2065
211022871,-429.902,-429.902,0.0000,0.0435,0.0000,-0.0005,0.000,32.41,38.0,1,2065
211023870,-429.902,-429.902,0.0000,0.0633,0.0000,-0.0005,0.000,32.41,38.0,1,2065
211024871,-429.902,-429.902,0.0000,-0.0832,0.0000,-0.0005,0.000,32.41,38.0,1,2065
211025868,-429.902,-429.902,0.0000,0.0542,0.0000,-0.0005,0.000,32.41,38.0,1,2065
211027197,-429.902,-429.902,0.0000,0.0160,0.0000,-0.0005,0.000,32.41,38.0,1,2065
211027871,-429.902,-429.902,0.0000,0.1091,0.0000,-0.0005,0.000,32.41,38.0,1,2065
211028872,-429.902,-429.902,0.0000,-0.0237,0.0000,-0.0005,0.000,32.41,38.0,1,2065
211030188,-429.902,-429.902,0.0000,-0.0938,0.0000,-0.0005,0.000,32.41,38.0,1,2065
211030556,-429.902,-429.902,0.0000,-0.0786,0.0000,-0.0005,0.000,32.41,38.0,1,2065
211031886,-429.902,-429.902,0.0000,-0.0542,0.0000,-0.0005,0.000,32.41,38.0,1,2065
211032859,-429.902,-429.902,0.0000,0.0191,0.0000,-0.0005,0.000,32.41,38.0,1,2065
211034181,-429.902,-429.902,0.0000,0.0221,0.0000,-0.0005,0.000,32.41,38.0,1,2065
211034858,-429.902,-429.902,0.0000,0.0160,0.0000,-0.0005,0.000,32.41,38.0,1,2065
211035872,-429.902,-429.902,0.0000,0.0130,0.0000,-0.0005,0.000,32.41,38.0,1,2065
211037193,-429.902,-429.902,0.0000,-0.0160,0.0000,-0.0005,0.000,32.41,38.0,1,2065
211037869,-429.902,-429.902,0.0000,-0.0053,0.0000,-0.0005,0.000,32.41,38.0,1,2065
211038868,-429.902,-429.902,0.0000,0.1106,0.0000,-0.0005,0.000,32.41,38.0,1,2065
211039833,-429.902,-429.902,0.0000,-0.0969,0.0000,-0.0005,0.000,32.41,38.0,1,2065
211040863,-429.902,-429.902,0.0000,0.0420,0.0000,-0.0005,0.000,32.41,38.0,1,2065
211042185,-429.902,-429.902,0.0000,-0.0526,0.0000,-0.0005,0.000,32.41,38.0,1,2065
211042941,-429.902,-429.902,0.0000,-0.0771,0.0000,-0.0005,0.000,32.41,38.0,1,2065
211043803,-429.902,-429.902,0.0000,0.1427,0.0000,-0.0005,0.000,32.41,38.0,1,2065
211044885,-429.902,-429.902,0.0000,0.0938,0.0000,-0.0005,0.000,32.41,38.0,1,2065
211045858,-429.902,-429.902,0.0000,-0.0587,0.0000,-0.0005,0.000,32.41,38.0,1,2065
211047202,-429.902,-429.902,0.0000,0.0832,0.0000,-0.0005,0.000,32.41,38.0,1,2065
211047860,-429.902,-429.902,0.0000,-0.0816,0.0000,-0.0005,0.000,32.41,38.0,1,2065
211048890,-429.902,-429.902,0.0000,0.1274,0.0000,-0.0005,0.000,32.41,38.0,1,2065
211050186,-429.902,-429.902,0.0000,0.0221,0.0000,-0.0005,0.000,32.41,38.0,1,2065
211050550,-429.902,-429.902,0.0000,0.1305,0.0000,-0.0005,0.000,32.41,38.0,1,2065
211051868,-429.902,-429.902,0.0000,-0.0786,0.0000,-0.0005,0.000,32.41,38.0,1,2065
211052586,-429.902,-429.902,0.0000,0.1320,0.0000,-0.0005,0.000,32.41,38.0,1,2065
211053874,-429.902,-429.902,0.0000,-0.0206,0.0000,-0.0005,0.000,32.41,38.0,1,2065
211054499,-429.902,-429.902,0.0000,0.0542,0.0000,-0.0005,0.000,32.41,38.0,1,2065
211055548,-429.902,-429.902,0.0000,0.0465,0.0000,-0.0005,0.000,32.41,38.0,1,2065
211056865,-429.902,-429.902,0.0000,-0.0450,0.0000,-0.0005,0.000,32.41,38.0,1,2065
211057623,-429.902,-429.902,0.0000,0.0252,0.0000,-0.0005,0.000,32.41,38.0,1,2065
211058612,-429.902,-429.902,0.0000,-0.0282,0.0000,-0.0005,0.000,32.41,38.0,1,2065
211059543,-429.902,-429.902,0.0000,0.0755,0.0000,-0.0005,0.000,32.41,38.0,1,2065
211060598,-429.902,-429.902,0.0000,-0.0710,0.0000,-0.0005,0.000,32.41,38.0,1,2065
211061889,-429.902,-429.902,0.0000,-0.0633,0.0000,-0.0005,0.000,32.41,38.0,1,2065
211062873,-429.902,-429.902,0.0000,-0.0343,0.0000,-0.0005,0.000,32.41,38.0,1,2065
211063870,-429.902,-429.902,0.0000,-0.0191,0.0000,-0.0005,0.000,32.41,38.0,1,2065
211064867,-429.902,-429.902,0.0000,0.0786,0.0000,-0.0005,0.000,32.41,38.0,1,2065
211065868,-429.902,-429.902,0.0000,-0.0175,0.0000,-0.0005,0.000,32.41,38.0,1,2065
211067193,-429.902,-429.902,0.0000,0.0023,0.0000,-0.0005,0.000,32.41,38.0,1,2065
211067874,-429.902,-429.902,0.0000,0.1793,0.0000,-0.0005,0.000,32.41,38.0,1,2065
211068870,-429.902,-429.902,0.0000,-0.0053,0.0000,-0.0005,0.000,32.41,38.0,1,2065
211070193,-429.902,-429.902,0.0000,0.0237,0.0000,-0.0005,0.000,32.41,38.0,1,2065
211070567,-429.902,-429.902,0.0000,0.0084,0.0000,-0.0005,0.000,32.41,38.0,1,2065
211071880,-429.902,-429.902,0.0000,0.0160,0.0000,-0.0005,0.000,32.41,38.0,1,2065
211072873,-429.902,-429.902,0.0000,0.0511,0.0000,-0.0005,0.000,32.41,38.0,1,2065
211074190,-429.902,-429.902,0.0000,0.0450,0.0000,-0.0005,0.000,32.41,38.0,1,2065
211074872,-429.902,-429.902,0.0000,0.0893,0.0000,-0.0005,0.000,32.41,38.0,1,2065
211075868,-429.902,-429.902,0.0000,-0.0923,0.0000,-0.0005,0.000,32.41,38.0,1,2065
211077190,-429.902,-429.902,0.0000,-0.0847,0.0000,-0.0005,0.000,32.41,38.0,1,2065
211077872,-429.902,-429.902,0.0000,0.0679,0.0000,-0.0005,0.000,32.41,38.0,1,2065
211078871,-429.902,-429.902,0.0000,-0.0145,0.0000,-0.0005,0.000,32.41,38.0,1,2065
211079869,-429.902,-429.902,0.0000,0.0191,0.0000,-0.0005,0.000,32.41,38.0,1,2065
211080868,-429.902,-429.902,0.0000,0.0435,0.0000,-0.0005,0.000,32.41,38.0,1,2065
211082192,-429.902,-429.902,0.0000,-0.0862,0.0000,-0.0005,0.000,32.41,38.0,1,2065
211082856,-429.902,-429.902,0.0000,0.0511,0.0000,-0.0005,0.000,32.41,38.0,1,2065
211083856,-429.902,-429.902,0.0000,-0.0587,0.0000,-0.0005,0.000,32.41,38.0,1,2065
211084858,-429.902,-429.902,0.0000,-0.0084,0.0000,-0.0005,0.000,32.41,38.0,1,2065
211085869,-429.902,-429.902,0.0000,0.0877,0.0000,-0.0005,0.000,32.41,38.0,1,2065
211087187,-429.902,-429.902,0.0000,-0.0389,0.0000,-0.0005,0.000,32.41,38.0,1,2065
211087870,-429.902,-429.902,0.0000,-0.0511,0.0000,-0.0005,0.000,32.41,38.0,1,2065
211088869,-429.902,-429.902,0.0000,0.0008,0.0000,-0.0005,0.000,32.41,38.0,1,2065
211090189,-429.902,-429.902,0.0000,0.0267,0.0000,-0.0005,0.000,32.41,38.0,1,2065
211090544,-429.902,-429.902,0.0000,0.0404,0.0000,-0.0005,0.000,32.41,38.0,1,2065
211091871,-429.902,-429.902,0.0000,-0.0389,0.0000,-0.0005,0.000,32.41,38.0,1,2065
211092547,-429.902,-429.902,0.0000,0.0862,0.0000,-0.0005,0.000,32.41,38.0,1,2065
211093863,-429.902,-429.902,0.0000,-0.1381,0.0000,-0.0005,0.000,32.41,38.0,1,2065
211094550,-429.902,-429.902,0.0000,0.0160,0.0000,-0.0005,0.000,32.41,38.0,1,2065
211095547,-429.902,-429.902,0.0000,-0.0694,0.0000,-0.0005,0.000,32.41,38.0,1,2065
211096910,-429.902,-429.902,0.0000,-0.0023,0.0000,-0.0005,0.000,32.41,38.0,1,2065
211097857,-429.902,-429.902,0.0000,0.0359,0.0000,-0.0005,0.000,32.41,38.0,1,2065
211098863,-429.902,-429.902,0.0000,-0.0053,0.0000,-0.0005,0.000,32.41,38.0,1,2065
211099859,-429.902,-429.902,0.0000,-0.0099,0.0000,-0.0005,0.000,32.41,38.0,1,2065
211100897,-429.902,-429.902,0.0000,0.1701,0.0000,-0.0005,0.000,32.41,38.0,1,2065
211102188,-429.902,-429.902,0.0000,0.0267,0.0000,-0.0005,0.000,32.41,38.0,1,2065
211102929,-429.902,-429.902,0.0000,0.1244,0.0000,-0.0005,0.000,32.41,38.0,1,2065
211103792,-429.902,-429.902,0.0000,-0.0587,0.0000,-0.0005,0.000,32.41,38.0,1,2065
211104875,-429.902,-429.902,0.0000,-0.0450,0.0000,-0.0005,0.000,32.41,38.0,1,2065
211105858,-429.902,-429.902,0.0000,0.0206,0.0000,-0.0005,0.000,32.41,38.0,1,2065
211107193,-429.902,-429.902,0.0000,-0.0587,0.0000,-0.0005,0.000,32.41,38.0,1,2065
211107858,-429.902,-429.902,0.0000,-0.0114,0.0000,-0.0005,0.000,32.41,38.0,1,2065
211108940,-429.902,-429.902,0.0000,0.0267,0.0000,-0.0005,0.000,32.41,38.0,1,2065
211110204,-429.902,-429.902,0.0000,0.0084,0.0000,-0.0005,0.000,32.41,38.0,1,2065
211110544,-429.902,-429.902,0.0000,0.0984,0.0000,-0.0005,0.000,32.41,38.0,1,2065
211111865,-429.902,-429.902,0.0000,-0.0298,0.0000,-0.0005,0.000,32.41,38.0,1,2065
211112603,-429.902,-429.902,0.0000,0.0069,0.0000,-0.0005,0.000,32.41,38.0,1,2065
211113888,-429.902,-429.902,0.0000,0.0923,0.0000,-0.0005,0.000,32.41,38.0,1,2065
211114868,-429.902,-429.902,0.0000,0.0053,0.0000,-0.0005,0.000,32.41,38.0,1,2065
211115867,-429.902,-429.902,0.0000,-0.0343,0.0000,-0.0005,0.000,32.41,38.0,1,2065
211117195,-429.902,-429.902,0.0000,0.1091,0.0000,-0.0005,0.000,32.41,38.0,1,2065
211117867,-429.902,-429.902,0.0000,-0.0648,0.0000,-0.0005,0.000,32.41,38.0,1,2065
211118867,-429.902,-429.902,0.0000,0.0450,0.0000,-0.0005,0.000,32.41,38.0,1,2065
211119869,-429.902,-429.902,0.0000,0.0023,0.0000,-0.0005,0.000,32.41,38.0,1,2065
211120867,-429.902,-429.902,0.0000,0.0404,0.0000,-0.0005,0.000,32.41,38.0,1,2065
211122194,-429.902,-429.902,0.0000,-0.0282,0.0000,-0.0005,0.000,32.41,38.0,1,2065
211122868,-429.902,-429.902,0.0000,-0.0496,0.0000,-0.0005,0.000,32.41,38.0,1,2065
211123866,-429.902,-429.902,0.0000,-0.0175,0.0000,-0.0005,0.000,32.41,38.0,1,2065
211124867,-429.902,-429.902,0.0000,-0.0374,0.0000,-0.0005,0.000,32.41,38.0,1,2065
211125866,-429.902,-429.902,0.0000,0.0374,0.0000,-0.0005,0.000,32.41,38.0,1,2065
211127196,-429.902,-429.902,0.0000,0.0130,0.0000,-0.0005,0.000,32.41,38.0,1,2065
211127870,-429.902,-429.902,0.0000,-0.0694,0.0000,-0.0005,0.000,32.41,38.0,1,2065
211128869,-429.902,-429.902,0.0000,-0.0420,0.0000,-0.0005,0.000,32.41,38.0,1,2065
211130187,-429.902,-429.902,0.0000,0.0145,0.0000,-0.0005,0.000,32.41,38.0,1,2065
211130566,-429.902,-429.902,0.0000,-0.0206,0.0000,-0.0005,0.000,32.41,38.0,1,2065
211131884,-429.902,-429.902,0.0000,0.0084,0.0000,-0.0005,0.000,32.41,38.0,1,2065
211132875,-429.902,-429.902,0.0000,0.0221,0.0000,-0.0005,0.000,32.41,38.0,1,2065
211134190,-429.902,-429.902,0.0000,0.0481,0.0000,-0.0005,0.000,32.41,38.0,1,2065
211134855,-429.902,-429.902,0.0000,-0.0267,0.0000,-0.0005,0.000,32.41,38.0,1,2065
211135857,-429.902,-429.902,0.0000,-0.0511,0.0000,-0.0005,0.000,32.41,38.0,1,2065
211137188,-429.902,-429.902,0.0000,-0.0633,0.0000,-0.0005,0.000,32.41,38.0,1,2065
211137866,-429.902,-429.902,0.0000,0.0420,0.0000,-0.0005,0.000,32.41,38.0,1,2065
211138867,-429.902,-429.902,0.0000,0.0481,0.0000,-0.0005,0.000,32.41,38.0,1,2065
211139866,-429.902,-429.902,0.0000,0.0267,0.0000,-0.0005,0.000,32.41,38.0,1,2065
211140867,-429.902,-429.902,0.0000,-0.0725,0.0000,-0.0005,0.000,32.41,38.0,1,2065
211142194,-429.902,-429.902,0.0000,-0.0282,0.0000,-0.0005,0.000,32.41,38.0,1,2065
211142853,-429.902,-429.902,0.0000,0.1076,0.0000,-0.0005,0.000,32.41,38.0,1,2065
211143925,-429.902,-429.902,0.0000,0.0359,0.0000,-0.0005,0.000,32.41,38.0,1,2065
211144882,-429.902,-429.902,0.0000,0.0008,0.0000,-0.0005,0.000,32.41,38.0,1,2065
211145859,-429.902,-429.902,0.0000,-0.0267,0.0000,-0.0005,0.000,32.41,38.0,1,2065
211147191,-429.902,-429.902,0.0000,-0.0160,0.0000,-0.0005,0.000,32.41,38.0,1,2065
211147854,-429.902,-429.902,0.0000,0.0526,0.0000,-0.0005,0.000,32.41,38.0,1,2065
211148894,-429.902,-429.902,0.0000,-0.0465,0.0000,-0.0005,0.000,32.41,38.0,1,2065
211150185,-429.902,-429.902,0.0000,0.0130,0.0000,-0.0005,0.000,32.41,38.0,1,2065
211150550,-429.902,-429.902,0.0000,-0.0511,0.0000,-0.0005,0.000,32.41,38.0,1,2065
211151866,-429.902,-429.902,0.0000,-0.0420,0.0000,-0.0005,0.000,32.41,38.0,1,2065
211152589,-429.902,-429.902,0.0000,0.0648,0.0000,-0.0005,0.000,32.41,38.0,1,2065
211153871,-429.902,-429.902,0.0000,0.0008,0.0000,-0.0005,0.000,32.41,38.0,1,2065
211154489,-429.902,-429.902,0.0000,0.0984,0.0000,-0.0005,0.000,32.41,38.0,1,2065
211155548,-429.902,-429.902,0.0000,0.1122,0.0000,-0.0005,0.000,32.41,38.0,1,2065
211156864,-429.902,-429.902,0.0000,-0.0175,0.0000,-0.0005,0.000,32.41,38.0,1,2065
211157593,-429.902,-429.902,0.0000,-0.0465,0.0000,-0.0005,0.000,32.41,38.0,1,2065
211158548,-429.902,-429.902,0.0000,-0.0832,0.0000,-0.0005,0.000,32.41,38.0,1,2065
211159641,-429.902,-429.902,0.0000,0.1823,0.0000,-0.0005,0.000,32.41,38.0,1,2065
211160543,-429.902,-429.902,0.0000,-0.0740,0.0000,-0.0005,0.000,32.41,38.0,1,2065
211161899,-429.902,-429.902,0.0000,0.0999,0.0000,-0.0005,0.000,32.41,38.0,1,2065
211162886,-429.902,-429.902,0.0000,0.0572,0.0000,-0.0005,0.000,32.41,38.0,1,2065
211163869,-429.902,-429.902,0.0000,-0.0328,0.0000,-0.0005,0.000,32.41,38.0,1,2065
211164870,-429.902,-429.902,0.0000,-0.0191,0.0000,-0.0005,0.000,32.41,38.0,1,2065
211165868,-429.902,-429.902,0.0000,0.0237,0.0000,-0.0005,0.000,32.41,38.0,1,2065
211167191,-429.902,-429.902,0.0000,0.0084,0.0000,-0.0005,0.000,32.41,38.0,1,2065
211167873,-429.902,-429.902,0.0000,-0.0618,0.0000,-0.0005,0.000,32.41,38.0,1,2065
211168870,-429.902,-429.902,0.0000,-0.0130,0.0000,-0.0005,0.000,32.41,38.0,1,2065
211170191,-429.902,-429.902,0.0000,-0.0816,0.0000,-0.0005,0.000,32.41,38.0,1,2065
211170567,-429.902,-429.902,0.0000,0.0404,0.0000,-0.0005,0.000,32.41,38.0,1,2065
211171880,-429.902,-429.902,0.0000,-0.0191,0.0000,-0.0005,0.000,32.41,38.0,1,2065
211172870,-429.902,-429.902,0.0000,0.1488,0.0000,-0.0005,0.000,32.41,38.0,1,2065
211174192,-429.902,-429.902,0.0000,0.0191,0.0000,-0.0005,0.000,32.41,38.0,1,2065
211174874,-429.902,-429.902,0.0000,0.0252,0.0000,-0.0005,0.000,32.41,38.0,1,2065
211175868,-429.902,-429.902,0.0000,0.0557,0.0000,-0.0005,0.000,32.41,38.0,1,2065
211177191,-429.902,-429.902,0.0000,-0.0832,0.0000,-0.0005,0.000,32.41,38.0,1,2065
211177872,-429.902,-429.902,0.0000,-0.0313,0.0000,-0.0005,0.000,32.41,38.0,1,2065
211178872,-429.902,-429.902,0.0000,0.0740,0.0000,-0.0005,0.000,32.41,38.0,1,2065
211179868,-429.902,-429.902,0.0000,0.0069,0.0000,-0.0005,0.000,32.41,38.0,1,2065
211180870,-429.902,-429.902,0.0000,-0.0328,0.0000,-0.0005,0.000,32.41,38.0,1,2065
211182192,-429.902,-429.902,0.0000,0.0648,0.0000,-0.0005,0.000,32.41,38.0,1,2065
211182873,-429.902,-429.902,0.0000,-0.0572,0.0000,-0.0005,0.000,32.41,38.0,1,2065
211183866,-429.902,-429.902,0.0000,0.0053,0.0000,-0.0005,0.000,32.41,38.0,1,2065
211184857,-429.902,-429.902,0.0000,-0.0191,0.0000,-0.0005,0.000,32.41,38.0,1,2065
211185856,-429.902,-429.902,0.0000,-0.0206,0.0000,-0.0005,0.000,32.41,38.0,1,2065
211187188,-429.902,-429.902,0.0000,0.0999,0.0000,-0.0005,0.000,32.41,38.0,1,2065
211187871,-429.902,-429.902,0.0000,0.0435,0.0000,-0.0005,0.000,32.41,38.0,1,2065
211188868,-429.902,-429.902,0.0000,0.0114,0.0000,-0.0005,0.000,32.41,38.0,1,2065
211190185,-429.902,-429.902,0.0000,0.0175,0.0000,-0.0005,0.000,32.41,38.0,1,2065
211190566,-429.902,-429.902,0.0000,-0.0023,0.0000,-0.0005,0.000,32.41,38.0,1,2065
211191883,-429.902,-429.902,0.0000,0.0099,0.0000,-0.0005,0.000,32.41,38.0,1,2065
211192853,-429.902,-429.902,0.0000,-0.0694,0.0000,-0.0005,0.000,32.41,38.0,1,2065
211194236,-429.902,-429.902,0.0000,-0.0618,0.0000,-0.0005,0.000,32.41,38.0,1,2065
211194765,-429.902,-429.902,0.0000,0.0893,0.0000,-0.0005,0.000,32.41,38.0,1,2065
211195871,-429.902,-429.902,0.0000,-0.0282,0.0000,-0.0005,0.000,32.41,38.0,1,2065
211197183,-429.902,-429.902,0.0000,0.0130,0.0000,-0.0005,0.000,32.41,38.0,1,2065
211197736,-429.902,-429.902,0.0000,-0.0969,0.0000,-0.0005,0.000,32.41,38.0,1,2065
211198874,-429.902,-429.902,0.0000,-0.0359,0.0000,-0.0005,0.000,32.41,38.0,1,2065
211199856,-429.902,-429.902,0.0000,0.0221,0.0000,-0.0005,0.000,32.41,38.0,1,2065
211200857,-429.902,-429.902,0.0000,-0.1259,0.0000,-0.0005,0.000,32.41,38.0,1,2065
211202183,-429.902,-429.902,0.0000,0.0343,0.0000,-0.0005,0.000,32.41,38.0,1,2065
211202738,-429.902,-429.902,0.0000,-0.1213,0.0000,-0.0005,0.000,32.41,38.0,1,2065
211203873,-429.902,-429.902,0.0000,0.0984,0.0000,-0.0005,0.000,32.41,38.0,1,2065
211204852,-429.902,-429.902,0.0000,-0.1015,0.0000,-0.0005,0.000,32.41,38.0,1,2065
211205940,-429.902,-429.902,0.0000,-0.0725,0.0000,-0.0005,0.000,32.41,38.0,1,2065
211207187,-429.902,-429.902,0.0000,0.0389,0.0000,-0.0005,0.000,32.41,38.0,1,2065
211207738,-429.902,-429.902,0.0000,0.0252,0.0000,-0.0005,0.000,32.41,38.0,1,2065
211208878,-429.902,-429.902,0.0000,0.0542,0.0000,-0.0005,0.000,32.41,38.0,1,2065
211210176,-429.902,-429.902,0.0000,0.0053,0.0000,-0.0005,0.000,32.41,38.0,1,2065
211210621,-429.902,-429.902,0.0000,0.0252,0.0000,-0.0005,0.000,32.41,38.0,1,2065
211211929,-429.902,-429.902,0.0000,0.0053,0.0000,-0.0005,0.000,32.41,38.0,1,2065
211212548,-429.902,-429.902,0.0000,0.0298,0.0000,-0.0005,0.000,32.41,38.0,1,2065
211213867,-429.902,-429.902,0.0000,-0.1274,0.0000,-0.0005,0.000,32.41,38.0,1,2065
211214926,-429.902,-429.902,0.0000,-0.0862,0.0000,-0.0005,0.000,32.41,38.0,1,2065
211215864,-429.902,-429.902,0.0000,-0.1259,0.0000,-0.0005,0.000,32.41,38.0,1,2065
211217192,-429.902,-429.902,0.0000,0.0832,0.0000,-0.0005,0.000,32.41,38.0,1,2065
211217869,-429.902,-429.902,0.0000,0.0069,0.0000,-0.0005,0.000,32.41,38.0,1,2065
211218870,-429.902,-429.902,0.0000,0.0298,0.0000,-0.0005,0.000,32.41,38.0,1,2065
211219866,-429.902,-429.902,0.0000,-0.0786,0.0000,-0.0005,0.000,32.41,38.0,1,2065
211220867,-429.902,-429.902,0.0000,0.1488,0.0000,-0.0005,0.000,32.41,38.0,1,2065
211222190,-429.902,-429.902,0.0000,0.1198,0.0000,-0.0005,0.000,32.41,38.0,1,2065
211222871,-429.902,-429.902,0.0000,-0.0023,0.0000,-0.0005,0.000,32.41,38.0,1,2065
211223868,-429.902,-429.902,0.0000,-0.0114,0.0000,-0.0005,0.000,32.41,38.0,1,2065
211224868,-429.902,-429.902,0.0000,0.0450,0.0000,-0.0005,0.000,32.41,38.0,1,2065
211225865,-429.902,-429.902,0.0000,-0.0435,0.0000,-0.0005,0.000,32.41,38.0,1,2065
211227195,-429.902,-429.902,0.0000,0.0435,0.0000,-0.0005,0.000,32.41,38.0,1,2065
211227872,-429.902,-429.902,0.0000,-0.0038,0.0000,-0.0005,0.000,32.41,38.0,1,2065
211228870,-429.902,-429.902,0.0000,0.0191,0.0000,-0.0005,0.000,32.41,38.0,1,2065
211230189,-429.902,-429.902,0.0000,-0.0847,0.0000,-0.0005,0.000,32.41,38.0,1,2065
211230567,-429.902,-429.902,0.0000,-0.0694,0.0000,-0.0005,0.000,32.41,38.0,1,2065
211231880,-429.902,-429.902,0.0000,0.0450,0.0000,-0.0005,0.000,32.41,38.0,1,2065
211232872,-429.902,-429.902,0.0000,0.1228,0.0000,-0.0005,0.000,32.41,38.0,1,2065
211234190,-429.902,-429.902,0.0000,-0.0404,0.0000,-0.0005,0.000,32.41,38.0,1,2065
211234864,-429.902,-429.902,0.0000,-0.0572,0.0000,-0.0005,0.000,32.41,38.0,1,2065
211235873,-429.902,-429.902,0.0000,0.0771,0.0000,-0.0005,0.000,32.41,38.0,1,2065
211237179,-429.902,-429.902,0.0000,-0.0603,0.0000,-0.0005,0.000,32.41,38.0,1,2065
211237850,-429.902,-429.902,0.0000,0.0114,0.0000,-0.0005,0.000,32.41,38.0,1,2065
211238854,-429.902,-429.902,0.0000,0.0633,0.0000,-0.0005,0.000,32.41,38.0,1,2065
211239872,-429.902,-429.902,0.0000,0.0389,0.0000,-0.0005,0.000,32.41,38.0,1,2065
211240864,-429.902,-429.902,0.0000,-0.0786,0.0000,-0.0005,0.000,32.41,38.0,1,2065
211242193,-429.902,-429.902,0.0000,0.0221,0.0000,-0.0005,0.000,32.41,38.0,1,2065
211242870,-429.902,-429.902,0.0000,0.0694,0.0000,-0.0005,0.000,32.41,38.0,1,2065
211243865,-429.902,-429.902,0.0000,0.0572,0.0000,-0.0005,0.000,32.41,38.0,1,2065
211244875,-429.902,-429.902,0.0000,-0.0267,0.0000,-0.0005,0.000,32.41,38.0,1,2065
211245852,-429.902,-429.902,0.0000,-0.0587,0.0000,-0.0005,0.000,32.41,38.0,1,2065
211247232,-429.902,-429.902,0.0000,0.0496,0.0000,-0.0005,0.000,32.38,38.0,1,2065
211247764,-429.902,-429.902,0.0000,-0.0603,0.0000,-0.0005,0.000,32.38,38.0,1,2065
211248872,-429.902,-429.902,0.0000,0.0801,0.0000,-0.0005,0.000,32.38,38.0,1,2065
211250175,-429.902,-429.902,0.0000,-0.0710,0.0000,-0.0005,0.000,32.38,38.0,1,2065
211250436,-429.902,-429.902,0.0000,-0.0618,0.0000,-0.0005,0.000,32.38,38.0,1,2065
211251887,-429.902,-429.902,0.0000,0.0359,0.0000,-0.0005,0.000,32.38,38.0,1,2065
211252851,-429.902,-429.902,0.0000,0.0832,0.0000,-0.0005,0.000,32.38,38.0,1,2065
211254177,-429.902,-429.902,0.0000,0.0435,0.0000,-0.0005,0.000,32.38,38.0,1,2065
211254850,-429.902,-429.902,0.0000,-0.0511,0.0000,-0.0005,0.000,32.38,38.0,1,2065
211255893,-429.902,-429.902,0.0000,0.0282,0.0000,-0.0005,0.000,32.38,38.0,1,2065
211257178,-429.902,-429.902,0.0000,-0.0175,0.0000,-0.0005,0.000,32.38,38.0,1,2065
211257923,-429.902,-429.902,0.0000,0.0389,0.0000,-0.0005,0.000,32.38,38.0,1,2065
211258801,-429.902,-429.902,0.0000,0.0725,0.0000,-0.0005,0.000,32.38,38.0,1,2065
211259873,-429.902,-429.902,0.0000,0.0786,0.0000,-0.0005,0.000,32.38,38.0,1,2065
211260852,-429.902,-429.902,0.0000,-0.0389,0.0000,-0.0005,0.000,32.38,38.0,1,2065
211262268,-429.902,-429.902,0.0000,-0.0481,0.0000,-0.0005,0.000,32.38,38.0,1,2065
211262854,-429.902,-429.902,0.0000,-0.0481,0.0000,-0.0005,0.000,32.38,38.0,1,2065
211263854,-429.902,-429.902,0.0000,-0.0130,0.0000,-0.0005,0.000,32.38,38.0,1,2065
211264851,-429.902,-429.902,0.0000,-0.0298,0.0000,-0.0005,0.000,32.38,38.0,1,2065
211265925,-429.902,-429.902,0.0000,-0.0587,0.0000,-0.0005,0.000,32.38,38.0,1,2065
211267199,-429.902,-429.902,0.0000,0.1122,0.0000,-0.0005,0.000,32.41,38.0,1,2065
211267865,-429.902,-429.902,0.0000,-0.0450,0.0000,-0.0005,0.000,32.41,38.0,1,2065
211268868,-429.902,-429.902,0.0000,0.0954,0.0000,-0.0005,0.000,32.41,38.0,1,2065
211270193,-429.902,-429.902,0.0000,-0.0267,0.0000,-0.0005,0.000,32.41,38.0,1,2065
211270555,-429.902,-429.902,0.0000,-0.0359,0.0000,-0.0005,0.000,32.41,38.0,1,2065
211271884,-429.902,-429.902,0.0000,0.0328,0.0000,-0.0005,0.000,32.41,38.0,1,2065
211272873,-429.902,-429.902,0.0000,0.0404,0.0000,-0.0005,0.000,32.41,38.0,1,2065
211274195,-429.902,-429.902,0.0000,-0.0053,0.0000,-0.0005,0.000,32.41,38.0,1,2065
211274875,-429.902,-429.902,0.0000,-0.0145,0.0000,-0.0005,0.000,32.41,38.0,1,2065
211275868,-429.902,-429.902,0.0000,-0.0984,0.0000,-0.0005,0.000,32.41,38.0,1,2065
211277195,-429.902,-429.902,0.0000,0.0023,0.0000,-0.0005,0.000,32.41,38.0,1,2065
211277863,-429.902,-429.902,0.0000,-0.0710,0.0000,-0.0005,0.000,32.41,38.0,1,2065
211278868,-429.902,-429.902,0.0000,-0.0801,0.0000,-0.0005,0.000,32.41,38.0,1,2065
211279868,-429.902,-429.902,0.0000,-0.1106,0.0000,-0.0005,0.000,32.41,38.0,1,2065
211280868,-429.902,-429.902,0.0000,-0.0450,0.0000,-0.0005,0.000,32.41,38.0,1,2065
211282192,-429.902,-429.902,0.0000,0.0389,0.0000,-0.0005,0.000,32.41,38.0,1,2065
211282874,-429.902,-429.902,0.0000,0.0145,0.0000,-0.0005,0.000,32.41,38.0,1,2065
211283871,-429.902,-429.902,0.0000,0.0099,0.0000,-0.0005,0.000,32.41,38.0,1,2065
211284868,-429.902,-429.902,0.0000,0.0648,0.0000,-0.0005,0.000,32.41,38.0,1,2065
211285869,-429.902,-429.902,0.0000,-0.0313,0.0000,-0.0005,0.000,32.41,38.0,1,2065
211287200,-429.902,-429.902,0.0000,0.0771,0.0000,-0.0005,0.000,32.41,38.0,1,2065
211287850,-429.902,-429.902,0.0000,0.0954,0.0000,-0.0005,0.000,32.41,38.0,1,2065
211288849,-429.902,-429.902,0.0000,0.0374,0.0000,-0.0005,0.000,32.41,38.0,1,2065
211290159,-429.902,-429.902,0.0000,-0.0038,0.0000,-0.0005,0.000,32.41,38.0,1,2065
211290542,-429.902,-429.902,0.0000,0.0175,0.0000,-0.0005,0.000,32.41,38.0,1,2065
211291884,-429.902,-429.902,0.0000,0.0343,0.0000,-0.0005,0.000,32.41,38.0,1,2065
211292868,-429.902,-429.902,0.0000,-0.0694,0.0000,-0.0005,0.000,32.41,38.0,1,2065
211294187,-429.902,-429.902,0.0000,-0.0984,0.0000,-0.0005,0.000,32.41,38.0,1,2065
211294870,-429.902,-429.902,0.0000,0.0374,0.0000,-0.0005,0.000,32.41,38.0,1,2065
211295869,-429.902,-429.902,0.0000,-0.0069,0.0000,-0.0005,0.000,32.41,38.0,1,2065
211297176,-429.902,-429.902,0.0000,-0.1091,0.0000,-0.0005,0.000,32.41,38.0,1,2065
211297931,-429.902,-429.902,0.0000,-0.0252,0.0000,-0.0005,0.000,32.41,38.0,1,2065
211298792,-429.902,-429.902,0.0000,0.0481,0.0000,-0.0005,0.000,32.41,38.0,1,2065
211299876,-429.902,-429.902,0.0000,-0.0664,0.0000,-0.0005,0.000,32.41,38.0,1,2065
211300849,-429.902,-429.902,0.0000,0.0511,0.0000,-0.0005,0.000,32.41,38.0,1,2065
211302183,-429.902,-429.902,0.0000,-0.0938,0.0000,-0.0005,0.000,32.41,38.0,1,2065
211302847,-429.902,-429.902,0.0000,0.0206,0.0000,-0.0005,0.000,32.41,38.0,1,2065
211303889,-429.902,-429.902,0.0000,0.0160,0.0000,-0.0005,0.000,32.41,38.0,1,2065
211304850,-429.902,-429.902,0.0000,-0.1060,0.0000,-0.0005,0.000,32.41,38.0,1,2065
211305854,-429.902,-429.902,0.0000,-0.0206,0.0000,-0.0005,0.000,32.41,38.0,1,2065
211307180,-429.902,-429.902,0.0000,0.0389,0.0000,-0.0005,0.000,32.41,38.0,1,2065
211307728,-429.902,-429.902,0.0000,-0.1381,0.0000,-0.0005,0.000,32.41,38.0,1,2065
211308873,-429.902,-429.902,0.0000,-0.0023,0.0000,-0.0005,0.000,32.41,38.0,1,2065
211310173,-429.902,-429.902,0.0000,-0.0755,0.0000,-0.0005,0.000,32.41,38.0,1,2065
211310606,-429.902,-429.902,0.0000,0.0221,0.0000,-0.0005,0.000,32.41,38.0,1,2065
211311963,-429.902,-429.902,0.0000,0.1244,0.0000,-0.0005,0.000,32.41,38.0,1,2065
211312848,-429.902,-429.902,0.0000,-0.0084,0.0000,-0.0005,0.000,32.41,38.0,1,2065
211314171,-429.902,-429.902,0.0000,-0.0069,0.0000,-0.0005,0.000,32.41,38.0,1,2065
211314850,-429.902,-429.902,0.0000,-0.0465,0.0000,-0.0005,0.000,32.41,38.0,1,2065
211315925,-429.902,-429.902,0.0000,-0.0526,0.0000,-0.0005,0.000,32.41,38.0,1,2065
211317192,-429.902,-429.902,0.0000,0.0877,0.0000,-0.0005,0.000,32.41,38.0,1,2065
211317870,-429.902,-429.902,0.0000,-0.0908,0.0000,-0.0005,0.000,32.41,38.0,1,2065
211318865,-429.902,-429.902,0.0000,0.0847,0.0000,-0.0005,0.000,32.41,38.0,1,2065
211319867,-429.902,-429.902,0.0000,-0.0313,0.0000,-0.0005,0.000,32.41,38.0,1,2065
211320868,-429.902,-429.902,0.0000,-0.1030,0.0000,-0.0005,0.000,32.41,38.0,1,2065
211322199,-429.902,-429.902,0.0000,0.0481,0.0000,-0.0005,0.000,32.41,38.0,1,2065
211322873,-429.902,-429.902,0.0000,-0.0587,0.0000,-0.0005,0.000,32.41,38.0,1,2065
211323868,-429.902,-429.902,0.0000,0.0435,0.0000,-0.0005,0.000,32.41,38.0,1,2065
211324866,-429.902,-429.902,0.0000,0.0587,0.0000,-0.0005,0.000,32.41,38.0,1,2065
211325866,-429.902,-429.902,0.0000,-0.0603,0.0000,-0.0005,0.000,32.41,38.0,1,2065
211327192,-429.902,-429.902,0.0000,0.0237,0.0000,-0.0005,0.000,32.41,38.0,1,2065
211327872,-429.902,-429.902,0.0000,0.0145,0.0000,-0.0005,0.000,32.41,38.0,1,2065
211328868,-429.902,-429.902,0.0000,0.0298,0.0000,-0.0005,0.000,32.41,38.0,1,2065
211330192,-429.902,-429.902,0.0000,-0.0191,0.0000,-0.0005,0.000,32.41,38.0,1,2065
211330566,-429.902,-429.902,0.0000,-0.1503,0.0000,-0.0005,0.000,32.41,38.0,1,2065
211331881,-429.902,-429.902,0.0000,-0.0191,0.0000,-0.0005,0.000,32.41,38.0,1,2065
211332870,-429.902,-429.902,0.0000,-0.0633,0.0000,-0.0005,0.000,32.41,38.0,1,2065
211334194,-429.902,-429.902,0.0000,0.1717,0.0000,-0.0005,0.000,32.41,38.0,1,2065
211334874,-429.902,-429.902,0.0000,-0.0175,0.0000,-0.0005,0.000,32.41,38.0,1,2065
211335868,-429.902,-429.902,0.0000,-0.0450,0.0000,-0.0005,0.000,32.41,38.0,1,2065
211337193,-429.902,-429.902,0.0000,0.0908,0.0000,-0.0005,0.000,32.41,38.0,1,2065
211337848,-429.902,-429.902,0.0000,0.0374,0.0000,-0.0005,0.000,32.41,38.0,1,2065
211338852,-429.902,-429.902,0.0000,0.0130,0.0000,-0.0005,0.000,32.41,38.0,1,2065
211339850,-429.902,-429.902,0.0000,0.0496,0.0000,-0.0005,0.000,32.41,38.0,1,2065
211340869,-429.902,-429.902,0.0000,-0.0145,0.0000,-0.0005,0.000,32.41,38.0,1,2065
211342192,-429.902,-429.902,0.0000,-0.1671,0.0000,-0.0005,0.000,32.41,38.0,1,2065
211342871,-429.902,-429.902,0.0000,0.1091,0.0000,-0.0005,0.000,32.41,38.0,1,2065
211343866,-429.902,-429.902,0.0000,0.0542,0.0000,-0.0005,0.000,32.41,38.0,1,2065
211344875,-429.902,-429.902,0.0000,0.0145,0.0000,-0.0005,0.000,32.41,38.0,1,2065
211345850,-429.902,-429.902,0.0000,0.0465,0.0000,-0.0005,0.000,32.41,38.0,1,2065
211347227,-429.902,-429.902,0.0000,0.0465,0.0000,-0.0005,0.000,32.41,38.0,1,2065
211347760,-429.902,-429.902,0.0000,0.0694,0.0000,-0.0005,0.000,32.41,38.0,1,2065
211348867,-429.902,-429.902,0.0000,-0.0313,0.0000,-0.0005,0.000,32.41,38.0,1,2065
211350173,-429.902,-429.902,0.0000,0.0160,0.0000,-0.0005,0.000,32.41,38.0,1,2065
211350438,-429.902,-429.902,0.0000,-0.0206,0.0000,-0.0005,0.000,32.41,38.0,1,2065
211351884,-429.902,-429.902,0.0000,-0.0114,0.0000,-0.0005,0.000,32.41,38.0,1,2065
211352846,-429.902,-429.902,0.0000,0.0053,0.0000,-0.0005,0.000,32.41,38.0,1,2065
211354177,-429.902,-429.902,0.0000,0.0404,0.0000,-0.0005,0.000,32.41,38.0,1,2065
211354847,-429.902,-429.902,0.0000,0.1244,0.0000,-0.0005,0.000,32.41,38.0,1,2065
211355891,-429.902,-429.902,0.0000,0.0374,0.0000,-0.0005,0.000,32.41,38.0,1,2065
211357174,-429.902,-429.902,0.0000,-0.0572,0.0000,-0.0005,0.000,32.41,38.0,1,2065
211357919,-429.902,-429.902,0.0000,-0.0740,0.0000,-0.0005,0.000,32.41,38.0,1,2065
211358785,-429.902,-429.902,0.0000,0.0114,0.0000,-0.0005,0.000,32.41,38.0,1,2065
211359873,-429.902,-429.902,0.0000,0.0404,0.0000,-0.0005,0.000,32.41,38.0,1,2065
211360850,-429.902,-429.902,0.0000,-0.0221,0.0000,-0.0005,0.000,32.41,38.0,1,2065
211362271,-429.902,-429.902,0.0000,0.0298,0.0000,-0.0005,0.000,32.41,38.0,1,2065
211362850,-429.902,-429.902,0.0000,0.0084,0.0000,-0.0005,0.000,32.41,38.0,1,2065
211363846,-429.902,-429.902,0.0000,0.0801,0.0000,-0.0005,0.000,32.41,38.0,1,2065
211364849,-429.902,-429.902,0.0000,-0.0252,0.0000,-0.0005,0.000,32.41,38.0,1,2065
211365923,-429.902,-429.902,0.0000,0.1320,0.0000,-0.0005,0.000,32.41,38.0,1,2065
211367201,-429.902,-429.902,0.0000,-0.0786,0.0000,-0.0005,0.000,32.38,38.0,1,2065
211367866,-429.902,-429.902,0.0000,-0.0832,0.0000,-0.0005,0.000,32.38,38.0,1,2065
211368871,-429.902,-429.902,0.0000,-0.1122,0.0000,-0.0005,0.000,32.38,38.0,1,2065
211370193,-429.902,-429.902,0.0000,-0.0481,0.0000,-0.0005,0.000,32.38,38.0,1,2065
211370568,-429.902,-429.902,0.0000,-0.0740,0.0000,-0.0005,0.000,32.38,38.0,1,2065
211371885,-429.902,-429.902,0.0000,0.0359,0.0000,-0.0005,0.000,32.38,38.0,1,2065
211372874,-429.902,-429.902,0.0000,-0.0237,0.0000,-0.0005,0.000,32.38,38.0,1,2065
211374195,-429.902,-429.902,0.0000,-0.0038,0.0000,-0.0005,0.000,32.38,38.0,1,2065
211374875,-429.902,-429.902,0.0000,-0.0206,0.0000,-0.0005,0.000,32.38,38.0,1,2065
211375869,-429.902,-429.902,0.0000,0.0587,0.0000,-0.0005,0.000,32.38,38.0,1,2065
211377198,-429.902,-429.902,0.0000,0.0404,0.0000,-0.0005,0.000,32.41,38.0,1,2065
211377876,-429.902,-429.902,0.0000,0.1518,0.0000,-0.0005,0.000,32.41,38.0,1,2065
211378871,-429.902,-429.902,0.0000,0.0359,0.0000,-0.0005,0.000,32.41,38.0,1,2065
211379871,-429.902,-429.902,0.0000,-0.0420,0.0000,-0.0005,0.000,32.41,38.0,1,2065
211380869,-429.902,-429.902,0.0000,-0.1564,0.0000,-0.0005,0.000,32.41,38.0,1,2065
211382197,-429.902,-429.902,0.0000,-0.0435,0.0000,-0.0005,0.000,32.41,38.0,1,2065
211382866,-429.902,-429.902,0.0000,0.0435,0.0000,-0.0005,0.000,32.41,38.0,1,2065
211383872,-429.902,-429.902,0.0000,0.0465,0.0000,-0.0005,0.000,32.41,38.0,1,2065
211384870,-429.902,-429.902,0.0000,-0.0557,0.0000,-0.0005,0.000,32.41,38.0,1,2065
211385870,-429.902,-429.902,0.0000,0.0587,0.0000,-0.0005,0.000,32.41,38.0,1,2065
211387189,-429.902,-429.902,0.0000,0.0191,0.0000,-0.0005,0.000,32.41,38.0,1,2065
211387874,-429.902,-429.902,0.0000,0.0221,0.0000,-0.0005,0.000,32.41,38.0,1,2065
211388847,-429.902,-429.902,0.0000,-0.0175,0.0000,-0.0005,0.000,32.41,38.0,1,2065
211390157,-429.902,-429.902,0.0000,-0.0435,0.0000,-0.0005,0.000,32.41,38.0,1,2065
211390543,-429.902,-429.902,0.0000,0.0298,0.0000,-0.0005,0.000,32.41,38.0,1,2065
211391877,-429.902,-429.902,0.0000,-0.0603,0.0000,-0.0005,0.000,32.41,38.0,1,2065
211392872,-429.902,-429.902,0.0000,-0.0191,0.0000,-0.0005,0.000,32.41,38.0,1,2065
211394187,-429.902,-429.902,0.0000,-0.0084,0.0000,-0.0005,0.000,32.41,38.0,1,2065
211394873,-429.902,-429.902,0.0000,-0.0481,0.0000,-0.0005,0.000,32.41,38.0,1,2065
211395872,-429.902,-429.902,0.0000,-0.0359,0.0000,-0.0005,0.000,32.41,38.0,1,2065
211397173,-429.902,-429.902,0.0000,-0.1030,0.0000,-0.0005,0.000,32.41,38.0,1,2065
211397927,-429.902,-429.902,0.0000,0.0694,0.0000,-0.0005,0.000,32.41,38.0,1,2065
211398791,-429.902,-429.902,0.0000,0.1198,0.0000,-0.0005,0.000,32.41,38.0,1,2065
211399874,-429.902,-429.902,0.0000,0.0389,0.0000,-0.0005,0.000,32.41,38.0,1,2065
211400845,-429.902,-429.902,0.0000,0.0572,0.0000,-0.0005,0.000,32.41,38.0,1,2065
211402190,-429.902,-429.902,0.0000,-0.0298,0.0000,-0.0005,0.000,32.41,38.0,1,2065
211402849,-429.902,-429.902,0.0000,-0.0710,0.0000,-0.0005,0.000,32.41,38.0,1,2065
211403889,-429.902,-429.902,0.0000,0.0008,0.0000,-0.0005,0.000,32.41,38.0,1,2065
211404848,-429.902,-429.902,0.0000,-0.0237,0.0000,-0.0005,0.000,32.41,38.0,1,2065
211405853,-429.902,-429.902,0.0000,-0.0252,0.0000,-0.0005,0.000,32.41,38.0,1,2065
211407175,-429.902,-429.902,0.0000,-0.2068,0.0000,-0.0005,0.000,32.41,38.0,1,2065
211407729,-429.902,-429.902,0.0000,0.1747,0.0000,-0.0005,0.000,32.41,38.0,1,2065
211408870,-429.902,-429.902,0.0000,-0.0542,0.0000,-0.0005,0.000,32.41,38.0,1,2065
211410168,-429.902,-429.902,0.0000,0.0816,0.0000,-0.0005,0.000,32.41,38.0,1,2065
211410606,-429.902,-429.902,0.0000,-0.0740,0.0000,-0.0005,0.000,32.41,38.0,1,2065
211411963,-429.902,-429.902,0.0000,0.0237,0.0000,-0.0005,0.000,32.41,38.0,1,2065
211412850,-429.902,-429.902,0.0000,0.0877,0.0000,-0.0005,0.000,32.41,38.0,1,2065
211414169,-429.902,-429.902,0.0000,0.0298,0.0000,-0.0005,0.000,32.41,38.0,1,2065
211414849,-429.902,-429.902,0.0000,-0.0420,0.0000,-0.0005,0.000,32.41,38.0,1,2065
211415919,-429.902,-429.902,0.0000,0.0237,0.0000,-0.0005,0.000,32.41,38.0,1,2065
211417188,-429.902,-429.902,0.0000,0.0648,0.0000,-0.0005,0.000,32.41,38.0,1,2065
211417869,-429.902,-429.902,0.0000,0.0679,0.0000,-0.0005,0.000,32.41,38.0,1,2065
211418869,-429.902,-429.902,0.0000,-0.0114,0.0000,-0.0005,0.000,32.41,38.0,1,2065
211419867,-429.902,-429.902,0.0000,0.0053,0.0000,-0.0005,0.000,32.41,38.0,1,2065
211420867,-429.902,-429.902,0.0000,0.0206,0.0000,-0.0005,0.000,32.41,38.0,1,2065
211422187,-429.902,-429.902,0.0000,-0.0450,0.0000,-0.0005,0.000,32.41,38.0,1,2065
211422871,-429.902,-429.902,0.0000,-0.0298,0.0000,-0.0005,0.000,32.41,38.0,1,2065
211423865,-429.902,-429.902,0.0000,0.0755,0.0000,-0.0005,0.000,32.41,38.0,1,2065
211424867,-429.902,-429.902,0.0000,-0.0603,0.0000,-0.0005,0.000,32.41,38.0,1,2065
211425869,-429.902,-429.902,0.0000,-0.0160,0.0000,-0.0005,0.000,32.41,38.0,1,2065
211427193,-429.902,-429.902,0.0000,0.0053,0.0000,-0.0005,0.000,32.41,38.0,1,2065
211427898,-429.902,-429.902,0.0000,0.0252,0.0000,-0.0005,0.000,32.41,38.0,1,2065
211428867,-429.902,-429.902,0.0000,0.0557,0.0000,-0.0005,0.000,32.41,38.0,1,2065
211430189,-429.902,-429.902,0.0000,-0.0420,0.0000,-0.0005,0.000,32.41,38.0,1,2065
211430565,-429.902,-429.902,0.0000,-0.0206,0.0000,-0.0005,0.000,32.41,38.0,1,2065
211431879,-429.902,-429.902,0.0000,-0.0252,0.0000,-0.0005,0.000,32.41,38.0,1,2065
211432870,-429.902,-429.902,0.0000,-0.0618,0.0000,-0.0005,0.000,32.41,38.0,1,2065
211434200,-429.902,-429.902,0.0000,-0.0237,0.0000,-0.0005,0.000,32.41,38.0,1,2065
211434897,-429.902,-429.902,0.0000,0.0450,0.0000,-0.0005,0.000,32.41,38.0,1,2065
211435868,-429.902,-429.902,0.0000,0.0252,0.0000,-0.0005,0.000,32.41,38.0,1,2065
211437195,-429.902,-429.902,0.0000,-0.1228,0.0000,-0.0005,0.000,32.41,38.0,1,2065
211437850,-429.902,-429.902,0.0000,0.0206,0.0000,-0.0005,0.000,32.41,38.0,1,2065
211438845,-429.902,-429.902,0.0000,-0.0450,0.0000,-0.0005,0.000,32.41,38.0,1,2065
211439847,-429.902,-429.902,0.0000,0.0298,0.0000,-0.0005,0.000,32.41,38.0,1,2065
211440867,-429.902,-429.902,0.0000,-0.0603,0.0000,-0.0005,0.000,32.41,38.0,1,2065
211442188,-429.902,-429.902,0.0000,0.0084,0.0000,-0.0005,0.000,32.41,38.0,1,2065
211442870,-429.902,-429.902,0.0000,0.0618,0.0000,-0.0005,0.000,32.41,38.0,1,2065
211443867,-429.902,-429.902,0.0000,0.0496,0.0000,-0.0005,0.000,32.41,38.0,1,2065
211444866,-429.902,-429.902,0.0000,0.0862,0.0000,-0.0005,0.000,32.41,38.0,1,2065
211445868,-429.902,-429.902,0.0000,-0.0648,0.0000,-0.0005,0.000,32.41,38.0,1,2065
211447171,-429.902,-429.902,0.0000,0.0053,0.0000,-0.0005,0.000,32.41,38.0,1,2065
211447925,-429.902,-429.902,0.0000,-0.0465,0.0000,-0.0005,0.000,32.41,38.0,1,2065
211448787,-429.902,-429.902,0.0000,0.0069,0.0000,-0.0005,0.000,32.41,38.0,1,2065
211450196,-429.902,-429.902,0.0000,0.0038,0.0000,-0.0005,0.000,32.41,38.0,1,2065
211450542,-429.902,-429.902,0.0000,0.0801,0.0000,-0.0005,0.000,32.41,38.0,1,2065
211451875,-429.902,-429.902,0.0000,-0.0145,0.0000,-0.0005,0.000,32.41,38.0,1,2065
211452845,-429.902,-429.902,0.0000,0.0237,0.0000,-0.0005,0.000,32.41,38.0,1,2065
211454205,-429.902,-429.902,0.0000,0.0252,0.0000,-0.0005,0.000,32.41,38.0,1,2065
211454850,-429.902,-429.902,0.0000,0.0511,0.0000,-0.0005,0.000,32.41,38.0,1,2065
211455854,-429.902,-429.902,0.0000,-0.0160,0.0000,-0.0005,0.000,32.41,38.0,1,2065
211457154,-429.902,-429.902,0.0000,-0.0893,0.0000,-0.0005,0.000,32.41,38.0,1,2065
211457773,-429.902,-429.902,0.0000,0.0511,0.0000,-0.0005,0.000,32.41,38.0,1,2065
211458867,-429.902,-429.902,0.0000,0.0298,0.0000,-0.0005,0.000,32.41,38.0,1,2065
211459845,-429.902,-429.902,0.0000,-0.0725,0.0000,-0.0005,0.000,32.41,38.0,1,2065
211460937,-429.902,-429.902,0.0000,0.1350,0.0000,-0.0005,0.000,32.41,38.0,1,2065
211462246,-429.902,-429.902,0.0000,-0.0069,0.0000,-0.0005,0.000,32.41,38.0,1,2065
211462852,-429.902,-429.902,0.0000,-0.0053,0.0000,-0.0005,0.000,32.41,38.0,1,2065
211463846,-429.902,-429.902,0.0000,-0.0084,0.0000,-0.0005,0.000,32.41,38.0,1,2065
211464847,-429.902,-429.902,0.0000,0.0267,0.0000,-0.0005,0.000,32.41,38.0,1,2065
211465919,-429.902,-429.902,0.0000,0.0191,0.0000,-0.0005,0.000,32.41,38.0,1,2065
211467192,-429.902,-429.902,0.0000,-0.1213,0.0000,-0.0005,0.000,32.41,38.0,1,2065
211467898,-429.902,-429.902,0.0000,-0.0664,0.0000,-0.0005,0.000,32.41,38.0,1,2065
211468864,-429.902,-429.902,0.0000,-0.0526,0.0000,-0.0005,0.000,32.41,38.0,1,2065
211470190,-429.902,-429.902,0.0000,-0.0130,0.0000,-0.0005,0.000,32.41,38.0,1,2065
211470565,-429.902,-429.902,0.0000,-0.0160,0.0000,-0.0005,0.000,32.41,38.0,1,2065
211471882,-429.902,-429.902,0.0000,0.0008,0.0000,-0.0005,0.000,32.41,38.0,1,2065
211472895,-429.902,-429.902,0.0000,-0.0130,0.0000,-0.0005,0.000,32.41,38.0,1,2065
211474189,-429.902,-429.902,0.0000,-0.0053,0.0000,-0.0005,0.000,32.41,38.0,1,2065
211474895,-429.902,-429.902,0.0000,-0.0008,0.0000,-0.0005,0.000,32.41,38.0,1,2065
211475867,-429.902,-429.902,0.0000,-0.0404,0.0000,-0.0005,0.000,32.41,38.0,1,2065
211477189,-429.902,-429.902,0.0000,-0.1198,0.0000,-0.0005,0.000,32.41,38.0,1,2065
211477895,-429.902,-429.902,0.0000,0.0511,0.0000,-0.0005,0.000,32.41,38.0,1,2065
211478865,-429.902,-429.902,0.0000,-0.1015,0.0000,-0.0005,0.000,32.41,38.0,1,2065
211479867,-429.902,-429.902,0.0000,-0.0679,0.0000,-0.0005,0.000,32.41,38.0,1,2065
211480869,-429.902,-429.902,0.0000,0.0252,0.0000,-0.0005,0.000,32.41,38.0,1,2065
211482191,-429.902,-429.902,0.0000,0.0374,0.0000,-0.0005,0.000,32.41,38.0,1,2065
211482900,-429.902,-429.902,0.0000,0.0130,0.0000,-0.0005,0.000,32.41,38.0,1,2065
211483864,-429.902,-429.902,0.0000,0.0542,0.0000,-0.0005,0.000,32.41,38.0,1,2065
211484867,-429.902,-429.902,0.0000,-0.0954,0.0000,-0.0005,0.000,32.41,38.0,1,2065
211485871,-429.902,-429.902,0.0000,0.0328,0.0000,-0.0005,0.000,32.41,38.0,1,2065
211487191,-429.902,-429.902,0.0000,0.0862,0.0000,-0.0005,0.000,32.41,38.0,1,2065
211487846,-429.902,-429.902,0.0000,-0.1076,0.0000,-0.0005,0.000,32.41,38.0,1,2065
211488847,-429.902,-429.902,0.0000,0.1305,0.0000,-0.0005,0.000,32.41,38.0,1,2065
211490163,-429.902,-429.902,0.0000,-0.1259,0.0000,-0.0005,0.000,32.41,38.0,1,2065
211490553,-429.902,-429.902,0.0000,-0.0084,0.0000,-0.0005,0.000,32.41,38.0,1,2065
211491884,-429.902,-429.902,0.0000,0.0175,0.0000,-0.0005,0.000,32.41,38.0,1,2065
211492568,-429.902,-429.902,0.0000,-0.0267,0.0000,-0.0005,0.000,32.41,38.0,1,2065
211493875,-429.902,-429.902,0.0000,-0.0008,0.0000,-0.0005,0.000,32.41,38.0,1,2065
211494847,-429.902,-429.902,0.0000,0.0526,0.0000,-0.0005,0.000,32.41,38.0,1,2065
211495846,-429.902,-429.902,0.0000,-0.0542,0.0000,-0.0005,0.000,32.41,38.0,1,2065
211497224,-429.902,-429.902,0.0000,-0.0481,0.0000,-0.0005,0.000,32.38,38.0,1,2065
211497757,-429.902,-429.902,0.0000,0.0725,0.0000,-0.0005,0.000,32.38,38.0,1,2065
211498868,-429.902,-429.902,0.0000,-0.0435,0.0000,-0.0005,0.000,32.38,38.0,1,2065
211499845,-429.902,-429.902,0.0000,-0.0969,0.0000,-0.0005,0.000,32.38,38.0,1,2065
211500855,-429.902,-429.902,0.0000,-0.0755,0.0000,-0.0005,0.000,32.38,38.0,1,2065
211502175,-429.902,-429.902,0.0000,0.0374,0.0000,-0.0005,0.000,32.38,38.0,1,2065
211502758,-429.902,-429.902,0.0000,-0.0710,0.0000,-0.0005,0.000,32.38,38.0,1,2065
211503873,-429.902,-429.902,0.0000,0.0267,0.0000,-0.0005,0.000,32.38,38.0,1,2065
211504845,-429.902,-429.902,0.0000,0.0969,0.0000,-0.0005,0.000,32.38,38.0,1,2065
211505853,-429.902,-429.902,0.0000,0.0069,0.0000,-0.0005,0.000,32.38,38.0,1,2065
211507175,-429.902,-429.902,0.0000,0.0526,0.0000,-0.0005,0.000,32.38,38.0,1,2065
211507918,-429.902,-429.902,0.0000,-0.0374,0.0000,-0.0005,0.000,32.38,38.0,1,2065
211508786,-429.902,-429.902,0.0000,-0.0114,0.0000,-0.0005,0.000,32.38,38.0,1,2065
211510199,-429.902,-429.902,0.0000,-0.0191,0.0000,-0.0005,0.000,32.38,38.0,1,2065
211510543,-429.902,-429.902,0.0000,-0.0450,0.0000,-0.0005,0.000,32.38,38.0,1,2065
211511955,-429.902,-429.902,0.0000,0.0252,0.0000,-0.0005,0.000,32.38,38.0,1,2065
211512851,-429.902,-429.902,0.0000,-0.0206,0.0000,-0.0005,0.000,32.38,38.0,1,2065
211514166,-429.902,-429.902,0.0000,-0.0099,0.0000,-0.0005,0.000,32.38,38.0,1,2065
211514848,-429.902,-429.902,0.0000,-0.0343,0.0000,-0.0005,0.000,32.38,38.0,1,2065
211515920,-429.902,-429.902,0.0000,0.0603,0.0000,-0.0005,0.000,32.38,38.0,1,2065
211517184,-429.902,-429.902,0.0000,-0.1244,0.0000,-0.0005,0.000,32.38,38.0,1,2065
211517895,-429.902,-429.902,0.0000,-0.0404,0.0000,-0.0005,0.000,32.38,38.0,1,2065
211518869,-429.902,-429.902,0.0000,0.0389,0.0000,-0.0005,0.000,32.38,38.0,1,2065
211519868,-429.902,-429.902,0.0000,0.0832,0.0000,-0.0005,0.000,32.38,38.0,1,2065
211520868,-429.902,-429.902,0.0000,-0.0542,0.0000,-0.0005,0.000,32.38,38.0,1,2065
211522190,-429.902,-429.902,0.0000,-0.0145,0.0000,-0.0005,0.000,32.41,38.0,1,2065
211522899,-429.902,-429.902,0.0000,0.0557,0.0000,-0.0005,0.000,32.41,38.0,1,2065
211523867,-429.902,-429.902,0.0000,0.0038,0.0000,-0.0005,0.000,32.41,38.0,1,2065
211524869,-429.902,-429.902,0.0000,-0.0267,0.0000,-0.0005,0.000,32.41,38.0,1,2065
211525866,-429.902,-429.902,0.0000,-0.0679,0.0000,-0.0005,0.000,32.41,38.0,1,2065
211527186,-429.902,-429.902,0.0000,0.0725,0.0000,-0.0005,0.000,32.41,38.0,1,2065
211527896,-429.902,-429.902,0.0000,-0.0069,0.0000,-0.0005,0.000,32.41,38.0,1,2065
211528868,-429.902,-429.902,0.0000,0.0465,0.0000,-0.0005,0.000,32.41,38.0,1,2065
211530193,-429.902,-429.902,0.0000,0.0252,0.0000,-0.0005,0.000,32.41,38.0,1,2065
211530566,-429.902,-429.902,0.0000,0.0603,0.0000,-0.0005,0.000,32.41,38.0,1,2065
211531880,-429.902,-429.902,0.0000,0.0038,0.0000,-0.0005,0.000,32.41,38.0,1,2065
211532894,-429.902,-429.902,0.0000,0.0435,0.0000,-0.0005,0.000,32.41,38.0,1,2065
211534189,-429.902,-429.902,0.0000,-0.0160,0.0000,-0.0005,0.000,32.41,38.0,1,2065
211534898,-429.902,-429.902,0.0000,-0.0328,0.0000,-0.0005,0.000,32.41,38.0,1,2065
211535869,-429.902,-429.902,0.0000,0.0160,0.0000,-0.0005,0.000,32.41,38.0,1,2065
211537186,-429.902,-429.902,0.0000,0.0084,0.0000,-0.0005,0.000,32.41,38.0,1,2065
211537848,-429.902,-429.902,0.0000,0.0389,0.0000,-0.0005,0.000,32.41,38.0,1,2065
211538848,-429.902,-429.902,0.0000,0.0404,0.0000,-0.0005,0.000,32.41,38.0,1,2065
211539845,-429.902,-429.902,0.0000,-0.0771,0.0000,-0.0005,0.000,32.41,38.0,1,2065
211540868,-429.902,-429.902,0.0000,0.0298,0.0000,-0.0005,0.000,32.41,38.0,1,2065
211542194,-429.902,-429.902,0.0000,-0.0511,0.0000,-0.0005,0.000,32.38,38.0,1,2065
211542871,-429.902,-429.902,0.0000,-0.0313,0.0000,-0.0005,0.000,32.38,38.0,1,2065
211543864,-429.902,-429.902,0.0000,-0.0389,0.0000,-0.0005,0.000,32.38,38.0,1,2065
211544821,-429.902,-429.902,0.0000,0.0328,0.0000,-0.0005,0.000,32.38,38.0,1,2065
211545846,-429.902,-429.902,0.0000,0.1854,0.0000,-0.0005,0.000,32.38,38.0,1,2065
211547172,-429.902,-429.902,0.0000,0.0084,0.0000,-0.0005,0.000,32.38,38.0,1,2065
211547925,-429.902,-429.902,0.0000,0.0481,0.0000,-0.0005,0.000,32.38,38.0,1,2065
211548793,-429.902,-429.902,0.0000,0.0969,0.0000,-0.0005,0.000,32.38,38.0,1,2065
211550200,-429.902,-429.902,0.0000,0.0114,0.0000,-0.0005,0.000,32.38,38.0,1,2065
211550543,-429.902,-429.902,0.0000,-0.0145,0.0000,-0.0005,0.000,32.38,38.0,1,2065
211551875,-429.902,-429.902,0.0000,-0.0114,0.0000,-0.0005,0.000,32.38,38.0,1,2065
211552845,-429.902,-429.902,0.0000,-0.0450,0.0000,-0.0005,0.000,32.38,38.0,1,2065
211554211,-429.902,-429.902,0.0000,0.0557,0.0000,-0.0005,0.000,32.38,38.0,1,2065
211554853,-429.902,-429.902,0.0000,0.0145,0.0000,-0.0005,0.000,32.38,38.0,1,2065
211555855,-429.902,-429.902,0.0000,0.0359,0.0000,-0.0005,0.000,32.38,38.0,1,2065
211557170,-429.902,-429.902,0.0000,-0.0252,0.0000,-0.0005,0.000,32.38,38.0,1,2065
211557755,-429.902,-429.902,0.0000,0.0252,0.0000,-0.0005,0.000,32.38,38.0,1,2065
211558874,-429.902,-429.902,0.0000,-0.1518,0.0000,-0.0005,0.000,32.38,38.0,1,2065
211559848,-429.902,-429.902,0.0000,0.0481,0.0000,-0.0005,0.000,32.38,38.0,1,2065
211560938,-429.902,-429.902,0.0000,0.1183,0.0000,-0.0005,0.000,32.38,38.0,1,2065
211562237,-429.902,-429.902,0.0000,0.0053,0.0000,-0.0005,0.000,32.38,38.0,1,2065
211562849,-429.902,-429.902,0.0000,-0.0160,0.0000,-0.0005,0.000,32.38,38.0,1,2065
211563845,-429.902,-429.902,0.0000,-0.0664,0.0000,-0.0005,0.000,32.38,38.0,1,2065
211564843,-429.902,-429.902,0.0000,0.0893,0.0000,-0.0005,0.000,32.38,38.0,1,2065
211565917,-429.902,-429.902,0.0000,-0.0435,0.0000,-0.0005,0.000,32.38,38.0,1,2065
211567212,-429.902,-429.902,0.0000,0.0008,0.0000,-0.0005,0.000,32.41,38.0,1,2065
211567900,-429.902,-429.902,0.0000,0.0465,0.0000,-0.0005,0.000,32.41,38.0,1,2065
211568870,-429.902,-429.902,0.0000,-0.0420,0.0000,-0.0005,0.000,32.41,38.0,1,2065
211570190,-429.902,-429.902,0.0000,-0.0450,0.0000,-0.0005,0.000,32.41,38.0,1,2065
211570566,-429.902,-429.902,0.0000,0.0206,0.0000,-0.0005,0.000,32.41,38.0,1,2065
211571884,-429.902,-429.902,0.0000,-0.0175,0.0000,-0.0005,0.000,32.41,38.0,1,2065
211572570,-429.902,-429.902,0.0000,-0.0359,0.0000,-0.0005,0.000,32.41,38.0,1,2065
211573886,-429.902,-429.902,0.0000,0.0252,0.0000,-0.0005,0.000,32.41,38.0,1,2065
211574569,-429.902,-429.902,0.0000,-0.0679,0.0000,-0.0005,0.000,32.41,38.0,1,2065
211575570,-429.902,-429.902,0.0000,0.0999,0.0000,-0.0005,0.000,32.41,38.0,1,2065
211576881,-429.902,-429.902,0.0000,0.0038,0.0000,-0.0005,0.000,32.41,38.0,1,2065
211577570,-429.902,-429.902,0.0000,0.0008,0.0000,-0.0005,0.000,32.41,38.0,1,2065
211578570,-429.902,-429.902,0.0000,0.0175,0.0000,-0.0005,0.000,32.41,38.0,1,2065
211579566,-429.902,-429.902,0.0000,0.0572,0.0000,-0.0005,0.000,32.41,38.0,1,2065
211580565,-429.902,-429.902,0.0000,0.0877,0.0000,-0.0005,0.000,32.41,38.0,1,2065
211581881,-429.902,-429.902,0.0000,-0.1137,0.0000,-0.0005,0.000,32.41,38.0,1,2065
211582569,-429.902,-429.902,0.0000,-0.0191,0.0000,-0.0005,0.000,32.41,38.0,1,2065
211583548,-429.902,-429.902,0.0000,-0.0206,0.0000,-0.0005,0.000,32.41,38.0,1,2065
211584564,-429.902,-429.902,0.0000,-0.0420,0.0000,-0.0005,0.000,32.41,38.0,1,2065
211585565,-429.902,-429.902,0.0000,-0.0511,0.0000,-0.0005,0.000,32.41,38.0,1,2065
211586881,-429.902,-429.902,0.0000,0.0923,0.0000,-0.0005,0.000,32.41,38.0,1,2065
211587453,-429.902,-429.902,0.0000,0.0526,0.0000,-0.0005,0.000,32.41,38.0,1,2065
211588547,-429.902,-429.902,0.0000,-0.1167,0.0000,-0.0005,0.000,32.41,38.0,1,2065
211589852,-429.902,-429.902,0.0000,-0.0450,0.0000,-0.0005,0.000,32.41,38.0,1,2065
211590639,-429.902,-429.902,0.0000,0.0343,0.0000,-0.0005,0.000,32.41,38.0,1,2065
211591893,-429.902,-429.902,0.0000,-0.0282,0.0000,-0.0005,0.000,32.41,38.0,1,2065
211592849,-429.902,-429.902,0.0000,0.0023,0.0000,-0.0005,0.000,32.41,38.0,1,2065
211594177,-429.902,-429.902,0.0000,0.1030,0.0000,-0.0005,0.000,32.41,38.0,1,2065
211594849,-429.902,-429.902,0.0000,0.0786,0.0000,-0.0005,0.000,32.41,38.0,1,2065
211595918,-429.902,-429.902,0.0000,-0.0481,0.0000,-0.0005,0.000,32.41,38.0,1,2065
211597180,-429.902,-429.902,0.0000,-0.0465,0.0000,-0.0005,0.000,32.41,38.0,1,2065
211597860,-429.902,-429.902,0.0000,0.0267,0.0000,-0.0005,0.000,32.41,38.0,1,2065
211598847,-429.902,-429.902,0.0000,0.0328,0.0000,-0.0005,0.000,32.41,38.0,1,2065
211599914,-429.902,-429.902,0.0000,-0.0221,0.0000,-0.0005,0.000,32.41,38.0,1,2065
211600852,-429.902,-429.902,0.0000,0.0313,0.0000,-0.0005,0.000,32.41,38.0,1,2065
211602244,-429.902,-429.902,0.0000,0.0603,0.0000,-0.0005,0.000,32.41,38.0,1,2065
211602850,-429.902,-429.902,0.0000,0.0679,0.0000,-0.0005,0.000,32.41,38.0,1,2065
211603915,-429.902,-429.902,0.0000,0.0877,0.0000,-0.0005,0.000,32.41,38.0,1,2065
211604851,-429.902,-429.902,0.0000,0.0130,0.0000,-0.0005,0.000,32.41,38.0,1,2065
211605856,-429.902,-429.902,0.0000,0.0420,0.0000,-0.0005,0.000,32.41,38.0,1,2065
211607175,-429.902,-429.902,0.0000,0.0374,0.0000,-0.0005,0.000,32.41,38.0,1,2065
211607755,-429.902,-429.902,0.0000,-0.0771,0.0000,-0.0005,0.000,32.41,38.0,1,2065
211608872,-429.902,-429.902,0.0000,0.0221,0.0000,-0.0005,0.000,32.41,38.0,1,2065
211610169,-429.902,-429.902,0.0000,-0.0374,0.0000,-0.0005,0.000,32.41,38.0,1,2065
211610612,-429.902,-429.902,0.0000,-0.0130,0.0000,-0.0005,0.000,32.41,38.0,1,2065
211611963,-429.902,-429.902,0.0000,0.0511,0.0000,-0.0005,0.000,32.41,38.0,1,2065
211612848,-429.902,-429.902,0.0000,0.0618,0.0000,-0.0005,0.000,32.41,38.0,1,2065
211614169,-429.902,-429.902,0.0000,-0.0221,0.0000,-0.0005,0.000,32.41,38.0,1,2065
211614847,-429.902,-429.902,0.0000,0.1091,0.0000,-0.0005,0.000,32.41,38.0,1,2065
211615915,-429.902,-429.902,0.0000,0.0450,0.0000,-0.0005,0.000,32.41,38.0,1,2065
211617207,-429.902,-429.902,0.0000,0.0023,0.0000,-0.0005,0.000,32.41,38.0,1,2065
211617902,-429.902,-429.902,0.0000,-0.0038,0.0000,-0.0005,0.000,32.41,38.0,1,2065
211618894,-429.902,-429.902,0.0000,0.0404,0.0000,-0.0005,0.000,32.41,38.0,1,2065
211619892,-429.902,-429.902,0.0000,0.0664,0.0000,-0.0005,0.000,32.41,38.0,1,2065
211620895,-429.902,-429.902,0.0000,-0.0145,0.0000,-0.0005,0.000,32.41,38.0,1,2065
211622209,-429.902,-429.902,0.0000,-0.0069,0.0000,-0.0005,0.000,32.38,38.0,1,2065
211622898,-429.902,-429.902,0.0000,0.0175,0.0000,-0.0005,0.000,32.38,38.0,1,2065
211623894,-429.902,-429.902,0.0000,-0.0420,0.0000,-0.0005,0.000,32.38,38.0,1,2065
211624894,-429.902,-429.902,0.0000,0.0160,0.0000,-0.0005,0.000,32.38,38.0,1,2065
211625894,-429.902,-429.902,0.0000,0.0252,0.0000,-0.0005,0.000,32.38,38.0,1,2065
211627210,-429.902,-429.902,0.0000,-0.0633,0.0000,-0.0005,0.000,32.38,38.0,1,2065
211627900,-429.902,-429.902,0.0000,0.0191,0.0000,-0.0005,0.000,32.38,38.0,1,2065
211628894,-429.902,-429.902,0.0000,0.0130,0.0000,-0.0005,0.000,32.38,38.0,1,2065
211630214,-429.902,-429.902,0.0000,-0.1076,0.0000,-0.0005,0.000,32.38,38.0,1,2065
211630893,-429.902,-429.902,0.0000,-0.0450,0.0000,-0.0005,0.000,32.38,38.0,1,2065
211632210,-429.902,-429.902,0.0000,-0.0313,0.0000,-0.0005,0.000,32.38,38.0,1,2065
211632899,-429.902,-429.902,0.0000,0.0603,0.0000,-0.0005,0.000,32.38,38.0,1,2065
211634207,-429.902,-429.902,0.0000,0.0755,0.0000,-0.0005,0.000,32.38,38.0,1,2065
211634896,-429.902,-429.902,0.0000,-0.0282,0.0000,-0.0005,0.000,32.38,38.0,1,2065
211635895,-429.902,-429.902,0.0000,0.1274,0.0000,-0.0005,0.000,32.38,38.0,1,2065
211637207,-429.902,-429.902,0.0000,-0.0237,0.0000,-0.0005,0.000,32.41,38.0,1,2065
211637893,-429.902,-429.902,0.0000,-0.0420,0.0000,-0.0005,0.000,32.41,38.0,1,2065
211638892,-429.902,-429.902,0.0000,-0.1060,0.0000,-0.0005,0.000,32.41,38.0,1,2065
211639896,-429.902,-429.902,0.0000,0.0359,0.0000,-0.0005,0.000,32.41,38.0,1,2065
211640849,-429.902,-429.902,0.0000,0.0008,0.0000,-0.0005,0.000,32.41,38.0,1,2065
211642174,-429.902,-429.902,0.0000,-0.1122,0.0000,-0.0005,0.000,32.41,38.0,1,2065
211642848,-429.902,-429.902,0.0000,0.0191,0.0000,-0.0005,0.000,32.41,38.0,1,2065
211643893,-429.902,-429.902,0.0000,-0.0801,0.0000,-0.0005,0.000,32.41,38.0,1,2065
211644895,-429.902,-429.902,0.0000,0.0282,0.0000,-0.0005,0.000,32.41,38.0,1,2065
211645868,-429.902,-429.902,0.0000,-0.0465,0.0000,-0.0005,0.000,32.41,38.0,1,2065
211647207,-429.902,-429.902,0.0000,-0.0542,0.0000,-0.0005,0.000,32.41,38.0,1,2065
211647897,-429.902,-429.902,0.0000,0.0679,0.0000,-0.0005,0.000,32.41,38.0,1,2065
211648896,-429.902,-429.902,0.0000,0.0313,0.0000,-0.0005,0.000,32.41,38.0,1,2065
211650161,-429.902,-429.902,0.0000,-0.0099,0.0000,-0.0005,0.000,32.41,38.0,1,2065
211650618,-429.902,-429.902,0.0000,-0.0175,0.0000,-0.0005,0.000,32.41,38.0,1,2065
211651948,-429.902,-429.902,0.0000,0.0160,0.0000,-0.0005,0.000,32.41,38.0,1,2065
211652848,-429.902,-429.902,0.0000,0.0511,0.0000,-0.0005,0.000,32.41,38.0,1,2065
211654176,-429.902,-429.902,0.0000,-0.0191,0.0000,-0.0005,0.000,32.41,38.0,1,2065
211654845,-429.902,-429.902,0.0000,-0.0557,0.0000,-0.0005,0.000,32.41,38.0,1,2065
211655913,-429.902,-429.902,0.0000,0.0969,0.0000,-0.0005,0.000,32.41,38.0,1,2065
211657171,-429.902,-429.902,0.0000,-0.1152,0.0000,-0.0005,0.000,32.41,38.0,1,2065
211657852,-429.902,-429.902,0.0000,0.0557,0.0000,-0.0005,0.000,32.41,38.0,1,2065
211658845,-429.902,-429.902,0.0000,0.1091,0.0000,-0.0005,0.000,32.41,38.0,1,2065
211659917,-429.902,-429.902,0.0000,-0.0481,0.0000,-0.0005,0.000,32.41,38.0,1,2065
211660848,-429.902,-429.902,0.0000,0.0313,0.0000,-0.0005,0.000,32.41,38.0,1,2065
211662250,-429.902,-429.902,0.0000,0.0801,0.0000,-0.0005,0.000,32.41,38.0,1,2065
211662911,-429.902,-429.902,0.0000,-0.1122,0.0000,-0.0005,0.000,32.41,38.0,1,2065
211663863,-429.902,-429.902,0.0000,0.0313,0.0000,-0.0005,0.000,32.41,38.0,1,2065
211664848,-429.902,-429.902,0.0000,0.0099,0.0000,-0.0005,0.000,32.41,38.0,1,2065
211665845,-429.902,-429.902,0.0000,0.0587,0.0000,-0.0005,0.000,32.41,38.0,1,2065
211667241,-429.902,-429.902,0.0000,-0.1244,0.0000,-0.0005,0.000,32.41,38.0,1,2065
211667897,-429.902,-429.902,0.0000,0.0160,0.0000,-0.0005,0.000,32.41,38.0,1,2065
211668894,-429.902,-429.902,0.0000,0.0740,0.0000,-0.0005,0.000,32.41,38.0,1,2065
211670218,-429.902,-429.902,0.0000,-0.0221,0.0000,-0.0005,0.000,32.41,38.0,1,2065
211670566,-429.902,-429.902,0.0000,-0.0298,0.0000,-0.0005,0.000,32.41,38.0,1,2065
211671885,-429.902,-429.902,0.0000,0.0114,0.0000,-0.0005,0.000,32.41,38.0,1,2065
211672570,-429.902,-429.902,0.0000,-0.0084,0.0000,-0.0005,0.000,32.41,38.0,1,2065
211673888,-429.902,-429.902,0.0000,0.0069,0.0000,-0.0005,0.000,32.41,38.0,1,2065
211674570,-429.902,-429.902,0.0000,-0.0679,0.0000,-0.0005,0.000,32.41,38.0,1,2065
211675571,-429.902,-429.902,0.0000,-0.0252,0.0000,-0.0005,0.000,32.41,38.0,1,2065
211676881,-429.902,-429.902,0.0000,-0.0130,0.0000,-0.0005,0.000,32.41,38.0,1,2065
211677570,-429.902,-429.902,0.0000,-0.0328,0.0000,-0.0005,0.000,32.41,38.0,1,2065
211678571,-429.902,-429.902,0.0000,0.0160,0.0000,-0.0005,0.000,32.41,38.0,1,2065
211679566,-429.902,-429.902,0.0000,-0.0816,0.0000,-0.0005,0.000,32.41,38.0,1,2065
211680566,-429.902,-429.902,0.0000,-0.0465,0.0000,-0.0005,0.000,32.41,38.0,1,2065
211681883,-429.902,-429.902,0.0000,0.0450,0.0000,-0.0005,0.000,32.41,38.0,1,2065
211682570,-429.902,-429.902,0.0000,0.0023,0.0000,-0.0005,0.000,32.41,38.0,1,2065
211683572,-429.902,-429.902,0.0000,-0.0710,0.0000,-0.0005,0.000,32.41,38.0,1,2065
211684543,-429.902,-429.902,0.0000,0.0938,0.0000,-0.0005,0.000,32.41,38.0,1,2065
211685565,-429.902,-429.902,0.0000,-0.0038,0.0000,-0.0005,0.000,32.41,38.0,1,2065
211686882,-429.902,-429.902,0.0000,-0.0313,0.0000,-0.0005,0.000,32.41,38.0,1,2065
211687571,-429.902,-429.902,0.0000,0.0069,0.0000,-0.0005,0.000,32.41,38.0,1,2065
211688577,-429.902,-429.902,0.0000,-0.0008,0.0000,-0.0005,0.000,32.41,38.0,1,2065
211689851,-429.902,-429.902,0.0000,0.0114,0.0000,-0.0005,0.000,32.41,38.0,1,2065
211690629,-429.902,-429.902,0.0000,0.0343,0.0000,-0.0005,0.000,32.41,38.0,1,2065
211691891,-429.902,-429.902,0.0000,0.0023,0.0000,-0.0005,0.000,32.41,38.0,1,2065
211692544,-429.902,-429.902,0.0000,0.0465,0.0000,-0.0005,0.000,32.41,38.0,1,2065
211693942,-429.902,-429.902,0.0000,-0.0481,0.0000,-0.0005,0.000,32.41,38.0,1,2065
211694848,-429.902,-429.902,0.0000,0.0435,0.0000,-0.0005,0.000,32.41,38.0,1,2065
211695796,-429.902,-429.902,0.0000,-0.0755,0.0000,-0.0005,0.000,32.41,38.0,1,2065
211697225,-429.902,-429.902,0.0000,0.0511,0.0000,-0.0005,0.000,32.41,38.0,1,2065
211697847,-429.902,-429.880,0.0000,0.0633,0.0000,-0.0005,0.000,32.41,38.0,1,2065
211698853,-429.880,-429.902,0.0000,0.0572,0.0000,-0.0005,0.000,32.41,38.0,1,2065
211699848,-429.902,-429.902,0.0000,0.0298,0.0000,-0.0005,0.000,32.41,38.0,1,2065
211700913,-429.902,-429.880,0.0000,0.0160,0.0000,-0.0005,0.000,32.41,38.0,1,2065
211702171,-429.880,-429.902,0.0000,-0.0465,0.0000,-0.0005,0.000,32.41,38.0,1,2065
211702911,-429.902,-429.902,0.0000,0.0114,0.0000,-0.0005,0.000,32.41,38.0,1,2065
211703786,-429.902,-429.902,0.0000,0.0221,0.0000,-0.0005,0.000,32.41,38.0,1,2065
211704846,-429.902,-429.902,0.0000,-0.0984,0.0000,-0.0005,0.000,32.41,38.0,1,2065
211705848,-429.902,-429.902,0.0000,0.0481,0.0000,-0.0005,0.000,32.41,38.0,1,2065
211707180,-429.902,-429.902,0.0000,-0.0282,0.0000,-0.0005,0.000,32.41,38.0,1,2065
211707851,-429.902,-429.902,0.0000,0.0633,0.0000,-0.0005,0.000,32.41,38.0,1,2065
211708911,-429.902,-429.902,0.0000,-0.0175,0.0000,-0.0005,0.000,32.41,38.0,1,2065
211710172,-429.902,-429.902,0.0000,-0.0114,0.0000,-0.0005,0.000,32.41,38.0,1,2065
211710608,-429.902,-429.902,0.0000,-0.0847,0.0000,-0.0005,0.000,32.41,38.0,1,2065
211711901,-429.902,-429.902,0.0000,0.0374,0.0000,-0.0005,0.000,32.41,38.0,1,2065
211712542,-429.902,-429.902,0.0000,-0.0191,0.0000,-0.0005,0.000,32.41,38.0,1,2065
211713971,-429.902,-429.902,0.0000,-0.0862,0.0000,-0.0005,0.000,32.41,38.0,1,2065
211714848,-429.902,-429.902,0.0000,0.0420,0.0000,-0.0005,0.000,32.41,38.0,1,2065
211715846,-429.902,-429.902,0.0000,0.0557,0.0000,-0.0005,0.000,32.41,38.0,1,2065
211717166,-429.902,-429.902,0.0000,-0.1717,0.0000,-0.0005,0.000,32.41,38.0,1,2065
211717910,-429.902,-429.902,0.0000,-0.0023,0.0000,-0.0005,0.000,32.41,38.0,1,2065
211718896,-429.902,-429.902,0.0000,0.0099,0.0000,-0.0005,0.000,32.41,38.0,1,2065
211719896,-429.902,-429.902,0.0000,0.0237,0.0000,-0.0005,0.000,32.41,38.0,1,2065
211720896,-429.902,-429.902,0.0000,-0.0450,0.0000,-0.0005,0.000,32.41,38.0,1,2065
211722218,-429.902,-429.902,0.0000,0.0084,0.0000,-0.0005,0.000,32.41,38.0,1,2065
211722896,-429.902,-429.902,0.0000,0.1167,0.0000,-0.0005,0.000,32.41,38.0,1,2065
211723896,-429.902,-429.902,0.0000,-0.1717,0.0000,-0.0005,0.000,32.41,38.0,1,2065
211724899,-429.902,-429.902,0.0000,-0.0221,0.0000,-0.0005,0.000,32.41,38.0,1,2065
211725893,-429.902,-429.902,0.0000,0.0679,0.0000,-0.0005,0.000,32.41,38.0,1,2065
211727221,-429.902,-429.902,0.0000,0.1595,0.0000,-0.0005,0.000,32.41,38.0,1,2065
211727888,-429.902,-429.902,0.0000,-0.0206,0.0000,-0.0005,0.000,32.41,38.0,1,2065
211728896,-429.902,-429.902,0.0000,0.0191,0.0000,-0.0005,0.000,32.41,38.0,1,2065
211730218,-429.902,-429.902,0.0000,-0.0862,0.0000,-0.0005,0.000,32.41,38.0,1,2065
211730569,-429.902,-429.902,0.0000,0.0099,0.0000,-0.0005,0.000,32.41,38.0,1,2065
211731885,-429.902,-429.902,0.0000,-0.0481,0.0000,-0.0005,0.000,32.41,38.0,1,2065
211732571,-429.902,-429.902,0.0000,-0.0465,0.0000,-0.0005,0.000,32.41,38.0,1,2065
211733889,-429.902,-429.902,0.0000,-0.0374,0.0000,-0.0005,0.000,32.41,38.0,1,2065
211734571,-429.902,-429.902,0.0000,0.1244,0.0000,-0.0005,0.000,32.41,38.0,1,2065
211735572,-429.902,-429.902,0.0000,0.0206,0.0000,-0.0005,0.000,32.41,38.0,1,2065
211736884,-429.902,-429.902,0.0000,0.0053,0.0000,-0.0005,0.000,32.41,38.0,1,2065
211737570,-429.902,-429.902,0.0000,-0.1823,0.0000,-0.0005,0.000,32.41,38.0,1,2065
211738548,-429.902,-429.902,0.0000,-0.0160,0.0000,-0.0005,0.000,32.41,38.0,1,2065
211739565,-429.902,-429.902,0.0000,-0.0343,0.0000,-0.0005,0.000,32.41,38.0,1,2065
211740566,-429.902,-429.902,0.0000,-0.0343,0.0000,-0.0005,0.000,32.41,38.0,1,2065
211741883,-429.902,-429.902,0.0000,-0.0328,0.0000,-0.0005,0.000,32.41,38.0,1,2065
211742449,-429.902,-429.902,0.0000,-0.0389,0.0000,-0.0005,0.000,32.41,38.0,1,2065
211743547,-429.902,-429.902,0.0000,-0.0069,0.0000,-0.0005,0.000,32.41,38.0,1,2065
211744542,-429.902,-429.902,0.0000,-0.0282,0.0000,-0.0005,0.000,32.41,38.0,1,2065
211745561,-429.902,-429.902,0.0000,0.0771,0.0000,-0.0005,0.000,32.41,38.0,1,2065
211746866,-429.902,-429.902,0.0000,-0.1228,0.0000,-0.0005,0.000,32.41,38.0,1,2065
211747844,-429.902,-429.902,0.0000,-0.0969,0.0000,-0.0005,0.000,32.41,38.0,1,2065
211748853,-429.902,-429.902,0.0000,-0.0130,0.0000,-0.0005,0.000,32.41,38.0,1,2065
211750171,-429.902,-429.902,0.0000,-0.0465,0.0000,-0.0005,0.000,32.41,38.0,1,2065
211750438,-429.902,-429.902,0.0000,-0.0374,0.0000,-0.0005,0.000,32.41,38.0,1,2065
211751889,-429.902,-429.902,0.0000,0.0374,0.0000,-0.0005,0.000,32.41,38.0,1,2065
211752544,-429.902,-429.902,0.0000,0.0404,0.0000,-0.0005,0.000,32.41,38.0,1,2065
211753869,-429.902,-429.902,0.0000,-0.0648,0.0000,-0.0005,0.000,32.41,38.0,1,2065
211754846,-429.902,-429.902,0.0000,-0.1656,0.0000,-0.0005,0.000,32.41,38.0,1,2065
211755826,-429.902,-429.902,0.0000,-0.0023,0.0000,-0.0005,0.000,32.41,38.0,1,2065
211757226,-429.902,-429.902,0.0000,-0.0404,0.0000,-0.0005,0.000,32.41,38.0,1,2065
211757847,-429.902,-429.902,0.0000,-0.0710,0.0000,-0.0005,0.000,32.41,38.0,1,2065
211758855,-429.902,-429.902,0.0000,-0.0404,0.0000,-0.0005,0.000,32.41,38.0,1,2065
211759848,-429.902,-429.902,0.0000,0.0633,0.0000,-0.0005,0.000,32.41,38.0,1,2065
211760914,-429.902,-429.902,0.0000,-0.0389,0.0000,-0.0005,0.000,32.41,38.0,1,2065
211762178,-429.902,-429.902,0.0000,0.0664,0.0000,-0.0005,0.000,32.38,38.0,1,2065
211762927,-429.902,-429.902,0.0000,-0.0252,0.0000,-0.0005,0.000,32.38,38.0,1,2065
211763914,-429.902,-429.902,0.0000,0.0130,0.0000,-0.0005,0.000,32.38,38.0,1,2065
211764844,-429.902,-429.902,0.0000,0.0221,0.0000,-0.0005,0.000,32.38,38.0,1,2065
211765845,-429.902,-429.902,0.0000,0.0633,0.0000,-0.0005,0.000,32.38,38.0,1,2065
211767223,-429.902,-429.902,0.0000,-0.0557,0.0000,-0.0005,0.000,32.38,38.0,1,2065
211767895,-429.902,-429.902,0.0000,-0.0801,0.0000,-0.0005,0.000,32.38,38.0,1,2065
211768895,-429.902,-429.902,0.0000,-0.0557,0.0000,-0.0005,0.000,32.38,38.0,1,2065
211770221,-429.902,-429.902,0.0000,-0.0664,0.0000,-0.0005,0.000,32.38,38.0,1,2065
211770557,-429.902,-429.902,0.0000,0.0420,0.0000,-0.0005,0.000,32.38,38.0,1,2065
211771886,-429.902,-429.902,0.0000,-0.0359,0.0000,-0.0005,0.000,32.38,38.0,1,2065
211772573,-429.902,-429.902,0.0000,-0.0298,0.0000,-0.0005,0.000,32.38,38.0,1,2065
211773890,-429.902,-429.902,0.0000,-0.0298,0.0000,-0.0005,0.000,32.38,38.0,1,2065
211774572,-429.902,-429.902,0.0000,-0.0435,0.0000,-0.0005,0.000,32.38,38.0,1,2065
211775572,-429.902,-429.902,0.0000,-0.0084,0.0000,-0.0005,0.000,32.38,38.0,1,2065
211776883,-429.902,-429.902,0.0000,0.0282,0.0000,-0.0005,0.000,32.38,38.0,1,2065
211777572,-429.902,-429.902,0.0000,0.0252,0.0000,-0.0005,0.000,32.38,38.0,1,2065
211778572,-429.902,-429.902,0.0000,0.0893,0.0000,-0.0005,0.000,32.38,38.0,1,2065
211779567,-429.902,-429.902,0.0000,0.0664,0.0000,-0.0005,0.000,32.38,38.0,1,2065
211780567,-429.902,-429.902,0.0000,-0.0008,0.0000,-0.0005,0.000,32.38,38.0,1,2065
211781883,-429.902,-429.902,0.0000,-0.0832,0.0000,-0.0005,0.000,32.38,38.0,1,2065
211782572,-429.902,-429.902,0.0000,-0.0237,0.0000,-0.0005,0.000,32.38,38.0,1,2065
211783577,-429.902,-429.902,0.0000,-0.0267,0.0000,-0.0005,0.000,32.38,38.0,1,2065
211784544,-429.902,-429.902,0.0000,0.0618,0.0000,-0.0005,0.000,32.38,38.0,1,2065
211785564,-429.902,-429.902,0.0000,-0.0389,0.0000,-0.0005,0.000,32.38,38.0,1,2065
211786881,-429.902,-429.902,0.0000,0.1396,0.0000,-0.0005,0.000,32.38,38.0,1,2065
211787569,-429.902,-429.902,0.0000,0.0435,0.0000,-0.0005,0.000,32.38,38.0,1,2065
211788515,-429.902,-429.902,0.0000,0.0481,0.0000,-0.0005,0.000,32.38,38.0,1,2065
211789852,-429.902,-429.902,0.0000,-0.0114,0.0000,-0.0005,0.000,32.38,38.0,1,2065
211790541,-429.902,-429.902,0.0000,0.0740,0.0000,-0.0005,0.000,32.38,38.0,1,2065
211791844,-429.902,-429.902,0.0000,0.0069,0.0000,-0.0005,0.000,32.38,38.0,1,2065
211792570,-429.902,-429.902,0.0000,0.0847,0.0000,-0.0005,0.000,32.38,38.0,1,2065
211793866,-429.902,-429.902,0.0000,0.0572,0.0000,-0.0005,0.000,32.38,38.0,1,2065
211794852,-429.902,-429.902,0.0000,0.0160,0.0000,-0.0005,0.000,32.38,38.0,1,2065
211795846,-429.902,-429.902,0.0000,0.0618,0.0000,-0.0005,0.000,32.38,38.0,1,2065
211797235,-429.902,-429.902,0.0000,-0.0237,0.0000,-0.0005,0.000,32.38,38.0,1,2065
211797849,-429.902,-429.902,0.0000,0.0145,0.0000,-0.0005,0.000,32.38,38.0,1,2065
211798852,-429.902,-429.902,0.0000,0.1076,0.0000,-0.0005,0.000,32.38,38.0,1,2065
211799847,-429.902,-429.902,0.0000,0.0130,0.0000,-0.0005,0.000,32.38,38.0,1,2065
211800916,-429.902,-429.902,0.0000,0.0114,0.0000,-0.0005,0.000,32.38,38.0,1,2065
211802173,-429.902,-429.902,0.0000,0.1305,0.0000,-0.0005,0.000,32.41,38.0,1,2065
211802915,-429.902,-429.902,0.0000,-0.0038,0.0000,-0.0005,0.000,32.41,38.0,1,2065
211803768,-429.902,-429.902,0.0000,-0.1488,0.0000,-0.0005,0.000,32.41,38.0,1,2065
211804894,-429.902,-429.902,0.0000,-0.0282,0.0000,-0.0005,0.000,32.41,38.0,1,2065
211805846,-429.902,-429.902,0.0000,-0.0587,0.0000,-0.0005,0.000,32.41,38.0,1,2065
211807178,-429.902,-429.902,0.0000,0.0587,0.0000,-0.0005,0.000,32.38,38.0,1,2065
211807849,-429.902,-429.902,0.0000,-0.0542,0.0000,-0.0005,0.000,32.38,38.0,1,2065
211808911,-429.902,-429.902,0.0000,0.0175,0.0000,-0.0005,0.000,32.38,38.0,1,2065
211810170,-429.902,-429.902,0.0000,0.0267,0.0000,-0.0005,0.000,32.38,38.0,1,2065
211810552,-429.902,-429.902,0.0000,0.0603,0.0000,-0.0005,0.000,32.38,38.0,1,2065
211811867,-429.902,-429.902,0.0000,-0.1030,0.0000,-0.0005,0.000,32.38,38.0,1,2065
211812929,-429.902,-429.902,0.0000,0.0237,0.0000,-0.0005,0.000,32.38,38.0,1,2065
211814234,-429.902,-429.902,0.0000,-0.0511,0.0000,-0.0005,0.000,32.38,38.0,1,2065
211814899,-429.902,-429.902,0.0000,-0.0496,0.0000,-0.0005,0.000,32.38,38.0,1,2065
211815848,-429.902,-429.902,0.0000,0.0893,0.0000,-0.0005,0.000,32.38,38.0,1,2065
211817168,-429.902,-429.902,0.0000,-0.0435,0.0000,-0.0005,0.000,32.38,38.0,1,2065
211817846,-429.902,-429.902,0.0000,-0.0603,0.0000,-0.0005,0.000,32.38,38.0,1,2065
211818909,-429.902,-429.902,0.0000,0.0099,0.0000,-0.0005,0.000,32.38,38.0,1,2065
211819890,-429.902,-429.902,0.0000,0.0542,0.0000,-0.0005,0.000,32.38,38.0,1,2065
211820891,-429.902,-429.902,0.0000,-0.0771,0.0000,-0.0005,0.000,32.38,38.0,1,2065
211822213,-429.902,-429.902,0.0000,-0.0130,0.0000,-0.0005,0.000,32.38,38.0,1,2065
211822891,-429.902,-429.902,0.0000,-0.0282,0.0000,-0.0005,0.000,32.38,38.0,1,2065
211823891,-429.902,-429.902,0.0000,-0.0099,0.0000,-0.0005,0.000,32.38,38.0,1,2065
211824891,-429.902,-429.902,0.0000,0.0237,0.0000,-0.0005,0.000,32.38,38.0,1,2065
211825893,-429.902,-429.902,0.0000,-0.0221,0.0000,-0.0005,0.000,32.38,38.0,1,2065
211827215,-429.902,-429.902,0.0000,0.0252,0.0000,-0.0005,0.000,32.38,38.0,1,2065
211827889,-429.902,-429.902,0.0000,0.0023,0.0000,-0.0005,0.000,32.38,38.0,1,2065
211828888,-429.902,-429.902,0.0000,0.0526,0.0000,-0.0005,0.000,32.38,38.0,1,2065
211830214,-429.902,-429.902,0.0000,0.0160,0.0000,-0.0005,0.000,32.38,38.0,1,2065
211830565,-429.902,-429.902,0.0000,0.0175,0.0000,-0.0005,0.000,32.38,38.0,1,2065
211831882,-429.902,-429.902,0.0000,0.0572,0.0000,-0.0005,0.000,32.38,38.0,1,2065
211832567,-429.902,-429.902,0.0000,0.0023,0.0000,-0.0005,0.000,32.38,38.0,1,2065
211833884,-429.902,-429.902,0.0000,0.0862,0.0000,-0.0005,0.000,32.38,38.0,1,2065
211834567,-429.902,-429.902,0.0000,0.0130,0.0000,-0.0005,0.000,32.38,38.0,1,2065
211835569,-429.902,-429.902,0.0000,0.0542,0.0000,-0.0005,0.000,32.38,38.0,1,2065
211836881,-429.902,-429.902,0.0000,-0.0343,0.0000,-0.0005,0.000,32.38,38.0,1,2065
211837567,-429.902,-429.902,0.0000,-0.0343,0.0000,-0.0005,0.000,32.38,38.0,1,2065
211838567,-429.902,-429.902,0.0000,-0.0633,0.0000,-0.0005,0.000,32.38,38.0,1,2065
211839547,-429.902,-429.902,0.0000,0.0786,0.0000,-0.0005,0.000,32.38,38.0,1,2065
211840560,-429.902,-429.902,0.0000,-0.0755,0.0000,-0.0005,0.000,32.38,38.0,1,2065
211841877,-429.902,-429.902,0.0000,0.0069,0.0000,-0.0005,0.000,32.38,38.0,1,2065
211842566,-429.902,-429.902,0.0000,-0.0130,0.0000,-0.0005,0.000,32.38,38.0,1,2065
211843572,-429.902,-429.902,0.0000,-0.0267,0.0000,-0.0005,0.000,32.38,38.0,1,2065
211844542,-429.902,-429.902,0.0000,-0.0328,0.0000,-0.0005,0.000,32.38,38.0,1,2065
211845544,-429.902,-429.902,0.0000,0.0008,0.0000,-0.0005,0.000,32.38,38.0,1,2065
211846889,-429.902,-429.902,0.0000,0.0679,0.0000,-0.0005,0.000,32.38,38.0,1,2065
211847543,-429.902,-429.902,0.0000,-0.0038,0.0000,-0.0005,0.000,32.38,38.0,1,2065
211848553,-429.902,-429.902,0.0000,-0.0740,0.0000,-0.0005,0.000,32.38,38.0,1,2065
211849858,-429.902,-429.902,0.0000,0.0252,0.0000,-0.0005,0.000,32.38,38.0,1,2065
211850589,-429.902,-429.902,0.0000,-0.0694,0.0000,-0.0005,0.000,32.38,38.0,1,2065
211851865,-429.902,-429.902,0.0000,-0.0023,0.0000,-0.0005,0.000,32.38,38.0,1,2065
211852852,-429.902,-429.902,0.0000,0.0298,0.0000,-0.0005,0.000,32.38,38.0,1,2065
211854172,-429.902,-429.902,0.0000,0.0481,0.0000,-0.0005,0.000,32.38,38.0,1,2065
211854749,-429.902,-429.902,0.0000,0.0084,0.0000,-0.0005,0.000,32.38,38.0,1,2065
211855897,-429.902,-429.902,0.0000,-0.0786,0.0000,-0.0005,0.000,32.38,38.0,1,2065
211857166,-429.902,-429.902,0.0000,0.1289,0.0000,-0.0005,0.000,32.38,38.0,1,2065
211857911,-429.902,-429.902,0.0000,-0.0816,0.0000,-0.0005,0.000,32.38,38.0,1,2065
211858783,-429.902,-429.902,0.0000,-0.0618,0.0000,-0.0005,0.000,32.38,38.0,1,2065
211859895,-429.902,-429.902,0.0000,-0.0160,0.0000,-0.0005,0.000,32.38,38.0,1,2065
211860845,-429.902,-429.902,0.0000,0.0664,0.0000,-0.0005,0.000,32.38,38.0,1,2065
211862178,-429.902,-429.902,0.0000,-0.0328,0.0000,-0.0005,0.000,32.41,38.0,1,2065
211862851,-429.902,-429.902,0.0000,0.0359,0.0000,-0.0005,0.000,32.41,38.0,1,2065
211863918,-429.902,-429.902,0.0000,0.0237,0.0000,-0.0005,0.000,32.41,38.0,1,2065
211864901,-429.902,-429.902,0.0000,-0.0191,0.0000,-0.0005,0.000,32.41,38.0,1,2065
211865847,-429.902,-429.902,0.0000,0.0252,0.0000,-0.0005,0.000,32.41,38.0,1,2065
211867172,-429.902,-429.902,0.0000,0.1869,0.0000,-0.0005,0.000,32.41,38.0,1,2065
211867878,-429.902,-429.902,0.0000,0.0252,0.0000,-0.0005,0.000,32.41,38.0,1,2065
211868908,-429.902,-429.902,0.0000,-0.0175,0.0000,-0.0005,0.000,32.41,38.0,1,2065
211870214,-429.902,-429.902,0.0000,-0.0008,0.0000,-0.0005,0.000,32.41,38.0,1,2065
211870554,-429.902,-429.902,0.0000,-0.0710,0.0000,-0.0005,0.000,32.41,38.0,1,2065
211871885,-429.902,-429.902,0.0000,-0.0069,0.0000,-0.0005,0.000,32.41,38.0,1,2065
211872569,-429.902,-429.902,0.0000,0.0862,0.0000,-0.0005,0.000,32.41,38.0,1,2065
211873888,-429.902,-429.902,0.0000,0.0298,0.0000,-0.0005,0.000,32.41,38.0,1,2065
211874567,-429.902,-429.902,0.0000,0.0404,0.0000,-0.0005,0.000,32.41,38.0,1,2065
211875570,-429.902,-429.902,0.0000,-0.1183,0.0000,-0.0005,0.000,32.41,38.0,1,2065
211876882,-429.902,-429.902,0.0000,-0.0282,0.0000,-0.0005,0.000,32.41,38.0,1,2065
211877568,-429.902,-429.902,0.0000,0.1228,0.0000,-0.0005,0.000,32.41,38.0,1,2065
211878570,-429.902,-429.902,0.0000,-0.0481,0.0000,-0.0005,0.000,32.41,38.0,1,2065
211879565,-429.902,-429.902,0.0000,0.0267,0.0000,-0.0005,0.000,32.41,38.0,1,2065
211880565,-429.902,-429.902,0.0000,0.0130,0.0000,-0.0005,0.000,32.41,38.0,1,2065
211881883,-429.902,-429.902,0.0000,-0.0343,0.0000,-0.0005,0.000,32.41,38.0,1,2065
211882567,-429.902,-429.902,0.0000,-0.1244,0.0000,-0.0005,0.000,32.41,38.0,1,2065
211883574,-429.902,-429.902,0.0000,0.0526,0.0000,-0.0005,0.000,32.41,38.0,1,2065
211884544,-429.902,-429.902,0.0000,-0.1717,0.0000,-0.0005,0.000,32.41,38.0,1,2065
211885561,-429.902,-429.902,0.0000,0.0069,0.0000,-0.0005,0.000,32.41,38.0,1,2065
211886881,-429.902,-429.902,0.0000,0.0542,0.0000,-0.0005,0.000,32.41,38.0,1,2065
211887565,-429.902,-429.902,0.0000,0.0145,0.0000,-0.0005,0.000,32.41,38.0,1,2065
211888510,-429.902,-429.902,0.0000,0.0023,0.0000,-0.0005,0.000,32.41,38.0,1,2065
211889851,-429.902,-429.902,0.0000,0.0114,0.0000,-0.0005,0.000,32.41,38.0,1,2065
211890541,-429.902,-429.902,0.0000,0.0114,0.0000,-0.0005,0.000,32.41,38.0,1,2065
211891879,-429.902,-429.902,0.0000,0.0023,0.0000,-0.0005,0.000,32.41,38.0,1,2065
211892874,-429.902,-429.902,0.0000,-0.0420,0.0000,-0.0005,0.000,32.41,38.0,1,2065
211894170,-429.902,-429.902,0.0000,-0.0206,0.0000,-0.0005,0.000,32.41,38.0,1,2065
211894877,-429.902,-429.902,0.0000,-0.0984,0.0000,-0.0005,0.000,32.41,38.0,1,2065
211895845,-429.902,-429.902,0.0000,0.0069,0.0000,-0.0005,0.000,32.41,38.0,1,2065
211897240,-429.902,-429.902,0.0000,-0.0679,0.0000,-0.0005,0.000,32.38,38.0,1,2065
211897848,-429.902,-429.902,0.0000,0.0221,0.0000,-0.0005,0.000,32.38,38.0,1,2065
211898853,-429.902,-429.902,0.0000,0.0084,0.0000,-0.0005,0.000,32.38,38.0,1,2065
211899845,-429.902,-429.902,0.0000,-0.0374,0.0000,-0.0005,0.000,32.38,38.0,1,2065
211900911,-429.902,-429.902,0.0000,0.0053,0.0000,-0.0005,0.000,32.38,38.0,1,2065
211902171,-429.902,-429.902,0.0000,-0.1213,0.0000,-0.0005,0.000,32.41,38.0,1,2065
211902914,-429.902,-429.902,0.0000,0.0893,0.0000,-0.0005,0.000,32.41,38.0,1,2065
211903828,-429.902,-429.902,0.0000,-0.0496,0.0000,-0.0005,0.000,32.41,38.0,1,2065
211904845,-429.902,-429.902,0.0000,-0.0099,0.0000,-0.0005,0.000,32.41,38.0,1,2065
211905846,-429.902,-429.902,0.0000,0.0679,0.0000,-0.0005,0.000,32.41,38.0,1,2065
211907176,-429.902,-429.902,0.0000,-0.0023,0.0000,-0.0005,0.000,32.38,38.0,1,2065
211907874,-429.902,-429.902,0.0000,0.0710,0.0000,-0.0005,0.000,32.38,38.0,1,2065
211908908,-429.902,-429.902,0.0000,-0.0313,0.0000,-0.0005,0.000,32.38,38.0,1,2065
211910168,-429.902,-429.902,0.0000,0.0237,0.0000,-0.0005,0.000,32.38,38.0,1,2065
211910550,-429.902,-429.902,0.0000,-0.0496,0.0000,-0.0005,0.000,32.38,38.0,1,2065
211911866,-429.902,-429.902,0.0000,0.1015,0.0000,-0.0005,0.000,32.38,38.0,1,2065
211912964,-429.902,-429.902,0.0000,-0.0771,0.0000,-0.0005,0.000,32.38,38.0,1,2065
211914243,-429.902,-429.902,0.0000,-0.0389,0.0000,-0.0005,0.000,32.38,38.0,1,2065
211914911,-429.902,-429.902,0.0000,-0.1045,0.0000,-0.0005,0.000,32.38,38.0,1,2065
211915851,-429.902,-429.902,0.0000,-0.0084,0.0000,-0.0005,0.000,32.38,38.0,1,2065
211917166,-429.902,-429.902,0.0000,0.0206,0.0000,-0.0005,0.000,32.38,38.0,1,2065
211917847,-429.902,-429.902,0.0000,-0.1793,0.0000,-0.0005,0.000,32.38,38.0,1,2065
211918893,-429.902,-429.902,0.0000,-0.0404,0.0000,-0.0005,0.000,32.38,38.0,1,2065
211919892,-429.902,-429.902,0.0000,-0.0526,0.0000,-0.0005,0.000,32.38,38.0,1,2065
211920889,-429.902,-429.902,0.0000,-0.0404,0.0000,-0.0005,0.000,32.38,38.0,1,2065
211922212,-429.902,-429.902,0.0000,-0.0175,0.0000,-0.0005,0.000,32.38,38.0,1,2065
211922888,-429.902,-429.902,0.0000,0.0175,0.0000,-0.0005,0.000,32.38,38.0,1,2065
211923889,-429.902,-429.902,0.0000,0.0679,0.0000,-0.0005,0.000,32.38,38.0,1,2065
211924889,-429.902,-429.902,0.0000,0.0114,0.0000,-0.0005,0.000,32.38,38.0,1,2065
211925889,-429.902,-429.902,0.0000,0.0099,0.0000,-0.0005,0.000,32.38,38.0,1,2065
211927212,-429.902,-429.902,0.0000,0.0710,0.0000,-0.0005,0.000,32.38,38.0,1,2065
211927888,-429.902,-429.902,0.0000,0.0099,0.0000,-0.0005,0.000,32.38,38.0,1,2065
211928891,-429.902,-429.902,0.0000,0.0359,0.0000,-0.0005,0.000,32.38,38.0,1,2065
211930216,-429.902,-429.902,0.0000,0.0221,0.0000,-0.0005,0.000,32.38,38.0,1,2065
211930567,-429.902,-429.902,0.0000,0.1442,0.0000,-0.0005,0.000,32.38,38.0,1,2065
211931886,-429.902,-429.902,0.0000,-0.0755,0.0000,-0.0005,0.000,32.38,38.0,1,2065
211932568,-429.902,-429.902,0.0000,0.1091,0.0000,-0.0005,0.000,32.38,38.0,1,2065
211933889,-429.902,-429.902,0.0000,0.0542,0.0000,-0.0005,0.000,32.38,38.0,1,2065
211934568,-429.902,-429.902,0.0000,-0.0511,0.0000,-0.0005,0.000,32.38,38.0,1,2065
211935571,-429.902,-429.902,0.0000,0.0450,0.0000,-0.0005,0.000,32.38,38.0,1,2065
211936883,-429.902,-429.902,0.0000,-0.0710,0.0000,-0.0005,0.000,32.38,38.0,1,2065
211937568,-429.902,-429.902,0.0000,-0.0053,0.0000,-0.0005,0.000,32.38,38.0,1,2065
211938572,-429.902,-429.902,0.0000,-0.0801,0.0000,-0.0005,0.000,32.38,38.0,1,2065
211939542,-429.902,-429.902,0.0000,0.0893,0.0000,-0.0005,0.000,32.38,38.0,1,2065
211940565,-429.902,-429.902,0.0000,-0.0740,0.0000,-0.0005,0.000,32.38,38.0,1,2065
211941880,-429.902,-429.902,0.0000,0.0542,0.0000,-0.0005,0.000,32.38,38.0,1,2065
211942570,-429.902,-429.902,0.0000,-0.0267,0.0000,-0.0005,0.000,32.38,38.0,1,2065
211943576,-429.902,-429.902,0.0000,-0.0679,0.0000,-0.0005,0.000,32.38,38.0,1,2065
211944542,-429.902,-429.902,0.0000,0.0481,0.0000,-0.0005,0.000,32.38,38.0,1,2065
211945531,-429.902,-429.902,0.0000,-0.0984,0.0000,-0.0005,0.000,32.38,38.0,1,2065
211946887,-429.902,-429.902,0.0000,0.0359,0.0000,-0.0005,0.000,32.38,38.0,1,2065
211947543,-429.902,-429.902,0.0000,0.0145,0.0000,-0.0005,0.000,32.38,38.0,1,2065
211948553,-429.902,-429.902,0.0000,-0.0999,0.0000,-0.0005,0.000,32.38,38.0,1,2065
211949860,-429.902,-429.902,0.0000,-0.0160,0.0000,-0.0005,0.000,32.38,38.0,1,2065
211950591,-429.902,-429.902,0.0000,0.0496,0.0000,-0.0005,0.000,32.38,38.0,1,2065
211951865,-429.902,-429.902,0.0000,0.0542,0.0000,-0.0005,0.000,32.38,38.0,1,2065
211952550,-429.902,-429.902,0.0000,0.0053,0.0000,-0.0005,0.000,32.38,38.0,1,2065
211953863,-429.902,-429.902,0.0000,0.0771,0.0000,-0.0005,0.000,32.38,38.0,1,2065
211954589,-429.902,-429.902,0.0000,-0.0557,0.0000,-0.0005,0.000,32.38,38.0,1,2065
211955548,-429.902,-429.902,0.0000,-0.1259,0.0000,-0.0005,0.000,32.38,38.0,1,2065
211956943,-429.902,-429.902,0.0000,-0.0084,0.0000,-0.0005,0.000,32.38,38.0,1,2065
211957871,-429.902,-429.902,0.0000,0.0389,0.0000,-0.0005,0.000,32.38,38.0,1,2065
211958917,-429.902,-429.902,0.0000,-0.0465,0.0000,-0.0005,0.000,32.38,38.0,1,2065
211959873,-429.902,-429.902,0.0000,-0.1045,0.0000,-0.0005,0.000,32.38,38.0,1,2065
211960880,-429.902,-429.902,0.0000,0.0984,0.0000,-0.0005,0.000,32.38,38.0,1,2065
211962169,-429.902,-429.902,0.0000,0.0191,0.0000,-0.0005,0.000,32.41,38.0,1,2065
211962750,-429.902,-429.902,0.0000,0.0114,0.0000,-0.0005,0.000,32.41,38.0,1,2065
211963896,-429.902,-429.902,0.0000,0.0114,0.0000,-0.0005,0.000,32.41,38.0,1,2065
211964848,-429.902,-429.902,0.0000,-0.0145,0.0000,-0.0005,0.000,32.41,38.0,1,2065
211965930,-429.902,-429.902,0.0000,0.0023,0.0000,-0.0005,0.000,32.41,38.0,1,2065
211967235,-429.902,-429.902,0.0000,0.0404,0.0000,-0.0005,0.000,32.41,38.0,1,2065
211967875,-429.902,-429.902,0.0000,0.0130,0.0000,-0.0005,0.000,32.41,38.0,1,2065
211968847,-429.902,-429.902,0.0000,0.0130,0.0000,-0.0005,0.000,32.41,38.0,1,2065
211970168,-429.902,-429.902,0.0000,-0.0313,0.0000,-0.0005,0.000,32.41,38.0,1,2065
211970576,-429.902,-429.902,0.0000,-0.0359,0.0000,-0.0005,0.000,32.41,38.0,1,2065
211971904,-429.902,-429.902,0.0000,0.0084,0.0000,-0.0005,0.000,32.41,38.0,1,2065
211972570,-429.902,-429.902,0.0000,-0.0191,0.0000,-0.0005,0.000,32.41,38.0,1,2065
211973885,-429.902,-429.902,0.0000,0.1289,0.0000,-0.0005,0.000,32.41,38.0,1,2065
211974570,-429.902,-429.902,0.0000,-0.0023,0.0000,-0.0005,0.000,32.41,38.0,1,2065
211975569,-429.902,-429.902,0.0000,-0.0847,0.0000,-0.0005,0.000,32.41,38.0,1,2065
211976882,-429.902,-429.902,0.0000,-0.0145,0.0000,-0.0005,0.000,32.41,38.0,1,2065
211977568,-429.902,-429.902,0.0000,-0.0191,0.0000,-0.0005,0.000,32.41,38.0,1,2065
211978570,-429.902,-429.902,0.0000,0.0740,0.0000,-0.0005,0.000,32.41,38.0,1,2065
211979565,-429.902,-429.902,0.0000,0.0404,0.0000,-0.0005,0.000,32.41,38.0,1,2065
211980565,-429.902,-429.902,0.0000,0.0664,0.0000,-0.0005,0.000,32.41,38.0,1,2065
211981881,-429.902,-429.902,0.0000,-0.0572,0.0000,-0.0005,0.000,32.41,38.0,1,2065
211982570,-429.902,-429.902,0.0000,-0.0359,0.0000,-0.0005,0.000,32.41,38.0,1,2065
211983570,-429.902,-429.902,0.0000,0.0908,0.0000,-0.0005,0.000,32.41,38.0,1,2065
211984565,-429.902,-429.902,0.0000,-0.0801,0.0000,-0.0005,0.000,32.41,38.0,1,2065
211985567,-429.902,-429.902,0.0000,-0.0694,0.0000,-0.0005,0.000,32.41,38.0,1,2065
211986860,-429.902,-429.902,0.0000,-0.0221,0.0000,-0.0005,0.000,32.41,38.0,1,2065
211987568,-429.902,-429.902,0.0000,-0.0954,0.0000,-0.0005,0.000,32.41,38.0,1,2065
211988571,-429.902,-429.902,0.0000,-0.0053,0.0000,-0.0005,0.000,32.41,38.0,1,2065
211989876,-429.902,-429.902,0.0000,0.0816,0.0000,-0.0005,0.000,32.41,38.0,1,2065
211990545,-429.902,-429.902,0.0000,0.0053,0.0000,-0.0005,0.000,32.41,38.0,1,2065
211991860,-429.902,-429.902,0.0000,-0.0389,0.0000,-0.0005,0.000,32.41,38.0,1,2065
211992542,-429.902,-429.902,0.0000,0.0435,0.0000,-0.0005,0.000,32.41,38.0,1,2065
211993859,-429.902,-429.902,0.0000,0.0679,0.0000,-0.0005,0.000,32.41,38.0,1,2065
211994871,-429.902,-429.902,0.0000,-0.0755,0.0000,-0.0005,0.000,32.41,38.0,1,2065
211995870,-429.902,-429.902,0.0000,-0.0679,0.0000,-0.0005,0.000,32.41,38.0,1,2065
211997238,-429.902,-429.902,0.0000,0.0328,0.0000,-0.0005,0.000,32.41,38.0,1,2065
211997872,-429.902,-429.902,0.0000,-0.1076,0.0000,-0.0005,0.000,32.41,38.0,1,2065
211998818,-429.902,-429.902,0.0000,0.0145,0.0000,-0.0005,0.000,32.41,38.0,1,2065
211999897,-429.902,-429.902,0.0000,-0.1183,0.0000,-0.0005,0.000,32.41,38.0,1,2065
212000872,-429.902,-429.902,0.0000,0.0740,0.0000,-0.0005,0.000,32.41,38.0,1,2065
212002207,-429.902,-429.902,0.0000,-0.0877,0.0000,-0.0005,0.000,32.41,38.0,1,2065
212002870,-429.902,-429.902,0.0000,0.0420,0.0000,-0.0005,0.000,32.41,38.0,1,2065
212003904,-429.902,-429.902,0.0000,-0.0038,0.0000,-0.0005,0.000,32.41,38.0,1,2065
212004873,-429.902,-429.902,0.0000,0.0267,0.0000,-0.0005,0.000,32.41,38.0,1,2065
212005915,-429.902,-429.902,0.0000,-0.0526,0.0000,-0.0005,0.000,32.41,38.0,1,2065
212007198,-429.902,-429.924,0.0000,-0.1335,0.0000,-0.0005,0.000,32.41,38.0,1,2065
212007745,-429.924,-429.902,0.0000,0.0420,0.0000,-0.0005,0.000,32.41,38.0,1,2065
212008898,-429.902,-429.902,0.0000,-0.0298,0.0000,-0.0005,0.000,32.41,38.0,1,2065
212010192,-429.902,-429.902,0.0000,-0.0618,0.0000,-0.0005,0.000,32.41,38.0,1,2065
212010883,-429.902,-429.902,0.0000,0.0404,0.0000,-0.0005,0.000,32.41,38.0,1,2065
212012200,-429.902,-429.902,0.0000,0.0038,0.0000,-0.0005,0.000,32.41,38.0,1,2065
212012745,-429.902,-429.902,0.0000,-0.0130,0.0000,-0.0005,0.000,32.41,38.0,1,2065
212014221,-429.902,-429.902,0.0000,-0.0954,0.0000,-0.0005,0.000,32.41,38.0,1,2065
212014873,-429.902,-429.902,0.0000,0.0404,0.0000,-0.0005,0.000,32.41,38.0,1,2065
212015938,-429.902,-429.902,0.0000,0.0435,0.0000,-0.0005,0.000,32.41,38.0,1,2065
212017238,-429.902,-429.902,0.0000,-0.0786,0.0000,-0.0005,0.000,32.41,38.0,1,2065
212017876,-429.902,-429.902,0.0000,-0.0420,0.0000,-0.0005,0.000,32.41,38.0,1,2065
212018869,-429.902,-429.902,0.0000,-0.0542,0.0000,-0.0005,0.000,32.41,38.0,1,2065
212019871,-429.902,-429.902,0.0000,0.0099,0.0000,-0.0005,0.000,32.41,38.0,1,2065
212020907,-429.902,-429.902,0.0000,0.0542,0.0000,-0.0005,0.000,32.41,38.0,1,2065
212022212,-429.902,-429.902,0.0000,0.0191,0.0000,-0.0005,0.000,32.41,38.0,1,2065
212022884,-429.902,-429.902,0.0000,-0.0648,0.0000,-0.0005,0.000,32.41,38.0,1,2065
212023887,-429.902,-429.902,0.0000,-0.0008,0.0000,-0.0005,0.000,32.41,38.0,1,2065
212024887,-429.902,-429.902,0.0000,0.0618,0.0000,-0.0005,0.000,32.41,38.0,1,2065
212025885,-429.902,-429.902,0.0000,-0.0511,0.0000,-0.0005,0.000,32.41,38.0,1,2065
212027207,-429.902,-429.902,0.0000,0.1030,0.0000,-0.0005,0.000,32.41,38.0,1,2065
212027885,-429.902,-429.902,0.0000,0.0084,0.0000,-0.0005,0.000,32.41,38.0,1,2065
212028887,-429.902,-429.902,0.0000,-0.0435,0.0000,-0.0005,0.000,32.41,38.0,1,2065
212030212,-429.902,-429.902,0.0000,0.0038,0.0000,-0.0005,0.000,32.41,38.0,1,2065
212030557,-429.902,-429.902,0.0000,-0.0771,0.0000,-0.0005,0.000,32.41,38.0,1,2065
212031884,-429.902,-429.902,0.0000,0.0160,0.0000,-0.0005,0.000,32.41,38.0,1,2065
212032569,-429.902,-429.902,0.0000,0.0832,0.0000,-0.0005,0.000,32.41,38.0,1,2065
212033886,-429.902,-429.902,0.0000,-0.0420,0.0000,-0.0005,0.000,32.41,38.0,1,2065
212034570,-429.902,-429.902,0.0000,-0.0420,0.0000,-0.0005,0.000,32.41,38.0,1,2065
212035571,-429.902,-429.902,0.0000,0.0130,0.0000,-0.0005,0.000,32.41,38.0,1,2065
212036881,-429.902,-429.902,0.0000,-0.0359,0.0000,-0.0005,0.000,32.41,38.0,1,2065
212037569,-429.902,-429.902,0.0000,0.0343,0.0000,-0.0005,0.000,32.41,38.0,1,2065
212038570,-429.902,-429.902,0.0000,-0.0130,0.0000,-0.0005,0.000,32.41,38.0,1,2065
212039564,-429.902,-429.902,0.0000,0.0282,0.0000,-0.0005,0.000,32.41,38.0,1,2065
212040544,-429.902,-429.902,0.0000,0.0252,0.0000,-0.0005,0.000,32.41,38.0,1,2065
212041879,-429.902,-429.902,0.0000,0.0755,0.0000,-0.0005,0.000,32.41,38.0,1,2065
212042568,-429.902,-429.902,0.0000,-0.0069,0.0000,-0.0005,0.000,32.41,38.0,1,2065
212043571,-429.902,-429.902,0.0000,-0.0343,0.0000,-0.0005,0.000,32.41,38.0,1,2065
212044569,-429.902,-429.902,0.0000,0.0221,0.0000,-0.0005,0.000,32.41,38.0,1,2065
212045542,-429.902,-429.902,0.0000,-0.1411,0.0000,-0.0005,0.000,32.41,38.0,1,2065
212046864,-429.902,-429.902,0.0000,0.0145,0.0000,-0.0005,0.000,32.41,38.0,1,2065
212047877,-429.902,-429.902,0.0000,-0.0328,0.0000,-0.0005,0.000,32.41,38.0,1,2065
212048869,-429.902,-429.902,0.0000,0.0069,0.0000,-0.0005,0.000,32.41,38.0,1,2065
212050200,-429.902,-429.902,0.0000,0.0557,0.0000,-0.0005,0.000,32.41,38.0,1,2065
212050542,-429.902,-429.902,0.0000,-0.0084,0.0000,-0.0005,0.000,32.41,38.0,1,2065
212051910,-429.902,-429.902,0.0000,0.0481,0.0000,-0.0005,0.000,32.41,38.0,1,2065
212052543,-429.902,-429.902,0.0000,-0.0954,0.0000,-0.0005,0.000,32.41,38.0,1,2065
212053870,-429.902,-429.902,0.0000,0.0374,0.0000,-0.0005,0.000,32.41,38.0,1,2065
212054542,-429.902,-429.902,0.0000,0.0725,0.0000,-0.0005,0.000,32.41,38.0,1,2065
212055596,-429.902,-429.902,0.0000,-0.0130,0.0000,-0.0005,0.000,32.41,38.0,1,2065
212056867,-429.902,-429.902,0.0000,-0.0053,0.0000,-0.0005,0.000,32.41,38.0,1,2065
212057500,-429.902,-429.902,0.0000,-0.0877,0.0000,-0.0005,0.000,32.41,38.0,1,2065
212058548,-429.902,-429.902,0.0000,0.0618,0.0000,-0.0005,0.000,32.41,38.0,1,2065
212059542,-429.902,-429.902,0.0000,-0.1122,0.0000,-0.0005,0.000,32.41,38.0,1,2065
212060589,-429.902,-429.902,0.0000,0.0084,0.0000,-0.0005,0.000,32.41,38.0,1,2065
212061868,-429.902,-429.902,0.0000,0.1015,0.0000,-0.0005,0.000,32.41,38.0,1,2065
212062554,-429.902,-429.902,0.0000,-0.0038,0.0000,-0.0005,0.000,32.41,38.0,1,2065
212063547,-429.902,-429.902,0.0000,-0.0221,0.0000,-0.0005,0.000,32.41,38.0,1,2065
212064583,-429.902,-429.902,0.0000,-0.0221,0.0000,-0.0005,0.000,32.41,38.0,1,2065
212065543,-429.902,-429.902,0.0000,0.0328,0.0000,-0.0005,0.000,32.41,38.0,1,2065
212066961,-429.902,-429.902,0.0000,-0.0648,0.0000,-0.0005,0.000,32.41,38.0,1,2065
212067548,-429.902,-429.902,0.0000,-0.0328,0.0000,-0.0005,0.000,32.41,38.0,1,2065
212068547,-429.902,-429.902,0.0000,-0.1045,0.0000,-0.0005,0.000,32.41,38.0,1,2065
212069920,-429.902,-429.902,0.0000,0.0389,0.0000,-0.0005,0.000,32.41,38.0,1,2065
212070566,-429.902,-429.902,0.0000,0.0267,0.0000,-0.0005,0.000,32.41,38.0,1,2065
212071881,-429.902,-429.902,0.0000,0.0832,0.0000,-0.0005,0.000,32.41,38.0,1,2065
212072571,-429.902,-429.902,0.0000,-0.0816,0.0000,-0.0005,0.000,32.41,38.0,1,2065
212073887,-429.902,-429.902,0.0000,-0.0435,0.0000,-0.0005,0.000,32.41,38.0,1,2065
212074572,-429.902,-429.902,0.0000,0.0847,0.0000,-0.0005,0.000,32.41,38.0,1,2065
212075571,-429.902,-429.902,0.0000,-0.0694,0.0000,-0.0005,0.000,32.41,38.0,1,2065
212076881,-429.902,-429.902,0.0000,-0.0496,0.0000,-0.0005,0.000,32.41,38.0,1,2065
212077571,-429.902,-429.902,0.0000,0.0191,0.0000,-0.0005,0.000,32.41,38.0,1,2065
212078571,-429.902,-429.902,0.0000,-0.0160,0.0000,-0.0005,0.000,32.41,38.0,1,2065
212079566,-429.902,-429.902,0.0000,0.0221,0.0000,-0.0005,0.000,32.41,38.0,1,2065
212080566,-429.902,-429.902,0.0000,-0.0038,0.0000,-0.0005,0.000,32.41,38.0,1,2065
212081882,-429.902,-429.902,0.0000,0.0664,0.0000,-0.0005,0.000,32.41,38.0,1,2065
212082571,-429.902,-429.902,0.0000,0.0572,0.0000,-0.0005,0.000,32.41,38.0,1,2065
212083577,-429.902,-429.902,0.0000,0.0206,0.0000,-0.0005,0.000,32.41,38.0,1,2065
212084543,-429.902,-429.902,0.0000,-0.0053,0.0000,-0.0005,0.000,32.41,38.0,1,2065
212085552,-429.902,-429.902,0.0000,-0.0481,0.0000,-0.0005,0.000,32.41,38.0,1,2065
212086881,-429.902,-429.902,0.0000,-0.0038,0.0000,-0.0005,0.000,32.41,38.0,1,2065
212087570,-429.902,-429.902,0.0000,0.1198,0.0000,-0.0005,0.000,32.41,38.0,1,2065
212088571,-429.902,-429.902,0.0000,-0.0511,0.0000,-0.0005,0.000,32.41,38.0,1,2065
212089878,-429.902,-429.902,0.0000,0.0374,0.0000,-0.0005,0.000,32.41,38.0,1,2065
212090542,-429.902,-429.902,0.0000,0.0862,0.0000,-0.0005,0.000,32.41,38.0,1,2065
212091874,-429.902,-429.902,0.0000,0.0984,0.0000,-0.0005,0.000,32.41,38.0,1,2065
212092547,-429.902,-429.902,0.0000,0.0099,0.0000,-0.0005,0.000,32.41,38.0,1,2065
212093863,-429.902,-429.902,0.0000,-0.0053,0.0000,-0.0005,0.000,32.41,38.0,1,2065
212094552,-429.902,-429.902,0.0000,0.0252,0.0000,-0.0005,0.000,32.41,38.0,1,2065
212095547,-429.902,-429.902,0.0000,-0.0984,0.0000,-0.0005,0.000,32.41,38.0,1,2065
212096909,-429.902,-429.902,0.0000,0.0633,0.0000,-0.0005,0.000,32.41,38.0,1,2065
212097545,-429.902,-429.902,0.0000,-0.0847,0.0000,-0.0005,0.000,32.41,38.0,1,2065
212098554,-429.902,-429.902,0.0000,0.0435,0.0000,-0.0005,0.000,32.41,38.0,1,2065
212099542,-429.902,-429.902,0.0000,-0.0038,0.0000,-0.0005,0.000,32.41,38.0,1,2065
212100589,-429.902,-429.902,0.0000,0.0023,0.0000,-0.0005,0.000,32.41,38.0,1,2065
212101866,-429.902,-429.902,0.0000,0.0023,0.0000,-0.0005,0.000,32.41,38.0,1,2065
212102497,-429.902,-429.902,0.0000,-0.0801,0.0000,-0.0005,0.000,32.41,38.0,1,2065
212103548,-429.902,-429.902,0.0000,0.0359,0.0000,-0.0005,0.000,32.41,38.0,1,2065
212104542,-429.902,-429.902,0.0000,0.0725,0.0000,-0.0005,0.000,32.41,38.0,1,2065
212105588,-429.902,-429.902,0.0000,0.0633,0.0000,-0.0005,0.000,32.41,38.0,1,2065
212106869,-429.902,-429.902,0.0000,-0.0191,0.0000,-0.0005,0.000,32.41,38.0,1,2065
212107555,-429.902,-429.902,0.0000,0.0969,0.0000,-0.0005,0.000,32.41,38.0,1,2065
212108547,-429.902,-429.902,0.0000,-0.0130,0.0000,-0.0005,0.000,32.41,38.0,1,2065
212109899,-429.902,-429.902,0.0000,0.0328,0.0000,-0.0005,0.000,32.41,38.0,1,2065
212110545,-429.902,-429.902,0.0000,-0.0603,0.0000,-0.0005,0.000,32.41,38.0,1,2065
212111877,-429.902,-429.902,0.0000,-0.1198,0.0000,-0.0005,0.000,32.41,38.0,1,2065
212112543,-429.902,-429.902,0.0000,-0.0069,0.0000,-0.0005,0.000,32.41,38.0,1,2065
212113956,-429.902,-429.902,0.0000,0.0099,0.0000,-0.0005,0.000,32.41,38.0,1,2065
212114547,-429.902,-429.902,0.0000,-0.0435,0.0000,-0.0005,0.000,32.41,38.0,1,2065
212115555,-429.902,-429.902,0.0000,0.0755,0.0000,-0.0005,0.000,32.41,38.0,1,2065
212116857,-429.902,-429.902,0.0000,-0.0084,0.0000,-0.0005,0.000,32.41,38.0,1,2065
212117619,-429.902,-429.902,0.0000,0.0130,0.0000,-0.0005,0.000,32.41,38.0,1,2065
212118610,-429.902,-429.902,0.0000,0.0359,0.0000,-0.0005,0.000,32.41,38.0,1,2065
212119542,-429.902,-429.902,0.0000,-0.0710,0.0000,-0.0005,0.000,32.41,38.0,1,2065
212120601,-429.902,-429.902,0.0000,0.0801,0.0000,-0.0005,0.000,32.41,38.0,1,2065
212121889,-429.902,-429.902,0.0000,-0.0343,0.0000,-0.0005,0.000,32.41,38.0,1,2065
212122571,-429.902,-429.902,0.0000,-0.0557,0.0000,-0.0005,0.000,32.41,38.0,1,2065
212123571,-429.902,-429.902,0.0000,0.0938,0.0000,-0.0005,0.000,32.41,38.0,1,2065
212124566,-429.902,-429.902,0.0000,0.0664,0.0000,-0.0005,0.000,32.41,38.0,1,2065
212125566,-429.902,-429.902,0.0000,0.0664,0.0000,-0.0005,0.000,32.41,38.0,1,2065
212126880,-429.902,-429.902,0.0000,0.0374,0.0000,-0.0005,0.000,32.41,38.0,1,2065
212127569,-429.902,-429.902,0.0000,0.0038,0.0000,-0.0005,0.000,32.41,38.0,1,2065
212128571,-429.902,-429.902,0.0000,-0.0526,0.0000,-0.0005,0.000,32.41,38.0,1,2065
212129882,-429.902,-429.902,0.0000,-0.1564,0.0000,-0.0005,0.000,32.41,38.0,1,2065
212130566,-429.902,-429.902,0.0000,0.0008,0.0000,-0.0005,0.000,32.41,38.0,1,2065
212131884,-429.902,-429.902,0.0000,0.0862,0.0000,-0.0005,0.000,32.41,38.0,1,2065
212132570,-429.902,-429.902,0.0000,0.0862,0.0000,-0.0005,0.000,32.41,38.0,1,2065
212133887,-429.902,-429.902,0.0000,-0.0450,0.0000,-0.0005,0.000,32.41,38.0,1,2065
212134571,-429.902,-429.902,0.0000,0.0374,0.0000,-0.0005,0.000,32.41,38.0,1,2065
212135570,-429.902,-429.902,0.0000,-0.0237,0.0000,-0.0005,0.000,32.41,38.0,1,2065
212136862,-429.902,-429.902,0.0000,0.0160,0.0000,-0.0005,0.000,32.41,38.0,1,2065
212137567,-429.902,-429.902,0.0000,-0.0786,0.0000,-0.0005,0.000,32.41,38.0,1,2065
212138570,-429.902,-429.902,0.0000,-0.0618,0.0000,-0.0005,0.000,32.41,38.0,1,2065
212139564,-429.902,-429.902,0.0000,0.0908,0.0000,-0.0005,0.000,32.41,38.0,1,2065
212140569,-429.902,-429.902,0.0000,0.0954,0.0000,-0.0005,0.000,32.41,38.0,1,2065
212141862,-429.902,-429.902,0.0000,-0.0481,0.0000,-0.0005,0.000,32.41,38.0,1,2065
212142657,-429.902,-429.902,0.0000,-0.0114,0.0000,-0.0005,0.000,32.41,38.0,1,2065
212143579,-429.902,-429.902,0.0000,-0.0542,0.0000,-0.0005,0.000,32.41,38.0,1,2065
212144543,-429.902,-429.902,0.0000,-0.0175,0.0000,-0.0005,0.000,32.41,38.0,1,2065
212145548,-429.902,-429.902,0.0000,0.0511,0.0000,-0.0005,0.000,32.41,38.0,1,2065
212146865,-429.902,-429.902,0.0000,-0.1106,0.0000,-0.0005,0.000,32.41,38.0,1,2065
212147590,-429.902,-429.902,0.0000,-0.0099,0.0000,-0.0005,0.000,32.41,38.0,1,2065
212148548,-429.902,-429.902,0.0000,0.0389,0.0000,-0.0005,0.000,32.41,38.0,1,2065
212149866,-429.902,-429.902,0.0000,-0.0084,0.0000,-0.0005,0.000,32.41,38.0,1,2065
212150543,-429.902,-429.902,0.0000,-0.0175,0.0000,-0.0005,0.000,32.41,38.0,1,2065
212151904,-429.902,-429.902,0.0000,-0.0130,0.0000,-0.0005,0.000,32.41,38.0,1,2065
212152547,-429.902,-429.902,0.0000,-0.0526,0.0000,-0.0005,0.000,32.41,38.0,1,2065
212153940,-429.902,-429.902,0.0000,0.0221,0.0000,-0.0005,0.000,32.41,38.0,1,2065
212154870,-429.902,-429.902,0.0000,0.0023,0.0000,-0.0005,0.000,32.41,38.0,1,2065
212155906,-429.902,-429.902,0.0000,0.0328,0.0000,-0.0005,0.000,32.41,38.0,1,2065
212157200,-429.902,-429.902,0.0000,0.0252,0.0000,-0.0005,0.000,32.41,38.0,1,2065
212157874,-429.902,-429.902,0.0000,0.0206,0.0000,-0.0005,0.000,32.41,38.0,1,2065
212158872,-429.902,-429.902,0.0000,0.0206,0.0000,-0.0005,0.000,32.41,38.0,1,2065
212159898,-429.902,-429.902,0.0000,-0.0603,0.0000,-0.0005,0.000,32.41,38.0,1,2065
212160873,-429.902,-429.902,0.0000,-0.0191,0.0000,-0.0005,0.000,32.41,38.0,1,2065
212162207,-429.902,-429.902,0.0000,-0.0206,0.0000,-0.0005,0.000,32.41,38.0,1,2065
212162868,-429.902,-429.902,0.0000,0.0893,0.0000,-0.0005,0.000,32.41,38.0,1,2065
212163856,-429.902,-429.902,0.0000,-0.0771,0.0000,-0.0005,0.000,32.41,38.0,1,2065
212164894,-429.902,-429.902,0.0000,0.0175,0.0000,-0.0005,0.000,32.41,38.0,1,2065
212165872,-429.902,-429.902,0.0000,-0.0130,0.0000,-0.0005,0.000,32.41,38.0,1,2065
212167206,-429.902,-429.902,0.0000,-0.0175,0.0000,-0.0005,0.000,32.41,38.0,1,2065
212167869,-429.902,-429.902,0.0000,0.0603,0.0000,-0.0005,0.000,32.41,38.0,1,2065
212168920,-429.902,-429.902,0.0000,0.0267,0.0000,-0.0005,0.000,32.41,38.0,1,2065
212170231,-429.902,-429.902,0.0000,0.0175,0.0000,-0.0005,0.000,32.41,38.0,1,2065
212170541,-429.902,-429.902,0.0000,0.0786,0.0000,-0.0005,0.000,32.41,38.0,1,2065
212171865,-429.902,-429.902,0.0000,-0.0801,0.0000,-0.0005,0.000,32.41,38.0,1,2065
212172607,-429.902,-429.902,0.0000,0.0099,0.0000,-0.0005,0.000,32.41,38.0,1,2065
212173890,-429.902,-429.902,0.0000,-0.0084,0.0000,-0.0005,0.000,32.41,38.0,1,2065
212174570,-429.902,-429.902,0.0000,0.0923,0.0000,-0.0005,0.000,32.41,38.0,1,2065
212175571,-429.902,-429.902,0.0000,-0.0847,0.0000,-0.0005,0.000,32.41,38.0,1,2065
212176883,-429.902,-429.902,0.0000,0.0359,0.0000,-0.0005,0.000,32.41,38.0,1,2065
212177570,-429.902,-429.902,0.0000,0.0587,0.0000,-0.0005,0.000,32.41,38.0,1,2065
212178571,-429.902,-429.902,0.0000,0.0252,0.0000,-0.0005,0.000,32.41,38.0,1,2065
212179566,-429.902,-429.902,0.0000,-0.0175,0.0000,-0.0005,0.000,32.41,38.0,1,2065
212180566,-429.902,-429.902,0.0000,0.0557,0.0000,-0.0005,0.000,32.41,38.0,1,2065
212181882,-429.902,-429.902,0.0000,0.0374,0.0000,-0.0005,0.000,32.41,38.0,1,2065
212182570,-429.902,-429.902,0.0000,0.0511,0.0000,-0.0005,0.000,32.41,38.0,1,2065
212183572,-429.902,-429.902,0.0000,-0.0252,0.0000,-0.0005,0.000,32.41,38.0,1,2065
212184566,-429.902,-429.902,0.0000,-0.0008,0.0000,-0.0005,0.000,32.41,38.0,1,2065
212185566,-429.902,-429.902,0.0000,0.0496,0.0000,-0.0005,0.000,32.41,38.0,1,2065
212186887,-429.902,-429.902,0.0000,0.1335,0.0000,-0.0005,0.000,32.41,38.0,1,2065
212187545,-429.902,-429.902,0.0000,-0.0511,0.0000,-0.0005,0.000,32.41,38.0,1,2065
212188547,-429.902,-429.902,0.0000,0.0206,0.0000,-0.0005,0.000,32.41,38.0,1,2065
212189875,-429.902,-429.902,0.0000,-0.1122,0.0000,-0.0005,0.000,32.41,38.0,1,2065
212190564,-429.902,-429.902,0.0000,-0.0038,0.0000,-0.0005,0.000,32.41,38.0,1,2065
212191880,-429.902,-429.902,0.0000,-0.0786,0.0000,-0.0005,0.000,32.41,38.0,1,2065
212192573,-429.902,-429.902,0.0000,0.0130,0.0000,-0.0005,0.000,32.41,38.0,1,2065
212193867,-429.902,-429.902,0.0000,0.0648,0.0000,-0.0005,0.000,32.41,38.0,1,2065
212194653,-429.902,-429.902,0.0000,-0.0252,0.0000,-0.0005,0.000,32.41,38.0,1,2065
212195578,-429.902,-429.902,0.0000,0.0893,0.0000,-0.0005,0.000,32.41,38.0,1,2065
212196868,-429.902,-429.902,0.0000,0.2022,0.0000,-0.0005,0.000,32.41,38.0,1,2065
212197550,-429.902,-429.902,0.0000,-0.0465,0.0000,-0.0005,0.000,32.41,38.0,1,2065
212198547,-429.902,-429.902,0.0000,0.0542,0.0000,-0.0005,0.000,32.41,38.0,1,2065
212199587,-429.902,-429.902,0.0000,0.0877,0.0000,-0.0005,0.000,32.41,38.0,1,2065
212200544,-429.902,-429.902,0.0000,-0.0786,0.0000,-0.0005,0.000,32.41,38.0,1,2065
212201873,-429.902,-429.902,0.0000,0.0359,0.0000,-0.0005,0.000,32.41,38.0,1,2065
212202545,-429.902,-429.902,0.0000,-0.0053,0.0000,-0.0005,0.000,32.41,38.0,1,2065
212203591,-429.902,-429.902,0.0000,-0.0404,0.0000,-0.0005,0.000,32.41,38.0,1,2065
212204545,-429.902,-429.902,0.0000,-0.0008,0.0000,-0.0005,0.000,32.41,38.0,1,2065
212205617,-429.902,-429.902,0.0000,0.0343,0.0000,-0.0005,0.000,32.41,38.0,1,2065
212206869,-429.902,-429.902,0.0000,-0.0496,0.0000,-0.0005,0.000,32.41,38.0,1,2065
212207588,-429.902,-429.902,0.0000,0.0496,0.0000,-0.0005,0.000,32.41,38.0,1,2065
212208550,-429.902,-429.902,0.0000,0.0435,0.0000,-0.0005,0.000,32.41,38.0,1,2065
212209870,-429.902,-429.902,0.0000,0.0404,0.0000,-0.0005,0.000,32.41,38.0,1,2065
212210543,-429.902,-429.902,0.0000,-0.0206,0.0000,-0.0005,0.000,32.41,38.0,1,2065
212211901,-429.902,-429.902,0.0000,0.0252,0.0000,-0.0005,0.000,32.41,38.0,1,2065
212212547,-429.902,-429.902,0.0000,-0.0908,0.0000,-0.0005,0.000,32.41,38.0,1,2065
212213872,-429.902,-429.902,0.0000,-0.0526,0.0000,-0.0005,0.000,32.41,38.0,1,2065
212214544,-429.902,-429.902,0.0000,0.0359,0.0000,-0.0005,0.000,32.41,38.0,1,2065
212215639,-429.902,-429.902,0.0000,0.0252,0.0000,-0.0005,0.000,32.41,38.0,1,2065
212216867,-429.902,-429.902,0.0000,0.0618,0.0000,-0.0005,0.000,32.41,38.0,1,2065
212217550,-429.902,-429.902,0.0000,-0.0740,0.0000,-0.0005,0.000,32.41,38.0,1,2065
212218547,-429.902,-429.902,0.0000,-0.0557,0.0000,-0.0005,0.000,32.41,38.0,1,2065
212219639,-429.902,-429.902,0.0000,-0.0267,0.0000,-0.0005,0.000,32.41,38.0,1,2065
212220542,-429.902,-429.902,0.0000,0.0206,0.0000,-0.0005,0.000,32.41,38.0,1,2065
212221898,-429.902,-429.902,0.0000,-0.0008,0.0000,-0.0005,0.000,32.41,38.0,1,2065
212222889,-429.902,-429.902,0.0000,-0.0832,0.0000,-0.0005,0.000,32.41,38.0,1,2065
212223880,-429.902,-429.902,0.0000,0.0359,0.0000,-0.0005,0.000,32.41,38.0,1,2065
212224880,-429.902,-429.902,0.0000,0.0404,0.0000,-0.0005,0.000,32.41,38.0,1,2065
212225879,-429.902,-429.902,0.0000,-0.0908,0.0000,-0.0005,0.000,32.41,38.0,1,2065
212227202,-429.902,-429.902,0.0000,0.1411,0.0000,-0.0005,0.000,32.41,38.0,1,2065
212227879,-429.902,-429.902,0.0000,0.0099,0.0000,-0.0005,0.000,32.41,38.0,1,2065
212228879,-429.902,-429.902,0.0000,-0.0664,0.0000,-0.0005,0.000,32.41,38.0,1,2065
212230206,-429.902,-429.902,0.0000,0.1122,0.0000,-0.0005,0.000,32.41,38.0,1,2065
212230568,-429.902,-429.902,0.0000,-0.0328,0.0000,-0.0005,0.000,32.41,38.0,1,2065
212231881,-429.902,-429.902,0.0000,0.0038,0.0000,-0.0005,0.000,32.41,38.0,1,2065
212232571,-429.902,-429.902,0.0000,-0.0084,0.0000,-0.0005,0.000,32.41,38.0,1,2065
212233888,-429.902,-429.902,0.0000,0.0603,0.0000,-0.0005,0.000,32.41,38.0,1,2065
212234569,-429.902,-429.902,0.0000,-0.0099,0.0000,-0.0005,0.000,32.41,38.0,1,2065
212235571,-429.902,-429.902,0.0000,0.0557,0.0000,-0.0005,0.000,32.41,38.0,1,2065
212236880,-429.902,-429.902,0.0000,0.0191,0.0000,-0.0005,0.000,32.41,38.0,1,2065
212237571,-429.902,-429.902,0.0000,-0.0023,0.0000,-0.0005,0.000,32.41,38.0,1,2065
212238570,-429.902,-429.902,0.0000,0.0633,0.0000,-0.0005,0.000,32.41,38.0,1,2065
212239573,-429.902,-429.902,0.0000,0.0298,0.0000,-0.0005,0.000,32.41,38.0,1,2065
212240543,-429.902,-429.902,0.0000,-0.0252,0.0000,-0.0005,0.000,32.41,38.0,1,2065
212241859,-429.902,-429.902,0.0000,0.0267,0.0000,-0.0005,0.000,32.41,38.0,1,2065
212242571,-429.902,-429.902,0.0000,0.0526,0.0000,-0.0005,0.000,32.41,38.0,1,2065
212243571,-429.902,-429.902,0.0000,-0.0465,0.0000,-0.0005,0.000,32.41,38.0,1,2065
212244566,-429.902,-429.902,0.0000,0.0740,0.0000,-0.0005,0.000,32.41,38.0,1,2065
212245569,-429.902,-429.902,0.0000,0.0252,0.0000,-0.0005,0.000,32.41,38.0,1,2065
212246862,-429.902,-429.902,0.0000,-0.0771,0.0000,-0.0005,0.000,32.41,38.0,1,2065
212247654,-429.902,-429.902,0.0000,0.0648,0.0000,-0.0005,0.000,32.41,38.0,1,2065
212248578,-429.902,-429.902,0.0000,-0.1167,0.0000,-0.0005,0.000,32.41,38.0,1,2065
212249860,-429.902,-429.902,0.0000,0.1350,0.0000,-0.0005,0.000,32.41,38.0,1,2065
212250552,-429.902,-429.902,0.0000,0.0084,0.0000,-0.0005,0.000,32.41,38.0,1,2065
212251865,-429.902,-429.902,0.0000,0.1183,0.0000,-0.0005,0.000,32.41,38.0,1,2065
212252589,-429.902,-429.902,0.0000,0.0160,0.0000,-0.0005,0.000,32.41,38.0,1,2065
212253869,-429.902,-429.902,0.0000,0.1183,0.0000,-0.0005,0.000,32.41,38.0,1,2065
212254550,-429.902,-429.902,0.0000,-0.0023,0.0000,-0.0005,0.000,32.41,38.0,1,2065
212255547,-429.902,-429.902,0.0000,-0.0603,0.0000,-0.0005,0.000,32.41,38.0,1,2065
212256903,-429.902,-429.902,0.0000,0.0938,0.0000,-0.0005,0.000,32.41,38.0,1,2065
212257548,-429.902,-429.902,0.0000,0.0175,0.0000,-0.0005,0.000,32.41,38.0,1,2065
212258624,-429.902,-429.902,0.0000,0.0404,0.0000,-0.0005,0.000,32.41,38.0,1,2065
212259543,-429.902,-429.902,0.0000,0.0328,0.0000,-0.0005,0.000,32.41,38.0,1,2065
212260586,-429.902,-429.902,0.0000,0.0175,0.0000,-0.0005,0.000,32.41,38.0,1,2065
212261869,-429.902,-429.902,0.0000,-0.0221,0.0000,-0.0005,0.000,32.41,38.0,1,2065
212262556,-429.902,-429.902,0.0000,0.0023,0.0000,-0.0005,0.000,32.41,38.0,1,2065
212263547,-429.902,-429.902,0.0000,0.0404,0.0000,-0.0005,0.000,32.41,38.0,1,2065
212264581,-429.902,-429.902,0.0000,0.1091,0.0000,-0.0005,0.000,32.41,38.0,1,2065
212265546,-429.902,-429.902,0.0000,-0.0313,0.0000,-0.0005,0.000,32.41,38.0,1,2065
212266875,-429.902,-429.902,0.0000,0.1030,0.0000,-0.0005,0.000,32.41,38.0,1,2065
212267546,-429.902,-429.902,0.0000,-0.0359,0.0000,-0.0005,0.000,32.41,38.0,1,2065
212268641,-429.902,-429.902,0.0000,0.0816,0.0000,-0.0005,0.000,32.41,38.0,1,2065
212269923,-429.902,-429.902,0.0000,-0.1076,0.0000,-0.0005,0.000,32.41,38.0,1,2065
212270542,-429.902,-429.902,0.0000,-0.1076,0.0000,-0.0005,0.000,32.41,38.0,1,2065
212271866,-429.902,-429.902,0.0000,0.1076,0.0000,-0.0005,0.000,32.41,38.0,1,2065
212272603,-429.902,-429.902,0.0000,-0.0572,0.0000,-0.0005,0.000,32.41,38.0,1,2065
212273890,-429.902,-429.902,0.0000,-0.0832,0.0000,-0.0005,0.000,32.41,38.0,1,2065
212274566,-429.902,-429.902,0.0000,0.0603,0.0000,-0.0005,0.000,32.41,38.0,1,2065
212275566,-429.902,-429.902,0.0000,-0.1015,0.0000,-0.0005,0.000,32.41,38.0,1,2065
212276884,-429.902,-429.902,0.0000,0.1717,0.0000,-0.0005,0.000,32.41,38.0,1,2065
212277566,-429.902,-429.902,0.0000,-0.0572,0.0000,-0.0005,0.000,32.41,38.0,1,2065
212278570,-429.902,-429.902,0.0000,-0.0938,0.0000,-0.0005,0.000,32.41,38.0,1,2065
212279561,-429.902,-429.902,0.0000,0.0221,0.0000,-0.0005,0.000,32.41,38.0,1,2065
212280565,-429.902,-429.902,0.0000,0.0237,0.0000,-0.0005,0.000,32.41,38.0,1,2065
212281885,-429.902,-429.902,0.0000,-0.0282,0.0000,-0.0005,0.000,32.41,38.0,1,2065
212282566,-429.902,-429.902,0.0000,-0.1091,0.0000,-0.0005,0.000,32.41,38.0,1,2065
212283571,-429.902,-429.902,0.0000,-0.0435,0.0000,-0.0005,0.000,32.41,38.0,1,2065
212284562,-429.902,-429.902,0.0000,0.0923,0.0000,-0.0005,0.000,32.41,38.0,1,2065
212285565,-429.902,-429.902,0.0000,0.0557,0.0000,-0.0005,0.000,32.41,38.0,1,2065
212286885,-429.902,-429.902,0.0000,-0.0465,0.0000,-0.0005,0.000,32.41,38.0,1,2065
212287545,-429.902,-429.902,0.0000,0.0191,0.0000,-0.0005,0.000,32.41,38.0,1,2065
212288557,-429.902,-429.902,0.0000,0.0923,0.0000,-0.0005,0.000,32.41,38.0,1,2065
212289874,-429.902,-429.902,0.0000,-0.0771,0.0000,-0.0005,0.000,32.41,38.0,1,2065
212290564,-429.902,-429.902,0.0000,-0.0648,0.0000,-0.0005,0.000,32.41,38.0,1,2065
212291860,-429.902,-429.902,0.0000,-0.0374,0.0000,-0.0005,0.000,32.41,38.0,1,2065
212292866,-429.902,-429.902,0.0000,0.1305,0.0000,-0.0005,0.000,32.41,38.0,1,2065
212294191,-429.902,-429.902,0.0000,-0.0755,0.0000,-0.0005,0.000,32.41,38.0,1,2065
212294943,-429.902,-429.902,0.0000,0.0359,0.0000,-0.0005,0.000,32.41,38.0,1,2065
212295816,-429.902,-429.902,0.0000,0.0084,0.0000,-0.0005,0.000,32.41,38.0,1,2065
212297215,-429.902,-429.902,0.0000,-0.0145,0.0000,-0.0005,0.000,32.41,38.0,1,2065
212297865,-429.902,-429.902,0.0000,-0.0832,0.0000,-0.0005,0.000,32.41,38.0,1,2065
212298940,-429.902,-429.902,0.0000,0.1808,0.0000,-0.0005,0.000,32.41,38.0,1,2065
212299866,-429.902,-429.902,0.0000,-0.0710,0.0000,-0.0005,0.000,32.41,38.0,1,2065
212300807,-429.902,-429.902,0.0000,0.0679,0.0000,-0.0005,0.000,32.41,38.0,1,2065
212302215,-429.902,-429.902,0.0000,-0.0175,0.0000,-0.0005,0.000,32.41,38.0,1,2065
212302863,-429.902,-429.902,0.0000,-0.0511,0.0000,-0.0005,0.000,32.41,38.0,1,2065
212303870,-429.902,-429.902,0.0000,-0.0862,0.0000,-0.0005,0.000,32.41,38.0,1,2065
212304867,-429.902,-429.902,0.0000,0.0404,0.0000,-0.0005,0.000,32.41,38.0,1,2065
212305896,-429.902,-429.902,0.0000,-0.0801,0.0000,-0.0005,0.000,32.41,38.0,1,2065
212307197,-429.902,-429.902,0.0000,-0.0404,0.0000,-0.0005,0.000,32.41,38.0,1,2065
212307932,-429.902,-429.902,0.0000,0.0603,0.0000,-0.0005,0.000,32.41,38.0,1,2065
212308803,-429.902,-429.902,0.0000,-0.0587,0.0000,-0.0005,0.000,32.41,38.0,1,2065
212310210,-429.902,-429.902,0.0000,0.0023,0.0000,-0.0005,0.000,32.41,38.0,1,2065
212310543,-429.902,-429.902,0.0000,0.0130,0.0000,-0.0005,0.000,32.41,38.0,1,2065
212311874,-429.902,-429.902,0.0000,0.0343,0.0000,-0.0005,0.000,32.41,38.0,1,2065
212312543,-429.902,-429.902,0.0000,-0.0069,0.0000,-0.0005,0.000,32.41,38.0,1,2065
212313913,-429.902,-429.902,0.0000,0.0038,0.0000,-0.0005,0.000,32.41,38.0,1,2065
212314862,-429.902,-429.902,0.0000,-0.0618,0.0000,-0.0005,0.000,32.41,38.0,1,2065
212315870,-429.902,-429.902,0.0000,-0.0694,0.0000,-0.0005,0.000,32.41,38.0,1,2065
212317189,-429.902,-429.902,0.0000,0.0694,0.0000,-0.0005,0.000,32.41,38.0,1,2065
212317929,-429.902,-429.902,0.0000,-0.1076,0.0000,-0.0005,0.000,32.41,38.0,1,2065
212318803,-429.902,-429.902,0.0000,0.0404,0.0000,-0.0005,0.000,32.41,38.0,1,2065
212319963,-429.902,-429.902,0.0000,-0.0313,0.0000,-0.0005,0.000,32.41,38.0,1,2065
212320865,-429.902,-429.902,0.0000,-0.0450,0.0000,-0.0005,0.000,32.41,38.0,1,2065
212322195,-429.902,-429.902,0.0000,-0.0374,0.0000,-0.0005,0.000,32.41,38.0,1,2065
212322863,-429.902,-429.902,0.0000,-0.0526,0.0000,-0.0005,0.000,32.41,38.0,1,2065
212323934,-429.902,-429.902,0.0000,0.0633,0.0000,-0.0005,0.000,32.41,38.0,1,2065
212324880,-429.902,-429.902,0.0000,0.0175,0.0000,-0.0005,0.000,32.41,38.0,1,2065
212325875,-429.902,-429.902,0.0000,-0.0526,0.0000,-0.0005,0.000,32.41,38.0,1,2065
212327203,-429.902,-429.902,0.0000,0.0832,0.0000,-0.0005,0.000,32.41,38.0,1,2065
212327873,-429.902,-429.902,0.0000,-0.1320,0.0000,-0.0005,0.000,32.41,38.0,1,2065
212328876,-429.902,-429.902,0.0000,0.0389,0.0000,-0.0005,0.000,32.41,38.0,1,2065
212330198,-429.902,-429.902,0.0000,0.0237,0.0000,-0.0005,0.000,32.41,38.0,1,2065
212330569,-429.902,-429.902,0.0000,-0.0771,0.0000,-0.0005,0.000,32.41,38.0,1,2065
212331887,-429.902,-429.902,0.0000,0.0130,0.0000,-0.0005,0.000,32.41,38.0,1,2065
212332872,-429.902,-429.902,0.0000,-0.0877,0.0000,-0.0005,0.000,32.41,38.0,1,2065
212334202,-429.902,-429.902,0.0000,0.0938,0.0000,-0.0005,0.000,32.41,38.0,1,2065
212334875,-429.902,-429.902,0.0000,-0.1060,0.0000,-0.0005,0.000,32.41,38.0,1,2065
212335875,-429.902,-429.902,0.0000,0.0694,0.0000,-0.0005,0.000,32.41,38.0,1,2065
212337204,-429.902,-429.902,0.0000,0.0099,0.0000,-0.0005,0.000,32.41,38.0,1,2065
212337875,-429.902,-429.902,0.0000,0.0023,0.0000,-0.0005,0.000,32.41,38.0,1,2065
212338876,-429.902,-429.902,0.0000,-0.1350,0.0000,-0.0005,0.000,32.41,38.0,1,2065
212339875,-429.902,-429.902,0.0000,-0.0603,0.0000,-0.0005,0.000,32.41,38.0,1,2065
212340878,-429.902,-429.902,0.0000,0.0603,0.0000,-0.0005,0.000,32.41,38.0,1,2065
212342204,-429.902,-429.902,0.0000,-0.0298,0.0000,-0.0005,0.000,32.41,38.0,1,2065
212342875,-429.902,-429.902,0.0000,-0.0633,0.0000,-0.0005,0.000,32.41,38.0,1,2065
212343878,-429.902,-429.902,0.0000,-0.0160,0.0000,-0.0005,0.000,32.41,38.0,1,2065
212344876,-429.902,-429.902,0.0000,-0.0252,0.0000,-0.0005,0.000,32.41,38.0,1,2065
212345876,-429.902,-429.902,0.0000,-0.0862,0.0000,-0.0005,0.000,32.41,38.0,1,2065
212347193,-429.902,-429.902,0.0000,-0.0389,0.0000,-0.0005,0.000,32.41,38.0,1,2065
212347860,-429.902,-429.902,0.0000,0.0679,0.0000,-0.0005,0.000,32.41,38.0,1,2065
212348867,-429.902,-429.902,0.0000,0.0130,0.0000,-0.0005,0.000,32.41,38.0,1,2065
212350195,-429.902,-429.902,0.0000,-0.0511,0.0000,-0.0005,0.000,32.41,38.0,1,2065
212350567,-429.902,-429.902,0.0000,0.0343,0.0000,-0.0005,0.000,32.41,38.0,1,2065
212351881,-429.902,-429.902,0.0000,-0.0282,0.0000,-0.0005,0.000,32.41,38.0,1,2065
212352569,-429.902,-429.902,0.0000,-0.0175,0.0000,-0.0005,0.000,32.41,38.0,1,2065
212353891,-429.902,-429.902,0.0000,0.0175,0.0000,-0.0005,0.000,32.41,38.0,1,2065
212354863,-429.902,-429.902,0.0000,0.0481,0.0000,-0.0005,0.000,32.41,38.0,1,2065
212355936,-429.902,-429.902,0.0000,-0.0298,0.0000,-0.0005,0.000,32.41,38.0,1,2065
212357219,-429.902,-429.902,0.0000,0.0465,0.0000,-0.0005,0.000,32.41,38.0,1,2065
212357864,-429.902,-429.902,0.0000,-0.0237,0.0000,-0.0005,0.000,32.41,38.0,1,2065
212358867,-429.902,-429.902,0.0000,-0.0313,0.0000,-0.0005,0.000,32.41,38.0,1,2065
212359864,-429.902,-429.902,0.0000,-0.0389,0.0000,-0.0005,0.000,32.41,38.0,1,2065
212360894,-429.902,-429.902,0.0000,0.0282,0.0000,-0.0005,0.000,32.41,38.0,1,2065
212362193,-429.902,-429.902,0.0000,-0.0114,0.0000,-0.0005,0.000,32.41,38.0,1,2065
212362866,-429.902,-429.902,0.0000,0.0084,0.0000,-0.0005,0.000,32.41,38.0,1,2065
212363865,-429.902,-429.902,0.0000,0.0435,0.0000,-0.0005,0.000,32.41,38.0,1,2065
212364895,-429.902,-429.902,0.0000,-0.0343,0.0000,-0.0005,0.000,32.41,38.0,1,2065
212365864,-429.902,-429.902,0.0000,-0.0664,0.0000,-0.0005,0.000,32.41,38.0,1,2065
212367238,-429.902,-429.902,0.0000,0.0221,0.0000,-0.0005,0.000,32.38,38.0,1,2065
212367863,-429.902,-429.902,0.0000,-0.0374,0.0000,-0.0005,0.000,32.38,38.0,1,2065
212368954,-429.902,-429.902,0.0000,-0.0114,0.0000,-0.0005,0.000,32.38,38.0,1,2065
212370259,-429.902,-429.902,0.0000,0.1335,0.0000,-0.0005,0.000,32.38,38.0,1,2065
212370542,-429.902,-429.902,0.0000,-0.0725,0.0000,-0.0005,0.000,32.38,38.0,1,2065
212371865,-429.902,-429.902,0.0000,0.0969,0.0000,-0.0005,0.000,32.38,38.0,1,2065
212372561,-429.902,-429.902,0.0000,-0.0069,0.0000,-0.0005,0.000,32.38,38.0,1,2065
212373918,-429.902,-429.902,0.0000,-0.0832,0.0000,-0.0005,0.000,32.38,38.0,1,2065
212374874,-429.902,-429.902,0.0000,-0.0130,0.0000,-0.0005,0.000,32.38,38.0,1,2065
212375875,-429.902,-429.902,0.0000,-0.0252,0.0000,-0.0005,0.000,32.38,38.0,1,2065
212377200,-429.902,-429.902,0.0000,-0.0084,0.0000,-0.0005,0.000,32.38,38.0,1,2065
212377872,-429.902,-429.902,0.0000,0.0664,0.0000,-0.0005,0.000,32.38,38.0,1,2065
212378876,-429.902,-429.902,0.0000,-0.0984,0.0000,-0.0005,0.000,32.38,38.0,1,2065
212379873,-429.902,-429.902,0.0000,0.0694,0.0000,-0.0005,0.000,32.38,38.0,1,2065
212380874,-429.902,-429.902,0.0000,0.0267,0.0000,-0.0005,0.000,32.38,38.0,1,2065
212382200,-429.902,-429.902,0.0000,-0.0465,0.0000,-0.0005,0.000,32.38,38.0,1,2065
212382874,-429.902,-429.902,0.0000,0.0725,0.0000,-0.0005,0.000,32.38,38.0,1,2065
212383875,-429.902,-429.902,0.0000,0.0099,0.0000,-0.0005,0.000,32.38,38.0,1,2065
212384874,-429.902,-429.902,0.0000,-0.0816,0.0000,-0.0005,0.000,32.38,38.0,1,2065
212385875,-429.902,-429.902,0.0000,-0.0298,0.0000,-0.0005,0.000,32.38,38.0,1,2065
212387202,-429.902,-429.902,0.0000,-0.0298,0.0000,-0.0005,0.000,32.38,38.0,1,2065
212387872,-429.902,-429.902,0.0000,0.0450,0.0000,-0.0005,0.000,32.38,38.0,1,2065
212388874,-429.902,-429.902,0.0000,-0.0587,0.0000,-0.0005,0.000,32.38,38.0,1,2065
212390193,-429.902,-429.902,0.0000,-0.0099,0.0000,-0.0005,0.000,32.38,38.0,1,2065
212390568,-429.902,-429.902,0.0000,-0.1152,0.0000,-0.0005,0.000,32.38,38.0,1,2065
212391882,-429.902,-429.902,0.0000,-0.0175,0.0000,-0.0005,0.000,32.38,38.0,1,2065
212392567,-429.902,-429.902,0.0000,0.0191,0.0000,-0.0005,0.000,32.38,38.0,1,2065
212393886,-429.902,-429.902,0.0000,-0.0221,0.0000,-0.0005,0.000,32.38,38.0,1,2065
212394544,-429.902,-429.902,0.0000,-0.0450,0.0000,-0.0005,0.000,32.38,38.0,1,2065
212395555,-429.902,-429.902,0.0000,0.0084,0.0000,-0.0005,0.000,32.38,38.0,1,2065
212396885,-429.902,-429.902,0.0000,-0.0084,0.0000,-0.0005,0.000,32.38,38.0,1,2065
212397872,-429.902,-429.902,0.0000,0.0389,0.0000,-0.0005,0.000,32.38,38.0,1,2065
212398876,-429.902,-429.902,0.0000,0.0267,0.0000,-0.0005,0.000,32.38,38.0,1,2065
212399879,-429.902,-429.902,0.0000,-0.0740,0.0000,-0.0005,0.000,32.38,38.0,1,2065
212400863,-429.902,-429.902,0.0000,0.1884,0.0000,-0.0005,0.000,32.38,38.0,1,2065
212402298,-429.902,-429.902,0.0000,-0.0298,0.0000,-0.0005,0.000,32.38,38.0,1,2065
212402731,-429.902,-429.902,0.0000,0.0908,0.0000,-0.0005,0.000,32.38,38.0,1,2065
212403882,-429.902,-429.902,0.0000,-0.0542,0.0000,-0.0005,0.000,32.38,38.0,1,2065
212404864,-429.902,-429.902,0.0000,0.0450,0.0000,-0.0005,0.000,32.38,38.0,1,2065
212405865,-429.902,-429.902,0.0000,-0.0893,0.0000,-0.0005,0.000,32.38,38.0,1,2065
212407191,-429.902,-429.902,0.0000,-0.0145,0.0000,-0.0005,0.000,32.38,38.0,1,2065
212407735,-429.902,-429.902,0.0000,-0.0114,0.0000,-0.0005,0.000,32.38,38.0,1,2065
212408881,-429.902,-429.902,0.0000,0.0145,0.0000,-0.0005,0.000,32.38,38.0,1,2065
212410186,-429.902,-429.902,0.0000,0.0175,0.0000,-0.0005,0.000,32.38,38.0,1,2065
212410550,-429.902,-429.902,0.0000,0.0282,0.0000,-0.0005,0.000,32.38,38.0,1,2065
212411864,-429.902,-429.902,0.0000,-0.0496,0.0000,-0.0005,0.000,32.38,38.0,1,2065
212412642,-429.902,-429.902,0.0000,0.0801,0.0000,-0.0005,0.000,32.38,38.0,1,2065
212413897,-429.902,-429.902,0.0000,-0.0191,0.0000,-0.0005,0.000,32.38,38.0,1,2065
212414546,-429.902,-429.902,0.0000,-0.0160,0.0000,-0.0005,0.000,32.38,38.0,1,2065
212415555,-429.902,-429.902,0.0000,-0.0221,0.0000,-0.0005,0.000,32.38,38.0,1,2065
212416857,-429.902,-429.902,0.0000,0.1274,0.0000,-0.0005,0.000,32.38,38.0,1,2065
212417588,-429.902,-429.902,0.0000,-0.0954,0.0000,-0.0005,0.000,32.38,38.0,1,2065
212418548,-429.902,-429.902,0.0000,-0.0267,0.0000,-0.0005,0.000,32.38,38.0,1,2065
212419638,-429.902,-429.902,0.0000,-0.0237,0.0000,-0.0005,0.000,32.38,38.0,1,2065
212420542,-429.902,-429.902,0.0000,-0.0450,0.0000,-0.0005,0.000,32.38,38.0,1,2065
212421902,-429.902,-429.902,0.0000,-0.0496,0.0000,-0.0005,0.000,32.38,38.0,1,2065
212422891,-429.902,-429.902,0.0000,-0.0237,0.0000,-0.0005,0.000,32.38,38.0,1,2065
212423874,-429.902,-429.902,0.0000,0.0191,0.0000,-0.0005,0.000,32.38,38.0,1,2065
212424871,-429.902,-429.902,0.0000,-0.0511,0.0000,-0.0005,0.000,32.38,38.0,1,2065
212425875,-429.902,-429.902,0.0000,-0.0420,0.0000,-0.0005,0.000,32.38,38.0,1,2065
212427194,-429.902,-429.902,0.0000,-0.0786,0.0000,-0.0005,0.000,32.38,38.0,1,2065
212427876,-429.902,-429.902,0.0000,-0.0633,0.0000,-0.0005,0.000,32.38,38.0,1,2065
212428873,-429.902,-429.902,0.0000,-0.0664,0.0000,-0.0005,0.000,32.38,38.0,1,2065
212430197,-429.902,-429.902,0.0000,-0.0298,0.0000,-0.0005,0.000,32.38,38.0,1,2065
212430568,-429.902,-429.902,0.0000,-0.0710,0.0000,-0.0005,0.000,32.38,38.0,1,2065
212431883,-429.902,-429.902,0.0000,0.0465,0.0000,-0.0005,0.000,32.38,38.0,1,2065
212432872,-429.902,-429.902,0.0000,0.0557,0.0000,-0.0005,0.000,32.38,38.0,1,2065
212434199,-429.902,-429.902,0.0000,0.0374,0.0000,-0.0005,0.000,32.38,38.0,1,2065
212434876,-429.902,-429.902,0.0000,-0.0420,0.0000,-0.0005,0.000,32.38,38.0,1,2065
212435873,-429.902,-429.902,0.0000,0.0206,0.0000,-0.0005,0.000,32.38,38.0,1,2065
212437197,-429.902,-429.902,0.0000,0.0099,0.0000,-0.0005,0.000,32.38,38.0,1,2065
212437868,-429.902,-429.902,0.0000,-0.0587,0.0000,-0.0005,0.000,32.38,38.0,1,2065
212438873,-429.902,-429.902,0.0000,0.0633,0.0000,-0.0005,0.000,32.38,38.0,1,2065
212439871,-429.902,-429.902,0.0000,-0.0389,0.0000,-0.0005,0.000,32.38,38.0,1,2065
212440873,-429.902,-429.902,0.0000,0.1244,0.0000,-0.0005,0.000,32.38,38.0,1,2065
212442196,-429.902,-429.902,0.0000,-0.0984,0.0000,-0.0005,0.000,32.38,38.0,1,2065
212442875,-429.902,-429.902,0.0000,-0.0160,0.0000,-0.0005,0.000,32.38,38.0,1,2065
212443872,-429.902,-429.902,0.0000,0.1060,0.0000,-0.0005,0.000,32.38,38.0,1,2065
212444864,-429.902,-429.902,0.0000,-0.0328,0.0000,-0.0005,0.000,32.38,38.0,1,2065
212445858,-429.902,-429.902,0.0000,0.0587,0.0000,-0.0005,0.000,32.38,38.0,1,2065
212447198,-429.902,-429.902,0.0000,0.0130,0.0000,-0.0005,0.000,32.38,38.0,1,2065
212447872,-429.902,-429.902,0.0000,0.0893,0.0000,-0.0005,0.000,32.38,38.0,1,2065
212448873,-429.902,-429.902,0.0000,0.0511,0.0000,-0.0005,0.000,32.38,38.0,1,2065
212450192,-429.902,-429.902,0.0000,-0.0725,0.0000,-0.0005,0.000,32.38,38.0,1,2065
212450567,-429.902,-429.902,0.0000,0.0175,0.0000,-0.0005,0.000,32.38,38.0,1,2065
212451884,-429.902,-429.902,0.0000,0.0069,0.0000,-0.0005,0.000,32.38,38.0,1,2065
212452859,-429.902,-429.902,0.0000,-0.0343,0.0000,-0.0005,0.000,32.38,38.0,1,2065
212454302,-429.902,-429.902,0.0000,-0.0069,0.0000,-0.0005,0.000,32.38,38.0,1,2065
212454718,-429.902,-429.902,0.0000,0.0801,0.0000,-0.0005,0.000,32.38,38.0,1,2065
212455884,-429.902,-429.902,0.0000,0.0252,0.0000,-0.0005,0.000,32.38,38.0,1,2065
212457191,-429.902,-429.902,0.0000,-0.0328,0.0000,-0.0005,0.000,32.38,38.0,1,2065
212457770,-429.902,-429.902,0.0000,0.0084,0.0000,-0.0005,0.000,32.38,38.0,1,2065
212458883,-429.902,-429.902,0.0000,0.0008,0.0000,-0.0005,0.000,32.38,38.0,1,2065
212459861,-429.902,-429.902,0.0000,0.0511,0.0000,-0.0005,0.000,32.38,38.0,1,2065
212460866,-429.902,-429.902,0.0000,0.0069,0.0000,-0.0005,0.000,32.38,38.0,1,2065
212462189,-429.902,-429.902,0.0000,-0.0084,0.0000,-0.0005,0.000,32.38,38.0,1,2065
212462740,-429.902,-429.902,0.0000,-0.0359,0.0000,-0.0005,0.000,32.38,38.0,1,2065
212463880,-429.902,-429.902,0.0000,-0.0648,0.0000,-0.0005,0.000,32.38,38.0,1,2065
212464862,-429.902,-429.880,0.0000,0.0542,0.0000,-0.0005,0.000,32.38,38.0,1,2065
212465797,-429.880,-429.902,0.0000,-0.0923,0.0000,-0.0005,0.000,32.38,38.0,1,2065
212467195,-429.902,-429.902,0.0000,-0.0008,0.0000,-0.0005,0.000,32.38,38.0,1,2065
212467856,-429.902,-429.902,0.0000,0.0862,0.0000,-0.0005,0.000,32.38,38.0,1,2065
212468942,-429.902,-429.902,0.0000,0.0862,0.0000,-0.0005,0.000,32.38,38.0,1,2065
212470255,-429.902,-429.902,0.0000,-0.0877,0.0000,-0.0005,0.000,32.38,38.0,1,2065
212470542,-429.902,-429.902,0.0000,-0.0435,0.0000,-0.0005,0.000,32.38,38.0,1,2065
212471865,-429.902,-429.902,0.0000,0.0786,0.0000,-0.0005,0.000,32.38,38.0,1,2065
212472559,-429.902,-429.902,0.0000,-0.0603,0.0000,-0.0005,0.000,32.38,38.0,1,2065
212473920,-429.902,-429.902,0.0000,-0.0313,0.0000,-0.0005,0.000,32.38,38.0,1,2065
212474568,-429.902,-429.902,0.0000,0.0298,0.0000,-0.0005,0.000,32.38,38.0,1,2065
212475570,-429.902,-429.902,0.0000,-0.0725,0.0000,-0.0005,0.000,32.38,38.0,1,2065
212476880,-429.902,-429.902,0.0000,-0.0450,0.0000,-0.0005,0.000,32.38,38.0,1,2065
212477873,-429.902,-429.902,0.0000,0.0938,0.0000,-0.0005,0.000,32.38,38.0,1,2065
212478873,-429.902,-429.902,0.0000,0.0526,0.0000,-0.0005,0.000,32.38,38.0,1,2065
212479872,-429.902,-429.902,0.0000,0.0420,0.0000,-0.0005,0.000,32.38,38.0,1,2065
212480873,-429.902,-429.902,0.0000,-0.0298,0.0000,-0.0005,0.000,32.38,38.0,1,2065
212482195,-429.902,-429.902,0.0000,-0.0816,0.0000,-0.0005,0.000,32.38,38.0,1,2065
212482869,-429.902,-429.902,0.0000,0.0496,0.0000,-0.0005,0.000,32.38,38.0,1,2065
212483871,-429.902,-429.902,0.0000,0.0511,0.0000,-0.0005,0.000,32.38,38.0,1,2065
212484871,-429.902,-429.902,0.0000,-0.1305,0.0000,-0.0005,0.000,32.38,38.0,1,2065
212485871,-429.902,-429.902,0.0000,0.0633,0.0000,-0.0005,0.000,32.38,38.0,1,2065
212487196,-429.902,-429.902,0.0000,0.0038,0.0000,-0.0005,0.000,32.38,38.0,1,2065
212487874,-429.902,-429.902,0.0000,-0.0481,0.0000,-0.0005,0.000,32.38,38.0,1,2065
212488869,-429.902,-429.902,0.0000,-0.1045,0.0000,-0.0005,0.000,32.38,38.0,1,2065
212490188,-429.902,-429.902,0.0000,0.0618,0.0000,-0.0005,0.000,32.38,38.0,1,2065
212490566,-429.902,-429.902,0.0000,0.0740,0.0000,-0.0005,0.000,32.38,38.0,1,2065
212491886,-429.902,-429.902,0.0000,-0.1183,0.0000,-0.0005,0.000,32.38,38.0,1,2065
212492859,-429.902,-429.902,0.0000,-0.0267,0.0000,-0.0005,0.000,32.38,38.0,1,2065
212494183,-429.902,-429.902,0.0000,0.0435,0.0000,-0.0005,0.000,32.38,38.0,1,2065
212494860,-429.902,-429.902,0.0000,0.0023,0.0000,-0.0005,0.000,32.38,38.0,1,2065
212495871,-429.902,-429.902,0.0000,0.0481,0.0000,-0.0005,0.000,32.38,38.0,1,2065
212497192,-429.902,-429.902,0.0000,-0.0710,0.0000,-0.0005,0.000,32.38,38.0,1,2065
212497870,-429.902,-429.902,0.0000,-0.0664,0.0000,-0.0005,0.000,32.38,38.0,1,2065
212498869,-429.902,-429.902,0.0000,-0.0252,0.0000,-0.0005,0.000,32.38,38.0,1,2065
212499872,-429.902,-429.902,0.0000,0.0435,0.0000,-0.0005,0.000,32.38,38.0,1,2065
212500872,-429.902,-429.902,0.0000,-0.0648,0.0000,-0.0005,0.000,32.38,38.0,1,2065
212502186,-429.902,-429.902,0.0000,-0.0481,0.0000,-0.0005,0.000,32.38,38.0,1,2065
212502869,-429.902,-429.902,0.0000,0.0237,0.0000,-0.0005,0.000,32.38,38.0,1,2065
212503968,0.000,0.000,0.0000,-0.0374,0.0000,-0.0005,0.000,32.38,38.0,1,2065
212504893,0.000,0.000,0.0000,-0.0160,0.0000,-0.0005,0.000,32.38,38.0,1,2065
212505858,0.000,0.000,0.0000,0.1091,0.0000,-0.0005,0.000,32.38,38.0,1,2065
212507194,0.000,0.000,0.0000,-0.0893,0.0000,-0.0005,0.000,32.38,38.0,1,2065
212507857,0.000,0.000,0.0000,0.0191,0.0000,-0.0005,0.000,32.38,38.0,1,2065
212508888,0.000,0.000,0.0000,0.0145,0.0000,-0.0005,0.000,32.38,38.0,1,2065
212510184,0.000,0.000,0.0000,0.0465,0.0000,-0.0005,0.000,32.38,38.0,1,2065
212510549,0.000,0.000,0.0000,0.1244,0.0000,-0.0005,0.000,32.38,38.0,1,2065
212511867,0.000,0.000,0.0000,-0.0252,0.0000,-0.0005,0.000,32.38,38.0,1,2065
212512585,0.000,0.000,0.0000,0.0267,0.0000,-0.0005,0.000,32.38,38.0,1,2065
212513874,0.000,0.000,0.0000,-0.0816,0.0000,-0.0005,0.000,32.38,38.0,1,2065
212514525,0.000,0.000,0.0000,-0.0328,0.0000,-0.0005,0.000,32.38,38.0,1,2065
212515547,0.000,0.000,0.0000,0.0435,0.0000,-0.0005,0.000,32.38,38.0,1,2065
212516866,0.000,0.000,0.0000,-0.0313,0.0000,-0.0005,0.000,32.38,38.0,1,2065
212517590,0.000,0.000,0.0000,0.0771,0.0000,-0.0005,0.000,32.38,38.0,1,2065
212518550,0.000,0.000,0.0000,-0.0130,0.0000,-0.0005,0.000,32.38,38.0,1,2065
212519635,0.000,0.000,0.0000,-0.0221,0.0000,-0.0005,0.000,32.38,38.0,1,2065
212520542,0.000,0.000,0.0000,-0.1534,0.0000,-0.0005,0.000,32.38,38.0,1,2065
212521866,0.000,0.000,0.0000,0.0862,0.0000,-0.0005,0.000,32.38,38.0,1,2065
212522543,0.000,0.000,0.0000,0.0267,0.0000,-0.0005,0.000,32.38,38.0,1,2065
212523547,0.000,0.000,0.0000,-0.0313,0.0000,-0.0005,0.000,32.38,38.0,1,2065
212524606,0.000,0.000,0.0000,-0.0175,0.0000,-0.0005,0.000,32.38,38.0,1,2065
212525565,0.000,0.000,0.0000,-0.0511,0.0000,-0.0005,0.000,32.38,38.0,1,2065
212526911,0.000,0.000,0.0000,-0.0175,0.0000,-0.0005,0.000,32.38,38.0,1,2065
212527574,0.000,0.000,0.0000,0.0389,0.0000,-0.0005,0.000,32.38,38.0,1,2065
212528574,0.000,0.000,0.0000,-0.0648,0.0000,-0.0005,0.000,32.38,38.0,1,2065
212529908,0.000,0.000,0.0000,0.0114,0.0000,-0.0005,0.000,32.38,38.0,1,2065
212530560,0.000,0.000,0.0000,-0.0359,0.0000,-0.0005,0.000,32.38,38.0,1,2065
212531861,0.000,0.000,0.0000,-0.0084,0.0000,-0.0005,0.000,32.38,38.0,1,2065
212532543,0.000,0.000,0.0000,0.0938,0.0000,-0.0005,0.000,32.38,38.0,1,2065
212533862,0.000,0.000,0.0000,-0.0252,0.0000,-0.0005,0.000,32.38,38.0,1,2065
212534543,0.000,0.000,0.0000,-0.0618,0.0000,-0.0005,0.000,32.38,38.0,1,2065
212535607,0.000,0.000,0.0000,0.0160,0.0000,-0.0005,0.000,32.38,38.0,1,2065
212536885,0.000,0.000,0.0000,-0.0648,0.0000,-0.0005,0.000,32.38,38.0,1,2065
212537925,0.000,0.000,0.0000,0.0633,0.0000,-0.0005,0.000,32.38,38.0,1,2065
212538872,0.000,0.000,0.0000,0.1198,0.0000,-0.0005,0.000,32.38,38.0,1,2065
212539873,0.000,0.000,0.0000,0.0221,0.0000,-0.0005,0.000,32.38,38.0,1,2065
212540873,0.000,0.000,0.0000,-0.0069,0.0000,-0.0005,0.000,32.38,38.0,1,2065
212542257,0.000,0.000,0.0000,-0.0710,0.0000,-0.0005,0.000,32.38,38.0,1,2065
212542857,0.000,0.000,0.0000,0.0572,0.0000,-0.0005,0.000,32.38,38.0,1,2065
212543856,0.000,0.000,0.0000,-0.0893,0.0000,-0.0005,0.000,32.38,38.0,1,2065
212544855,0.000,0.000,0.0000,0.0389,0.0000,-0.0005,0.000,32.38,38.0,1,2065
212545887,0.000,0.000,0.0000,0.0832,0.0000,-0.0005,0.000,32.38,38.0,1,2065
212547204,0.000,0.000,0.0000,0.0343,0.0000,-0.0005,0.000,32.38,38.0,1,2065
212547875,0.000,0.000,0.0000,-0.0206,0.0000,-0.0005,0.000,32.38,38.0,1,2065
212548871,0.000,0.000,0.0000,0.0160,0.0000,-0.0005,0.000,32.38,38.0,1,2065
212550191,0.000,0.000,0.0000,0.0130,0.0000,-0.0005,0.000,32.38,38.0,1,2065
212550567,0.000,0.000,0.0000,0.0359,0.0000,-0.0005,0.000,32.38,38.0,1,2065
212551881,0.000,0.000,0.0000,-0.0114,0.0000,-0.0005,0.000,32.38,38.0,1,2065
212552875,0.000,0.000,0.0000,0.0664,0.0000,-0.0005,0.000,32.38,38.0,1,2065
212554192,0.000,0.000,0.0000,-0.0908,0.0000,-0.0005,0.000,32.38,38.0,1,2065
212554873,0.000,0.000,0.0000,-0.1091,0.0000,-0.0005,0.000,32.38,38.0,1,2065
212555871,0.000,0.000,0.0000,0.0496,0.0000,-0.0005,0.000,32.38,38.0,1,2065
212557192,0.000,0.000,0.0000,-0.0877,0.0000,-0.0005,0.000,32.38,38.0,1,2065
212557875,0.000,0.000,0.0000,-0.0069,0.0000,-0.0005,0.000,32.38,38.0,1,2065
212558871,0.000,0.000,0.0000,-0.0435,0.0000,-0.0005,0.000,32.38,38.0,1,2065
212559869,0.000,0.000,0.0000,0.0557,0.0000,-0.0005,0.000,32.38,38.0,1,2065
212560871,0.000,0.000,0.0000,0.0404,0.0000,-0.0005,0.000,32.38,38.0,1,2065
212562193,0.000,0.000,0.0000,0.0191,0.0000,-0.0005,0.000,32.38,38.0,1,2065
212562875,0.000,0.000,0.0000,0.0664,0.0000,-0.0005,0.000,32.38,38.0,1,2065
212563869,0.000,0.000,0.0000,0.0069,0.0000,-0.0005,0.000,32.38,38.0,1,2065
212564868,0.000,0.000,0.0000,-0.0587,0.0000,-0.0005,0.000,32.38,38.0,1,2065
212565871,0.000,0.000,0.0000,0.0252,0.0000,-0.0005,0.000,32.38,38.0,1,2065
212567194,0.000,0.000,0.0000,0.0694,0.0000,-0.0005,0.000,32.38,38.0,1,2065
212567861,0.000,0.000,0.0000,-0.0679,0.0000,-0.0005,0.000,32.38,38.0,1,2065
212568856,0.000,0.000,0.0000,-0.0618,0.0000,-0.0005,0.000,32.38,38.0,1,2065
212570174,0.000,0.000,0.0000,-0.1274,0.0000,-0.0005,0.000,32.38,38.0,1,2065
212570542,0.000,0.000,0.0000,-0.0908,0.0000,-0.0005,0.000,32.38,38.0,1,2065
212571878,0.000,0.000,0.0000,0.0954,0.0000,-0.0005,0.000,32.38,38.0,1,2065
212572869,0.000,0.000,0.0000,0.0542,0.0000,-0.0005,0.000,32.38,38.0,1,2065
212574188,0.000,0.000,0.0000,0.0648,0.0000,-0.0005,0.000,32.38,38.0,1,2065
212574870,0.000,0.000,0.0000,-0.0496,0.0000,-0.0005,0.000,32.38,38.0,1,2065
212575871,0.000,0.000,0.0000,0.1122,0.0000,-0.0005,0.000,32.38,38.0,1,2065
212577184,0.000,0.000,0.0000,-0.0557,0.0000,-0.0005,0.000,32.38,38.0,1,2065
212577937,0.000,0.000,0.0000,-0.0145,0.0000,-0.0005,0.000,32.38,38.0,1,2065
212578802,0.000,0.000,0.0000,0.0710,0.0000,-0.0005,0.000,32.38,38.0,1,2065
212579947,0.000,0.000,0.0000,0.0130,0.0000,-0.0005,0.000,32.38,38.0,1,2065
212580857,0.000,0.000,0.0000,-0.0389,0.0000,-0.0005,0.000,32.38,38.0,1,2065
212582186,0.000,0.000,0.0000,0.0298,0.0000,-0.0005,0.000,32.38,38.0,1,2065
212582857,0.000,0.000,0.0000,0.0420,0.0000,-0.0005,0.000,32.38,38.0,1,2065
212583875,0.000,0.000,0.0000,-0.1045,0.0000,-0.0005,0.000,32.38,38.0,1,2065
212584888,0.000,0.000,0.0000,-0.0221,0.0000,-0.0005,0.000,32.38,38.0,1,2065
212585866,0.000,0.000,0.0000,0.0587,0.0000,-0.0005,0.000,32.38,38.0,1,2065
212587188,0.000,0.000,0.0000,-0.1488,0.0000,-0.0005,0.000,32.38,38.0,1,2065
212587872,0.000,0.000,0.0000,0.0923,0.0000,-0.0005,0.000,32.38,38.0,1,2065
212588868,0.000,0.000,0.0000,0.0267,0.0000,-0.0005,0.000,32.38,38.0,1,2065
212590191,0.000,0.000,0.0000,0.0572,0.0000,-0.0005,0.000,32.38,38.0,1,2065
212590566,0.000,0.000,0.0000,0.1076,0.0000,-0.0005,0.000,32.38,38.0,1,2065
212591884,0.000,0.000,0.0000,-0.1167,0.0000,-0.0005,0.000,32.38,38.0,1,2065
212592872,0.000,0.000,0.0000,-0.0038,0.0000,-0.0005,0.000,32.38,38.0,1,2065
212594188,0.000,0.000,0.0000,-0.0710,0.0000,-0.0005,0.000,32.38,38.0,1,2065
212594872,0.000,0.000,0.0000,0.0008,0.0000,-0.0005,0.000,32.38,38.0,1,2065
212595868,0.000,0.000,0.0000,0.0084,0.0000,-0.0005,0.000,32.38,38.0,1,2065
212597189,0.000,0.000,0.0000,0.0954,0.0000,-0.0005,0.000,32.38,38.0,1,2065
212597871,0.000,0.000,0.0000,-0.0557,0.0000,-0.0005,0.000,32.38,38.0,1,2065
212598867,0.000,0.000,0.0000,0.0038,0.0000,-0.0005,0.000,32.38,38.0,1,2065
212599866,0.000,0.000,0.0000,0.1091,0.0000,-0.0005,0.000,32.38,38.0,1,2065
212600866,0.000,0.000,0.0000,-0.0679,0.0000,-0.0005,0.000,32.38,38.0,1,2065
212602194,0.000,0.000,0.0000,0.0603,0.0000,-0.0005,0.000,32.38,38.0,1,2065
212602872,0.000,0.000,0.0000,0.0069,0.0000,-0.0005,0.000,32.38,38.0,1,2065
212603866,0.000,0.000,0.0000,0.0679,0.0000,-0.0005,0.000,32.38,38.0,1,2065
212604870,0.000,0.000,0.0000,-0.0648,0.0000,-0.0005,0.000,32.38,38.0,1,2065
212605865,0.000,0.000,0.0000,0.0206,0.0000,-0.0005,0.000,32.38,38.0,1,2065
212607182,0.000,0.000,0.0000,-0.0694,0.0000,-0.0005,0.000,32.38,38.0,1,2065
212607854,0.000,0.000,0.0000,-0.0038,0.0000,-0.0005,0.000,32.38,38.0,1,2065
212608860,0.000,0.000,0.0000,-0.0099,0.0000,-0.0005,0.000,32.38,38.0,1,2065
212610185,0.000,0.000,0.0000,-0.0328,0.0000,-0.0005,0.000,32.38,38.0,1,2065
212610563,0.000,0.000,0.0000,-0.0465,0.0000,-0.0005,0.000,32.38,38.0,1,2065
212611878,0.000,0.000,0.0000,0.0313,0.0000,-0.0005,0.000,32.38,38.0,1,2065
212612868,0.000,0.000,0.0000,0.0175,0.0000,-0.0005,0.000,32.38,38.0,1,2065
212614191,0.000,0.000,0.0000,0.0053,0.0000,-0.0005,0.000,32.38,38.0,1,2065
212614853,0.000,0.000,0.0000,-0.0496,0.0000,-0.0005,0.000,32.38,38.0,1,2065
212615968,0.000,0.000,0.0000,0.0175,0.0000,-0.0005,0.000,32.38,38.0,1,2065
212617211,0.000,0.000,0.0000,-0.1167,0.0000,-0.0005,0.000,32.41,38.0,1,2065
212617853,0.000,0.000,0.0000,0.0816,0.0000,-0.0005,0.000,32.41,38.0,1,2065
212618859,0.000,0.000,0.0000,0.0267,0.0000,-0.0005,0.000,32.41,38.0,1,2065
212619854,0.000,0.000,0.0000,-0.0435,0.0000,-0.0005,0.000,32.41,38.0,1,2065
212620890,0.000,0.000,0.0000,0.1823,0.0000,-0.0005,0.000,32.41,38.0,1,2065
212622181,0.000,0.000,0.0000,0.0206,0.0000,-0.0005,0.000,32.41,38.0,1,2065
212622854,0.000,0.000,0.0000,-0.0435,0.0000,-0.0005,0.000,32.41,38.0,1,2065
212623856,0.000,0.000,0.0000,-0.0191,0.0000,-0.0005,0.000,32.41,38.0,1,2065
212624889,0.000,0.000,0.0000,-0.0481,0.0000,-0.0005,0.000,32.41,38.0,1,2065
212625854,0.000,0.000,0.0000,-0.0893,0.0000,-0.0005,0.000,32.41,38.0,1,2065
212627261,0.000,0.000,0.0000,-0.0755,0.0000,-0.0005,0.000,32.41,38.0,1,2065
212627852,0.000,0.000,0.0000,-0.0908,0.0000,-0.0005,0.000,32.41,38.0,1,2065
212628938,0.000,0.000,0.0000,0.0542,0.0000,-0.0005,0.000,32.41,38.0,1,2065
212630215,0.000,0.000,0.0000,0.0008,0.0000,-0.0005,0.000,32.41,38.0,1,2065
212630853,0.000,0.000,0.0000,-0.0557,0.0000,-0.0005,0.000,32.41,38.0,1,2065
212632188,0.000,0.000,0.0000,0.0267,0.0000,-0.0005,0.000,32.41,38.0,1,2065
212632855,0.000,0.000,0.0000,0.1122,0.0000,-0.0005,0.000,32.41,38.0,1,2065
212634252,0.000,0.000,0.0000,0.0130,0.0000,-0.0005,0.000,32.41,38.0,1,2065
212634867,0.000,0.000,0.0000,-0.0435,0.0000,-0.0005,0.000,32.41,38.0,1,2065
212635865,0.000,0.000,0.0000,-0.1289,0.0000,-0.0005,0.000,32.41,38.0,1,2065
212637193,0.000,0.000,0.0000,-0.0664,0.0000,-0.0005,0.000,32.41,38.0,1,2065
212637869,0.000,0.000,0.0000,-0.0359,0.0000,-0.0005,0.000,32.41,38.0,1,2065
212638867,0.000,0.000,0.0000,-0.0420,0.0000,-0.0005,0.000,32.41,38.0,1,2065
212639864,0.000,0.000,0.0000,-0.0923,0.0000,-0.0005,0.000,32.41,38.0,1,2065
212640864,0.000,0.000,0.0000,0.0862,0.0000,-0.0005,0.000,32.41,38.0,1,2065
212642191,0.000,0.000,0.0000,-0.0450,0.0000,-0.0005,0.000,32.41,38.0,1,2065
212642869,0.000,0.000,0.0000,0.0237,0.0000,-0.0005,0.000,32.41,38.0,1,2065
212643865,0.000,0.000,0.0000,0.0877,0.0000,-0.0005,0.000,32.41,38.0,1,2065
212644866,0.000,0.000,0.0000,0.0435,0.0000,-0.0005,0.000,32.41,38.0,1,2065
212645867,0.000,0.000,0.0000,-0.0984,0.0000,-0.0005,0.000,32.41,38.0,1,2065
212647193,0.000,0.000,0.0000,0.0145,0.0000,-0.0005,0.000,32.41,38.0,1,2065
212647869,0.000,0.000,0.0000,0.0725,0.0000,-0.0005,0.000,32.41,38.0,1,2065
212648865,0.000,0.000,0.0000,-0.0069,0.0000,-0.0005,0.000,32.41,38.0,1,2065
212650184,0.000,0.000,0.0000,-0.0023,0.0000,-0.0005,0.000,32.41,38.0,1,2065
212650565,0.000,0.000,0.0000,0.0374,0.0000,-0.0005,0.000,32.41,38.0,1,2065
212651883,0.000,0.000,0.0000,-0.0114,0.0000,-0.0005,0.000,32.41,38.0,1,2065
212652867,0.000,0.000,0.0000,-0.1289,0.0000,-0.0005,0.000,32.41,38.0,1,2065
212654191,0.000,0.000,0.0000,-0.0816,0.0000,-0.0005,0.000,32.41,38.0,1,2065
212654867,0.000,0.000,0.0000,0.1320,0.0000,-0.0005,0.000,32.41,38.0,1,2065
212655868,0.000,0.000,0.0000,0.0023,0.0000,-0.0005,0.000,32.41,38.0,1,2065
212657184,0.000,0.000,0.0000,-0.0389,0.0000,-0.0005,0.000,32.41,38.0,1,2065
212657854,0.000,0.000,0.0000,0.0130,0.0000,-0.0005,0.000,32.41,38.0,1,2065
212658854,0.000,0.000,0.0000,-0.0145,0.0000,-0.0005,0.000,32.41,38.0,1,2065
212659862,0.000,0.000,0.0000,-0.0816,0.0000,-0.0005,0.000,32.41,38.0,1,2065
212660866,0.000,0.000,0.0000,0.1152,0.0000,-0.0005,0.000,32.41,38.0,1,2065
212662188,0.000,0.000,0.0000,0.1045,0.0000,-0.0005,0.000,32.41,38.0,1,2065
212662867,0.000,0.000,0.0000,-0.0572,0.0000,-0.0005,0.000,32.41,38.0,1,2065
212663723,0.000,0.000,0.0000,-0.0511,0.0000,-0.0005,0.000,32.41,38.0,1,2065
212664854,0.000,0.000,0.0000,-0.0374,0.0000,-0.0005,0.000,32.41,38.0,1,2065
212665875,0.000,0.000,0.0000,0.1106,0.0000,-0.0005,0.000,32.41,38.0,1,2065
212667203,0.000,0.000,0.0000,-0.0923,0.0000,-0.0005,0.000,32.41,38.0,1,2065
212667850,0.000,0.000,0.0000,0.0893,0.0000,-0.0005,0.000,32.41,38.0,1,2065
212668856,0.000,0.000,0.0000,-0.0099,0.0000,-0.0005,0.000,32.41,38.0,1,2065
212670174,0.000,0.000,0.0000,0.1183,0.0000,-0.0005,0.000,32.41,38.0,1,2065
212670438,0.000,0.000,0.0000,-0.0313,0.0000,-0.0005,0.000,32.41,38.0,1,2065
212671888,0.000,0.000,0.0000,-0.0710,0.0000,-0.0005,0.000,32.41,38.0,1,2065
212672851,0.000,0.000,0.0000,0.1015,0.0000,-0.0005,0.000,32.41,38.0,1,2065
212674177,0.000,0.000,0.0000,-0.0084,0.0000,-0.0005,0.000,32.41,38.0,1,2065
212674850,0.000,0.000,0.0000,0.0206,0.0000,-0.0005,0.000,32.41,38.0,1,2065
212675893,0.000,0.000,0.0000,0.0114,0.0000,-0.0005,0.000,32.41,38.0,1,2065
212677177,0.000,0.000,0.0000,-0.0526,0.0000,-0.0005,0.000,32.41,38.0,1,2065
212677924,0.000,0.000,0.0000,-0.0053,0.0000,-0.0005,0.000,32.41,38.0,1,2065
212678934,0.000,0.000,0.0000,0.0237,0.0000,-0.0005,0.000,32.41,38.0,1,2065
212679937,0.000,0.000,0.0000,-0.0237,0.0000,-0.0005,0.000,32.41,38.0,1,2065
212680857,0.000,0.000,0.0000,-0.0420,0.0000,-0.0005,0.000,32.41,38.0,1,2065
212682179,0.000,0.000,0.0000,-0.0298,0.0000,-0.0005,0.000,32.41,38.0,1,2065
212682852,0.000,0.000,0.0000,0.0343,0.0000,-0.0005,0.000,32.41,38.0,1,2065
212683925,0.000,0.000,0.0000,-0.1060,0.0000,-0.0005,0.000,32.41,38.0,1,2065
212684868,0.000,0.000,0.0000,-0.0175,0.0000,-0.0005,0.000,32.41,38.0,1,2065
212685865,0.000,0.000,0.0000,-0.0740,0.0000,-0.0005,0.000,32.41,38.0,1,2065
212687191,0.000,0.000,0.0000,0.0343,0.0000,-0.0005,0.000,32.41,38.0,1,2065
212687872,0.000,0.000,0.0000,0.0099,0.0000,-0.0005,0.000,32.41,38.0,1,2065
212688867,0.000,0.000,0.0000,0.0465,0.0000,-0.0005,0.000,32.41,38.0,1,2065
212690190,0.000,0.000,0.0000,-0.0282,0.0000,-0.0005,0.000,32.41,38.0,1,2065
212690565,0.000,0.000,0.0000,0.0465,0.0000,-0.0005,0.000,32.41,38.0,1,2065
212691883,0.000,0.000,0.0000,0.0221,0.0000,-0.0005,0.000,32.41,38.0,1,2065
212692871,0.000,0.000,0.0000,0.0252,0.0000,-0.0005,0.000,32.41,38.0,1,2065
212694192,0.000,0.000,0.0000,-0.0328,0.0000,-0.0005,0.000,32.41,38.0,1,2065
212694871,0.000,0.000,0.0000,-0.0404,0.0000,-0.0005,0.000,32.41,38.0,1,2065
212695867,0.000,0.000,0.0000,-0.0206,0.0000,-0.0005,0.000,32.41,38.0,1,2065
212697188,0.000,0.000,0.0000,0.0359,0.0000,-0.0005,0.000,32.41,38.0,1,2065
212697871,0.000,0.000,0.0000,-0.0755,0.0000,-0.0005,0.000,32.41,38.0,1,2065
212698864,0.000,0.000,0.0000,0.0557,0.0000,-0.0005,0.000,32.41,38.0,1,2065
212699867,0.000,0.000,0.0000,-0.0252,0.0000,-0.0005,0.000,32.41,38.0,1,2065
212700867,0.000,0.000,0.0000,0.0603,0.0000,-0.0005,0.000,32.41,38.0,1,2065
212702189,0.000,0.000,0.0000,-0.0648,0.0000,-0.0005,0.000,32.41,38.0,1,2065
212702874,0.000,0.000,0.0000,-0.0130,0.0000,-0.0005,0.000,32.41,38.0,1,2065
212703866,0.000,0.000,0.0000,-0.0099,0.0000,-0.0005,0.000,32.41,38.0,1,2065
212704865,0.000,0.000,0.0000,0.0435,0.0000,-0.0005,0.000,32.41,38.0,1,2065
212705854,0.000,0.000,0.0000,-0.0191,0.0000,-0.0005,0.000,32.41,38.0,1,2065
212707179,0.000,0.000,0.0000,-0.0328,0.0000,-0.0005,0.000,32.41,38.0,1,2065
212707852,0.000,0.000,0.0000,-0.0328,0.0000,-0.0005,0.000,32.41,38.0,1,2065
212708864,0.000,0.000,0.0000,-0.0847,0.0000,-0.0005,0.000,32.41,38.0,1,2065
212710184,0.000,0.000,0.0000,0.0893,0.0000,-0.0005,0.000,32.41,38.0,1,2065
212710564,0.000,0.000,0.0000,0.0374,0.0000,-0.0005,0.000,32.41,38.0,1,2065
212711879,0.000,0.000,0.0000,-0.0526,0.0000,-0.0005,0.000,32.41,38.0,1,2065
212712875,0.000,0.000,0.0000,-0.0145,0.0000,-0.0005,0.000,32.41,38.0,1,2065
212714182,0.000,0.000,0.0000,-0.1305,0.0000,-0.0005,0.000,32.41,38.0,1,2065
212714932,0.000,0.000,0.0000,-0.0160,0.0000,-0.0005,0.000,32.41,38.0,1,2065
212715797,0.000,0.000,0.0000,0.0298,0.0000,-0.0005,0.000,32.41,38.0,1,2065
212717202,0.000,0.000,0.0000,0.0038,0.0000,-0.0005,0.000,32.41,38.0,1,2065
212717851,0.000,0.000,0.0000,0.0328,0.0000,-0.0005,0.000,32.41,38.0,1,2065
212718858,0.000,0.000,0.0000,-0.0298,0.0000,-0.0005,0.000,32.41,38.0,1,2065
212719852,0.000,0.000,0.0000,0.0206,0.0000,-0.0005,0.000,32.41,38.0,1,2065
212720890,0.000,0.000,0.0000,0.0359,0.0000,-0.0005,0.000,32.41,38.0,1,2065
212722181,0.000,0.000,0.0000,0.0404,0.0000,-0.0005,0.000,32.41,38.0,1,2065
212722853,0.000,0.000,0.0000,-0.0648,0.0000,-0.0005,0.000,32.41,38.0,1,2065
212723852,0.000,0.000,0.0000,0.0053,0.0000,-0.0005,0.000,32.41,38.0,1,2065
212724888,0.000,0.000,0.0000,0.0206,0.0000,-0.0005,0.000,32.41,38.0,1,2065
212725851,0.000,0.000,0.0000,-0.0175,0.0000,-0.0005,0.000,32.41,38.0,1,2065
212727254,0.000,0.000,0.0000,0.0084,0.0000,-0.0005,0.000,32.41,38.0,1,2065
212727850,0.000,0.000,0.0000,-0.0771,0.0000,-0.0005,0.000,32.41,38.0,1,2065
212728939,0.000,0.000,0.0000,0.0328,0.0000,-0.0005,0.000,32.41,38.0,1,2065
212730242,0.000,0.000,0.0000,0.0755,0.0000,-0.0005,0.000,32.41,38.0,1,2065
212730543,0.000,0.000,0.0000,0.0450,0.0000,-0.0005,0.000,32.41,38.0,1,2065
212731866,0.000,0.000,0.0000,-0.0313,0.0000,-0.0005,0.000,32.41,38.0,1,2065
212732576,0.000,0.000,0.0000,-0.0221,0.0000,-0.0005,0.000,32.41,38.0,1,2065
212733910,0.000,0.000,0.0000,0.0099,0.0000,-0.0005,0.000,32.41,38.0,1,2065
212734568,0.000,0.000,0.0000,0.0542,0.0000,-0.0005,0.000,32.41,38.0,1,2065
212735568,0.000,0.000,0.0000,0.0526,0.0000,-0.0005,0.000,32.41,38.0,1,2065
212736881,0.000,0.000,0.0000,0.0298,0.0000,-0.0005,0.000,32.41,38.0,1,2065
212737871,0.000,0.000,0.0000,-0.0145,0.0000,-0.0005,0.000,32.41,38.0,1,2065
212738868,0.000,0.000,0.0000,0.0221,0.0000,-0.0005,0.000,32.41,38.0,1,2065
212739868,0.000,0.000,0.0000,-0.0801,0.0000,-0.0005,0.000,32.41,38.0,1,2065
212740867,0.000,0.000,0.0000,-0.0481,0.0000,-0.0005,0.000,32.41,38.0,1,2065
212742193,0.000,0.000,0.0000,-0.0557,0.0000,-0.0005,0.000,32.41,38.0,1,2065
212742871,0.000,0.000,0.0000,0.0206,0.0000,-0.0005,0.000,32.41,38.0,1,2065
212743868,0.000,0.000,0.0000,0.0755,0.0000,-0.0005,0.000,32.41,38.0,1,2065
212744868,0.000,0.000,0.0000,0.0404,0.0000,-0.0005,0.000,32.41,38.0,1,2065
212745870,0.000,0.000,0.0000,0.0343,0.0000,-0.0005,0.000,32.41,38.0,1,2065
212747190,0.000,0.000,0.0000,0.0237,0.0000,-0.0005,0.000,32.41,38.0,1,2065
212747871,0.000,0.000,0.0000,0.0389,0.0000,-0.0005,0.000,32.41,38.0,1,2065
212748865,0.000,0.000,0.0000,-0.0374,0.0000,-0.0005,0.000,32.41,38.0,1,2065
212750188,0.000,0.000,0.0000,0.0267,0.0000,-0.0005,0.000,32.41,38.0,1,2065
212750565,0.000,0.000,0.0000,0.0755,0.0000,-0.0005,0.000,32.41,38.0,1,2065
212751885,0.000,0.000,0.0000,-0.1305,0.0000,-0.0005,0.000,32.41,38.0,1,2065
212752852,0.000,0.000,0.0000,-0.0237,0.0000,-0.0005,0.000,32.41,38.0,1,2065
212754174,0.000,0.000,0.0000,-0.0298,0.0000,-0.0005,0.000,32.41,38.0,1,2065
212754849,0.000,0.000,0.0000,-0.0145,0.0000,-0.0005,0.000,32.41,38.0,1,2065
212755864,0.000,0.000,0.0000,-0.0435,0.0000,-0.0005,0.000,32.41,38.0,1,2065
212757193,0.000,0.000,0.0000,0.0282,0.0000,-0.0005,0.000,32.41,38.0,1,2065
212757870,0.000,0.000,0.0000,-0.0099,0.0000,-0.0005,0.000,32.41,38.0,1,2065
212758864,0.000,0.000,0.0000,0.0694,0.0000,-0.0005,0.000,32.41,38.0,1,2065
212759870,0.000,0.000,0.0000,0.0343,0.0000,-0.0005,0.000,32.41,38.0,1,2065
212760852,0.000,0.000,0.0000,-0.1137,0.0000,-0.0005,0.000,32.41,38.0,1,2065
212762217,0.000,0.000,0.0000,0.1030,0.0000,-0.0005,0.000,32.41,38.0,1,2065
212762761,0.000,0.000,0.0000,-0.0465,0.0000,-0.0005,0.000,32.41,38.0,1,2065
212763870,0.000,0.000,0.0000,0.0038,0.0000,-0.0005,0.000,32.41,38.0,1,2065
212764852,0.000,0.000,0.0000,0.0343,0.0000,-0.0005,0.000,32.41,38.0,1,2065
212765857,0.000,0.000,0.0000,-0.0130,0.0000,-0.0005,0.000,32.41,38.0,1,2065
212767180,0.000,0.000,0.0000,-0.1076,0.0000,-0.0005,0.000,32.41,38.0,1,2065
212767756,0.000,0.000,0.0000,0.0542,0.0000,-0.0005,0.000,32.41,38.0,1,2065
212768877,0.000,0.000,0.0000,-0.0191,0.0000,-0.0005,0.000,32.41,38.0,1,2065
212770173,0.000,0.000,0.0000,-0.0023,0.0000,-0.0005,0.000,32.41,38.0,1,2065
212770550,0.000,0.000,0.0000,0.0496,0.0000,-0.0005,0.000,32.41,38.0,1,2065
212771865,0.000,0.000,0.0000,0.0938,0.0000,-0.0005,0.000,32.41,38.0,1,2065
212772832,0.000,0.000,0.0000,0.0252,0.0000,-0.0005,0.000,32.41,38.0,1,2065
212774211,0.000,0.000,0.0000,0.0084,0.0000,-0.0005,0.000,32.41,38.0,1,2065
212774851,0.000,0.000,0.0000,-0.0481,0.0000,-0.0005,0.000,32.41,38.0,1,2065
212775856,0.000,0.000,0.0000,0.0359,0.0000,-0.0005,0.000,32.41,38.0,1,2065
212777174,0.000,0.000,0.0000,0.0465,0.0000,-0.0005,0.000,32.41,38.0,1,2065
212777763,0.000,0.000,0.0000,0.0984,0.0000,-0.0005,0.000,32.41,38.0,1,2065
212778871,0.000,0.000,0.0000,-0.0755,0.0000,-0.0005,0.000,32.41,38.0,1,2065
212779850,0.000,0.000,0.0000,0.0038,0.0000,-0.0005,0.000,32.41,38.0,1,2065
212780946,0.000,0.000,0.0000,-0.0038,0.0000,-0.0005,0.000,32.41,38.0,1,2065
212782178,0.000,0.000,0.0000,0.0526,0.0000,-0.0005,0.000,32.41,38.0,1,2065
212782848,0.000,0.000,0.0000,0.1457,0.0000,-0.0005,0.000,32.41,38.0,1,2065
212783851,0.000,0.000,0.0000,-0.0420,0.0000,-0.0005,0.000,32.41,38.0,1,2065
212784928,0.000,0.000,0.0000,-0.0404,0.0000,-0.0005,0.000,32.41,38.0,1,2065
212785871,0.000,0.000,0.0000,0.0130,0.0000,-0.0005,0.000,32.41,38.0,1,2065
212787191,0.000,0.000,0.0000,0.0862,0.0000,-0.0005,0.000,32.41,38.0,1,2065
212787861,0.000,0.000,0.0000,-0.1076,0.0000,-0.0005,0.000,32.41,38.0,1,2065
212788866,0.000,0.000,0.0000,-0.0984,0.0000,-0.0005,0.000,32.41,38.0,1,2065
212790190,0.000,0.000,0.0000,0.0557,0.0000,-0.0005,0.000,32.41,38.0,1,2065
212790566,0.000,0.000,0.0000,-0.0465,0.0000,-0.0005,0.000,32.41,38.0,1,2065
212791884,0.000,0.000,0.0000,-0.0542,0.0000,-0.0005,0.000,32.41,38.0,1,2065
212792870,0.000,0.000,0.0000,0.0282,0.0000,-0.0005,0.000,32.41,38.0,1,2065
212794194,0.000,0.000,0.0000,0.0481,0.0000,-0.0005,0.000,32.41,38.0,1,2065
212794872,0.000,0.000,0.0000,-0.0114,0.0000,-0.0005,0.000,32.41,38.0,1,2065
212795869,0.000,0.000,0.0000,0.0298,0.0000,-0.0005,0.000,32.41,38.0,1,2065
212797189,0.000,0.000,0.0000,-0.0694,0.0000,-0.0005,0.000,32.41,38.0,1,2065
212797862,0.000,0.000,0.0000,-0.0084,0.0000,-0.0005,0.000,32.41,38.0,1,2065
212798869,0.000,0.000,0.0000,0.0328,0.0000,-0.0005,0.000,32.41,38.0,1,2065
212799869,0.000,0.000,0.0000,0.0313,0.0000,-0.0005,0.000,32.41,38.0,1,2065
212800866,0.000,0.000,0.0000,0.1015,0.0000,-0.0005,0.000,32.41,38.0,1,2065
212802191,0.000,0.000,0.0000,-0.1366,0.0000,-0.0005,0.000,32.41,38.0,1,2065
212802873,0.000,0.000,0.0000,-0.0038,0.0000,-0.0005,0.000,32.41,38.0,1,2065
212803869,0.000,0.000,0.0000,-0.0526,0.0000,-0.0005,0.000,32.41,38.0,1,2065
212804869,0.000,0.000,0.0000,-0.0038,0.0000,-0.0005,0.000,32.41,38.0,1,2065
212805865,0.000,0.000,0.0000,-0.0862,0.0000,-0.0005,0.000,32.41,38.0,1,2065
212807178,0.000,0.000,0.0000,0.0130,0.0000,-0.0005,0.000,32.41,38.0,1,2065
212807845,0.000,0.000,0.0000,0.0786,0.0000,-0.0005,0.000,32.41,38.0,1,2065
212808847,0.000,0.000,0.0000,-0.1656,0.0000,-0.0005,0.000,32.41,38.0,1,2065
212810189,0.000,0.000,0.0000,0.0267,0.0000,-0.0005,0.000,32.41,38.0,1,2065
212810565,0.000,0.000,0.0000,-0.0908,0.0000,-0.0005,0.000,32.41,38.0,1,2065
212811879,0.000,0.000,0.0000,0.0969,0.0000,-0.0005,0.000,32.41,38.0,1,2065
212812866,0.000,0.000,0.0000,-0.0786,0.0000,-0.0005,0.000,32.41,38.0,1,2065
212814195,0.000,0.000,0.0000,0.1640,0.0000,-0.0005,0.000,32.41,38.0,1,2065
212814850,0.000,0.000,0.0000,-0.0069,0.0000,-0.0005,0.000,32.41,38.0,1,2065
212815901,0.000,0.000,0.0000,-0.0053,0.0000,-0.0005,0.000,32.41,38.0,1,2065
212817203,0.000,0.000,0.0000,-0.0435,0.0000,-0.0005,0.000,32.41,38.0,1,2065
212817849,0.000,0.000,0.0000,0.0603,0.0000,-0.0005,0.000,32.41,38.0,1,2065
212818853,0.000,0.000,0.0000,-0.0023,0.0000,-0.0005,0.000,32.41,38.0,1,2065
212819848,0.000,0.000,0.0000,0.0648,0.0000,-0.0005,0.000,32.41,38.0,1,2065
212820890,0.000,0.000,0.0000,-0.1137,0.0000,-0.0005,0.000,32.41,38.0,1,2065
212822179,0.000,0.000,0.0000,-0.0221,0.0000,-0.0005,0.000,32.41,38.0,1,2065
212822855,0.000,0.000,0.0000,0.0282,0.0000,-0.0005,0.000,32.41,38.0,1,2065
212823847,0.000,0.000,0.0000,0.0694,0.0000,-0.0005,0.000,32.41,38.0,1,2065
212824887,0.000,0.000,0.0000,-0.0099,0.0000,-0.0005,0.000,32.41,38.0,1,2065
212825850,0.000,0.000,0.0000,0.0832,0.0000,-0.0005,0.000,32.41,38.0,1,2065
212827252,0.000,0.000,0.0000,0.0587,0.0000,-0.0005,0.000,32.41,38.0,1,2065
212827850,0.000,0.000,0.0000,0.0496,0.0000,-0.0005,0.000,32.41,38.0,1,2065
212828890,0.000,0.000,0.0000,0.0465,0.0000,-0.0005,0.000,32.41,38.0,1,2065
212830170,0.000,0.000,0.0000,-0.0099,0.0000,-0.0005,0.000,32.41,38.0,1,2065
212830617,0.000,0.000,0.0000,0.0221,0.0000,-0.0005,0.000,32.41,38.0,1,2065
212831923,0.000,0.000,0.0000,0.0740,0.0000,-0.0005,0.000,32.41,38.0,1,2065
212832547,0.000,0.000,0.0000,0.0084,0.0000,-0.0005,0.000,32.41,38.0,1,2065
212833882,0.000,0.000,0.0000,-0.0984,0.0000,-0.0005,0.000,32.41,38.0,1,2065
212834918,0.000,0.000,0.0000,0.0038,0.0000,-0.0005,0.000,32.41,38.0,1,2065
212835870,0.000,0.000,0.0000,-0.0130,0.0000,-0.0005,0.000,32.41,38.0,1,2065
212837189,0.000,0.000,0.0000,0.0069,0.0000,-0.0005,0.000,32.41,38.0,1,2065
212837873,0.000,0.000,0.0000,0.0191,0.0000,-0.0005,0.000,32.41,38.0,1,2065
212838868,0.000,0.000,0.0000,-0.0313,0.0000,-0.0005,0.000,32.41,38.0,1,2065
212839870,0.000,0.000,0.0000,-0.0221,0.0000,-0.0005,0.000,32.41,38.0,1,2065
212840867,0.000,0.000,0.0000,-0.0679,0.0000,-0.0005,0.000,32.41,38.0,1,2065
212842196,0.000,-0.022,0.0000,-0.1091,0.0000,-0.0005,0.000,32.41,38.0,1,2065
212842873,-0.022,0.000,0.0000,0.1320,0.0000,-0.0005,0.000,32.41,38.0,1,2065
212843867,0.000,0.000,0.0000,-0.0771,0.0000,-0.0005,0.000,32.41,38.0,1,2065
212844868,0.000,0.000,0.0000,0.0618,0.0000,-0.0005,0.000,32.41,38.0,1,2065
212845868,0.000,0.000,0.0000,-0.0435,0.0000,-0.0005,0.000,32.41,38.0,1,2065
212847195,0.000,0.000,0.0000,-0.0145,0.0000,-0.0005,0.000,32.41,38.0,1,2065
212847863,0.000,0.000,0.0000,0.0633,0.0000,-0.0005,0.000,32.41,38.0,1,2065
212848868,0.000,0.000,0.0000,-0.0435,0.0000,-0.0005,0.000,32.41,38.0,1,2065
212850193,0.000,0.000,0.0000,0.0328,0.0000,-0.0005,0.000,32.41,38.0,1,2065
212850567,0.000,0.000,0.0000,-0.0130,0.0000,-0.0005,0.000,32.41,38.0,1,2065
212851882,0.000,0.000,0.0000,0.0343,0.0000,-0.0005,0.000,32.41,38.0,1,2065
212852871,0.000,0.000,0.0000,0.0282,0.0000,-0.0005,0.000,32.41,38.0,1,2065
212854194,0.000,0.000,0.0000,0.0099,0.0000,-0.0005,0.000,32.41,38.0,1,2065
212854869,0.000,0.000,0.0000,-0.0114,0.0000,-0.0005,0.000,32.41,38.0,1,2065
212855850,0.000,0.000,0.0000,0.0786,0.0000,-0.0005,0.000,32.41,38.0,1,2065
212857176,0.000,0.000,0.0000,0.0343,0.0000,-0.0005,0.000,32.41,38.0,1,2065
212857844,0.000,0.000,0.0000,-0.0313,0.0000,-0.0005,0.000,32.41,38.0,1,2065
212858854,0.000,0.000,0.0000,0.0511,0.0000,-0.0005,0.000,32.41,38.0,1,2065
212859872,0.000,0.000,0.0000,-0.0481,0.0000,-0.0005,0.000,32.41,38.0,1,2065
212860865,0.000,0.000,0.0000,-0.1183,0.0000,-0.0005,0.000,32.41,38.0,1,2065
212862190,0.000,0.000,0.0000,0.0420,0.0000,-0.0005,0.000,32.41,38.0,1,2065
212862870,0.000,0.000,0.0000,-0.1228,0.0000,-0.0005,0.000,32.41,38.0,1,2065
212863868,0.000,0.000,0.0000,0.0084,0.0000,-0.0005,0.000,32.41,38.0,1,2065
212864849,0.000,0.000,0.0000,-0.0343,0.0000,-0.0005,0.000,32.41,38.0,1,2065
212865862,0.000,0.000,0.0000,0.0679,0.0000,-0.0005,0.000,32.41,38.0,1,2065
212867201,0.000,0.000,0.0000,0.0481,0.0000,-0.0005,0.000,32.41,38.0,1,2065
212867849,0.000,0.000,0.0000,0.0465,0.0000,-0.0005,0.000,32.41,38.0,1,2065
212868851,0.000,0.000,0.0000,-0.1015,0.0000,-0.0005,0.000,32.41,38.0,1,2065
212870168,0.000,0.000,0.0000,-0.0496,0.0000,-0.0005,0.000,32.41,38.0,1,2065
212870435,0.000,0.000,0.0000,0.1335,0.0000,-0.0005,0.000,32.41,38.0,1,2065
212871886,0.000,0.000,0.0000,-0.0847,0.0000,-0.0005,0.000,32.41,38.0,1,2065
212872849,0.000,0.000,0.0000,0.0328,0.0000,-0.0005,0.000,32.41,38.0,1,2065
212874174,0.000,0.000,0.0000,-0.1244,0.0000,-0.0005,0.000,32.41,38.0,1,2065
212874847,0.000,0.000,0.0000,-0.0725,0.0000,-0.0005,0.000,32.41,38.0,1,2065
212875890,0.000,0.000,0.0000,0.0404,0.0000,-0.0005,0.000,32.41,38.0,1,2065
212877176,0.000,0.000,0.0000,-0.0206,0.0000,-0.0005,0.000,32.41,38.0,1,2065
212877917,0.000,0.000,0.0000,0.0267,0.0000,-0.0005,0.000,32.41,38.0,1,2065
212878927,0.000,0.000,0.0000,-0.0908,0.0000,-0.0005,0.000,32.41,38.0,1,2065
212879846,0.000,0.000,0.0000,-0.1091,0.0000,-0.0005,0.000,32.41,38.0,1,2065
212880852,0.000,0.000,0.0000,0.0511,0.0000,-0.0005,0.000,32.41,38.0,1,2065
212882176,0.000,0.000,0.0000,-0.0282,0.0000,-0.0005,0.000,32.41,38.0,1,2065
212882727,0.000,0.000,0.0000,0.0313,0.0000,-0.0005,0.000,32.41,38.0,1,2065
212883943,0.000,0.000,0.0000,-0.0130,0.0000,-0.0005,0.000,32.41,38.0,1,2065
212884847,0.000,0.000,0.0000,-0.0450,0.0000,-0.0005,0.000,32.41,38.0,1,2065
212885845,0.000,0.000,0.0000,0.0343,0.0000,-0.0005,0.000,32.41,38.0,1,2065
212887191,0.000,0.000,0.0000,0.0313,0.0000,-0.0005,0.000,32.38,38.0,1,2065
212887919,0.000,0.000,0.0000,-0.0023,0.0000,-0.0005,0.000,32.38,38.0,1,2065
212888869,0.000,0.000,0.0000,0.0603,0.0000,-0.0005,0.000,32.38,38.0,1,2065
212890191,0.000,0.000,0.0000,0.0069,0.0000,-0.0005,0.000,32.38,38.0,1,2065
212890567,0.000,0.000,0.0000,-0.0526,0.0000,-0.0005,0.000,32.38,38.0,1,2065
212891885,0.000,0.000,0.0000,0.0221,0.0000,-0.0005,0.000,32.38,38.0,1,2065
212892871,0.000,0.000,0.0000,0.0221,0.0000,-0.0005,0.000,32.38,38.0,1,2065
212894201,0.000,0.000,0.0000,0.0633,0.0000,-0.0005,0.000,32.38,38.0,1,2065
212894899,0.000,0.000,0.0000,-0.0252,0.0000,-0.0005,0.000,32.38,38.0,1,2065
212895867,0.000,0.000,0.0000,-0.0557,0.0000,-0.0005,0.000,32.38,38.0,1,2065
212897190,0.000,0.000,0.0000,0.0267,0.0000,-0.0005,0.000,32.38,38.0,1,2065
212897863,0.000,0.000,0.0000,0.0130,0.0000,-0.0005,0.000,32.38,38.0,1,2065
212898867,0.000,0.000,0.0000,-0.0313,0.0000,-0.0005,0.000,32.38,38.0,1,2065
212899868,0.000,0.000,0.0000,-0.0175,0.0000,-0.0005,0.000,32.38,38.0,1,2065
212900870,0.000,0.000,0.0000,0.0191,0.0000,-0.0005,0.000,32.38,38.0,1,2065
212902188,0.000,0.000,0.0000,0.0725,0.0000,-0.0005,0.000,32.38,38.0,1,2065
212902897,0.000,0.000,0.0000,-0.0313,0.0000,-0.0005,0.000,32.38,38.0,1,2065
212903868,0.000,0.000,0.0000,-0.0786,0.0000,-0.0005,0.000,32.38,38.0,1,2065
212904867,0.000,0.000,0.0000,0.1335,0.0000,-0.0005,0.000,32.38,38.0,1,2065
212905870,0.000,0.000,0.0000,0.0191,0.0000,-0.0005,0.000,32.38,38.0,1,2065
212907190,0.000,0.000,0.0000,-0.0450,0.0000,-0.0005,0.000,32.38,38.0,1,2065
212907898,0.000,0.000,0.0000,0.0145,0.0000,-0.0005,0.000,32.38,38.0,1,2065
212908863,0.000,0.000,0.0000,-0.0526,0.0000,-0.0005,0.000,32.38,38.0,1,2065
212910155,0.000,0.000,0.0000,-0.0511,0.0000,-0.0005,0.000,32.38,38.0,1,2065
212910542,0.000,0.000,0.0000,0.0343,0.0000,-0.0005,0.000,32.38,38.0,1,2065
212911870,0.000,0.000,0.0000,-0.0252,0.0000,-0.0005,0.000,32.38,38.0,1,2065
212912870,0.000,0.000,0.0000,-0.0587,0.0000,-0.0005,0.000,32.38,38.0,1,2065
212914191,0.000,0.000,0.0000,0.0343,0.0000,-0.0005,0.000,32.38,38.0,1,2065
212914870,0.000,0.000,0.0000,-0.0374,0.0000,-0.0005,0.000,32.38,38.0,1,2065
212915863,0.000,0.000,0.0000,-0.0816,0.0000,-0.0005,0.000,32.38,38.0,1,2065
212917195,0.000,0.000,0.0000,-0.1030,0.0000,-0.0005,0.000,32.41,38.0,1,2065
212917852,0.000,0.000,0.0000,0.0298,0.0000,-0.0005,0.000,32.41,38.0,1,2065
212918903,0.000,0.000,0.0000,-0.0481,0.0000,-0.0005,0.000,32.41,38.0,1,2065
212919881,0.000,0.000,0.0000,0.0664,0.0000,-0.0005,0.000,32.41,38.0,1,2065
212920845,0.000,0.000,0.0000,0.0481,0.0000,-0.0005,0.000,32.41,38.0,1,2065
212922180,0.000,0.000,0.0000,-0.0542,0.0000,-0.0005,0.000,32.41,38.0,1,2065
212922848,0.000,0.000,0.0000,0.0359,0.0000,-0.0005,0.000,32.41,38.0,1,2065
212923919,0.000,0.000,0.0000,0.0633,0.0000,-0.0005,0.000,32.41,38.0,1,2065
212924846,0.000,0.000,0.0000,-0.0786,0.0000,-0.0005,0.000,32.41,38.0,1,2065
212925855,0.000,0.000,0.0000,0.0603,0.0000,-0.0005,0.000,32.41,38.0,1,2065
212927176,0.000,0.000,0.0000,-0.0191,0.0000,-0.0005,0.000,32.41,38.0,1,2065
212927762,0.000,0.000,0.0000,-0.0008,0.0000,-0.0005,0.000,32.41,38.0,1,2065
212928873,0.000,0.000,0.0000,-0.0069,0.0000,-0.0005,0.000,32.41,38.0,1,2065
212930172,0.000,0.000,0.0000,0.0130,0.0000,-0.0005,0.000,32.41,38.0,1,2065
212930605,0.000,0.000,0.0000,-0.0481,0.0000,-0.0005,0.000,32.41,38.0,1,2065
212931898,0.000,0.000,0.0000,0.1900,0.0000,-0.0005,0.000,32.41,38.0,1,2065
212932848,0.000,0.000,0.0000,0.0404,0.0000,-0.0005,0.000,32.41,38.0,1,2065
212934260,0.000,0.000,0.0000,-0.0008,0.0000,-0.0005,0.000,32.41,38.0,1,2065
212934912,0.000,0.000,0.0000,-0.0313,0.0000,-0.0005,0.000,32.41,38.0,1,2065
212935850,0.000,0.000,0.0000,-0.0221,0.0000,-0.0005,0.000,32.41,38.0,1,2065
212937170,0.000,0.000,0.0000,0.0618,0.0000,-0.0005,0.000,32.41,38.0,1,2065
212937849,0.000,0.000,0.0000,-0.0420,0.0000,-0.0005,0.000,32.41,38.0,1,2065
212938920,0.000,0.000,0.0000,-0.1076,0.0000,-0.0005,0.000,32.41,38.0,1,2065
212939869,0.000,0.000,0.0000,-0.0023,0.0000,-0.0005,0.000,32.41,38.0,1,2065
212940869,0.000,0.000,0.0000,0.0298,0.0000,-0.0005,0.000,32.41,38.0,1,2065
212942191,0.000,0.000,0.0000,0.1244,0.0000,-0.0005,0.000,32.41,38.0,1,2065
212942899,0.000,0.000,0.0000,-0.0465,0.0000,-0.0005,0.000,32.41,38.0,1,2065
212943867,0.000,0.000,0.0000,0.0633,0.0000,-0.0005,0.000,32.41,38.0,1,2065
212944867,0.000,0.000,0.0000,-0.0374,0.0000,-0.0005,0.000,32.41,38.0,1,2065
212945866,0.000,0.000,0.0000,0.0313,0.0000,-0.0005,0.000,32.41,38.0,1,2065
212947196,0.000,0.000,0.0000,0.0099,0.0000,-0.0005,0.000,32.38,38.0,1,2065
212947896,0.000,0.000,0.0000,0.0069,0.0000,-0.0005,0.000,32.38,38.0,1,2065
212948869,0.000,0.000,0.0000,-0.0420,0.0000,-0.0005,0.000,32.38,38.0,1,2065
212950201,0.000,0.000,0.0000,-0.0008,0.0000,-0.0005,0.000,32.38,38.0,1,2065
212950866,0.000,0.000,0.0000,0.0648,0.0000,-0.0005,0.000,32.38,38.0,1,2065
212952188,0.000,0.000,0.0000,-0.1183,0.0000,-0.0005,0.000,32.38,38.0,1,2065
212952860,0.000,0.000,0.0000,-0.0374,0.0000,-0.0005,0.000,32.38,38.0,1,2065
212954190,0.000,0.000,0.0000,0.0160,0.0000,-0.0005,0.000,32.38,38.0,1,2065
212954859,0.000,0.000,0.0000,-0.0313,0.0000,-0.0005,0.000,32.38,38.0,1,2065
212955867,0.000,0.000,0.0000,0.1122,0.0000,-0.0005,0.000,32.38,38.0,1,2065
212957187,0.000,0.000,0.0000,0.1137,0.0000,-0.0005,0.000,32.38,38.0,1,2065
212957898,0.000,0.000,0.0000,0.0328,0.0000,-0.0005,0.000,32.38,38.0,1,2065
212958869,0.000,0.000,0.0000,0.0282,0.0000,-0.0005,0.000,32.38,38.0,1,2065
212959867,0.000,0.000,0.0000,0.0267,0.0000,-0.0005,0.000,32.38,38.0,1,2065
212960867,0.000,0.000,0.0000,-0.0374,0.0000,-0.0005,0.000,32.38,38.0,1,2065
212962192,0.000,0.000,0.0000,0.0542,0.0000,-0.0005,0.000,32.41,38.0,1,2065
212962850,0.000,0.000,0.0000,-0.0832,0.0000,-0.0005,0.000,32.41,38.0,1,2065
212963846,0.000,0.000,0.0000,0.1060,0.0000,-0.0005,0.000,32.41,38.0,1,2065
212964853,0.000,0.000,0.0000,-0.0389,0.0000,-0.0005,0.000,32.41,38.0,1,2065
212965866,0.000,0.000,0.0000,-0.0374,0.0000,-0.0005,0.000,32.41,38.0,1,2065
212967190,0.000,0.000,0.0000,0.0389,0.0000,-0.0005,0.000,32.41,38.0,1,2065
212967870,0.000,0.000,0.0000,-0.0038,0.0000,-0.0005,0.000,32.41,38.0,1,2065
212968867,0.000,0.000,0.0000,0.0114,0.0000,-0.0005,0.000,32.41,38.0,1,2065
212970189,0.000,0.000,0.0000,0.0435,0.0000,-0.0005,0.000,32.41,38.0,1,2065
212970544,0.000,0.000,0.0000,-0.0313,0.0000,-0.0005,0.000,32.41,38.0,1,2065
212971666,0.000,0.000,0.0000,-0.0313,0.0000,-0.0005,0.000,32.41,38.0,1,2065
212973483,0.000,0.000,0.0000,-0.0313,0.0000,-0.0005,0.000,32.41,38.0,1,2065
212973966,0.000,-0.011,0.0000,-0.2312,0.0000,-0.0005,0.000,32.41,38.0,1,2065
212974567,-0.011,-0.011,0.0000,-0.2312,0.0000,-0.0005,0.000,32.41,38.0,1,2065
212975548,-0.011,-0.011,0.0000,-0.0877,0.0000,-0.0005,0.000,32.41,38.0,1,2065
212976590,-0.011,-0.011,0.0000,0.0374,0.0000,-0.0005,0.000,32.41,38.0,1,2065
212977869,-0.011,-0.011,0.0000,-0.0465,0.0000,-0.0005,0.000,32.41,38.0,1,2065
212978849,-0.011,-0.011,0.0000,0.1259,0.0000,-0.0005,0.000,32.41,38.0,1,2065
212979847,-0.011,-0.011,0.0000,-0.0343,0.0000,-0.0005,0.000,32.41,38.0,1,2065
212980888,-0.011,-0.011,0.0000,-0.0420,0.0000,-0.0005,0.000,32.41,38.0,1,2065
212981851,-0.011,-0.011,0.0000,0.0282,0.0000,-0.0005,0.000,32.41,38.0,1,2065
212983255,-0.011,-0.011,0.0000,0.1030,0.0000,-0.0005,0.000,32.41,38.0,1,2065
212983851,-0.011,-0.011,0.0000,-0.0374,0.0000,-0.0005,0.000,32.41,38.0,1,2065
212984933,-0.011,-0.011,0.0000,0.0053,0.0000,-0.0005,0.000,32.41,38.0,1,2065
212985873,-0.011,-0.011,0.0000,0.0404,0.0000,-0.0005,0.000,32.41,38.0,1,2065
212986848,-0.011,-0.011,0.0000,-0.0404,0.0000,-0.0005,0.000,32.41,38.0,1,2065
212988175,-0.011,-0.011,0.0000,-0.0175,0.0000,-0.0005,0.000,32.41,38.0,1,2065
212988845,-0.011,-0.011,0.0000,0.0450,0.0000,-0.0005,0.000,32.41,38.0,1,2065
212989847,-0.011,-0.011,0.0000,-0.0114,0.0000,-0.0005,0.000,32.41,38.0,1,2065
212991168,-0.011,-0.011,0.0000,-0.0526,0.0000,-0.0005,0.000,32.41,38.0,1,2065
212991542,-0.011,-0.011,0.0000,-0.0282,0.0000,-0.0005,0.000,32.41,38.0,1,2065
212992915,-0.011,-0.011,0.0000,0.0633,0.0000,-0.0005,0.000,32.41,38.0,1,2065
212993566,-0.011,-0.011,0.0000,-0.0984,0.0000,-0.0005,0.000,32.41,38.0,1,2065
212994886,-0.011,-0.011,0.0000,0.0923,0.0000,-0.0005,0.000,32.41,38.0,1,2065
212995915,-0.011,-0.011,0.0000,-0.0526,0.0000,-0.0005,0.000,32.41,38.0,1,2065
212996862,-0.011,-0.011,0.0000,0.0740,0.0000,-0.0005,0.000,32.41,38.0,1,2065
212998192,-0.011,-0.011,0.0000,0.0862,0.0000,-0.0005,0.000,32.41,38.0,1,2065
212998867,-0.011,-0.011,0.0000,0.0038,0.0000,-0.0005,0.000,32.41,38.0,1,2065
212999875,-0.011,-0.011,0.0000,-0.0008,0.0000,-0.0005,0.000,32.41,38.0,1,2065
213000927,-0.011,-0.011,0.0000,0.0954,0.0000,-0.0005,0.000,32.41,38.0,1,2065
213001848,-0.011,-0.011,0.0000,-0.1381,0.0000,-0.0005,0.000,32.41,38.0,1,2065
213003173,-0.011,-0.011,0.0000,0.1854,0.0000,-0.0005,0.000,32.41,38.0,1,2065
213003848,-0.011,-0.011,0.0000,0.0099,0.0000,-0.0005,0.000,32.41,38.0,1,2065
213004845,-0.011,-0.011,0.0000,-0.0603,0.0000,-0.0005,0.000,32.41,38.0,1,2065
213005845,-0.011,-0.011,0.0000,-0.0008,0.0000,-0.0005,0.000,32.41,38.0,1,2065
213006845,-0.011,-0.011,0.0000,0.0816,0.0000,-0.0005,0.000,32.41,38.0,1,2065
213008236,-0.011,-0.011,0.0000,-0.0389,0.0000,-0.0005,0.000,32.41,38.0,1,2065
213008899,-0.011,-0.011,0.0000,-0.0465,0.0000,-0.0005,0.000,32.41,38.0,1,2065
213009867,-0.011,-0.011,0.0000,0.0557,0.0000,-0.0005,0.000,32.41,38.0,1,2065
213011234,-0.011,-0.011,0.0000,0.0145,0.0000,-0.0005,0.000,32.41,38.0,1,2065
213011571,-0.011,-0.011,0.0000,-0.0740,0.0000,-0.0005,0.000,32.41,38.0,1,2065
213012886,-0.011,-0.011,0.0000,0.0786,0.0000,-0.0005,0.000,32.41,38.0,1,2065
213013897,-0.011,-0.011,0.0000,0.0343,0.0000,-0.0005,0.000,32.41,38.0,1,2065
213015201,-0.011,-0.011,0.0000,-0.0740,0.0000,-0.0005,0.000,32.41,38.0,1,2065
213015896,-0.011,-0.011,0.0000,0.0191,0.0000,-0.0005,0.000,32.41,38.0,1,2065
213016926,-0.011,-0.011,0.0000,0.0252,0.0000,-0.0005,0.000,32.41,38.0,1,2065
213018175,-0.011,-0.011,0.0000,0.0237,0.0000,-0.0005,0.000,32.41,38.0,1,2065
213018846,-0.011,-0.011,0.0000,-0.0603,0.0000,-0.0005,0.000,32.41,38.0,1,2065
213019846,-0.011,-0.011,0.0000,0.0557,0.0000,-0.0005,0.000,32.41,38.0,1,2065
213020913,-0.011,-0.011,0.0000,0.0114,0.0000,-0.0005,0.000,32.41,38.0,1,2065
213021895,-0.011,-0.011,0.0000,0.0160,0.0000,-0.0005,0.000,32.41,38.0,1,2065
213023206,-0.011,-0.011,0.0000,0.0526,0.0000,-0.0005,0.000,32.41,38.0,1,2065
213023865,-0.011,-0.011,0.0000,0.0374,0.0000,-0.0005,0.000,32.41,38.0,1,2065
213024893,-0.011,-0.011,0.0000,0.0313,0.0000,-0.0005,0.000,32.41,38.0,1,2065
213025892,-0.011,-0.011,0.0000,-0.0511,0.0000,-0.0005,0.000,32.41,38.0,1,2065
213026868,-0.011,-0.011,0.0000,-0.0114,0.0000,-0.0005,0.000,32.41,38.0,1,2065
213028206,-0.011,-0.011,0.0000,-0.0694,0.0000,-0.0005,0.000,32.41,38.0,1,2065
213028901,-0.011,-0.011,0.0000,0.0633,0.0000,-0.0005,0.000,32.41,38.0,1,2065
213029868,-0.011,-0.011,0.0000,-0.1274,0.0000,-0.0005,0.000,32.41,38.0,1,2065
213031214,-0.011,-0.011,0.0000,0.0771,0.0000,-0.0005,0.000,32.41,38.0,1,2065
213031560,-0.011,-0.011,0.0000,-0.0465,0.0000,-0.0005,0.000,32.41,38.0,1,2065
213032883,-0.011,-0.011,0.0000,0.0084,0.0000,-0.0005,0.000,32.41,38.0,1,2065
213033569,-0.011,-0.011,0.0000,0.0587,0.0000,-0.0005,0.000,32.41,38.0,1,2065
213034886,-0.011,-0.011,0.0000,0.0832,0.0000,-0.0005,0.000,32.41,38.0,1,2065
213035569,-0.011,-0.011,0.0000,-0.0237,0.0000,-0.0005,0.000,32.41,38.0,1,2065
213036571,-0.011,-0.011,0.0000,0.0206,0.0000,-0.0005,0.000,32.41,38.0,1,2065
213037882,-0.011,-0.011,0.0000,-0.0084,0.0000,-0.0005,0.000,32.41,38.0,1,2065
213038570,-0.011,-0.011,0.0000,-0.0526,0.0000,-0.0005,0.000,32.41,38.0,1,2065
213039569,-0.011,-0.011,0.0000,0.0282,0.0000,-0.0005,0.000,32.41,38.0,1,2065
213040544,-0.011,-0.011,0.0000,-0.0328,0.0000,-0.0005,0.000,32.41,38.0,1,2065
213041562,-0.011,-0.011,0.0000,0.0237,0.0000,-0.0005,0.000,32.41,38.0,1,2065
213042878,-0.011,-0.011,0.0000,0.0175,0.0000,-0.0005,0.000,32.41,38.0,1,2065
213043568,-0.011,-0.011,0.0000,-0.0099,0.0000,-0.0005,0.000,32.41,38.0,1,2065
213044574,-0.011,-0.011,0.0000,0.0237,0.0000,-0.0005,0.000,32.41,38.0,1,2065
213045542,-0.011,-0.011,0.0000,-0.0008,0.0000,-0.0005,0.000,32.41,38.0,1,2065
213046653,-0.011,-0.011,0.0000,-0.0160,0.0000,-0.0005,0.000,32.41,38.0,1,2065
213047936,-0.011,-0.011,0.0000,-0.0038,0.0000,-0.0005,0.000,32.41,38.0,1,2065
213048848,-0.011,-0.011,0.0000,-0.0648,0.0000,-0.0005,0.000,32.41,38.0,1,2065
213049846,-0.011,-0.011,0.0000,0.1045,0.0000,-0.0005,0.000,32.41,38.0,1,2065
213051237,-0.011,-0.011,0.0000,-0.0465,0.0000,-0.0005,0.000,32.41,38.0,1,2065
213051566,-0.011,-0.011,0.0000,0.0694,0.0000,-0.0005,0.000,32.41,38.0,1,2065
213052881,-0.011,-0.011,0.0000,-0.0328,0.0000,-0.0005,0.000,32.41,38.0,1,2065
213053894,-0.011,-0.011,0.0000,0.1396,0.0000,-0.0005,0.000,32.41,38.0,1,2065
213055187,-0.011,-0.011,0.0000,-0.0801,0.0000,-0.0005,0.000,32.41,38.0,1,2065
213055895,-0.011,-0.011,0.0000,0.0084,0.0000,-0.0005,0.000,32.41,38.0,1,2065
213056867,-0.011,-0.011,0.0000,0.0008,0.0000,-0.0005,0.000,32.41,38.0,1,2065
213058182,-0.011,-0.011,0.0000,0.0847,0.0000,-0.0005,0.000,32.41,38.0,1,2065
213058894,-0.011,-0.033,0.0000,-0.0572,0.0000,-0.0005,0.000,32.41,38.0,1,2065
213059868,-0.033,-0.011,0.0000,0.0786,0.0000,-0.0005,0.000,32.41,38.0,1,2065
213060891,-0.011,-0.011,0.0000,0.0237,0.0000,-0.0005,0.000,32.41,38.0,1,2065
213061893,-0.011,-0.011,0.0000,-0.0359,0.0000,-0.0005,0.000,32.41,38.0,1,2065
213063206,-0.011,-0.011,0.0000,-0.0725,0.0000,-0.0005,0.000,32.41,38.0,1,2065
213063897,-0.011,-0.011,0.0000,-0.0313,0.0000,-0.0005,0.000,32.41,38.0,1,2065
213064891,-0.011,-0.011,0.0000,0.0237,0.0000,-0.0005,0.000,32.41,38.0,1,2065
213065890,-0.011,-0.011,0.0000,-0.1091,0.0000,-0.0005,0.000,32.41,38.0,1,2065
213066894,-0.011,-0.011,0.0000,-0.0298,0.0000,-0.0005,0.000,32.41,38.0,1,2065
213068211,-0.011,-0.011,0.0000,-0.0465,0.0000,-0.0005,0.000,32.38,38.0,1,2065
213068898,-0.011,-0.011,0.0000,-0.0191,0.0000,-0.0005,0.000,32.38,38.0,1,2065
213069891,-0.011,-0.011,0.0000,-0.0023,0.0000,-0.0005,0.000,32.38,38.0,1,2065
213071203,-0.011,-0.011,0.0000,0.0938,0.0000,-0.0005,0.000,32.38,38.0,1,2065
213071555,-0.011,-0.011,0.0000,-0.0328,0.0000,-0.0005,0.000,32.38,38.0,1,2065
213072887,-0.011,-0.011,0.0000,-0.0252,0.0000,-0.0005,0.000,32.38,38.0,1,2065
213073547,-0.011,-0.011,0.0000,-0.0404,0.0000,-0.0005,0.000,32.38,38.0,1,2065
213074863,-0.011,-0.011,0.0000,0.1244,0.0000,-0.0005,0.000,32.38,38.0,1,2065
213075897,-0.011,-0.011,0.0000,-0.0145,0.0000,-0.0005,0.000,32.38,38.0,1,2065
213076868,-0.011,-0.011,0.0000,-0.0221,0.0000,-0.0005,0.000,32.38,38.0,1,2065
213078188,-0.011,-0.011,0.0000,-0.0511,0.0000,-0.0005,0.000,32.41,38.0,1,2065
213078899,-0.011,-0.011,0.0000,-0.0206,0.0000,-0.0005,0.000,32.41,38.0,1,2065
213079866,-0.011,-0.011,0.0000,0.0343,0.0000,-0.0005,0.000,32.41,38.0,1,2065
213080898,-0.011,-0.011,0.0000,-0.1671,0.0000,-0.0005,0.000,32.41,38.0,1,2065
213081846,-0.011,-0.011,0.0000,-0.0237,0.0000,-0.0005,0.000,32.41,38.0,1,2065
213083218,-0.011,-0.011,0.0000,-0.0252,0.0000,-0.0005,0.000,32.38,38.0,1,2065
213083754,-0.011,-0.011,0.0000,-0.0069,0.0000,-0.0005,0.000,32.38,38.0,1,2065
213084870,-0.011,-0.011,0.0000,0.0084,0.0000,-0.0005,0.000,32.38,38.0,1,2065
213085846,-0.011,-0.011,0.0000,0.0542,0.0000,-0.0005,0.000,32.38,38.0,1,2065
213086852,-0.011,-0.011,0.0000,-0.1045,0.0000,-0.0005,0.000,32.38,38.0,1,2065
213088180,-0.011,-0.011,0.0000,-0.0114,0.0000,-0.0005,0.000,32.41,38.0,1,2065
213088764,-0.011,-0.011,0.0000,0.0771,0.0000,-0.0005,0.000,32.41,38.0,1,2065
213089873,-0.011,-0.011,0.0000,-0.0877,0.0000,-0.0005,0.000,32.41,38.0,1,2065
213091171,-0.011,-0.011,0.0000,0.0221,0.0000,-0.0005,0.000,32.41,38.0,1,2065
213091550,-0.011,-0.011,0.0000,0.0069,0.0000,-0.0005,0.000,32.41,38.0,1,2065
213092865,-0.011,-0.011,0.0000,0.0191,0.0000,-0.0005,0.000,32.41,38.0,1,2065
213093872,-0.011,-0.011,0.0000,-0.1106,0.0000,-0.0005,0.000,32.41,38.0,1,2065
213095203,-0.011,-0.011,0.0000,-0.0542,0.0000,-0.0005,0.000,32.41,38.0,1,2065
213095848,-0.011,-0.011,0.0000,0.0038,0.0000,-0.0005,0.000,32.41,38.0,1,2065
213096853,-0.011,-0.011,0.0000,-0.0755,0.0000,-0.0005,0.000,32.41,38.0,1,2065
213098170,-0.011,-0.011,0.0000,0.0206,0.0000,-0.0005,0.000,32.41,38.0,1,2065
213098757,-0.011,-0.011,0.0000,-0.0252,0.0000,-0.0005,0.000,32.41,38.0,1,2065
213099938,-0.011,-0.011,0.0000,-0.0237,0.0000,-0.0005,0.000,32.41,38.0,1,2065
213100846,-0.011,-0.011,0.0000,0.0267,0.0000,-0.0005,0.000,32.41,38.0,1,2065
213101845,-0.011,-0.011,0.0000,0.0038,0.0000,-0.0005,0.000,32.41,38.0,1,2065
213103174,-0.011,-0.011,0.0000,0.0420,0.0000,-0.0005,0.000,32.41,38.0,1,2065
213103910,-0.011,-0.011,0.0000,-0.0267,0.0000,-0.0005,0.000,32.41,38.0,1,2065
213104894,-0.011,-0.011,0.0000,-0.0053,0.0000,-0.0005,0.000,32.41,38.0,1,2065
213105895,-0.011,-0.011,0.0000,-0.0481,0.0000,-0.0005,0.000,32.41,38.0,1,2065
213106894,-0.011,-0.011,0.0000,-0.0008,0.0000,-0.0005,0.000,32.41,38.0,1,2065
213108216,-0.011,-0.011,0.0000,0.1564,0.0000,-0.0005,0.000,32.41,38.0,1,2065
213108887,-0.011,-0.011,0.0000,-0.0175,0.0000,-0.0005,0.000,32.41,38.0,1,2065
213109892,-0.011,-0.033,0.0000,-0.1015,0.0000,-0.0005,0.000,32.41,38.0,1,2065
213111217,-0.033,-0.011,0.0000,0.0603,0.0000,-0.0005,0.000,32.41,38.0,1,2065
213111567,-0.011,-0.011,0.0000,0.0343,0.0000,-0.0005,0.000,32.41,38.0,1,2065
213112885,-0.011,-0.011,0.0000,0.0450,0.0000,-0.0005,0.000,32.41,38.0,1,2065
213113571,-0.011,-0.011,0.0000,-0.0237,0.0000,-0.0005,0.000,32.41,38.0,1,2065
213114887,-0.011,-0.011,0.0000,0.0389,0.0000,-0.0005,0.000,32.41,38.0,1,2065
213115569,-0.011,-0.011,0.0000,-0.0099,0.0000,-0.0005,0.000,32.41,38.0,1,2065
213116571,-0.011,-0.011,0.0000,0.0328,0.0000,-0.0005,0.000,32.41,38.0,1,2065
213117882,-0.011,-0.011,0.0000,-0.0298,0.0000,-0.0005,0.000,32.41,38.0,1,2065
213118569,-0.011,-0.011,0.0000,0.0160,0.0000,-0.0005,0.000,32.41,38.0,1,2065
213119572,-0.011,-0.011,0.0000,0.0572,0.0000,-0.0005,0.000,32.41,38.0,1,2065
213120572,-0.011,-0.011,0.0000,-0.0130,0.0000,-0.0005,0.000,32.41,38.0,1,2065
213121542,-0.011,-0.011,0.0000,0.0420,0.0000,-0.0005,0.000,32.41,38.0,1,2065
213122860,-0.011,-0.011,0.0000,-0.0404,0.0000,-0.0005,0.000,32.41,38.0,1,2065
213123895,-0.011,-0.011,0.0000,0.1106,0.0000,-0.0005,0.000,32.41,38.0,1,2065
213124895,-0.011,-0.011,0.0000,0.0130,0.0000,-0.0005,0.000,32.41,38.0,1,2065
213125896,-0.011,-0.011,0.0000,-0.0359,0.0000,-0.0005,0.000,32.41,38.0,1,2065
213126891,-0.011,-0.011,0.0000,-0.0526,0.0000,-0.0005,0.000,32.41,38.0,1,2065
213128220,-0.011,-0.011,0.0000,-0.0786,0.0000,-0.0005,0.000,32.41,38.0,1,2065
213128849,-0.011,-0.011,0.0000,0.0389,0.0000,-0.0005,0.000,32.41,38.0,1,2065
213129938,-0.011,-0.011,0.0000,0.0862,0.0000,-0.0005,0.000,32.41,38.0,1,2065
213131229,-0.011,-0.011,0.0000,-0.0328,0.0000,-0.0005,0.000,32.41,38.0,1,2065
213131543,-0.011,-0.011,0.0000,0.0862,0.0000,-0.0005,0.000,32.41,38.0,1,2065
213132873,-0.011,-0.011,0.0000,-0.0954,0.0000,-0.0005,0.000,32.41,38.0,1,2065
213133846,-0.011,-0.011,0.0000,0.1198,0.0000,-0.0005,0.000,32.41,38.0,1,2065
213135240,-0.011,-0.011,0.0000,-0.0710,0.0000,-0.0005,0.000,32.41,38.0,1,2065
213135849,-0.011,-0.011,0.0000,0.0557,0.0000,-0.0005,0.000,32.41,38.0,1,2065
213136852,-0.011,-0.011,0.0000,0.0053,0.0000,-0.0005,0.000,32.41,38.0,1,2065
213138169,-0.011,-0.011,0.0000,-0.0252,0.0000,-0.0005,0.000,32.41,38.0,1,2065
213138753,-0.011,-0.011,0.0000,-0.0206,0.0000,-0.0005,0.000,32.41,38.0,1,2065
213139875,-0.011,-0.011,0.0000,-0.0221,0.0000,-0.0005,0.000,32.41,38.0,1,2065
213140846,-0.011,-0.011,0.0000,-0.0648,0.0000,-0.0005,0.000,32.41,38.0,1,2065
213141922,-0.011,-0.011,0.0000,-0.0175,0.0000,-0.0005,0.000,32.41,38.0,1,2065
213143178,-0.011,-0.011,0.0000,0.1366,0.0000,-0.0005,0.000,32.41,38.0,1,2065
213143760,-0.011,-0.011,0.0000,-0.0832,0.0000,-0.0005,0.000,32.41,38.0,1,2065
213144902,-0.011,-0.011,0.0000,-0.0252,0.0000,-0.0005,0.000,32.41,38.0,1,2065
213145845,-0.011,-0.011,0.0000,0.0343,0.0000,-0.0005,0.000,32.41,38.0,1,2065
213146857,-0.011,-0.011,0.0000,0.0313,0.0000,-0.0005,0.000,32.41,38.0,1,2065
213148179,-0.011,-0.011,0.0000,0.0267,0.0000,-0.0005,0.000,32.38,38.0,1,2065
213148758,-0.011,-0.011,0.0000,-0.0526,0.0000,-0.0005,0.000,32.38,38.0,1,2065
213149939,-0.011,-0.011,0.0000,-0.0404,0.0000,-0.0005,0.000,32.38,38.0,1,2065
213151169,-0.011,-0.011,0.0000,-0.0298,0.0000,-0.0005,0.000,32.38,38.0,1,2065
213151542,-0.011,-0.011,0.0000,0.0175,0.0000,-0.0005,0.000,32.38,38.0,1,2065
213152865,-0.011,-0.011,0.0000,-0.0526,0.0000,-0.0005,0.000,32.38,38.0,1,2065
213153909,-0.011,-0.011,0.0000,-0.0694,0.0000,-0.0005,0.000,32.38,38.0,1,2065
213155215,-0.011,-0.011,0.0000,0.0862,0.0000,-0.0005,0.000,32.38,38.0,1,2065
213155893,-0.011,-0.011,0.0000,0.0542,0.0000,-0.0005,0.000,32.38,38.0,1,2065
213156890,-0.011,-0.033,0.0000,-0.1747,0.0000,-0.0005,0.000,32.38,38.0,1,2065
213158219,-0.033,-0.011,0.0000,-0.0084,0.0000,-0.0005,0.000,32.38,38.0,1,2065
213158895,-0.011,-0.011,0.0000,0.0725,0.0000,-0.0005,0.000,32.38,38.0,1,2065
213159894,-0.011,-0.011,0.0000,0.0633,0.0000,-0.0005,0.000,32.38,38.0,1,2065
213160891,-0.011,-0.011,0.0000,-0.0832,0.0000,-0.0005,0.000,32.38,38.0,1,2065
213161894,-0.011,-0.011,0.0000,0.0252,0.0000,-0.0005,0.000,32.38,38.0,1,2065
213163217,-0.011,-0.011,0.0000,-0.0038,0.0000,-0.0005,0.000,32.38,38.0,1,2065
213163887,-0.011,-0.011,0.0000,0.0664,0.0000,-0.0005,0.000,32.38,38.0,1,2065
213164890,-0.011,-0.011,0.0000,-0.0648,0.0000,-0.0005,0.000,32.38,38.0,1,2065
213165894,-0.011,-0.011,0.0000,0.0206,0.0000,-0.0005,0.000,32.38,38.0,1,2065
213166893,-0.011,-0.011,0.0000,-0.0282,0.0000,-0.0005,0.000,32.38,38.0,1,2065
213168219,-0.011,-0.011,0.0000,-0.0252,0.0000,-0.0005,0.000,32.38,38.0,1,2065
213168888,-0.011,-0.011,0.0000,-0.0664,0.0000,-0.0005,0.000,32.38,38.0,1,2065
213169894,-0.011,-0.011,0.0000,0.0160,0.0000,-0.0005,0.000,32.38,38.0,1,2065
213171210,-0.011,-0.011,0.0000,0.0221,0.0000,-0.0005,0.000,32.38,38.0,1,2065
213171558,-0.011,-0.011,0.0000,0.0008,0.0000,-0.0005,0.000,32.38,38.0,1,2065
213172884,-0.011,-0.033,0.0000,-0.0954,0.0000,-0.0005,0.000,32.38,38.0,1,2065
213173570,-0.033,-0.011,0.0000,-0.0175,0.0000,-0.0005,0.000,32.38,38.0,1,2065
213174892,-0.011,-0.011,0.0000,0.0572,0.0000,-0.0005,0.000,32.38,38.0,1,2065
213175544,-0.011,-0.011,0.0000,-0.0450,0.0000,-0.0005,0.000,32.38,38.0,1,2065
213176547,-0.011,-0.011,0.0000,0.1320,0.0000,-0.0005,0.000,32.38,38.0,1,2065
213177885,-0.011,-0.011,0.0000,-0.0893,0.0000,-0.0005,0.000,32.38,38.0,1,2065
213178569,-0.011,-0.011,0.0000,0.0862,0.0000,-0.0005,0.000,32.38,38.0,1,2065
213179571,-0.011,-0.011,0.0000,-0.0999,0.0000,-0.0005,0.000,32.38,38.0,1,2065
213180571,-0.011,-0.011,0.0000,0.0557,0.0000,-0.0005,0.000,32.38,38.0,1,2065
213181542,-0.011,-0.011,0.0000,0.0404,0.0000,-0.0005,0.000,32.38,38.0,1,2065
213182847,-0.011,-0.011,0.0000,-0.0465,0.0000,-0.0005,0.000,32.38,38.0,1,2065
213183572,-0.011,-0.011,0.0000,-0.0450,0.0000,-0.0005,0.000,32.38,38.0,1,2065
213184547,-0.011,-0.011,0.0000,0.0877,0.0000,-0.0005,0.000,32.38,38.0,1,2065
213185548,-0.011,-0.011,0.0000,-0.0038,0.0000,-0.0005,0.000,32.38,38.0,1,2065
213186542,-0.011,-0.011,0.0000,0.0374,0.0000,-0.0005,0.000,32.38,38.0,1,2065
213187908,-0.011,-0.011,0.0000,-0.0725,0.0000,-0.0005,0.000,32.38,38.0,1,2065
213188543,-0.011,-0.011,0.0000,-0.0237,0.0000,-0.0005,0.000,32.38,38.0,1,2065
213189554,-0.011,-0.011,0.0000,0.0359,0.0000,-0.0005,0.000,32.38,38.0,1,2065
213190860,-0.011,-0.011,0.0000,0.0526,0.0000,-0.0005,0.000,32.38,38.0,1,2065
213191589,-0.011,-0.011,0.0000,-0.0237,0.0000,-0.0005,0.000,32.38,38.0,1,2065
213192865,-0.011,-0.011,0.0000,0.0557,0.0000,-0.0005,0.000,32.38,38.0,1,2065
213193855,-0.011,-0.011,0.0000,0.0099,0.0000,-0.0005,0.000,32.38,38.0,1,2065
213195176,-0.011,-0.011,0.0000,-0.0298,0.0000,-0.0005,0.000,32.38,38.0,1,2065
213195844,-0.011,-0.011,0.0000,0.0542,0.0000,-0.0005,0.000,32.38,38.0,1,2065
213196925,-0.011,-0.011,0.0000,-0.0496,0.0000,-0.0005,0.000,32.38,38.0,1,2065
213198173,-0.011,-0.011,0.0000,-0.0145,0.0000,-0.0005,0.000,32.38,38.0,1,2065
213198918,-0.011,-0.011,0.0000,-0.1732,0.0000,-0.0005,0.000,32.38,38.0,1,2065
213199917,-0.011,-0.011,0.0000,0.0481,0.0000,-0.0005,0.000,32.38,38.0,1,2065
213200846,-0.011,-0.011,0.0000,-0.0282,0.0000,-0.0005,0.000,32.38,38.0,1,2065
213201845,-0.011,-0.011,0.0000,-0.0069,0.0000,-0.0005,0.000,32.38,38.0,1,2065
213203225,-0.011,-0.011,0.0000,-0.0282,0.0000,-0.0005,0.000,32.38,38.0,1,2065
213203894,-0.011,-0.011,0.0000,0.0404,0.0000,-0.0005,0.000,32.38,38.0,1,2065
213204893,-0.011,-0.011,0.0000,-0.0618,0.0000,-0.0005,0.000,32.38,38.0,1,2065
213205894,-0.011,-0.011,0.0000,-0.0191,0.0000,-0.0005,0.000,32.38,38.0,1,2065
213206892,-0.011,-0.011,0.0000,-0.0587,0.0000,-0.0005,0.000,32.38,38.0,1,2065
213208215,-0.011,-0.011,0.0000,0.0755,0.0000,-0.0005,0.000,32.38,38.0,1,2065
213208886,-0.011,-0.011,0.0000,-0.0206,0.0000,-0.0005,0.000,32.38,38.0,1,2065
213209891,-0.011,-0.011,0.0000,-0.1320,0.0000,-0.0005,0.000,32.38,38.0,1,2065
213211217,-0.011,-0.011,0.0000,0.0237,0.0000,-0.0005,0.000,32.38,38.0,1,2065
213211567,-0.011,-0.011,0.0000,-0.0237,0.0000,-0.0005,0.000,32.38,38.0,1,2065
213212884,-0.011,-0.011,0.0000,0.0923,0.0000,-0.0005,0.000,32.38,38.0,1,2065
213213571,-0.011,-0.011,0.0000,0.0343,0.0000,-0.0005,0.000,32.38,38.0,1,2065
213214886,-0.011,-0.011,0.0000,-0.0664,0.0000,-0.0005,0.000,32.38,38.0,1,2065
213215570,-0.011,-0.011,0.0000,0.0496,0.0000,-0.0005,0.000,32.38,38.0,1,2065
213216570,-0.011,-0.011,0.0000,0.0374,0.0000,-0.0005,0.000,32.38,38.0,1,2065
213217880,-0.011,-0.011,0.0000,0.0679,0.0000,-0.0005,0.000,32.38,38.0,1,2065
213218570,-0.011,-0.011,0.0000,-0.0511,0.0000,-0.0005,0.000,32.38,38.0,1,2065
213219570,-0.011,-0.011,0.0000,-0.0496,0.0000,-0.0005,0.000,32.38,38.0,1,2065
213220569,-0.011,-0.011,0.0000,0.0267,0.0000,-0.0005,0.000,32.38,38.0,1,2065
213221543,-0.011,-0.011,0.0000,0.0832,0.0000,-0.0005,0.000,32.38,38.0,1,2065
213222861,-0.011,-0.011,0.0000,-0.0008,0.0000,-0.0005,0.000,32.38,38.0,1,2065
213223895,-0.011,-0.011,0.0000,-0.0084,0.0000,-0.0005,0.000,32.38,38.0,1,2065
213224892,-0.011,-0.011,0.0000,0.0237,0.0000,-0.0005,0.000,32.38,38.0,1,2065
213225891,-0.011,-0.011,0.0000,-0.0023,0.0000,-0.0005,0.000,32.38,38.0,1,2065
213226891,-0.011,-0.011,0.0000,-0.0404,0.0000,-0.0005,0.000,32.38,38.0,1,2065
213228220,-0.011,-0.011,0.0000,-0.0481,0.0000,-0.0005,0.000,32.38,38.0,1,2065
213228850,-0.011,-0.011,0.0000,0.0008,0.0000,-0.0005,0.000,32.38,38.0,1,2065
213229954,-0.011,-0.011,0.0000,0.1152,0.0000,-0.0005,0.000,32.38,38.0,1,2065
213231228,-0.011,-0.011,0.0000,-0.0542,0.0000,-0.0005,0.000,32.38,38.0,1,2065
213231543,-0.011,-0.011,0.0000,0.1152,0.0000,-0.0005,0.000,32.38,38.0,1,2065
213232874,-0.011,-0.011,0.0000,-0.0648,0.0000,-0.0005,0.000,32.38,38.0,1,2065
213233844,-0.011,-0.011,0.0000,-0.0435,0.0000,-0.0005,0.000,32.38,38.0,1,2065
213235240,-0.011,-0.011,0.0000,0.0221,0.0000,-0.0005,0.000,32.38,38.0,1,2065
213235847,-0.011,-0.011,0.0000,-0.1152,0.0000,-0.0005,0.000,32.38,38.0,1,2065
213236853,-0.011,-0.011,0.0000,0.1198,0.0000,-0.0005,0.000,32.38,38.0,1,2065
213238167,-0.011,-0.011,0.0000,-0.0969,0.0000,-0.0005,0.000,32.38,38.0,1,2065
213238750,-0.011,-0.011,0.0000,0.0694,0.0000,-0.0005,0.000,32.38,38.0,1,2065
213239871,-0.011,-0.011,0.0000,-0.1305,0.0000,-0.0005,0.000,32.38,38.0,1,2065
213240845,-0.011,-0.011,0.0000,-0.0099,0.0000,-0.0005,0.000,32.38,38.0,1,2065
213241923,-0.011,-0.011,0.0000,0.0664,0.0000,-0.0005,0.000,32.38,38.0,1,2065
213243178,-0.011,-0.011,0.0000,-0.1350,0.0000,-0.0005,0.000,32.38,38.0,1,2065
213243762,-0.011,-0.011,0.0000,0.0969,0.0000,-0.0005,0.000,32.38,38.0,1,2065
213244905,-0.011,-0.011,0.0000,-0.1137,0.0000,-0.0005,0.000,32.38,38.0,1,2065
213245848,-0.011,-0.011,0.0000,0.0008,0.0000,-0.0005,0.000,32.38,38.0,1,2065
213246855,-0.011,-0.011,0.0000,0.0343,0.0000,-0.0005,0.000,32.38,38.0,1,2065
213248168,-0.011,-0.011,0.0000,-0.0084,0.0000,-0.0005,0.000,32.38,38.0,1,2065
213248749,-0.011,-0.011,0.0000,0.0893,0.0000,-0.0005,0.000,32.38,38.0,1,2065
213249935,-0.011,-0.011,0.0000,0.0832,0.0000,-0.0005,0.000,32.38,38.0,1,2065
213251172,-0.011,-0.011,0.0000,-0.0221,0.0000,-0.0005,0.000,32.38,38.0,1,2065
213251542,-0.011,-0.011,0.0000,0.0374,0.0000,-0.0005,0.000,32.38,38.0,1,2065
213252865,-0.011,-0.011,0.0000,-0.0832,0.0000,-0.0005,0.000,32.38,38.0,1,2065
213253902,-0.011,-0.011,0.0000,0.0587,0.0000,-0.0005,0.000,32.38,38.0,1,2065
213255218,-0.011,-0.011,0.0000,0.0191,0.0000,-0.0005,0.000,32.38,38.0,1,2065
213255891,-0.011,-0.011,0.0000,-0.0572,0.0000,-0.0005,0.000,32.38,38.0,1,2065
213256891,-0.011,-0.011,0.0000,-0.0435,0.0000,-0.0005,0.000,32.38,38.0,1,2065
213258217,-0.011,-0.011,0.0000,0.0359,0.0000,-0.0005,0.000,32.38,38.0,1,2065
213258891,-0.011,-0.011,0.0000,-0.0343,0.0000,-0.0005,0.000,32.38,38.0,1,2065
213259893,-0.011,-0.011,0.0000,0.0282,0.0000,-0.0005,0.000,32.38,38.0,1,2065
213260890,-0.011,-0.011,0.0000,-0.1259,0.0000,-0.0005,0.000,32.38,38.0,1,2065
213261892,-0.011,-0.011,0.0000,0.1152,0.0000,-0.0005,0.000,32.38,38.0,1,2065
213263214,-0.011,-0.011,0.0000,-0.0114,0.0000,-0.0005,0.000,32.38,38.0,1,2065
213263890,-0.011,-0.011,0.0000,0.0282,0.0000,-0.0005,0.000,32.38,38.0,1,2065
213264889,-0.011,-0.011,0.0000,0.0084,0.0000,-0.0005,0.000,32.38,38.0,1,2065
213265892,-0.011,-0.011,0.0000,-0.0999,0.0000,-0.0005,0.000,32.38,38.0,1,2065
213266892,-0.011,-0.011,0.0000,0.0603,0.0000,-0.0005,0.000,32.38,38.0,1,2065
213268219,-0.011,-0.011,0.0000,0.0633,0.0000,-0.0005,0.000,32.38,38.0,1,2065
213268885,-0.011,-0.011,0.0000,-0.0023,0.0000,-0.0005,0.000,32.38,38.0,1,2065
213269892,-0.011,-0.011,0.0000,0.0099,0.0000,-0.0005,0.000,32.38,38.0,1,2065
213271210,-0.011,-0.011,0.0000,0.1060,0.0000,-0.0005,0.000,32.38,38.0,1,2065
213271565,-0.011,-0.011,0.0000,0.0175,0.0000,-0.0005,0.000,32.38,38.0,1,2065
213272882,-0.011,-0.011,0.0000,-0.0099,0.0000,-0.0005,0.000,32.38,38.0,1,2065
213273568,-0.011,-0.011,0.0000,-0.0786,0.0000,-0.0005,0.000,32.38,38.0,1,2065
213274892,-0.011,-0.011,0.0000,-0.0908,0.0000,-0.0005,0.000,32.38,38.0,1,2065
213275544,-0.011,-0.011,0.0000,0.0999,0.0000,-0.0005,0.000,32.38,38.0,1,2065
213276547,-0.011,-0.011,0.0000,0.0298,0.0000,-0.0005,0.000,32.38,38.0,1,2065
213277882,-0.011,-0.011,0.0000,0.0496,0.0000,-0.0005,0.000,32.38,38.0,1,2065
213278568,-0.011,-0.011,0.0000,0.0603,0.0000,-0.0005,0.000,32.38,38.0,1,2065
213279570,-0.011,-0.011,0.0000,0.0008,0.0000,-0.0005,0.000,32.38,38.0,1,2065
213280569,-0.011,-0.011,0.0000,0.0313,0.0000,-0.0005,0.000,32.38,38.0,1,2065
213281542,-0.011,-0.011,0.0000,0.0694,0.0000,-0.0005,0.000,32.38,38.0,1,2065
213282844,-0.011,-0.011,0.0000,-0.0587,0.0000,-0.0005,0.000,32.38,38.0,1,2065
213283573,-0.011,-0.011,0.0000,-0.0465,0.0000,-0.0005,0.000,32.38,38.0,1,2065
213284547,-0.011,-0.011,0.0000,0.0954,0.0000,-0.0005,0.000,32.38,38.0,1,2065
213285548,-0.011,-0.011,0.0000,-0.0343,0.0000,-0.0005,0.000,32.38,38.0,1,2065
213286542,-0.011,-0.011,0.0000,-0.0465,0.0000,-0.0005,0.000,32.38,38.0,1,2065
213287906,-0.011,-0.011,0.0000,0.0740,0.0000,-0.0005,0.000,32.38,38.0,1,2065
213288544,-0.011,-0.011,0.0000,0.0633,0.0000,-0.0005,0.000,32.38,38.0,1,2065
213289554,-0.011,-0.011,0.0000,-0.0038,0.0000,-0.0005,0.000,32.38,38.0,1,2065
213290858,-0.011,-0.011,0.0000,0.0481,0.0000,-0.0005,0.000,32.38,38.0,1,2065
213291588,-0.011,-0.011,0.0000,-0.0496,0.0000,-0.0005,0.000,32.38,38.0,1,2065
213292867,-0.011,-0.011,0.0000,0.0206,0.0000,-0.0005,0.000,32.38,38.0,1,2065
213293859,-0.011,-0.011,0.0000,0.0084,0.0000,-0.0005,0.000,32.38,38.0,1,2065
213295173,-0.011,-0.011,0.0000,-0.1305,0.0000,-0.0005,0.000,32.38,38.0,1,2065
213295845,-0.011,-0.011,0.0000,-0.0069,0.0000,-0.0005,0.000,32.38,38.0,1,2065
213296919,-0.011,-0.011,0.0000,0.0648,0.0000,-0.0005,0.000,32.38,38.0,1,2065
213298173,-0.011,-0.011,0.0000,0.0587,0.0000,-0.0005,0.000,32.41,38.0,1,2065
213298921,-0.011,-0.011,0.0000,0.0587,0.0000,-0.0005,0.000,32.41,38.0,1,2065
213299913,-0.011,-0.011,0.0000,0.0114,0.0000,-0.0005,0.000,32.41,38.0,1,2065
213300846,-0.011,-0.011,0.0000,0.0786,0.0000,-0.0005,0.000,32.41,38.0,1,2065
213301843,-0.011,-0.033,0.0000,-0.0725,0.0000,-0.0005,0.000,32.41,38.0,1,2065
213303221,-0.033,-0.011,0.0000,0.1183,0.0000,-0.0005,0.000,32.41,38.0,1,2065
213303890,-0.011,-0.011,0.0000,-0.0786,0.0000,-0.0005,0.000,32.41,38.0,1,2065
213304893,-0.011,-0.011,0.0000,-0.0008,0.0000,-0.0005,0.000,32.41,38.0,1,2065
213305891,-0.011,-0.011,0.0000,-0.0313,0.0000,-0.0005,0.000,32.41,38.0,1,2065
213306892,-0.011,-0.011,0.0000,0.0267,0.0000,-0.0005,0.000,32.41,38.0,1,2065
213308215,-0.011,-0.011,0.0000,-0.0023,0.0000,-0.0005,0.000,32.41,38.0,1,2065
213308892,-0.011,-0.011,0.0000,-0.0328,0.0000,-0.0005,0.000,32.41,38.0,1,2065
213309892,-0.011,-0.011,0.0000,0.0053,0.0000,-0.0005,0.000,32.41,38.0,1,2065
213311218,-0.011,-0.011,0.0000,0.0145,0.0000,-0.0005,0.000,32.41,38.0,1,2065
213311567,-0.011,-0.011,0.0000,-0.0435,0.0000,-0.0005,0.000,32.41,38.0,1,2065
213312884,-0.011,-0.011,0.0000,-0.0114,0.0000,-0.0005,0.000,32.41,38.0,1,2065
213313571,-0.011,-0.011,0.0000,-0.0191,0.0000,-0.0005,0.000,32.41,38.0,1,2065
213314885,-0.011,-0.011,0.0000,0.0298,0.0000,-0.0005,0.000,32.41,38.0,1,2065
213315570,-0.011,-0.011,0.0000,0.0282,0.0000,-0.0005,0.000,32.41,38.0,1,2065
213316570,-0.011,-0.011,0.0000,0.0084,0.0000,-0.0005,0.000,32.41,38.0,1,2065
213317881,-0.011,-0.011,0.0000,0.0099,0.0000,-0.0005,0.000,32.41,38.0,1,2065
213318570,-0.011,-0.011,0.0000,-0.1457,0.0000,-0.0005,0.000,32.41,38.0,1,2065
213319570,-0.011,-0.011,0.0000,-0.0023,0.0000,-0.0005,0.000,32.41,38.0,1,2065
213320568,-0.011,-0.011,0.0000,0.0572,0.0000,-0.0005,0.000,32.41,38.0,1,2065
213321544,-0.011,-0.011,0.0000,-0.0481,0.0000,-0.0005,0.000,32.41,38.0,1,2065
213322860,-0.011,-0.011,0.0000,-0.0435,0.0000,-0.0005,0.000,32.41,38.0,1,2065
213323891,-0.011,-0.011,0.0000,-0.0023,0.0000,-0.0005,0.000,32.41,38.0,1,2065
213324890,-0.011,-0.011,0.0000,0.0023,0.0000,-0.0005,0.000,32.41,38.0,1,2065
213325891,-0.011,-0.011,0.0000,0.0618,0.0000,-0.0005,0.000,32.41,38.0,1,2065
213326888,-0.011,-0.011,0.0000,-0.0282,0.0000,-0.0005,0.000,32.41,38.0,1,2065
213328216,-0.011,-0.011,0.0000,0.0633,0.0000,-0.0005,0.000,32.41,38.0,1,2065
213328874,-0.011,-0.011,0.0000,-0.1015,0.0000,-0.0005,0.000,32.41,38.0,1,2065
213329937,-0.011,-0.011,0.0000,-0.0786,0.0000,-0.0005,0.000,32.41,38.0,1,2065
213331227,-0.011,-0.011,0.0000,0.0145,0.0000,-0.0005,0.000,32.41,38.0,1,2065
213331543,-0.011,-0.011,0.0000,0.0984,0.0000,-0.0005,0.000,32.41,38.0,1,2065
213332874,-0.011,-0.011,0.0000,-0.0008,0.0000,-0.0005,0.000,32.41,38.0,1,2065
213333543,-0.011,-0.011,0.0000,-0.0526,0.0000,-0.0005,0.000,32.41,38.0,1,2065
213334911,-0.011,-0.011,0.0000,-0.0511,0.0000,-0.0005,0.000,32.41,38.0,1,2065
213335547,-0.011,-0.011,0.0000,-0.0023,0.0000,-0.0005,0.000,32.41,38.0,1,2065
213336554,-0.011,-0.011,0.0000,0.0694,0.0000,-0.0005,0.000,32.41,38.0,1,2065
213337856,-0.011,-0.011,0.0000,0.0694,0.0000,-0.0005,0.000,32.41,38.0,1,2065
213338901,-0.011,-0.011,0.0000,0.0542,0.0000,-0.0005,0.000,32.41,38.0,1,2065
213339847,-0.011,-0.011,0.0000,-0.0526,0.0000,-0.0005,0.000,32.41,38.0,1,2065
213340917,-0.011,-0.011,0.0000,-0.0557,0.0000,-0.0005,0.000,32.41,38.0,1,2065
213341849,-0.011,-0.011,0.0000,0.0267,0.0000,-0.0005,0.000,32.41,38.0,1,2065
213343235,-0.011,-0.011,0.0000,-0.0099,0.0000,-0.0005,0.000,32.41,38.0,1,2065
213343874,-0.011,-0.011,0.0000,-0.0221,0.0000,-0.0005,0.000,32.41,38.0,1,2065
213344855,-0.011,-0.011,0.0000,0.0069,0.0000,-0.0005,0.000,32.41,38.0,1,2065
213345848,-0.011,-0.011,0.0000,0.0191,0.0000,-0.0005,0.000,32.41,38.0,1,2065
213346910,-0.011,-0.011,0.0000,0.0099,0.0000,-0.0005,0.000,32.41,38.0,1,2065
213348171,-0.011,-0.011,0.0000,-0.0084,0.0000,-0.0005,0.000,32.41,38.0,1,2065
213348926,-0.011,-0.011,0.0000,0.0435,0.0000,-0.0005,0.000,32.41,38.0,1,2065
213349911,-0.011,-0.011,0.0000,-0.0114,0.0000,-0.0005,0.000,32.41,38.0,1,2065
213351177,-0.011,-0.011,0.0000,0.0191,0.0000,-0.0005,0.000,32.41,38.0,1,2065
213351847,-0.011,-0.011,0.0000,0.0130,0.0000,-0.0005,0.000,32.41,38.0,1,2065
213353174,-0.011,-0.011,0.0000,-0.0298,0.0000,-0.0005,0.000,32.38,38.0,1,2065
213353893,-0.011,-0.011,0.0000,0.0038,0.0000,-0.0005,0.000,32.38,38.0,1,2065
213355221,-0.011,-0.011,0.0000,0.0191,0.0000,-0.0005,0.000,32.38,38.0,1,2065
213355887,-0.011,-0.033,0.0000,-0.0496,0.0000,-0.0005,0.000,32.38,38.0,1,2065
213356887,-0.033,-0.011,0.0000,0.0542,0.0000,-0.0005,0.000,32.38,38.0,1,2065
213358216,-0.011,-0.011,0.0000,-0.0069,0.0000,-0.0005,0.000,32.38,38.0,1,2065
213358886,-0.011,-0.011,0.0000,-0.0725,0.0000,-0.0005,0.000,32.38,38.0,1,2065
213359889,-0.011,-0.011,0.0000,0.0298,0.0000,-0.0005,0.000,32.38,38.0,1,2065
213360887,-0.011,-0.033,0.0000,-0.0694,0.0000,-0.0005,0.000,32.38,38.0,1,2065
213361887,-0.033,-0.011,0.0000,0.0694,0.0000,-0.0005,0.000,32.38,38.0,1,2065
213363212,-0.011,-0.011,0.0000,-0.0542,0.0000,-0.0005,0.000,32.38,38.0,1,2065
213363885,-0.011,-0.011,0.0000,0.0252,0.0000,-0.0005,0.000,32.38,38.0,1,2065
213364887,-0.011,-0.011,0.0000,0.0038,0.0000,-0.0005,0.000,32.38,38.0,1,2065
213365888,-0.011,-0.011,0.0000,-0.0877,0.0000,-0.0005,0.000,32.38,38.0,1,2065
213366889,-0.011,-0.011,0.0000,-0.0282,0.0000,-0.0005,0.000,32.38,38.0,1,2065
213368212,-0.011,-0.011,0.0000,-0.0328,0.0000,-0.0005,0.000,32.38,38.0,1,2065
213368886,-0.011,-0.011,0.0000,0.0633,0.0000,-0.0005,0.000,32.38,38.0,1,2065
213369887,-0.011,-0.011,0.0000,-0.0343,0.0000,-0.0005,0.000,32.38,38.0,1,2065
213371206,-0.011,-0.011,0.0000,-0.0252,0.0000,-0.0005,0.000,32.38,38.0,1,2065
213371566,-0.011,-0.011,0.0000,0.0313,0.0000,-0.0005,0.000,32.38,38.0,1,2065
213372884,-0.011,-0.033,0.0000,-0.0587,0.0000,-0.0005,0.000,32.38,38.0,1,2065
213373567,-0.033,-0.011,0.0000,0.0786,0.0000,-0.0005,0.000,32.38,38.0,1,2065
213374889,-0.011,-0.011,0.0000,0.0099,0.0000,-0.0005,0.000,32.38,38.0,1,2065
213375569,-0.011,-0.011,0.0000,-0.0389,0.0000,-0.0005,0.000,32.38,38.0,1,2065
213376547,-0.011,-0.011,0.0000,0.0206,0.0000,-0.0005,0.000,32.38,38.0,1,2065
213377879,-0.011,-0.011,0.0000,-0.1411,0.0000,-0.0005,0.000,32.38,38.0,1,2065
213378568,-0.011,-0.033,0.0000,0.0038,0.0000,-0.0005,0.000,32.38,38.0,1,2065
213379569,-0.033,-0.011,0.0000,0.0572,0.0000,-0.0005,0.000,32.38,38.0,1,2065
213380444,-0.011,-0.011,0.0000,0.1427,0.0000,-0.0005,0.000,32.38,38.0,1,2065
213381542,-0.011,-0.011,0.0000,-0.1610,0.0000,-0.0005,0.000,32.38,38.0,1,2065
213382862,-0.011,-0.011,0.0000,0.0252,0.0000,-0.0005,0.000,32.38,38.0,1,2065
213383667,-0.011,-0.011,0.0000,-0.0038,0.0000,-0.0005,0.000,32.38,38.0,1,2065
213384583,-0.011,-0.011,0.0000,-0.0847,0.0000,-0.0005,0.000,32.38,38.0,1,2065
213385542,-0.011,-0.011,0.0000,-0.0145,0.0000,-0.0005,0.000,32.38,38.0,1,2065
213386549,-0.011,-0.011,0.0000,-0.1457,0.0000,-0.0005,0.000,32.38,38.0,1,2065
213387869,-0.011,-0.011,0.0000,0.0435,0.0000,-0.0005,0.000,32.38,38.0,1,2065
213388588,-0.011,-0.011,0.0000,0.1106,0.0000,-0.0005,0.000,32.38,38.0,1,2065
213389548,-0.011,-0.011,0.0000,-0.0648,0.0000,-0.0005,0.000,32.38,38.0,1,2065
213390868,-0.011,-0.011,0.0000,0.0282,0.0000,-0.0005,0.000,32.38,38.0,1,2065
213391543,-0.011,-0.011,0.0000,0.0572,0.0000,-0.0005,0.000,32.38,38.0,1,2065
213392904,-0.011,-0.011,0.0000,-0.0328,0.0000,-0.0005,0.000,32.38,38.0,1,2065
213393547,-0.011,-0.011,0.0000,0.0847,0.0000,-0.0005,0.000,32.38,38.0,1,2065
213394950,-0.011,-0.011,0.0000,-0.0328,0.0000,-0.0005,0.000,32.38,38.0,1,2065
213395874,-0.011,-0.011,0.0000,0.0404,0.0000,-0.0005,0.000,32.38,38.0,1,2065
213396917,-0.011,-0.011,0.0000,0.0511,0.0000,-0.0005,0.000,32.38,38.0,1,2065
213398203,-0.011,-0.011,0.0000,-0.0252,0.0000,-0.0005,0.000,32.38,38.0,1,2065
213398910,-0.011,-0.011,0.0000,-0.0069,0.0000,-0.0005,0.000,32.38,38.0,1,2065
213399918,-0.011,-0.011,0.0000,-0.0374,0.0000,-0.0005,0.000,32.38,38.0,1,2065
213400845,-0.011,-0.011,0.0000,-0.0023,0.0000,-0.0005,0.000,32.38,38.0,1,2065
213401843,-0.011,-0.011,0.0000,-0.0648,0.0000,-0.0005,0.000,32.38,38.0,1,2065
213403220,-0.011,-0.011,0.0000,-0.0206,0.0000,-0.0005,0.000,32.38,38.0,1,2065
213403886,-0.011,-0.011,0.0000,0.0008,0.0000,-0.0005,0.000,32.38,38.0,1,2065
213404889,-0.011,-0.011,0.0000,0.0359,0.0000,-0.0005,0.000,32.38,38.0,1,2065
213405888,-0.011,-0.011,0.0000,0.0023,0.0000,-0.0005,0.000,32.38,38.0,1,2065
213406889,-0.011,-0.011,0.0000,0.0206,0.0000,-0.0005,0.000,32.38,38.0,1,2065
213408214,-0.011,-0.011,0.0000,0.0465,0.0000,-0.0005,0.000,32.38,38.0,1,2065
213408884,-0.011,-0.011,0.0000,-0.0648,0.0000,-0.0005,0.000,32.38,38.0,1,2065
213409886,-0.011,-0.033,0.0000,-0.0038,0.0000,-0.0005,0.000,32.38,38.0,1,2065
213411210,-0.033,-0.011,0.0000,0.0069,0.0000,-0.0005,0.000,32.38,38.0,1,2065
213411556,-0.011,-0.011,0.0000,-0.0252,0.0000,-0.0005,0.000,32.38,38.0,1,2065
213412885,-0.011,-0.011,0.0000,-0.0618,0.0000,-0.0005,0.000,32.38,38.0,1,2065
213413569,-0.011,-0.011,0.0000,-0.0313,0.0000,-0.0005,0.000,32.38,38.0,1,2065
213414886,-0.011,-0.011,0.0000,-0.0954,0.0000,-0.0005,0.000,32.38,38.0,1,2065
213415568,-0.011,-0.011,0.0000,0.0328,0.0000,-0.0005,0.000,32.38,38.0,1,2065
213416570,-0.011,-0.011,0.0000,0.0175,0.0000,-0.0005,0.000,32.38,38.0,1,2065
213417882,-0.011,-0.011,0.0000,-0.0725,0.0000,-0.0005,0.000,32.38,38.0,1,2065
213418569,-0.011,-0.011,0.0000,-0.0389,0.0000,-0.0005,0.000,32.38,38.0,1,2065
213419571,-0.011,-0.011,0.0000,0.0099,0.0000,-0.0005,0.000,32.38,38.0,1,2065
213420569,-0.011,-0.011,0.0000,0.0237,0.0000,-0.0005,0.000,32.38,38.0,1,2065
213421543,-0.011,-0.011,0.0000,-0.0465,0.0000,-0.0005,0.000,32.38,38.0,1,2065
213422859,-0.011,-0.011,0.0000,-0.0191,0.0000,-0.0005,0.000,32.38,38.0,1,2065
213423570,-0.011,-0.011,0.0000,0.0435,0.0000,-0.0005,0.000,32.38,38.0,1,2065
213424570,-0.011,-0.011,0.0000,0.0343,0.0000,-0.0005,0.000,32.38,38.0,1,2065
213425565,-0.011,-0.011,0.0000,0.0587,0.0000,-0.0005,0.000,32.38,38.0,1,2065
213426569,-0.011,-0.011,0.0000,0.0145,0.0000,-0.0005,0.000,32.38,38.0,1,2065
213427862,-0.011,-0.011,0.0000,-0.0542,0.0000,-0.0005,0.000,32.38,38.0,1,2065
213428663,-0.011,-0.011,0.0000,0.0923,0.0000,-0.0005,0.000,32.38,38.0,1,2065
213429584,-0.011,-0.011,0.0000,-0.0237,0.0000,-0.0005,0.000,32.38,38.0,1,2065
213430859,-0.011,-0.011,0.0000,-0.0771,0.0000,-0.0005,0.000,32.38,38.0,1,2065
213431552,-0.011,-0.011,0.0000,-0.0771,0.0000,-0.0005,0.000,32.38,38.0,1,2065
213432868,-0.011,-0.011,0.0000,-0.0343,0.0000,-0.0005,0.000,32.38,38.0,1,2065
213433587,-0.011,-0.011,0.0000,0.1503,0.0000,-0.0005,0.000,32.38,38.0,1,2065
213434873,-0.011,-0.011,0.0000,-0.0069,0.0000,-0.0005,0.000,32.38,38.0,1,2065
213435550,-0.011,-0.011,0.0000,-0.0603,0.0000,-0.0005,0.000,32.38,38.0,1,2065
213436547,-0.011,-0.011,0.0000,-0.0359,0.0000,-0.0005,0.000,32.38,38.0,1,2065
213437904,-0.011,-0.011,0.0000,-0.0145,0.0000,-0.0005,0.000,32.38,38.0,1,2065
213438548,-0.011,-0.011,0.0000,0.0084,0.0000,-0.0005,0.000,32.38,38.0,1,2065
213439625,-0.011,-0.011,0.0000,-0.0465,0.0000,-0.0005,0.000,32.38,38.0,1,2065
213440544,-0.011,-0.011,0.0000,-0.0175,0.0000,-0.0005,0.000,32.38,38.0,1,2065
213441594,-0.011,-0.011,0.0000,-0.0160,0.0000,-0.0005,0.000,32.38,38.0,1,2065
213442865,-0.011,-0.011,0.0000,0.0603,0.0000,-0.0005,0.000,32.38,38.0,1,2065
213443556,-0.011,-0.011,0.0000,-0.0603,0.0000,-0.0005,0.000,32.38,38.0,1,2065
213444547,-0.011,-0.011,0.0000,-0.0069,0.0000,-0.0005,0.000,32.38,38.0,1,2065
213445583,-0.011,-0.011,0.0000,0.0664,0.0000,-0.0005,0.000,32.38,38.0,1,2065
213446546,-0.011,-0.011,0.0000,-0.0359,0.0000,-0.0005,0.000,32.38,38.0,1,2065
213447873,-0.011,-0.011,0.0000,-0.0175,0.0000,-0.0005,0.000,32.38,38.0,1,2065
213448546,-0.011,-0.011,0.0000,-0.0633,0.0000,-0.0005,0.000,32.38,38.0,1,2065
213449643,-0.011,-0.011,0.0000,0.0282,0.0000,-0.0005,0.000,32.38,38.0,1,2065
213450932,-0.011,-0.011,0.0000,0.0618,0.0000,-0.0005,0.000,32.38,38.0,1,2065
213451543,-0.011,-0.011,0.0000,0.0008,0.0000,-0.0005,0.000,32.38,38.0,1,2065
213452862,-0.011,-0.011,0.0000,-0.0633,0.0000,-0.0005,0.000,32.38,38.0,1,2065
213453600,-0.011,-0.011,0.0000,-0.0389,0.0000,-0.0005,0.000,32.38,38.0,1,2065
213454885,-0.011,-0.011,0.0000,-0.0420,0.0000,-0.0005,0.000,32.38,38.0,1,2065
213455567,-0.011,-0.011,0.0000,-0.0298,0.0000,-0.0005,0.000,32.38,38.0,1,2065
213456569,-0.011,-0.011,0.0000,-0.0572,0.0000,-0.0005,0.000,32.38,38.0,1,2065
213457881,-0.011,-0.011,0.0000,-0.0114,0.0000,-0.0005,0.000,32.38,38.0,1,2065
213458567,-0.011,-0.011,0.0000,-0.0160,0.0000,-0.0005,0.000,32.38,38.0,1,2065
213459569,-0.011,-0.011,0.0000,-0.0725,0.0000,-0.0005,0.000,32.38,38.0,1,2065
213460564,-0.011,-0.011,0.0000,-0.0069,0.0000,-0.0005,0.000,32.38,38.0,1,2065
213461565,-0.011,-0.011,0.0000,-0.0542,0.0000,-0.0005,0.000,32.38,38.0,1,2065
213462881,-0.011,-0.011,0.0000,-0.0710,0.0000,-0.0005,0.000,32.38,38.0,1,2065
213463563,-0.011,-0.011,0.0000,-0.0252,0.0000,-0.0005,0.000,32.38,38.0,1,2065
213464569,-0.011,-0.011,0.0000,0.0130,0.0000,-0.0005,0.000,32.38,38.0,1,2065
213465564,-0.011,-0.011,0.0000,0.1305,0.0000,-0.0005,0.000,32.38,38.0,1,2065
213466564,-0.011,-0.011,0.0000,-0.0496,0.0000,-0.0005,0.000,32.38,38.0,1,2065
213467885,-0.011,-0.011,0.0000,-0.0450,0.0000,-0.0005,0.000,32.38,38.0,1,2065
213468547,-0.011,-0.011,0.0000,0.0969,0.0000,-0.0005,0.000,32.38,38.0,1,2065
213469547,-0.011,-0.011,0.0000,0.0618,0.0000,-0.0005,0.000,32.38,38.0,1,2065
213470878,-0.011,-0.011,0.0000,-0.1076,0.0000,-0.0005,0.000,32.38,38.0,1,2065
213471563,-0.011,-0.011,0.0000,-0.1167,0.0000,-0.0005,0.000,32.38,38.0,1,2065
213472880,-0.011,-0.011,0.0000,-0.0923,0.0000,-0.0005,0.000,32.38,38.0,1,2065
213473573,-0.011,-0.011,0.0000,0.0145,0.0000,-0.0005,0.000,32.38,38.0,1,2065
213474868,-0.011,-0.011,0.0000,0.0557,0.0000,-0.0005,0.000,32.38,38.0,1,2065
213475667,-0.011,-0.011,0.0000,0.0191,0.0000,-0.0005,0.000,32.38,38.0,1,2065
213476590,-0.011,-0.011,0.0000,0.0023,0.0000,-0.0005,0.000,32.38,38.0,1,2065
213477870,-0.011,-0.011,0.0000,0.1152,0.0000,-0.0005,0.000,32.38,38.0,1,2065
213478552,-0.011,-0.011,0.0000,-0.0542,0.0000,-0.0005,0.000,32.38,38.0,1,2065
213479548,-0.011,-0.011,0.0000,0.0175,0.0000,-0.0005,0.000,32.38,38.0,1,2065
213480542,-0.011,-0.011,0.0000,-0.0618,0.0000,-0.0005,0.000,32.38,38.0,1,2065
213481641,-0.011,-0.011,0.0000,-0.0237,0.0000,-0.0005,0.000,32.38,38.0,1,2065
213482866,-0.011,-0.011,0.0000,-0.0603,0.0000,-0.0005,0.000,32.38,38.0,1,2065
213483550,-0.011,-0.011,0.0000,0.0343,0.0000,-0.0005,0.000,32.38,38.0,1,2065
213484547,-0.011,-0.011,0.0000,0.0755,0.0000,-0.0005,0.000,32.38,38.0,1,2065
213485590,-0.011,-0.011,0.0000,-0.1167,0.0000,-0.0005,0.000,32.38,38.0,1,2065
213486542,-0.011,-0.033,0.0000,-0.0237,0.0000,-0.0005,0.000,32.38,38.0,1,2065
213487872,-0.033,-0.011,0.0000,0.0008,0.0000,-0.0005,0.000,32.38,38.0,1,2065
213488543,-0.011,-0.011,0.0000,0.0679,0.0000,-0.0005,0.000,32.38,38.0,1,2065
213489519,-0.011,-0.011,0.0000,0.0298,0.0000,-0.0005,0.000,32.38,38.0,1,2065
213490861,-0.011,-0.011,0.0000,0.1274,0.0000,-0.0005,0.000,32.38,38.0,1,2065
213491542,-0.011,-0.011,0.0000,-0.0648,0.0000,-0.0005,0.000,32.38,38.0,1,2065
213492873,-0.011,-0.011,0.0000,0.0114,0.0000,-0.0005,0.000,32.38,38.0,1,2065
213493542,-0.011,-0.011,0.0000,0.0877,0.0000,-0.0005,0.000,32.38,38.0,1,2065
213494914,-0.011,-0.011,0.0000,0.0877,0.0000,-0.0005,0.000,32.38,38.0,1,2065
213495544,-0.011,-0.011,0.0000,-0.0847,0.0000,-0.0005,0.000,32.38,38.0,1,2065
213496554,-0.011,-0.011,0.0000,-0.0252,0.0000,-0.0005,0.000,32.38,38.0,1,2065
213497857,-0.011,-0.011,0.0000,0.0633,0.0000,-0.0005,0.000,32.38,38.0,1,2065
213498592,-0.011,-0.033,0.0000,0.0374,0.0000,-0.0005,0.000,32.38,38.0,1,2065
213499547,-0.033,-0.011,0.0000,-0.0069,0.0000,-0.0005,0.000,32.38,38.0,1,2065
213500655,-0.011,-0.011,0.0000,0.0694,0.0000,-0.0005,0.000,32.38,38.0,1,2065
213501543,-0.011,-0.011,0.0000,0.0160,0.0000,-0.0005,0.000,32.38,38.0,1,2065
213502866,-0.011,-0.011,0.0000,0.0099,0.0000,-0.0005,0.000,32.38,38.0,1,2065
213503598,-0.011,-0.011,0.0000,0.0145,0.0000,-0.0005,0.000,32.38,38.0,1,2065
213504570,-0.011,-0.011,0.0000,0.0633,0.0000,-0.0005,0.000,32.38,38.0,1,2065
213505565,-0.011,-0.011,0.0000,-0.0069,0.0000,-0.0005,0.000,32.38,38.0,1,2065
213506565,-0.011,-0.011,0.0000,0.1106,0.0000,-0.0005,0.000,32.38,38.0,1,2065
213507882,-0.011,-0.011,0.0000,-0.0603,0.0000,-0.0005,0.000,32.38,38.0,1,2065
213508567,-0.011,-0.011,0.0000,0.0084,0.0000,-0.0005,0.000,32.38,38.0,1,2065
213509570,-0.011,-0.011,0.0000,-0.0847,0.0000,-0.0005,0.000,32.38,38.0,1,2065
213510881,-0.011,-0.011,0.0000,0.0191,0.0000,-0.0005,0.000,32.38,38.0,1,2065
213511566,-0.011,-0.011,0.0000,0.0877,0.0000,-0.0005,0.000,32.38,38.0,1,2065
213512883,-0.011,-0.011,0.0000,0.0465,0.0000,-0.0005,0.000,32.38,38.0,1,2065
213513567,-0.011,-0.011,0.0000,-0.0587,0.0000,-0.0005,0.000,32.38,38.0,1,2065
213514888,-0.011,-0.011,0.0000,-0.0298,0.0000,-0.0005,0.000,32.38,38.0,1,2065
213515567,-0.011,-0.011,0.0000,-0.0404,0.0000,-0.0005,0.000,32.38,38.0,1,2065
213516571,-0.011,-0.011,0.0000,0.0008,0.0000,-0.0005,0.000,32.38,38.0,1,2065
213517886,-0.011,-0.011,0.0000,-0.0862,0.0000,-0.0005,0.000,32.38,38.0,1,2065
213518545,-0.011,-0.011,0.0000,-0.0435,0.0000,-0.0005,0.000,32.38,38.0,1,2065
213519547,-0.011,-0.011,0.0000,-0.0694,0.0000,-0.0005,0.000,32.38,38.0,1,2065
213520567,-0.011,-0.011,0.0000,-0.0114,0.0000,-0.0005,0.000,32.38,38.0,1,2065
213521563,-0.011,-0.011,0.0000,-0.0175,0.0000,-0.0005,0.000,32.38,38.0,1,2065
213522881,-0.011,-0.011,0.0000,-0.0237,0.0000,-0.0005,0.000,32.38,38.0,1,2065
213523574,-0.011,-0.011,0.0000,0.0404,0.0000,-0.0005,0.000,32.38,38.0,1,2065
213524547,-0.011,-0.011,0.0000,0.0374,0.0000,-0.0005,0.000,32.38,38.0,1,2065
213525528,-0.011,-0.011,0.0000,-0.0465,0.0000,-0.0005,0.000,32.38,38.0,1,2065
213526563,-0.011,-0.011,0.0000,-0.0206,0.0000,-0.0005,0.000,32.38,38.0,1,2065
213527865,-0.011,-0.011,0.0000,-0.0694,0.0000,-0.0005,0.000,32.38,38.0,1,2065
213528553,-0.011,-0.011,0.0000,0.1366,0.0000,-0.0005,0.000,32.38,38.0,1,2065
213529548,-0.011,-0.011,0.0000,0.0328,0.0000,-0.0005,0.000,32.38,38.0,1,2065
213530859,-0.011,-0.011,0.0000,-0.1564,0.0000,-0.0005,0.000,32.38,38.0,1,2065
213531569,-0.011,-0.011,0.0000,0.0023,0.0000,-0.0005,0.000,32.38,38.0,1,2065
213532896,-0.011,-0.011,0.0000,0.0252,0.0000,-0.0005,0.000,32.38,38.0,1,2065
213533546,-0.011,-0.011,0.0000,-0.0298,0.0000,-0.0005,0.000,32.38,38.0,1,2065
213534870,-0.011,-0.011,0.0000,0.0023,0.0000,-0.0005,0.000,32.38,38.0,1,2065
213535544,-0.011,-0.011,0.0000,0.0542,0.0000,-0.0005,0.000,32.38,38.0,1,2065
213536590,-0.011,-0.011,0.0000,0.0771,0.0000,-0.0005,0.000,32.38,38.0,1,2065
213537867,-0.011,-0.011,0.0000,-0.0481,0.0000,-0.0005,0.000,32.38,38.0,1,2065
213538546,-0.011,-0.011,0.0000,-0.0938,0.0000,-0.0005,0.000,32.38,38.0,1,2065
213539548,-0.011,-0.011,0.0000,-0.0282,0.0000,-0.0005,0.000,32.38,38.0,1,2065
213540542,-0.011,-0.011,0.0000,0.0053,0.0000,-0.0005,0.000,32.38,38.0,1,2065
213541598,-0.011,-0.011,0.0000,-0.0252,0.0000,-0.0005,0.000,32.38,38.0,1,2065
213542865,-0.011,-0.011,0.0000,-0.0343,0.0000,-0.0005,0.000,32.38,38.0,1,2065
213543554,-0.011,-0.011,0.0000,0.0252,0.0000,-0.0005,0.000,32.38,38.0,1,2065
213544547,-0.011,-0.011,0.0000,0.0053,0.0000,-0.0005,0.000,32.38,38.0,1,2065
213545587,-0.011,-0.011,0.0000,0.0481,0.0000,-0.0005,0.000,32.38,38.0,1,2065
213546542,-0.011,-0.011,0.0000,-0.0069,0.0000,-0.0005,0.000,32.38,38.0,1,2065
213547875,-0.011,-0.011,0.0000,0.0114,0.0000,-0.0005,0.000,32.38,38.0,1,2065
213548543,-0.011,-0.011,0.0000,-0.0893,0.0000,-0.0005,0.000,32.38,38.0,1,2065
213549534,-0.011,-0.011,0.0000,-0.0877,0.0000,-0.0005,0.000,32.38,38.0,1,2065
213550860,-0.011,-0.011,0.0000,0.0343,0.0000,-0.0005,0.000,32.38,38.0,1,2065
213551542,-0.011,-0.011,0.0000,-0.0069,0.0000,-0.0005,0.000,32.38,38.0,1,2065
213552961,-0.011,-0.011,0.0000,0.0511,0.0000,-0.0005,0.000,32.38,38.0,1,2065
213553545,-0.011,-0.011,0.0000,0.0038,0.0000,-0.0005,0.000,32.38,38.0,1,2065
213554863,-0.011,-0.011,0.0000,-0.0008,0.0000,-0.0005,0.000,32.38,38.0,1,2065
213555603,-0.011,-0.011,0.0000,0.0069,0.0000,-0.0005,0.000,32.38,38.0,1,2065
213556571,-0.011,-0.011,0.0000,-0.0694,0.0000,-0.0005,0.000,32.38,38.0,1,2065
213557883,-0.011,-0.011,0.0000,-0.0648,0.0000,-0.0005,0.000,32.38,38.0,1,2065
213558570,-0.011,-0.011,0.0000,-0.0786,0.0000,-0.0005,0.000,32.38,38.0,1,2065
213559571,-0.011,-0.011,0.0000,0.0298,0.0000,-0.0005,0.000,32.38,38.0,1,2065
213560566,-0.011,-0.011,0.0000,-0.0587,0.0000,-0.0005,0.000,32.38,38.0,1,2065
213561566,-0.011,-0.011,0.0000,0.1030,0.0000,-0.0005,0.000,32.38,38.0,1,2065
213562884,-0.011,-0.011,0.0000,-0.0023,0.0000,-0.0005,0.000,32.38,38.0,1,2065
213563570,-0.011,-0.011,0.0000,0.0648,0.0000,-0.0005,0.000,32.38,38.0,1,2065
213564570,-0.011,-0.011,0.0000,-0.1213,0.0000,-0.0005,0.000,32.38,38.0,1,2065
213565566,-0.011,-0.011,0.0000,0.0801,0.0000,-0.0005,0.000,32.38,38.0,1,2065
213566565,-0.011,-0.011,0.0000,-0.0237,0.0000,-0.0005,0.000,32.38,38.0,1,2065
213567883,-0.011,-0.011,0.0000,-0.1106,0.0000,-0.0005,0.000,32.38,38.0,1,2065
213568571,-0.011,-0.011,0.0000,-0.0267,0.0000,-0.0005,0.000,32.38,38.0,1,2065
213569577,-0.011,-0.011,0.0000,-0.0130,0.0000,-0.0005,0.000,32.38,38.0,1,2065
213570859,-0.011,-0.011,0.0000,0.0984,0.0000,-0.0005,0.000,32.38,38.0,1,2065
213571543,-0.011,-0.011,0.0000,-0.0206,0.0000,-0.0005,0.000,32.38,38.0,1,2065
213572882,-0.011,-0.011,0.0000,0.0237,0.0000,-0.0005,0.000,32.38,38.0,1,2065
213573570,-0.011,-0.011,0.0000,0.0389,0.0000,-0.0005,0.000,32.38,38.0,1,2065
213574886,-0.011,-0.011,0.0000,-0.0191,0.0000,-0.0005,0.000,32.38,38.0,1,2065
213575574,-0.011,-0.011,0.0000,-0.0053,0.0000,-0.0005,0.000,32.38,38.0,1,2065
213576547,-0.011,-0.011,0.0000,0.0572,0.0000,-0.0005,0.000,32.38,38.0,1,2065
213577847,-0.011,-0.011,0.0000,0.0710,0.0000,-0.0005,0.000,32.38,38.0,1,2065
213578569,-0.011,-0.011,0.0000,0.0008,0.0000,-0.0005,0.000,32.38,38.0,1,2065
213579547,-0.011,-0.011,0.0000,-0.0191,0.0000,-0.0005,0.000,32.38,38.0,1,2065
213580622,-0.011,-0.011,0.0000,0.0313,0.0000,-0.0005,0.000,32.38,38.0,1,2065
213581543,-0.011,-0.011,0.0000,0.0526,0.0000,-0.0005,0.000,32.38,38.0,1,2065
213582963,-0.011,-0.011,0.0000,-0.0267,0.0000,-0.0005,0.000,32.38,38.0,1,2065
213583546,-0.011,-0.011,0.0000,-0.0069,0.0000,-0.0005,0.000,32.38,38.0,1,2065
213584555,-0.011,-0.011,0.0000,-0.0267,0.0000,-0.0005,0.000,32.38,38.0,1,2065
213585542,-0.011,-0.011,0.0000,0.0023,0.0000,-0.0005,0.000,32.38,38.0,1,2065
213586588,-0.011,-0.011,0.0000,-0.0710,0.0000,-0.0005,0.000,32.38,38.0,1,2065
213587865,-0.011,-0.011,0.0000,0.0374,0.0000,-0.0005,0.000,32.38,38.0,1,2065
213588553,-0.011,-0.011,0.0000,0.0832,0.0000,-0.0005,0.000,32.38,38.0,1,2065
213589547,-0.011,-0.011,0.0000,0.0038,0.0000,-0.0005,0.000,32.38,38.0,1,2065
213590842,-0.011,-0.011,0.0000,-0.1427,0.0000,-0.0005,0.000,32.38,38.0,1,2065
213591541,-0.011,-0.011,0.0000,-0.0359,0.0000,-0.0005,0.000,32.38,38.0,1,2065
213592864,-0.011,-0.011,0.0000,0.0679,0.0000,-0.0005,0.000,32.38,38.0,1,2065
213593550,-0.011,-0.011,0.0000,0.0206,0.0000,-0.0005,0.000,32.38,38.0,1,2065
213594863,-0.011,-0.011,0.0000,0.0130,0.0000,-0.0005,0.000,32.38,38.0,1,2065
213595592,-0.011,-0.011,0.0000,-0.0038,0.0000,-0.0005,0.000,32.38,38.0,1,2065
213596547,-0.011,-0.011,0.0000,0.0175,0.0000,-0.0005,0.000,32.38,38.0,1,2065
213597873,-0.011,-0.011,0.0000,-0.1320,0.0000,-0.0005,0.000,32.38,38.0,1,2065
213598542,-0.011,-0.011,0.0000,0.0526,0.0000,-0.0005,0.000,32.38,38.0,1,2065
213599535,-0.011,-0.011,0.0000,0.0725,0.0000,-0.0005,0.000,32.38,38.0,1,2065
213600542,-0.011,-0.011,0.0000,0.0389,0.0000,-0.0005,0.000,32.38,38.0,1,2065
213601542,-0.011,-0.011,0.0000,-0.0023,0.0000,-0.0005,0.000,32.38,38.0,1,2065
213602960,-0.011,-0.011,0.0000,-0.0221,0.0000,-0.0005,0.000,32.38,38.0,1,2065
213603547,-0.011,-0.011,0.0000,-0.0252,0.0000,-0.0005,0.000,32.38,38.0,1,2065
213604547,-0.011,-0.011,0.0000,-0.1091,0.0000,-0.0005,0.000,32.38,38.0,1,2065
213605601,-0.011,-0.011,0.0000,-0.1015,0.0000,-0.0005,0.000,32.38,38.0,1,2065
213606566,-0.011,-0.011,0.0000,-0.1045,0.0000,-0.0005,0.000,32.38,38.0,1,2065
213607883,-0.011,-0.011,0.0000,0.0420,0.0000,-0.0005,0.000,32.38,38.0,1,2065
213608571,-0.011,-0.011,0.0000,0.0801,0.0000,-0.0005,0.000,32.38,38.0,1,2065
213609571,-0.011,-0.011,0.0000,0.0252,0.0000,-0.0005,0.000,32.38,38.0,1,2065
213610883,-0.011,-0.011,0.0000,-0.0694,0.0000,-0.0005,0.000,32.38,38.0,1,2065
213611567,-0.011,-0.011,0.0000,0.0542,0.0000,-0.0005,0.000,32.38,38.0,1,2065
213612883,-0.011,-0.011,0.0000,0.0328,0.0000,-0.0005,0.000,32.38,38.0,1,2065
213613571,-0.011,-0.011,0.0000,-0.0450,0.0000,-0.0005,0.000,32.38,38.0,1,2065
213614887,-0.011,-0.011,0.0000,-0.0053,0.0000,-0.0005,0.000,32.38,38.0,1,2065
213615571,-0.011,-0.011,0.0000,0.0130,0.0000,-0.0005,0.000,32.38,38.0,1,2065
213616571,-0.011,-0.011,0.0000,-0.0450,0.0000,-0.0005,0.000,32.38,38.0,1,2065
213617883,-0.011,-0.011,0.0000,0.1198,0.0000,-0.0005,0.000,32.38,38.0,1,2065
213618571,-0.011,-0.011,0.0000,-0.0175,0.0000,-0.0005,0.000,32.38,38.0,1,2065
213619575,-0.011,-0.011,0.0000,-0.1137,0.0000,-0.0005,0.000,32.38,38.0,1,2065
213620544,-0.011,-0.011,0.0000,0.0450,0.0000,-0.0005,0.000,32.38,38.0,1,2065
213621542,-0.011,-0.011,0.0000,0.0938,0.0000,-0.0005,0.000,32.38,38.0,1,2065
213622881,-0.011,-0.011,0.0000,-0.0023,0.0000,-0.0005,0.000,32.38,38.0,1,2065
213623570,-0.011,-0.011,0.0000,0.0374,0.0000,-0.0005,0.000,32.38,38.0,1,2065
213624571,-0.011,-0.011,0.0000,0.0160,0.0000,-0.0005,0.000,32.38,38.0,1,2065
213625571,-0.011,-0.011,0.0000,0.0313,0.0000,-0.0005,0.000,32.38,38.0,1,2065
213626542,-0.011,-0.011,0.0000,0.0801,0.0000,-0.0005,0.000,32.38,38.0,1,2065
213627845,-0.011,-0.011,0.0000,0.0298,0.0000,-0.0005,0.000,32.38,38.0,1,2065
213628882,-0.011,-0.011,0.0000,0.0832,0.0000,-0.0005,0.000,32.38,38.0,1,2065
213629872,-0.011,-0.011,0.0000,0.0496,0.0000,-0.0005,0.000,32.38,38.0,1,2065
213631127,-0.011,-0.011,0.0000,0.0526,0.0000,-0.0005,0.000,32.38,38.0,1,2065
213631542,-0.011,-0.011,0.0000,-0.0084,0.0000,-0.0005,0.000,32.38,38.0,1,2065
213632864,-0.011,-0.011,0.0000,0.0053,0.0000,-0.0005,0.000,32.38,38.0,1,2065
213633577,-0.011,-0.011,0.0000,0.0252,0.0000,-0.0005,0.000,32.38,38.0,1,2065
213634898,-0.011,-0.011,0.0000,0.1015,0.0000,-0.0005,0.000,32.38,38.0,1,2065
213635546,-0.011,-0.011,0.0000,-0.0084,0.0000,-0.0005,0.000,32.38,38.0,1,2065
213636555,-0.011,-0.011,0.0000,0.0313,0.0000,-0.0005,0.000,32.38,38.0,1,2065
213637857,-0.011,-0.011,0.0000,0.0145,0.0000,-0.0005,0.000,32.38,38.0,1,2065
213638589,-0.011,-0.033,0.0000,-0.0389,0.0000,-0.0005,0.000,32.38,38.0,1,2065
213639547,-0.033,-0.011,0.0000,0.0084,0.0000,-0.0005,0.000,32.38,38.0,1,2065
213640622,-0.011,-0.011,0.0000,0.0008,0.0000,-0.0005,0.000,32.38,38.0,1,2065
213641542,-0.011,-0.011,0.0000,0.0633,0.0000,-0.0005,0.000,32.38,38.0,1,2065
213642916,-0.011,-0.011,0.0000,-0.1381,0.0000,-0.0005,0.000,32.38,38.0,1,2065
213643867,-0.011,-0.011,0.0000,0.0435,0.0000,-0.0005,0.000,32.38,38.0,1,2065
213644876,-0.011,-0.011,0.0000,-0.0648,0.0000,-0.0005,0.000,32.38,38.0,1,2065
213645872,-0.011,-0.011,0.0000,-0.0160,0.0000,-0.0005,0.000,32.38,38.0,1,2065
213646901,-0.011,-0.011,0.0000,0.0313,0.0000,-0.0005,0.000,32.38,38.0,1,2065
213648196,-0.011,-0.011,0.0000,0.0374,0.0000,-0.0005,0.000,32.38,38.0,1,2065
213648938,-0.011,-0.011,0.0000,-0.1106,0.0000,-0.0005,0.000,32.38,38.0,1,2065
213649806,-0.011,-0.011,0.0000,0.1473,0.0000,-0.0005,0.000,32.38,38.0,1,2065
213651212,-0.011,-0.011,0.0000,-0.0603,0.0000,-0.0005,0.000,32.38,38.0,1,2065
213651543,-0.011,-0.011,0.0000,-0.0267,0.0000,-0.0005,0.000,32.38,38.0,1,2065
213652963,-0.011,-0.011,0.0000,0.0435,0.0000,-0.0005,0.000,32.38,38.0,1,2065
213653547,-0.011,-0.011,0.0000,-0.0694,0.0000,-0.0005,0.000,32.38,38.0,1,2065
213654861,-0.011,-0.011,0.0000,-0.0038,0.0000,-0.0005,0.000,32.38,38.0,1,2065
213655604,-0.011,-0.011,0.0000,-0.0114,0.0000,-0.0005,0.000,32.38,38.0,1,2065
213656571,-0.011,-0.011,0.0000,0.0343,0.0000,-0.0005,0.000,32.38,38.0,1,2065
213657882,-0.011,-0.011,0.0000,-0.0206,0.0000,-0.0005,0.000,32.38,38.0,1,2065
213658570,-0.011,-0.011,0.0000,0.0877,0.0000,-0.0005,0.000,32.38,38.0,1,2065
213659571,-0.011,-0.011,0.0000,0.0099,0.0000,-0.0005,0.000,32.38,38.0,1,2065
213660566,-0.011,-0.011,0.0000,0.0542,0.0000,-0.0005,0.000,32.38,38.0,1,2065
213661566,-0.011,-0.011,0.0000,-0.1030,0.0000,-0.0005,0.000,32.38,38.0,1,2065
213662884,-0.011,-0.011,0.0000,0.0450,0.0000,-0.0005,0.000,32.38,38.0,1,2065
213663570,-0.011,-0.011,0.0000,0.0069,0.0000,-0.0005,0.000,32.38,38.0,1,2065
213664571,-0.011,-0.011,0.0000,0.0191,0.0000,-0.0005,0.000,32.38,38.0,1,2065
213665566,-0.011,-0.011,0.0000,0.0679,0.0000,-0.0005,0.000,32.38,38.0,1,2065
213666566,-0.011,-0.011,0.0000,-0.1473,0.0000,-0.0005,0.000,32.38,38.0,1,2065
213667883,-0.011,-0.011,0.0000,-0.0267,0.0000,-0.0005,0.000,32.38,38.0,1,2065
213668571,-0.011,-0.011,0.0000,0.0542,0.0000,-0.0005,0.000,32.38,38.0,1,2065
213669571,-0.011,-0.011,0.0000,-0.0923,0.0000,-0.0005,0.000,32.38,38.0,1,2065
213670859,-0.011,-0.011,0.0000,0.0618,0.0000,-0.0005,0.000,32.38,38.0,1,2065
213671552,-0.011,-0.011,0.0000,0.1076,0.0000,-0.0005,0.000,32.38,38.0,1,2065
213672882,-0.011,-0.011,0.0000,0.0862,0.0000,-0.0005,0.000,32.38,38.0,1,2065
213673569,-0.011,-0.011,0.0000,-0.0343,0.0000,-0.0005,0.000,32.38,38.0,1,2065
213674888,-0.011,-0.011,0.0000,0.0114,0.0000,-0.0005,0.000,32.38,38.0,1,2065
213675548,-0.011,-0.011,0.0000,0.0908,0.0000,-0.0005,0.000,32.38,38.0,1,2065
213676547,-0.011,-0.011,0.0000,-0.0832,0.0000,-0.0005,0.000,32.38,38.0,1,2065
213677851,-0.011,-0.011,0.0000,-0.0587,0.0000,-0.0005,0.000,32.38,38.0,1,2065
213678884,-0.011,-0.011,0.0000,0.0252,0.0000,-0.0005,0.000,32.38,38.0,1,2065
213679869,-0.011,-0.011,0.0000,0.0160,0.0000,-0.0005,0.000,32.38,38.0,1,2065
213680803,-0.011,-0.011,0.0000,-0.0740,0.0000,-0.0005,0.000,32.38,38.0,1,2065
213681869,-0.011,-0.011,0.0000,-0.0740,0.0000,-0.0005,0.000,32.38,38.0,1,2065
213683199,-0.011,-0.011,0.0000,0.0877,0.0000,-0.0005,0.000,32.38,38.0,1,2065
213683938,-0.011,-0.011,0.0000,-0.0511,0.0000,-0.0005,0.000,32.38,38.0,1,2065
213684816,-0.011,-0.011,0.0000,-0.0465,0.0000,-0.0005,0.000,32.38,38.0,1,2065
213685887,-0.011,-0.011,0.0000,-0.0053,0.0000,-0.0005,0.000,32.38,38.0,1,2065
213686870,-0.011,-0.011,0.0000,0.0710,0.0000,-0.0005,0.000,32.38,38.0,1,2065
213688204,-0.011,-0.011,0.0000,0.0069,0.0000,-0.0005,0.000,32.38,38.0,1,2065
213688869,-0.011,-0.011,0.0000,0.0420,0.0000,-0.0005,0.000,32.38,38.0,1,2065
213689882,-0.011,-0.011,0.0000,-0.0237,0.0000,-0.0005,0.000,32.38,38.0,1,2065
213691215,-0.011,-0.011,0.0000,0.0053,0.0000,-0.0005,0.000,32.38,38.0,1,2065
213691543,-0.011,-0.011,0.0000,0.0404,0.0000,-0.0005,0.000,32.38,38.0,1,2065
213692875,-0.011,-0.011,0.0000,0.0725,0.0000,-0.0005,0.000,32.38,38.0,1,2065
213693542,-0.011,-0.011,0.0000,-0.0359,0.0000,-0.0005,0.000,32.38,38.0,1,2065
213694912,-0.011,-0.011,0.0000,0.0557,0.0000,-0.0005,0.000,32.38,38.0,1,2065
213695865,-0.011,-0.011,0.0000,0.0557,0.0000,-0.0005,0.000,32.38,38.0,1,2065
213696874,-0.011,-0.011,0.0000,-0.0755,0.0000,-0.0005,0.000,32.38,38.0,1,2065
213698192,-0.011,-0.011,0.0000,0.0328,0.0000,-0.0005,0.000,32.38,38.0,1,2065
213698938,-0.011,-0.011,0.0000,-0.0038,0.0000,-0.0005,0.000,32.38,38.0,1,2065
213699808,-0.011,-0.011,0.0000,-0.1244,0.0000,-0.0005,0.000,32.38,38.0,1,2065
213700890,-0.011,-0.011,0.0000,0.0832,0.0000,-0.0005,0.000,32.38,38.0,1,2065
213701869,-0.011,-0.011,0.0000,0.0481,0.0000,-0.0005,0.000,32.38,38.0,1,2065
213703287,-0.011,-0.011,0.0000,0.0191,0.0000,-0.0005,0.000,32.38,38.0,1,2065
213703866,-0.011,-0.011,0.0000,-0.0389,0.0000,-0.0005,0.000,32.38,38.0,1,2065
213704868,-0.011,-0.011,0.0000,0.0404,0.0000,-0.0005,0.000,32.38,38.0,1,2065
213705868,-0.011,-0.011,0.0000,-0.0267,0.0000,-0.0005,0.000,32.38,38.0,1,2065
213706906,-0.011,-0.011,0.0000,-0.0984,0.0000,-0.0005,0.000,32.38,38.0,1,2065
213708202,-0.011,-0.011,0.0000,-0.0069,0.0000,-0.0005,0.000,32.38,38.0,1,2065
213708876,-0.011,-0.011,0.0000,-0.0511,0.0000,-0.0005,0.000,32.38,38.0,1,2065
213709878,-0.011,-0.011,0.0000,-0.0343,0.0000,-0.0005,0.000,32.38,38.0,1,2065
213711203,-0.011,-0.011,0.0000,0.0389,0.0000,-0.0005,0.000,32.38,38.0,1,2065
213711569,-0.011,-0.011,0.0000,0.1915,0.0000,-0.0005,0.000,32.38,38.0,1,2065
213712885,-0.011,-0.011,0.0000,-0.0725,0.0000,-0.0005,0.000,32.38,38.0,1,2065
213713572,-0.011,-0.011,0.0000,-0.0389,0.0000,-0.0005,0.000,32.38,38.0,1,2065
213714887,-0.011,-0.011,0.0000,0.0099,0.0000,-0.0005,0.000,32.38,38.0,1,2065
213715571,-0.011,-0.011,0.0000,-0.0603,0.0000,-0.0005,0.000,32.38,38.0,1,2065
213716571,-0.011,-0.011,0.0000,0.0206,0.0000,-0.0005,0.000,32.38,38.0,1,2065
213717882,-0.011,-0.011,0.0000,-0.0877,0.0000,-0.0005,0.000,32.38,38.0,1,2065
213718571,-0.011,-0.011,0.0000,-0.0099,0.0000,-0.0005,0.000,32.38,38.0,1,2065
213719571,-0.011,-0.011,0.0000,-0.0557,0.0000,-0.0005,0.000,32.38,38.0,1,2065
213720566,-0.011,-0.011,0.0000,-0.1091,0.0000,-0.0005,0.000,32.38,38.0,1,2065
213721566,-0.011,-0.011,0.0000,0.1396,0.0000,-0.0005,0.000,32.38,38.0,1,2065
213722883,-0.011,-0.011,0.0000,0.1076,0.0000,-0.0005,0.000,32.38,38.0,1,2065
213723569,-0.011,-0.011,0.0000,-0.1259,0.0000,-0.0005,0.000,32.38,38.0,1,2065
213724547,-0.011,-0.011,0.0000,-0.0526,0.0000,-0.0005,0.000,32.38,38.0,1,2065
213725553,-0.011,-0.011,0.0000,-0.0725,0.0000,-0.0005,0.000,32.38,38.0,1,2065
213726567,-0.011,-0.011,0.0000,0.1473,0.0000,-0.0005,0.000,32.38,38.0,1,2065
213727880,-0.011,-0.011,0.0000,0.0099,0.0000,-0.0005,0.000,32.38,38.0,1,2065
213728570,-0.011,-0.011,0.0000,0.0206,0.0000,-0.0005,0.000,32.38,38.0,1,2065
213729551,-0.011,-0.011,0.0000,0.0282,0.0000,-0.0005,0.000,32.38,38.0,1,2065
213730851,-0.011,-0.011,0.0000,0.0237,0.0000,-0.0005,0.000,32.38,38.0,1,2065
213731662,-0.011,-0.011,0.0000,0.0023,0.0000,-0.0005,0.000,32.38,38.0,1,2065
213732902,-0.011,-0.011,0.0000,0.0481,0.0000,-0.0005,0.000,32.38,38.0,1,2065
213733866,-0.011,-0.011,0.0000,-0.0999,0.0000,-0.0005,0.000,32.38,38.0,1,2065
213735194,-0.011,-0.011,0.0000,0.0465,0.0000,-0.0005,0.000,32.38,38.0,1,2065
213735864,-0.011,-0.011,0.0000,0.0893,0.0000,-0.0005,0.000,32.38,38.0,1,2065
213736898,-0.011,-0.011,0.0000,-0.0053,0.0000,-0.0005,0.000,32.38,38.0,1,2065
213738194,-0.011,-0.011,0.0000,-0.1274,0.0000,-0.0005,0.000,32.38,38.0,1,2065
213738870,-0.011,-0.011,0.0000,0.0359,0.0000,-0.0005,0.000,32.38,38.0,1,2065
213739868,-0.011,-0.011,0.0000,-0.0282,0.0000,-0.0005,0.000,32.38,38.0,1,2065
213740898,-0.011,-0.011,0.0000,0.0648,0.0000,-0.0005,0.000,32.38,38.0,1,2065
213741868,-0.011,-0.011,0.0000,0.0496,0.0000,-0.0005,0.000,32.38,38.0,1,2065
213743124,-0.011,-0.011,0.0000,0.0328,0.0000,-0.0005,0.000,32.38,38.0,1,2065
213743867,-0.011,-0.011,0.0000,0.0145,0.0000,-0.0005,0.000,32.38,38.0,1,2065
213744867,-0.011,-0.011,0.0000,-0.0984,0.0000,-0.0005,0.000,32.38,38.0,1,2065
213745904,-0.011,-0.011,0.0000,0.0175,0.0000,-0.0005,0.000,32.38,38.0,1,2065
213746867,-0.011,-0.011,0.0000,0.0282,0.0000,-0.0005,0.000,32.38,38.0,1,2065
213748202,-0.011,-0.011,0.0000,-0.0053,0.0000,-0.0005,0.000,32.38,38.0,1,2065
213748866,-0.011,-0.011,0.0000,-0.0145,0.0000,-0.0005,0.000,32.38,38.0,1,2065
213749893,-0.011,-0.011,0.0000,-0.0374,0.0000,-0.0005,0.000,32.38,38.0,1,2065
213751191,-0.011,-0.011,0.0000,0.0267,0.0000,-0.0005,0.000,32.38,38.0,1,2065
213751612,-0.011,-0.011,0.0000,-0.0221,0.0000,-0.0005,0.000,32.38,38.0,1,2065
213752966,-0.011,-0.011,0.0000,0.0114,0.0000,-0.0005,0.000,32.38,38.0,1,2065
213753549,-0.011,-0.011,0.0000,0.0313,0.0000,-0.0005,0.000,32.38,38.0,1,2065
213754862,-0.011,-0.011,0.0000,0.0816,0.0000,-0.0005,0.000,32.38,38.0,1,2065
213755599,-0.011,-0.011,0.0000,0.0206,0.0000,-0.0005,0.000,32.38,38.0,1,2065
213756570,-0.011,-0.011,0.0000,-0.0328,0.0000,-0.0005,0.000,32.38,38.0,1,2065
213757881,-0.011,-0.011,0.0000,-0.0664,0.0000,-0.0005,0.000,32.38,38.0,1,2065
213758568,-0.011,-0.011,0.0000,0.0557,0.0000,-0.0005,0.000,32.38,38.0,1,2065
213759570,-0.011,-0.011,0.0000,0.0191,0.0000,-0.0005,0.000,32.38,38.0,1,2065
213760565,-0.011,-0.011,0.0000,-0.0771,0.0000,-0.0005,0.000,32.38,38.0,1,2065
213761565,-0.011,-0.011,0.0000,-0.0175,0.0000,-0.0005,0.000,32.38,38.0,1,2065
213762882,-0.011,-0.011,0.0000,0.0664,0.0000,-0.0005,0.000,32.38,38.0,1,2065
213763569,-0.011,-0.011,0.0000,0.0587,0.0000,-0.0005,0.000,32.38,38.0,1,2065
213764570,-0.011,-0.011,0.0000,0.0481,0.0000,-0.0005,0.000,32.38,38.0,1,2065
213765565,-0.011,-0.011,0.0000,-0.1045,0.0000,-0.0005,0.000,32.38,38.0,1,2065
213766565,-0.011,-0.011,0.0000,-0.0099,0.0000,-0.0005,0.000,32.38,38.0,1,2065
213767881,-0.011,-0.011,0.0000,0.0465,0.0000,-0.0005,0.000,32.38,38.0,1,2065
213768568,-0.011,-0.011,0.0000,-0.0420,0.0000,-0.0005,0.000,32.38,38.0,1,2065
213769571,-0.011,-0.011,0.0000,-0.0053,0.0000,-0.0005,0.000,32.38,38.0,1,2065
213770857,-0.011,-0.011,0.0000,-0.0374,0.0000,-0.0005,0.000,32.38,38.0,1,2065
213771555,-0.011,-0.011,0.0000,-0.1366,0.0000,-0.0005,0.000,32.38,38.0,1,2065
213772882,-0.011,-0.011,0.0000,-0.1152,0.0000,-0.0005,0.000,32.38,38.0,1,2065
213773569,-0.011,-0.011,0.0000,0.0679,0.0000,-0.0005,0.000,32.38,38.0,1,2065
213774886,-0.011,-0.011,0.0000,-0.0481,0.0000,-0.0005,0.000,32.38,38.0,1,2065
213775574,-0.011,-0.011,0.0000,-0.1350,0.0000,-0.0005,0.000,32.38,38.0,1,2065
213776547,-0.011,-0.011,0.0000,-0.0175,0.0000,-0.0005,0.000,32.38,38.0,1,2065
213777913,-0.011,-0.011,0.0000,0.0374,0.0000,-0.0005,0.000,32.38,38.0,1,2065
213778866,-0.011,-0.011,0.0000,-0.0603,0.0000,-0.0005,0.000,32.38,38.0,1,2065
213779867,-0.011,-0.011,0.0000,-0.0160,0.0000,-0.0005,0.000,32.38,38.0,1,2065
213780797,-0.011,-0.011,0.0000,0.0679,0.0000,-0.0005,0.000,32.38,38.0,1,2065
213781869,-0.011,-0.011,0.0000,0.0023,0.0000,-0.0005,0.000,32.38,38.0,1,2065
213783194,-0.011,-0.011,0.0000,0.0053,0.0000,-0.0005,0.000,32.38,38.0,1,2065
213783942,-0.011,-0.011,0.0000,-0.0328,0.0000,-0.0005,0.000,32.38,38.0,1,2065
213784803,-0.011,-0.011,0.0000,-0.1335,0.0000,-0.0005,0.000,32.38,38.0,1,2065
213785882,-0.011,-0.011,0.0000,0.0648,0.0000,-0.0005,0.000,32.38,38.0,1,2065
213786865,-0.011,-0.011,0.0000,-0.0313,0.0000,-0.0005,0.000,32.38,38.0,1,2065
213788201,-0.011,-0.011,0.0000,-0.0633,0.0000,-0.0005,0.000,32.38,38.0,1,2065
213788864,-0.011,-0.011,0.0000,-0.0771,0.0000,-0.0005,0.000,32.38,38.0,1,2065
213789895,-0.011,-0.011,0.0000,0.0389,0.0000,-0.0005,0.000,32.38,38.0,1,2065
213791190,-0.011,-0.011,0.0000,-0.1122,0.0000,-0.0005,0.000,32.38,38.0,1,2065
213791610,-0.011,-0.011,0.0000,0.1060,0.0000,-0.0005,0.000,32.38,38.0,1,2065
213792923,-0.011,-0.011,0.0000,-0.0099,0.0000,-0.0005,0.000,32.38,38.0,1,2065
213793865,-0.011,-0.011,0.0000,-0.0496,0.0000,-0.0005,0.000,32.38,38.0,1,2065
213795236,-0.011,-0.011,0.0000,-0.0038,0.0000,-0.0005,0.000,32.38,38.0,1,2065
213795864,-0.011,-0.011,0.0000,-0.0999,0.0000,-0.0005,0.000,32.38,38.0,1,2065
213796873,-0.011,-0.011,0.0000,-0.0160,0.0000,-0.0005,0.000,32.38,38.0,1,2065
213798190,-0.011,-0.011,0.0000,-0.0328,0.0000,-0.0005,0.000,32.38,38.0,1,2065
213798736,-0.011,-0.011,0.0000,-0.0496,0.0000,-0.0005,0.000,32.38,38.0,1,2065
213799887,-0.011,-0.011,0.0000,-0.0114,0.0000,-0.0005,0.000,32.38,38.0,1,2065
213800865,-0.011,-0.011,0.0000,-0.0786,0.0000,-0.0005,0.000,32.38,38.0,1,2065
213801957,-0.011,-0.011,0.0000,0.0252,0.0000,-0.0005,0.000,32.38,38.0,1,2065
213803227,-0.011,-0.011,0.0000,0.0053,0.0000,-0.0005,0.000,32.38,38.0,1,2065
213803867,-0.011,-0.011,0.0000,-0.0938,0.0000,-0.0005,0.000,32.38,38.0,1,2065
213804865,-0.011,-0.011,0.0000,0.0313,0.0000,-0.0005,0.000,32.38,38.0,1,2065
213805864,-0.011,-0.011,0.0000,0.0267,0.0000,-0.0005,0.000,32.38,38.0,1,2065
213806904,-0.011,-0.011,0.0000,0.0694,0.0000,-0.0005,0.000,32.38,38.0,1,2065
213808199,-0.011,-0.011,0.0000,0.0023,0.0000,-0.0005,0.000,32.38,38.0,1,2065
213808875,-0.011,-0.011,0.0000,0.0038,0.0000,-0.0005,0.000,32.38,38.0,1,2065
213809873,-0.011,-0.011,0.0000,-0.0435,0.0000,-0.0005,0.000,32.38,38.0,1,2065
213811198,-0.011,-0.011,0.0000,0.0343,0.0000,-0.0005,0.000,32.38,38.0,1,2065
213811557,-0.011,-0.011,0.0000,0.0175,0.0000,-0.0005,0.000,32.38,38.0,1,2065
213812885,-0.011,-0.011,0.0000,-0.0526,0.0000,-0.0005,0.000,32.38,38.0,1,2065
213813871,-0.011,-0.011,0.0000,0.0160,0.0000,-0.0005,0.000,32.38,38.0,1,2065
213815196,-0.011,-0.011,0.0000,0.0282,0.0000,-0.0005,0.000,32.38,38.0,1,2065
213815871,-0.011,-0.011,0.0000,0.0633,0.0000,-0.0005,0.000,32.38,38.0,1,2065
213816873,-0.011,-0.011,0.0000,-0.0343,0.0000,-0.0005,0.000,32.38,38.0,1,2065
213818199,-0.011,-0.011,0.0000,0.0603,0.0000,-0.0005,0.000,32.38,38.0,1,2065
213818876,-0.011,-0.011,0.0000,0.0328,0.0000,-0.0005,0.000,32.38,38.0,1,2065
213819874,-0.011,-0.011,0.0000,-0.0145,0.0000,-0.0005,0.000,32.38,38.0,1,2065
213820876,-0.011,-0.011,0.0000,0.0145,0.0000,-0.0005,0.000,32.38,38.0,1,2065
213821874,-0.011,-0.011,0.0000,0.0603,0.0000,-0.0005,0.000,32.38,38.0,1,2065
213823197,-0.011,-0.011,0.0000,0.0343,0.0000,-0.0005,0.000,32.38,38.0,1,2065
213823871,-0.011,-0.011,0.0000,0.0557,0.0000,-0.0005,0.000,32.38,38.0,1,2065
213824871,-0.011,-0.011,0.0000,-0.1015,0.0000,-0.0005,0.000,32.38,38.0,1,2065
213825874,-0.011,-0.011,0.0000,0.0496,0.0000,-0.0005,0.000,32.38,38.0,1,2065
213826875,-0.011,-0.011,0.0000,-0.0420,0.0000,-0.0005,0.000,32.38,38.0,1,2065
213828199,-0.011,-0.011,0.0000,-0.0053,0.0000,-0.0005,0.000,32.38,38.0,1,2065
213828875,-0.011,-0.011,0.0000,0.0725,0.0000,-0.0005,0.000,32.38,38.0,1,2065
213829865,-0.011,-0.011,0.0000,-0.0679,0.0000,-0.0005,0.000,32.38,38.0,1,2065
213831172,-0.011,-0.011,0.0000,0.0801,0.0000,-0.0005,0.000,32.38,38.0,1,2065
213831543,-0.011,-0.011,0.0000,-0.0771,0.0000,-0.0005,0.000,32.38,38.0,1,2065
213832879,-0.011,-0.011,0.0000,-0.0221,0.0000,-0.0005,0.000,32.38,38.0,1,2065
213833568,-0.011,-0.011,0.0000,-0.1060,0.0000,-0.0005,0.000,32.38,38.0,1,2065
213834884,-0.011,-0.011,0.0000,0.1076,0.0000,-0.0005,0.000,32.38,38.0,1,2065
213835510,-0.011,-0.011,0.0000,-0.0786,0.0000,-0.0005,0.000,32.38,38.0,1,2065
213836547,-0.011,-0.011,0.0000,-0.0557,0.0000,-0.0005,0.000,32.38,38.0,1,2065
213837861,-0.011,-0.011,0.0000,0.0542,0.0000,-0.0005,0.000,32.38,38.0,1,2065
213838670,-0.011,-0.011,0.0000,-0.0267,0.0000,-0.0005,0.000,32.38,38.0,1,2065
213839579,-0.011,-0.011,0.0000,-0.0496,0.0000,-0.0005,0.000,32.38,38.0,1,2065
213840543,-0.011,-0.011,0.0000,-0.0786,0.0000,-0.0005,0.000,32.38,38.0,1,2065
213841550,-0.011,-0.011,0.0000,-0.0252,0.0000,-0.0005,0.000,32.38,38.0,1,2065
213842865,-0.011,-0.011,0.0000,0.0420,0.0000,-0.0005,0.000,32.38,38.0,1,2065
213843589,-0.011,-0.011,0.0000,-0.0786,0.0000,-0.0005,0.000,32.38,38.0,1,2065
213844548,-0.011,-0.011,0.0000,-0.0740,0.0000,-0.0005,0.000,32.38,38.0,1,2065
213845550,-0.011,-0.011,0.0000,-0.0603,0.0000,-0.0005,0.000,32.38,38.0,1,2065
213846542,-0.011,-0.011,0.0000,-0.0069,0.0000,-0.0005,0.000,32.38,38.0,1,2065
213847902,-0.011,-0.011,0.0000,0.0694,0.0000,-0.0005,0.000,32.38,38.0,1,2065
213848547,-0.011,-0.011,0.0000,0.0298,0.0000,-0.0005,0.000,32.38,38.0,1,2065
213849626,-0.011,-0.011,0.0000,0.0755,0.0000,-0.0005,0.000,32.38,38.0,1,2065
213850862,-0.011,-0.011,0.0000,-0.0618,0.0000,-0.0005,0.000,32.38,38.0,1,2065
213851624,-0.011,-0.011,0.0000,0.0755,0.0000,-0.0005,0.000,32.38,38.0,1,2065
213852923,-0.011,-0.011,0.0000,0.0221,0.0000,-0.0005,0.000,32.38,38.0,1,2065
213853548,-0.011,-0.011,0.0000,-0.0984,0.0000,-0.0005,0.000,32.38,38.0,1,2065
213854868,-0.011,-0.011,0.0000,0.0526,0.0000,-0.0005,0.000,32.38,38.0,1,2065
213855600,-0.011,-0.011,0.0000,0.0435,0.0000,-0.0005,0.000,32.38,38.0,1,2065
213856570,-0.011,-0.011,0.0000,0.0313,0.0000,-0.0005,0.000,32.38,38.0,1,2065
213857882,-0.011,-0.011,0.0000,-0.0359,0.0000,-0.0005,0.000,32.38,38.0,1,2065
213858565,-0.011,-0.011,0.0000,0.0069,0.0000,-0.0005,0.000,32.38,38.0,1,2065
213859570,-0.011,-0.011,0.0000,-0.0938,0.0000,-0.0005,0.000,32.38,38.0,1,2065
213860561,-0.011,-0.011,0.0000,0.0740,0.0000,-0.0005,0.000,32.38,38.0,1,2065
213861565,-0.011,-0.011,0.0000,0.0038,0.0000,-0.0005,0.000,32.38,38.0,1,2065
213862882,-0.011,-0.011,0.0000,-0.0832,0.0000,-0.0005,0.000,32.38,38.0,1,2065
213863565,-0.011,-0.011,0.0000,-0.0359,0.0000,-0.0005,0.000,32.38,38.0,1,2065
213864570,-0.011,-0.011,0.0000,0.0053,0.0000,-0.0005,0.000,32.38,38.0,1,2065
213865565,-0.011,-0.011,0.0000,-0.0404,0.0000,-0.0005,0.000,32.38,38.0,1,2065
213866564,-0.011,-0.011,0.0000,-0.0389,0.0000,-0.0005,0.000,32.38,38.0,1,2065
213867884,-0.011,-0.011,0.0000,-0.0282,0.0000,-0.0005,0.000,32.38,38.0,1,2065
213868878,-0.011,-0.011,0.0000,0.0420,0.0000,-0.0005,0.000,32.38,38.0,1,2065
213869863,-0.011,-0.011,0.0000,-0.0206,0.0000,-0.0005,0.000,32.38,38.0,1,2065
213871186,-0.011,-0.011,0.0000,0.0084,0.0000,-0.0005,0.000,32.38,38.0,1,2065
213871543,-0.011,-0.011,0.0000,-0.0191,0.0000,-0.0005,0.000,32.38,38.0,1,2065
213872878,-0.011,-0.011,0.0000,0.0252,0.0000,-0.0005,0.000,32.38,38.0,1,2065
213873569,-0.011,-0.011,0.0000,-0.0557,0.0000,-0.0005,0.000,32.38,38.0,1,2065
213874885,-0.011,-0.011,0.0000,0.0435,0.0000,-0.0005,0.000,32.38,38.0,1,2065
213875872,-0.011,-0.011,0.0000,0.0359,0.0000,-0.0005,0.000,32.38,38.0,1,2065
213876877,-0.011,-0.011,0.0000,0.0298,0.0000,-0.0005,0.000,32.38,38.0,1,2065
213878188,-0.011,-0.011,0.0000,0.0069,0.0000,-0.0005,0.000,32.38,38.0,1,2065
213878945,-0.011,-0.011,0.0000,-0.0313,0.0000,-0.0005,0.000,32.38,38.0,1,2065
213879814,-0.011,-0.011,0.0000,0.0206,0.0000,-0.0005,0.000,32.38,38.0,1,2065
213880886,-0.011,-0.011,0.0000,-0.0114,0.0000,-0.0005,0.000,32.38,38.0,1,2065
213881861,-0.011,-0.011,0.0000,0.0435,0.0000,-0.0005,0.000,32.38,38.0,1,2065
213883197,-0.011,-0.011,0.0000,-0.0221,0.0000,-0.0005,0.000,32.38,38.0,1,2065
213883859,-0.011,-0.011,0.0000,0.0908,0.0000,-0.0005,0.000,32.38,38.0,1,2065
213884890,-0.011,-0.011,0.0000,-0.0206,0.0000,-0.0005,0.000,32.38,38.0,1,2065
213885864,-0.011,-0.011,0.0000,0.0145,0.0000,-0.0005,0.000,32.38,38.0,1,2065
213886865,-0.011,-0.011,0.0000,0.0648,0.0000,-0.0005,0.000,32.38,38.0,1,2065
213888191,-0.011,-0.011,0.0000,-0.0801,0.0000,-0.0005,0.000,32.38,38.0,1,2065
213888731,-0.011,-0.011,0.0000,0.1244,0.0000,-0.0005,0.000,32.38,38.0,1,2065
213889879,-0.011,-0.011,0.0000,-0.0786,0.0000,-0.0005,0.000,32.38,38.0,1,2065
213891184,-0.011,-0.011,0.0000,0.0511,0.0000,-0.0005,0.000,32.38,38.0,1,2065
213891605,-0.011,-0.011,0.0000,0.0389,0.0000,-0.0005,0.000,32.38,38.0,1,2065
213892926,-0.011,-0.011,0.0000,0.0359,0.0000,-0.0005,0.000,32.38,38.0,1,2065
213893859,-0.011,-0.011,0.0000,0.0526,0.0000,-0.0005,0.000,32.38,38.0,1,2065
213895226,-0.011,-0.011,0.0000,-0.0404,0.0000,-0.0005,0.000,32.38,38.0,1,2065
213895858,-0.011,-0.011,0.0000,0.0648,0.0000,-0.0005,0.000,32.38,38.0,1,2065
213896868,-0.011,-0.011,0.0000,0.0389,0.0000,-0.0005,0.000,32.38,38.0,1,2065
213898185,-0.011,-0.011,0.0000,0.0618,0.0000,-0.0005,0.000,32.38,38.0,1,2065
213898734,-0.011,-0.011,0.0000,-0.0298,0.0000,-0.0005,0.000,32.38,38.0,1,2065
213899879,-0.011,-0.011,0.0000,0.0069,0.0000,-0.0005,0.000,32.38,38.0,1,2065
213900860,-0.011,-0.011,0.0000,-0.0313,0.0000,-0.0005,0.000,32.38,38.0,1,2065
213901953,-0.011,-0.011,0.0000,0.0740,0.0000,-0.0005,0.000,32.38,38.0,1,2065
213903261,-0.011,-0.011,0.0000,-0.0511,0.0000,-0.0005,0.000,32.38,38.0,1,2065
213903863,-0.011,-0.011,0.0000,0.0099,0.0000,-0.0005,0.000,32.38,38.0,1,2065
213904860,-0.011,-0.011,0.0000,0.0557,0.0000,-0.0005,0.000,32.38,38.0,1,2065
213905861,-0.011,-0.011,0.0000,-0.0603,0.0000,-0.0005,0.000,32.38,38.0,1,2065
213906926,-0.011,-0.011,0.0000,-0.0511,0.0000,-0.0005,0.000,32.38,38.0,1,2065
213908195,-0.011,-0.011,0.0000,0.0008,0.0000,-0.0005,0.000,32.38,38.0,1,2065
213908872,-0.011,-0.011,0.0000,-0.0679,0.0000,-0.0005,0.000,32.38,38.0,1,2065
213909869,-0.011,-0.011,0.0000,0.0038,0.0000,-0.0005,0.000,32.38,38.0,1,2065
213911197,-0.011,-0.011,0.0000,-0.0725,0.0000,-0.0005,0.000,32.38,38.0,1,2065
213911565,-0.011,-0.011,0.0000,0.0633,0.0000,-0.0005,0.000,32.38,38.0,1,2065
213912883,-0.011,-0.011,0.0000,-0.0526,0.0000,-0.0005,0.000,32.38,38.0,1,2065
213913873,-0.011,-0.011,0.0000,0.1137,0.0000,-0.0005,0.000,32.38,38.0,1,2065
213915193,-0.011,-0.011,0.0000,-0.1488,0.0000,-0.0005,0.000,32.38,38.0,1,2065
213915864,-0.011,-0.011,0.0000,0.1183,0.0000,-0.0005,0.000,32.38,38.0,1,2065
213916871,-0.011,-0.011,0.0000,0.0725,0.0000,-0.0005,0.000,32.38,38.0,1,2065
213918196,-0.011,-0.011,0.0000,-0.0298,0.0000,-0.0005,0.000,32.38,38.0,1,2065
213918873,-0.011,-0.011,0.0000,0.0496,0.0000,-0.0005,0.000,32.38,38.0,1,2065
213919871,-0.011,-0.011,0.0000,-0.0191,0.0000,-0.0005,0.000,32.38,38.0,1,2065
213920869,-0.011,-0.011,0.0000,-0.0587,0.0000,-0.0005,0.000,32.38,38.0,1,2065
213921871,-0.011,-0.011,0.0000,0.0328,0.0000,-0.0005,0.000,32.38,38.0,1,2065
213923193,-0.011,-0.011,0.0000,-0.1198,0.0000,-0.0005,0.000,32.38,38.0,1,2065
213923874,-0.011,-0.011,0.0000,0.0633,0.0000,-0.0005,0.000,32.38,38.0,1,2065
213924869,-0.011,-0.011,0.0000,-0.0008,0.0000,-0.0005,0.000,32.38,38.0,1,2065
213925867,-0.011,-0.011,0.0000,-0.0511,0.0000,-0.0005,0.000,32.38,38.0,1,2065
213926870,-0.011,-0.011,0.0000,0.0221,0.0000,-0.0005,0.000,32.38,38.0,1,2065
213928194,-0.011,-0.011,0.0000,0.0511,0.0000,-0.0005,0.000,32.38,38.0,1,2065
213928868,-0.011,-0.011,0.0000,0.0175,0.0000,-0.0005,0.000,32.38,38.0,1,2065
213929864,-0.011,-0.011,0.0000,-0.0328,0.0000,-0.0005,0.000,32.38,38.0,1,2065
213931178,-0.011,-0.011,0.0000,0.0359,0.0000,-0.0005,0.000,32.38,38.0,1,2065
213931543,-0.011,-0.011,0.0000,-0.0984,0.0000,-0.0005,0.000,32.38,38.0,1,2065
213932880,-0.011,-0.011,0.0000,-0.0099,0.0000,-0.0005,0.000,32.38,38.0,1,2065
213933870,-0.011,-0.011,0.0000,-0.0404,0.0000,-0.0005,0.000,32.38,38.0,1,2065
213935192,-0.011,-0.011,0.0000,0.0420,0.0000,-0.0005,0.000,32.38,38.0,1,2065
213935874,-0.011,-0.011,0.0000,0.0191,0.0000,-0.0005,0.000,32.38,38.0,1,2065
213936873,-0.011,-0.011,0.0000,0.0359,0.0000,-0.0005,0.000,32.38,38.0,1,2065
213938190,-0.011,-0.011,0.0000,-0.0298,0.0000,-0.0005,0.000,32.38,38.0,1,2065
213938949,-0.011,-0.011,0.0000,-0.0038,0.0000,-0.0005,0.000,32.38,38.0,1,2065
213939809,-0.011,-0.011,0.0000,0.0130,0.0000,-0.0005,0.000,32.38,38.0,1,2065
213940883,-0.011,-0.011,0.0000,0.0710,0.0000,-0.0005,0.000,32.38,38.0,1,2065
213941858,-0.011,-0.011,0.0000,-0.0984,0.0000,-0.0005,0.000,32.38,38.0,1,2065
213943196,-0.011,-0.011,0.0000,-0.1228,0.0000,-0.0005,0.000,32.38,38.0,1,2065
213943857,-0.011,-0.011,0.0000,-0.0389,0.0000,-0.0005,0.000,32.38,38.0,1,2065
213944888,-0.011,-0.011,0.0000,0.0206,0.0000,-0.0005,0.000,32.38,38.0,1,2065
213945859,-0.011,-0.011,0.0000,0.0862,0.0000,-0.0005,0.000,32.38,38.0,1,2065
213946866,-0.011,-0.011,0.0000,-0.0282,0.0000,-0.0005,0.000,32.38,38.0,1,2065
213948193,-0.011,-0.011,0.0000,0.0359,0.0000,-0.0005,0.000,32.38,38.0,1,2065
213948729,-0.011,-0.011,0.0000,-0.0114,0.0000,-0.0005,0.000,32.38,38.0,1,2065
213949877,-0.011,-0.011,0.0000,0.1411,0.0000,-0.0005,0.000,32.38,38.0,1,2065
213951181,-0.011,-0.011,0.0000,-0.0526,0.0000,-0.0005,0.000,32.38,38.0,1,2065
213951608,-0.011,-0.011,0.0000,0.1060,0.0000,-0.0005,0.000,32.38,38.0,1,2065
213952966,-0.011,-0.011,0.0000,-0.0328,0.0000,-0.0005,0.000,32.38,38.0,1,2065
213953859,-0.011,-0.011,0.0000,0.0267,0.0000,-0.0005,0.000,32.38,38.0,1,2065
213955182,-0.011,-0.011,0.0000,0.0664,0.0000,-0.0005,0.000,32.38,38.0,1,2065
213955856,-0.011,-0.011,0.0000,0.1839,0.0000,-0.0005,0.000,32.38,38.0,1,2065
213956900,-0.011,-0.011,0.0000,-0.0969,0.0000,-0.0005,0.000,32.38,38.0,1,2065
213958194,-0.011,-0.011,0.0000,0.0954,0.0000,-0.0005,0.000,32.38,38.0,1,2065
213958873,-0.011,-0.011,0.0000,0.0725,0.0000,-0.0005,0.000,32.38,38.0,1,2065
213959870,-0.011,-0.011,0.0000,-0.0160,0.0000,-0.0005,0.000,32.38,38.0,1,2065
213960871,-0.011,-0.011,0.0000,0.0725,0.0000,-0.0005,0.000,32.38,38.0,1,2065
213961867,-0.011,-0.011,0.0000,0.0542,0.0000,-0.0005,0.000,32.38,38.0,1,2065
213963197,-0.011,-0.011,0.0000,0.0191,0.0000,-0.0005,0.000,32.38,38.0,1,2065
213963875,-0.011,-0.011,0.0000,0.1305,0.0000,-0.0005,0.000,32.38,38.0,1,2065
213964867,-0.011,-0.011,0.0000,-0.0572,0.0000,-0.0005,0.000,32.38,38.0,1,2065
213965870,-0.011,-0.011,0.0000,0.0481,0.0000,-0.0005,0.000,32.38,38.0,1,2065
213966868,-0.011,-0.011,0.0000,0.0389,0.0000,-0.0005,0.000,32.38,38.0,1,2065
213968192,-0.011,-0.011,0.0000,0.0404,0.0000,-0.0005,0.000,32.38,38.0,1,2065
213968875,-0.011,-0.011,0.0000,0.0999,0.0000,-0.0005,0.000,32.38,38.0,1,2065
213969871,-0.011,-0.011,0.0000,0.0114,0.0000,-0.0005,0.000,32.38,38.0,1,2065
213971191,-0.011,-0.011,0.0000,0.0328,0.0000,-0.0005,0.000,32.38,38.0,1,2065
213971566,-0.011,-0.011,0.0000,0.0603,0.0000,-0.0005,0.000,32.38,38.0,1,2065
213972882,-0.011,-0.011,0.0000,-0.0435,0.0000,-0.0005,0.000,32.38,38.0,1,2065
213973873,-0.011,-0.011,0.0000,0.0313,0.0000,-0.0005,0.000,32.38,38.0,1,2065
213975196,-0.011,-0.011,0.0000,0.0328,0.0000,-0.0005,0.000,32.38,38.0,1,2065
213975873,-0.011,-0.011,0.0000,-0.0404,0.0000,-0.0005,0.000,32.38,38.0,1,2065
213976868,-0.011,-0.011,0.0000,0.0069,0.0000,-0.0005,0.000,32.38,38.0,1,2065
213978197,-0.011,-0.011,0.0000,-0.0252,0.0000,-0.0005,0.000,32.38,38.0,1,2065
213978858,-0.011,-0.011,0.0000,-0.0191,0.0000,-0.0005,0.000,32.38,38.0,1,2065
213979861,-0.011,-0.011,0.0000,0.0023,0.0000,-0.0005,0.000,32.38,38.0,1,2065
213980858,-0.011,-0.011,0.0000,0.1076,0.0000,-0.0005,0.000,32.38,38.0,1,2065
213981870,-0.011,-0.011,0.0000,-0.1366,0.0000,-0.0005,0.000,32.38,38.0,1,2065
213983193,-0.011,-0.011,0.0000,-0.0130,0.0000,-0.0005,0.000,32.38,38.0,1,2065
213983873,-0.011,-0.011,0.0000,-0.0954,0.0000,-0.0005,0.000,32.38,38.0,1,2065
213984871,-0.011,-0.011,0.0000,-0.0450,0.0000,-0.0005,0.000,32.38,38.0,1,2065
213985824,-0.011,-0.011,0.0000,0.0999,0.0000,-0.0005,0.000,32.38,38.0,1,2065
213986860,-0.011,-0.011,0.0000,-0.0420,0.0000,-0.0005,0.000,32.38,38.0,1,2065
213988187,-0.011,-0.011,0.0000,-0.0404,0.0000,-0.0005,0.000,32.38,38.0,1,2065
213988943,-0.011,-0.011,0.0000,0.0237,0.0000,-0.0005,0.000,32.38,38.0,1,2065
213989811,-0.011,-0.011,0.0000,0.0481,0.0000,-0.0005,0.000,32.38,38.0,1,2065
213991204,-0.011,-0.011,0.0000,0.0816,0.0000,-0.0005,0.000,32.38,38.0,1,2065
213991543,-0.011,-0.011,0.0000,0.0191,0.0000,-0.0005,0.000,32.38,38.0,1,2065
213992876,-0.011,-0.011,0.0000,0.0587,0.0000,-0.0005,0.000,32.38,38.0,1,2065
213993543,-0.011,-0.011,0.0000,0.0099,0.0000,-0.0005,0.000,32.38,38.0,1,2065
213994911,-0.011,-0.011,0.0000,0.1137,0.0000,-0.0005,0.000,32.38,38.0,1,2065
213995857,-0.011,-0.011,0.0000,0.0511,0.0000,-0.0005,0.000,32.38,38.0,1,2065
213996861,-0.011,-0.011,0.0000,-0.1350,0.0000,-0.0005,0.000,32.38,38.0,1,2065
213998181,-0.011,-0.011,0.0000,0.0664,0.0000,-0.0005,0.000,32.38,38.0,1,2065
213998732,-0.011,-0.011,0.0000,0.0298,0.0000,-0.0005,0.000,32.38,38.0,1,2065
213999877,-0.011,-0.011,0.0000,-0.0008,0.0000,-0.0005,0.000,32.38,38.0,1,2065
214000859,-0.011,-0.011,0.0000,-0.0740,0.0000,-0.0005,0.000,32.38,38.0,1,2065
214001950,-0.011,-0.011,0.0000,-0.0343,0.0000,-0.0005,0.000,32.38,38.0,1,2065
214003254,-0.011,-0.011,0.0000,0.0862,0.0000,-0.0005,0.000,32.38,38.0,1,2065
214003857,-0.011,-0.011,0.0000,-0.0191,0.0000,-0.0005,0.000,32.38,38.0,1,2065
214004858,-0.011,-0.011,0.0000,-0.0023,0.0000,-0.0005,0.000,32.38,38.0,1,2065
214005858,-0.011,-0.011,0.0000,-0.0282,0.0000,-0.0005,0.000,32.38,38.0,1,2065
214006928,-0.011,-0.011,0.0000,-0.0374,0.0000,-0.0005,0.000,32.38,38.0,1,2065
214008194,-0.011,-0.011,0.0000,0.0221,0.0000,-0.0005,0.000,32.38,38.0,1,2065
214008878,-0.011,-0.011,0.0000,0.0328,0.0000,-0.0005,0.000,32.38,38.0,1,2065
214009869,-0.011,-0.011,0.0000,0.0389,0.0000,-0.0005,0.000,32.38,38.0,1,2065
214011193,-0.011,-0.011,0.0000,-0.0923,0.0000,-0.0005,0.000,32.38,38.0,1,2065
214011567,-0.011,-0.011,0.0000,0.0633,0.0000,-0.0005,0.000,32.38,38.0,1,2065
214012885,-0.011,-0.033,0.0000,-0.0374,0.0000,-0.0005,0.000,32.38,38.0,1,2065
214013873,-0.033,-0.011,0.0000,-0.0389,0.0000,-0.0005,0.000,32.38,38.0,1,2065
214015193,-0.011,-0.011,0.0000,-0.0526,0.0000,-0.0005,0.000,32.38,38.0,1,2065
214015875,-0.011,-0.011,0.0000,-0.0038,0.0000,-0.0005,0.000,32.38,38.0,1,2065
214016868,-0.011,-0.011,0.0000,-0.0648,0.0000,-0.0005,0.000,32.38,38.0,1,2065
214018195,-0.011,-0.011,0.0000,-0.0374,0.0000,-0.0005,0.000,32.38,38.0,1,2065
214018866,-0.011,-0.011,0.0000,-0.0801,0.0000,-0.0005,0.000,32.38,38.0,1,2065
214019871,-0.011,-0.011,0.0000,0.0069,0.0000,-0.0005,0.000,32.38,38.0,1,2065
214020871,-0.011,-0.011,0.0000,-0.0389,0.0000,-0.0005,0.000,32.38,38.0,1,2065
214021871,-0.011,-0.011,0.0000,-0.0237,0.0000,-0.0005,0.000,32.38,38.0,1,2065
214023194,-0.011,-0.011,0.0000,0.0481,0.0000,-0.0005,0.000,32.38,38.0,1,2065
214023875,-0.011,-0.011,0.0000,-0.0053,0.0000,-0.0005,0.000,32.38,38.0,1,2065
214024869,-0.011,-0.011,0.0000,-0.1030,0.0000,-0.0005,0.000,32.38,38.0,1,2065
214025868,-0.011,-0.011,0.0000,0.0542,0.0000,-0.0005,0.000,32.38,38.0,1,2065
214026871,-0.011,-0.011,0.0000,0.0435,0.0000,-0.0005,0.000,32.38,38.0,1,2065
214028196,-0.011,-0.011,0.0000,0.0374,0.0000,-0.0005,0.000,32.38,38.0,1,2065
214028854,-0.011,-0.011,0.0000,-0.0343,0.0000,-0.0005,0.000,32.38,38.0,1,2065
214029855,-0.011,-0.011,0.0000,-0.0175,0.0000,-0.0005,0.000,32.38,38.0,1,2065
214031164,-0.011,-0.011,0.0000,-0.0496,0.0000,-0.0005,0.000,32.38,38.0,1,2065
214031554,-0.011,-0.011,0.0000,0.0099,0.0000,-0.0005,0.000,32.38,38.0,1,2065
214032887,-0.011,-0.011,0.0000,-0.1015,0.0000,-0.0005,0.000,32.38,38.0,1,2065
214033873,-0.011,-0.011,0.0000,0.0557,0.0000,-0.0005,0.000,32.38,38.0,1,2065
214035191,-0.011,-0.011,0.0000,-0.0175,0.0000,-0.0005,0.000,32.38,38.0,1,2065
214035873,-0.011,-0.011,0.0000,-0.0847,0.0000,-0.0005,0.000,32.38,38.0,1,2065
214036872,-0.011,-0.011,0.0000,0.1732,0.0000,-0.0005,0.000,32.38,38.0,1,2065
214038184,-0.011,-0.011,0.0000,-0.0740,0.0000,-0.0005,0.000,32.38,38.0,1,2065
214038945,-0.011,-0.011,0.0000,0.0420,0.0000,-0.0005,0.000,32.38,38.0,1,2065
214039803,-0.011,-0.011,0.0000,0.0938,0.0000,-0.0005,0.000,32.38,38.0,1,2065
214040877,-0.011,-0.011,0.0000,-0.1091,0.0000,-0.0005,0.000,32.38,38.0,1,2065
214041856,-0.011,-0.011,0.0000,-0.0099,0.0000,-0.0005,0.000,32.38,38.0,1,2065
214043193,-0.011,-0.011,0.0000,-0.0801,0.0000,-0.0005,0.000,32.38,38.0,1,2065
214043855,-0.011,-0.011,0.0000,0.0313,0.0000,-0.0005,0.000,32.38,38.0,1,2065
214044888,-0.011,-0.011,0.0000,-0.0664,0.0000,-0.0005,0.000,32.38,38.0,1,2065
214045857,-0.011,-0.011,0.0000,0.0465,0.0000,-0.0005,0.000,32.38,38.0,1,2065
214046862,-0.011,-0.011,0.0000,-0.0435,0.0000,-0.0005,0.000,32.38,38.0,1,2065
214048186,-0.011,-0.011,0.0000,0.0237,0.0000,-0.0005,0.000,32.38,38.0,1,2065
214048728,-0.011,-0.011,0.0000,-0.0023,0.0000,-0.0005,0.000,32.38,38.0,1,2065
214049872,-0.011,-0.011,0.0000,-0.1015,0.0000,-0.0005,0.000,32.38,38.0,1,2065
214051177,-0.011,-0.011,0.0000,0.0542,0.0000,-0.0005,0.000,32.38,38.0,1,2065
214051611,-0.011,-0.011,0.0000,0.0053,0.0000,-0.0005,0.000,32.38,38.0,1,2065
214052965,-0.011,-0.011,0.0000,-0.0313,0.0000,-0.0005,0.000,32.38,38.0,1,2065
214053857,-0.011,-0.011,0.0000,-0.0267,0.0000,-0.0005,0.000,32.38,38.0,1,2065
214055177,-0.011,-0.011,0.0000,-0.0603,0.0000,-0.0005,0.000,32.38,38.0,1,2065
214055856,-0.011,-0.011,0.0000,0.0359,0.0000,-0.0005,0.000,32.38,38.0,1,2065
214056922,-0.011,-0.011,0.0000,-0.0679,0.0000,-0.0005,0.000,32.38,38.0,1,2065
214058193,-0.011,-0.011,0.0000,0.0511,0.0000,-0.0005,0.000,32.38,38.0,1,2065
214058861,-0.011,-0.011,0.0000,-0.0587,0.0000,-0.0005,0.000,32.38,38.0,1,2065
214059869,-0.011,-0.011,0.0000,-0.0008,0.0000,-0.0005,0.000,32.38,38.0,1,2065
214060867,-0.011,-0.011,0.0000,0.0618,0.0000,-0.0005,0.000,32.38,38.0,1,2065
214061867,-0.011,-0.011,0.0000,-0.0175,0.0000,-0.0005,0.000,32.38,38.0,1,2065
214063192,-0.011,-0.011,0.0000,-0.0816,0.0000,-0.0005,0.000,32.38,38.0,1,2065
214063874,-0.011,-0.011,0.0000,0.0084,0.0000,-0.0005,0.000,32.38,38.0,1,2065
214064869,-0.011,-0.011,0.0000,-0.0053,0.0000,-0.0005,0.000,32.38,38.0,1,2065
214065867,-0.011,-0.011,0.0000,0.0053,0.0000,-0.0005,0.000,32.38,38.0,1,2065
214066866,-0.011,-0.011,0.0000,0.0435,0.0000,-0.0005,0.000,32.38,38.0,1,2065
214068190,-0.011,-0.011,0.0000,0.0511,0.0000,-0.0005,0.000,32.38,38.0,1,2065
214068872,-0.011,-0.011,0.0000,-0.0618,0.0000,-0.0005,0.000,32.38,38.0,1,2065
214069869,-0.011,-0.011,0.0000,-0.0298,0.0000,-0.0005,0.000,32.38,38.0,1,2065
214071190,-0.011,-0.011,0.0000,-0.1091,0.0000,-0.0005,0.000,32.38,38.0,1,2065
214071565,-0.011,-0.011,0.0000,-0.0023,0.0000,-0.0005,0.000,32.38,38.0,1,2065
214072880,-0.011,-0.011,0.0000,-0.0496,0.0000,-0.0005,0.000,32.38,38.0,1,2065
214073871,-0.011,-0.011,0.0000,-0.0893,0.0000,-0.0005,0.000,32.38,38.0,1,2065
214075191,-0.011,-0.011,0.0000,0.0938,0.0000,-0.0005,0.000,32.38,38.0,1,2065
214075874,-0.011,-0.011,0.0000,0.0404,0.0000,-0.0005,0.000,32.38,38.0,1,2065
214076867,-0.011,-0.011,0.0000,0.0984,0.0000,-0.0005,0.000,32.38,38.0,1,2065
214078191,-0.011,-0.011,0.0000,-0.0298,0.0000,-0.0005,0.000,32.38,38.0,1,2065
214078853,-0.011,-0.011,0.0000,-0.0313,0.0000,-0.0005,0.000,32.38,38.0,1,2065
214079856,-0.011,-0.011,0.0000,0.0420,0.0000,-0.0005,0.000,32.38,38.0,1,2065
214080856,-0.011,-0.011,0.0000,0.0023,0.0000,-0.0005,0.000,32.38,38.0,1,2065
214081871,-0.011,-0.033,0.0000,-0.0328,0.0000,-0.0005,0.000,32.38,38.0,1,2065
214083192,-0.033,-0.011,0.0000,0.0877,0.0000,-0.0005,0.000,32.38,38.0,1,2065
214083872,-0.011,-0.011,0.0000,0.0160,0.0000,-0.0005,0.000,32.38,38.0,1,2065
214084866,-0.011,-0.011,0.0000,0.0755,0.0000,-0.0005,0.000,32.38,38.0,1,2065
214085817,-0.011,-0.011,0.0000,-0.0511,0.0000,-0.0005,0.000,32.38,38.0,1,2065
214086857,-0.011,-0.011,0.0000,0.0267,0.0000,-0.0005,0.000,32.38,38.0,1,2065
214088182,-0.011,-0.011,0.0000,0.0542,0.0000,-0.0005,0.000,32.38,38.0,1,2065
214088942,-0.011,-0.011,0.0000,-0.0191,0.0000,-0.0005,0.000,32.38,38.0,1,2065
214089803,-0.011,-0.011,0.0000,0.1350,0.0000,-0.0005,0.000,32.38,38.0,1,2065
214091202,-0.011,-0.011,0.0000,-0.1274,0.0000,-0.0005,0.000,32.38,38.0,1,2065
214091543,-0.011,-0.011,0.0000,-0.0404,0.0000,-0.0005,0.000,32.38,38.0,1,2065
214092876,-0.011,-0.011,0.0000,0.0587,0.0000,-0.0005,0.000,32.38,38.0,1,2065
214093543,-0.011,-0.011,0.0000,-0.0160,0.0000,-0.0005,0.000,32.38,38.0,1,2065
214094912,-0.011,-0.011,0.0000,0.0343,0.0000,-0.0005,0.000,32.38,38.0,1,2065
214095855,-0.011,-0.011,0.0000,-0.0084,0.0000,-0.0005,0.000,32.38,38.0,1,2065
214096859,-0.011,-0.011,0.0000,0.0175,0.0000,-0.0005,0.000,32.38,38.0,1,2065
214098179,-0.011,-0.011,0.0000,-0.0725,0.0000,-0.0005,0.000,32.38,38.0,1,2065
214098729,-0.011,-0.011,0.0000,0.1091,0.0000,-0.0005,0.000,32.38,38.0,1,2065
214099875,-0.011,-0.011,0.0000,-0.0435,0.0000,-0.0005,0.000,32.38,38.0,1,2065
214100855,-0.011,-0.011,0.0000,-0.0908,0.0000,-0.0005,0.000,32.38,38.0,1,2065
214101946,-0.011,-0.011,0.0000,-0.0679,0.0000,-0.0005,0.000,32.38,38.0,1,2065
214103258,-0.011,-0.011,0.0000,0.0130,0.0000,-0.0005,0.000,32.38,38.0,1,2065
214103854,-0.011,-0.011,0.0000,0.0252,0.0000,-0.0005,0.000,32.38,38.0,1,2065
214104853,-0.011,-0.011,0.0000,0.0038,0.0000,-0.0005,0.000,32.38,38.0,1,2065
214105856,-0.011,-0.011,0.0000,-0.0206,0.0000,-0.0005,0.000,32.38,38.0,1,2065
214106929,-0.011,-0.011,0.0000,0.0633,0.0000,-0.0005,0.000,32.38,38.0,1,2065
214108193,-0.011,-0.033,0.0000,-0.1503,0.0000,-0.0005,0.000,32.38,38.0,1,2065
214108874,-0.033,-0.011,0.0000,0.0069,0.0000,-0.0005,0.000,32.38,38.0,1,2065
214109867,-0.011,-0.011,0.0000,0.1060,0.0000,-0.0005,0.000,32.38,38.0,1,2065
214111194,-0.011,-0.011,0.0000,0.0099,0.0000,-0.0005,0.000,32.38,38.0,1,2065
214111566,-0.011,-0.033,0.0000,-0.0267,0.0000,-0.0005,0.000,32.38,38.0,1,2065
214112883,-0.033,-0.011,0.0000,0.1595,0.0000,-0.0005,0.000,32.38,38.0,1,2065
214113873,-0.011,-0.011,0.0000,-0.0969,0.0000,-0.0005,0.000,32.38,38.0,1,2065
214115191,-0.011,-0.011,0.0000,0.1091,0.0000,-0.0005,0.000,32.38,38.0,1,2065
214115876,-0.011,-0.011,0.0000,0.0130,0.0000,-0.0005,0.000,32.38,38.0,1,2065
214116867,-0.011,-0.011,0.0000,-0.0435,0.0000,-0.0005,0.000,32.38,38.0,1,2065
214118194,-0.011,-0.011,0.0000,0.0099,0.0000,-0.0005,0.000,32.38,38.0,1,2065
214118874,-0.011,-0.011,0.0000,0.0175,0.0000,-0.0005,0.000,32.38,38.0,1,2065
214119870,-0.011,-0.011,0.0000,-0.0252,0.0000,-0.0005,0.000,32.38,38.0,1,2065
214120870,-0.011,-0.011,0.0000,0.0328,0.0000,-0.0005,0.000,32.38,38.0,1,2065
214121867,-0.011,-0.033,0.0000,-0.0969,0.0000,-0.0005,0.000,32.38,38.0,1,2065
214123194,-0.033,-0.011,0.0000,0.0420,0.0000,-0.0005,0.000,32.38,38.0,1,2065
214123865,-0.011,-0.011,0.0000,-0.0313,0.0000,-0.0005,0.000,32.38,38.0,1,2065
214124870,-0.011,-0.011,0.0000,-0.0755,0.0000,-0.0005,0.000,32.38,38.0,1,2065
214125870,-0.011,-0.011,0.0000,-0.0160,0.0000,-0.0005,0.000,32.38,38.0,1,2065
214126868,-0.011,-0.011,0.0000,-0.0374,0.0000,-0.0005,0.000,32.38,38.0,1,2065
214128193,-0.011,-0.011,0.0000,-0.0359,0.0000,-0.0005,0.000,32.38,38.0,1,2065
214128848,-0.011,-0.011,0.0000,-0.0557,0.0000,-0.0005,0.000,32.38,38.0,1,2065
214129851,-0.011,-0.011,0.0000,0.0526,0.0000,-0.0005,0.000,32.38,38.0,1,2065
214131164,-0.011,-0.011,0.0000,-0.0328,0.0000,-0.0005,0.000,32.38,38.0,1,2065
214131567,-0.011,-0.011,0.0000,-0.1152,0.0000,-0.0005,0.000,32.38,38.0,1,2065
214132880,-0.011,-0.011,0.0000,0.0725,0.0000,-0.0005,0.000,32.38,38.0,1,2065
214133872,-0.011,-0.011,0.0000,-0.0267,0.0000,-0.0005,0.000,32.38,38.0,1,2065
214135190,-0.011,-0.011,0.0000,0.0496,0.0000,-0.0005,0.000,32.38,38.0,1,2065
214135877,-0.011,-0.011,0.0000,0.0465,0.0000,-0.0005,0.000,32.38,38.0,1,2065
214136854,-0.011,-0.011,0.0000,0.0542,0.0000,-0.0005,0.000,32.38,38.0,1,2065
214138182,-0.011,-0.011,0.0000,0.0908,0.0000,-0.0005,0.000,32.38,38.0,1,2065
214138940,-0.011,-0.011,0.0000,0.0618,0.0000,-0.0005,0.000,32.38,38.0,1,2065
214139801,-0.011,-0.011,0.0000,-0.0664,0.0000,-0.0005,0.000,32.38,38.0,1,2065
214140877,-0.011,-0.011,0.0000,0.1152,0.0000,-0.0005,0.000,32.38,38.0,1,2065
214141852,-0.011,-0.011,0.0000,-0.0511,0.0000,-0.0005,0.000,32.38,38.0,1,2065
214143191,-0.011,-0.011,0.0000,0.0038,0.0000,-0.0005,0.000,32.38,38.0,1,2065
214143851,-0.011,-0.011,0.0000,0.1030,0.0000,-0.0005,0.000,32.38,38.0,1,2065
214144887,-0.011,-0.011,0.0000,-0.0694,0.0000,-0.0005,0.000,32.38,38.0,1,2065
214145853,-0.011,-0.011,0.0000,-0.0618,0.0000,-0.0005,0.000,32.38,38.0,1,2065
214146858,-0.011,-0.011,0.0000,0.0511,0.0000,-0.0005,0.000,32.38,38.0,1,2065
214148183,-0.011,-0.011,0.0000,-0.0648,0.0000,-0.0005,0.000,32.38,38.0,1,2065
214148730,-0.011,-0.011,0.0000,0.1060,0.0000,-0.0005,0.000,32.38,38.0,1,2065
214149871,-0.011,-0.011,0.0000,0.0877,0.0000,-0.0005,0.000,32.38,38.0,1,2065
214151176,-0.011,-0.011,0.0000,-0.1045,0.0000,-0.0005,0.000,32.38,38.0,1,2065
214151612,-0.011,-0.011,0.0000,0.0801,0.0000,-0.0005,0.000,32.38,38.0,1,2065
214152965,-0.011,-0.011,0.0000,-0.0587,0.0000,-0.0005,0.000,32.38,38.0,1,2065
214153853,-0.011,-0.011,0.0000,-0.0160,0.0000,-0.0005,0.000,32.38,38.0,1,2065
214155175,-0.011,-0.011,0.0000,0.0008,0.0000,-0.0005,0.000,32.38,38.0,1,2065
214155850,-0.011,-0.011,0.0000,0.1381,0.0000,-0.0005,0.000,32.38,38.0,1,2065
214156926,-0.011,-0.011,0.0000,0.0008,0.0000,-0.0005,0.000,32.38,38.0,1,2065
214158189,-0.011,-0.011,0.0000,-0.0862,0.0000,-0.0005,0.000,32.38,38.0,1,2065
214158871,-0.011,-0.011,0.0000,0.0526,0.0000,-0.0005,0.000,32.38,38.0,1,2065
214159868,-0.011,-0.011,0.0000,0.0526,0.0000,-0.0005,0.000,32.38,38.0,1,2065
214160868,-0.011,-0.011,0.0000,-0.0511,0.0000,-0.0005,0.000,32.38,38.0,1,2065
214161868,-0.011,-0.011,0.0000,0.0908,0.0000,-0.0005,0.000,32.38,38.0,1,2065
214163193,-0.011,-0.011,0.0000,0.0053,0.0000,-0.0005,0.000,32.38,38.0,1,2065
214163872,-0.011,-0.011,0.0000,0.0237,0.0000,-0.0005,0.000,32.38,38.0,1,2065
214164868,-0.011,-0.011,0.0000,0.0801,0.0000,-0.0005,0.000,32.38,38.0,1,2065
214165868,-0.011,-0.011,0.0000,0.0786,0.0000,-0.0005,0.000,32.38,38.0,1,2065
214166870,-0.011,-0.011,0.0000,-0.0481,0.0000,-0.0005,0.000,32.38,38.0,1,2065
214168192,-0.011,-0.011,0.0000,-0.0618,0.0000,-0.0005,0.000,32.38,38.0,1,2065
214168874,-0.011,-0.011,0.0000,0.0282,0.0000,-0.0005,0.000,32.38,38.0,1,2065
214169869,-0.011,-0.011,0.0000,-0.0587,0.0000,-0.0005,0.000,32.38,38.0,1,2065
214171190,-0.011,-0.011,0.0000,-0.0679,0.0000,-0.0005,0.000,32.38,38.0,1,2065
214171566,-0.011,-0.011,0.0000,-0.0420,0.0000,-0.0005,0.000,32.38,38.0,1,2065
214172882,-0.011,-0.011,0.0000,0.0450,0.0000,-0.0005,0.000,32.38,38.0,1,2065
214173871,-0.011,-0.011,0.0000,-0.0084,0.0000,-0.0005,0.000,32.38,38.0,1,2065
214175190,-0.011,-0.011,0.0000,-0.0099,0.0000,-0.0005,0.000,32.38,38.0,1,2065
214175870,-0.011,-0.011,0.0000,0.0191,0.0000,-0.0005,0.000,32.38,38.0,1,2065
214176869,-0.011,-0.011,0.0000,-0.0648,0.0000,-0.0005,0.000,32.38,38.0,1,2065
214178194,-0.011,-0.011,0.0000,0.0038,0.0000,-0.0005,0.000,32.38,38.0,1,2065
214178848,-0.011,-0.011,0.0000,-0.0572,0.0000,-0.0005,0.000,32.38,38.0,1,2065
214179851,-0.011,-0.011,0.0000,-0.0282,0.0000,-0.0005,0.000,32.38,38.0,1,2065
214180854,-0.011,-0.011,0.0000,0.0496,0.0000,-0.0005,0.000,32.38,38.0,1,2065
214181871,-0.011,-0.011,0.0000,-0.0191,0.0000,-0.0005,0.000,32.38,38.0,1,2065
214183193,-0.011,-0.033,0.0000,-0.0298,0.0000,-0.0005,0.000,32.38,38.0,1,2065
214183873,-0.033,-0.011,0.0000,0.0450,0.0000,-0.0005,0.000,32.38,38.0,1,2065
214184869,-0.011,-0.011,0.0000,-0.0145,0.0000,-0.0005,0.000,32.38,38.0,1,2065
214185815,-0.011,-0.011,0.0000,-0.0710,0.0000,-0.0005,0.000,32.38,38.0,1,2065
214186852,-0.011,-0.011,0.0000,0.0450,0.0000,-0.0005,0.000,32.38,38.0,1,2065
214188177,-0.011,-0.011,0.0000,0.1183,0.0000,-0.0005,0.000,32.38,38.0,1,2065
214188938,-0.011,-0.011,0.0000,-0.0053,0.0000,-0.0005,0.000,32.38,38.0,1,2065
214189801,-0.011,-0.011,0.0000,0.0572,0.0000,-0.0005,0.000,32.38,38.0,1,2065
214191203,-0.011,-0.011,0.0000,0.0267,0.0000,-0.0005,0.000,32.38,38.0,1,2065
214191543,-0.011,-0.011,0.0000,0.1274,0.0000,-0.0005,0.000,32.38,38.0,1,2065
214192876,-0.011,-0.011,0.0000,-0.0267,0.0000,-0.0005,0.000,32.38,38.0,1,2065
214193852,-0.011,-0.011,0.0000,0.0099,0.0000,-0.0005,0.000,32.38,38.0,1,2065
214195208,-0.011,-0.011,0.0000,0.0938,0.0000,-0.0005,0.000,32.38,38.0,1,2065
214195851,-0.011,-0.011,0.0000,-0.1701,0.0000,-0.0005,0.000,32.38,38.0,1,2065
214196857,-0.011,-0.011,0.0000,-0.0069,0.0000,-0.0005,0.000,32.38,38.0,1,2065
214198173,-0.011,-0.011,0.0000,0.0023,0.0000,-0.0005,0.000,32.38,38.0,1,2065
214198734,-0.011,-0.011,0.0000,-0.0145,0.0000,-0.0005,0.000,32.38,38.0,1,2065
214199873,-0.011,-0.011,0.0000,0.0282,0.0000,-0.0005,0.000,32.38,38.0,1,2065
214200852,-0.011,-0.011,0.0000,-0.0282,0.0000,-0.0005,0.000,32.38,38.0,1,2065
214201942,-0.011,-0.011,0.0000,-0.0572,0.0000,-0.0005,0.000,32.38,38.0,1,2065
214203253,-0.011,-0.011,0.0000,0.0084,0.0000,-0.0005,0.000,32.38,38.0,1,2065
214203849,-0.011,-0.011,0.0000,-0.0603,0.0000,-0.0005,0.000,32.38,38.0,1,2065
214204851,-0.011,-0.011,0.0000,0.0237,0.0000,-0.0005,0.000,32.38,38.0,1,2065
214205851,-0.011,-0.011,0.0000,0.0191,0.0000,-0.0005,0.000,32.38,38.0,1,2065
214206925,-0.011,-0.011,0.0000,0.0221,0.0000,-0.0005,0.000,32.38,38.0,1,2065
214208193,-0.011,-0.011,0.0000,0.0206,0.0000,-0.0005,0.000,32.38,38.0,1,2065
214208875,-0.011,-0.011,0.0000,-0.0954,0.0000,-0.0005,0.000,32.38,38.0,1,2065
214209869,-0.011,-0.011,0.0000,0.0923,0.0000,-0.0005,0.000,32.38,38.0,1,2065
214211194,-0.011,-0.011,0.0000,-0.0725,0.0000,-0.0005,0.000,32.38,38.0,1,2065
214211567,-0.011,-0.011,0.0000,-0.0191,0.0000,-0.0005,0.000,32.38,38.0,1,2065
214212885,-0.011,-0.011,0.0000,0.0252,0.0000,-0.0005,0.000,32.38,38.0,1,2065
214213874,-0.011,-0.011,0.0000,-0.0984,0.0000,-0.0005,0.000,32.38,38.0,1,2065
214215192,-0.011,-0.011,0.0000,0.0587,0.0000,-0.0005,0.000,32.38,38.0,1,2065
214215874,-0.011,-0.011,0.0000,-0.0053,0.0000,-0.0005,0.000,32.38,38.0,1,2065
214216871,-0.011,-0.011,0.0000,-0.0282,0.0000,-0.0005,0.000,32.38,38.0,1,2065
214218193,-0.011,-0.011,0.0000,0.1213,0.0000,-0.0005,0.000,32.38,38.0,1,2065
214218874,-0.011,-0.011,0.0000,-0.0404,0.0000,-0.0005,0.000,32.38,38.0,1,2065
214219871,-0.011,-0.011,0.0000,-0.0389,0.0000,-0.0005,0.000,32.38,38.0,1,2065
214220868,-0.011,-0.011,0.0000,0.1289,0.0000,-0.0005,0.000,32.38,38.0,1,2065
214221869,-0.011,-0.011,0.0000,0.0816,0.0000,-0.0005,0.000,32.38,38.0,1,2065
214223193,-0.011,-0.011,0.0000,-0.0160,0.0000,-0.0005,0.000,32.38,38.0,1,2065
214223865,-0.011,-0.011,0.0000,0.0053,0.0000,-0.0005,0.000,32.38,38.0,1,2065
214224870,-0.011,-0.011,0.0000,-0.0053,0.0000,-0.0005,0.000,32.38,38.0,1,2065
214225871,-0.011,-0.011,0.0000,0.1701,0.0000,-0.0005,0.000,32.38,38.0,1,2065
214226869,-0.011,-0.011,0.0000,-0.0893,0.0000,-0.0005,0.000,32.38,38.0,1,2065
214228189,-0.011,-0.011,0.0000,-0.0847,0.0000,-0.0005,0.000,32.38,38.0,1,2065
214228846,-0.011,-0.011,0.0000,0.0053,0.0000,-0.0005,0.000,32.38,38.0,1,2065
214229851,-0.011,-0.011,0.0000,0.0267,0.0000,-0.0005,0.000,32.38,38.0,1,2065
214231169,-0.011,-0.011,0.0000,-0.0008,0.0000,-0.0005,0.000,32.38,38.0,1,2065
214231568,-0.011,-0.011,0.0000,-0.0679,0.0000,-0.0005,0.000,32.38,38.0,1,2065
214232883,-0.011,-0.011,0.0000,0.0633,0.0000,-0.0005,0.000,32.38,38.0,1,2065
214233872,-0.011,-0.011,0.0000,-0.0877,0.0000,-0.0005,0.000,32.38,38.0,1,2065
214235190,-0.011,-0.011,0.0000,0.0526,0.0000,-0.0005,0.000,32.38,38.0,1,2065
214235862,-0.011,-0.011,0.0000,-0.0954,0.0000,-0.0005,0.000,32.38,38.0,1,2065
214236850,-0.011,-0.011,0.0000,0.0435,0.0000,-0.0005,0.000,32.38,38.0,1,2065
214238180,-0.011,-0.011,0.0000,-0.0038,0.0000,-0.0005,0.000,32.38,38.0,1,2065
214238941,-0.011,-0.011,0.0000,-0.1244,0.0000,-0.0005,0.000,32.38,38.0,1,2065
214239796,-0.011,-0.011,0.0000,-0.1030,0.0000,-0.0005,0.000,32.38,38.0,1,2065
214240876,-0.011,-0.011,0.0000,0.0542,0.0000,-0.0005,0.000,32.38,38.0,1,2065
214241850,-0.011,-0.011,0.0000,-0.0496,0.0000,-0.0005,0.000,32.38,38.0,1,2065
214243187,-0.011,-0.011,0.0000,0.0145,0.0000,-0.0005,0.000,32.38,38.0,1,2065
214243848,-0.011,-0.011,0.0000,0.0404,0.0000,-0.0005,0.000,32.38,38.0,1,2065
214244889,-0.011,-0.011,0.0000,-0.0420,0.0000,-0.0005,0.000,32.38,38.0,1,2065
214245849,-0.011,-0.011,0.0000,0.0557,0.0000,-0.0005,0.000,32.38,38.0,1,2065
214246856,-0.011,-0.011,0.0000,-0.0252,0.0000,-0.0005,0.000,32.38,38.0,1,2065
214248181,-0.011,-0.011,0.0000,-0.0786,0.0000,-0.0005,0.000,32.38,38.0,1,2065
214248731,-0.011,-0.011,0.0000,-0.0816,0.0000,-0.0005,0.000,32.38,38.0,1,2065
214249872,-0.011,-0.011,0.0000,0.0130,0.0000,-0.0005,0.000,32.38,38.0,1,2065
214251175,-0.011,-0.011,0.0000,-0.0145,0.0000,-0.0005,0.000,32.38,38.0,1,2065
214251614,-0.011,-0.011,0.0000,-0.1488,0.0000,-0.0005,0.000,32.38,38.0,1,2065
214252964,-0.011,-0.011,0.0000,0.1625,0.0000,-0.0005,0.000,32.38,38.0,1,2065
214253849,-0.011,-0.011,0.0000,0.0893,0.0000,-0.0005,0.000,32.38,38.0,1,2065
214255171,-0.011,-0.011,0.0000,-0.0801,0.0000,-0.0005,0.000,32.38,38.0,1,2065
214255849,-0.011,-0.011,0.0000,-0.0465,0.0000,-0.0005,0.000,32.38,38.0,1,2065
214256922,-0.011,-0.011,0.0000,0.0130,0.0000,-0.0005,0.000,32.38,38.0,1,2065
214258190,-0.011,-0.011,0.0000,0.0053,0.0000,-0.0005,0.000,32.38,38.0,1,2065
214258872,-0.011,-0.011,0.0000,-0.0557,0.0000,-0.0005,0.000,32.38,38.0,1,2065
214259869,-0.011,-0.011,0.0000,0.0740,0.0000,-0.0005,0.000,32.38,38.0,1,2065
214260869,-0.011,-0.011,0.0000,-0.0481,0.0000,-0.0005,0.000,32.38,38.0,1,2065
214261869,-0.011,-0.011,0.0000,-0.0252,0.0000,-0.0005,0.000,32.38,38.0,1,2065
214263193,-0.011,-0.011,0.0000,0.0114,0.0000,-0.0005,0.000,32.38,38.0,1,2065
214263864,-0.011,-0.011,0.0000,0.0069,0.0000,-0.0005,0.000,32.38,38.0,1,2065
214264867,-0.011,-0.011,0.0000,-0.0343,0.0000,-0.0005,0.000,32.38,38.0,1,2065
214265867,-0.011,-0.011,0.0000,-0.0084,0.0000,-0.0005,0.000,32.38,38.0,1,2065
214266869,-0.011,-0.011,0.0000,0.0267,0.0000,-0.0005,0.000,32.38,38.0,1,2065
214268192,-0.011,-0.011,0.0000,0.0374,0.0000,-0.0005,0.000,32.38,38.0,1,2065
214268873,-0.011,-0.011,0.0000,-0.0465,0.0000,-0.0005,0.000,32.38,38.0,1,2065
214269866,-0.011,-0.011,0.0000,0.1091,0.0000,-0.0005,0.000,32.38,38.0,1,2065
214271189,-0.011,-0.033,0.0000,-0.0938,0.0000,-0.0005,0.000,32.38,38.0,1,2065
214271565,-0.033,-0.011,0.0000,-0.1366,0.0000,-0.0005,0.000,32.38,38.0,1,2065
214272881,-0.011,-0.011,0.0000,0.0648,0.0000,-0.0005,0.000,32.38,38.0,1,2065
214273871,-0.011,-0.011,0.0000,0.0404,0.0000,-0.0005,0.000,32.38,38.0,1,2065
214275191,-0.011,-0.011,0.0000,-0.0618,0.0000,-0.0005,0.000,32.38,38.0,1,2065
214275873,-0.011,-0.011,0.0000,0.0420,0.0000,-0.0005,0.000,32.38,38.0,1,2065
214276871,-0.011,-0.011,0.0000,0.0359,0.0000,-0.0005,0.000,32.38,38.0,1,2065
214278192,-0.011,-0.011,0.0000,-0.0114,0.0000,-0.0005,0.000,32.38,38.0,1,2065
214278849,-0.011,-0.011,0.0000,-0.1335,0.0000,-0.0005,0.000,32.38,38.0,1,2065
214279850,-0.011,-0.011,0.0000,0.1717,0.0000,-0.0005,0.000,32.38,38.0,1,2065
214280847,-0.011,-0.011,0.0000,0.0526,0.0000,-0.0005,0.000,32.38,38.0,1,2065
214281870,-0.011,-0.011,0.0000,0.0114,0.0000,-0.0005,0.000,32.38,38.0,1,2065
214283189,-0.011,-0.011,0.0000,0.0664,0.0000,-0.0005,0.000,32.38,38.0,1,2065
214283872,-0.011,-0.011,0.0000,-0.0175,0.0000,-0.0005,0.000,32.38,38.0,1,2065
214284869,-0.011,-0.011,0.0000,-0.0038,0.0000,-0.0005,0.000,32.38,38.0,1,2065
214285760,-0.011,-0.011,0.0000,-0.0526,0.0000,-0.0005,0.000,32.38,38.0,1,2065
214286851,-0.011,-0.011,0.0000,0.0359,0.0000,-0.0005,0.000,32.38,38.0,1,2065
214288178,-0.011,-0.011,0.0000,0.0282,0.0000,-0.0005,0.000,32.38,38.0,1,2065
214288936,-0.011,-0.011,0.0000,0.0099,0.0000,-0.0005,0.000,32.38,38.0,1,2065
214289799,-0.011,-0.011,0.0000,-0.0343,0.0000,-0.0005,0.000,32.38,38.0,1,2065
214291206,-0.011,-0.011,0.0000,-0.0252,0.0000,-0.0005,0.000,32.38,38.0,1,2065
214291543,-0.011,-0.011,0.0000,-0.0252,0.0000,-0.0005,0.000,32.38,38.0,1,2065
214292876,-0.011,-0.011,0.0000,0.0740,0.0000,-0.0005,0.000,32.38,38.0,1,2065
214293847,-0.011,-0.011,0.0000,0.0420,0.0000,-0.0005,0.000,32.38,38.0,1,2065
214295215,-0.011,-0.011,0.0000,0.0008,0.0000,-0.0005,0.000,32.38,38.0,1,2065
214295851,-0.011,-0.011,0.0000,-0.0511,0.0000,-0.0005,0.000,32.38,38.0,1,2065
214296855,-0.011,-0.011,0.0000,0.0481,0.0000,-0.0005,0.000,32.38,38.0,1,2065
214298170,-0.011,-0.011,0.0000,-0.0786,0.0000,-0.0005,0.000,32.38,38.0,1,2065
214298725,-0.011,-0.011,0.0000,0.0893,0.0000,-0.0005,0.000,32.38,38.0,1,2065
214299876,-0.011,-0.011,0.0000,-0.0252,0.0000,-0.0005,0.000,32.38,38.0,1,2065
214300846,-0.011,-0.011,0.0000,-0.0786,0.0000,-0.0005,0.000,32.38,38.0,1,2065
214301938,-0.011,-0.011,0.0000,-0.0557,0.0000,-0.0005,0.000,32.38,38.0,1,2065
214303249,-0.011,-0.011,0.0000,0.0206,0.0000,-0.0005,0.000,32.38,38.0,1,2065
214303850,-0.011,-0.011,0.0000,0.0359,0.0000,-0.0005,0.000,32.38,38.0,1,2065
214304847,-0.011,-0.011,0.0000,0.0938,0.0000,-0.0005,0.000,32.38,38.0,1,2065
214305847,-0.011,-0.011,0.0000,-0.0511,0.0000,-0.0005,0.000,32.38,38.0,1,2065
214306921,-0.011,-0.011,0.0000,-0.0267,0.0000,-0.0005,0.000,32.38,38.0,1,2065
214308198,-0.011,-0.011,0.0000,0.0252,0.0000,-0.0005,0.000,32.38,38.0,1,2065
214308896,-0.011,-0.011,0.0000,-0.0511,0.0000,-0.0005,0.000,32.38,38.0,1,2065
214309867,-0.011,-0.011,0.0000,-0.0908,0.0000,-0.0005,0.000,32.38,38.0,1,2065
214311194,-0.011,-0.011,0.0000,-0.0114,0.0000,-0.0005,0.000,32.38,38.0,1,2065
214311566,-0.011,-0.011,0.0000,-0.0221,0.0000,-0.0005,0.000,32.38,38.0,1,2065
214312884,-0.011,-0.011,0.0000,-0.0603,0.0000,-0.0005,0.000,32.38,38.0,1,2065
214313874,-0.011,-0.011,0.0000,-0.0206,0.0000,-0.0005,0.000,32.38,38.0,1,2065
214315192,-0.011,-0.011,0.0000,0.0542,0.0000,-0.0005,0.000,32.38,38.0,1,2065
214315898,-0.011,-0.011,0.0000,0.0191,0.0000,-0.0005,0.000,32.38,38.0,1,2065
214316870,-0.011,-0.011,0.0000,0.1228,0.0000,-0.0005,0.000,32.38,38.0,1,2065
214318195,-0.011,-0.011,0.0000,0.0023,0.0000,-0.0005,0.000,32.41,38.0,1,2065
214318899,-0.011,-0.011,0.0000,0.0191,0.0000,-0.0005,0.000,32.41,38.0,1,2065
214319870,-0.011,-0.011,0.0000,-0.0328,0.0000,-0.0005,0.000,32.41,38.0,1,2065
214320870,-0.011,-0.011,0.0000,-0.0237,0.0000,-0.0005,0.000,32.41,38.0,1,2065
214321870,-0.011,-0.011,0.0000,0.1335,0.0000,-0.0005,0.000,32.41,38.0,1,2065
214323188,-0.011,-0.011,0.0000,-0.0145,0.0000,-0.0005,0.000,32.41,38.0,1,2065
214323898,-0.011,-0.011,0.0000,-0.0084,0.0000,-0.0005,0.000,32.41,38.0,1,2065
214324867,-0.011,-0.011,0.0000,-0.0908,0.0000,-0.0005,0.000,32.41,38.0,1,2065
214325867,-0.011,-0.011,0.0000,0.0755,0.0000,-0.0005,0.000,32.41,38.0,1,2065
214326870,-0.011,-0.011,0.0000,-0.0053,0.0000,-0.0005,0.000,32.41,38.0,1,2065
214328193,-0.011,-0.011,0.0000,-0.1030,0.0000,-0.0005,0.000,32.41,38.0,1,2065
214328848,-0.011,-0.011,0.0000,-0.0710,0.0000,-0.0005,0.000,32.41,38.0,1,2065
214329847,-0.011,-0.011,0.0000,0.0191,0.0000,-0.0005,0.000,32.41,38.0,1,2065
214331165,-0.011,-0.011,0.0000,0.0114,0.0000,-0.0005,0.000,32.41,38.0,1,2065
214331549,-0.011,-0.011,0.0000,-0.0877,0.0000,-0.0005,0.000,32.41,38.0,1,2065
214332885,-0.011,-0.011,0.0000,0.0130,0.0000,-0.0005,0.000,32.41,38.0,1,2065
214333871,-0.011,-0.011,0.0000,-0.0267,0.0000,-0.0005,0.000,32.41,38.0,1,2065
214335193,-0.011,-0.011,0.0000,0.0023,0.0000,-0.0005,0.000,32.41,38.0,1,2065
214335870,-0.011,-0.011,0.0000,0.0252,0.0000,-0.0005,0.000,32.41,38.0,1,2065
214336872,-0.011,-0.011,0.0000,0.0511,0.0000,-0.0005,0.000,32.41,38.0,1,2065
214338174,-0.011,-0.011,0.0000,0.0069,0.0000,-0.0005,0.000,32.41,38.0,1,2065
214338927,-0.011,-0.011,0.0000,0.0587,0.0000,-0.0005,0.000,32.41,38.0,1,2065
214339789,-0.011,-0.011,0.0000,0.1198,0.0000,-0.0005,0.000,32.41,38.0,1,2065
214340873,-0.011,-0.011,0.0000,-0.0145,0.0000,-0.0005,0.000,32.41,38.0,1,2065
214341845,-0.011,-0.011,0.0000,-0.0908,0.0000,-0.0005,0.000,32.41,38.0,1,2065
214343185,-0.011,-0.011,0.0000,-0.0206,0.0000,-0.0005,0.000,32.41,38.0,1,2065
214343849,-0.011,-0.011,0.0000,-0.0465,0.0000,-0.0005,0.000,32.41,38.0,1,2065
214344884,-0.011,-0.011,0.0000,0.0648,0.0000,-0.0005,0.000,32.41,38.0,1,2065
214345847,-0.011,-0.011,0.0000,-0.0420,0.0000,-0.0005,0.000,32.41,38.0,1,2065
214346851,-0.011,-0.011,0.0000,-0.0526,0.0000,-0.0005,0.000,32.41,38.0,1,2065
214348176,-0.011,-0.011,0.0000,0.0282,0.0000,-0.0005,0.000,32.41,38.0,1,2065
214348754,-0.011,-0.011,0.0000,0.0542,0.0000,-0.0005,0.000,32.41,38.0,1,2065
214349871,-0.011,-0.011,0.0000,0.0832,0.0000,-0.0005,0.000,32.41,38.0,1,2065
214351167,-0.011,-0.011,0.0000,-0.0023,0.0000,-0.0005,0.000,32.41,38.0,1,2065
214351608,-0.011,-0.011,0.0000,0.0298,0.0000,-0.0005,0.000,32.41,38.0,1,2065
214352962,-0.011,-0.011,0.0000,0.0237,0.0000,-0.0005,0.000,32.41,38.0,1,2065
214353849,-0.011,-0.011,0.0000,-0.0450,0.0000,-0.0005,0.000,32.41,38.0,1,2065
214355166,-0.011,-0.011,0.0000,-0.0755,0.0000,-0.0005,0.000,32.41,38.0,1,2065
214355850,-0.011,-0.011,0.0000,-0.0282,0.0000,-0.0005,0.000,32.41,38.0,1,2065
214356917,-0.011,-0.011,0.0000,-0.0526,0.0000,-0.0005,0.000,32.41,38.0,1,2065
214358198,-0.011,-0.011,0.0000,0.0145,0.0000,-0.0005,0.000,32.38,38.0,1,2065
214358900,-0.011,-0.011,0.0000,-0.0267,0.0000,-0.0005,0.000,32.38,38.0,1,2065
214359868,-0.011,-0.011,0.0000,-0.0954,0.0000,-0.0005,0.000,32.38,38.0,1,2065
214360871,-0.011,-0.011,0.0000,-0.0252,0.0000,-0.0005,0.000,32.38,38.0,1,2065
214361868,-0.011,-0.011,0.0000,0.0542,0.0000,-0.0005,0.000,32.38,38.0,1,2065
214363192,-0.011,-0.011,0.0000,-0.0694,0.0000,-0.0005,0.000,32.38,38.0,1,2065
214363899,-0.011,-0.011,0.0000,0.0130,0.0000,-0.0005,0.000,32.38,38.0,1,2065
214364871,-0.011,-0.011,0.0000,-0.0038,0.0000,-0.0005,0.000,32.38,38.0,1,2065
214365869,-0.011,-0.011,0.0000,-0.1183,0.0000,-0.0005,0.000,32.38,38.0,1,2065
214366869,-0.011,-0.011,0.0000,0.0526,0.0000,-0.0005,0.000,32.38,38.0,1,2065
214368187,-0.011,-0.011,0.0000,-0.0359,0.0000,-0.0005,0.000,32.38,38.0,1,2065
214368898,-0.011,-0.011,0.0000,-0.0130,0.0000,-0.0005,0.000,32.38,38.0,1,2065
214369868,-0.011,-0.011,0.0000,0.0053,0.0000,-0.0005,0.000,32.38,38.0,1,2065
214371190,-0.011,-0.033,0.0000,-0.1289,0.0000,-0.0005,0.000,32.38,38.0,1,2065
214371566,-0.033,-0.011,0.0000,-0.0420,0.0000,-0.0005,0.000,32.38,38.0,1,2065
214372882,-0.011,-0.011,0.0000,0.0099,0.0000,-0.0005,0.000,32.38,38.0,1,2065
214373895,-0.011,-0.011,0.0000,0.0175,0.0000,-0.0005,0.000,32.38,38.0,1,2065
214375191,-0.011,-0.011,0.0000,-0.0404,0.0000,-0.0005,0.000,32.38,38.0,1,2065
214375897,-0.011,-0.011,0.0000,-0.0969,0.0000,-0.0005,0.000,32.38,38.0,1,2065
214376867,-0.011,-0.033,0.0000,-0.0877,0.0000,-0.0005,0.000,32.38,38.0,1,2065
214378193,-0.033,-0.011,0.0000,0.1259,0.0000,-0.0005,0.000,32.38,38.0,1,2065
214378849,-0.011,-0.011,0.0000,-0.0725,0.0000,-0.0005,0.000,32.38,38.0,1,2065
214379845,-0.011,-0.011,0.0000,0.0511,0.0000,-0.0005,0.000,32.38,38.0,1,2065
214380847,-0.011,-0.011,0.0000,-0.0130,0.0000,-0.0005,0.000,32.38,38.0,1,2065
214381871,-0.011,-0.011,0.0000,-0.0191,0.0000,-0.0005,0.000,32.38,38.0,1,2065
214383194,-0.011,-0.011,0.0000,-0.1122,0.0000,-0.0005,0.000,32.41,38.0,1,2065
214383873,-0.011,-0.011,0.0000,-0.1259,0.0000,-0.0005,0.000,32.41,38.0,1,2065
214384870,-0.011,-0.011,0.0000,0.0267,0.0000,-0.0005,0.000,32.41,38.0,1,2065
214385872,-0.011,-0.011,0.0000,0.0130,0.0000,-0.0005,0.000,32.41,38.0,1,2065
214386874,-0.011,-0.011,0.0000,0.0206,0.0000,-0.0005,0.000,32.41,38.0,1,2065
214388173,-0.011,-0.011,0.0000,0.0465,0.0000,-0.0005,0.000,32.41,38.0,1,2065
214388927,-0.011,-0.011,0.0000,0.1717,0.0000,-0.0005,0.000,32.41,38.0,1,2065
214389788,-0.011,-0.011,0.0000,-0.1244,0.0000,-0.0005,0.000,32.41,38.0,1,2065
214391203,-0.011,-0.011,0.0000,0.0465,0.0000,-0.0005,0.000,32.41,38.0,1,2065
214391844,-0.011,-0.011,0.0000,-0.0542,0.0000,-0.0005,0.000,32.41,38.0,1,2065
214393180,-0.011,-0.011,0.0000,-0.0633,0.0000,-0.0005,0.000,32.41,38.0,1,2065
214393845,-0.011,-0.011,0.0000,-0.1274,0.0000,-0.0005,0.000,32.41,38.0,1,2065
214395205,-0.011,-0.011,0.0000,0.0008,0.0000,-0.0005,0.000,32.41,38.0,1,2065
214395848,-0.011,-0.011,0.0000,0.0572,0.0000,-0.0005,0.000,32.41,38.0,1,2065
214396853,-0.011,-0.011,0.0000,-0.0084,0.0000,-0.0005,0.000,32.41,38.0,1,2065
214398166,-0.011,-0.011,0.0000,0.0938,0.0000,-0.0005,0.000,32.41,38.0,1,2065
214398759,-0.011,-0.011,0.0000,0.0038,0.0000,-0.0005,0.000,32.41,38.0,1,2065
214399870,-0.011,-0.011,0.0000,0.1045,0.0000,-0.0005,0.000,32.41,38.0,1,2065
214400842,-0.011,-0.033,0.0000,-0.1091,0.0000,-0.0005,0.000,32.41,38.0,1,2065
214401942,-0.033,-0.011,0.0000,-0.0221,0.0000,-0.0005,0.000,32.41,38.0,1,2065
214403247,-0.011,-0.011,0.0000,0.0191,0.0000,-0.0005,0.000,32.41,38.0,1,2065
214403848,-0.011,-0.011,0.0000,-0.0404,0.0000,-0.0005,0.000,32.41,38.0,1,2065
214404845,-0.011,-0.011,0.0000,0.0038,0.0000,-0.0005,0.000,32.41,38.0,1,2065
214405848,-0.011,-0.011,0.0000,0.0221,0.0000,-0.0005,0.000,32.41,38.0,1,2065
214406915,-0.011,-0.011,0.0000,-0.0511,0.0000,-0.0005,0.000,32.41,38.0,1,2065
214408193,-0.011,-0.033,0.0000,-0.0664,0.0000,-0.0005,0.000,32.41,38.0,1,2065
214408899,-0.033,-0.011,0.0000,0.1900,0.0000,-0.0005,0.000,32.41,38.0,1,2065
214409868,-0.011,-0.011,0.0000,-0.0725,0.0000,-0.0005,0.000,32.41,38.0,1,2065
214411200,-0.011,-0.011,0.0000,-0.0572,0.0000,-0.0005,0.000,32.41,38.0,1,2065
214411870,-0.011,-0.011,0.0000,-0.0450,0.0000,-0.0005,0.000,32.41,38.0,1,2065
214413187,-0.011,-0.011,0.0000,0.0832,0.0000,-0.0005,0.000,32.41,38.0,1,2065
214413898,-0.011,-0.011,0.0000,-0.0160,0.0000,-0.0005,0.000,32.41,38.0,1,2065
214415199,-0.011,-0.011,0.0000,0.0237,0.0000,-0.0005,0.000,32.41,38.0,1,2065
214415899,-0.011,-0.011,0.0000,-0.0710,0.0000,-0.0005,0.000,32.41,38.0,1,2065
214416870,-0.011,-0.011,0.0000,-0.0481,0.0000,-0.0005,0.000,32.41,38.0,1,2065
214418189,-0.011,-0.011,0.0000,0.0008,0.0000,-0.0005,0.000,32.41,38.0,1,2065
214418897,-0.011,-0.011,0.0000,-0.0099,0.0000,-0.0005,0.000,32.41,38.0,1,2065
214419871,-0.011,-0.011,0.0000,0.0282,0.0000,-0.0005,0.000,32.41,38.0,1,2065
214420870,-0.011,-0.011,0.0000,-0.0328,0.0000,-0.0005,0.000,32.41,38.0,1,2065
214421869,-0.011,-0.011,0.0000,0.0877,0.0000,-0.0005,0.000,32.41,38.0,1,2065
214423191,-0.011,-0.011,0.0000,-0.1106,0.0000,-0.0005,0.000,32.41,38.0,1,2065
214423901,-0.011,-0.011,0.0000,-0.0420,0.0000,-0.0005,0.000,32.41,38.0,1,2065
214424868,-0.011,-0.033,0.0000,-0.0679,0.0000,-0.0005,0.000,32.41,38.0,1,2065
214425868,-0.033,-0.011,0.0000,-0.0175,0.0000,-0.0005,0.000,32.41,38.0,1,2065
214426868,-0.011,-0.011,0.0000,0.0572,0.0000,-0.0005,0.000,32.41,38.0,1,2065
214428186,-0.011,-0.011,0.0000,-0.0771,0.0000,-0.0005,0.000,32.41,38.0,1,2065
214428897,-0.011,-0.011,0.0000,0.0313,0.0000,-0.0005,0.000,32.41,38.0,1,2065
214429857,-0.011,-0.011,0.0000,0.0145,0.0000,-0.0005,0.000,32.41,38.0,1,2065
214431164,-0.011,-0.011,0.0000,-0.0374,0.0000,-0.0005,0.000,32.41,38.0,1,2065
214431543,-0.011,-0.011,0.0000,-0.0664,0.0000,-0.0005,0.000,32.41,38.0,1,2065
214432884,-0.011,-0.011,0.0000,0.0557,0.0000,-0.0005,0.000,32.41,38.0,1,2065
214433898,-0.011,-0.011,0.0000,0.0221,0.0000,-0.0005,0.000,32.41,38.0,1,2065
214435192,-0.011,-0.011,0.0000,0.0069,0.0000,-0.0005,0.000,32.41,38.0,1,2065
214435898,-0.011,-0.011,0.0000,-0.0084,0.0000,-0.0005,0.000,32.41,38.0,1,2065
214436870,-0.011,-0.011,0.0000,-0.0298,0.0000,-0.0005,0.000,32.41,38.0,1,2065
214438194,-0.011,-0.011,0.0000,-0.0084,0.0000,-0.0005,0.000,32.41,38.0,1,2065
214438849,-0.011,-0.011,0.0000,-0.0084,0.0000,-0.0005,0.000,32.41,38.0,1,2065
214439901,-0.011,-0.011,0.0000,-0.0923,0.0000,-0.0005,0.000,32.41,38.0,1,2065
214440876,-0.011,-0.011,0.0000,0.0908,0.0000,-0.0005,0.000,32.41,38.0,1,2065
214441848,-0.011,-0.011,0.0000,0.0008,0.0000,-0.0005,0.000,32.41,38.0,1,2065
214443185,-0.011,-0.011,0.0000,0.0099,0.0000,-0.0005,0.000,32.41,38.0,1,2065
214443847,-0.011,-0.011,0.0000,-0.0893,0.0000,-0.0005,0.000,32.41,38.0,1,2065
214444918,-0.011,-0.011,0.0000,0.0282,0.0000,-0.0005,0.000,32.41,38.0,1,2065
214445846,-0.011,-0.011,0.0000,0.0084,0.0000,-0.0005,0.000,32.41,38.0,1,2065
214446852,-0.011,-0.011,0.0000,-0.0526,0.0000,-0.0005,0.000,32.41,38.0,1,2065
214448174,-0.011,-0.011,0.0000,0.0755,0.0000,-0.0005,0.000,32.41,38.0,1,2065
214448757,-0.011,-0.011,0.0000,-0.0557,0.0000,-0.0005,0.000,32.41,38.0,1,2065
214449870,-0.011,-0.011,0.0000,0.0938,0.0000,-0.0005,0.000,32.41,38.0,1,2065
214451172,-0.011,-0.011,0.0000,0.0023,0.0000,-0.0005,0.000,32.41,38.0,1,2065
214451607,-0.011,-0.011,0.0000,0.0786,0.0000,-0.0005,0.000,32.41,38.0,1,2065
214452963,-0.011,-0.011,0.0000,-0.0557,0.0000,-0.0005,0.000,32.41,38.0,1,2065
214453851,-0.011,-0.011,0.0000,0.0206,0.0000,-0.0005,0.000,32.41,38.0,1,2065
214455168,-0.011,-0.011,0.0000,0.0648,0.0000,-0.0005,0.000,32.41,38.0,1,2065
214455849,-0.011,-0.011,0.0000,-0.0008,0.0000,-0.0005,0.000,32.41,38.0,1,2065
214456913,-0.011,-0.011,0.0000,0.0175,0.0000,-0.0005,0.000,32.41,38.0,1,2065
214458186,-0.011,-0.011,0.0000,0.0893,0.0000,-0.0005,0.000,32.41,38.0,1,2065
214458897,-0.011,-0.011,0.0000,-0.0328,0.0000,-0.0005,0.000,32.41,38.0,1,2065
214459867,-0.011,-0.011,0.0000,-0.0587,0.0000,-0.0005,0.000,32.41,38.0,1,2065
214460867,-0.011,-0.011,0.0000,0.0587,0.0000,-0.0005,0.000,32.41,38.0,1,2065
214461867,-0.011,-0.011,0.0000,-0.0801,0.0000,-0.0005,0.000,32.41,38.0,1,2065
214463182,-0.011,-0.011,0.0000,-0.0023,0.0000,-0.0005,0.000,32.41,38.0,1,2065
214463898,-0.011,-0.011,0.0000,-0.1137,0.0000,-0.0005,0.000,32.41,38.0,1,2065
214464868,-0.011,-0.011,0.0000,0.0084,0.0000,-0.0005,0.000,32.41,38.0,1,2065
214465867,-0.011,-0.011,0.0000,0.0542,0.0000,-0.0005,0.000,32.41,38.0,1,2065
214466869,-0.011,-0.011,0.0000,0.1122,0.0000,-0.0005,0.000,32.41,38.0,1,2065
214468186,-0.011,-0.011,0.0000,0.0298,0.0000,-0.0005,0.000,32.41,38.0,1,2065
214468896,-0.011,-0.011,0.0000,0.0862,0.0000,-0.0005,0.000,32.41,38.0,1,2065
214469867,-0.011,-0.011,0.0000,0.0237,0.0000,-0.0005,0.000,32.41,38.0,1,2065
214471192,-0.011,-0.011,0.0000,0.0252,0.0000,-0.0005,0.000,32.41,38.0,1,2065
214471565,-0.011,-0.011,0.0000,0.0420,0.0000,-0.0005,0.000,32.41,38.0,1,2065
214472882,-0.011,-0.011,0.0000,0.0237,0.0000,-0.0005,0.000,32.41,38.0,1,2065
214473894,-0.011,-0.011,0.0000,0.0175,0.0000,-0.0005,0.000,32.41,38.0,1,2065
214475188,-0.011,-0.011,0.0000,-0.0725,0.0000,-0.0005,0.000,32.41,38.0,1,2065
214475897,-0.011,-0.011,0.0000,0.0099,0.0000,-0.0005,0.000,32.41,38.0,1,2065
214476867,-0.011,-0.011,0.0000,0.0084,0.0000,-0.0005,0.000,32.41,38.0,1,2065
214478189,-0.011,-0.011,0.0000,0.1045,0.0000,-0.0005,0.000,32.41,38.0,1,2065
214478865,-0.011,-0.011,0.0000,0.0465,0.0000,-0.0005,0.000,32.41,38.0,1,2065
214479849,-0.011,-0.011,0.0000,-0.0221,0.0000,-0.0005,0.000,32.41,38.0,1,2065
214480845,-0.011,-0.011,0.0000,0.0511,0.0000,-0.0005,0.000,32.41,38.0,1,2065
214481854,-0.011,-0.011,0.0000,0.0710,0.0000,-0.0005,0.000,32.41,38.0,1,2065
214483182,-0.011,-0.011,0.0000,-0.0313,0.0000,-0.0005,0.000,32.41,38.0,1,2065
214483897,-0.011,-0.011,0.0000,0.0145,0.0000,-0.0005,0.000,32.41,38.0,1,2065
214484868,-0.011,-0.011,0.0000,0.1198,0.0000,-0.0005,0.000,32.41,38.0,1,2065
214485870,-0.011,-0.011,0.0000,-0.0237,0.0000,-0.0005,0.000,32.41,38.0,1,2065
214486871,-0.011,-0.011,0.0000,-0.0267,0.0000,-0.0005,0.000,32.41,38.0,1,2065
214488173,-0.011,-0.011,0.0000,-0.0893,0.0000,-0.0005,0.000,32.41,38.0,1,2065
214488923,-0.011,-0.011,0.0000,0.0008,0.0000,-0.0005,0.000,32.41,38.0,1,2065
214489786,-0.011,-0.011,0.0000,-0.0267,0.0000,-0.0005,0.000,32.41,38.0,1,2065
214491199,-0.011,-0.011,0.0000,0.0984,0.0000,-0.0005,0.000,32.41,38.0,1,2065
214491847,-0.011,-0.011,0.0000,-0.0664,0.0000,-0.0005,0.000,32.41,38.0,1,2065
214493183,-0.011,-0.011,0.0000,0.0175,0.0000,-0.0005,0.000,32.41,38.0,1,2065
214493849,-0.011,-0.011,0.0000,-0.0633,0.0000,-0.0005,0.000,32.41,38.0,1,2065
214495212,-0.011,-0.011,0.0000,0.0526,0.0000,-0.0005,0.000,32.41,38.0,1,2065
214495851,-0.011,-0.011,0.0000,0.1198,0.0000,-0.0005,0.000,32.41,38.0,1,2065
214496852,-0.011,-0.011,0.0000,-0.0099,0.0000,-0.0005,0.000,32.41,38.0,1,2065
214498165,-0.011,-0.011,0.0000,0.0099,0.0000,-0.0005,0.000,32.41,38.0,1,2065
214498756,-0.011,-0.011,0.0000,0.0160,0.0000,-0.0005,0.000,32.41,38.0,1,2065
214499871,-0.011,-0.011,0.0000,0.0099,0.0000,-0.0005,0.000,32.41,38.0,1,2065
214500845,-0.011,-0.011,0.0000,-0.0282,0.0000,-0.0005,0.000,32.41,38.0,1,2065
214501937,-0.011,-0.011,0.0000,-0.1060,0.0000,-0.0005,0.000,32.41,38.0,1,2065
214503239,-0.011,-0.011,0.0000,-0.0114,0.0000,-0.0005,0.000,32.41,38.0,1,2065
214503851,-0.011,-0.011,0.0000,0.0191,0.0000,-0.0005,0.000,32.41,38.0,1,2065
214504848,-0.011,-0.011,0.0000,0.0496,0.0000,-0.0005,0.000,32.41,38.0,1,2065
214505846,-0.011,-0.011,0.0000,0.1060,0.0000,-0.0005,0.000,32.41,38.0,1,2065
214506910,-0.011,-0.011,0.0000,-0.1442,0.0000,-0.0005,0.000,32.41,38.0,1,2065
214508208,-0.011,-0.011,0.0000,0.1060,0.0000,-0.0005,0.000,32.41,38.0,1,2065
214508898,-0.011,-0.011,0.0000,-0.0328,0.0000,-0.0005,0.000,32.41,38.0,1,2065
214509891,-0.011,-0.011,0.0000,0.1442,0.0000,-0.0005,0.000,32.41,38.0,1,2065
214511194,-0.011,-0.011,0.0000,0.0999,0.0000,-0.0005,0.000,32.41,38.0,1,2065
214511894,-0.011,-0.011,0.0000,0.0008,0.0000,-0.0005,0.000,32.41,38.0,1,2065
214513210,-0.011,-0.011,0.0000,0.0237,0.0000,-0.0005,0.000,32.38,38.0,1,2065
214513887,-0.011,-0.011,0.0000,0.0679,0.0000,-0.0005,0.000,32.38,38.0,1,2065
214515216,-0.011,-0.011,0.0000,0.0023,0.0000,-0.0005,0.000,32.38,38.0,1,2065
214515888,-0.011,-0.011,0.0000,0.0053,0.0000,-0.0005,0.000,32.38,38.0,1,2065
214516867,-0.011,-0.011,0.0000,-0.0252,0.0000,-0.0005,0.000,32.38,38.0,1,2065
214518210,-0.011,-0.011,0.0000,-0.1457,0.0000,-0.0005,0.000,32.38,38.0,1,2065
214518897,-0.011,-0.033,0.0000,-0.0679,0.0000,-0.0005,0.000,32.38,38.0,1,2065
214519893,-0.033,-0.011,0.0000,0.0481,0.0000,-0.0005,0.000,32.38,38.0,1,2065
214520890,-0.011,-0.011,0.0000,0.0984,0.0000,-0.0005,0.000,32.38,38.0,1,2065
214521892,-0.011,-0.011,0.0000,-0.0298,0.0000,-0.0005,0.000,32.38,38.0,1,2065
214523210,-0.011,-0.011,0.0000,-0.0450,0.0000,-0.0005,0.000,32.38,38.0,1,2065
214523899,-0.011,-0.011,0.0000,0.0771,0.0000,-0.0005,0.000,32.38,38.0,1,2065
214524891,-0.011,-0.011,0.0000,-0.0542,0.0000,-0.0005,0.000,32.38,38.0,1,2065
214525891,-0.011,-0.011,0.0000,-0.0618,0.0000,-0.0005,0.000,32.38,38.0,1,2065
214526891,-0.011,-0.011,0.0000,0.0816,0.0000,-0.0005,0.000,32.38,38.0,1,2065
214528208,-0.011,-0.011,0.0000,-0.0618,0.0000,-0.0005,0.000,32.38,38.0,1,2065
214528900,-0.011,-0.011,0.0000,-0.0160,0.0000,-0.0005,0.000,32.38,38.0,1,2065
214529894,-0.011,-0.011,0.0000,0.0526,0.0000,-0.0005,0.000,32.38,38.0,1,2065
214531165,-0.011,-0.011,0.0000,0.0587,0.0000,-0.0005,0.000,32.38,38.0,1,2065
214531543,-0.011,-0.011,0.0000,0.0938,0.0000,-0.0005,0.000,32.38,38.0,1,2065
214532862,-0.011,-0.011,0.0000,-0.0664,0.0000,-0.0005,0.000,32.38,38.0,1,2065
214533895,-0.011,-0.011,0.0000,0.0282,0.0000,-0.0005,0.000,32.38,38.0,1,2065
214535188,-0.011,-0.011,0.0000,-0.0359,0.0000,-0.0005,0.000,32.38,38.0,1,2065
214535894,-0.011,-0.011,0.0000,-0.0435,0.0000,-0.0005,0.000,32.38,38.0,1,2065
214536892,-0.011,-0.011,0.0000,0.0908,0.0000,-0.0005,0.000,32.38,38.0,1,2065
214538126,-0.011,-0.011,0.0000,-0.0359,0.0000,-0.0005,0.000,32.38,38.0,1,2065
214538852,-0.011,-0.011,0.0000,0.0130,0.0000,-0.0005,0.000,32.38,38.0,1,2065
214539848,-0.011,-0.011,0.0000,0.0099,0.0000,-0.0005,0.000,32.38,38.0,1,2065
214540957,-0.011,-0.011,0.0000,0.1488,0.0000,-0.0005,0.000,32.38,38.0,1,2065
214541878,-0.011,-0.011,0.0000,-0.1152,0.0000,-0.0005,0.000,32.38,38.0,1,2065
214543176,-0.011,-0.011,0.0000,0.0710,0.0000,-0.0005,0.000,32.38,38.0,1,2065
214543852,-0.011,-0.011,0.0000,-0.0496,0.0000,-0.0005,0.000,32.38,38.0,1,2065
214544848,-0.011,-0.011,0.0000,0.0160,0.0000,-0.0005,0.000,32.38,38.0,1,2065
214545915,-0.011,-0.011,0.0000,0.0801,0.0000,-0.0005,0.000,32.38,38.0,1,2065
214546847,-0.011,-0.011,0.0000,-0.0832,0.0000,-0.0005,0.000,32.38,38.0,1,2065
214548181,-0.011,-0.011,0.0000,0.0389,0.0000,-0.0005,0.000,32.41,38.0,1,2065
214548847,-0.011,-0.011,0.0000,0.1244,0.0000,-0.0005,0.000,32.41,38.0,1,2065
214549917,-0.011,-0.011,0.0000,-0.1610,0.0000,-0.0005,0.000,32.41,38.0,1,2065
214551170,-0.011,-0.011,0.0000,0.0862,0.0000,-0.0005,0.000,32.41,38.0,1,2065
214551607,-0.011,-0.011,0.0000,-0.0145,0.0000,-0.0005,0.000,32.41,38.0,1,2065
214552958,-0.011,-0.011,0.0000,-0.0740,0.0000,-0.0005,0.000,32.41,38.0,1,2065
214553849,-0.011,-0.011,0.0000,0.0175,0.0000,-0.0005,0.000,32.41,38.0,1,2065
214555170,-0.011,-0.011,0.0000,-0.0191,0.0000,-0.0005,0.000,32.41,38.0,1,2065
214555850,-0.011,-0.011,0.0000,-0.0389,0.0000,-0.0005,0.000,32.41,38.0,1,2065
214556910,-0.011,-0.011,0.0000,0.1060,0.0000,-0.0005,0.000,32.41,38.0,1,2065
214558218,-0.011,-0.011,0.0000,-0.0191,0.0000,-0.0005,0.000,32.41,38.0,1,2065
214558894,-0.011,-0.011,0.0000,0.0542,0.0000,-0.0005,0.000,32.41,38.0,1,2065
214559892,-0.011,-0.011,0.0000,-0.0114,0.0000,-0.0005,0.000,32.41,38.0,1,2065
214560892,-0.011,-0.011,0.0000,0.0481,0.0000,-0.0005,0.000,32.41,38.0,1,2065
214561892,-0.011,-0.011,0.0000,-0.0572,0.0000,-0.0005,0.000,32.41,38.0,1,2065
214563212,-0.011,-0.011,0.0000,0.0206,0.0000,-0.0005,0.000,32.38,38.0,1,2065
214563899,-0.011,-0.011,0.0000,-0.0435,0.0000,-0.0005,0.000,32.38,38.0,1,2065
214564892,-0.011,-0.011,0.0000,0.0328,0.0000,-0.0005,0.000,32.38,38.0,1,2065
214565892,-0.011,-0.011,0.0000,0.0145,0.0000,-0.0005,0.000,32.38,38.0,1,2065
214566892,-0.011,-0.011,0.0000,0.0053,0.0000,-0.0005,0.000,32.38,38.0,1,2065
214568205,-0.011,-0.011,0.0000,0.0023,0.0000,-0.0005,0.000,32.41,38.0,1,2065
214568899,-0.011,-0.011,0.0000,0.0191,0.0000,-0.0005,0.000,32.41,38.0,1,2065
214569894,-0.011,-0.011,0.0000,0.0130,0.0000,-0.0005,0.000,32.41,38.0,1,2065
214571213,-0.011,-0.011,0.0000,-0.0755,0.0000,-0.0005,0.000,32.41,38.0,1,2065
214571559,-0.011,-0.011,0.0000,0.0038,0.0000,-0.0005,0.000,32.41,38.0,1,2065
214572882,-0.011,-0.011,0.0000,0.0389,0.0000,-0.0005,0.000,32.41,38.0,1,2065
214573568,-0.011,-0.011,0.0000,-0.0053,0.0000,-0.0005,0.000,32.41,38.0,1,2065
214574886,-0.011,-0.011,0.0000,0.0771,0.0000,-0.0005,0.000,32.41,38.0,1,2065
214575569,-0.011,-0.011,0.0000,0.0435,0.0000,-0.0005,0.000,32.41,38.0,1,2065
214576575,-0.011,-0.011,0.0000,-0.0679,0.0000,-0.0005,0.000,32.41,38.0,1,2065
214577862,-0.011,-0.011,0.0000,0.0359,0.0000,-0.0005,0.000,32.41,38.0,1,2065
214578847,-0.011,-0.011,0.0000,-0.0420,0.0000,-0.0005,0.000,32.41,38.0,1,2065
214579892,-0.011,-0.011,0.0000,0.0191,0.0000,-0.0005,0.000,32.41,38.0,1,2065
214580892,-0.011,-0.011,0.0000,-0.0679,0.0000,-0.0005,0.000,32.41,38.0,1,2065
214581865,-0.011,-0.011,0.0000,0.1060,0.0000,-0.0005,0.000,32.41,38.0,1,2065
214583205,-0.011,-0.011,0.0000,-0.1427,0.0000,-0.0005,0.000,32.41,38.0,1,2065
214583811,-0.011,-0.011,0.0000,0.1900,0.0000,-0.0005,0.000,32.41,38.0,1,2065
214584846,-0.011,-0.011,0.0000,-0.0862,0.0000,-0.0005,0.000,32.41,38.0,1,2065
214585846,-0.011,-0.011,0.0000,-0.0511,0.0000,-0.0005,0.000,32.41,38.0,1,2065
214586899,-0.011,-0.011,0.0000,-0.0465,0.0000,-0.0005,0.000,32.41,38.0,1,2065
214588195,-0.011,-0.011,0.0000,0.0893,0.0000,-0.0005,0.000,32.41,38.0,1,2065
214588849,-0.011,-0.011,0.0000,-0.1152,0.0000,-0.0005,0.000,32.41,38.0,1,2065
214589851,-0.011,-0.011,0.0000,-0.0557,0.0000,-0.0005,0.000,32.41,38.0,1,2065
214591172,-0.011,-0.011,0.0000,0.0298,0.0000,-0.0005,0.000,32.41,38.0,1,2065
214591434,-0.011,-0.011,0.0000,0.0572,0.0000,-0.0005,0.000,32.41,38.0,1,2065
214592889,-0.011,-0.011,0.0000,0.0420,0.0000,-0.0005,0.000,32.41,38.0,1,2065
214593544,-0.011,-0.011,0.0000,-0.0343,0.0000,-0.0005,0.000,32.41,38.0,1,2065
214594870,-0.011,-0.011,0.0000,0.1106,0.0000,-0.0005,0.000,32.41,38.0,1,2065
214595848,-0.011,-0.011,0.0000,-0.1869,0.0000,-0.0005,0.000,32.41,38.0,1,2065
214596914,-0.011,-0.011,0.0000,-0.0435,0.0000,-0.0005,0.000,32.41,38.0,1,2065
214598175,-0.011,-0.011,0.0000,0.0542,0.0000,-0.0005,0.000,32.41,38.0,1,2065
214598907,-0.011,-0.011,0.0000,-0.0069,0.0000,-0.0005,0.000,32.41,38.0,1,2065
214599784,-0.011,-0.011,0.0000,0.0359,0.0000,-0.0005,0.000,32.41,38.0,1,2065
214600848,-0.011,-0.011,0.0000,-0.1320,0.0000,-0.0005,0.000,32.41,38.0,1,2065
214601845,-0.011,-0.011,0.0000,-0.0175,0.0000,-0.0005,0.000,32.41,38.0,1,2065
214603262,-0.011,-0.011,0.0000,0.0847,0.0000,-0.0005,0.000,32.41,38.0,1,2065
214603849,-0.011,-0.011,0.0000,0.0099,0.0000,-0.0005,0.000,32.41,38.0,1,2065
214604843,-0.011,-0.011,0.0000,-0.0893,0.0000,-0.0005,0.000,32.41,38.0,1,2065
214605845,-0.011,-0.011,0.0000,0.1015,0.0000,-0.0005,0.000,32.41,38.0,1,2065
214606909,-0.011,-0.011,0.0000,0.0847,0.0000,-0.0005,0.000,32.41,38.0,1,2065
214608218,-0.011,-0.011,0.0000,-0.0603,0.0000,-0.0005,0.000,32.41,38.0,1,2065
214608890,-0.011,-0.011,0.0000,0.0252,0.0000,-0.0005,0.000,32.41,38.0,1,2065
214609895,-0.011,-0.011,0.0000,0.0023,0.0000,-0.0005,0.000,32.41,38.0,1,2065
214611218,-0.011,-0.011,0.0000,0.0999,0.0000,-0.0005,0.000,32.41,38.0,1,2065
214611568,-0.011,-0.011,0.0000,-0.0053,0.0000,-0.0005,0.000,32.41,38.0,1,2065
214612885,-0.011,-0.011,0.0000,0.0023,0.0000,-0.0005,0.000,32.41,38.0,1,2065
214613572,-0.011,-0.011,0.0000,0.0450,0.0000,-0.0005,0.000,32.41,38.0,1,2065
214614887,-0.011,-0.011,0.0000,0.0481,0.0000,-0.0005,0.000,32.41,38.0,1,2065
214615571,-0.011,-0.011,0.0000,0.0969,0.0000,-0.0005,0.000,32.41,38.0,1,2065
214616571,-0.011,-0.011,0.0000,-0.0786,0.0000,-0.0005,0.000,32.41,38.0,1,2065
214617883,-0.011,-0.011,0.0000,0.0099,0.0000,-0.0005,0.000,32.41,38.0,1,2065
214618571,-0.011,-0.011,0.0000,-0.0465,0.0000,-0.0005,0.000,32.41,38.0,1,2065
214619571,-0.011,-0.011,0.0000,-0.0084,0.0000,-0.0005,0.000,32.41,38.0,1,2065
214620566,-0.011,-0.011,0.0000,-0.0359,0.0000,-0.0005,0.000,32.41,38.0,1,2065
214621566,-0.011,-0.011,0.0000,0.0420,0.0000,-0.0005,0.000,32.41,38.0,1,2065
214622882,-0.011,-0.011,0.0000,-0.0954,0.0000,-0.0005,0.000,32.41,38.0,1,2065
214623568,-0.011,-0.011,0.0000,-0.0618,0.0000,-0.0005,0.000,32.41,38.0,1,2065
214624548,-0.011,-0.011,0.0000,-0.0572,0.0000,-0.0005,0.000,32.41,38.0,1,2065
214625552,-0.011,-0.011,0.0000,0.0298,0.0000,-0.0005,0.000,32.41,38.0,1,2065
214626566,-0.011,-0.011,0.0000,-0.0038,0.0000,-0.0005,0.000,32.41,38.0,1,2065
214627880,-0.011,-0.011,0.0000,0.0816,0.0000,-0.0005,0.000,32.41,38.0,1,2065
214628568,-0.011,-0.011,0.0000,-0.0374,0.0000,-0.0005,0.000,32.41,38.0,1,2065
214629572,-0.011,-0.011,0.0000,0.0267,0.0000,-0.0005,0.000,32.41,38.0,1,2065
214630853,-0.011,-0.011,0.0000,0.0008,0.0000,-0.0005,0.000,32.41,38.0,1,2065
214631640,-0.011,-0.011,0.0000,0.0328,0.0000,-0.0005,0.000,32.41,38.0,1,2065
214632892,-0.011,-0.011,0.0000,0.0175,0.0000,-0.0005,0.000,32.41,38.0,1,2065
214633546,-0.011,-0.011,0.0000,-0.0282,0.0000,-0.0005,0.000,32.41,38.0,1,2065
214634870,-0.011,-0.011,0.0000,0.0038,0.0000,-0.0005,0.000,32.41,38.0,1,2065
214635848,-0.011,-0.011,0.0000,0.0328,0.0000,-0.0005,0.000,32.41,38.0,1,2065
214636917,-0.011,-0.011,0.0000,0.0496,0.0000,-0.0005,0.000,32.41,38.0,1,2065
214638173,-0.011,-0.011,0.0000,-0.0465,0.0000,-0.0005,0.000,32.41,38.0,1,2065
214638853,-0.011,-0.011,0.0000,-0.0893,0.0000,-0.0005,0.000,32.41,38.0,1,2065
214639845,-0.011,-0.011,0.0000,-0.0771,0.0000,-0.0005,0.000,32.41,38.0,1,2065
214640912,-0.011,-0.011,0.0000,0.0237,0.0000,-0.0005,0.000,32.41,38.0,1,2065
214641849,-0.011,-0.011,0.0000,0.0435,0.0000,-0.0005,0.000,32.41,38.0,1,2065
214643249,-0.011,-0.011,0.0000,-0.0465,0.0000,-0.0005,0.000,32.41,38.0,1,2065
214643850,-0.011,-0.011,0.0000,0.0679,0.0000,-0.0005,0.000,32.41,38.0,1,2065
214644915,-0.011,-0.011,0.0000,-0.0114,0.0000,-0.0005,0.000,32.41,38.0,1,2065
214645850,-0.011,-0.011,0.0000,0.0084,0.0000,-0.0005,0.000,32.41,38.0,1,2065
214646855,-0.011,-0.011,0.0000,-0.0664,0.0000,-0.0005,0.000,32.41,38.0,1,2065
214648173,-0.011,-0.011,0.0000,0.0771,0.0000,-0.0005,0.000,32.41,38.0,1,2065
214648750,-0.011,-0.011,0.0000,-0.0099,0.0000,-0.0005,0.000,32.41,38.0,1,2065
214649900,-0.011,-0.011,0.0000,0.0603,0.0000,-0.0005,0.000,32.41,38.0,1,2065
214651170,-0.011,-0.011,0.0000,0.0175,0.0000,-0.0005,0.000,32.41,38.0,1,2065
214651609,-0.011,-0.011,0.0000,-0.0923,0.0000,-0.0005,0.000,32.41,38.0,1,2065
214652960,-0.011,-0.011,0.0000,0.0465,0.0000,-0.0005,0.000,32.41,38.0,1,2065
214653852,-0.011,-0.011,0.0000,-0.0145,0.0000,-0.0005,0.000,32.41,38.0,1,2065
214655167,-0.011,-0.011,0.0000,0.0420,0.0000,-0.0005,0.000,32.41,38.0,1,2065
214655850,-0.011,-0.011,0.0000,-0.0206,0.0000,-0.0005,0.000,32.41,38.0,1,2065
214656906,-0.011,-0.011,0.0000,0.0587,0.0000,-0.0005,0.000,32.41,38.0,1,2065
214658216,-0.011,-0.011,0.0000,-0.0694,0.0000,-0.0005,0.000,32.41,38.0,1,2065
214658892,-0.011,-0.011,0.0000,-0.0298,0.0000,-0.0005,0.000,32.41,38.0,1,2065
214659892,-0.011,-0.011,0.0000,-0.0206,0.0000,-0.0005,0.000,32.41,38.0,1,2065
214660891,-0.011,-0.011,0.0000,-0.0008,0.0000,-0.0005,0.000,32.41,38.0,1,2065
214661891,-0.011,-0.011,0.0000,-0.0069,0.0000,-0.0005,0.000,32.41,38.0,1,2065
214663215,-0.011,-0.011,0.0000,-0.0450,0.0000,-0.0005,0.000,32.41,38.0,1,2065
214663887,-0.011,-0.011,0.0000,0.0267,0.0000,-0.0005,0.000,32.41,38.0,1,2065
214664893,-0.011,-0.011,0.0000,0.0160,0.0000,-0.0005,0.000,32.41,38.0,1,2065
214665893,-0.011,-0.011,0.0000,-0.0130,0.0000,-0.0005,0.000,32.41,38.0,1,2065
214666891,-0.011,-0.011,0.0000,-0.0008,0.0000,-0.0005,0.000,32.41,38.0,1,2065
214668213,-0.011,-0.011,0.0000,0.0587,0.0000,-0.0005,0.000,32.41,38.0,1,2065
214668886,-0.011,-0.011,0.0000,0.0145,0.0000,-0.0005,0.000,32.41,38.0,1,2065
214669891,-0.011,-0.011,0.0000,0.0801,0.0000,-0.0005,0.000,32.41,38.0,1,2065
214671214,-0.011,-0.011,0.0000,-0.0420,0.0000,-0.0005,0.000,32.41,38.0,1,2065
214671565,-0.011,-0.011,0.0000,0.0191,0.0000,-0.0005,0.000,32.41,38.0,1,2065
214672878,-0.011,-0.011,0.0000,0.0221,0.0000,-0.0005,0.000,32.41,38.0,1,2065
214673567,-0.011,-0.011,0.0000,0.0420,0.0000,-0.0005,0.000,32.41,38.0,1,2065
214674884,-0.011,-0.011,0.0000,0.0572,0.0000,-0.0005,0.000,32.41,38.0,1,2065
214675568,-0.011,-0.011,0.0000,-0.0755,0.0000,-0.0005,0.000,32.41,38.0,1,2065
214676572,-0.011,-0.011,0.0000,0.0053,0.0000,-0.0005,0.000,32.41,38.0,1,2065
214677863,-0.011,-0.011,0.0000,-0.0877,0.0000,-0.0005,0.000,32.41,38.0,1,2065
214678846,-0.011,-0.011,0.0000,-0.0038,0.0000,-0.0005,0.000,32.41,38.0,1,2065
214679890,-0.011,-0.011,0.0000,-0.0954,0.0000,-0.0005,0.000,32.41,38.0,1,2065
214680892,-0.011,-0.011,0.0000,-0.0130,0.0000,-0.0005,0.000,32.41,38.0,1,2065
214681889,-0.011,-0.011,0.0000,0.0420,0.0000,-0.0005,0.000,32.41,38.0,1,2065
214683213,-0.011,-0.011,0.0000,0.0542,0.0000,-0.0005,0.000,32.41,38.0,1,2065
214683896,-0.011,-0.011,0.0000,-0.0221,0.0000,-0.0005,0.000,32.41,38.0,1,2065
214684851,-0.011,-0.011,0.0000,0.0084,0.0000,-0.0005,0.000,32.41,38.0,1,2065
214685845,-0.011,-0.011,0.0000,-0.1106,0.0000,-0.0005,0.000,32.41,38.0,1,2065
214686895,-0.011,-0.011,0.0000,-0.0130,0.0000,-0.0005,0.000,32.41,38.0,1,2065
214688230,-0.011,-0.011,0.0000,0.0191,0.0000,-0.0005,0.000,32.41,38.0,1,2065
214688847,-0.011,-0.011,0.0000,-0.0313,0.0000,-0.0005,0.000,32.41,38.0,1,2065
214689854,-0.011,-0.011,0.0000,-0.0374,0.0000,-0.0005,0.000,32.41,38.0,1,2065
214691168,-0.011,-0.011,0.0000,-0.0099,0.0000,-0.0005,0.000,32.41,38.0,1,2065
214691435,-0.011,-0.011,0.0000,-0.0343,0.0000,-0.0005,0.000,32.41,38.0,1,2065
214692886,-0.011,-0.011,0.0000,-0.0160,0.0000,-0.0005,0.000,32.41,38.0,1,2065
214693544,-0.011,-0.011,0.0000,0.0832,0.0000,-0.0005,0.000,32.41,38.0,1,2065
214694868,-0.011,-0.011,0.0000,0.0023,0.0000,-0.0005,0.000,32.41,38.0,1,2065
214695850,-0.011,-0.011,0.0000,-0.0191,0.0000,-0.0005,0.000,32.41,38.0,1,2065
214696915,-0.011,-0.011,0.0000,0.0191,0.0000,-0.0005,0.000,32.41,38.0,1,2065
214698174,-0.011,-0.011,0.0000,0.0893,0.0000,-0.0005,0.000,32.41,38.0,1,2065
214698913,-0.011,-0.011,0.0000,-0.0099,0.0000,-0.0005,0.000,32.41,38.0,1,2065
214699789,-0.011,-0.011,0.0000,-0.0786,0.0000,-0.0005,0.000,32.41,38.0,1,2065
214700849,-0.011,-0.011,0.0000,0.0862,0.0000,-0.0005,0.000,32.41,38.0,1,2065
214701845,-0.011,-0.011,0.0000,-0.0969,0.0000,-0.0005,0.000,32.41,38.0,1,2065
214703257,-0.011,-0.011,0.0000,0.0023,0.0000,-0.0005,0.000,32.41,38.0,1,2065
214703851,-0.011,-0.011,0.0000,0.0267,0.0000,-0.0005,0.000,32.41,38.0,1,2065
214704845,-0.011,-0.011,0.0000,0.0771,0.0000,-0.0005,0.000,32.41,38.0,1,2065
214705845,-0.011,-0.011,0.0000,-0.0710,0.0000,-0.0005,0.000,32.41,38.0,1,2065
214706908,-0.011,-0.011,0.0000,-0.0298,0.0000,-0.0005,0.000,32.41,38.0,1,2065
214708216,-0.011,-0.011,0.0000,0.0435,0.0000,-0.0005,0.000,32.41,38.0,1,2065
214708889,-0.011,-0.011,0.0000,0.0572,0.0000,-0.0005,0.000,32.41,38.0,1,2065
214709891,-0.011,-0.011,0.0000,-0.0847,0.0000,-0.0005,0.000,32.41,38.0,1,2065
214711216,-0.011,-0.011,0.0000,-0.0328,0.0000,-0.0005,0.000,32.41,38.0,1,2065
214711567,-0.011,-0.011,0.0000,0.0313,0.0000,-0.0005,0.000,32.41,38.0,1,2065
214712882,-0.011,-0.011,0.0000,-0.0572,0.0000,-0.0005,0.000,32.41,38.0,1,2065
214713572,-0.011,-0.011,0.0000,0.0511,0.0000,-0.0005,0.000,32.41,38.0,1,2065
214714886,-0.011,-0.011,0.0000,0.0191,0.0000,-0.0005,0.000,32.41,38.0,1,2065
214715570,-0.011,-0.011,0.0000,-0.0435,0.0000,-0.0005,0.000,32.41,38.0,1,2065
214716570,-0.011,-0.011,0.0000,0.0374,0.0000,-0.0005,0.000,32.41,38.0,1,2065
214717881,-0.011,-0.011,0.0000,0.0572,0.0000,-0.0005,0.000,32.41,38.0,1,2065
214718569,-0.011,-0.011,0.0000,0.0633,0.0000,-0.0005,0.000,32.41,38.0,1,2065
214719570,-0.011,-0.011,0.0000,-0.0374,0.0000,-0.0005,0.000,32.41,38.0,1,2065
214720565,-0.011,-0.011,0.0000,-0.0633,0.0000,-0.0005,0.000,32.41,38.0,1,2065
214721565,-0.011,-0.011,0.0000,0.0450,0.0000,-0.0005,0.000,32.41,38.0,1,2065
214722885,-0.011,-0.011,0.0000,-0.0435,0.0000,-0.0005,0.000,32.41,38.0,1,2065
214723545,-0.011,-0.011,0.0000,-0.0999,0.0000,-0.0005,0.000,32.41,38.0,1,2065
214724547,-0.011,-0.011,0.0000,0.0786,0.0000,-0.0005,0.000,32.41,38.0,1,2065
214725565,-0.011,-0.011,0.0000,-0.1228,0.0000,-0.0005,0.000,32.41,38.0,1,2065
214726562,-0.011,-0.011,0.0000,-0.0206,0.0000,-0.0005,0.000,32.41,38.0,1,2065
214727878,-0.011,-0.011,0.0000,0.0786,0.0000,-0.0005,0.000,32.41,38.0,1,2065
214728572,-0.011,-0.011,0.0000,-0.1060,0.0000,-0.0005,0.000,32.41,38.0,1,2065
214729547,-0.011,-0.011,0.0000,0.0496,0.0000,-0.0005,0.000,32.41,38.0,1,2065
214730873,-0.011,-0.011,0.0000,0.0557,0.0000,-0.0005,0.000,32.41,38.0,1,2065
214731544,-0.011,-0.011,0.0000,-0.0725,0.0000,-0.0005,0.000,32.41,38.0,1,2065
214732865,-0.011,-0.011,0.0000,0.0252,0.0000,-0.0005,0.000,32.41,38.0,1,2065
214733852,-0.011,-0.011,0.0000,-0.0801,0.0000,-0.0005,0.000,32.41,38.0,1,2065
214735170,-0.011,-0.011,0.0000,0.0816,0.0000,-0.0005,0.000,32.41,38.0,1,2065
214735748,-0.011,-0.011,0.0000,-0.0847,0.0000,-0.0005,0.000,32.41,38.0,1,2065
214736899,-0.011,-0.011,0.0000,-0.0175,0.0000,-0.0005,0.000,32.41,38.0,1,2065
214738173,-0.011,-0.011,0.0000,0.0175,0.0000,-0.0005,0.000,32.41,38.0,1,2065
214738856,-0.011,-0.011,0.0000,-0.0557,0.0000,-0.0005,0.000,32.41,38.0,1,2065
214739848,-0.011,-0.011,0.0000,0.0328,0.0000,-0.0005,0.000,32.41,38.0,1,2065
214740822,-0.011,-0.011,0.0000,0.0252,0.0000,-0.0005,0.000,32.41,38.0,1,2065
214741902,-0.011,-0.011,0.0000,0.1030,0.0000,-0.0005,0.000,32.41,38.0,1,2065
214743170,-0.011,-0.011,0.0000,-0.0786,0.0000,-0.0005,0.000,32.41,38.0,1,2065
214743852,-0.011,-0.011,0.0000,0.0038,0.0000,-0.0005,0.000,32.41,38.0,1,2065
214744846,-0.011,-0.011,0.0000,0.0862,0.0000,-0.0005,0.000,32.41,38.0,1,2065
214745910,-0.011,-0.011,0.0000,0.0114,0.0000,-0.0005,0.000,32.41,38.0,1,2065
214746849,-0.011,-0.011,0.0000,-0.0114,0.0000,-0.0005,0.000,32.41,38.0,1,2065
214748175,-0.011,-0.011,0.0000,0.0710,0.0000,-0.0005,0.000,32.41,38.0,1,2065
214748847,-0.011,-0.011,0.0000,0.0084,0.0000,-0.0005,0.000,32.41,38.0,1,2065
214749910,-0.011,-0.011,0.0000,0.0847,0.0000,-0.0005,0.000,32.41,38.0,1,2065
214751171,-0.011,-0.011,0.0000,-0.0542,0.0000,-0.0005,0.000,32.41,38.0,1,2065
214751607,-0.011,-0.011,0.0000,-0.0603,0.0000,-0.0005,0.000,32.41,38.0,1,2065
214752963,-0.011,-0.011,0.0000,-0.0450,0.0000,-0.0005,0.000,32.41,38.0,1,2065
214753850,-0.011,-0.011,0.0000,0.0359,0.0000,-0.0005,0.000,32.41,38.0,1,2065
214755169,-0.011,-0.011,0.0000,-0.0298,0.0000,-0.0005,0.000,32.41,38.0,1,2065
214755849,-0.011,-0.011,0.0000,-0.0267,0.0000,-0.0005,0.000,32.41,38.0,1,2065
214756907,-0.011,-0.011,0.0000,-0.0221,0.0000,-0.0005,0.000,32.41,38.0,1,2065
214758215,-0.011,-0.011,0.0000,0.0694,0.0000,-0.0005,0.000,32.41,38.0,1,2065
214758890,-0.011,-0.011,0.0000,0.0511,0.0000,-0.0005,0.000,32.41,38.0,1,2065
214759890,-0.011,-0.011,0.0000,-0.0648,0.0000,-0.0005,0.000,32.41,38.0,1,2065
214760890,-0.011,-0.011,0.0000,0.0618,0.0000,-0.0005,0.000,32.41,38.0,1,2065
214761892,-0.011,-0.011,0.0000,-0.0023,0.0000,-0.0005,0.000,32.41,38.0,1,2065
214763215,-0.011,-0.011,0.0000,0.0069,0.0000,-0.0005,0.000,32.41,38.0,1,2065
214763891,-0.011,-0.011,0.0000,0.0221,0.0000,-0.0005,0.000,32.41,38.0,1,2065
214764892,-0.011,-0.011,0.0000,0.0862,0.0000,-0.0005,0.000,32.41,38.0,1,2065
214765892,-0.011,-0.011,0.0000,-0.0359,0.0000,-0.0005,0.000,32.41,38.0,1,2065
214766890,-0.011,-0.011,0.0000,0.0557,0.0000,-0.0005,0.000,32.41,38.0,1,2065
214768214,-0.011,-0.011,0.0000,0.1228,0.0000,-0.0005,0.000,32.41,38.0,1,2065
214768889,-0.011,-0.011,0.0000,0.0267,0.0000,-0.0005,0.000,32.41,38.0,1,2065
214769892,-0.011,-0.011,0.0000,-0.0420,0.0000,-0.0005,0.000,32.41,38.0,1,2065
214771210,-0.011,-0.011,0.0000,0.0877,0.0000,-0.0005,0.000,32.41,38.0,1,2065
214771557,-0.011,-0.011,0.0000,-0.0053,0.0000,-0.0005,0.000,32.41,38.0,1,2065
214772882,-0.011,-0.011,0.0000,-0.1030,0.0000,-0.0005,0.000,32.41,38.0,1,2065
214773568,-0.011,-0.011,0.0000,-0.0221,0.0000,-0.0005,0.000,32.41,38.0,1,2065
214774887,-0.011,-0.011,0.0000,0.0526,0.0000,-0.0005,0.000,32.41,38.0,1,2065
214775568,-0.011,-0.011,0.0000,-0.0023,0.0000,-0.0005,0.000,32.41,38.0,1,2065
214776576,-0.011,-0.011,0.0000,-0.0404,0.0000,-0.0005,0.000,32.41,38.0,1,2065
214777862,-0.011,-0.011,0.0000,0.0542,0.0000,-0.0005,0.000,32.41,38.0,1,2065
214778543,-0.011,-0.011,0.0000,-0.1167,0.0000,-0.0005,0.000,32.41,38.0,1,2065
214779572,-0.011,-0.011,0.0000,-0.1167,0.0000,-0.0005,0.000,32.41,38.0,1,2065
214780565,-0.011,-0.011,0.0000,-0.0023,0.0000,-0.0005,0.000,32.41,38.0,1,2065
214781565,-0.011,-0.011,0.0000,0.0908,0.0000,-0.0005,0.000,32.41,38.0,1,2065
214782884,-0.011,-0.011,0.0000,-0.0191,0.0000,-0.0005,0.000,32.41,38.0,1,2065
214783544,-0.011,-0.011,0.0000,-0.0633,0.0000,-0.0005,0.000,32.41,38.0,1,2065
214784558,-0.011,-0.011,0.0000,-0.0572,0.0000,-0.0005,0.000,32.41,38.0,1,2065
214785543,-0.011,-0.011,0.0000,0.0313,0.0000,-0.0005,0.000,32.41,38.0,1,2065
214786542,-0.011,-0.011,0.0000,0.0191,0.0000,-0.0005,0.000,32.41,38.0,1,2065
214787872,-0.011,-0.011,0.0000,-0.0954,0.0000,-0.0005,0.000,32.41,38.0,1,2065
214788542,-0.011,-0.011,0.0000,-0.0282,0.0000,-0.0005,0.000,32.41,38.0,1,2065
214789596,-0.011,-0.011,0.0000,-0.0603,0.0000,-0.0005,0.000,32.41,38.0,1,2065
214790862,-0.011,-0.011,0.0000,0.0801,0.0000,-0.0005,0.000,32.41,38.0,1,2065
214791549,-0.011,-0.011,0.0000,0.0191,0.0000,-0.0005,0.000,32.41,38.0,1,2065
214792863,-0.011,-0.011,0.0000,-0.0862,0.0000,-0.0005,0.000,32.41,38.0,1,2065
214793902,-0.011,-0.011,0.0000,-0.0694,0.0000,-0.0005,0.000,32.41,38.0,1,2065
214795177,-0.011,-0.011,0.0000,0.0053,0.0000,-0.0005,0.000,32.41,38.0,1,2065
214795914,-0.011,-0.011,0.0000,-0.0862,0.0000,-0.0005,0.000,32.41,38.0,1,2065
214796822,-0.011,-0.011,0.0000,0.0069,0.0000,-0.0005,0.000,32.41,38.0,1,2065
214798175,-0.011,-0.011,0.0000,-0.0160,0.0000,-0.0005,0.000,32.38,38.0,1,2065
214798873,-0.011,-0.011,0.0000,0.0221,0.0000,-0.0005,0.000,32.38,38.0,1,2065
214799855,-0.011,-0.011,0.0000,0.0496,0.0000,-0.0005,0.000,32.38,38.0,1,2065
214800845,-0.011,-0.011,0.0000,-0.0664,0.0000,-0.0005,0.000,32.38,38.0,1,2065
214801926,-0.011,-0.011,0.0000,-0.1060,0.0000,-0.0005,0.000,32.38,38.0,1,2065
214803225,-0.011,-0.011,0.0000,0.0465,0.0000,-0.0005,0.000,32.38,38.0,1,2065
214803874,-0.011,-0.011,0.0000,0.0053,0.0000,-0.0005,0.000,32.38,38.0,1,2065
214804845,-0.011,-0.011,0.0000,0.0023,0.0000,-0.0005,0.000,32.38,38.0,1,2065
214805845,-0.011,-0.011,0.0000,0.0221,0.0000,-0.0005,0.000,32.38,38.0,1,2065
214806904,-0.011,-0.011,0.0000,-0.0633,0.0000,-0.0005,0.000,32.38,38.0,1,2065
214808216,-0.011,-0.011,0.0000,-0.0282,0.0000,-0.0005,0.000,32.38,38.0,1,2065
214808884,-0.011,-0.011,0.0000,-0.0114,0.0000,-0.0005,0.000,32.38,38.0,1,2065
214809890,-0.011,-0.011,0.0000,-0.1503,0.0000,-0.0005,0.000,32.38,38.0,1,2065
214811213,-0.011,-0.011,0.0000,0.0053,0.0000,-0.0005,0.000,32.38,38.0,1,2065
214811567,-0.011,-0.011,0.0000,-0.0206,0.0000,-0.0005,0.000,32.38,38.0,1,2065
214812886,-0.011,-0.011,0.0000,0.0023,0.0000,-0.0005,0.000,32.38,38.0,1,2065
214813568,-0.011,-0.011,0.0000,0.0664,0.0000,-0.0005,0.000,32.38,38.0,1,2065
214814888,-0.011,-0.011,0.0000,0.0282,0.0000,-0.0005,0.000,32.38,38.0,1,2065
214815567,-0.011,-0.011,0.0000,-0.1122,0.0000,-0.0005,0.000,32.38,38.0,1,2065
214816571,-0.011,-0.011,0.0000,0.0130,0.0000,-0.0005,0.000,32.38,38.0,1,2065
214817883,-0.011,-0.011,0.0000,0.0526,0.0000,-0.0005,0.000,32.38,38.0,1,2065
214818567,-0.011,-0.011,0.0000,-0.0816,0.0000,-0.0005,0.000,32.38,38.0,1,2065
214819570,-0.011,-0.011,0.0000,0.0282,0.0000,-0.0005,0.000,32.38,38.0,1,2065
214820565,-0.011,-0.011,0.0000,0.0587,0.0000,-0.0005,0.000,32.38,38.0,1,2065
214821565,-0.011,-0.011,0.0000,-0.0191,0.0000,-0.0005,0.000,32.38,38.0,1,2065
214822887,-0.011,-0.011,0.0000,0.1015,0.0000,-0.0005,0.000,32.38,38.0,1,2065
214823545,-0.011,-0.011,0.0000,-0.0923,0.0000,-0.0005,0.000,32.38,38.0,1,2065
214824547,-0.011,-0.011,0.0000,0.0481,0.0000,-0.0005,0.000,32.38,38.0,1,2065
214825562,-0.011,-0.011,0.0000,-0.0252,0.0000,-0.0005,0.000,32.38,38.0,1,2065
214826564,-0.011,-0.011,0.0000,0.0694,0.0000,-0.0005,0.000,32.38,38.0,1,2065
214827882,-0.011,-0.011,0.0000,0.0618,0.0000,-0.0005,0.000,32.38,38.0,1,2065
214828571,-0.011,-0.011,0.0000,-0.0099,0.0000,-0.0005,0.000,32.38,38.0,1,2065
214829547,-0.011,-0.011,0.0000,-0.0130,0.0000,-0.0005,0.000,32.38,38.0,1,2065
214830849,-0.011,-0.011,0.0000,0.0389,0.0000,-0.0005,0.000,32.38,38.0,1,2065
214831569,-0.011,-0.011,0.0000,0.0801,0.0000,-0.0005,0.000,32.38,38.0,1,2065
214832865,-0.011,-0.011,0.0000,0.0267,0.0000,-0.0005,0.000,32.38,38.0,1,2065
214833548,-0.011,-0.011,0.0000,-0.0496,0.0000,-0.0005,0.000,32.38,38.0,1,2065
214834864,-0.011,-0.011,0.0000,-0.0587,0.0000,-0.0005,0.000,32.38,38.0,1,2065
214835590,-0.011,-0.011,0.0000,-0.0114,0.0000,-0.0005,0.000,32.38,38.0,1,2065
214836547,-0.011,-0.011,0.0000,0.0267,0.0000,-0.0005,0.000,32.38,38.0,1,2065
214837872,-0.011,-0.011,0.0000,0.0740,0.0000,-0.0005,0.000,32.38,38.0,1,2065
214838543,-0.011,-0.011,0.0000,0.0237,0.0000,-0.0005,0.000,32.38,38.0,1,2065
214839594,-0.011,-0.011,0.0000,0.0435,0.0000,-0.0005,0.000,32.38,38.0,1,2065
214840542,-0.011,-0.011,0.0000,0.0053,0.0000,-0.0005,0.000,32.38,38.0,1,2065
214841622,-0.011,-0.011,0.0000,-0.0099,0.0000,-0.0005,0.000,32.38,38.0,1,2065
214842868,-0.011,-0.011,0.0000,-0.0389,0.0000,-0.0005,0.000,32.38,38.0,1,2065
214843595,-0.011,-0.011,0.0000,-0.0816,0.0000,-0.0005,0.000,32.38,38.0,1,2065
214844547,-0.011,-0.011,0.0000,-0.0038,0.0000,-0.0005,0.000,32.38,38.0,1,2065
214845553,-0.011,-0.011,0.0000,0.0053,0.0000,-0.0005,0.000,32.38,38.0,1,2065
214846542,-0.011,-0.011,0.0000,-0.0465,0.0000,-0.0005,0.000,32.38,38.0,1,2065
214847904,-0.011,-0.011,0.0000,0.1335,0.0000,-0.0005,0.000,32.38,38.0,1,2065
214848546,-0.011,-0.011,0.0000,-0.1350,0.0000,-0.0005,0.000,32.38,38.0,1,2065
214849558,-0.011,-0.011,0.0000,-0.0587,0.0000,-0.0005,0.000,32.38,38.0,1,2065
214850859,-0.011,-0.011,0.0000,0.0648,0.0000,-0.0005,0.000,32.38,38.0,1,2065
214851642,-0.011,-0.011,0.0000,-0.0099,0.0000,-0.0005,0.000,32.38,38.0,1,2065
214852951,-0.011,-0.011,0.0000,-0.0481,0.0000,-0.0005,0.000,32.38,38.0,1,2065
214853874,-0.011,-0.011,0.0000,0.0175,0.0000,-0.0005,0.000,32.38,38.0,1,2065
214855167,-0.011,-0.011,0.0000,0.0450,0.0000,-0.0005,0.000,32.38,38.0,1,2065
214855872,-0.011,-0.011,0.0000,-0.0038,0.0000,-0.0005,0.000,32.38,38.0,1,2065
214856900,-0.011,-0.011,0.0000,0.0999,0.0000,-0.0005,0.000,32.38,38.0,1,2065
214858213,-0.011,-0.011,0.0000,0.0648,0.0000,-0.0005,0.000,32.38,38.0,1,2065
214858882,-0.011,-0.011,0.0000,-0.1015,0.0000,-0.0005,0.000,32.38,38.0,1,2065
214859891,-0.011,-0.011,0.0000,-0.0481,0.0000,-0.0005,0.000,32.38,38.0,1,2065
214860888,-0.011,-0.011,0.0000,0.0603,0.0000,-0.0005,0.000,32.38,38.0,1,2065
214861891,-0.011,-0.011,0.0000,-0.0221,0.0000,-0.0005,0.000,32.38,38.0,1,2065
214863210,-0.011,-0.033,0.0000,-0.0755,0.0000,-0.0005,0.000,32.38,38.0,1,2065
214863886,-0.033,-0.011,0.0000,-0.0053,0.0000,-0.0005,0.000,32.38,38.0,1,2065
214864888,-0.011,-0.011,0.0000,0.0404,0.0000,-0.0005,0.000,32.38,38.0,1,2065
214865888,-0.011,-0.011,0.0000,-0.0145,0.0000,-0.0005,0.000,32.38,38.0,1,2065
214866889,-0.011,-0.011,0.0000,0.0069,0.0000,-0.0005,0.000,32.38,38.0,1,2065
214868211,-0.011,-0.011,0.0000,-0.0725,0.0000,-0.0005,0.000,32.38,38.0,1,2065
214868884,-0.011,-0.011,0.0000,0.1152,0.0000,-0.0005,0.000,32.38,38.0,1,2065
214869889,-0.011,-0.011,0.0000,0.0389,0.0000,-0.0005,0.000,32.38,38.0,1,2065
214871208,-0.011,-0.011,0.0000,0.0557,0.0000,-0.0005,0.000,32.38,38.0,1,2065
214871555,-0.011,-0.011,0.0000,-0.0465,0.0000,-0.0005,0.000,32.38,38.0,1,2065
214872884,-0.011,-0.011,0.0000,-0.0603,0.0000,-0.0005,0.000,32.38,38.0,1,2065
214873571,-0.011,-0.011,0.0000,0.0832,0.0000,-0.0005,0.000,32.38,38.0,1,2065
214874886,-0.011,-0.011,0.0000,-0.0404,0.0000,-0.0005,0.000,32.38,38.0,1,2065
214875570,-0.011,-0.033,0.0000,-0.0664,0.0000,-0.0005,0.000,32.38,38.0,1,2065
214876573,-0.033,-0.011,0.0000,0.1366,0.0000,-0.0005,0.000,32.38,38.0,1,2065
214877874,-0.011,-0.011,0.0000,-0.0526,0.0000,-0.0005,0.000,32.38,38.0,1,2065
214878544,-0.011,-0.011,0.0000,-0.1198,0.0000,-0.0005,0.000,32.38,38.0,1,2065
214879570,-0.011,-0.011,0.0000,0.0298,0.0000,-0.0005,0.000,32.38,38.0,1,2065
214880562,-0.011,-0.011,0.0000,-0.0313,0.0000,-0.0005,0.000,32.38,38.0,1,2065
214881563,-0.011,-0.011,0.0000,-0.0710,0.0000,-0.0005,0.000,32.38,38.0,1,2065
214882884,-0.011,-0.011,0.0000,0.0313,0.0000,-0.0005,0.000,32.38,38.0,1,2065
214883544,-0.011,-0.011,0.0000,-0.0374,0.0000,-0.0005,0.000,32.38,38.0,1,2065
214884538,-0.011,-0.011,0.0000,0.0893,0.0000,-0.0005,0.000,32.38,38.0,1,2065
214885567,-0.011,-0.011,0.0000,-0.0069,0.0000,-0.0005,0.000,32.38,38.0,1,2065
214886542,-0.011,-0.011,0.0000,-0.0664,0.0000,-0.0005,0.000,32.38,38.0,1,2065
214887871,-0.011,-0.011,0.0000,0.0130,0.0000,-0.0005,0.000,32.38,38.0,1,2065
214888542,-0.011,-0.011,0.0000,0.0893,0.0000,-0.0005,0.000,32.38,38.0,1,2065
214889596,-0.011,-0.011,0.0000,0.0450,0.0000,-0.0005,0.000,32.38,38.0,1,2065
214890860,-0.011,-0.011,0.0000,0.0084,0.0000,-0.0005,0.000,32.38,38.0,1,2065
214891550,-0.011,-0.011,0.0000,-0.0740,0.0000,-0.0005,0.000,32.38,38.0,1,2065
214892864,-0.011,-0.011,0.0000,0.0633,0.0000,-0.0005,0.000,32.38,38.0,1,2065
214893589,-0.011,-0.011,0.0000,0.0252,0.0000,-0.0005,0.000,32.38,38.0,1,2065
214894872,-0.011,-0.011,0.0000,0.0923,0.0000,-0.0005,0.000,32.38,38.0,1,2065
214895555,-0.011,-0.011,0.0000,0.0221,0.0000,-0.0005,0.000,32.38,38.0,1,2065
214896547,-0.011,-0.011,0.0000,0.1030,0.0000,-0.0005,0.000,32.38,38.0,1,2065
214897865,-0.011,-0.011,0.0000,-0.0175,0.0000,-0.0005,0.000,32.38,38.0,1,2065
214898598,-0.011,-0.011,0.0000,0.1350,0.0000,-0.0005,0.000,32.38,38.0,1,2065
214899548,-0.011,-0.011,0.0000,-0.1381,0.0000,-0.0005,0.000,32.38,38.0,1,2065
214900553,-0.011,-0.033,0.0000,-0.0374,0.0000,-0.0005,0.000,32.38,38.0,1,2065
214901542,-0.033,-0.011,0.0000,0.0130,0.0000,-0.0005,0.000,32.38,38.0,1,2065
214902963,-0.011,-0.011,0.0000,0.0450,0.0000,-0.0005,0.000,32.38,38.0,1,2065
214903548,-0.011,-0.011,0.0000,0.0557,0.0000,-0.0005,0.000,32.38,38.0,1,2065
214904547,-0.011,-0.011,0.0000,-0.0191,0.0000,-0.0005,0.000,32.38,38.0,1,2065
214905599,-0.011,-0.011,0.0000,0.0328,0.0000,-0.0005,0.000,32.38,38.0,1,2065
214906567,-0.011,-0.011,0.0000,-0.0664,0.0000,-0.0005,0.000,32.38,38.0,1,2065
214907881,-0.011,-0.011,0.0000,0.0679,0.0000,-0.0005,0.000,32.38,38.0,1,2065
214908571,-0.011,-0.011,0.0000,0.1076,0.0000,-0.0005,0.000,32.38,38.0,1,2065
214909571,-0.011,-0.011,0.0000,-0.0710,0.0000,-0.0005,0.000,32.38,38.0,1,2065
214910881,-0.011,-0.011,0.0000,-0.0648,0.0000,-0.0005,0.000,32.38,38.0,1,2065
214911567,-0.011,-0.011,0.0000,0.0343,0.0000,-0.0005,0.000,32.38,38.0,1,2065
214912882,-0.011,-0.011,0.0000,-0.0145,0.0000,-0.0005,0.000,32.38,38.0,1,2065
214913571,-0.011,-0.011,0.0000,0.1030,0.0000,-0.0005,0.000,32.38,38.0,1,2065
214914887,-0.011,-0.011,0.0000,0.0511,0.0000,-0.0005,0.000,32.38,38.0,1,2065
214915571,-0.011,-0.011,0.0000,-0.0572,0.0000,-0.0005,0.000,32.38,38.0,1,2065
214916571,-0.011,-0.011,0.0000,0.0664,0.0000,-0.0005,0.000,32.38,38.0,1,2065
214917881,-0.011,-0.011,0.0000,-0.0175,0.0000,-0.0005,0.000,32.38,38.0,1,2065
214918571,-0.011,-0.011,0.0000,0.0359,0.0000,-0.0005,0.000,32.38,38.0,1,2065
214919572,-0.011,-0.011,0.0000,0.0801,0.0000,-0.0005,0.000,32.38,38.0,1,2065
214920568,-0.011,-0.011,0.0000,-0.0633,0.0000,-0.0005,0.000,32.38,38.0,1,2065
214921544,-0.011,-0.011,0.0000,0.0587,0.0000,-0.0005,0.000,32.38,38.0,1,2065
214922879,-0.011,-0.011,0.0000,0.0069,0.0000,-0.0005,0.000,32.38,38.0,1,2065
214923569,-0.011,-0.011,0.0000,-0.0496,0.0000,-0.0005,0.000,32.38,38.0,1,2065
214924570,-0.011,-0.011,0.0000,0.0572,0.0000,-0.0005,0.000,32.38,38.0,1,2065
214925450,-0.011,-0.011,0.0000,0.0359,0.0000,-0.0005,0.000,32.38,38.0,1,2065
214926542,-0.011,-0.011,0.0000,0.0389,0.0000,-0.0005,0.000,32.38,38.0,1,2065
214927862,-0.011,-0.011,0.0000,0.0725,0.0000,-0.0005,0.000,32.38,38.0,1,2065
214928662,-0.011,-0.011,0.0000,-0.0114,0.0000,-0.0005,0.000,32.38,38.0,1,2065
214929586,-0.011,-0.011,0.0000,0.0023,0.0000,-0.0005,0.000,32.38,38.0,1,2065
214930864,-0.011,-0.011,0.0000,-0.0420,0.0000,-0.0005,0.000,32.38,38.0,1,2065
214931552,-0.011,-0.011,0.0000,0.0023,0.0000,-0.0005,0.000,32.38,38.0,1,2065
214932866,-0.011,-0.011,0.0000,-0.0099,0.0000,-0.0005,0.000,32.38,38.0,1,2065
214933586,-0.011,-0.011,0.0000,-0.0008,0.0000,-0.0005,0.000,32.38,38.0,1,2065
214934875,-0.011,-0.011,0.0000,0.0710,0.0000,-0.0005,0.000,32.38,38.0,1,2065
214935550,-0.011,-0.011,0.0000,0.0587,0.0000,-0.0005,0.000,32.38,38.0,1,2065
214936547,-0.011,-0.011,0.0000,0.0648,0.0000,-0.0005,0.000,32.38,38.0,1,2065
214937903,-0.011,-0.011,0.0000,0.0801,0.0000,-0.0005,0.000,32.38,38.0,1,2065
214938549,-0.011,-0.011,0.0000,0.0069,0.0000,-0.0005,0.000,32.38,38.0,1,2065
214939624,-0.011,-0.011,0.0000,-0.0206,0.0000,-0.0005,0.000,32.38,38.0,1,2065
214940543,-0.011,-0.011,0.0000,-0.0298,0.0000,-0.0005,0.000,32.38,38.0,1,2065
214941592,-0.011,-0.011,0.0000,-0.0526,0.0000,-0.0005,0.000,32.38,38.0,1,2065
214942866,-0.011,-0.011,0.0000,-0.0099,0.0000,-0.0005,0.000,32.38,38.0,1,2065
214943556,-0.011,-0.011,0.0000,-0.0099,0.0000,-0.0005,0.000,32.38,38.0,1,2065
214944547,-0.011,-0.011,0.0000,0.0069,0.0000,-0.0005,0.000,32.38,38.0,1,2065
214945582,-0.011,-0.011,0.0000,-0.1320,0.0000,-0.0005,0.000,32.38,38.0,1,2065
214946547,-0.011,-0.011,0.0000,0.0038,0.0000,-0.0005,0.000,32.38,38.0,1,2065
214947873,-0.011,-0.011,0.0000,-0.0618,0.0000,-0.0005,0.000,32.38,38.0,1,2065
214948546,-0.011,-0.011,0.0000,-0.1167,0.0000,-0.0005,0.000,32.38,38.0,1,2065
214949539,-0.011,-0.011,0.0000,0.0328,0.0000,-0.0005,0.000,32.38,38.0,1,2065
214950860,-0.011,-0.011,0.0000,0.0267,0.0000,-0.0005,0.000,32.38,38.0,1,2065
214951543,-0.011,-0.011,0.0000,0.0313,0.0000,-0.0005,0.000,32.38,38.0,1,2065
214952961,-0.011,-0.011,0.0000,-0.0160,0.0000,-0.0005,0.000,32.38,38.0,1,2065
214953545,-0.011,-0.011,0.0000,-0.0542,0.0000,-0.0005,0.000,32.38,38.0,1,2065
214954862,-0.011,-0.011,0.0000,-0.0221,0.0000,-0.0005,0.000,32.38,38.0,1,2065
214955603,-0.011,-0.011,0.0000,-0.0923,0.0000,-0.0005,0.000,32.38,38.0,1,2065
214956571,-0.011,-0.011,0.0000,-0.1122,0.0000,-0.0005,0.000,32.38,38.0,1,2065
214957884,-0.011,-0.011,0.0000,-0.0282,0.0000,-0.0005,0.000,32.38,38.0,1,2065
214958570,-0.011,-0.011,0.0000,-0.0099,0.0000,-0.0005,0.000,32.38,38.0,1,2065
214959571,-0.011,-0.011,0.0000,-0.1106,0.0000,-0.0005,0.000,32.38,38.0,1,2065
214960565,-0.011,-0.011,0.0000,0.0587,0.0000,-0.0005,0.000,32.38,38.0,1,2065
214961566,-0.011,-0.011,0.0000,0.0206,0.0000,-0.0005,0.000,32.38,38.0,1,2065
214962883,-0.011,-0.011,0.0000,-0.0694,0.0000,-0.0005,0.000,32.38,38.0,1,2065
214963568,-0.011,-0.011,0.0000,-0.0145,0.0000,-0.0005,0.000,32.38,38.0,1,2065
214964571,-0.011,-0.011,0.0000,-0.0160,0.0000,-0.0005,0.000,32.38,38.0,1,2065
214965566,-0.011,-0.011,0.0000,0.0389,0.0000,-0.0005,0.000,32.38,38.0,1,2065
214966566,-0.011,-0.011,0.0000,0.1244,0.0000,-0.0005,0.000,32.38,38.0,1,2065
214967885,-0.011,-0.011,0.0000,0.0191,0.0000,-0.0005,0.000,32.38,38.0,1,2065
214968568,-0.011,-0.011,0.0000,-0.0038,0.0000,-0.0005,0.000,32.38,38.0,1,2065
214969572,-0.011,-0.011,0.0000,-0.0206,0.0000,-0.0005,0.000,32.38,38.0,1,2065
214970859,-0.011,-0.011,0.0000,0.0374,0.0000,-0.0005,0.000,32.38,38.0,1,2065
214971565,-0.011,-0.011,0.0000,0.0298,0.0000,-0.0005,0.000,32.38,38.0,1,2065
214972882,-0.011,-0.011,0.0000,0.0053,0.0000,-0.0005,0.000,32.38,38.0,1,2065
214973570,-0.011,-0.011,0.0000,0.0191,0.0000,-0.0005,0.000,32.38,38.0,1,2065
214974880,-0.011,-0.011,0.0000,-0.0267,0.0000,-0.0005,0.000,32.38,38.0,1,2065
214975544,-0.011,-0.011,0.0000,0.0160,0.0000,-0.0005,0.000,32.38,38.0,1,2065
214976547,-0.011,-0.011,0.0000,-0.0023,0.0000,-0.0005,0.000,32.38,38.0,1,2065
214977845,-0.011,-0.011,0.0000,-0.0648,0.0000,-0.0005,0.000,32.38,38.0,1,2065
214978570,-0.011,-0.011,0.0000,0.0099,0.0000,-0.0005,0.000,32.38,38.0,1,2065
214979547,-0.011,-0.011,0.0000,0.1320,0.0000,-0.0005,0.000,32.38,38.0,1,2065
214980622,-0.011,-0.011,0.0000,0.0465,0.0000,-0.0005,0.000,32.38,38.0,1,2065
214981543,-0.011,-0.011,0.0000,-0.0954,0.0000,-0.0005,0.000,32.38,38.0,1,2065
214982962,-0.011,-0.011,0.0000,0.0664,0.0000,-0.0005,0.000,32.38,38.0,1,2065
214983547,-0.011,-0.011,0.0000,-0.0465,0.0000,-0.0005,0.000,32.38,38.0,1,2065
214984555,-0.011,-0.011,0.0000,0.0175,0.0000,-0.0005,0.000,32.38,38.0,1,2065
214985542,-0.011,-0.011,0.0000,-0.0557,0.0000,-0.0005,0.000,32.38,38.0,1,2065
214986587,-0.011,-0.011,0.0000,0.0633,0.0000,-0.0005,0.000,32.38,38.0,1,2065
214987865,-0.011,-0.011,0.0000,-0.0206,0.0000,-0.0005,0.000,32.38,38.0,1,2065
214988554,-0.011,-0.011,0.0000,-0.0160,0.0000,-0.0005,0.000,32.38,38.0,1,2065
214989547,-0.011,-0.011,0.0000,0.0420,0.0000,-0.0005,0.000,32.38,38.0,1,2065
214990842,-0.011,-0.011,0.0000,0.0389,0.0000,-0.0005,0.000,32.38,38.0,1,2065
214991541,-0.011,-0.011,0.0000,0.0420,0.0000,-0.0005,0.000,32.38,38.0,1,2065
214992864,-0.011,-0.011,0.0000,-0.0175,0.0000,-0.0005,0.000,32.38,38.0,1,2065
214993550,-0.011,-0.011,0.0000,-0.0282,0.0000,-0.0005,0.000,32.38,38.0,1,2065
214994863,-0.011,-0.011,0.0000,0.0282,0.0000,-0.0005,0.000,32.38,38.0,1,2065
214995590,-0.011,-0.011,0.0000,-0.0053,0.0000,-0.0005,0.000,32.38,38.0,1,2065
214996547,-0.011,-0.011,0.0000,-0.0053,0.0000,-0.0005,0.000,32.38,38.0,1,2065
214997872,-0.011,-0.011,0.0000,-0.0450,0.0000,-0.0005,0.000,32.38,38.0,1,2065
214998543,-0.011,-0.011,0.0000,-0.0237,0.0000,-0.0005,0.000,32.38,38.0,1,2065
214999531,-0.011,-0.011,0.0000,0.0755,0.0000,-0.0005,0.000,32.38,38.0,1,2065
215000542,-0.011,-0.011,0.0000,-0.0313,0.0000,-0.0005,0.000,32.38,38.0,1,2065
215001542,-0.011,-0.011,0.0000,0.0481,0.0000,-0.0005,0.000,32.38,38.0,1,2065
215002961,-0.011,-0.011,0.0000,0.0679,0.0000,-0.0005,0.000,32.38,38.0,1,2065
215003545,-0.011,-0.011,0.0000,-0.0664,0.0000,-0.0005,0.000,32.38,38.0,1,2065
215004547,-0.011,-0.011,0.0000,-0.0114,0.0000,-0.0005,0.000,32.38,38.0,1,2065
215005602,-0.011,-0.011,0.0000,0.0069,0.0000,-0.0005,0.000,32.38,38.0,1,2065
215006566,-0.011,-0.011,0.0000,-0.0771,0.0000,-0.0005,0.000,32.38,38.0,1,2065
215007882,-0.011,-0.011,0.0000,0.0084,0.0000,-0.0005,0.000,32.38,38.0,1,2065
215008571,-0.011,-0.011,0.0000,0.0282,0.0000,-0.0005,0.000,32.38,38.0,1,2065
215009571,-0.011,-0.011,0.0000,-0.0404,0.0000,-0.0005,0.000,32.38,38.0,1,2065
215010880,-0.011,-0.011,0.0000,-0.0755,0.0000,-0.0005,0.000,32.38,38.0,1,2065
215011567,-0.011,-0.011,0.0000,-0.1213,0.0000,-0.0005,0.000,32.38,38.0,1,2065
215012883,-0.011,-0.011,0.0000,-0.0725,0.0000,-0.0005,0.000,32.38,38.0,1,2065
215013570,-0.011,-0.011,0.0000,-0.0557,0.0000,-0.0005,0.000,32.38,38.0,1,2065
215014887,-0.011,-0.011,0.0000,0.0389,0.0000,-0.0005,0.000,32.38,38.0,1,2065
215015571,-0.011,-0.011,0.0000,0.0114,0.0000,-0.0005,0.000,32.38,38.0,1,2065
215016571,-0.011,-0.011,0.0000,0.0420,0.0000,-0.0005,0.000,32.38,38.0,1,2065
215017880,-0.011,-0.011,0.0000,0.0404,0.0000,-0.0005,0.000,32.38,38.0,1,2065
215018571,-0.011,-0.011,0.0000,-0.0877,0.0000,-0.0005,0.000,32.38,38.0,1,2065
215019577,-0.011,-0.011,0.0000,-0.0084,0.0000,-0.0005,0.000,32.38,38.0,1,2065
215020543,-0.011,-0.011,0.0000,-0.0206,0.0000,-0.0005,0.000,32.38,38.0,1,2065
215021542,-0.011,-0.011,0.0000,-0.0023,0.0000,-0.0005,0.000,32.38,38.0,1,2065
215022882,-0.011,-0.011,0.0000,-0.0587,0.0000,-0.0005,0.000,32.38,38.0,1,2065
215023570,-0.011,-0.011,0.0000,0.0313,0.0000,-0.0005,0.000,32.38,38.0,1,2065
215024571,-0.011,-0.011,0.0000,0.0160,0.0000,-0.0005,0.000,32.38,38.0,1,2065
215025571,-0.011,-0.033,0.0000,-0.0160,0.0000,-0.0005,0.000,32.38,38.0,1,2065
215026542,-0.033,-0.011,0.0000,0.1167,0.0000,-0.0005,0.000,32.38,38.0,1,2065
215027846,-0.011,-0.011,0.0000,-0.0420,0.0000,-0.0005,0.000,32.38,38.0,1,2065
215028569,-0.011,-0.011,0.0000,0.0862,0.0000,-0.0005,0.000,32.38,38.0,1,2065
215029547,-0.011,-0.011,0.0000,-0.1244,0.0000,-0.0005,0.000,32.38,38.0,1,2065
215030942,-0.011,-0.011,0.0000,-0.0069,0.0000,-0.0005,0.000,32.38,38.0,1,2065
215031541,-0.011,-0.011,0.0000,0.0130,0.0000,-0.0005,0.000,32.38,38.0,1,2065
215032962,-0.011,-0.011,0.0000,-0.0175,0.0000,-0.0005,0.000,32.38,38.0,1,2065
215033546,-0.011,-0.011,0.0000,0.0145,0.0000,-0.0005,0.000,32.38,38.0,1,2065
215034872,-0.011,-0.011,0.0000,0.0832,0.0000,-0.0005,0.000,32.38,38.0,1,2065
215035544,-0.011,-0.011,0.0000,0.0359,0.0000,-0.0005,0.000,32.38,38.0,1,2065
215036593,-0.011,-0.011,0.0000,0.0526,0.0000,-0.0005,0.000,32.38,38.0,1,2065
215037865,-0.011,-0.011,0.0000,-0.0771,0.0000,-0.0005,0.000,32.38,38.0,1,2065
215038553,-0.011,-0.011,0.0000,-0.0298,0.0000,-0.0005,0.000,32.38,38.0,1,2065
215039547,-0.011,-0.011,0.0000,0.0099,0.0000,-0.0005,0.000,32.38,38.0,1,2065
215040529,-0.011,-0.011,0.0000,0.1152,0.0000,-0.0005,0.000,32.38,38.0,1,2065
215041542,-0.011,-0.011,0.0000,-0.0252,0.0000,-0.0005,0.000,32.38,38.0,1,2065
215042865,-0.011,-0.011,0.0000,0.0313,0.0000,-0.0005,0.000,32.38,38.0,1,2065
215043549,-0.011,-0.011,0.0000,-0.0755,0.0000,-0.0005,0.000,32.38,38.0,1,2065
215044547,-0.011,-0.033,0.0000,-0.0359,0.0000,-0.0005,0.000,32.38,38.0,1,2065
215045592,-0.033,-0.011,0.0000,-0.0694,0.0000,-0.0005,0.000,32.38,38.0,1,2065
215046542,-0.011,-0.011,0.0000,-0.1198,0.0000,-0.0005,0.000,32.38,38.0,1,2065
215047872,-0.011,-0.011,0.0000,0.0008,0.0000,-0.0005,0.000,32.38,38.0,1,2065
215048542,-0.011,-0.011,0.0000,0.0404,0.0000,-0.0005,0.000,32.38,38.0,1,2065
215049523,-0.011,-0.011,0.0000,-0.0298,0.0000,-0.0005,0.000,32.38,38.0,1,2065
215050861,-0.011,-0.011,0.0000,0.0130,0.0000,-0.0005,0.000,32.38,38.0,1,2065
215051542,-0.011,-0.011,0.0000,-0.0099,0.0000,-0.0005,0.000,32.38,38.0,1,2065
215052961,-0.011,-0.011,0.0000,-0.0023,0.0000,-0.0005,0.000,32.38,38.0,1,2065
215053545,-0.011,-0.011,0.0000,0.1076,0.0000,-0.0005,0.000,32.38,38.0,1,2065
215054863,-0.011,-0.011,0.0000,-0.1106,0.0000,-0.0005,0.000,32.38,38.0,1,2065
215055603,-0.011,-0.011,0.0000,-0.0557,0.0000,-0.0005,0.000,32.38,38.0,1,2065
215056571,-0.011,-0.011,0.0000,-0.0267,0.0000,-0.0005,0.000,32.38,38.0,1,2065
215057883,-0.011,-0.011,0.0000,0.0603,0.0000,-0.0005,0.000,32.38,38.0,1,2065
215058570,-0.011,-0.011,0.0000,0.0740,0.0000,-0.0005,0.000,32.38,38.0,1,2065
215059570,-0.011,-0.011,0.0000,0.0114,0.0000,-0.0005,0.000,32.38,38.0,1,2065
215060566,-0.011,-0.011,0.0000,0.0053,0.0000,-0.0005,0.000,32.38,38.0,1,2065
215061566,-0.011,-0.011,0.0000,-0.0710,0.0000,-0.0005,0.000,32.38,38.0,1,2065
215062884,-0.011,-0.011,0.0000,0.0099,0.0000,-0.0005,0.000,32.38,38.0,1,2065
215063570,-0.011,-0.011,0.0000,-0.0801,0.0000,-0.0005,0.000,32.38,38.0,1,2065
215064571,-0.011,-0.011,0.0000,-0.0145,0.0000,-0.0005,0.000,32.38,38.0,1,2065
215065566,-0.011,-0.011,0.0000,-0.0999,0.0000,-0.0005,0.000,32.38,38.0,1,2065
215066566,-0.011,-0.011,0.0000,-0.0771,0.0000,-0.0005,0.000,32.38,38.0,1,2065
215067883,-0.011,-0.011,0.0000,-0.0923,0.0000,-0.0005,0.000,32.38,38.0,1,2065
215068569,-0.011,-0.011,0.0000,0.0710,0.0000,-0.0005,0.000,32.38,38.0,1,2065
215069577,-0.011,-0.011,0.0000,-0.0191,0.0000,-0.0005,0.000,32.38,38.0,1,2065
215070858,-0.011,-0.011,0.0000,0.0221,0.0000,-0.0005,0.000,32.38,38.0,1,2065
215071543,-0.011,-0.011,0.0000,0.0450,0.0000,-0.0005,0.000,32.38,38.0,1,2065
215072882,-0.011,-0.011,0.0000,0.0465,0.0000,-0.0005,0.000,32.38,38.0,1,2065
215073569,-0.011,-0.011,0.0000,0.0435,0.0000,-0.0005,0.000,32.38,38.0,1,2065
215074888,-0.011,-0.011,0.0000,-0.0526,0.0000,-0.0005,0.000,32.38,38.0,1,2065
215075574,-0.011,-0.011,0.0000,-0.0771,0.0000,-0.0005,0.000,32.38,38.0,1,2065
215076547,-0.011,-0.011,0.0000,-0.0481,0.0000,-0.0005,0.000,32.38,38.0,1,2065
215077848,-0.011,-0.011,0.0000,-0.0069,0.0000,-0.0005,0.000,32.38,38.0,1,2065
215078885,-0.011,-0.011,0.0000,-0.0114,0.0000,-0.0005,0.000,32.38,38.0,1,2065
215079872,-0.011,-0.011,0.0000,0.0282,0.0000,-0.0005,0.000,32.38,38.0,1,2065
215080806,-0.011,-0.011,0.0000,-0.0526,0.0000,-0.0005,0.000,32.38,38.0,1,2065
215081869,-0.011,-0.011,0.0000,-0.0664,0.0000,-0.0005,0.000,32.38,38.0,1,2065
215083201,-0.011,-0.011,0.0000,0.0679,0.0000,-0.0005,0.000,32.38,38.0,1,2065
215083911,-0.011,-0.011,0.0000,0.0618,0.0000,-0.0005,0.000,32.38,38.0,1,2065
215084812,-0.011,-0.011,0.0000,0.0374,0.0000,-0.0005,0.000,32.38,38.0,1,2065
215085889,-0.011,-0.011,0.0000,0.0404,0.0000,-0.0005,0.000,32.38,38.0,1,2065
215086872,-0.011,-0.011,0.0000,0.0008,0.0000,-0.0005,0.000,32.38,38.0,1,2065
215088204,-0.011,-0.033,0.0000,0.0069,0.0000,-0.0005,0.000,32.38,38.0,1,2065
215088870,-0.033,-0.011,0.0000,0.1305,0.0000,-0.0005,0.000,32.38,38.0,1,2065
215089885,-0.011,-0.011,0.0000,-0.0923,0.0000,-0.0005,0.000,32.38,38.0,1,2065
215091217,-0.011,-0.011,0.0000,0.0084,0.0000,-0.0005,0.000,32.38,38.0,1,2065
215091543,-0.011,-0.011,0.0000,-0.0267,0.0000,-0.0005,0.000,32.38,38.0,1,2065
215092874,-0.011,-0.011,0.0000,0.0893,0.0000,-0.0005,0.000,32.38,38.0,1,2065
215093542,-0.011,-0.011,0.0000,-0.1244,0.0000,-0.0005,0.000,32.38,38.0,1,2065
215094912,-0.011,-0.011,0.0000,-0.1030,0.0000,-0.0005,0.000,32.38,38.0,1,2065
215095544,-0.011,-0.011,0.0000,-0.0404,0.0000,-0.0005,0.000,32.38,38.0,1,2065
215096555,-0.011,-0.011,0.0000,0.0923,0.0000,-0.0005,0.000,32.38,38.0,1,2065
215097858,-0.011,-0.011,0.0000,0.0145,0.0000,-0.0005,0.000,32.38,38.0,1,2065
215098588,-0.011,-0.011,0.0000,0.0175,0.0000,-0.0005,0.000,32.38,38.0,1,2065
215099547,-0.011,-0.033,0.0000,-0.0557,0.0000,-0.0005,0.000,32.38,38.0,1,2065
215100623,-0.033,-0.011,0.0000,-0.0114,0.0000,-0.0005,0.000,32.38,38.0,1,2065
215101542,-0.011,-0.011,0.0000,0.0175,0.0000,-0.0005,0.000,32.38,38.0,1,2065
215102963,-0.011,-0.011,0.0000,0.0237,0.0000,-0.0005,0.000,32.38,38.0,1,2065
215103548,-0.011,-0.011,0.0000,-0.0160,0.0000,-0.0005,0.000,32.38,38.0,1,2065
215104547,-0.011,-0.011,0.0000,-0.0603,0.0000,-0.0005,0.000,32.38,38.0,1,2065
215105598,-0.011,-0.011,0.0000,-0.0114,0.0000,-0.0005,0.000,32.38,38.0,1,2065
215106567,-0.011,-0.011,0.0000,0.0160,0.0000,-0.0005,0.000,32.38,38.0,1,2065
215107882,-0.011,-0.011,0.0000,-0.0648,0.0000,-0.0005,0.000,32.38,38.0,1,2065
215108571,-0.011,-0.011,0.0000,0.0923,0.0000,-0.0005,0.000,32.38,38.0,1,2065
215109571,-0.011,-0.011,0.0000,0.0252,0.0000,-0.0005,0.000,32.38,38.0,1,2065
215110881,-0.011,-0.011,0.0000,0.0389,0.0000,-0.0005,0.000,32.38,38.0,1,2065
215111568,-0.011,-0.011,0.0000,0.0786,0.0000,-0.0005,0.000,32.38,38.0,1,2065
215112880,-0.011,-0.011,0.0000,0.0877,0.0000,-0.0005,0.000,32.38,38.0,1,2065
215113571,-0.011,-0.011,0.0000,-0.0679,0.0000,-0.0005,0.000,32.38,38.0,1,2065
215114886,-0.011,-0.033,0.0000,-0.0481,0.0000,-0.0005,0.000,32.38,38.0,1,2065
215115570,-0.033,-0.011,0.0000,0.0313,0.0000,-0.0005,0.000,32.38,38.0,1,2065
215116571,-0.011,-0.011,0.0000,-0.0038,0.0000,-0.0005,0.000,32.38,38.0,1,2065
215117883,-0.011,-0.011,0.0000,-0.0801,0.0000,-0.0005,0.000,32.38,38.0,1,2065
215118570,-0.011,-0.011,0.0000,0.0313,0.0000,-0.0005,0.000,32.38,38.0,1,2065
215119573,-0.011,-0.011,0.0000,-0.0481,0.0000,-0.0005,0.000,32.38,38.0,1,2065
215120563,-0.011,-0.011,0.0000,-0.0694,0.0000,-0.0005,0.000,32.38,38.0,1,2065
215121544,-0.011,-0.011,0.0000,0.0069,0.0000,-0.0005,0.000,32.38,38.0,1,2065
215122878,-0.011,-0.011,0.0000,0.0084,0.0000,-0.0005,0.000,32.38,38.0,1,2065
215123568,-0.011,-0.011,0.0000,-0.0679,0.0000,-0.0005,0.000,32.38,38.0,1,2065
215124570,-0.011,-0.011,0.0000,-0.1335,0.0000,-0.0005,0.000,32.38,38.0,1,2065
215125569,-0.011,-0.011,0.0000,0.0328,0.0000,-0.0005,0.000,32.38,38.0,1,2065
215126542,-0.011,-0.011,0.0000,-0.0130,0.0000,-0.0005,0.000,32.38,38.0,1,2065
215127847,-0.011,-0.011,0.0000,-0.0710,0.0000,-0.0005,0.000,32.38,38.0,1,2065
215128882,-0.011,-0.011,0.0000,-0.0694,0.0000,-0.0005,0.000,32.38,38.0,1,2065
215129871,-0.011,-0.011,0.0000,-0.0420,0.0000,-0.0005,0.000,32.38,38.0,1,2065
215131123,-0.011,-0.011,0.0000,0.1366,0.0000,-0.0005,0.000,32.38,38.0,1,2065
215131542,-0.011,-0.011,0.0000,0.0938,0.0000,-0.0005,0.000,32.38,38.0,1,2065
215132865,-0.011,-0.011,0.0000,-0.0786,0.0000,-0.0005,0.000,32.38,38.0,1,2065
215133582,-0.011,-0.011,0.0000,0.0221,0.0000,-0.0005,0.000,32.38,38.0,1,2065
215134897,-0.011,-0.011,0.0000,0.1091,0.0000,-0.0005,0.000,32.38,38.0,1,2065
215135544,-0.011,-0.011,0.0000,0.0816,0.0000,-0.0005,0.000,32.38,38.0,1,2065
215136555,-0.011,-0.011,0.0000,-0.0786,0.0000,-0.0005,0.000,32.38,38.0,1,2065
215137857,-0.011,-0.011,0.0000,0.0053,0.0000,-0.0005,0.000,32.38,38.0,1,2065
215138589,-0.011,-0.011,0.0000,-0.0999,0.0000,-0.0005,0.000,32.38,38.0,1,2065
215139548,-0.011,-0.011,0.0000,0.0526,0.0000,-0.0005,0.000,32.38,38.0,1,2065
215140621,-0.011,-0.011,0.0000,0.0053,0.0000,-0.0005,0.000,32.38,38.0,1,2065
215141542,-0.011,-0.011,0.0000,-0.0465,0.0000,-0.0005,0.000,32.38,38.0,1,2065
215142917,-0.011,-0.011,0.0000,0.1289,0.0000,-0.0005,0.000,32.38,38.0,1,2065
215143869,-0.011,-0.011,0.0000,0.0221,0.0000,-0.0005,0.000,32.38,38.0,1,2065
215144876,-0.011,-0.011,0.0000,0.1106,0.0000,-0.0005,0.000,32.38,38.0,1,2065
215145867,-0.011,-0.011,0.0000,-0.0572,0.0000,-0.0005,0.000,32.38,38.0,1,2065
215146896,-0.011,-0.011,0.0000,0.0053,0.0000,-0.0005,0.000,32.38,38.0,1,2065
215148196,-0.011,-0.011,0.0000,-0.1900,0.0000,-0.0005,0.000,32.38,38.0,1,2065
215148937,-0.011,-0.011,0.0000,-0.0282,0.0000,-0.0005,0.000,32.38,38.0,1,2065
215149805,-0.011,-0.011,0.0000,0.0130,0.0000,-0.0005,0.000,32.38,38.0,1,2065
215151211,-0.011,-0.011,0.0000,0.0526,0.0000,-0.0005,0.000,32.38,38.0,1,2065
215151543,-0.011,-0.011,0.0000,0.0984,0.0000,-0.0005,0.000,32.38,38.0,1,2065
215152959,-0.011,-0.011,0.0000,-0.0999,0.0000,-0.0005,0.000,32.38,38.0,1,2065
215153548,-0.011,-0.011,0.0000,-0.0191,0.0000,-0.0005,0.000,32.38,38.0,1,2065
215154861,-0.011,-0.011,0.0000,-0.0328,0.0000,-0.0005,0.000,32.38,38.0,1,2065
215155604,-0.011,-0.011,0.0000,-0.0343,0.0000,-0.0005,0.000,32.38,38.0,1,2065
215156571,-0.011,-0.011,0.0000,0.0237,0.0000,-0.0005,0.000,32.38,38.0,1,2065
215157882,-0.011,-0.011,0.0000,-0.0664,0.0000,-0.0005,0.000,32.38,38.0,1,2065
215158570,-0.011,-0.011,0.0000,-0.0343,0.0000,-0.0005,0.000,32.38,38.0,1,2065
215159571,-0.011,-0.011,0.0000,-0.0694,0.0000,-0.0005,0.000,32.38,38.0,1,2065
215160566,-0.011,-0.011,0.0000,-0.0740,0.0000,-0.0005,0.000,32.38,38.0,1,2065
215161566,-0.011,-0.011,0.0000,0.0816,0.0000,-0.0005,0.000,32.38,38.0,1,2065
215162883,-0.011,-0.011,0.0000,0.0069,0.0000,-0.0005,0.000,32.38,38.0,1,2065
215163570,-0.011,-0.011,0.0000,-0.0023,0.0000,-0.0005,0.000,32.38,38.0,1,2065
215164571,-0.011,-0.011,0.0000,-0.0084,0.0000,-0.0005,0.000,32.38,38.0,1,2065
215165566,-0.011,-0.011,0.0000,-0.0069,0.0000,-0.0005,0.000,32.38,38.0,1,2065
215166566,-0.011,-0.011,0.0000,0.0374,0.0000,-0.0005,0.000,32.38,38.0,1,2065
215167883,-0.011,-0.011,0.0000,-0.0008,0.0000,-0.0005,0.000,32.38,38.0,1,2065
215168571,-0.011,-0.011,0.0000,-0.0267,0.0000,-0.0005,0.000,32.38,38.0,1,2065
215169577,-0.011,-0.011,0.0000,0.0252,0.0000,-0.0005,0.000,32.38,38.0,1,2065
215170857,-0.011,-0.011,0.0000,0.0114,0.0000,-0.0005,0.000,32.38,38.0,1,2065
215171543,-0.011,-0.011,0.0000,0.0328,0.0000,-0.0005,0.000,32.38,38.0,1,2065
215172882,-0.011,-0.011,0.0000,0.0298,0.0000,-0.0005,0.000,32.38,38.0,1,2065
215173570,-0.011,-0.011,0.0000,-0.0282,0.0000,-0.0005,0.000,32.38,38.0,1,2065
215174885,-0.011,-0.011,0.0000,-0.0267,0.0000,-0.0005,0.000,32.38,38.0,1,2065
215175574,-0.011,-0.011,0.0000,-0.0725,0.0000,-0.0005,0.000,32.38,38.0,1,2065
215176547,-0.011,-0.011,0.0000,0.0023,0.0000,-0.0005,0.000,32.38,38.0,1,2065
215177844,-0.011,-0.011,0.0000,-0.0206,0.0000,-0.0005,0.000,32.38,38.0,1,2065
215178882,-0.011,-0.011,0.0000,0.0267,0.0000,-0.0005,0.000,32.38,38.0,1,2065
215179867,-0.011,-0.011,0.0000,-0.1106,0.0000,-0.0005,0.000,32.38,38.0,1,2065
215180802,-0.011,-0.011,0.0000,-0.0023,0.0000,-0.0005,0.000,32.38,38.0,1,2065
215181870,-0.011,-0.011,0.0000,0.0191,0.0000,-0.0005,0.000,32.38,38.0,1,2065
215183198,-0.011,-0.011,0.0000,-0.0847,0.0000,-0.0005,0.000,32.38,38.0,1,2065
215183938,-0.011,-0.011,0.0000,-0.0237,0.0000,-0.0005,0.000,32.38,38.0,1,2065
215184809,-0.011,-0.011,0.0000,0.0114,0.0000,-0.0005,0.000,32.38,38.0,1,2065
215185888,-0.011,-0.011,0.0000,-0.0481,0.0000,-0.0005,0.000,32.38,38.0,1,2065
215186868,-0.011,-0.011,0.0000,0.0847,0.0000,-0.0005,0.000,32.38,38.0,1,2065
215188202,-0.011,-0.011,0.0000,-0.0587,0.0000,-0.0005,0.000,32.38,38.0,1,2065
215188868,-0.011,-0.011,0.0000,-0.0420,0.0000,-0.0005,0.000,32.38,38.0,1,2065
215189881,-0.011,-0.011,0.0000,-0.0221,0.0000,-0.0005,0.000,32.38,38.0,1,2065
215191214,-0.011,-0.011,0.0000,-0.0038,0.0000,-0.0005,0.000,32.38,38.0,1,2065
215191543,-0.011,-0.011,0.0000,0.0175,0.0000,-0.0005,0.000,32.38,38.0,1,2065
215192874,-0.011,-0.011,0.0000,0.0069,0.0000,-0.0005,0.000,32.38,38.0,1,2065
215193543,-0.011,-0.011,0.0000,-0.0450,0.0000,-0.0005,0.000,32.38,38.0,1,2065
215194911,-0.011,-0.011,0.0000,0.2190,0.0000,-0.0005,0.000,32.38,38.0,1,2065
215195868,-0.011,-0.011,0.0000,0.0237,0.0000,-0.0005,0.000,32.38,38.0,1,2065
215196872,-0.011,-0.011,0.0000,0.0832,0.0000,-0.0005,0.000,32.38,38.0,1,2065
215198189,-0.011,-0.011,0.0000,-0.0298,0.0000,-0.0005,0.000,32.38,38.0,1,2065
215198937,-0.011,-0.011,0.0000,-0.0237,0.0000,-0.0005,0.000,32.38,38.0,1,2065
215199800,-0.011,-0.011,0.0000,0.0832,0.0000,-0.0005,0.000,32.38,38.0,1,2065
215200886,-0.011,-0.011,0.0000,0.1076,0.0000,-0.0005,0.000,32.38,38.0,1,2065
215201867,-0.011,-0.011,0.0000,-0.0450,0.0000,-0.0005,0.000,32.38,38.0,1,2065
215203288,-0.011,-0.011,0.0000,0.0252,0.0000,-0.0005,0.000,32.41,38.0,1,2065
215203865,-0.011,-0.033,0.0000,0.0130,0.0000,-0.0005,0.000,32.41,38.0,1,2065
215204867,-0.033,-0.011,0.0000,0.0725,0.0000,-0.0005,0.000,32.41,38.0,1,2065
215205867,-0.011,-0.011,0.0000,0.0511,0.0000,-0.0005,0.000,32.41,38.0,1,2065
215206902,-0.011,-0.011,0.0000,0.1213,0.0000,-0.0005,0.000,32.41,38.0,1,2065
215208199,-0.011,-0.011,0.0000,0.0542,0.0000,-0.0005,0.000,32.41,38.0,1,2065
215208876,-0.011,-0.011,0.0000,0.0465,0.0000,-0.0005,0.000,32.41,38.0,1,2065
215209880,-0.011,-0.011,0.0000,0.0496,0.0000,-0.0005,0.000,32.41,38.0,1,2065
215211201,-0.011,-0.011,0.0000,0.0511,0.0000,-0.0005,0.000,32.41,38.0,1,2065
215211568,-0.011,-0.011,0.0000,-0.0923,0.0000,-0.0005,0.000,32.41,38.0,1,2065
215212885,-0.011,-0.011,0.0000,-0.0114,0.0000,-0.0005,0.000,32.41,38.0,1,2065
215213571,-0.011,-0.011,0.0000,-0.0267,0.0000,-0.0005,0.000,32.41,38.0,1,2065
215214887,-0.011,-0.011,0.0000,-0.0023,0.0000,-0.0005,0.000,32.41,38.0,1,2065
215215571,-0.011,-0.011,0.0000,0.0084,0.0000,-0.0005,0.000,32.41,38.0,1,2065
215216571,-0.011,-0.011,0.0000,-0.1411,0.0000,-0.0005,0.000,32.41,38.0,1,2065
215217882,-0.011,-0.011,0.0000,0.0160,0.0000,-0.0005,0.000,32.41,38.0,1,2065
215218571,-0.011,-0.011,0.0000,-0.0511,0.0000,-0.0005,0.000,32.41,38.0,1,2065
215219571,-0.011,-0.011,0.0000,-0.0633,0.0000,-0.0005,0.000,32.41,38.0,1,2065
215220567,-0.011,-0.011,0.0000,0.0008,0.0000,-0.0005,0.000,32.41,38.0,1,2065
215221566,-0.011,-0.011,0.0000,0.0282,0.0000,-0.0005,0.000,32.41,38.0,1,2065
215222881,-0.011,-0.011,0.0000,-0.0206,0.0000,-0.0005,0.000,32.41,38.0,1,2065
215223568,-0.011,-0.011,0.0000,0.0038,0.0000,-0.0005,0.000,32.41,38.0,1,2065
215224548,-0.011,-0.011,0.0000,0.0191,0.0000,-0.0005,0.000,32.41,38.0,1,2065
215225564,-0.011,-0.011,0.0000,0.0282,0.0000,-0.0005,0.000,32.41,38.0,1,2065
215226565,-0.011,-0.011,0.0000,-0.0038,0.0000,-0.0005,0.000,32.41,38.0,1,2065
215227880,-0.011,-0.011,0.0000,-0.0038,0.0000,-0.0005,0.000,32.41,38.0,1,2065
215228427,-0.011,-0.011,0.0000,0.0404,0.0000,-0.0005,0.000,32.41,38.0,1,2065
215229547,-0.011,-0.011,0.0000,0.0206,0.0000,-0.0005,0.000,32.41,38.0,1,2065
215230874,-0.011,-0.011,0.0000,-0.0069,0.0000,-0.0005,0.000,32.41,38.0,1,2065
215231544,-0.011,-0.011,0.0000,-0.0481,0.0000,-0.0005,0.000,32.41,38.0,1,2065
215232864,-0.011,-0.011,0.0000,-0.1122,0.0000,-0.0005,0.000,32.41,38.0,1,2065
215233550,-0.011,-0.011,0.0000,0.0542,0.0000,-0.0005,0.000,32.41,38.0,1,2065
215234865,-0.011,-0.011,0.0000,0.0969,0.0000,-0.0005,0.000,32.41,38.0,1,2065
215235590,-0.011,-0.011,0.0000,-0.0343,0.0000,-0.0005,0.000,32.41,38.0,1,2065
215236548,-0.011,-0.011,0.0000,-0.0374,0.0000,-0.0005,0.000,32.41,38.0,1,2065
215237872,-0.011,-0.011,0.0000,-0.0313,0.0000,-0.0005,0.000,32.41,38.0,1,2065
215238542,-0.011,-0.011,0.0000,-0.0114,0.0000,-0.0005,0.000,32.41,38.0,1,2065
215239596,-0.011,-0.011,0.0000,-0.0450,0.0000,-0.0005,0.000,32.41,38.0,1,2065
215240543,-0.011,-0.011,0.0000,0.0648,0.0000,-0.0005,0.000,32.41,38.0,1,2065
215241615,-0.011,-0.011,0.0000,-0.0252,0.0000,-0.0005,0.000,32.41,38.0,1,2065
215242868,-0.011,-0.011,0.0000,0.0450,0.0000,-0.0005,0.000,32.41,38.0,1,2065
215243591,-0.011,-0.011,0.0000,-0.0175,0.0000,-0.0005,0.000,32.41,38.0,1,2065
215244548,-0.011,-0.011,0.0000,0.0801,0.0000,-0.0005,0.000,32.41,38.0,1,2065
215245553,-0.011,-0.011,0.0000,-0.0160,0.0000,-0.0005,0.000,32.41,38.0,1,2065
215246542,-0.011,-0.011,0.0000,-0.0633,0.0000,-0.0005,0.000,32.41,38.0,1,2065
215247902,-0.011,-0.011,0.0000,0.0053,0.0000,-0.0005,0.000,32.41,38.0,1,2065
215248862,-0.011,-0.011,0.0000,-0.0862,0.0000,-0.0005,0.000,32.41,38.0,1,2065
215249873,-0.011,-0.011,0.0000,-0.0145,0.0000,-0.0005,0.000,32.41,38.0,1,2065
215251191,-0.011,-0.011,0.0000,0.0114,0.0000,-0.0005,0.000,32.41,38.0,1,2065
215251605,-0.011,-0.011,0.0000,0.0465,0.0000,-0.0005,0.000,32.41,38.0,1,2065
215252956,-0.011,-0.011,0.0000,0.0191,0.0000,-0.0005,0.000,32.41,38.0,1,2065
215253567,-0.011,-0.011,0.0000,0.0237,0.0000,-0.0005,0.000,32.41,38.0,1,2065
215254866,-0.011,-0.011,0.0000,-0.0191,0.0000,-0.0005,0.000,32.41,38.0,1,2065
215255543,-0.011,-0.011,0.0000,0.0404,0.0000,-0.0005,0.000,32.41,38.0,1,2065
215256602,-0.011,-0.011,0.0000,-0.0420,0.0000,-0.0005,0.000,32.41,38.0,1,2065
215257880,-0.011,-0.011,0.0000,0.1259,0.0000,-0.0005,0.000,32.41,38.0,1,2065
215258569,-0.011,-0.011,0.0000,0.0343,0.0000,-0.0005,0.000,32.41,38.0,1,2065
215259569,-0.011,-0.011,0.0000,0.0221,0.0000,-0.0005,0.000,32.41,38.0,1,2065
215260564,-0.011,-0.011,0.0000,0.0084,0.0000,-0.0005,0.000,32.41,38.0,1,2065
215261564,-0.011,-0.011,0.0000,0.0359,0.0000,-0.0005,0.000,32.41,38.0,1,2065
215262879,-0.011,-0.011,0.0000,-0.0740,0.0000,-0.0005,0.000,32.41,38.0,1,2065
215263568,-0.011,-0.011,0.0000,-0.0160,0.0000,-0.0005,0.000,32.41,38.0,1,2065
215264569,-0.011,-0.011,0.0000,-0.0282,0.0000,-0.0005,0.000,32.41,38.0,1,2065
215265563,-0.011,-0.011,0.0000,-0.0084,0.0000,-0.0005,0.000,32.41,38.0,1,2065
215266563,-0.011,-0.011,0.0000,0.0298,0.0000,-0.0005,0.000,32.41,38.0,1,2065
215267879,-0.011,-0.011,0.0000,-0.1473,0.0000,-0.0005,0.000,32.41,38.0,1,2065
215268567,-0.011,-0.011,0.0000,-0.0786,0.0000,-0.0005,0.000,32.41,38.0,1,2065
215269572,-0.011,-0.011,0.0000,0.1320,0.0000,-0.0005,0.000,32.41,38.0,1,2065
215270859,-0.011,-0.011,0.0000,-0.1198,0.0000,-0.0005,0.000,32.41,38.0,1,2065
215271543,-0.011,-0.011,0.0000,-0.0618,0.0000,-0.0005,0.000,32.41,38.0,1,2065
215272877,-0.011,-0.011,0.0000,-0.0420,0.0000,-0.0005,0.000,32.41,38.0,1,2065
215273567,-0.011,-0.011,0.0000,0.0038,0.0000,-0.0005,0.000,32.41,38.0,1,2065
215274884,-0.011,-0.011,0.0000,0.0053,0.0000,-0.0005,0.000,32.41,38.0,1,2065
215275564,-0.011,-0.011,0.0000,-0.0557,0.0000,-0.0005,0.000,32.41,38.0,1,2065
215276547,-0.011,-0.011,0.0000,-0.0786,0.0000,-0.0005,0.000,32.41,38.0,1,2065
215277862,-0.011,-0.011,0.0000,0.0526,0.0000,-0.0005,0.000,32.41,38.0,1,2065
215278660,-0.011,-0.011,0.0000,0.0526,0.0000,-0.0005,0.000,32.41,38.0,1,2065
215279579,-0.011,-0.011,0.0000,-0.0175,0.0000,-0.0005,0.000,32.41,38.0,1,2065
215280543,-0.011,-0.011,0.0000,0.0618,0.0000,-0.0005,0.000,32.41,38.0,1,2065
215281615,-0.011,-0.011,0.0000,-0.0420,0.0000,-0.0005,0.000,32.41,38.0,1,2065
215282867,-0.011,-0.011,0.0000,-0.0664,0.0000,-0.0005,0.000,32.41,38.0,1,2065
215283528,-0.011,-0.011,0.0000,0.0282,0.0000,-0.0005,0.000,32.41,38.0,1,2065
215284578,-0.011,-0.011,0.0000,-0.0175,0.0000,-0.0005,0.000,32.41,38.0,1,2065
215285542,-0.011,-0.011,0.0000,-0.0206,0.0000,-0.0005,0.000,32.41,38.0,1,2065
215286550,-0.011,-0.011,0.0000,-0.1381,0.0000,-0.0005,0.000,32.41,38.0,1,2065
215287866,-0.011,-0.011,0.0000,-0.0542,0.0000,-0.0005,0.000,32.41,38.0,1,2065
215288590,-0.011,-0.011,0.0000,0.1671,0.0000,-0.0005,0.000,32.41,38.0,1,2065
215289547,-0.011,-0.011,0.0000,0.0664,0.0000,-0.0005,0.000,32.41,38.0,1,2065
215290869,-0.011,-0.011,0.0000,-0.2327,0.0000,-0.0005,0.000,32.41,38.0,1,2065
215291543,-0.011,-0.011,0.0000,-0.0023,0.0000,-0.0005,0.000,32.41,38.0,1,2065
215292953,-0.011,-0.011,0.0000,0.0298,0.0000,-0.0005,0.000,32.41,38.0,1,2065
215293544,-0.011,-0.011,0.0000,0.0847,0.0000,-0.0005,0.000,32.41,38.0,1,2065
215294870,-0.011,-0.011,0.0000,0.0038,0.0000,-0.0005,0.000,32.41,38.0,1,2065
215295544,-0.011,-0.011,0.0000,-0.0099,0.0000,-0.0005,0.000,32.41,38.0,1,2065
215296596,-0.011,-0.011,0.0000,-0.0130,0.0000,-0.0005,0.000,32.41,38.0,1,2065
215297865,-0.011,-0.011,0.0000,-0.0221,0.0000,-0.0005,0.000,32.41,38.0,1,2065
215298552,-0.011,-0.011,0.0000,-0.0252,0.0000,-0.0005,0.000,32.41,38.0,1,2065
215299547,-0.011,-0.011,0.0000,0.0755,0.0000,-0.0005,0.000,32.41,38.0,1,2065
215300589,-0.011,-0.011,0.0000,-0.0771,0.0000,-0.0005,0.000,32.41,38.0,1,2065
215301544,-0.011,-0.011,0.0000,0.0679,0.0000,-0.0005,0.000,32.41,38.0,1,2065
215302974,-0.011,-0.011,0.0000,0.0389,0.0000,-0.0005,0.000,32.41,38.0,1,2065
215303864,-0.011,-0.011,0.0000,-0.0237,0.0000,-0.0005,0.000,32.41,38.0,1,2065
215304865,-0.011,-0.011,0.0000,0.0359,0.0000,-0.0005,0.000,32.41,38.0,1,2065
215305864,-0.011,-0.011,0.0000,0.0114,0.0000,-0.0005,0.000,32.41,38.0,1,2065
215306897,-0.011,-0.011,0.0000,-0.0130,0.0000,-0.0005,0.000,32.41,38.0,1,2065
215308193,-0.011,-0.011,0.0000,0.0587,0.0000,-0.0005,0.000,32.41,38.0,1,2065
215308869,-0.011,-0.011,0.0000,-0.0114,0.0000,-0.0005,0.000,32.41,38.0,1,2065
215309869,-0.011,-0.011,0.0000,0.0587,0.0000,-0.0005,0.000,32.41,38.0,1,2065
215311198,-0.011,-0.011,0.0000,-0.0328,0.0000,-0.0005,0.000,32.41,38.0,1,2065
215311565,-0.011,-0.011,0.0000,-0.0282,0.0000,-0.0005,0.000,32.41,38.0,1,2065
215312879,-0.011,-0.011,0.0000,0.0450,0.0000,-0.0005,0.000,32.41,38.0,1,2065
215313567,-0.011,-0.011,0.0000,0.0343,0.0000,-0.0005,0.000,32.41,38.0,1,2065
215314884,-0.011,-0.011,0.0000,-0.0999,0.0000,-0.0005,0.000,32.41,38.0,1,2065
215315566,-0.011,-0.011,0.0000,-0.0404,0.0000,-0.0005,0.000,32.41,38.0,1,2065
215316569,-0.011,-0.011,0.0000,-0.0099,0.0000,-0.0005,0.000,32.41,38.0,1,2065
215317879,-0.011,-0.011,0.0000,0.0099,0.0000,-0.0005,0.000,32.41,38.0,1,2065
215318567,-0.011,-0.011,0.0000,0.1228,0.0000,-0.0005,0.000,32.41,38.0,1,2065
215319569,-0.011,-0.011,0.0000,0.0145,0.0000,-0.0005,0.000,32.41,38.0,1,2065
215320563,-0.011,-0.011,0.0000,0.0328,0.0000,-0.0005,0.000,32.41,38.0,1,2065
215321564,-0.011,-0.011,0.0000,0.1305,0.0000,-0.0005,0.000,32.41,38.0,1,2065
215322886,-0.011,-0.011,0.0000,-0.0542,0.0000,-0.0005,0.000,32.41,38.0,1,2065
215323861,-0.011,-0.011,0.0000,-0.0069,0.0000,-0.0005,0.000,32.41,38.0,1,2065
215324865,-0.011,-0.011,0.0000,0.0420,0.0000,-0.0005,0.000,32.41,38.0,1,2065
215325860,-0.011,-0.011,0.0000,0.0847,0.0000,-0.0005,0.000,32.41,38.0,1,2065
215326874,-0.011,-0.011,0.0000,0.0359,0.0000,-0.0005,0.000,32.41,38.0,1,2065
215328194,-0.011,-0.011,0.0000,-0.0908,0.0000,-0.0005,0.000,32.41,38.0,1,2065
215328871,-0.011,-0.011,0.0000,0.0557,0.0000,-0.0005,0.000,32.41,38.0,1,2065
215329874,-0.011,-0.011,0.0000,-0.0420,0.0000,-0.0005,0.000,32.41,38.0,1,2065
215331145,-0.011,-0.011,0.0000,0.0008,0.0000,-0.0005,0.000,32.41,38.0,1,2065
215331543,-0.011,-0.011,0.0000,-0.0267,0.0000,-0.0005,0.000,32.41,38.0,1,2065
215332862,-0.011,-0.011,0.0000,-0.0465,0.0000,-0.0005,0.000,32.41,38.0,1,2065
215333654,-0.011,-0.011,0.0000,-0.0282,0.0000,-0.0005,0.000,32.41,38.0,1,2065
215334899,-0.011,-0.011,0.0000,-0.0633,0.0000,-0.0005,0.000,32.41,38.0,1,2065
215335544,-0.011,-0.011,0.0000,0.0069,0.0000,-0.0005,0.000,32.41,38.0,1,2065
215336555,-0.011,-0.011,0.0000,-0.0298,0.0000,-0.0005,0.000,32.41,38.0,1,2065
215337857,-0.011,-0.011,0.0000,-0.0160,0.0000,-0.0005,0.000,32.41,38.0,1,2065
215338590,-0.011,-0.011,0.0000,-0.0038,0.0000,-0.0005,0.000,32.41,38.0,1,2065
215339547,-0.011,-0.011,0.0000,0.0191,0.0000,-0.0005,0.000,32.41,38.0,1,2065
215340550,-0.011,-0.011,0.0000,0.0481,0.0000,-0.0005,0.000,32.41,38.0,1,2065
215341542,-0.011,-0.011,0.0000,-0.0252,0.0000,-0.0005,0.000,32.41,38.0,1,2065
215342902,-0.011,-0.011,0.0000,0.0038,0.0000,-0.0005,0.000,32.41,38.0,1,2065
215343862,-0.011,-0.011,0.0000,0.0420,0.0000,-0.0005,0.000,32.41,38.0,1,2065
215344941,-0.011,-0.011,0.0000,-0.0847,0.0000,-0.0005,0.000,32.41,38.0,1,2065
215345862,-0.011,-0.011,0.0000,0.2647,0.0000,-0.0005,0.000,32.41,38.0,1,2065
215346892,-0.011,-0.011,0.0000,-0.1183,0.0000,-0.0005,0.000,32.41,38.0,1,2065
215348193,-0.011,-0.011,0.0000,0.0069,0.0000,-0.0005,0.000,32.41,38.0,1,2065
215348863,-0.011,-0.011,0.0000,-0.1305,0.0000,-0.0005,0.000,32.41,38.0,1,2065
215349860,-0.011,-0.011,0.0000,-0.0572,0.0000,-0.0005,0.000,32.41,38.0,1,2065
215351213,-0.011,-0.011,0.0000,0.0221,0.0000,-0.0005,0.000,32.41,38.0,1,2065
215351544,-0.011,-0.011,0.0000,-0.1930,0.0000,-0.0005,0.000,32.41,38.0,1,2065
215352878,-0.011,-0.011,0.0000,0.0847,0.0000,-0.0005,0.000,32.41,38.0,1,2065
215353546,-0.011,-0.011,0.0000,0.0114,0.0000,-0.0005,0.000,32.41,38.0,1,2065
215354960,-0.011,-0.011,0.0000,-0.0328,0.0000,-0.0005,0.000,32.41,38.0,1,2065
215355612,-0.011,-0.011,0.0000,-0.0160,0.0000,-0.0005,0.000,32.41,38.0,1,2065
215356548,-0.011,-0.011,0.0000,-0.0221,0.0000,-0.0005,0.000,32.41,38.0,1,2065
215357864,-0.011,-0.011,0.0000,0.1076,0.0000,-0.0005,0.000,32.41,38.0,1,2065
215358600,-0.011,-0.011,0.0000,0.0160,0.0000,-0.0005,0.000,32.41,38.0,1,2065
215359569,-0.011,-0.011,0.0000,-0.0420,0.0000,-0.0005,0.000,32.41,38.0,1,2065
215360564,-0.011,-0.011,0.0000,0.0237,0.0000,-0.0005,0.000,32.41,38.0,1,2065
215361563,-0.011,-0.033,0.0000,-0.1274,0.0000,-0.0005,0.000,32.41,38.0,1,2065
215362877,-0.033,-0.011,0.0000,0.0099,0.0000,-0.0005,0.000,32.41,38.0,1,2065
215363567,-0.011,-0.011,0.0000,-0.0893,0.0000,-0.0005,0.000,32.41,38.0,1,2065
215364565,-0.011,-0.011,0.0000,-0.0725,0.0000,-0.0005,0.000,32.41,38.0,1,2065
215365564,-0.011,-0.011,0.0000,0.0511,0.0000,-0.0005,0.000,32.41,38.0,1,2065
215366560,-0.011,-0.011,0.0000,0.0298,0.0000,-0.0005,0.000,32.41,38.0,1,2065
215367881,-0.011,-0.011,0.0000,-0.1595,0.0000,-0.0005,0.000,32.41,38.0,1,2065
215368567,-0.011,-0.011,0.0000,0.0511,0.0000,-0.0005,0.000,32.41,38.0,1,2065
215369569,-0.011,-0.011,0.0000,-0.0359,0.0000,-0.0005,0.000,32.41,38.0,1,2065
215370880,-0.011,-0.011,0.0000,-0.0542,0.0000,-0.0005,0.000,32.41,38.0,1,2065
215371569,-0.011,-0.011,0.0000,-0.0160,0.0000,-0.0005,0.000,32.41,38.0,1,2065
215372862,-0.011,-0.011,0.0000,-0.1091,0.0000,-0.0005,0.000,32.41,38.0,1,2065
215373542,-0.011,-0.011,0.0000,0.1839,0.0000,-0.0005,0.000,32.41,38.0,1,2065
215374887,-0.011,-0.011,0.0000,-0.1091,0.0000,-0.0005,0.000,32.41,38.0,1,2065
215375868,-0.011,-0.011,0.0000,0.0862,0.0000,-0.0005,0.000,32.41,38.0,1,2065
215376870,-0.011,-0.011,0.0000,0.0587,0.0000,-0.0005,0.000,32.41,38.0,1,2065
215378194,-0.011,-0.011,0.0000,-0.0404,0.0000,-0.0005,0.000,32.41,38.0,1,2065
215378766,-0.011,-0.011,0.0000,0.0862,0.0000,-0.0005,0.000,32.41,38.0,1,2065
215379862,-0.011,-0.011,0.0000,-0.0313,0.0000,-0.0005,0.000,32.41,38.0,1,2065
215380861,-0.011,-0.011,0.0000,-0.1503,0.0000,-0.0005,0.000,32.41,38.0,1,2065
215381925,-0.011,-0.033,0.0000,-0.1381,0.0000,-0.0005,0.000,32.41,38.0,1,2065
215383215,-0.033,-0.011,0.0000,0.1198,0.0000,-0.0005,0.000,32.41,38.0,1,2065
215383859,-0.011,-0.011,0.0000,-0.0282,0.0000,-0.0005,0.000,32.41,38.0,1,2065
215384937,-0.011,-0.011,0.0000,0.0435,0.0000,-0.0005,0.000,32.41,38.0,1,2065
215385861,-0.011,-0.011,0.0000,-0.0298,0.0000,-0.0005,0.000,32.41,38.0,1,2065
215386799,-0.011,-0.011,0.0000,-0.0084,0.0000,-0.0005,0.000,32.41,38.0,1,2065
215388209,-0.011,-0.011,0.0000,0.0343,0.0000,-0.0005,0.000,32.41,38.0,1,2065
215388857,-0.011,-0.011,0.0000,0.0572,0.0000,-0.0005,0.000,32.41,38.0,1,2065
215389865,-0.011,-0.011,0.0000,-0.0679,0.0000,-0.0005,0.000,32.41,38.0,1,2065
215391187,-0.011,-0.011,0.0000,-0.0237,0.0000,-0.0005,0.000,32.41,38.0,1,2065
215391433,-0.011,-0.011,0.0000,-0.0191,0.0000,-0.0005,0.000,32.41,38.0,1,2065
215392887,-0.011,-0.011,0.0000,-0.0404,0.0000,-0.0005,0.000,32.41,38.0,1,2065
215393546,-0.011,-0.011,0.0000,-0.1671,0.0000,-0.0005,0.000,32.41,38.0,1,2065
215394940,-0.011,-0.011,0.0000,-0.0481,0.0000,-0.0005,0.000,32.41,38.0,1,2065
215395548,-0.011,-0.011,0.0000,-0.0282,0.0000,-0.0005,0.000,32.41,38.0,1,2065
215396592,-0.011,-0.011,0.0000,-0.0618,0.0000,-0.0005,0.000,32.41,38.0,1,2065
215397870,-0.011,-0.011,0.0000,0.0221,0.0000,-0.0005,0.000,32.41,38.0,1,2065
215398557,-0.011,-0.011,0.0000,0.0191,0.0000,-0.0005,0.000,32.41,38.0,1,2065
215399547,-0.011,-0.011,0.0000,0.0496,0.0000,-0.0005,0.000,32.41,38.0,1,2065
215400581,-0.011,-0.011,0.0000,-0.0282,0.0000,-0.0005,0.000,32.41,38.0,1,2065
215401546,-0.011,-0.011,0.0000,-0.0877,0.0000,-0.0005,0.000,32.41,38.0,1,2065
215402877,-0.011,-0.033,0.0000,-0.1488,0.0000,-0.0005,0.000,32.41,38.0,1,2065
215403546,-0.033,-0.011,0.0000,0.1045,0.0000,-0.0005,0.000,32.41,38.0,1,2065
215404639,-0.011,-0.011,0.0000,0.0954,0.0000,-0.0005,0.000,32.41,38.0,1,2065
215405608,-0.011,-0.011,0.0000,-0.0175,0.0000,-0.0005,0.000,32.41,38.0,1,2065
215406543,-0.011,-0.011,0.0000,0.0313,0.0000,-0.0005,0.000,32.41,38.0,1,2065
215407914,-0.011,-0.011,0.0000,-0.0877,0.0000,-0.0005,0.000,32.41,38.0,1,2065
215408870,-0.011,-0.011,0.0000,0.0298,0.0000,-0.0005,0.000,32.41,38.0,1,2065
215409868,-0.011,-0.011,0.0000,0.0862,0.0000,-0.0005,0.000,32.41,38.0,1,2065
215411193,-0.011,-0.011,0.0000,0.0114,0.0000,-0.0005,0.000,32.41,38.0,1,2065
215411555,-0.011,-0.011,0.0000,-0.0328,0.0000,-0.0005,0.000,32.41,38.0,1,2065
215412885,-0.011,-0.011,0.0000,0.0694,0.0000,-0.0005,0.000,32.41,38.0,1,2065
215413866,-0.011,-0.011,0.0000,-0.0298,0.0000,-0.0005,0.000,32.41,38.0,1,2065
215415196,-0.011,-0.011,0.0000,-0.0557,0.0000,-0.0005,0.000,32.41,38.0,1,2065
215415869,-0.011,-0.011,0.0000,0.0252,0.0000,-0.0005,0.000,32.41,38.0,1,2065
215416868,-0.011,-0.011,0.0000,-0.0313,0.0000,-0.0005,0.000,32.41,38.0,1,2065
215418197,-0.011,-0.011,0.0000,0.0267,0.0000,-0.0005,0.000,32.41,38.0,1,2065
215418869,-0.011,-0.011,0.0000,-0.0008,0.0000,-0.0005,0.000,32.41,38.0,1,2065
215419870,-0.011,-0.011,0.0000,-0.1289,0.0000,-0.0005,0.000,32.41,38.0,1,2065
215420870,-0.011,-0.011,0.0000,-0.0435,0.0000,-0.0005,0.000,32.41,38.0,1,2065
215421870,-0.011,-0.011,0.0000,0.0175,0.0000,-0.0005,0.000,32.41,38.0,1,2065
215423196,-0.011,-0.011,0.0000,0.0084,0.0000,-0.0005,0.000,32.41,38.0,1,2065
215423863,-0.011,-0.011,0.0000,0.0664,0.0000,-0.0005,0.000,32.41,38.0,1,2065
215424870,-0.011,-0.011,0.0000,0.0038,0.0000,-0.0005,0.000,32.41,38.0,1,2065
215425868,-0.011,-0.011,0.0000,-0.0694,0.0000,-0.0005,0.000,32.41,38.0,1,2065
215426870,-0.011,-0.011,0.0000,0.0145,0.0000,-0.0005,0.000,32.41,38.0,1,2065
215428194,-0.011,-0.011,0.0000,-0.0572,0.0000,-0.0005,0.000,32.41,38.0,1,2065
215428869,-0.011,-0.011,0.0000,0.0725,0.0000,-0.0005,0.000,32.41,38.0,1,2065
215429870,-0.011,-0.011,0.0000,-0.0145,0.0000,-0.0005,0.000,32.41,38.0,1,2065
215431179,-0.011,-0.011,0.0000,0.0465,0.0000,-0.0005,0.000,32.41,38.0,1,2065
215431542,-0.011,-0.011,0.0000,0.0175,0.0000,-0.0005,0.000,32.41,38.0,1,2065
215432880,-0.011,-0.011,0.0000,0.0603,0.0000,-0.0005,0.000,32.41,38.0,1,2065
215433867,-0.011,-0.011,0.0000,-0.0496,0.0000,-0.0005,0.000,32.41,38.0,1,2065
215435194,-0.011,-0.011,0.0000,0.0374,0.0000,-0.0005,0.000,32.41,38.0,1,2065
215435869,-0.011,-0.011,0.0000,-0.0038,0.0000,-0.0005,0.000,32.41,38.0,1,2065
215436867,-0.011,-0.011,0.0000,-0.0389,0.0000,-0.0005,0.000,32.41,38.0,1,2065
215438201,-0.011,-0.011,0.0000,-0.0130,0.0000,-0.0005,0.000,32.41,38.0,1,2065
215438857,-0.011,-0.011,0.0000,0.0267,0.0000,-0.0005,0.000,32.41,38.0,1,2065
215439920,-0.011,-0.011,0.0000,-0.0664,0.0000,-0.0005,0.000,32.41,38.0,1,2065
215440884,-0.011,-0.011,0.0000,0.0557,0.0000,-0.0005,0.000,32.41,38.0,1,2065
215441857,-0.011,-0.011,0.0000,-0.0923,0.0000,-0.0005,0.000,32.41,38.0,1,2065
215443194,-0.011,-0.011,0.0000,-0.0145,0.0000,-0.0005,0.000,32.41,38.0,1,2065
215443858,-0.011,-0.011,0.0000,0.0145,0.0000,-0.0005,0.000,32.41,38.0,1,2065
215444893,-0.011,-0.011,0.0000,0.0374,0.0000,-0.0005,0.000,32.41,38.0,1,2065
215445859,-0.011,-0.011,0.0000,0.1030,0.0000,-0.0005,0.000,32.41,38.0,1,2065
215446864,-0.011,-0.011,0.0000,0.0893,0.0000,-0.0005,0.000,32.41,38.0,1,2065
215448188,-0.011,-0.011,0.0000,0.1137,0.0000,-0.0005,0.000,32.41,38.0,1,2065
215448735,-0.011,-0.033,0.0000,-0.1152,0.0000,-0.0005,0.000,32.41,38.0,1,2065
215449879,-0.033,-0.011,0.0000,-0.0542,0.0000,-0.0005,0.000,32.41,38.0,1,2065
215451180,-0.011,-0.011,0.0000,0.0847,0.0000,-0.0005,0.000,32.41,38.0,1,2065
215451604,-0.011,-0.011,0.0000,-0.0969,0.0000,-0.0005,0.000,32.41,38.0,1,2065
215452905,-0.011,-0.011,0.0000,-0.0664,0.0000,-0.0005,0.000,32.41,38.0,1,2065
215453857,-0.011,-0.033,0.0000,-0.0374,0.0000,-0.0005,0.000,32.41,38.0,1,2065
215455275,-0.033,-0.011,0.0000,0.0877,0.0000,-0.0005,0.000,32.41,38.0,1,2065
215455931,-0.011,-0.011,0.0000,0.0771,0.0000,-0.0005,0.000,32.41,38.0,1,2065
215456868,-0.011,-0.011,0.0000,-0.0145,0.0000,-0.0005,0.000,32.41,38.0,1,2065
215458189,-0.011,-0.011,0.0000,-0.0542,0.0000,-0.0005,0.000,32.41,38.0,1,2065
215458857,-0.011,-0.011,0.0000,0.0450,0.0000,-0.0005,0.000,32.41,38.0,1,2065
215459860,-0.011,-0.011,0.0000,-0.1732,0.0000,-0.0005,0.000,32.41,38.0,1,2065
215460920,-0.011,-0.011,0.0000,-0.0679,0.0000,-0.0005,0.000,32.41,38.0,1,2065
215461865,-0.011,-0.011,0.0000,-0.0084,0.0000,-0.0005,0.000,32.41,38.0,1,2065
215463194,-0.011,-0.011,0.0000,-0.0221,0.0000,-0.0005,0.000,32.41,38.0,1,2065
215463865,-0.011,-0.011,0.0000,0.0648,0.0000,-0.0005,0.000,32.41,38.0,1,2065
215464869,-0.011,-0.011,0.0000,-0.0130,0.0000,-0.0005,0.000,32.41,38.0,1,2065
215465867,-0.011,-0.011,0.0000,0.0237,0.0000,-0.0005,0.000,32.41,38.0,1,2065
215466867,-0.011,-0.011,0.0000,0.0999,0.0000,-0.0005,0.000,32.41,38.0,1,2065
215468191,-0.011,-0.011,0.0000,0.0710,0.0000,-0.0005,0.000,32.41,38.0,1,2065
215468867,-0.011,-0.011,0.0000,-0.0114,0.0000,-0.0005,0.000,32.41,38.0,1,2065
215469867,-0.011,-0.011,0.0000,-0.0771,0.0000,-0.0005,0.000,32.41,38.0,1,2065
215471190,-0.011,-0.011,0.0000,-0.0404,0.0000,-0.0005,0.000,32.41,38.0,1,2065
215471565,-0.011,-0.011,0.0000,0.0023,0.0000,-0.0005,0.000,32.41,38.0,1,2065
215472886,-0.011,-0.011,0.0000,-0.0175,0.0000,-0.0005,0.000,32.41,38.0,1,2065
215473865,-0.011,-0.011,0.0000,0.0969,0.0000,-0.0005,0.000,32.41,38.0,1,2065
215475196,-0.011,-0.011,0.0000,-0.0038,0.0000,-0.0005,0.000,32.41,38.0,1,2065
215475868,-0.011,-0.011,0.0000,0.0725,0.0000,-0.0005,0.000,32.41,38.0,1,2065
215476867,-0.011,-0.011,0.0000,0.0282,0.0000,-0.0005,0.000,32.41,38.0,1,2065
215478196,-0.011,-0.011,0.0000,-0.0801,0.0000,-0.0005,0.000,32.41,38.0,1,2065
215478868,-0.011,-0.011,0.0000,0.0648,0.0000,-0.0005,0.000,32.41,38.0,1,2065
215479866,-0.011,-0.011,0.0000,-0.0114,0.0000,-0.0005,0.000,32.41,38.0,1,2065
215480867,-0.011,-0.011,0.0000,0.0481,0.0000,-0.0005,0.000,32.41,38.0,1,2065
215481874,-0.011,-0.011,0.0000,-0.0282,0.0000,-0.0005,0.000,32.41,38.0,1,2065
215483191,-0.011,-0.011,0.0000,-0.0328,0.0000,-0.0005,0.000,32.41,38.0,1,2065
215483854,-0.011,-0.033,0.0000,-0.0618,0.0000,-0.0005,0.000,32.41,38.0,1,2065
215484858,-0.033,-0.011,0.0000,0.0252,0.0000,-0.0005,0.000,32.41,38.0,1,2065
215485866,-0.011,-0.011,0.0000,0.0679,0.0000,-0.0005,0.000,32.41,38.0,1,2065
215486868,-0.011,-0.011,0.0000,0.0999,0.0000,-0.0005,0.000,32.41,38.0,1,2065
215488190,-0.011,-0.011,0.0000,0.0145,0.0000,-0.0005,0.000,32.41,38.0,1,2065
215488868,-0.011,-0.011,0.0000,-0.0618,0.0000,-0.0005,0.000,32.41,38.0,1,2065
215489866,-0.011,-0.011,0.0000,-0.0664,0.0000,-0.0005,0.000,32.41,38.0,1,2065
215491190,-0.011,-0.011,0.0000,-0.0481,0.0000,-0.0005,0.000,32.41,38.0,1,2065
215491542,-0.011,-0.011,0.0000,0.0481,0.0000,-0.0005,0.000,32.41,38.0,1,2065
215492868,-0.011,-0.011,0.0000,-0.0359,0.0000,-0.0005,0.000,32.41,38.0,1,2065
215493548,-0.011,-0.011,0.0000,-0.0496,0.0000,-0.0005,0.000,32.41,38.0,1,2065
215494862,-0.011,-0.011,0.0000,-0.1488,0.0000,-0.0005,0.000,32.41,38.0,1,2065
215495550,-0.011,-0.011,0.0000,-0.0191,0.0000,-0.0005,0.000,32.41,38.0,1,2065
215496547,-0.011,-0.011,0.0000,-0.1350,0.0000,-0.0005,0.000,32.41,38.0,1,2065
215497908,-0.011,-0.011,0.0000,0.0679,0.0000,-0.0005,0.000,32.41,38.0,1,2065
215498856,-0.011,-0.011,0.0000,-0.0053,0.0000,-0.0005,0.000,32.41,38.0,1,2065
215499862,-0.011,-0.011,0.0000,0.0526,0.0000,-0.0005,0.000,32.41,38.0,1,2065
215500856,-0.011,-0.011,0.0000,0.0526,0.0000,-0.0005,0.000,32.41,38.0,1,2065
215501896,-0.011,-0.011,0.0000,0.0969,0.0000,-0.0005,0.000,32.41,38.0,1,2065
215503185,-0.011,-0.011,0.0000,0.0175,0.0000,-0.0005,0.000,32.41,38.0,1,2065
215503929,-0.011,-0.011,0.0000,-0.0221,0.0000,-0.0005,0.000,32.41,38.0,1,2065
215504934,-0.011,-0.011,0.0000,0.1350,0.0000,-0.0005,0.000,32.41,38.0,1,2065
215505944,-0.011,-0.011,0.0000,0.1106,0.0000,-0.0005,0.000,32.41,38.0,1,2065
215506860,-0.011,-0.011,0.0000,-0.0481,0.0000,-0.0005,0.000,32.41,38.0,1,2065
215508181,-0.011,-0.011,0.0000,-0.0404,0.0000,-0.0005,0.000,32.41,38.0,1,2065
215508852,-0.011,-0.011,0.0000,0.1076,0.0000,-0.0005,0.000,32.41,38.0,1,2065
215509927,-0.011,-0.011,0.0000,-0.0267,0.0000,-0.0005,0.000,32.41,38.0,1,2065
215511192,-0.011,-0.011,0.0000,-0.0618,0.0000,-0.0005,0.000,32.41,38.0,1,2065
215511566,-0.011,-0.011,0.0000,0.0008,0.0000,-0.0005,0.000,32.41,38.0,1,2065
215512882,-0.011,-0.011,0.0000,0.0877,0.0000,-0.0005,0.000,32.41,38.0,1,2065
215513871,-0.011,-0.011,0.0000,-0.0450,0.0000,-0.0005,0.000,32.41,38.0,1,2065
215515191,-0.011,-0.011,0.0000,0.0526,0.0000,-0.0005,0.000,32.41,38.0,1,2065
215515874,-0.011,-0.011,0.0000,0.0099,0.0000,-0.0005,0.000,32.41,38.0,1,2065
215516868,-0.011,-0.011,0.0000,-0.0511,0.0000,-0.0005,0.000,32.41,38.0,1,2065
215518190,-0.011,-0.011,0.0000,-0.0404,0.0000,-0.0005,0.000,32.41,38.0,1,2065
215518874,-0.011,-0.011,0.0000,0.0465,0.0000,-0.0005,0.000,32.41,38.0,1,2065
215519867,-0.011,-0.011,0.0000,-0.0175,0.0000,-0.0005,0.000,32.41,38.0,1,2065
215520866,-0.011,-0.011,0.0000,0.0679,0.0000,-0.0005,0.000,32.41,38.0,1,2065
215521867,-0.011,-0.011,0.0000,0.1366,0.0000,-0.0005,0.000,32.41,38.0,1,2065
215523193,-0.011,-0.011,0.0000,-0.0130,0.0000,-0.0005,0.000,32.41,38.0,1,2065
215523874,-0.011,-0.011,0.0000,0.0496,0.0000,-0.0005,0.000,32.41,38.0,1,2065
215524866,-0.011,-0.011,0.0000,-0.0450,0.0000,-0.0005,0.000,32.41,38.0,1,2065
215525867,-0.011,-0.011,0.0000,-0.0389,0.0000,-0.0005,0.000,32.41,38.0,1,2065
215526866,-0.011,-0.011,0.0000,0.0389,0.0000,-0.0005,0.000,32.41,38.0,1,2065
215528191,-0.011,-0.011,0.0000,-0.1686,0.0000,-0.0005,0.000,32.41,38.0,1,2065
215528874,-0.011,-0.011,0.0000,0.0832,0.0000,-0.0005,0.000,32.41,38.0,1,2065
215529866,-0.011,-0.011,0.0000,0.0938,0.0000,-0.0005,0.000,32.41,38.0,1,2065
215531187,-0.011,-0.011,0.0000,-0.0160,0.0000,-0.0005,0.000,32.41,38.0,1,2065
215531563,-0.011,-0.011,0.0000,-0.0114,0.0000,-0.0005,0.000,32.41,38.0,1,2065
215532863,-0.011,-0.011,0.0000,0.0237,0.0000,-0.0005,0.000,32.41,38.0,1,2065
215533543,-0.011,-0.011,0.0000,0.1305,0.0000,-0.0005,0.000,32.41,38.0,1,2065
215534887,-0.011,-0.011,0.0000,-0.0450,0.0000,-0.0005,0.000,32.41,38.0,1,2065
215535871,-0.011,-0.011,0.0000,0.1137,0.0000,-0.0005,0.000,32.41,38.0,1,2065
215536863,-0.011,-0.011,0.0000,-0.0587,0.0000,-0.0005,0.000,32.41,38.0,1,2065
215538188,-0.011,-0.011,0.0000,0.0389,0.0000,-0.0005,0.000,32.41,38.0,1,2065
215538809,-0.011,-0.011,0.0000,-0.0404,0.0000,-0.0005,0.000,32.41,38.0,1,2065
215539857,-0.011,-0.011,0.0000,-0.1167,0.0000,-0.0005,0.000,32.41,38.0,1,2065
215540854,-0.011,-0.011,0.0000,0.0343,0.0000,-0.0005,0.000,32.41,38.0,1,2065
215541918,-0.011,-0.011,0.0000,0.0053,0.0000,-0.0005,0.000,32.41,38.0,1,2065
215543211,-0.011,-0.011,0.0000,-0.0191,0.0000,-0.0005,0.000,32.41,38.0,1,2065
215543853,-0.011,-0.011,0.0000,-0.0679,0.0000,-0.0005,0.000,32.41,38.0,1,2065
215544860,-0.011,-0.011,0.0000,-0.1808,0.0000,-0.0005,0.000,32.41,38.0,1,2065
215545857,-0.011,-0.011,0.0000,0.0313,0.0000,-0.0005,0.000,32.41,38.0,1,2065
215546890,-0.011,-0.011,0.0000,0.0069,0.0000,-0.0005,0.000,32.41,38.0,1,2065
215548184,-0.011,-0.011,0.0000,-0.0481,0.0000,-0.0005,0.000,32.41,38.0,1,2065
215548856,-0.011,-0.011,0.0000,-0.0145,0.0000,-0.0005,0.000,32.41,38.0,1,2065
215549855,-0.011,-0.011,0.0000,-0.0435,0.0000,-0.0005,0.000,32.41,38.0,1,2065
215551214,-0.011,-0.011,0.0000,0.0404,0.0000,-0.0005,0.000,32.41,38.0,1,2065
215551547,-0.011,-0.011,0.0000,0.0374,0.0000,-0.0005,0.000,32.41,38.0,1,2065
215552932,-0.011,-0.011,0.0000,0.0374,0.0000,-0.0005,0.000,32.41,38.0,1,2065
215553548,-0.011,-0.011,0.0000,0.0298,0.0000,-0.0005,0.000,32.41,38.0,1,2065
215554916,-0.011,-0.011,0.0000,-0.0160,0.0000,-0.0005,0.000,32.41,38.0,1,2065
215555853,-0.011,-0.011,0.0000,-0.1091,0.0000,-0.0005,0.000,32.41,38.0,1,2065
215556954,-0.011,-0.011,0.0000,0.0069,0.0000,-0.0005,0.000,32.41,38.0,1,2065
215558187,-0.011,-0.011,0.0000,-0.0481,0.0000,-0.0005,0.000,32.41,38.0,1,2065
215558854,-0.011,-0.011,0.0000,0.0603,0.0000,-0.0005,0.000,32.41,38.0,1,2065
215559856,-0.011,-0.011,0.0000,-0.0191,0.0000,-0.0005,0.000,32.41,38.0,1,2065
215560927,-0.011,-0.011,0.0000,-0.0572,0.0000,-0.0005,0.000,32.41,38.0,1,2065
215561870,-0.011,-0.011,0.0000,0.0191,0.0000,-0.0005,0.000,32.41,38.0,1,2065
215563196,-0.011,-0.011,0.0000,-0.0221,0.0000,-0.0005,0.000,32.41,38.0,1,2065
215563874,-0.011,-0.011,0.0000,-0.0130,0.0000,-0.0005,0.000,32.41,38.0,1,2065
215564867,-0.011,-0.011,0.0000,-0.0069,0.0000,-0.0005,0.000,32.41,38.0,1,2065
215565869,-0.011,-0.011,0.0000,-0.0679,0.0000,-0.0005,0.000,32.41,38.0,1,2065
215566870,-0.011,-0.011,0.0000,-0.0191,0.0000,-0.0005,0.000,32.41,38.0,1,2065
215568195,-0.011,-0.011,0.0000,-0.0053,0.0000,-0.0005,0.000,32.41,38.0,1,2065
215568871,-0.011,-0.011,0.0000,0.0450,0.0000,-0.0005,0.000,32.41,38.0,1,2065
215569868,-0.011,-0.011,0.0000,-0.0084,0.0000,-0.0005,0.000,32.41,38.0,1,2065
215571195,-0.011,-0.011,0.0000,0.0313,0.0000,-0.0005,0.000,32.41,38.0,1,2065
215571567,-0.011,-0.011,0.0000,-0.0603,0.0000,-0.0005,0.000,32.41,38.0,1,2065
215572885,-0.011,-0.011,0.0000,-0.0435,0.0000,-0.0005,0.000,32.41,38.0,1,2065
215573873,-0.011,-0.011,0.0000,-0.0420,0.0000,-0.0005,0.000,32.41,38.0,1,2065
215575193,-0.011,-0.011,0.0000,0.0938,0.0000,-0.0005,0.000,32.41,38.0,1,2065
215575866,-0.011,-0.011,0.0000,0.0694,0.0000,-0.0005,0.000,32.41,38.0,1,2065
215576869,-0.011,-0.011,0.0000,-0.1610,0.0000,-0.0005,0.000,32.41,38.0,1,2065
215578193,-0.011,-0.011,0.0000,0.0771,0.0000,-0.0005,0.000,32.41,38.0,1,2065
215578872,-0.011,-0.011,0.0000,-0.0923,0.0000,-0.0005,0.000,32.41,38.0,1,2065
215579869,-0.011,-0.011,0.0000,0.0160,0.0000,-0.0005,0.000,32.41,38.0,1,2065
215580868,-0.011,-0.011,0.0000,-0.0938,0.0000,-0.0005,0.000,32.41,38.0,1,2065
215581870,-0.011,-0.011,0.0000,0.0404,0.0000,-0.0005,0.000,32.41,38.0,1,2065
215583185,-0.011,-0.011,0.0000,0.0648,0.0000,-0.0005,0.000,32.41,38.0,1,2065
215583852,-0.011,-0.011,0.0000,0.0603,0.0000,-0.0005,0.000,32.41,38.0,1,2065
215584854,-0.011,-0.011,0.0000,0.0221,0.0000,-0.0005,0.000,32.41,38.0,1,2065
215585851,-0.011,-0.011,0.0000,-0.0923,0.0000,-0.0005,0.000,32.41,38.0,1,2065
215586867,-0.011,-0.011,0.0000,0.1350,0.0000,-0.0005,0.000,32.41,38.0,1,2065
215588185,-0.011,-0.011,0.0000,-0.0084,0.0000,-0.0005,0.000,32.41,38.0,1,2065
215588872,-0.011,-0.011,0.0000,-0.0114,0.0000,-0.0005,0.000,32.41,38.0,1,2065
215589864,-0.011,-0.011,0.0000,0.0343,0.0000,-0.0005,0.000,32.41,38.0,1,2065
215591137,-0.011,-0.011,0.0000,0.0328,0.0000,-0.0005,0.000,32.41,38.0,1,2065
215591544,-0.011,-0.011,0.0000,0.0725,0.0000,-0.0005,0.000,32.41,38.0,1,2065
215592861,-0.011,-0.011,0.0000,-0.0221,0.0000,-0.0005,0.000,32.41,38.0,1,2065
215593657,-0.011,-0.011,0.0000,0.0130,0.0000,-0.0005,0.000,32.41,38.0,1,2065
215594900,-0.011,-0.011,0.0000,0.0114,0.0000,-0.0005,0.000,32.41,38.0,1,2065
215595853,-0.011,-0.011,0.0000,-0.1122,0.0000,-0.0005,0.000,32.41,38.0,1,2065
215596858,-0.011,-0.011,0.0000,0.0145,0.0000,-0.0005,0.000,32.41,38.0,1,2065
215598175,-0.011,-0.011,0.0000,0.0053,0.0000,-0.0005,0.000,32.41,38.0,1,2065
215598738,-0.011,-0.011,0.0000,-0.0389,0.0000,-0.0005,0.000,32.41,38.0,1,2065
215599873,-0.011,-0.011,0.0000,0.2068,0.0000,-0.0005,0.000,32.41,38.0,1,2065
215600852,-0.011,-0.011,0.0000,-0.1442,0.0000,-0.0005,0.000,32.41,38.0,1,2065
215601858,-0.011,-0.011,0.0000,0.0252,0.0000,-0.0005,0.000,32.41,38.0,1,2065
215603184,-0.011,-0.011,0.0000,0.0008,0.0000,-0.0005,0.000,32.41,38.0,1,2065
215603926,-0.011,-0.011,0.0000,0.0374,0.0000,-0.0005,0.000,32.41,38.0,1,2065
215604802,-0.011,-0.011,0.0000,0.0603,0.0000,-0.0005,0.000,32.41,38.0,1,2065
215605854,-0.011,-0.011,0.0000,0.0175,0.0000,-0.0005,0.000,32.41,38.0,1,2065
215606855,-0.011,-0.011,0.0000,-0.0969,0.0000,-0.0005,0.000,32.41,38.0,1,2065
215608276,-0.011,-0.011,0.0000,-0.0206,0.0000,-0.0005,0.000,32.41,38.0,1,2065
215608853,-0.011,-0.011,0.0000,-0.0206,0.0000,-0.0005,0.000,32.41,38.0,1,2065
215609853,-0.011,-0.011,0.0000,0.0740,0.0000,-0.0005,0.000,32.41,38.0,1,2065
215611178,-0.011,-0.011,0.0000,-0.0206,0.0000,-0.0005,0.000,32.41,38.0,1,2065
215611541,-0.011,-0.011,0.0000,0.1152,0.0000,-0.0005,0.000,32.41,38.0,1,2065
215612919,-0.011,-0.011,0.0000,0.0114,0.0000,-0.0005,0.000,32.41,38.0,1,2065
215613569,-0.011,-0.011,0.0000,-0.0587,0.0000,-0.0005,0.000,32.41,38.0,1,2065
215614888,-0.011,-0.011,0.0000,0.0481,0.0000,-0.0005,0.000,32.41,38.0,1,2065
215615868,-0.011,-0.011,0.0000,-0.0237,0.0000,-0.0005,0.000,32.41,38.0,1,2065
215616867,-0.011,-0.011,0.0000,0.0786,0.0000,-0.0005,0.000,32.41,38.0,1,2065
215618191,-0.011,-0.011,0.0000,-0.0542,0.0000,-0.0005,0.000,32.41,38.0,1,2065
215618871,-0.011,-0.011,0.0000,-0.0648,0.0000,-0.0005,0.000,32.41,38.0,1,2065
215619868,-0.011,-0.011,0.0000,0.0282,0.0000,-0.0005,0.000,32.41,38.0,1,2065
215620869,-0.011,-0.011,0.0000,-0.0206,0.0000,-0.0005,0.000,32.41,38.0,1,2065
215621868,-0.011,-0.011,0.0000,-0.0420,0.0000,-0.0005,0.000,32.41,38.0,1,2065
215623193,-0.011,-0.011,0.0000,-0.0114,0.0000,-0.0005,0.000,32.41,38.0,1,2065
215623871,-0.011,-0.011,0.0000,0.1015,0.0000,-0.0005,0.000,32.41,38.0,1,2065
215624870,-0.011,-0.011,0.0000,0.0633,0.0000,-0.0005,0.000,32.41,38.0,1,2065
215625868,-0.011,-0.011,0.0000,0.0481,0.0000,-0.0005,0.000,32.41,38.0,1,2065
215626869,-0.011,-0.011,0.0000,0.0130,0.0000,-0.0005,0.000,32.41,38.0,1,2065
215628192,-0.011,-0.011,0.0000,-0.0786,0.0000,-0.0005,0.000,32.41,38.0,1,2065
215628871,-0.011,-0.011,0.0000,0.1289,0.0000,-0.0005,0.000,32.41,38.0,1,2065
215629865,-0.011,-0.011,0.0000,0.1259,0.0000,-0.0005,0.000,32.41,38.0,1,2065
215631186,-0.011,-0.011,0.0000,-0.0893,0.0000,-0.0005,0.000,32.41,38.0,1,2065
215631565,-0.011,-0.011,0.0000,-0.0603,0.0000,-0.0005,0.000,32.41,38.0,1,2065
215632879,-0.011,-0.011,0.0000,0.0221,0.0000,-0.0005,0.000,32.41,38.0,1,2065
215633851,-0.011,-0.011,0.0000,0.0877,0.0000,-0.0005,0.000,32.41,38.0,1,2065
215635175,-0.011,-0.011,0.0000,0.0404,0.0000,-0.0005,0.000,32.41,38.0,1,2065
215635855,-0.011,-0.011,0.0000,-0.1060,0.0000,-0.0005,0.000,32.41,38.0,1,2065
215636870,-0.011,-0.011,0.0000,-0.0084,0.0000,-0.0005,0.000,32.41,38.0,1,2065
215638190,-0.011,-0.011,0.0000,0.0206,0.0000,-0.0005,0.000,32.41,38.0,1,2065
215638870,-0.011,-0.011,0.0000,-0.0664,0.0000,-0.0005,0.000,32.41,38.0,1,2065
215639865,-0.011,-0.011,0.0000,0.1045,0.0000,-0.0005,0.000,32.41,37.0,1,2065
215640874,-0.011,-0.011,0.0000,0.1137,0.0000,-0.0005,0.000,32.41,38.0,1,2065
215641854,-0.011,-0.011,0.0000,-0.0664,0.0000,-0.0005,0.000,32.41,38.0,1,2065
215643225,-0.011,-0.011,0.0000,-0.0298,0.0000,-0.0005,0.000,32.41,38.0,1,2065
215643763,-0.011,-0.011,0.0000,0.1335,0.0000,-0.0005,0.000,32.41,38.0,1,2065
215644870,-0.011,-0.011,0.0000,0.0359,0.0000,-0.0005,0.000,32.41,38.0,1,2065
215645852,-0.011,-0.011,0.0000,-0.0664,0.0000,-0.0005,0.000,32.41,38.0,1,2065
215646856,-0.011,-0.011,0.0000,0.0557,0.0000,-0.0005,0.000,32.41,38.0,1,2065
215648181,-0.011,-0.011,0.0000,0.0389,0.0000,-0.0005,0.000,32.41,38.0,1,2065
215648766,-0.011,-0.011,0.0000,-0.0252,0.0000,-0.0005,0.000,32.41,38.0,1,2065
215649874,-0.011,-0.011,0.0000,0.0282,0.0000,-0.0005,0.000,32.41,38.0,1,2065
215651175,-0.011,-0.011,0.0000,0.0191,0.0000,-0.0005,0.000,32.41,38.0,1,2065
215651550,-0.011,-0.011,0.0000,-0.0526,0.0000,-0.0005,0.000,32.41,37.0,1,2065
215652864,-0.011,-0.011,0.0000,0.0404,0.0000,-0.0005,0.000,32.41,38.0,1,2065
215653560,-0.011,-0.011,0.0000,0.0084,0.0000,-0.0005,0.000,32.41,38.0,1,2065
215654900,-0.011,-0.011,0.0000,0.0145,0.0000,-0.0005,0.000,32.41,38.0,1,2065
215655847,-0.011,-0.011,0.0000,0.0450,0.0000,-0.0005,0.000,32.41,37.0,1,2065
215656858,-0.011,-0.011,0.0000,0.0069,0.0000,-0.0005,0.000,32.41,38.0,1,2065
215658173,-0.011,-0.011,0.0000,0.0114,0.0000,-0.0005,0.000,32.41,38.0,1,2065
215658765,-0.011,-0.011,0.0000,-0.0313,0.0000,-0.0005,0.000,32.41,38.0,1,2065
215659946,-0.011,-0.011,0.0000,-0.0130,0.0000,-0.0005,0.000,32.41,38.0,1,2065
215660852,-0.011,-0.033,0.0000,-0.0481,0.0000,-0.0005,0.000,32.41,38.0,1,2065
215661851,-0.033,-0.011,0.0000,-0.0465,0.0000,-0.0005,0.000,32.41,38.0,1,2065
215663183,-0.011,-0.011,0.0000,0.0359,0.0000,-0.0005,0.000,32.41,38.0,1,2065
215663922,-0.011,-0.011,0.0000,-0.0008,0.0000,-0.0005,0.000,32.41,38.0,1,2065
215664867,-0.011,-0.011,0.0000,-0.0572,0.0000,-0.0005,0.000,32.41,38.0,1,2065
215665870,-0.011,-0.011,0.0000,0.0404,0.0000,-0.0005,0.000,32.41,38.0,1,2065
215666870,-0.011,-0.011,0.0000,0.0282,0.0000,-0.0005,0.000,32.41,38.0,1,2065
215668190,-0.011,-0.011,0.0000,0.0725,0.0000,-0.0005,0.000,32.41,38.0,1,2065
215668869,-0.011,-0.011,0.0000,-0.0847,0.0000,-0.0005,0.000,32.41,38.0,1,2065
215669868,-0.011,-0.011,0.0000,0.0374,0.0000,-0.0005,0.000,32.41,38.0,1,2065
215671189,-0.011,-0.011,0.0000,-0.1320,0.0000,-0.0005,0.000,32.41,38.0,1,2065
215671567,-0.011,-0.011,0.0000,-0.0221,0.0000,-0.0005,0.000,32.41,38.0,1,2065
215672883,-0.011,-0.011,0.0000,0.0374,0.0000,-0.0005,0.000,32.41,38.0,1,2065
215673870,-0.011,-0.011,0.0000,-0.0511,0.0000,-0.0005,0.000,32.41,38.0,1,2065
215675193,-0.011,-0.011,0.0000,0.0435,0.0000,-0.0005,0.000,32.41,38.0,1,2065
215675863,-0.011,-0.011,0.0000,-0.0420,0.0000,-0.0005,0.000,32.41,38.0,1,2065
215676871,-0.011,-0.011,0.0000,0.0114,0.0000,-0.0005,0.000,32.41,38.0,1,2065
215678193,-0.011,-0.011,0.0000,-0.0633,0.0000,-0.0005,0.000,32.41,38.0,1,2065
215678872,-0.011,-0.011,0.0000,-0.0542,0.0000,-0.0005,0.000,32.41,38.0,1,2065
215679869,-0.011,-0.011,0.0000,-0.0099,0.0000,-0.0005,0.000,32.41,38.0,1,2065
215680870,-0.011,-0.011,0.0000,0.0496,0.0000,-0.0005,0.000,32.41,38.0,1,2065
215681868,-0.011,-0.011,0.0000,-0.0404,0.0000,-0.0005,0.000,32.41,38.0,1,2065
215683190,-0.011,-0.011,0.0000,-0.0877,0.0000,-0.0005,0.000,32.41,38.0,1,2065
215683870,-0.011,-0.011,0.0000,-0.0175,0.0000,-0.0005,0.000,32.41,37.0,1,2065
215684873,-0.011,-0.011,0.0000,-0.0801,0.0000,-0.0005,0.000,32.41,38.0,1,2065
215685848,-0.011,-0.011,0.0000,-0.0404,0.0000,-0.0005,0.000,32.41,38.0,1,2065
215686849,-0.011,-0.011,0.0000,0.0160,0.0000,-0.0005,0.000,32.41,38.0,1,2065
215688177,-0.011,-0.011,0.0000,-0.0298,0.0000,-0.0005,0.000,32.41,38.0,1,2065
215688872,-0.011,-0.011,0.0000,0.0359,0.0000,-0.0005,0.000,32.41,38.0,1,2065
215689865,-0.011,-0.011,0.0000,0.1793,0.0000,-0.0005,0.000,32.41,38.0,1,2065
215691184,-0.011,-0.011,0.0000,-0.0801,0.0000,-0.0005,0.000,32.41,38.0,1,2065
215691566,-0.011,-0.011,0.0000,-0.0099,0.0000,-0.0005,0.000,32.41,38.0,1,2065
215692852,-0.011,-0.011,0.0000,-0.0191,0.0000,-0.0005,0.000,32.41,38.0,1,2065
215693546,-0.011,-0.011,0.0000,-0.0175,0.0000,-0.0005,0.000,32.41,38.0,1,2065
215694861,-0.011,-0.011,0.0000,-0.0206,0.0000,-0.0005,0.000,32.41,38.0,1,2065
215695656,-0.011,-0.011,0.0000,0.0572,0.0000,-0.0005,0.000,32.41,38.0,1,2065
215696580,-0.011,-0.011,0.0000,0.0648,0.0000,-0.0005,0.000,32.41,38.0,1,2065
215697867,-0.011,-0.011,0.0000,-0.0877,0.0000,-0.0005,0.000,32.41,38.0,1,2065
215698851,-0.011,-0.011,0.0000,0.0526,0.0000,-0.0005,0.000,32.41,37.0,1,2065
215699850,-0.011,-0.011,0.0000,-0.1152,0.0000,-0.0005,0.000,32.41,38.0,1,2065
215700892,-0.011,-0.011,0.0000,0.0893,0.0000,-0.0005,0.000,32.41,38.0,1,2065
215701851,-0.011,-0.011,0.0000,-0.1198,0.0000,-0.0005,0.000,32.41,38.0,1,2065
215703180,-0.011,-0.011,0.0000,0.0938,0.0000,-0.0005,0.000,32.41,37.0,1,2065
215703847,-0.011,-0.011,0.0000,-0.0755,0.0000,-0.0005,0.000,32.41,37.0,1,2065
215704891,-0.011,-0.011,0.0000,-0.0740,0.0000,-0.0005,0.000,32.41,38.0,1,2065
215705851,-0.011,-0.033,0.0000,0.0435,0.0000,-0.0005,0.000,32.41,38.0,1,2065
215706932,-0.033,-0.011,0.0000,0.0938,0.0000,-0.0005,0.000,32.41,38.0,1,2065
215708184,-0.011,-0.011,0.0000,-0.1106,0.0000,-0.0005,0.000,32.41,38.0,1,2065
215708735,-0.011,-0.011,0.0000,0.1625,0.0000,-0.0005,0.000,32.41,38.0,1,2065
215709942,-0.011,-0.011,0.0000,0.0282,0.0000,-0.0005,0.000,32.41,38.0,1,2065
215711172,-0.011,-0.011,0.0000,-0.0465,0.0000,-0.0005,0.000,32.41,37.0,1,2065
215711542,-0.011,-0.011,0.0000,-0.0542,0.0000,-0.0005,0.000,32.41,38.0,1,2065
215712866,-0.011,-0.011,0.0000,-0.0145,0.0000,-0.0005,0.000,32.41,38.0,1,2065
215713603,-0.011,-0.011,0.0000,-0.0084,0.0000,-0.0005,0.000,32.41,38.0,1,2065
215714889,-0.011,-0.011,0.0000,0.0862,0.0000,-0.0005,0.000,32.41,38.0,1,2065
215715873,-0.011,-0.011,0.0000,-0.0618,0.0000,-0.0005,0.000,32.41,37.0,1,2065
215716866,-0.011,-0.011,0.0000,-0.0572,0.0000,-0.0005,0.000,32.41,38.0,1,2065
215718200,-0.011,-0.011,0.0000,0.0252,0.0000,-0.0005,0.000,32.38,37.0,1,2065
215718871,-0.011,-0.011,0.0000,0.1518,0.0000,-0.0005,0.000,32.38,38.0,1,2065
215719868,-0.011,-0.011,0.0000,-0.0389,0.0000,-0.0005,0.000,32.38,38.0,1,2065
215720868,-0.011,-0.011,0.0000,0.0206,0.0000,-0.0005,0.000,32.38,38.0,1,2065
215721870,-0.011,-0.011,0.0000,-0.0099,0.0000,-0.0005,0.000,32.38,38.0,1,2065
215723189,-0.011,-0.011,0.0000,-0.0404,0.0000,-0.0005,0.000,32.38,38.0,1,2065
215723873,-0.011,-0.011,0.0000,-0.0069,0.0000,-0.0005,0.000,32.38,38.0,1,2065
215724865,-0.011,-0.011,0.0000,-0.0938,0.0000,-0.0005,0.000,32.38,38.0,1,2065
215725871,-0.011,-0.011,0.0000,-0.0267,0.0000,-0.0005,0.000,32.38,38.0,1,2065
215726865,-0.011,-0.011,0.0000,0.0237,0.0000,-0.0005,0.000,32.38,38.0,1,2065
215728190,-0.011,-0.011,0.0000,-0.0526,0.0000,-0.0005,0.000,32.38,38.0,1,2065
215728869,-0.011,-0.011,0.0000,-0.0633,0.0000,-0.0005,0.000,32.38,37.0,1,2065
215729868,-0.011,-0.011,0.0000,0.0359,0.0000,-0.0005,0.000,32.38,37.0,1,2065
215731183,-0.011,-0.011,0.0000,-0.0603,0.0000,-0.0005,0.000,32.38,38.0,1,2065
215731567,-0.011,-0.011,0.0000,0.0435,0.0000,-0.0005,0.000,32.38,38.0,1,2065
215732883,-0.011,-0.011,0.0000,0.0893,0.0000,-0.0005,0.000,32.38,38.0,1,2065
215733869,-0.011,-0.011,0.0000,-0.0999,0.0000,-0.0005,0.000,32.38,38.0,1,2065
215735177,-0.011,-0.011,0.0000,0.0389,0.0000,-0.0005,0.000,32.38,38.0,1,2065
215735847,-0.011,-0.011,0.0000,-0.0420,0.0000,-0.0005,0.000,32.38,38.0,1,2065
215736848,-0.011,-0.011,0.0000,-0.0862,0.0000,-0.0005,0.000,32.38,38.0,1,2065
215738191,-0.011,-0.011,0.0000,-0.0252,0.0000,-0.0005,0.000,32.38,38.0,1,2065
215738872,-0.011,-0.011,0.0000,0.0282,0.0000,-0.0005,0.000,32.38,38.0,1,2065
215739863,-0.011,-0.011,0.0000,0.0481,0.0000,-0.0005,0.000,32.38,38.0,1,2065
215740868,-0.011,-0.011,0.0000,-0.1183,0.0000,-0.0005,0.000,32.38,37.0,1,2065
215741766,-0.011,-0.011,0.0000,-0.0069,0.0000,-0.0005,0.000,32.38,38.0,1,2065
215743172,-0.011,-0.033,0.0000,-0.0862,0.0000,-0.0005,0.000,32.38,38.0,1,2065
215743847,-0.033,-0.011,0.0000,0.0404,0.0000,-0.0005,0.000,32.38,38.0,1,2065
215744970,-0.011,-0.011,0.0000,-0.0130,0.0000,-0.0005,0.000,32.38,38.0,1,2065
215745879,-0.011,-0.011,0.0000,-0.0099,0.0000,-0.0005,0.000,32.38,38.0,1,2065
215746847,-0.011,-0.011,0.0000,0.1167,0.0000,-0.0005,0.000,32.38,38.0,1,2065
215748181,-0.011,-0.011,0.0000,-0.0099,0.0000,-0.0005,0.000,32.38,37.0,1,2065
215748845,-0.011,-0.011,0.0000,-0.0069,0.0000,-0.0005,0.000,32.38,37.0,1,2065
215749895,-0.011,-0.011,0.0000,0.0359,0.0000,-0.0005,0.000,32.38,38.0,1,2065
215751168,-0.011,-0.011,0.0000,-0.0618,0.0000,-0.0005,0.000,32.38,38.0,1,2065
215751549,-0.011,-0.011,0.0000,-0.0145,0.0000,-0.0005,0.000,32.38,38.0,1,2065
215752864,-0.011,-0.011,0.0000,0.0664,0.0000,-0.0005,0.000,32.38,38.0,1,2065
215753886,-0.011,-0.011,0.0000,-0.0694,0.0000,-0.0005,0.000,32.38,38.0,1,2065
215755175,-0.011,-0.011,0.0000,0.0618,0.0000,-0.0005,0.000,32.38,38.0,1,2065
215755922,-0.011,-0.011,0.0000,0.0359,0.0000,-0.0005,0.000,32.38,38.0,1,2065
215756789,-0.011,-0.011,0.0000,-0.0267,0.0000,-0.0005,0.000,32.38,37.0,1,2065
215758195,-0.011,-0.011,0.0000,0.0206,0.0000,-0.0005,0.000,32.38,38.0,1,2065
215758846,-0.011,-0.011,0.0000,-0.0298,0.0000,-0.0005,0.000,32.38,37.0,1,2065
215759939,-0.011,-0.011,0.0000,0.0603,0.0000,-0.0005,0.000,32.38,38.0,1,2065
215760851,-0.011,-0.011,0.0000,-0.0069,0.0000,-0.0005,0.000,32.38,37.0,1,2065
215761848,-0.011,-0.011,0.0000,-0.0069,0.0000,-0.0005,0.000,32.38,38.0,1,2065
215763176,-0.011,-0.011,0.0000,-0.0084,0.0000,-0.0005,0.000,32.38,38.0,1,2065
215763847,-0.011,-0.011,0.0000,-0.0008,0.0000,-0.0005,0.000,32.38,38.0,1,2065
215764918,-0.011,-0.011,0.0000,-0.0801,0.0000,-0.0005,0.000,32.38,38.0,1,2065
215765872,-0.011,-0.011,0.0000,0.0328,0.0000,-0.0005,0.000,32.38,38.0,1,2065
215766940,-0.011,-0.011,0.0000,-0.1198,0.0000,-0.0005,0.000,32.38,38.0,1,2065
215768189,-0.011,-0.011,0.0000,-0.0221,0.0000,-0.0005,0.000,32.38,38.0,1,2065
215768896,-0.011,-0.011,0.0000,0.0221,0.0000,-0.0005,0.000,32.38,37.0,1,2065
215769867,-0.011,-0.011,0.0000,-0.0359,0.0000,-0.0005,0.000,32.38,37.0,1,2065
215771192,-0.011,-0.011,0.0000,-0.0389,0.0000,-0.0005,0.000,32.38,38.0,1,2065
215771567,-0.011,-0.011,0.0000,-0.0038,0.0000,-0.0005,0.000,32.38,38.0,1,2065
215772910,-0.011,-0.011,0.0000,-0.0023,0.0000,-0.0005,0.000,32.38,38.0,1,2065
215773570,-0.011,-0.011,0.0000,-0.0099,0.0000,-0.0005,0.000,32.38,38.0,1,2065
215774887,-0.011,-0.011,0.0000,-0.0847,0.0000,-0.0005,0.000,32.38,38.0,1,2065
215775870,-0.011,-0.011,0.0000,0.1244,0.0000,-0.0005,0.000,32.38,37.0,1,2065
215776870,-0.011,-0.011,0.0000,0.0267,0.0000,-0.0005,0.000,32.38,38.0,1,2065
215778191,-0.011,-0.011,0.0000,-0.0145,0.0000,-0.0005,0.000,32.38,38.0,1,2065
215778860,-0.011,-0.011,0.0000,-0.2144,0.0000,-0.0005,0.000,32.38,37.0,1,2065
215779929,-0.011,-0.011,0.0000,-0.0420,0.0000,-0.0005,0.000,32.38,38.0,1,2065
215780929,-0.011,-0.011,0.0000,0.0481,0.0000,-0.0005,0.000,32.38,38.0,1,2065
215781848,-0.011,-0.011,0.0000,-0.0801,0.0000,-0.0005,0.000,32.38,38.0,1,2065
215783175,-0.011,-0.011,0.0000,-0.0404,0.0000,-0.0005,0.000,32.38,38.0,1,2065
215783843,-0.011,-0.011,0.0000,-0.0572,0.0000,-0.0005,0.000,32.38,38.0,1,2065
215784844,-0.011,-0.011,0.0000,0.0542,0.0000,-0.0005,0.000,32.38,38.0,1,2065
215785847,-0.011,-0.011,0.0000,-0.0298,0.0000,-0.0005,0.000,32.38,38.0,1,2065
215786857,-0.011,-0.011,0.0000,-0.0023,0.0000,-0.0005,0.000,32.38,38.0,1,2065
215788243,-0.011,-0.011,0.0000,0.0175,0.0000,-0.0005,0.000,32.38,37.0,1,2065
215788864,-0.011,-0.011,0.0000,0.0175,0.0000,-0.0005,0.000,32.38,37.0,1,2065
215789867,-0.011,-0.011,0.0000,0.1656,0.0000,-0.0005,0.000,32.38,37.0,1,2065
215791190,-0.011,-0.011,0.0000,0.0389,0.0000,-0.0005,0.000,32.38,37.0,1,2065
215791566,-0.011,-0.011,0.0000,-0.0038,0.0000,-0.0005,0.000,32.38,38.0,1,2065
215792908,-0.011,-0.011,0.0000,0.0099,0.0000,-0.0005,0.000,32.38,38.0,1,2065
215793573,-0.011,-0.011,0.0000,0.0389,0.0000,-0.0005,0.000,32.38,38.0,1,2065
215794889,-0.011,-0.011,0.0000,0.1518,0.0000,-0.0005,0.000,32.38,38.0,1,2065
215795877,-0.011,-0.011,0.0000,-0.0343,0.0000,-0.0005,0.000,32.38,38.0,1,2065
215796906,-0.011,-0.011,0.0000,0.0572,0.0000,-0.0005,0.000,32.38,38.0,1,2065
215798185,-0.011,-0.011,0.0000,-0.0191,0.0000,-0.0005,0.000,32.38,38.0,1,2065
215798846,-0.011,-0.011,0.0000,0.0893,0.0000,-0.0005,0.000,32.38,38.0,1,2065
215799847,-0.011,-0.011,0.0000,-0.1060,0.0000,-0.0005,0.000,32.38,38.0,1,2065
215800872,-0.011,-0.011,0.0000,0.0145,0.0000,-0.0005,0.000,32.38,38.0,1,2065
215801915,-0.011,-0.011,0.0000,0.0237,0.0000,-0.0005,0.000,32.38,37.0,1,2065
215803194,-0.011,-0.011,0.0000,0.0481,0.0000,-0.0005,0.000,32.41,37.0,1,2065
215803901,-0.011,-0.011,0.0000,-0.0084,0.0000,-0.0005,0.000,32.41,38.0,1,2065
215804871,-0.011,-0.011,0.0000,-0.0084,0.0000,-0.0005,0.000,32.41,38.0,1,2065
215805871,-0.011,-0.011,0.0000,-0.0114,0.0000,-0.0005,0.000,32.41,38.0,1,2065
215806869,-0.011,-0.011,0.0000,0.0984,0.0000,-0.0005,0.000,32.41,38.0,1,2065
215808193,-0.011,-0.011,0.0000,-0.0206,0.0000,-0.0005,0.000,32.41,38.0,1,2065
215808868,-0.011,-0.011,0.0000,-0.0542,0.0000,-0.0005,0.000,32.41,38.0,1,2065
215809869,-0.011,-0.011,0.0000,0.1610,0.0000,-0.0005,0.000,32.41,38.0,1,2065
215811190,-0.011,-0.011,0.0000,-0.0374,0.0000,-0.0005,0.000,32.41,38.0,1,2065
215811567,-0.011,-0.011,0.0000,-0.0435,0.0000,-0.0005,0.000,32.41,38.0,1,2065
215812883,-0.011,-0.011,0.0000,-0.0084,0.0000,-0.0005,0.000,32.41,38.0,1,2065
215813896,-0.011,-0.011,0.0000,-0.0679,0.0000,-0.0005,0.000,32.41,38.0,1,2065
215815193,-0.011,-0.011,0.0000,0.0679,0.0000,-0.0005,0.000,32.41,38.0,1,2065
215815861,-0.011,-0.011,0.0000,-0.0710,0.0000,-0.0005,0.000,32.41,37.0,1,2065
215816868,-0.011,-0.033,0.0000,-0.0114,0.0000,-0.0005,0.000,32.41,38.0,1,2065
215818196,-0.033,-0.011,0.0000,-0.0237,0.0000,-0.0005,0.000,32.38,38.0,1,2065
215818901,-0.011,-0.011,0.0000,-0.0160,0.0000,-0.0005,0.000,32.38,38.0,1,2065
215819871,-0.011,-0.011,0.0000,0.0099,0.0000,-0.0005,0.000,32.38,38.0,1,2065
215820871,-0.011,-0.011,0.0000,0.0359,0.0000,-0.0005,0.000,32.38,37.0,1,2065
215821868,-0.011,-0.011,0.0000,0.0893,0.0000,-0.0005,0.000,32.38,38.0,1,2065
215823192,-0.011,-0.011,0.0000,-0.1350,0.0000,-0.0005,0.000,32.38,38.0,1,2065
215823845,-0.011,-0.011,0.0000,-0.0084,0.0000,-0.0005,0.000,32.38,38.0,1,2065
215824844,-0.011,-0.011,0.0000,-0.0084,0.0000,-0.0005,0.000,32.38,38.0,1,2065
215825845,-0.011,-0.011,0.0000,0.0908,0.0000,-0.0005,0.000,32.38,38.0,1,2065
215826873,-0.011,-0.011,0.0000,-0.0282,0.0000,-0.0005,0.000,32.38,38.0,1,2065
215828187,-0.011,-0.011,0.0000,0.0221,0.0000,-0.0005,0.000,32.38,38.0,1,2065
215828898,-0.011,-0.011,0.0000,0.0221,0.0000,-0.0005,0.000,32.38,37.0,1,2065
215829867,-0.011,-0.011,0.0000,0.0816,0.0000,-0.0005,0.000,32.38,38.0,1,2065
215831126,-0.011,-0.011,0.0000,0.1396,0.0000,-0.0005,0.000,32.38,38.0,1,2065
215831542,-0.011,-0.011,0.0000,0.0298,0.0000,-0.0005,0.000,32.38,38.0,1,2065
215832861,-0.011,-0.011,0.0000,-0.0206,0.0000,-0.0005,0.000,32.38,38.0,1,2065
215833962,-0.011,-0.011,0.0000,0.0130,0.0000,-0.0005,0.000,32.38,37.0,1,2065
215835245,-0.011,-0.011,0.0000,-0.0816,0.0000,-0.0005,0.000,32.38,37.0,1,2065
215835906,-0.011,-0.011,0.0000,0.0557,0.0000,-0.0005,0.000,32.38,38.0,1,2065
215836872,-0.011,-0.011,0.0000,0.0008,0.0000,-0.0005,0.000,32.38,38.0,1,2065
215838174,-0.011,-0.011,0.0000,0.0786,0.0000,-0.0005,0.000,32.38,37.0,1,2065
215838843,-0.011,-0.011,0.0000,0.0572,0.0000,-0.0005,0.000,32.38,37.0,1,2065
215839853,-0.011,-0.011,0.0000,-0.0603,0.0000,-0.0005,0.000,32.38,38.0,1,2065
215840915,-0.011,-0.011,0.0000,0.0572,0.0000,-0.0005,0.000,32.38,38.0,1,2065
215841871,-0.011,-0.011,0.0000,-0.0618,0.0000,-0.0005,0.000,32.38,37.0,1,2065
215843197,-0.011,-0.011,0.0000,0.0008,0.0000,-0.0005,0.000,32.38,38.0,1,2065
215843870,-0.011,-0.033,0.0000,-0.0374,0.0000,-0.0005,0.000,32.38,38.0,1,2065
215844867,-0.033,-0.011,0.0000,0.0465,0.0000,-0.0005,0.000,32.38,37.0,1,2065
215845868,-0.011,-0.011,0.0000,0.0435,0.0000,-0.0005,0.000,32.38,38.0,1,2065
215846868,-0.011,-0.011,0.0000,-0.0206,0.0000,-0.0005,0.000,32.38,37.0,1,2065
215848193,-0.011,-0.011,0.0000,-0.0023,0.0000,-0.0005,0.000,32.41,37.0,1,2065
215848871,-0.011,-0.011,0.0000,0.0084,0.0000,-0.0005,0.000,32.41,37.0,1,2065
215849867,-0.011,-0.011,0.0000,-0.0404,0.0000,-0.0005,0.000,32.41,38.0,1,2065
215851192,-0.011,-0.011,0.0000,0.0603,0.0000,-0.0005,0.000,32.41,37.0,1,2065
215851567,-0.011,-0.011,0.0000,-0.0084,0.0000,-0.0005,0.000,32.41,37.0,1,2065
215852886,-0.011,-0.011,0.0000,0.0160,0.0000,-0.0005,0.000,32.41,37.0,1,2065
215853871,-0.011,-0.011,0.0000,-0.0130,0.0000,-0.0005,0.000,32.41,38.0,1,2065
215855201,-0.011,-0.011,0.0000,0.0313,0.0000,-0.0005,0.000,32.41,37.0,1,2065
215855895,-0.011,-0.011,0.0000,-0.1030,0.0000,-0.0005,0.000,32.41,38.0,1,2065
215856868,-0.011,-0.011,0.0000,0.1320,0.0000,-0.0005,0.000,32.41,38.0,1,2065
215858194,-0.011,-0.011,0.0000,-0.0069,0.0000,-0.0005,0.000,32.41,38.0,1,2065
215858870,-0.011,-0.011,0.0000,-0.0801,0.0000,-0.0005,0.000,32.41,38.0,1,2065
215859868,-0.011,-0.011,0.0000,-0.0008,0.0000,-0.0005,0.000,32.41,37.0,1,2065
215860866,-0.011,-0.011,0.0000,-0.1228,0.0000,-0.0005,0.000,32.41,37.0,1,2065
215861863,-0.011,-0.011,0.0000,-0.0130,0.0000,-0.0005,0.000,32.41,37.0,1,2065
215863175,-0.011,-0.011,0.0000,0.1060,0.0000,-0.0005,0.000,32.41,37.0,1,2065
215863846,-0.011,-0.011,0.0000,-0.1076,0.0000,-0.0005,0.000,32.41,38.0,1,2065
215864844,-0.011,-0.011,0.0000,-0.0496,0.0000,-0.0005,0.000,32.41,38.0,1,2065
215865864,-0.011,-0.011,0.0000,0.0328,0.0000,-0.0005,0.000,32.41,37.0,1,2065
215866862,-0.011,-0.011,0.0000,-0.1152,0.0000,-0.0005,0.000,32.41,37.0,1,2065
215868194,-0.011,-0.011,0.0000,-0.0984,0.0000,-0.0005,0.000,32.41,38.0,1,2065
215868869,-0.011,-0.011,0.0000,0.0282,0.0000,-0.0005,0.000,32.41,38.0,1,2065
215869851,-0.011,-0.011,0.0000,-0.0069,0.0000,-0.0005,0.000,32.41,37.0,1,2065
215871154,-0.011,-0.011,0.0000,0.0145,0.0000,-0.0005,0.000,32.41,38.0,1,2065
215871541,-0.011,-0.011,0.0000,0.0069,0.0000,-0.0005,0.000,32.41,37.0,1,2065
215872864,-0.011,-0.011,0.0000,-0.0252,0.0000,-0.0005,0.000,32.41,38.0,1,2065
215873547,-0.011,-0.011,0.0000,0.0557,0.0000,-0.0005,0.000,32.41,38.0,1,2065
215874862,-0.011,-0.011,0.0000,0.0206,0.0000,-0.0005,0.000,32.41,38.0,1,2065
215875850,-0.011,-0.011,0.0000,0.0282,0.0000,-0.0005,0.000,32.41,37.0,1,2065
215876845,-0.011,-0.011,0.0000,0.0389,0.0000,-0.0005,0.000,32.41,37.0,1,2065
215878237,-0.011,-0.011,0.0000,-0.0679,0.0000,-0.0005,0.000,32.41,37.0,1,2065
215878846,-0.011,-0.011,0.0000,0.0420,0.0000,-0.0005,0.000,32.41,37.0,1,2065
215879850,-0.011,-0.011,0.0000,-0.0435,0.0000,-0.0005,0.000,32.41,37.0,1,2065
215880845,-0.011,-0.011,0.0000,-0.0069,0.0000,-0.0005,0.000,32.41,37.0,1,2065
215881916,-0.011,-0.011,0.0000,-0.0786,0.0000,-0.0005,0.000,32.41,38.0,1,2065
215883175,-0.011,-0.011,0.0000,-0.0664,0.0000,-0.0005,0.000,32.41,38.0,1,2065
215883915,-0.011,-0.011,0.0000,0.0328,0.0000,-0.0005,0.000,32.41,38.0,1,2065
215884926,-0.011,-0.011,0.0000,-0.0893,0.0000,-0.0005,0.000,32.41,38.0,1,2065
215885920,-0.011,-0.011,0.0000,0.0008,0.0000,-0.0005,0.000,32.41,37.0,1,2065
215886846,-0.011,-0.011,0.0000,-0.0404,0.0000,-0.0005,0.000,32.41,37.0,1,2065
215888176,-0.011,-0.011,0.0000,-0.0465,0.0000,-0.0005,0.000,32.41,38.0,1,2065
215888847,-0.011,-0.011,0.0000,0.2113,0.0000,-0.0005,0.000,32.41,37.0,1,2065
215889848,-0.011,-0.011,0.0000,-0.0038,0.0000,-0.0005,0.000,32.41,38.0,1,2065
215891239,-0.011,-0.011,0.0000,0.0847,0.0000,-0.0005,0.000,32.41,37.0,1,2065
215891559,-0.011,-0.011,0.0000,0.0572,0.0000,-0.0005,0.000,32.41,38.0,1,2065
215892949,-0.011,-0.011,0.0000,-0.0938,0.0000,-0.0005,0.000,32.41,38.0,1,2065
215893901,-0.011,-0.011,0.0000,0.0557,0.0000,-0.0005,0.000,32.41,37.0,1,2065
215895189,-0.011,-0.011,0.0000,0.1015,0.0000,-0.0005,0.000,32.41,37.0,1,2065
215895895,-0.011,-0.011,0.0000,0.0023,0.0000,-0.0005,0.000,32.41,37.0,1,2065
215896866,-0.011,-0.011,0.0000,0.1030,0.0000,-0.0005,0.000,32.41,37.0,1,2065
215898192,-0.011,-0.011,0.0000,-0.1015,0.0000,-0.0005,0.000,32.41,38.0,1,2065
215898898,-0.011,-0.011,0.0000,0.0084,0.0000,-0.0005,0.000,32.41,38.0,1,2065
215899913,-0.011,-0.011,0.0000,-0.0099,0.0000,-0.0005,0.000,32.41,38.0,1,2065
215900866,-0.011,-0.011,0.0000,0.0679,0.0000,-0.0005,0.000,32.41,38.0,1,2065
215901867,-0.011,-0.011,0.0000,-0.0175,0.0000,-0.0005,0.000,32.41,38.0,1,2065
215903185,-0.011,-0.011,0.0000,-0.0175,0.0000,-0.0005,0.000,32.41,38.0,1,2065
215903862,-0.011,-0.011,0.0000,-0.0145,0.0000,-0.0005,0.000,32.41,37.0,1,2065
215904869,-0.011,-0.011,0.0000,-0.0694,0.0000,-0.0005,0.000,32.41,38.0,1,2065
215905868,-0.011,-0.011,0.0000,0.0282,0.0000,-0.0005,0.000,32.41,37.0,1,2065
215906867,-0.011,-0.011,0.0000,0.0481,0.0000,-0.0005,0.000,32.41,37.0,1,2065
215908256,-0.011,-0.011,0.0000,-0.0404,0.0000,-0.0005,0.000,32.41,37.0,1,2065
215908850,-0.011,-0.011,0.0000,0.0648,0.0000,-0.0005,0.000,32.41,37.0,1,2065
215909845,-0.011,-0.011,0.0000,0.0069,0.0000,-0.0005,0.000,32.41,37.0,1,2065
215911168,-0.011,-0.011,0.0000,-0.0359,0.0000,-0.0005,0.000,32.41,37.0,1,2065
215911542,-0.011,-0.011,0.0000,-0.0191,0.0000,-0.0005,0.000,32.41,37.0,1,2065
215912854,-0.011,-0.011,0.0000,-0.1167,0.0000,-0.0005,0.000,32.41,38.0,1,2065
215913848,-0.011,-0.011,0.0000,-0.0221,0.0000,-0.0005,0.000,32.41,37.0,1,2065
215915236,-0.011,-0.011,0.0000,0.0343,0.0000,-0.0005,0.000,32.41,38.0,1,2065
215915895,-0.011,-0.011,0.0000,-0.0542,0.0000,-0.0005,0.000,32.41,38.0,1,2065
215916866,-0.011,-0.033,0.0000,-0.1152,0.0000,-0.0005,0.000,32.41,38.0,1,2065
215918194,-0.033,-0.011,0.0000,0.0298,0.0000,-0.0005,0.000,32.44,38.0,1,2065
215918861,-0.011,-0.011,0.0000,0.0984,0.0000,-0.0005,0.000,32.44,37.0,1,2065
215919915,-0.011,-0.011,0.0000,-0.0175,0.0000,-0.0005,0.000,32.44,37.0,1,2065
215920875,-0.011,-0.011,0.0000,-0.0359,0.0000,-0.0005,0.000,32.44,37.0,1,2065
215921873,-0.011,-0.011,0.0000,0.0664,0.0000,-0.0005,0.000,32.44,38.0,1,2065
215923193,-0.011,-0.011,0.0000,0.0099,0.0000,-0.0005,0.000,32.41,37.0,1,2065
215923866,-0.011,-0.011,0.0000,0.0298,0.0000,-0.0005,0.000,32.41,37.0,1,2065
215924875,-0.011,-0.011,0.0000,-0.1183,0.0000,-0.0005,0.000,32.41,37.0,1,2065
215925902,-0.011,-0.011,0.0000,0.0755,0.0000,-0.0005,0.000,32.41,38.0,1,2065
215926846,-0.011,-0.011,0.0000,0.0221,0.0000,-0.0005,0.000,32.41,37.0,1,2065
215928175,-0.011,-0.011,0.0000,-0.1244,0.0000,-0.0005,0.000,32.41,38.0,1,2065
215928845,-0.011,-0.011,0.0000,-0.0435,0.0000,-0.0005,0.000,32.41,38.0,1,2065
215929913,-0.011,-0.011,0.0000,-0.0023,0.0000,-0.0005,0.000,32.41,37.0,1,2065
215931196,-0.011,-0.011,0.0000,0.0099,0.0000,-0.0005,0.000,32.41,38.0,1,2065
215931894,-0.011,-0.011,0.0000,0.0237,0.0000,-0.0005,0.000,32.41,38.0,1,2065
215933190,-0.011,-0.011,0.0000,0.0038,0.0000,-0.0005,0.000,32.41,38.0,1,2065
215933895,-0.011,-0.011,0.0000,0.0542,0.0000,-0.0005,0.000,32.41,38.0,1,2065
215935196,-0.011,-0.011,0.0000,-0.0298,0.0000,-0.0005,0.000,32.41,37.0,1,2065
215935898,-0.011,-0.011,0.0000,-0.0923,0.0000,-0.0005,0.000,32.41,38.0,1,2065
215936870,-0.011,-0.011,0.0000,0.0084,0.0000,-0.0005,0.000,32.41,38.0,1,2065
215938185,-0.011,-0.011,0.0000,0.0298,0.0000,-0.0005,0.000,32.41,37.0,1,2065
215938863,-0.011,-0.011,0.0000,0.0175,0.0000,-0.0005,0.000,32.41,38.0,1,2065
215939869,-0.011,-0.011,0.0000,0.0252,0.0000,-0.0005,0.000,32.41,38.0,1,2065
215940870,-0.011,-0.011,0.0000,0.0465,0.0000,-0.0005,0.000,32.41,37.0,1,2065
215941867,-0.011,-0.011,0.0000,-0.0023,0.0000,-0.0005,0.000,32.41,37.0,1,2065
215943182,-0.011,-0.011,0.0000,0.0114,0.0000,-0.0005,0.000,32.41,37.0,1,2065
215943890,-0.011,-0.011,0.0000,0.0023,0.0000,-0.0005,0.000,32.41,37.0,1,2065
215944868,-0.011,-0.011,0.0000,0.0267,0.0000,-0.0005,0.000,32.41,37.0,1,2065
215945867,-0.011,-0.011,0.0000,-0.0648,0.0000,-0.0005,0.000,32.41,37.0,1,2065
215946867,-0.011,-0.011,0.0000,-0.0206,0.0000,-0.0005,0.000,32.41,37.0,1,2065
215948191,-0.011,-0.011,0.0000,-0.0587,0.0000,-0.0005,0.000,32.41,38.0,1,2065
215948898,-0.011,-0.011,0.0000,-0.0023,0.0000,-0.0005,0.000,32.41,37.0,1,2065
215949870,-0.011,-0.011,0.0000,0.0206,0.0000,-0.0005,0.000,32.41,37.0,1,2065
215951210,-0.011,-0.011,0.0000,-0.0145,0.0000,-0.0005,0.000,32.41,37.0,1,2065
215951891,-0.011,-0.011,0.0000,0.1167,0.0000,-0.0005,0.000,32.41,37.0,1,2065
215953195,-0.011,-0.011,0.0000,-0.0877,0.0000,-0.0005,0.000,32.38,37.0,1,2065
215953846,-0.011,-0.011,0.0000,0.0542,0.0000,-0.0005,0.000,32.38,37.0,1,2065
215955168,-0.011,-0.011,0.0000,-0.0267,0.0000,-0.0005,0.000,32.38,37.0,1,2065
215955848,-0.011,-0.011,0.0000,0.1457,0.0000,-0.0005,0.000,32.38,38.0,1,2065
215956893,-0.011,-0.011,0.0000,-0.1656,0.0000,-0.0005,0.000,32.38,37.0,1,2065
215958185,-0.011,-0.011,0.0000,0.1488,0.0000,-0.0005,0.000,32.38,38.0,1,2065
215958897,-0.011,-0.011,0.0000,0.0130,0.0000,-0.0005,0.000,32.38,38.0,1,2065
215959866,-0.011,-0.011,0.0000,-0.0313,0.0000,-0.0005,0.000,32.38,38.0,1,2065
215960868,-0.011,-0.011,0.0000,0.0816,0.0000,-0.0005,0.000,32.38,38.0,1,2065
215961893,-0.011,-0.011,0.0000,-0.0633,0.0000,-0.0005,0.000,32.38,37.0,1,2065
215963172,-0.011,-0.011,0.0000,-0.0343,0.0000,-0.0005,0.000,32.38,37.0,1,2065
215963924,-0.011,-0.011,0.0000,-0.0084,0.0000,-0.0005,0.000,32.38,38.0,1,2065
215964794,-0.011,-0.011,0.0000,0.0832,0.0000,-0.0005,0.000,32.38,37.0,1,2065
215965928,-0.011,-0.011,0.0000,0.0465,0.0000,-0.0005,0.000,32.38,37.0,1,2065
215966847,-0.011,-0.011,0.0000,0.0237,0.0000,-0.0005,0.000,32.38,37.0,1,2065
215968175,-0.011,-0.011,0.0000,0.0313,0.0000,-0.0005,0.000,32.38,37.0,1,2065
215968846,-0.011,-0.011,0.0000,-0.0084,0.0000,-0.0005,0.000,32.38,37.0,1,2065
215969846,-0.011,-0.011,0.0000,0.0298,0.0000,-0.0005,0.000,32.38,37.0,1,2065
215971234,-0.011,-0.011,0.0000,0.0053,0.0000,-0.0005,0.000,32.38,37.0,1,2065
215971568,-0.011,-0.011,0.0000,0.0938,0.0000,-0.0005,0.000,32.38,38.0,1,2065
215972945,-0.011,-0.011,0.0000,-0.0328,0.0000,-0.0005,0.000,32.38,37.0,1,2065
215973899,-0.011,-0.011,0.0000,0.0343,0.0000,-0.0005,0.000,32.38,37.0,1,2065
215975220,-0.011,-0.011,0.0000,0.0282,0.0000,-0.0005,0.000,32.38,37.0,1,2065
215975893,-0.011,-0.011,0.0000,0.0145,0.0000,-0.0005,0.000,32.38,37.0,1,2065
215976894,-0.011,-0.011,0.0000,0.0252,0.0000,-0.0005,0.000,32.38,37.0,1,2065
215978220,-0.011,-0.011,0.0000,-0.0069,0.0000,-0.0005,0.000,32.38,37.0,1,2065
215978893,-0.011,-0.011,0.0000,0.0450,0.0000,-0.0005,0.000,32.38,37.0,1,2065
215979910,-0.011,-0.011,0.0000,0.0542,0.0000,-0.0005,0.000,32.38,38.0,1,2065
215980891,-0.011,-0.011,0.0000,-0.1030,0.0000,-0.0005,0.000,32.38,38.0,1,2065
215981892,-0.011,-0.011,0.0000,0.1106,0.0000,-0.0005,0.000,32.38,38.0,1,2065
215983212,-0.011,-0.011,0.0000,-0.0633,0.0000,-0.0005,0.000,32.38,37.0,1,2065
215983895,-0.011,-0.011,0.0000,-0.0069,0.0000,-0.0005,0.000,32.38,37.0,1,2065
215984890,-0.011,-0.011,0.0000,-0.1106,0.0000,-0.0005,0.000,32.38,37.0,1,2065
215985889,-0.011,-0.011,0.0000,-0.0175,0.0000,-0.0005,0.000,32.38,37.0,1,2065
215986889,-0.011,-0.011,0.0000,-0.0679,0.0000,-0.0005,0.000,32.38,37.0,1,2065
215988252,-0.011,-0.011,0.0000,0.0740,0.0000,-0.0005,0.000,32.38,38.0,1,2065
215988862,-0.011,-0.011,0.0000,0.0206,0.0000,-0.0005,0.000,32.38,37.0,1,2065
215989848,-0.011,-0.011,0.0000,0.0847,0.0000,-0.0005,0.000,32.38,38.0,1,2065
215991169,-0.011,-0.011,0.0000,0.0496,0.0000,-0.0005,0.000,32.38,37.0,1,2065
215991543,-0.011,-0.011,0.0000,0.1564,0.0000,-0.0005,0.000,32.38,38.0,1,2065
215992860,-0.011,-0.011,0.0000,-0.1473,0.0000,-0.0005,0.000,32.38,37.0,1,2065
215993845,-0.011,-0.011,0.0000,-0.1106,0.0000,-0.0005,0.000,32.38,37.0,1,2065
215995233,-0.011,-0.011,0.0000,-0.0038,0.0000,-0.0005,0.000,32.38,38.0,1,2065
215995857,-0.011,-0.011,0.0000,0.0282,0.0000,-0.0005,0.000,32.38,37.0,1,2065
215996865,-0.011,-0.011,0.0000,0.1152,0.0000,-0.0005,0.000,32.38,37.0,1,2065
215998204,-0.011,-0.011,0.0000,-0.0237,0.0000,-0.0005,0.000,32.41,37.0,1,2065
215998894,-0.011,-0.011,0.0000,-0.0099,0.0000,-0.0005,0.000,32.41,37.0,1,2065
215999890,-0.011,-0.011,0.0000,-0.0038,0.0000,-0.0005,0.000,32.41,38.0,1,2065
216000910,-0.011,-0.011,0.0000,-0.0313,0.0000,-0.0005,0.000,32.41,37.0,1,2065
216001895,-0.011,-0.011,0.0000,0.0954,0.0000,-0.0005,0.000,32.41,38.0,1,2065
216003192,-0.011,-0.011,0.0000,-0.0252,0.0000,-0.0005,0.000,32.38,37.0,1,2065
216003890,-0.011,-0.011,0.0000,-0.0420,0.0000,-0.0005,0.000,32.38,37.0,1,2065
216004871,-0.011,-0.011,0.0000,-0.1213,0.0000,-0.0005,0.000,32.38,37.0,1,2065
216005863,-0.011,-0.011,0.0000,-0.0740,0.0000,-0.0005,0.000,32.38,38.0,1,2065
216006900,-0.011,-0.011,0.0000,0.0755,0.0000,-0.0005,0.000,32.38,37.0,1,2065
216008175,-0.011,-0.011,0.0000,-0.0587,0.0000,-0.0005,0.000,32.38,37.0,1,2065
216008845,-0.011,-0.011,0.0000,0.0252,0.0000,-0.0005,0.000,32.38,37.0,1,2065
216009851,-0.011,-0.011,0.0000,-0.0191,0.0000,-0.0005,0.000,32.38,37.0,1,2065
216011227,-0.011,-0.011,0.0000,-0.0221,0.0000,-0.0005,0.000,32.38,37.0,1,2065
216011566,-0.011,-0.011,0.0000,0.0145,0.0000,-0.0005,0.000,32.38,37.0,1,2065
216012881,-0.011,-0.011,0.0000,0.0130,0.0000,-0.0005,0.000,32.38,37.0,1,2065
216013575,-0.011,-0.011,0.0000,-0.0069,0.0000,-0.0005,0.000,32.38,37.0,1,2065
216014887,-0.011,-0.011,0.0000,0.0160,0.0000,-0.0005,0.000,32.38,37.0,1,2065
216015567,-0.011,-0.011,0.0000,0.0526,0.0000,-0.0005,0.000,32.38,37.0,1,2065
216016569,-0.011,-0.011,0.0000,-0.0603,0.0000,-0.0005,0.000,32.38,37.0,1,2065
216017880,-0.011,-0.011,0.0000,0.0999,0.0000,-0.0005,0.000,32.38,37.0,1,2065
216018567,-0.011,-0.011,0.0000,-0.1396,0.0000,-0.0005,0.000,32.38,38.0,1,2065
216019569,-0.011,-0.011,0.0000,0.0618,0.0000,-0.0005,0.000,32.38,38.0,1,2065
216020564,-0.011,-0.011,0.0000,-0.0404,0.0000,-0.0005,0.000,32.38,37.0,1,2065
216021564,-0.011,-0.011,0.0000,0.0084,0.0000,-0.0005,0.000,32.38,38.0,1,2065
216022880,-0.011,-0.011,0.0000,-0.1305,0.0000,-0.0005,0.000,32.38,37.0,1,2065
216023567,-0.011,-0.011,0.0000,0.0526,0.0000,-0.0005,0.000,32.38,37.0,1,2065
216024569,-0.011,-0.011,0.0000,0.0389,0.0000,-0.0005,0.000,32.38,37.0,1,2065
216025568,-0.011,-0.011,0.0000,-0.0114,0.0000,-0.0005,0.000,32.38,37.0,1,2065
216026544,-0.011,-0.011,0.0000,0.0374,0.0000,-0.0005,0.000,32.38,37.0,1,2065
216027876,-0.011,-0.011,0.0000,0.0450,0.0000,-0.0005,0.000,32.38,37.0,1,2065
216028891,-0.011,-0.011,0.0000,-0.0908,0.0000,-0.0005,0.000,32.38,37.0,1,2065
216029865,-0.011,-0.011,0.0000,-0.0160,0.0000,-0.0005,0.000,32.38,38.0,1,2065
216031200,-0.011,-0.011,0.0000,0.0191,0.0000,-0.0005,0.000,32.38,37.0,1,2065
216031564,-0.011,-0.011,0.0000,0.0053,0.0000,-0.0005,0.000,32.38,37.0,1,2065
216032882,-0.011,-0.011,0.0000,0.0679,0.0000,-0.0005,0.000,32.38,37.0,1,2065
216033544,-0.011,-0.011,0.0000,-0.0435,0.0000,-0.0005,0.000,32.38,38.0,1,2065
216035963,-0.063,-0.011,-0.9000,-0.0435,-15.4366,-0.0005,0.000,32.38,38.0,3,0
216036387,-0.063,-0.011,0.0000,0.0786,15.2940,-0.0005,0.000,32.38,38.0,3,0
216037038,-0.011,-0.011,0.9000,0.0786,15.4366,-0.0005,0.000,32.38,38.0,3,0
216037610,-0.011,-0.011,0.0000,0.0130,0.0000,0.0148,0.000,32.38,38.0,3,0
216038604,-0.011,-0.011,0.0000,-0.0633,0.0000,0.0247,0.000,32.38,38.0,3,0
216039554,-0.063,-0.011,-0.9000,0.0053,-15.4366,5.9058,0.000,32.38,38.0,3,0
216040545,-0.063,0.055,0.0000,0.8873,15.2940,0.7839,0.000,32.38,37.0,3,0
216041602,-0.011,0.099,0.9000,0.8309,15.4366,-0.3752,0.000,32.38,38.0,3,0
216042642,-0.011,0.121,0.0000,0.4601,0.0000,-7.9724,0.000,32.38,38.0,3,0
216043896,-0.011,0.077,0.0000,-0.6142,0.0000,7.1451,0.000,32.38,37.0,3,0
216044599,-0.063,0.275,-0.9000,1.9570,-15.4366,-0.5323,0.000,31.67,37.0,3,0
216045575,-0.063,0.363,0.0000,1.5694,15.2940,-0.8850,0.000,31.67,37.0,3,0
216046608,-0.011,0.406,0.9000,1.1299,15.4366,-8.4217,0.000,31.67,38.0,3,0
216047574,-0.011,0.406,0.0000,0.0420,0.0000,6.0124,0.000,31.67,37.0,3,0
216048892,-0.011,0.494,0.0000,1.2459,0.0000,8.2064,0.000,31.67,37.0,3,0
216049574,-0.063,0.626,-0.9000,2.3598,-15.4366,-0.7652,0.000,31.67,37.0,3,0
216050637,-0.063,0.736,0.0000,1.8257,15.2940,-1.0772,0.000,31.67,37.0,3,0
216051868,-0.011,0.802,0.9000,1.4595,15.4366,-8.7667,0.000,31.67,37.0,3,0
216052547,-0.011,0.802,0.0000,0.2403,0.0000,5.1675,0.000,31.67,38.0,3,0
216053865,-0.011,0.802,0.0000,0.2022,0.0000,6.7825,0.000,31.67,38.0,3,0
216054568,-0.063,1.066,-0.9000,2.4758,-15.4366,-0.8366,0.000,31.71,37.0,3,0
216055620,-0.063,1.176,0.0000,2.0577,15.2940,-1.2970,0.000,31.71,37.0,3,0
216056580,-0.011,1.263,0.9000,1.6320,15.4366,-9.0897,0.000,31.71,37.0,3,0
216057579,-0.011,1.285,0.0000,0.5318,0.0000,5.6388,0.000,31.71,37.0,3,0
216058919,-0.011,1.417,0.0000,1.7494,0.0000,7.6812,0.000,31.71,38.0,3,0
216059581,-0.063,1.549,-0.9000,2.6360,-15.4366,-1.0816,0.000,31.71,37.0,3,0
216060580,-0.063,1.659,0.0000,2.0714,15.2940,-1.3848,0.000,31.71,37.0,3,0
216061579,-0.011,1.769,0.9000,1.7739,15.4366,-8.9403,0.000,31.71,37.0,3,0
216062589,-0.011,1.813,0.0000,0.8583,0.0000,5.4553,0.000,31.71,37.0,3,0
216063866,-0.011,1.923,0.0000,1.7891,0.0000,7.4593,0.000,31.71,37.0,3,0
216064569,-0.063,2.076,-0.9000,2.8176,-15.4366,-0.9113,0.000,31.71,37.0,3,0
216065607,-0.063,2.208,0.0000,2.2988,15.2940,-1.4683,0.000,31.71,37.0,3,0
216066579,-0.011,2.318,0.9000,1.7510,15.4366,-9.1962,0.000,31.71,37.0,3,0
216067571,-0.011,2.362,0.0000,0.6416,0.0000,5.3037,0.000,31.71,37.0,3,0
216068890,-0.011,2.472,0.0000,1.8715,0.0000,7.4780,0.000,31.71,38.0,3,0
216069575,-0.063,2.648,-0.9000,2.7611,-15.4366,-1.0915,0.000,31.71,38.0,3,0
216070578,-0.063,2.780,0.0000,2.4208,15.2940,-1.4376,0.000,31.71,37.0,3,0
216071882,-0.011,2.889,0.9000,2.0073,15.4366,-9.1787,0.000,31.71,37.0,3,0
216072575,-0.011,2.911,0.0000,0.7836,0.0000,5.2927,0.000,31.71,37.0,3,0
216073892,-0.011,2.933,0.0000,0.7897,0.0000,6.7144,0.000,31.71,37.0,3,0
216074598,-0.063,3.219,-0.9000,2.8206,-15.4366,-1.2761,0.000,31.78,37.0,3,0
216075600,-0.063,3.351,0.0000,2.3476,15.2940,-1.5332,0.000,31.78,37.0,3,0
216076578,-0.011,3.439,0.9000,1.9402,15.4366,-9.4775,0.000,31.78,37.0,3,0
216077579,-0.011,3.461,0.0000,0.6371,0.0000,5.2521,0.000,31.78,37.0,3,0
216078891,-0.011,3.615,0.0000,1.9478,0.0000,7.5889,0.000,31.78,38.0,3,0
216079579,-0.063,3.768,-0.9000,2.8023,-15.4366,-1.3013,0.000,31.78,38.0,3,0
216080576,-0.063,3.922,0.0000,2.4468,15.2940,-1.6903,0.000,31.78,38.0,3,0
216081547,-0.011,4.010,0.9000,1.8242,15.4366,-9.5083,0.000,31.78,37.0,3,0
216082572,-0.011,4.032,0.0000,0.7729,0.0000,4.8467,0.000,31.78,38.0,3,0
216083884,-0.011,4.186,0.0000,1.8334,0.0000,7.1132,0.000,31.78,38.0,3,0
216084594,-0.063,4.340,-0.9000,2.8283,-15.4366,-1.4387,0.000,31.85,37.0,3,0
216085577,-0.063,4.471,0.0000,2.2728,15.2940,-1.7946,0.000,31.85,37.0,3,0
216086553,-0.011,4.581,0.9000,1.9738,15.4366,-9.4577,0.000,31.85,37.0,3,0
216087548,-0.011,4.603,0.0000,0.7729,0.0000,4.4369,0.000,31.85,37.0,3,0
216088951,-0.011,4.713,0.0000,1.7952,0.0000,7.4988,0.000,31.85,37.0,3,0
216089846,-0.063,4.999,-0.9000,2.1904,-15.4366,-1.6518,0.000,31.85,37.0,3,0
216090844,-0.063,5.087,0.0000,1.7311,15.2940,-9.1303,0.000,31.85,37.0,3,0
216092171,-0.011,5.109,0.9000,0.3899,15.4366,4.9884,0.000,31.85,37.0,3,0
216092547,-0.011,5.131,0.0000,0.7454,0.0000,7.5494,0.000,31.85,37.0,3,0
216093925,-0.011,5.219,0.0000,1.6442,0.0000,7.2428,0.000,31.85,37.0,3,0
216094662,-0.063,5.372,-0.9000,2.6345,-15.4366,-1.4475,0.000,31.92,37.0,3,0
216095606,-0.063,5.482,0.0000,2.0409,15.2940,-1.5727,0.000,31.92,37.0,3,0
216096579,-0.011,5.592,0.9000,1.6564,15.4366,-9.2523,0.000,31.92,38.0,3,0
216097578,-0.011,5.592,0.0000,0.2220,0.0000,5.1675,0.000,31.92,37.0,3,0
216098917,-0.011,5.680,0.0000,1.5572,0.0000,7.3791,0.000,31.92,37.0,3,0
216099580,-0.063,5.834,-0.9000,2.5078,-15.4366,-1.3761,0.000,31.92,37.0,3,0
216100574,-0.063,5.944,0.0000,1.9387,15.2940,-1.6716,0.000,31.92,37.0,3,0
216101613,-0.011,6.032,0.9000,1.8013,15.4366,-9.2479,0.000,31.92,37.0,3,0
216102561,-0.011,6.032,0.0000,0.2724,0.0000,5.2158,0.000,31.92,37.0,3,0
216103867,-0.011,6.119,0.0000,1.4305,0.0000,7.5296,0.000,31.92,37.0,3,0
216105164,-0.063,6.361,-0.9000,1.9112,-15.4366,-1.6452,0.000,31.92,37.0,3,0
216105844,-0.063,6.427,0.0000,1.3924,15.2940,-9.2841,0.000,31.92,37.0,3,0
216106845,-0.011,6.427,0.9000,0.1900,15.4366,5.0664,0.000,31.92,37.0,3,0
216107915,-0.011,6.537,0.0000,1.3893,0.0000,7.2857,0.000,31.92,37.0,3,0
216109224,-0.011,6.647,0.0000,2.0073,0.0000,-1.3101,0.000,31.92,37.0,3,0
216109848,-0.063,6.735,-0.9000,1.6991,-15.4366,-1.7122,0.000,31.92,37.0,3,0
216110898,-0.063,6.823,0.0000,1.3283,15.2940,-9.8016,0.000,31.92,37.0,3,0
216112242,-0.011,6.823,0.9000,0.1457,15.4366,5.1565,0.000,31.92,37.0,3,0
216112563,-0.011,6.823,0.0000,0.2388,0.0000,7.8273,0.000,31.92,38.0,3,0
216113893,-0.011,6.911,0.0000,1.2047,0.0000,7.5406,0.000,31.92,38.0,3,0
216114604,-0.063,7.020,-0.9000,2.0897,-15.4366,-1.5057,0.000,31.92,37.0,3,0
216115603,-0.063,7.130,0.0000,1.7845,15.2940,-1.8089,0.000,31.92,37.0,3,0
216116582,-0.011,7.196,0.9000,1.2184,15.4366,-9.7093,0.000,31.92,37.0,3,0
216117637,-0.011,7.196,0.0000,0.2022,0.0000,4.9280,0.000,31.92,37.0,3,0
216118871,-0.011,7.262,0.0000,1.1238,0.0000,7.3560,0.000,31.92,37.0,3,0
216119841,-0.063,7.482,-0.9000,1.6426,-15.4366,-1.9276,0.000,31.92,37.0,3,0
216120847,-0.063,7.548,0.0000,1.1620,15.2940,-9.5907,0.000,31.92,37.0,3,0
216121845,-0.011,7.548,0.9000,0.1473,15.4366,4.8983,0.000,31.92,37.0,3,0
216122845,-0.011,7.636,0.0000,1.1116,0.0000,7.0429,0.000,31.92,37.0,3,0
216124234,-0.011,7.745,0.0000,2.1309,0.0000,-1.7628,0.000,31.92,37.0,3,0
216125222,-0.063,7.833,-0.9000,1.6106,-15.4366,-1.7694,0.000,31.92,37.0,3,0
216125904,-0.063,7.899,0.0000,1.0872,15.2940,-9.2764,0.000,31.92,38.0,3,0
216126902,-0.011,7.877,0.9000,-0.0755,15.4366,4.9379,0.000,31.92,38.0,3,0
216127919,-0.011,7.943,0.0000,0.8827,0.0000,7.3011,0.000,31.92,37.0,3,0
216129232,-0.011,8.075,0.0000,2.0714,0.0000,-1.3178,0.000,31.92,37.0,3,0
216129909,-0.063,8.163,-0.9000,1.5114,-15.4366,-1.6474,0.000,31.92,37.0,3,0
216130907,-0.063,8.207,0.0000,1.0353,15.2940,-9.4973,0.000,31.92,38.0,3,0
216132231,-0.011,8.163,0.9000,-0.4051,15.4366,5.0521,0.000,31.92,38.0,3,0
216132583,-0.011,8.185,0.0000,-0.0786,0.0000,7.7471,0.000,31.92,37.0,3,0
216133938,-0.011,8.251,0.0000,0.9972,0.0000,7.5560,0.000,31.92,37.0,3,0
216134570,-0.063,8.361,-0.9000,1.9295,-15.4366,-1.4365,0.000,31.64,37.0,3,0
216135570,-0.063,8.427,0.0000,1.4046,15.2940,-1.7243,0.000,31.64,37.0,3,0
216136548,-0.011,8.471,0.9000,1.1208,15.4366,-9.4621,0.000,31.64,37.0,3,0
216137608,-0.011,8.449,0.0000,-0.3670,0.0000,5.2049,0.000,31.64,37.0,3,0
216138892,-0.011,8.515,0.0000,0.9209,0.0000,7.1143,0.000,31.64,37.0,3,0
216139581,-0.063,8.624,-0.9000,1.7983,-15.4366,-1.4420,0.000,31.64,37.0,3,0
216140578,-0.063,8.690,0.0000,1.3436,15.2940,-1.6837,0.000,31.64,37.0,3,0
216141606,-0.011,8.734,0.9000,0.8583,15.4366,-9.4676,0.000,31.64,38.0,3,0
216142577,-0.011,8.690,0.0000,-0.3502,0.0000,5.3356,0.000,31.64,38.0,3,0
216143899,-0.011,8.756,0.0000,0.7179,0.0000,7.6823,0.000,31.64,37.0,3,0
216144593,-0.063,8.866,-0.9000,1.7632,-15.4366,-1.4771,0.000,31.71,37.0,3,0
216145589,-0.063,8.910,0.0000,1.2490,15.2940,-1.7090,0.000,31.71,37.0,3,0
216146551,-0.011,8.954,0.9000,0.7698,15.4366,-9.4204,0.000,31.71,37.0,3,0
216147597,-0.011,8.910,0.0000,-0.3853,0.0000,4.6072,0.000,31.71,37.0,3,0
216148892,-0.011,8.976,0.0000,0.7744,0.0000,7.2308,0.000,31.71,37.0,3,0
216149577,-0.063,9.086,-0.9000,1.6075,-15.4366,-1.3750,0.000,31.71,37.0,3,0
216150575,-0.063,9.130,0.0000,1.1070,15.2940,-1.7287,0.000,31.71,37.0,3,0
216151886,-0.011,9.152,0.9000,0.6371,15.4366,-9.5061,0.000,31.71,37.0,3,0
216152573,-0.011,9.130,0.0000,-0.5272,0.0000,5.1840,0.000,31.71,37.0,3,0
216153890,-0.011,9.130,0.0000,-0.4891,0.0000,6.6573,0.000,31.71,37.0,3,0
216154597,-0.063,9.262,-0.9000,1.4595,-15.4366,-1.5442,0.000,31.71,37.0,3,0
216155600,-0.063,9.328,0.0000,1.1070,15.2940,-1.8023,0.000,31.71,37.0,3,0
216156578,-0.011,9.350,0.9000,0.5882,15.4366,-9.3226,0.000,31.71,37.0,3,0
216157577,-0.011,9.306,0.0000,-0.5241,0.0000,5.0554,0.000,31.71,37.0,3,0
216158890,-0.011,9.350,0.0000,0.4967,0.0000,7.2066,0.000,31.71,38.0,3,0
216159577,-0.063,9.437,-0.9000,1.3375,-15.4366,-1.3541,0.000,31.71,38.0,3,0
216160576,-0.063,9.481,0.0000,0.9941,15.2940,-1.6090,0.000,31.71,37.0,3,0
216161573,-0.011,9.503,0.9000,0.5425,15.4366,-9.4764,0.000,31.71,37.0,3,0
216162570,-0.011,9.481,0.0000,-0.4814,0.0000,4.9302,0.000,31.71,37.0,3,0
216163867,-0.011,9.525,0.0000,0.4768,0.0000,7.1187,0.000,31.71,37.0,3,0
216164573,-0.063,9.613,-0.9000,1.3756,-15.4366,-1.2343,0.000,31.82,37.0,3,0
216165575,-0.063,9.657,0.0000,1.0719,15.2940,-1.8364,0.000,31.82,38.0,3,0
216166574,-0.011,9.679,0.9000,0.3334,15.4366,-9.7983,0.000,31.82,37.0,3,0
216167574,-0.011,9.635,0.0000,-0.5943,0.0000,5.2642,0.000,31.82,38.0,3,0
216168867,-0.011,9.657,0.0000,0.4280,0.0000,7.4813,0.000,31.82,37.0,3,0
216169668,-0.063,9.745,-0.9000,1.3497,-15.4366,-1.3486,0.000,31.82,37.0,3,0
216170634,-0.063,9.811,0.0000,0.8858,15.2940,-1.8056,0.000,31.82,38.0,3,0
216171868,-0.011,9.811,0.9000,0.4250,15.4366,-9.4193,0.000,31.82,37.0,3,0
216172545,-0.011,9.767,0.0000,-0.4067,0.0000,7.1659,0.000,31.82,37.0,3,0
216173866,-0.011,9.811,0.0000,0.3761,0.0000,7.3121,0.000,31.82,37.0,3,0
216174630,-0.063,9.877,-0.9000,1.2245,-15.4366,-1.4046,0.000,31.85,37.0,3,0
216175663,-0.063,9.921,0.0000,0.8370,15.2940,-1.6441,0.000,31.85,37.0,3,0
216176581,-0.011,9.943,0.9000,0.3090,15.4366,-9.5467,0.000,31.85,37.0,3,0
216177577,-0.011,9.899,0.0000,-0.5531,0.0000,5.0390,0.000,31.85,37.0,3,0
216178890,-0.011,9.921,0.0000,0.3593,0.0000,7.0715,0.000,31.85,37.0,3,0
216179577,-0.063,10.009,-0.9000,1.2825,-15.4366,-1.4859,0.000,31.85,37.0,3,0
216180606,-0.063,10.053,0.0000,0.9010,15.2940,-1.7518,0.000,31.85,37.0,3,0
216181573,-0.011,10.075,0.9000,0.3075,15.4366,-9.5830,0.000,31.85,37.0,3,0
216182606,-0.011,10.009,0.0000,-0.7164,0.0000,5.0379,0.000,31.85,37.0,3,0
216183886,-0.011,10.053,0.0000,0.2235,0.0000,7.3472,0.000,31.85,37.0,3,0
216184571,-0.063,10.119,-0.9000,1.1925,-15.4366,-1.6287,0.000,31.85,37.0,3,0
216185549,-0.063,10.163,0.0000,0.9407,15.2940,-1.9001,0.000,31.85,38.0,3,0
216186551,-0.011,10.184,0.9000,0.3609,15.4366,-9.4918,0.000,31.85,38.0,3,0
216187601,-0.011,10.141,0.0000,-0.7652,0.0000,5.1741,0.000,31.85,37.0,3,0
216188890,-0.011,10.163,0.0000,0.2007,0.0000,7.2780,0.000,31.85,38.0,3,0
216189577,-0.063,10.250,-0.9000,1.3283,-15.4366,-1.6364,0.000,31.85,37.0,3,0
216190604,-0.063,10.294,0.0000,0.8583,15.2940,-1.8287,0.000,31.85,37.0,3,0
216191893,-0.011,10.294,0.9000,0.3975,15.4366,-9.4687,0.000,31.85,37.0,3,0
216192579,-0.011,10.250,0.0000,-0.6844,0.0000,5.0291,0.000,31.85,37.0,3,0
216193891,-0.011,10.250,0.0000,-0.7149,0.0000,6.4551,0.000,31.85,37.0,3,0
216194602,-0.063,10.360,-0.9000,1.2932,-15.4366,-1.4563,0.000,31.89,37.0,3,0
216195629,-0.063,10.404,0.0000,0.7179,15.2940,-1.6870,0.000,31.89,37.0,3,0
216196588,-0.011,10.426,0.9000,0.3243,15.4366,-9.5478,0.000,31.89,37.0,3,0
216197551,-0.011,10.360,0.0000,-0.7805,0.0000,5.0016,0.000,31.89,37.0,3,0
216198862,-0.011,10.382,0.0000,0.2174,0.0000,7.2670,0.000,31.89,37.0,3,0
216199842,-0.063,10.492,-0.9000,0.6874,-15.4366,-1.7430,0.000,31.89,38.0,3,0
216200846,-0.063,10.514,0.0000,0.2571,15.2940,-9.4687,0.000,31.89,37.0,3,0
216201913,-0.011,10.448,0.9000,-0.8782,15.4366,5.4905,0.000,31.89,37.0,3,0
216202904,-0.011,10.470,0.0000,0.2541,0.0000,7.0934,0.000,31.89,37.0,3,0
216204229,-0.011,10.558,0.0000,1.2276,0.0000,-1.5244,0.000,31.89,37.0,3,0
216204892,-0.063,10.580,-0.9000,0.7469,-15.4366,-1.7694,0.000,31.89,37.0,3,0
216205917,-0.063,10.602,0.0000,0.3914,15.2940,-9.4314,0.000,31.89,37.0,3,0
216206907,-0.011,10.536,0.9000,-0.9957,15.4366,5.0939,0.000,31.89,37.0,3,0
216207908,-0.011,10.558,0.0000,0.2327,0.0000,7.4758,0.000,31.89,37.0,3,0
216209230,-0.011,10.624,0.0000,1.1345,0.0000,-1.5540,0.000,31.89,37.0,3,0
216209907,-0.063,10.668,-0.9000,0.7668,-15.4366,-1.8320,0.000,31.89,37.0,3,0
216210904,-0.063,10.668,0.0000,0.2220,15.2940,-9.2929,0.000,31.89,37.0,3,0
216212250,-0.011,10.602,0.9000,-1.0399,15.4366,5.0884,0.000,31.89,37.0,3,0
216212547,-0.011,10.602,0.0000,-0.8751,0.0000,7.7933,0.000,31.89,38.0,3,0
216213866,-0.011,10.624,0.0000,0.1717,0.0000,7.6757,0.000,31.89,37.0,3,0
216214836,-0.063,10.734,-0.9000,0.6477,-15.4366,-1.7892,0.000,31.89,37.0,3,0
216216164,-0.063,10.734,0.0000,0.1946,15.2940,-9.3127,0.000,31.89,38.0,3,0
216217164,-0.011,10.668,0.9000,-1.0826,15.4366,5.0543,0.000,31.89,37.0,3,0
216217840,-0.011,10.712,0.0000,0.2449,0.0000,7.3472,0.000,31.89,37.0,3,0
216219235,-0.011,10.778,0.0000,1.1238,0.0000,-1.7155,0.000,31.89,37.0,3,0
216219899,-0.063,10.800,-0.9000,0.5653,-15.4366,-1.6441,0.000,31.89,37.0,3,0
216220904,-0.063,10.800,0.0000,0.2846,15.2940,-9.3050,0.000,31.89,38.0,3,0
216221909,-0.011,10.734,0.9000,-1.0262,15.4366,4.9840,0.000,31.89,37.0,3,0
216222910,-0.011,10.756,0.0000,0.1213,0.0000,7.2791,0.000,31.89,37.0,3,0
216224228,-0.011,10.822,0.0000,1.0399,0.0000,-1.4156,0.000,31.89,37.0,3,0
216224894,-0.063,10.844,-0.9000,0.5974,-15.4366,-1.6452,0.000,31.89,37.0,3,0
216225906,-0.063,10.844,0.0000,0.2052,15.2940,-9.3468,0.000,31.89,38.0,3,0
216227232,-0.011,10.778,0.9000,-1.1330,15.4366,4.9577,0.000,31.89,37.0,3,0
216227925,-0.011,10.800,0.0000,0.1244,0.0000,7.1978,0.000,31.89,38.0,3,0
216229172,-0.011,10.866,0.0000,1.0155,0.0000,-1.1344,0.000,31.89,37.0,3,0
216229839,-0.063,10.888,-0.9000,0.5486,-15.4366,-1.6562,0.000,31.89,38.0,3,0
216230840,-0.063,10.888,0.0000,0.1411,15.2940,-9.3984,0.000,31.89,37.0,3,0
216232234,-0.011,10.822,0.9000,-1.1574,15.4366,5.5421,0.000,31.89,37.0,3,0
216232575,-0.011,10.800,0.0000,-0.9361,0.0000,7.6373,0.000,31.89,38.0,3,0
216233891,-0.011,10.844,0.0000,0.2007,0.0000,7.0506,0.000,31.89,38.0,3,0
216234599,-0.063,10.910,-0.9000,1.0460,-15.4366,-1.3651,0.000,31.78,37.0,3,0
216235598,-0.063,10.932,0.0000,0.5638,15.2940,-1.6309,0.000,31.78,37.0,3,0
216236577,-0.011,10.932,0.9000,0.1350,15.4366,-9.3929,0.000,31.78,38.0,3,0
216237578,-0.011,10.866,0.0000,-1.2078,0.0000,4.9599,0.000,31.78,37.0,3,0
216238892,-0.011,10.866,0.0000,0.0969,0.0000,7.2187,0.000,31.78,37.0,3,0
216239577,-0.063,10.954,-0.9000,1.1070,-15.4366,-1.3310,0.000,31.78,37.0,3,0
216240577,-0.063,10.954,0.0000,0.3731,15.2940,-1.6397,0.000,31.78,37.0,3,0
216241573,-0.011,10.976,0.9000,0.2449,15.4366,-9.3819,0.000,31.78,38.0,3,0
216242574,-0.011,10.888,0.0000,-1.2871,0.0000,4.9632,0.000,31.78,37.0,3,0
216243892,-0.011,10.910,0.0000,0.0282,0.0000,7.2835,0.000,31.78,37.0,3,0
216244599,-0.063,10.976,-0.9000,1.0018,-15.4366,-1.4222,0.000,31.75,38.0,3,0
216245576,-0.063,10.997,0.0000,0.5455,15.2940,-1.6452,0.000,31.75,37.0,3,0
216246586,-0.011,10.997,0.9000,0.1518,15.4366,-9.3885,0.000,31.75,38.0,3,0
216247545,-0.011,10.910,0.0000,-1.2734,0.0000,5.0477,0.000,31.75,38.0,3,0
216248873,-0.011,10.932,0.0000,-0.1305,0.0000,7.4571,0.000,31.75,37.0,3,0
216249575,-0.063,10.997,-0.9000,0.9712,-15.4366,-1.5540,0.000,31.75,37.0,3,0
216250574,-0.063,10.997,0.0000,0.3609,15.2940,-1.6013,0.000,31.75,37.0,3,0
216251880,-0.011,11.019,0.9000,0.1579,15.4366,-9.3017,0.000,31.75,37.0,3,0
216252576,-0.011,10.910,0.0000,-1.3909,0.0000,4.9928,0.000,31.75,37.0,3,0
216253865,-0.011,10.910,0.0000,-1.3680,0.0000,6.4277,0.000,31.75,37.0,3,0
216254666,-0.063,10.997,-0.9000,0.8980,-15.4366,-1.1596,0.000,31.75,37.0,3,0
216255957,-0.063,11.019,0.0000,0.5455,15.2940,-1.5705,0.000,31.75,38.0,3,0
216257196,-0.011,10.932,0.9000,-1.2901,15.4366,4.3226,0.000,30.52,37.0,3,0
216257883,-0.011,10.954,0.0000,-0.0908,0.0000,7.5164,0.000,30.52,38.0,3,0
216259166,-0.011,10.997,0.0000,0.8949,0.0000,-1.3530,0.000,30.52,38.0,3,0
216259840,-0.063,11.019,-0.9000,0.3517,-15.4366,-1.6903,0.000,30.52,37.0,3,0
216260840,-0.063,11.019,0.0000,0.1320,15.2940,-9.2874,0.000,30.52,37.0,3,0
216261915,-0.011,10.932,0.9000,-1.3970,15.4366,5.6300,0.000,30.52,37.0,3,0
216262901,-0.011,10.954,0.0000,0.0450,0.0000,7.2791,0.000,30.52,37.0,3,0
216264296,-0.011,11.019,0.0000,1.0185,0.0000,-1.3969,0.000,30.52,37.0,3,0
216264901,-0.063,11.041,-0.9000,0.4143,-15.4366,-1.7046,0.000,30.52,37.0,3,0
216265901,-0.063,11.019,0.0000,0.1137,15.2940,-9.2973,0.000,30.52,37.0,3,0
216267227,-0.011,10.932,0.9000,-1.3802,15.4366,5.1159,0.000,30.52,38.0,3,0
216267901,-0.011,10.954,0.0000,0.0771,0.0000,7.4285,0.000,30.52,38.0,3,0
216269228,-0.011,11.019,0.0000,1.0231,0.0000,-1.3903,0.000,30.52,37.0,3,0
216269902,-0.063,11.041,-0.9000,0.3456,-15.4366,-1.6881,0.000,30.52,37.0,3,0
216270911,-0.063,11.019,0.0000,-0.0008,15.2940,-9.2929,0.000,30.52,38.0,3,0
216272232,-0.011,10.954,0.9000,-1.4626,15.4366,5.0895,0.000,30.52,37.0,3,0
216272577,-0.011,10.932,0.0000,-1.1498,0.0000,7.6933,0.000,30.52,37.0,3,0
216273887,-0.011,10.954,0.0000,-0.0008,0.0000,7.4461,0.000,30.52,38.0,3,0
216274579,-0.063,11.019,-0.9000,0.9148,-15.4366,-1.3783,0.000,30.52,38.0,3,0
216275930,-0.063,11.041,0.0000,0.5318,15.2940,-1.6485,0.000,30.52,38.0,3,0
216276550,-0.011,11.041,0.9000,0.0481,15.4366,-9.3610,0.000,30.52,37.0,3,0
216277551,-0.011,10.954,0.0000,-1.3771,0.0000,4.5083,0.000,30.52,38.0,3,0
216278860,-0.011,10.954,0.0000,-0.0572,0.0000,7.6395,0.000,30.52,38.0,3,0
216279548,-0.063,11.019,-0.9000,0.9621,-15.4366,-1.3497,0.000,30.52,38.0,3,0
216280605,-0.063,11.019,0.0000,0.3471,15.2940,-1.6617,0.000,30.52,37.0,3,0
216281574,-0.011,11.019,0.9000,0.0816,15.4366,-9.5599,0.000,30.52,37.0,3,0
216282600,-0.011,10.932,0.0000,-1.5145,0.0000,5.2400,0.000,30.52,37.0,3,0
216283895,-0.011,10.932,0.0000,-0.0542,0.0000,7.5384,0.000,30.52,37.0,3,0
216284580,-0.063,10.997,-0.9000,0.8019,-15.4366,-1.3640,0.000,30.52,37.0,3,0
216285581,-0.063,11.019,0.0000,0.3883,15.2940,-1.6496,0.000,30.52,38.0,3,0
216286575,-0.011,11.019,0.9000,0.0999,15.4366,-9.2094,0.000,30.52,37.0,3,0
216287615,-0.011,10.910,0.0000,-1.3527,0.0000,5.0455,0.000,30.52,38.0,3,0
216288919,-0.011,10.932,0.0000,-0.1259,0.0000,7.4538,0.000,30.52,37.0,3,0
216289549,-0.063,10.976,-0.9000,0.9224,-15.4366,-1.3475,0.000,30.52,38.0,3,0
216290550,-0.063,10.997,0.0000,0.3731,15.2940,-1.6705,0.000,30.52,37.0,3,0
216291860,-0.011,10.997,0.9000,-0.0221,15.4366,-9.2874,0.000,30.52,38.0,3,0
216292545,-0.011,10.910,0.0000,-1.1528,0.0000,7.4648,0.000,30.52,37.0,3,0
216293923,-0.011,10.910,0.0000,-0.1366,0.0000,7.3868,0.000,30.52,38.0,3,0
216294579,-0.063,10.976,-0.9000,0.9178,-15.4366,-1.5123,0.000,30.52,37.0,3,0
216295923,-0.063,10.997,0.0000,0.3944,15.2940,-1.5376,0.000,30.52,38.0,3,0
216296581,-0.011,10.976,0.9000,-0.0710,15.4366,-9.2303,0.000,30.52,38.0,3,0
216297584,-0.011,10.888,0.0000,-1.4717,0.0000,4.9840,0.000,30.52,37.0,3,0
216298900,-0.011,10.910,0.0000,0.1320,0.0000,7.3989,0.000,30.52,37.0,3,0
216299627,-0.063,10.976,-0.9000,0.8309,-15.4366,-1.3354,0.000,30.52,37.0,3,0
216300553,-0.063,10.976,0.0000,0.3655,15.2940,-1.6123,0.000,30.52,37.0,3,0
216301552,-0.011,10.997,0.9000,0.1289,15.4366,-8.9754,0.000,30.52,37.0,3,0
216302605,-0.011,10.910,0.0000,-1.2764,0.0000,4.8873,0.000,30.52,38.0,3,0
216303897,-0.011,10.910,0.0000,0.1534,0.0000,7.2319,0.000,30.52,38.0,3,0
216304601,-0.063,10.997,-0.9000,1.1101,-15.4366,-1.3859,0.000,31.89,38.0,3,0
216305575,-0.063,10.997,0.0000,0.5333,15.2940,-1.6969,0.000,31.89,38.0,3,0
216306579,-0.011,10.997,0.9000,0.1442,15.4366,-9.2874,0.000,31.89,37.0,3,0
216307574,-0.011,10.910,0.0000,-1.2413,0.0000,4.9972,0.000,31.89,38.0,3,0
216308893,-0.011,10.932,0.0000,0.0084,0.0000,7.4296,0.000,31.89,38.0,3,0
216309574,-0.063,10.997,-0.9000,0.9957,-15.4366,-1.4079,0.000,31.89,38.0,3,0
216310578,-0.063,11.019,0.0000,0.5180,15.2940,-1.6408,0.000,31.89,38.0,3,0
216311885,-0.011,11.019,0.9000,0.0450,15.4366,-9.3512,0.000,31.89,37.0,3,0
216312575,-0.011,10.932,0.0000,-1.2459,0.0000,5.0346,0.000,31.89,38.0,3,0
216313891,-0.011,10.932,0.0000,-1.2154,0.0000,6.4815,0.000,31.89,37.0,3,0
216314600,-0.063,10.997,-0.9000,1.0018,-15.4366,-1.3848,0.000,31.89,37.0,3,0
216315600,-0.063,11.019,0.0000,0.4814,15.2940,-1.6617,0.000,31.89,37.0,3,0
216316584,-0.011,11.019,0.9000,0.0359,15.4366,-9.2457,0.000,31.89,38.0,3,0
216317552,-0.011,10.932,0.0000,-1.2901,0.0000,4.9807,0.000,31.89,38.0,3,0
216318867,-0.011,10.954,0.0000,0.0847,0.0000,7.4274,0.000,31.89,38.0,3,0
216319571,-0.063,11.019,-0.9000,0.9392,-15.4366,-1.3640,0.000,31.89,38.0,3,0
216320575,-0.063,11.019,0.0000,0.4677,15.2940,-1.5837,0.000,31.89,38.0,3,0
216321570,-0.011,11.019,0.9000,0.0435,15.4366,-9.2468,0.000,31.89,38.0,3,0
216322575,-0.011,10.932,0.0000,-1.3207,0.0000,5.0346,0.000,31.89,38.0,3,0
216323871,-0.011,10.954,0.0000,-0.0740,0.0000,7.5010,0.000,31.89,38.0,3,0
216324692,-0.063,10.997,-0.9000,1.0231,-15.4366,-1.3870,0.000,31.89,38.0,3,0
216325631,-0.063,11.019,0.0000,0.3883,15.2940,-1.5837,0.000,31.89,38.0,3,0
216326552,-0.011,11.019,0.9000,0.0069,15.4366,-8.9425,0.000,31.89,38.0,3,0
216327545,-0.011,10.932,0.0000,-1.3039,0.0000,4.3259,0.000,31.89,38.0,3,0
216328921,-0.011,10.954,0.0000,-0.1106,0.0000,7.5219,0.000,31.89,38.0,3,0
216329583,-0.063,10.997,-0.9000,0.8782,-15.4366,-1.5452,0.000,31.89,37.0,3,0
216330646,-0.063,11.019,0.0000,0.3914,15.2940,-1.5617,0.000,31.89,38.0,3,0
216331893,-0.011,11.019,0.9000,-0.0603,15.4366,-9.6071,0.000,31.89,38.0,3,0
216332575,-0.011,10.932,0.0000,-1.4488,0.0000,4.5599,0.000,31.89,37.0,3,0
216333892,-0.011,10.910,0.0000,-1.4611,0.0000,6.2013,0.000,31.89,37.0,3,0
216334580,-0.063,10.976,-0.9000,0.8476,-15.4366,-1.2574,0.000,31.89,38.0,3,0
216335923,-0.063,10.997,0.0000,0.2968,15.2940,-1.6002,0.000,31.89,38.0,3,0
216336581,-0.011,10.997,0.9000,-0.0633,15.4366,-9.2589,0.000,31.89,38.0,3,0
216337581,-0.011,10.888,0.0000,-1.3252,0.0000,5.0598,0.000,31.89,38.0,3,0
216338931,-0.011,10.910,0.0000,-0.1915,0.0000,7.4000,0.000,31.89,38.0,3,0
216339885,-0.063,10.976,-0.9000,0.4555,-15.4366,-1.6727,0.000,31.89,38.0,3,0
216340845,-0.063,10.976,0.0000,0.0160,15.2940,-9.2567,0.000,31.89,38.0,3,0
216341838,-0.011,10.888,0.9000,-1.4870,15.4366,5.0829,0.000,31.89,38.0,3,0
216342880,-0.011,10.888,0.0000,-0.0435,0.0000,7.3692,0.000,31.89,37.0,3,0
216344193,-0.011,10.954,0.0000,0.8141,0.0000,-1.3519,0.000,31.89,37.0,3,0
216344876,-0.063,10.976,-0.9000,0.4601,-15.4366,-1.5837,0.000,31.89,37.0,3,0
216345911,-0.063,10.954,0.0000,0.1030,15.2940,-9.5610,0.000,31.89,38.0,3,0
216347220,-0.011,10.866,0.9000,-1.4763,15.4366,5.1576,0.000,31.89,38.0,3,0
216347892,-0.011,10.866,0.0000,-0.1518,0.0000,7.4131,0.000,31.89,38.0,3,0
216349224,-0.011,10.932,0.0000,0.9133,0.0000,-1.3453,0.000,31.89,38.0,3,0
216349910,-0.063,10.954,-0.9000,0.4616,-15.4366,-1.5705,0.000,31.89,38.0,3,0
216350903,-0.063,10.954,0.0000,-0.0603,15.2940,-9.2863,0.000,31.89,38.0,3,0
216352225,-0.011,10.866,0.9000,-1.3252,15.4366,5.0686,0.000,31.89,38.0,3,0
216352563,-0.011,10.866,0.0000,-1.1070,0.0000,7.5713,0.000,31.89,38.0,3,0
216353897,-0.011,10.888,0.0000,-0.0511,0.0000,7.2791,0.000,31.89,38.0,3,0
216354584,-0.063,10.932,-0.9000,0.9850,-15.4366,-1.3156,0.000,31.89,38.0,3,0
216355897,-0.063,10.954,0.0000,0.4311,15.2940,-1.6211,0.000,31.89,37.0,3,0
216356574,-0.011,10.954,0.9000,0.0633,15.4366,-9.3391,0.000,31.89,38.0,3,0
216357633,-0.011,10.866,0.0000,-1.3970,0.0000,5.0774,0.000,31.89,37.0,3,0
216358866,-0.011,10.866,0.0000,-0.1060,0.0000,7.2648,0.000,31.89,38.0,3,0
216359547,-0.063,10.932,-0.9000,0.9834,-15.4366,-1.3431,0.000,31.89,38.0,3,0
216360550,-0.063,10.954,0.0000,0.4707,15.2940,-1.6628,0.000,31.89,38.0,3,0
216361604,-0.011,10.954,0.9000,0.1488,15.4366,-9.3160,0.000,31.89,38.0,3,0
216362578,-0.011,10.866,0.0000,-1.2551,0.0000,5.6092,0.000,31.89,38.0,3,0
216363892,-0.011,10.888,0.0000,0.1137,0.0000,7.0912,0.000,31.89,38.0,3,0
216364580,-0.063,10.932,-0.9000,0.9453,-15.4366,-1.3090,0.000,31.89,38.0,3,0
216365608,-0.063,10.954,0.0000,0.5119,15.2940,-1.6101,0.000,31.89,38.0,3,0
216366578,-0.011,10.954,0.9000,0.0557,15.4366,-9.3380,0.000,31.89,38.0,3,0
216367581,-0.011,10.888,0.0000,-1.2047,0.0000,5.0148,0.000,31.89,38.0,3,0
216368903,-0.011,10.888,0.0000,-0.1350,0.0000,7.2670,0.000,31.89,38.0,3,0
216369551,-0.063,10.954,-0.9000,1.1040,-15.4366,-1.3728,0.000,31.89,37.0,3,0
216370550,-0.063,10.976,0.0000,0.5150,15.2940,-1.7133,0.000,31.89,38.0,3,0
216371916,-0.011,10.976,0.9000,0.1289,15.4366,-9.3643,0.000,31.89,38.0,3,0
216372575,-0.011,10.888,0.0000,-1.3054,0.0000,5.5421,0.000,31.89,38.0,3,0
216373888,-0.011,10.888,0.0000,-1.2383,0.0000,6.7682,0.000,31.89,38.0,3,0
216374599,-0.063,10.976,-0.9000,1.1192,-15.4366,-1.4013,0.000,31.85,38.0,3,0
216375600,-0.063,10.997,0.0000,0.4677,15.2940,-1.6716,0.000,31.85,38.0,3,0
216376578,-0.011,10.997,0.9000,0.1473,15.4366,-9.2710,0.000,31.85,38.0,3,0
216377578,-0.011,10.910,0.0000,-1.3451,0.0000,5.0412,0.000,31.85,38.0,3,0
216378890,-0.011,10.932,0.0000,-0.0679,0.0000,7.3351,0.000,31.85,38.0,3,0
216379577,-0.063,10.997,-0.9000,1.0887,-15.4366,-1.4068,0.000,31.85,38.0,3,0
216380577,-0.063,11.019,0.0000,0.3777,15.2940,-1.7046,0.000,31.85,38.0,3,0
216381573,-0.011,11.019,0.9000,0.1411,15.4366,-9.2918,0.000,31.85,38.0,3,0
216382573,-0.011,10.932,0.0000,-1.3603,0.0000,5.0807,0.000,31.85,38.0,3,0
216383890,-0.011,10.954,0.0000,0.0450,0.0000,7.3703,0.000,31.85,38.0,3,0
216384599,-0.063,11.019,-0.9000,1.0140,-15.4366,-1.4112,0.000,31.85,38.0,3,0
216385579,-0.063,11.019,0.0000,0.4601,15.2940,-1.6562,0.000,31.85,38.0,3,0
216386585,-0.011,11.019,0.9000,0.2174,15.4366,-9.3204,0.000,31.85,38.0,3,0
216387547,-0.011,10.932,0.0000,-1.3451,0.0000,5.0884,0.000,31.85,38.0,3,0
216388875,-0.011,10.954,0.0000,-0.1305,0.0000,7.4483,0.000,31.85,38.0,3,0
216389575,-0.063,11.019,-0.9000,0.9697,-15.4366,-1.4244,0.000,31.85,38.0,3,0
216390574,-0.063,11.041,0.0000,0.3822,15.2940,-1.6936,0.000,31.85,38.0,3,0
216391880,-0.011,11.041,0.9000,0.0465,15.4366,-9.3588,0.000,31.85,38.0,3,0
216392574,-0.011,10.954,0.0000,-1.3146,0.0000,5.1159,0.000,31.85,38.0,3,0
216393866,-0.011,10.932,0.0000,-1.2673,0.0000,6.5441,0.000,31.85,38.0,3,0
216394664,-0.063,11.019,-0.9000,0.9422,-15.4366,-1.4035,0.000,31.85,38.0,3,0
216395955,-0.063,11.041,0.0000,0.4341,15.2940,-1.6342,0.000,31.85,38.0,3,0
216396555,-0.011,11.041,0.9000,0.0404,15.4366,-9.3621,0.000,31.85,38.0,3,0
216397551,-0.011,10.954,0.0000,-1.3817,0.0000,4.9522,0.000,31.85,38.0,3,0
216398860,-0.011,10.976,0.0000,0.1091,0.0000,7.4000,0.000,31.85,38.0,3,0
216399548,-0.063,11.041,-0.9000,1.0857,-15.4366,-1.3728,0.000,31.85,38.0,3,0
216400606,-0.063,11.063,0.0000,0.5333,15.2940,-1.7694,0.000,31.85,38.0,3,0
216401577,-0.011,11.041,0.9000,0.0252,15.4366,-9.6005,0.000,31.85,38.0,3,0
216402598,-0.011,10.954,0.0000,-1.4443,0.0000,5.1642,0.000,31.85,38.0,3,0
216403894,-0.011,10.976,0.0000,-0.1228,0.0000,7.6032,0.000,31.85,38.0,3,0
216404584,-0.063,11.019,-0.9000,0.9728,-15.4366,-1.4002,0.000,31.85,38.0,3,0
216405582,-0.063,11.041,0.0000,0.4845,15.2940,-1.6244,0.000,31.85,38.0,3,0
216406579,-0.011,11.041,0.9000,0.0557,15.4366,-9.3138,0.000,31.85,38.0,3,0
216407575,-0.011,10.954,0.0000,-1.3787,0.0000,5.0455,0.000,31.85,38.0,3,0
216408955,-0.011,10.976,0.0000,-0.1122,0.0000,7.5417,0.000,31.85,38.0,3,0
216409555,-0.063,11.019,-0.9000,0.8980,-15.4366,-1.6002,0.000,31.85,38.0,3,0
216410550,-0.063,11.041,0.0000,0.4204,15.2940,-1.7013,0.000,31.85,38.0,3,0
216411924,-0.011,11.041,0.9000,-0.0572,15.4366,-9.5445,0.000,31.85,38.0,3,0
216412577,-0.011,10.954,0.0000,-1.3237,0.0000,5.6201,0.000,31.85,38.0,3,0
216413889,-0.011,10.954,0.0000,-1.2306,0.0000,6.8737,0.000,31.85,38.0,3,0
216414580,-0.063,11.019,-0.9000,0.9102,-15.4366,-1.3728,0.000,31.85,38.0,3,0
216415894,-0.063,11.041,0.0000,0.4524,15.2940,-1.6507,0.000,31.85,38.0,3,0
216416578,-0.011,11.041,0.9000,0.1549,15.4366,-9.3215,0.000,31.85,38.0,3,0
216417580,-0.011,10.954,0.0000,-1.4351,0.0000,5.0554,0.000,31.85,38.0,3,0
216418889,-0.011,10.954,0.0000,-0.1259,0.0000,7.5164,0.000,31.85,38.0,3,0
216419580,-0.063,11.019,-0.9000,0.9255,-15.4366,-1.4200,0.000,31.85,38.0,3,0
216420576,-0.063,11.041,0.0000,0.5104,15.2940,-1.6628,0.000,31.85,38.0,3,0
216421574,-0.011,11.041,0.9000,-0.0984,15.4366,-9.3566,0.000,31.85,38.0,3,0
216422576,-0.011,10.954,0.0000,-1.3207,0.0000,5.0379,0.000,31.85,38.0,3,0
216423891,-0.011,10.976,0.0000,-0.1457,0.0000,7.5263,0.000,31.85,38.0,3,0
216424580,-0.063,11.041,-0.9000,0.9621,-15.4366,-1.3881,0.000,31.85,38.0,3,0
216425578,-0.063,11.041,0.0000,0.3777,15.2940,-1.7122,0.000,31.85,38.0,3,0
216426581,-0.011,11.041,0.9000,0.0038,15.4366,-9.2973,0.000,31.85,38.0,3,0
216427547,-0.011,10.954,0.0000,-1.3680,0.0000,5.0741,0.000,31.85,38.0,3,0
216428870,-0.011,10.976,0.0000,0.0206,0.0000,7.4867,0.000,31.85,38.0,3,0
216429575,-0.063,11.041,-0.9000,0.9880,-15.4366,-1.3640,0.000,31.85,38.0,3,0
216430574,-0.063,11.041,0.0000,0.3929,15.2940,-1.7024,0.000,31.85,38.0,3,0
216431879,-0.011,11.041,0.9000,-0.0511,15.4366,-9.3138,0.000,31.85,38.0,3,0
216432576,-0.011,10.954,0.0000,-1.3298,0.0000,5.0741,0.000,31.85,38.0,3,0
216433864,-0.011,10.954,0.0000,-1.3848,0.0000,6.5232,0.000,31.85,38.0,3,0
216434669,-0.063,11.041,-0.9000,0.9819,-15.4366,-1.3607,0.000,31.85,38.0,3,0
216435905,-0.063,11.041,0.0000,0.4006,15.2940,-1.6430,0.000,31.85,38.0,3,0
216436552,-0.011,11.041,0.9000,0.0877,15.4366,-8.9622,0.000,31.85,38.0,3,0
216437560,-0.011,10.954,0.0000,-1.2978,0.0000,4.9763,0.000,31.85,38.0,3,0
216438859,-0.011,10.976,0.0000,0.0679,0.0000,7.4659,0.000,31.85,38.0,3,0
216439595,-0.063,11.041,-0.9000,1.0384,-15.4366,-1.4431,0.000,31.85,38.0,3,0
216440552,-0.063,11.063,0.0000,0.4234,15.2940,-1.7013,0.000,31.85,38.0,3,0
216441556,-0.011,11.063,0.9000,-0.0313,15.4366,-9.2984,0.000,31.85,38.0,3,0
216442546,-0.011,10.976,0.0000,-1.2978,0.0000,5.1411,0.000,31.85,38.0,3,0
216443911,-0.011,10.976,0.0000,-0.0587,0.0000,7.4867,0.000,31.85,38.0,3,0
216444550,-0.063,11.041,-0.9000,0.9789,-15.4366,-1.4585,0.000,31.85,38.0,3,0
216445668,-0.063,11.063,0.0000,0.4677,15.2940,-1.6936,0.000,31.85,38.0,3,0
216446550,-0.011,11.063,0.9000,-0.0801,15.4366,-9.8631,0.000,31.85,38.0,3,0
216447545,-0.011,10.976,0.0000,-1.5160,0.0000,4.6973,0.000,31.85,38.0,3,0
216448868,-0.011,10.954,0.0000,-0.2937,0.0000,7.7834,0.000,31.85,38.0,3,0
216449548,-0.063,11.019,-0.9000,0.8583,-15.4366,-1.2970,0.000,31.85,38.0,3,0
216450606,-0.063,11.019,0.0000,0.3548,15.2940,-1.7166,0.000,31.85,38.0,3,0
216451894,-0.011,11.019,0.9000,0.0053,15.4366,-9.5632,0.000,31.85,38.0,3,0
216452584,-0.011,10.910,0.0000,-1.6487,0.0000,5.1763,0.000,31.85,38.0,3,0
216453916,-0.011,10.910,0.0000,-1.6045,0.0000,6.6298,0.000,31.85,38.0,3,0
216454580,-0.063,10.997,-0.9000,0.8293,-15.4366,-1.3870,0.000,31.85,38.0,3,0
216455897,-0.063,10.997,0.0000,0.2693,15.2940,-1.6364,0.000,31.85,38.0,3,0
216456585,-0.011,10.997,0.9000,-0.0572,15.4366,-9.2600,0.000,31.85,38.0,3,0
216457581,-0.011,10.910,0.0000,-1.4672,0.0000,5.1115,0.000,31.85,38.0,3,0
216458941,-0.011,10.910,0.0000,-0.1915,0.0000,7.4307,0.000,31.85,38.0,3,0
216459582,-0.063,10.976,-0.9000,0.8431,-15.4366,-1.3475,0.000,31.85,38.0,3,0
216460552,-0.063,10.976,0.0000,0.3258,15.2940,-1.5936,0.000,31.85,38.0,3,0
216461593,-0.011,10.976,0.9000,0.1045,15.4366,-9.2973,0.000,31.85,38.0,3,0
216462574,-0.011,10.888,0.0000,-1.4992,0.0000,5.0554,0.000,31.85,38.0,3,0
216463886,-0.011,10.910,0.0000,-0.1259,0.0000,7.4318,0.000,31.85,38.0,3,0
216464574,-0.063,10.954,-0.9000,0.8705,-15.4366,-1.3640,0.000,31.85,38.0,3,0
216465576,-0.063,10.976,0.0000,0.3410,15.2940,-1.5705,0.000,31.85,38.0,3,0
216466568,-0.011,10.976,0.9000,0.1030,15.4366,-9.3632,0.000,31.85,38.0,3,0
216467572,-0.011,10.888,0.0000,-1.4534,0.0000,5.0785,0.000,31.85,38.0,3,0
216468891,-0.011,10.888,0.0000,0.0572,0.0000,7.3439,0.000,31.85,38.0,3,0
216469571,-0.063,10.954,-0.9000,0.9270,-15.4366,-1.3354,0.000,31.85,38.0,3,0
216470575,-0.063,10.976,0.0000,0.5211,15.2940,-1.6046,0.000,31.85,38.0,3,0
216471883,-0.011,10.976,0.9000,0.0450,15.4366,-9.3457,0.000,31.85,38.0,3,0
216472569,-0.011,10.888,0.0000,-1.3863,0.0000,5.0455,0.000,31.85,38.0,3,0
216473891,-0.011,10.866,0.0000,-1.3344,0.0000,6.4551,0.000,31.85,38.0,3,0
216474574,-0.063,10.954,-0.9000,0.9957,-15.4366,-1.3827,0.000,31.85,38.0,3,0
216475893,-0.063,10.976,0.0000,0.4051,15.2940,-1.6178,0.000,31.85,38.0,3,0
216476571,-0.011,10.976,0.9000,0.0175,15.4366,-9.3336,0.000,31.85,38.0,3,0
216477552,-0.011,10.888,0.0000,-1.2657,0.0000,5.0302,0.000,31.85,38.0,3,0
216478884,-0.011,10.888,0.0000,-0.0847,0.0000,7.3439,0.000,31.85,38.0,3,0
216479568,-0.063,10.954,-0.9000,1.0109,-15.4366,-1.3574,0.000,31.85,38.0,3,0
216480572,-0.063,10.976,0.0000,0.4570,15.2940,-1.6309,0.000,31.85,38.0,3,0
216481450,-0.011,10.976,0.9000,0.0633,15.4366,-9.3556,0.000,31.85,38.0,3,0
216482547,-0.011,10.910,0.0000,-1.2245,0.0000,3.1284,0.000,31.85,38.0,3,0
216483867,-0.011,10.910,0.0000,-0.0435,0.0000,7.3582,0.000,31.85,38.0,3,0
216484694,-0.063,10.976,-0.9000,1.0140,-15.4366,-1.4255,0.000,31.82,38.0,3,0
216485586,-0.063,10.997,0.0000,0.4829,15.2940,-1.5639,0.000,31.82,38.0,3,0
216486551,-0.011,10.976,0.9000,0.0343,15.4366,-9.0128,0.000,31.82,38.0,3,0
216487557,-0.011,10.910,0.0000,-1.2947,0.0000,4.9555,0.000,31.82,38.0,3,0
216488867,-0.011,10.932,0.0000,0.0252,0.0000,7.2736,0.000,31.82,38.0,3,0
216489596,-0.063,10.997,-0.9000,1.0506,-15.4366,-1.3541,0.000,31.82,38.0,3,0
216490550,-0.063,10.997,0.0000,0.5257,15.2940,-1.7276,0.000,31.82,38.0,3,0
216491876,-0.011,10.997,0.9000,0.0664,15.4366,-9.3160,0.000,31.82,38.0,3,0
216492548,-0.011,10.910,0.0000,-1.3252,0.0000,5.0598,0.000,31.82,38.0,3,0
216493908,-0.011,10.932,0.0000,-1.2749,0.0000,6.4760,0.000,31.82,38.0,3,0
216494548,-0.063,10.997,-0.9000,0.9285,-15.4366,-1.3783,0.000,31.82,38.0,3,0
216495985,-0.063,11.041,0.0000,0.5730,15.2940,-1.6716,0.000,31.82,38.0,3,0
216496554,-0.011,11.019,0.9000,-0.0832,15.4366,-9.6961,0.000,31.82,38.0,3,0
216497551,-0.011,10.932,0.0000,-1.3924,0.0000,4.6478,0.000,31.82,38.0,3,0
216498860,-0.011,10.932,0.0000,-0.1091,0.0000,7.6175,0.000,31.82,38.0,3,0
216499603,-0.063,10.997,-0.9000,0.9407,-15.4366,-1.3585,0.000,31.82,38.0,3,0
216500624,-0.063,10.997,0.0000,0.4204,15.2940,-1.6551,0.000,31.82,38.0,3,0
216501598,-0.011,10.997,0.9000,0.0664,15.4366,-9.2479,0.000,31.82,38.0,3,0
216502569,-0.011,10.910,0.0000,-1.3573,0.0000,4.9895,0.000,31.82,38.0,3,0
216503886,-0.011,10.932,0.0000,-0.0877,0.0000,7.4593,0.000,31.82,38.0,3,0
216504575,-0.063,10.976,-0.9000,0.8507,-15.4366,-1.3750,0.000,31.82,38.0,3,0
216505600,-0.063,10.997,0.0000,0.3975,15.2940,-1.6277,0.000,31.82,38.0,3,0
216506572,-0.011,10.997,0.9000,0.0023,15.4366,-9.2918,0.000,31.82,38.0,3,0
216507571,-0.011,10.910,0.0000,-1.4122,0.0000,5.0466,0.000,31.82,38.0,3,0
216508936,-0.011,10.910,0.0000,-0.1564,0.0000,7.3956,0.000,31.82,38.0,3,0
216509554,-0.063,10.976,-0.9000,0.9560,-15.4366,-1.3892,0.000,31.82,38.0,3,0
216510550,-0.063,10.997,0.0000,0.4234,15.2940,-1.6222,0.000,31.82,38.0,3,0
216511862,-0.011,10.997,0.9000,0.0618,15.4366,-9.2578,0.000,31.82,38.0,3,0
216512545,-0.011,10.910,0.0000,-1.3436,0.0000,5.0412,0.000,31.82,38.0,3,0
216513917,-0.011,10.910,0.0000,-1.2703,0.0000,6.4859,0.000,31.82,38.0,3,0
216514579,-0.063,10.976,-0.9000,0.9682,-15.4366,-1.3497,0.000,31.82,38.0,3,0
216515921,-0.063,10.997,0.0000,0.5791,15.2940,-1.6408,0.000,31.82,38.0,3,0
216516583,-0.011,10.997,0.9000,0.0679,15.4366,-9.3160,0.000,31.82,38.0,3,0
216517585,-0.011,10.910,0.0000,-1.3527,0.0000,5.0038,0.000,31.82,38.0,3,0
216518895,-0.011,10.910,0.0000,-0.0664,0.0000,7.4120,0.000,31.82,38.0,3,0
216519583,-0.063,10.976,-0.9000,1.0155,-15.4366,-1.3706,0.000,31.82,38.0,3,0
216520579,-0.063,10.997,0.0000,0.4829,15.2940,-1.6145,0.000,31.82,38.0,3,0
216521628,-0.011,10.997,0.9000,0.0038,15.4366,-9.3369,0.000,31.82,38.0,3,0
216522578,-0.011,10.910,0.0000,-1.3024,0.0000,5.5366,0.000,31.82,38.0,3,0
216523868,-0.011,10.932,0.0000,-0.0313,0.0000,7.3780,0.000,31.82,38.0,3,0
216524619,-0.063,10.976,-0.9000,1.0582,-15.4366,-1.3211,0.000,31.92,38.0,3,0
216525577,-0.063,10.997,0.0000,0.4311,15.2940,-1.6606,0.000,31.92,38.0,3,0
216526573,-0.011,10.997,0.9000,-0.0038,15.4366,-9.2808,0.000,31.92,38.0,3,0
216527572,-0.011,10.910,0.0000,-1.2871,0.0000,5.0313,0.000,31.92,38.0,3,0
216528884,-0.011,10.932,0.0000,-0.0389,0.0000,7.3989,0.000,31.92,38.0,3,0
216529577,-0.063,10.997,-0.9000,0.9224,-15.4366,-1.3695,0.000,31.92,38.0,3,0
216530575,-0.063,10.997,0.0000,0.4387,15.2940,-1.6408,0.000,31.92,38.0,3,0
216531884,-0.011,10.997,0.9000,0.1259,15.4366,-9.2951,0.000,31.92,38.0,3,0
216532573,-0.011,10.910,0.0000,-1.3405,0.0000,5.0137,0.000,31.92,38.0,3,0
216533884,-0.011,10.910,0.0000,-1.3085,0.0000,6.4320,0.000,31.92,38.0,3,0
216534576,-0.063,10.997,-0.9000,0.9911,-15.4366,-1.3596,0.000,31.92,38.0,3,0
216535891,-0.063,11.019,0.0000,0.4799,15.2940,-1.6496,0.000,31.92,38.0,3,0
216536573,-0.011,10.997,0.9000,0.0603,15.4366,-9.2918,0.000,31.92,38.0,3,0
216537577,-0.011,10.910,0.0000,-1.3527,0.0000,5.0214,0.000,31.92,38.0,3,0
216538887,-0.011,10.932,0.0000,-0.0893,0.0000,7.4011,0.000,31.92,38.0,3,0
216539573,-0.063,10.997,-0.9000,1.0002,-15.4366,-1.4013,0.000,31.92,38.0,3,0
216540553,-0.063,11.019,0.0000,0.3990,15.2940,-1.6562,0.000,31.92,38.0,3,0
216541552,-0.011,11.019,0.9000,0.1244,15.4366,-9.2951,0.000,31.92,38.0,3,0
216542570,-0.011,10.932,0.0000,-1.2734,0.0000,5.0499,0.000,31.92,38.0,3,0
216543883,-0.011,10.932,0.0000,0.0008,0.0000,7.3868,0.000,31.92,38.0,3,0
216544570,-0.063,10.997,-0.9000,0.9377,-15.4366,-1.3838,0.000,31.92,38.0,3,0
216545577,-0.063,11.019,0.0000,0.4143,15.2940,-1.6452,0.000,31.92,38.0,3,0
216546548,-0.011,11.019,0.9000,0.1091,15.4366,-9.3094,0.000,31.92,38.0,3,0
216547664,-0.011,10.932,0.0000,-1.3771,0.0000,5.0291,0.000,31.92,38.0,3,0
216548937,-0.011,10.954,0.0000,0.0862,0.0000,7.2769,0.000,31.92,38.0,3,0
216549550,-0.063,10.997,-0.9000,0.9758,-15.4366,-1.1992,0.000,31.92,38.0,3,0
216550550,-0.063,11.019,0.0000,0.5165,15.2940,-1.7276,0.000,31.92,38.0,3,0
216551919,-0.011,11.019,0.9000,0.1045,15.4366,-9.3193,0.000,31.92,38.0,3,0
216552577,-0.011,10.932,0.0000,-1.3344,0.0000,5.0510,0.000,31.92,38.0,3,0
216553958,-0.011,10.932,0.0000,-1.3161,0.0000,6.4958,0.000,31.92,38.0,3,0
216554581,-0.063,11.019,-0.9000,0.9148,-15.4366,-1.6441,0.000,31.92,38.0,3,0
216555894,-0.063,11.041,0.0000,0.4814,15.2940,-1.6650,0.000,31.92,38.0,3,0
216556579,-0.011,11.041,0.9000,0.0282,15.4366,-9.2688,0.000,31.92,38.0,3,0
216557579,-0.011,10.954,0.0000,-1.2825,0.0000,5.0741,0.000,31.92,38.0,3,0
216558918,-0.011,10.954,0.0000,-0.1808,0.0000,7.4296,0.000,31.92,38.0,3,0
216559890,-0.063,11.041,-0.9000,0.5211,-15.4366,-1.7177,0.000,31.92,38.0,3,0
216560893,-0.063,11.041,0.0000,0.1473,15.2940,-9.3281,0.000,31.92,38.0,3,0
216561893,-0.011,10.954,0.9000,-1.4214,15.4366,5.0983,0.000,31.92,38.0,3,0
216562920,-0.011,10.976,0.0000,0.0084,0.0000,7.4780,0.000,31.92,38.0,3,0
216564208,-0.011,11.041,0.0000,1.0521,0.0000,-1.4420,0.000,31.92,38.0,3,0
216564875,-0.063,11.041,-0.9000,0.3731,-15.4366,-1.7100,0.000,31.92,38.0,3,0
216565877,-0.063,11.041,0.0000,0.0816,15.2940,-9.3709,0.000,31.92,38.0,3,0
216567199,-0.011,10.954,0.9000,-1.3710,15.4366,5.1796,0.000,31.92,38.0,3,0
216567879,-0.011,10.976,0.0000,-0.0206,0.0000,7.4911,0.000,31.92,38.0,3,0
216569201,-0.011,11.041,0.0000,1.0109,0.0000,-1.4398,0.000,31.92,38.0,3,0
216569875,-0.063,11.063,-0.9000,0.4524,-15.4366,-1.7342,0.000,31.92,38.0,3,0
216570904,-0.063,11.063,0.0000,0.1030,15.2940,-9.2907,0.000,31.92,38.0,3,0
216572216,-0.011,10.976,0.9000,-1.3588,15.4366,5.0917,0.000,31.92,38.0,3,0
216572560,-0.011,10.954,0.0000,-1.1589,0.0000,7.6878,0.000,31.92,38.0,3,0
216573920,-0.011,10.976,0.0000,-0.0542,0.0000,7.4867,0.000,31.92,38.0,3,0
216574896,-0.063,11.063,-0.9000,0.4494,-15.4366,-1.6749,0.000,31.92,38.0,3,0
216576219,-0.063,11.063,0.0000,0.0755,15.2940,-9.3314,0.000,31.92,38.0,3,0
216577216,-0.011,10.954,0.9000,-1.4656,15.4366,5.1565,0.000,31.92,38.0,3,0
216577893,-0.011,10.976,0.0000,-0.0130,0.0000,7.4736,0.000,31.92,38.0,3,0
216579222,-0.011,11.041,0.0000,0.9697,0.0000,-1.4629,0.000,31.92,38.0,3,0
216579894,-0.063,11.063,-0.9000,0.4845,-15.4366,-1.6804,0.000,31.92,38.0,3,0
216580894,-0.063,11.041,0.0000,-0.0023,15.2940,-9.2644,0.000,31.92,38.0,3,0
216581895,-0.011,10.976,0.9000,-1.2963,15.4366,5.1236,0.000,31.92,38.0,3,0
216582906,-0.011,10.976,0.0000,-0.0313,0.0000,7.4856,0.000,31.92,38.0,3,0
216584238,-0.011,11.041,0.0000,0.9056,0.0000,-1.4211,0.000,31.92,38.0,3,0
216584879,-0.063,11.063,-0.9000,0.4936,-15.4366,-1.6771,0.000,31.92,38.0,3,0
216585877,-0.063,11.063,0.0000,0.0862,15.2940,-9.3083,0.000,31.92,38.0,3,0
216587187,-0.011,10.954,0.9000,-1.5175,15.4366,5.1433,0.000,31.92,38.0,3,0
216587880,-0.011,10.976,0.0000,-0.0130,0.0000,7.5065,0.000,31.92,38.0,3,0
216589190,-0.011,11.041,0.0000,1.0170,0.0000,-1.4288,0.000,31.92,38.0,3,0
216589879,-0.063,11.063,-0.9000,0.4311,-15.4366,-1.6969,0.000,31.92,38.0,3,0
216590878,-0.063,11.041,0.0000,0.0938,15.2940,-9.2852,0.000,31.92,38.0,3,0
216592227,-0.011,10.976,0.9000,-1.3863,15.4366,5.1016,0.000,31.92,38.0,3,0
216592564,-0.011,10.954,0.0000,-1.1727,0.0000,7.7032,0.000,31.92,38.0,3,0
216593892,-0.011,10.976,0.0000,0.0618,0.0000,7.4758,0.000,31.92,38.0,3,0
216594581,-0.063,11.041,-0.9000,0.9483,-15.4366,-1.4442,0.000,31.92,38.0,3,0
216595924,-0.063,11.063,0.0000,0.4326,15.2940,-1.6936,0.000,31.92,38.0,3,0
216596581,-0.011,11.063,0.9000,0.0710,15.4366,-9.2918,0.000,31.92,38.0,3,0
216597585,-0.011,10.954,0.0000,-1.4717,0.0000,5.0983,0.000,31.92,38.0,3,0
216598926,-0.011,10.976,0.0000,-0.1442,0.0000,7.4955,0.000,31.92,38.0,3,0
216599622,-0.063,11.041,-0.9000,1.0292,-15.4366,-1.4310,0.000,31.92,38.0,3,0
216600550,-0.063,11.063,0.0000,0.4509,15.2940,-1.6914,0.000,31.92,38.0,3,0
216601568,-0.011,11.063,0.9000,-0.0069,15.4366,-9.3237,0.000,31.92,38.0,3,0
216602600,-0.011,10.954,0.0000,-1.4473,0.0000,5.1323,0.000,31.92,38.0,3,0
216603894,-0.011,10.976,0.0000,-0.0145,0.0000,7.5131,0.000,31.92,38.0,3,0
216604579,-0.063,11.041,-0.9000,0.9468,-15.4366,-1.4035,0.000,31.92,38.0,3,0
216605574,-0.063,11.041,0.0000,0.4006,15.2940,-1.6551,0.000,31.92,38.0,3,0
216606575,-0.011,11.041,0.9000,0.1030,15.4366,-9.3292,0.000,31.92,38.0,3,0
216607575,-0.011,10.954,0.0000,-1.3390,0.0000,5.1071,0.000,31.92,38.0,3,0
216608894,-0.011,10.976,0.0000,-0.0801,0.0000,7.4933,0.000,31.92,38.0,3,0
216609575,-0.063,11.019,-0.9000,0.9194,-15.4366,-1.3903,0.000,31.92,38.0,3,0
216610578,-0.063,11.063,0.0000,0.5196,15.2940,-1.6584,0.000,31.92,38.0,3,0
216611889,-0.011,11.041,0.9000,-0.0221,15.4366,-9.3358,0.000,31.92,38.0,3,0
216612576,-0.011,10.954,0.0000,-1.3756,0.0000,5.0477,0.000,31.92,38.0,3,0
216613889,-0.011,10.954,0.0000,-1.3603,0.0000,6.4958,0.000,31.92,38.0,3,0
216614579,-0.063,11.019,-0.9000,0.9239,-15.4366,-1.3761,0.000,31.92,38.0,3,0
216615892,-0.063,11.041,0.0000,0.3319,15.2940,-1.6892,0.000,31.92,38.0,3,0
216616579,-0.011,11.041,0.9000,0.1488,15.4366,-9.2929,0.000,31.92,38.0,3,0
216617581,-0.011,10.954,0.0000,-1.3375,0.0000,5.0950,0.000,31.92,38.0,3,0
216618866,-0.011,10.954,0.0000,-0.1167,0.0000,7.4538,0.000,31.92,38.0,3,0
216619575,-0.063,11.019,-0.9000,0.9102,-15.4366,-1.3816,0.000,31.92,38.0,3,0
216620575,-0.063,11.041,0.0000,0.4875,15.2940,-1.7188,0.000,31.92,38.0,3,0
216621570,-0.011,11.041,0.9000,-0.1167,15.4366,-9.2874,0.000,31.92,38.0,3,0
216622578,-0.011,10.954,0.0000,-1.4015,0.0000,5.0434,0.000,31.92,38.0,3,0
216623864,-0.011,10.954,0.0000,-0.0526,0.0000,7.4670,0.000,31.92,38.0,3,0
216624693,-0.063,11.019,-0.9000,1.0323,-15.4366,-1.3156,0.000,31.89,38.0,3,0
216625634,-0.063,11.041,0.0000,0.3227,15.2940,-1.5969,0.000,31.89,38.0,3,0
216626553,-0.011,11.041,0.9000,0.0908,15.4366,-9.3501,0.000,31.89,38.0,3,0
216627545,-0.011,10.954,0.0000,-1.3878,0.0000,4.4819,0.000,31.89,38.0,3,0
216628868,-0.011,10.954,0.0000,-0.1488,0.0000,7.6120,0.000,31.89,38.0,3,0
216629547,-0.063,11.019,-0.9000,1.0018,-15.4366,-1.3079,0.000,31.89,38.0,3,0
216630613,-0.063,11.041,0.0000,0.4051,15.2940,-1.6782,0.000,31.89,38.0,3,0
216631895,-0.011,11.019,0.9000,0.0969,15.4366,-9.2907,0.000,31.89,38.0,3,0
216632594,-0.011,10.932,0.0000,-1.3893,0.0000,5.0565,0.000,31.89,38.0,3,0
216633902,-0.011,10.932,0.0000,-1.3893,0.0000,6.5002,0.000,31.89,38.0,3,0
216634585,-0.063,10.997,-0.9000,0.8263,-15.4366,-1.3761,0.000,31.89,38.0,3,0
216635898,-0.063,11.019,0.0000,0.5226,15.2940,-1.6244,0.000,31.89,38.0,3,0
216636582,-0.011,11.019,0.9000,0.0877,15.4366,-9.3116,0.000,31.89,38.0,3,0
216637584,-0.011,10.932,0.0000,-1.2490,0.0000,5.0609,0.000,31.89,38.0,3,0
216638937,-0.011,10.932,0.0000,-0.0359,0.0000,7.4791,0.000,31.89,38.0,3,0
216639556,-0.063,10.997,-0.9000,1.0140,-15.4366,-1.5463,0.000,31.89,38.0,3,0
216640550,-0.063,11.019,0.0000,0.3166,15.2940,-1.6595,0.000,31.89,38.0,3,0
216641545,-0.011,11.019,0.9000,0.0572,15.4366,-9.2753,0.000,31.89,38.0,3,0
216642545,-0.011,10.932,0.0000,-1.4183,0.0000,5.0609,0.000,31.89,38.0,3,0
216643922,-0.011,10.932,0.0000,-0.0755,0.0000,7.3956,0.000,31.89,38.0,3,0
216644886,-0.063,11.019,-0.9000,0.3334,-15.4366,-1.6441,0.000,31.89,38.0,3,0
216645888,-0.063,10.997,0.0000,0.0587,15.2940,-9.2918,0.000,31.89,38.0,3,0
216647215,-0.011,10.932,0.9000,-1.3771,15.4366,5.0675,0.000,31.89,38.0,3,0
216647903,-0.011,10.932,0.0000,-0.0664,0.0000,7.4351,0.000,31.89,38.0,3,0
216649217,-0.011,10.997,0.0000,0.9239,0.0000,-1.3761,0.000,31.89,38.0,3,0
216649888,-0.063,11.019,-0.9000,0.3853,-15.4366,-1.6683,0.000,31.89,38.0,3,0
216650892,-0.063,11.019,0.0000,0.0664,15.2940,-9.3149,0.000,31.89,38.0,3,0
216652214,-0.011,10.932,0.9000,-1.4214,15.4366,5.0686,0.000,31.89,38.0,3,0
216652567,-0.011,10.910,0.0000,-0.9850,0.0000,7.6680,0.000,31.89,38.0,3,0
216653943,-0.011,10.932,0.0000,-0.2464,0.0000,7.3670,0.000,31.89,38.0,3,0
216654555,-0.063,10.997,-0.9000,0.9239,-15.4366,-1.5376,0.000,31.89,38.0,3,0
216655864,-0.063,11.019,0.0000,0.5882,15.2940,-1.6189,0.000,31.89,38.0,3,0
216656606,-0.011,10.997,0.9000,0.0038,15.4366,-9.3391,0.000,31.89,38.0,3,0
216657581,-0.011,10.910,0.0000,-1.5160,0.0000,5.0368,0.000,31.89,38.0,3,0
216658892,-0.011,10.932,0.0000,-0.0404,0.0000,7.4241,0.000,31.89,38.0,3,0
216659579,-0.063,10.997,-0.9000,0.9438,-15.4366,-1.3607,0.000,31.89,38.0,3,0
216660577,-0.063,11.019,0.0000,0.4952,15.2940,-1.6716,0.000,31.89,38.0,3,0
216661576,-0.011,11.019,0.9000,0.1213,15.4366,-9.2874,0.000,31.89,38.0,3,0
216662575,-0.011,10.932,0.0000,-1.3497,0.0000,5.0444,0.000,31.89,38.0,3,0
216663892,-0.011,10.932,0.0000,-0.1122,0.0000,7.3901,0.000,31.89,38.0,3,0
216664603,-0.063,10.997,-0.9000,1.0216,-15.4366,-1.3859,0.000,31.78,38.0,3,0
216665577,-0.063,11.019,0.0000,0.3548,15.2940,-1.7100,0.000,31.78,38.0,3,0
216666579,-0.011,11.019,0.9000,0.0221,15.4366,-9.3105,0.000,31.78,38.0,3,0
216667575,-0.011,10.932,0.0000,-1.3329,0.0000,5.0796,0.000,31.78,38.0,3,0
216668892,-0.011,10.954,0.0000,0.0114,0.0000,7.4197,0.000,31.78,38.0,3,0
216669578,-0.063,10.997,-0.9000,0.8568,-15.4366,-1.4299,0.000,31.78,38.0,3,0
216670585,-0.063,11.041,0.0000,0.5501,15.2940,-1.6452,0.000,31.78,38.0,3,0
216671863,-0.011,11.019,0.9000,0.0801,15.4366,-9.3083,0.000,31.78,38.0,3,0
216672547,-0.011,10.932,0.0000,-1.3954,0.0000,5.1455,0.000,31.78,38.0,3,0
216673883,-0.011,10.910,0.0000,-1.2764,0.0000,6.5727,0.000,31.78,38.0,3,0
216674572,-0.063,10.997,-0.9000,0.9194,-15.4366,-1.4145,0.000,31.78,38.0,3,0
216675888,-0.063,11.019,0.0000,0.5272,15.2940,-1.6408,0.000,31.78,38.0,3,0
216676573,-0.011,11.019,0.9000,-0.0130,15.4366,-9.3204,0.000,31.78,38.0,3,0
216677557,-0.011,10.932,0.0000,-1.3741,0.0000,5.1269,0.000,31.78,38.0,3,0
216678865,-0.011,10.954,0.0000,0.0359,0.0000,7.3736,0.000,31.78,38.0,3,0
216679666,-0.063,10.997,-0.9000,1.0277,-15.4366,-1.3497,0.000,31.78,38.0,3,0
216680637,-0.063,11.019,0.0000,0.3563,15.2940,-1.6112,0.000,31.78,38.0,3,0
216681550,-0.011,11.019,0.9000,0.0740,15.4366,-9.2666,0.000,31.78,38.0,3,0
216682545,-0.011,10.932,0.0000,-1.3542,0.0000,4.4545,0.000,31.78,38.0,3,0
216683921,-0.011,10.954,0.0000,-0.1884,0.0000,7.5944,0.000,31.78,38.0,3,0
216684885,-0.063,11.019,-0.9000,0.4784,-15.4366,-1.6441,0.000,31.78,38.0,3,0
216685965,-0.063,11.019,0.0000,0.0221,15.2940,-9.5863,0.000,31.78,38.0,3,0
216687213,-0.011,10.932,0.9000,-1.4351,15.4366,4.6401,0.000,31.78,38.0,3,0
216687882,-0.011,10.932,0.0000,-0.1701,0.0000,7.6351,0.000,31.78,38.0,3,0
216689211,-0.011,10.976,0.0000,0.7729,0.0000,-1.3508,0.000,31.78,38.0,3,0
216689885,-0.063,10.997,-0.9000,0.3090,-15.4366,-1.5892,0.000,31.78,38.0,3,0
216690885,-0.063,10.976,0.0000,-0.0130,15.2940,-9.3193,0.000,31.78,38.0,3,0
216692214,-0.011,10.888,0.9000,-1.4733,15.4366,5.1071,0.000,31.78,38.0,3,0
216692576,-0.011,10.888,0.0000,-1.3939,0.0000,7.6658,0.000,31.78,38.0,3,0
216693917,-0.011,10.888,0.0000,-0.0282,0.0000,7.4142,0.000,31.78,38.0,3,0
216694581,-0.063,10.954,-0.9000,0.9392,-15.4366,-1.3310,0.000,31.78,38.0,3,0
216695894,-0.063,10.976,0.0000,0.3075,15.2940,-1.6342,0.000,31.78,38.0,3,0
216696578,-0.011,10.954,0.9000,0.0496,15.4366,-9.3017,0.000,31.78,38.0,3,0
216697619,-0.011,10.888,0.0000,-1.3512,0.0000,5.0818,0.000,31.78,38.0,3,0
216698865,-0.011,10.910,0.0000,0.0069,0.0000,7.3044,0.000,31.78,38.0,3,0
216699547,-0.063,10.954,-0.9000,0.8186,-15.4366,-1.3079,0.000,31.78,38.0,3,0
216700550,-0.063,10.976,0.0000,0.4555,15.2940,-1.5914,0.000,31.78,38.0,3,0
216701599,-0.011,10.954,0.9000,0.0374,15.4366,-9.2819,0.000,31.78,38.0,3,0
216702577,-0.011,10.888,0.0000,-1.2932,0.0000,5.0082,0.000,31.78,38.0,3,0
216703890,-0.011,10.888,0.0000,-0.1183,0.0000,7.3252,0.000,31.78,38.0,3,0
216704606,-0.063,10.954,-0.9000,0.9865,-15.4366,-1.3387,0.000,31.78,38.0,3,0
216705579,-0.063,10.976,0.0000,0.4417,15.2940,-1.6364,0.000,31.78,38.0,3,0
216706580,-0.011,10.954,0.9000,-0.0343,15.4366,-9.2995,0.000,31.78,38.0,3,0
216707579,-0.011,10.888,0.0000,-1.1818,0.0000,5.0027,0.000,31.78,38.0,3,0
216708895,-0.011,10.888,0.0000,-0.0099,0.0000,7.2736,0.000,31.78,38.0,3,0
216709639,-0.063,10.954,-0.9000,0.8309,-15.4366,-1.3728,0.000,31.78,38.0,3,0
216710556,-0.063,10.976,0.0000,0.3792,15.2940,-1.5540,0.000,31.78,38.0,3,0
216711859,-0.011,10.976,0.9000,0.1411,15.4366,-8.9260,0.000,31.78,38.0,3,0
216712600,-0.011,10.888,0.0000,-1.2001,0.0000,4.8478,0.000,31.78,38.0,3,0
216713897,-0.011,10.888,0.0000,-1.1818,0.0000,6.2563,0.000,31.78,38.0,3,0
216714597,-0.063,10.976,-0.9000,1.0857,-15.4366,-1.3409,0.000,31.89,38.0,3,0
216715599,-0.063,10.976,0.0000,0.3517,15.2940,-1.6518,0.000,31.89,38.0,3,0
216716578,-0.011,10.997,0.9000,0.1152,15.4366,-9.3259,0.000,31.89,38.0,3,0
216717580,-0.011,10.910,0.0000,-1.3436,0.0000,4.9642,0.000,31.89,38.0,3,0
216718891,-0.011,10.910,0.0000,-0.0328,0.0000,7.3274,0.000,31.89,38.0,3,0
216719578,-0.063,10.976,-0.9000,0.9392,-15.4366,-1.3299,0.000,31.89,38.0,3,0
216720574,-0.063,10.997,0.0000,0.5867,15.2940,-1.6430,0.000,31.89,38.0,3,0
216721576,-0.011,10.997,0.9000,0.0877,15.4366,-9.3116,0.000,31.89,38.0,3,0
216722572,-0.011,10.910,0.0000,-1.3497,0.0000,4.9599,0.000,31.89,38.0,3,0
216723893,-0.011,10.910,0.0000,-0.0618,0.0000,7.3846,0.000,31.89,38.0,3,0
216724597,-0.063,10.997,-0.9000,1.0628,-15.4366,-1.3739,0.000,31.89,38.0,3,0
216725576,-0.063,10.997,0.0000,0.3532,15.2940,-1.6969,0.000,31.89,38.0,3,0
216726587,-0.011,10.997,0.9000,0.1442,15.4366,-9.3061,0.000,31.89,38.0,3,0
216727548,-0.011,10.932,0.0000,-1.2993,0.0000,4.9950,0.000,31.89,38.0,3,0
216728866,-0.011,10.932,0.0000,-0.0526,0.0000,7.4186,0.000,31.89,38.0,3,0
216729570,-0.063,10.997,-0.9000,0.7134,-15.4366,-1.4464,0.000,31.89,38.0,3,0
216730574,-0.063,11.019,0.0000,0.4219,15.2940,-1.6298,0.000,31.89,38.0,3,0
216731879,-0.011,11.019,0.9000,0.0618,15.4366,-9.3665,0.000,31.89,38.0,3,0
216732576,-0.011,10.932,0.0000,-1.4565,0.0000,4.9796,0.000,31.89,38.0,3,0
216733868,-0.011,10.910,0.0000,-1.4443,0.0000,6.4189,0.000,31.89,38.0,3,0
216734668,-0.063,10.997,-0.9000,0.9819,-15.4366,-1.3991,0.000,31.89,38.0,3,0
216735955,-0.063,11.019,0.0000,0.3014,15.2940,-1.6474,0.000,31.89,38.0,3,0
216736552,-0.011,11.019,0.9000,0.1595,15.4366,-9.2545,0.000,31.89,38.0,3,0
216737551,-0.011,10.932,0.0000,-1.2749,0.0000,4.4006,0.000,31.89,38.0,3,0
216738859,-0.011,10.932,0.0000,-0.2266,0.0000,7.6076,0.000,31.89,38.0,3,0
216739609,-0.063,10.997,-0.9000,0.9407,-15.4366,-1.4156,0.000,31.89,38.0,3,0
216740640,-0.063,11.019,0.0000,0.2708,15.2940,-1.6298,0.000,31.89,38.0,3,0
216741581,-0.011,11.019,0.9000,0.0282,15.4366,-9.5940,0.000,31.89,38.0,3,0
216742576,-0.011,10.910,0.0000,-1.5297,0.0000,4.5050,0.000,31.89,38.0,3,0
216743892,-0.011,10.932,0.0000,-0.1076,0.0000,7.6702,0.000,31.89,38.0,3,0
216744579,-0.063,10.976,-0.9000,0.8659,-15.4366,-1.3024,0.000,31.89,38.0,3,0
216745608,-0.063,10.997,0.0000,0.4570,15.2940,-1.6309,0.000,31.89,38.0,3,0
216746574,-0.011,10.997,0.9000,-0.0404,15.4366,-9.2786,0.000,31.89,38.0,3,0
216747583,-0.011,10.910,0.0000,-1.3680,0.0000,5.0631,0.000,31.89,38.0,3,0
216748917,-0.011,10.910,0.0000,-0.0786,0.0000,7.3648,0.000,31.89,38.0,3,0
216749879,-0.063,10.976,-0.9000,0.3777,-15.4366,-1.5749,0.000,31.89,38.0,3,0
216750875,-0.063,10.976,0.0000,0.0755,15.2940,-9.3215,0.000,31.89,38.0,3,0
216752202,-0.011,10.888,0.9000,-1.5129,15.4366,4.9796,0.000,31.89,38.0,3,0
216752547,-0.011,10.888,0.0000,-1.2352,0.0000,7.5988,0.000,31.89,38.0,3,0
216753860,-0.011,10.910,0.0000,-0.0282,0.0000,7.3934,0.000,31.89,38.0,3,0
216754608,-0.063,10.954,-0.9000,0.9209,-15.4366,-1.3980,0.000,31.89,38.0,3,0
216755895,-0.063,10.976,0.0000,0.5074,15.2940,-1.5848,0.000,31.89,38.0,3,0
216756600,-0.011,10.976,0.9000,-0.0145,15.4366,-9.3127,0.000,31.89,38.0,3,0
216757589,-0.011,10.888,0.0000,-1.3817,0.0000,5.0554,0.000,31.89,38.0,3,0
216758896,-0.011,10.888,0.0000,-0.0603,0.0000,7.3384,0.000,31.89,38.0,3,0
216759584,-0.063,10.976,-0.9000,0.9010,-15.4366,-1.3409,0.000,31.89,38.0,3,0
216760581,-0.063,10.976,0.0000,0.5455,15.2940,-1.6178,0.000,31.89,38.0,3,0
216761579,-0.011,10.976,0.9000,0.0847,15.4366,-9.3676,0.000,31.89,38.0,3,0
216762639,-0.011,10.888,0.0000,-1.5114,0.0000,5.0324,0.000,31.89,38.0,3,0
216763869,-0.011,10.910,0.0000,0.1335,0.0000,7.1868,0.000,31.89,38.0,3,0
216764568,-0.063,10.976,-0.9000,1.0002,-15.4366,-1.1706,0.000,31.78,38.0,3,0
216765610,-0.063,10.976,0.0000,0.4479,15.2940,-1.7090,0.000,31.78,38.0,3,0
216766580,-0.011,10.976,0.9000,0.0603,15.4366,-9.6225,0.000,31.78,38.0,3,0
216767570,-0.011,10.888,0.0000,-1.4458,0.0000,4.4830,0.000,31.78,38.0,3,0
216768892,-0.011,10.910,0.0000,-0.0755,0.0000,7.5626,0.000,31.78,38.0,3,0
216769574,-0.063,10.976,-0.9000,0.9957,-15.4366,-1.3266,0.000,31.78,38.0,3,0
216770578,-0.063,10.976,0.0000,0.4860,15.2940,-1.6002,0.000,31.78,38.0,3,0
216771883,-0.011,10.976,0.9000,-0.0893,15.4366,-9.3545,0.000,31.78,38.0,3,0
216772576,-0.011,10.888,0.0000,-1.4504,0.0000,5.0697,0.000,31.78,38.0,3,0
216773892,-0.011,10.888,0.0000,-1.3237,0.0000,6.4727,0.000,31.78,38.0,3,0
216774578,-0.063,10.976,-0.9000,0.9194,-15.4366,-1.3684,0.000,31.78,38.0,3,0
216775896,-0.063,10.976,0.0000,0.5074,15.2940,-1.6342,0.000,31.78,38.0,3,0
216776574,-0.011,10.976,0.9000,-0.0786,15.4366,-9.3204,0.000,31.78,38.0,3,0
216777579,-0.011,10.888,0.0000,-1.2779,0.0000,5.0664,0.000,31.78,38.0,3,0
216778888,-0.011,10.910,0.0000,-0.0511,0.0000,7.3154,0.000,31.78,38.0,3,0
216779578,-0.063,10.976,-0.9000,1.0307,-15.4366,-1.3552,0.000,31.78,38.0,3,0
216780577,-0.063,10.997,0.0000,0.5272,15.2940,-1.6386,0.000,31.78,38.0,3,0
216781547,-0.011,10.976,0.9000,-0.0618,15.4366,-9.3512,0.000,31.78,38.0,3,0
216782570,-0.011,10.888,0.0000,-1.3924,0.0000,5.0840,0.000,31.78,38.0,3,0
216783884,-0.011,10.910,0.0000,-0.1152,0.0000,7.2824,0.000,31.78,38.0,3,0
216784573,-0.063,10.976,-0.9000,0.9743,-15.4366,-1.3244,0.000,31.78,38.0,3,0
216785580,-0.063,10.997,0.0000,0.4906,15.2940,-1.6507,0.000,31.78,38.0,3,0
216786547,-0.011,10.997,0.9000,0.1045,15.4366,-9.3402,0.000,31.78,38.0,3,0
216787529,-0.011,10.910,0.0000,-1.3649,0.0000,5.0642,0.000,31.78,38.0,3,0
216788950,-0.011,10.910,0.0000,-0.1289,0.0000,7.5768,0.000,31.78,38.0,3,0
216789554,-0.063,10.976,-0.9000,0.8034,-15.4366,-1.8023,0.000,31.78,38.0,3,0
216790550,-0.063,10.976,0.0000,0.3670,15.2940,-1.4947,0.000,31.78,38.0,3,0
216791920,-0.011,10.976,0.9000,0.0099,15.4366,-9.3215,0.000,31.78,38.0,3,0
216792577,-0.011,10.888,0.0000,-1.3649,0.0000,5.0719,0.000,31.78,38.0,3,0
216793957,-0.011,10.888,0.0000,-1.2490,0.0000,6.8451,0.000,31.78,38.0,3,0
216794581,-0.063,10.976,-0.9000,0.9026,-15.4366,-1.5420,0.000,31.78,38.0,3,0
216795894,-0.063,10.976,0.0000,0.4204,15.2940,-1.6277,0.000,31.78,38.0,3,0
216796579,-0.011,10.976,0.9000,0.1350,15.4366,-9.3610,0.000,31.78,38.0,3,0
216797579,-0.011,10.888,0.0000,-1.3817,0.0000,5.0346,0.000,31.78,38.0,3,0
216798918,-0.011,10.888,0.0000,-0.0648,0.0000,7.3538,0.000,31.78,38.0,3,0
216799579,-0.063,10.954,-0.9000,0.8705,-15.4366,-1.5650,0.000,31.78,38.0,3,0
216800578,-0.063,10.976,0.0000,0.4311,15.2940,-1.6386,0.000,31.78,38.0,3,0
216801612,-0.011,10.976,0.9000,0.0679,15.4366,-9.2622,0.000,31.78,38.0,3,0
216802549,-0.011,10.888,0.0000,-1.3832,0.0000,4.9719,0.000,31.78,38.0,3,0
216803865,-0.011,10.888,0.0000,-0.1259,0.0000,7.3637,0.000,31.78,38.0,3,0
216804547,-0.063,10.954,-0.9000,0.9651,-15.4366,-1.3717,0.000,31.78,38.0,3,0
216805550,-0.063,10.976,0.0000,0.4341,15.2940,-1.5892,0.000,31.78,38.0,3,0
216806606,-0.011,10.976,0.9000,0.1152,15.4366,-9.3643,0.000,31.78,38.0,3,0
216807578,-0.011,10.888,0.0000,-1.3725,0.0000,5.0049,0.000,31.78,38.0,3,0
216808923,-0.011,10.888,0.0000,-0.1793,0.0000,7.3340,0.000,31.78,38.0,3,0
216809581,-0.063,10.976,-0.9000,1.0094,-15.4366,-1.3673,0.000,31.78,38.0,3,0
216810581,-0.063,10.976,0.0000,0.4707,15.2940,-1.6342,0.000,31.78,38.0,3,0
216811889,-0.011,10.976,0.9000,0.0801,15.4366,-9.3237,0.000,31.78,38.0,3,0
216812580,-0.011,10.888,0.0000,-1.3115,0.0000,4.9719,0.000,31.78,38.0,3,0
216813909,-0.011,10.888,0.0000,-1.2779,0.0000,6.3892,0.000,31.78,38.0,3,0
216814938,-0.063,10.997,-0.9000,0.4646,-15.4366,-1.6386,0.000,31.78,38.0,3,0
216816201,-0.063,10.976,0.0000,0.0160,15.2940,-9.3028,0.000,31.78,38.0,3,0
216817195,-0.011,10.910,0.9000,-1.3085,15.4366,5.0115,0.000,31.78,38.0,3,0
216817873,-0.011,10.910,0.0000,-0.1564,0.0000,7.3143,0.000,31.78,38.0,3,0
216819197,-0.011,10.976,0.0000,1.0124,0.0000,-1.3299,0.000,31.78,38.0,3,0
216819875,-0.063,10.997,-0.9000,0.4814,-15.4366,-1.6705,0.000,31.78,38.0,3,0
216820873,-0.063,10.997,0.0000,0.0893,15.2940,-9.2995,0.000,31.78,38.0,3,0
216821874,-0.011,10.910,0.9000,-1.4199,15.4366,4.9675,0.000,31.78,38.0,3,0
216822941,-0.011,10.932,0.0000,0.0862,0.0000,7.2483,0.000,31.78,38.0,3,0
216824207,-0.011,10.997,0.0000,1.0613,0.0000,-1.2135,0.000,31.78,38.0,3,0
216824881,-0.063,11.019,-0.9000,0.5180,-15.4366,-1.7320,0.000,31.78,38.0,3,0
216825882,-0.063,10.997,0.0000,-0.0130,15.2940,-9.2973,0.000,31.78,38.0,3,0
216827219,-0.011,10.932,0.9000,-1.2383,15.4366,4.9335,0.000,31.78,38.0,3,0
216827884,-0.011,10.932,0.0000,-0.0603,0.0000,7.3769,0.000,31.78,38.0,3,0
216829206,-0.011,10.997,0.0000,1.0475,0.0000,-1.3508,0.000,31.78,38.0,3,0
216829883,-0.063,11.019,-0.9000,0.4356,-15.4366,-1.7090,0.000,31.78,38.0,3,0
216830888,-0.063,11.019,0.0000,0.2205,15.2940,-9.2655,0.000,31.78,38.0,3,0
216832210,-0.011,10.954,0.9000,-1.2062,15.4366,4.9741,0.000,31.78,38.0,3,0
216832568,-0.011,10.932,0.0000,-1.0384,0.0000,7.5669,0.000,31.78,38.0,3,0
216833940,-0.011,10.954,0.0000,-0.1350,0.0000,7.4296,0.000,31.78,38.0,3,0
216834573,-0.063,11.019,-0.9000,1.0018,-15.4366,-1.6112,0.000,31.89,38.0,3,0
216835571,-0.063,11.041,0.0000,0.5821,15.2940,-1.6694,0.000,31.89,38.0,3,0
216836549,-0.011,11.041,0.9000,-0.0481,15.4366,-9.3731,0.000,31.89,38.0,3,0
216837551,-0.011,10.954,0.0000,-1.3649,0.0000,5.0247,0.000,31.89,38.0,3,0
216838922,-0.011,10.954,0.0000,-0.0786,0.0000,7.4615,0.000,31.89,38.0,3,0
216839580,-0.063,11.041,-0.9000,1.0842,-15.4366,-1.5914,0.000,31.89,38.0,3,0
216840610,-0.063,11.041,0.0000,0.4524,15.2940,-1.7111,0.000,31.89,38.0,3,0
216841579,-0.011,11.041,0.9000,0.1930,15.4366,-9.3061,0.000,31.89,38.0,3,0
216842579,-0.011,10.954,0.0000,-1.2459,0.0000,5.0675,0.000,31.89,38.0,3,0
216843933,-0.011,10.976,0.0000,-0.0175,0.0000,7.4714,0.000,31.89,38.0,3,0
216844589,-0.063,11.041,-0.9000,0.9667,-15.4366,-1.5980,0.000,31.89,38.0,3,0
216845551,-0.063,11.041,0.0000,0.4158,15.2940,-1.7002,0.000,31.89,38.0,3,0
216846599,-0.011,11.041,0.9000,0.1900,15.4366,-9.2951,0.000,31.89,38.0,3,0
216847574,-0.011,10.954,0.0000,-1.4336,0.0000,5.0291,0.000,31.89,38.0,3,0
216848891,-0.011,10.976,0.0000,-0.0679,0.0000,7.4604,0.000,31.89,38.0,3,0
216849575,-0.063,11.041,-0.9000,0.9194,-15.4366,-1.3486,0.000,31.89,38.0,3,0
216850575,-0.063,11.063,0.0000,0.5272,15.2940,-1.7068,0.000,31.89,38.0,3,0
216851886,-0.011,11.041,0.9000,0.0710,15.4366,-9.3424,0.000,31.89,38.0,3,0
216852574,-0.011,10.954,0.0000,-1.4672,0.0000,5.0807,0.000,31.89,38.0,3,0
216853888,-0.011,10.954,0.0000,-1.3878,0.0000,6.5375,0.000,31.89,38.0,3,0
216854575,-0.063,11.041,-0.9000,0.9819,-15.4366,-1.4068,0.000,31.89,38.0,3,0
216855893,-0.063,11.063,0.0000,0.4723,15.2940,-1.6958,0.000,31.89,38.0,3,0
216856576,-0.011,11.041,0.9000,-0.0130,15.4366,-9.2995,0.000,31.89,38.0,3,0
216857575,-0.011,10.976,0.0000,-1.4168,0.0000,5.0840,0.000,31.89,38.0,3,0
216858890,-0.011,10.976,0.0000,-0.1717,0.0000,7.4670,0.000,31.89,38.0,3,0
216859575,-0.063,11.041,-0.9000,0.9789,-15.4366,-1.4200,0.000,31.89,38.0,3,0
216860575,-0.063,11.063,0.0000,0.3502,15.2940,-1.6826,0.000,31.89,38.0,3,0
216861576,-0.011,11.041,0.9000,-0.0420,15.4366,-9.3050,0.000,31.89,38.0,3,0
216862549,-0.011,10.954,0.0000,-1.3710,0.0000,5.1170,0.000,31.89,38.0,3,0
216863867,-0.011,10.976,0.0000,-0.0801,0.0000,7.4769,0.000,31.89,38.0,3,0
216864571,-0.063,11.041,-0.9000,0.9407,-15.4366,-1.4475,0.000,31.89,38.0,3,0
216865570,-0.063,11.063,0.0000,0.4967,15.2940,-1.6881,0.000,31.89,38.0,3,0
216866567,-0.011,11.041,0.9000,-0.0206,15.4366,-9.3215,0.000,31.89,38.0,3,0
216867572,-0.011,10.976,0.0000,-1.4199,0.0000,5.1345,0.000,31.89,38.0,3,0
216868869,-0.011,10.976,0.0000,-0.0664,0.0000,7.4769,0.000,31.89,38.0,3,0
216869669,-0.063,11.041,-0.9000,0.9880,-15.4366,-1.3530,0.000,31.89,38.0,3,0
216870638,-0.063,11.063,0.0000,0.3731,15.2940,-1.6507,0.000,31.89,38.0,3,0
216871867,-0.011,11.041,0.9000,-0.0694,15.4366,-9.2984,0.000,31.89,38.0,3,0
216872547,-0.011,10.954,0.0000,-1.4015,0.0000,4.4446,0.000,31.89,38.0,3,0
216873866,-0.011,10.954,0.0000,-1.3817,0.0000,6.0904,0.000,31.89,38.0,3,0
216874613,-0.063,11.041,-0.9000,0.9926,-15.4366,-1.3958,0.000,31.89,38.0,3,0
216875961,-0.063,11.041,0.0000,0.3258,15.2940,-1.6222,0.000,31.89,38.0,3,0
216876581,-0.011,11.041,0.9000,-0.0145,15.4366,-9.3127,0.000,31.89,38.0,3,0
216877581,-0.011,10.954,0.0000,-1.2978,0.0000,4.5017,0.000,31.89,38.0,3,0
216878891,-0.011,10.954,0.0000,-0.2022,0.0000,7.6515,0.000,31.89,38.0,3,0
216879580,-0.063,11.019,-0.9000,0.9834,-15.4366,-1.3596,0.000,31.89,38.0,3,0
216880605,-0.063,11.019,0.0000,0.2846,15.2940,-1.6540,0.000,31.89,38.0,3,0
216881576,-0.011,11.019,0.9000,-0.0175,15.4366,-9.5577,0.000,31.89,38.0,3,0
216882575,-0.011,10.932,0.0000,-1.4580,0.0000,5.1104,0.000,31.89,38.0,3,0
216883925,-0.011,10.954,0.0000,0.0008,0.0000,7.4164,0.000,31.89,38.0,3,0
216884554,-0.063,10.997,-0.9000,0.9438,-15.4366,-1.5178,0.000,31.89,38.0,3,0
216885550,-0.063,11.019,0.0000,0.3960,15.2940,-1.6683,0.000,31.89,38.0,3,0
216886545,-0.011,11.019,0.9000,0.0237,15.4366,-9.2973,0.000,31.89,38.0,3,0
216887548,-0.011,10.932,0.0000,-1.4595,0.0000,5.1170,0.000,31.89,38.0,3,0
216888924,-0.011,10.932,0.0000,-0.0862,0.0000,7.4011,0.000,31.89,38.0,3,0
216889581,-0.063,10.997,-0.9000,0.9819,-15.4366,-1.5485,0.000,31.89,38.0,3,0
216890608,-0.063,10.997,0.0000,0.4295,15.2940,-1.6266,0.000,31.89,38.0,3,0
216891891,-0.011,10.997,0.9000,0.0893,15.4366,-9.3149,0.000,31.89,38.0,3,0
216892581,-0.011,10.910,0.0000,-1.4321,0.0000,5.0829,0.000,31.89,38.0,3,0
216893901,-0.011,10.910,0.0000,-1.3787,0.0000,6.5232,0.000,31.89,38.0,3,0
216894567,-0.063,10.997,-0.9000,0.9346,-15.4366,-1.4145,0.000,31.89,38.0,3,0
216895898,-0.063,10.997,0.0000,0.3960,15.2940,-1.6364,0.000,31.89,38.0,3,0
216896628,-0.011,10.997,0.9000,0.0282,15.4366,-9.2512,0.000,31.89,38.0,3,0
216897553,-0.011,10.910,0.0000,-1.4107,0.0000,5.5366,0.000,31.89,38.0,3,0
216898865,-0.011,10.932,0.0000,-0.0435,0.0000,7.4065,0.000,31.89,38.0,3,0
216899547,-0.063,10.976,-0.9000,0.9316,-15.4366,-1.3936,0.000,31.89,38.0,3,0
216900550,-0.063,10.997,0.0000,0.3960,15.2940,-1.6474,0.000,31.89,38.0,3,0
216901607,-0.011,10.997,0.9000,-0.0114,15.4366,-9.3940,0.000,31.89,38.0,3,0
216902576,-0.011,10.910,0.0000,-1.4290,0.0000,5.6114,0.000,31.89,38.0,3,0
216903891,-0.011,10.910,0.0000,-0.0648,0.0000,7.3637,0.000,31.89,38.0,3,0
216904935,-0.063,10.997,-0.9000,0.3868,-15.4366,-1.6452,0.000,31.89,38.0,3,0
216905887,-0.063,10.997,0.0000,0.0496,15.2940,-9.2501,0.000,31.89,38.0,3,0
216907210,-0.011,10.910,0.9000,-1.2947,15.4366,5.0071,0.000,31.89,38.0,3,0
216907886,-0.011,10.932,0.0000,-0.0786,0.0000,7.4164,0.000,31.89,38.0,3,0
216909211,-0.011,10.997,0.0000,0.9926,0.0000,-1.4354,0.000,31.89,38.0,3,0
216909895,-0.063,10.997,-0.9000,0.4067,-15.4366,-1.6244,0.000,31.89,38.0,3,0
216910892,-0.063,10.997,0.0000,0.2113,15.2940,-9.3138,0.000,31.89,38.0,3,0
216912191,-0.011,10.910,0.9000,-1.4107,15.4366,4.9961,0.000,31.89,38.0,3,0
216912544,-0.011,10.910,0.0000,-1.1421,0.0000,7.6153,0.000,31.89,38.0,3,0
216913866,-0.011,10.932,0.0000,-0.1350,0.0000,7.4054,0.000,31.89,38.0,3,0
216914544,-0.063,10.976,-0.9000,0.9087,-15.4366,-1.3750,0.000,31.89,38.0,3,0
216915895,-0.063,10.997,0.0000,0.4311,15.2940,-1.6639,0.000,31.89,38.0,3,0
216916594,-0.011,10.997,0.9000,0.1274,15.4366,-9.2896,0.000,31.89,38.0,3,0
216917581,-0.011,10.910,0.0000,-1.4687,0.0000,4.9697,0.000,31.89,38.0,3,0
216918921,-0.011,10.932,0.0000,-0.0633,0.0000,7.3934,0.000,31.89,38.0,3,0
216919580,-0.063,10.997,-0.9000,1.0567,-15.4366,-1.6101,0.000,31.89,38.0,3,0
216920584,-0.063,11.019,0.0000,0.4799,15.2940,-1.6485,0.000,31.89,38.0,3,0
216921589,-0.011,10.997,0.9000,0.0923,15.4366,-9.3281,0.000,31.89,38.0,3,0
216922627,-0.011,10.932,0.0000,-1.3283,0.0000,5.0412,0.000,31.89,38.0,3,0
216923866,-0.011,10.932,0.0000,0.0328,0.0000,7.2956,0.000,31.89,38.0,3,0
216924600,-0.063,10.997,-0.9000,1.1742,-15.4366,-1.2058,0.000,31.82,38.0,3,0
216925593,-0.063,11.019,0.0000,0.5745,15.2940,-1.7090,0.000,31.82,38.0,3,0
216926580,-0.011,11.019,0.9000,0.1335,15.4366,-9.3610,0.000,31.82,38.0,3,0
216927575,-0.011,10.932,0.0000,-1.4611,0.0000,5.0071,0.000,31.82,38.0,3,0
216928891,-0.011,10.954,0.0000,-0.0603,0.0000,7.4593,0.000,31.82,38.0,3,0
216929880,-0.063,11.041,-0.9000,0.4570,-15.4366,-1.6980,0.000,31.82,38.0,3,0
216930880,-0.063,11.041,0.0000,0.0511,15.2940,-9.3215,0.000,31.82,38.0,3,0
216932202,-0.011,10.954,0.9000,-1.3420,15.4366,5.0247,0.000,31.82,38.0,3,0
216932575,-0.011,10.932,0.0000,-1.1269,0.0000,7.6219,0.000,31.82,38.0,3,0
216933891,-0.011,10.954,0.0000,-0.1015,0.0000,7.4483,0.000,31.82,38.0,3,0
216934881,-0.063,11.041,-0.9000,0.4936,-15.4366,-1.7496,0.000,31.82,38.0,3,0
216936208,-0.063,11.041,0.0000,-0.0008,15.2940,-9.2852,0.000,31.82,38.0,3,0
216937199,-0.011,10.954,0.9000,-1.2505,15.4366,5.0335,0.000,31.82,38.0,3,0
216937875,-0.011,10.954,0.0000,-0.1595,0.0000,7.4340,0.000,31.82,38.0,3,0
216939205,-0.011,11.019,0.0000,1.0201,0.0000,-1.3772,0.000,31.82,38.0,3,0
216939878,-0.063,11.063,-0.9000,0.5364,-15.4366,-1.6925,0.000,31.82,38.0,3,0
216940879,-0.063,11.041,0.0000,0.0832,15.2940,-9.3610,0.000,31.82,38.0,3,0
216941879,-0.011,10.954,0.9000,-1.3954,15.4366,5.0983,0.000,31.82,38.0,3,0
216942883,-0.011,10.976,0.0000,-0.0008,0.0000,7.4670,0.000,31.82,38.0,3,0
216944204,-0.011,11.019,0.0000,0.8186,0.0000,-1.3508,0.000,31.82,38.0,3,0
216944878,-0.063,11.041,-0.9000,0.4570,-15.4366,-1.6562,0.000,31.82,38.0,3,0
216945886,-0.063,11.041,0.0000,0.1213,15.2940,-9.3599,0.000,31.82,38.0,3,0
216947194,-0.011,10.954,0.9000,-1.4580,15.4366,5.0840,0.000,31.82,38.0,3,0
216947866,-0.011,10.976,0.0000,-0.1473,0.0000,7.4791,0.000,31.82,38.0,3,0
216949188,-0.011,11.041,0.0000,0.9895,0.0000,-1.4266,0.000,31.82,38.0,3,0
216949866,-0.063,11.041,-0.9000,0.3655,-15.4366,-1.7090,0.000,31.82,38.0,3,0
216950880,-0.063,11.041,0.0000,-0.0526,15.2940,-9.2929,0.000,31.82,38.0,3,0
216952193,-0.011,10.976,0.9000,-1.2932,15.4366,5.0390,0.000,31.82,38.0,3,0
216952570,-0.011,10.954,0.0000,-1.2062,0.0000,7.6461,0.000,31.82,38.0,3,0
216953885,-0.011,10.976,0.0000,-0.1106,0.0000,7.5021,0.000,31.82,38.0,3,0
216954578,-0.063,11.041,-0.9000,0.9361,-15.4366,-1.3848,0.000,31.82,38.0,3,0
216955871,-0.063,11.063,0.0000,0.3670,15.2940,-1.6826,0.000,31.82,38.0,3,0
216956667,-0.011,11.041,0.9000,0.0328,15.4366,-9.3676,0.000,31.82,38.0,3,0
216957644,-0.011,10.954,0.0000,-1.4061,0.0000,5.6465,0.000,31.82,38.0,3,0
216958870,-0.011,10.976,0.0000,0.0511,0.0000,7.3439,0.000,31.82,38.0,3,0
216959548,-0.063,11.041,-0.9000,1.0964,-15.4366,-1.2288,0.000,31.82,38.0,3,0
216960550,-0.063,11.063,0.0000,0.4356,15.2940,-1.7628,0.000,31.82,38.0,3,0
216961610,-0.011,11.063,0.9000,0.0282,15.4366,-9.3292,0.000,31.82,38.0,3,0
216962643,-0.011,10.976,0.0000,-1.2688,0.0000,5.6850,0.000,31.82,38.0,3,0
216963895,-0.011,10.976,0.0000,0.0191,0.0000,7.3165,0.000,31.82,38.0,3,0
216964877,-0.063,11.063,-0.9000,0.4814,-15.4366,-1.7485,0.000,31.82,38.0,3,0
216965880,-0.063,11.063,0.0000,0.0450,15.2940,-9.2962,0.000,31.82,38.0,3,0
216967201,-0.011,10.976,0.9000,-1.2657,15.4366,5.1082,0.000,31.82,38.0,3,0
216967877,-0.011,10.997,0.0000,-0.1030,0.0000,7.4681,0.000,31.82,38.0,3,0
216969260,-0.011,11.063,0.0000,1.0430,0.0000,-1.6804,0.000,31.82,38.0,3,0
216969874,-0.063,11.085,-0.9000,0.3944,-15.4366,-1.7254,0.000,31.82,38.0,3,0
216970880,-0.063,11.085,0.0000,0.0252,15.2940,-9.3116,0.000,31.82,38.0,3,0
216972202,-0.011,10.997,0.9000,-1.2337,15.4366,5.1126,0.000,31.82,38.0,3,0
216972558,-0.011,10.976,0.0000,-1.0887,0.0000,7.7098,0.000,31.82,38.0,3,0
216973935,-0.011,11.019,0.0000,-0.0710,0.0000,7.4703,0.000,31.82,38.0,3,0
216974554,-0.063,11.063,-0.9000,0.9270,-15.4366,-1.6760,0.000,31.82,38.0,3,0
216975864,-0.063,11.085,0.0000,0.4067,15.2940,-1.6892,0.000,31.82,38.0,3,0
216976548,-0.011,11.085,0.9000,0.1122,15.4366,-9.2567,0.000,31.82,38.0,3,0
216977551,-0.011,10.997,0.0000,-1.4122,0.0000,5.1115,0.000,31.82,38.0,3,0
216978919,-0.011,11.019,0.0000,0.0084,0.0000,7.5021,0.000,31.82,38.0,3,0
216979581,-0.063,11.085,-0.9000,0.9545,-15.4366,-1.6837,0.000,31.82,38.0,3,0
216980585,-0.063,11.107,0.0000,0.4646,15.2940,-1.6859,0.000,31.82,38.0,3,0
216981599,-0.011,11.085,0.9000,0.0237,15.4366,-9.2446,0.000,31.82,38.0,3,0
216982582,-0.011,10.997,0.0000,-1.4046,0.0000,5.1697,0.000,31.82,38.0,3,0
216983898,-0.011,11.019,0.0000,-0.0908,0.0000,7.4824,0.000,31.82,38.0,3,0
216984582,-0.063,11.085,-0.9000,0.9804,-15.4366,-1.4266,0.000,31.82,38.0,3,0
216985578,-0.063,11.107,0.0000,0.4738,15.2940,-1.6914,0.000,31.82,38.0,3,0
216986631,-0.011,11.085,0.9000,0.1274,15.4366,-9.2655,0.000,31.82,38.0,3,0
216987549,-0.011,10.997,0.0000,-1.4565,0.0000,5.7058,0.000,31.82,38.0,3,0
216988863,-0.011,11.019,0.0000,0.0343,0.0000,7.4538,0.000,31.82,38.0,3,0
216989547,-0.063,11.085,-0.9000,0.9758,-15.4366,-1.4145,0.000,31.82,38.0,3,0
216990550,-0.063,11.085,0.0000,0.3120,15.2940,-1.6848,0.000,31.82,38.0,3,0
216991921,-0.011,11.085,0.9000,-0.0130,15.4366,-9.2929,0.000,31.82,38.0,3,0
216992576,-0.011,10.997,0.0000,-1.4046,0.0000,5.7146,0.000,31.82,38.0,3,0
216993891,-0.011,10.997,0.0000,-1.2688,0.0000,6.9891,0.000,31.82,38.0,3,0
216994936,-0.063,11.085,-0.9000,0.3502,-15.4366,-1.6233,0.000,31.82,38.0,3,0
216996201,-0.063,11.085,0.0000,0.1030,15.2940,-8.9600,0.000,31.82,38.0,3,0
216997205,-0.011,10.997,0.9000,-1.2490,15.4366,5.0521,0.000,31.82,38.0,3,0
216997879,-0.011,11.019,0.0000,0.0420,0.0000,7.4219,0.000,31.82,38.0,3,0
216999208,-0.011,11.085,0.0000,1.0857,0.0000,-1.4475,0.000,31.82,38.0,3,0
216999879,-0.063,11.107,-0.9000,0.4097,-15.4366,-1.7100,0.000,31.82,38.0,3,0
217000879,-0.063,11.085,0.0000,0.0008,15.2940,-9.2424,0.000,31.82,38.0,3,0
217001956,-0.011,11.019,0.9000,-1.2718,15.4366,5.7223,0.000,31.82,38.0,3,0
217002867,-0.011,11.019,0.0000,-0.0267,0.0000,7.4769,0.000,31.82,38.0,3,0
217004195,-0.011,11.085,0.0000,0.9087,0.0000,-1.3925,0.000,31.82,38.0,3,0
217004864,-0.063,11.085,-0.9000,0.4814,-15.4366,-1.6958,0.000,31.82,38.0,3,0
217005937,-0.063,11.085,0.0000,-0.1152,15.2940,-9.5182,0.000,31.82,38.0,3,0
217007203,-0.011,10.997,0.9000,-1.3878,15.4366,4.6478,0.000,31.82,38.0,3,0
217007871,-0.011,10.997,0.0000,-0.1793,0.0000,7.6724,0.000,31.82,38.0,3,0
217009202,-0.011,11.063,0.0000,0.9636,0.0000,-1.3574,0.000,31.82,38.0,3,0
217009878,-0.063,11.063,-0.9000,0.3181,-15.4366,-1.6859,0.000,31.82,38.0,3,0
217010880,-0.063,11.063,0.0000,0.0252,15.2940,-9.2138,0.000,31.82,38.0,3,0
217012201,-0.011,10.976,0.9000,-1.5618,15.4366,5.0917,0.000,31.82,38.0,3,0
217012575,-0.011,10.976,0.0000,-1.1467,0.0000,7.7581,0.000,31.82,38.0,3,0
217013893,-0.011,10.976,0.0000,-0.2312,0.0000,7.4747,0.000,31.82,38.0,3,0
217014878,-0.063,11.063,-0.9000,0.3563,-15.4366,-1.6540,0.000,31.82,38.0,3,0
217016202,-0.063,11.041,0.0000,0.0435,15.2940,-9.2578,0.000,31.82,38.0,3,0
217017202,-0.011,10.954,0.9000,-1.5343,15.4366,5.0796,0.000,31.82,38.0,3,0
217017875,-0.011,10.954,0.0000,-0.1305,0.0000,7.5010,0.000,31.82,38.0,3,0
217019201,-0.011,11.019,0.0000,0.8202,0.0000,-1.3563,0.000,31.82,38.0,3,0
217019872,-0.063,11.019,-0.9000,0.3990,-15.4366,-1.6386,0.000,31.82,38.0,3,0
217020879,-0.063,11.041,0.0000,0.0633,15.2940,-9.2545,0.000,31.82,38.0,3,0
217021883,-0.011,10.932,0.9000,-1.4824,15.4366,5.0455,0.000,31.82,38.0,3,0
217022876,-0.011,10.932,0.0000,-0.1793,0.0000,7.4944,0.000,31.82,38.0,3,0
217024200,-0.011,10.997,0.0000,0.9178,0.0000,-1.3958,0.000,31.82,38.0,3,0
217024872,-0.063,11.019,-0.9000,0.4051,-15.4366,-1.6013,0.000,31.82,38.0,3,0
217025879,-0.063,11.019,0.0000,0.0084,15.2940,-9.2347,0.000,31.82,38.0,3,0
217027202,-0.011,10.910,0.9000,-1.4122,15.4366,5.0291,0.000,31.82,38.0,3,0
217027878,-0.011,10.932,0.0000,-0.0755,0.0000,7.4406,0.000,31.82,38.0,3,0
217029201,-0.011,10.997,0.0000,0.8980,0.0000,-1.3892,0.000,31.82,38.0,3,0
217029874,-0.063,11.019,-0.9000,0.3746,-15.4366,-1.6002,0.000,31.82,38.0,3,0
217030880,-0.063,10.997,0.0000,0.0099,15.2940,-9.2940,0.000,31.82,38.0,3,0
217032174,-0.011,10.910,0.9000,-1.2917,15.4366,5.0587,0.000,31.82,38.0,3,0
217032545,-0.011,10.910,0.0000,-1.1070,0.0000,7.6263,0.000,31.82,38.0,3,0
217033873,-0.011,10.932,0.0000,-0.0755,0.0000,7.3835,0.000,31.82,38.0,3,0
217034575,-0.063,10.997,-0.9000,0.9911,-15.4366,-1.3409,0.000,31.82,38.0,3,0
217035890,-0.063,10.997,0.0000,0.5104,15.2940,-1.6595,0.000,31.82,38.0,3,0
217036573,-0.011,10.997,0.9000,-0.0267,15.4366,-9.2127,0.000,31.82,38.0,3,0
217037582,-0.011,10.910,0.0000,-1.3939,0.0000,4.9829,0.000,31.82,38.0,3,0
217038866,-0.011,10.932,0.0000,0.0603,0.0000,7.4538,0.000,31.82,38.0,3,0
217039668,-0.063,10.997,-0.9000,1.0704,-15.4366,-1.3200,0.000,31.82,38.0,3,0
217040638,-0.063,10.997,0.0000,0.2907,15.2940,-1.5892,0.000,31.82,38.0,3,0
217041549,-0.011,10.997,0.9000,-0.0069,15.4366,-9.2402,0.000,31.82,38.0,3,0
217042545,-0.011,10.910,0.0000,-1.2581,0.0000,4.4028,0.000,31.82,38.0,3,0
217043868,-0.011,10.910,0.0000,-0.1915,0.0000,7.5571,0.000,31.82,38.0,3,0
217044547,-0.063,10.976,-0.9000,0.9377,-15.4366,-1.2761,0.000,31.82,38.0,3,0
217045614,-0.063,10.997,0.0000,0.4006,15.2940,-1.6101,0.000,31.82,38.0,3,0
217046578,-0.011,10.976,0.9000,0.0206,15.4366,-9.5610,0.000,31.82,38.0,3,0
217047605,-0.011,10.888,0.0000,-1.5114,0.0000,4.5259,0.000,31.82,38.0,3,0
217048897,-0.011,10.910,0.0000,-0.1045,0.0000,7.4384,0.000,31.82,38.0,3,0
217049877,-0.063,10.976,-0.9000,0.3761,-15.4366,-1.6606,0.000,31.82,38.0,3,0
217050882,-0.063,10.976,0.0000,0.1167,15.2940,-9.2775,0.000,31.82,38.0,3,0
217052202,-0.011,10.888,0.9000,-1.3161,15.4366,5.0269,0.000,31.82,38.0,3,0
217052564,-0.011,10.866,0.0000,-1.2078,0.0000,7.5461,0.000,31.82,38.0,3,0
217053896,-0.011,10.910,0.0000,0.0267,0.0000,7.3406,0.000,31.82,38.0,3,0
217054946,-0.063,10.976,-0.9000,0.3777,-15.4366,-1.5573,0.000,31.82,38.0,3,0
217056194,-0.063,10.976,0.0000,0.0114,15.2940,-8.9337,0.000,31.82,38.0,3,0
217057184,-0.011,10.888,0.9000,-1.2001,15.4366,4.9181,0.000,31.82,38.0,3,0
217057865,-0.011,10.910,0.0000,-0.0465,0.0000,7.2604,0.000,31.82,38.0,3,0
217059189,-0.011,10.954,0.0000,0.7851,0.0000,-1.3805,0.000,31.82,38.0,3,0
217059861,-0.063,10.976,-0.9000,0.5119,-15.4366,-1.6134,0.000,31.82,38.0,3,0
217060864,-0.063,10.976,0.0000,0.0267,15.2940,-9.3764,0.000,31.82,38.0,3,0
217061863,-0.011,10.888,0.9000,-1.3222,15.4366,5.1049,0.000,31.82,38.0,3,0
217062934,-0.011,10.910,0.0000,0.0862,0.0000,7.1506,0.000,31.82,38.0,3,0
217064200,-0.011,10.976,0.0000,1.0018,0.0000,-1.2069,0.000,31.82,38.0,3,0
217064869,-0.063,10.997,-0.9000,0.6188,-15.4366,-1.6551,0.000,31.82,38.0,3,0
217065871,-0.063,10.997,0.0000,0.1488,15.2940,-9.3402,0.000,31.82,38.0,3,0
217067197,-0.011,10.910,0.9000,-1.3527,15.4366,5.0038,0.000,31.82,38.0,3,0
217067937,-0.011,10.932,0.0000,0.1473,0.0000,7.2099,0.000,31.82,38.0,3,0
217069206,-0.011,10.997,0.0000,1.0780,0.0000,-1.2102,0.000,31.82,38.0,3,0
217069869,-0.063,11.019,-0.9000,0.4234,-15.4366,-1.7199,0.000,31.82,38.0,3,0
217070880,-0.063,11.019,0.0000,0.1915,15.2940,-9.2819,0.000,31.82,38.0,3,0
217072199,-0.011,10.932,0.9000,-1.3634,15.4366,5.0126,0.000,31.82,38.0,3,0
217072566,-0.011,10.932,0.0000,-1.0292,0.0000,7.6131,0.000,31.82,38.0,3,0
217073944,-0.011,10.954,0.0000,0.1060,0.0000,7.3527,0.000,31.82,38.0,3,0
217074555,-0.063,11.019,-0.9000,0.9194,-15.4366,-1.5431,0.000,31.82,38.0,3,0
217075864,-0.063,11.041,0.0000,0.4768,15.2940,-1.7221,0.000,31.82,38.0,3,0
217076609,-0.011,11.041,0.9000,0.1442,15.4366,-9.3336,0.000,31.82,38.0,3,0
217077582,-0.011,10.954,0.0000,-1.4458,0.0000,5.6092,0.000,31.82,38.0,3,0
217078892,-0.011,10.976,0.0000,-0.0313,0.0000,7.3714,0.000,31.82,38.0,3,0
217079872,-0.063,11.041,-0.9000,0.5455,-15.4366,-1.6848,0.000,31.82,38.0,3,0
217080873,-0.063,11.041,0.0000,0.0587,15.2940,-9.3380,0.000,31.82,38.0,3,0
217081875,-0.011,10.954,0.9000,-1.5328,15.4366,5.1170,0.000,31.82,38.0,3,0
217082875,-0.011,10.976,0.0000,-0.0267,0.0000,7.4120,0.000,31.82,38.0,3,0
217084199,-0.011,11.041,0.0000,1.0719,0.0000,-1.4365,0.000,31.82,38.0,3,0
217084875,-0.063,11.063,-0.9000,0.4860,-15.4366,-1.6727,0.000,31.82,38.0,3,0
217085874,-0.063,11.041,0.0000,0.0084,15.2940,-9.3149,0.000,31.82,38.0,3,0
217087197,-0.011,10.976,0.9000,-1.3268,15.4366,5.1258,0.000,31.82,38.0,3,0
217087915,-0.011,10.976,0.0000,-0.0389,0.0000,7.4461,0.000,31.82,38.0,3,0
217089198,-0.011,11.041,0.0000,0.9499,0.0000,-1.3783,0.000,31.82,38.0,3,0
217089870,-0.063,11.063,-0.9000,0.4494,-15.4366,-1.6650,0.000,31.82,38.0,3,0
217090874,-0.063,11.063,0.0000,0.0572,15.2940,-9.3303,0.000,31.82,38.0,3,0
217092196,-0.011,10.976,0.9000,-1.2978,15.4366,5.1554,0.000,31.82,38.0,3,0
217092576,-0.011,10.954,0.0000,-1.0811,0.0000,7.7471,0.000,31.82,38.0,3,0
217093892,-0.011,10.976,0.0000,-0.1701,0.0000,7.4725,0.000,31.82,38.0,3,0
217094873,-0.063,11.063,-0.9000,0.4219,-15.4366,-1.7046,0.000,31.82,38.0,3,0
217096199,-0.063,11.063,0.0000,0.0221,15.2940,-9.2940,0.000,31.82,38.0,3,0
217097198,-0.011,10.976,0.9000,-1.4748,15.4366,5.1631,0.000,31.82,38.0,3,0
217097869,-0.011,10.976,0.0000,-0.1686,0.0000,7.4736,0.000,31.82,38.0,3,0
217099196,-0.011,11.041,0.0000,0.9926,0.0000,-1.4705,0.000,31.82,38.0,3,0
217099862,-0.063,11.063,-0.9000,0.5272,-15.4366,-1.6650,0.000,31.82,38.0,3,0
217100863,-0.063,11.063,0.0000,0.0801,15.2940,-9.2699,0.000,31.82,38.0,3,0
217101863,-0.011,10.954,0.9000,-1.4336,15.4366,5.1027,0.000,31.82,38.0,3,0
217102873,-0.011,10.976,0.0000,-0.0526,0.0000,7.4856,0.000,31.82,38.0,3,0
217104193,-0.011,11.063,0.0000,1.1070,0.0000,-1.3684,0.000,31.82,38.0,3,0
217104871,-0.063,11.063,-0.9000,0.3655,-15.4366,-1.6980,0.000,31.82,38.0,3,0
217105874,-0.063,11.041,0.0000,-0.0038,15.2940,-9.2995,0.000,31.82,38.0,3,0
217107097,-0.011,10.976,0.9000,-1.4000,15.4366,3.8195,0.000,31.82,38.0,3,0
217107863,-0.011,10.976,0.0000,-0.0862,0.0000,7.5571,0.000,31.82,38.0,3,0
217109189,-0.011,11.041,0.0000,1.1604,0.0000,-1.3794,0.000,31.82,38.0,3,0
217109944,-0.063,11.063,-0.9000,0.4356,-15.4366,-1.6617,0.000,31.82,38.0,3,0
217110805,-0.063,11.063,0.0000,0.1137,15.2940,-8.2042,0.000,31.82,38.0,3,0
217112267,-0.011,10.976,0.9000,-1.2474,15.4366,6.1178,0.000,31.82,38.0,3,0
217112547,-0.011,10.976,0.0000,-0.7836,0.0000,7.6669,0.000,31.82,38.0,3,0
217113868,-0.011,11.019,0.0000,0.2220,0.0000,7.0198,0.000,31.82,38.0,3,0
217114568,-0.063,11.085,-0.9000,1.1330,-15.4366,-1.4782,0.000,31.85,38.0,3,0
217115568,-0.063,11.107,0.0000,0.5470,15.2940,-1.7276,0.000,31.85,38.0,3,0
217116547,-0.011,11.107,0.9000,0.1900,15.4366,-9.2545,0.000,31.85,38.0,3,0
217117614,-0.011,11.019,0.0000,-1.1772,0.0000,5.0917,0.000,31.85,38.0,3,0
217118894,-0.011,11.041,0.0000,0.1915,0.0000,7.4263,0.000,31.85,38.0,3,0
217119609,-0.063,11.107,-0.9000,1.0628,-15.4366,-1.2640,0.000,31.85,38.0,3,0
217120583,-0.063,11.151,0.0000,0.6218,15.2940,-1.7287,0.000,31.85,38.0,3,0
217121579,-0.011,11.151,0.9000,0.1900,15.4366,-8.9370,0.000,31.85,38.0,3,0
217122579,-0.011,11.063,0.0000,-1.2230,0.0000,4.9906,0.000,31.85,38.0,3,0
217123896,-0.011,11.085,0.0000,0.1122,0.0000,7.4911,0.000,31.85,38.0,3,0
217124868,-0.063,11.195,-0.9000,0.5516,-15.4366,-1.7782,0.000,31.85,38.0,3,0
217125950,-0.063,11.195,0.0000,0.1076,15.2940,-9.5335,0.000,31.85,38.0,3,0
217127192,-0.011,11.107,0.9000,-1.2642,15.4366,4.5984,0.000,31.85,38.0,3,0
217127857,-0.011,11.107,0.0000,-0.1320,0.0000,7.7295,0.000,31.85,38.0,3,0
217129183,-0.011,11.173,0.0000,1.0979,0.0000,-1.4167,0.000,31.85,38.0,3,0
217129857,-0.063,11.195,-0.9000,0.5043,-15.4366,-1.7507,0.000,31.85,38.0,3,0
217130863,-0.063,11.195,0.0000,0.0633,15.2940,-9.2138,0.000,31.85,38.0,3,0
217132183,-0.011,11.107,0.9000,-1.3527,15.4366,5.0565,0.000,31.85,38.0,3,0
217132544,-0.011,11.107,0.0000,-1.1315,0.0000,7.7087,0.000,31.85,38.0,3,0
217133924,-0.011,11.107,0.0000,-0.0587,0.0000,7.5175,0.000,31.85,38.0,3,0
217134579,-0.063,11.195,-0.9000,0.9895,-15.4366,-1.6134,0.000,31.85,38.0,3,0
217135926,-0.063,11.195,0.0000,0.5043,15.2940,-1.7430,0.000,31.85,38.0,3,0
217136581,-0.011,11.195,0.9000,-0.0343,15.4366,-9.5171,0.000,31.85,38.0,3,0
217137583,-0.011,11.107,0.0000,-1.4504,0.0000,4.6533,0.000,31.85,38.0,3,0
217138902,-0.011,11.107,0.0000,-0.0969,0.0000,7.7768,0.000,31.85,38.0,3,0
217139629,-0.063,11.151,-0.9000,0.9865,-15.4366,-1.5705,0.000,31.85,38.0,3,0
217140552,-0.063,11.173,0.0000,0.3349,15.2940,-1.6529,0.000,31.85,38.0,3,0
217141545,-0.011,11.173,0.9000,0.0526,15.4366,-8.8590,0.000,31.85,38.0,3,0
217142606,-0.011,11.085,0.0000,-1.3985,0.0000,5.0434,0.000,31.85,38.0,3,0
217143895,-0.011,11.085,0.0000,-0.0740,0.0000,7.3758,0.000,31.85,38.0,3,0
217144578,-0.063,11.151,-0.9000,0.9529,-15.4366,-1.1893,0.000,31.85,38.0,3,0
217145578,-0.063,11.173,0.0000,0.3807,15.2940,-1.8551,0.000,31.85,38.0,3,0
217146576,-0.011,11.173,0.9000,0.0069,15.4366,-9.2171,0.000,31.85,38.0,3,0
217147575,-0.011,11.085,0.0000,-1.3634,0.0000,5.1356,0.000,31.85,38.0,3,0
217148894,-0.011,11.085,0.0000,-0.0603,0.0000,7.5571,0.000,31.85,38.0,3,0
217149575,-0.063,11.151,-0.9000,0.8598,-15.4366,-1.4563,0.000,31.85,38.0,3,0
217150578,-0.063,11.151,0.0000,0.4006,15.2940,-1.7364,0.000,31.85,38.0,3,0
217151886,-0.011,11.151,0.9000,0.0648,15.4366,-9.2424,0.000,31.85,38.0,3,0
217152576,-0.011,11.063,0.0000,-1.1467,0.0000,7.6175,0.000,31.85,38.0,3,0
217153891,-0.011,11.085,0.0000,-0.1457,0.0000,7.4835,0.000,31.85,38.0,3,0
217154868,-0.063,11.151,-0.9000,0.3334,-15.4366,-1.7507,0.000,31.85,38.0,3,0
217156196,-0.063,11.151,0.0000,0.0664,15.2940,-9.1897,0.000,31.85,38.0,3,0
217157197,-0.011,11.063,0.9000,-1.3680,15.4366,5.1367,0.000,31.85,38.0,3,0
217157866,-0.011,11.063,0.0000,-0.0664,0.0000,7.5208,0.000,31.85,38.0,3,0
217159200,-0.011,11.129,0.0000,0.8721,0.0000,-1.4475,0.000,31.85,38.0,3,0
217159859,-0.063,11.151,-0.9000,0.3334,-15.4366,-1.7881,0.000,31.85,38.0,3,0
217160862,-0.063,11.129,0.0000,0.0084,15.2940,-9.2314,0.000,31.85,38.0,3,0
217161861,-0.011,11.041,0.9000,-1.4031,15.4366,5.1565,0.000,31.85,38.0,3,0
217162874,-0.011,11.063,0.0000,-0.0999,0.0000,7.4889,0.000,31.85,38.0,3,0
217164194,-0.011,11.129,0.0000,0.9712,0.0000,-1.4321,0.000,31.85,38.0,3,0
217164867,-0.063,11.129,-0.9000,0.3746,-15.4366,-1.7507,0.000,31.85,38.0,3,0
217165873,-0.063,11.129,0.0000,-0.0572,15.2940,-9.2116,0.000,31.85,38.0,3,0
217167195,-0.011,11.041,0.9000,-1.4061,15.4366,5.1477,0.000,31.85,38.0,3,0
217167870,-0.011,11.041,0.0000,-0.0175,0.0000,7.5076,0.000,31.85,38.0,3,0
217169193,-0.011,11.107,0.0000,0.8690,0.0000,-1.4024,0.000,31.85,38.0,3,0
217169857,-0.063,11.107,-0.9000,0.3090,-15.4366,-1.7254,0.000,31.85,38.0,3,0
217170969,-0.063,11.107,0.0000,-0.0038,15.2940,-9.5028,0.000,31.85,38.0,3,0
217172265,-0.011,11.019,0.9000,-1.6106,15.4366,5.2158,0.000,31.85,38.0,3,0
217172547,-0.011,10.997,0.0000,-1.2688,0.0000,7.9031,0.000,31.85,38.0,3,0
217173867,-0.011,11.019,0.0000,-0.1488,0.0000,7.6702,0.000,31.85,38.0,3,0
217174545,-0.063,11.063,-0.9000,0.8339,-15.4366,-1.3618,0.000,31.85,38.0,3,0
217175868,-0.063,11.085,0.0000,0.2937,15.2940,-1.6738,0.000,31.85,38.0,3,0
217176611,-0.011,11.063,0.9000,-0.1106,15.4366,-9.2655,0.000,31.85,38.0,3,0
217177649,-0.011,10.976,0.0000,-1.4900,0.0000,5.6608,0.000,31.85,38.0,3,0
217178892,-0.011,10.976,0.0000,-0.2129,0.0000,7.3209,0.000,31.85,38.0,3,0
217179580,-0.063,11.041,-0.9000,0.7897,-15.4366,-1.2058,0.000,31.85,38.0,3,0
217180578,-0.063,11.041,0.0000,0.4158,15.2940,-1.7474,0.000,31.85,38.0,3,0
217181580,-0.011,11.041,0.9000,0.0374,15.4366,-9.3248,0.000,31.85,38.0,3,0
217182604,-0.011,10.954,0.0000,-1.3451,0.0000,5.1763,0.000,31.85,38.0,3,0
217183889,-0.011,10.976,0.0000,0.0710,0.0000,7.3560,0.000,31.85,38.0,3,0
217184580,-0.063,11.019,-0.9000,0.9682,-15.4366,-1.1981,0.000,31.85,38.0,3,0
217185614,-0.063,11.041,0.0000,0.4021,15.2940,-1.7024,0.000,31.85,38.0,3,0
217186550,-0.011,11.041,0.9000,0.0252,15.4366,-9.6247,0.000,31.85,38.0,3,0
217187545,-0.011,10.954,0.0000,-1.5160,0.0000,4.6237,0.000,31.85,38.0,3,0
217188865,-0.011,10.954,0.0000,-0.1656,0.0000,7.7054,0.000,31.85,38.0,3,0
217189552,-0.063,11.019,-0.9000,0.9621,-15.4366,-1.3387,0.000,31.85,38.0,3,0
217190610,-0.063,11.019,0.0000,0.2480,15.2940,-1.6837,0.000,31.85,38.0,3,0
217191888,-0.011,10.997,0.9000,0.0404,15.4366,-9.5160,0.000,31.85,38.0,3,0
217192603,-0.011,10.910,0.0000,-1.3542,0.0000,7.2989,0.000,31.85,38.0,3,0
217193897,-0.011,10.910,0.0000,-0.2007,0.0000,7.4714,0.000,31.85,38.0,3,0
217194586,-0.063,10.976,-0.9000,0.8721,-15.4366,-1.0893,0.000,31.85,38.0,3,0
217195899,-0.063,10.997,0.0000,0.3670,15.2940,-1.6881,0.000,31.85,38.0,3,0
217197195,-0.011,10.888,0.9000,-1.3466,15.4366,5.0642,0.000,31.85,38.0,3,0
217197869,-0.011,10.910,0.0000,-0.1976,0.0000,7.3901,0.000,31.85,38.0,3,0
217199198,-0.011,10.976,0.0000,0.9819,0.0000,-1.3585,0.000,31.85,38.0,3,0
217199913,-0.063,10.976,-0.9000,0.4646,-15.4366,-1.6035,0.000,31.85,38.0,3,0
217200952,-0.063,10.976,0.0000,0.0298,15.2940,-9.5445,0.000,31.85,38.0,3,0
217201860,-0.011,10.866,0.9000,-1.5221,15.4366,4.5830,0.000,31.85,38.0,3,0
217202856,-0.011,10.888,0.0000,-0.2403,0.0000,7.5373,0.000,31.85,38.0,3,0
217204189,-0.011,10.932,0.0000,0.7469,0.0000,-1.2695,0.000,31.85,38.0,3,0
217204931,-0.063,10.954,-0.9000,0.3044,-15.4366,-1.5068,0.000,31.85,38.0,3,0
217205872,-0.063,10.954,0.0000,0.0572,15.2940,-9.0062,0.000,31.85,38.0,3,0
217207195,-0.011,10.866,0.9000,-1.3558,15.4366,4.9335,0.000,31.85,38.0,3,0
217207864,-0.011,10.866,0.0000,-0.1076,0.0000,7.2879,0.000,31.85,38.0,3,0
217209199,-0.011,10.932,0.0000,0.8766,0.0000,-1.3145,0.000,31.85,38.0,3,0
217209908,-0.063,10.954,-0.9000,0.4494,-15.4366,-1.6244,0.000,31.85,38.0,3,0
217210872,-0.063,10.954,0.0000,0.0420,15.2940,-9.2951,0.000,31.85,38.0,3,0
217212194,-0.011,10.866,0.9000,-1.3069,15.4366,5.0521,0.000,31.85,38.0,3,0
217212575,-0.011,10.844,0.0000,-1.0338,0.0000,7.5593,0.000,31.85,38.0,3,0
217213893,-0.011,10.866,0.0000,-0.0618,0.0000,7.2758,0.000,31.85,38.0,3,0
217214579,-0.063,10.932,-0.9000,0.9468,-15.4366,-1.3288,0.000,31.85,38.0,3,0
217215895,-0.063,10.954,0.0000,0.5257,15.2940,-1.5738,0.000,31.85,38.0,3,0
217217233,-0.011,10.866,0.9000,-1.2612,15.4366,4.9939,0.000,31.85,38.0,3,0
217217913,-0.011,10.888,0.0000,-0.0114,0.0000,7.1692,0.000,31.85,38.0,3,0
217219234,-0.011,10.932,0.0000,0.9468,0.0000,-1.3189,0.000,31.85,38.0,3,0
217219866,-0.063,10.954,-0.9000,0.4540,-15.4366,-1.6178,0.000,31.85,38.0,3,0
217220871,-0.063,10.954,0.0000,0.1030,15.2940,-9.3160,0.000,31.85,38.0,3,0
217221868,-0.011,10.866,0.9000,-1.2306,15.4366,4.9653,0.000,31.85,38.0,3,0
217222872,-0.011,10.888,0.0000,-0.1686,0.0000,7.2769,0.000,31.85,38.0,3,0
217224236,-0.011,10.954,0.0000,0.9880,0.0000,-1.3563,0.000,31.85,38.0,3,0
217224870,-0.063,10.954,-0.9000,0.4967,-15.4366,-1.5837,0.000,31.85,38.0,3,0
217225871,-0.063,10.954,0.0000,0.0175,15.2940,-9.3380,0.000,31.85,38.0,3,0
217227192,-0.011,10.866,0.9000,-1.3359,15.4366,4.9478,0.000,31.85,38.0,3,0
217227912,-0.011,10.888,0.0000,-0.0694,0.0000,7.3055,0.000,31.85,38.0,3,0
217229188,-0.011,10.954,0.0000,1.0185,0.0000,-1.3409,0.000,31.85,38.0,3,0
217229857,-0.063,10.976,-0.9000,0.3853,-15.4366,-1.6167,0.000,31.85,38.0,3,0
217230858,-0.063,10.976,0.0000,0.0710,15.2940,-9.3490,0.000,31.85,38.0,3,0
217232179,-0.011,10.888,0.9000,-1.3451,15.4366,4.9610,0.000,31.85,38.0,3,0
217232577,-0.011,10.888,0.0000,-1.1254,0.0000,7.5516,0.000,31.85,38.0,3,0
217233886,-0.011,10.888,0.0000,0.0008,0.0000,7.3439,0.000,31.85,38.0,3,0
217234868,-0.063,10.976,-0.9000,0.2876,-15.4366,-1.6002,0.000,31.85,38.0,3,0
217236189,-0.063,10.976,0.0000,0.2510,15.2940,-9.2929,0.000,31.85,38.0,3,0
217237193,-0.011,10.888,0.9000,-1.4778,15.4366,4.9862,0.000,31.85,38.0,3,0
217237859,-0.011,10.910,0.0000,0.0008,0.0000,7.3121,0.000,31.85,38.0,3,0
217239288,-0.011,10.976,0.0000,1.0277,0.0000,-1.5244,0.000,31.89,38.0,3,0
217239762,-0.063,10.997,-0.9000,0.5592,-15.4366,-1.8023,0.000,31.89,38.0,3,0
217240943,-0.063,10.976,0.0000,-0.0282,15.2940,-10.1795,0.000,31.89,38.0,3,0
217241855,-0.011,10.866,0.9000,-1.6518,15.4366,4.7852,0.000,31.89,38.0,3,0
217242857,-0.011,10.866,0.0000,-0.3105,0.0000,7.7372,0.000,31.89,38.0,3,0
217244187,-0.011,10.932,0.0000,0.8614,0.0000,-1.2233,0.000,31.89,38.0,3,0
217244858,-0.063,10.932,-0.9000,0.2617,-15.4366,-1.5991,0.000,31.89,38.0,3,0
217245858,-0.063,10.932,0.0000,0.0343,15.2940,-9.2160,0.000,31.89,38.0,3,0
217247177,-0.011,10.844,0.9000,-1.3222,15.4366,5.0137,0.000,31.89,38.0,3,0
217247927,-0.011,10.844,0.0000,-0.1671,0.0000,7.1780,0.000,31.89,38.0,3,0
217249242,-0.011,10.910,0.0000,0.9072,0.0000,-1.0585,0.000,31.89,38.0,3,0
217249908,-0.063,10.932,-0.9000,0.4494,-15.4366,-1.6551,0.000,31.89,38.0,3,0
217250872,-0.063,10.910,0.0000,0.0771,15.2940,-9.3687,0.000,31.89,38.0,3,0
217252254,-0.011,10.822,0.9000,-1.4000,15.4366,5.5751,0.000,31.89,38.0,3,0
217252564,-0.011,10.844,0.0000,-1.1086,0.0000,7.7065,0.000,31.89,38.0,3,0
217253899,-0.011,10.844,0.0000,-0.2022,0.0000,7.2868,0.000,31.89,38.0,3,0
217254568,-0.063,10.910,-0.9000,0.9270,-15.4366,-1.3343,0.000,31.89,38.0,3,0
217255901,-0.063,10.910,0.0000,0.3944,15.2940,-1.5859,0.000,31.89,38.0,3,0
217257231,-0.011,10.822,0.9000,-1.3970,15.4366,5.0214,0.000,31.89,38.0,3,0
217257868,-0.011,10.844,0.0000,0.0404,0.0000,7.3011,0.000,31.89,38.0,3,0
217259199,-0.011,10.910,0.0000,0.9209,0.0000,-1.3332,0.000,31.89,38.0,3,0
217259863,-0.063,10.932,-0.9000,0.3243,-15.4366,-1.6211,0.000,31.89,38.0,3,0
217260948,-0.063,10.932,0.0000,0.1640,15.2940,-9.5357,0.000,31.89,38.0,3,0
217261859,-0.011,10.822,0.9000,-1.4488,15.4366,4.4501,0.000,31.89,38.0,3,0
217262856,-0.011,10.844,0.0000,-0.0587,0.0000,7.4824,0.000,31.89,38.0,3,0
217264186,-0.011,10.888,0.0000,0.7362,0.0000,-1.2706,0.000,31.89,38.0,3,0
217264858,-0.063,10.910,-0.9000,0.4646,-15.4366,-1.5815,0.000,31.89,38.0,3,0
217265861,-0.063,10.910,0.0000,0.0175,15.2940,-9.3523,0.000,31.89,38.0,3,0
217267179,-0.011,10.822,0.9000,-1.1528,15.4366,5.0576,0.000,31.89,38.0,3,0
217267859,-0.011,10.844,0.0000,0.0008,0.0000,7.2066,0.000,31.89,38.0,3,0
217269253,-0.011,10.888,0.0000,0.8644,0.0000,-1.4640,0.000,31.89,38.0,3,0
217269860,-0.063,10.910,-0.9000,0.4112,-15.4366,-1.6397,0.000,31.89,38.0,3,0
217270869,-0.063,10.910,0.0000,-0.0450,15.2940,-9.3303,0.000,31.89,38.0,3,0
217272250,-0.011,10.822,0.9000,-1.3344,15.4366,5.5839,0.000,31.89,38.0,3,0
217272580,-0.011,10.822,0.0000,-1.1330,0.0000,7.6548,0.000,31.89,38.0,3,0
217273896,-0.011,10.844,0.0000,0.0679,0.0000,7.0660,0.000,31.89,38.0,3,0
217274582,-0.063,10.910,-0.9000,0.9224,-15.4366,-1.4771,0.000,31.89,38.0,3,0
217275931,-0.063,10.910,0.0000,0.3853,15.2940,-1.6167,0.000,31.89,38.0,3,0
217276606,-0.011,10.910,0.9000,0.0481,15.4366,-9.6137,0.000,31.89,38.0,3,0
217277551,-0.011,10.822,0.0000,-1.3741,0.0000,5.1126,0.000,31.89,38.0,3,0
217278906,-0.011,10.822,0.0000,-0.1656,0.0000,7.4637,0.000,31.89,38.0,3,0
217279586,-0.063,10.888,-0.9000,0.9712,-15.4366,-1.4826,0.000,31.89,38.0,3,0
217280579,-0.063,10.888,0.0000,0.2907,15.2940,-1.5354,0.000,31.89,38.0,3,0
217281574,-0.011,10.910,0.9000,0.1335,15.4366,-9.0040,0.000,31.89,38.0,3,0
217282575,-0.011,10.822,0.0000,-1.3298,0.0000,4.9621,0.000,31.89,38.0,3,0
217283893,-0.011,10.844,0.0000,0.0221,0.0000,7.0275,0.000,31.89,38.0,3,0
217284578,-0.063,10.910,-0.9000,0.9712,-15.4366,-1.5079,0.000,31.89,38.0,3,0
217285579,-0.063,10.910,0.0000,0.3670,15.2940,-1.6298,0.000,31.89,38.0,3,0
217286576,-0.011,10.910,0.9000,0.0603,15.4366,-9.3610,0.000,31.89,38.0,3,0
217287575,-0.011,10.822,0.0000,-1.2718,0.0000,5.0741,0.000,31.89,38.0,3,0
217288893,-0.011,10.844,0.0000,0.0908,0.0000,7.0759,0.000,31.89,38.0,3,0
217289578,-0.063,10.910,-0.9000,0.9972,-15.4366,-1.4738,0.000,31.89,38.0,3,0
217290579,-0.063,10.932,0.0000,0.4982,15.2940,-1.6222,0.000,31.89,38.0,3,0
217291887,-0.011,10.932,0.9000,0.0938,15.4366,-9.3841,0.000,31.89,38.0,3,0
217292575,-0.011,10.844,0.0000,-1.3313,0.0000,5.0423,0.000,31.89,38.0,3,0
217293901,-0.011,10.822,0.0000,-1.3497,0.0000,6.7847,0.000,31.89,38.0,3,0
217294547,-0.063,10.932,-0.9000,0.9148,-15.4366,-1.4859,0.000,31.89,38.0,3,0
217295864,-0.063,10.932,0.0000,0.4112,15.2940,-1.6101,0.000,31.89,38.0,3,0
217296572,-0.011,10.932,0.9000,0.0572,15.4366,-9.3896,0.000,31.89,38.0,3,0
217297575,-0.011,10.844,0.0000,-1.3344,0.0000,5.0368,0.000,31.89,38.0,3,0
217298888,-0.011,10.866,0.0000,-0.0984,0.0000,7.2264,0.000,31.89,38.0,3,0
217299771,-0.063,10.954,-0.9000,0.5348,-15.4366,-1.7441,0.000,31.89,38.0,3,0
217300856,-0.063,10.954,0.0000,-0.0359,15.2940,-9.8620,0.000,31.89,38.0,3,0
217301857,-0.011,10.844,0.9000,-1.5084,15.4366,5.2147,0.000,31.89,38.0,3,0
217302963,-0.011,10.866,0.0000,0.0160,0.0000,7.2176,0.000,31.89,38.0,3,0
217304261,-0.011,10.932,0.0000,1.0262,0.0000,-1.3189,0.000,31.89,38.0,3,0
217304854,-0.063,10.932,-0.9000,0.4326,-15.4366,-1.6507,0.000,31.89,38.0,3,0
217305853,-0.063,10.932,0.0000,0.1015,15.2940,-9.3314,0.000,31.89,38.0,3,0
217307175,-0.011,10.866,0.9000,-1.3146,15.4366,4.9983,0.000,31.89,38.0,3,0
217307854,-0.011,10.866,0.0000,-0.0984,0.0000,7.2736,0.000,31.89,38.0,3,0
217309175,-0.011,10.932,0.0000,0.8125,0.0000,-1.3574,0.000,31.89,38.0,3,0
217309852,-0.063,10.954,-0.9000,0.4448,-15.4366,-1.5881,0.000,31.89,38.0,3,0
217310854,-0.063,10.954,0.0000,0.0832,15.2940,-9.2907,0.000,31.89,38.0,3,0
217312251,-0.011,10.866,0.9000,-1.2108,15.4366,5.5806,0.000,31.89,38.0,3,0
217312577,-0.011,10.866,0.0000,-0.9377,0.0000,7.6746,0.000,31.89,38.0,3,0
217313894,-0.011,10.888,0.0000,0.0359,0.0000,7.1022,0.000,31.89,38.0,3,0
217314580,-0.063,10.954,-0.9000,0.9636,-15.4366,-1.3574,0.000,31.89,38.0,3,0
217315922,-0.063,10.954,0.0000,0.4891,15.2940,-1.6529,0.000,31.89,38.0,3,0
217316582,-0.011,10.976,0.9000,0.2419,15.4366,-9.6280,0.000,31.89,38.0,3,0
217317584,-0.011,10.866,0.0000,-1.3634,0.0000,5.1258,0.000,31.89,38.0,3,0
217318893,-0.011,10.888,0.0000,-0.1534,0.0000,7.5318,0.000,31.89,38.0,3,0
217319568,-0.063,10.954,-0.9000,0.8736,-15.4366,-1.5112,0.000,31.89,38.0,3,0
217320634,-0.063,10.954,0.0000,0.4311,15.2940,-1.6057,0.000,31.89,38.0,3,0
217321550,-0.011,10.954,0.9000,0.0237,15.4366,-9.5874,0.000,31.89,38.0,3,0
217322545,-0.011,10.866,0.0000,-1.3054,0.0000,4.5347,0.000,31.89,38.0,3,0
217323864,-0.011,10.888,0.0000,-0.1915,0.0000,7.5318,0.000,31.89,38.0,3,0
217324547,-0.063,10.932,-0.9000,0.9514,-15.4366,-1.2640,0.000,31.89,38.0,3,0
217325612,-0.063,10.954,0.0000,0.3395,15.2940,-1.5947,0.000,31.89,38.0,3,0
217326574,-0.011,10.932,0.9000,-0.0053,15.4366,-9.5808,0.000,31.89,38.0,3,0
217327607,-0.011,10.844,0.0000,-1.5297,0.0000,4.5204,0.000,31.89,38.0,3,0
217328896,-0.011,10.844,0.0000,-0.0862,0.0000,7.3824,0.000,31.89,38.0,3,0
217329583,-0.063,10.910,-0.9000,0.7912,-15.4366,-1.2750,0.000,31.89,38.0,3,0
217330586,-0.063,10.932,0.0000,0.3868,15.2940,-1.5958,0.000,31.89,38.0,3,0
217331932,-0.011,10.910,0.9000,-0.0175,15.4366,-9.5775,0.000,31.89,38.0,3,0
217332551,-0.011,10.822,0.0000,-1.4382,0.0000,5.1741,0.000,31.89,38.0,3,0
217333864,-0.011,10.822,0.0000,-1.3527,0.0000,6.5705,0.000,31.89,38.0,3,0
217334547,-0.063,10.888,-0.9000,0.8644,-15.4366,-1.2168,0.000,31.89,38.0,3,0
217335866,-0.063,10.910,0.0000,0.3655,15.2940,-1.5914,0.000,31.89,38.0,3,0
217336605,-0.011,10.888,0.9000,-0.0420,15.4366,-9.2688,0.000,31.89,38.0,3,0
217337582,-0.011,10.800,0.0000,-1.2718,0.0000,5.6026,0.000,31.89,38.0,3,0
217338920,-0.011,10.822,0.0000,-0.0435,0.0000,7.1132,0.000,31.89,38.0,3,0
217339583,-0.063,10.866,-0.9000,0.9758,-15.4366,-1.2321,0.000,31.89,38.0,3,0
217340581,-0.063,10.888,0.0000,0.4097,15.2940,-1.6057,0.000,31.89,38.0,3,0
217341578,-0.011,10.888,0.9000,0.1457,15.4366,-9.2644,0.000,31.89,38.0,3,0
217342618,-0.011,10.800,0.0000,-1.3146,0.0000,5.0170,0.000,31.89,38.0,3,0
217343883,-0.011,10.822,0.0000,0.0999,0.0000,7.1066,0.000,31.89,38.0,3,0
217344571,-0.063,10.866,-0.9000,1.0597,-15.4366,-1.0805,0.000,31.89,38.0,3,0
217345607,-0.063,10.888,0.0000,0.5257,15.2940,-1.6496,0.000,31.89,38.0,3,0
217346579,-0.011,10.888,0.9000,0.0221,15.4366,-9.5753,0.000,31.89,38.0,3,0
217347573,-0.011,10.822,0.0000,-1.2688,0.0000,4.4655,0.000,31.89,38.0,3,0
217348891,-0.011,10.822,0.0000,-0.1137,0.0000,7.4362,0.000,31.89,38.0,3,0
217349578,-0.063,10.888,-0.9000,0.8309,-15.4366,-1.4233,0.000,31.89,38.0,3,0
217350576,-0.063,10.888,0.0000,0.3410,15.2940,-1.6046,0.000,31.89,38.0,3,0
217351890,-0.011,10.888,0.9000,0.1167,15.4366,-9.3621,0.000,31.89,38.0,3,0
217352574,-0.011,10.822,0.0000,-1.2306,0.0000,5.0455,0.000,31.89,38.0,3,0
217353892,-0.011,10.800,0.0000,-1.1131,0.0000,6.7891,0.000,31.89,38.0,3,0
217354599,-0.063,10.888,-0.9000,1.0231,-15.4366,-1.3431,0.000,31.92,38.0,3,0
217355598,-0.063,10.910,0.0000,0.5196,15.2940,-1.6287,0.000,31.92,38.0,3,0
217356578,-0.011,10.910,0.9000,0.0664,15.4366,-9.6225,0.000,31.92,38.0,3,0
217357578,-0.011,10.822,0.0000,-1.2779,0.0000,5.0686,0.000,31.92,38.0,3,0
217358890,-0.011,10.844,0.0000,0.0267,0.0000,7.3516,0.000,31.92,38.0,3,0
217359578,-0.063,10.888,-0.9000,0.8644,-15.4366,-1.4782,0.000,31.92,38.0,3,0
217360584,-0.063,10.910,0.0000,0.3853,15.2940,-1.6101,0.000,31.92,38.0,3,0
217361548,-0.011,10.910,0.9000,0.0313,15.4366,-9.6181,0.000,31.92,38.0,3,0
217362545,-0.011,10.822,0.0000,-1.3664,0.0000,4.5325,0.000,31.92,38.0,3,0
217363885,-0.011,10.822,0.0000,-0.2358,0.0000,7.4560,0.000,31.92,38.0,3,0
217364861,-0.063,10.888,-0.9000,0.3044,-15.4366,-1.6233,0.000,31.92,38.0,3,0
217365867,-0.063,10.888,0.0000,0.0481,15.2940,-9.3050,0.000,31.92,38.0,3,0
217367089,-0.011,10.800,0.9000,-1.3619,15.4366,3.7535,0.000,31.92,38.0,3,0
217367852,-0.011,10.822,0.0000,0.0206,0.0000,7.2670,0.000,31.92,38.0,3,0
217369174,-0.011,10.866,0.0000,0.9758,0.0000,-1.3101,0.000,31.92,38.0,3,0
217369937,-0.063,10.888,-0.9000,0.5577,-15.4366,-1.5727,0.000,31.92,38.0,3,0
217370796,-0.063,10.888,0.0000,0.1091,15.2940,-8.2481,0.000,31.92,38.0,3,0
217372255,-0.011,10.822,0.9000,-1.0918,15.4366,6.0882,0.000,31.92,38.0,3,0
217372545,-0.011,10.822,0.0000,-0.7393,0.0000,7.4340,0.000,31.92,38.0,3,0
217373868,-0.011,10.844,0.0000,0.3014,0.0000,6.7583,0.000,31.92,38.0,3,0
217374547,-0.063,10.910,-0.9000,0.9865,-15.4366,-1.3870,0.000,31.92,38.0,3,0
217375866,-0.063,10.932,0.0000,0.5867,15.2940,-1.5892,0.000,31.92,38.0,3,0
217376545,-0.011,10.954,0.9000,0.2846,15.4366,-9.4281,0.000,31.92,38.0,3,0
217377614,-0.011,10.866,0.0000,-1.1864,0.0000,4.9599,0.000,31.92,38.0,3,0
217378894,-0.011,10.888,0.0000,0.2220,0.0000,7.1264,0.000,31.92,38.0,3,0
217379587,-0.063,10.954,-0.9000,1.0964,-15.4366,-1.4365,0.000,31.92,38.0,3,0
217380601,-0.063,10.997,0.0000,0.6111,15.2940,-1.6507,0.000,31.92,38.0,3,0
217381579,-0.011,10.997,0.9000,0.3014,15.4366,-9.4028,0.000,31.92,38.0,3,0
217382584,-0.011,10.910,0.0000,-1.1589,0.0000,4.3886,0.000,31.92,38.0,3,0
217383896,-0.011,10.932,0.0000,0.0679,0.0000,7.3088,0.000,31.92,38.0,3,0
217384605,-0.063,10.997,-0.9000,1.0964,-15.4366,-1.4629,0.000,31.75,38.0,3,0
217385627,-0.063,11.019,0.0000,0.5074,15.2940,-1.7057,0.000,31.75,38.0,3,0
217386553,-0.011,11.041,0.9000,0.2571,15.4366,-9.6489,0.000,31.75,38.0,3,0
217387545,-0.011,10.954,0.0000,-1.3695,0.0000,4.4852,0.000,31.75,38.0,3,0
217388863,-0.011,10.954,0.0000,-0.1518,0.0000,7.6208,0.000,31.75,38.0,3,0
217389547,-0.063,11.019,-0.9000,1.0094,-15.4366,-1.3695,0.000,31.75,38.0,3,0
217390611,-0.063,11.041,0.0000,0.5303,15.2940,-1.7496,0.000,31.75,38.0,3,0
217391889,-0.011,11.019,0.9000,-0.0938,15.4366,-9.5885,0.000,31.75,38.0,3,0
217392576,-0.011,10.932,0.0000,-1.4061,0.0000,5.1895,0.000,31.75,38.0,3,0
217393921,-0.011,10.932,0.0000,-1.3848,0.0000,6.6089,0.000,31.75,38.0,3,0
217394580,-0.063,11.019,-0.9000,0.9453,-15.4366,-1.3530,0.000,31.75,38.0,3,0
217395900,-0.063,11.041,0.0000,0.5028,15.2940,-1.7144,0.000,31.75,38.0,3,0
217396573,-0.011,11.019,0.9000,-0.0893,15.4366,-9.6071,0.000,31.75,38.0,3,0
217397635,-0.011,10.932,0.0000,-1.5679,0.0000,5.2345,0.000,31.75,38.0,3,0
217398869,-0.011,10.932,0.0000,0.0557,0.0000,7.5450,0.000,31.75,38.0,3,0
217399547,-0.063,10.997,-0.9000,0.9224,-15.4366,-1.1234,0.000,31.75,38.0,3,0
217400612,-0.063,10.997,0.0000,0.3624,15.2940,-1.6771,0.000,31.75,38.0,3,0
217401575,-0.011,10.997,0.9000,-0.0130,15.4366,-9.5379,0.000,31.75,38.0,3,0
217402575,-0.011,10.910,0.0000,-1.4611,0.0000,5.2202,0.000,31.75,38.0,3,0
217403891,-0.011,10.910,0.0000,-0.2358,0.0000,7.4637,0.000,31.75,38.0,3,0
217404578,-0.063,10.976,-0.9000,0.9590,-15.4366,-1.3486,0.000,31.75,38.0,3,0
217405578,-0.063,10.997,0.0000,0.3822,15.2940,-1.5958,0.000,31.75,38.0,3,0
217406575,-0.011,10.976,0.9000,-0.1091,15.4366,-9.3061,0.000,31.75,38.0,3,0
217407575,-0.011,10.888,0.0000,-1.4321,0.0000,5.0796,0.000,31.75,38.0,3,0
217408889,-0.011,10.910,0.0000,0.0145,0.0000,7.3527,0.000,31.75,38.0,3,0
217409580,-0.063,10.976,-0.9000,0.9407,-15.4366,-1.3662,0.000,31.75,38.0,3,0
217410578,-0.063,10.976,0.0000,0.4021,15.2940,-1.5870,0.000,31.75,38.0,3,0
217411888,-0.011,10.976,0.9000,0.1228,15.4366,-9.2743,0.000,31.75,38.0,3,0
217412577,-0.011,10.888,0.0000,-1.2825,0.0000,5.0840,0.000,31.75,38.0,3,0
217413891,-0.011,10.888,0.0000,-1.2261,0.0000,6.4903,0.000,31.75,38.0,3,0
217414576,-0.063,10.954,-0.9000,0.8415,-15.4366,-1.3156,0.000,31.75,38.0,3,0
217415873,-0.063,10.976,0.0000,0.5592,15.2940,-1.6639,0.000,31.75,38.0,3,0
217416545,-0.011,10.976,0.9000,0.0359,15.4366,-9.2259,0.000,31.75,38.0,3,0
217417579,-0.011,10.888,0.0000,-1.3054,0.0000,4.9818,0.000,31.75,38.0,3,0
217418883,-0.011,10.910,0.0000,0.1534,0.0000,7.1967,0.000,31.75,38.0,3,0
217419572,-0.063,10.976,-0.9000,0.9926,-15.4366,-1.2080,0.000,31.75,38.0,3,0
217420578,-0.063,10.976,0.0000,0.5364,15.2940,-1.6639,0.000,31.75,38.0,3,0
217421548,-0.011,10.976,0.9000,0.1137,15.4366,-9.6071,0.000,31.75,38.0,3,0
217422664,-0.011,10.910,0.0000,-1.2718,0.0000,5.0126,0.000,31.75,38.0,3,0
217423939,-0.011,10.932,0.0000,0.1152,0.0000,7.0583,0.000,31.75,38.0,3,0
217424551,-0.063,10.976,-0.9000,0.9483,-15.4366,-1.4354,0.000,31.75,38.0,3,0
217425550,-0.063,10.997,0.0000,0.4982,15.2940,-1.6859,0.000,31.75,38.0,3,0
217426601,-0.011,11.019,0.9000,0.1900,15.4366,-9.3424,0.000,31.75,38.0,3,0
217427578,-0.011,10.932,0.0000,-1.3878,0.0000,5.4795,0.000,31.75,38.0,3,0
217428962,-0.011,10.932,0.0000,0.1015,0.0000,7.2450,0.000,31.75,38.0,3,0
217429910,-0.063,11.019,-0.9000,0.5470,-15.4366,-1.6936,0.000,31.75,38.0,3,0
217430905,-0.063,11.019,0.0000,0.1808,15.2940,-9.2962,0.000,31.75,38.0,3,0
217432230,-0.011,10.954,0.9000,-1.2215,15.4366,4.8829,0.000,31.75,38.0,3,0
217432576,-0.011,10.954,0.0000,-0.8888,0.0000,7.6680,0.000,31.75,38.0,3,0
217433919,-0.011,10.976,0.0000,0.1122,0.0000,7.1989,0.000,31.75,38.0,3,0
217434602,-0.063,11.041,-0.9000,1.0918,-15.4366,-1.4837,0.000,31.85,38.0,3,0
217435600,-0.063,11.063,0.0000,0.5364,15.2940,-1.7166,0.000,31.85,38.0,3,0
217436580,-0.011,11.063,0.9000,0.2235,15.4366,-9.3424,0.000,31.85,38.0,3,0
217437620,-0.011,10.976,0.0000,-1.2398,0.0000,5.0335,0.000,31.85,38.0,3,0
217438867,-0.011,10.997,0.0000,-0.0801,0.0000,7.4703,0.000,31.85,38.0,3,0
217439547,-0.063,11.063,-0.9000,1.0521,-15.4366,-1.1893,0.000,31.85,38.0,3,0
217440550,-0.063,11.085,0.0000,0.4112,15.2940,-1.7760,0.000,31.85,38.0,3,0
217441545,-0.011,11.085,0.9000,0.0710,15.4366,-9.3204,0.000,31.85,38.0,3,0
217442604,-0.011,10.997,0.0000,-1.2703,0.0000,5.0280,0.000,31.85,38.0,3,0
217443891,-0.011,11.019,0.0000,0.0542,0.0000,7.3747,0.000,31.85,38.0,3,0
217444607,-0.063,11.085,-0.9000,0.9270,-15.4366,-1.5101,0.000,31.85,38.0,3,0
217445583,-0.063,11.107,0.0000,0.4829,15.2940,-1.7474,0.000,31.85,38.0,3,0
217446579,-0.011,11.107,0.9000,0.1457,15.4366,-9.2325,0.000,31.85,38.0,3,0
217447577,-0.011,11.041,0.0000,-1.2413,0.0000,5.0653,0.000,31.85,38.0,3,0
217448895,-0.011,11.041,0.0000,-0.0313,0.0000,7.5505,0.000,31.85,38.0,3,0
217449567,-0.063,11.107,-0.9000,1.0582,-15.4366,-1.4585,0.000,31.85,38.0,3,0
217450635,-0.063,11.129,0.0000,0.4967,15.2940,-1.8342,0.000,31.85,38.0,3,0
217451865,-0.011,11.129,0.9000,0.0191,15.4366,-9.5039,0.000,31.85,38.0,3,0
217452547,-0.011,11.041,0.0000,-1.4290,0.0000,4.5687,0.000,31.85,38.0,3,0
217453865,-0.011,11.041,0.0000,-1.3771,0.0000,6.2464,0.000,31.85,38.0,3,0
217454547,-0.063,11.129,-0.9000,0.9468,-15.4366,-1.4244,0.000,31.85,38.0,3,0
217455924,-0.063,11.151,0.0000,0.4524,15.2940,-1.7353,0.000,31.85,38.0,3,0
217456579,-0.011,11.129,0.9000,-0.0816,15.4366,-9.5138,0.000,31.85,38.0,3,0
217457580,-0.011,11.041,0.0000,-1.4305,0.0000,5.2697,0.000,31.85,38.0,3,0
217458923,-0.011,11.041,0.0000,-0.1167,0.0000,7.5691,0.000,31.85,38.0,3,0
217459568,-0.063,11.107,-0.9000,0.8186,-15.4366,-1.4650,0.000,31.85,38.0,3,0
217460581,-0.063,11.129,0.0000,0.4433,15.2940,-1.7935,0.000,31.85,38.0,3,0
217461586,-0.011,11.107,0.9000,-0.0633,15.4366,-9.5149,0.000,31.85,38.0,3,0
217462627,-0.011,11.019,0.0000,-1.4473,0.0000,5.2367,0.000,31.85,38.0,3,0
217463865,-0.011,11.019,0.0000,-0.2159,0.0000,7.5351,0.000,31.85,38.0,3,0
217464547,-0.063,11.085,-0.9000,0.9163,-15.4366,-1.1475,0.000,31.85,38.0,3,0
217465550,-0.063,11.085,0.0000,0.4479,15.2940,-1.7068,0.000,31.85,38.0,3,0
217466601,-0.011,11.085,0.9000,0.0984,15.4366,-9.2050,0.000,31.85,38.0,3,0
217467580,-0.011,10.976,0.0000,-1.4733,0.0000,5.6267,0.000,31.85,38.0,3,0
217468920,-0.011,10.997,0.0000,-0.0114,0.0000,7.3769,0.000,31.85,38.0,3,0
217469581,-0.063,11.063,-0.9000,0.9545,-15.4366,-1.4618,0.000,31.85,38.0,3,0
217470581,-0.063,11.063,0.0000,0.2678,15.2940,-1.6628,0.000,31.85,38.0,3,0
217471891,-0.011,11.063,0.9000,0.0465,15.4366,-9.1908,0.000,31.85,38.0,3,0
217472613,-0.011,10.976,0.0000,-1.4244,0.0000,5.0741,0.000,31.85,38.0,3,0
217473907,-0.011,10.976,0.0000,-1.3954,0.0000,6.5177,0.000,31.85,38.0,3,0
217474550,-0.063,11.041,-0.9000,0.9316,-15.4366,-1.4002,0.000,31.85,38.0,3,0
217475920,-0.063,11.063,0.0000,0.4509,15.2940,-1.7265,0.000,31.85,38.0,3,0
217476580,-0.011,11.041,0.9000,-0.0114,15.4366,-9.5797,0.000,31.85,38.0,3,0
217477578,-0.011,10.954,0.0000,-1.5724,0.0000,5.1752,0.000,31.85,38.0,3,0
217478891,-0.011,10.976,0.0000,-0.0740,0.0000,7.5604,0.000,31.85,38.0,3,0
217479576,-0.063,11.019,-0.9000,0.8110,-15.4366,-1.3805,0.000,31.85,38.0,3,0
217480578,-0.063,11.041,0.0000,0.3578,15.2940,-1.6353,0.000,31.85,38.0,3,0
217481570,-0.011,11.019,0.9000,0.0603,15.4366,-9.3303,0.000,31.85,38.0,3,0
217482573,-0.011,10.932,0.0000,-1.4122,0.0000,4.4633,0.000,31.85,38.0,3,0
217483889,-0.011,10.954,0.0000,-0.0099,0.0000,7.4615,0.000,31.85,38.0,3,0
217484577,-0.063,10.997,-0.9000,0.7439,-15.4366,-1.3662,0.000,31.85,38.0,3,0
217485577,-0.063,11.019,0.0000,0.4494,15.2940,-1.6617,0.000,31.85,38.0,3,0
217486573,-0.011,11.019,0.9000,-0.0954,15.4366,-9.3193,0.000,31.85,38.0,3,0
217487573,-0.011,10.932,0.0000,-1.3893,0.0000,5.1093,0.000,31.85,38.0,3,0
217488890,-0.011,10.954,0.0000,-0.0664,0.0000,7.4186,0.000,31.85,38.0,3,0
217489573,-0.063,10.997,-0.9000,1.0262,-15.4366,-1.3288,0.000,31.85,38.0,3,0
217490575,-0.063,11.019,0.0000,0.3151,15.2940,-1.6914,0.000,31.85,38.0,3,0
217491860,-0.011,10.997,0.9000,0.0221,15.4366,-9.2819,0.000,31.85,38.0,3,0
217492554,-0.011,10.932,0.0000,-1.3252,0.0000,5.0763,0.000,31.85,38.0,3,0
217493885,-0.011,10.910,0.0000,-1.2428,0.0000,6.4903,0.000,31.85,38.0,3,0
217494571,-0.063,10.997,-0.9000,0.8202,-15.4366,-1.5178,0.000,31.85,38.0,3,0
217495887,-0.063,11.019,0.0000,0.4234,15.2940,-1.6222,0.000,31.85,38.0,3,0
217496576,-0.011,10.997,0.9000,0.0710,15.4366,-9.3457,0.000,31.85,38.0,3,0
217497554,-0.011,10.910,0.0000,-1.4214,0.0000,5.6355,0.000,31.85,38.0,3,0
217498982,-0.011,10.932,0.0000,-0.0633,0.0000,7.3857,0.000,31.85,38.0,3,0
217499625,-0.063,10.997,-0.9000,0.9651,-15.4366,-1.7628,0.000,31.85,38.0,3,0
217500550,-0.063,11.019,0.0000,0.4006,15.2940,-1.5892,0.000,31.85,38.0,3,0
217501545,-0.011,11.019,0.9000,0.1701,15.4366,-8.9941,0.000,31.85,38.0,3,0
217502600,-0.011,10.932,0.0000,-1.3420,0.0000,4.9379,0.000,31.85,38.0,3,0
217503900,-0.011,10.954,0.0000,0.0771,0.0000,7.2253,0.000,31.85,38.0,3,0
217504665,-0.063,11.019,-0.9000,1.1147,-15.4366,-1.4486,0.000,31.78,38.0,3,0
217505583,-0.063,11.041,0.0000,0.4768,15.2940,-1.7035,0.000,31.78,38.0,3,0
217506579,-0.011,11.041,0.9000,0.1259,15.4366,-9.3105,0.000,31.78,38.0,3,0
217507571,-0.011,10.954,0.0000,-1.3329,0.0000,5.1148,0.000,31.78,38.0,3,0
217508918,-0.011,10.976,0.0000,0.0572,0.0000,7.3945,0.000,31.78,38.0,3,0
217509581,-0.063,11.019,-0.9000,0.9285,-15.4366,-1.4541,0.000,31.78,38.0,3,0
217510578,-0.063,11.041,0.0000,0.4387,15.2940,-1.7002,0.000,31.78,38.0,3,0
217511937,-0.011,11.041,0.9000,0.0038,15.4366,-9.3446,0.000,31.78,38.0,3,0
217512552,-0.011,10.954,0.0000,-1.2642,0.0000,5.1258,0.000,31.78,38.0,3,0
217513864,-0.011,10.954,0.0000,-1.2673,0.0000,6.5364,0.000,31.78,38.0,3,0
217514568,-0.063,11.041,-0.9000,1.0277,-15.4366,-1.3552,0.000,31.82,38.0,3,0
217515569,-0.063,11.063,0.0000,0.4189,15.2940,-1.6969,0.000,31.82,38.0,3,0
217516600,-0.011,11.041,0.9000,0.0328,15.4366,-9.3072,0.000,31.82,38.0,3,0
217517582,-0.011,10.954,0.0000,-1.4382,0.0000,5.6388,0.000,31.82,38.0,3,0
217518891,-0.011,10.976,0.0000,0.1060,0.0000,7.2813,0.000,31.82,38.0,3,0
217519611,-0.063,11.041,-0.9000,0.9850,-15.4366,-1.4310,0.000,31.82,38.0,3,0
217520581,-0.063,11.063,0.0000,0.4524,15.2940,-1.7133,0.000,31.82,38.0,3,0
217521578,-0.011,11.041,0.9000,0.1076,15.4366,-9.2940,0.000,31.82,38.0,3,0
217522580,-0.011,10.976,0.0000,-1.2871,0.0000,5.1246,0.000,31.82,38.0,3,0
217523897,-0.011,10.976,0.0000,-0.1366,0.0000,7.4659,0.000,31.82,38.0,3,0
217524633,-0.063,11.041,-0.9000,0.9972,-15.4366,-1.4727,0.000,31.82,38.0,3,0
217525557,-0.063,11.063,0.0000,0.3853,15.2940,-1.6914,0.000,31.82,38.0,3,0
217526545,-0.011,11.063,0.9000,0.1579,15.4366,-8.9491,0.000,31.82,38.0,3,0
217527545,-0.011,10.976,0.0000,-1.3222,0.0000,4.9258,0.000,31.82,38.0,3,0
217528866,-0.011,10.997,0.0000,-0.0267,0.0000,7.4560,0.000,31.82,38.0,3,0
217529606,-0.063,11.063,-0.9000,1.1025,-15.4366,-1.4497,0.000,31.82,38.0,3,0
217530577,-0.063,11.085,0.0000,0.3761,15.2940,-1.6452,0.000,31.82,38.0,3,0
217531918,-0.011,11.063,0.9000,-0.0008,15.4366,-9.2413,0.000,31.82,38.0,3,0
217532567,-0.011,10.976,0.0000,-1.2932,0.0000,5.0521,0.000,31.82,38.0,3,0
217533897,-0.011,10.976,0.0000,-1.2871,0.0000,6.5122,0.000,31.82,38.0,3,0
217534609,-0.063,11.063,-0.9000,1.1482,-15.4366,-1.4189,0.000,31.85,38.0,3,0
217535653,-0.063,11.085,0.0000,0.3883,15.2940,-1.7046,0.000,31.85,38.0,3,0
217536554,-0.011,11.085,0.9000,0.1427,15.4366,-9.2457,0.000,31.85,38.0,3,0
217537551,-0.011,10.997,0.0000,-1.3970,0.0000,4.4677,0.000,31.85,38.0,3,0
217538922,-0.011,10.997,0.0000,-0.1549,0.0000,7.6526,0.000,31.85,38.0,3,0
217539575,-0.063,11.063,-0.9000,0.9331,-15.4366,-1.5892,0.000,31.85,38.0,3,0
217540577,-0.063,11.085,0.0000,0.3365,15.2940,-1.6112,0.000,31.85,38.0,3,0
217541574,-0.011,11.063,0.9000,0.0603,15.4366,-9.2786,0.000,31.85,38.0,3,0
217542574,-0.011,10.976,0.0000,-1.3558,0.0000,5.0434,0.000,31.85,38.0,3,0
217543892,-0.011,10.997,0.0000,-0.1228,0.0000,7.5439,0.000,31.85,38.0,3,0
217544578,-0.063,11.063,-0.9000,0.9957,-15.4366,-1.4189,0.000,31.85,38.0,3,0
217545577,-0.063,11.063,0.0000,0.3716,15.2940,-1.6738,0.000,31.85,38.0,3,0
217546571,-0.011,11.063,0.9000,0.0755,15.4366,-9.2292,0.000,31.85,38.0,3,0
217547574,-0.011,10.976,0.0000,-1.4366,0.0000,5.0302,0.000,31.85,38.0,3,0
217548892,-0.011,10.997,0.0000,-0.0298,0.0000,7.5505,0.000,31.85,38.0,3,0
217549578,-0.063,11.041,-0.9000,0.8995,-15.4366,-1.3541,0.000,31.85,38.0,3,0
217550577,-0.063,11.063,0.0000,0.4219,15.2940,-1.6595,0.000,31.85,38.0,3,0
217551888,-0.011,11.063,0.9000,0.0908,15.4366,-9.2545,0.000,31.85,38.0,3,0
217552576,-0.011,10.976,0.0000,-1.3924,0.0000,5.0510,0.000,31.85,38.0,3,0
217553866,-0.011,10.954,0.0000,-1.3985,0.0000,6.5188,0.000,31.85,38.0,3,0
217554545,-0.063,11.041,-0.9000,0.9972,-15.4366,-1.2146,0.000,31.85,38.0,3,0
217555892,-0.063,11.063,0.0000,0.4250,15.2940,-1.7243,0.000,31.85,38.0,3,0
217556572,-0.011,11.041,0.9000,-0.0359,15.4366,-9.5830,0.000,31.85,38.0,3,0
217557573,-0.011,10.954,0.0000,-1.5557,0.0000,5.2060,0.000,31.85,38.0,3,0
217558887,-0.011,10.954,0.0000,-0.1076,0.0000,7.5219,0.000,31.85,38.0,3,0
217559548,-0.063,11.019,-0.9000,1.0842,-15.4366,-1.3409,0.000,31.85,38.0,3,0
217560540,-0.063,11.041,0.0000,0.4662,15.2940,-1.7507,0.000,31.85,38.0,3,0
217561633,-0.011,11.041,0.9000,0.1350,15.4366,-8.9655,0.000,31.85,38.0,3,0
217562548,-0.011,10.954,0.0000,-1.2444,0.0000,5.9959,0.000,31.85,38.0,3,0
217563868,-0.011,10.954,0.0000,0.0191,0.0000,7.1967,0.000,31.85,38.0,3,0
217564568,-0.063,11.019,-0.9000,1.0368,-15.4366,-1.4024,0.000,31.78,38.0,3,0
217565559,-0.063,11.041,0.0000,0.4738,15.2940,-1.7024,0.000,31.78,38.0,3,0
217566610,-0.011,11.041,0.9000,0.1274,15.4366,-9.2995,0.000,31.78,38.0,3,0
217567575,-0.011,10.954,0.0000,-1.4183,0.0000,5.5883,0.000,31.78,38.0,3,0
217568923,-0.011,10.976,0.0000,0.0984,0.0000,7.2835,0.000,31.78,38.0,3,0
217569581,-0.063,11.041,-0.9000,0.9606,-15.4366,-1.3925,0.000,31.78,38.0,3,0
217570584,-0.063,11.063,0.0000,0.4662,15.2940,-1.7254,0.000,31.78,38.0,3,0
217571896,-0.011,11.063,0.9000,0.1747,15.4366,-9.2863,0.000,31.78,38.0,3,0
217572578,-0.011,10.976,0.0000,-1.4199,0.0000,5.0554,0.000,31.78,38.0,3,0
217573918,-0.011,10.976,0.0000,-1.2627,0.0000,6.5122,0.000,31.78,38.0,3,0
217574609,-0.063,11.041,-0.9000,0.8232,-15.4366,-1.4486,0.000,31.78,38.0,3,0
217575868,-0.063,11.063,0.0000,0.4265,15.2940,-1.6870,0.000,31.78,38.0,3,0
217576545,-0.011,11.063,0.9000,0.1030,15.4366,-8.9963,0.000,31.78,38.0,3,0
217577549,-0.011,10.976,0.0000,-1.3268,0.0000,4.9467,0.000,31.78,38.0,3,0
217578862,-0.011,10.997,0.0000,0.0725,0.0000,7.3978,0.000,31.78,38.0,3,0
217579612,-0.063,11.085,-0.9000,1.1482,-15.4366,-1.4178,0.000,31.78,38.0,3,0
217580574,-0.063,11.085,0.0000,0.4128,15.2940,-1.6628,0.000,31.78,38.0,3,0
217581578,-0.011,11.085,0.9000,0.0587,15.4366,-9.3083,0.000,31.78,38.0,3,0
217582606,-0.011,10.997,0.0000,-1.2398,0.0000,5.0884,0.000,31.78,38.0,3,0
217583892,-0.011,11.019,0.0000,-0.0465,0.0000,7.4648,0.000,31.78,38.0,3,0
217584606,-0.063,11.085,-0.9000,1.0323,-15.4366,-1.4057,0.000,31.78,38.0,3,0
217585619,-0.063,11.107,0.0000,0.5028,15.2940,-1.6826,0.000,31.78,38.0,3,0
217586558,-0.011,11.107,0.9000,0.0511,15.4366,-9.3028,0.000,31.78,38.0,3,0
217587545,-0.011,11.019,0.0000,-1.2932,0.0000,4.5259,0.000,31.78,38.0,3,0
217588865,-0.011,11.019,0.0000,-0.0954,0.0000,7.6537,0.000,31.78,38.0,3,0
217589547,-0.063,11.085,-0.9000,0.8797,-15.4366,-1.4453,0.000,31.78,38.0,3,0
217590610,-0.063,11.107,0.0000,0.4219,15.2940,-1.6958,0.000,31.78,38.0,3,0
217591890,-0.011,11.085,0.9000,0.0801,15.4366,-9.5061,0.000,31.78,38.0,3,0
217592604,-0.011,10.997,0.0000,-1.3939,0.0000,5.2389,0.000,31.78,38.0,3,0
217593893,-0.011,10.997,0.0000,-1.3268,0.0000,6.7034,0.000,31.78,38.0,3,0
217594582,-0.063,11.063,-0.9000,0.8186,-15.4366,-1.4222,0.000,31.78,38.0,3,0
217595898,-0.063,11.085,0.0000,0.4463,15.2940,-1.6716,0.000,31.78,38.0,3,0
217596617,-0.011,11.085,0.9000,-0.0664,15.4366,-9.2457,0.000,31.78,38.0,3,0
217597581,-0.011,10.997,0.0000,-1.4321,0.0000,5.0994,0.000,31.78,38.0,3,0
217598872,-0.011,10.997,0.0000,-0.2449,0.0000,7.4615,0.000,31.78,38.0,3,0
217599601,-0.063,11.041,-0.9000,0.9514,-15.4366,-1.1629,0.000,31.78,38.0,3,0
217600578,-0.063,11.085,0.0000,0.4234,15.2940,-1.6958,0.000,31.78,38.0,3,0
217601574,-0.011,11.063,0.9000,0.0603,15.4366,-9.2413,0.000,31.78,38.0,3,0
217602574,-0.011,10.976,0.0000,-1.4809,0.0000,5.1049,0.000,31.78,38.0,3,0
217603892,-0.011,10.976,0.0000,-0.1213,0.0000,7.4988,0.000,31.78,38.0,3,0
217604575,-0.063,11.041,-0.9000,0.8751,-15.4366,-1.3607,0.000,31.78,38.0,3,0
217605577,-0.063,11.063,0.0000,0.4067,15.2940,-1.6958,0.000,31.78,38.0,3,0
217606574,-0.011,11.063,0.9000,-0.0572,15.4366,-9.2852,0.000,31.78,38.0,3,0
217607574,-0.011,10.976,0.0000,-1.4382,0.0000,5.1389,0.000,31.78,38.0,3,0
217608894,-0.011,10.976,0.0000,-0.1518,0.0000,7.4725,0.000,31.78,38.0,3,0
217609573,-0.063,11.041,-0.9000,0.9514,-15.4366,-1.4090,0.000,31.78,38.0,3,0
217610576,-0.063,11.041,0.0000,0.4097,15.2940,-1.6936,0.000,31.78,38.0,3,0
217611886,-0.011,11.041,0.9000,0.0542,15.4366,-9.3182,0.000,31.78,38.0,3,0
217612575,-0.011,10.954,0.0000,-1.3924,0.0000,5.1686,0.000,31.78,38.0,3,0
217613896,-0.011,10.954,0.0000,-1.3207,0.0000,6.6023,0.000,31.78,38.0,3,0
217614575,-0.063,11.041,-0.9000,1.0155,-15.4366,-1.4277,0.000,31.78,38.0,3,0
217615569,-0.063,11.041,0.0000,0.3716,15.2940,-1.7331,0.000,31.78,38.0,3,0
217616567,-0.011,11.041,0.9000,-0.0175,15.4366,-9.2578,0.000,31.78,38.0,3,0
217617574,-0.011,10.932,0.0000,-1.3161,0.0000,5.0653,0.000,31.78,38.0,3,0
217618886,-0.011,10.954,0.0000,-0.1335,0.0000,7.3198,0.000,31.78,38.0,3,0
217619576,-0.063,11.019,-0.9000,0.9468,-15.4366,-1.4585,0.000,31.78,38.0,3,0
217620550,-0.063,11.041,0.0000,0.3685,15.2940,-1.7057,0.000,31.78,38.0,3,0
217621568,-0.011,11.041,0.9000,0.0771,15.4366,-8.9326,0.000,31.78,38.0,3,0
217622634,-0.011,10.954,0.0000,-1.1925,0.0000,4.3160,0.000,31.78,38.0,3,0
217623872,-0.011,10.976,0.0000,-0.0038,0.0000,7.2604,0.000,31.78,38.0,3,0
217624844,-0.063,11.063,-0.9000,0.5821,-15.4366,-1.7507,0.000,31.78,38.0,3,0
217625844,-0.063,11.063,0.0000,0.0816,15.2940,-9.3248,0.000,31.78,38.0,3,0
217627240,-0.011,10.976,0.9000,-1.3313,15.4366,5.6157,0.000,31.78,38.0,3,0
217627904,-0.011,10.997,0.0000,0.1030,0.0000,7.3274,0.000,31.78,38.0,3,0
217629303,-0.011,11.063,0.0000,1.0521,0.0000,-1.4486,0.000,31.78,38.0,3,0
217629903,-0.063,11.085,-0.9000,0.5455,-15.4366,-1.6914,0.000,31.78,38.0,3,0
217630906,-0.063,11.085,0.0000,0.1839,15.2940,-9.3094,0.000,31.78,38.0,3,0
217632230,-0.011,10.997,0.9000,-1.2886,15.4366,5.0939,0.000,31.78,38.0,3,0
217632575,-0.011,10.997,0.0000,-1.0292,0.0000,7.7526,0.000,31.78,38.0,3,0
217633892,-0.011,11.019,0.0000,-0.0328,0.0000,7.4681,0.000,31.78,38.0,3,0
217634604,-0.063,11.085,-0.9000,1.0460,-15.4366,-1.4233,0.000,31.82,38.0,3,0
217635628,-0.063,11.107,0.0000,0.4845,15.2940,-1.6914,0.000,31.82,38.0,3,0
217636582,-0.011,11.107,0.9000,0.1534,15.4366,-9.2819,0.000,31.82,38.0,3,0
217637582,-0.011,11.019,0.0000,-1.1833,0.0000,5.0543,0.000,31.82,38.0,3,0
217638926,-0.011,11.041,0.0000,-0.0267,0.0000,7.5186,0.000,31.82,38.0,3,0
217639555,-0.063,11.107,-0.9000,0.9300,-15.4366,-1.4475,0.000,31.82,38.0,3,0
217640550,-0.063,11.107,0.0000,0.5379,15.2940,-1.7913,0.000,31.82,38.0,3,0
217641545,-0.011,11.107,0.9000,0.0908,15.4366,-9.2270,0.000,31.82,38.0,3,0
217642545,-0.011,11.041,0.0000,-1.2322,0.0000,5.0851,0.000,31.82,38.0,3,0
217643923,-0.011,11.041,0.0000,-0.0450,0.0000,7.5296,0.000,31.82,38.0,3,0
217644602,-0.063,11.107,-0.9000,1.0414,-15.4366,-1.6353,0.000,31.89,38.0,3,0
217645608,-0.063,11.129,0.0000,0.4128,15.2940,-1.6881,0.000,31.89,38.0,3,0
217646583,-0.011,11.129,0.9000,0.0435,15.4366,-9.1490,0.000,31.89,38.0,3,0
217647575,-0.011,11.041,0.0000,-1.3222,0.0000,5.0873,0.000,31.89,38.0,3,0
217648896,-0.011,11.063,0.0000,-0.0389,0.0000,7.5252,0.000,31.89,38.0,3,0
217649567,-0.063,11.107,-0.9000,0.9773,-15.4366,-1.4475,0.000,31.89,38.0,3,0
217650583,-0.063,11.129,0.0000,0.5501,15.2940,-1.7068,0.000,31.89,38.0,3,0
217651945,-0.011,11.129,0.9000,-0.0099,15.4366,-9.5094,0.000,31.89,38.0,3,0
217652548,-0.011,11.019,0.0000,-1.2398,0.0000,7.6581,0.000,31.89,38.0,3,0
217653865,-0.011,11.041,0.0000,-0.1488,0.0000,7.7054,0.000,31.89,38.0,3,0
217654547,-0.063,11.107,-0.9000,0.9438,-15.4366,-1.3827,0.000,31.89,38.0,3,0
217655866,-0.063,11.107,0.0000,0.4158,15.2940,-1.6837,0.000,31.89,38.0,3,0
217656604,-0.011,11.107,0.9000,-0.0465,15.4366,-9.2116,0.000,31.89,38.0,3,0
217657582,-0.011,11.019,0.0000,-1.3451,0.0000,5.6575,0.000,31.89,38.0,3,0
217658894,-0.011,11.019,0.0000,-0.1762,0.0000,7.3121,0.000,31.89,38.0,3,0
217659608,-0.063,11.085,-0.9000,0.9514,-15.4366,-1.4178,0.000,31.89,38.0,3,0
217660581,-0.063,11.107,0.0000,0.3990,15.2940,-1.7419,0.000,31.89,38.0,3,0
217661580,-0.011,11.085,0.9000,-0.1427,15.4366,-9.1919,0.000,31.89,38.0,3,0
217662613,-0.011,10.997,0.0000,-1.4076,0.0000,5.0829,0.000,31.89,38.0,3,0
217663938,-0.011,11.019,0.0000,-0.0969,0.0000,7.4955,0.000,31.89,38.0,3,0
217664551,-0.063,11.063,-0.9000,0.8507,-15.4366,-1.3903,0.000,31.89,38.0,3,0
217665569,-0.063,11.085,0.0000,0.3059,15.2940,-1.7265,0.000,31.89,38.0,3,0
217666605,-0.011,11.085,0.9000,-0.0206,15.4366,-9.5522,0.000,31.89,38.0,3,0
217667575,-0.011,10.976,0.0000,-1.4626,0.0000,5.1642,0.000,31.89,38.0,3,0
217668892,-0.011,10.997,0.0000,-0.2403,0.0000,7.5922,0.000,31.89,38.0,3,0
217669581,-0.063,11.041,-0.9000,0.8553,-15.4366,-1.3892,0.000,31.89,38.0,3,0
217670579,-0.063,11.063,0.0000,0.2647,15.2940,-1.6815,0.000,31.89,38.0,3,0
217671884,-0.011,11.041,0.9000,0.0694,15.4366,-9.2578,0.000,31.89,38.0,3,0
217672578,-0.011,10.954,0.0000,-1.4229,0.0000,5.0609,0.000,31.89,38.0,3,0
217673894,-0.011,10.954,0.0000,-1.3436,0.0000,6.5276,0.000,31.89,38.0,3,0
217674580,-0.063,11.041,-0.9000,0.9712,-15.4366,-1.3442,0.000,31.89,38.0,3,0
217675894,-0.063,11.041,0.0000,0.4021,15.2940,-1.6452,0.000,31.89,38.0,3,0
217676577,-0.011,11.041,0.9000,0.0633,15.4366,-9.2325,0.000,31.89,38.0,3,0
217677582,-0.011,10.932,0.0000,-1.4855,0.0000,5.0346,0.000,31.89,38.0,3,0
217678887,-0.011,10.954,0.0000,-0.0710,0.0000,7.4878,0.000,31.89,38.0,3,0
217679581,-0.063,11.019,-0.9000,0.9224,-15.4366,-1.3442,0.000,31.89,38.0,3,0
217680579,-0.063,11.019,0.0000,0.4173,15.2940,-1.6782,0.000,31.89,38.0,3,0
217681572,-0.011,11.019,0.9000,-0.0191,15.4366,-9.2885,0.000,31.89,38.0,3,0
217682550,-0.011,10.932,0.0000,-1.4412,0.0000,5.0906,0.000,31.89,38.0,3,0
217683884,-0.011,10.932,0.0000,-0.0923,0.0000,7.4802,0.000,31.89,38.0,3,0
217684574,-0.063,10.997,-0.9000,0.8247,-15.4366,-1.5233,0.000,31.89,38.0,3,0
217685575,-0.063,11.019,0.0000,0.3761,15.2940,-1.5848,0.000,31.89,38.0,3,0
217686488,-0.011,10.997,0.9000,-0.0404,15.4366,-9.2479,0.000,31.89,38.0,3,0
217687546,-0.011,10.910,0.0000,-1.4229,0.0000,3.8129,0.000,31.89,38.0,3,0
217688864,-0.011,10.910,0.0000,-0.1656,0.0000,7.5834,0.000,31.89,38.0,3,0
217689670,-0.063,10.976,-0.9000,0.8034,-15.4366,-1.3277,0.000,31.89,38.0,3,0
217690633,-0.063,10.997,0.0000,0.3471,15.2940,-1.5123,0.000,31.89,38.0,3,0
217691870,-0.011,10.997,0.9000,0.0420,15.4366,-8.9523,0.000,31.89,38.0,3,0
217692548,-0.011,10.910,0.0000,-1.4351,0.0000,4.3842,0.000,31.89,38.0,3,0
217693865,-0.011,10.888,0.0000,-1.3222,0.0000,6.4090,0.000,31.89,38.0,3,0
217694612,-0.063,10.976,-0.9000,0.8705,-15.4366,-1.3409,0.000,31.89,38.0,3,0
217695960,-0.063,10.976,0.0000,0.5089,15.2940,-1.5321,0.000,31.89,38.0,3,0
217696584,-0.011,10.976,0.9000,0.1015,15.4366,-9.2885,0.000,31.89,38.0,3,0
217697582,-0.011,10.888,0.0000,-1.5175,0.0000,5.0236,0.000,31.89,38.0,3,0
217698892,-0.011,10.910,0.0000,-0.0114,0.0000,7.3406,0.000,31.89,38.0,3,0
217699581,-0.063,10.954,-0.9000,0.8934,-15.4366,-1.3288,0.000,31.89,38.0,3,0
217700606,-0.063,10.976,0.0000,0.3166,15.2940,-1.5958,0.000,31.89,38.0,3,0
217701577,-0.011,10.976,0.9000,0.0145,15.4366,-9.2852,0.000,31.89,38.0,3,0
217702577,-0.011,10.866,0.0000,-1.3497,0.0000,5.1005,0.000,31.89,38.0,3,0
217703926,-0.011,10.888,0.0000,-0.0145,0.0000,7.3285,0.000,31.89,38.0,3,0
217704556,-0.063,10.954,-0.9000,0.8553,-15.4366,-1.3530,0.000,31.89,38.0,3,0
217705550,-0.063,10.954,0.0000,0.4173,15.2940,-1.6826,0.000,31.89,38.0,3,0
217706545,-0.011,10.976,0.9000,0.0938,15.4366,-9.2962,0.000,31.89,38.0,3,0
217707545,-0.011,10.866,0.0000,-1.4427,0.0000,5.0324,0.000,31.89,38.0,3,0
217708922,-0.011,10.888,0.0000,0.0191,0.0000,7.3022,0.000,31.89,38.0,3,0
217709576,-0.063,10.954,-0.9000,0.9590,-15.4366,-1.5518,0.000,31.89,38.0,3,0
217710607,-0.063,10.954,0.0000,0.2358,15.2940,-1.5529,0.000,31.89,38.0,3,0
217711894,-0.011,10.976,0.9000,0.0969,15.4366,-9.3050,0.000,31.89,38.0,3,0
217712580,-0.011,10.888,0.0000,-1.3222,0.0000,5.0247,0.000,31.89,38.0,3,0
217713895,-0.011,10.866,0.0000,-1.3191,0.0000,6.4068,0.000,31.89,38.0,3,0
217714567,-0.063,10.954,-0.9000,0.9117,-15.4366,-1.3398,0.000,31.89,38.0,3,0
217715899,-0.063,10.976,0.0000,0.4356,15.2940,-1.5958,0.000,31.89,38.0,3,0
217716629,-0.011,10.976,0.9000,0.0191,15.4366,-9.4006,0.000,31.89,38.0,3,0
217717555,-0.011,10.888,0.0000,-1.3405,0.0000,5.0510,0.000,31.89,38.0,3,0
217718865,-0.011,10.888,0.0000,-0.2312,0.0000,7.4714,0.000,31.89,38.0,3,0
217719547,-0.063,10.954,-0.9000,0.8721,-15.4366,-1.3859,0.000,31.89,38.0,3,0
217720550,-0.063,10.976,0.0000,0.3059,15.2940,-1.6112,0.000,31.89,38.0,3,0
217721606,-0.011,10.976,0.9000,0.0710,15.4366,-9.2468,0.000,31.89,38.0,3,0
217722577,-0.011,10.888,0.0000,-1.2535,0.0000,5.5147,0.000,31.89,38.0,3,0
217723890,-0.011,10.888,0.0000,0.0481,0.0000,7.1429,0.000,31.89,38.0,3,0
217724611,-0.063,10.954,-0.9000,0.8522,-15.4366,-1.3409,0.000,31.89,38.0,3,0
217725579,-0.063,10.976,0.0000,0.5470,15.2940,-1.6222,0.000,31.89,38.0,3,0
217726581,-0.011,10.976,0.9000,0.0557,15.4366,-9.3270,0.000,31.89,38.0,3,0
217727626,-0.011,10.888,0.0000,-1.4412,0.0000,5.0269,0.000,31.89,38.0,3,0
217728871,-0.011,10.910,0.0000,-0.0847,0.0000,7.3088,0.000,31.89,38.0,3,0
217729547,-0.063,10.976,-0.9000,0.9987,-15.4366,-1.3552,0.000,31.89,38.0,3,0
217730611,-0.063,10.997,0.0000,0.5745,15.2940,-1.6826,0.000,31.89,38.0,3,0
217731891,-0.011,10.997,0.9000,0.1625,15.4366,-9.6005,0.000,31.89,38.0,3,0
217732574,-0.011,10.888,0.0000,-1.4061,0.0000,5.1312,0.000,31.89,38.0,3,0
217733890,-0.011,10.888,0.0000,-1.3313,0.0000,6.5463,0.000,31.89,38.0,3,0
217734578,-0.063,10.954,-0.9000,0.9865,-15.4366,-1.3299,0.000,31.89,38.0,3,0
217735891,-0.063,10.976,0.0000,0.3563,15.2940,-1.6178,0.000,31.89,38.0,3,0
217736577,-0.011,10.976,0.9000,0.0526,15.4366,-9.3149,0.000,31.89,38.0,3,0
217737578,-0.011,10.888,0.0000,-1.3985,0.0000,5.0302,0.000,31.89,38.0,3,0
217738888,-0.011,10.910,0.0000,-0.0160,0.0000,7.3417,0.000,31.89,38.0,3,0
217739578,-0.063,10.954,-0.9000,0.8507,-15.4366,-1.3903,0.000,31.89,38.0,3,0
217740576,-0.063,10.976,0.0000,0.4997,15.2940,-1.6035,0.000,31.89,38.0,3,0
217741573,-0.011,10.976,0.9000,0.0328,15.4366,-9.3116,0.000,31.89,38.0,3,0
217742572,-0.011,10.888,0.0000,-1.2322,0.0000,4.9642,0.000,31.89,38.0,3,0
217743890,-0.011,10.910,0.0000,-0.1549,0.0000,7.3417,0.000,31.89,38.0,3,0
217744577,-0.063,10.976,-0.9000,0.9545,-15.4366,-1.3178,0.000,31.89,38.0,3,0
217745578,-0.063,10.976,0.0000,0.4006,15.2940,-1.6441,0.000,31.89,38.0,3,0
217746549,-0.011,10.997,0.9000,0.1366,15.4366,-9.2852,0.000,31.89,38.0,3,0
217747567,-0.011,10.910,0.0000,-1.4107,0.0000,4.3391,0.000,31.89,38.0,3,0
217748884,-0.011,10.910,0.0000,-0.1122,0.0000,7.4164,0.000,31.89,38.0,3,0
217749572,-0.063,10.976,-0.9000,0.8629,-15.4366,-1.3805,0.000,31.89,38.0,3,0
217750470,-0.063,10.997,0.0000,0.4234,15.2940,-1.6397,0.000,31.89,38.0,3,0
217751857,-0.011,10.997,0.9000,0.1137,15.4366,-8.6612,0.000,31.89,38.0,3,0
217752546,-0.011,10.910,0.0000,-1.3268,0.0000,5.2708,0.000,31.89,38.0,3,0
217753976,-0.011,10.910,0.0000,-1.2749,0.0000,6.5057,0.000,31.89,38.0,3,0
217754643,-0.063,11.019,-0.9000,1.1070,-15.4366,-1.8056,0.000,31.89,38.0,3,0
217755575,-0.063,11.019,0.0000,0.6004,15.2940,-1.6211,0.000,31.89,38.0,3,0
217756549,-0.011,11.041,0.9000,0.2770,15.4366,-9.0666,0.000,31.89,38.0,3,0
217757551,-0.011,10.954,0.0000,-1.1986,0.0000,4.8764,0.000,31.89,38.0,3,0
217758880,-0.011,10.976,0.0000,0.0633,0.0000,7.3626,0.000,31.89,38.0,3,0
217759600,-0.063,11.041,-0.9000,1.0292,-15.4366,-1.6156,0.000,31.89,38.0,3,0
217760577,-0.063,11.063,0.0000,0.4509,15.2940,-1.6925,0.000,31.89,38.0,3,0
217761601,-0.011,11.063,0.9000,0.0832,15.4366,-9.3446,0.000,31.89,38.0,3,0
217762581,-0.011,10.997,0.0000,-1.2490,0.0000,5.0609,0.000,31.89,38.0,3,0
217763893,-0.011,10.997,0.0000,0.0725,0.0000,7.4714,0.000,31.89,38.0,3,0
217764605,-0.063,11.063,-0.9000,1.0048,-15.4366,-1.4947,0.000,31.89,38.0,3,0
217765579,-0.063,11.085,0.0000,0.5562,15.2940,-1.7035,0.000,31.89,38.0,3,0
217766640,-0.011,11.085,0.9000,0.0938,15.4366,-9.2907,0.000,31.89,38.0,3,0
217767550,-0.011,11.019,0.0000,-1.2566,0.0000,5.0115,0.000,31.89,38.0,3,0
217768863,-0.011,11.019,0.0000,-0.0008,0.0000,7.5164,0.000,31.89,38.0,3,0
217769547,-0.063,11.085,-0.9000,1.1177,-15.4366,-1.3629,0.000,31.89,38.0,3,0
217770550,-0.063,11.085,0.0000,0.3243,15.2940,-1.7364,0.000,31.89,38.0,3,0
217771919,-0.011,11.085,0.9000,-0.0679,15.4366,-9.2380,0.000,31.89,38.0,3,0
217772576,-0.011,10.997,0.0000,-1.4107,0.0000,5.6520,0.000,31.89,38.0,3,0
217773891,-0.011,10.997,0.0000,-1.3161,0.0000,6.9111,0.000,31.89,38.0,3,0
217774587,-0.063,11.085,-0.9000,0.9926,-15.4366,-1.4486,0.000,31.89,38.0,3,0
217775917,-0.063,11.107,0.0000,0.4326,15.2940,-1.7386,0.000,31.89,38.0,3,0
217776582,-0.011,11.107,0.9000,0.1549,15.4366,-9.2446,0.000,31.89,38.0,3,0
217777583,-0.011,11.019,0.0000,-1.3771,0.0000,5.1181,0.000,31.89,38.0,3,0
217778940,-0.011,11.041,0.0000,0.0618,0.0000,7.4922,0.000,31.89,38.0,3,0
217779886,-0.063,11.107,-0.9000,0.4829,-15.4366,-1.7540,0.000,31.89,38.0,3,0
217780842,-0.063,11.107,0.0000,-0.0435,15.2940,-9.1831,0.000,31.89,38.0,3,0
217781842,-0.011,11.019,0.9000,-1.3130,15.4366,5.1686,0.000,31.89,38.0,3,0
217782883,-0.011,11.041,0.0000,-0.0160,0.0000,7.4582,0.000,31.89,38.0,3,0
217784193,-0.011,11.107,0.0000,0.8354,0.0000,-1.4475,0.000,31.89,38.0,3,0
217784877,-0.063,11.129,-0.9000,0.4952,-15.4366,-1.7111,0.000,31.89,38.0,3,0
217785911,-0.063,11.107,0.0000,0.0130,15.2940,-9.5247,0.000,31.89,38.0,3,0
217787224,-0.011,11.019,0.9000,-1.4946,15.4366,5.2631,0.000,31.89,38.0,3,0
217787897,-0.011,11.019,0.0000,-0.0984,0.0000,7.5494,0.000,31.89,38.0,3,0
217789220,-0.011,11.085,0.0000,0.8446,0.0000,-1.4453,0.000,31.89,38.0,3,0
217789913,-0.063,11.107,-0.9000,0.4189,-15.4366,-1.6650,0.000,31.89,38.0,3,0
217790908,-0.063,11.085,0.0000,-0.0160,15.2940,-9.2699,0.000,31.89,38.0,3,0
217792222,-0.011,10.997,0.9000,-1.3115,15.4366,5.1378,0.000,31.89,38.0,3,0
217792567,-0.011,10.997,0.0000,-1.1757,0.0000,7.7263,0.000,31.89,38.0,3,0
217793896,-0.011,11.019,0.0000,-0.1045,0.0000,7.4538,0.000,31.89,38.0,3,0
217794597,-0.063,11.085,-0.9000,1.0033,-15.4366,-1.4211,0.000,31.75,38.0,3,0
217795654,-0.063,11.085,0.0000,0.4067,15.2940,-1.6617,0.000,31.75,38.0,3,0
217796554,-0.011,11.085,0.9000,0.0191,15.4366,-9.1995,0.000,31.75,38.0,3,0
217797602,-0.011,10.997,0.0000,-1.3069,0.0000,5.1126,0.000,31.75,38.0,3,0
217798893,-0.011,10.997,0.0000,-0.0359,0.0000,7.4516,0.000,31.75,38.0,3,0
217799578,-0.063,11.063,-0.9000,0.9026,-15.4366,-1.3816,0.000,31.75,38.0,3,0
217800575,-0.063,11.085,0.0000,0.3746,15.2940,-1.6991,0.000,31.75,38.0,3,0
217801573,-0.011,11.063,0.9000,-0.0587,15.4366,-9.2600,0.000,31.75,38.0,3,0
217802573,-0.011,10.976,0.0000,-1.4168,0.0000,5.1433,0.000,31.75,38.0,3,0
217803889,-0.011,10.997,0.0000,-0.0145,0.0000,7.4780,0.000,31.75,38.0,3,0
217804573,-0.063,11.041,-0.9000,0.7927,-15.4366,-1.4552,0.000,31.75,38.0,3,0
217805575,-0.063,11.063,0.0000,0.4280,15.2940,-1.6661,0.000,31.75,38.0,3,0
217806573,-0.011,11.063,0.9000,-0.0603,15.4366,-9.2797,0.000,31.75,38.0,3,0
217807573,-0.011,10.954,0.0000,-1.4046,0.0000,5.1389,0.000,31.75,38.0,3,0
217808889,-0.011,10.976,0.0000,0.0237,0.0000,7.4230,0.000,31.75,38.0,3,0
217809578,-0.063,11.041,-0.9000,0.9758,-15.4366,-1.3761,0.000,31.75,38.0,3,0
217810576,-0.063,11.063,0.0000,0.3578,15.2940,-1.6672,0.000,31.75,38.0,3,0
217811888,-0.011,11.063,0.9000,0.0496,15.4366,-9.3094,0.000,31.75,38.0,3,0
217812573,-0.011,10.954,0.0000,-1.5160,0.0000,5.0829,0.000,31.75,38.0,3,0
217813867,-0.011,10.954,0.0000,-1.4855,0.0000,6.5353,0.000,31.75,38.0,3,0
217814547,-0.063,11.041,-0.9000,0.9911,-15.4366,-1.3947,0.000,31.75,38.0,3,0
217815894,-0.063,11.041,0.0000,0.4372,15.2940,-1.7002,0.000,31.75,38.0,3,0
217816571,-0.011,11.041,0.9000,-0.0343,15.4366,-9.5973,0.000,31.75,38.0,3,0
217817572,-0.011,10.954,0.0000,-1.4565,0.0000,5.2587,0.000,31.75,38.0,3,0
217818888,-0.011,10.954,0.0000,-0.0648,0.0000,7.5175,0.000,31.75,38.0,3,0
217819548,-0.063,11.019,-0.9000,0.9758,-15.4366,-1.3013,0.000,31.75,38.0,3,0
217820531,-0.063,11.019,0.0000,0.3868,15.2940,-1.7419,0.000,31.75,38.0,3,0
217821634,-0.011,11.019,0.9000,-0.0465,15.4366,-9.0325,0.000,31.75,38.0,3,0
217822549,-0.011,10.932,0.0000,-1.3054,0.0000,5.9739,0.000,31.75,38.0,3,0
217823868,-0.011,10.954,0.0000,0.0542,0.0000,7.0737,0.000,31.75,38.0,3,0
217824626,-0.063,11.019,-0.9000,1.0033,-15.4366,-1.4101,0.000,31.85,38.0,3,0
217825578,-0.063,11.041,0.0000,0.5180,15.2940,-1.7013,0.000,31.85,38.0,3,0
217826646,-0.011,11.041,0.9000,0.0130,15.4366,-9.2918,0.000,31.85,38.0,3,0
217827573,-0.011,10.954,0.0000,-1.3527,0.0000,5.6070,0.000,31.85,38.0,3,0
217828891,-0.011,10.976,0.0000,-0.0175,0.0000,7.4615,0.000,31.85,38.0,3,0
217829576,-0.063,11.041,-0.9000,1.0124,-15.4366,-1.3805,0.000,31.85,38.0,3,0
217830602,-0.063,11.063,0.0000,0.3548,15.2940,-1.6595,0.000,31.85,38.0,3,0
217831888,-0.011,11.063,0.9000,0.0984,15.4366,-9.3160,0.000,31.85,38.0,3,0
217832574,-0.011,10.954,0.0000,-1.3985,0.0000,5.0796,0.000,31.85,38.0,3,0
217833926,-0.011,10.954,0.0000,-1.3787,0.0000,6.5243,0.000,31.85,38.0,3,0
217834887,-0.063,11.063,-0.9000,0.5211,-15.4366,-1.6529,0.000,31.85,38.0,3,0
217836192,-0.063,11.063,0.0000,0.1213,15.2940,-8.9359,0.000,31.85,38.0,3,0
217837192,-0.011,10.976,0.9000,-1.3481,15.4366,4.9214,0.000,31.85,38.0,3,0
217837885,-0.011,11.019,0.0000,0.1518,0.0000,7.3132,0.000,31.85,38.0,3,0
217839193,-0.011,11.063,0.0000,0.9834,0.0000,-1.2717,0.000,31.85,38.0,3,0
217839879,-0.063,11.085,-0.9000,0.5058,-15.4366,-1.7090,0.000,31.85,38.0,3,0
217840882,-0.063,11.085,0.0000,0.1320,15.2940,-9.2753,0.000,31.85,38.0,3,0
217841909,-0.011,10.997,0.9000,-1.2856,15.4366,5.6114,0.000,31.85,38.0,3,0
217842898,-0.011,11.019,0.0000,0.1808,0.0000,7.3472,0.000,31.85,38.0,3,0
217844221,-0.011,11.085,0.0000,0.9926,0.0000,-1.4497,0.000,31.85,38.0,3,0
217844896,-0.063,11.107,-0.9000,0.6828,-15.4366,-1.6925,0.000,31.85,38.0,3,0
217845912,-0.063,11.107,0.0000,0.0206,15.2940,-9.2753,0.000,31.85,38.0,3,0
217847223,-0.011,11.019,0.9000,-1.2245,15.4366,5.1181,0.000,31.85,38.0,3,0
217847902,-0.011,11.041,0.0000,-0.0862,0.0000,7.4802,0.000,31.85,38.0,3,0
217849226,-0.011,11.107,0.0000,0.9789,0.0000,-1.4123,0.000,31.85,38.0,3,0
217849902,-0.063,11.129,-0.9000,0.5714,-15.4366,-1.7276,0.000,31.85,38.0,3,0
217850897,-0.063,11.129,0.0000,0.0801,15.2940,-9.1973,0.000,31.85,38.0,3,0
217852224,-0.011,11.041,0.9000,-1.2123,15.4366,5.1345,0.000,31.85,38.0,3,0
217852566,-0.011,11.041,0.0000,-1.0552,0.0000,7.7702,0.000,31.85,38.0,3,0
217853891,-0.011,11.063,0.0000,-0.0435,0.0000,7.5186,0.000,31.85,38.0,3,0
217854646,-0.063,11.129,-0.9000,1.0521,-15.4366,-1.4156,0.000,31.85,38.0,3,0
217855578,-0.063,11.129,0.0000,0.4540,15.2940,-1.7496,0.000,31.85,38.0,3,0
217856549,-0.011,11.129,0.9000,0.0267,15.4366,-9.1853,0.000,31.85,38.0,3,0
217857551,-0.011,11.063,0.0000,-1.2718,0.0000,5.0961,0.000,31.85,38.0,3,0
217858859,-0.011,11.063,0.0000,-0.0710,0.0000,7.5560,0.000,31.85,38.0,3,0
217859604,-0.063,11.129,-0.9000,1.0307,-15.4366,-1.4486,0.000,31.85,38.0,3,0
217860578,-0.063,11.151,0.0000,0.4570,15.2940,-1.7397,0.000,31.85,38.0,3,0
217861574,-0.011,11.151,0.9000,0.0938,15.4366,-9.2116,0.000,31.85,38.0,3,0
217862605,-0.011,11.063,0.0000,-1.3191,0.0000,5.1093,0.000,31.85,38.0,3,0
217863892,-0.011,11.063,0.0000,-0.0908,0.0000,7.4846,0.000,31.85,38.0,3,0
217864606,-0.063,11.129,-0.9000,1.0170,-15.4366,-1.3958,0.000,31.89,38.0,3,0
217865611,-0.063,11.151,0.0000,0.4662,15.2940,-1.6892,0.000,31.89,38.0,3,0
217866560,-0.011,11.151,0.9000,0.1228,15.4366,-9.2435,0.000,31.89,38.0,3,0
217867545,-0.011,11.063,0.0000,-1.3420,0.0000,5.1301,0.000,31.89,38.0,3,0
217868872,-0.011,11.063,0.0000,-0.0191,0.0000,7.5120,0.000,31.89,38.0,3,0
217869548,-0.063,11.129,-0.9000,0.9651,-15.4366,-1.4332,0.000,31.89,38.0,3,0
217870606,-0.063,11.151,0.0000,0.4509,15.2940,-1.7595,0.000,31.89,38.0,3,0
217871892,-0.011,11.129,0.9000,-0.1396,15.4366,-9.4907,0.000,31.89,38.0,3,0
217872601,-0.011,11.041,0.0000,-1.3359,0.0000,5.2521,0.000,31.89,38.0,3,0
217873894,-0.011,11.041,0.0000,-1.2901,0.0000,6.6979,0.000,31.89,38.0,3,0
217874581,-0.063,11.107,-0.9000,0.9560,-15.4366,-1.4596,0.000,31.89,38.0,3,0
217875896,-0.063,11.129,0.0000,0.3395,15.2940,-1.7068,0.000,31.89,38.0,3,0
217876611,-0.011,11.107,0.9000,-0.0587,15.4366,-9.1897,0.000,31.89,38.0,3,0
217877587,-0.011,11.019,0.0000,-1.3344,0.0000,5.1269,0.000,31.89,38.0,3,0
217878872,-0.011,11.019,0.0000,-0.1122,0.0000,7.5439,0.000,31.89,38.0,3,0
217879598,-0.063,11.085,-0.9000,0.7851,-15.4366,-1.4332,0.000,31.89,38.0,3,0
217880577,-0.063,11.107,0.0000,0.4219,15.2940,-1.6738,0.000,31.89,38.0,3,0
217881568,-0.011,11.085,0.9000,-0.0664,15.4366,-9.1677,0.000,31.89,38.0,3,0
217882572,-0.011,10.997,0.0000,-1.5190,0.0000,5.0587,0.000,31.89,38.0,3,0
217883888,-0.011,10.997,0.0000,-0.1625,0.0000,7.4736,0.000,31.89,38.0,3,0
217884573,-0.063,11.063,-0.9000,0.9346,-15.4366,-1.3870,0.000,31.89,38.0,3,0
217885574,-0.063,11.085,0.0000,0.4219,15.2940,-1.6452,0.000,31.89,38.0,3,0
217886572,-0.011,11.063,0.9000,-0.0877,15.4366,-9.2578,0.000,31.89,38.0,3,0
217887572,-0.011,10.976,0.0000,-1.4839,0.0000,5.0961,0.000,31.89,38.0,3,0
217888890,-0.011,10.997,0.0000,-0.1350,0.0000,7.4747,0.000,31.89,38.0,3,0
217889569,-0.063,11.041,-0.9000,0.9300,-15.4366,-1.3794,0.000,31.89,38.0,3,0
217890574,-0.063,11.063,0.0000,0.3593,15.2940,-1.6650,0.000,31.89,38.0,3,0
217891884,-0.011,11.041,0.9000,-0.0587,15.4366,-9.2918,0.000,31.89,38.0,3,0
217892570,-0.011,10.954,0.0000,-1.3787,0.0000,5.1488,0.000,31.89,38.0,3,0
217893898,-0.011,10.954,0.0000,-1.3176,0.0000,6.5793,0.000,31.89,38.0,3,0
217894554,-0.063,11.041,-0.9000,0.9377,-15.4366,-1.4024,0.000,31.89,38.0,3,0
217895864,-0.063,11.041,0.0000,0.3212,15.2940,-1.6584,0.000,31.89,38.0,3,0
217896554,-0.011,11.041,0.9000,-0.0191,15.4366,-9.2303,0.000,31.89,38.0,3,0
217897572,-0.011,10.954,0.0000,-1.3024,0.0000,5.5432,0.000,31.89,38.0,3,0
217898883,-0.011,10.976,0.0000,0.0008,0.0000,7.1945,0.000,31.89,38.0,3,0
217899567,-0.063,11.041,-0.9000,1.0307,-15.4366,-1.3563,0.000,31.89,38.0,3,0
217900574,-0.063,11.063,0.0000,0.4082,15.2940,-1.7035,0.000,31.89,38.0,3,0
217901550,-0.011,11.041,0.9000,0.0755,15.4366,-9.3039,0.000,31.89,38.0,3,0
217902995,11.097,10.954,0.9755,-1.2917,15.4371,5.0708,0.000,31.89,38.0,3,0
217903541,11.205,10.976,1.8755,0.1198,15.4428,7.2648,0.000,31.15,38.0,3,0
217904639,11.364,11.041,2.7755,1.0185,15.4484,6.6199,0.000,31.15,38.0,3,0
217905550,11.574,11.173,3.6755,2.0500,15.4541,6.9946,0.000,31.15,38.0,3,0
217906545,11.837,11.349,4.5755,2.9473,15.4597,6.7913,0.000,31.15,38.0,3,0
217907601,12.150,11.569,5.4755,3.7774,15.4654,6.7539,0.000,31.15,38.0,3,0
217908900,12.516,11.854,6.3755,4.5647,15.4711,7.0088,0.000,31.15,38.0,3,0
217909644,12.932,12.184,7.2755,5.4620,15.4767,6.9825,0.000,31.15,38.0,3,0
217910578,13.401,12.536,8.1755,6.0845,15.4824,6.8627,0.000,31.15,38.0,3,0
217911890,13.921,12.953,9.0755,7.1191,15.4880,6.9561,0.000,31.15,38.0,3,0
217912575,14.492,13.415,9.9755,7.8561,15.4937,7.0407,0.000,31.15,38.0,3,0
217913916,15.116,13.480,10.8755,8.0224,15.4993,6.9627,0.000,31.15,38.0,3,0
217914580,15.790,14.469,11.7755,9.5041,15.5050,7.2011,0.000,31.15,38.0,3,0
217915892,16.516,15.084,12.6755,10.4456,15.5107,7.3395,0.000,31.15,38.0,3,0
217916579,17.294,15.744,13.5755,11.3199,15.5163,7.2967,0.000,31.15,38.0,3,0
217917614,18.124,16.447,14.4755,12.0951,15.5220,7.3406,0.000,31.15,38.0,3,0
217918870,19.005,17.194,15.3755,12.8260,15.5276,7.4219,0.000,31.15,38.0,3,0
217919547,19.937,18.007,16.2755,13.8514,15.5333,7.6318,0.000,31.15,38.0,3,0
217920550,20.921,18.820,17.1755,14.6723,15.5390,7.5153,0.000,31.15,38.0,3,0
217921552,21.957,19.699,18.0755,15.3346,15.5446,9.2446,0.000,31.15,38.0,3,0
217922603,23.044,20.688,18.9755,16.3767,15.5503,8.7052,0.000,31.15,38.0,3,0
217923891,24.183,21.676,19.8755,17.0466,15.5559,6.6518,0.000,31.15,38.0,3,0
217924606,25.373,22.687,20.7755,17.5868,15.5616,6.9781,0.000,31.15,38.0,3,0
217925584,26.615,23.742,21.6755,18.2216,15.5673,7.0473,0.000,31.15,38.0,3,0
217926578,27.909,24.819,22.5755,18.8182,15.5729,5.8102,0.000,31.15,38.0,3,0
217927578,29.254,25.917,23.4755,19.3370,15.5786,6.4980,0.000,31.15,38.0,3,0
217928892,30.650,27.060,24.3755,19.6788,15.5842,5.7366,0.000,31.15,38.0,3,0
217929611,32.098,28.246,25.2755,20.3838,15.5899,5.8531,0.000,31.15,38.0,3,0
217930576,33.598,29.411,26.1755,20.5928,15.5956,5.6817,0.000,31.15,38.0,3,0
217931862,35.150,30.641,27.0755,21.1742,15.6012,4.7731,0.000,31.15,38.0,3,0
217932547,36.752,31.872,27.9755,21.4809,15.6069,5.1038,0.000,31.15,38.0,3,0
217933867,38.407,32.070,28.8755,21.5587,15.6125,5.3587,0.000,31.15,38.0,3,0
217934593,40.113,34.355,29.7755,22.5170,15.6182,4.5577,0.000,31.15,38.0,3,0
217935898,41.870,35.739,30.6755,22.7611,15.6239,4.0480,0.000,31.15,38.0,3,0
217936573,43.680,37.079,31.5755,23.3013,15.6295,4.0864,0.000,31.15,38.0,3,0
217937606,45.540,38.420,32.4755,23.3959,15.6352,3.8876,0.000,31.15,38.0,3,0
217938894,47.453,39.782,33.3755,23.7606,15.6408,3.9568,0.000,31.15,38.0,3,0
217939577,49.416,41.188,34.2755,24.0993,15.6465,3.6239,0.000,31.15,38.0,3,0
217940584,51.432,42.595,35.1755,24.4961,15.6521,3.6349,0.000,31.15,38.0,3,0
217941629,53.499,44.023,36.0755,24.9157,15.6578,3.1866,0.000,31.15,38.0,3,0
217942550,55.617,45.451,36.9755,25.0652,15.6635,3.3328,0.000,31.15,38.0,3,0
217943866,57.787,46.835,37.8755,25.3933,15.6691,2.9966,0.000,31.15,38.0,3,0
217944607,60.009,48.308,38.7755,25.5673,15.6748,3.1108,0.000,31.15,38.0,3,0
217945579,62.282,49.868,39.6755,25.8557,15.6804,2.6439,0.000,31.15,38.0,3,0
217946573,64.607,51.384,40.5755,26.0555,15.6861,2.6076,0.000,31.15,38.0,3,0
217947573,66.984,52.878,41.4755,26.2814,15.6918,2.3582,0.000,31.15,38.0,3,0
217948891,69.411,54.416,42.3755,26.5957,15.6974,2.3626,0.000,31.15,38.0,3,0
217949577,71.891,55.954,43.2755,26.8612,15.7031,2.0913,0.000,31.15,38.0,3,0
217950578,74.422,57.514,44.1755,27.0901,15.7087,2.1682,0.000,31.15,38.0,3,0
217951882,77.005,59.074,45.0755,27.2076,15.7144,1.9364,0.000,31.15,38.0,3,0
217952574,79.639,60.656,45.9755,27.4701,15.7201,2.0616,0.000,31.15,38.0,3,0
217953890,82.325,60.876,46.8755,27.5128,15.7257,2.0210,0.000,31.15,38.0,3,0
217954573,85.062,63.821,47.7755,27.8698,15.7314,1.8683,0.000,31.15,38.0,3,0
217955896,87.851,65.425,48.6755,27.9294,15.7370,1.8891,0.000,31.15,38.0,3,0
217956576,90.691,67.029,49.5756,28.0819,15.7427,1.7035,0.000,31.15,38.0,3,0
217957574,93.556,68.655,50.0000,28.2696,0.4513,1.5837,0.000,31.15,38.0,3,0
217958891,96.421,70.281,50.0000,28.3444,0.4513,1.5046,0.000,31.15,38.0,3,0
217959574,99.286,71.929,50.0000,28.5290,0.4513,1.4793,0.000,31.15,38.0,3,0
217960554,102.151,73.555,50.0000,28.5168,0.4513,1.3585,0.000,31.15,38.0,3,0
217961545,105.015,75.203,50.0000,28.7747,0.4513,1.3629,0.000,31.15,38.0,3,0
217962571,107.880,76.785,50.0000,28.9166,0.4513,1.3750,0.000,31.15,38.0,3,0
217963882,110.745,78.542,50.0000,28.9715,0.4513,1.3574,0.000,31.15,38.0,3,0
217964571,113.610,80.212,50.0000,29.1196,0.4513,1.2014,0.000,31.15,38.0,3,0
217965579,116.474,81.882,50.0000,29.4446,0.4513,1.1904,0.000,31.15,38.0,3,0
217966547,119.339,83.574,50.0000,29.3286,0.4513,1.0585,0.000,31.15,38.0,3,0
217967526,122.204,85.244,50.0000,29.4064,0.4513,1.1728,0.000,31.15,38.0,3,0
217968950,125.017,86.782,49.1000,29.4812,-14.8484,1.1113,0.000,31.15,38.0,3,2048
217969554,127.779,88.650,48.2000,29.5575,-14.8540,1.0377,0.000,31.15,38.0,3,2048
217970866,130.489,90.342,47.3000,29.7177,-14.8597,0.9025,0.000,31.15,38.0,3,2048
217971864,133.148,91.968,46.4000,29.8688,-14.8654,0.8981,0.000,31.15,38.0,3,2048
217972861,135.754,93.770,45.5000,29.8611,-14.8710,0.9333,0.000,31.15,38.0,3,2048
217973568,138.310,95.484,44.6000,30.0427,-14.8767,0.8520,0.000,31.15,38.0,3,2048
217974924,140.814,97.219,43.7000,30.1007,-14.8823,0.8157,0.000,31.15,38.0,3,2048
217975601,143.266,98.933,42.8000,30.0198,-14.8880,0.8267,0.000,31.15,38.0,3,2048
217976631,145.667,100.669,41.9000,30.0732,-14.8937,0.7608,0.000,31.15,38.0,3,2048
217977585,148.016,102.383,41.0000,30.1480,-14.8993,0.8685,0.000,31.15,38.0,3,2048
217978897,150.313,104.119,40.1000,30.3235,-14.9050,0.7597,0.000,31.15,38.0,3,2048
217979583,152.559,105.877,39.2000,30.4013,-14.9106,0.6378,0.000,31.15,38.0,3,2048
217980896,154.754,107.635,38.3000,30.6119,-14.9163,0.8300,0.000,31.15,38.0,3,2048
217981584,156.897,109.349,37.4000,30.3265,-14.9220,0.6180,0.000,31.15,38.0,3,2048
217982942,158.988,111.106,36.5000,30.4883,-14.9276,0.8037,0.000,31.15,38.0,3,2048
217983552,161.028,112.864,35.6000,30.6851,-14.9333,0.7476,0.000,31.15,38.0,3,2048
217984866,163.016,114.622,34.7000,30.6485,-14.9389,0.5169,0.000,31.15,38.0,3,2048
217985549,164.952,116.292,33.8000,30.7233,-14.9446,0.6795,0.000,31.15,38.0,3,2048
217986865,166.837,118.138,32.9000,30.6897,-14.9503,0.6553,0.000,31.15,38.0,3,2048
217987611,168.671,119.808,32.0000,30.7645,-14.9559,0.4730,0.000,31.15,38.0,3,2048
217988895,170.453,121.675,31.1000,30.8087,-14.9616,0.3170,0.000,31.15,38.0,3,2048
217989580,172.183,123.433,30.2000,30.7797,-14.9672,-0.2247,0.000,31.15,38.0,3,2048
217990925,173.862,125.191,29.3000,30.8713,-14.9729,-0.0807,0.000,31.15,38.0,3,2048
217991899,175.489,126.927,28.4000,30.5554,-14.9785,-0.2807,0.000,31.15,38.0,3,2048
217992895,177.065,128.685,27.5000,30.5402,-14.9842,-0.4038,0.000,31.15,38.0,3,2048
217993583,178.589,130.421,26.6000,30.2731,-14.9899,-1.0366,0.000,31.15,38.0,3,2048
217994901,180.061,132.157,25.7000,30.2213,-14.9955,-1.1388,0.000,31.15,38.0,3,2048
217995616,181.482,133.870,24.8000,29.9359,-15.0012,-1.5474,0.000,31.15,38.0,3,2048
217996626,182.852,135.562,23.9000,29.7299,-15.0068,-1.9188,0.000,31.15,38.0,3,2048
217997553,184.169,137.254,23.0000,29.3729,-15.0125,-2.2319,0.000,31.15,38.0,3,2048
217998865,185.436,138.902,22.1000,28.9105,-15.0182,-2.9021,0.000,31.15,38.0,3,2048
217999549,186.650,140.462,21.2000,28.6068,-15.0238,-3.1064,0.000,31.15,38.0,3,2048
218000926,187.813,142.154,20.3000,28.1308,-15.0295,-3.6898,0.000,31.15,38.0,3,2048
218001581,188.925,143.736,19.4000,27.7218,-15.0351,-4.0150,0.000,31.15,38.0,3,2048
218002900,189.985,145.274,18.5000,27.2442,-15.0408,-4.3029,0.000,31.15,38.0,3,2048
218003608,190.993,146.791,17.6000,26.5042,-15.0465,-4.6314,0.000,31.15,38.0,3,2048
218004900,191.950,148.263,16.7000,25.9213,-15.0521,-4.8851,0.000,31.15,38.0,3,2048
218005582,192.855,149.713,15.8000,25.2865,-15.0578,-5.4257,0.000,31.15,38.0,3,2048
218006901,193.709,151.097,14.9000,24.6014,-15.0634,-5.6432,0.000,31.15,38.0,3,2048
218007614,194.511,152.460,14.0000,23.8354,-15.0691,-6.2727,0.000,31.15,38.0,3,2048
218008905,195.262,153.778,13.1000,23.0831,-15.0748,-6.4013,0.000,31.15,38.0,3,2048
218009552,195.961,155.030,12.2000,22.0897,-15.0804,-6.7012,0.000,31.15,38.0,3,2048
218010923,196.608,156.239,11.3000,21.3222,-15.0861,-7.0132,0.000,31.15,38.0,3,2048
218011891,197.204,157.404,10.4000,20.4570,-15.0917,-7.0561,0.000,31.15,38.0,3,2048
218012896,197.748,158.524,9.5000,19.6330,-15.0974,-7.2132,0.000,31.15,38.0,3,2048
218013576,198.241,159.579,8.6000,18.6992,-15.1031,-7.1703,0.000,31.15,38.0,3,2048
218014901,198.682,160.590,7.7000,17.8538,-15.1087,-7.3802,0.000,31.15,38.0,3,2048
218015601,199.072,161.556,6.8000,16.9505,-15.1144,-7.5142,0.000,31.15,38.0,3,2048
218016602,199.410,162.479,5.9000,16.1631,-15.1200,-7.3703,0.000,31.15,38.0,3,2048
218017579,199.697,163.336,5.0000,15.1484,-15.1257,-7.4758,0.000,31.15,38.0,3,2048
218018897,199.931,164.149,4.1000,14.1520,-15.1313,-7.6186,0.000,31.15,38.0,3,2048
218019575,200.000,164.896,0.0000,13.3997,0.0000,-7.5659,0.000,31.15,38.0,3,2048
218020899,199.948,165.621,-0.9000,12.7787,-15.4366,-7.4329,0.000,31.15,38.0,3,2048
218021570,199.948,166.281,0.0000,11.7258,15.2940,-2.4989,0.000,31.15,38.0,3,2048
218022579,200.000,166.940,0.9000,11.4786,15.4366,-9.0358,0.000,31.15,38.0,3,2048
218023894,200.000,167.555,0.0000,10.7996,0.0000,2.7384,0.000,31.15,38.0,3,2048
218024601,199.948,168.214,-0.9000,11.4176,-15.4366,4.5468,0.000,28.59,38.0,3,2048
218025573,199.948,168.917,0.0000,12.3194,15.2940,-1.0003,0.000,28.59,38.0,3,2048
218026576,200.000,169.599,0.9000,11.8708,15.4366,-8.7524,0.000,28.59,38.0,3,2048
218027550,200.000,170.214,0.0000,10.8347,0.0000,2.6000,0.000,28.59,38.0,3,2048
218028884,199.948,170.873,-0.9000,11.4359,-15.4366,4.8335,0.000,28.59,38.0,3,2048
218029568,199.948,171.554,0.0000,12.1988,15.2940,-0.5861,0.000,28.59,38.0,3,2048
218030572,200.000,172.213,0.9000,11.6571,15.4366,-8.6920,0.000,28.59,38.0,3,2048
218031885,200.000,172.807,0.0000,10.6256,0.0000,3.4097,0.000,28.59,38.0,3,2048
218032867,199.948,173.466,-0.9000,11.1505,-15.4366,5.1686,0.000,28.59,38.0,3,2048
218033688,199.948,174.147,0.0000,11.7121,15.2940,-0.4158,0.000,31.36,38.0,3,2048
218034637,200.000,174.806,0.9000,11.1856,15.4366,-8.6008,0.000,31.36,38.0,3,2048
218035873,200.000,175.355,0.0000,9.9115,0.0000,3.4822,0.000,31.36,38.0,3,2048
218036569,199.948,175.949,-0.9000,10.7111,-15.4366,5.5180,0.000,31.36,38.0,3,2048
218037547,199.948,176.586,0.0000,11.2528,15.2940,-0.3554,0.000,31.36,38.0,3,2048
218038930,200.000,177.201,0.9000,10.7248,15.4366,-8.2009,0.000,31.36,38.0,3,2048
218039906,200.000,178.366,0.0000,10.4105,0.0000,5.3301,0.000,31.36,38.0,3,2048
218041286,199.948,179.003,-0.9000,11.0056,-15.4366,-0.9827,0.000,31.36,38.0,3,2048
218041885,199.948,179.596,0.0000,10.6516,15.2940,-8.2393,0.000,31.36,38.0,3,2048
218042890,200.000,180.146,0.9000,9.5361,15.4366,3.0976,0.000,31.36,38.0,3,2048
218044217,200.000,180.739,0.0000,10.2564,0.0000,5.0005,0.000,31.36,38.0,3,2048
218045213,199.948,181.376,-0.9000,10.9842,-15.4366,-1.2420,0.000,31.36,38.0,3,2048
218045886,199.948,181.947,0.0000,10.2808,15.2940,-8.7722,0.000,31.36,38.0,3,2048
218046890,200.000,182.475,0.9000,9.3225,15.4366,2.7867,0.000,31.36,38.0,3,2048
218047904,200.000,183.046,0.0000,9.9466,0.0000,4.8643,0.000,31.36,38.0,3,2048
218049215,199.948,183.661,-0.9000,10.5600,-15.4366,-1.2893,0.000,31.36,38.0,3,2048
218049890,199.948,184.233,0.0000,10.0854,15.2940,-8.8645,0.000,31.36,38.0,3,2048
218050890,200.000,184.738,0.9000,8.8876,15.4366,3.0339,0.000,31.36,38.0,3,2048
218052217,200.000,185.309,0.0000,9.7192,0.0000,4.7742,0.000,31.36,38.0,3,2048
218052896,199.948,185.507,-0.9000,9.9939,-15.4366,2.8471,0.000,31.36,38.0,3,2048
218053599,199.948,185.881,0.0000,10.2457,15.2940,-1.3288,0.000,31.99,38.0,3,2048
218054579,200.000,186.430,0.9000,9.6582,15.4366,-8.8469,0.000,31.99,38.0,3,2048
218055935,200.000,186.913,0.0000,8.3398,0.0000,3.1372,0.000,31.99,38.0,3,2048
218057219,199.948,188.034,-0.9000,9.9115,-15.4366,-1.5738,0.000,31.99,38.0,3,2048
218057878,199.948,188.539,0.0000,9.1485,15.2940,-8.9589,0.000,31.99,38.0,3,2048
218059185,200.000,188.979,0.9000,8.2101,15.4366,2.7746,0.000,31.99,38.0,3,2048
218059874,200.000,189.506,0.0000,8.7762,0.0000,4.9005,0.000,31.99,38.0,3,2048
218061185,199.948,190.033,-0.9000,9.5102,-15.4366,-1.5650,0.000,31.99,38.0,3,2048
218061874,199.948,190.561,0.0000,8.7060,15.2940,-9.3336,0.000,31.99,38.0,3,2048
218062872,200.000,190.956,0.9000,7.7020,15.4366,2.4747,0.000,31.99,38.0,3,2048
218064187,200.000,191.484,0.0000,8.3932,0.0000,4.9478,0.000,31.99,38.0,3,2048
218065223,199.948,191.989,-0.9000,8.9120,-15.4366,-1.6079,0.000,31.99,38.0,3,2048
218065888,199.948,192.472,0.0000,8.4558,15.2940,-9.0084,0.000,31.99,38.0,3,2048
218066891,200.000,192.846,0.9000,7.0169,15.4366,2.9361,0.000,31.99,38.0,3,2048
218067888,200.000,193.329,0.0000,7.9156,0.0000,4.9664,0.000,31.99,38.0,3,2048
218069224,199.948,193.813,-0.9000,8.5458,-15.4366,-1.7749,0.000,31.99,38.0,3,2048
218069890,199.948,194.252,0.0000,7.8637,15.2940,-9.2688,0.000,31.99,38.0,3,2048
218070888,200.000,194.648,0.9000,6.7803,15.4366,3.2657,0.000,31.99,38.0,3,2048
218072214,200.000,195.065,0.0000,7.4212,0.0000,5.0818,0.000,31.99,38.0,3,2048
218072882,199.948,195.241,-0.9000,7.7401,-15.4366,2.9328,0.000,31.99,38.0,3,2048
218073602,199.948,195.549,0.0000,8.3230,15.2940,-2.0913,0.000,32.24,38.0,3,2048
218074585,200.000,195.966,0.9000,7.3541,15.4366,-9.7686,0.000,32.24,38.0,3,2048
218075899,200.000,196.318,0.0000,6.1807,0.0000,3.3415,0.000,32.24,38.0,3,2048
218076648,199.948,196.735,-0.9000,7.1542,-15.4366,5.0961,0.000,32.24,38.0,3,2048
218077566,199.948,197.175,0.0000,7.5738,15.2940,-1.8133,0.000,32.24,38.0,3,2048
218078868,200.000,197.570,0.9000,7.0565,15.4366,-9.5280,0.000,32.24,38.0,3,2048
218079547,200.000,197.878,0.0000,5.8526,0.0000,3.5107,0.000,32.24,38.0,3,2048
218080866,199.948,198.273,-0.9000,6.6964,-15.4366,4.9895,0.000,32.24,38.0,3,2048
218081603,199.948,198.713,0.0000,7.3693,15.2940,-2.2165,0.000,32.24,38.0,3,2048
218082581,200.000,199.064,0.9000,6.6201,15.4366,-9.6137,0.000,32.24,38.0,3,2048
218083892,200.000,199.372,0.0000,5.4757,0.0000,3.3569,0.000,32.24,38.0,3,2048
218084625,199.948,199.723,-0.9000,6.0784,-15.4366,5.2268,0.000,29.65,38.0,3,2048
218085583,199.948,200.141,0.0000,6.9039,15.2940,-1.9704,0.000,29.65,38.0,3,2048
218086583,200.000,200.471,0.9000,6.1349,15.4366,-9.6126,0.000,29.65,38.0,3,2048
218087578,200.000,200.756,0.0000,5.1003,0.0000,3.6206,0.000,29.65,38.0,3,2048
218088896,199.948,201.086,-0.9000,5.7412,-15.4366,5.3015,0.000,29.65,38.0,3,2048
218089622,199.948,201.459,0.0000,6.4523,15.2940,-2.1495,0.000,29.65,38.0,3,2048
218090555,200.000,201.789,0.9000,5.7397,15.4366,-9.9587,0.000,29.65,38.0,3,2048
218091860,200.000,202.031,0.0000,4.6365,0.0000,3.6107,0.000,29.65,38.0,3,2048
218092866,199.948,202.360,-0.9000,5.5352,-15.4366,5.4356,0.000,29.65,38.0,3,2048
218093568,199.948,202.712,0.0000,6.1578,15.2940,-2.0880,0.000,32.17,38.0,3,2048
218094606,200.000,203.020,0.9000,5.4177,15.4366,-9.9917,0.000,32.17,38.0,3,2048
218095900,200.000,203.239,0.0000,4.0276,0.0000,3.8140,0.000,32.17,38.0,3,2048
218096602,199.948,203.525,-0.9000,5.0179,-15.4366,5.8465,0.000,32.17,38.0,3,2048
218097608,199.948,203.854,0.0000,5.6298,15.2940,-2.0847,0.000,32.17,38.0,3,2048
218098902,200.000,204.118,0.9000,4.9447,15.4366,-9.9917,0.000,32.17,38.0,3,2048
218099582,200.000,204.338,0.0000,3.8048,0.0000,3.7491,0.000,32.17,38.0,3,2048
218100903,199.948,204.623,-0.9000,4.6487,-15.4366,5.7718,0.000,32.17,38.0,3,2048
218101633,199.948,204.931,0.0000,5.3353,15.2940,-2.3275,0.000,32.17,38.0,3,2048
218102554,200.000,205.195,0.9000,4.6563,15.4366,-10.0125,0.000,32.17,38.0,3,2048
218103866,200.000,205.349,0.0000,3.1136,0.0000,3.4031,0.000,32.17,38.0,3,2048
218104630,199.948,205.590,-0.9000,4.1314,-15.4366,6.0838,0.000,29.92,38.0,3,2048
218105579,199.948,205.898,0.0000,5.0195,15.2940,-2.2473,0.000,29.92,38.0,3,2048
218106579,200.000,206.118,0.9000,4.0826,15.4366,-9.9620,0.000,29.92,38.0,3,2048
218107574,200.000,206.271,0.0000,2.9473,0.0000,4.1458,0.000,29.92,38.0,3,2048
218108890,199.948,206.513,-0.9000,3.7545,-15.4366,5.9948,0.000,29.92,38.0,3,2048
218109578,199.948,206.777,0.0000,4.5449,15.2940,-2.3264,0.000,29.92,38.0,3,2048
218110579,200.000,206.975,0.9000,3.9025,15.4366,-10.1982,0.000,29.92,38.0,3,2048
218111887,200.000,207.128,0.0000,2.8344,0.0000,3.9524,0.000,29.92,38.0,3,2048
218112891,199.948,207.348,-0.9000,3.5424,-15.4366,6.0618,0.000,29.92,38.0,3,2048
218113600,199.948,207.590,0.0000,4.3084,15.2940,-2.1671,0.000,31.75,38.0,3,2048
218114580,200.000,207.788,0.9000,3.6171,15.4366,-10.3542,0.000,31.75,38.0,3,2048
218115894,200.000,207.897,0.0000,2.1462,0.0000,4.0776,0.000,31.75,38.0,3,2048
218116602,199.948,208.117,-0.9000,3.3089,-15.4366,6.1178,0.000,31.75,38.0,3,2048
218117580,199.948,208.337,0.0000,4.0352,15.2940,-2.0484,0.000,31.75,38.0,3,2048
218118896,200.000,208.513,0.9000,3.1792,15.4366,-10.0774,0.000,31.75,38.0,3,2048
218119574,200.000,208.601,0.0000,1.7601,0.0000,4.2754,0.000,31.75,38.0,3,2048
218120874,199.948,208.798,-0.9000,2.9290,-15.4366,6.5419,0.000,31.75,38.0,3,2048
218121545,199.948,209.018,0.0000,3.7682,15.2940,-2.0814,0.000,31.75,38.0,3,2048
218122579,200.000,209.172,0.9000,2.9076,15.4366,-10.4026,0.000,31.75,38.0,3,2048
218123884,200.000,209.260,0.0000,1.6976,0.0000,4.2809,0.000,31.75,38.0,3,2048
218124593,199.948,209.414,-0.9000,2.6284,-15.4366,6.3244,0.000,30.31,38.0,3,2048
218125578,199.948,209.611,0.0000,3.4081,15.2940,-2.0418,0.000,30.31,38.0,3,2048
218126552,200.000,209.765,0.9000,2.6116,15.4366,-10.2466,0.000,30.31,38.0,3,2048
218127537,200.000,209.853,0.0000,1.5785,0.0000,4.4160,0.000,30.31,38.0,3,2048
218128951,199.948,209.985,-0.9000,2.3476,-15.4366,6.4672,0.000,30.31,38.0,3,2048
218129553,199.948,210.183,0.0000,3.1334,15.2940,-2.5835,0.000,30.31,38.0,3,2048
218130551,200.000,210.293,0.9000,2.4529,15.4366,-9.8796,0.000,30.31,38.0,3,2048
218131918,200.000,210.358,0.0000,1.2245,0.0000,4.3325,0.000,30.31,38.0,3,2048
218132893,199.948,210.556,-0.9000,2.5277,-15.4366,4.2216,0.000,30.31,38.0,3,2048
218133633,199.948,210.666,0.0000,3.1548,15.2940,-2.1627,0.000,31.78,38.0,3,2048
218134611,200.000,210.798,0.9000,2.3491,15.4366,-10.2455,0.000,31.78,38.0,3,2048
218135894,200.000,210.842,0.0000,0.9117,0.0000,4.3325,0.000,31.78,38.0,3,2048
218136597,199.948,210.974,-0.9000,2.0272,-15.4366,6.3903,0.000,31.78,38.0,3,2048
218137575,199.948,211.150,0.0000,2.7977,15.2940,-2.0232,0.000,31.78,38.0,3,2048
218138919,200.000,211.237,0.9000,1.9890,15.4366,-10.2257,0.000,31.78,38.0,3,2048
218139883,200.000,211.391,0.0000,1.8441,0.0000,6.6441,0.000,31.78,38.0,3,2048
218141208,199.948,211.545,-0.9000,2.5872,-15.4366,-2.0605,0.000,31.78,38.0,3,2048
218141885,199.948,211.633,0.0000,1.8563,15.2940,-10.2916,0.000,31.78,38.0,3,2048
218142883,200.000,211.655,0.9000,0.3502,15.4366,4.8302,0.000,31.78,38.0,3,2048
218144209,200.000,211.765,0.0000,1.5969,0.0000,6.8429,0.000,31.78,38.0,3,2048
218145206,199.948,211.897,-0.9000,2.4056,-15.4366,-1.8529,0.000,31.78,38.0,3,2048
218145884,199.948,211.962,0.0000,1.6045,15.2940,-10.4344,0.000,31.78,38.0,3,2048
218146881,200.000,211.962,0.9000,0.2754,15.4366,4.7500,0.000,31.78,38.0,3,2048
218147909,200.000,212.072,0.0000,1.3817,0.0000,6.9825,0.000,31.78,38.0,3,2048
218149198,199.948,212.204,-0.9000,2.2286,-15.4366,-1.8661,0.000,31.78,38.0,3,2048
218149872,199.948,212.270,0.0000,1.3680,15.2940,-10.3597,0.000,31.78,38.0,3,2048
218150869,200.000,212.292,0.9000,0.3685,15.4366,4.4819,0.000,31.78,38.0,3,2048
218152194,200.000,212.380,0.0000,1.3298,0.0000,6.5375,0.000,31.78,38.0,3,2048
218152861,199.948,212.424,-0.9000,1.5846,-15.4366,3.7623,0.000,31.78,38.0,3,2048
218153567,199.948,212.490,0.0000,2.1202,15.2940,-2.0506,0.000,31.82,38.0,3,2048
218154605,200.000,212.556,0.9000,1.3710,15.4366,-10.4542,0.000,31.82,38.0,3,2048
218155897,200.000,212.556,0.0000,0.1579,0.0000,4.6193,0.000,31.82,38.0,3,2048
218156600,199.948,212.644,-0.9000,1.0689,-15.4366,6.6375,0.000,31.82,38.0,3,2048
218157609,199.948,212.753,0.0000,1.9493,15.2940,-1.8737,0.000,31.82,38.0,3,2048
218158898,200.000,212.819,0.9000,1.2001,15.4366,-10.5783,0.000,31.82,38.0,3,2048
218159584,200.000,212.819,0.0000,0.0999,0.0000,4.5588,0.000,31.82,38.0,3,2048
218160900,199.948,212.885,-0.9000,1.0170,-15.4366,6.6661,0.000,31.82,38.0,3,2048
218161580,199.948,212.995,0.0000,1.8822,15.2940,-2.0946,0.000,31.82,38.0,3,2048
218162629,200.000,213.061,0.9000,1.3130,15.4366,-10.5454,0.000,31.82,38.0,3,2048
218163872,200.000,213.039,0.0000,-0.1686,0.0000,4.6401,0.000,31.82,38.0,3,2048
218164547,199.948,213.105,-0.9000,0.9590,-15.4366,6.8045,0.000,31.82,38.0,3,2048
218165550,199.948,213.215,0.0000,1.7586,15.2940,-1.8891,0.000,31.82,38.0,3,2048
218166545,200.000,213.259,0.9000,1.1955,15.4366,-10.4981,0.000,31.82,38.0,3,2048
218167604,200.000,213.237,0.0000,-0.2922,0.0000,4.5698,0.000,31.82,38.0,3,2048
218168891,199.948,213.303,-0.9000,0.7866,-15.4366,6.6814,0.000,31.82,38.0,3,2048
218169577,199.948,213.413,0.0000,1.7494,15.2940,-2.0144,0.000,31.82,38.0,3,2048
218170606,200.000,213.457,0.9000,0.9514,15.4366,-10.4784,0.000,31.82,38.0,3,2048
218171896,200.000,213.413,0.0000,-0.5531,0.0000,4.7610,0.000,31.82,38.0,3,2048
218172566,199.948,213.479,-0.9000,0.7149,-15.4366,7.1187,0.000,31.82,38.0,3,2048
218173894,199.948,213.479,0.0000,0.9850,15.2940,6.4672,0.000,31.82,38.0,3,2048
218174587,200.000,213.610,0.9000,0.9209,15.4366,-10.3564,0.000,31.82,38.0,3,2048
218175947,200.000,213.566,0.0000,-0.4356,0.0000,4.6775,0.000,31.82,38.0,3,2048
218176552,199.948,213.632,-0.9000,0.7454,-15.4366,6.6705,0.000,31.82,38.0,3,2048
218177550,199.948,213.720,0.0000,1.5251,15.2940,-1.5485,0.000,31.82,38.0,3,2048
218178858,200.000,213.764,0.9000,0.9514,15.4366,-10.4234,0.000,31.82,38.0,3,2048
218179548,200.000,213.720,0.0000,-0.6737,0.0000,4.6500,0.000,31.82,38.0,3,2048
218180605,199.948,213.764,-0.9000,0.5806,-15.4366,6.8320,0.000,31.82,38.0,3,2048
218181574,199.948,213.852,0.0000,1.4412,15.2940,-1.8232,0.000,31.82,38.0,3,2048
218182603,200.000,213.896,0.9000,0.7729,15.4366,-10.4608,0.000,31.82,38.0,3,2048
218183900,200.000,213.830,0.0000,-0.6661,0.0000,4.8401,0.000,31.82,38.0,3,2048
218184568,199.948,213.874,-0.9000,0.3792,-15.4366,7.1165,0.000,31.82,38.0,3,2048
218185582,199.948,213.962,0.0000,1.5206,15.2940,-1.8419,0.000,31.82,38.0,3,2048
218186591,200.000,214.006,0.9000,0.8400,15.4366,-10.3971,0.000,31.82,38.0,3,2048
218187623,200.000,213.940,0.0000,-0.8232,0.0000,4.8082,0.000,31.82,38.0,3,2048
218188869,199.948,213.984,-0.9000,0.3578,-15.4366,7.1077,0.000,31.82,38.0,3,2048
218189579,199.948,214.072,0.0000,1.4488,15.2940,-1.6936,0.000,31.82,38.0,3,2048
218190596,200.000,214.094,0.9000,0.7347,15.4366,-10.4388,0.000,31.82,38.0,3,2048
218191891,200.000,214.028,0.0000,-0.8904,0.0000,4.7357,0.000,31.82,38.0,3,2048
218192577,199.948,214.072,-0.9000,0.4082,-15.4366,6.9978,0.000,31.82,38.0,3,2048
218193886,199.948,214.094,0.0000,0.6233,15.2940,6.3387,0.000,31.82,38.0,3,2048
218194579,200.000,214.182,0.9000,0.6493,15.4366,-10.4685,0.000,31.82,38.0,3,2048
218195898,200.000,214.116,0.0000,-0.9163,0.0000,4.9115,0.000,31.82,38.0,3,2048
218196575,199.948,214.138,-0.9000,0.1854,-15.4366,6.9682,0.000,31.82,38.0,3,2048
218197578,199.948,214.204,0.0000,1.1833,15.2940,-1.6804,0.000,31.82,38.0,3,2048
218198893,200.000,214.226,0.9000,0.5013,15.4366,-10.4905,0.000,31.82,38.0,3,2048
218199578,200.000,214.160,0.0000,-1.1147,0.0000,4.9269,0.000,31.82,38.0,3,2048
218200579,199.948,214.182,-0.9000,0.1534,-15.4366,7.0231,0.000,31.82,38.0,3,2048
218201573,199.948,214.270,0.0000,1.2078,15.2940,-1.6639,0.000,31.82,38.0,3,2048
218202575,200.000,214.270,0.9000,0.4265,15.4366,-10.5190,0.000,31.82,38.0,3,2048
218203893,200.000,214.204,0.0000,-1.1421,0.0000,5.0137,0.000,31.82,38.0,3,2048
218204579,199.948,214.226,-0.9000,0.1518,-15.4366,7.1659,0.000,31.82,38.0,3,2048
218205571,199.948,214.292,0.0000,1.0765,15.2940,-1.7749,0.000,31.82,38.0,3,2048
218206545,200.000,214.292,0.9000,0.3120,15.4366,-10.5751,0.000,31.82,38.0,3,2048
218207570,200.000,214.226,0.0000,-1.0430,0.0000,5.1060,0.000,31.82,38.0,3,2048
218208885,199.948,214.248,-0.9000,0.0343,-15.4366,7.2011,0.000,31.82,38.0,3,2048
218209574,199.948,214.314,0.0000,0.9773,15.2940,-1.7485,0.000,31.82,38.0,3,2048
218210581,200.000,214.314,0.9000,0.3792,15.4366,-10.5674,0.000,31.82,38.0,3,2048
218211855,200.000,214.248,0.0000,-1.2078,0.0000,5.0983,0.000,31.82,38.0,3,2048
218212662,199.948,214.270,-0.9000,0.0465,-15.4366,7.3176,0.000,31.82,38.0,3,2048
218213950,199.948,214.270,0.0000,0.2815,15.2940,6.6716,0.000,31.82,38.0,3,2048
218214552,200.000,214.336,0.9000,0.2525,15.4366,-10.4751,0.000,31.82,38.0,3,2048
218215864,200.000,214.248,0.0000,-1.1696,0.0000,4.4479,0.000,31.82,38.0,3,2048
218216548,199.948,214.270,-0.9000,-0.1442,-15.4366,7.5615,0.000,31.82,38.0,3,2048
218217611,199.948,214.314,0.0000,0.9743,15.2940,-1.6760,0.000,31.82,38.0,3,2048
218218963,200.000,214.314,0.9000,0.1518,15.4366,-10.5256,0.000,31.82,38.0,3,2048
218219583,200.000,214.248,0.0000,-1.3344,0.0000,5.6597,0.000,31.82,38.0,3,2048
218220584,199.948,214.248,-0.9000,-0.0343,-15.4366,7.2857,0.000,31.82,38.0,3,2048
218221574,199.948,214.314,0.0000,0.8171,15.2940,-1.7046,0.000,31.82,38.0,3,2048
218222577,200.000,214.314,0.9000,0.2037,15.4366,-10.4531,0.000,31.82,38.0,3,2048
218223924,200.000,214.226,0.0000,-1.2749,0.0000,5.1214,0.000,31.82,38.0,3,2048
218224583,199.948,214.248,-0.9000,-0.1076,-15.4366,7.3209,0.000,31.82,38.0,3,2048
218225579,199.948,214.292,0.0000,0.7286,15.2940,-1.6595,0.000,31.82,38.0,3,2048
218226578,200.000,214.292,0.9000,0.1045,15.4366,-10.5212,0.000,31.82,38.0,3,2048
218227576,200.000,214.226,0.0000,-1.2535,0.0000,5.1752,0.000,31.82,38.0,3,2048
218228934,199.948,214.226,-0.9000,-0.0420,-15.4366,7.2813,0.000,31.82,38.0,3,2048
218229552,199.948,214.292,0.0000,0.9667,15.2940,-1.6661,0.000,31.82,38.0,3,2048
218230551,200.000,214.292,0.9000,0.1076,15.4366,-10.4674,0.000,31.82,38.0,3,2048
218231862,200.000,214.204,0.0000,-1.1925,0.0000,5.1411,0.000,31.82,38.0,3,2048
218232547,199.948,214.226,-0.9000,-0.1106,-15.4366,7.2516,0.000,31.82,38.0,3,2048
218233916,199.948,214.226,0.0000,0.1335,15.2940,6.6474,0.000,31.82,38.0,3,2048
218235206,200.000,214.182,0.9000,-1.2657,15.4366,5.1071,0.000,31.82,38.0,3,2048
218236203,200.000,214.204,0.0000,-0.0023,0.0000,7.2275,0.000,31.82,38.0,3,2048
218236882,199.948,214.248,-0.9000,0.8507,-15.4366,-1.6408,0.000,31.82,38.0,3,2048
218237884,199.948,214.248,0.0000,0.2144,15.2940,-10.4377,0.000,31.82,38.0,3,2048
218239217,200.000,214.182,0.9000,-1.2978,15.4366,5.0532,0.000,31.82,38.0,3,2048
218239886,200.000,214.204,0.0000,-0.0175,0.0000,7.1978,0.000,31.82,38.0,3,2048
218240886,199.948,214.248,-0.9000,0.8583,-15.4366,-1.6298,0.000,31.82,38.0,3,2048
218241886,199.948,214.248,0.0000,0.2541,15.2940,-10.3949,0.000,31.82,38.0,3,2048
218243207,200.000,214.160,0.9000,-1.2840,15.4366,4.9851,0.000,31.82,38.0,3,2048
218244203,200.000,214.182,0.0000,-0.0710,0.0000,7.2198,0.000,31.82,38.0,3,2048
218244880,199.948,214.226,-0.9000,0.9773,-15.4366,-1.5760,0.000,31.82,38.0,3,2048
218245887,199.948,214.226,0.0000,0.2480,15.2940,-10.4619,0.000,31.82,38.0,3,2048
218247203,200.000,214.138,0.9000,-1.3298,15.4366,5.0752,0.000,31.82,38.0,3,2048
218247956,200.000,214.160,0.0000,0.0923,0.0000,7.0143,0.000,31.82,38.0,3,2048
218249198,199.948,214.226,-0.9000,1.0201,-15.4366,-1.4090,0.000,31.82,38.0,3,2048
218249869,199.948,214.226,0.0000,0.2480,15.2940,-10.4861,0.000,31.82,38.0,3,2048
218251191,200.000,214.138,0.9000,-1.1406,15.4366,5.0488,0.000,31.82,38.0,3,2048
218252192,200.000,214.182,0.0000,-0.0603,0.0000,7.1484,0.000,31.82,38.0,3,2048
218252545,199.948,214.204,-0.9000,0.6050,-15.4366,4.2402,0.000,31.82,38.0,3,2048
218253859,199.948,214.226,0.0000,0.8431,15.2940,-1.6408,0.000,31.82,38.0,3,2048
218254547,200.000,214.226,0.9000,0.2785,15.4366,-10.3828,0.000,31.82,38.0,3,2048
218255931,200.000,214.138,0.0000,-1.3024,0.0000,5.0401,0.000,31.82,38.0,3,2048
218256579,199.948,214.160,-0.9000,0.1549,-15.4366,6.9352,0.000,31.82,38.0,3,2048
218257577,199.948,214.226,0.0000,0.9895,15.2940,-1.4156,0.000,31.82,38.0,3,2048
218258923,200.000,214.226,0.9000,0.2602,15.4366,-10.5696,0.000,31.82,38.0,3,2048
218259877,200.000,214.182,0.0000,0.0679,0.0000,7.0945,0.000,31.82,38.0,3,2048
218260887,199.948,214.226,-0.9000,0.9331,-15.4366,-1.6101,0.000,31.82,38.0,3,2048
218261884,199.948,214.226,0.0000,0.2541,15.2940,-10.4531,0.000,31.82,38.0,3,2048
218263211,200.000,214.160,0.9000,-1.2276,15.4366,5.0071,0.000,31.82,38.0,3,2048
218264206,200.000,214.160,0.0000,-0.0053,0.0000,7.1418,0.000,31.82,38.0,3,2048
218264877,199.948,214.226,-0.9000,0.9133,-15.4366,-1.6353,0.000,31.82,38.0,3,2048
218265948,199.948,214.226,0.0000,0.2556,15.2940,-10.6366,0.000,31.82,38.0,3,2048
218267197,200.000,214.160,0.9000,-1.1009,15.4366,4.9829,0.000,31.82,38.0,3,2048
218267867,200.000,214.160,0.0000,-0.0237,0.0000,7.1121,0.000,31.82,38.0,3,2048
218269192,199.948,214.226,-0.9000,0.9850,-15.4366,-1.5628,0.000,31.82,38.0,3,2048
218269870,199.948,214.226,0.0000,0.2632,15.2940,-10.4421,0.000,31.82,38.0,3,2048
218271194,200.000,214.160,0.9000,-1.1940,15.4366,5.0368,0.000,31.82,38.0,3,2048
218272191,200.000,214.160,0.0000,-0.0038,0.0000,7.1374,0.000,31.82,38.0,3,2048
218272544,199.948,214.182,-0.9000,0.5074,-15.4366,4.2567,0.000,31.82,38.0,3,2048
218273917,199.948,214.226,0.0000,0.8766,15.2940,-1.6123,0.000,31.82,38.0,3,2048
218275203,200.000,214.160,0.9000,-1.2245,15.4366,5.0565,0.000,31.82,38.0,3,2048
218276204,200.000,214.160,0.0000,-0.0450,0.0000,7.1055,0.000,31.82,38.0,3,2048
218276880,199.948,214.226,-0.9000,0.8492,-15.4366,-1.5771,0.000,31.82,38.0,3,2048
218277896,199.948,214.226,0.0000,0.2800,15.2940,-10.4498,0.000,31.82,38.0,3,2048
218279207,200.000,214.138,0.9000,-1.3527,15.4366,5.0950,0.000,31.82,38.0,3,2048
218279878,200.000,214.160,0.0000,0.0969,0.0000,7.0956,0.000,31.82,38.0,3,2048
218280886,199.948,214.204,-0.9000,0.8812,-15.4366,-1.5837,0.000,31.82,38.0,3,2048
218281886,199.948,214.226,0.0000,0.2510,15.2940,-10.3982,0.000,31.82,38.0,3,2048
218283208,200.000,214.138,0.9000,-1.1727,15.4366,5.0225,0.000,31.82,38.0,3,2048
218284208,200.000,214.160,0.0000,-0.1015,0.0000,7.0923,0.000,31.82,38.0,3,2048
218284875,199.948,214.204,-0.9000,0.9148,-15.4366,-1.6112,0.000,31.82,38.0,3,2048
218285956,199.948,214.204,0.0000,0.2022,15.2940,-10.6695,0.000,31.82,38.0,3,2048
218287201,200.000,214.138,0.9000,-1.2383,15.4366,4.5654,0.000,31.82,38.0,3,2048
218287873,200.000,214.138,0.0000,-0.1717,0.0000,7.3209,0.000,31.82,38.0,3,2048
218289193,199.948,214.182,-0.9000,0.9285,-15.4366,-1.4969,0.000,31.82,38.0,3,2048
218289869,199.948,214.182,0.0000,0.0954,15.2940,-10.3817,0.000,31.82,38.0,3,2048
218291216,200.000,214.094,0.9000,-1.2642,15.4366,5.0423,0.000,31.82,38.0,3,2048
218292198,200.000,214.116,0.0000,-0.0771,0.0000,7.0528,0.000,31.82,38.0,3,2048
218292573,199.948,214.138,-0.9000,0.4479,-15.4366,4.1787,0.000,31.82,38.0,3,2048
218293888,199.948,214.182,0.0000,0.8721,15.2940,-1.5321,0.000,31.82,38.0,3,2048
218294577,200.000,214.160,0.9000,0.1167,15.4366,-10.3597,0.000,31.82,38.0,3,2048
218295897,200.000,214.094,0.0000,-1.2459,0.0000,5.0499,0.000,31.82,38.0,3,2048
218296576,199.948,214.094,-0.9000,-0.0404,-15.4366,7.0616,0.000,31.82,38.0,3,2048
218297575,199.948,214.160,0.0000,0.8797,15.2940,-1.5474,0.000,31.82,38.0,3,2048
218298891,200.000,214.160,0.9000,0.2007,15.4366,-10.3410,0.000,31.82,38.0,3,2048
218299577,200.000,214.072,0.0000,-1.2428,0.0000,5.0620,0.000,31.82,38.0,3,2048
218300579,199.948,214.094,-0.9000,-0.0160,-15.4366,7.0857,0.000,31.82,38.0,3,2048
218301571,199.948,214.138,0.0000,0.8766,15.2940,-1.5947,0.000,31.82,38.0,3,2048
218302573,200.000,214.138,0.9000,0.3563,15.4366,-10.3828,0.000,31.82,38.0,3,2048
218303891,200.000,214.050,0.0000,-1.3466,0.0000,5.1334,0.000,31.82,38.0,3,2048
218304577,199.948,214.072,-0.9000,0.0420,-15.4366,7.0418,0.000,31.82,38.0,3,2048
218305577,199.948,214.138,0.0000,0.8492,15.2940,-1.5903,0.000,31.82,38.0,3,2048
218306581,200.000,214.138,0.9000,0.1656,15.4366,-10.3487,0.000,31.82,38.0,3,2048
218307549,200.000,214.050,0.0000,-1.1162,0.0000,5.1060,0.000,31.82,38.0,3,2048
218308874,199.948,214.072,-0.9000,-0.0969,-15.4366,6.9814,0.000,31.82,38.0,3,2048
218309573,199.948,214.138,0.0000,1.0048,15.2940,-1.5398,0.000,31.82,38.0,3,2048
218310574,200.000,214.138,0.9000,0.1869,15.4366,-10.3685,0.000,31.82,38.0,3,2048
218311879,200.000,214.050,0.0000,-1.2078,0.0000,5.0148,0.000,31.82,38.0,3,2048
218312575,199.948,214.072,-0.9000,-0.0664,-15.4366,7.0539,0.000,31.82,38.0,3,2048
218313867,199.948,214.072,0.0000,0.2098,15.2940,6.4112,0.000,31.82,38.0,3,2048
218314666,200.000,214.138,0.9000,0.2617,15.4366,-10.3004,0.000,31.82,38.0,3,2048
218315966,200.000,214.050,0.0000,-1.2581,0.0000,5.5443,0.000,31.82,38.0,3,2048
218316551,199.948,214.072,-0.9000,0.1442,-15.4366,6.8748,0.000,31.82,38.0,3,2048
218317550,199.948,214.116,0.0000,0.9865,15.2940,-1.2849,0.000,31.82,38.0,3,2048
218318859,200.000,214.116,0.9000,0.1991,15.4366,-10.4443,0.000,31.82,38.0,3,2048
218319548,200.000,214.050,0.0000,-1.1757,0.0000,5.0082,0.000,31.82,38.0,3,2048
218320609,199.948,214.072,-0.9000,0.0832,-15.4366,7.0945,0.000,31.82,38.0,3,2048
218321573,199.948,214.116,0.0000,0.8736,15.2940,-1.5738,0.000,31.82,38.0,3,2048
218322572,200.000,214.138,0.9000,0.2983,15.4366,-10.3630,0.000,31.82,38.0,3,2048
218323921,200.000,214.050,0.0000,-1.1437,0.0000,5.0346,0.000,31.82,38.0,3,2048
218324582,199.948,214.072,-0.9000,0.0221,-15.4366,7.0429,0.000,31.82,38.0,3,2048
218325583,199.948,214.116,0.0000,0.9712,15.2940,-1.5716,0.000,31.82,38.0,3,2048
218326579,200.000,214.138,0.9000,0.3029,15.4366,-10.3465,0.000,31.82,38.0,3,2048
218327580,200.000,214.050,0.0000,-1.2795,0.0000,5.0697,0.000,31.82,38.0,3,2048
218328895,199.948,214.072,-0.9000,0.0221,-15.4366,7.0209,0.000,31.82,38.0,3,2048
218329629,199.948,214.138,0.0000,1.0201,15.2940,-1.5782,0.000,31.82,38.0,3,2048
218330554,200.000,214.138,0.9000,0.2419,15.4366,-10.6443,0.000,31.82,38.0,3,2048
218331862,200.000,214.050,0.0000,-1.3466,0.0000,4.5610,0.000,31.82,38.0,3,2048
218332547,199.948,214.050,-0.9000,-0.0511,-15.4366,7.2648,0.000,31.82,38.0,3,2048
218333864,199.948,214.072,0.0000,0.1625,15.2940,6.5913,0.000,31.82,38.0,3,2048
218334603,200.000,214.116,0.9000,0.1671,15.4366,-10.2762,0.000,31.82,38.0,3,2048
218335898,200.000,214.028,0.0000,-1.3985,0.0000,4.9796,0.000,31.82,38.0,3,2048
218336578,199.948,214.050,-0.9000,0.0114,-15.4366,7.0693,0.000,31.82,38.0,3,2048
218337607,199.948,214.094,0.0000,0.9697,15.2940,-1.5178,0.000,31.82,38.0,3,2048
218338897,200.000,214.116,0.9000,0.3136,15.4366,-10.3290,0.000,31.82,38.0,3,2048
218339579,200.000,214.028,0.0000,-1.2444,0.0000,4.9785,0.000,31.82,38.0,3,2048
218340583,199.948,214.050,-0.9000,-0.0023,-15.4366,7.1308,0.000,31.82,38.0,3,2048
218341578,199.948,214.094,0.0000,0.8278,15.2940,-1.5518,0.000,31.82,38.0,3,2048
218342629,200.000,214.094,0.9000,0.2144,15.4366,-10.2597,0.000,31.82,38.0,3,2048
218343869,200.000,214.006,0.0000,-1.2047,0.0000,5.4674,0.000,31.82,38.0,3,2048
218344547,199.948,214.028,-0.9000,-0.0832,-15.4366,7.0945,0.000,31.82,38.0,3,2048
218345550,199.948,214.094,0.0000,0.9804,15.2940,-1.5134,0.000,31.82,38.0,3,2048
218346545,200.000,214.094,0.9000,0.3029,15.4366,-10.3465,0.000,31.82,38.0,3,2048
218347605,200.000,214.006,0.0000,-1.2840,0.0000,5.0291,0.000,31.82,38.0,3,2048
218348894,199.948,214.028,-0.9000,0.0786,-15.4366,6.9539,0.000,31.82,38.0,3,2048
218349605,199.948,214.072,0.0000,0.8736,15.2940,-1.5387,0.000,31.82,38.0,3,2048
218350585,200.000,214.072,0.9000,0.2617,15.4366,-10.3421,0.000,31.82,38.0,3,2048
218351890,200.000,213.984,0.0000,-1.3298,0.0000,5.0335,0.000,31.82,38.0,3,2048
218352580,199.948,214.028,-0.9000,0.1396,-15.4366,7.1407,0.000,31.82,38.0,3,2048
218353901,199.948,214.028,0.0000,0.2983,15.2940,6.4892,0.000,31.82,38.0,3,2048
218354635,200.000,214.072,0.9000,0.2678,15.4366,-10.3213,0.000,31.82,38.0,3,2048
218355871,200.000,213.984,0.0000,-1.2490,0.0000,5.5476,0.000,31.82,38.0,3,2048
218356545,199.948,214.006,-0.9000,0.0252,-15.4366,7.0967,0.000,31.82,38.0,3,2048
218357613,199.948,214.072,0.0000,1.1208,15.2940,-1.5606,0.000,31.82,38.0,3,2048
218358893,200.000,214.072,0.9000,0.1991,15.4366,-10.5904,0.000,31.82,38.0,3,2048
218359577,200.000,213.984,0.0000,-1.4473,0.0000,4.5424,0.000,31.82,38.0,3,2048
218360582,199.948,213.984,-0.9000,-0.1289,-15.4366,7.3549,0.000,31.82,38.0,3,2048
218361575,199.948,214.072,0.0000,0.8858,15.2940,-1.5694,0.000,31.82,38.0,3,2048
218362573,200.000,214.050,0.9000,0.2144,15.4366,-10.3158,0.000,31.82,38.0,3,2048
218363893,200.000,213.962,0.0000,-1.2642,0.0000,4.9796,0.000,31.82,38.0,3,2048
218364577,199.948,213.984,-0.9000,-0.1854,-15.4366,7.2011,0.000,31.82,38.0,3,2048
218365580,199.948,214.028,0.0000,0.9285,15.2940,-1.6101,0.000,31.82,38.0,3,2048
218366576,200.000,214.050,0.9000,0.2312,15.4366,-10.2696,0.000,31.82,38.0,3,2048
218367574,200.000,213.962,0.0000,-1.2703,0.0000,4.9456,0.000,31.82,38.0,3,2048
218368893,199.948,213.962,-0.9000,-0.0801,-15.4366,7.2286,0.000,31.82,38.0,3,2048
218369579,199.948,214.028,0.0000,0.9758,15.2940,-1.5760,0.000,31.82,38.0,3,2048
218370578,200.000,214.028,0.9000,0.2968,15.4366,-10.3224,0.000,31.82,38.0,3,2048
218371887,200.000,213.962,0.0000,-1.2474,0.0000,4.9489,0.000,31.82,38.0,3,2048
218372548,199.948,213.962,-0.9000,-0.1030,-15.4366,7.2154,0.000,31.82,38.0,3,2048
218373871,199.948,213.962,0.0000,0.1701,15.2940,6.6067,0.000,31.82,38.0,3,2048
218374577,200.000,214.028,0.9000,0.2785,15.4366,-10.2652,0.000,31.82,38.0,3,2048
218375890,200.000,213.940,0.0000,-1.4229,0.0000,4.9357,0.000,31.82,38.0,3,2048
218376574,199.948,213.962,-0.9000,0.0130,-15.4366,7.2560,0.000,31.82,38.0,3,2048
218377581,199.948,214.028,0.0000,1.0536,15.2940,-1.6826,0.000,31.82,38.0,3,2048
218378866,200.000,214.028,0.9000,0.2937,15.4366,-10.3454,0.000,31.82,38.0,3,2048
218379664,200.000,213.940,0.0000,-1.2840,0.0000,4.9621,0.000,31.82,38.0,3,2048
218380643,199.948,213.962,-0.9000,0.0298,-15.4366,7.0176,0.000,31.82,38.0,3,2048
218381549,199.948,214.028,0.0000,1.1177,15.2940,-1.7024,0.000,31.82,38.0,3,2048
218382545,200.000,214.050,0.9000,0.3868,15.4366,-10.0675,0.000,31.82,38.0,3,2048
218383867,200.000,213.962,0.0000,-1.1452,0.0000,4.7929,0.000,31.82,38.0,3,2048
218384547,199.948,213.984,-0.9000,0.0389,-15.4366,7.1231,0.000,31.82,38.0,3,2048
218385612,199.948,214.050,0.0000,1.0430,15.2940,-1.6595,0.000,31.82,38.0,3,2048
218386577,200.000,214.050,0.9000,0.2892,15.4366,-10.5860,0.000,31.82,38.0,3,2048
218387601,200.000,213.984,0.0000,-1.1055,0.0000,4.9038,0.000,31.82,38.0,3,2048
218388897,199.948,214.006,-0.9000,0.0999,-15.4366,7.1506,0.000,31.82,38.0,3,2048
218389581,199.948,214.072,0.0000,0.9895,15.2940,-1.6200,0.000,31.82,38.0,3,2048
218390585,200.000,214.072,0.9000,0.3822,15.4366,-10.3839,0.000,31.82,38.0,3,2048
218391893,200.000,213.984,0.0000,-1.1864,0.0000,4.9368,0.000,31.82,38.0,3,2048
218392566,199.948,214.028,-0.9000,0.0832,-15.4366,7.1022,0.000,31.82,38.0,3,2048
218393945,199.948,214.028,0.0000,0.3456,15.2940,6.4793,0.000,31.82,38.0,3,2048
218394555,200.000,214.072,0.9000,0.2373,15.4366,-10.6036,0.000,31.82,38.0,3,2048
218395864,200.000,214.006,0.0000,-1.3115,0.0000,4.4490,0.000,31.82,38.0,3,2048
218396548,199.948,214.006,-0.9000,-0.0313,-15.4366,7.3439,0.000,31.82,38.0,3,2048
218397550,199.948,214.072,0.0000,0.8919,15.2940,-1.5101,0.000,31.82,38.0,3,2048
218398922,200.000,214.072,0.9000,0.3578,15.4366,-10.3850,0.000,31.82,38.0,3,2048
218399581,200.000,213.984,0.0000,-1.2856,0.0000,4.9796,0.000,31.82,38.0,3,2048
218400611,199.948,214.006,-0.9000,-0.0832,-15.4366,7.1418,0.000,31.82,38.0,3,2048
218401576,199.948,214.050,0.0000,0.8965,15.2940,-1.6266,0.000,31.82,38.0,3,2048
218402580,200.000,214.072,0.9000,0.2998,15.4366,-10.3290,0.000,31.82,38.0,3,2048
218403896,200.000,213.984,0.0000,-1.2673,0.0000,5.0148,0.000,31.82,38.0,3,2048
218404573,199.948,214.006,-0.9000,0.0435,-15.4366,7.1341,0.000,31.82,38.0,3,2048
218405639,199.948,214.072,0.0000,0.9377,15.2940,-1.5848,0.000,31.82,38.0,3,2048
218406547,200.000,214.072,0.9000,0.2724,15.4366,-10.5487,0.000,31.82,38.0,3,2048
218407601,200.000,213.984,0.0000,-1.3420,0.0000,4.4775,0.000,31.82,38.0,3,2048
218408894,199.948,213.984,-0.9000,-0.0694,-15.4366,7.3593,0.000,31.82,38.0,3,2048
218409578,199.948,214.050,0.0000,0.9010,15.2940,-1.5595,0.000,31.82,38.0,3,2048
218410579,200.000,214.050,0.9000,0.2327,15.4366,-10.2630,0.000,31.82,38.0,3,2048
218411892,200.000,213.962,0.0000,-1.2840,0.0000,4.9357,0.000,31.82,38.0,3,2048
218412575,199.948,213.984,-0.9000,0.0374,-15.4366,7.2121,0.000,31.82,38.0,3,2048
218413892,199.948,213.984,0.0000,0.2449,15.2940,6.5826,0.000,31.82,38.0,3,2048
218414579,200.000,214.028,0.9000,0.1717,15.4366,-10.2740,0.000,31.82,38.0,3,2048
218415896,200.000,213.940,0.0000,-1.3664,0.0000,4.8939,0.000,31.82,38.0,3,2048
218416580,199.948,213.962,-0.9000,0.0145,-15.4366,7.2703,0.000,31.82,38.0,3,2048
218417580,199.948,214.028,0.0000,1.0124,15.2940,-1.6277,0.000,31.82,38.0,3,2048
218418892,200.000,214.028,0.9000,0.2358,15.4366,-10.3268,0.000,31.82,38.0,3,2048
218419581,200.000,213.940,0.0000,-1.3756,0.0000,4.9368,0.000,31.82,38.0,3,2048
218420580,199.948,213.962,-0.9000,-0.0511,-15.4366,7.2385,0.000,31.82,38.0,3,2048
218421575,199.948,214.028,0.0000,0.9743,15.2940,-1.6222,0.000,31.82,38.0,3,2048
218422576,200.000,214.028,0.9000,0.3044,15.4366,-10.3553,0.000,31.82,38.0,3,2048
218423879,200.000,213.940,0.0000,-1.2184,0.0000,4.9862,0.000,31.82,38.0,3,2048
218424548,199.948,213.962,-0.9000,-0.0496,-15.4366,7.2099,0.000,31.82,38.0,3,2048
218425576,199.948,214.028,0.0000,0.9712,15.2940,-1.6804,0.000,31.82,38.0,3,2048
218426568,200.000,214.028,0.9000,0.2205,15.4366,-10.3487,0.000,31.82,38.0,3,2048
218427568,200.000,213.940,0.0000,-1.1696,0.0000,4.9675,0.000,31.82,38.0,3,2048
218428889,199.948,213.962,-0.9000,-0.1259,-15.4366,7.2110,0.000,31.82,38.0,3,2048
218429548,199.948,214.028,0.0000,1.0857,15.2940,-1.6628,0.000,31.82,38.0,3,2048
218430543,200.000,214.028,0.9000,0.3746,15.4366,-10.3641,0.000,31.82,38.0,3,2048
218431953,200.000,213.962,0.0000,-1.2459,0.0000,3.5942,0.000,31.82,38.0,3,2048
218432549,199.948,213.962,-0.9000,-0.0282,-15.4366,7.0890,0.000,31.82,38.0,3,2048
218433866,199.948,213.984,0.0000,0.1884,15.2940,6.4375,0.000,31.82,38.0,3,2048
218434545,200.000,214.050,0.9000,0.4128,15.4366,-10.4970,0.000,31.82,38.0,3,2048
218435867,200.000,213.962,0.0000,-1.1315,0.0000,4.9401,0.000,31.82,38.0,3,2048
218436607,199.948,213.984,-0.9000,0.0404,-15.4366,7.1506,0.000,31.82,38.0,3,2048
218437580,199.948,214.050,0.0000,0.9819,15.2940,-1.8265,0.000,31.82,38.0,3,2048
218438899,200.000,214.050,0.9000,0.4250,15.4366,-9.9851,0.000,31.82,38.0,3,2048
218439928,200.000,214.006,0.0000,0.1396,0.0000,7.0879,0.000,31.82,38.0,3,2048
218441203,199.948,214.072,-0.9000,1.0262,-15.4366,-1.6013,0.000,31.82,38.0,3,2048
218441873,199.948,214.072,0.0000,0.4326,15.2940,-10.3421,0.000,31.82,38.0,3,2048
218443204,200.000,214.006,0.9000,-1.1116,15.4366,4.9269,0.000,31.82,38.0,3,2048
218444197,200.000,214.006,0.0000,-0.0023,0.0000,7.0868,0.000,31.82,38.0,3,2048
218445203,199.948,214.072,-0.9000,1.0613,-15.4366,-1.5936,0.000,31.82,38.0,3,2048
218445876,199.948,214.094,0.0000,0.3731,15.2940,-10.3520,0.000,31.82,38.0,3,2048
218447207,200.000,214.006,0.9000,-1.1238,15.4366,4.9566,0.000,31.82,38.0,3,2048
218447874,200.000,214.028,0.0000,0.0633,0.0000,7.1341,0.000,31.82,38.0,3,2048
218449205,199.948,214.094,-0.9000,0.9895,-15.4366,-1.6079,0.000,31.82,38.0,3,2048
218449876,199.948,214.094,0.0000,0.3563,15.2940,-10.3399,0.000,31.82,38.0,3,2048
218451206,200.000,214.006,0.9000,-1.1299,15.4366,5.0115,0.000,31.82,38.0,3,2048
218452265,200.000,214.050,0.0000,0.1091,0.0000,6.9133,0.000,31.82,38.0,3,2048
218452548,199.948,214.050,-0.9000,0.5272,-15.4366,4.0348,0.000,31.82,38.0,3,2048
218453867,199.948,214.094,0.0000,0.9911,15.2940,-1.3596,0.000,31.82,38.0,3,2048
218454545,200.000,214.116,0.9000,0.4128,15.4366,-10.5003,0.000,31.82,38.0,3,2048
218455867,200.000,214.028,0.0000,-1.2383,0.0000,5.0071,0.000,31.82,38.0,3,2048
218456545,199.948,214.050,-0.9000,0.0587,-15.4366,7.0901,0.000,31.82,38.0,3,2048
218457613,199.948,214.116,0.0000,0.8782,15.2940,-1.5562,0.000,31.82,38.0,3,2048
218458894,200.000,214.116,0.9000,0.3502,15.4366,-10.6860,0.000,31.82,38.0,3,2048
218459610,200.000,214.028,0.0000,-1.3207,0.0000,4.5105,0.000,31.82,38.0,3,2048
218460581,199.948,214.050,-0.9000,0.0725,-15.4366,7.1594,0.000,31.82,38.0,3,2048
218461579,199.948,214.094,0.0000,0.9377,15.2940,-1.3596,0.000,31.82,38.0,3,2048
218462578,200.000,214.116,0.9000,0.3685,15.4366,-10.3641,0.000,31.82,38.0,3,2048
218463943,200.000,214.028,0.0000,-1.1849,0.0000,4.9324,0.000,31.82,38.0,3,2048
218464565,199.948,214.050,-0.9000,0.0389,-15.4366,6.8891,0.000,31.82,38.0,3,2048
218465552,199.948,214.116,0.0000,0.8782,15.2940,-1.3651,0.000,31.82,38.0,3,2048
218466599,200.000,214.116,0.9000,0.3777,15.4366,-10.4300,0.000,31.82,38.0,3,2048
218467576,200.000,214.050,0.0000,-1.2276,0.0000,4.9445,0.000,31.82,38.0,3,2048
218468890,199.948,214.072,-0.9000,0.0999,-15.4366,7.1473,0.000,31.82,38.0,3,2048
218469574,199.948,214.116,0.0000,0.9545,15.2940,-1.5936,0.000,31.82,38.0,3,2048
218470578,200.000,214.116,0.9000,0.1869,15.4366,-10.2894,0.000,31.82,38.0,3,2048
218471888,200.000,214.050,0.0000,-1.2139,0.0000,5.0060,0.000,31.82,38.0,3,2048
218472575,199.948,214.050,-0.9000,0.0237,-15.4366,7.0352,0.000,31.82,38.0,3,2048
218473889,199.948,214.072,0.0000,0.1900,15.2940,6.4101,0.000,31.82,38.0,3,2048
218474576,200.000,214.138,0.9000,0.3227,15.4366,-10.3509,0.000,31.82,38.0,3,2048
218475896,200.000,214.050,0.0000,-1.2016,0.0000,5.0774,0.000,31.82,38.0,3,2048
218476577,199.948,214.072,-0.9000,-0.0145,-15.4366,7.0176,0.000,31.82,38.0,3,2048
218477577,199.948,214.138,0.0000,0.9590,15.2940,-1.5354,0.000,31.82,38.0,3,2048
218478890,200.000,214.138,0.9000,0.3471,15.4366,-10.3290,0.000,31.82,38.0,3,2048
218479577,200.000,214.050,0.0000,-1.1772,0.0000,5.0499,0.000,31.82,38.0,3,2048
218480577,199.948,214.072,-0.9000,0.0374,-15.4366,7.0297,0.000,31.82,38.0,3,2048
218481577,199.948,214.138,0.0000,0.9865,15.2940,-1.5518,0.000,31.82,38.0,3,2048
218482550,200.000,214.138,0.9000,0.3578,15.4366,-10.3553,0.000,31.82,38.0,3,2048
218483867,200.000,214.050,0.0000,-1.2535,0.0000,5.0346,0.000,31.82,38.0,3,2048
218484571,199.948,214.072,-0.9000,-0.0542,-15.4366,6.9847,0.000,31.82,38.0,3,2048
218485572,199.948,214.138,0.0000,0.9285,15.2940,-1.5365,0.000,31.82,38.0,3,2048
218486567,200.000,214.138,0.9000,0.2617,15.4366,-10.3487,0.000,31.82,38.0,3,2048
218487573,200.000,214.050,0.0000,-1.1971,0.0000,5.0236,0.000,31.82,38.0,3,2048
218488869,199.948,214.072,-0.9000,0.0450,-15.4366,7.0594,0.000,31.82,38.0,3,2048
218489660,199.948,214.138,0.0000,0.9697,15.2940,-1.5738,0.000,31.82,38.0,3,2048
218490642,200.000,214.138,0.9000,0.2602,15.4366,-10.5707,0.000,31.82,38.0,3,2048
218491867,200.000,214.050,0.0000,-1.2627,0.0000,5.1203,0.000,31.82,38.0,3,2048
218492547,199.948,214.050,-0.9000,-0.1106,-15.4366,7.3088,0.000,31.82,38.0,3,2048
218493863,199.948,214.072,0.0000,0.1503,15.2940,6.6792,0.000,31.82,38.0,3,2048
218494547,200.000,214.116,0.9000,0.2144,15.4366,-10.2817,0.000,31.82,38.0,3,2048
218495928,200.000,214.028,0.0000,-1.1940,0.0000,4.9697,0.000,31.82,38.0,3,2048
218496580,199.948,214.050,-0.9000,-0.0053,-15.4366,7.0022,0.000,31.82,38.0,3,2048
218497578,199.948,214.094,0.0000,0.9972,15.2940,-1.3222,0.000,31.82,38.0,3,2048
218498922,200.000,214.116,0.9000,0.2785,15.4366,-10.4311,0.000,31.82,38.0,3,2048
218499583,200.000,214.028,0.0000,-1.2566,0.0000,5.5718,0.000,31.82,38.0,3,2048
218500587,199.948,214.050,-0.9000,-0.0099,-15.4366,7.1275,0.000,31.82,38.0,3,2048
218501576,199.948,214.116,0.0000,0.9957,15.2940,-1.5310,0.000,31.82,38.0,3,2048
218502579,200.000,214.094,0.9000,0.1747,15.4366,-10.3059,0.000,31.82,38.0,3,2048
218503942,200.000,214.028,0.0000,-1.1025,0.0000,5.0917,0.000,31.82,38.0,3,2048
218504555,199.948,214.028,-0.9000,0.0267,-15.4366,6.9484,0.000,31.82,38.0,3,2048
218505550,199.948,214.094,0.0000,1.0109,15.2940,-1.3794,0.000,31.82,38.0,3,2048
218506545,200.000,214.094,0.9000,0.3227,15.4366,-10.4454,0.000,31.82,38.0,3,2048
218507545,200.000,214.028,0.0000,-1.1879,0.0000,5.0455,0.000,31.82,38.0,3,2048
218508920,199.948,214.028,-0.9000,0.0145,-15.4366,7.0506,0.000,31.82,38.0,3,2048
218509577,199.948,214.094,0.0000,0.9346,15.2940,-1.7254,0.000,31.82,38.0,3,2048
218510579,200.000,214.116,0.9000,0.3563,15.4366,-10.3542,0.000,31.82,38.0,3,2048
218511921,200.000,214.028,0.0000,-1.1482,0.0000,4.9291,0.000,31.82,38.0,3,2048
218512580,199.948,214.050,-0.9000,0.0526,-15.4366,6.9341,0.000,31.82,38.0,3,2048
218513893,199.948,214.050,0.0000,0.2632,15.2940,6.3112,0.000,31.82,38.0,3,2048
218514581,200.000,214.116,0.9000,0.3792,15.4366,-10.4839,0.000,31.82,38.0,3,2048
218515903,200.000,214.050,0.0000,-1.2261,0.0000,4.9851,0.000,31.82,38.0,3,2048
218516938,199.948,214.116,-0.9000,0.9468,-15.4366,-1.7507,0.000,31.82,38.0,3,2048
218517880,199.948,214.138,0.0000,0.3883,15.2940,-9.9906,0.000,31.82,38.0,3,2048
218519195,200.000,214.050,0.9000,-1.1116,15.4366,4.8698,0.000,31.82,38.0,3,2048
218519861,200.000,214.072,0.0000,0.0008,0.0000,7.0110,0.000,31.82,38.0,3,2048
218520863,199.948,214.138,-0.9000,0.9514,-15.4366,-1.5507,0.000,31.82,38.0,3,2048
218521859,199.948,214.138,0.0000,0.3624,15.2940,-10.3795,0.000,31.82,38.0,3,2048
218523185,200.000,214.050,0.9000,-1.2901,15.4366,4.9972,0.000,31.82,38.0,3,2048
218524183,200.000,214.094,0.0000,0.0999,0.0000,7.0748,0.000,31.82,38.0,3,2048
218525184,199.948,214.138,-0.9000,1.0201,-15.4366,-1.5485,0.000,31.82,38.0,3,2048
218525928,199.948,214.160,0.0000,0.3166,15.2940,-10.6333,0.000,31.82,38.0,3,2048
218527201,200.000,214.072,0.9000,-1.2963,15.4366,4.5303,0.000,31.82,38.0,3,2048
218527869,200.000,214.072,0.0000,-0.1869,0.0000,7.2538,0.000,31.82,38.0,3,2048
218529203,199.948,214.138,-0.9000,0.8888,-15.4366,-1.5178,0.000,31.82,38.0,3,2048
218529879,199.948,214.138,0.0000,0.3029,15.2940,-10.3323,0.000,31.82,38.0,3,2048
218531206,200.000,214.050,0.9000,-1.2764,15.4366,5.0730,0.000,31.82,38.0,3,2048
218532196,200.000,214.072,0.0000,0.0389,0.0000,7.0429,0.000,31.82,38.0,3,2048
218532579,199.948,214.094,-0.9000,0.4326,-15.4366,4.1227,0.000,31.82,38.0,3,2048
218533895,199.948,214.138,0.0000,1.0002,15.2940,-1.5409,0.000,31.82,38.0,3,2048
218534580,200.000,214.138,0.9000,0.1976,15.4366,-10.3520,0.000,31.82,38.0,3,2048
218535942,200.000,214.050,0.0000,-1.1986,0.0000,5.0576,0.000,31.82,38.0,3,2048
218536584,199.948,214.072,-0.9000,0.0587,-15.4366,6.9462,0.000,31.82,38.0,3,2048
218537551,199.948,214.116,0.0000,0.9041,15.2940,-1.3277,0.000,31.82,38.0,3,2048
218538914,200.000,214.138,0.9000,0.4112,15.4366,-10.3795,0.000,31.82,38.0,3,2048
218539579,200.000,214.050,0.0000,-1.2413,0.0000,4.9884,0.000,31.82,38.0,3,2048
218540577,199.948,214.050,-0.9000,-0.0099,-15.4366,7.1022,0.000,31.82,38.0,3,2048
218541572,199.948,214.116,0.0000,0.9712,15.2940,-1.5211,0.000,31.82,38.0,3,2048
218542574,200.000,214.116,0.9000,0.2373,15.4366,-10.2894,0.000,31.82,38.0,3,2048
218543891,200.000,214.050,0.0000,-1.2596,0.0000,4.9851,0.000,31.82,38.0,3,2048
218544872,199.948,214.116,-0.9000,0.8614,-15.4366,-1.5606,0.000,31.82,38.0,3,2048
218545869,199.948,214.116,0.0000,0.3975,15.2940,-10.2729,0.000,31.82,38.0,3,2048
218547198,200.000,214.050,0.9000,-1.1437,15.4366,5.0104,0.000,31.82,38.0,3,2048
218547866,200.000,214.050,0.0000,-0.0877,0.0000,7.0682,0.000,31.82,38.0,3,2048
218549198,199.948,214.116,-0.9000,0.8904,-15.4366,-1.5485,0.000,31.82,38.0,3,2048
218549867,199.948,214.116,0.0000,0.2296,15.2940,-10.3312,0.000,31.82,38.0,3,2048
218551197,200.000,214.050,0.9000,-1.2276,15.4366,5.0818,0.000,31.82,38.0,3,2048
218552188,200.000,214.050,0.0000,-0.0725,0.0000,7.0616,0.000,31.82,38.0,3,2048
218552561,199.948,214.072,-0.9000,0.4616,-15.4366,4.2029,0.000,31.82,38.0,3,2048
218553890,199.948,214.116,0.0000,0.9575,15.2940,-1.5518,0.000,31.82,38.0,3,2048
218554578,200.000,214.116,0.9000,0.2754,15.4366,-10.3850,0.000,31.82,38.0,3,2048
218555894,200.000,214.028,0.0000,-1.2947,0.0000,5.0972,0.000,31.82,38.0,3,2048
218556874,199.948,214.116,-0.9000,0.9773,-15.4366,-1.5452,0.000,31.82,38.0,3,2048
218557872,199.948,214.116,0.0000,0.2525,15.2940,-10.3520,0.000,31.82,38.0,3,2048
218559188,200.000,214.028,0.9000,-1.1666,15.4366,5.0324,0.000,31.82,38.0,3,2048
218559860,200.000,214.050,0.0000,0.0496,0.0000,7.0715,0.000,31.82,38.0,3,2048
218561182,199.948,214.094,-0.9000,1.0216,-15.4366,-1.5617,0.000,31.82,38.0,3,2048
218561858,199.948,214.116,0.0000,0.2312,15.2940,-10.2982,0.000,31.82,38.0,3,2048
218563198,200.000,214.028,0.9000,-1.2245,15.4366,4.9642,0.000,31.82,38.0,3,2048
218564194,200.000,214.050,0.0000,-0.0450,0.0000,7.0846,0.000,31.82,38.0,3,2048
218564871,199.948,214.094,-0.9000,0.8385,-15.4366,-1.5529,0.000,31.82,38.0,3,2048
218565868,199.948,214.116,0.0000,0.2388,15.2940,-10.3246,0.000,31.82,38.0,3,2048
218567197,200.000,214.028,0.9000,-1.2474,15.4366,4.9664,0.000,31.82,38.0,3,2048
218567868,200.000,214.028,0.0000,-0.1015,0.0000,7.1143,0.000,31.82,38.0,3,2048
218569198,199.948,214.094,-0.9000,1.0475,-15.4366,-1.5090,0.000,31.82,38.0,3,2048
218569859,199.948,214.116,0.0000,0.2739,15.2940,-10.3597,0.000,31.82,38.0,3,2048
218571291,200.000,214.028,0.9000,-1.1543,15.4366,5.5498,0.000,30.59,38.0,3,2048
218572099,200.000,214.028,0.0000,-0.2556,0.0000,7.3901,0.000,30.59,38.0,3,2048
218572611,199.948,214.050,-0.9000,0.2678,-15.4366,4.5138,0.000,30.59,38.0,3,2048
218573904,199.948,214.094,0.0000,0.8415,15.2940,-1.9715,0.000,30.59,38.0,3,2048
218574554,200.000,214.094,0.9000,0.2724,15.4366,-9.8016,0.000,30.59,38.0,3,2048
218575865,200.000,214.006,0.0000,-1.3268,0.0000,4.8917,0.000,30.59,38.0,3,2048
218576591,199.948,214.028,-0.9000,0.0542,-15.4366,7.0780,0.000,30.59,38.0,3,2048
218577583,199.948,214.094,0.0000,1.0246,15.2940,-1.5804,0.000,30.59,38.0,3,2048
218578960,200.000,214.094,0.9000,0.2449,15.4366,-10.2938,0.000,30.59,38.0,3,2048
218579585,200.000,213.984,0.0000,-1.2840,0.0000,5.5355,0.000,30.59,38.0,3,2048
218580580,199.948,214.006,-0.9000,-0.0359,-15.4366,7.0429,0.000,30.59,38.0,3,2048
218581572,199.948,214.072,0.0000,0.9636,15.2940,-1.4903,0.000,30.59,38.0,3,2048
218582604,200.000,214.072,0.9000,0.3639,15.4366,-10.3290,0.000,30.59,38.0,3,2048
218583893,200.000,213.984,0.0000,-1.2917,0.0000,5.5388,0.000,30.59,38.0,3,2048
218585193,199.948,214.072,-0.9000,1.0033,-15.4366,-1.5980,0.000,30.59,38.0,3,2048
218585870,199.948,214.072,0.0000,0.2403,15.2940,-10.2872,0.000,30.59,38.0,3,2048
218587198,200.000,213.984,0.9000,-1.3710,15.4366,4.9335,0.000,30.59,38.0,3,2048
218587871,200.000,213.984,0.0000,-0.1244,0.0000,7.1165,0.000,30.59,38.0,3,2048
218589196,199.948,214.072,-0.9000,1.0002,-15.4366,-1.5936,0.000,30.59,38.0,3,2048
218589870,199.948,214.050,0.0000,0.1411,15.2940,-10.2861,0.000,30.59,38.0,3,2048
218591197,200.000,213.984,0.9000,-1.2215,15.4366,4.9247,0.000,30.59,38.0,3,2048
218592257,200.000,213.984,0.0000,-0.0145,0.0000,7.0594,0.000,30.59,38.0,3,2048
218592572,199.948,214.028,-0.9000,0.5760,-15.4366,4.1567,0.000,30.59,38.0,3,2048
218593869,199.948,214.072,0.0000,1.0323,15.2940,-1.4090,0.000,30.59,38.0,3,2048
218594549,200.000,214.050,0.9000,0.3120,15.4366,-10.3487,0.000,30.59,38.0,3,2048
218595864,200.000,213.984,0.0000,-1.1879,0.0000,4.9522,0.000,30.59,38.0,3,2048
218596548,199.948,214.006,-0.9000,0.0664,-15.4366,7.1451,0.000,30.59,38.0,3,2048
218597599,199.948,214.072,0.0000,1.0048,15.2940,-1.5837,0.000,30.59,38.0,3,2048
218598892,200.000,214.072,0.9000,0.3899,15.4366,-10.3037,0.000,30.59,38.0,3,2048
218599574,200.000,213.984,0.0000,-1.1681,0.0000,5.0027,0.000,30.59,38.0,3,2048
218600606,199.948,214.006,-0.9000,-0.0084,-15.4366,7.1572,0.000,30.59,38.0,3,2048
218601578,199.948,214.072,0.0000,0.9148,15.2940,-1.7957,0.000,30.59,38.0,3,2048
218602575,200.000,214.072,0.9000,0.3258,15.4366,-10.2883,0.000,30.59,38.0,3,2048
218603895,200.000,213.984,0.0000,-1.2032,0.0000,4.9653,0.000,30.59,38.0,3,2048
218605191,199.948,214.072,-0.9000,1.0338,-15.4366,-1.5936,0.000,30.59,38.0,3,2048
218605936,199.948,214.072,0.0000,0.1915,15.2940,-10.5816,0.000,30.59,38.0,3,2048
218607242,200.000,213.984,0.9000,-1.2459,15.4366,4.4523,0.000,30.59,38.0,3,2048
218607859,200.000,214.006,0.0000,-0.1381,0.0000,7.3187,0.000,30.59,38.0,3,2048
218609181,199.948,214.050,-0.9000,0.8751,-15.4366,-1.5804,0.000,30.59,38.0,3,2048
218609855,199.948,214.050,0.0000,0.1747,15.2940,-10.2718,0.000,30.59,38.0,3,2048
218611179,200.000,213.984,0.9000,-1.3207,15.4366,4.9247,0.000,30.59,38.0,3,2048
218612182,200.000,213.984,0.0000,-0.0008,0.0000,7.1714,0.000,30.59,38.0,3,2048
218612544,199.948,214.006,-0.9000,0.3975,-15.4366,4.2402,0.000,30.59,38.0,3,2048
218613868,199.948,214.050,0.0000,0.9239,15.2940,-1.5848,0.000,30.59,38.0,3,2048
218614609,200.000,214.050,0.9000,0.2983,15.4366,-10.2960,0.000,30.59,38.0,3,2048
218615897,200.000,213.962,0.0000,-1.2840,0.0000,5.4861,0.000,30.59,38.0,3,2048
218616868,199.948,214.028,-0.9000,0.8232,-15.4366,-1.6134,0.000,30.59,38.0,3,2048
218617931,199.948,214.050,0.0000,0.2235,15.2940,-10.5597,0.000,30.59,38.0,3,2048
218619200,200.000,213.962,0.9000,-1.3161,15.4366,4.5050,0.000,30.59,38.0,3,2048
218619866,200.000,213.962,0.0000,-0.1396,0.0000,7.4406,0.000,30.59,38.0,3,2048
218620873,199.948,214.028,-0.9000,0.8904,-15.4366,-1.5529,0.000,30.59,38.0,3,2048
218621872,199.948,214.028,0.0000,0.3380,15.2940,-10.2806,0.000,30.59,38.0,3,2048
218623198,200.000,213.940,0.9000,-1.3680,15.4366,4.9588,0.000,30.59,38.0,3,2048
218624199,200.000,213.962,0.0000,-0.0832,0.0000,7.2472,0.000,30.59,38.0,3,2048
218625197,199.948,214.006,-0.9000,1.0033,-15.4366,-1.6606,0.000,30.59,38.0,3,2048
218625865,199.948,214.028,0.0000,0.2571,15.2940,-10.2982,0.000,30.59,38.0,3,2048
218627263,200.000,213.918,0.9000,-1.4260,15.4366,5.5597,0.000,30.59,38.0,3,2048
218627863,200.000,213.940,0.0000,0.0099,0.0000,7.2187,0.000,30.59,38.0,3,2048
218629181,199.948,214.006,-0.9000,0.9819,-15.4366,-1.6562,0.000,30.59,38.0,3,2048
218629856,199.948,214.006,0.0000,0.1701,15.2940,-10.3070,0.000,30.59,38.0,3,2048
218631179,200.000,213.918,0.9000,-1.2535,15.4366,4.9621,0.000,30.59,38.0,3,2048
218632179,200.000,213.940,0.0000,0.0175,0.0000,7.2132,0.000,30.59,38.0,3,2048
218632545,199.948,213.962,-0.9000,0.4402,-15.4366,4.2710,0.000,30.59,38.0,3,2048
218633858,199.948,214.006,0.0000,0.9651,15.2940,-1.6617,0.000,30.59,38.0,3,2048
218634603,200.000,214.006,0.9000,0.2602,15.4366,-10.3487,0.000,30.59,38.0,3,2048
218635897,200.000,213.918,0.0000,-1.3298,0.0000,5.4597,0.000,30.59,38.0,3,2048
218636931,199.948,214.006,-0.9000,0.9560,-15.4366,-1.9155,0.000,30.59,38.0,3,2048
218637876,199.948,214.006,0.0000,0.2632,15.2940,-9.9499,0.000,30.59,38.0,3,2048
218639198,200.000,213.940,0.9000,-1.1406,15.4366,4.7753,0.000,30.59,38.0,3,2048
218639871,200.000,213.940,0.0000,0.0450,0.0000,7.1813,0.000,30.59,38.0,3,2048
218640876,199.948,214.006,-0.9000,0.9606,-15.4366,-1.7122,0.000,30.59,38.0,3,2048
218641869,199.948,214.028,0.0000,0.4601,15.2940,-10.3564,0.000,30.59,38.0,3,2048
218643195,200.000,213.940,0.9000,-1.3313,15.4366,4.8819,0.000,30.59,38.0,3,2048
218644193,200.000,213.962,0.0000,0.0801,0.0000,7.2758,0.000,30.59,38.0,3,2048
218645255,199.948,214.028,-0.9000,1.0185,-15.4366,-1.8825,0.000,30.59,38.0,3,2048
218645873,199.948,214.028,0.0000,0.3578,15.2940,-10.0147,0.000,30.59,38.0,3,2048
218647186,200.000,213.940,0.9000,-1.1681,15.4366,4.8247,0.000,30.59,38.0,3,2048
218647858,200.000,213.984,0.0000,0.0999,0.0000,7.1626,0.000,30.59,38.0,3,2048
218649181,199.948,214.028,-0.9000,0.9850,-15.4366,-1.7090,0.000,30.59,38.0,3,2048
218649856,199.948,214.050,0.0000,0.3655,15.2940,-10.3663,0.000,30.59,38.0,3,2048
218651254,200.000,213.962,0.9000,-1.3115,15.4366,5.4905,0.000,30.59,38.0,3,2048
218652229,200.000,213.984,0.0000,0.1946,0.0000,7.1418,0.000,30.59,38.0,3,2048
218652572,199.948,214.006,-0.9000,0.5348,-15.4366,3.5415,0.000,30.59,38.0,3,2048
218653886,199.948,214.050,0.0000,1.0735,15.2940,-1.6507,0.000,30.59,38.0,3,2048
218655194,200.000,213.984,0.9000,-1.1589,15.4366,4.9566,0.000,30.59,38.0,3,2048
218656191,200.000,214.006,0.0000,0.0801,0.0000,7.1264,0.000,30.59,38.0,3,2048
218657194,199.948,214.072,-0.9000,1.0109,-15.4366,-1.6342,0.000,30.59,38.0,3,2048
218657861,199.948,214.072,0.0000,0.3029,15.2940,-10.3476,0.000,30.59,38.0,3,2048
218659194,200.000,214.006,0.9000,-1.2932,15.4366,4.9500,0.000,30.59,38.0,3,2048
218659861,200.000,214.006,0.0000,0.0862,0.0000,7.1352,0.000,30.59,38.0,3,2048
218660873,199.948,214.072,-0.9000,0.8583,-15.4366,-1.6167,0.000,30.59,38.0,3,2048
218661867,199.948,214.072,0.0000,0.2617,15.2940,-10.2894,0.000,30.59,38.0,3,2048
218663195,200.000,214.006,0.9000,-1.2093,15.4366,4.9159,0.000,30.59,38.0,3,2048
218664231,200.000,214.028,0.0000,0.0847,0.0000,7.1077,0.000,30.59,38.0,3,2048
218664864,199.948,214.072,-0.9000,0.8965,-15.4366,-1.5881,0.000,30.59,38.0,3,2048
218665864,199.948,214.072,0.0000,0.3044,15.2940,-10.2718,0.000,30.59,38.0,3,2048
218667193,200.000,214.006,0.9000,-1.1955,15.4366,4.9159,0.000,30.59,38.0,3,2048
218667905,200.000,214.028,0.0000,-0.0465,0.0000,7.1418,0.000,30.59,38.0,3,2048
218669197,199.948,214.072,-0.9000,0.8705,-15.4366,-1.5815,0.000,30.59,38.0,3,2048
218669864,199.948,214.094,0.0000,0.3136,15.2940,-10.3323,0.000,30.59,38.0,3,2048
218671194,200.000,214.006,0.9000,-1.2673,15.4366,4.9708,0.000,30.59,38.0,3,2048
218672177,200.000,214.028,0.0000,0.0191,0.0000,7.1308,0.000,30.59,38.0,3,2048
218672572,199.948,214.050,-0.9000,0.6172,-15.4366,4.2018,0.000,30.59,38.0,3,2048
218673887,199.948,214.072,0.0000,0.8904,15.2940,-1.6255,0.000,30.59,38.0,3,2048
218675194,200.000,214.006,0.9000,-1.1543,15.4366,5.0664,0.000,30.59,38.0,3,2048
218676189,200.000,214.028,0.0000,0.0710,0.0000,7.1209,0.000,30.59,38.0,3,2048
218676855,199.948,214.072,-0.9000,0.8186,-15.4366,-1.5760,0.000,30.59,38.0,3,2048
218677858,199.948,214.094,0.0000,0.4143,15.2940,-10.3147,0.000,30.59,38.0,3,2048
218679180,200.000,214.006,0.9000,-1.1345,15.4366,5.0247,0.000,30.59,38.0,3,2048
218679859,200.000,214.028,0.0000,-0.0465,0.0000,7.0396,0.000,30.59,38.0,3,2048
218681196,199.948,214.094,-0.9000,1.0033,-15.4366,-1.5639,0.000,30.59,38.0,3,2048
218681867,199.948,214.094,0.0000,0.1946,15.2940,-10.3432,0.000,30.59,38.0,3,2048
218683192,200.000,214.028,0.9000,-1.1437,15.4366,4.9642,0.000,30.59,38.0,3,2048
218684187,200.000,214.028,0.0000,-0.0725,0.0000,7.0956,0.000,30.59,38.0,3,2048
218685194,199.948,214.094,-0.9000,1.0277,-15.4366,-1.5288,0.000,30.59,38.0,3,2048
218685866,199.948,214.094,0.0000,0.3487,15.2940,-10.3718,0.000,30.59,38.0,3,2048
218687195,200.000,214.006,0.9000,-1.2459,15.4366,4.9511,0.000,30.59,38.0,3,2048
218687854,200.000,214.028,0.0000,0.0206,0.0000,7.1165,0.000,30.59,38.0,3,2048
218689287,199.948,214.094,-0.9000,0.9270,-15.4366,-1.7419,0.000,31.85,38.0,3,2048
218689764,199.948,214.094,0.0000,0.4662,15.2940,-8.9359,0.000,31.85,38.0,3,2048
218690947,200.000,214.028,0.9000,-0.8064,15.4366,6.2255,0.000,31.85,38.0,3,2048
218692180,200.000,214.072,0.0000,0.3532,0.0000,6.2881,0.000,31.85,38.0,3,2048
218692547,199.948,214.094,-0.9000,0.7073,-15.4366,3.6656,0.000,31.85,38.0,3,2048
218693869,199.948,214.138,0.0000,1.1345,15.2940,-1.6255,0.000,31.85,38.0,3,2048
218694547,200.000,214.160,0.9000,0.5592,15.4366,-10.4520,0.000,31.85,38.0,3,2048
218695934,200.000,214.094,0.0000,-0.9880,0.0000,4.9379,0.000,31.85,38.0,3,2048
218696645,199.948,214.116,-0.9000,0.3288,-15.4366,6.8572,0.000,31.85,38.0,3,2048
218697581,199.948,214.204,0.0000,1.2062,15.2940,-1.6156,0.000,31.85,38.0,3,2048
218698895,200.000,214.204,0.9000,0.4265,15.4366,-10.1795,0.000,31.85,38.0,3,2048
218699907,200.000,214.182,0.0000,0.2251,0.0000,6.9341,0.000,31.85,38.0,3,2048
218701195,199.948,214.248,-0.9000,1.1101,-15.4366,-1.6914,0.000,31.85,38.0,3,2048
218701865,199.948,214.248,0.0000,0.3731,15.2940,-10.5487,0.000,31.85,38.0,3,2048
218702927,200.000,214.182,0.9000,-0.9651,15.4366,5.5421,0.000,31.85,38.0,3,2048
218704197,200.000,214.226,0.0000,0.2541,0.0000,7.0330,0.000,31.85,38.0,3,2048
218705189,199.948,214.292,-0.9000,1.0872,-15.4366,-1.7419,0.000,31.85,38.0,3,2048
218705864,199.948,214.292,0.0000,0.3426,15.2940,-10.6102,0.000,31.85,38.0,3,2048
218707193,200.000,214.226,0.9000,-1.0857,15.4366,5.0423,0.000,31.85,38.0,3,2048
218707910,200.000,214.248,0.0000,0.0816,0.0000,7.1736,0.000,31.85,38.0,3,2048
218709191,199.948,214.314,-0.9000,1.0155,-15.4366,-1.7727,0.000,31.85,38.0,3,2048
218709862,199.948,214.314,0.0000,0.4051,15.2940,-10.6025,0.000,31.85,38.0,3,2048
218711193,200.000,214.248,0.9000,-1.1696,15.4366,5.0269,0.000,31.85,38.0,3,2048
218712230,200.000,214.270,0.0000,0.0267,0.0000,7.3066,0.000,31.85,38.0,3,2048
218712577,199.948,214.292,-0.9000,0.6340,-15.4366,3.7074,0.000,31.85,38.0,3,2048
218713915,199.948,214.336,0.0000,1.0384,15.2940,-1.7826,0.000,31.85,38.0,3,2048
218714554,200.000,214.336,0.9000,0.2525,15.4366,-10.8047,0.000,31.85,38.0,3,2048
218715864,200.000,214.270,0.0000,-1.1864,0.0000,5.0774,0.000,31.85,38.0,3,2048
218716548,199.948,214.270,-0.9000,0.0954,-15.4366,7.3230,0.000,31.85,38.0,3,2048
218717550,199.948,214.336,0.0000,1.0155,15.2940,-1.7474,0.000,31.85,38.0,3,2048
218718923,200.000,214.358,0.9000,0.3304,15.4366,-10.5685,0.000,31.85,38.0,3,2048
218719577,200.000,214.270,0.0000,-1.1223,0.0000,5.6861,0.000,31.85,38.0,3,2048
218720611,199.948,214.270,-0.9000,-0.1534,-15.4366,7.3165,0.000,31.85,39.0,3,2048
218721577,199.948,214.336,0.0000,0.9850,15.2940,-1.9309,0.000,31.85,39.0,3,2048
218722580,200.000,214.358,0.9000,0.3838,15.4366,-10.2444,0.000,31.85,39.0,3,2048
218723896,200.000,214.270,0.0000,-1.1162,0.0000,5.0554,0.000,31.85,38.0,3,2048
218724859,199.948,214.358,-0.9000,0.9636,-15.4366,-1.7276,0.000,31.85,39.0,3,2048
218725869,199.948,214.358,0.0000,0.2419,15.2940,-10.5696,0.000,31.85,39.0,3,2048
218727208,200.000,214.270,0.9000,-1.2367,15.4366,5.2038,0.000,31.85,38.0,3,2048
218727933,200.000,214.292,0.0000,0.1625,0.0000,7.1637,0.000,31.85,38.0,3,2048
218729182,199.948,214.358,-0.9000,0.9087,-15.4366,-1.5870,0.000,31.85,39.0,3,2048
218729851,199.948,214.358,0.0000,0.3014,15.2940,-10.6069,0.000,31.85,39.0,3,2048
218731181,200.000,214.292,0.9000,-1.1452,15.4366,5.1554,0.000,31.85,38.0,3,2048
218732179,200.000,214.292,0.0000,-0.0023,0.0000,7.3439,0.000,31.85,38.0,3,2048
218732547,199.948,214.314,-0.9000,0.5043,-15.4366,4.3523,0.000,31.85,38.0,3,2048
218733862,199.948,214.358,0.0000,0.9972,15.2940,-1.7902,0.000,31.85,39.0,3,2048
218734545,200.000,214.358,0.9000,0.2983,15.4366,-10.5267,0.000,31.85,38.0,3,2048
218735930,200.000,214.292,0.0000,-1.1849,0.0000,5.1807,0.000,31.85,38.0,3,2048
218736578,199.948,214.292,-0.9000,-0.0648,-15.4366,7.1703,0.000,31.85,39.0,3,2048
218737579,199.948,214.358,0.0000,1.0994,15.2940,-1.5387,0.000,31.85,39.0,3,2048
218738922,200.000,214.358,0.9000,0.3441,15.4366,-10.6146,0.000,31.85,39.0,3,2048
218739580,200.000,214.292,0.0000,-1.1192,0.0000,5.6894,0.000,31.85,39.0,3,2048
218740584,199.948,214.292,-0.9000,-0.1152,-15.4366,7.3527,0.000,31.85,39.0,3,2048
218741579,199.948,214.358,0.0000,0.9377,15.2940,-1.7935,0.000,31.85,39.0,3,2048
218742615,200.000,214.358,0.9000,0.1900,15.4366,-10.5421,0.000,31.85,39.0,3,2048
218743885,200.000,214.292,0.0000,-1.3191,0.0000,5.7190,0.000,31.85,39.0,3,2048
218744549,199.948,214.292,-0.9000,-0.0801,-15.4366,7.3637,0.000,31.85,39.0,3,2048
218745550,199.948,214.358,0.0000,0.8080,15.2940,-1.7617,0.000,31.85,39.0,3,2048
218746545,200.000,214.358,0.9000,0.1640,15.4366,-10.5333,0.000,31.85,39.0,3,2048
218747603,200.000,214.270,0.0000,-1.3024,0.0000,5.1719,0.000,31.85,39.0,3,2048
218748893,199.948,214.292,-0.9000,0.1564,-15.4366,7.1780,0.000,31.85,39.0,3,2048
218749924,199.948,214.358,0.0000,0.3014,15.2940,-10.8146,0.000,31.85,39.0,3,2048
218751190,200.000,214.270,0.9000,-1.3466,15.4366,4.6248,0.000,31.85,39.0,3,2048
218752184,200.000,214.292,0.0000,-0.1411,0.0000,7.5516,0.000,31.85,39.0,3,2048
218752579,199.948,214.292,-0.9000,0.3670,-15.4366,4.5314,0.000,31.85,39.0,3,2048
218753894,199.948,214.336,0.0000,0.8751,15.2940,-1.6925,0.000,31.85,39.0,3,2048
218755190,200.000,214.248,0.9000,-1.2154,15.4366,5.1873,0.000,31.85,39.0,3,2048
218756237,200.000,214.248,0.0000,-0.0938,0.0000,7.1923,0.000,31.85,39.0,3,2048
218756860,199.948,214.314,-0.9000,0.9499,-15.4366,-1.4991,0.000,31.85,39.0,3,2048
218757935,199.948,214.314,0.0000,0.1350,15.2940,-10.8684,0.000,31.85,39.0,3,2048
218759184,200.000,214.226,0.9000,-1.2993,15.4366,4.5995,0.000,31.85,39.0,3,2048
218759848,200.000,214.226,0.0000,-0.1701,0.0000,7.5450,0.000,31.85,39.0,3,2048
218760852,199.948,214.270,-0.9000,0.8202,-15.4366,-1.6277,0.000,31.85,39.0,3,2048
218761925,199.948,214.292,0.0000,0.1534,15.2940,-10.6629,0.000,31.85,39.0,3,2048
218763189,200.000,214.182,0.9000,-1.4412,15.4366,4.6017,0.000,31.85,39.0,3,2048
218764230,200.000,214.204,0.0000,-0.1244,0.0000,7.3121,0.000,31.85,39.0,3,2048
218764905,199.948,214.248,-0.9000,0.7668,-15.4366,-1.5409,0.000,31.85,39.0,3,2048
218765860,199.948,214.248,0.0000,0.1106,15.2940,-10.3410,0.000,31.85,39.0,3,2048
218767185,200.000,214.138,0.9000,-1.3878,15.4366,5.1016,0.000,31.85,39.0,3,2048
218767906,200.000,214.160,0.0000,-0.0587,0.0000,6.9825,0.000,31.85,39.0,3,2048
218769189,199.948,214.204,-0.9000,0.8919,-15.4366,-1.4046,0.000,31.85,39.0,3,2048
218769903,199.948,214.204,0.0000,0.2602,15.2940,-10.3960,0.000,31.85,39.0,3,2048
218771186,200.000,214.138,0.9000,-1.2535,15.4366,5.0379,0.000,31.85,39.0,3,2048
218772226,200.000,214.138,0.0000,0.0847,0.0000,6.9155,0.000,31.85,39.0,3,2048
218772576,199.948,214.160,-0.9000,0.4494,-15.4366,3.5338,0.000,31.85,39.0,3,2048
218773887,199.948,214.182,0.0000,0.8049,15.2940,-1.5474,0.000,31.85,39.0,3,2048
218775226,200.000,214.116,0.9000,-1.3054,15.4366,5.1631,0.000,31.85,39.0,3,2048
218776183,200.000,214.116,0.0000,-0.0084,0.0000,7.0506,0.000,31.85,39.0,3,2048
218776902,199.948,214.182,-0.9000,0.8263,-15.4366,-1.5452,0.000,31.85,39.0,3,2048
218777865,199.948,214.182,0.0000,0.0969,15.2940,-10.4168,0.000,31.85,39.0,3,2048
218779189,200.000,214.116,0.9000,-1.1986,15.4366,5.0862,0.000,31.85,39.0,3,2048
218779909,200.000,214.116,0.0000,0.0893,0.0000,6.8122,0.000,31.85,39.0,3,2048
218780863,199.948,214.182,-0.9000,0.9087,-15.4366,-1.4013,0.000,31.85,39.0,3,2048
218781864,199.948,214.182,0.0000,0.2556,15.2940,-10.4938,0.000,31.85,39.0,3,2048
218783188,200.000,214.094,0.9000,-1.3054,15.4366,4.9302,0.000,31.85,39.0,3,2048
218784233,200.000,214.116,0.0000,0.0999,0.0000,6.9440,0.000,31.85,39.0,3,2048
218784858,199.948,214.182,-0.9000,0.9209,-15.4366,-1.4376,0.000,31.85,39.0,3,2048
218785862,199.948,214.182,0.0000,0.3426,15.2940,-10.5663,0.000,31.85,39.0,3,2048
218787185,200.000,214.116,0.9000,-1.0780,15.4366,4.9961,0.000,31.85,39.0,3,2048
218787866,200.000,214.138,0.0000,0.0008,0.0000,7.0440,0.000,31.85,39.0,3,2048
218789182,199.948,214.204,-0.9000,1.0704,-15.4366,-1.5991,0.000,31.85,39.0,3,2048
218789851,199.948,214.204,0.0000,0.2144,15.2940,-10.4267,0.000,31.85,39.0,3,2048
218791174,200.000,214.116,0.9000,-1.1498,15.4366,4.9763,0.000,31.85,39.0,3,2048
218792160,200.000,214.138,0.0000,-0.0191,0.0000,7.0209,0.000,31.85,39.0,3,2048
218792571,199.948,214.160,-0.9000,0.4967,-15.4366,4.1567,0.000,31.85,39.0,3,2048
218793882,199.948,214.204,0.0000,0.9316,15.2940,-1.5980,0.000,31.85,39.0,3,2048
218795184,200.000,214.138,0.9000,-1.1360,15.4366,4.9862,0.000,31.85,39.0,3,2048
218796182,200.000,214.138,0.0000,0.0862,0.0000,7.0561,0.000,31.85,39.0,3,2048
218796861,199.948,214.204,-0.9000,0.9453,-15.4366,-1.5815,0.000,31.85,39.0,3,2048
218797860,199.948,214.204,0.0000,0.1534,15.2940,-10.5058,0.000,31.85,39.0,3,2048
218799180,200.000,214.138,0.9000,-1.1467,15.4366,5.0291,0.000,31.85,39.0,3,2048
218799930,200.000,214.160,0.0000,0.1259,0.0000,6.8836,0.000,31.85,39.0,3,2048
218800791,199.948,214.204,-0.9000,0.9377,-15.4366,-0.8795,0.000,31.85,39.0,3,2048
218801934,199.948,214.226,0.0000,0.1717,15.2940,-11.2474,0.000,31.85,39.0,3,2048
218803184,200.000,214.138,0.9000,-1.2871,15.4366,4.7467,0.000,31.85,39.0,3,2048
218804172,200.000,214.138,0.0000,-0.2129,0.0000,7.3637,0.000,31.85,39.0,3,2048
218804849,199.948,214.204,-0.9000,0.9545,-15.4366,-1.5079,0.000,31.85,39.0,3,2048
218805852,199.948,214.182,0.0000,0.1976,15.2940,-10.4190,0.000,31.85,39.0,3,2048
218807176,200.000,214.116,0.9000,-1.3863,15.4366,5.0269,0.000,31.85,39.0,3,2048
218807925,200.000,214.116,0.0000,-0.0999,0.0000,6.8869,0.000,31.85,39.0,3,2048
218809228,199.948,214.182,-0.9000,1.0155,-15.4366,-1.3794,0.000,31.85,39.0,3,2048
218809858,199.948,214.182,0.0000,0.1793,15.2940,-10.5036,0.000,31.85,39.0,3,2048
218811266,200.000,214.094,0.9000,-1.2047,15.4366,5.5674,0.000,31.85,39.0,3,2048
218812180,200.000,214.116,0.0000,0.0069,0.0000,6.9913,0.000,31.85,39.0,3,2048
218812577,199.948,214.138,-0.9000,0.3899,-15.4366,4.1293,0.000,31.85,39.0,3,2048
218813891,199.948,214.182,0.0000,0.9026,15.2940,-1.5299,0.000,31.85,39.0,3,2048
218815227,200.000,214.094,0.9000,-1.2108,15.4366,5.0214,0.000,31.85,39.0,3,2048
218816231,200.000,214.116,0.0000,0.1137,0.0000,6.8979,0.000,31.85,39.0,3,2048
218816853,199.948,214.182,-0.9000,0.9850,-15.4366,-1.3464,0.000,31.85,39.0,3,2048
218817924,199.948,214.182,0.0000,0.2373,15.2940,-10.7212,0.000,31.85,39.0,3,2048
218819187,200.000,214.116,0.9000,-1.1437,15.4366,4.5819,0.000,31.85,39.0,3,2048
218819907,200.000,214.116,0.0000,0.0145,0.0000,7.0660,0.000,31.85,39.0,3,2048
218820861,199.948,214.160,-0.9000,0.9087,-15.4366,-1.3387,0.000,31.85,39.0,3,2048
218821860,199.948,214.160,0.0000,0.2831,15.2940,-10.5003,0.000,31.85,39.0,3,2048
218823187,200.000,214.094,0.9000,-1.1452,15.4366,5.0434,0.000,31.85,39.0,3,2048
218824230,200.000,214.116,0.0000,0.1152,0.0000,6.8550,0.000,31.85,39.0,3,2048
218824858,199.948,214.160,-0.9000,0.9331,-15.4366,-1.3838,0.000,31.85,39.0,3,2048
218825863,199.948,214.182,0.0000,0.3761,15.2940,-10.5377,0.000,31.85,39.0,3,2048
218827238,200.000,214.094,0.9000,-1.1604,15.4366,5.6476,0.000,31.85,39.0,3,2048
218827934,200.000,214.138,0.0000,0.0969,0.0000,6.8407,0.000,31.85,39.0,3,2048
218829182,199.948,214.182,-0.9000,0.9712,-15.4366,-1.4035,0.000,31.85,39.0,3,2048
218829849,199.948,214.204,0.0000,0.3105,15.2940,-10.5322,0.000,31.85,39.0,3,2048
218831173,200.000,214.138,0.9000,-1.1345,15.4366,5.0159,0.000,31.85,39.0,3,2048
218832170,200.000,214.138,0.0000,0.0938,0.0000,7.0231,0.000,31.85,39.0,3,2048
218832547,199.948,214.160,-0.9000,0.5730,-15.4366,4.1117,0.000,31.85,39.0,3,2048
218833861,199.948,214.204,0.0000,0.8659,15.2940,-1.6595,0.000,31.85,39.0,3,2048
218834552,200.000,214.204,0.9000,0.3304,15.4366,-10.3729,0.000,31.85,39.0,3,2048
218835928,200.000,214.138,0.0000,-1.1131,0.0000,4.9566,0.000,31.85,39.0,3,2048
218836579,199.948,214.160,-0.9000,0.1534,-15.4366,6.8528,0.000,31.85,39.0,3,2048
218837609,199.948,214.226,0.0000,1.0079,15.2940,-1.6244,0.000,31.85,39.0,3,2048
218838897,200.000,214.226,0.9000,0.3029,15.4366,-10.7772,0.000,31.85,39.0,3,2048
218839584,200.000,214.138,0.0000,-1.2856,0.0000,4.4380,0.000,31.85,39.0,3,2048
218840584,199.948,214.160,-0.9000,0.0282,-15.4366,7.1780,0.000,31.85,39.0,3,2048
218841577,199.948,214.226,0.0000,0.8553,15.2940,-1.3892,0.000,31.85,39.0,3,2048
218842579,200.000,214.226,0.9000,0.3395,15.4366,-10.5432,0.000,31.85,39.0,3,2048
218843943,200.000,214.138,0.0000,-1.1498,0.0000,4.9621,0.000,31.85,39.0,3,2048
218844554,199.948,214.160,-0.9000,0.0893,-15.4366,6.9759,0.000,31.85,39.0,3,2048
218845550,199.948,214.226,0.0000,1.0231,15.2940,-1.4046,0.000,31.85,39.0,3,2048
218846545,200.000,214.226,0.9000,0.3578,15.4366,-10.5465,0.000,31.85,39.0,3,2048
218847548,200.000,214.160,0.0000,-1.0811,0.0000,5.0291,0.000,31.85,39.0,3,2048
218848924,199.948,214.182,-0.9000,0.0343,-15.4366,7.0967,0.000,31.85,39.0,3,2048
218849574,199.948,214.248,0.0000,1.0796,15.2940,-1.8199,0.000,31.85,39.0,3,2048
218850610,200.000,214.248,0.9000,0.2846,15.4366,-10.4070,0.000,31.85,39.0,3,2048
218851894,200.000,214.182,0.0000,-1.1467,0.0000,5.4422,0.000,31.85,39.0,3,2048
218852579,199.948,214.204,-0.9000,0.1671,-15.4366,7.0857,0.000,31.85,39.0,3,2048
218853897,199.948,214.204,0.0000,0.4417,15.2940,5.9904,0.000,31.85,39.0,3,2048
218854604,200.000,214.270,0.9000,0.3105,15.4366,-10.4333,0.000,31.85,39.0,3,2048
218855921,200.000,214.182,0.0000,-1.2016,0.0000,5.5344,0.000,31.85,39.0,3,2048
218856548,199.948,214.204,-0.9000,-0.0557,-15.4366,6.9165,0.000,31.85,39.0,3,2048
218857550,199.948,214.270,0.0000,1.0155,15.2940,-1.4936,0.000,31.85,39.0,3,2048
218858860,200.000,214.270,0.9000,0.2876,15.4366,-10.5959,0.000,31.85,39.0,3,2048
218859553,200.000,214.204,0.0000,-1.1788,0.0000,5.0049,0.000,31.85,39.0,3,2048
218860610,199.948,214.226,-0.9000,-0.0053,-15.4366,7.2154,0.000,31.85,39.0,3,2048
218861569,199.948,214.292,0.0000,0.9758,15.2940,-1.9144,0.000,31.85,39.0,3,2048
218862574,200.000,214.292,0.9000,0.3334,15.4366,-10.1620,0.000,31.85,39.0,3,2048
218863922,200.000,214.226,0.0000,-1.0323,0.0000,4.8895,0.000,31.85,39.0,3,2048
218864578,199.948,214.248,-0.9000,0.1137,-15.4366,7.0660,0.000,31.85,39.0,3,2048
218865584,199.948,214.314,0.0000,1.0872,15.2940,-1.5013,0.000,31.85,39.0,3,2048
218866593,200.000,214.314,0.9000,0.3639,15.4366,-10.6531,0.000,31.85,39.0,3,2048
218867557,200.000,214.248,0.0000,-1.1635,0.0000,5.6124,0.000,31.85,39.0,3,2048
218868869,199.948,214.248,-0.9000,-0.0267,-15.4366,7.3077,0.000,31.85,39.0,3,2048
218869601,199.948,214.336,0.0000,0.9911,15.2940,-1.7441,0.000,31.85,39.0,3,2048
218870582,200.000,214.336,0.9000,0.2708,15.4366,-10.7992,0.000,31.85,39.0,3,2048
218871891,200.000,214.248,0.0000,-1.2352,0.0000,4.6863,0.000,31.85,39.0,3,2048
218872575,199.948,214.270,-0.9000,0.0313,-15.4366,7.3538,0.000,31.85,39.0,3,2048
218873893,199.948,214.270,0.0000,0.2373,15.2940,6.3826,0.000,31.85,39.0,3,2048
218874577,200.000,214.314,0.9000,0.1701,15.4366,-10.5267,0.000,31.85,39.0,3,2048
218875901,200.000,214.226,0.0000,-1.3085,0.0000,5.1422,0.000,31.85,39.0,3,2048
218876575,199.948,214.248,-0.9000,0.1595,-15.4366,7.1242,0.000,31.85,39.0,3,2048
218877578,199.948,214.314,0.0000,0.9453,15.2940,-1.5178,0.000,31.85,39.0,3,2048
218878894,200.000,214.314,0.9000,0.3136,15.4366,-10.6278,0.000,31.85,39.0,3,2048
218879575,200.000,214.226,0.0000,-1.1757,0.0000,5.0906,0.000,31.85,39.0,3,2048
218880580,199.948,214.248,-0.9000,-0.0786,-15.4366,7.1396,0.000,31.85,39.0,3,2048
218881573,199.948,214.314,0.0000,0.9667,15.2940,-1.4771,0.000,31.85,39.0,3,2048
218882575,200.000,214.314,0.9000,0.2205,15.4366,-10.5882,0.000,31.85,39.0,3,2048
218883899,200.000,214.226,0.0000,-1.2673,0.0000,5.0994,0.000,31.85,39.0,3,2048
218884564,199.948,214.248,-0.9000,0.2296,-15.4366,7.1604,0.000,31.85,39.0,3,2048
218885550,199.948,214.314,0.0000,0.9773,15.2940,-1.4936,0.000,31.85,39.0,3,2048
218886569,200.000,214.314,0.9000,0.2968,15.4366,-10.6102,0.000,31.85,39.0,3,2048
218887569,200.000,214.226,0.0000,-1.1574,0.0000,5.0664,0.000,31.85,39.0,3,2048
218888888,199.948,214.248,-0.9000,0.0481,-15.4366,7.3538,0.000,31.85,39.0,3,2048
218889509,199.948,214.314,0.0000,0.9560,15.2940,-1.7155,0.000,31.85,39.0,3,2048
218890553,200.000,214.314,0.9000,0.3960,15.4366,-10.2575,0.000,31.85,39.0,3,2048
218891855,200.000,214.248,0.0000,-1.1254,0.0000,5.5158,0.000,31.85,39.0,3,2048
218892663,199.948,214.270,-0.9000,0.0954,-15.4366,7.0835,0.000,31.85,39.0,3,2048
218893951,199.948,214.270,0.0000,0.3014,15.2940,6.4848,0.000,31.85,39.0,3,2048
218895170,200.000,214.248,0.9000,-1.1589,15.4366,4.5577,0.000,31.85,39.0,3,2048
218896169,200.000,214.270,0.0000,-0.0786,0.0000,7.4988,0.000,31.85,39.0,3,2048
218896846,199.948,214.336,-0.9000,0.9651,-15.4366,-1.7232,0.000,31.85,39.0,3,2048
218897850,199.948,214.336,0.0000,0.2083,15.2940,-10.5827,0.000,31.85,39.0,3,2048
218899170,200.000,214.248,0.9000,-1.2001,15.4366,5.1697,0.000,31.85,39.0,3,2048
218899845,200.000,214.270,0.0000,-0.0664,0.0000,7.3494,0.000,31.85,39.0,3,2048
218900848,199.948,214.336,-0.9000,0.8812,-15.4366,-1.7782,0.000,31.85,39.0,3,2048
218901921,199.948,214.336,0.0000,0.1518,15.2940,-10.8080,0.000,31.85,39.0,3,2048
218903229,200.000,214.248,0.9000,-1.3573,15.4366,5.2829,0.000,31.85,39.0,3,2048
218904175,200.000,214.248,0.0000,-0.2495,0.0000,7.5637,0.000,31.85,39.0,3,2048
218904903,199.948,214.314,-0.9000,0.8049,-15.4366,-1.8672,0.000,31.85,39.0,3,2048
218905921,199.948,214.314,0.0000,0.2266,15.2940,-10.4179,0.000,31.85,39.0,3,2048
218907228,200.000,214.226,0.9000,-1.3100,15.4366,4.4732,0.000,31.85,39.0,3,2048
218907912,200.000,214.226,0.0000,-0.1900,0.0000,7.3274,0.000,31.85,39.0,3,2048
218909183,199.948,214.270,-0.9000,0.7591,-15.4366,-1.3618,0.000,31.85,39.0,3,2048
218909907,199.948,214.270,0.0000,0.1335,15.2940,-10.7398,0.000,31.85,39.0,3,2048
218911188,200.000,214.182,0.9000,-1.4076,15.4366,4.6006,0.000,31.85,39.0,3,2048
218912235,200.000,214.182,0.0000,-0.1701,0.0000,7.2648,0.000,31.85,39.0,3,2048
218912566,199.948,214.204,-0.9000,0.2937,-15.4366,4.3204,0.000,31.85,39.0,3,2048
218913891,199.948,214.226,0.0000,0.7500,15.2940,-1.3167,0.000,31.85,39.0,3,2048
218914603,200.000,214.248,0.9000,0.1991,15.4366,-10.4168,0.000,31.85,39.0,3,2048
218915929,200.000,214.160,0.0000,-1.2947,0.0000,5.5707,0.000,31.85,39.0,3,2048
218916548,199.948,214.160,-0.9000,-0.0237,-15.4366,7.0319,0.000,31.85,39.0,3,2048
218917550,199.948,214.226,0.0000,0.7912,15.2940,-1.3684,0.000,31.85,39.0,3,2048
218918858,200.000,214.204,0.9000,0.1854,15.4366,-10.4399,0.000,31.85,39.0,3,2048
218919548,200.000,214.138,0.0000,-1.1757,0.0000,5.0642,0.000,31.85,39.0,3,2048
218920612,199.948,214.138,-0.9000,-0.1442,-15.4366,7.0901,0.000,31.85,39.0,3,2048
218921576,199.948,214.204,0.0000,0.9773,15.2940,-1.7650,0.000,31.85,39.0,3,2048
218922603,200.000,214.204,0.9000,0.1518,15.4366,-10.3059,0.000,31.85,39.0,3,2048
218923894,200.000,214.138,0.0000,-1.2764,0.0000,5.1093,0.000,31.85,39.0,3,2048
218924585,199.948,214.138,-0.9000,-0.0694,-15.4366,7.0253,0.000,31.85,39.0,3,2048
218925583,199.948,214.204,0.0000,0.8232,15.2940,-1.7375,0.000,31.85,39.0,3,2048
218926630,200.000,214.204,0.9000,0.1793,15.4366,-10.3333,0.000,31.85,39.0,3,2048
218927548,200.000,214.116,0.0000,-1.1406,0.0000,5.5125,0.000,31.85,39.0,3,2048
218928866,199.948,214.138,-0.9000,0.0542,-15.4366,6.9242,0.000,31.85,39.0,3,2048
218929609,199.948,214.182,0.0000,0.9606,15.2940,-1.5376,0.000,31.85,39.0,3,2048
218930581,200.000,214.204,0.9000,0.2602,15.4366,-10.6959,0.000,31.85,39.0,3,2048
218931888,200.000,214.116,0.0000,-1.3237,0.0000,5.1510,0.000,31.85,39.0,3,2048
218932577,199.948,214.138,-0.9000,-0.0282,-15.4366,7.1275,0.000,31.85,39.0,3,2048
218933891,199.948,214.116,0.0000,0.1701,15.2940,6.4793,0.000,31.85,39.0,3,2048
218934574,200.000,214.182,0.9000,0.1869,15.4366,-10.4432,0.000,31.85,39.0,3,2048
218935898,200.000,214.094,0.0000,-1.1482,0.0000,5.0499,0.000,31.85,39.0,3,2048
218936574,199.948,214.116,-0.9000,-0.0481,-15.4366,7.0649,0.000,31.85,39.0,3,2048
218937579,199.948,214.160,0.0000,0.8873,15.2940,-1.5738,0.000,31.85,39.0,3,2048
218938891,200.000,214.160,0.9000,0.2358,15.4366,-10.6904,0.000,31.85,39.0,3,2048
218939577,200.000,214.072,0.0000,-1.3481,0.0000,5.1016,0.000,31.85,39.0,3,2048
218940579,199.948,214.094,-0.9000,-0.0969,-15.4366,7.1451,0.000,31.85,39.0,3,2048
218941574,199.948,214.160,0.0000,0.9072,15.2940,-1.4848,0.000,31.85,39.0,3,2048
218942574,200.000,214.160,0.9000,0.2449,15.4366,-10.6816,0.000,31.85,39.0,3,2048
218943892,200.000,214.050,0.0000,-1.3008,0.0000,5.2071,0.000,31.85,39.0,3,2048
218944573,199.948,214.072,-0.9000,-0.1427,-15.4366,7.1242,0.000,31.85,39.0,3,2048
218945554,199.948,214.116,0.0000,0.9575,15.2940,-1.2750,0.000,31.85,39.0,3,2048
218946556,200.000,214.138,0.9000,0.3075,15.4366,-10.3817,0.000,31.85,39.0,3,2048
218947571,200.000,214.050,0.0000,-1.2901,0.0000,5.0104,0.000,31.85,39.0,3,2048
218948884,199.948,214.072,-0.9000,0.0206,-15.4366,7.0737,0.000,31.85,39.0,3,2048
218949898,199.948,214.116,0.0000,0.2419,15.2940,-10.5234,0.000,31.85,39.0,3,2048
218951181,200.000,214.028,0.9000,-1.3420,15.4366,5.0390,0.000,31.85,39.0,3,2048
218952154,200.000,214.050,0.0000,0.0175,0.0000,7.0407,0.000,31.85,39.0,3,2048
218952630,199.948,214.072,-0.9000,0.4265,-15.4366,4.1249,0.000,31.85,39.0,3,2048
218953968,199.948,214.116,0.0000,0.9026,15.2940,-1.7353,0.000,31.85,39.0,3,2048
218955169,200.000,214.028,0.9000,-1.2001,15.4366,4.3853,0.000,31.85,39.0,3,2048
218956168,200.000,214.028,0.0000,-0.1884,0.0000,7.2341,0.000,31.85,39.0,3,2048
218956847,199.948,214.094,-0.9000,0.8049,-15.4366,-1.4936,0.000,31.85,39.0,3,2048
218957849,199.948,214.094,0.0000,0.1717,15.2940,-10.3575,0.000,31.85,39.0,3,2048
218959169,200.000,214.006,0.9000,-1.3451,15.4366,4.9697,0.000,31.85,39.0,3,2048
218959846,200.000,214.028,0.0000,0.0267,0.0000,7.1088,0.000,31.85,39.0,3,2048
218960845,199.948,214.072,-0.9000,0.8614,-15.4366,-1.5892,0.000,31.85,39.0,3,2048
218961921,199.948,214.094,0.0000,0.2739,15.2940,-10.5223,0.000,31.85,39.0,3,2048
218963226,200.000,214.006,0.9000,-1.3466,15.4366,4.4391,0.000,31.85,39.0,3,2048
218964215,200.000,214.006,0.0000,-0.2525,0.0000,7.3703,0.000,31.85,39.0,3,2048
218964901,199.948,214.072,-0.9000,0.9194,-15.4366,-1.7090,0.000,31.85,39.0,3,2048
218965898,199.948,214.072,0.0000,0.3517,15.2940,-9.9279,0.000,31.85,39.0,3,2048
218967246,200.000,213.984,0.9000,-1.2566,15.4366,5.3609,0.000,31.85,39.0,3,2048
218967898,200.000,214.006,0.0000,0.0526,0.0000,6.9748,0.000,31.85,39.0,3,2048
218969188,199.948,214.050,-0.9000,0.8461,-15.4366,-1.5892,0.000,31.85,39.0,3,2048
218969896,199.948,214.050,0.0000,0.3243,15.2940,-10.2938,0.000,31.85,39.0,3,2048
218971225,200.000,213.962,0.9000,-1.2352,15.4366,4.9818,0.000,31.85,39.0,3,2048
218972238,200.000,213.984,0.0000,-0.0267,0.0000,7.0506,0.000,31.85,39.0,3,2048
218972578,199.948,214.006,-0.9000,0.5211,-15.4366,4.1502,0.000,31.85,39.0,3,2048
218973895,199.948,214.050,0.0000,0.9392,15.2940,-1.6386,0.000,31.85,39.0,3,2048
218974568,200.000,214.050,0.9000,0.2907,15.4366,-10.6223,0.000,31.85,39.0,3,2048
218975960,200.000,213.962,0.0000,-1.3848,0.0000,4.4721,0.000,31.85,39.0,3,2048
218976844,199.948,214.050,-0.9000,0.9514,-15.4366,-1.3585,0.000,31.85,39.0,3,2048
218977845,199.948,214.050,0.0000,0.3334,15.2940,-10.3663,0.000,31.85,39.0,3,2048
218979167,200.000,213.962,0.9000,-1.2490,15.4366,4.9697,0.000,31.85,39.0,3,2048
218979846,200.000,213.962,0.0000,0.0221,0.0000,7.1846,0.000,31.85,39.0,3,2048
218980847,199.948,214.050,-0.9000,0.9072,-15.4366,-1.6518,0.000,31.85,39.0,3,2048
218981902,199.948,214.050,0.0000,0.2373,15.2940,-10.5267,0.000,31.85,39.0,3,2048
218983233,200.000,213.962,0.9000,-1.3771,15.4366,5.0423,0.000,31.85,39.0,3,2048
218984223,200.000,213.962,0.0000,-0.0099,0.0000,7.2637,0.000,31.85,39.0,3,2048
218984899,199.948,214.028,-0.9000,0.8675,-15.4366,-1.6595,0.000,31.85,39.0,3,2048
218985920,199.948,214.028,0.0000,0.2647,15.2940,-10.2729,0.000,31.85,39.0,3,2048
218987227,200.000,213.940,0.9000,-1.2520,15.4366,4.2941,0.000,31.85,39.0,3,2048
218987901,200.000,213.962,0.0000,-0.0603,0.0000,7.2505,0.000,31.85,39.0,3,2048
218989229,199.948,214.028,-0.9000,1.0338,-15.4366,-1.6046,0.000,31.85,39.0,3,2048
218989898,199.948,214.028,0.0000,0.2342,15.2940,-10.5047,0.000,31.85,39.0,3,2048
218991225,200.000,213.940,0.9000,-1.4046,15.4366,4.8906,0.000,31.85,39.0,3,2048
218992222,200.000,213.962,0.0000,0.0725,0.0000,7.1659,0.000,31.85,39.0,3,2048
218992581,199.948,213.984,-0.9000,0.5623,-15.4366,4.1798,0.000,31.85,39.0,3,2048
218993948,199.948,214.028,0.0000,1.0277,15.2940,-1.7155,0.000,31.85,39.0,3,2048
218995175,200.000,213.940,0.9000,-1.2779,15.4366,4.3567,0.000,31.85,39.0,3,2048
218996167,200.000,213.940,0.0000,-0.1579,0.0000,7.4000,0.000,31.85,39.0,3,2048
218996844,199.948,214.006,-0.9000,0.9895,-15.4366,-1.6002,0.000,31.85,39.0,3,2048
218997845,199.948,214.028,0.0000,0.2708,15.2940,-10.3235,0.000,31.85,39.0,3,2048
218999243,200.000,213.940,0.9000,-1.2322,15.4366,5.5366,0.000,31.85,39.0,3,2048
218999896,200.000,213.962,0.0000,0.1076,0.0000,7.0737,0.000,31.85,39.0,3,2048
219001221,199.948,214.028,-0.9000,1.0262,-15.4366,-1.4705,0.000,31.85,39.0,3,2048
219001893,199.948,214.028,0.0000,0.2953,15.2940,-10.4597,0.000,31.85,39.0,3,2048
219003220,200.000,213.940,0.9000,-1.1940,15.4366,4.9994,0.000,31.85,39.0,3,2048
219004226,200.000,213.962,0.0000,0.1610,0.0000,7.0209,0.000,31.85,39.0,3,2048
219004900,199.948,214.028,-0.9000,0.9270,-15.4366,-1.7265,0.000,31.85,39.0,3,2048
219005904,199.948,214.028,0.0000,0.2220,15.2940,-10.3443,0.000,31.85,39.0,3,2048
219007221,200.000,213.962,0.9000,-1.0307,15.4366,4.7973,0.000,31.85,39.0,3,2048
219007894,200.000,213.984,0.0000,-0.0542,0.0000,7.1055,0.000,31.85,39.0,3,2048
219009221,199.948,214.050,-0.9000,1.1803,-15.4366,-1.6419,0.000,31.85,39.0,3,2048
219009903,199.948,214.050,0.0000,0.2205,15.2940,-10.5729,0.000,31.85,39.0,3,2048
219011222,200.000,213.984,0.9000,-1.3085,15.4366,4.4061,0.000,31.85,39.0,3,2048
219012226,200.000,213.984,0.0000,-0.0252,0.0000,7.2165,0.000,31.85,39.0,3,2048
219012573,199.948,214.028,-0.9000,0.5562,-15.4366,4.2545,0.000,31.85,39.0,3,2048
219013891,199.948,214.050,0.0000,0.8324,15.2940,-1.6298,0.000,31.85,39.0,3,2048
219014575,200.000,214.072,0.9000,0.3853,15.4366,-10.2586,0.000,31.85,39.0,3,2048
219015897,200.000,213.984,0.0000,-1.2001,0.0000,4.8720,0.000,31.85,39.0,3,2048
219016575,199.948,214.006,-0.9000,0.0786,-15.4366,7.1110,0.000,31.85,39.0,3,2048
219017579,199.948,214.072,0.0000,0.9300,15.2940,-1.5760,0.000,31.85,39.0,3,2048
219018891,200.000,214.072,0.9000,0.2388,15.4366,-10.3070,0.000,31.85,39.0,3,2048
219019577,200.000,213.984,0.0000,-1.0933,0.0000,5.0126,0.000,31.85,39.0,3,2048
219020586,199.948,214.006,-0.9000,-0.0359,-15.4366,7.1055,0.000,31.85,39.0,3,2048
219021547,199.948,214.072,0.0000,1.0246,15.2940,-1.5925,0.000,31.85,39.0,3,2048
219022556,200.000,214.072,0.9000,0.3471,15.4366,-10.0774,0.000,31.85,39.0,3,2048
219023887,200.000,214.006,0.0000,-1.1894,0.0000,4.9148,0.000,31.85,39.0,3,2048
219024573,199.948,214.028,-0.9000,0.1274,-15.4366,6.8858,0.000,31.85,39.0,3,2048
219025575,199.948,214.072,0.0000,0.8995,15.2940,-1.6485,0.000,31.85,39.0,3,2048
219026575,200.000,214.094,0.9000,0.3578,15.4366,-10.3388,0.000,31.85,39.0,3,2048
219027548,200.000,214.006,0.0000,-1.1498,0.0000,5.0170,0.000,31.85,39.0,3,2048
219028976,199.948,214.028,-0.9000,-0.0603,-15.4366,7.0330,0.000,31.85,39.0,3,2048
219029619,199.948,214.094,0.0000,1.0674,15.2940,-1.8199,0.000,31.85,39.0,3,2048
219030552,200.000,214.094,0.9000,0.2937,15.4366,-10.2411,0.000,31.85,39.0,3,2048
219031864,200.000,214.028,0.0000,-1.2627,0.0000,4.3402,0.000,31.85,39.0,3,2048
219032547,199.948,214.028,-0.9000,-0.0572,-15.4366,7.2417,0.000,31.85,39.0,3,2048
219033866,199.948,214.050,0.0000,0.2083,15.2940,6.6023,0.000,31.85,39.0,3,2048
219034604,200.000,214.094,0.9000,0.4189,15.4366,-10.3180,0.000,31.85,39.0,3,2048
219035898,200.000,214.006,0.0000,-1.2413,0.0000,5.4927,0.000,31.85,39.0,3,2048
219036577,199.948,214.050,-0.9000,0.0130,-15.4366,6.9319,0.000,31.85,39.0,3,2048
219037613,199.948,214.094,0.0000,0.8446,15.2940,-1.5595,0.000,31.85,39.0,3,2048
219038892,200.000,214.094,0.9000,0.3868,15.4366,-10.3696,0.000,31.85,39.0,3,2048
219039581,200.000,214.028,0.0000,-1.1574,0.0000,4.9335,0.000,31.85,39.0,3,2048
219040584,199.948,214.028,-0.9000,0.0496,-15.4366,7.1077,0.000,31.85,39.0,3,2048
219041574,199.948,214.094,0.0000,0.8415,15.2940,-1.5409,0.000,31.85,39.0,3,2048
219042634,200.000,214.116,0.9000,0.2785,15.4366,-10.2883,0.000,31.85,39.0,3,2048
219043868,200.000,214.028,0.0000,-1.2566,0.0000,5.3433,0.000,31.85,39.0,3,2048
219044547,199.948,214.050,-0.9000,0.0206,-15.4366,7.0088,0.000,31.85,39.0,3,2048
219045550,199.948,214.116,0.0000,1.0170,15.2940,-1.5233,0.000,31.85,39.0,3,2048
219046545,200.000,214.116,0.9000,0.2434,15.4366,-10.3916,0.000,31.85,39.0,3,2048
219047608,200.000,214.028,0.0000,-1.2245,0.0000,5.0719,0.000,31.85,39.0,3,2048
219048892,199.948,214.050,-0.9000,0.0908,-15.4366,6.9144,0.000,31.85,39.0,3,2048
219049574,199.948,214.116,0.0000,0.9987,15.2940,-1.5826,0.000,31.85,39.0,3,2048
219050611,200.000,214.138,0.9000,0.3990,15.4366,-10.3828,0.000,31.85,39.0,3,2048
219051892,200.000,214.050,0.0000,-1.0857,0.0000,5.0247,0.000,31.85,39.0,3,2048
219052580,199.948,214.072,-0.9000,0.0191,-15.4366,7.0165,0.000,31.85,39.0,3,2048
219053893,199.948,214.094,0.0000,0.2464,15.2940,6.4079,0.000,31.85,39.0,3,2048
219054587,200.000,214.138,0.9000,0.3166,15.4366,-10.4146,0.000,31.85,39.0,3,2048
219055945,200.000,214.050,0.0000,-1.3115,0.0000,4.9873,0.000,31.85,39.0,3,2048
219056554,199.948,214.094,-0.9000,0.0648,-15.4366,7.0264,0.000,31.85,39.0,3,2048
219057550,199.948,214.138,0.0000,0.9178,15.2940,-1.3706,0.000,31.85,39.0,3,2048
219058859,200.000,214.138,0.9000,0.3365,15.4366,-10.4410,0.000,31.85,39.0,3,2048
219059548,200.000,214.072,0.0000,-1.2459,0.0000,4.9566,0.000,31.85,39.0,3,2048
219060608,199.948,214.094,-0.9000,0.0313,-15.4366,7.0660,0.000,31.85,39.0,3,2048
219061574,199.948,214.160,0.0000,0.9850,15.2940,-1.7540,0.000,31.85,39.0,3,2048
219062602,200.000,214.160,0.9000,0.2144,15.4366,-10.3388,0.000,31.85,39.0,3,2048
219063900,200.000,214.072,0.0000,-1.1498,0.0000,5.0774,0.000,31.85,39.0,3,2048
219064580,199.948,214.094,-0.9000,0.0221,-15.4366,6.9814,0.000,31.85,39.0,3,2048
219065584,199.948,214.160,0.0000,1.0521,15.2940,-1.5661,0.000,31.85,39.0,3,2048
219066619,200.000,214.160,0.9000,0.1488,15.4366,-10.3707,0.000,31.85,39.0,3,2048
219067569,200.000,214.072,0.0000,-1.3085,0.0000,5.0620,0.000,31.85,39.0,3,2048
219068867,199.948,214.094,-0.9000,-0.0633,-15.4366,7.2022,0.000,31.85,39.0,3,2048
219069602,199.948,214.160,0.0000,0.8705,15.2940,-1.5156,0.000,31.85,39.0,3,2048
219070579,200.000,214.160,0.9000,0.2586,15.4366,-10.5904,0.000,31.85,39.0,3,2048
219071882,200.000,214.072,0.0000,-1.3634,0.0000,5.2060,0.000,31.85,39.0,3,2048
219072574,199.948,214.072,-0.9000,-0.0557,-15.4366,7.0539,0.000,31.85,39.0,3,2048
219073886,199.948,214.094,0.0000,0.0908,15.2940,6.4134,0.000,31.85,39.0,3,2048
219074577,200.000,214.138,0.9000,0.2235,15.4366,-10.3432,0.000,31.85,39.0,3,2048
219075895,200.000,214.050,0.0000,-1.1162,0.0000,5.4839,0.000,31.85,39.0,3,2048
219076577,199.948,214.072,-0.9000,0.1305,-15.4366,6.8451,0.000,31.85,39.0,3,2048
219077576,199.948,214.138,0.0000,1.1009,15.2940,-1.5727,0.000,31.85,39.0,3,2048
219078890,200.000,214.138,0.9000,0.2861,15.4366,-10.3344,0.000,31.85,39.0,3,2048
219079574,200.000,214.072,0.0000,-1.2520,0.0000,5.0071,0.000,31.85,39.0,3,2048
219080578,199.948,214.072,-0.9000,-0.0694,-15.4366,7.0363,0.000,31.85,39.0,3,2048
219081568,199.948,214.138,0.0000,1.0155,15.2940,-1.5507,0.000,31.85,39.0,3,2048
219082573,200.000,214.138,0.9000,0.1518,15.4366,-10.3465,0.000,31.85,39.0,3,2048
219083892,200.000,214.050,0.0000,-1.2520,0.0000,4.9939,0.000,31.85,39.0,3,2048
219084576,199.948,214.072,-0.9000,0.0252,-15.4366,7.0605,0.000,31.85,39.0,3,2048
219085551,199.948,214.138,0.0000,0.9499,15.2940,-1.5222,0.000,31.85,39.0,3,2048
219086567,200.000,214.138,0.9000,0.4051,15.4366,-10.0829,0.000,31.85,39.0,3,2048
219087567,200.000,214.072,0.0000,-1.0613,0.0000,4.8368,0.000,31.85,39.0,3,2048
219088882,199.948,214.094,-0.9000,0.0725,-15.4366,6.8473,0.000,31.85,39.0,3,2048
219089798,199.948,214.160,0.0000,0.3273,15.2940,-10.2400,0.000,31.85,39.0,3,2048
219090843,200.000,214.094,0.9000,-0.9377,15.4366,5.4246,0.000,31.85,39.0,3,2048
219092161,200.000,214.116,0.0000,0.1289,0.0000,6.7858,0.000,31.85,39.0,3,2048
219092626,199.948,214.138,-0.9000,0.6645,-15.4366,3.9974,0.000,31.85,39.0,3,2048
219093965,199.948,214.182,0.0000,1.0765,15.2940,-1.8089,0.000,31.85,39.0,3,2048
219094555,200.000,214.204,0.9000,0.2800,15.4366,-10.5904,0.000,31.85,39.0,3,2048
219095865,200.000,214.116,0.0000,-1.1788,0.0000,3.8997,0.000,31.85,39.0,3,2048
219096548,199.948,214.116,-0.9000,-0.1976,-15.4366,7.3769,0.000,31.85,39.0,3,2048
219097550,199.948,214.182,0.0000,0.9529,15.2940,-1.5024,0.000,31.85,39.0,3,2048
219098916,200.000,214.204,0.9000,0.2495,15.4366,-10.4927,0.000,31.85,39.0,3,2048
219099579,200.000,214.116,0.0000,-1.2276,0.0000,5.6597,0.000,31.85,39.0,3,2048
219100579,199.948,214.138,-0.9000,0.0938,-15.4366,6.8034,0.000,31.85,39.0,3,2048
219101603,199.948,214.182,0.0000,0.8415,15.2940,-1.6244,0.000,31.85,39.0,3,2048
219102579,200.000,214.204,0.9000,0.3700,15.4366,-10.4531,0.000,31.85,39.0,3,2048
219103895,200.000,214.116,0.0000,-1.1376,0.0000,5.0137,0.000,31.85,39.0,3,2048
219104582,199.948,214.138,-0.9000,0.0587,-15.4366,6.9935,0.000,31.85,39.0,3,2048
219105581,199.948,214.204,0.0000,0.8202,15.2940,-1.5496,0.000,31.85,39.0,3,2048
219106618,200.000,214.204,0.9000,0.3334,15.4366,-10.3905,0.000,31.85,39.0,3,2048
219107574,200.000,214.116,0.0000,-1.2688,0.0000,4.9664,0.000,31.85,39.0,3,2048
219108866,199.948,214.138,-0.9000,-0.0893,-15.4366,7.0671,0.000,31.85,39.0,3,2048
219109547,199.948,214.182,0.0000,0.7881,15.2940,-1.3310,0.000,31.85,39.0,3,2048
219110551,200.000,214.204,0.9000,0.3288,15.4366,-10.4619,0.000,31.85,39.0,3,2048
219111914,200.000,214.116,0.0000,-1.2764,0.0000,4.9862,0.000,31.85,39.0,3,2048
219112574,199.948,214.138,-0.9000,0.0038,-15.4366,6.9275,0.000,31.85,39.0,3,2048
219113887,199.948,214.138,0.0000,0.1564,15.2940,6.2859,0.000,31.85,39.0,3,2048
219114601,200.000,214.204,0.9000,0.3410,15.4366,-10.4234,0.000,31.85,39.0,3,2048
219115898,200.000,214.116,0.0000,-1.1650,0.0000,4.9939,0.000,31.85,39.0,3,2048
219116578,199.948,214.138,-0.9000,-0.0435,-15.4366,7.1066,0.000,31.85,39.0,3,2048
219117580,199.948,214.204,0.0000,1.0338,15.2940,-1.5518,0.000,31.85,39.0,3,2048
219118896,200.000,214.204,0.9000,0.2144,15.4366,-10.4190,0.000,31.85,39.0,3,2048
219119631,200.000,214.138,0.0000,-1.1406,0.0000,5.1071,0.000,31.85,39.0,3,2048
219120553,199.948,214.138,-0.9000,0.0237,-15.4366,7.0550,0.000,31.85,39.0,3,2048
219121545,199.948,214.204,0.0000,0.9346,15.2940,-1.3365,0.000,31.85,39.0,3,2048
219122545,200.000,214.204,0.9000,0.2815,15.4366,-10.5531,0.000,31.85,39.0,3,2048
219123865,200.000,214.138,0.0000,-1.2261,0.0000,5.0675,0.000,31.85,39.0,3,2048
219124607,199.948,214.138,-0.9000,-0.0893,-15.4366,7.0605,0.000,31.85,39.0,3,2048
219125577,199.948,214.204,0.0000,0.9270,15.2940,-1.7957,0.000,31.85,39.0,3,2048
219126607,200.000,214.204,0.9000,0.1518,15.4366,-10.3344,0.000,31.85,39.0,3,2048
219127581,200.000,214.138,0.0000,-1.1330,0.0000,5.0642,0.000,31.85,39.0,3,2048
219128894,199.948,214.160,-0.9000,0.0206,-15.4366,7.0693,0.000,31.85,39.0,3,2048
219129579,199.948,214.204,0.0000,0.9468,15.2940,-1.5749,0.000,31.85,39.0,3,2048
219130641,200.000,214.204,0.9000,0.2342,15.4366,-10.4333,0.000,31.85,39.0,3,2048
219131864,200.000,214.138,0.0000,-1.2184,0.0000,4.9840,0.000,31.85,39.0,3,2048
219132547,199.948,214.138,-0.9000,-0.0450,-15.4366,7.2637,0.000,31.85,39.0,3,2048
219133918,199.948,214.138,0.0000,0.1610,15.2940,6.6353,0.000,31.85,39.0,3,2048
219134578,200.000,214.204,0.9000,0.1411,15.4366,-10.6607,0.000,31.85,39.0,3,2048
219135895,200.000,214.116,0.0000,-1.4153,0.0000,5.2169,0.000,31.85,39.0,3,2048
219136577,199.948,214.116,-0.9000,-0.1122,-15.4366,7.1220,0.000,31.85,39.0,3,2048
219137578,199.948,214.182,0.0000,0.8843,15.2940,-1.5079,0.000,31.85,39.0,3,2048
219138889,200.000,214.182,0.9000,0.2174,15.4366,-10.3729,0.000,31.85,39.0,3,2048
219139575,200.000,214.094,0.0000,-1.2688,0.0000,5.0785,0.000,31.85,39.0,3,2048
219140578,199.948,214.094,-0.9000,-0.0984,-15.4366,7.0616,0.000,31.85,39.0,3,2048
219141573,199.948,214.160,0.0000,0.7881,15.2940,-1.5354,0.000,31.85,39.0,3,2048
219142573,200.000,214.160,0.9000,0.2861,15.4366,-10.3630,0.000,31.85,39.0,3,2048
219143891,200.000,214.072,0.0000,-1.3695,0.0000,5.0884,0.000,31.85,39.0,3,2048
219144577,199.948,214.094,-0.9000,-0.0221,-15.4366,7.0934,0.000,31.85,39.0,3,2048
219145578,199.948,214.138,0.0000,0.7485,15.2940,-1.5288,0.000,31.85,39.0,3,2048
219146573,200.000,214.138,0.9000,0.2388,15.4366,-10.3454,0.000,31.85,39.0,3,2048
219147581,200.000,214.050,0.0000,-1.2139,0.0000,5.1389,0.000,31.85,39.0,3,2048
219148870,199.948,214.072,-0.9000,-0.0450,-15.4366,7.0473,0.000,31.85,39.0,3,2048
219149545,199.948,214.138,0.0000,1.0948,15.2940,-1.3101,0.000,31.85,39.0,3,2048
219150577,200.000,214.138,0.9000,0.2739,15.4366,-10.4278,0.000,31.85,39.0,3,2048
219151878,200.000,214.050,0.0000,-1.3497,0.0000,5.6454,0.000,31.85,39.0,3,2048
219152570,199.948,214.072,-0.9000,-0.0008,-15.4366,6.9045,0.000,31.85,39.0,3,2048
219153888,199.948,214.072,0.0000,0.1579,15.2940,6.2574,0.000,31.85,39.0,3,2048
219154549,200.000,214.116,0.9000,0.2129,15.4366,-10.6333,0.000,31.85,39.0,3,2048
219155856,200.000,214.050,0.0000,-1.2795,0.0000,4.4907,0.000,31.85,39.0,3,2048
219156635,199.948,214.050,-0.9000,-0.1152,-15.4366,7.4571,0.000,31.85,39.0,3,2048
219157553,199.948,214.116,0.0000,0.8202,15.2940,-1.8430,0.000,31.85,39.0,3,2048
219158868,200.000,214.116,0.9000,0.2632,15.4366,-9.8807,0.000,31.85,39.0,3,2048
219159545,200.000,214.028,0.0000,-1.3527,0.0000,4.9049,0.000,31.85,39.0,3,2048
219160551,199.948,214.050,-0.9000,-0.0465,-15.4366,7.0835,0.000,31.85,39.0,3,2048
219161608,199.948,214.094,0.0000,0.9178,15.2940,-1.5694,0.000,31.85,39.0,3,2048
219162574,200.000,214.094,0.9000,0.2190,15.4366,-10.5652,0.000,31.85,39.0,3,2048
219163919,200.000,214.006,0.0000,-1.3146,0.0000,5.1115,0.000,31.85,39.0,3,2048
219164582,199.948,214.028,-0.9000,0.0114,-15.4366,7.2352,0.000,31.85,39.0,3,2048
219165583,199.948,214.072,0.0000,0.7652,15.2940,-1.5573,0.000,31.85,39.0,3,2048
219166577,200.000,214.072,0.9000,0.1564,15.4366,-10.2048,0.000,31.85,39.0,3,2048
219167578,200.000,213.984,0.0000,-1.3680,0.0000,4.9939,0.000,31.85,39.0,3,2048
219168936,199.948,214.006,-0.9000,-0.0618,-15.4366,7.1407,0.000,31.85,39.0,3,2048
219169566,199.948,214.050,0.0000,0.8095,15.2940,-1.5529,0.000,31.85,39.0,3,2048
219170553,200.000,214.050,0.9000,0.3548,15.4366,-9.9708,0.000,31.85,39.0,3,2048
219171863,200.000,213.984,0.0000,-1.1528,0.0000,4.8291,0.000,31.85,39.0,3,2048
219172547,199.948,214.006,-0.9000,0.0450,-15.4366,7.1484,0.000,31.85,39.0,3,2048
219173896,199.948,214.006,0.0000,0.2251,15.2940,6.5100,0.000,31.85,39.0,3,2048
219174588,200.000,214.050,0.9000,0.2632,15.4366,-10.4905,0.000,31.85,39.0,3,2048
219175898,200.000,213.962,0.0000,-1.3390,0.0000,5.1137,0.000,31.85,39.0,3,2048
219176574,199.948,213.984,-0.9000,-0.1335,-15.4366,7.2396,0.000,31.85,39.0,3,2048
219177607,199.948,214.028,0.0000,0.9194,15.2940,-1.5793,0.000,31.85,39.0,3,2048
219178898,200.000,214.050,0.9000,0.2998,15.4366,-10.3542,0.000,31.85,39.0,3,2048
219179578,200.000,213.962,0.0000,-1.3802,0.0000,4.9719,0.000,31.85,39.0,3,2048
219180582,199.948,213.984,-0.9000,0.1076,-15.4366,7.2121,0.000,31.85,39.0,3,2048
219181576,199.948,214.028,0.0000,0.8782,15.2940,-1.5881,0.000,31.85,39.0,3,2048
219182624,200.000,214.050,0.9000,0.3059,15.4366,-10.2817,0.000,31.85,39.0,3,2048
219183869,200.000,213.962,0.0000,-1.2978,0.0000,4.8961,0.000,31.85,39.0,3,2048
219184836,199.948,214.028,-0.9000,0.8431,-15.4366,-1.6178,0.000,31.85,39.0,3,2048
219185838,199.948,214.028,0.0000,0.3441,15.2940,-10.2718,0.000,31.85,39.0,3,2048
219187164,200.000,213.940,0.9000,-1.4412,15.4366,4.9203,0.000,31.85,39.0,3,2048
219187841,200.000,213.962,0.0000,-0.0298,0.0000,7.2835,0.000,31.85,39.0,3,2048
219189233,199.948,214.028,-0.9000,1.0414,-15.4366,-1.8836,0.000,31.85,39.0,3,2048
219189898,199.948,214.028,0.0000,0.1701,15.2940,-10.2389,0.000,31.85,39.0,3,2048
219191218,200.000,213.940,0.9000,-1.2230,15.4366,4.9588,0.000,31.85,39.0,3,2048
219192217,200.000,213.940,0.0000,-0.1167,0.0000,7.2527,0.000,31.85,39.0,3,2048
219192572,199.948,213.962,-0.9000,0.4433,-15.4366,4.3314,0.000,31.85,39.0,3,2048
219193919,199.948,214.006,0.0000,1.0674,15.2940,-1.6892,0.000,31.85,39.0,3,2048
219194582,200.000,214.028,0.9000,0.3716,15.4366,-10.3070,0.000,31.85,39.0,3,2048
219195898,200.000,213.940,0.0000,-1.3008,0.0000,5.0796,0.000,31.85,39.0,3,2048
219196581,199.948,213.940,-0.9000,-0.0114,-15.4366,7.2088,0.000,31.85,39.0,3,2048
219197608,199.948,214.006,0.0000,0.8659,15.2940,-1.6892,0.000,31.85,39.0,3,2048
219198930,200.000,214.006,0.9000,0.3090,15.4366,-10.3092,0.000,31.85,39.0,3,2048
219199550,200.000,213.940,0.0000,-1.2062,0.0000,4.9093,0.000,31.85,39.0,3,2048
219200586,199.948,213.940,-0.9000,-0.0511,-15.4366,7.3780,0.000,31.85,39.0,3,2048
219201586,199.948,214.006,0.0000,0.9239,15.2940,-1.8562,0.000,31.85,39.0,3,2048
219202576,200.000,214.006,0.9000,0.1411,15.4366,-10.2531,0.000,31.85,39.0,3,2048
219203894,200.000,213.918,0.0000,-1.2886,0.0000,4.9675,0.000,31.85,39.0,3,2048
219204579,199.948,213.940,-0.9000,0.0114,-15.4366,7.2560,0.000,31.85,39.0,3,2048
219205580,199.948,213.984,0.0000,0.8446,15.2940,-1.6485,0.000,31.85,39.0,3,2048
219206576,200.000,214.006,0.9000,0.2953,15.4366,-10.3279,0.000,31.85,39.0,3,2048
219207577,200.000,213.918,0.0000,-1.1727,0.0000,4.8972,0.000,31.85,39.0,3,2048
219208893,199.948,213.940,-0.9000,-0.0084,-15.4366,7.2736,0.000,31.85,39.0,3,2048
219209576,199.948,213.984,0.0000,0.9102,15.2940,-1.6716,0.000,31.85,39.0,3,2048
219210582,200.000,213.984,0.9000,0.3212,15.4366,-10.3103,0.000,31.85,39.0,3,2048
219211889,200.000,213.918,0.0000,-1.1925,0.0000,4.9016,0.000,31.85,39.0,3,2048
219212578,199.948,213.940,-0.9000,0.0343,-15.4366,7.2703,0.000,31.85,39.0,3,2048
219213889,199.948,213.940,0.0000,0.1946,15.2940,6.6430,0.000,31.85,39.0,3,2048
219214581,200.000,214.006,0.9000,0.2876,15.4366,-10.2509,0.000,31.85,39.0,3,2048
219215904,200.000,213.918,0.0000,-1.2612,0.0000,4.9093,0.000,31.85,39.0,3,2048
219216547,199.948,213.940,-0.9000,0.0160,-15.4366,7.2692,0.000,31.85,39.0,3,2048
219217550,199.948,214.006,0.0000,0.9590,15.2940,-1.4618,0.000,31.85,39.0,3,2048
219218892,200.000,214.006,0.9000,0.4799,15.4366,-10.3663,0.000,31.85,39.0,3,2048
219219574,200.000,213.918,0.0000,-1.3664,0.0000,5.4510,0.000,31.85,39.0,3,2048
219220575,199.948,213.940,-0.9000,0.1579,-15.4366,7.0802,0.000,31.85,39.0,3,2048
219221575,199.948,214.006,0.0000,1.0796,15.2940,-1.6617,0.000,31.85,39.0,3,2048
219222548,200.000,214.006,0.9000,0.4051,15.4366,-10.3564,0.000,31.85,39.0,3,2048
219223847,200.000,213.940,0.0000,-1.3039,0.0000,4.3138,0.000,31.85,39.0,3,2048
219224641,199.948,213.940,-0.9000,-0.0923,-15.4366,7.5340,0.000,31.85,39.0,3,2048
219225551,199.948,214.006,0.0000,1.0124,15.2940,-1.9957,0.000,31.85,39.0,3,2048
219226545,200.000,214.028,0.9000,0.3349,15.4366,-9.9752,0.000,31.85,39.0,3,2048
219227545,200.000,213.940,0.0000,-1.1437,0.0000,4.8643,0.000,31.85,39.0,3,2048
219228894,199.948,213.962,-0.9000,0.0038,-15.4366,7.1451,0.000,31.85,39.0,3,2048
219229600,199.948,214.028,0.0000,0.9712,15.2940,-1.9232,0.000,31.85,39.0,3,2048
219230581,200.000,214.028,0.9000,0.2251,15.4366,-10.3136,0.000,31.85,39.0,3,2048
219231923,200.000,213.962,0.0000,-1.1849,0.0000,4.8873,0.000,31.85,39.0,3,2048
219232579,199.948,213.962,-0.9000,0.0267,-15.4366,7.1824,0.000,31.85,39.0,3,2048
219233896,199.948,213.984,0.0000,0.2068,15.2940,6.5551,0.000,31.85,39.0,3,2048
219234587,200.000,214.028,0.9000,0.4479,15.4366,-10.3092,0.000,31.85,39.0,3,2048
219235898,200.000,213.962,0.0000,-1.1528,0.0000,4.8742,0.000,31.85,39.0,3,2048
219236584,199.948,213.962,-0.9000,0.0175,-15.4366,7.2000,0.000,31.85,39.0,3,2048
219237631,199.948,214.028,0.0000,0.9072,15.2940,-1.6727,0.000,31.85,39.0,3,2048
219238871,200.000,214.028,0.9000,0.1671,15.4366,-10.2993,0.000,31.85,39.0,3,2048
219239835,200.000,213.984,0.0000,-0.0801,0.0000,7.3329,0.000,31.85,39.0,3,2048
219240838,199.948,214.028,-0.9000,0.8263,-15.4366,-1.6156,0.000,31.85,39.0,3,2048
219241839,199.948,214.028,0.0000,0.2892,15.2940,-10.3202,0.000,31.85,39.0,3,2048
219243163,200.000,213.962,0.9000,-1.2322,15.4366,4.9126,0.000,31.85,39.0,3,2048
219244231,200.000,213.984,0.0000,0.0008,0.0000,7.0605,0.000,31.85,39.0,3,2048
219244891,199.948,214.050,-0.9000,0.9712,-15.4366,-1.6222,0.000,31.85,39.0,3,2048
219245899,199.948,214.050,0.0000,0.3181,15.2940,-10.3301,0.000,31.85,39.0,3,2048
219247225,200.000,213.962,0.9000,-1.1940,15.4366,4.9192,0.000,31.85,39.0,3,2048
219247905,200.000,213.984,0.0000,-0.0099,0.0000,7.1363,0.000,31.85,39.0,3,2048
219249226,199.948,214.050,-0.9000,0.9834,-15.4366,-1.5815,0.000,31.85,39.0,3,2048
219249898,199.948,214.050,0.0000,0.3960,15.2940,-10.3421,0.000,31.85,39.0,3,2048
219251225,200.000,213.962,0.9000,-1.2901,15.4366,4.9269,0.000,31.85,39.0,3,2048
219252223,200.000,213.984,0.0000,0.1473,0.0000,7.1934,0.000,31.85,39.0,3,2048
219252577,199.948,214.006,-0.9000,0.4356,-15.4366,4.2325,0.000,31.85,39.0,3,2048
219253897,199.948,214.050,0.0000,1.0323,15.2940,-1.6167,0.000,31.85,39.0,3,2048
219254573,200.000,214.050,0.9000,0.3090,15.4366,-10.3795,0.000,31.85,39.0,3,2048
219255954,200.000,213.984,0.0000,-1.2108,0.0000,4.8829,0.000,31.85,39.0,3,2048
219257156,199.948,214.050,-0.9000,1.0262,-15.4366,-1.3903,0.000,31.85,39.0,3,2048
219257877,199.948,214.050,0.0000,0.2876,15.2940,-10.4015,0.000,31.85,39.0,3,2048
219259209,200.000,213.984,0.9000,-1.1696,15.4366,4.9390,0.000,31.85,39.0,3,2048
219259903,200.000,214.006,0.0000,0.1869,0.0000,6.9978,0.000,31.85,39.0,3,2048
219260899,199.948,214.072,-0.9000,0.8598,-15.4366,-1.6540,0.000,31.85,39.0,3,2048
219261898,199.948,214.072,0.0000,0.2693,15.2940,-10.3004,0.000,31.85,39.0,3,2048
219263224,200.000,213.984,0.9000,-1.0979,15.4366,4.8555,0.000,31.85,39.0,3,2048
219264222,200.000,214.006,0.0000,0.0221,0.0000,7.1396,0.000,31.85,39.0,3,2048
219264896,199.948,214.072,-0.9000,0.8904,-15.4366,-1.5639,0.000,31.85,39.0,3,2048
219265902,199.948,214.094,0.0000,0.4387,15.2940,-10.3004,0.000,31.85,39.0,3,2048
219267223,200.000,214.006,0.9000,-1.2047,15.4366,4.9632,0.000,31.85,39.0,3,2048
219267898,200.000,214.028,0.0000,0.0389,0.0000,7.1022,0.000,31.85,39.0,3,2048
219269225,199.948,214.094,-0.9000,1.0033,-15.4366,-1.5980,0.000,31.85,39.0,3,2048
219269892,199.948,214.094,0.0000,0.2770,15.2940,-10.3619,0.000,31.85,39.0,3,2048
219271223,200.000,214.006,0.9000,-1.2230,15.4366,5.0203,0.000,31.85,39.0,3,2048
219272215,200.000,214.050,0.0000,0.1335,0.0000,7.0627,0.000,31.85,39.0,3,2048
219272574,199.948,214.050,-0.9000,0.5791,-15.4366,4.1227,0.000,31.85,39.0,3,2048
219273889,199.948,214.094,0.0000,1.0155,15.2940,-1.6046,0.000,31.85,39.0,3,2048
219274575,200.000,214.094,0.9000,0.1564,15.4366,-10.3377,0.000,31.85,39.0,3,2048
219275899,200.000,214.028,0.0000,-1.2169,0.0000,4.9774,0.000,31.85,39.0,3,2048
219276575,199.948,214.050,-0.9000,0.0420,-15.4366,7.1066,0.000,31.85,39.0,3,2048
219277578,199.948,214.094,0.0000,0.9804,15.2940,-1.5969,0.000,31.85,39.0,3,2048
219278893,200.000,214.116,0.9000,0.2892,15.4366,-10.3575,0.000,31.85,39.0,3,2048
219279579,200.000,214.028,0.0000,-1.1452,0.0000,4.9950,0.000,31.85,39.0,3,2048
219280580,199.948,214.050,-0.9000,-0.0099,-15.4366,7.0780,0.000,31.85,39.0,3,2048
219281565,199.948,214.116,0.0000,0.9224,15.2940,-1.5551,0.000,31.85,39.0,3,2048
219282547,200.000,214.116,0.9000,0.3258,15.4366,-10.3817,0.000,31.85,39.0,3,2048
219283883,200.000,214.028,0.0000,-1.1330,0.0000,4.3281,0.000,31.85,39.0,3,2048
219284571,199.948,214.050,-0.9000,-0.0389,-15.4366,7.0726,0.000,31.85,39.0,3,2048
219285573,199.948,214.116,0.0000,0.9514,15.2940,-1.5321,0.000,31.85,39.0,3,2048
219286575,200.000,214.116,0.9000,0.2480,15.4366,-10.3344,0.000,31.85,39.0,3,2048
219287546,200.000,214.028,0.0000,-1.1192,0.0000,4.9642,0.000,31.85,39.0,3,2048