t_us,p_cmd_deg,p_act_deg,v_cmd,v_act,t_cmd,t_act,iq,vbus,temp,state,events
169957577,199.948,207.667,0.0000,-6.6964,0.0000,1.8748,0.000,37.24,41.0,3,2064
169958579,200.000,207.293,0.9000,-6.5957,0.0000,-4.0831,0.000,37.24,41.0,3,2064
169959924,200.000,206.876,0.0000,-7.3877,0.0000,1.5288,0.000,37.24,41.0,3,2064
169960898,199.948,206.151,-0.9000,-6.2249,-15.4366,1.9825,0.000,37.24,41.0,3,2064
169961877,199.948,205.777,0.0000,-6.3485,0.0000,-4.0359,0.000,37.24,41.0,3,2064
169962872,200.000,205.403,0.9000,-6.6903,0.0000,1.6298,0.000,37.24,41.0,3,2064
169963909,200.000,205.030,0.0000,-6.3912,0.0000,2.3901,0.000,37.24,41.0,3,2064
169965217,199.948,204.678,-0.9000,-6.0281,-15.4366,1.7968,0.000,37.24,41.0,3,2064
169965887,199.948,204.349,0.0000,-5.9091,0.0000,-4.1469,0.000,37.24,41.0,3,2064
169966890,200.000,203.975,0.9000,-6.3775,0.0000,1.7507,0.000,37.24,41.0,3,2064
169968209,200.000,203.646,0.0000,-6.0296,0.0000,2.6351,0.000,37.24,41.0,3,2064
169968576,199.948,203.514,-0.9000,-5.8862,-15.4366,2.4890,0.000,37.24,41.0,3,2064
169969893,199.948,203.316,0.0000,-5.6924,0.0000,1.9979,0.000,37.24,41.0,3,2064
169970576,200.000,202.987,0.9000,-5.6436,0.0000,-4.0392,0.000,37.24,41.0,3,2064
169971898,200.000,202.635,0.0000,-6.1318,0.0000,1.5529,0.000,37.24,41.0,3,2064
169972575,199.948,202.305,-0.9000,-5.7733,-15.4366,2.5241,0.000,37.24,41.0,3,2064
169973581,199.948,202.020,0.0000,-5.3353,0.0000,1.8606,0.000,37.24,41.0,3,2064
169974895,200.000,201.712,0.9000,-5.2316,0.0000,-4.1007,0.000,37.24,41.0,3,2064
169975574,200.000,201.383,0.0000,-5.8862,0.0000,1.5255,0.000,37.24,41.0,3,2064
169976580,199.948,201.075,-0.9000,-5.2941,-15.4366,2.8493,0.000,37.24,41.0,3,2064
169977576,199.948,200.811,0.0000,-4.9249,0.0000,1.9023,0.000,37.24,41.0,3,2064
169978576,200.000,200.504,0.9000,-4.9706,0.0000,-4.1073,0.000,37.24,41.0,3,2064
169979893,200.000,200.196,0.0000,-5.5016,0.0000,1.7496,0.000,37.24,41.0,3,2064
169980576,199.948,199.910,-0.9000,-4.9844,-15.4366,2.5406,0.000,37.24,41.0,3,2064
169981578,199.948,199.647,0.0000,-4.6151,0.0000,1.9155,0.000,37.24,41.0,3,2064
169982549,200.000,199.405,0.9000,-4.4121,0.0000,-4.2754,0.000,37.24,41.0,3,2064
169983572,200.000,199.097,0.0000,-5.1354,0.0000,1.5980,0.000,37.24,41.0,3,2064
169984887,199.948,198.834,-0.9000,-4.7326,-15.4366,2.5978,0.000,37.24,41.0,3,2064
169985572,199.948,198.592,0.0000,-4.2779,0.0000,1.8353,0.000,37.24,41.0,3,2064
169986582,200.000,198.372,0.9000,-4.1390,0.0000,-4.3413,0.000,37.24,41.0,3,2064
169987857,200.000,198.087,0.0000,-4.7570,0.0000,1.6167,0.000,37.24,41.0,3,2064
169988651,199.948,197.845,-0.9000,-4.2855,-15.4366,2.8669,0.000,37.24,41.0,3,2064
169989955,199.948,197.801,0.0000,-4.2016,0.0000,2.8087,0.000,37.24,41.0,3,2064
169990552,200.000,197.361,0.9000,-3.9223,0.0000,-4.2710,0.000,37.24,41.0,3,2064
169991865,200.000,197.120,0.0000,-4.5480,0.0000,1.3508,0.000,37.24,41.0,3,2064
169992548,199.948,196.900,-0.9000,-4.0826,-15.4366,2.7428,0.000,37.24,41.0,3,2064
169993551,199.948,196.680,0.0000,-3.7072,0.0000,1.7518,0.000,37.24,41.0,3,2064
169994931,200.000,196.482,0.9000,-3.5729,0.0000,-4.6500,0.000,37.24,41.0,3,2064
169995888,200.000,196.021,0.0000,-3.7850,0.0000,2.5769,0.000,37.24,41.0,3,2064
169996890,199.948,195.823,-0.9000,-3.3684,-15.4366,1.8529,0.000,37.24,41.0,3,2064
169997898,199.948,195.626,0.0000,-3.3730,0.0000,-4.4534,0.000,37.24,41.0,3,2064
169998894,200.000,195.406,0.9000,-3.8491,0.0000,1.7188,0.000,37.24,41.0,3,2064
170000219,200.000,195.208,0.0000,-3.5042,0.0000,2.5890,0.000,37.24,41.0,3,2064
170000885,199.948,195.032,-0.9000,-3.1487,-15.4366,1.8518,0.000,37.24,41.0,3,2064
170001894,199.948,194.857,0.0000,-3.1685,0.0000,-4.3776,0.000,37.24,41.0,3,2064
170002892,200.000,194.637,0.9000,-3.5607,0.0000,1.6233,0.000,37.24,41.0,3,2064
170003891,200.000,194.461,0.0000,-3.2845,0.0000,2.7395,0.000,37.24,41.0,3,2064
170005212,199.948,194.307,-0.9000,-2.8420,-15.4366,1.6881,0.000,37.24,41.0,3,2064
170005894,199.948,194.131,0.0000,-2.8008,0.0000,-4.5336,0.000,37.24,41.0,3,2064
170006907,200.000,193.934,0.9000,-3.4188,0.0000,1.5540,0.000,37.24,41.0,3,2064
170008199,200.000,193.758,0.0000,-3.0037,0.0000,2.4802,0.000,37.24,41.0,3,2064
170008545,199.948,193.714,-0.9000,-2.7077,-15.4366,2.1253,0.000,37.24,41.0,3,2064
170009867,199.948,193.626,0.0000,-2.6131,0.0000,1.6870,0.000,37.24,41.0,3,2064
170010545,200.000,193.472,0.9000,-2.5719,0.0000,-4.8731,0.000,37.24,41.0,3,2064
170011870,200.000,193.274,0.0000,-3.2372,0.0000,1.4881,0.000,37.24,41.0,3,2064
170012618,199.948,193.121,-0.9000,-2.8466,-15.4366,2.6681,0.000,37.24,41.0,3,2064
170013579,199.948,192.989,0.0000,-2.4315,0.0000,1.6980,0.000,37.24,41.0,3,2064
170014924,200.000,192.857,0.9000,-2.3613,0.0000,-4.7313,0.000,37.24,41.0,3,2064
170015884,200.000,192.527,0.0000,-2.6101,0.0000,2.6516,0.000,37.24,41.0,3,2064
170016892,199.948,192.417,-0.9000,-2.1233,-15.4366,1.6782,0.000,37.24,41.0,3,2064
170017890,199.948,192.286,0.0000,-2.1782,0.0000,-4.6434,0.000,37.24,41.0,3,2064
170018895,200.000,192.110,0.9000,-2.8222,0.0000,1.5969,0.000,37.24,41.0,3,2064
170020215,200.000,191.978,0.0000,-2.4254,0.0000,2.6395,0.000,37.24,41.0,3,2064
170020896,199.948,191.890,-0.9000,-2.0119,-15.4366,1.6925,0.000,37.24,41.0,3,2064
170021901,199.948,191.780,0.0000,-1.9112,0.0000,-4.6028,0.000,37.24,41.0,3,2064
170022872,200.000,191.605,0.9000,-2.7581,0.0000,1.4925,0.000,37.24,41.0,3,2064
170023871,200.000,191.495,0.0000,-2.3186,0.0000,2.4802,0.000,37.24,41.0,3,2064
170025236,199.948,191.385,-0.9000,-1.7540,-15.4366,1.5892,0.000,37.24,41.0,3,2064
170025887,199.948,191.297,0.0000,-1.6960,0.0000,-4.6731,0.000,37.24,41.0,3,2064
170026888,200.000,191.143,0.9000,-2.5032,0.0000,1.4541,0.000,37.24,41.0,3,2064
170028209,200.000,191.033,0.0000,-2.0302,0.0000,2.4758,0.000,37.24,41.0,3,2064
170028576,199.948,190.989,-0.9000,-1.7708,-15.4366,2.0748,0.000,37.24,41.0,3,2064
170029893,199.948,190.945,0.0000,-1.6442,0.0000,1.5299,0.000,37.24,41.0,3,2064
170030580,200.000,190.835,0.9000,-1.6442,0.0000,-4.7808,0.000,37.24,41.0,3,2064
170031899,200.000,190.704,0.0000,-2.1859,0.0000,1.4640,0.000,37.24,41.0,3,2064
170032579,199.948,190.616,-0.9000,-1.9127,-15.4366,2.4615,0.000,37.24,41.0,3,2064
170033579,199.948,190.528,0.0000,-1.3497,0.0000,1.4782,0.000,37.24,41.0,3,2064
170034895,200.000,190.462,0.9000,-1.4046,0.0000,-4.8588,0.000,37.24,41.0,3,2064
170035579,200.000,190.330,0.0000,-2.0638,0.0000,1.3277,0.000,37.24,41.0,3,2064
170036581,199.948,190.242,-0.9000,-1.6655,-15.4366,2.4593,0.000,37.24,41.0,3,2064
170037575,199.948,190.176,0.0000,-1.3817,0.0000,1.4705,0.000,37.24,41.0,3,2064
170038578,200.000,190.088,0.9000,-1.2016,0.0000,-4.8983,0.000,37.24,41.0,3,2064
170039894,200.000,190.000,0.0000,-1.6533,0.0000,1.2025,0.000,37.24,41.0,3,2064
170040577,199.948,189.913,-0.9000,-1.5312,-15.4366,2.2780,0.000,37.24,41.0,3,2064
170041578,199.948,189.847,0.0000,-1.2078,0.0000,1.6386,0.000,37.24,41.0,3,2064
170042550,200.000,189.781,0.9000,-1.1849,0.0000,-4.8983,0.000,37.24,41.0,3,2064
170043572,200.000,189.693,0.0000,-1.6533,0.0000,1.4310,0.000,37.24,41.0,3,2064
170044888,199.948,189.605,-0.9000,-1.5663,-15.4366,2.4352,0.000,37.24,41.0,3,2064
170045572,199.948,189.539,0.0000,-1.0597,0.0000,1.6287,0.000,37.24,41.0,3,2064
170046496,200.000,189.473,0.9000,-1.0475,0.0000,-4.7951,0.000,37.24,41.0,3,2064
170047856,200.000,189.385,0.0000,-1.6732,0.0000,0.9058,0.000,37.24,41.0,3,2064
170048546,199.948,189.319,-0.9000,-1.2123,-15.4366,2.5472,0.000,37.24,41.0,3,2064
170049824,199.948,189.297,0.0000,-1.1482,0.0000,2.4033,0.000,37.24,41.0,3,2064
170050645,200.000,189.209,0.9000,-0.8904,0.0000,-4.6204,0.000,37.24,41.0,3,2064
170051873,200.000,189.122,0.0000,-1.5328,0.0000,1.8023,0.000,37.24,41.0,3,2064
170052547,199.948,189.056,-0.9000,-1.1955,-15.4366,2.1968,0.000,37.24,41.0,3,2064
170053551,199.948,189.012,0.0000,-0.8934,0.0000,1.6035,0.000,37.24,41.0,3,2064
170054862,200.000,188.968,0.9000,-0.6935,0.0000,-4.9522,0.000,37.24,41.0,3,2064
170055613,200.000,188.858,0.0000,-1.6014,0.0000,1.4881,0.000,37.24,41.0,3,2064
170056582,199.948,188.792,-0.9000,-1.1284,-15.4366,2.4461,0.000,37.24,41.0,3,2064
170057605,199.948,188.770,0.0000,-0.6722,0.0000,1.4914,0.000,37.24,41.0,3,2064
170058579,200.000,188.748,0.9000,-0.5730,0.0000,-4.9368,0.000,37.24,41.0,3,2064
170059897,200.000,188.638,0.0000,-1.4763,0.0000,1.2157,0.000,37.24,41.0,3,2064
170060581,199.948,188.572,-0.9000,-1.0384,-15.4366,2.2396,0.000,37.24,41.0,3,2064
170061582,199.948,188.550,0.0000,-0.7164,0.0000,1.4705,0.000,37.24,41.0,3,2064
170062605,200.000,188.506,0.9000,-0.6050,0.0000,-4.7918,0.000,37.24,41.0,3,2064
170063596,200.000,188.418,0.0000,-1.3359,0.0000,1.2772,0.000,37.24,41.0,3,2064
170064865,199.948,188.374,-0.9000,-0.9209,-15.4366,2.3835,0.000,37.24,41.0,3,2064
170065547,199.948,188.352,0.0000,-0.6264,0.0000,1.4815,0.000,37.24,41.0,3,2064
170066551,200.000,188.309,0.9000,-0.4387,0.0000,-5.1093,0.000,37.24,41.0,3,2064
170067926,200.000,188.243,0.0000,-1.2596,0.0000,1.2519,0.000,37.24,41.0,3,2064
170068577,199.948,188.177,-0.9000,-0.6752,-15.4366,2.0199,0.000,37.24,41.0,3,2064
170069920,199.948,188.155,0.0000,-0.5714,0.0000,1.4420,0.000,37.24,41.0,3,2064
170070887,200.000,188.067,0.9000,-1.1543,0.0000,1.1783,0.000,37.24,41.0,3,2064
170072216,200.000,188.045,0.0000,-0.6630,0.0000,2.2506,0.000,37.24,41.0,3,2064
170072883,199.948,188.001,-0.9000,-0.4692,-15.4366,1.4167,0.000,37.24,41.0,3,2064
170073889,199.948,188.001,0.0000,-0.3197,15.2940,-5.0049,0.000,37.24,41.0,3,2064
170075216,200.000,187.935,0.9000,-0.7973,15.4366,8.8370,0.000,37.24,41.0,3,2064
170075890,200.000,188.001,0.0000,0.6600,0.0000,10.7959,0.000,37.24,41.0,3,2064
170076890,199.948,188.111,-0.9000,1.9814,0.0000,0.9871,0.000,37.24,41.0,3,2064
170077945,199.948,188.221,0.0000,1.8929,15.2940,-0.1708,0.000,37.24,41.0,3,2064
170078872,200.000,188.331,0.9000,1.7922,15.4366,6.8792,0.000,37.24,41.0,3,2064
170080200,200.000,188.506,0.0000,2.7581,0.0000,8.4085,0.000,37.24,41.0,3,2064
170080873,199.948,188.726,-0.9000,3.8231,0.0000,0.2939,0.000,37.24,41.0,3,2064
170081906,199.948,188.924,0.0000,3.4859,15.2940,-0.5543,0.000,37.24,41.0,3,2064
170082888,200.000,189.100,0.9000,3.1914,15.4366,6.1288,0.000,37.24,41.0,3,2064
170083886,200.000,189.363,0.0000,4.1909,0.0000,7.4340,0.000,37.24,41.0,3,2064
170085215,199.948,189.649,-0.9000,4.9493,0.0000,-0.0346,0.000,37.24,41.0,3,2064
170085887,199.948,189.891,0.0000,4.5891,15.2940,-0.9575,0.000,37.24,41.0,3,2064
170086887,200.000,190.154,0.9000,4.4030,15.4366,5.3696,0.000,37.24,41.0,3,2064
170088211,200.000,190.462,0.0000,5.2697,0.0000,6.5617,0.000,37.24,41.0,3,2064
170088579,199.948,190.572,-0.9000,5.4955,0.0000,4.3281,0.000,37.24,41.0,3,2064
170089887,199.948,190.813,0.0000,5.9731,15.2940,-0.8696,0.000,37.24,41.0,3,2064
170090581,200.000,191.121,0.9000,5.6405,15.4366,-1.5716,0.000,37.24,41.0,3,2064
170091897,200.000,191.429,0.0000,5.3048,0.0000,4.6797,0.000,37.24,41.0,3,2064
170092582,199.948,191.780,-0.9000,6.1425,0.0000,5.6124,0.000,37.24,41.0,3,2064
170093576,199.948,192.176,0.0000,6.8124,15.2940,-1.0882,0.000,37.24,41.0,3,2064
170094893,200.000,192.527,0.9000,6.3775,15.4366,-2.0517,0.000,37.24,41.0,3,2064
170095581,200.000,192.879,0.0000,6.0449,0.0000,4.1183,0.000,37.24,41.0,3,2064
170096581,199.948,193.296,-0.9000,6.9177,0.0000,5.0785,0.000,37.24,41.0,3,2064
170097574,199.948,193.714,0.0000,7.2869,15.2940,-1.8155,0.000,37.24,41.0,3,2064
170098576,200.000,194.109,0.9000,6.8856,15.4366,-2.4703,0.000,37.24,41.0,3,2064
170099890,200.000,194.461,0.0000,6.5011,0.0000,3.5041,0.000,37.24,41.0,3,2064
170100549,199.948,194.900,-0.9000,7.2641,0.0000,4.7083,0.000,37.24,41.0,3,2064
170101560,199.948,195.340,0.0000,7.7935,15.2940,-1.8683,0.000,37.24,41.0,3,2064
170102577,200.000,195.757,0.9000,7.2625,15.4366,-2.8461,0.000,37.24,41.0,3,2064
170103568,200.000,196.153,0.0000,6.8490,0.0000,3.2745,0.000,37.24,41.0,3,2064
170104892,199.948,196.570,-0.9000,7.5097,0.0000,4.1502,0.000,37.24,41.0,3,2064
170105546,199.948,197.032,0.0000,8.0438,15.2940,-2.1517,0.000,37.24,41.0,3,2064
170106533,200.000,197.449,0.9000,7.3678,15.4366,-2.9394,0.000,37.24,41.0,3,2064
170107956,200.000,197.801,0.0000,6.8994,0.0000,2.5483,0.000,37.24,41.0,3,2064
170108549,199.948,198.328,-0.9000,7.7935,0.0000,4.1062,0.000,37.24,41.0,3,2064
170109868,199.948,198.394,0.0000,7.8286,15.2940,3.8074,0.000,37.24,41.0,3,2064
170110545,200.000,199.185,0.9000,7.6074,15.4366,-3.4602,0.000,37.24,41.0,3,2064
170111866,200.000,199.603,0.0000,7.1374,0.0000,2.7186,0.000,37.24,41.0,3,2064
170112614,199.948,200.042,-0.9000,7.7279,0.0000,3.7283,0.000,37.24,41.0,3,2064
170113579,199.948,200.504,0.0000,8.0850,15.2940,-2.6637,0.000,37.24,41.0,3,2064
170114919,200.000,200.943,0.9000,7.5509,15.4366,-3.5140,0.000,37.24,41.0,3,2064
170115888,200.000,201.778,0.0000,7.6089,0.0000,3.5008,0.000,37.24,41.0,3,2064
170116890,199.948,202.240,-0.9000,8.1079,0.0000,-2.8340,0.000,37.24,41.0,3,2064
170117884,199.948,202.657,0.0000,7.3922,15.2940,-3.6876,0.000,37.24,41.0,3,2064
170118891,200.000,203.074,0.9000,7.0413,15.4366,2.3264,0.000,37.24,41.0,3,2064
170120215,200.000,203.492,0.0000,7.4273,0.0000,3.5118,0.000,37.24,41.0,3,2064
170120881,199.948,203.953,-0.9000,7.8088,0.0000,-2.8065,0.000,37.24,41.0,3,2064
170121889,199.948,204.349,0.0000,7.2213,15.2940,-3.7667,0.000,37.24,41.0,3,2064
170122883,200.000,204.722,0.9000,6.6369,15.4366,2.3593,0.000,37.24,41.0,3,2064
170123945,200.000,205.184,0.0000,7.5158,0.0000,3.1658,0.000,37.24,41.0,3,2064
170125201,199.948,205.601,-0.9000,7.7005,0.0000,-3.0614,0.000,37.24,41.0,3,2064
170125869,199.948,205.997,0.0000,6.9512,15.2940,-3.7546,0.000,37.24,41.0,3,2064
170126867,200.000,206.370,0.9000,6.5469,15.4366,2.3275,0.000,37.24,41.0,3,2064
170128197,200.000,206.766,0.0000,6.9406,0.0000,3.4206,0.000,37.24,41.0,3,2064
170128545,199.948,206.920,-0.9000,7.1511,0.0000,1.6167,0.000,37.24,41.0,3,2064
170129861,199.948,207.205,0.0000,7.4609,15.2940,-3.1218,0.000,37.24,41.0,3,2064
170130610,200.000,207.557,0.9000,6.6613,15.4366,-4.0480,0.000,37.24,41.0,3,2064
170131898,200.000,207.931,0.0000,6.1517,0.0000,2.1814,0.000,37.24,41.0,3,2064
170132579,199.948,208.326,-0.9000,6.7819,0.0000,3.2295,0.000,37.24,41.0,3,2064
170133608,199.948,208.722,0.0000,7.1145,15.2940,-3.0130,0.000,37.24,41.0,3,2064
170134895,200.000,209.095,0.9000,6.5118,15.4366,-4.1370,0.000,37.24,41.0,3,2064
170135579,200.000,209.425,0.0000,6.1028,0.0000,2.3066,0.000,37.24,41.0,3,2064
170136584,199.948,209.798,-0.9000,6.4416,0.0000,3.2427,0.000,37.24,41.0,3,2064
170137577,199.948,210.194,0.0000,6.7834,15.2940,-3.0779,0.000,37.24,41.0,3,2064
170138619,200.000,210.545,0.9000,6.1669,15.4366,-4.3512,0.000,37.24,41.0,3,2064
170139870,200.000,210.853,0.0000,5.6008,0.0000,2.2154,0.000,37.24,41.0,3,2064
170140547,199.948,211.204,-0.9000,6.1273,0.0000,3.1394,0.000,37.24,41.0,3,2064
170141550,199.948,211.600,0.0000,6.4538,15.2940,-3.1471,0.000,37.24,41.0,3,2064
170142545,200.000,211.930,0.9000,5.9350,15.4366,-4.3226,0.000,37.24,41.0,3,2064
170143612,200.000,212.237,0.0000,5.3124,0.0000,2.3154,0.000,37.24,41.0,3,2064
170144895,199.948,212.567,-0.9000,5.7778,0.0000,3.3393,0.000,37.24,41.0,3,2064
170145603,199.948,212.918,0.0000,6.1074,15.2940,-3.3921,0.000,37.24,41.0,3,2064
170146585,200.000,213.226,0.9000,5.4391,15.4366,-4.3336,0.000,37.24,41.0,3,2064
170147894,200.000,213.511,0.0000,4.9599,0.0000,2.2011,0.000,37.24,41.0,3,2064
170148567,199.948,213.819,-0.9000,5.5047,0.0000,3.1943,0.000,37.24,41.0,3,2064
170149899,199.948,213.885,0.0000,5.5535,15.2940,2.9757,0.000,37.24,41.0,3,2064
170150621,200.000,214.456,0.9000,5.0683,15.4366,-4.0941,0.000,37.24,41.0,3,2064
170151873,200.000,214.742,0.0000,4.6487,0.0000,2.5099,0.000,37.24,41.0,3,2064
170152547,199.948,215.028,-0.9000,5.1843,0.0000,3.3448,0.000,37.24,41.0,3,2064
170153619,199.948,215.335,0.0000,5.5428,15.2940,-3.2855,0.000,37.24,41.0,3,2064
170154893,200.000,215.599,0.9000,4.8211,15.4366,-4.3204,0.000,37.24,41.0,3,2064
170155578,200.000,215.863,0.0000,4.3725,0.0000,2.3780,0.000,37.24,41.0,3,2064
170156581,199.948,216.148,-0.9000,4.8684,0.0000,3.2855,0.000,37.24,41.0,3,2064
170157575,199.948,216.434,0.0000,5.2438,15.2940,-3.4921,0.000,37.24,41.0,3,2064
170158573,200.000,216.698,0.9000,4.4564,15.4366,-4.4490,0.000,37.24,41.0,3,2064
170159892,200.000,216.917,0.0000,4.0002,0.0000,2.3736,0.000,37.24,41.0,3,2064
170160581,199.948,217.203,-0.9000,4.6639,0.0000,3.3536,0.000,37.24,41.0,3,2064
170161580,199.948,217.489,0.0000,4.9004,15.2940,-3.4723,0.000,37.24,41.0,3,2064
170162574,200.000,217.708,0.9000,4.1741,15.4366,-4.1633,0.000,37.24,41.0,3,2064
170163574,200.000,217.906,0.0000,3.6522,0.0000,2.6153,0.000,37.24,41.0,3,2064
170164892,199.948,218.170,-0.9000,4.3252,0.0000,3.4778,0.000,37.24,41.0,3,2064
170165580,199.948,218.434,0.0000,4.5998,15.2940,-3.5723,0.000,37.24,41.0,3,2064
170166581,200.000,218.653,0.9000,3.9025,15.4366,-4.1337,0.000,37.24,41.0,3,2064
170167894,200.000,218.851,0.0000,3.3669,0.0000,2.4560,0.000,37.24,41.0,3,2064
170168551,199.948,219.093,-0.9000,4.0093,0.0000,3.3371,0.000,37.24,41.0,3,2064
170169863,199.948,219.115,0.0000,4.1253,15.2940,3.0405,0.000,37.24,41.0,3,2064
170170574,200.000,219.532,0.9000,3.6965,15.4366,-4.4325,0.000,37.24,41.0,3,2064
170171890,200.000,219.708,0.0000,3.2128,0.0000,2.4934,0.000,37.24,41.0,3,2064
170172574,199.948,219.928,-0.9000,3.7942,0.0000,3.4888,0.000,37.24,41.0,3,2064
170173531,199.948,220.169,0.0000,4.1222,15.2940,-3.3371,0.000,37.24,41.0,3,2064
170174868,200.000,220.345,0.9000,3.3974,15.4366,-4.4523,0.000,37.24,41.0,3,2064
170175546,200.000,220.521,0.0000,2.9320,0.0000,2.8120,0.000,37.24,41.0,3,2064
170176657,199.948,220.741,-0.9000,3.5286,0.0000,3.5481,0.000,37.24,41.0,3,2064
170177620,199.948,220.960,0.0000,3.6431,15.2940,-3.5206,0.000,37.24,41.0,3,2064
170178547,200.000,221.114,0.9000,3.1121,15.4366,-4.0392,0.000,37.24,41.0,3,2064
170179868,200.000,221.290,0.0000,2.7596,0.0000,2.6659,0.000,37.24,41.0,3,2064
170180547,199.948,221.466,-0.9000,3.3013,0.0000,3.4393,0.000,37.24,41.0,3,2064
170181600,199.948,221.686,0.0000,3.5576,15.2940,-3.4426,0.000,37.24,41.0,3,2064
170182585,200.000,221.839,0.9000,2.9854,15.4366,-4.4797,0.000,37.24,41.0,3,2064
170183574,200.000,221.971,0.0000,2.5856,0.0000,2.5373,0.000,37.24,41.0,3,2064
170184919,199.948,222.147,-0.9000,3.0159,0.0000,3.4789,0.000,37.24,41.0,3,2064
170185884,199.948,222.477,0.0000,2.6146,15.2940,-4.1732,0.000,37.24,41.0,3,2064
170186885,200.000,222.608,0.9000,2.1431,15.4366,2.6164,0.000,37.24,41.0,3,2064
170188215,200.000,222.784,0.0000,2.8145,0.0000,3.5942,0.000,37.24,41.0,3,2064
170188566,199.948,222.850,-0.9000,3.0648,0.0000,1.6277,0.000,37.24,41.0,3,2064
170189891,199.948,222.960,0.0000,3.2403,15.2940,-3.3569,0.000,37.24,41.0,3,2064
170190592,200.000,223.092,0.9000,2.5444,15.4366,-4.2809,0.000,37.24,41.0,3,2064
170191939,200.000,223.202,0.0000,1.9387,0.0000,2.7604,0.000,37.24,41.0,3,2064
170192549,199.948,223.355,-0.9000,2.5902,0.0000,3.7052,0.000,37.24,41.0,3,2064
170193550,199.948,223.531,0.0000,2.9809,15.2940,-3.3339,0.000,37.24,41.0,3,2064
170194859,200.000,223.641,0.9000,2.2271,15.4366,-4.3314,0.000,37.24,41.0,3,2064
170195548,200.000,223.751,0.0000,1.7586,0.0000,2.9208,0.000,37.24,41.0,3,2064
170196616,199.948,223.883,-0.9000,2.2850,0.0000,3.8337,0.000,37.24,41.0,3,2064
170197577,199.948,224.037,0.0000,2.6421,15.2940,-3.3009,0.000,37.24,41.0,3,2064
170198597,200.000,224.146,0.9000,1.9677,15.4366,-4.3040,0.000,37.24,41.0,3,2064
170199890,200.000,224.234,0.0000,1.5618,0.0000,2.9493,0.000,37.24,41.0,3,2064
170200583,199.948,224.344,-0.9000,2.0989,0.0000,3.6415,0.000,37.24,41.0,3,2064
170201584,199.948,224.498,0.0000,2.2454,15.2940,-3.2591,0.000,37.24,41.0,3,2064
170202627,200.000,224.608,0.9000,1.8853,15.4366,-4.1864,0.000,37.24,41.0,3,2064
170203548,200.000,224.674,0.0000,1.4900,0.0000,3.0076,0.000,37.24,41.0,3,2064
170204866,199.948,224.806,-0.9000,1.9203,0.0000,3.6327,0.000,37.24,41.0,3,2064
170205614,199.948,224.916,0.0000,2.2637,15.2940,-3.2877,0.000,37.24,41.0,3,2064
170206581,200.000,225.003,0.9000,1.5938,15.4366,-4.3358,0.000,37.24,41.0,3,2064
170207888,200.000,225.069,0.0000,1.1223,0.0000,2.8702,0.000,37.24,41.0,3,2064
170208577,199.948,225.201,-0.9000,1.9387,0.0000,3.7469,0.000,37.24,41.0,3,2064
170209890,199.948,225.223,0.0000,1.9890,15.2940,3.4086,0.000,37.24,41.0,3,2064
170210575,200.000,225.399,0.9000,1.5450,15.4366,-4.1765,0.000,37.24,41.0,3,2064
170211897,200.000,225.465,0.0000,1.1116,0.0000,2.7966,0.000,37.24,41.0,3,2064
170212576,199.948,225.575,-0.9000,1.6945,0.0000,3.7843,0.000,37.24,41.0,3,2064
170213578,199.948,225.707,0.0000,2.2377,15.2940,-3.3976,0.000,37.24,41.0,3,2064
170214892,200.000,225.773,0.9000,1.3954,15.4366,-4.1007,0.000,37.24,41.0,3,2064
170215579,200.000,225.816,0.0000,0.9438,0.0000,2.7680,0.000,37.24,41.0,3,2064
170216581,199.948,225.926,-0.9000,1.6381,0.0000,3.6470,0.000,37.24,41.0,3,2064
170217569,199.948,226.036,0.0000,1.9615,15.2940,-3.3569,0.000,37.24,41.0,3,2064
170218575,200.000,226.102,0.9000,1.2444,15.4366,-4.0634,0.000,37.24,41.0,3,2064
170219894,200.000,226.124,0.0000,0.6096,0.0000,3.0801,0.000,37.24,41.0,3,2064
170220578,199.948,226.212,-0.9000,1.4534,0.0000,3.9073,0.000,37.24,41.0,3,2064
170221551,199.948,226.344,0.0000,1.8685,15.2940,-3.0910,0.000,37.24,41.0,3,2064
170222572,200.000,226.388,0.9000,0.9850,15.4366,-4.0699,0.000,37.24,41.0,3,2064
170223569,200.000,226.410,0.0000,0.6401,0.0000,3.2163,0.000,37.24,41.0,3,2064
170224884,199.948,226.498,-0.9000,1.3008,0.0000,4.0381,0.000,37.24,41.0,3,2064
170225572,199.948,226.585,0.0000,1.5770,15.2940,-3.3415,0.000,37.24,41.0,3,2064
170226580,200.000,226.651,0.9000,0.9316,15.4366,-3.9304,0.000,37.24,41.0,3,2064
170227857,200.000,226.673,0.0000,0.5348,0.0000,3.0713,0.000,37.24,41.0,3,2064
170228655,199.948,226.739,-0.9000,1.1223,0.0000,3.8700,0.000,37.24,41.0,3,2064
170229954,199.948,226.761,0.0000,1.2169,15.2940,3.5821,0.000,37.24,41.0,3,2064
170230552,200.000,226.871,0.9000,0.7652,15.4366,-3.9041,0.000,37.24,41.0,3,2064
170231865,200.000,226.893,0.0000,0.3853,0.0000,2.9098,0.000,37.24,41.0,3,2064
170232548,199.948,226.959,-0.9000,0.8675,-15.4366,4.1018,0.000,37.24,41.0,3,2064
170233550,199.948,227.025,0.0000,1.3481,15.2940,-3.3591,0.000,37.24,41.0,3,2064
170234933,200.000,227.047,0.9000,0.6767,15.4366,-10.2224,0.000,37.24,41.0,3,2064
170235580,200.000,227.003,0.0000,-0.5470,0.0000,3.4690,0.000,37.24,41.0,3,2064
170236582,199.948,227.025,-0.9000,0.0725,-15.4366,5.2609,0.000,37.24,41.0,3,2064
170237604,199.948,227.069,0.0000,0.7469,15.2940,-3.0526,0.000,37.24,41.0,3,2064
170238579,200.000,227.069,0.9000,0.0404,15.4366,-10.2773,0.000,37.24,41.0,3,2064
170239896,200.000,227.003,0.0000,-1.1315,0.0000,3.5854,0.000,37.24,41.0,3,2064
170240567,199.948,226.981,-0.9000,-0.3380,-15.4366,5.4400,0.000,37.24,41.0,3,2064
170241580,199.948,227.003,0.0000,0.3822,15.2940,-2.9867,0.000,37.24,41.0,3,2064
170242620,200.000,226.981,0.9000,-0.3380,15.4366,-10.4081,0.000,37.24,41.0,3,2064
170243547,200.000,226.871,0.0000,-1.5160,0.0000,4.3556,0.000,37.24,41.0,3,2064
170244866,199.948,226.849,-0.9000,-0.7851,-15.4366,5.7322,0.000,37.24,41.0,3,2064
170245547,199.948,226.849,0.0000,0.0603,0.0000,-2.8043,0.000,37.24,41.0,3,2064
170246553,200.000,226.805,0.9000,-0.8232,15.4366,-10.4872,0.000,37.24,41.0,3,2064
170247931,200.000,226.651,0.0000,-2.1630,0.0000,-2.8164,0.000,37.24,41.0,3,2064
170248577,199.948,226.542,-0.9000,-2.1141,-15.4366,5.7707,0.000,37.24,41.0,3,2064
170249893,199.948,226.520,0.0000,-2.0195,0.0000,5.9475,0.000,37.24,41.0,3,2064
170250608,200.000,226.366,0.9000,-1.6915,0.0000,-10.4300,0.000,37.24,41.0,3,2064
170251900,200.000,226.168,0.0000,-3.3028,0.0000,-2.4549,0.000,37.24,41.0,3,2064
170252568,199.948,225.970,-0.9000,-3.3318,-15.4366,-0.5114,0.000,37.24,41.0,3,2064
170253583,199.948,225.794,0.0000,-3.3486,0.0000,-0.9388,0.000,37.24,41.0,3,2064
170254901,200.000,225.597,0.9000,-3.2341,0.0000,-9.0721,0.000,37.24,41.0,3,2064
170255614,200.000,225.289,0.0000,-4.8501,0.0000,-2.2791,0.000,37.24,41.0,3,2064
170256555,199.948,225.025,-0.9000,-4.6868,-15.4366,-0.3477,0.000,37.24,41.0,3,2064
170257546,199.948,224.784,0.0000,-4.5144,0.0000,-0.6246,0.000,37.24,41.0,3,2064
170258546,200.000,224.498,0.9000,-4.7082,0.0000,-8.2075,0.000,37.24,41.0,3,2064
170259870,200.000,224.168,0.0000,-5.7473,0.0000,-1.7595,0.000,37.24,41.0,3,2064
170260616,199.948,223.839,-0.9000,-5.8419,-15.4366,-0.0159,0.000,37.24,41.0,3,2064
170261580,199.948,223.531,0.0000,-5.5947,0.0000,-0.0214,0.000,37.24,41.0,3,2064
170262605,200.000,223.180,0.9000,-5.8648,0.0000,-7.0934,0.000,37.24,41.0,3,2064
170263580,200.000,222.806,0.0000,-6.7025,0.0000,-1.0827,0.000,37.24,41.0,3,2064
170264896,199.948,222.433,-0.9000,-6.5881,-15.4366,0.2741,0.000,37.24,41.0,3,2064
170265582,199.948,222.037,0.0000,-6.5240,0.0000,0.1401,0.000,37.24,41.0,3,2064
170266614,200.000,221.686,0.9000,-6.5194,0.0000,-6.3035,0.000,37.24,41.0,3,2064
170267899,200.000,221.224,0.0000,-7.4289,0.0000,-0.3433,0.000,37.24,41.0,3,2064
170268550,199.948,220.851,-0.9000,-7.1862,-15.4366,0.8059,0.000,37.24,41.0,3,2064
170269922,199.948,220.785,0.0000,-7.0794,0.0000,0.8125,0.000,37.24,41.0,3,2064
170270879,200.000,219.576,0.9000,-7.8088,0.0000,0.1280,0.000,37.24,41.0,3,2064
170272206,200.000,219.137,0.0000,-7.5616,0.0000,1.0717,0.000,37.24,41.0,3,2064
170272876,199.948,218.719,-0.9000,-7.3861,-15.4366,0.7608,0.000,37.24,41.0,3,2064
170273879,199.948,218.302,0.0000,-7.2824,0.0000,-5.0774,0.000,37.24,41.0,3,2064
170275203,200.000,217.840,0.9000,-7.9141,0.0000,0.4774,0.000,37.24,41.0,3,2064
170275877,200.000,217.401,0.0000,-7.6272,0.0000,1.6584,0.000,37.24,41.0,3,2064
170276879,199.948,216.983,-0.9000,-7.5235,-15.4366,1.0882,0.000,37.24,41.0,3,2064
170277877,199.948,216.544,0.0000,-7.4899,0.0000,-4.6995,0.000,37.24,41.0,3,2064
170278880,200.000,216.082,0.9000,-8.0041,0.0000,0.6455,0.000,37.24,41.0,3,2064
170280204,200.000,215.621,0.0000,-7.7478,0.0000,1.7540,0.000,37.24,41.0,3,2064
170280874,199.948,215.204,-0.9000,-7.5769,-15.4366,1.4398,0.000,37.24,41.0,3,2064
170281879,199.948,214.764,0.0000,-7.4899,0.0000,-4.4677,0.000,37.24,41.0,3,2064
170282878,200.000,214.303,0.9000,-8.0621,0.0000,1.1223,0.000,37.24,41.0,3,2064
170283879,200.000,213.863,0.0000,-7.7020,0.0000,2.0001,0.000,37.24,41.0,3,2064
170285200,199.948,213.446,-0.9000,-7.4121,-15.4366,1.4486,0.000,37.24,41.0,3,2064
170285878,199.948,213.028,0.0000,-7.3281,0.0000,-4.3106,0.000,37.24,41.0,3,2064
170286880,200.000,212.567,0.9000,-7.8836,0.0000,1.1497,0.000,37.24,41.0,3,2064
170288199,200.000,212.127,0.0000,-7.6226,0.0000,2.2715,0.000,37.24,41.0,3,2064
170288560,199.948,211.995,-0.9000,-7.4182,-15.4366,2.1858,0.000,37.24,41.0,3,2064
170289891,199.948,211.732,0.0000,-7.3098,0.0000,1.6969,0.000,37.24,41.0,3,2064
170290579,200.000,211.314,0.9000,-7.1893,0.0000,-4.0875,0.000,37.24,41.0,3,2064
170291890,200.000,210.875,0.0000,-7.6547,0.0000,1.1289,0.000,37.24,41.0,3,2064
170292554,199.948,210.435,-0.9000,-7.4182,-15.4366,2.2528,0.000,37.24,41.0,3,2064
170293556,199.948,210.062,0.0000,-7.0245,0.0000,1.7111,0.000,37.24,41.0,3,2064
170294890,200.000,209.644,0.9000,-6.8307,0.0000,-4.1578,0.000,37.24,41.0,3,2064
170295570,200.000,209.227,0.0000,-7.4228,0.0000,1.5068,0.000,37.24,41.0,3,2064
170296572,199.948,208.809,-0.9000,-7.2076,-15.4366,2.5198,0.000,37.24,41.0,3,2064
170297572,199.948,208.436,0.0000,-6.6445,0.0000,1.7035,0.000,37.24,41.0,3,2064
170298550,200.000,208.062,0.9000,-6.6232,0.0000,-4.1480,0.000,37.24,41.0,3,2064
170299828,200.000,207.645,0.0000,-7.2793,0.0000,1.4804,0.000,37.24,41.0,3,2064
170300641,199.948,207.293,-0.9000,-6.7956,-15.4366,2.4769,0.000,37.24,41.0,3,2064
170301553,199.948,206.876,0.0000,-6.3760,0.0000,1.7957,0.000,37.24,41.0,3,2064
170302546,200.000,206.546,0.9000,-6.3287,0.0000,-3.8129,0.000,37.24,41.0,3,2064
170303545,200.000,206.151,0.0000,-6.6690,0.0000,1.5310,0.000,37.24,41.0,3,2064
170304892,199.948,205.777,-0.9000,-6.4858,-15.4366,2.5846,0.000,37.24,41.0,3,2064
170305607,199.948,205.448,0.0000,-5.9640,0.0000,1.8672,0.000,37.24,41.0,3,2064
170306583,200.000,205.052,0.9000,-6.0494,0.0000,-4.2974,0.000,37.24,41.0,3,2064
170307920,200.000,204.700,0.0000,-6.6644,0.0000,1.2607,0.000,37.24,41.0,3,2064
170308580,199.948,204.349,-0.9000,-6.2448,-15.4366,2.6758,0.000,37.24,41.0,3,2064
170309895,199.948,204.283,0.0000,-6.0815,0.0000,2.5417,0.000,37.24,41.0,3,2064
170310582,200.000,203.712,0.9000,-5.6222,0.0000,-4.0293,0.000,37.24,41.0,3,2064
170311900,200.000,203.338,0.0000,-6.2203,0.0000,1.6650,0.000,37.24,41.0,3,2064
170312583,199.948,203.009,-0.9000,-5.9930,-15.4366,2.6856,0.000,37.24,41.0,3,2064
170313622,199.948,202.701,0.0000,-5.4253,0.0000,1.8078,0.000,37.24,41.0,3,2064
170314873,200.000,202.371,0.9000,-5.3613,0.0000,-4.3995,0.000,37.24,41.0,3,2064
170315545,200.000,202.042,0.0000,-6.0449,0.0000,1.4552,0.000,37.24,41.0,3,2064
170316551,199.948,201.734,-0.9000,-5.5795,-15.4366,2.5318,0.000,37.24,41.0,3,2064
170317546,199.948,201.448,0.0000,-5.1644,0.0000,1.8661,0.000,37.24,41.0,3,2064
170318616,200.000,201.163,0.9000,-5.0576,0.0000,-4.2161,0.000,37.24,41.0,3,2064
170319894,200.000,200.811,0.0000,-5.5398,0.0000,1.7815,0.000,37.24,41.0,3,2064
170320580,199.948,200.526,-0.9000,-5.3033,-15.4366,2.8768,0.000,37.24,41.0,3,2064
170321605,199.948,200.262,0.0000,-5.0072,0.0000,1.9748,0.000,37.24,41.0,3,2064
170322581,200.000,199.998,0.9000,-4.7127,0.0000,-4.1282,0.000,37.24,41.0,3,2064
170323575,200.000,199.690,0.0000,-5.1949,0.0000,1.6914,0.000,37.24,41.0,3,2064
170324899,199.948,199.405,-0.9000,-4.8455,-15.4366,2.4165,0.000,37.24,41.0,3,2064
170325572,199.948,199.163,0.0000,-4.4564,0.0000,1.8606,0.000,37.24,41.0,3,2064
170326625,200.000,198.921,0.9000,-4.2992,0.0000,-4.2293,0.000,37.24,41.0,3,2064
170327860,200.000,198.614,0.0000,-4.9264,0.0000,1.7672,0.000,37.24,41.0,3,2064
170328547,199.948,198.372,-0.9000,-4.6670,-15.4366,2.6274,0.000,37.24,41.0,3,2064
170329865,199.948,198.328,0.0000,-4.5205,0.0000,2.6395,0.000,37.24,41.0,3,2064
170330547,200.000,197.911,0.9000,-4.0642,0.0000,-4.2479,0.000,37.24,41.0,3,2064
170331936,200.000,197.625,0.0000,-4.7631,0.0000,1.6617,0.000,37.24,41.0,3,2064
170332582,199.948,197.383,-0.9000,-4.1360,-15.4366,2.7691,0.000,37.24,41.0,3,2064
170333607,199.948,197.164,0.0000,-3.9147,0.0000,1.8452,0.000,37.24,41.0,3,2064
170334900,200.000,196.966,0.9000,-3.5790,0.0000,-4.3347,0.000,37.24,41.0,3,2064
170335579,200.000,196.702,0.0000,-4.3862,0.0000,1.5573,0.000,37.24,41.0,3,2064
170336586,199.948,196.482,-0.9000,-4.0154,-15.4366,2.5934,0.000,37.24,41.0,3,2064
170337606,199.948,196.263,0.0000,-3.5470,0.0000,1.7924,0.000,37.24,41.0,3,2064
170338595,200.000,196.065,0.9000,-3.4676,0.0000,-4.6303,0.000,37.24,41.0,3,2064
170339869,200.000,195.823,0.0000,-4.1711,0.0000,1.4255,0.000,37.24,41.0,3,2064
170340610,199.948,195.648,-0.9000,-3.6461,-15.4366,2.5868,0.000,37.24,41.0,3,2064
170341581,199.948,195.450,0.0000,-3.2647,0.0000,1.9034,0.000,37.24,41.0,3,2064
170342572,200.000,195.274,0.9000,-3.1594,0.0000,-4.4567,0.000,37.24,41.0,3,2064
170343572,200.000,195.032,0.0000,-3.8354,0.0000,1.6826,0.000,37.24,41.0,3,2064
170344890,199.948,194.857,-0.9000,-3.4905,-15.4366,2.7735,0.000,37.24,41.0,3,2064
170345577,199.948,194.681,0.0000,-3.0190,0.0000,1.7760,0.000,37.24,41.0,3,2064
170346576,200.000,194.505,0.9000,-2.9046,0.0000,-4.4281,0.000,37.24,41.0,3,2064
170347886,200.000,194.307,0.0000,-3.5790,0.0000,1.4585,0.000,37.24,41.0,3,2064
170348571,199.948,194.109,-0.9000,-3.2982,-15.4366,2.5912,0.000,37.24,41.0,3,2064
170349891,199.948,194.088,0.0000,-3.1731,0.0000,2.5417,0.000,37.24,41.0,3,2064
170350574,200.000,193.802,0.9000,-2.6436,0.0000,-4.6379,0.000,37.24,41.0,3,2064
170351895,200.000,193.604,0.0000,-3.2662,0.0000,1.4738,0.000,37.24,41.0,3,2064
170352573,199.948,193.450,-0.9000,-2.9854,-15.4366,2.5978,0.000,37.24,41.0,3,2064
170353578,199.948,193.318,0.0000,-2.3690,0.0000,1.5540,0.000,37.24,41.0,3,2064
170354892,200.000,193.187,0.9000,-2.4071,0.0000,-4.6270,0.000,37.24,41.0,3,2064
170355584,200.000,192.989,0.0000,-3.0251,0.0000,1.5024,0.000,37.24,41.0,3,2064
170356552,199.948,192.835,-0.9000,-2.6375,-15.4366,2.4879,0.000,37.24,41.0,3,2064
170357546,199.948,192.725,0.0000,-2.2499,0.0000,1.6991,0.000,37.24,41.0,3,2064
170358574,200.000,192.593,0.9000,-2.3507,0.0000,-4.6764,0.000,37.24,41.0,3,2064
170359882,200.000,192.417,0.0000,-2.8710,0.0000,1.5068,0.000,37.24,41.0,3,2064
170360571,199.948,192.286,-0.9000,-2.4926,-15.4366,2.5824,0.000,37.24,41.0,3,2064
170361580,199.948,192.154,0.0000,-2.1752,0.0000,1.8639,0.000,37.24,41.0,3,2064
170362548,200.000,192.044,0.9000,-1.9982,0.0000,-4.6281,0.000,37.24,41.0,3,2064
170363514,200.000,191.868,0.0000,-2.7733,0.0000,1.4694,0.000,37.24,41.0,3,2064
170364952,199.948,191.758,-0.9000,-2.2499,-15.4366,2.6747,0.000,37.24,41.0,3,2064
170365553,199.948,191.648,0.0000,-2.0363,0.0000,1.7441,0.000,37.24,41.0,3,2064
170366551,200.000,191.538,0.9000,-1.7800,0.0000,-4.3721,0.000,37.24,41.0,3,2064
170367860,200.000,191.407,0.0000,-2.4437,0.0000,1.2959,0.000,37.24,41.0,3,2064
170368547,199.948,191.275,-0.9000,-2.0928,-15.4366,2.4461,0.000,37.24,41.0,3,2064
170369929,199.948,191.275,0.0000,-2.0577,0.0000,2.3780,0.000,37.24,41.0,3,2064
170370581,200.000,191.099,0.9000,-1.5221,0.0000,-5.0983,0.000,37.24,41.0,3,2064
170371900,200.000,190.945,0.0000,-2.4392,0.0000,1.1212,0.000,37.24,41.0,3,2064
170372602,199.948,190.835,-0.9000,-1.9539,-15.4366,2.4736,0.000,37.24,41.0,3,2064
170373586,199.948,190.748,0.0000,-1.5969,0.0000,1.6112,0.000,37.24,41.0,3,2064
170374896,200.000,190.682,0.9000,-1.3680,0.0000,-4.9225,0.000,37.24,41.0,3,2064
170375568,200.000,190.550,0.0000,-2.2332,0.0000,1.2926,0.000,37.24,41.0,3,2064
170376579,199.948,190.440,-0.9000,-1.7540,-15.4366,2.3253,0.000,37.24,41.0,3,2064
170377621,199.948,190.374,0.0000,-1.2551,0.0000,1.5090,0.000,37.24,41.0,3,2064
170378553,200.000,190.286,0.9000,-1.4275,0.0000,-5.0423,0.000,37.24,41.0,3,2064
170379866,200.000,190.176,0.0000,-2.0226,0.0000,1.2332,0.000,37.24,41.0,3,2064
170380545,199.948,190.088,-0.9000,-1.6442,-15.4366,2.4857,0.000,37.24,41.0,3,2064
170381551,199.948,190.022,0.0000,-1.2459,0.0000,1.5233,0.000,37.24,41.0,3,2064
170382616,200.000,189.935,0.9000,-1.3390,0.0000,-4.7874,0.000,37.24,41.0,3,2064
170383603,200.000,189.825,0.0000,-1.8700,0.0000,1.6189,0.000,37.24,41.0,3,2064
170384896,199.948,189.759,-0.9000,-1.2505,-15.4366,2.4626,0.000,37.24,41.0,3,2064
170385578,199.948,189.715,0.0000,-1.2612,0.0000,1.5793,0.000,37.24,41.0,3,2064
170386585,200.000,189.649,0.9000,-1.0140,0.0000,-4.8632,0.000,37.24,41.0,3,2064
170387896,200.000,189.539,0.0000,-1.6609,0.0000,1.3288,0.000,37.24,41.0,3,2064
170388603,199.948,189.451,-0.9000,-1.4488,-15.4366,2.3835,0.000,37.24,41.0,3,2064
170389901,199.948,189.451,0.0000,-1.3329,0.0000,2.3264,0.000,37.24,41.0,3,2064
170390552,200.000,189.363,0.9000,-1.0048,0.0000,-4.5874,0.000,37.24,41.0,3,2064
170391930,200.000,189.253,0.0000,-1.7144,0.0000,1.4156,0.000,37.24,41.0,3,2064
170392577,199.948,189.188,-0.9000,-1.1971,-15.4366,2.5022,0.000,37.24,41.0,3,2064
170393578,199.948,189.144,0.0000,-0.8415,0.0000,1.6134,0.000,37.24,41.0,3,2064
170394892,200.000,189.100,0.9000,-0.8751,0.0000,-4.8137,0.000,37.24,41.0,3,2064
170395576,200.000,189.012,0.0000,-1.5999,0.0000,1.3640,0.000,37.24,41.0,3,2064
170396578,199.948,188.924,-0.9000,-1.2825,-15.4366,2.3231,0.000,37.24,41.0,3,2064
170397573,199.948,188.902,0.0000,-0.8110,0.0000,1.5617,0.000,37.24,41.0,3,2064
170398574,200.000,188.858,0.9000,-0.6798,0.0000,-4.9082,0.000,37.24,41.0,3,2064
170399887,200.000,188.770,0.0000,-1.5541,0.0000,1.3387,0.000,37.24,41.0,3,2064
170400577,199.948,188.704,-0.9000,-1.1040,-15.4366,2.4176,0.000,37.24,41.0,3,2064
170401579,199.948,188.660,0.0000,-0.7012,0.0000,1.4749,0.000,37.24,41.0,3,2064
170402574,200.000,188.638,0.9000,-0.5196,0.0000,-4.8401,0.000,37.24,41.0,3,2064
170403570,200.000,188.528,0.0000,-1.4549,0.0000,1.2453,0.000,37.24,41.0,3,2064
170404891,199.948,188.484,-0.9000,-1.0430,-15.4366,2.2780,0.000,37.24,41.0,3,2064
170405574,199.948,188.462,0.0000,-0.5043,0.0000,1.4607,0.000,37.24,41.0,3,2064
170406586,200.000,188.418,0.9000,-0.5730,0.0000,-4.9467,0.000,37.24,41.0,3,2064
170407859,200.000,188.331,0.0000,-1.3222,0.0000,1.3387,0.000,37.24,41.0,3,2064
170408547,199.948,188.287,-0.9000,-0.8705,-15.4366,2.4571,0.000,37.24,41.0,3,2064
170409888,199.948,188.287,0.0000,-0.8049,0.0000,2.3286,0.000,37.24,41.0,3,2064
170410572,200.000,188.243,0.9000,-0.5898,0.0000,-5.0774,0.000,37.24,41.0,3,2064
170411886,200.000,188.155,0.0000,-1.2032,0.0000,1.1453,0.000,37.24,41.0,3,2064
170412576,199.948,188.133,-0.9000,-0.7439,-15.4366,2.2132,0.000,37.24,41.0,3,2064
170413551,199.948,188.111,0.0000,-0.3609,0.0000,1.4431,0.000,37.24,41.0,3,2064
170414878,200.000,188.089,0.9000,-0.3044,15.4366,-4.9544,0.000,37.24,41.0,3,2064
170415640,200.000,188.001,0.0000,-1.2078,0.0000,0.9542,0.000,37.24,41.0,3,2064
170416553,199.948,188.001,-0.9000,-0.4494,-15.4366,10.9079,0.000,37.24,41.0,3,2064
170417545,199.948,188.067,0.0000,0.9148,15.2940,2.2033,0.000,37.24,41.0,3,2064
170418545,200.000,188.111,0.9000,0.9789,15.4366,-6.9187,0.000,37.24,41.0,3,2064
170419874,200.000,188.111,0.0000,0.0481,0.0000,7.8196,0.000,37.24,41.0,3,2064
170420637,199.948,188.199,-0.9000,1.4626,-15.4366,9.9477,0.000,29.47,41.0,3,2064
170421580,199.948,188.352,0.0000,2.4651,15.2940,0.5938,0.000,29.47,41.0,3,2064
170422608,200.000,188.484,0.9000,2.2515,15.4366,-7.3198,0.000,29.47,41.0,3,2064
170423584,200.000,188.528,0.0000,1.0918,0.0000,6.8012,0.000,29.47,41.0,3,2064
170424891,199.948,188.682,-0.9000,2.4834,-15.4366,9.3391,0.000,29.47,41.0,3,2064
170425584,199.948,188.902,0.0000,3.5134,15.2940,0.4960,0.000,29.47,41.0,3,2064
170426583,200.000,189.056,0.9000,2.9824,15.4366,-7.8954,0.000,29.47,41.0,3,2064
170427899,200.000,189.144,0.0000,1.7678,0.0000,6.6067,0.000,29.47,41.0,3,2064
170428930,199.948,189.429,-0.9000,3.5424,-15.4366,6.8177,0.000,29.47,41.0,3,2064
170429568,199.948,189.605,0.0000,4.2092,15.2940,-0.0467,0.000,31.50,41.0,3,2064
170430552,200.000,189.803,0.9000,3.7758,15.4366,-8.1306,0.000,31.50,41.0,3,2064
170431865,200.000,189.935,0.0000,2.7367,0.0000,5.9344,0.000,31.50,41.0,3,2064
170432567,199.948,190.176,-0.9000,3.8643,-15.4366,8.0350,0.000,31.50,41.0,3,2064
170433611,199.948,190.440,0.0000,4.7005,15.2940,-0.4038,0.000,31.50,41.0,3,2064
170434899,200.000,190.682,0.9000,4.1665,15.4366,-9.1117,0.000,31.50,41.0,3,2064
170435607,200.000,190.857,0.0000,3.0526,0.0000,5.0082,0.000,31.50,41.0,3,2064
170436899,199.948,191.121,-0.9000,4.1711,-15.4366,7.6570,0.000,31.50,41.0,3,2064
170437579,199.948,191.407,0.0000,5.0179,15.2940,-0.4334,0.000,31.50,41.0,3,2064
170438579,200.000,191.648,0.9000,4.6075,15.4366,-9.0161,0.000,31.50,41.0,3,2064
170439898,200.000,191.846,0.0000,3.4035,0.0000,5.1730,0.000,31.50,41.0,3,2064
170440641,199.948,192.110,-0.9000,4.4091,-15.4366,7.4395,0.000,29.30,41.0,3,2064
170441558,199.948,192.439,0.0000,5.3185,15.2940,-0.9069,0.000,29.30,41.0,3,2064
170442551,200.000,192.703,0.9000,4.8806,15.4366,-8.9403,0.000,29.30,41.0,3,2064
170443613,200.000,192.901,0.0000,3.7407,0.0000,4.8819,0.000,29.30,41.0,3,2064
170444895,199.948,193.187,-0.9000,4.7356,-15.4366,7.0121,0.000,29.30,41.0,3,2064
170445575,199.948,193.516,0.0000,5.5566,15.2940,-0.8015,0.000,29.30,41.0,3,2064
170446581,200.000,193.780,0.9000,5.0561,15.4366,-9.9192,0.000,29.30,41.0,3,2064
170447888,200.000,194.000,0.0000,3.6416,0.0000,4.8115,0.000,29.30,41.0,3,2064
170448893,199.948,194.285,-0.9000,4.8196,-15.4366,7.0967,0.000,29.30,41.0,3,2064
170449600,199.948,194.615,0.0000,5.7626,15.2940,-1.1025,0.000,31.82,41.0,3,2064
170450581,200.000,194.900,0.9000,5.1095,15.4366,-9.6214,0.000,31.82,41.0,3,2064
170451896,200.000,195.120,0.0000,3.8628,0.0000,4.8357,0.000,31.82,41.0,3,2064
170452601,199.948,195.406,-0.9000,4.8119,-15.4366,6.8638,0.000,31.82,41.0,3,2064
170453578,199.948,195.735,0.0000,5.7977,15.2940,-1.3024,0.000,31.82,41.0,3,2064
170454896,200.000,196.021,0.9000,5.1141,15.4366,-9.8576,0.000,31.82,41.0,3,2064
170455578,200.000,196.219,0.0000,3.8277,0.0000,4.5281,0.000,31.82,41.0,3,2064
170456898,199.948,196.504,-0.9000,4.8424,-15.4366,6.6034,0.000,31.82,41.0,3,2064
170457575,199.948,196.834,0.0000,5.6313,15.2940,-1.2739,0.000,31.82,41.0,3,2064
170458586,200.000,197.120,0.9000,5.0408,15.4366,-10.0938,0.000,31.82,41.0,3,2064
170459865,200.000,197.318,0.0000,3.7621,0.0000,4.4281,0.000,31.82,41.0,3,2064
170460569,199.948,197.603,-0.9000,4.6075,-15.4366,6.7397,0.000,29.30,41.0,3,2064
170461577,199.948,197.911,0.0000,5.5230,15.2940,-1.3936,0.000,29.30,41.0,3,2064
170462574,200.000,198.196,0.9000,4.8562,15.4366,-10.0038,0.000,29.30,41.0,3,2064
170463570,200.000,198.372,0.0000,3.5302,0.0000,4.5720,0.000,29.30,41.0,3,2064
170464891,199.948,198.680,-0.9000,4.7967,-15.4366,6.6023,0.000,29.30,41.0,3,2064
170465549,199.948,198.987,0.0000,5.3948,15.2940,-1.7518,0.000,29.30,41.0,3,2064
170466531,200.000,199.251,0.9000,4.8852,15.4366,-10.0719,0.000,29.30,41.0,3,2064
170467954,200.000,199.405,0.0000,3.3928,0.0000,3.1548,0.000,29.30,41.0,3,2064
170468872,199.948,199.712,-0.9000,4.5815,-15.4366,6.2881,0.000,29.30,41.0,3,2064
170469567,199.948,200.020,0.0000,5.1415,15.2940,-1.4870,0.000,31.47,41.0,3,2064
170470548,200.000,200.262,0.9000,4.5754,15.4366,-9.9126,0.000,31.47,41.0,3,2064
170471938,200.000,200.460,0.0000,3.4340,0.0000,4.2501,0.000,31.47,41.0,3,2064
170472656,199.948,200.723,-0.9000,4.3130,-15.4366,6.3925,0.000,31.47,41.0,3,2064
170473589,199.948,201.031,0.0000,5.1339,15.2940,-1.5332,0.000,31.47,41.0,3,2064
170474895,200.000,201.251,0.9000,4.4503,15.4366,-9.7895,0.000,31.47,41.0,3,2064
170475579,200.000,201.426,0.0000,3.3013,0.0000,4.1699,0.000,31.47,41.0,3,2064
170476897,199.948,201.690,-0.9000,4.1772,-15.4366,6.4079,0.000,31.47,41.0,3,2064
170477605,199.948,201.976,0.0000,4.9752,15.2940,-1.7276,0.000,31.47,41.0,3,2064
170478579,200.000,202.240,0.9000,4.4457,15.4366,-10.5586,0.000,31.47,41.0,3,2064
170479891,200.000,202.371,0.0000,2.7703,0.0000,3.9128,0.000,31.47,41.0,3,2064
170480603,199.948,202.613,-0.9000,3.9498,-15.4366,6.5463,0.000,29.75,41.0,3,2064
170481576,199.948,202.899,0.0000,4.5693,15.2940,-1.6529,0.000,29.75,41.0,3,2064
170482598,200.000,203.118,0.9000,4.0444,15.4366,-9.9697,0.000,29.75,41.0,3,2064
170483577,200.000,203.272,0.0000,2.8466,0.0000,4.3611,0.000,29.75,41.0,3,2064
170484870,199.948,203.492,-0.9000,3.6919,-15.4366,6.4441,0.000,29.75,41.0,3,2064
170485547,199.948,203.756,0.0000,4.5083,15.2940,-1.7913,0.000,29.75,41.0,3,2064
170486551,200.000,203.975,0.9000,3.8613,15.4366,-10.0070,0.000,29.75,41.0,3,2064
170487917,200.000,204.107,0.0000,2.5032,0.0000,4.4446,0.000,29.75,41.0,3,2064
170488893,199.948,204.349,-0.9000,3.6110,-15.4366,6.3650,0.000,29.75,41.0,3,2064
170489597,199.948,204.590,0.0000,4.3404,15.2940,-1.8617,0.000,31.71,41.0,3,2064
170490607,200.000,204.788,0.9000,3.6324,15.4366,-10.2246,0.000,31.71,41.0,3,2064
170491897,200.000,204.920,0.0000,2.2560,0.0000,4.8522,0.000,31.71,41.0,3,2064
170492602,199.948,205.118,-0.9000,3.3898,-15.4366,6.4222,0.000,31.71,41.0,3,2064
170493580,199.948,205.382,0.0000,4.2489,15.2940,-1.8639,0.000,31.71,41.0,3,2064
170494897,200.000,205.557,0.9000,3.5286,15.4366,-10.4278,0.000,31.71,41.0,3,2064
170495568,200.000,205.667,0.0000,2.2835,0.0000,4.2886,0.000,31.71,41.0,3,2064
170496918,199.948,205.887,-0.9000,3.1289,-15.4366,6.4452,0.000,31.71,41.0,3,2064
170497606,199.948,206.107,0.0000,3.7545,15.2940,-2.0243,0.000,31.71,41.0,3,2064
170498551,200.000,206.282,0.9000,3.2265,15.4366,-9.9840,0.000,31.71,41.0,3,2064
170499867,200.000,206.392,0.0000,2.0577,0.0000,3.9315,0.000,31.71,41.0,3,2064
170500568,199.948,206.568,-0.9000,2.8664,-15.4366,6.8528,0.000,30.14,41.0,3,2064
170501547,199.948,206.766,0.0000,3.6751,15.2940,-1.7386,0.000,30.14,41.0,3,2064
170502619,200.000,206.942,0.9000,3.1472,15.4366,-10.3740,0.000,30.14,41.0,3,2064
170503576,200.000,207.029,0.0000,1.6045,0.0000,5.0368,0.000,30.14,41.0,3,2064
170504919,199.948,207.205,-0.9000,2.9152,-15.4366,6.6243,0.000,30.14,41.0,3,2064
170505579,199.948,207.425,0.0000,3.6751,15.2940,-1.8946,0.000,30.14,41.0,3,2064
170506583,200.000,207.579,0.9000,2.8725,15.4366,-10.3344,0.000,30.14,41.0,3,2064
170507893,200.000,207.645,0.0000,1.3817,0.0000,4.5358,0.000,30.14,41.0,3,2064
170508890,199.948,207.865,-0.9000,3.0114,-15.4366,4.3644,0.000,30.14,41.0,3,2064
170509644,199.948,208.018,0.0000,3.5058,15.2940,-2.0737,0.000,31.78,41.0,3,2064
170510555,200.000,208.150,0.9000,2.6131,15.4366,-10.5311,0.000,31.78,41.0,3,2064
170511888,200.000,208.216,0.0000,1.2840,0.0000,4.0502,0.000,31.78,41.0,3,2064
170512634,199.948,208.370,-0.9000,2.4498,-15.4366,6.7770,0.000,31.78,41.0,3,2064
170513578,199.948,208.568,0.0000,3.1395,15.2940,-2.0385,0.000,31.78,41.0,3,2064
170514899,200.000,208.678,0.9000,2.4193,15.4366,-9.9027,0.000,31.78,41.0,3,2064
170515579,200.000,208.743,0.0000,1.4260,0.0000,4.2314,0.000,31.78,41.0,3,2064
170516899,199.948,208.897,-0.9000,2.2286,-15.4366,6.5891,0.000,31.78,41.0,3,2064
170517572,199.948,209.073,0.0000,3.0144,15.2940,-1.8287,0.000,31.78,41.0,3,2064
170518580,200.000,209.205,0.9000,2.4880,15.4366,-10.3905,0.000,31.78,41.0,3,2064
170519889,200.000,209.249,0.0000,1.1315,0.0000,4.4951,0.000,31.78,41.0,3,2064
170520604,199.948,209.381,-0.9000,2.1325,-15.4366,6.7891,0.000,30.52,41.0,3,2064
170521577,199.948,209.556,0.0000,2.9259,15.2940,-1.8199,0.000,30.52,41.0,3,2064
170522581,200.000,209.688,0.9000,2.3018,15.4366,-10.3751,0.000,30.52,41.0,3,2064
170523575,200.000,209.710,0.0000,0.8125,0.0000,4.5017,0.000,30.52,41.0,3,2064
170524890,199.948,209.842,-0.9000,2.0302,-15.4366,6.7968,0.000,30.52,41.0,3,2064
170525576,199.948,210.018,0.0000,2.7504,15.2940,-1.9792,0.000,30.52,41.0,3,2064
170526581,200.000,210.128,0.9000,2.0745,15.4366,-10.4114,0.000,30.52,41.0,3,2064
170527886,200.000,210.150,0.0000,0.6126,0.0000,4.3512,0.000,30.52,41.0,3,2064
170528867,199.948,210.282,-0.9000,1.8593,-15.4366,6.6089,0.000,30.52,41.0,3,2064
170529568,199.948,210.435,0.0000,2.7504,15.2940,-2.1089,0.000,31.89,41.0,3,2064
170530579,200.000,210.545,0.9000,2.0592,15.4366,-10.5311,0.000,31.89,41.0,3,2064
170531891,200.000,210.567,0.0000,0.5150,0.0000,4.5555,0.000,31.89,41.0,3,2064
170532595,199.948,210.677,-0.9000,1.6747,-15.4366,6.4716,0.000,31.89,41.0,3,2064
170533578,199.948,210.831,0.0000,2.4971,15.2940,-2.1572,0.000,31.89,41.0,3,2064
170534871,200.000,210.919,0.9000,1.8532,15.4366,-10.4981,0.000,31.89,41.0,3,2064
170535655,200.000,210.941,0.0000,0.5760,0.0000,4.6028,0.000,31.89,41.0,3,2064
170536962,199.948,211.051,-0.9000,1.5862,-15.4366,6.4650,0.000,31.89,41.0,3,2064
170537553,199.948,211.182,0.0000,2.3079,15.2940,-1.9638,0.000,31.89,41.0,3,2064
170538551,200.000,211.292,0.9000,1.7952,15.4366,-10.1740,0.000,31.89,41.0,3,2064
170539859,200.000,211.292,0.0000,0.5058,0.0000,4.5566,0.000,31.89,41.0,3,2064
170540637,199.948,211.402,-0.9000,1.4977,-15.4366,6.8221,0.000,30.76,41.0,3,2064
170541607,199.948,211.534,0.0000,2.2896,15.2940,-1.8968,0.000,30.76,41.0,3,2064
170542635,200.000,211.622,0.9000,1.4687,15.4366,-10.2488,0.000,30.76,41.0,3,2064
170543575,200.000,211.622,0.0000,0.3166,0.0000,4.4314,0.000,30.76,41.0,3,2064
170544894,199.948,211.710,-0.9000,1.2764,-15.4366,7.0264,0.000,30.76,41.0,3,2064
170545575,199.948,211.842,0.0000,2.0729,15.2940,-1.8254,0.000,30.76,41.0,3,2064
170546607,200.000,211.908,0.9000,1.3695,15.4366,-10.3279,0.000,30.76,41.0,3,2064
170547893,200.000,211.908,0.0000,0.2602,0.0000,5.2554,0.000,30.76,41.0,3,2064
170548893,199.948,212.039,-0.9000,1.4641,-15.4366,4.5885,0.000,30.76,41.0,3,2064
170549599,199.948,212.105,0.0000,1.8853,15.2940,-1.6826,0.000,31.89,41.0,3,2064
170550578,200.000,212.171,0.9000,1.3527,15.4366,-10.5355,0.000,31.89,41.0,3,2064
170551913,200.000,212.149,0.0000,-0.1671,0.0000,4.9621,0.000,31.89,41.0,3,2064
170552615,199.948,212.237,-0.9000,1.0201,-15.4366,7.2176,0.000,31.89,41.0,3,2064
170553552,199.948,212.347,0.0000,1.8914,15.2940,-1.8287,0.000,31.89,41.0,3,2064
170554864,200.000,212.391,0.9000,1.2093,15.4366,-10.4333,0.000,31.89,41.0,3,2064
170555548,200.000,212.391,0.0000,-0.0832,0.0000,4.9269,0.000,31.89,41.0,3,2064
170556553,199.948,212.457,-0.9000,0.9895,-15.4366,6.7902,0.000,31.89,41.0,3,2064
170557607,199.948,212.545,0.0000,1.6503,15.2940,-1.7111,0.000,31.89,41.0,3,2064
170558577,200.000,212.611,0.9000,1.0109,15.4366,-10.7541,0.000,31.89,41.0,3,2064
170559922,200.000,212.589,0.0000,-0.3105,0.0000,4.4017,0.000,31.89,41.0,3,2064
170560585,199.948,212.633,-0.9000,0.7424,-15.4366,7.1901,0.000,31.89,41.0,3,2064
170561583,199.948,212.721,0.0000,1.5587,15.2940,-1.6617,0.000,31.89,41.0,3,2064
170562579,200.000,212.786,0.9000,1.1147,15.4366,-10.5124,0.000,31.89,41.0,3,2064
170563579,200.000,212.742,0.0000,-0.4112,0.0000,4.7423,0.000,31.89,41.0,3,2064
170564937,199.948,212.808,-0.9000,0.6752,-15.4366,7.0429,0.000,31.89,41.0,3,2064
170565557,199.948,212.896,0.0000,1.4885,15.2940,-1.8847,0.000,31.89,41.0,3,2064
170566551,200.000,212.940,0.9000,0.9438,15.4366,-10.0400,0.000,31.89,41.0,3,2064
170567860,200.000,212.918,0.0000,-0.3746,0.0000,4.5061,0.000,31.89,41.0,3,2064
170568547,199.948,212.962,-0.9000,0.7027,-15.4366,6.7726,0.000,31.89,41.0,3,2064
170569923,199.948,212.984,0.0000,0.8965,15.2940,6.1848,0.000,31.89,41.0,3,2064
170570578,200.000,213.094,0.9000,0.7637,15.4366,-10.7453,0.000,31.89,41.0,3,2064
170571927,200.000,213.050,0.0000,-0.6035,0.0000,4.2271,0.000,31.89,41.0,3,2064
170572570,199.948,213.094,-0.9000,0.4555,-15.4366,7.1385,0.000,31.89,41.0,3,2064
170573582,199.948,213.182,0.0000,1.5389,15.2940,-1.6419,0.000,31.89,41.0,3,2064
170574893,200.000,213.226,0.9000,0.8125,15.4366,-10.5443,0.000,31.89,41.0,3,2064
170575585,200.000,213.182,0.0000,-0.7179,0.0000,4.7544,0.000,31.89,41.0,3,2064
170576611,199.948,213.226,-0.9000,0.5318,-15.4366,7.0748,0.000,31.89,41.0,3,2064
170577580,199.948,213.336,0.0000,1.4595,15.2940,-2.1034,0.000,31.89,41.0,3,2064
170578551,200.000,213.358,0.9000,0.8507,15.4366,-10.1883,0.000,31.89,41.0,3,2064
170579924,200.000,213.314,0.0000,-0.5852,0.0000,4.6445,0.000,31.89,41.0,3,2064
170580577,199.948,213.358,-0.9000,0.5333,-15.4366,6.5738,0.000,31.89,41.0,3,2064
170581575,199.948,213.446,0.0000,1.4672,15.2940,-1.6617,0.000,31.89,41.0,3,2064
170582573,200.000,213.490,0.9000,0.7912,15.4366,-10.6179,0.000,31.89,41.0,3,2064
170583573,200.000,213.446,0.0000,-0.5333,0.0000,4.7302,0.000,31.89,41.0,3,2064
170584891,199.948,213.490,-0.9000,0.5974,-15.4366,6.8177,0.000,31.89,41.0,3,2064
170585574,199.948,213.577,0.0000,1.4260,15.2940,-1.9737,0.000,31.89,41.0,3,2064
170586578,200.000,213.621,0.9000,0.7439,15.4366,-10.6959,0.000,31.89,41.0,3,2064
170587886,200.000,213.577,0.0000,-0.6508,0.0000,4.9137,0.000,31.89,41.0,3,2064
170588573,199.948,213.643,-0.9000,0.9804,-15.4366,4.7401,0.000,31.89,41.0,3,2064
170589886,199.948,213.687,0.0000,1.3146,15.2940,-2.0199,0.000,31.89,41.0,3,2064
170590577,200.000,213.731,0.9000,0.7240,15.4366,-10.5355,0.000,31.89,41.0,3,2064
170591896,200.000,213.687,0.0000,-0.6111,0.0000,4.7621,0.000,31.89,41.0,3,2064
170593191,199.948,213.819,-0.9000,1.3725,-15.4366,-1.8463,0.000,31.89,41.0,3,2064
170593868,199.948,213.841,0.0000,0.7591,15.2940,-10.5289,0.000,31.89,41.0,3,2064
170595190,200.000,213.797,0.9000,-0.6722,15.4366,4.7182,0.000,31.89,41.0,3,2064
170595869,200.000,213.841,0.0000,0.4219,0.0000,6.7463,0.000,31.89,41.0,3,2064
170597194,199.948,213.907,-0.9000,1.2322,-15.4366,-1.7518,0.000,31.89,41.0,3,2064
170597855,199.948,213.929,0.0000,0.6584,15.2940,-10.5201,0.000,31.89,41.0,3,2064
170598856,200.000,213.885,0.9000,-0.7256,15.4366,4.6511,0.000,31.89,41.0,3,2064
170600182,200.000,213.929,0.0000,0.4051,0.0000,6.7594,0.000,31.89,41.0,3,2064
170601194,199.948,214.017,-0.9000,1.2947,-15.4366,-1.8748,0.000,31.89,41.0,3,2064
170601867,199.948,214.017,0.0000,0.5028,15.2940,-10.5498,0.000,31.89,41.0,3,2064
170602865,200.000,213.973,0.9000,-0.6004,15.4366,4.7951,0.000,31.89,41.0,3,2064
170603867,200.000,214.017,0.0000,0.3059,0.0000,6.8803,0.000,31.89,41.0,3,2064
170605185,199.948,214.083,-0.9000,1.2581,-15.4366,-1.8880,0.000,31.89,41.0,3,2064
170605815,199.948,214.105,0.0000,0.5653,15.2940,-10.2883,0.000,31.89,41.0,3,2064
170606859,200.000,214.061,0.9000,-0.7439,15.4366,5.3246,0.000,31.89,41.0,3,2064
170608166,200.000,214.105,0.0000,0.3319,0.0000,6.8693,0.000,31.89,41.0,3,2064
170608620,199.948,214.127,-0.9000,0.8522,-15.4366,3.9941,0.000,31.89,41.0,3,2064
170609969,199.948,214.171,0.0000,1.2383,15.2940,-2.1363,0.000,31.89,41.0,3,2064
170610860,200.000,214.149,0.9000,-0.7774,15.4366,4.0963,0.000,31.89,41.0,3,2064
170612178,200.000,214.171,0.0000,0.2724,0.0000,7.1385,0.000,31.89,41.0,3,2064
170613167,199.948,214.259,-0.9000,1.2886,-15.4366,-1.7496,0.000,31.89,41.0,3,2064
170613853,199.948,214.281,0.0000,0.5684,15.2940,-10.3696,0.000,31.89,41.0,3,2064
170615178,200.000,214.215,0.9000,-0.7439,15.4366,4.7116,0.000,31.89,41.0,3,2064
170615857,200.000,214.237,0.0000,0.2434,0.0000,6.8891,0.000,31.89,41.0,3,2064
170617181,199.948,214.325,-0.9000,1.0948,-15.4366,-1.6892,0.000,31.89,41.0,3,2064
170617858,199.948,214.325,0.0000,0.3990,15.2940,-10.3344,0.000,31.89,41.0,3,2064
170618934,200.000,214.281,0.9000,-0.7805,15.4366,5.2378,0.000,31.89,41.0,3,2064
170620193,200.000,214.303,0.0000,0.1106,0.0000,6.7397,0.000,31.89,41.0,3,2064
170621184,199.948,214.368,-0.9000,1.0414,-15.4366,-1.5980,0.000,31.89,41.0,3,2064
170621865,199.948,214.368,0.0000,0.4082,15.2940,-10.3773,0.000,31.89,41.0,3,2064
170622877,200.000,214.325,0.9000,-0.7988,15.4366,4.7368,0.000,31.89,41.0,3,2064
170623915,200.000,214.347,0.0000,0.1946,0.0000,6.8232,0.000,31.89,41.0,3,2064
170625195,199.948,214.412,-0.9000,0.9941,-15.4366,-1.6222,0.000,31.89,41.0,3,2064
170625866,199.948,214.412,0.0000,0.4540,15.2940,-10.3355,0.000,31.89,41.0,3,2064
170626871,200.000,214.347,0.9000,-0.8721,15.4366,4.7522,0.000,31.89,41.0,3,2064
170628199,200.000,214.368,0.0000,0.1930,0.0000,6.8462,0.000,31.89,41.0,3,2064
170628562,199.948,214.390,-0.9000,0.6142,-15.4366,4.0051,0.000,31.89,41.0,3,2064
170629894,199.948,214.434,0.0000,0.9087,15.2940,-1.6419,0.000,31.89,41.0,3,2064
170630916,200.000,214.368,0.9000,-0.9133,15.4366,4.7786,0.000,31.89,41.0,3,2064
170632263,200.000,214.412,0.0000,0.2419,0.0000,6.7452,0.000,31.89,41.0,3,2064
170633168,199.948,214.456,-0.9000,1.0277,-15.4366,-1.4640,0.000,31.89,41.0,3,2064
170633854,199.948,214.478,0.0000,0.3685,15.2940,-10.4861,0.000,31.89,41.0,3,2064
170635180,200.000,214.412,0.9000,-0.9529,15.4366,4.7467,0.000,31.89,41.0,3,2064
170635854,200.000,214.434,0.0000,0.1045,0.0000,6.9451,0.000,31.89,41.0,3,2064
170636856,199.948,214.500,-0.9000,0.9560,-15.4366,-1.7013,0.000,31.89,41.0,3,2064
170637856,199.948,214.500,0.0000,0.2495,15.2940,-10.4465,0.000,31.89,41.0,3,2064
170639178,200.000,214.434,0.9000,-1.0185,15.4366,4.7742,0.000,31.89,41.0,3,2064
170640252,200.000,214.456,0.0000,0.2388,0.0000,6.8814,0.000,31.89,41.0,3,2064
170641190,199.948,214.500,-0.9000,1.0155,-15.4366,-1.4980,0.000,31.89,41.0,3,2064
170641862,199.948,214.522,0.0000,0.3761,15.2940,-10.5223,0.000,31.89,41.0,3,2064
170642869,200.000,214.456,0.9000,-0.8598,15.4366,4.7632,0.000,31.89,41.0,3,2064
170643871,200.000,214.456,0.0000,-0.0313,0.0000,7.0671,0.000,31.89,41.0,3,2064
170645246,199.948,214.544,-0.9000,1.0094,-15.4366,-1.9583,0.000,31.89,41.0,3,2064
170645863,199.948,214.544,0.0000,0.3532,15.2940,-10.1180,0.000,31.89,41.0,3,2064
170647194,200.000,214.478,0.9000,-1.0430,15.4366,4.7160,0.000,31.89,41.0,3,2064
170648232,200.000,214.500,0.0000,0.0603,0.0000,7.0759,0.000,31.89,41.0,3,2064
170648562,199.948,214.522,-0.9000,0.5837,-15.4366,3.6129,0.000,31.89,41.0,3,2064
170649894,199.948,214.566,0.0000,0.9789,15.2940,-1.7551,0.000,31.89,41.0,3,2064
170650868,200.000,214.500,0.9000,-0.9346,15.4366,4.8939,0.000,31.89,41.0,3,2064
170652190,200.000,214.500,0.0000,0.0984,0.0000,7.1539,0.000,31.89,41.0,3,2064
170652922,199.948,214.588,-0.9000,0.9834,-15.4366,-1.9616,0.000,31.89,41.0,3,2064
170653871,199.948,214.588,0.0000,0.3044,15.2940,-10.0938,0.000,31.89,41.0,3,2064
170655183,200.000,214.522,0.9000,-0.9926,15.4366,4.8071,0.000,31.89,41.0,3,2064
170655853,200.000,214.544,0.0000,0.0679,0.0000,7.0934,0.000,31.89,41.0,3,2064
170656857,199.948,214.610,-0.9000,0.9255,-15.4366,-1.7155,0.000,31.89,41.0,3,2064
170657858,199.948,214.610,0.0000,0.3838,15.2940,-10.4125,0.000,31.89,41.0,3,2064
170659178,200.000,214.522,0.9000,-1.1315,15.4366,4.9467,0.000,31.89,41.0,3,2064
170660175,200.000,214.544,0.0000,0.1457,0.0000,7.1857,0.000,31.89,41.0,3,2064
170660925,199.948,214.610,-0.9000,0.8003,-15.4366,-1.7870,0.000,31.89,41.0,3,2064
170661865,199.948,214.610,0.0000,0.2449,15.2940,-10.3916,0.000,31.89,41.0,3,2064
170662869,200.000,214.544,0.9000,-0.9667,15.4366,4.8873,0.000,31.89,41.0,3,2064
170663926,200.000,214.544,0.0000,0.0191,0.0000,7.0176,0.000,31.89,41.0,3,2064
170665197,199.948,214.610,-0.9000,0.9499,-15.4366,-1.5244,0.000,31.89,41.0,3,2064
170665860,199.948,214.610,0.0000,0.2113,15.2940,-10.4509,0.000,31.89,41.0,3,2064
170667198,200.000,214.544,0.9000,-1.0384,15.4366,4.8236,0.000,31.89,41.0,3,2064
170668223,200.000,214.566,0.0000,-0.0359,0.0000,7.1791,0.000,31.89,41.0,3,2064
170668560,199.948,214.588,-0.9000,0.5943,-15.4366,3.6799,0.000,31.89,41.0,3,2064
170669898,199.948,214.610,0.0000,0.8721,15.2940,-1.7254,0.000,31.89,41.0,3,2064
170671251,200.000,214.544,0.9000,-1.0872,15.4366,5.4191,0.000,31.89,41.0,3,2064
170672178,200.000,214.566,0.0000,0.0313,0.0000,7.1934,0.000,31.89,41.0,3,2064
170672854,199.948,214.632,-0.9000,0.9087,-15.4366,-1.6749,0.000,31.89,41.0,3,2064
170673859,199.948,214.610,0.0000,0.1213,15.2940,-10.3180,0.000,31.89,41.0,3,2064
170675175,200.000,214.544,0.9000,-1.1116,15.4366,4.8775,0.000,31.89,41.0,3,2064
170675932,200.000,214.566,0.0000,0.0237,0.0000,7.0352,0.000,31.89,41.0,3,2064
170676869,199.948,214.610,-0.9000,0.7546,-15.4366,-1.4914,0.000,31.89,41.0,3,2064
170677868,199.948,214.610,0.0000,0.1961,15.2940,-10.4289,0.000,31.89,41.0,3,2064
170679192,200.000,214.544,0.9000,-1.0338,15.4366,4.9247,0.000,31.89,41.0,3,2064
170680232,200.000,214.566,0.0000,-0.1122,0.0000,7.1912,0.000,31.89,41.0,3,2064
170680869,199.948,214.610,-0.9000,0.8553,-15.4366,-1.7013,0.000,31.89,41.0,3,2064
170681868,199.948,214.632,0.0000,0.3029,15.2940,-10.4234,0.000,31.89,41.0,3,2064
170683191,200.000,214.544,0.9000,-1.1162,15.4366,4.9983,0.000,31.89,41.0,3,2064
170683907,200.000,214.544,0.0000,-0.0923,0.0000,7.1594,0.000,31.89,41.0,3,2064
170685193,199.948,214.610,-0.9000,0.9606,-15.4366,-1.7002,0.000,31.89,41.0,3,2064
170685866,199.948,214.610,0.0000,0.1946,15.2940,-10.3828,0.000,31.89,41.0,3,2064
170687191,200.000,214.544,0.9000,-1.2245,15.4366,4.9632,0.000,31.89,41.0,3,2064
170688228,200.000,214.544,0.0000,-0.1366,0.0000,7.1407,0.000,31.89,41.0,3,2064
170688577,199.948,214.566,-0.9000,0.4662,-15.4366,3.6349,0.000,31.89,41.0,3,2064
170689891,199.948,214.588,0.0000,0.7530,15.2940,-1.6936,0.000,31.89,41.0,3,2064
170691192,200.000,214.522,0.9000,-1.1315,15.4366,4.8610,0.000,31.89,41.0,3,2064
170692232,200.000,214.522,0.0000,-0.0603,0.0000,7.1923,0.000,31.89,41.0,3,2064
170692862,199.948,214.566,-0.9000,0.7286,-15.4366,-1.7046,0.000,31.89,41.0,3,2064
170693866,199.948,214.588,0.0000,0.3197,15.2940,-10.4256,0.000,31.89,41.0,3,2064
170695191,200.000,214.500,0.9000,-1.2230,15.4366,4.8621,0.000,31.89,41.0,3,2064
170695906,200.000,214.522,0.0000,0.0145,0.0000,7.1890,0.000,31.89,41.0,3,2064
170696868,199.948,214.566,-0.9000,0.7576,-15.4366,-1.7474,0.000,31.89,41.0,3,2064
170697867,199.948,214.566,0.0000,0.1274,15.2940,-10.4190,0.000,31.89,41.0,3,2064
170699191,200.000,214.500,0.9000,-1.1666,15.4366,4.8236,0.000,31.89,41.0,3,2064
170700232,200.000,214.478,0.0000,-0.1762,0.0000,7.1429,0.000,31.89,41.0,3,2064
170700865,199.948,214.544,-0.9000,0.8400,-15.4366,-1.6793,0.000,31.89,41.0,3,2064
170701866,199.948,214.544,0.0000,0.1823,15.2940,-10.3872,0.000,31.89,41.0,3,2064
170703181,200.000,214.456,0.9000,-1.2062,15.4366,4.9005,0.000,31.89,41.0,3,2064
170703852,200.000,214.478,0.0000,-0.1610,0.0000,7.1033,0.000,31.89,41.0,3,2064
170705178,199.948,214.522,-0.9000,0.7591,-15.4366,-1.7474,0.000,31.89,41.0,3,2064
170705867,199.948,214.522,0.0000,0.1946,15.2940,-10.4366,0.000,31.89,41.0,3,2064
170707185,200.000,214.456,0.9000,-1.0796,15.4366,4.9730,0.000,31.89,41.0,3,2064
170708180,200.000,214.456,0.0000,-0.0801,0.0000,7.0813,0.000,31.89,41.0,3,2064
170708571,199.948,214.478,-0.9000,0.4463,-15.4366,4.2435,0.000,31.89,41.0,3,2064
170709883,199.948,214.522,0.0000,0.8064,15.2940,-1.6892,0.000,31.89,41.0,3,2064
170710580,200.000,214.500,0.9000,0.0465,15.4366,-10.4652,0.000,31.89,41.0,3,2064
170711870,200.000,214.434,0.0000,-1.1162,0.0000,4.8906,0.000,31.89,41.0,3,2064
170712654,199.948,214.456,-0.9000,-0.0496,-15.4366,7.0341,0.000,31.89,41.0,3,2064
170713640,199.948,214.500,0.0000,0.7210,15.2940,-1.8177,0.000,31.89,41.0,3,2064
170714870,200.000,214.500,0.9000,0.0465,15.4366,-10.3806,0.000,31.89,41.0,3,2064
170715548,200.000,214.434,0.0000,-1.1269,0.0000,4.2655,0.000,31.89,41.0,3,2064
170716550,199.948,214.434,-0.9000,-0.1595,-15.4366,7.1813,0.000,31.89,41.0,3,2064
170717545,199.948,214.478,0.0000,0.7607,15.2940,-1.6013,0.000,31.89,41.0,3,2064
170718617,200.000,214.478,0.9000,0.0984,15.4366,-10.3960,0.000,31.89,41.0,3,2064
170719893,200.000,214.412,0.0000,-1.0842,0.0000,5.3059,0.000,31.89,41.0,3,2064
170720587,199.948,214.412,-0.9000,-0.2205,-15.4366,7.0528,0.000,31.89,41.0,3,2064
170721600,199.948,214.478,0.0000,0.8995,15.2940,-1.6419,0.000,31.89,41.0,3,2064
170722576,200.000,214.456,0.9000,0.0481,15.4366,-10.5838,0.000,31.89,41.0,3,2064
170723580,200.000,214.390,0.0000,-1.1254,0.0000,4.3095,0.000,31.89,41.0,3,2064
170724894,199.948,214.390,-0.9000,-0.2495,-15.4366,7.2439,0.000,31.89,41.0,3,2064
170725862,199.948,214.434,0.0000,0.1976,15.2940,-10.2993,0.000,31.89,41.0,3,2064
170727254,200.000,214.347,0.9000,-1.1467,15.4366,5.3729,0.000,31.89,41.0,3,2064
170728178,200.000,214.368,0.0000,-0.1122,0.0000,6.8869,0.000,31.89,41.0,3,2064
170728547,199.948,214.368,-0.9000,0.2800,-15.4366,4.0699,0.000,31.89,41.0,3,2064
170729858,199.948,214.412,0.0000,0.7469,15.2940,-1.5760,0.000,31.89,41.0,3,2064
170730547,200.000,214.412,0.9000,0.1869,15.4366,-10.3015,0.000,31.89,41.0,3,2064
170731865,200.000,214.347,0.0000,-1.0750,0.0000,4.8511,0.000,31.89,41.0,3,2064
170732601,199.948,214.347,-0.9000,-0.0954,-15.4366,6.8836,0.000,31.89,41.0,3,2064
170733588,199.948,214.412,0.0000,0.7179,15.2940,-1.7727,0.000,31.89,41.0,3,2064
170734921,200.000,214.412,0.9000,0.2693,15.4366,-9.9620,0.000,31.89,41.0,3,2064
170735581,200.000,214.325,0.0000,-1.1254,0.0000,5.1939,0.000,31.89,41.0,3,2064
170736585,199.948,214.347,-0.9000,0.0557,-15.4366,6.6628,0.000,31.89,41.0,3,2064
170737580,199.948,214.412,0.0000,0.8263,15.2940,-1.6222,0.000,31.89,41.0,3,2064
170738580,200.000,214.412,0.9000,0.2235,15.4366,-10.3388,0.000,31.89,41.0,3,2064
170739939,200.000,214.347,0.0000,-0.9758,0.0000,4.7841,0.000,31.89,41.0,3,2064
170740552,199.948,214.347,-0.9000,0.0298,-15.4366,6.7166,0.000,31.89,41.0,3,2064
170741550,199.948,214.412,0.0000,0.7561,15.2940,-1.3936,0.000,31.89,41.0,3,2064
170742613,200.000,214.412,0.9000,0.3075,15.4366,-10.4410,0.000,31.89,41.0,3,2064
170743577,200.000,214.347,0.0000,-0.9758,0.0000,5.2697,0.000,31.89,41.0,3,2064
170744892,199.948,214.368,-0.9000,0.1183,-15.4366,6.6968,0.000,31.89,41.0,3,2064
170745904,199.948,214.434,0.0000,0.3319,15.2940,-10.3784,0.000,31.89,41.0,3,2064
170746865,200.000,214.368,0.9000,-0.9789,15.4366,4.6698,0.000,31.89,41.0,3,2064
170748225,200.000,214.390,0.0000,0.0648,0.0000,6.8737,0.000,31.89,41.0,3,2064
170748558,199.948,214.412,-0.9000,0.5394,-15.4366,3.4459,0.000,31.89,41.0,3,2064
170749889,199.948,214.434,0.0000,0.9712,15.2940,-1.6255,0.000,31.89,41.0,3,2064
170750578,200.000,214.456,0.9000,0.4173,15.4366,-10.3696,0.000,31.89,41.0,3,2064
170751896,200.000,214.368,0.0000,-0.9865,0.0000,4.7313,0.000,31.89,41.0,3,2064
170752580,199.948,214.390,-0.9000,-0.0435,-15.4366,6.9352,0.000,31.89,41.0,3,2064
170753576,199.948,214.456,0.0000,0.8705,15.2940,-1.6353,0.000,31.89,41.0,3,2064
170754892,200.000,214.456,0.9000,0.3059,15.4366,-10.3960,0.000,31.89,41.0,3,2064
170755907,200.000,214.412,0.0000,0.0969,0.0000,6.7737,0.000,31.89,41.0,3,2064
170757186,199.948,214.478,-0.9000,1.0323,-15.4366,-1.4629,0.000,31.89,41.0,3,2064
170757906,199.948,214.478,0.0000,0.3456,15.2940,-10.5476,0.000,31.89,41.0,3,2064
170759185,200.000,214.412,0.9000,-1.0857,15.4366,4.8302,0.000,31.89,41.0,3,2064
170760233,200.000,214.434,0.0000,0.0801,0.0000,6.7726,0.000,31.89,41.0,3,2064
170760864,199.948,214.478,-0.9000,0.9957,-15.4366,-1.4837,0.000,31.89,41.0,3,2064
170761858,199.948,214.500,0.0000,0.3624,15.2940,-10.4959,0.000,31.89,41.0,3,2064
170763179,200.000,214.434,0.9000,-1.0674,15.4366,4.7511,0.000,31.89,41.0,3,2064
170763850,200.000,214.456,0.0000,0.0130,0.0000,7.0198,0.000,31.89,41.0,3,2064
170765179,199.948,214.500,-0.9000,0.9453,-15.4366,-1.6782,0.000,31.89,41.0,3,2064
170765864,199.948,214.522,0.0000,0.3655,15.2940,-10.4322,0.000,31.89,41.0,3,2064
170767183,200.000,214.456,0.9000,-1.0948,15.4366,4.7269,0.000,31.89,41.0,3,2064
170768219,200.000,214.456,0.0000,0.0954,0.0000,7.0594,0.000,31.89,41.0,3,2064
170768570,199.948,214.478,-0.9000,0.3883,-15.4366,4.1886,0.000,31.89,41.0,3,2064
170769882,199.948,214.522,0.0000,1.0002,15.2940,-1.6969,0.000,31.89,41.0,3,2064
170771188,200.000,214.456,0.9000,-1.0201,15.4366,4.7643,0.000,31.89,41.0,3,2064
170772170,200.000,214.478,0.0000,0.0496,0.0000,7.0978,0.000,31.89,41.0,3,2064
170772930,199.948,214.522,-0.9000,0.9041,-15.4366,-1.9364,0.000,31.89,41.0,3,2064
170773790,199.948,214.544,0.0000,0.3502,15.2940,-9.4731,0.000,31.89,41.0,3,2064
170775261,200.000,214.478,0.9000,-0.7485,15.4366,5.9047,0.000,31.89,41.0,3,2064
170775851,200.000,214.522,0.0000,0.3441,0.0000,6.6661,0.000,31.89,41.0,3,2064
170777173,199.948,214.588,-0.9000,1.0597,-15.4366,-1.8243,0.000,31.89,41.0,3,2064
170777847,199.948,214.610,0.0000,0.4326,15.2940,-10.4278,0.000,31.89,41.0,3,2064
170778850,200.000,214.522,0.9000,-0.9209,15.4366,4.9346,0.000,31.89,41.0,3,2064
170780161,200.000,214.544,0.0000,0.1244,0.0000,7.1495,0.000,31.89,41.0,3,2064
170780847,199.948,214.610,-0.9000,0.9667,-15.4366,-1.8001,0.000,31.89,41.0,3,2064
170781853,199.948,214.632,0.0000,0.4829,15.2940,-10.4026,0.000,31.89,41.0,3,2064
170782930,200.000,214.566,0.9000,-0.9606,15.4366,5.5092,0.000,31.89,41.0,3,2064
170783905,200.000,214.566,0.0000,0.0786,0.0000,6.9440,0.000,31.89,41.0,3,2064
170785188,199.948,214.632,-0.9000,1.0399,-15.4366,-1.7122,0.000,31.89,41.0,3,2064
170785904,199.948,214.654,0.0000,0.2937,15.2940,-10.6498,0.000,31.89,41.0,3,2064
170787250,200.000,214.566,0.9000,-1.1025,15.4366,4.9719,0.000,31.89,41.0,3,2064
170788186,200.000,214.588,0.0000,-0.1411,0.0000,7.3088,0.000,31.89,41.0,3,2064
170788562,199.948,214.610,-0.9000,0.3868,-15.4366,4.3721,0.000,31.89,41.0,3,2064
170789899,199.948,214.654,0.0000,0.8812,15.2940,-1.6771,0.000,31.89,41.0,3,2064
170790583,200.000,214.654,0.9000,0.3304,15.4366,-10.3663,0.000,31.89,41.0,3,2064
170791901,200.000,214.566,0.0000,-1.0750,0.0000,4.8786,0.000,31.89,41.0,3,2064
170792581,199.948,214.588,-0.9000,0.0496,-15.4366,7.1703,0.000,31.89,41.0,3,2064
170793627,199.948,214.632,0.0000,0.8217,15.2940,-1.7035,0.000,31.89,41.0,3,2064
170794871,200.000,214.632,0.9000,0.0038,15.4366,-10.5740,0.000,31.89,41.0,3,2064
170795547,200.000,214.566,0.0000,-1.1681,0.0000,4.3534,0.000,31.89,41.0,3,2064
170796619,199.948,214.566,-0.9000,-0.2007,-15.4366,7.4109,0.000,31.89,41.0,3,2064
170797575,199.948,214.610,0.0000,0.6844,15.2940,-1.8726,0.000,31.89,41.0,3,2064
170798574,200.000,214.610,0.9000,0.0877,15.4366,-10.2685,0.000,31.89,41.0,3,2064
170799889,200.000,214.544,0.0000,-1.0597,0.0000,4.7994,0.000,31.89,41.0,3,2064
170800577,199.948,214.566,-0.9000,0.0557,-15.4366,7.0308,0.000,31.89,41.0,3,2064
170801579,199.948,214.588,0.0000,0.6920,15.2940,-1.7353,0.000,31.89,41.0,3,2064
170802574,200.000,214.610,0.9000,0.2281,15.4366,-10.3421,0.000,31.89,41.0,3,2064
170803574,200.000,214.522,0.0000,-1.1833,0.0000,4.9170,0.000,31.89,41.0,3,2064
170804891,199.948,214.522,-0.9000,-0.0710,-15.4366,7.0132,0.000,31.89,41.0,3,2064
170805904,199.948,214.566,0.0000,0.1183,15.2940,-10.6069,0.000,31.89,41.0,3,2064
170807183,200.000,214.500,0.9000,-1.2001,15.4366,4.9269,0.000,31.89,41.0,3,2064
170808228,200.000,214.522,0.0000,0.0664,0.0000,6.9737,0.000,31.89,41.0,3,2064
170808576,199.948,214.522,-0.9000,0.4967,-15.4366,4.1117,0.000,31.89,41.0,3,2064
170809890,199.948,214.566,0.0000,0.7607,15.2940,-1.5266,0.000,31.89,41.0,3,2064
170810578,200.000,214.566,0.9000,0.1656,15.4366,-10.5135,0.000,31.89,41.0,3,2064
170811896,200.000,214.478,0.0000,-1.1223,0.0000,5.4608,0.000,31.89,41.0,3,2064
170812579,199.948,214.500,-0.9000,-0.0633,-15.4366,6.9572,0.000,31.89,41.0,3,2064
170813575,199.948,214.544,0.0000,0.8110,15.2940,-1.9243,0.000,31.89,41.0,3,2064
170814868,200.000,214.544,0.9000,0.1473,15.4366,-10.4322,0.000,31.89,41.0,3,2064
170815574,200.000,214.478,0.0000,-1.1543,0.0000,4.8192,0.000,31.89,41.0,3,2064
170816574,199.948,214.478,-0.9000,-0.1076,-15.4366,7.1308,0.000,31.89,41.0,3,2064
170817568,199.948,214.522,0.0000,0.8705,15.2940,-1.6804,0.000,31.89,41.0,3,2064
170818574,200.000,214.522,0.9000,0.1717,15.4366,-10.4773,0.000,31.89,41.0,3,2064
170819865,200.000,214.456,0.0000,-1.2566,0.0000,4.8192,0.000,31.89,41.0,3,2064
170820651,199.948,214.456,-0.9000,0.0389,-15.4366,7.1275,0.000,31.89,41.0,3,2064
170821585,199.948,214.522,0.0000,0.9026,15.2940,-1.8397,0.000,31.89,41.0,3,2064
170822547,200.000,214.522,0.9000,0.1686,15.4366,-10.0356,0.000,31.89,41.0,3,2064
170823555,200.000,214.456,0.0000,-0.9712,0.0000,4.6874,0.000,31.89,41.0,3,2064
170824870,199.948,214.456,-0.9000,-0.1060,-15.4366,7.0517,0.000,31.89,41.0,3,2064
170825647,199.948,214.522,0.0000,0.8324,15.2940,-1.7221,0.000,31.89,41.0,3,2064
170826554,200.000,214.500,0.9000,0.0725,15.4366,-10.6915,0.000,31.89,41.0,3,2064
170827864,200.000,214.434,0.0000,-1.1955,0.0000,4.3973,0.000,31.89,41.0,3,2064
170828545,199.948,214.456,-0.9000,-0.1579,-15.4366,7.2901,0.000,31.89,41.0,3,2064
170829863,199.948,214.456,0.0000,0.0542,15.2940,6.6748,0.000,31.89,41.0,3,2064
170830612,200.000,214.500,0.9000,0.2113,15.4366,-10.4905,0.000,31.89,41.0,3,2064
170831896,200.000,214.412,0.0000,-1.2215,0.0000,5.4279,0.000,31.89,41.0,3,2064
170832578,199.948,214.434,-0.9000,-0.0145,-15.4366,6.8682,0.000,31.89,41.0,3,2064
170833611,199.948,214.478,0.0000,0.8751,15.2940,-1.6771,0.000,31.89,41.0,3,2064
170834895,200.000,214.478,0.9000,0.1381,15.4366,-10.7431,0.000,31.89,41.0,3,2064
170835909,200.000,214.412,0.0000,-0.0893,0.0000,7.0638,0.000,31.89,41.0,3,2064
170836868,199.948,214.456,-0.9000,0.6554,-15.4366,-1.5463,0.000,31.89,41.0,3,2064
170837858,199.948,214.456,0.0000,0.1823,15.2940,-10.3564,0.000,31.89,41.0,3,2064
170839187,200.000,214.390,0.9000,-1.1269,15.4366,4.8324,0.000,31.89,41.0,3,2064
170840228,200.000,214.390,0.0000,-0.0694,0.0000,6.9616,0.000,31.89,41.0,3,2064
170840857,199.948,214.456,-0.9000,0.6752,-15.4366,-1.5826,0.000,31.89,41.0,3,2064
170841928,199.948,214.456,0.0000,0.1427,15.2940,-10.6201,0.000,31.89,41.0,3,2064
170843177,200.000,214.368,0.9000,-1.2398,15.4366,4.2732,0.000,31.89,41.0,3,2064
170843847,200.000,214.390,0.0000,-0.0557,0.0000,7.2154,0.000,31.89,41.0,3,2064
170845173,199.948,214.412,-0.9000,0.6126,-15.4366,-1.5431,0.000,31.89,41.0,3,2064
170845847,199.948,214.434,0.0000,0.1503,15.2940,-10.3169,0.000,31.89,41.0,3,2064
170847252,200.000,214.347,0.9000,-1.1879,15.4366,5.2938,0.000,31.89,41.0,3,2064
170848228,200.000,214.347,0.0000,-0.0557,0.0000,6.7825,0.000,31.89,41.0,3,2064
170848562,199.948,214.368,-0.9000,0.4479,-15.4366,3.9843,0.000,31.89,41.0,3,2064
170849892,199.948,214.412,0.0000,0.7408,15.2940,-1.3903,0.000,31.89,41.0,3,2064
170850577,200.000,214.412,0.9000,0.1305,15.4366,-10.6278,0.000,31.89,41.0,3,2064
170851898,200.000,214.325,0.0000,-1.0811,0.0000,4.7907,0.000,31.89,41.0,3,2064
170852579,199.948,214.347,-0.9000,-0.0664,-15.4366,6.7748,0.000,31.89,41.0,3,2064
170853578,199.948,214.390,0.0000,0.8339,15.2940,-1.5837,0.000,31.89,41.0,3,2064
170854893,200.000,214.412,0.9000,0.1488,15.4366,-10.7003,0.000,31.89,41.0,3,2064
170855579,200.000,214.347,0.0000,-0.9743,0.0000,4.8577,0.000,31.89,41.0,3,2064
170856580,199.948,214.347,-0.9000,0.0267,-15.4366,6.7287,0.000,31.89,41.0,3,2064
170857572,199.948,214.412,0.0000,0.8980,15.2940,-1.3684,0.000,31.89,41.0,3,2064
170858573,200.000,214.412,0.9000,0.2678,15.4366,-10.4531,0.000,31.89,41.0,3,2064
170859892,200.000,214.347,0.0000,-0.9300,0.0000,4.7863,0.000,31.89,41.0,3,2064
170860579,199.948,214.368,-0.9000,0.2434,-15.4366,6.6792,0.000,31.89,41.0,3,2064
170861578,199.948,214.434,0.0000,0.8095,15.2940,-1.6167,0.000,31.89,41.0,3,2064
170862573,200.000,214.434,0.9000,0.3212,15.4366,-10.6574,0.000,31.89,41.0,3,2064
170863548,200.000,214.368,0.0000,-1.1376,0.0000,4.6588,0.000,31.89,41.0,3,2064
170864887,199.948,214.390,-0.9000,0.2373,-15.4366,6.9198,0.000,31.89,41.0,3,2064
170865571,199.948,214.456,0.0000,0.9239,15.2940,-1.6178,0.000,31.89,41.0,3,2064
170866573,200.000,214.456,0.9000,0.3777,15.4366,-10.4377,0.000,31.89,41.0,3,2064
170867885,200.000,214.390,0.0000,-1.0353,0.0000,4.7434,0.000,31.89,41.0,3,2064
170868546,199.948,214.412,-0.9000,0.1457,-15.4366,6.7737,0.000,31.89,41.0,3,2064
170869833,199.948,214.412,0.0000,0.3227,15.2940,6.1541,0.000,31.89,41.0,3,2064
170870577,200.000,214.478,0.9000,0.4082,15.4366,-10.2191,0.000,31.89,41.0,3,2064
170871869,200.000,214.412,0.0000,-0.9606,0.0000,5.1587,0.000,31.89,41.0,3,2064
170872556,199.948,214.434,-0.9000,0.3349,-15.4366,6.7375,0.000,31.89,41.0,3,2064
170873550,199.948,214.500,0.0000,1.0277,15.2940,-1.7375,0.000,31.89,41.0,3,2064
170874917,200.000,214.522,0.9000,0.3410,15.4366,-10.5091,0.000,31.89,41.0,3,2064
170875547,200.000,214.456,0.0000,-0.9987,0.0000,5.3169,0.000,31.89,41.0,3,2064
170876651,199.948,214.478,-0.9000,0.0648,-15.4366,7.0363,0.000,31.89,41.0,3,2064
170877546,199.948,214.544,0.0000,0.9560,15.2940,-1.9298,0.000,31.89,41.0,3,2064
170878545,200.000,214.544,0.9000,0.4479,15.4366,-10.1532,0.000,31.89,41.0,3,2064
170879868,200.000,214.478,0.0000,-0.9392,0.0000,4.7566,0.000,31.89,41.0,3,2064
170880586,199.948,214.500,-0.9000,0.0740,-15.4366,7.0418,0.000,31.89,41.0,3,2064
170881594,199.948,214.588,0.0000,1.1711,15.2940,-1.9847,0.000,31.89,41.0,3,2064
170882575,200.000,214.588,0.9000,0.3609,15.4366,-10.3872,0.000,31.89,41.0,3,2064
170883610,200.000,214.500,0.0000,-1.0231,0.0000,4.2314,0.000,31.89,41.0,3,2064
170884896,199.948,214.522,-0.9000,0.0786,-15.4366,7.1824,0.000,31.89,41.0,3,2064
170885580,199.948,214.588,0.0000,1.0094,15.2940,-1.6112,0.000,31.89,41.0,3,2064
170886585,200.000,214.610,0.9000,0.4280,15.4366,-10.7245,0.000,31.89,41.0,3,2064
170887894,200.000,214.522,0.0000,-1.1315,0.0000,4.3029,0.000,31.89,41.0,3,2064
170888621,199.948,214.544,-0.9000,0.0267,-15.4366,7.2330,0.000,31.89,41.0,3,2064
170889868,199.948,214.544,0.0000,0.2205,15.2940,6.5946,0.000,31.89,41.0,3,2064
170890547,200.000,214.610,0.9000,0.3120,15.4366,-10.1136,0.000,31.89,41.0,3,2064
170891865,200.000,214.544,0.0000,-0.9560,0.0000,4.7072,0.000,31.89,41.0,3,2064
170892547,199.948,214.544,-0.9000,0.0954,-15.4366,7.1286,0.000,31.89,41.0,3,2064
170893616,199.948,214.610,0.0000,1.0338,15.2940,-1.7254,0.000,31.89,41.0,3,2064
170894892,200.000,214.610,0.9000,0.1869,15.4366,-10.6289,0.000,31.89,41.0,3,2064
170895579,200.000,214.544,0.0000,-1.2490,0.0000,4.9774,0.000,31.89,41.0,3,2064
170896609,199.948,214.544,-0.9000,0.0023,-15.4366,7.2846,0.000,31.89,41.0,3,2064
170897579,199.948,214.610,0.0000,0.8263,15.2940,-1.6958,0.000,31.89,41.0,3,2064
170898578,200.000,214.610,0.9000,0.3181,15.4366,-10.3410,0.000,31.89,41.0,3,2064
170899894,200.000,214.544,0.0000,-1.1284,0.0000,4.3325,0.000,31.89,41.0,3,2064
170900587,199.948,214.544,-0.9000,-0.0374,-15.4366,7.1835,0.000,31.89,41.0,3,2064
170901625,199.948,214.588,0.0000,0.7637,15.2940,-1.7694,0.000,31.89,41.0,3,2064
170902551,200.000,214.610,0.9000,0.1686,15.4366,-10.3916,0.000,31.89,41.0,3,2064
170903545,200.000,214.522,0.0000,-1.1696,0.0000,4.2941,0.000,31.89,41.0,3,2064
170904931,199.948,214.522,-0.9000,-0.0954,-15.4366,7.3209,0.000,31.89,41.0,3,2064
170905575,199.948,214.588,0.0000,0.7988,15.2940,-1.8847,0.000,31.89,41.0,3,2064
170906581,200.000,214.588,0.9000,0.1900,15.4366,-10.3751,0.000,31.89,41.0,3,2064
170907889,200.000,214.522,0.0000,-1.1116,0.0000,4.9258,0.000,31.89,41.0,3,2064
170908577,199.948,214.522,-0.9000,-0.0389,-15.4366,7.1264,0.000,31.89,41.0,3,2064
170909890,199.948,214.522,0.0000,0.1595,15.2940,6.5068,0.000,31.89,41.0,3,2064
170910579,200.000,214.566,0.9000,0.0420,15.4366,-10.7157,0.000,31.89,41.0,3,2064
170911898,200.000,214.478,0.0000,-1.2795,0.0000,4.9741,0.000,31.89,41.0,3,2064
170912577,199.948,214.500,-0.9000,-0.1808,-15.4366,7.1637,0.000,31.89,41.0,3,2064
170913578,199.948,214.544,0.0000,0.7347,15.2940,-1.7144,0.000,31.89,41.0,3,2064
170914890,200.000,214.522,0.9000,0.0114,15.4366,-10.7563,0.000,31.89,41.0,3,2064
170915579,200.000,214.456,0.0000,-1.2612,0.0000,4.3226,0.000,31.89,41.0,3,2064
170916581,199.948,214.456,-0.9000,-0.2998,-15.4366,7.2385,0.000,31.89,41.0,3,2064
170917573,199.948,214.500,0.0000,0.8019,15.2940,-1.6639,0.000,31.89,41.0,3,2064
170918580,200.000,214.500,0.9000,0.0969,15.4366,-10.6915,0.000,31.89,41.0,3,2064
170919868,200.000,214.412,0.0000,-1.3115,0.0000,4.9412,0.000,31.89,41.0,3,2064
170920545,199.948,214.412,-0.9000,-0.2861,-15.4366,7.3209,0.000,31.89,41.0,3,2064
170921578,199.948,214.456,0.0000,0.7454,15.2940,-1.5057,0.000,31.89,41.0,3,2064
170922568,200.000,214.456,0.9000,-0.0145,15.4366,-10.3114,0.000,31.89,41.0,3,2064
170923568,200.000,214.368,0.0000,-1.2367,0.0000,4.8192,0.000,31.89,41.0,3,2064
170924891,199.948,214.390,-0.9000,-0.1335,-15.4366,7.0440,0.000,31.89,41.0,3,2064
170925548,199.948,214.434,0.0000,0.8064,15.2940,-1.6134,0.000,31.89,41.0,3,2064
170926524,200.000,214.434,0.9000,0.1213,15.4366,-10.2477,0.000,31.89,41.0,3,2064
170927953,200.000,214.368,0.0000,-1.1757,0.0000,3.6206,0.000,31.89,41.0,3,2064
170928547,199.948,214.390,-0.9000,0.3304,-15.4366,4.5698,0.000,31.89,41.0,3,2064
170929867,199.948,214.412,0.0000,0.7530,15.2940,-1.3695,0.000,31.89,41.0,3,2064
170930545,200.000,214.412,0.9000,0.1167,15.4366,-10.4103,0.000,31.89,41.0,3,2064
170931866,200.000,214.347,0.0000,-1.0979,0.0000,4.8533,0.000,31.89,41.0,3,2064
170932612,199.948,214.368,-0.9000,-0.0191,-15.4366,6.9165,0.000,31.89,41.0,3,2064
170933578,199.948,214.412,0.0000,0.8370,15.2940,-1.7474,0.000,31.89,41.0,3,2064
170934921,200.000,214.412,0.9000,0.1228,15.4366,-10.2685,0.000,31.89,41.0,3,2064
170935581,200.000,214.347,0.0000,-1.0414,0.0000,4.7632,0.000,31.89,41.0,3,2064
170936584,199.948,214.368,-0.9000,0.0740,-15.4366,6.8627,0.000,31.89,41.0,3,2064
170937575,199.948,214.412,0.0000,0.7652,15.2940,-1.3618,0.000,31.89,41.0,3,2064
170938583,200.000,214.412,0.9000,0.2373,15.4366,-10.3454,0.000,31.89,41.0,3,2064
170939890,200.000,214.347,0.0000,-1.0216,0.0000,5.2741,0.000,31.89,41.0,3,2064
170940575,199.948,214.347,-0.9000,0.0969,-15.4366,6.7550,0.000,31.89,41.0,3,2064
170941625,199.948,214.412,0.0000,0.7607,15.2940,-1.6013,0.000,31.89,41.0,3,2064
170942549,200.000,214.412,0.9000,0.2037,15.4366,-10.5454,0.000,31.89,41.0,3,2064
170943545,200.000,214.325,0.0000,-1.1650,0.0000,4.2391,0.000,31.89,41.0,3,2064
170944868,199.948,214.347,-0.9000,-0.1671,-15.4366,7.0978,0.000,31.89,41.0,3,2064
170945545,199.948,214.390,0.0000,0.7515,15.2940,-1.5387,0.000,31.89,41.0,3,2064
170946620,200.000,214.390,0.9000,0.2113,15.4366,-10.2982,0.000,31.89,41.0,3,2064
170947889,200.000,214.325,0.0000,-1.0613,0.0000,5.3290,0.000,31.89,41.0,3,2064
170948603,199.948,214.325,-0.9000,-0.0084,-15.4366,6.6979,0.000,31.89,41.0,3,2064
170949896,199.948,214.347,0.0000,0.1579,15.2940,6.1211,0.000,31.89,41.0,3,2064
170950580,200.000,214.390,0.9000,0.3609,15.4366,-10.3081,0.000,31.89,41.0,3,2064
170951902,200.000,214.325,0.0000,-0.9804,0.0000,4.8104,0.000,31.89,41.0,3,2064
170952585,199.948,214.347,-0.9000,0.0740,-15.4366,6.8924,0.000,31.89,41.0,3,2064
170953622,199.948,214.390,0.0000,0.8202,15.2940,-1.5903,0.000,31.89,41.0,3,2064
170954871,200.000,214.390,0.9000,0.2785,15.4366,-10.3092,0.000,31.89,41.0,3,2064
170955547,200.000,214.325,0.0000,-1.0796,0.0000,4.2347,0.000,31.89,41.0,3,2064
170956620,199.948,214.325,-0.9000,0.0282,-15.4366,7.0572,0.000,31.89,41.0,3,2064
170957575,199.948,214.390,0.0000,0.8888,15.2940,-1.7683,0.000,31.89,41.0,3,2064
170958576,200.000,214.390,0.9000,0.3059,15.4366,-10.2301,0.000,31.89,41.0,3,2064
170959892,200.000,214.325,0.0000,-1.1192,0.0000,4.7665,0.000,31.89,41.0,3,2064
170960580,199.948,214.325,-0.9000,0.0496,-15.4366,6.8836,0.000,31.89,41.0,3,2064
170961575,199.948,214.390,0.0000,0.8095,15.2940,-1.5782,0.000,31.89,41.0,3,2064
170962575,200.000,214.368,0.9000,0.1244,15.4366,-10.2971,0.000,31.89,41.0,3,2064
170963575,200.000,214.325,0.0000,-0.9087,0.0000,5.1884,0.000,31.89,41.0,3,2064
170964889,199.948,214.325,-0.9000,0.0481,-15.4366,6.6177,0.000,31.89,41.0,3,2064
170965577,199.948,214.390,0.0000,0.9377,15.2940,-1.3881,0.000,31.89,41.0,3,2064
170966580,200.000,214.390,0.9000,0.2495,15.4366,-10.6574,0.000,31.89,41.0,3,2064
170967887,200.000,214.325,0.0000,-1.1177,0.0000,4.8192,0.000,31.89,41.0,3,2064
170968577,199.948,214.347,-0.9000,0.0587,-15.4366,6.9462,0.000,31.89,41.0,3,2064
170969889,199.948,214.347,0.0000,0.1976,15.2940,6.3277,0.000,31.89,41.0,3,2064
170970576,200.000,214.390,0.9000,0.3899,15.4366,-10.2608,0.000,31.89,41.0,3,2064
170971872,200.000,214.325,0.0000,-0.8827,0.0000,4.1073,0.000,31.89,41.0,3,2064
170972545,199.948,214.347,-0.9000,-0.1198,-15.4366,7.0286,0.000,31.89,41.0,3,2064
170973581,199.948,214.390,0.0000,0.7774,15.2940,-1.5771,0.000,31.89,41.0,3,2064
170974883,200.000,214.390,0.9000,0.0908,15.4366,-10.5223,0.000,31.89,41.0,3,2064
170975901,200.000,214.325,0.0000,-0.0465,0.0000,6.8968,0.000,31.89,41.0,3,2064
170976896,199.948,214.390,-0.9000,0.7927,-15.4366,-1.3859,0.000,31.89,41.0,3,2064
170977844,199.948,214.390,0.0000,0.2388,15.2940,-10.3410,0.000,31.89,41.0,3,2064
170979268,200.000,214.303,0.9000,-1.0185,15.4366,5.3521,0.000,31.89,41.0,3,2064
170980077,200.000,214.325,0.0000,-0.1091,0.0000,7.0791,0.000,31.89,41.0,3,2064
170980911,199.948,214.368,-0.9000,0.6615,-15.4366,-1.9583,0.000,31.89,41.0,3,2064
170981914,199.948,214.368,0.0000,0.1259,15.2940,-10.0686,0.000,31.89,41.0,3,2064
170983173,200.000,214.303,0.9000,-1.1070,15.4366,4.1502,0.000,31.89,41.0,3,2064
170983842,200.000,214.303,0.0000,-0.0359,0.0000,7.0726,0.000,31.89,41.0,3,2064
170985168,199.948,214.347,-0.9000,0.6905,-15.4366,-1.5529,0.000,31.89,41.0,3,2064
170985841,199.948,214.347,0.0000,0.1762,15.2940,-10.2202,0.000,31.89,41.0,3,2064
170987168,200.000,214.281,0.9000,-1.1345,15.4366,4.7665,0.000,31.89,41.0,3,2064
170988170,200.000,214.281,0.0000,-0.0908,0.0000,6.8924,0.000,31.89,41.0,3,2064
170988547,199.948,214.303,-0.9000,0.4036,-15.4366,4.0930,0.000,31.89,41.0,3,2064
170989931,199.948,214.325,0.0000,0.6676,15.2940,-1.5496,0.000,31.89,41.0,3,2064
170990579,200.000,214.325,0.9000,0.1457,15.4366,-10.4872,0.000,31.89,41.0,3,2064
170991915,200.000,214.259,0.0000,-1.2734,0.0000,4.8808,0.000,31.89,41.0,3,2064
170992588,199.948,214.259,-0.9000,-0.1854,-15.4366,6.9572,0.000,31.89,41.0,3,2064
170993581,199.948,214.303,0.0000,0.7012,15.2940,-1.5518,0.000,31.89,41.0,3,2064
170994896,200.000,214.303,0.9000,0.0435,15.4366,-10.1653,0.000,31.89,41.0,3,2064
170995568,200.000,214.237,0.0000,-1.0857,0.0000,4.7984,0.000,31.89,41.0,3,2064
170996583,199.948,214.237,-0.9000,-0.1518,-15.4366,6.9539,0.000,31.89,41.0,3,2064
170997621,199.948,214.281,0.0000,0.7088,15.2940,-1.5518,0.000,31.89,41.0,3,2064
170998549,200.000,214.303,0.9000,0.1518,15.4366,-10.4630,0.000,31.89,41.0,3,2064
170999865,200.000,214.215,0.0000,-1.2627,0.0000,4.3611,0.000,31.89,41.0,3,2064
171000545,199.948,214.215,-0.9000,-0.2083,-15.4366,7.1791,0.000,31.89,41.0,3,2064
171001550,199.948,214.259,0.0000,0.8003,15.2940,-1.5485,0.000,31.89,41.0,3,2064
171002614,200.000,214.259,0.9000,0.1305,15.4366,-10.2114,0.000,31.89,41.0,3,2064
171003594,200.000,214.171,0.0000,-1.1849,0.0000,5.4477,0.000,31.89,41.0,3,2064
171004899,199.948,214.193,-0.9000,0.0557,-15.4366,6.8089,0.000,31.89,41.0,3,2064
171005579,199.948,214.259,0.0000,0.6966,15.2940,-1.6661,0.000,31.89,41.0,3,2064
171006584,200.000,214.259,0.9000,0.2937,15.4366,-10.2466,0.000,31.89,41.0,3,2064
171007893,200.000,214.171,0.0000,-1.1238,0.0000,4.8203,0.000,31.89,41.0,3,2064
171008608,199.948,214.193,-0.9000,0.0023,-15.4366,7.0154,0.000,31.89,41.0,3,2064
171009895,199.948,214.193,0.0000,0.1747,15.2940,6.4024,0.000,31.89,41.0,3,2064
171010552,200.000,214.259,0.9000,0.2068,15.4366,-10.2422,0.000,31.89,41.0,3,2064
171011932,200.000,214.193,0.0000,-1.0307,0.0000,4.6709,0.000,31.89,41.0,3,2064
171012579,199.948,214.193,-0.9000,0.0771,-15.4366,6.8254,0.000,31.89,41.0,3,2064
171013577,199.948,214.259,0.0000,0.9102,15.2940,-1.6947,0.000,31.89,41.0,3,2064
171014890,200.000,214.281,0.9000,0.3960,15.4366,-10.2663,0.000,31.89,41.0,3,2064
171015578,200.000,214.215,0.0000,-0.9331,0.0000,4.7742,0.000,31.89,41.0,3,2064
171016579,199.948,214.215,-0.9000,-0.0679,-15.4366,6.9792,0.000,31.89,41.0,3,2064
171017572,199.948,214.281,0.0000,0.8965,15.2940,-1.6364,0.000,31.89,41.0,3,2064
171018574,200.000,214.281,0.9000,0.3426,15.4366,-10.2356,0.000,31.89,41.0,3,2064
171019893,200.000,214.215,0.0000,-0.9300,0.0000,4.7478,0.000,31.89,41.0,3,2064
171020577,199.948,214.237,-0.9000,0.0099,-15.4366,6.9638,0.000,31.89,41.0,3,2064
171021577,199.948,214.281,0.0000,0.8858,15.2940,-1.6068,0.000,31.89,41.0,3,2064
171022573,200.000,214.303,0.9000,0.3624,15.4366,-10.2773,0.000,31.89,41.0,3,2064
171023574,200.000,214.215,0.0000,-1.0262,0.0000,4.8038,0.000,31.89,41.0,3,2064
171024890,199.948,214.237,-0.9000,0.0450,-15.4366,6.8990,0.000,31.89,41.0,3,2064
171025574,199.948,214.303,0.0000,0.8019,15.2940,-1.5859,0.000,31.89,41.0,3,2064
171026578,200.000,214.303,0.9000,0.3532,15.4366,-10.2905,0.000,31.89,41.0,3,2064
171027858,200.000,214.237,0.0000,-0.9590,0.0000,4.2227,0.000,31.89,41.0,3,2064
171028556,199.948,214.259,-0.9000,-0.1045,-15.4366,7.0418,0.000,31.89,41.0,3,2064
171029887,199.948,214.259,0.0000,0.1350,15.2940,6.4507,0.000,31.89,41.0,3,2064
171030571,200.000,214.303,0.9000,0.1106,15.4366,-10.4806,0.000,31.89,41.0,3,2064
171031888,200.000,214.237,0.0000,-0.9148,0.0000,4.8621,0.000,31.89,41.0,3,2064
171032577,199.948,214.259,-0.9000,-0.0160,-15.4366,6.7419,0.000,31.89,41.0,3,2064
171033553,199.948,214.303,0.0000,0.7881,15.2940,-1.6309,0.000,31.89,41.0,3,2064
171034836,200.000,214.325,0.9000,0.3914,15.4366,-10.0027,0.000,31.89,41.0,3,2064
171035639,200.000,214.259,0.0000,-0.8782,0.0000,3.4602,0.000,31.89,41.0,3,2064
171036552,199.948,214.281,-0.9000,0.1717,-15.4366,6.7144,0.000,31.89,41.0,3,2064
171037545,199.948,214.325,0.0000,0.9651,15.2940,-1.4310,0.000,31.89,41.0,3,2064
171038545,200.000,214.347,0.9000,0.3532,15.4366,-10.4245,0.000,31.89,41.0,3,2064
171039893,200.000,214.281,0.0000,-0.9468,0.0000,4.7709,0.000,31.89,41.0,3,2064
171040611,199.948,214.303,-0.9000,0.1152,-15.4366,6.7463,0.000,31.89,41.0,3,2064
171041579,199.948,214.368,0.0000,1.0216,15.2940,-1.5815,0.000,31.89,41.0,3,2064
171042607,200.000,214.368,0.9000,0.4067,15.4366,-10.3169,0.000,31.89,41.0,3,2064
171043579,200.000,214.303,0.0000,-0.9560,0.0000,4.7072,0.000,31.89,41.0,3,2064
171044891,199.948,214.325,-0.9000,0.0221,-15.4366,6.8638,0.000,31.89,41.0,3,2064
171045580,199.948,214.390,0.0000,0.9224,15.2940,-1.5837,0.000,31.89,41.0,3,2064
171046583,200.000,214.390,0.9000,0.2113,15.4366,-10.6278,0.000,31.89,41.0,3,2064
171047885,200.000,214.325,0.0000,-0.9285,0.0000,4.8906,0.000,31.89,41.0,3,2064
171048579,199.948,214.347,-0.9000,0.1152,-15.4366,6.8880,0.000,31.89,41.0,3,2064
171049940,199.948,214.347,0.0000,0.2235,15.2940,5.9607,0.000,31.89,41.0,3,2064
171051164,200.000,214.325,0.9000,-1.0201,15.4366,4.2249,0.000,31.89,41.0,3,2064
171052163,200.000,214.347,0.0000,0.0801,0.0000,6.9913,0.000,31.89,41.0,3,2064
171052839,199.948,214.390,-0.9000,0.8507,-15.4366,-1.5716,0.000,31.89,41.0,3,2064
171053844,199.948,214.412,0.0000,0.2541,15.2940,-10.3784,0.000,31.89,41.0,3,2064
171055242,200.000,214.325,0.9000,-0.9850,15.4366,5.3345,0.000,31.89,41.0,3,2064
171055898,200.000,214.347,0.0000,0.0999,0.0000,6.7539,0.000,31.89,41.0,3,2064
171056896,199.948,214.412,-0.9000,0.8934,-15.4366,-1.4200,0.000,31.89,41.0,3,2064
171057899,199.948,214.390,0.0000,0.1457,15.2940,-10.6388,0.000,31.89,41.0,3,2064
171059219,200.000,214.325,0.9000,-1.0674,15.4366,4.8621,0.000,31.89,41.0,3,2064
171060220,200.000,214.347,0.0000,0.0053,0.0000,6.9418,0.000,31.89,41.0,3,2064
171060899,199.948,214.390,-0.9000,0.7698,-15.4366,-1.5782,0.000,31.89,41.0,3,2064
171061898,199.948,214.390,0.0000,0.3593,15.2940,-10.2707,0.000,31.89,41.0,3,2064
171062897,200.000,214.325,0.9000,-0.9834,15.4366,4.7182,0.000,31.89,41.0,3,2064
171063901,200.000,214.347,0.0000,-0.2022,0.0000,6.8946,0.000,31.89,41.0,3,2064
171065219,199.948,214.412,-0.9000,0.9850,-15.4366,-1.5189,0.000,31.89,41.0,3,2064
171065901,199.948,214.390,0.0000,0.2739,15.2940,-10.5904,0.000,31.89,41.0,3,2064
171067219,200.000,214.325,0.9000,-1.1086,15.4366,4.8753,0.000,31.89,41.0,3,2064
171068213,200.000,214.325,0.0000,-0.1518,0.0000,6.9528,0.000,31.89,41.0,3,2064
171068572,199.948,214.347,-0.9000,0.3624,-15.4366,4.1348,0.000,31.89,41.0,3,2064
171069889,199.948,214.390,0.0000,0.9056,15.2940,-1.5463,0.000,31.89,41.0,3,2064
171070575,200.000,214.390,0.9000,0.1518,15.4366,-10.3103,0.000,31.89,41.0,3,2064
171071895,200.000,214.325,0.0000,-1.0460,0.0000,4.8071,0.000,31.89,41.0,3,2064
171072575,199.948,214.325,-0.9000,-0.1091,-15.4366,6.8682,0.000,31.89,41.0,3,2064
171073579,199.948,214.390,0.0000,0.8461,15.2940,-1.5321,0.000,31.89,41.0,3,2064
171074889,200.000,214.390,0.9000,0.2647,15.4366,-10.3257,0.000,31.89,41.0,3,2064
171075574,200.000,214.325,0.0000,-1.0246,0.0000,4.8368,0.000,31.89,41.0,3,2064
171076554,199.948,214.325,-0.9000,-0.0038,-15.4366,6.8924,0.000,31.89,41.0,3,2064
171077545,199.948,214.390,0.0000,0.8858,15.2940,-1.3552,0.000,31.89,41.0,3,2064
171078573,200.000,214.390,0.9000,0.2937,15.4366,-10.3597,0.000,31.89,41.0,3,2064
171079881,200.000,214.325,0.0000,-1.0094,0.0000,4.8038,0.000,31.89,41.0,3,2064
171080572,199.948,214.325,-0.9000,0.0740,-15.4366,6.7397,0.000,31.89,41.0,3,2064
171081579,199.948,214.390,0.0000,0.8278,15.2940,-1.6342,0.000,31.89,41.0,3,2064
171082547,200.000,214.390,0.9000,0.1900,15.4366,-10.5707,0.000,31.89,41.0,3,2064
171083521,200.000,214.325,0.0000,-1.1040,0.0000,4.2314,0.000,31.89,41.0,3,2064
171084894,199.948,214.325,-0.9000,-0.1747,-15.4366,7.2055,0.000,31.89,41.0,3,2064
171085841,199.948,214.390,0.0000,0.2022,15.2940,-10.1455,0.000,31.89,41.0,3,2064
171087249,200.000,214.303,0.9000,-1.0613,15.4366,5.2873,0.000,31.89,41.0,3,2064
171088167,200.000,214.325,0.0000,-0.0420,0.0000,6.8462,0.000,31.89,41.0,3,2064
171088544,199.948,214.347,-0.9000,0.3960,-15.4366,4.0590,0.000,31.89,41.0,3,2064
171089861,199.948,214.368,0.0000,0.7378,15.2940,-1.5617,0.000,31.89,41.0,3,2064
171090547,200.000,214.368,0.9000,0.1793,15.4366,-10.2652,0.000,31.89,41.0,3,2064
171091865,200.000,214.303,0.0000,-1.0430,0.0000,4.7665,0.000,31.89,41.0,3,2064
171092613,199.948,214.325,-0.9000,0.0298,-15.4366,6.9089,0.000,31.89,41.0,3,2064
171093579,199.948,214.368,0.0000,0.7866,15.2940,-1.7276,0.000,31.89,41.0,3,2064
171094890,200.000,214.368,0.9000,0.1396,15.4366,-10.2092,0.000,31.89,41.0,3,2064
171095610,200.000,214.303,0.0000,-1.0124,0.0000,4.7676,0.000,31.89,41.0,3,2064
171096582,199.948,214.303,-0.9000,-0.1869,-15.4366,6.8715,0.000,31.89,41.0,3,2064
171097578,199.948,214.368,0.0000,0.8293,15.2940,-1.5507,0.000,31.89,41.0,3,2064
171098582,200.000,214.368,0.9000,0.1060,15.4366,-10.2224,0.000,31.89,41.0,3,2064
171099896,200.000,214.281,0.0000,-1.1284,0.0000,4.8236,0.000,31.89,41.0,3,2064
171100581,199.948,214.303,-0.9000,-0.0328,-15.4366,6.8748,0.000,31.89,41.0,3,2064
171101627,199.948,214.347,0.0000,0.8919,15.2940,-1.5749,0.000,31.89,41.0,3,2064
171102550,200.000,214.368,0.9000,0.2495,15.4366,-10.2696,0.000,31.89,41.0,3,2064
171103545,200.000,214.281,0.0000,-1.0842,0.0000,4.2688,0.000,31.89,41.0,3,2064
171104865,199.948,214.303,-0.9000,-0.1259,-15.4366,7.0011,0.000,31.89,41.0,3,2064
171105546,199.948,214.347,0.0000,0.8537,15.2940,-1.5387,0.000,31.89,41.0,3,2064
171106620,200.000,214.347,0.9000,0.1747,15.4366,-10.2301,0.000,31.89,41.0,3,2064
171107892,200.000,214.281,0.0000,-0.9941,0.0000,5.3828,0.000,31.89,41.0,3,2064
171108576,199.948,214.281,-0.9000,-0.0130,-15.4366,6.6639,0.000,31.89,41.0,3,2064
171109916,199.948,214.303,0.0000,0.1701,15.2940,6.0948,0.000,31.89,41.0,3,2064
171110582,200.000,214.347,0.9000,0.2159,15.4366,-10.2707,0.000,31.89,41.0,3,2064
171111902,200.000,214.281,0.0000,-1.0323,0.0000,4.8049,0.000,31.89,41.0,3,2064
171112567,199.948,214.281,-0.9000,-0.0328,-15.4366,6.8100,0.000,31.89,41.0,3,2064
171113591,199.948,214.347,0.0000,0.7881,15.2940,-1.3222,0.000,31.89,41.0,3,2064
171114929,200.000,214.347,0.9000,0.2007,15.4366,-10.5520,0.000,31.89,41.0,3,2064
171115550,200.000,214.281,0.0000,-1.0643,0.0000,4.8895,0.000,31.89,41.0,3,2064
171116550,199.948,214.281,-0.9000,-0.0084,-15.4366,7.0967,0.000,31.89,41.0,3,2064
171117545,199.948,214.325,0.0000,0.6172,15.2940,-1.5156,0.000,31.89,41.0,3,2064
171118610,200.000,214.325,0.9000,0.2449,15.4366,-10.1883,0.000,31.89,41.0,3,2064
171119894,200.000,214.259,0.0000,-1.1559,0.0000,5.2905,0.000,31.89,41.0,3,2064
171120585,199.948,214.281,-0.9000,0.0359,-15.4366,6.7507,0.000,31.89,41.0,3,2064
171121604,199.948,214.325,0.0000,0.8370,15.2940,-1.6068,0.000,31.89,41.0,3,2064
171122578,200.000,214.325,0.9000,0.2190,15.4366,-10.2103,0.000,31.89,41.0,3,2064
171123578,200.000,214.259,0.0000,-1.0201,0.0000,4.8533,0.000,31.89,41.0,3,2064
171124903,199.948,214.281,-0.9000,-0.0114,-15.4366,6.8484,0.000,31.89,41.0,3,2064
171125622,199.948,214.325,0.0000,0.8553,15.2940,-1.5650,0.000,31.89,41.0,3,2064
171126552,200.000,214.325,0.9000,0.1671,15.4366,-10.2125,0.000,31.89,41.0,3,2064
171127899,200.000,214.259,0.0000,-1.0368,0.0000,4.2238,0.000,31.89,41.0,3,2064
171128592,199.948,214.281,-0.9000,0.1152,-15.4366,6.9275,0.000,31.89,41.0,3,2064
171129892,199.948,214.281,0.0000,0.2998,15.2940,6.3002,0.000,31.89,41.0,3,2064
171130578,200.000,214.325,0.9000,0.1961,15.4366,-10.2509,0.000,31.89,41.0,3,2064
171131897,200.000,214.259,0.0000,-1.0292,0.0000,4.8720,0.000,31.89,41.0,3,2064
171132579,199.948,214.281,-0.9000,0.1091,-15.4366,6.8352,0.000,31.89,41.0,3,2064
171133580,199.948,214.325,0.0000,0.7759,15.2940,-1.5804,0.000,31.89,41.0,3,2064
171134892,200.000,214.325,0.9000,0.1259,15.4366,-10.2466,0.000,31.89,41.0,3,2064
171135579,200.000,214.259,0.0000,-1.0338,0.0000,4.7522,0.000,31.89,41.0,3,2064
171136579,199.948,214.281,-0.9000,0.0481,-15.4366,6.8715,0.000,31.89,41.0,3,2064
171137575,199.948,214.325,0.0000,0.7973,15.2940,-1.5617,0.000,31.89,41.0,3,2064
171138574,200.000,214.347,0.9000,0.2556,15.4366,-10.2850,0.000,31.89,41.0,3,2064
171139894,200.000,214.281,0.0000,-1.0826,0.0000,4.7863,0.000,31.89,41.0,3,2064
171140579,199.948,214.281,-0.9000,-0.1244,-15.4366,6.8781,0.000,31.89,41.0,3,2064
171141580,199.948,214.347,0.0000,0.9133,15.2940,-1.5683,0.000,31.89,41.0,3,2064
171142582,200.000,214.347,0.9000,0.2785,15.4366,-10.2334,0.000,31.89,41.0,3,2064
171143547,200.000,214.259,0.0000,-1.0536,0.0000,4.7599,0.000,31.89,41.0,3,2064
171144866,199.948,214.281,-0.9000,0.0206,-15.4366,7.0220,0.000,31.89,41.0,3,2064
171145579,199.948,214.347,0.0000,0.7683,15.2940,-1.5442,0.000,31.89,41.0,3,2064
171146575,200.000,214.347,0.9000,0.1930,15.4366,-10.4509,0.000,31.89,41.0,3,2064
171147880,200.000,214.259,0.0000,-1.1894,0.0000,4.9148,0.000,31.89,41.0,3,2064
171148576,199.948,214.259,-0.9000,0.0099,-15.4366,6.9770,0.000,31.89,41.0,3,2064
171149865,199.948,214.281,0.0000,0.2037,15.2940,6.3496,0.000,31.89,41.0,3,2064
171150660,200.000,214.325,0.9000,0.2434,15.4366,-9.9675,0.000,31.89,41.0,3,2064
171151965,200.000,214.259,0.0000,-0.9590,0.0000,5.6839,0.000,31.89,41.0,3,2064
171152551,199.948,214.281,-0.9000,0.0954,-15.4366,6.5221,0.000,31.89,41.0,3,2064
171153550,199.948,214.325,0.0000,0.9819,15.2940,-1.3464,0.000,31.89,41.0,3,2064
171154859,200.000,214.325,0.9000,0.3075,15.4366,-10.3015,0.000,31.89,41.0,3,2064
171155548,200.000,214.259,0.0000,-0.8858,0.0000,4.8093,0.000,31.89,41.0,3,2064
171156615,199.948,214.281,-0.9000,-0.0069,-15.4366,6.8803,0.000,31.89,41.0,3,2064
171157576,199.948,214.347,0.0000,0.8751,15.2940,-1.7518,0.000,31.89,41.0,3,2064
171158579,200.000,214.347,0.9000,0.3563,15.4366,-10.2125,0.000,31.89,41.0,3,2064
171159918,200.000,214.281,0.0000,-0.9865,0.0000,4.7709,0.000,31.89,41.0,3,2064
171160582,199.948,214.303,-0.9000,0.0542,-15.4366,6.8484,0.000,31.89,41.0,3,2064
171161579,199.948,214.347,0.0000,0.7836,15.2940,-1.5705,0.000,31.89,41.0,3,2064
171162579,200.000,214.368,0.9000,0.3685,15.4366,-10.3355,0.000,31.89,41.0,3,2064
171163574,200.000,214.281,0.0000,-1.0201,0.0000,4.7665,0.000,31.89,41.0,3,2064
171164940,199.948,214.303,-0.9000,-0.0679,-15.4366,6.8309,0.000,31.89,41.0,3,2064
171165840,199.948,214.368,0.0000,0.3838,15.2940,-10.0345,0.000,31.89,41.0,3,2064
171166838,200.000,214.303,0.9000,-0.8904,15.4366,4.6445,0.000,31.89,41.0,3,2064
171168165,200.000,214.325,0.0000,0.0755,0.0000,6.7924,0.000,31.89,41.0,3,2064
171168547,199.948,214.347,-0.9000,0.5165,-15.4366,4.0128,0.000,31.89,41.0,3,2064
171169859,199.948,214.368,0.0000,0.9163,15.2940,-1.5815,0.000,31.89,41.0,3,2064
171170608,200.000,214.390,0.9000,0.2586,15.4366,-10.2894,0.000,31.89,41.0,3,2064
171171899,200.000,214.325,0.0000,-0.9331,0.0000,5.2323,0.000,31.89,41.0,3,2064
171172579,199.948,214.347,-0.9000,0.1335,-15.4366,6.6913,0.000,31.89,41.0,3,2064
171173610,199.948,214.390,0.0000,0.9789,15.2940,-1.5540,0.000,31.89,41.0,3,2064
171174894,200.000,214.390,0.9000,0.2449,15.4366,-10.3553,0.000,31.89,41.0,3,2064
171175582,200.000,214.347,0.0000,-0.9209,0.0000,4.8027,0.000,31.89,41.0,3,2064
171176581,199.948,214.347,-0.9000,-0.0099,-15.4366,6.8341,0.000,31.89,41.0,3,2064
171177579,199.948,214.412,0.0000,1.0384,15.2940,-1.5969,0.000,31.89,41.0,3,2064
171178619,200.000,214.412,0.9000,0.2861,15.4366,-10.3729,0.000,31.89,41.0,3,2064
171179869,200.000,214.347,0.0000,-0.9743,0.0000,4.7357,0.000,31.89,41.0,3,2064
171180547,199.948,214.368,-0.9000,-0.2281,-15.4366,6.9704,0.000,31.89,41.0,3,2064
171181550,199.948,214.434,0.0000,0.8492,15.2940,-1.5431,0.000,31.89,41.0,3,2064
171182545,200.000,214.434,0.9000,0.3456,15.4366,-10.4092,0.000,31.89,41.0,3,2064
171183608,200.000,214.347,0.0000,-1.0109,0.0000,4.8280,0.000,31.89,41.0,3,2064
171184895,199.948,214.390,-0.9000,0.1961,-15.4366,6.7276,0.000,31.89,41.0,3,2064
171185607,199.948,214.434,0.0000,0.9575,15.2940,-1.6727,0.000,31.89,41.0,3,2064
171186583,200.000,214.434,0.9000,0.2373,15.4366,-10.3202,0.000,31.89,41.0,3,2064
171187893,200.000,214.368,0.0000,-1.0292,0.0000,4.6797,0.000,31.89,41.0,3,2064
171188578,199.948,214.390,-0.9000,0.0938,-15.4366,6.8704,0.000,31.89,41.0,3,2064
171189906,199.948,214.390,0.0000,0.2312,15.2940,6.2760,0.000,31.89,41.0,3,2064
171190619,200.000,214.456,0.9000,0.2434,15.4366,-10.3312,0.000,31.89,41.0,3,2064
171191872,200.000,214.390,0.0000,-1.0353,0.0000,4.7072,0.000,31.89,41.0,3,2064
171192835,199.948,214.456,-0.9000,0.8492,-15.4366,-1.5639,0.000,31.89,41.0,3,2064
171193916,199.948,214.456,0.0000,0.1595,15.2940,-10.5696,0.000,31.89,41.0,3,2064
171195220,200.000,214.368,0.9000,-1.1971,15.4366,4.8764,0.000,31.89,41.0,3,2064
171195895,200.000,214.390,0.0000,-0.0816,0.0000,7.0407,0.000,31.89,41.0,3,2064
171196899,199.948,214.434,-0.9000,0.7317,-15.4366,-1.5859,0.000,31.89,41.0,3,2064
171197896,199.948,214.434,0.0000,0.1610,15.2940,-10.3883,0.000,31.89,41.0,3,2064
171199220,200.000,214.368,0.9000,-1.0445,15.4366,4.8159,0.000,31.89,41.0,3,2064
171200222,200.000,214.390,0.0000,-0.0160,0.0000,6.9308,0.000,31.89,41.0,3,2064
171200898,199.948,214.434,-0.9000,0.8003,-15.4366,-1.6255,0.000,31.89,41.0,3,2064
171201896,199.948,214.434,0.0000,0.2388,15.2940,-10.3388,0.000,31.89,41.0,3,2064
171203220,200.000,214.368,0.9000,-1.0628,15.4366,4.7511,0.000,31.89,41.0,3,2064
171203896,200.000,214.368,0.0000,-0.1274,0.0000,6.9308,0.000,31.89,41.0,3,2064
171205219,199.948,214.434,-0.9000,0.9667,-15.4366,-1.5936,0.000,31.89,41.0,3,2064
171205895,199.948,214.434,0.0000,0.1946,15.2940,-10.3531,0.000,31.89,41.0,3,2064
171207224,200.000,214.368,0.9000,-1.0506,15.4366,4.7742,0.000,31.89,41.0,3,2064
171208215,200.000,214.368,0.0000,-0.0587,0.0000,6.9012,0.000,31.89,41.0,3,2064
171208561,199.948,214.390,-0.9000,0.3639,-15.4366,4.0974,0.000,31.89,41.0,3,2064
171209891,199.948,214.434,0.0000,0.8385,15.2940,-1.3805,0.000,31.89,41.0,3,2064
171210577,200.000,214.434,0.9000,0.1900,15.4366,-10.6135,0.000,31.89,41.0,3,2064
171211900,200.000,214.368,0.0000,-1.0628,0.0000,4.8467,0.000,31.89,41.0,3,2064
171212576,199.948,214.368,-0.9000,0.0221,-15.4366,6.9748,0.000,31.89,41.0,3,2064
171213579,199.948,214.412,0.0000,0.7195,15.2940,-1.5727,0.000,31.89,41.0,3,2064
171214894,200.000,214.412,0.9000,0.2586,15.4366,-10.2477,0.000,31.89,41.0,3,2064
171215587,200.000,214.347,0.0000,-1.1040,0.0000,4.7302,0.000,31.89,41.0,3,2064
171216550,199.948,214.368,-0.9000,-0.0603,-15.4366,6.8825,0.000,31.89,41.0,3,2064
171217545,199.948,214.412,0.0000,0.8888,15.2940,-1.3651,0.000,31.89,41.0,3,2064
171218576,200.000,214.434,0.9000,0.2296,15.4366,-10.3674,0.000,31.89,41.0,3,2064
171219885,200.000,214.347,0.0000,-1.0033,0.0000,5.2356,0.000,31.89,41.0,3,2064
171220575,199.948,214.368,-0.9000,0.0511,-15.4366,6.7474,0.000,31.89,41.0,3,2064
171221580,199.948,214.412,0.0000,0.8583,15.2940,-1.6211,0.000,31.89,41.0,3,2064
171222548,200.000,214.434,0.9000,0.2922,15.4366,-10.3663,0.000,31.89,41.0,3,2064
171223522,200.000,214.368,0.0000,-1.0597,0.0000,4.2391,0.000,31.89,41.0,3,2064
171224959,199.948,214.368,-0.9000,-0.0938,-15.4366,7.1572,0.000,31.89,41.0,3,2064
171225836,199.948,214.412,0.0000,0.1579,15.2940,-9.9038,0.000,31.89,41.0,3,2064
171226834,200.000,214.368,0.9000,-0.9606,15.4366,4.7006,0.000,31.89,41.0,3,2064
171228162,200.000,214.368,0.0000,-0.0710,0.0000,6.7913,0.000,31.89,41.0,3,2064
171228547,199.948,214.390,-0.9000,0.3883,-15.4366,4.0370,0.000,31.89,41.0,3,2064
171229857,199.948,214.434,0.0000,0.9224,15.2940,-1.6331,0.000,31.89,41.0,3,2064
171230915,200.000,214.368,0.9000,-0.9941,15.4366,5.2741,0.000,31.89,41.0,3,2064
171232224,200.000,214.368,0.0000,0.0893,0.0000,6.7265,0.000,31.89,41.0,3,2064
171232898,199.948,214.434,-0.9000,0.9285,-15.4366,-1.6573,0.000,31.89,41.0,3,2064
171233898,199.948,214.434,0.0000,0.2647,15.2940,-10.4092,0.000,31.89,41.0,3,2064
171235234,200.000,214.368,0.9000,-1.1055,15.4366,4.6841,0.000,31.89,41.0,3,2064
171235892,200.000,214.390,0.0000,0.0282,0.0000,6.9330,0.000,31.89,41.0,3,2064
171236898,199.948,214.434,-0.9000,0.7851,-15.4366,-1.6397,0.000,31.89,41.0,3,2064
171237898,199.948,214.434,0.0000,0.2144,15.2940,-10.3817,0.000,31.89,41.0,3,2064
171239225,200.000,214.390,0.9000,-1.0430,15.4366,4.6951,0.000,31.89,41.0,3,2064
171240218,200.000,214.390,0.0000,0.0633,0.0000,6.9781,0.000,31.89,41.0,3,2064
171240888,199.948,214.456,-0.9000,0.8858,-15.4366,-1.6474,0.000,31.89,41.0,3,2064
171241898,199.948,214.456,0.0000,0.3181,15.2940,-10.3246,0.000,31.89,41.0,3,2064
171243211,200.000,214.390,0.9000,-1.0521,15.4366,4.7017,0.000,31.89,41.0,3,2064
171243906,200.000,214.412,0.0000,-0.0206,0.0000,6.9583,0.000,31.89,41.0,3,2064
171245235,199.948,214.456,-0.9000,0.7942,-15.4366,-1.6551,0.000,31.89,41.0,3,2064
171245881,199.948,214.456,0.0000,0.3731,15.2940,-10.1422,0.000,31.89,41.0,3,2064
171247157,200.000,214.390,0.9000,-1.0018,15.4366,4.6028,0.000,31.89,41.0,3,2064
171248190,200.000,214.412,0.0000,0.1198,0.0000,6.7869,0.000,31.89,41.0,3,2064
171248545,199.948,214.434,-0.9000,0.5028,-15.4366,3.4910,0.000,31.89,41.0,3,2064
171249857,199.948,214.478,0.0000,1.0262,15.2940,-1.6694,0.000,31.89,41.0,3,2064
171251155,200.000,214.412,0.9000,-1.0384,15.4366,4.7896,0.000,31.89,41.0,3,2064
171252209,200.000,214.434,0.0000,0.1198,0.0000,6.8188,0.000,31.89,41.0,3,2064
171252908,199.948,214.500,-0.9000,0.9010,-15.4366,-1.7144,0.000,31.89,41.0,3,2064
171253895,199.948,214.500,0.0000,0.2373,15.2940,-10.4465,0.000,31.89,41.0,3,2064
171255219,200.000,214.434,0.9000,-1.0582,15.4366,4.8181,0.000,31.89,41.0,3,2064
171255897,200.000,214.456,0.0000,0.0526,0.0000,6.9737,0.000,31.89,41.0,3,2064
171257229,199.948,214.500,-0.9000,1.0033,-15.4366,-1.6881,0.000,31.89,41.0,3,2064
171257894,199.948,214.500,0.0000,0.2251,15.2940,-10.5102,0.000,31.89,41.0,3,2064
171258901,200.000,214.434,0.9000,-0.9407,15.4366,4.8038,0.000,31.89,41.0,3,2064
171260221,200.000,214.456,0.0000,0.1457,0.0000,7.0572,0.000,31.89,41.0,3,2064
171260897,199.948,214.522,-0.9000,0.9438,-15.4366,-1.6782,0.000,31.89,41.0,3,2064
171261897,199.948,214.522,0.0000,0.2358,15.2940,-10.4399,0.000,31.89,41.0,3,2064
171262898,200.000,214.456,0.9000,-0.9621,15.4366,4.7994,0.000,31.89,41.0,3,2064
171263914,200.000,214.456,0.0000,-0.0755,0.0000,6.9957,0.000,31.89,41.0,3,2064
171265169,199.948,214.522,-0.9000,0.9026,-15.4366,-1.4497,0.000,31.89,41.0,3,2064
171265874,199.948,214.522,0.0000,0.2037,15.2940,-10.5630,0.000,31.89,41.0,3,2064
171266834,200.000,214.456,0.9000,-0.9712,15.4366,4.8038,0.000,31.89,41.0,3,2064
171268223,200.000,214.478,0.0000,0.0237,0.0000,6.9451,0.000,31.89,41.0,3,2064
171268572,199.948,214.500,-0.9000,0.4707,-15.4366,4.1326,0.000,31.89,41.0,3,2064
171269890,199.948,214.544,0.0000,0.9789,15.2940,-1.7518,0.000,31.89,41.0,3,2064
171270576,200.000,214.522,0.9000,0.2037,15.4366,-10.4630,0.000,31.89,41.0,3,2064
171271895,200.000,214.456,0.0000,-1.0887,0.0000,4.8467,0.000,31.89,41.0,3,2064
171272576,199.948,214.478,-0.9000,0.0542,-15.4366,7.1022,0.000,31.89,41.0,3,2064
171273579,199.948,214.544,0.0000,0.8644,15.2940,-1.6958,0.000,31.89,41.0,3,2064
171274891,200.000,214.544,0.9000,0.2754,15.4366,-10.4421,0.000,31.89,41.0,3,2064
171275577,200.000,214.478,0.0000,-1.0796,0.0000,4.8511,0.000,31.89,41.0,3,2064
171276579,199.948,214.478,-0.9000,-0.0481,-15.4366,7.0890,0.000,31.89,41.0,3,2064
171277574,199.948,214.544,0.0000,0.9087,15.2940,-1.7694,0.000,31.89,41.0,3,2064
171278573,200.000,214.566,0.9000,0.2998,15.4366,-10.4773,0.000,31.89,41.0,3,2064
171279890,200.000,214.478,0.0000,-1.2062,0.0000,4.8928,0.000,31.89,41.0,3,2064
171280578,199.948,214.500,-0.9000,0.1183,-15.4366,7.0934,0.000,31.89,41.0,3,2064
171281578,199.948,214.544,0.0000,0.8370,15.2940,-1.7309,0.000,31.89,41.0,3,2064
171282579,200.000,214.566,0.9000,0.2541,15.4366,-10.4388,0.000,31.89,41.0,3,2064
171283549,200.000,214.478,0.0000,-1.0338,0.0000,4.8368,0.000,31.89,41.0,3,2064
171284863,199.948,214.500,-0.9000,-0.0465,-15.4366,7.1088,0.000,31.89,41.0,3,2064
171285573,199.948,214.544,0.0000,0.8766,15.2940,-1.6925,0.000,31.89,41.0,3,2064
171286573,200.000,214.544,0.9000,0.2296,15.4366,-10.6761,0.000,31.89,41.0,3,2064
171287880,200.000,214.478,0.0000,-1.2322,0.0000,4.9170,0.000,31.89,41.0,3,2064
171288574,199.948,214.478,-0.9000,-0.1350,-15.4366,7.1912,0.000,31.89,41.0,3,2064
171289865,199.948,214.478,0.0000,0.1030,15.2940,6.5727,0.000,31.89,41.0,3,2064
171290659,200.000,214.544,0.9000,0.2785,15.4366,-10.1905,0.000,31.89,41.0,3,2064
171291965,200.000,214.456,0.0000,-1.1543,0.0000,5.7575,0.000,31.89,41.0,3,2064
171292551,199.948,214.478,-0.9000,0.1427,-15.4366,6.7507,0.000,31.89,41.0,3,2064
171293550,199.948,214.522,0.0000,0.8888,15.2940,-1.2871,0.000,31.89,41.0,3,2064
171294860,200.000,214.544,0.9000,0.3822,15.4366,-10.6102,0.000,31.89,41.0,3,2064
171295548,200.000,214.478,0.0000,-1.0948,0.0000,4.8159,0.000,31.89,41.0,3,2064
171296615,199.948,214.500,-0.9000,0.2052,-15.4366,6.9759,0.000,31.89,41.0,3,2064
171297574,199.948,214.544,0.0000,0.9834,15.2940,-1.7188,0.000,31.89,41.0,3,2064
171298573,200.000,214.566,0.9000,0.3822,15.4366,-10.3828,0.000,31.89,41.0,3,2064
171299921,200.000,214.478,0.0000,-0.9545,0.0000,4.9269,0.000,31.89,41.0,3,2064
171300581,199.948,214.500,-0.9000,-0.0557,-15.4366,7.1055,0.000,31.89,41.0,3,2064
171301582,199.948,214.566,0.0000,0.9529,15.2940,-1.7320,0.000,31.89,41.0,3,2064
171302579,200.000,214.566,0.9000,0.2007,15.4366,-10.4135,0.000,31.89,41.0,3,2064
171303564,200.000,214.500,0.0000,-1.1025,0.0000,4.8599,0.000,31.89,41.0,3,2064
171304919,199.948,214.500,-0.9000,-0.0206,-15.4366,7.1253,0.000,31.89,41.0,3,2064
171305609,199.948,214.566,0.0000,1.0079,15.2940,-1.7628,0.000,31.89,41.0,3,2064
171306553,200.000,214.566,0.9000,0.2235,15.4366,-10.4619,0.000,31.89,41.0,3,2064
171307862,200.000,214.500,0.0000,-1.1055,0.0000,4.2501,0.000,31.89,41.0,3,2064
171308547,199.948,214.522,-0.9000,-0.0771,-15.4366,7.1473,0.000,31.89,41.0,3,2064
171309867,199.948,214.522,0.0000,0.1457,15.2940,6.2255,0.000,31.89,41.0,3,2064
171310617,200.000,214.566,0.9000,0.2434,15.4366,-10.4355,0.000,31.89,41.0,3,2064
171311897,200.000,214.478,0.0000,-1.2078,0.0000,5.4323,0.000,31.89,41.0,3,2064
171312609,199.948,214.500,-0.9000,-0.0175,-15.4366,6.9253,0.000,31.89,41.0,3,2064
171313580,199.948,214.566,0.0000,1.0140,15.2940,-1.7133,0.000,31.89,41.0,3,2064
171314897,200.000,214.566,0.9000,0.3456,15.4366,-10.4498,0.000,31.89,41.0,3,2064
171315582,200.000,214.478,0.0000,-1.1604,0.0000,4.8676,0.000,31.89,41.0,3,2064
171316591,199.948,214.500,-0.9000,0.0465,-15.4366,7.1857,0.000,31.89,41.0,3,2064
171317626,199.948,214.566,0.0000,0.8812,15.2940,-1.7155,0.000,31.89,41.0,3,2064
171318547,200.000,214.566,0.9000,0.0999,15.4366,-10.3762,0.000,31.89,41.0,3,2064
171319926,200.000,214.500,0.0000,-1.0460,0.0000,4.2732,0.000,31.89,41.0,3,2064
171320580,199.948,214.500,-0.9000,-0.0603,-15.4366,7.1308,0.000,31.89,41.0,3,2064
171321579,199.948,214.566,0.0000,0.9148,15.2940,-1.7188,0.000,31.89,41.0,3,2064
171322576,200.000,214.566,0.9000,0.3044,15.4366,-10.4015,0.000,31.89,41.0,3,2064
171323575,200.000,214.478,0.0000,-1.1025,0.0000,4.8862,0.000,31.89,41.0,3,2064
171324892,199.948,214.500,-0.9000,-0.0603,-15.4366,7.1297,0.000,31.89,41.0,3,2064
171325576,199.948,214.566,0.0000,0.8293,15.2940,-1.7111,0.000,31.89,41.0,3,2064
171326580,200.000,214.566,0.9000,0.3029,15.4366,-10.4751,0.000,31.89,41.0,3,2064
171327888,200.000,214.478,0.0000,-1.1589,0.0000,4.8928,0.000,31.89,41.0,3,2064
171328577,199.948,214.500,-0.9000,-0.0786,-15.4366,7.1044,0.000,31.89,41.0,3,2064
171329892,199.948,214.500,0.0000,0.1137,15.2940,6.4804,0.000,31.89,41.0,3,2064
171330577,200.000,214.544,0.9000,0.1152,15.4366,-10.4630,0.000,31.89,41.0,3,2064
171331898,200.000,214.478,0.0000,-1.2016,0.0000,4.8511,0.000,31.89,41.0,3,2064
171332579,199.948,214.478,-0.9000,0.0435,-15.4366,7.1176,0.000,31.89,41.0,3,2064
171333580,199.948,214.544,0.0000,0.7881,15.2940,-1.7166,0.000,31.89,41.0,3,2064
171334893,200.000,214.544,0.9000,0.2724,15.4366,-10.4685,0.000,31.89,41.0,3,2064
171335576,200.000,214.456,0.0000,-1.1757,0.0000,4.8104,0.000,31.89,41.0,3,2064
171336553,199.948,214.478,-0.9000,-0.1137,-15.4366,7.1297,0.000,31.89,41.0,3,2064
171337571,199.948,214.544,0.0000,0.9285,15.2940,-1.4738,0.000,31.89,41.0,3,2064
171338570,200.000,214.522,0.9000,0.2159,15.4366,-10.7563,0.000,31.89,41.0,3,2064
171339884,200.000,214.456,0.0000,-1.2383,0.0000,4.9741,0.000,31.89,41.0,3,2064
171340579,199.948,214.456,-0.9000,-0.0648,-15.4366,7.1648,0.000,31.89,41.0,3,2064
171341550,199.948,214.522,0.0000,0.7713,15.2940,-1.6694,0.000,31.89,41.0,3,2064
171342547,200.000,214.522,0.9000,0.2266,15.4366,-10.1971,0.000,31.89,41.0,3,2064
171343520,200.000,214.456,0.0000,-1.0948,0.0000,4.6720,0.000,31.89,41.0,3,2064
171344958,199.948,214.456,-0.9000,-0.1045,-15.4366,7.1703,0.000,31.89,41.0,3,2064
171345550,199.948,214.522,0.0000,0.7973,15.2940,-2.0374,0.000,31.89,41.0,3,2064
171346551,200.000,214.500,0.9000,0.0954,15.4366,-10.2927,0.000,31.89,41.0,3,2064
171347860,200.000,214.434,0.0000,-1.1452,0.0000,4.2963,0.000,31.89,41.0,3,2064
171348547,199.948,214.456,-0.9000,-0.1167,-15.4366,7.0846,0.000,31.89,41.0,3,2064
171349929,199.948,214.456,0.0000,0.0450,15.2940,6.4694,0.000,31.89,41.0,3,2064
171350579,200.000,214.500,0.9000,0.1183,15.4366,-10.7190,0.000,31.89,41.0,3,2064
171351903,200.000,214.412,0.0000,-1.1879,0.0000,4.9862,0.000,31.89,41.0,3,2064
171352601,199.948,214.434,-0.9000,-0.0496,-15.4366,7.0780,0.000,31.89,41.0,3,2064
171353584,199.948,214.478,0.0000,0.8034,15.2940,-1.6233,0.000,31.89,41.0,3,2064
171354893,200.000,214.478,0.9000,0.1640,15.4366,-10.4179,0.000,31.89,41.0,3,2064
171355582,200.000,214.412,0.0000,-1.1543,0.0000,4.7951,0.000,31.89,41.0,3,2064
171356581,199.948,214.412,-0.9000,-0.0359,-15.4366,6.9704,0.000,31.89,41.0,3,2064
171357624,199.948,214.456,0.0000,0.8080,15.2940,-1.6463,0.000,31.89,41.0,3,2064
171358551,200.000,214.456,0.9000,0.2174,15.4366,-10.3586,0.000,31.89,41.0,3,2064
171359866,200.000,214.390,0.0000,-1.0597,0.0000,4.1469,0.000,31.89,41.0,3,2064
171360618,199.948,214.412,-0.9000,-0.0740,-15.4366,6.9978,0.000,31.89,41.0,3,2064
171361579,199.948,214.478,0.0000,0.8354,15.2940,-1.6211,0.000,31.89,41.0,3,2064
171362576,200.000,214.456,0.9000,0.2739,15.4366,-10.4103,0.000,31.89,41.0,3,2064
171363575,200.000,214.390,0.0000,-1.1376,0.0000,4.7731,0.000,31.89,41.0,3,2064
171364893,199.948,214.390,-0.9000,-0.0633,-15.4366,6.9880,0.000,31.89,41.0,3,2064
171365576,199.948,214.456,0.0000,0.8171,15.2940,-1.6540,0.000,31.89,41.0,3,2064
171366580,200.000,214.456,0.9000,0.1488,15.4366,-10.3290,0.000,31.89,41.0,3,2064
171367888,200.000,214.390,0.0000,-0.9850,0.0000,4.7368,0.000,31.89,41.0,3,2064
171368576,199.948,214.390,-0.9000,-0.1030,-15.4366,6.9748,0.000,31.89,41.0,3,2064
171369887,199.948,214.412,0.0000,0.0862,15.2940,6.3958,0.000,31.89,41.0,3,2064
171370579,200.000,214.456,0.9000,0.2068,15.4366,-10.3784,0.000,31.89,41.0,3,2064
171371896,200.000,214.390,0.0000,-0.9911,0.0000,4.7951,0.000,31.89,41.0,3,2064
171372575,199.948,214.390,-0.9000,0.0435,-15.4366,6.9078,0.000,31.89,41.0,3,2064
171373578,199.948,214.456,0.0000,0.8583,15.2940,-1.5716,0.000,31.89,41.0,3,2064
171374895,200.000,214.456,0.9000,0.2251,15.4366,-10.3883,0.000,31.89,41.0,3,2064
171375550,200.000,214.390,0.0000,-0.9880,0.0000,4.7709,0.000,31.89,41.0,3,2064
171376551,199.948,214.390,-0.9000,0.0481,-15.4366,6.9275,0.000,31.89,41.0,3,2064
171377570,199.948,214.456,0.0000,0.8064,15.2940,-1.3947,0.000,31.89,41.0,3,2064
171378566,200.000,214.456,0.9000,0.1991,15.4366,-10.7069,0.000,31.89,41.0,3,2064
171379884,200.000,214.390,0.0000,-1.0750,0.0000,4.9258,0.000,31.89,41.0,3,2064
171380579,199.948,214.390,-0.9000,-0.0755,-15.4366,6.9122,0.000,31.89,41.0,3,2064
171381550,199.948,214.456,0.0000,0.8537,15.2940,-1.5815,0.000,31.89,41.0,3,2064
171382518,200.000,214.456,0.9000,0.1320,15.4366,-10.3960,0.000,31.89,41.0,3,2064
171383575,200.000,214.390,0.0000,-1.1101,0.0000,4.0886,0.000,31.89,41.0,3,2064
171384868,199.948,214.412,-0.9000,0.1137,-15.4366,6.6880,0.000,31.89,41.0,3,2064
171385556,199.948,214.456,0.0000,0.8904,15.2940,-1.4826,0.000,31.89,41.0,3,2064
171386551,200.000,214.478,0.9000,0.3441,15.4366,-10.7201,0.000,31.89,41.0,3,2064
171387916,200.000,214.390,0.0000,-1.1086,0.0000,4.2293,0.000,31.89,41.0,3,2064
171388548,199.948,214.412,-0.9000,-0.0481,-15.4366,7.0275,0.000,31.89,41.0,3,2064
171389878,199.948,214.412,0.0000,0.2022,15.2940,6.4233,0.000,31.89,41.0,3,2064
171390546,200.000,214.456,0.9000,0.1015,15.4366,-10.7113,0.000,31.89,41.0,3,2064
171391921,200.000,214.390,0.0000,-1.0170,0.0000,4.2655,0.000,31.89,41.0,3,2064
171392549,199.948,214.412,-0.9000,0.0633,-15.4366,7.0715,0.000,31.89,41.0,3,2064
171393672,199.948,214.478,0.0000,0.8568,15.2940,-1.6419,0.000,31.89,41.0,3,2064
171394871,200.000,214.456,0.9000,0.0542,15.4366,-10.8750,0.000,31.89,41.0,3,2064
171395547,200.000,214.368,0.0000,-1.2673,0.0000,4.4303,0.000,31.89,41.0,3,2064
171396550,199.948,214.368,-0.9000,-0.2007,-15.4366,7.2604,0.000,31.89,41.0,3,2064
171397545,199.948,214.434,0.0000,0.7485,15.2940,-1.3365,0.000,31.89,41.0,3,2064
171398611,200.000,214.434,0.9000,0.1213,15.4366,-10.6124,0.000,31.89,41.0,3,2064
171399892,200.000,214.347,0.0000,-1.1467,0.0000,5.2708,0.000,31.89,41.0,3,2064
171400578,199.948,214.368,-0.9000,-0.0893,-15.4366,6.7616,0.000,31.89,41.0,3,2064
171401607,199.948,214.434,0.0000,0.7042,15.2940,-1.6156,0.000,31.89,41.0,3,2064
171402578,200.000,214.434,0.9000,0.2907,15.4366,-10.3388,0.000,31.89,41.0,3,2064
171403580,200.000,214.368,0.0000,-1.1467,0.0000,4.7709,0.000,31.89,41.0,3,2064
171404893,199.948,214.368,-0.9000,-0.0084,-15.4366,6.9012,0.000,31.89,41.0,3,2064
171405570,199.948,214.412,0.0000,0.8415,15.2940,-1.5947,0.000,31.89,41.0,3,2064
171406631,200.000,214.434,0.9000,0.1717,15.4366,-10.3268,0.000,31.89,41.0,3,2064
171407864,200.000,214.368,0.0000,-1.0491,0.0000,4.7302,0.000,31.89,41.0,3,2064
171408545,199.948,214.368,-0.9000,-0.0893,-15.4366,6.9023,0.000,31.89,41.0,3,2064
171409867,199.948,214.368,0.0000,0.1656,15.2940,6.3222,0.000,31.89,41.0,3,2064
171410545,200.000,214.412,0.9000,0.1854,15.4366,-10.6651,0.000,31.89,41.0,3,2064
171411927,200.000,214.347,0.0000,-1.0735,0.0000,4.2589,0.000,31.89,41.0,3,2064
171412579,199.948,214.368,-0.9000,-0.0755,-15.4366,6.9429,0.000,31.89,41.0,3,2064
171413578,199.948,214.412,0.0000,0.7759,15.2940,-1.6046,0.000,31.89,41.0,3,2064
171414921,200.000,214.412,0.9000,0.1900,15.4366,-10.3333,0.000,31.89,41.0,3,2064
171415578,200.000,214.347,0.0000,-0.9743,0.0000,4.7533,0.000,31.89,41.0,3,2064
171416583,199.948,214.368,-0.9000,0.0450,-15.4366,6.8891,0.000,31.89,41.0,3,2064
171417579,199.948,214.412,0.0000,0.7866,15.2940,-1.6090,0.000,31.89,41.0,3,2064
171418613,200.000,214.412,0.9000,0.1808,15.4366,-10.3136,0.000,31.89,41.0,3,2064
171419895,200.000,214.347,0.0000,-1.0140,0.0000,4.7896,0.000,31.89,41.0,3,2064
171420550,199.948,214.368,-0.9000,0.0938,-15.4366,6.8605,0.000,31.89,41.0,3,2064
171421550,199.948,214.412,0.0000,0.6722,15.2940,-1.5793,0.000,31.89,41.0,3,2064
171422545,200.000,214.412,0.9000,0.2617,15.4366,-10.3323,0.000,31.89,41.0,3,2064
171423603,200.000,214.368,0.0000,-0.8431,0.0000,4.6226,0.000,31.89,41.0,3,2064
171424891,199.948,214.368,-0.9000,0.1534,-15.4366,6.7100,0.000,31.89,41.0,3,2064
171425601,199.948,214.434,0.0000,0.9667,15.2940,-1.6485,0.000,31.89,41.0,3,2064
171426584,200.000,214.434,0.9000,0.1900,15.4366,-10.3861,0.000,31.89,41.0,3,2064
171427894,200.000,214.368,0.0000,-1.0491,0.0000,4.7588,0.000,31.89,41.0,3,2064
171428578,199.948,214.390,-0.9000,0.1305,-15.4366,6.8891,0.000,31.89,41.0,3,2064
171429896,199.948,214.390,0.0000,0.2876,15.2940,6.2881,0.000,31.89,41.0,3,2064
171430629,200.000,214.456,0.9000,0.3258,15.4366,-10.4070,0.000,31.89,41.0,3,2064
171431874,200.000,214.390,0.0000,-0.9682,0.0000,5.2521,0.000,31.89,41.0,3,2064
171432547,199.948,214.412,-0.9000,0.0069,-15.4366,6.8858,0.000,31.89,41.0,3,2064
171433613,199.948,214.456,0.0000,0.9041,15.2940,-1.3497,0.000,31.89,41.0,3,2064
171434892,200.000,214.478,0.9000,0.3670,15.4366,-10.7300,0.000,31.89,41.0,3,2064
171435578,200.000,214.390,0.0000,-1.0948,0.0000,4.7951,0.000,31.89,41.0,3,2064
171436578,199.948,214.412,-0.9000,0.0298,-15.4366,6.9770,0.000,31.89,41.0,3,2064
171437570,199.948,214.456,0.0000,0.8125,15.2940,-1.6375,0.000,31.89,41.0,3,2064
171438573,200.000,214.478,0.9000,0.2220,15.4366,-10.3542,0.000,31.89,41.0,3,2064
171439890,200.000,214.390,0.0000,-1.0262,0.0000,4.7116,0.000,31.89,41.0,3,2064
171440578,199.948,214.412,-0.9000,0.0511,-15.4366,7.0198,0.000,31.89,41.0,3,2064
171441577,199.948,214.456,0.0000,0.8629,15.2940,-1.6474,0.000,31.89,41.0,3,2064
171442573,200.000,214.478,0.9000,0.2846,15.4366,-10.3498,0.000,31.89,41.0,3,2064
171443573,200.000,214.412,0.0000,-1.0597,0.0000,4.7753,0.000,31.89,41.0,3,2064
171444888,199.948,214.412,-0.9000,-0.0587,-15.4366,6.9693,0.000,31.89,41.0,3,2064
171445575,199.948,214.478,0.0000,0.9041,15.2940,-1.5870,0.000,31.89,41.0,3,2064
171446578,200.000,214.478,0.9000,0.3365,15.4366,-10.3883,0.000,31.89,41.0,3,2064
171447892,200.000,214.390,0.0000,-1.1131,0.0000,4.8093,0.000,31.89,41.0,3,2064
171448552,199.948,214.412,-0.9000,0.1335,-15.4366,6.9836,0.000,31.89,41.0,3,2064
171449863,199.948,214.412,0.0000,0.3029,15.2940,6.3892,0.000,31.89,41.0,3,2064
171450575,200.000,214.478,0.9000,0.1915,15.4366,-10.4355,0.000,31.89,41.0,3,2064
171451889,200.000,214.412,0.0000,-1.0994,0.0000,4.8060,0.000,31.89,41.0,3,2064
171452571,199.948,214.412,-0.9000,-0.0038,-15.4366,6.9847,0.000,31.89,41.0,3,2064
171453573,199.948,214.478,0.0000,0.8156,15.2940,-1.6287,0.000,31.89,41.0,3,2064
171454871,200.000,214.478,0.9000,0.2525,15.4366,-10.4399,0.000,31.89,41.0,3,2064
171455547,200.000,214.412,0.0000,-1.0750,0.0000,4.7973,0.000,31.89,41.0,3,2064
171456657,199.948,214.412,-0.9000,0.0496,-15.4366,6.9352,0.000,31.89,41.0,3,2064
171457610,199.948,214.478,0.0000,0.8064,15.2940,-1.8507,0.000,31.89,41.0,3,2064
171458548,200.000,214.478,0.9000,0.2083,15.4366,-10.0455,0.000,31.89,41.0,3,2064
171459869,200.000,214.412,0.0000,-0.9026,0.0000,4.6566,0.000,31.89,41.0,3,2064
171460545,199.948,214.434,-0.9000,-0.0587,-15.4366,6.9539,0.000,31.89,41.0,3,2064
171461600,199.948,214.478,0.0000,0.8309,15.2940,-1.4552,0.000,31.89,41.0,3,2064
171462584,200.000,214.478,0.9000,0.2266,15.4366,-10.7377,0.000,31.89,41.0,3,2064
171463573,200.000,214.412,0.0000,-1.1482,0.0000,4.8566,0.000,31.89,41.0,3,2064
171464921,199.948,214.434,-0.9000,0.0160,-15.4366,7.0857,0.000,31.89,41.0,3,2064
171465581,199.948,214.478,0.0000,0.7790,15.2940,-1.6320,0.000,31.89,41.0,3,2064
171466582,200.000,214.478,0.9000,0.3181,15.4366,-10.3652,0.000,31.89,41.0,3,2064
171467894,200.000,214.412,0.0000,-1.0460,0.0000,4.7445,0.000,31.89,41.0,3,2064
171468575,199.948,214.434,-0.9000,0.0267,-15.4366,6.9836,0.000,31.89,41.0,3,2064
171469936,199.948,214.434,0.0000,0.2022,15.2940,6.3782,0.000,31.89,41.0,3,2064
171470558,200.000,214.478,0.9000,0.1778,15.4366,-10.3531,0.000,31.89,41.0,3,2064
171471863,200.000,214.412,0.0000,-1.0506,0.0000,4.8566,0.000,31.89,41.0,3,2064
171472548,199.948,214.434,-0.9000,0.0633,-15.4366,6.9704,0.000,31.89,41.0,3,2064
171473550,199.948,214.478,0.0000,0.7500,15.2940,-1.6353,0.000,31.89,41.0,3,2064
171474924,200.000,214.478,0.9000,0.2724,15.4366,-10.4070,0.000,31.89,41.0,3,2064
171475578,200.000,214.412,0.0000,-1.0719,0.0000,4.8434,0.000,31.89,41.0,3,2064
171476579,199.948,214.434,-0.9000,-0.0526,-15.4366,6.9847,0.000,31.89,41.0,3,2064
171477604,199.948,214.478,0.0000,0.8247,15.2940,-1.6738,0.000,31.89,41.0,3,2064
171478577,200.000,214.478,0.9000,0.3395,15.4366,-10.3883,0.000,31.89,41.0,3,2064
171479897,200.000,214.412,0.0000,-1.1101,0.0000,4.8357,0.000,31.89,41.0,3,2064
171480582,199.948,214.412,-0.9000,-0.1808,-15.4366,6.9374,0.000,31.89,41.0,3,2064
171481583,199.948,214.478,0.0000,0.8217,15.2940,-1.5859,0.000,31.89,41.0,3,2064
171482624,200.000,214.478,0.9000,0.2525,15.4366,-10.4707,0.000,31.89,41.0,3,2064
171483551,200.000,214.412,0.0000,-1.0857,0.0000,4.8016,0.000,31.89,41.0,3,2064
171484866,199.948,214.412,-0.9000,-0.1183,-15.4366,6.9957,0.000,31.89,41.0,3,2064
171485615,199.948,214.478,0.0000,0.9529,15.2940,-1.6255,0.000,31.89,41.0,3,2064
171486579,200.000,214.478,0.9000,0.0633,15.4366,-10.6871,0.000,31.89,41.0,3,2064
171487885,200.000,214.390,0.0000,-1.0811,0.0000,4.8808,0.000,31.89,41.0,3,2064
171488574,199.948,214.412,-0.9000,-0.0404,-15.4366,7.0143,0.000,31.89,41.0,3,2064
171489889,199.948,214.412,0.0000,0.1259,15.2940,6.4222,0.000,31.89,41.0,3,2064
171490572,200.000,214.456,0.9000,0.2281,15.4366,-10.3312,0.000,31.89,41.0,3,2064
171491896,200.000,214.390,0.0000,-1.0842,0.0000,4.7171,0.000,31.89,41.0,3,2064
171492577,199.948,214.390,-0.9000,0.0633,-15.4366,7.0110,0.000,31.89,41.0,3,2064
171493578,199.948,214.456,0.0000,0.7500,15.2940,-1.5705,0.000,31.89,41.0,3,2064
171494886,200.000,214.456,0.9000,0.2022,15.4366,-10.3531,0.000,31.89,41.0,3,2064
171495576,200.000,214.390,0.0000,-0.9575,0.0000,4.7555,0.000,31.89,41.0,3,2064
171496578,199.948,214.390,-0.9000,-0.0465,-15.4366,6.9869,0.000,31.89,41.0,3,2064
171497568,199.948,214.456,0.0000,0.9133,15.2940,-1.6211,0.000,31.89,41.0,3,2064
171498573,200.000,214.456,0.9000,0.1656,15.4366,-10.3663,0.000,31.89,41.0,3,2064
171499891,200.000,214.390,0.0000,-1.0933,0.0000,4.8302,0.000,31.89,41.0,3,2064
171500556,199.948,214.390,-0.9000,-0.0633,-15.4366,6.9165,0.000,31.89,41.0,3,2064
171501550,199.948,214.456,0.0000,0.8141,15.2940,-1.6024,0.000,31.89,41.0,3,2064
171502571,200.000,214.456,0.9000,0.1091,15.4366,-10.3520,0.000,31.89,41.0,3,2064
171503566,200.000,214.390,0.0000,-0.9895,0.0000,4.7665,0.000,31.89,41.0,3,2064
171504883,199.948,214.412,-0.9000,0.0664,-15.4366,6.9209,0.000,31.89,41.0,3,2064
171505577,199.948,214.456,0.0000,0.8370,15.2940,-1.6178,0.000,31.89,41.0,3,2064
171506552,200.000,214.456,0.9000,0.1701,15.4366,-10.3487,0.000,31.89,41.0,3,2064
171507836,200.000,214.390,0.0000,-0.8812,0.0000,4.7302,0.000,31.89,41.0,3,2064
171508642,199.948,214.390,-0.9000,-0.1930,-15.4366,7.1572,0.000,31.89,41.0,3,2064
171509873,199.948,214.390,0.0000,0.0648,15.2940,6.6122,0.000,31.89,41.0,3,2064
171510545,200.000,214.434,0.9000,0.0557,15.4366,-9.8642,0.000,31.89,41.0,3,2064
171511867,200.000,214.368,0.0000,-1.0414,0.0000,4.5874,0.000,31.89,41.0,3,2064
171512545,199.948,214.390,-0.9000,-0.0099,-15.4366,6.9275,0.000,31.89,41.0,3,2064
171513618,199.948,214.434,0.0000,0.7683,15.2940,-1.6156,0.000,31.89,41.0,3,2064
171514892,200.000,214.434,0.9000,0.2113,15.4366,-10.6739,0.000,31.89,41.0,3,2064
171515577,200.000,214.368,0.0000,-1.1971,0.0000,4.8445,0.000,31.89,41.0,3,2064
171516614,199.948,214.368,-0.9000,0.0130,-15.4366,6.9726,0.000,31.89,41.0,3,2064
171517576,199.948,214.434,0.0000,0.7561,15.2940,-1.5892,0.000,31.89,41.0,3,2064
171518579,200.000,214.434,0.9000,0.1671,15.4366,-10.3301,0.000,31.89,41.0,3,2064
171519894,200.000,214.368,0.0000,-0.9865,0.0000,4.7764,0.000,31.89,41.0,3,2064
171520569,199.948,214.368,-0.9000,-0.0694,-15.4366,6.9748,0.000,31.89,41.0,3,2064
171521630,199.948,214.412,0.0000,0.8553,15.2940,-1.5980,0.000,31.89,41.0,3,2064
171522550,200.000,214.412,0.9000,0.1274,15.4366,-10.6080,0.000,31.89,41.0,3,2064
171523583,200.000,214.347,0.0000,-1.1528,0.0000,4.3358,0.000,31.89,41.0,3,2064
171524908,199.948,214.347,-0.9000,-0.1091,-15.4366,7.1088,0.000,31.89,41.0,3,2064
171525577,199.948,214.390,0.0000,0.6569,15.2940,-1.5606,0.000,31.89,41.0,3,2064
171526579,200.000,214.412,0.9000,0.1320,15.4366,-10.3268,0.000,31.89,41.0,3,2064
171527889,200.000,214.325,0.0000,-1.0643,0.0000,4.8115,0.000,31.89,41.0,3,2064
171528577,199.948,214.347,-0.9000,-0.0298,-15.4366,6.8759,0.000,31.89,41.0,3,2064
171529890,199.948,214.347,0.0000,0.1564,15.2940,6.2760,0.000,31.89,41.0,3,2064
171530579,200.000,214.390,0.9000,0.2403,15.4366,-10.2806,0.000,31.89,41.0,3,2064
171531896,200.000,214.325,0.0000,-1.0536,0.0000,4.7830,0.000,31.89,41.0,3,2064
171532580,199.948,214.325,-0.9000,-0.0648,-15.4366,6.8440,0.000,31.89,41.0,3,2064
171533578,199.948,214.368,0.0000,0.7774,15.2940,-1.5661,0.000,31.89,41.0,3,2064
171534892,200.000,214.390,0.9000,0.2968,15.4366,-10.2927,0.000,31.89,41.0,3,2064
171535579,200.000,214.303,0.0000,-1.0323,0.0000,4.7742,0.000,31.89,41.0,3,2064
171536581,199.948,214.325,-0.9000,0.1396,-15.4366,6.8946,0.000,31.89,41.0,3,2064
171537573,199.948,214.368,0.0000,0.7530,15.2940,-1.4914,0.000,31.89,41.0,3,2064
171538580,200.000,214.390,0.9000,0.1183,15.4366,-10.3224,0.000,31.89,41.0,3,2064
171539867,200.000,214.303,0.0000,-1.1315,0.0000,4.7346,0.000,31.89,41.0,3,2064
171540547,199.948,214.325,-0.9000,0.0191,-15.4366,6.8880,0.000,31.89,41.0,3,2064
171541580,199.948,214.390,0.0000,0.8766,15.2940,-1.5332,0.000,31.89,41.0,3,2064
171542567,200.000,214.390,0.9000,0.2861,15.4366,-10.2696,0.000,31.89,41.0,3,2064
171543567,200.000,214.303,0.0000,-0.9895,0.0000,4.7797,0.000,31.89,41.0,3,2064
171544891,199.948,214.325,-0.9000,-0.0206,-15.4366,6.8374,0.000,31.89,41.0,3,2064
171545548,199.948,214.368,0.0000,0.8583,15.2940,-1.5782,0.000,31.89,41.0,3,2064
171546526,200.000,214.390,0.9000,0.2632,15.4366,-10.3081,0.000,31.89,41.0,3,2064
171547894,200.000,214.303,0.0000,-1.0262,0.0000,3.5646,0.000,31.89,41.0,3,2064
171548547,199.948,214.325,-0.9000,-0.0496,-15.4366,6.8594,0.000,31.89,41.0,3,2064
171549877,199.948,214.325,0.0000,0.1427,15.2940,6.2552,0.000,31.89,41.0,3,2064
171550546,200.000,214.390,0.9000,0.2739,15.4366,-10.3872,0.000,31.89,41.0,3,2064
171551921,200.000,214.303,0.0000,-1.0857,0.0000,4.8324,0.000,31.89,41.0,3,2064
171552549,199.948,214.325,-0.9000,-0.0099,-15.4366,6.8649,0.000,31.89,41.0,3,2064
171553561,199.948,214.368,0.0000,0.6752,15.2940,-1.6342,0.000,31.89,41.0,3,2064
171554860,200.000,214.390,0.9000,0.2922,15.4366,-10.3773,0.000,31.89,41.0,3,2064
171555596,200.000,214.325,0.0000,-1.0353,0.0000,4.7863,0.000,31.89,41.0,3,2064
171556552,199.948,214.325,-0.9000,-0.0603,-15.4366,6.8649,0.000,31.89,41.0,3,2064
171557667,199.948,214.390,0.0000,0.7668,15.2940,-1.5936,0.000,31.89,41.0,3,2064
171558549,200.000,214.390,0.9000,0.1045,15.4366,-10.5707,0.000,31.89,41.0,3,2064
171559869,200.000,214.325,0.0000,-1.0857,0.0000,4.2238,0.000,31.89,41.0,3,2064
171560545,199.948,214.325,-0.9000,-0.2525,-15.4366,7.0791,0.000,31.89,41.0,3,2064
171561550,199.948,214.368,0.0000,0.7851,15.2940,-1.5310,0.000,31.89,41.0,3,2064
171562612,200.000,214.390,0.9000,0.2174,15.4366,-10.2367,0.000,31.89,41.0,3,2064
171563575,200.000,214.303,0.0000,-1.0414,0.0000,4.7149,0.000,31.89,41.0,3,2064
171564922,199.948,214.325,-0.9000,-0.0374,-15.4366,6.8814,0.000,31.89,41.0,3,2064
171565886,199.948,214.368,0.0000,0.3685,15.2940,-10.2740,0.000,31.89,41.0,3,2064
171566890,200.000,214.303,0.9000,-0.9575,15.4366,4.7863,0.000,31.89,41.0,3,2064
171568215,200.000,214.303,0.0000,-0.0130,0.0000,6.8792,0.000,31.89,41.0,3,2064
171568567,199.948,214.325,-0.9000,0.3319,-15.4366,4.0436,0.000,31.89,41.0,3,2064
171569893,199.948,214.368,0.0000,0.9285,15.2940,-1.5639,0.000,31.89,41.0,3,2064
171570582,200.000,214.368,0.9000,0.2449,15.4366,-10.2839,0.000,31.89,41.0,3,2064
171571949,200.000,214.303,0.0000,-1.0719,0.0000,4.8346,0.000,31.89,41.0,3,2064
171572551,199.948,214.325,-0.9000,-0.0221,-15.4366,6.6957,0.000,31.89,41.0,3,2064
171573550,199.948,214.368,0.0000,0.8446,15.2940,-1.3827,0.000,31.89,41.0,3,2064
171574859,200.000,214.368,0.9000,0.3426,15.4366,-10.3377,0.000,31.89,41.0,3,2064
171575548,200.000,214.303,0.0000,-0.9514,0.0000,4.7544,0.000,31.89,41.0,3,2064
171576608,199.948,214.325,-0.9000,-0.0038,-15.4366,6.8550,0.000,31.89,41.0,3,2064
171577574,199.948,214.368,0.0000,0.8629,15.2940,-1.5661,0.000,31.89,41.0,3,2064
171578572,200.000,214.390,0.9000,0.1335,15.4366,-10.2894,0.000,31.89,41.0,3,2064
171579918,200.000,214.303,0.0000,-0.9636,0.0000,4.7929,0.000,31.89,41.0,3,2064
171580884,199.948,214.390,-0.9000,0.8919,-15.4366,-1.5628,0.000,31.89,41.0,3,2064
171581888,199.948,214.390,0.0000,0.2281,15.2940,-10.3224,0.000,31.89,41.0,3,2064
171582887,200.000,214.325,0.9000,-0.9239,15.4366,4.7324,0.000,31.89,41.0,3,2064
171583890,200.000,214.347,0.0000,-0.0435,0.0000,6.8627,0.000,31.89,41.0,3,2064
171585211,199.948,214.390,-0.9000,0.8492,-15.4366,-1.5914,0.000,31.89,41.0,3,2064
171585883,199.948,214.390,0.0000,0.2007,15.2940,-10.3235,0.000,31.89,41.0,3,2064
171587269,200.000,214.325,0.9000,-1.1452,15.4366,4.6940,0.000,31.89,41.0,3,2064
171588194,200.000,214.347,0.0000,0.0755,0.0000,6.8792,0.000,31.89,41.0,3,2064
171588545,199.948,214.368,-0.9000,0.4906,-15.4366,4.0282,0.000,31.89,41.0,3,2064
171589858,199.948,214.412,0.0000,0.8293,15.2940,-1.5628,0.000,31.89,41.0,3,2064
171590547,200.000,214.390,0.9000,0.1289,15.4366,-10.3246,0.000,31.89,41.0,3,2064
171591865,200.000,214.325,0.0000,-1.0231,0.0000,4.7236,0.000,31.89,41.0,3,2064
171592547,199.948,214.347,-0.9000,0.0389,-15.4366,6.9089,0.000,31.89,41.0,3,2064
171593611,199.948,214.412,0.0000,0.7973,15.2940,-1.5914,0.000,31.89,41.0,3,2064
171594912,200.000,214.412,0.9000,0.2678,15.4366,-10.2861,0.000,31.89,41.0,3,2064
171595572,200.000,214.347,0.0000,-0.9468,0.0000,4.7522,0.000,31.89,41.0,3,2064
171596586,199.948,214.368,-0.9000,-0.0038,-15.4366,6.8638,0.000,31.89,41.0,3,2064
171597575,199.948,214.412,0.0000,0.9346,15.2940,-1.6112,0.000,31.89,41.0,3,2064
171598581,200.000,214.434,0.9000,0.2434,15.4366,-10.3026,0.000,31.89,41.0,3,2064
171599947,200.000,214.347,0.0000,-1.1681,0.0000,4.7313,0.000,31.89,41.0,3,2064
171600552,199.948,214.368,-0.9000,0.1137,-15.4366,6.7463,0.000,31.89,41.0,3,2064
171601550,199.948,214.434,0.0000,0.8782,15.2940,-1.4431,0.000,31.89,41.0,3,2064
171602607,200.000,214.434,0.9000,0.3243,15.4366,-10.3938,0.000,31.89,41.0,3,2064
171603574,200.000,214.368,0.0000,-0.9590,0.0000,4.7247,0.000,31.89,41.0,3,2064
171604889,199.948,214.390,-0.9000,0.2358,-15.4366,6.8627,0.000,31.89,41.0,3,2064
171605576,199.948,214.434,0.0000,0.8782,15.2940,-1.6046,0.000,31.89,41.0,3,2064
171606578,200.000,214.456,0.9000,0.2968,15.4366,-10.3279,0.000,31.89,41.0,3,2064
171607883,200.000,214.390,0.0000,-1.0307,0.0000,4.7269,0.000,31.89,41.0,3,2064
171608574,199.948,214.390,-0.9000,0.0526,-15.4366,6.9001,0.000,31.89,41.0,3,2064
171609888,199.948,214.412,0.0000,0.2220,15.2940,6.3145,0.000,31.89,41.0,3,2064
171610578,200.000,214.456,0.9000,0.2663,15.4366,-10.4366,0.000,31.89,41.0,3,2064
171611893,200.000,214.390,0.0000,-1.0475,0.0000,4.7247,0.000,31.89,41.0,3,2064
171612576,199.948,214.412,-0.9000,0.0191,-15.4366,6.9605,0.000,31.89,41.0,3,2064
171613578,199.948,214.456,0.0000,0.8309,15.2940,-1.6650,0.000,31.89,41.0,3,2064
171614889,200.000,214.456,0.9000,0.2831,15.4366,-10.3828,0.000,31.89,41.0,3,2064
171615578,200.000,214.390,0.0000,-1.1559,0.0000,4.7390,0.000,31.89,41.0,3,2064
171616578,199.948,214.412,-0.9000,0.0435,-15.4366,6.9924,0.000,31.89,41.0,3,2064
171617570,199.948,214.478,0.0000,0.9285,15.2940,-1.6441,0.000,31.89,41.0,3,2064
171618550,200.000,214.478,0.9000,0.3258,15.4366,-10.3872,0.000,31.89,41.0,3,2064
171619888,200.000,214.412,0.0000,-0.9697,0.0000,4.7973,0.000,31.89,41.0,3,2064
171620572,199.948,214.412,-0.9000,-0.0160,-15.4366,7.0187,0.000,31.89,41.0,3,2064
171621573,199.948,214.478,0.0000,0.8019,15.2940,-1.6507,0.000,31.89,41.0,3,2064
171622567,200.000,214.478,0.9000,0.2235,15.4366,-10.3927,0.000,31.89,41.0,3,2064
171623547,200.000,214.412,0.0000,-1.0643,0.0000,4.7863,0.000,31.89,41.0,3,2064
171624864,199.948,214.412,-0.9000,-0.0984,-15.4366,6.9715,0.000,31.89,41.0,3,2064
171625654,199.948,214.478,0.0000,0.8934,15.2940,-1.6364,0.000,31.89,41.0,3,2064
171626645,200.000,214.478,0.9000,0.1884,15.4366,-10.6168,0.000,31.89,41.0,3,2064
171627866,200.000,214.412,0.0000,-1.1604,0.0000,4.8566,0.000,31.89,41.0,3,2064
171628548,199.948,214.412,-0.9000,-0.2266,-15.4366,7.2363,0.000,31.89,41.0,3,2064
171629863,199.948,214.434,0.0000,0.0298,15.2940,6.6540,0.000,31.89,41.0,3,2064
171630547,200.000,214.456,0.9000,0.2113,15.4366,-10.3509,0.000,31.89,41.0,3,2064
171631933,200.000,214.390,0.0000,-1.1696,0.0000,4.7654,0.000,31.89,41.0,3,2064
171632578,199.948,214.390,-0.9000,-0.0954,-15.4366,6.9528,0.000,31.89,41.0,3,2064
171633577,199.948,214.456,0.0000,0.8354,15.2940,-1.5760,0.000,31.89,41.0,3,2064
171634921,200.000,214.456,0.9000,0.2525,15.4366,-10.3509,0.000,31.89,41.0,3,2064
171635886,200.000,214.390,0.0000,-0.0664,0.0000,6.9682,0.000,31.89,41.0,3,2064
171636888,199.948,214.434,-0.9000,0.7759,-15.4366,-1.6287,0.000,31.89,41.0,3,2064
171637889,199.948,214.434,0.0000,0.1488,15.2940,-10.2707,0.000,31.89,41.0,3,2064
171639211,200.000,214.368,0.9000,-1.0811,15.4366,4.7105,0.000,31.89,41.0,3,2064
171640203,200.000,214.390,0.0000,-0.0542,0.0000,6.9957,0.000,31.89,41.0,3,2064
171640881,199.948,214.434,-0.9000,0.7012,-15.4366,-1.6255,0.000,31.89,41.0,3,2064
171641886,199.948,214.434,0.0000,0.2098,15.2940,-10.3048,0.000,31.89,41.0,3,2064
171643264,200.000,214.368,0.9000,-1.0918,15.4366,4.7852,0.000,31.89,41.0,3,2064
171643936,200.000,214.368,0.0000,0.0786,0.0000,6.9165,0.000,31.89,41.0,3,2064
171645198,199.948,214.434,-0.9000,0.7774,-15.4366,-1.5551,0.000,31.89,41.0,3,2064
171645870,199.948,214.434,0.0000,0.2876,15.2940,-10.3366,0.000,31.89,41.0,3,2064
171647194,200.000,214.368,0.9000,-1.0567,15.4366,4.8115,0.000,31.89,41.0,3,2064
171648193,200.000,214.368,0.0000,-0.0191,0.0000,6.8880,0.000,31.89,41.0,3,2064
171648545,199.948,214.390,-0.9000,0.3838,-15.4366,4.0535,0.000,31.89,41.0,3,2064
171649861,199.948,214.434,0.0000,0.8446,15.2940,-1.5947,0.000,31.89,41.0,3,2064
171650545,200.000,214.434,0.9000,0.2373,15.4366,-10.3795,0.000,31.89,41.0,3,2064
171651938,200.000,214.368,0.0000,-1.0430,0.0000,4.7885,0.000,31.89,41.0,3,2064
171652580,199.948,214.368,-0.9000,-0.0679,-15.4366,6.7353,0.000,31.89,41.0,3,2064
171653608,199.948,214.434,0.0000,0.9636,15.2940,-1.4101,0.000,31.89,41.0,3,2064
171654899,200.000,214.434,0.9000,0.3410,15.4366,-10.4652,0.000,31.89,41.0,3,2064
171655584,200.000,214.368,0.0000,-1.0124,0.0000,4.7061,0.000,31.89,41.0,3,2064
171656589,199.948,214.390,-0.9000,0.0496,-15.4366,6.9067,0.000,31.89,41.0,3,2064
171657617,199.948,214.434,0.0000,0.8339,15.2940,-1.6529,0.000,31.89,41.0,3,2064
171658565,200.000,214.456,0.9000,0.2663,15.4366,-10.6212,0.000,31.89,41.0,3,2064
171659866,200.000,214.390,0.0000,-1.0872,0.0000,4.2194,0.000,31.89,41.0,3,2064
171660614,199.948,214.390,-0.9000,-0.1900,-15.4366,7.1253,0.000,31.89,41.0,3,2064
171661581,199.948,214.434,0.0000,0.7805,15.2940,-1.5507,0.000,31.89,41.0,3,2064
171662574,200.000,214.434,0.9000,0.2754,15.4366,-10.3421,0.000,31.89,41.0,3,2064
171663575,200.000,214.368,0.0000,-1.0353,0.0000,4.7236,0.000,31.89,41.0,3,2064
171664891,199.948,214.390,-0.9000,0.0069,-15.4366,6.8858,0.000,31.89,41.0,3,2064
171665577,199.948,214.434,0.0000,0.7759,15.2940,-1.5606,0.000,31.89,41.0,3,2064
171666580,200.000,214.434,0.9000,0.3151,15.4366,-10.3323,0.000,31.89,41.0,3,2064
171667889,200.000,214.368,0.0000,-1.1131,0.0000,4.7291,0.000,31.89,41.0,3,2064
171668577,199.948,214.368,-0.9000,-0.1167,-15.4366,6.8913,0.000,31.89,41.0,3,2064
171669893,199.948,214.390,0.0000,0.0710,15.2940,6.2969,0.000,31.89,41.0,3,2064
171670578,200.000,214.434,0.9000,0.2129,15.4366,-10.3960,0.000,31.89,41.0,3,2064
171671897,200.000,214.368,0.0000,-1.1315,0.0000,4.8093,0.000,31.89,41.0,3,2064
171672579,199.948,214.390,-0.9000,0.0450,-15.4366,6.9176,0.000,31.89,41.0,3,2064
171673579,199.948,214.434,0.0000,0.7836,15.2940,-1.5749,0.000,31.89,41.0,3,2064
171674893,200.000,214.434,0.9000,0.3548,15.4366,-10.4070,0.000,31.89,41.0,3,2064
171675576,200.000,214.368,0.0000,-0.9163,0.0000,4.8489,0.000,31.89,41.0,3,2064
171676554,199.948,214.390,-0.9000,0.0313,-15.4366,6.8671,0.000,31.89,41.0,3,2064
171677551,199.948,214.434,0.0000,0.8186,15.2940,-1.5980,0.000,31.89,41.0,3,2064
171678574,200.000,214.456,0.9000,0.3258,15.4366,-10.3795,0.000,31.89,41.0,3,2064
171679885,200.000,214.368,0.0000,-1.0368,0.0000,4.7489,0.000,31.89,41.0,3,2064
171680573,199.948,214.390,-0.9000,-0.0832,-15.4366,6.8726,0.000,31.89,41.0,3,2064
171681580,199.948,214.434,0.0000,0.8186,15.2940,-1.5914,0.000,31.89,41.0,3,2064
171682547,200.000,214.434,0.9000,0.3426,15.4366,-10.4004,0.000,31.89,41.0,3,2064
171683517,200.000,214.390,0.0000,-1.0368,0.0000,4.7083,0.000,31.89,41.0,3,2064
171684957,199.948,214.390,-0.9000,-0.2129,-15.4366,7.1813,0.000,31.89,41.0,3,2064
171685550,199.948,214.434,0.0000,0.6920,15.2940,-2.0001,0.000,31.89,41.0,3,2064
171686551,200.000,214.434,0.9000,0.1884,15.4366,-9.8269,0.000,31.89,41.0,3,2064
171687860,200.000,214.368,0.0000,-1.0521,0.0000,4.5885,0.000,31.89,41.0,3,2064
171688547,199.948,214.390,-0.9000,0.0053,-15.4366,6.8429,0.000,31.89,41.0,3,2064
171689929,199.948,214.390,0.0000,0.2144,15.2940,6.2618,0.000,31.89,41.0,3,2064
171690579,200.000,214.434,0.9000,0.1976,15.4366,-10.3169,0.000,31.89,41.0,3,2064
171691895,200.000,214.368,0.0000,-1.0048,0.0000,4.6995,0.000,31.89,41.0,3,2064
171692610,199.948,214.390,-0.9000,-0.0969,-15.4366,6.9122,0.000,31.89,41.0,3,2064
171693583,199.948,214.434,0.0000,0.7439,15.2940,-1.5771,0.000,31.89,41.0,3,2064
171694896,200.000,214.434,0.9000,0.2556,15.4366,-10.3026,0.000,31.89,41.0,3,2064
171695567,200.000,214.368,0.0000,-1.1055,0.0000,4.7368,0.000,31.89,41.0,3,2064
171696583,199.948,214.368,-0.9000,-0.0298,-15.4366,6.9023,0.000,31.89,41.0,3,2064
171697619,199.948,214.434,0.0000,0.9117,15.2940,-1.5859,0.000,31.89,41.0,3,2064
171698549,200.000,214.434,0.9000,0.2373,15.4366,-10.6003,0.000,31.89,41.0,3,2064
171699866,200.000,214.368,0.0000,-1.0567,0.0000,4.3160,0.000,31.89,41.0,3,2064
171700547,199.948,214.368,-0.9000,-0.1076,-15.4366,7.0989,0.000,31.89,41.0,3,2064
171701580,199.948,214.412,0.0000,0.8141,15.2940,-1.5431,0.000,31.89,41.0,3,2064
171702600,200.000,214.412,0.9000,0.1213,15.4366,-10.3707,0.000,31.89,41.0,3,2064
171703572,200.000,214.347,0.0000,-1.0170,0.0000,4.8324,0.000,31.89,41.0,3,2064
171704920,199.948,214.347,-0.9000,-0.1350,-15.4366,6.8550,0.000,31.89,41.0,3,2064
171705882,199.948,214.412,0.0000,0.1671,15.2940,-10.2729,0.000,31.89,41.0,3,2064
171707208,200.000,214.347,0.9000,-1.0430,15.4366,4.7654,0.000,31.89,41.0,3,2064
171708198,200.000,214.347,0.0000,-0.0618,0.0000,6.8440,0.000,31.89,41.0,3,2064
171708564,199.948,214.368,-0.9000,0.2846,-15.4366,4.0765,0.000,31.89,41.0,3,2064
171709893,199.948,214.412,0.0000,0.8980,15.2940,-1.5288,0.000,31.89,41.0,3,2064
171710581,200.000,214.390,0.9000,0.1732,15.4366,-10.2993,0.000,31.89,41.0,3,2064
171711941,200.000,214.325,0.0000,-1.0689,0.0000,4.7401,0.000,31.89,41.0,3,2064
171712551,199.948,214.347,-0.9000,0.1427,-15.4366,6.7572,0.000,31.89,41.0,3,2064
171713550,199.948,214.390,0.0000,0.7530,15.2940,-1.3585,0.000,31.89,41.0,3,2064
171714858,200.000,214.412,0.9000,0.3563,15.4366,-10.3927,0.000,31.89,41.0,3,2064
171715548,200.000,214.347,0.0000,-1.1131,0.0000,4.7753,0.000,31.89,41.0,3,2064
171716612,199.948,214.347,-0.9000,0.0954,-15.4366,6.8704,0.000,31.89,41.0,3,2064
171717576,199.948,214.412,0.0000,0.8522,15.2940,-1.6090,0.000,31.89,41.0,3,2064
171718603,200.000,214.412,0.9000,0.2800,15.4366,-10.2729,0.000,31.89,41.0,3,2064
171719894,200.000,214.347,0.0000,-1.0719,0.0000,4.7302,0.000,31.89,41.0,3,2064
171720585,199.948,214.347,-0.9000,-0.0389,-15.4366,6.8638,0.000,31.89,41.0,3,2064
171721583,199.948,214.412,0.0000,0.8751,15.2940,-1.5277,0.000,31.89,41.0,3,2064
171722587,200.000,214.412,0.9000,0.3670,15.4366,-10.3553,0.000,31.89,41.0,3,2064
171723621,200.000,214.347,0.0000,-0.9377,0.0000,4.7731,0.000,31.89,41.0,3,2064
171724867,199.948,214.368,-0.9000,0.0130,-15.4366,6.7605,0.000,31.89,41.0,3,2064
171725582,199.948,214.412,0.0000,0.8263,15.2940,-1.4244,0.000,31.89,41.0,3,2064
171726602,200.000,214.434,0.9000,0.2968,15.4366,-10.4784,0.000,31.89,41.0,3,2064
171727887,200.000,214.368,0.0000,-0.9850,0.0000,4.7621,0.000,31.89,41.0,3,2064
171728576,199.948,214.390,-0.9000,0.1640,-15.4366,6.8517,0.000,31.89,41.0,3,2064
171729887,199.948,214.390,0.0000,0.3471,15.2940,6.2585,0.000,31.89,41.0,3,2064
171730579,200.000,214.456,0.9000,0.1930,15.4366,-10.3432,0.000,31.89,41.0,3,2064
171731897,200.000,214.390,0.0000,-1.0323,0.0000,4.7346,0.000,31.89,41.0,3,2064
171732579,199.948,214.390,-0.9000,-0.0252,-15.4366,6.8968,0.000,31.89,41.0,3,2064
171733580,199.948,214.456,0.0000,0.9056,15.2940,-1.6035,0.000,31.89,41.0,3,2064
171734892,200.000,214.456,0.9000,0.3212,15.4366,-10.3290,0.000,31.89,41.0,3,2064
171735579,200.000,214.390,0.0000,-0.9895,0.0000,4.6984,0.000,31.89,41.0,3,2064
171736581,199.948,214.390,-0.9000,-0.0648,-15.4366,6.9231,0.000,31.89,41.0,3,2064
171737571,199.948,214.456,0.0000,0.8873,15.2940,-1.6046,0.000,31.89,41.0,3,2064
171738575,200.000,214.456,0.9000,0.2159,15.4366,-10.3993,0.000,31.89,41.0,3,2064
171739893,200.000,214.390,0.0000,-0.9422,0.0000,4.7643,0.000,31.89,41.0,3,2064
171740575,199.948,214.412,-0.9000,0.0404,-15.4366,6.9550,0.000,31.89,41.0,3,2064
171741581,199.948,214.456,0.0000,0.8492,15.2940,-1.6463,0.000,31.89,41.0,3,2064
171742547,200.000,214.478,0.9000,0.3899,15.4366,-10.4234,0.000,31.89,41.0,3,2064
171743572,200.000,214.390,0.0000,-0.9529,0.0000,4.8115,0.000,31.89,41.0,3,2064
171744885,199.948,214.412,-0.9000,-0.0313,-15.4366,6.9616,0.000,31.89,41.0,3,2064
171745574,199.948,214.478,0.0000,0.9178,15.2940,-1.5738,0.000,31.89,41.0,3,2064
171746580,200.000,214.478,0.9000,0.2129,15.4366,-10.3927,0.000,31.89,41.0,3,2064
171747857,200.000,214.390,0.0000,-1.0140,0.0000,4.8313,0.000,31.89,41.0,3,2064
171748653,199.948,214.412,-0.9000,-0.0038,-15.4366,6.9638,0.000,31.89,41.0,3,2064
171749951,199.948,214.412,0.0000,0.1961,15.2940,6.3760,0.000,31.89,41.0,3,2064
171750552,200.000,214.478,0.9000,0.0786,15.4366,-10.3114,0.000,31.89,41.0,3,2064
171751864,200.000,214.412,0.0000,-0.9773,0.0000,4.1512,0.000,31.89,41.0,3,2064
171752548,199.948,214.412,-0.9000,-0.2892,-15.4366,7.1517,0.000,31.89,41.0,3,2064
171753550,199.948,214.456,0.0000,0.8095,15.2940,-1.5936,0.000,31.89,41.0,3,2064
171754931,200.000,214.456,0.9000,0.1717,15.4366,-10.3729,0.000,31.89,41.0,3,2064
171755580,200.000,214.390,0.0000,-1.1772,0.0000,4.7357,0.000,31.89,41.0,3,2064
171756581,199.948,214.412,-0.9000,-0.1259,-15.4366,6.9759,0.000,31.89,41.0,3,2064
171757603,199.948,214.456,0.0000,0.9133,15.2940,-1.6496,0.000,31.89,41.0,3,2064
171758579,200.000,214.456,0.9000,0.2174,15.4366,-10.3828,0.000,31.89,41.0,3,2064
171759896,200.000,214.390,0.0000,-1.1513,0.0000,4.7764,0.000,31.89,41.0,3,2064
171760581,199.948,214.412,-0.9000,0.0740,-15.4366,7.0088,0.000,31.89,41.0,3,2064
171761581,199.948,214.456,0.0000,0.7271,15.2940,-1.6309,0.000,31.89,41.0,3,2064
171762620,200.000,214.456,0.9000,0.3136,15.4366,-10.3509,0.000,31.89,41.0,3,2064
171763549,200.000,214.390,0.0000,-1.1788,0.0000,5.2664,0.000,31.89,41.0,3,2064
171764866,199.948,214.390,-0.9000,0.0603,-15.4366,6.9451,0.000,31.89,41.0,3,2064
171765546,199.948,214.456,0.0000,0.7836,15.2940,-1.5848,0.000,31.89,41.0,3,2064
171766551,200.000,214.456,0.9000,0.1793,15.4366,-10.3520,0.000,31.89,41.0,3,2064
171767931,200.000,214.390,0.0000,-0.9895,0.0000,4.7533,0.000,31.89,41.0,3,2064
171768577,199.948,214.390,-0.9000,0.1106,-15.4366,6.8484,0.000,31.89,41.0,3,2064
171769888,199.948,214.412,0.0000,0.3120,15.2940,6.2607,0.000,31.89,41.0,3,2064
171770610,200.000,214.456,0.9000,0.3456,15.4366,-10.4256,0.000,31.89,41.0,3,2064
171771901,200.000,214.390,0.0000,-1.0536,0.0000,4.7973,0.000,31.89,41.0,3,2064
171772582,199.948,214.390,-0.9000,0.0206,-15.4366,6.9495,0.000,31.89,41.0,3,2064
171773581,199.948,214.456,0.0000,0.9865,15.2940,-1.6353,0.000,31.89,41.0,3,2064
171774901,200.000,214.456,0.9000,0.2327,15.4366,-10.3850,0.000,31.89,41.0,3,2064
171775620,200.000,214.390,0.0000,-0.9880,0.0000,4.8115,0.000,31.89,41.0,3,2064
171776554,199.948,214.412,-0.9000,0.0374,-15.4366,6.8341,0.000,31.89,41.0,3,2064
171777545,199.948,214.478,0.0000,0.9468,15.2940,-1.4431,0.000,31.89,41.0,3,2064
171778611,200.000,214.478,0.9000,0.2052,15.4366,-10.4487,0.000,31.89,41.0,3,2064
171779897,200.000,214.412,0.0000,-1.0079,0.0000,4.7632,0.000,31.89,41.0,3,2064
171780877,199.948,214.478,-0.9000,0.7118,-15.4366,-1.6584,0.000,31.89,41.0,3,2064
171781876,199.948,214.478,0.0000,0.2785,15.2940,-10.4103,0.000,31.89,41.0,3,2064
171783202,200.000,214.412,0.9000,-1.0826,15.4366,4.7401,0.000,31.89,41.0,3,2064
171783875,200.000,214.434,0.0000,0.0847,0.0000,7.0286,0.000,31.89,41.0,3,2064
171785202,199.948,214.478,-0.9000,0.8904,-15.4366,-1.6606,0.000,31.89,41.0,3,2064
171785870,199.948,214.478,0.0000,0.2846,15.2940,-10.3927,0.000,31.89,41.0,3,2064
171787202,200.000,214.412,0.9000,-1.0933,15.4366,4.7830,0.000,31.89,41.0,3,2064
171788194,200.000,214.434,0.0000,0.0893,0.0000,7.0539,0.000,31.89,41.0,3,2064
171788574,199.948,214.456,-0.9000,0.4646,-15.4366,4.1776,0.000,31.89,41.0,3,2064
171789892,199.948,214.478,0.0000,0.8873,15.2940,-1.6771,0.000,31.89,41.0,3,2064
171790575,200.000,214.500,0.9000,0.2892,15.4366,-10.3938,0.000,31.89,41.0,3,2064
171791898,200.000,214.412,0.0000,-1.1284,0.0000,4.7423,0.000,31.89,41.0,3,2064
171792577,199.948,214.434,-0.9000,-0.0191,-15.4366,7.0770,0.000,31.89,41.0,3,2064
171793579,199.948,214.478,0.0000,0.8186,15.2940,-1.6562,0.000,31.89,41.0,3,2064
171794892,200.000,214.500,0.9000,0.2785,15.4366,-10.4190,0.000,31.89,41.0,3,2064
171795577,200.000,214.412,0.0000,-1.1421,0.0000,4.8390,0.000,31.89,41.0,3,2064
171796584,199.948,214.434,-0.9000,0.0023,-15.4366,7.0363,0.000,31.89,41.0,3,2064
171797549,199.948,214.500,0.0000,0.8904,15.2940,-1.6738,0.000,31.89,41.0,3,2064
171798548,200.000,214.500,0.9000,0.1869,15.4366,-10.4026,0.000,31.89,41.0,3,2064
171799891,200.000,214.434,0.0000,-1.1635,0.0000,4.8456,0.000,31.89,41.0,3,2064
171800569,199.948,214.434,-0.9000,-0.0237,-15.4366,7.0550,0.000,31.89,41.0,3,2064
171801573,199.948,214.500,0.0000,0.9545,15.2940,-1.6837,0.000,31.89,41.0,3,2064
171802574,200.000,214.478,0.9000,0.1381,15.4366,-10.4201,0.000,31.89,41.0,3,2064
171803547,200.000,214.412,0.0000,-1.1223,0.0000,4.8346,0.000,31.89,41.0,3,2064
171804973,199.948,214.434,-0.9000,0.1289,-15.4366,7.0528,0.000,31.89,41.0,3,2064
171805612,199.948,214.500,0.0000,0.7820,15.2940,-1.8781,0.000,31.89,41.0,3,2064
171806553,200.000,214.500,0.9000,0.1762,15.4366,-10.3751,0.000,31.89,41.0,3,2064
171807862,200.000,214.434,0.0000,-0.9789,0.0000,4.1787,0.000,31.89,41.0,3,2064
171808547,199.948,214.434,-0.9000,-0.1579,-15.4366,7.2044,0.000,31.89,41.0,3,2064
171809866,199.948,214.434,0.0000,-0.0038,15.2940,6.6067,0.000,31.89,41.0,3,2064
171810609,200.000,214.478,0.9000,0.2571,15.4366,-10.3828,0.000,31.89,41.0,3,2064
171811897,200.000,214.412,0.0000,-1.0063,0.0000,4.7676,0.000,31.89,41.0,3,2064
171812574,199.948,214.412,-0.9000,-0.1350,-15.4366,7.0297,0.000,31.89,41.0,3,2064
171813611,199.948,214.478,0.0000,0.8034,15.2940,-1.5958,0.000,31.89,41.0,3,2064
171814898,200.000,214.478,0.9000,0.2998,15.4366,-10.3916,0.000,31.89,41.0,3,2064
171815581,200.000,214.412,0.0000,-1.0903,0.0000,4.8016,0.000,31.89,41.0,3,2064
171816584,199.948,214.412,-0.9000,-0.0862,-15.4366,7.0033,0.000,31.89,41.0,3,2064
171817575,199.948,214.478,0.0000,0.7805,15.2940,-1.6024,0.000,31.89,41.0,3,2064
171818628,200.000,214.456,0.9000,0.0648,15.4366,-10.4081,0.000,31.89,41.0,3,2064
171819869,200.000,214.390,0.0000,-1.0674,0.0000,5.3202,0.000,31.89,41.0,3,2064
171820547,199.948,214.412,-0.9000,-0.0084,-15.4366,6.9869,0.000,31.89,41.0,3,2064
171821550,199.948,214.456,0.0000,0.9468,15.2940,-1.5727,0.000,31.89,41.0,3,2064
171822545,200.000,214.456,0.9000,0.1228,15.4366,-10.3191,0.000,31.89,41.0,3,2064
171823612,200.000,214.390,0.0000,-1.0460,0.0000,4.8269,0.000,31.89,41.0,3,2064
171824891,199.948,214.390,-0.9000,-0.0893,-15.4366,6.7902,0.000,31.89,41.0,3,2064
171825577,199.948,214.456,0.0000,0.9590,15.2940,-1.4156,0.000,31.89,41.0,3,2064
171826609,200.000,214.456,0.9000,0.2434,15.4366,-10.4564,0.000,31.89,41.0,3,2064
171827894,200.000,214.390,0.0000,-1.0292,0.0000,4.7511,0.000,31.89,41.0,3,2064
171828578,199.948,214.390,-0.9000,-0.0633,-15.4366,6.9253,0.000,31.89,41.0,3,2064
171829894,199.948,214.412,0.0000,0.1625,15.2940,6.3409,0.000,31.89,41.0,3,2064
171830589,200.000,214.478,0.9000,0.3151,15.4366,-10.3465,0.000,31.89,41.0,3,2064
171831949,200.000,214.390,0.0000,-1.0140,0.0000,4.7401,0.000,31.89,41.0,3,2064
171832550,199.948,214.412,-0.9000,0.1167,-15.4366,6.8407,0.000,31.89,41.0,3,2064
171833550,199.948,214.478,0.0000,0.9499,15.2940,-1.4376,0.000,31.89,41.0,3,2064
171834932,200.000,214.478,0.9000,0.3410,15.4366,-10.5267,0.000,31.89,41.0,3,2064
171835579,200.000,214.412,0.0000,-1.1940,0.0000,4.7269,0.000,31.89,41.0,3,2064
171836579,199.948,214.434,-0.9000,0.1732,-15.4366,7.0385,0.000,31.89,41.0,3,2064
171837573,199.948,214.478,0.0000,0.9010,15.2940,-1.6331,0.000,31.89,41.0,3,2064
171838574,200.000,214.478,0.9000,0.2235,15.4366,-10.3575,0.000,31.89,41.0,3,2064
171839888,200.000,214.434,0.0000,-0.9606,0.0000,4.7050,0.000,31.89,41.0,3,2064
171840577,199.948,214.434,-0.9000,-0.1213,-15.4366,6.9869,0.000,31.89,41.0,3,2064
171841576,199.948,214.478,0.0000,0.8858,15.2940,-1.6156,0.000,31.89,41.0,3,2064
171842574,200.000,214.478,0.9000,0.2174,15.4366,-10.4399,0.000,31.89,41.0,3,2064
171843574,200.000,214.434,0.0000,-1.0079,0.0000,4.8203,0.000,31.89,41.0,3,2064
171844887,199.948,214.434,-0.9000,-0.0343,-15.4366,6.9978,0.000,31.89,41.0,3,2064
171845578,199.948,214.500,0.0000,0.9560,15.2940,-1.6430,0.000,31.89,41.0,3,2064
171846579,200.000,214.500,0.9000,0.2388,15.4366,-10.4443,0.000,31.89,41.0,3,2064
171847887,200.000,214.434,0.0000,-1.0307,0.0000,4.8500,0.000,31.89,41.0,3,2064
171848573,199.948,214.456,-0.9000,-0.0511,-15.4366,6.9781,0.000,31.89,41.0,3,2064
171849868,199.948,214.456,0.0000,0.1488,15.2940,6.3881,0.000,31.89,41.0,3,2064
171850545,200.000,214.500,0.9000,0.2617,15.4366,-10.4421,0.000,31.89,41.0,3,2064
171851898,200.000,214.434,0.0000,-1.0903,0.0000,4.7918,0.000,31.89,41.0,3,2064
171852573,199.948,214.456,-0.9000,-0.0252,-15.4366,7.0495,0.000,31.89,41.0,3,2064
171853574,199.948,214.500,0.0000,0.8766,15.2940,-1.6628,0.000,31.89,41.0,3,2064
171854888,200.000,214.500,0.9000,0.2541,15.4366,-10.4212,0.000,31.89,41.0,3,2064
171855549,200.000,214.434,0.0000,-1.0567,0.0000,4.8148,0.000,31.89,41.0,3,2064
171856655,199.948,214.434,-0.9000,-0.0954,-15.4366,7.0297,0.000,31.89,41.0,3,2064
171857617,199.948,214.500,0.0000,0.9148,15.2940,-1.9045,0.000,31.89,41.0,3,2064
171858547,200.000,214.500,0.9000,0.2266,15.4366,-10.2894,0.000,31.89,41.0,3,2064
171859866,200.000,214.434,0.0000,-1.1360,0.0000,4.1523,0.000,31.89,41.0,3,2064
171860547,199.948,214.434,-0.9000,-0.0923,-15.4366,7.2209,0.000,31.89,41.0,3,2064
171861601,199.948,214.500,0.0000,0.7469,15.2940,-1.6364,0.000,31.89,41.0,3,2064
171862586,200.000,214.500,0.9000,0.1289,15.4366,-10.4322,0.000,31.89,41.0,3,2064
171863574,200.000,214.412,0.0000,-1.1330,0.0000,4.7940,0.000,31.89,41.0,3,2064
171864922,199.948,214.434,-0.9000,-0.1518,-15.4366,7.0945,0.000,31.89,41.0,3,2064
171865876,199.948,214.478,0.0000,0.2281,15.2940,-10.3399,0.000,31.89,41.0,3,2064
171867202,200.000,214.412,0.9000,-1.2062,15.4366,4.7610,0.000,31.89,41.0,3,2064
171868197,200.000,214.434,0.0000,-0.0633,0.0000,7.0506,0.000,31.89,41.0,3,2064
171868577,199.948,214.456,-0.9000,0.4555,-15.4366,4.1952,0.000,31.89,41.0,3,2064
171869884,199.948,214.478,0.0000,0.8934,15.2940,-1.6331,0.000,31.89,41.0,3,2064
171870581,200.000,214.478,0.9000,0.1839,15.4366,-10.4015,0.000,31.89,41.0,3,2064
171871951,200.000,214.412,0.0000,-1.1147,0.0000,4.8566,0.000,31.89,41.0,3,2064
171872555,199.948,214.412,-0.9000,0.0420,-15.4366,6.8968,0.000,31.89,41.0,3,2064
171873550,199.948,214.478,0.0000,0.8522,15.2940,-1.4090,0.000,31.89,41.0,3,2064
171874931,200.000,214.478,0.9000,0.4082,15.4366,-10.5113,0.000,31.89,41.0,3,2064
171875578,200.000,214.412,0.0000,-1.0796,0.0000,5.3279,0.000,31.89,41.0,3,2064
171876577,199.948,214.434,-0.9000,0.0053,-15.4366,6.9902,0.000,31.89,41.0,3,2064
171877572,199.948,214.478,0.0000,0.8705,15.2940,-1.6463,0.000,31.89,41.0,3,2064
171878574,200.000,214.478,0.9000,0.2037,15.4366,-10.4048,0.000,31.89,41.0,3,2064
171879891,200.000,214.412,0.0000,-1.0185,0.0000,4.7973,0.000,31.89,41.0,3,2064
171880578,199.948,214.434,-0.9000,0.0160,-15.4366,6.9770,0.000,31.89,41.0,3,2064
171881577,199.948,214.478,0.0000,0.7485,15.2940,-1.6013,0.000,31.89,41.0,3,2064
171882574,200.000,214.478,0.9000,0.3288,15.4366,-10.4311,0.000,31.89,41.0,3,2064
171883574,200.000,214.412,0.0000,-1.0491,0.0000,4.7445,0.000,31.89,41.0,3,2064
171884891,199.948,214.434,-0.9000,-0.0343,-15.4366,7.0154,0.000,31.89,41.0,3,2064
171885574,199.948,214.478,0.0000,0.9636,15.2940,-1.6628,0.000,31.89,41.0,3,2064
171886579,200.000,214.478,0.9000,0.1625,15.4366,-10.3520,0.000,31.89,41.0,3,2064
171887887,200.000,214.412,0.0000,-1.0979,0.0000,4.7643,0.000,31.89,41.0,3,2064
171888575,199.948,214.434,-0.9000,-0.0237,-15.4366,7.0099,0.000,31.89,41.0,3,2064
171889866,199.948,214.434,0.0000,0.1534,15.2940,6.4123,0.000,31.89,41.0,3,2064
171890545,200.000,214.478,0.9000,0.2724,15.4366,-10.3641,0.000,31.89,41.0,3,2064
171891895,200.000,214.412,0.0000,-1.1162,0.0000,4.7390,0.000,31.89,41.0,3,2064
171892573,199.948,214.434,-0.9000,-0.0343,-15.4366,7.0374,0.000,31.89,41.0,3,2064
171893574,199.948,214.478,0.0000,0.8522,15.2940,-1.6430,0.000,31.89,41.0,3,2064
171894889,200.000,214.500,0.9000,0.3426,15.4366,-10.3828,0.000,31.89,41.0,3,2064
171895548,200.000,214.412,0.0000,-1.2459,0.0000,4.7929,0.000,31.89,41.0,3,2064
171896558,199.948,214.434,-0.9000,0.0450,-15.4366,7.0484,0.000,31.89,41.0,3,2064
171897546,199.948,214.478,0.0000,0.7958,15.2940,-1.4079,0.000,31.89,41.0,3,2064
171898546,200.000,214.478,0.9000,0.1747,15.4366,-10.7179,0.000,31.89,41.0,3,2064
171899879,200.000,214.412,0.0000,-1.2459,0.0000,4.9401,0.000,31.89,41.0,3,2064
171900546,199.948,214.412,-0.9000,0.0511,-15.4366,7.0374,0.000,31.89,41.0,3,2064
171901603,199.948,214.478,0.0000,0.7836,15.2940,-1.6529,0.000,31.89,41.0,3,2064
171902546,200.000,214.478,0.9000,0.3151,15.4366,-10.3795,0.000,31.89,41.0,3,2064
171903556,200.000,214.412,0.0000,-0.9255,0.0000,4.8016,0.000,31.89,41.0,3,2064
171904868,199.948,214.434,-0.9000,0.0435,-15.4366,6.9858,0.000,31.89,41.0,3,2064
171905598,199.948,214.478,0.0000,0.7622,15.2940,-1.6079,0.000,31.89,41.0,3,2064
171906551,200.000,214.478,0.9000,0.3105,15.4366,-10.3850,0.000,31.89,41.0,3,2064
171907986,200.000,214.412,0.0000,-1.0140,0.0000,4.7841,0.000,31.89,41.0,3,2064
171908545,199.948,214.434,-0.9000,0.3807,-15.4366,4.6764,0.000,31.89,41.0,3,2064
171909867,199.948,214.478,0.0000,0.9010,15.2940,-1.4057,0.000,31.89,41.0,3,2064
171910545,200.000,214.478,0.9000,0.1961,15.4366,-10.4443,0.000,31.89,41.0,3,2064
171911867,200.000,214.412,0.0000,-1.0368,0.0000,4.7149,0.000,31.89,41.0,3,2064
171912583,199.948,214.412,-0.9000,-0.0481,-15.4366,6.9880,0.000,31.89,41.0,3,2064
171913592,199.948,214.478,0.0000,0.8598,15.2940,-1.6090,0.000,31.89,41.0,3,2064
171914892,200.000,214.478,0.9000,0.2602,15.4366,-10.3432,0.000,31.89,41.0,3,2064
171915608,200.000,214.412,0.0000,-1.0140,0.0000,4.7775,0.000,31.89,41.0,3,2064
171916584,199.948,214.412,-0.9000,-0.0450,-15.4366,6.8352,0.000,31.89,41.0,3,2064
171917574,199.948,214.478,0.0000,0.8614,15.2940,-1.4156,0.000,31.89,41.0,3,2064
171918579,200.000,214.478,0.9000,0.2983,15.4366,-10.4883,0.000,31.89,41.0,3,2064
171919897,200.000,214.412,0.0000,-1.0796,0.0000,4.8203,0.000,31.89,41.0,3,2064
171920874,199.948,214.478,-0.9000,0.9102,-15.4366,-1.6386,0.000,31.89,41.0,3,2064
171921872,199.948,214.500,0.0000,0.2617,15.2940,-10.4531,0.000,31.89,41.0,3,2064
171923267,200.000,214.412,0.9000,-1.0948,15.4366,5.3620,0.000,31.89,41.0,3,2064
171923863,200.000,214.434,0.0000,0.0969,0.0000,6.9935,0.000,31.89,41.0,3,2064
171925185,199.948,214.500,-0.9000,0.8858,-15.4366,-1.6969,0.000,31.89,41.0,3,2064
171925858,199.948,214.500,0.0000,0.2296,15.2940,-10.3982,0.000,31.89,41.0,3,2064
171927184,200.000,214.434,0.9000,-1.0048,15.4366,4.8005,0.000,31.89,41.0,3,2064
171928181,200.000,214.434,0.0000,0.0053,0.0000,7.0330,0.000,31.89,41.0,3,2064
171928544,199.948,214.478,-0.9000,0.5135,-15.4366,4.1919,0.000,31.89,41.0,3,2064
171929859,199.948,214.500,0.0000,0.9163,15.2940,-1.7177,0.000,31.89,41.0,3,2064
171930605,200.000,214.500,0.9000,0.2693,15.4366,-10.3960,0.000,31.89,41.0,3,2064
171931896,200.000,214.434,0.0000,-1.1101,0.0000,4.7753,0.000,31.89,41.0,3,2064
171932608,199.948,214.456,-0.9000,0.0343,-15.4366,7.0440,0.000,31.89,41.0,3,2064
171933582,199.948,214.500,0.0000,0.7897,15.2940,-1.8529,0.000,31.89,41.0,3,2064
171934895,200.000,214.500,0.9000,0.3914,15.4366,-10.0829,0.000,31.89,41.0,3,2064
171935583,200.000,214.434,0.0000,-0.9972,0.0000,4.6764,0.000,31.89,41.0,3,2064
171936587,199.948,214.456,-0.9000,-0.0038,-15.4366,7.0319,0.000,31.89,41.0,3,2064
171937629,199.948,214.522,0.0000,0.9392,15.2940,-1.6672,0.000,31.89,41.0,3,2064
171938551,200.000,214.522,0.9000,0.1122,15.4366,-10.7003,0.000,31.89,41.0,3,2064
171939921,200.000,214.434,0.0000,-1.1635,0.0000,4.3754,0.000,31.89,41.0,3,2064
171940580,199.948,214.456,-0.9000,-0.0923,-15.4366,7.1077,0.000,31.89,41.0,3,2064
171941577,199.948,214.500,0.0000,0.7057,15.2940,-1.6298,0.000,31.89,41.0,3,2064
171942572,200.000,214.500,0.9000,0.2785,15.4366,-10.3652,0.000,31.89,41.0,3,2064
171943574,200.000,214.412,0.0000,-1.2078,0.0000,4.8258,0.000,31.89,41.0,3,2064
171944889,199.948,214.434,-0.9000,-0.0374,-15.4366,7.0704,0.000,31.89,41.0,3,2064
171945575,199.948,214.478,0.0000,0.7454,15.2940,-1.6639,0.000,31.89,41.0,3,2064
171946579,200.000,214.478,0.9000,0.0969,15.4366,-10.3707,0.000,31.89,41.0,3,2064
171947886,200.000,214.412,0.0000,-1.1421,0.0000,4.8258,0.000,31.89,41.0,3,2064
171948572,199.948,214.434,-0.9000,0.2480,-15.4366,4.7852,0.000,31.89,41.0,3,2064
171949888,199.948,214.478,0.0000,0.8995,15.2940,-1.6068,0.000,31.89,41.0,3,2064
171950578,200.000,214.478,0.9000,0.2037,15.4366,-10.4026,0.000,31.89,41.0,3,2064
171951895,200.000,214.412,0.0000,-1.0750,0.0000,4.8181,0.000,31.89,41.0,3,2064
171952870,199.948,214.478,-0.9000,0.8293,-15.4366,-1.6189,0.000,31.89,41.0,3,2064
171953872,199.948,214.456,0.0000,0.1656,15.2940,-10.3531,0.000,31.89,41.0,3,2064
171955199,200.000,214.412,0.9000,-1.0445,15.4366,4.7830,0.000,31.89,41.0,3,2064
171955873,200.000,214.412,0.0000,0.0008,0.0000,7.0000,0.000,31.89,41.0,3,2064
171956870,199.948,214.456,-0.9000,0.9041,-15.4366,-1.5958,0.000,31.89,41.0,3,2064
171957858,199.948,214.456,0.0000,0.1808,15.2940,-10.3542,0.000,31.89,41.0,3,2064
171959185,200.000,214.390,0.9000,-1.0552,15.4366,4.7346,0.000,31.89,41.0,3,2064
171960182,200.000,214.412,0.0000,0.0145,0.0000,6.9550,0.000,31.89,41.0,3,2064
171960871,199.948,214.456,-0.9000,0.7485,-15.4366,-1.5804,0.000,31.89,41.0,3,2064
171961869,199.948,214.456,0.0000,0.1991,15.2940,-10.3696,0.000,31.89,41.0,3,2064
171963195,200.000,214.390,0.9000,-1.0552,15.4366,4.7522,0.000,31.89,41.0,3,2064
171963866,200.000,214.412,0.0000,-0.1366,0.0000,6.9814,0.000,31.89,41.0,3,2064
171965191,199.948,214.456,-0.9000,0.8446,-15.4366,-1.6189,0.000,31.89,41.0,3,2064
171965822,199.948,214.456,0.0000,0.2449,15.2940,-10.1257,0.000,31.89,41.0,3,2064
171966864,200.000,214.390,0.9000,-0.9819,15.4366,5.1807,0.000,31.89,41.0,3,2064
171968183,200.000,214.412,0.0000,0.0313,0.0000,6.7507,0.000,31.89,41.0,3,2064
171968624,199.948,214.434,-0.9000,0.5409,-15.4366,3.9996,0.000,31.89,41.0,3,2064
171969975,199.948,214.478,0.0000,0.9499,15.2940,-1.8672,0.000,31.89,41.0,3,2064
171970860,200.000,214.412,0.9000,-0.9529,15.4366,4.1688,0.000,31.89,41.0,3,2064
171972182,200.000,214.434,0.0000,0.0175,0.0000,7.1187,0.000,31.89,41.0,3,2064
171972856,199.948,214.478,-0.9000,0.8736,-15.4366,-1.5936,0.000,31.89,41.0,3,2064
171973861,199.948,214.478,0.0000,0.1701,15.2940,-10.4278,0.000,31.89,41.0,3,2064
171975182,200.000,214.412,0.9000,-1.0628,15.4366,4.8214,0.000,31.89,41.0,3,2064
171975858,200.000,214.434,0.0000,0.0160,0.0000,6.9770,0.000,31.89,41.0,3,2064
171976861,199.948,214.478,-0.9000,0.9346,-15.4366,-1.6375,0.000,31.89,41.0,3,2064
171977930,199.948,214.478,0.0000,0.2632,15.2940,-10.4322,0.000,31.89,41.0,3,2064
171979194,200.000,214.412,0.9000,-1.0918,15.4366,4.7599,0.000,31.89,41.0,3,2064
171980191,200.000,214.434,0.0000,-0.0221,0.0000,6.9429,0.000,31.89,41.0,3,2064
171980864,199.948,214.478,-0.9000,0.9148,-15.4366,-1.6353,0.000,31.89,41.0,3,2064
171981871,199.948,214.478,0.0000,0.2449,15.2940,-10.3982,0.000,31.89,41.0,3,2064
171982927,200.000,214.412,0.9000,-0.9758,15.4366,4.7434,0.000,31.89,41.0,3,2064
171983875,200.000,214.434,0.0000,0.0755,0.0000,7.0363,0.000,31.89,41.0,3,2064
171985197,199.948,214.478,-0.9000,0.8827,-15.4366,-1.6244,0.000,31.89,41.0,3,2064
171985871,199.948,214.478,0.0000,0.1717,15.2940,-10.3564,0.000,31.89,41.0,3,2064
171987197,200.000,214.412,0.9000,-1.1406,15.4366,4.7401,0.000,31.89,41.0,3,2064
171988193,200.000,214.434,0.0000,0.0191,0.0000,7.0297,0.000,31.89,41.0,3,2064
171988564,199.948,214.434,-0.9000,0.3578,-15.4366,4.1842,0.000,31.89,41.0,3,2064
171989894,199.948,214.478,0.0000,0.8324,15.2940,-1.5837,0.000,31.89,41.0,3,2064
171991262,200.000,214.412,0.9000,-1.0231,15.4366,5.3158,0.000,31.89,41.0,3,2064
171992190,200.000,214.412,0.0000,-0.1015,0.0000,6.9737,0.000,31.89,41.0,3,2064
171992855,199.948,214.478,-0.9000,0.8476,-15.4366,-1.5771,0.000,31.89,41.0,3,2064
171993858,199.948,214.478,0.0000,0.1778,15.2940,-10.3916,0.000,31.89,41.0,3,2064
171995180,200.000,214.412,0.9000,-1.1681,15.4366,4.8049,0.000,31.89,41.0,3,2064
171995855,200.000,214.412,0.0000,-0.0328,0.0000,6.9770,0.000,31.89,41.0,3,2064
171996859,199.948,214.478,-0.9000,0.9361,-15.4366,-1.6518,0.000,31.89,41.0,3,2064
171997858,199.948,214.478,0.0000,0.1915,15.2940,-10.4333,0.000,31.89,41.0,3,2064
171998929,200.000,214.412,0.9000,-0.9163,15.4366,4.8753,0.000,31.89,41.0,3,2064
172000193,200.000,214.412,0.0000,-0.0343,0.0000,6.9319,0.000,31.89,41.0,3,2064
172000866,199.948,214.478,-0.9000,0.8690,-15.4366,-1.6035,0.000,31.89,41.0,3,2064
172001872,199.948,214.478,0.0000,0.1930,15.2940,-10.4586,0.000,31.89,41.0,3,2064
172003195,200.000,214.412,0.9000,-1.0323,15.4366,4.8456,0.000,31.89,41.0,3,2064
172003917,200.000,214.434,0.0000,0.1152,0.0000,6.8572,0.000,31.89,41.0,3,2064
172005201,199.948,214.478,-0.9000,0.7851,-15.4366,-1.6683,0.000,31.89,41.0,3,2064
172005874,199.948,214.478,0.0000,0.1976,15.2940,-10.3399,0.000,31.89,41.0,3,2064
172007196,200.000,214.412,0.9000,-1.0246,15.4366,4.7500,0.000,31.89,41.0,3,2064
172008191,200.000,214.412,0.0000,0.0298,0.0000,6.9748,0.000,31.89,41.0,3,2064
172008578,199.948,214.434,-0.9000,0.3822,-15.4366,4.1633,0.000,31.89,41.0,3,2064
172009895,199.948,214.478,0.0000,0.8721,15.2940,-1.6244,0.000,31.89,41.0,3,2064
172010584,200.000,214.478,0.9000,0.3365,15.4366,-10.3542,0.000,31.89,41.0,3,2064
172011948,200.000,214.412,0.0000,-1.0353,0.0000,4.7632,0.000,31.89,41.0,3,2064
172012551,199.948,214.434,-0.9000,0.1381,-15.4366,6.8759,0.000,31.89,41.0,3,2064
172013550,199.948,214.478,0.0000,0.7652,15.2940,-1.4167,0.000,31.89,41.0,3,2064
172014859,200.000,214.478,0.9000,0.3655,15.4366,-10.4850,0.000,31.89,41.0,3,2064
172015548,200.000,214.412,0.0000,-1.1391,0.0000,4.7555,0.000,31.89,41.0,3,2064
172016612,199.948,214.412,-0.9000,-0.0923,-15.4366,7.0033,0.000,31.89,41.0,3,2064
172017573,199.948,214.478,0.0000,0.9239,15.2940,-1.8463,0.000,31.89,41.0,3,2064
172018604,200.000,214.478,0.9000,0.3319,15.4366,-10.4223,0.000,31.89,41.0,3,2064
172019900,200.000,214.412,0.0000,-1.0796,0.0000,5.3729,0.000,31.89,41.0,3,2064
172020871,199.948,214.478,-0.9000,0.8064,-15.4366,-1.6320,0.000,31.89,41.0,3,2064
172021872,199.948,214.478,0.0000,0.3014,15.2940,-10.4322,0.000,31.89,41.0,3,2064
172022875,200.000,214.434,0.9000,-0.9194,15.4366,4.8170,0.000,31.89,41.0,3,2064
172023928,200.000,214.434,0.0000,0.0252,0.0000,6.8539,0.000,31.89,41.0,3,2064
172025196,199.948,214.500,-0.9000,0.9209,-15.4366,-1.4222,0.000,31.89,41.0,3,2064
172025856,199.948,214.500,0.0000,0.2510,15.2940,-10.5718,0.000,31.89,41.0,3,2064
172027182,200.000,214.434,0.9000,-1.1360,15.4366,4.8170,0.000,31.89,41.0,3,2064
172028176,200.000,214.456,0.0000,0.0282,0.0000,7.0132,0.000,31.89,41.0,3,2064
172028551,199.948,214.478,-0.9000,0.4433,-15.4366,4.1655,0.000,31.89,41.0,3,2064
172029924,199.948,214.500,0.0000,1.0216,15.2940,-1.6826,0.000,31.89,41.0,3,2064
172030576,200.000,214.500,0.9000,0.2281,15.4366,-10.7003,0.000,31.89,41.0,3,2064
172031894,200.000,214.434,0.0000,-1.1864,0.0000,4.2908,0.000,31.89,41.0,3,2064
172032865,199.948,214.500,-0.9000,0.7225,-15.4366,-1.5892,0.000,31.89,41.0,3,2064
172033869,199.948,214.500,0.0000,0.1503,15.2940,-10.4256,0.000,31.89,41.0,3,2064
172035194,200.000,214.434,0.9000,-1.0674,15.4366,4.7610,0.000,31.89,41.0,3,2064
172035866,200.000,214.434,0.0000,-0.0511,0.0000,7.0605,0.000,31.89,41.0,3,2064
172036870,199.948,214.478,-0.9000,0.8064,-15.4366,-1.6046,0.000,31.89,41.0,3,2064
172037871,199.948,214.478,0.0000,0.1686,15.2940,-10.4092,0.000,31.89,41.0,3,2064
172039192,200.000,214.412,0.9000,-1.0399,15.4366,4.7621,0.000,31.89,41.0,3,2064
172040192,200.000,214.434,0.0000,-0.0969,0.0000,7.0528,0.000,31.89,41.0,3,2064
172040863,199.948,214.478,-0.9000,0.8431,-15.4366,-1.6441,0.000,31.89,41.0,3,2064
172041869,199.948,214.478,0.0000,0.2815,15.2940,-10.3674,0.000,31.89,41.0,3,2064
172043192,200.000,214.412,0.9000,-1.1284,15.4366,4.8005,0.000,31.89,41.0,3,2064
172043868,200.000,214.412,0.0000,-0.0923,0.0000,7.0341,0.000,31.89,41.0,3,2064
172045193,199.948,214.478,-0.9000,0.7500,-15.4366,-1.6145,0.000,31.89,41.0,3,2064
172045864,199.948,214.478,0.0000,0.2831,15.2940,-10.3641,0.000,31.89,41.0,3,2064
172047193,200.000,214.412,0.9000,-1.1086,15.4366,4.8467,0.000,31.89,41.0,3,2064
172048186,200.000,214.412,0.0000,0.0572,0.0000,7.0055,0.000,31.89,41.0,3,2064
172048572,199.948,214.434,-0.9000,0.3395,-15.4366,4.1381,0.000,31.89,41.0,3,2064
172049888,199.948,214.478,0.0000,0.8553,15.2940,-1.6046,0.000,31.89,41.0,3,2064
172050574,200.000,214.478,0.9000,0.2083,15.4366,-10.4037,0.000,31.89,41.0,3,2064
172051874,200.000,214.412,0.0000,-0.8705,0.0000,4.8049,0.000,31.89,41.0,3,2064
172052545,199.948,214.412,-0.9000,-0.1015,-15.4366,6.9814,0.000,31.89,41.0,3,2064
172053579,199.948,214.456,0.0000,0.7286,15.2940,-1.6277,0.000,31.89,41.0,3,2064
172054883,200.000,214.478,0.9000,0.3075,15.4366,-10.3828,0.000,31.89,41.0,3,2064
172055572,200.000,214.390,0.0000,-1.1131,0.0000,4.7577,0.000,31.89,41.0,3,2064
172056578,199.948,214.412,-0.9000,0.0710,-15.4366,6.9122,0.000,31.89,41.0,3,2064
172057545,199.948,214.456,0.0000,0.7317,15.2940,-1.5815,0.000,31.89,41.0,3,2064
172058529,200.000,214.478,0.9000,0.3700,15.4366,-10.3773,0.000,31.89,41.0,3,2064
172059955,200.000,214.412,0.0000,-1.0140,0.0000,3.4130,0.000,31.89,41.0,3,2064
172060551,199.948,214.412,-0.9000,-0.0298,-15.4366,6.9001,0.000,31.89,41.0,3,2064
172061550,199.948,214.478,0.0000,0.8782,15.2940,-1.4398,0.000,31.89,41.0,3,2064
172062545,200.000,214.478,0.9000,0.2449,15.4366,-10.5256,0.000,31.89,41.0,3,2064
172063552,200.000,214.412,0.0000,-0.9957,0.0000,4.7533,0.000,31.89,41.0,3,2064
172064932,199.948,214.412,-0.9000,-0.0084,-15.4366,6.9924,0.000,31.89,41.0,3,2064
172065574,199.948,214.478,0.0000,0.8553,15.2940,-1.8342,0.000,31.89,41.0,3,2064
172066611,200.000,214.478,0.9000,0.2937,15.4366,-10.0862,0.000,31.89,41.0,3,2064
172067893,200.000,214.434,0.0000,-0.9606,0.0000,5.2191,0.000,31.89,41.0,3,2064
172068575,199.948,214.456,-0.9000,0.4463,-15.4366,4.7357,0.000,31.89,41.0,3,2064
172069894,199.948,214.500,0.0000,0.8431,15.2940,-1.6551,0.000,31.89,41.0,3,2064
172070870,200.000,214.434,0.9000,-0.9789,15.4366,4.8192,0.000,31.89,41.0,3,2064
172072196,200.000,214.434,0.0000,-0.1579,0.0000,6.9561,0.000,31.89,41.0,3,2064
172072863,199.948,214.500,-0.9000,0.9911,-15.4366,-1.6211,0.000,31.89,41.0,3,2064
172073873,199.948,214.500,0.0000,0.2144,15.2940,-10.4190,0.000,31.89,41.0,3,2064
172075251,200.000,214.434,0.9000,-1.1055,15.4366,5.3301,0.000,31.89,41.0,3,2064
172075923,200.000,214.456,0.0000,0.0038,0.0000,6.8715,0.000,31.89,41.0,3,2064
172076856,199.948,214.522,-0.9000,0.9911,-15.4366,-1.5134,0.000,31.89,41.0,3,2064
172077856,199.948,214.522,0.0000,0.2541,15.2940,-10.5135,0.000,31.89,41.0,3,2064
172079188,200.000,214.456,0.9000,-1.1238,15.4366,4.7764,0.000,31.89,41.0,3,2064
172080169,200.000,214.456,0.0000,0.0740,0.0000,7.0660,0.000,31.89,41.0,3,2064
172080854,199.948,214.522,-0.9000,0.8827,-15.4366,-1.6716,0.000,31.89,41.0,3,2064
172081855,199.948,214.522,0.0000,0.2983,15.2940,-10.5058,0.000,31.89,41.0,3,2064
172083188,200.000,214.456,0.9000,-1.0414,15.4366,4.7951,0.000,31.89,41.0,3,2064
172083922,200.000,214.478,0.0000,-0.0511,0.0000,6.9605,0.000,31.89,41.0,3,2064
172085194,199.948,214.544,-0.9000,0.9697,-15.4366,-1.4914,0.000,31.89,41.0,3,2064
172085863,199.948,214.544,0.0000,0.3777,15.2940,-10.5586,0.000,31.89,41.0,3,2064
172086868,200.000,214.478,0.9000,-0.9834,15.4366,4.8335,0.000,31.89,41.0,3,2064
172088243,200.000,214.478,0.0000,0.0740,0.0000,6.9814,0.000,31.89,41.0,3,2064
172088579,199.948,214.522,-0.9000,0.5165,-15.4366,4.1447,0.000,31.89,41.0,3,2064
172089893,199.948,214.544,0.0000,0.9087,15.2940,-1.5255,0.000,31.89,41.0,3,2064
172091196,200.000,214.478,0.9000,-1.0430,15.4366,4.8247,0.000,31.89,41.0,3,2064
172092192,200.000,214.500,0.0000,0.0786,0.0000,7.1231,0.000,31.89,41.0,3,2064
172092868,199.948,214.566,-0.9000,0.9346,-15.4366,-1.7441,0.000,31.89,41.0,3,2064
172093869,199.948,214.566,0.0000,0.3075,15.2940,-10.4201,0.000,31.89,41.0,3,2064
172095196,200.000,214.500,0.9000,-1.0689,15.4366,4.9192,0.000,31.89,41.0,3,2064
172095866,200.000,214.500,0.0000,0.0420,0.0000,7.1681,0.000,31.89,41.0,3,2064
172096932,199.948,214.566,-0.9000,0.9239,-15.4366,-1.9803,0.000,31.89,41.0,3,2064
172097858,199.948,214.588,0.0000,0.2663,15.2940,-10.1224,0.000,31.89,41.0,3,2064
172099184,200.000,214.522,0.9000,-1.0353,15.4366,4.7874,0.000,31.89,41.0,3,2064
172100167,200.000,214.522,0.0000,0.0832,0.0000,7.0638,0.000,31.89,41.0,3,2064
172100855,199.948,214.588,-0.9000,0.9636,-15.4366,-1.7144,0.000,31.89,41.0,3,2064
172101856,199.948,214.588,0.0000,0.2190,15.2940,-10.4267,0.000,31.89,41.0,3,2064
172103179,200.000,214.522,0.9000,-1.0857,15.4366,4.8489,0.000,31.89,41.0,3,2064
172103852,200.000,214.544,0.0000,0.1289,0.0000,7.1517,0.000,31.89,41.0,3,2064
172105253,199.948,214.610,-0.9000,0.8324,-15.4366,-1.9100,0.000,31.89,41.0,3,2064
172105907,199.948,214.610,0.0000,0.3288,15.2940,-10.0543,0.000,31.89,41.0,3,2064
172107188,200.000,214.522,0.9000,-1.1849,15.4366,4.7445,0.000,31.89,41.0,3,2064
172108225,200.000,214.544,0.0000,0.0618,0.0000,7.1363,0.000,31.89,41.0,3,2064
172108590,199.948,214.566,-0.9000,0.5760,-15.4366,3.6074,0.000,31.89,41.0,3,2064
172109901,199.948,214.610,0.0000,0.9651,15.2940,-1.7430,0.000,31.89,41.0,3,2064
172111190,200.000,214.544,0.9000,-1.1009,15.4366,4.8412,0.000,31.89,41.0,3,2064
172112188,200.000,214.544,0.0000,-0.1289,0.0000,7.1374,0.000,31.89,41.0,3,2064
172112869,199.948,214.610,-0.9000,0.8415,-15.4366,-1.7144,0.000,31.89,41.0,3,2064
172113874,199.948,214.610,0.0000,0.1610,15.2940,-10.3630,0.000,31.89,41.0,3,2064
172115194,200.000,214.544,0.9000,-1.0277,15.4366,4.9071,0.000,31.89,41.0,3,2064
172115904,200.000,214.544,0.0000,-0.1442,0.0000,7.1198,0.000,31.89,41.0,3,2064
172116934,199.948,214.610,-0.9000,0.8034,-15.4366,-1.8880,0.000,31.89,41.0,3,2064
172117854,199.948,214.610,0.0000,0.3334,15.2940,-10.0576,0.000,31.89,41.0,3,2064
172119183,200.000,214.544,0.9000,-1.0033,15.4366,4.8082,0.000,31.89,41.0,3,2064
172120167,200.000,214.566,0.0000,-0.0542,0.0000,7.1176,0.000,31.89,41.0,3,2064
172120861,199.948,214.632,-0.9000,0.9300,-15.4366,-1.7254,0.000,31.89,41.0,3,2064
172121929,199.948,214.632,0.0000,0.0984,15.2940,-10.6454,0.000,31.89,41.0,3,2064
172123193,200.000,214.544,0.9000,-1.1925,15.4366,4.4017,0.000,31.89,41.0,3,2064
172123908,200.000,214.544,0.0000,-0.0710,0.0000,7.3813,0.000,31.89,41.0,3,2064
172125194,199.948,214.610,-0.9000,0.7271,-15.4366,-1.6408,0.000,31.89,41.0,3,2064
172125864,199.948,214.588,0.0000,0.1671,15.2940,-10.4114,0.000,31.89,41.0,3,2064
172127192,200.000,214.522,0.9000,-1.0445,15.4366,4.9192,0.000,31.89,41.0,3,2064
172128226,200.000,214.522,0.0000,-0.1411,0.0000,7.1088,0.000,31.89,41.0,3,2064
172128578,199.948,214.544,-0.9000,0.4250,-15.4366,3.6448,0.000,31.89,41.0,3,2064
172129891,199.948,214.588,0.0000,0.7866,15.2940,-1.7199,0.000,31.89,41.0,3,2064
172131187,200.000,214.500,0.9000,-1.1437,15.4366,4.8302,0.000,31.89,41.0,3,2064
172132235,200.000,214.500,0.0000,-0.0389,0.0000,7.0022,0.000,31.89,41.0,3,2064
172132862,199.948,214.566,-0.9000,0.7836,-15.4366,-1.7111,0.000,31.89,41.0,3,2064
172133864,199.948,214.566,0.0000,0.1534,15.2940,-10.3784,0.000,31.89,41.0,3,2064
172135190,200.000,214.478,0.9000,-1.2535,15.4366,4.8291,0.000,31.89,41.0,3,2064
172135859,200.000,214.478,0.0000,-0.1289,0.0000,7.1528,0.000,31.89,41.0,3,2064
172136866,199.948,214.522,-0.9000,0.7195,-15.4366,-1.7133,0.000,31.89,41.0,3,2064
172137863,199.948,214.544,0.0000,0.2144,15.2940,-10.3487,0.000,31.89,41.0,3,2064
172139192,200.000,214.456,0.9000,-1.1910,15.4366,4.8511,0.000,31.89,41.0,3,2064
172140234,200.000,214.456,0.0000,-0.1976,0.0000,6.9572,0.000,31.89,41.0,3,2064
172140865,199.948,214.522,-0.9000,0.9209,-15.4366,-1.4233,0.000,31.89,41.0,3,2064
172141864,199.948,214.522,0.0000,0.1823,15.2940,-10.5322,0.000,31.89,41.0,3,2064
172143189,200.000,214.456,0.9000,-1.0826,15.4366,4.8808,0.000,31.89,41.0,3,2064
172143911,200.000,214.456,0.0000,-0.0114,0.0000,6.9473,0.000,31.89,41.0,3,2064
172145188,199.948,214.500,-0.9000,0.8080,-15.4366,-1.4530,0.000,31.89,41.0,3,2064
172145903,199.948,214.522,0.0000,0.2968,15.2940,-10.5410,0.000,31.89,41.0,3,2064
172147189,200.000,214.434,0.9000,-1.2154,15.4366,4.8829,0.000,31.89,41.0,3,2064
172148160,200.000,214.456,0.0000,-0.0160,0.0000,7.0627,0.000,31.89,41.0,3,2064
172148545,199.948,214.478,-0.9000,0.4692,-15.4366,4.1853,0.000,31.89,41.0,3,2064
172149859,199.948,214.500,0.0000,0.8446,15.2940,-1.6804,0.000,31.89,41.0,3,2064
172150577,200.000,214.500,0.9000,0.1579,15.4366,-10.4586,0.000,31.89,41.0,3,2064
172151889,200.000,214.434,0.0000,-1.0780,0.0000,4.8577,0.000,31.89,41.0,3,2064
172152573,199.948,214.456,-0.9000,-0.0114,-15.4366,7.0308,0.000,31.89,41.0,3,2064
172153578,199.948,214.500,0.0000,0.8019,15.2940,-1.6771,0.000,31.89,41.0,3,2064
172154869,200.000,214.500,0.9000,0.2785,15.4366,-10.4575,0.000,31.89,41.0,3,2064
172155653,200.000,214.434,0.0000,-1.0124,0.0000,4.8324,0.000,31.89,41.0,3,2064
172156646,199.948,214.456,-0.9000,-0.1045,-15.4366,6.8891,0.000,31.89,41.0,3,2064
172157547,199.948,214.500,0.0000,0.8370,15.2940,-1.7177,0.000,31.89,41.0,3,2064
172158545,200.000,214.522,0.9000,0.3746,15.4366,-10.1839,0.000,31.89,41.0,3,2064
172159868,200.000,214.456,0.0000,-0.9102,0.0000,4.6676,0.000,31.89,41.0,3,2064
172160547,199.948,214.456,-0.9000,0.0038,-15.4366,6.9967,0.000,31.89,41.0,3,2064
172161619,199.948,214.522,0.0000,0.8888,15.2940,-1.7474,0.000,31.89,41.0,3,2064
172162578,200.000,214.522,0.9000,0.2724,15.4366,-10.6717,0.000,31.89,41.0,3,2064
172163607,200.000,214.456,0.0000,-1.0857,0.0000,4.3578,0.000,31.89,41.0,3,2064
172164894,199.948,214.478,-0.9000,-0.0694,-15.4366,7.1011,0.000,31.89,41.0,3,2064
172165908,199.948,214.522,0.0000,0.2693,15.2940,-10.5410,0.000,31.89,41.0,3,2064
172167192,200.000,214.434,0.9000,-1.1971,15.4366,4.8478,0.000,31.89,41.0,3,2064
172168239,200.000,214.456,0.0000,0.0633,0.0000,6.9023,0.000,31.89,41.0,3,2064
172168563,199.948,214.500,-0.9000,0.5776,-15.4366,4.0623,0.000,31.89,41.0,3,2064
172169892,199.948,214.522,0.0000,0.8797,15.2940,-1.5485,0.000,31.89,41.0,3,2064
172170862,200.000,214.478,0.9000,-0.9407,15.4366,4.8808,0.000,31.89,41.0,3,2064
172172260,200.000,214.478,0.0000,0.1717,0.0000,6.9297,0.000,31.89,41.0,3,2064
172172850,199.948,214.522,-0.9000,0.7866,-15.4366,-1.5079,0.000,31.89,41.0,3,2064
172173852,199.948,214.544,0.0000,0.2159,15.2940,-10.5311,0.000,31.89,41.0,3,2064
172175175,200.000,214.478,0.9000,-1.0323,15.4366,4.8500,0.000,31.89,41.0,3,2064
172175850,200.000,214.478,0.0000,0.1091,0.0000,7.0363,0.000,31.89,41.0,3,2064
172176851,199.948,214.544,-0.9000,0.9728,-15.4366,-1.7111,0.000,31.89,41.0,3,2064
172177853,199.948,214.544,0.0000,0.2831,15.2940,-10.3993,0.000,31.89,41.0,3,2064
172179257,200.000,214.478,0.9000,-1.0445,15.4366,5.3993,0.000,31.89,41.0,3,2064
172180233,200.000,214.500,0.0000,0.0969,0.0000,6.9286,0.000,31.89,41.0,3,2064
172180857,199.948,214.566,-0.9000,0.9926,-15.4366,-1.5255,0.000,31.89,41.0,3,2064
172181864,199.948,214.566,0.0000,0.3212,15.2940,-10.4883,0.000,31.89,41.0,3,2064
172183250,200.000,214.500,0.9000,-1.0750,15.4366,5.3927,0.000,31.89,41.0,3,2064
172183863,200.000,214.522,0.0000,0.0267,0.0000,7.1011,0.000,31.89,41.0,3,2064
172185190,199.948,214.566,-0.9000,0.9316,-15.4366,-1.6815,0.000,31.89,41.0,3,2064
172185861,199.948,214.588,0.0000,0.2831,15.2940,-10.3883,0.000,31.89,41.0,3,2064
172187186,200.000,214.500,0.9000,-1.0704,15.4366,4.8115,0.000,31.89,41.0,3,2064
172188182,200.000,214.522,0.0000,-0.1183,0.0000,7.1396,0.000,31.89,41.0,3,2064
172188564,199.948,214.544,-0.9000,0.3212,-15.4366,4.3040,0.000,31.89,41.0,3,2064
172189902,199.948,214.566,0.0000,0.9072,15.2940,-1.6694,0.000,31.89,41.0,3,2064
172190627,200.000,214.566,0.9000,0.1183,15.4366,-10.6322,0.000,31.89,41.0,3,2064
172191872,200.000,214.500,0.0000,-1.1635,0.0000,5.3762,0.000,31.89,41.0,3,2064
172192547,199.948,214.522,-0.9000,-0.0496,-15.4366,7.1714,0.000,31.89,41.0,3,2064
172193618,199.948,214.566,0.0000,0.7881,15.2940,-1.7309,0.000,31.89,41.0,3,2064
172194894,200.000,214.588,0.9000,0.1473,15.4366,-10.6520,0.000,31.89,41.0,3,2064
172195580,200.000,214.500,0.0000,-1.0994,0.0000,4.4578,0.000,31.89,41.0,3,2064
172196582,199.948,214.500,-0.9000,-0.0740,-15.4366,7.1594,0.000,31.89,41.0,3,2064
172197573,199.948,214.566,0.0000,0.7881,15.2940,-1.4661,0.000,31.89,41.0,3,2064
172198577,200.000,214.566,0.9000,0.2754,15.4366,-10.4883,0.000,31.89,41.0,3,2064
172199892,200.000,214.478,0.0000,-1.1650,0.0000,4.9115,0.000,31.89,41.0,3,2064
172200580,199.948,214.500,-0.9000,-0.0298,-15.4366,7.0813,0.000,31.89,41.0,3,2064
172201579,199.948,214.566,0.0000,0.7912,15.2940,-1.7068,0.000,31.89,41.0,3,2064
172202577,200.000,214.544,0.9000,0.0374,15.4366,-10.4125,0.000,31.89,41.0,3,2064
172203576,200.000,214.478,0.0000,-1.1666,0.0000,4.8786,0.000,31.89,41.0,3,2064
172204892,199.948,214.478,-0.9000,-0.0099,-15.4366,6.9671,0.000,31.89,41.0,3,2064
172205905,199.948,214.544,0.0000,0.1228,15.2940,-10.6234,0.000,31.89,41.0,3,2064
172207187,200.000,214.456,0.9000,-1.1528,15.4366,4.8511,0.000,31.89,41.0,3,2064
172208230,200.000,214.478,0.0000,-0.0893,0.0000,6.9748,0.000,31.89,41.0,3,2064
172208566,199.948,214.500,-0.9000,0.4097,-15.4366,4.1436,0.000,31.89,41.0,3,2064
172209880,199.948,214.522,0.0000,0.9483,15.2940,-1.5101,0.000,31.89,41.0,3,2064
172210548,200.000,214.522,0.9000,0.2556,15.4366,-10.4245,0.000,31.89,41.0,3,2064
172211895,200.000,214.456,0.0000,-1.2200,0.0000,4.7720,0.000,31.89,41.0,3,2064
172212860,199.948,214.522,-0.9000,0.8354,-15.4366,-1.6804,0.000,31.89,41.0,3,2064
172213862,199.948,214.522,0.0000,0.2174,15.2940,-10.4476,0.000,31.89,41.0,3,2064
172215185,200.000,214.456,0.9000,-1.0964,15.4366,4.8588,0.000,31.89,41.0,3,2064
172215863,200.000,214.456,0.0000,-0.0633,0.0000,7.0967,0.000,31.89,41.0,3,2064
172216866,199.948,214.522,-0.9000,0.7866,-15.4366,-1.7287,0.000,31.89,41.0,3,2064
172217849,199.948,214.522,0.0000,0.2831,15.2940,-10.3927,0.000,31.89,41.0,3,2064
172219277,200.000,214.434,0.9000,-1.1116,15.4366,5.3696,0.000,31.89,41.0,3,2064
172220038,200.000,214.456,0.0000,-0.2678,0.0000,7.4351,0.000,31.89,41.0,3,2064
172220922,199.948,214.500,-0.9000,0.7561,-15.4366,-2.2330,0.000,31.89,41.0,3,2064
172221865,199.948,214.500,0.0000,0.2113,15.2940,-9.8741,0.000,31.89,41.0,3,2064
172223178,200.000,214.434,0.9000,-1.1574,15.4366,4.7918,0.000,31.89,41.0,3,2064
172223847,200.000,214.434,0.0000,-0.0618,0.0000,6.9946,0.000,31.89,41.0,3,2064
172225172,199.948,214.478,-0.9000,0.7729,-15.4366,-1.6540,0.000,31.89,41.0,3,2064
172225850,199.948,214.478,0.0000,0.1900,15.2940,-10.4399,0.000,31.89,41.0,3,2064
172227171,200.000,214.412,0.9000,-1.1269,15.4366,4.8214,0.000,31.89,41.0,3,2064
172228173,200.000,214.412,0.0000,-0.1747,0.0000,6.9967,0.000,31.89,41.0,3,2064
172228545,199.948,214.434,-0.9000,0.3426,-15.4366,4.1754,0.000,31.89,41.0,3,2064
172229929,199.948,214.478,0.0000,0.7073,15.2940,-1.6178,0.000,31.89,41.0,3,2064
172230574,200.000,214.478,0.9000,0.1213,15.4366,-10.6146,0.000,31.89,41.0,3,2064
172231927,200.000,214.390,0.0000,-1.2016,0.0000,4.2842,0.000,31.89,41.0,3,2064
172232578,199.948,214.390,-0.9000,-0.0481,-15.4366,7.0726,0.000,31.89,41.0,3,2064
172233580,199.948,214.434,0.0000,0.7179,15.2940,-1.3079,0.000,31.89,41.0,3,2064
172234895,200.000,214.434,0.9000,0.1991,15.4366,-10.4026,0.000,31.89,41.0,3,2064
172235860,200.000,214.390,0.0000,-0.0114,0.0000,6.9561,0.000,31.89,41.0,3,2064
172236864,199.948,214.434,-0.9000,0.7988,-15.4366,-1.5804,0.000,31.89,41.0,3,2064
172237922,199.948,214.434,0.0000,0.1152,15.2940,-10.5245,0.000,31.89,41.0,3,2064
172239231,200.000,214.347,0.9000,-1.1940,15.4366,4.3062,0.000,31.89,41.0,3,2064
172240161,200.000,214.368,0.0000,-0.0710,0.0000,7.1055,0.000,31.89,41.0,3,2064
172240849,199.948,214.412,-0.9000,0.7469,-15.4366,-1.5277,0.000,31.89,41.0,3,2064
172241850,199.948,214.412,0.0000,0.1610,15.2940,-10.2564,0.000,31.89,41.0,3,2064
172243173,200.000,214.325,0.9000,-1.1269,15.4366,4.8148,0.000,31.89,41.0,3,2064
172243848,200.000,214.347,0.0000,-0.0343,0.0000,6.8836,0.000,31.89,41.0,3,2064
172245171,199.948,214.390,-0.9000,0.6844,-15.4366,-1.5573,0.000,31.89,41.0,3,2064
172245848,199.948,214.390,0.0000,0.2312,15.2940,-10.2499,0.000,31.89,41.0,3,2064
172247257,200.000,214.325,0.9000,-1.1147,15.4366,5.2883,0.000,31.89,41.0,3,2064
172248227,200.000,214.325,0.0000,-0.0862,0.0000,6.6540,0.000,31.89,41.0,3,2064
172248564,199.948,214.368,-0.9000,0.3929,-15.4366,3.8964,0.000,31.89,41.0,3,2064
172249924,199.948,214.390,0.0000,0.7820,15.2940,-1.3585,0.000,31.89,41.0,3,2064
172250568,200.000,214.390,0.9000,0.2449,15.4366,-10.6069,0.000,31.89,41.0,3,2064
172251903,200.000,214.325,0.0000,-1.0765,0.0000,4.2743,0.000,31.89,41.0,3,2064
172252580,199.948,214.325,-0.9000,-0.1274,-15.4366,7.0868,0.000,31.89,41.0,3,2064
172253588,199.948,214.368,0.0000,0.7942,15.2940,-1.4771,0.000,31.89,41.0,3,2064
172254942,200.000,214.368,0.9000,0.0618,15.4366,-10.5256,0.000,31.89,41.0,3,2064
172255554,200.000,214.303,0.0000,-1.0750,0.0000,4.9280,0.000,31.89,41.0,3,2064
172256550,199.948,214.303,-0.9000,-0.1595,-15.4366,7.0572,0.000,31.89,41.0,3,2064
172257612,199.948,214.347,0.0000,0.6645,15.2940,-1.5145,0.000,31.89,41.0,3,2064
172258577,200.000,214.325,0.9000,-0.0374,15.4366,-10.4575,0.000,31.89,41.0,3,2064
172259890,200.000,214.259,0.0000,-1.1666,0.0000,4.3138,0.000,31.89,41.0,3,2064
172260580,199.948,214.259,-0.9000,-0.1839,-15.4366,6.9473,0.000,31.89,41.0,3,2064
172261578,199.948,214.303,0.0000,0.6966,15.2940,-1.7013,0.000,31.89,41.0,3,2064
172262576,200.000,214.303,0.9000,0.1991,15.4366,-10.1477,0.000,31.89,41.0,3,2064
172263575,200.000,214.237,0.0000,-1.2108,0.0000,4.7841,0.000,31.89,41.0,3,2064
172264892,199.948,214.237,-0.9000,-0.0465,-15.4366,6.8243,0.000,31.89,41.0,3,2064
172265576,199.948,214.281,0.0000,0.7027,15.2940,-1.3574,0.000,31.89,41.0,3,2064
172266580,200.000,214.281,0.9000,0.0938,15.4366,-10.5058,0.000,31.89,41.0,3,2064
172267887,200.000,214.215,0.0000,-1.1284,0.0000,4.3457,0.000,31.89,41.0,3,2064
172268577,199.948,214.215,-0.9000,-0.1946,-15.4366,7.0671,0.000,31.89,41.0,3,2064
172269889,199.948,214.215,0.0000,0.0511,15.2940,6.4551,0.000,31.89,41.0,3,2064
172270580,200.000,214.259,0.9000,0.1839,15.4366,-10.2575,0.000,31.89,41.0,3,2064
172271901,200.000,214.193,0.0000,-1.1742,0.0000,5.4553,0.000,31.89,41.0,3,2064
172272550,199.948,214.193,-0.9000,0.0511,-15.4366,6.8122,0.000,31.89,41.0,3,2064
172273550,199.948,214.259,0.0000,0.7332,15.2940,-1.6320,0.000,31.89,41.0,3,2064
172274888,200.000,214.259,0.9000,0.2251,15.4366,-10.2345,0.000,31.89,41.0,3,2064
172275900,200.000,214.193,0.0000,-0.0465,0.0000,6.9924,0.000,31.89,41.0,3,2064
172276860,199.948,214.259,-0.9000,0.8705,-15.4366,-1.6672,0.000,31.89,41.0,3,2064
172277859,199.948,214.237,0.0000,0.1396,15.2940,-10.2466,0.000,31.89,41.0,3,2064
172278861,200.000,214.171,0.9000,-0.9987,15.4366,4.7918,0.000,31.89,41.0,3,2064
172280180,200.000,214.193,0.0000,-0.0191,0.0000,7.0099,0.000,31.89,41.0,3,2064
172280923,199.948,214.237,-0.9000,0.8675,-15.4366,-1.8430,0.000,31.89,41.0,3,2064
172281789,199.948,214.259,0.0000,0.4341,15.2940,-9.2523,0.000,31.89,41.0,3,2064
172282936,200.000,214.193,0.9000,-0.8934,15.4366,5.7915,0.000,31.89,41.0,3,2064
172283851,200.000,214.237,0.0000,0.2281,0.0000,6.4947,0.000,31.89,41.0,3,2064
172285180,199.948,214.303,-0.9000,1.0918,-15.4366,-1.7046,0.000,31.89,41.0,3,2064
172285848,199.948,214.303,0.0000,0.3120,15.2940,-10.3114,0.000,31.89,41.0,3,2064
172286850,200.000,214.237,0.9000,-0.8812,15.4366,4.6995,0.000,31.89,41.0,3,2064
172288176,200.000,214.259,0.0000,0.0572,0.0000,6.8902,0.000,31.89,41.0,3,2064
172288547,199.948,214.281,-0.9000,0.5516,-15.4366,4.0886,0.000,31.89,41.0,3,2064
172289930,199.948,214.325,0.0000,0.9911,15.2940,-1.6013,0.000,31.89,41.0,3,2064
172290579,200.000,214.325,0.9000,0.3120,15.4366,-10.5355,0.000,31.89,41.0,3,2064
172291898,200.000,214.259,0.0000,-1.0262,0.0000,4.9522,0.000,31.89,41.0,3,2064
172292611,199.948,214.281,-0.9000,0.0893,-15.4366,6.8957,0.000,31.89,41.0,3,2064
172293579,199.948,214.347,0.0000,0.8843,15.2940,-1.6057,0.000,31.89,41.0,3,2064
172294899,200.000,214.347,0.9000,0.2708,15.4366,-10.0587,0.000,31.89,41.0,3,2064
172295582,200.000,214.281,0.0000,-0.9941,0.0000,4.6160,0.000,31.89,41.0,3,2064
172296571,199.948,214.303,-0.9000,0.1595,-15.4366,6.6298,0.000,31.89,41.0,3,2064
172297597,199.948,214.368,0.0000,0.9636,15.2940,-1.4354,0.000,31.89,41.0,3,2064
172298603,200.000,214.368,0.9000,0.4356,15.4366,-10.6948,0.000,31.89,41.0,3,2064
172299868,200.000,214.325,0.0000,-1.0780,0.0000,4.8247,0.000,31.89,41.0,3,2064
172300545,199.948,214.325,-0.9000,0.0999,-15.4366,7.0176,0.000,31.89,41.0,3,2064
172301550,199.948,214.390,0.0000,0.8095,15.2940,-1.5672,0.000,31.89,41.0,3,2064
172302613,200.000,214.390,0.9000,0.3075,15.4366,-10.3476,0.000,31.89,41.0,3,2064
172303575,200.000,214.325,0.0000,-1.0460,0.0000,5.2796,0.000,31.89,41.0,3,2064
172304893,199.948,214.347,-0.9000,0.0923,-15.4366,6.6650,0.000,31.89,41.0,3,2064
172305610,199.948,214.390,0.0000,0.8873,15.2940,-1.4321,0.000,31.89,41.0,3,2064
172306580,200.000,214.412,0.9000,0.2190,15.4366,-10.6344,0.000,31.89,41.0,3,2064
172307892,200.000,214.347,0.0000,-0.9789,0.0000,4.2095,0.000,31.89,41.0,3,2064
172308579,199.948,214.347,-0.9000,0.0221,-15.4366,6.9187,0.000,31.89,41.0,3,2064
172309894,199.948,214.368,0.0000,0.2708,15.2940,6.3101,0.000,31.89,41.0,3,2064
172310575,200.000,214.412,0.9000,0.2968,15.4366,-10.3795,0.000,31.89,41.0,3,2064
172311943,200.000,214.347,0.0000,-0.9865,0.0000,5.2444,0.000,31.89,41.0,3,2064
172312548,199.948,214.368,-0.9000,0.1045,-15.4366,6.7572,0.000,31.89,41.0,3,2064
172313550,199.948,214.412,0.0000,0.8476,15.2940,-1.4266,0.000,31.89,41.0,3,2064
172314859,200.000,214.434,0.9000,0.3670,15.4366,-10.4564,0.000,31.89,41.0,3,2064
172315548,200.000,214.368,0.0000,-0.9819,0.0000,4.6984,0.000,31.89,41.0,3,2064
172316619,199.948,214.390,-0.9000,0.0999,-15.4366,6.8979,0.000,31.89,41.0,3,2064
172317591,199.948,214.434,0.0000,0.8934,15.2940,-1.8100,0.000,31.89,41.0,3,2064
172318584,200.000,214.456,0.9000,0.2831,15.4366,-10.3015,0.000,31.89,41.0,3,2064
172319894,200.000,214.390,0.0000,-0.9773,0.0000,4.7994,0.000,31.89,41.0,3,2064
172320584,199.948,214.390,-0.9000,0.0450,-15.4366,6.9111,0.000,31.89,41.0,3,2064
172321583,199.948,214.456,0.0000,0.7927,15.2940,-1.7782,0.000,31.89,41.0,3,2064
172322625,200.000,214.456,0.9000,0.2739,15.4366,-10.3564,0.000,31.89,41.0,3,2064
172323548,200.000,214.390,0.0000,-1.0414,0.0000,5.1565,0.000,31.89,41.0,3,2064
172324873,199.948,214.412,-0.9000,0.0221,-15.4366,6.8473,0.000,31.89,41.0,3,2064
172325616,199.948,214.478,0.0000,0.9422,15.2940,-1.6628,0.000,31.89,41.0,3,2064
172326580,200.000,214.478,0.9000,0.2892,15.4366,-10.6234,0.000,31.89,41.0,3,2064
172327887,200.000,214.390,0.0000,-1.2520,0.0000,4.8104,0.000,31.89,41.0,3,2064
172328575,199.948,214.412,-0.9000,-0.0282,-15.4366,7.0484,0.000,31.89,41.0,3,2064
172329891,199.948,214.412,0.0000,0.1579,15.2940,6.4386,0.000,31.89,41.0,3,2064
172330578,200.000,214.456,0.9000,0.2419,15.4366,-10.6135,0.000,31.89,41.0,3,2064
172331894,200.000,214.390,0.0000,-1.1345,0.0000,5.2323,0.000,31.89,41.0,3,2064
172332578,199.948,214.412,-0.9000,0.0420,-15.4366,6.7968,0.000,31.89,41.0,3,2064
172333577,199.948,214.478,0.0000,0.9834,15.2940,-1.7727,0.000,31.89,41.0,3,2064
172334892,200.000,214.478,0.9000,0.2419,15.4366,-10.0301,0.000,31.89,41.0,3,2064
172335575,200.000,214.412,0.0000,-1.0414,0.0000,5.1488,0.000,31.89,41.0,3,2064
172336579,199.948,214.434,-0.9000,0.0938,-15.4366,6.8341,0.000,31.89,41.0,3,2064
172337574,199.948,214.478,0.0000,0.8064,15.2940,-1.4661,0.000,31.89,41.0,3,2064
172338572,200.000,214.478,0.9000,0.1442,15.4366,-10.6509,0.000,31.89,41.0,3,2064
172339896,200.000,214.412,0.0000,-1.0002,0.0000,4.2996,0.000,31.89,41.0,3,2064
172340551,199.948,214.434,-0.9000,-0.0404,-15.4366,7.0374,0.000,31.89,41.0,3,2064
172341550,199.948,214.478,0.0000,0.8385,15.2940,-1.3947,0.000,31.89,41.0,3,2064
172342572,200.000,214.478,0.9000,0.2922,15.4366,-10.4927,0.000,31.89,41.0,3,2064
172343566,200.000,214.412,0.0000,-1.1254,0.0000,4.8126,0.000,31.89,41.0,3,2064
172344884,199.948,214.434,-0.9000,0.0053,-15.4366,7.0132,0.000,31.89,41.0,3,2064
172345577,199.948,214.478,0.0000,0.7561,15.2940,-1.6749,0.000,31.89,41.0,3,2064
172346552,200.000,214.500,0.9000,0.3029,15.4366,-10.6432,0.000,31.89,41.0,3,2064
172347832,200.000,214.412,0.0000,-1.1803,0.0000,4.2842,0.000,31.89,41.0,3,2064
172348641,199.948,214.434,-0.9000,-0.1488,-15.4366,7.3582,0.000,31.89,41.0,3,2064
172349872,199.948,214.434,0.0000,0.0679,15.2940,6.7737,0.000,31.89,41.0,3,2064
172350545,200.000,214.478,0.9000,0.2068,15.4366,-9.9422,0.000,31.89,41.0,3,2064
172351866,200.000,214.412,0.0000,-1.0903,0.0000,4.6874,0.000,31.89,41.0,3,2064
172352545,199.948,214.412,-0.9000,-0.0130,-15.4366,6.8913,0.000,31.89,41.0,3,2064
172353617,199.948,214.478,0.0000,0.8034,15.2940,-1.6309,0.000,31.89,41.0,3,2064
172354891,200.000,214.478,0.9000,0.2617,15.4366,-10.5849,0.000,31.89,41.0,3,2064
172355575,200.000,214.390,0.0000,-1.2596,0.0000,4.2271,0.000,31.89,41.0,3,2064
172356612,199.948,214.390,-0.9000,-0.1259,-15.4366,7.0868,0.000,31.89,41.0,3,2064
172357576,199.948,214.456,0.0000,0.6935,15.2940,-1.5595,0.000,31.89,41.0,3,2064
172358579,200.000,214.456,0.9000,0.2739,15.4366,-10.3377,0.000,31.89,41.0,3,2064
172359895,200.000,214.368,0.0000,-1.0506,0.0000,4.1864,0.000,31.89,41.0,3,2064
172360581,199.948,214.390,-0.9000,-0.1671,-15.4366,6.9440,0.000,31.89,41.0,3,2064
172361621,199.948,214.434,0.0000,0.8247,15.2940,-1.5562,0.000,31.89,41.0,3,2064
172362552,200.000,214.434,0.9000,0.1808,15.4366,-10.3542,0.000,31.89,41.0,3,2064
172363545,200.000,214.368,0.0000,-1.1391,0.0000,4.1798,0.000,31.89,41.0,3,2064
172364865,199.948,214.368,-0.9000,-0.2632,-15.4366,7.0583,0.000,31.89,41.0,3,2064
172365546,199.948,214.434,0.0000,0.7820,15.2940,-1.5848,0.000,31.89,41.0,3,2064
172366619,200.000,214.412,0.9000,0.1732,15.4366,-10.3224,0.000,31.89,41.0,3,2064
172367894,200.000,214.347,0.0000,-1.1528,0.0000,5.2916,0.000,31.89,41.0,3,2064
172368574,199.948,214.368,-0.9000,-0.0343,-15.4366,6.7452,0.000,31.89,41.0,3,2064
172369919,199.948,214.368,0.0000,0.1289,15.2940,6.1486,0.000,31.89,41.0,3,2064
172370570,200.000,214.434,0.9000,0.2602,15.4366,-10.6388,0.000,31.89,41.0,3,2064
172371901,200.000,214.347,0.0000,-1.1162,0.0000,4.2985,0.000,31.89,41.0,3,2064
172372582,199.948,214.347,-0.9000,-0.0404,-15.4366,6.9067,0.000,31.89,41.0,3,2064
172373588,199.948,214.412,0.0000,0.7820,15.2940,-1.5650,0.000,31.89,41.0,3,2064
172374933,200.000,214.412,0.9000,0.1381,15.4366,-10.3707,0.000,31.89,41.0,3,2064
172375553,200.000,214.347,0.0000,-1.0170,0.0000,4.7918,0.000,31.89,41.0,3,2064
172376550,199.948,214.347,-0.9000,-0.0710,-15.4366,7.0099,0.000,31.89,41.0,3,2064
172377545,199.948,214.412,0.0000,0.8186,15.2940,-1.5672,0.000,31.89,41.0,3,2064
172378548,200.000,214.412,0.9000,0.0999,15.4366,-10.3015,0.000,31.89,41.0,3,2064
172379929,200.000,214.347,0.0000,-1.0491,0.0000,4.7533,0.000,31.89,41.0,3,2064
172380575,199.948,214.347,-0.9000,-0.0267,-15.4366,6.7408,0.000,31.89,41.0,3,2064
172381609,199.948,214.412,0.0000,0.8324,15.2940,-1.6035,0.000,31.89,41.0,3,2064
172382577,200.000,214.412,0.9000,0.2785,15.4366,-10.3388,0.000,31.89,41.0,3,2064
172383578,200.000,214.347,0.0000,-0.8400,0.0000,4.1271,0.000,31.89,41.0,3,2064
172384897,199.948,214.347,-0.9000,-0.0465,-15.4366,6.9275,0.000,31.89,41.0,3,2064
172385620,199.948,214.390,0.0000,0.7607,15.2940,-1.3563,0.000,31.89,41.0,3,2064
172386558,200.000,214.412,0.9000,0.1488,15.4366,-10.5981,0.000,31.89,41.0,3,2064
172387859,200.000,214.347,0.0000,-1.0979,0.0000,4.2589,0.000,31.89,41.0,3,2064
172388610,199.948,214.347,-0.9000,-0.2052,-15.4366,7.0737,0.000,31.89,41.0,3,2064
172389896,199.948,214.347,0.0000,-0.0175,15.2940,6.4771,0.000,31.89,41.0,3,2064
172390575,200.000,214.390,0.9000,0.2434,15.4366,-10.2389,0.000,31.89,41.0,3,2064
172391898,200.000,214.325,0.0000,-1.1482,0.0000,4.8016,0.000,31.89,41.0,3,2064
172392578,199.948,214.347,-0.9000,-0.0450,-15.4366,6.8594,0.000,31.89,41.0,3,2064
172393578,199.948,214.390,0.0000,0.8110,15.2940,-1.5892,0.000,31.89,41.0,3,2064
172394893,200.000,214.390,0.9000,0.1946,15.4366,-10.3158,0.000,31.89,41.0,3,2064
172395578,200.000,214.325,0.0000,-1.1437,0.0000,4.7687,0.000,31.89,41.0,3,2064
172396581,199.948,214.325,-0.9000,-0.0725,-15.4366,6.8374,0.000,31.89,41.0,3,2064
172397573,199.948,214.390,0.0000,0.9682,15.2940,-1.5551,0.000,31.89,41.0,3,2064
172398575,200.000,214.390,0.9000,0.2907,15.4366,-10.3191,0.000,31.89,41.0,3,2064
172399891,200.000,214.325,0.0000,-1.0735,0.0000,4.7511,0.000,31.89,41.0,3,2064
172400578,199.948,214.325,-0.9000,-0.1549,-15.4366,6.8902,0.000,31.89,41.0,3,2064
172401578,199.948,214.368,0.0000,0.6798,15.2940,-1.5903,0.000,31.89,41.0,3,2064
172402576,200.000,214.390,0.9000,0.2007,15.4366,-10.2619,0.000,31.89,41.0,3,2064
172403570,200.000,214.325,0.0000,-0.9209,0.0000,4.7280,0.000,31.89,41.0,3,2064
172404869,199.948,214.325,-0.9000,-0.0298,-15.4366,7.0033,0.000,31.89,41.0,3,2064
172405570,199.948,214.390,0.0000,0.7256,15.2940,-1.4980,0.000,31.89,41.0,3,2064
172406573,200.000,214.390,0.9000,0.2327,15.4366,-10.2279,0.000,31.89,41.0,3,2064
172407879,200.000,214.303,0.0000,-1.0597,0.0000,4.7434,0.000,31.89,41.0,3,2064
172408568,199.948,214.325,-0.9000,-0.0542,-15.4366,6.7122,0.000,31.89,41.0,3,2064
172409868,199.948,214.325,0.0000,0.1473,15.2940,5.8113,0.000,31.89,41.0,3,2064
172410547,200.000,214.368,0.9000,0.2144,15.4366,-10.2499,0.000,31.89,41.0,3,2064
172411848,200.000,214.303,0.0000,-1.0292,0.0000,4.7368,0.000,31.89,41.0,3,2064
172412638,199.948,214.325,-0.9000,-0.0160,-15.4366,6.9869,0.000,31.89,41.0,3,2064
172413552,199.948,214.368,0.0000,0.8263,15.2940,-1.8386,0.000,31.89,41.0,3,2064
172414868,200.000,214.368,0.9000,0.1961,15.4366,-9.8796,0.000,31.89,41.0,3,2064
172415545,200.000,214.303,0.0000,-1.0460,0.0000,4.6863,0.000,31.89,41.0,3,2064
172416550,199.948,214.325,-0.9000,0.1610,-15.4366,6.7649,0.000,31.89,41.0,3,2064
172417613,199.948,214.368,0.0000,0.9331,15.2940,-1.5562,0.000,31.89,41.0,3,2064
172418576,200.000,214.368,0.9000,0.2617,15.4366,-10.5058,0.000,31.89,41.0,3,2064
172419920,200.000,214.303,0.0000,-1.0811,0.0000,4.9038,0.000,31.89,41.0,3,2064
172420584,199.948,214.325,-0.9000,0.0572,-15.4366,6.8484,0.000,31.89,41.0,3,2064
172421581,199.948,214.368,0.0000,0.7057,15.2940,-1.5211,0.000,31.89,41.0,3,2064
172422580,200.000,214.368,0.9000,0.2388,15.4366,-10.2597,0.000,31.89,41.0,3,2064
172423577,200.000,214.303,0.0000,-1.0140,0.0000,4.7676,0.000,31.89,41.0,3,2064
172424938,199.948,214.325,-0.9000,-0.0175,-15.4366,6.8221,0.000,31.89,41.0,3,2064
172425553,199.948,214.347,0.0000,0.7668,15.2940,-1.5376,0.000,31.89,41.0,3,2064
172426551,200.000,214.368,0.9000,0.3319,15.4366,-9.9939,0.000,31.89,41.0,3,2064
172427861,200.000,214.303,0.0000,-1.0353,0.0000,4.5841,0.000,31.89,41.0,3,2064
172428547,199.948,214.325,-0.9000,0.0740,-15.4366,6.7704,0.000,31.89,41.0,3,2064
172429924,199.948,214.325,0.0000,0.1915,15.2940,6.1794,0.000,31.89,41.0,3,2064
172430579,200.000,214.368,0.9000,0.2312,15.4366,-10.5707,0.000,31.89,41.0,3,2064
172431919,200.000,214.303,0.0000,-1.0460,0.0000,4.8258,0.000,31.89,41.0,3,2064
172432576,199.948,214.325,-0.9000,-0.0740,-15.4366,6.9078,0.000,31.89,41.0,3,2064
172433584,199.948,214.368,0.0000,0.7057,15.2940,-1.4947,0.000,31.89,41.0,3,2064
172434894,200.000,214.368,0.9000,0.2983,15.4366,-10.3246,0.000,31.89,41.0,3,2064
172435582,200.000,214.303,0.0000,-1.0277,0.0000,4.7577,0.000,31.89,41.0,3,2064
172436626,199.948,214.325,-0.9000,-0.0343,-15.4366,6.8583,0.000,31.89,41.0,3,2064
172437564,199.948,214.368,0.0000,0.8705,15.2940,-1.5595,0.000,31.89,41.0,3,2064
172438545,200.000,214.390,0.9000,0.4219,15.4366,-10.0005,0.000,31.89,41.0,3,2064
172439929,200.000,214.303,0.0000,-1.0063,0.0000,4.6588,0.000,31.89,41.0,3,2064
172440581,199.948,214.325,-0.9000,0.1961,-15.4366,6.6210,0.000,31.89,41.0,3,2064
172441576,199.948,214.390,0.0000,0.8965,15.2940,-1.6397,0.000,31.89,41.0,3,2064
172442576,200.000,214.390,0.9000,0.3639,15.4366,-10.3498,0.000,31.89,41.0,3,2064
172443574,200.000,214.325,0.0000,-0.9316,0.0000,4.7434,0.000,31.89,41.0,3,2064
172444894,199.948,214.347,-0.9000,0.0511,-15.4366,6.8374,0.000,31.89,41.0,3,2064
172445575,199.948,214.412,0.0000,0.7927,15.2940,-1.6211,0.000,31.89,41.0,3,2064
172446581,200.000,214.412,0.9000,0.2220,15.4366,-10.3586,0.000,31.89,41.0,3,2064
172447889,200.000,214.347,0.0000,-0.9728,0.0000,4.7083,0.000,31.89,41.0,3,2064
172448577,199.948,214.368,-0.9000,-0.0191,-15.4366,6.8111,0.000,31.89,41.0,3,2064
172449889,199.948,214.368,0.0000,0.1946,15.2940,6.2420,0.000,31.89,41.0,3,2064
172450580,200.000,214.434,0.9000,0.1900,15.4366,-10.3663,0.000,31.89,41.0,3,2064
172451897,200.000,214.368,0.0000,-0.9239,0.0000,4.6918,0.000,31.89,41.0,3,2064
172452580,199.948,214.368,-0.9000,-0.0267,-15.4366,6.8188,0.000,31.89,41.0,3,2064
172453585,199.948,214.434,0.0000,0.8843,15.2940,-1.6342,0.000,31.89,41.0,3,2064
172454868,200.000,214.456,0.9000,0.3624,15.4366,-10.3542,0.000,31.89,41.0,3,2064
172455545,200.000,214.390,0.0000,-0.8385,0.0000,4.0656,0.000,31.89,41.0,3,2064
172456579,199.948,214.390,-0.9000,0.0786,-15.4366,7.0759,0.000,31.89,41.0,3,2064
172457569,199.948,214.434,0.0000,0.8904,15.2940,-1.5969,0.000,31.89,41.0,3,2064
172458569,200.000,214.456,0.9000,0.2312,15.4366,-10.3564,0.000,31.89,41.0,3,2064
172459891,200.000,214.390,0.0000,-0.9194,0.0000,4.7588,0.000,31.89,41.0,3,2064
172460548,199.948,214.412,-0.9000,0.1503,-15.4366,6.7759,0.000,31.89,41.0,3,2064
172461534,199.948,214.456,0.0000,0.8400,15.2940,-1.3838,0.000,31.89,41.0,3,2064
172462637,200.000,214.456,0.9000,0.4402,15.4366,-10.1499,0.000,31.89,41.0,3,2064
172463547,200.000,214.390,0.0000,-0.8827,0.0000,5.5355,0.000,31.89,41.0,3,2064
172464868,199.948,214.434,-0.9000,0.1946,-15.4366,6.7594,0.000,31.89,41.0,3,2064
172465546,199.948,214.500,0.0000,1.0597,15.2940,-1.6738,0.000,31.89,41.0,3,2064
172466579,200.000,214.500,0.9000,0.3822,15.4366,-10.3894,0.000,31.89,41.0,3,2064
172467922,200.000,214.434,0.0000,-1.0353,0.0000,5.3488,0.000,31.89,41.0,3,2064
172468578,199.948,214.456,-0.9000,0.1060,-15.4366,6.8298,0.000,31.89,41.0,3,2064
172469920,199.948,214.456,0.0000,0.3227,15.2940,6.2398,0.000,31.89,41.0,3,2064
172470584,200.000,214.522,0.9000,0.4021,15.4366,-10.4388,0.000,31.89,41.0,3,2064
172471900,200.000,214.456,0.0000,-0.9850,0.0000,4.7643,0.000,31.89,41.0,3,2064
172472568,199.948,214.456,-0.9000,0.0008,-15.4366,7.0945,0.000,31.89,41.0,3,2064
172473582,199.948,214.522,0.0000,0.9163,15.2940,-1.5134,0.000,31.89,41.0,3,2064
172474895,200.000,214.522,0.9000,0.2800,15.4366,-10.7926,0.000,31.89,41.0,3,2064
172475621,200.000,214.456,0.0000,-1.1177,0.0000,4.9104,0.000,31.89,41.0,3,2064
172476554,199.948,214.478,-0.9000,-0.0175,-15.4366,7.1418,0.000,31.89,41.0,3,2064
172477545,199.948,214.522,0.0000,0.8919,15.2940,-1.4903,0.000,31.89,41.0,3,2064
172478545,200.000,214.522,0.9000,0.2998,15.4366,-10.5311,0.000,31.89,41.0,3,2064
172479898,200.000,214.456,0.0000,-0.9850,0.0000,4.7841,0.000,31.89,41.0,3,2064
172480599,199.948,214.478,-0.9000,0.0206,-15.4366,6.9550,0.000,31.89,41.0,3,2064
172481577,199.948,214.544,0.0000,1.0246,15.2940,-1.7287,0.000,31.89,41.0,3,2064
172482575,200.000,214.544,0.9000,0.2327,15.4366,-10.4443,0.000,31.89,41.0,3,2064
172483605,200.000,214.478,0.0000,-1.0811,0.0000,4.8159,0.000,31.89,41.0,3,2064
172484896,199.948,214.478,-0.9000,-0.0237,-15.4366,7.1187,0.000,31.89,41.0,3,2064
172485581,199.948,214.544,0.0000,0.8843,15.2940,-1.6848,0.000,31.89,41.0,3,2064
172486585,200.000,214.544,0.9000,0.1930,15.4366,-10.4114,0.000,31.89,41.0,3,2064
172487927,200.000,214.478,0.0000,-1.1360,0.0000,4.9126,0.000,31.89,41.0,3,2064
172488552,199.948,214.500,-0.9000,0.0206,-15.4366,7.1769,0.000,31.89,41.0,3,2064
172489866,199.948,214.500,0.0000,0.2419,15.2940,6.5540,0.000,31.89,41.0,3,2064
172490547,200.000,214.544,0.9000,0.1762,15.4366,-10.4685,0.000,31.89,41.0,3,2064
172491866,200.000,214.478,0.0000,-1.0658,0.0000,4.8643,0.000,31.89,41.0,3,2064
172492547,199.948,214.500,-0.9000,0.0084,-15.4366,7.1011,0.000,31.89,41.0,3,2064
172493617,199.948,214.544,0.0000,0.8949,15.2940,-1.7111,0.000,31.89,41.0,3,2064
172494894,200.000,214.566,0.9000,0.2327,15.4366,-10.6256,0.000,31.89,41.0,3,2064
172495600,200.000,214.478,0.0000,-1.2200,0.0000,4.9928,0.000,31.89,41.0,3,2064
172496585,199.948,214.478,-0.9000,-0.1350,-15.4366,7.1440,0.000,31.89,41.0,3,2064
172497577,199.948,214.544,0.0000,0.8919,15.2940,-1.6661,0.000,31.89,41.0,3,2064
172498583,200.000,214.544,0.9000,0.2876,15.4366,-10.4740,0.000,31.89,41.0,3,2064
172499941,200.000,214.478,0.0000,-1.1925,0.0000,4.8346,0.000,31.89,41.0,3,2064
172500842,199.948,214.522,-0.9000,0.8537,-15.4366,-1.4541,0.000,31.89,41.0,3,2064
172501843,199.948,214.522,0.0000,0.1976,15.2940,-10.5322,0.000,31.89,41.0,3,2064
172503163,200.000,214.456,0.9000,-1.2444,15.4366,4.8368,0.000,31.89,41.0,3,2064
172503917,200.000,214.478,0.0000,0.1198,0.0000,6.9935,0.000,31.89,41.0,3,2064
172505225,199.948,214.522,-0.9000,0.8217,-15.4366,-1.7287,0.000,31.89,41.0,3,2064
172505890,199.948,214.522,0.0000,0.3761,15.2940,-10.1696,0.000,31.89,41.0,3,2064
172506898,200.000,214.456,0.9000,-0.9789,15.4366,5.2598,0.000,31.89,41.0,3,2064
172508222,200.000,214.478,0.0000,0.1381,0.0000,6.9155,0.000,31.89,41.0,3,2064
172508560,199.948,214.500,-0.9000,0.4402,-15.4366,4.1117,0.000,31.89,41.0,3,2064
172509893,199.948,214.522,0.0000,0.9117,15.2940,-1.4881,0.000,31.89,41.0,3,2064
172510578,200.000,214.544,0.9000,0.1747,15.4366,-10.7475,0.000,31.89,41.0,3,2064
172511896,200.000,214.456,0.0000,-1.2001,0.0000,4.9467,0.000,31.89,41.0,3,2064
172512578,199.948,214.478,-0.9000,-0.0313,-15.4366,7.1187,0.000,31.89,41.0,3,2064
172513579,199.948,214.522,0.0000,0.9499,15.2940,-1.6584,0.000,31.89,41.0,3,2064
172514891,200.000,214.522,0.9000,0.2739,15.4366,-10.3718,0.000,31.89,41.0,3,2064
172515578,200.000,214.478,0.0000,-0.9972,0.0000,4.8862,0.000,31.89,41.0,3,2064
172516578,199.948,214.478,-0.9000,-0.0053,-15.4366,7.0396,0.000,31.89,41.0,3,2064
172517574,199.948,214.544,0.0000,0.8919,15.2940,-1.7046,0.000,31.89,41.0,3,2064
172518574,200.000,214.522,0.9000,0.1686,15.4366,-10.4927,0.000,31.89,41.0,3,2064
172519895,200.000,214.478,0.0000,-1.0506,0.0000,4.8676,0.000,31.89,41.0,3,2064
172520552,199.948,214.478,-0.9000,-0.0969,-15.4366,7.0176,0.000,31.89,41.0,3,2064
172521550,199.948,214.544,0.0000,0.8675,15.2940,-1.4650,0.000,31.89,41.0,3,2064
172522570,200.000,214.544,0.9000,0.3700,15.4366,-10.4938,0.000,31.89,41.0,3,2064
172523566,200.000,214.478,0.0000,-1.0628,0.0000,4.8467,0.000,31.89,41.0,3,2064
172524883,199.948,214.478,-0.9000,0.0160,-15.4366,6.9484,0.000,31.89,41.0,3,2064
172525899,199.948,214.544,0.0000,0.2632,15.2940,-10.7190,0.000,31.89,41.0,3,2064
172527170,200.000,214.478,0.9000,-1.1543,15.4366,4.2985,0.000,31.89,41.0,3,2064
172528235,200.000,214.478,0.0000,-0.0221,0.0000,7.1670,0.000,31.89,41.0,3,2064
172528610,199.948,214.500,-0.9000,0.4448,-15.4366,4.2787,0.000,31.89,41.0,3,2064
172529966,199.948,214.522,0.0000,0.8766,15.2940,-1.7035,0.000,31.89,41.0,3,2064
172530552,200.000,214.522,0.9000,0.2266,15.4366,-10.3883,0.000,31.89,41.0,3,2064
172531864,200.000,214.478,0.0000,-1.0552,0.0000,4.1897,0.000,31.89,41.0,3,2064
172532548,199.948,214.478,-0.9000,-0.2312,-15.4366,7.2692,0.000,31.89,41.0,3,2064
172533550,199.948,214.522,0.0000,0.8904,15.2940,-1.6936,0.000,31.89,41.0,3,2064
172534927,200.000,214.522,0.9000,0.1198,15.4366,-10.4751,0.000,31.89,41.0,3,2064
172535577,200.000,214.456,0.0000,-1.1727,0.0000,5.3861,0.000,31.89,41.0,3,2064
172536579,199.948,214.456,-0.9000,0.0633,-15.4366,6.9319,0.000,31.89,41.0,3,2064
172537607,199.948,214.522,0.0000,0.9331,15.2940,-1.6705,0.000,31.89,42.0,3,2064
172538577,200.000,214.522,0.9000,0.1884,15.4366,-10.4201,0.000,31.89,41.0,3,2064
172539896,200.000,214.456,0.0000,-1.0887,0.0000,4.8753,0.000,31.89,41.0,3,2064
172540581,199.948,214.456,-0.9000,-0.0679,-15.4366,7.0286,0.000,31.89,41.0,3,2064
172541581,199.948,214.522,0.0000,0.9316,15.2940,-1.6793,0.000,31.89,41.0,3,2064
172542631,200.000,214.522,0.9000,0.2754,15.4366,-10.3938,0.000,31.89,41.0,3,2064
172543548,200.000,214.456,0.0000,-1.2093,0.0000,4.8797,0.000,31.89,41.0,3,2064
172544865,199.948,214.456,-0.9000,-0.0267,-15.4366,7.1769,0.000,31.89,41.0,3,2064
172545613,199.948,214.500,0.0000,0.7713,15.2940,-1.6419,0.000,31.89,42.0,3,2064
172546582,200.000,214.522,0.9000,0.1473,15.4366,-10.5882,0.000,31.89,41.0,3,2064
172547893,200.000,214.434,0.0000,-1.2062,0.0000,4.9610,0.000,31.89,41.0,3,2064
172548577,199.948,214.434,-0.9000,-0.2068,-15.4366,7.0748,0.000,31.89,41.0,3,2064
172549891,199.948,214.456,0.0000,-0.0328,15.2940,6.4694,0.000,31.89,41.0,3,2064
172550578,200.000,214.500,0.9000,0.3197,15.4366,-10.4223,0.000,31.89,41.0,3,2064
172551897,200.000,214.412,0.0000,-1.1116,0.0000,4.7841,0.000,31.89,41.0,3,2064
172552578,199.948,214.412,-0.9000,-0.1854,-15.4366,7.0835,0.000,31.89,41.0,3,2064
172553578,199.948,214.478,0.0000,0.8873,15.2940,-1.6903,0.000,31.89,41.0,3,2064
172554892,200.000,214.478,0.9000,0.0694,15.4366,-10.3125,0.000,31.89,41.0,3,2064
172555578,200.000,214.412,0.0000,-0.9392,0.0000,4.7522,0.000,31.89,41.0,3,2064
172556580,199.948,214.412,-0.9000,-0.0084,-15.4366,7.0000,0.000,31.89,41.0,3,2064
172557572,199.948,214.478,0.0000,0.7210,15.2940,-1.5639,0.000,31.89,41.0,3,2064
172558576,200.000,214.478,0.9000,0.1823,15.4366,-10.2883,0.000,31.89,41.0,3,2064
172559892,200.000,214.390,0.0000,-1.0048,0.0000,4.7401,0.000,31.89,42.0,3,2064
172560568,199.948,214.412,-0.9000,-0.0893,-15.4366,6.9836,0.000,31.89,41.0,3,2064
172561551,199.948,214.456,0.0000,0.8080,15.2940,-1.3728,0.000,31.89,41.0,3,2064
172562573,200.000,214.456,0.9000,0.0633,15.4366,-10.3553,0.000,31.89,41.0,3,2064
172563568,200.000,214.390,0.0000,-1.0094,0.0000,5.2675,0.000,31.89,41.0,3,2064
172564881,199.948,214.412,-0.9000,0.0908,-15.4366,6.8298,0.000,31.89,41.0,3,2064
172565557,199.948,214.456,0.0000,0.8186,15.2940,-1.3925,0.000,31.89,41.0,3,2064
172566553,200.000,214.456,0.9000,0.2419,15.4366,-10.3993,0.000,31.89,41.0,3,2064
172567856,200.000,214.390,0.0000,-1.0231,0.0000,4.7665,0.000,31.89,41.0,3,2064
172568653,199.948,214.412,-0.9000,0.0923,-15.4366,6.9253,0.000,31.89,41.0,3,2064
172569899,199.948,214.412,0.0000,0.3059,15.2940,6.3343,0.000,31.89,41.0,3,2064
172570549,200.000,214.456,0.9000,0.1930,15.4366,-10.3158,0.000,31.89,41.0,3,2064
172571874,200.000,214.390,0.0000,-0.9361,0.0000,4.1721,0.000,31.89,41.0,3,2064
172572548,199.948,214.412,-0.9000,-0.1595,-15.4366,7.0978,0.000,31.89,41.0,3,2064
172573599,199.948,214.456,0.0000,0.9270,15.2940,-1.5782,0.000,31.89,41.0,3,2064
172574872,200.000,214.456,0.9000,0.2327,15.4366,-10.6300,0.000,31.89,41.0,3,2064
172575886,200.000,214.390,0.0000,-0.1045,0.0000,7.0418,0.000,31.89,41.0,3,2064
172576839,199.948,214.456,-0.9000,0.8186,-15.4366,-1.3816,0.000,31.89,41.0,3,2064
172577918,199.948,214.456,0.0000,0.2403,15.2940,-10.6553,0.000,31.89,41.0,3,2064
172579167,200.000,214.368,0.9000,-1.1833,15.4366,4.2358,0.000,31.89,41.0,3,2064
172580232,200.000,214.368,0.0000,-0.1564,0.0000,6.9880,0.000,31.89,41.0,3,2064
172580914,199.948,214.434,-0.9000,0.7942,-15.4366,-1.5914,0.000,31.89,42.0,3,2064
172581967,199.948,214.434,0.0000,0.1610,15.2940,-10.3652,0.000,31.89,42.0,3,2064
172583166,200.000,214.368,0.9000,-1.1330,15.4366,4.1304,0.000,31.89,42.0,3,2064
172583838,200.000,214.368,0.0000,-0.2144,0.0000,7.0956,0.000,31.89,41.0,3,2064
172585160,199.948,214.434,-0.9000,0.7225,-15.4366,-1.5551,0.000,31.89,41.0,3,2064
172585835,199.948,214.412,0.0000,0.2571,15.2940,-10.2916,0.000,31.89,41.0,3,2064
172587160,200.000,214.347,0.9000,-1.0170,15.4366,4.7885,0.000,31.89,41.0,3,2064
172588222,200.000,214.347,0.0000,0.0572,0.0000,6.8034,0.000,31.89,41.0,3,2064
172588597,199.948,214.390,-0.9000,0.5165,-15.4366,3.9788,0.000,31.89,41.0,3,2064
172589908,199.948,214.412,0.0000,0.8247,15.2940,-1.6309,0.000,31.89,42.0,3,2064
172590645,200.000,214.412,0.9000,0.2937,15.4366,-10.3081,0.000,31.89,41.0,3,2064
172591896,200.000,214.347,0.0000,-1.0628,0.0000,4.8159,0.000,31.89,41.0,3,2064
172592578,199.948,214.347,-0.9000,0.0008,-15.4366,6.8298,0.000,31.89,41.0,3,2064
172593577,199.948,214.412,0.0000,0.9056,15.2940,-1.5705,0.000,31.89,41.0,3,2064
172594919,200.000,214.412,0.9000,0.2602,15.4366,-10.3377,0.000,31.89,41.0,3,2064
172595580,200.000,214.347,0.0000,-1.0414,0.0000,4.7621,0.000,31.89,42.0,3,2064
172596577,199.948,214.368,-0.9000,-0.0725,-15.4366,6.8616,0.000,31.89,42.0,3,2064
172597571,199.948,214.412,0.0000,0.7210,15.2940,-1.6035,0.000,31.89,42.0,3,2064
172598574,200.000,214.412,0.9000,0.3304,15.4366,-10.3213,0.000,31.89,42.0,3,2064
172599894,200.000,214.347,0.0000,-1.0475,0.0000,4.7225,0.000,31.89,42.0,3,2064
172600611,199.948,214.347,-0.9000,-0.1106,-15.4366,6.8825,0.000,31.89,42.0,3,2064
172601551,199.948,214.412,0.0000,0.8919,15.2940,-1.6452,0.000,31.89,42.0,3,2064
172602545,200.000,214.434,0.9000,0.3975,15.4366,-10.0796,0.000,31.89,42.0,3,2064
172603544,200.000,214.368,0.0000,-0.9712,0.0000,4.5995,0.000,31.89,41.0,3,2064
172604919,199.948,214.368,-0.9000,0.0969,-15.4366,6.8100,0.000,31.89,42.0,3,2064
172605576,199.948,214.434,0.0000,0.8247,15.2940,-1.8320,0.000,31.89,41.0,3,2064
172606578,200.000,214.456,0.9000,0.3044,15.4366,-10.3004,0.000,31.89,41.0,3,2064
172607918,200.000,214.368,0.0000,-1.0689,0.0000,4.6874,0.000,31.89,41.0,3,2064
172608580,199.948,214.390,-0.9000,0.0694,-15.4366,6.9045,0.000,31.89,41.0,3,2064
172609896,199.948,214.390,0.0000,0.1732,15.2940,6.2969,0.000,31.89,41.0,3,2064
172610584,200.000,214.456,0.9000,0.3166,15.4366,-10.3290,0.000,31.89,41.0,3,2064
172611898,200.000,214.368,0.0000,-1.2230,0.0000,4.6797,0.000,31.89,42.0,3,2064
172612584,199.948,214.390,-0.9000,0.0984,-15.4366,6.8957,0.000,31.89,42.0,3,2064
172613627,199.948,214.456,0.0000,0.9087,15.2940,-1.6211,0.000,31.89,42.0,3,2064
172614872,200.000,214.456,0.9000,0.2434,15.4366,-10.4509,0.000,31.89,42.0,3,2064
172615837,200.000,214.412,0.0000,-0.1518,0.0000,7.0363,0.000,31.89,42.0,3,2064
172616837,199.948,214.456,-0.9000,0.8263,-15.4366,-1.6035,0.000,31.89,42.0,3,2064
172617839,199.948,214.456,0.0000,0.1900,15.2940,-10.3839,0.000,31.89,42.0,3,2064
172618838,200.000,214.390,0.9000,-0.9758,15.4366,4.7654,0.000,31.89,42.0,3,2064
172620239,200.000,214.412,0.0000,0.0267,0.0000,6.7891,0.000,31.89,42.0,3,2064
172620893,199.948,214.456,-0.9000,0.8293,-15.4366,-1.6892,0.000,31.89,41.0,3,2064
172621896,199.948,214.478,0.0000,0.2983,15.2940,-10.4015,0.000,31.89,41.0,3,2064
172623235,200.000,214.412,0.9000,-1.0506,15.4366,4.7357,0.000,31.89,42.0,3,2064
172623898,200.000,214.412,0.0000,-0.0008,0.0000,6.9242,0.000,31.89,42.0,3,2064
172625227,199.948,214.456,-0.9000,0.7637,-15.4366,-1.6222,0.000,31.89,41.0,3,2064
172625897,199.948,214.478,0.0000,0.2037,15.2940,-10.4355,0.000,31.89,42.0,3,2064
172627224,200.000,214.412,0.9000,-1.0033,15.4366,4.7324,0.000,31.89,42.0,3,2064
172628225,200.000,214.412,0.0000,0.0114,0.0000,6.9792,0.000,31.89,42.0,3,2064
172628565,199.948,214.434,-0.9000,0.3517,-15.4366,4.1534,0.000,31.89,42.0,3,2064
172629903,199.948,214.478,0.0000,0.9224,15.2940,-1.3958,0.000,31.89,42.0,3,2064
172630624,200.000,214.478,0.9000,0.1976,15.4366,-10.6355,0.000,31.89,42.0,3,2064
172631875,200.000,214.412,0.0000,-1.0842,0.0000,4.8071,0.000,31.89,42.0,3,2064
172632547,199.948,214.412,-0.9000,-0.1091,-15.4366,7.1604,0.000,31.89,41.0,3,2064
172633550,199.948,214.456,0.0000,0.9285,15.2940,-1.5463,0.000,31.89,41.0,3,2064
172634860,200.000,214.478,0.9000,0.2190,15.4366,-10.3465,0.000,31.89,42.0,3,2064
172635608,200.000,214.390,0.0000,-0.9850,0.0000,4.7676,0.000,31.89,42.0,3,2064
172636580,199.948,214.412,-0.9000,-0.0267,-15.4366,6.8451,0.000,31.89,42.0,3,2064
172637572,199.948,214.456,0.0000,0.8919,15.2940,-1.6727,0.000,31.89,42.0,3,2064
172638605,200.000,214.478,0.9000,0.3136,15.4366,-10.3729,0.000,31.89,42.0,3,2064
172639897,200.000,214.390,0.0000,-1.1254,0.0000,4.7929,0.000,31.89,42.0,3,2064
172640582,199.948,214.412,-0.9000,-0.1564,-15.4366,6.9385,0.000,31.89,42.0,3,2064
172641584,199.948,214.456,0.0000,0.6676,15.2940,-1.6430,0.000,31.89,42.0,3,2064
172642586,200.000,214.478,0.9000,0.2983,15.4366,-10.3685,0.000,31.89,42.0,3,2064
172643547,200.000,214.390,0.0000,-1.0170,0.0000,4.8324,0.000,31.89,42.0,3,2064
172644891,199.948,214.412,-0.9000,-0.1701,-15.4366,7.0440,0.000,31.89,42.0,3,2064
172645597,199.948,214.456,0.0000,0.7530,15.2940,-1.7573,0.000,31.89,42.0,3,2064
172646578,200.000,214.456,0.9000,0.0954,15.4366,-10.3718,0.000,31.89,42.0,3,2064
172647883,200.000,214.390,0.0000,-1.0201,0.0000,4.7984,0.000,31.89,42.0,3,2064
172648574,199.948,214.390,-0.9000,-0.0710,-15.4366,6.9341,0.000,31.89,42.0,3,2064
172649888,199.948,214.412,0.0000,0.1198,15.2940,6.3474,0.000,31.89,42.0,3,2064
172650577,200.000,214.456,0.9000,0.2113,15.4366,-10.3520,0.000,31.89,42.0,3,2064
172651896,200.000,214.390,0.0000,-1.0719,0.0000,4.7149,0.000,31.89,42.0,3,2064
172652575,199.948,214.390,-0.9000,-0.0771,-15.4366,6.9253,0.000,31.89,42.0,3,2064
172653578,199.948,214.456,0.0000,0.8141,15.2940,-1.6277,0.000,31.89,42.0,3,2064
172654889,200.000,214.456,0.9000,0.1640,15.4366,-10.3399,0.000,31.89,42.0,3,2064
172655577,200.000,214.390,0.0000,-1.1589,0.0000,4.6819,0.000,31.89,42.0,3,2064
172656578,199.948,214.390,-0.9000,-0.0648,-15.4366,6.9407,0.000,31.89,42.0,3,2064
172657573,199.948,214.456,0.0000,0.7836,15.2940,-1.5771,0.000,31.89,42.0,3,2064
172658573,200.000,214.456,0.9000,0.2602,15.4366,-10.3279,0.000,31.89,42.0,3,2064
172659893,200.000,214.368,0.0000,-1.0689,0.0000,4.7116,0.000,31.89,42.0,3,2064
172660554,199.948,214.390,-0.9000,-0.0496,-15.4366,6.9429,0.000,31.89,42.0,3,2064
172661550,199.948,214.456,0.0000,0.8278,15.2940,-1.3640,0.000,31.89,42.0,3,2064
172662572,200.000,214.456,0.9000,0.2220,15.4366,-10.4114,0.000,31.89,42.0,3,2064
172663566,200.000,214.390,0.0000,-0.9545,0.0000,5.2466,0.000,31.89,42.0,3,2064
172664881,199.948,214.412,-0.9000,0.0557,-15.4366,6.7979,0.000,31.89,42.0,3,2064
172665577,199.948,214.456,0.0000,0.8598,15.2940,-1.4310,0.000,31.89,42.0,3,2064
172666552,200.000,214.456,0.9000,0.2174,15.4366,-10.6651,0.000,31.89,42.0,3,2064
172667851,200.000,214.390,0.0000,-1.1177,0.0000,4.2831,0.000,31.89,42.0,3,2064
172668641,199.948,214.390,-0.9000,-0.1656,-15.4366,7.2461,0.000,31.89,42.0,3,2064
172669872,199.948,214.412,0.0000,-0.0069,15.2940,6.6474,0.000,31.89,42.0,3,2064
172671158,200.000,214.390,0.9000,-1.0628,15.4366,4.7214,0.000,31.89,42.0,3,2064
172672191,200.000,214.390,0.0000,-0.0542,0.0000,6.8309,0.000,31.89,42.0,3,2064
172672836,199.948,214.434,-0.9000,0.7927,-15.4366,-1.6782,0.000,31.89,42.0,3,2064
172673837,199.948,214.456,0.0000,0.3014,15.2940,-10.3575,0.000,31.89,42.0,3,2064
172675163,200.000,214.390,0.9000,-1.0719,15.4366,4.6907,0.000,31.89,42.0,3,2064
172675912,200.000,214.412,0.0000,0.1213,0.0000,6.7924,0.000,31.89,42.0,3,2064
172676896,199.948,214.456,-0.9000,0.8293,-15.4366,-1.6309,0.000,31.89,42.0,3,2064
172677897,199.948,214.456,0.0000,0.3441,15.2940,-10.3960,0.000,31.89,42.0,3,2064
172679219,200.000,214.390,0.9000,-1.0704,15.4366,4.7214,0.000,31.89,42.0,3,2064
172680230,200.000,214.412,0.0000,-0.0847,0.0000,6.9286,0.000,31.89,42.0,3,2064
172680895,199.948,214.456,-0.9000,0.8003,-15.4366,-1.6606,0.000,31.89,42.0,3,2064
172681904,199.948,214.456,0.0000,0.2190,15.2940,-10.3520,0.000,31.89,42.0,3,2064
172682901,200.000,214.390,0.9000,-0.9117,15.4366,4.7313,0.000,31.89,42.0,3,2064
172683901,200.000,214.412,0.0000,-0.1366,0.0000,6.9308,0.000,31.89,42.0,3,2064
172685224,199.948,214.456,-0.9000,0.8095,-15.4366,-1.6068,0.000,31.89,42.0,3,2064
172685895,199.948,214.478,0.0000,0.3502,15.2940,-10.3828,0.000,31.89,42.0,3,2064
172687221,200.000,214.390,0.9000,-1.0842,15.4366,4.7368,0.000,31.89,42.0,3,2064
172688214,200.000,214.412,0.0000,0.1183,0.0000,6.9748,0.000,31.89,42.0,3,2064
172688565,199.948,214.434,-0.9000,0.3792,-15.4366,4.1018,0.000,31.89,42.0,3,2064
172689932,199.948,214.478,0.0000,0.9834,15.2940,-1.6189,0.000,31.89,42.0,3,2064
172691191,200.000,214.412,0.9000,-1.1223,15.4366,4.1721,0.000,31.89,42.0,3,2064
172692193,200.000,214.412,0.0000,0.0877,0.0000,6.9836,0.000,31.89,42.0,3,2064
172692834,199.948,214.478,-0.9000,0.7668,-15.4366,-1.5837,0.000,31.89,42.0,3,2064
172693836,199.948,214.478,0.0000,0.2510,15.2940,-10.4048,0.000,31.89,42.0,3,2064
172695159,200.000,214.412,0.9000,-1.0552,15.4366,4.7863,0.000,31.89,42.0,3,2064
172695880,200.000,214.434,0.0000,0.0328,0.0000,6.7792,0.000,31.89,42.0,3,2064
172696837,199.948,214.456,-0.9000,0.7790,-15.4366,-1.6068,0.000,31.89,42.0,3,2064
172697912,199.948,214.478,0.0000,0.3014,15.2940,-10.6190,0.000,31.89,42.0,3,2064
172699221,200.000,214.390,0.9000,-1.2047,15.4366,4.8610,0.000,31.89,42.0,3,2064
172700217,200.000,214.412,0.0000,-0.0069,0.0000,7.0638,0.000,31.89,42.0,3,2064
172700890,199.948,214.456,-0.9000,0.7881,-15.4366,-1.6035,0.000,31.89,42.0,3,2064
172701894,199.948,214.456,0.0000,0.1549,15.2940,-10.3861,0.000,31.89,42.0,3,2064
172703233,200.000,214.390,0.9000,-1.1345,15.4366,4.7401,0.000,31.89,42.0,3,2064
172703900,200.000,214.390,0.0000,0.0114,0.0000,6.9451,0.000,31.89,42.0,3,2064
172705224,199.948,214.456,-0.9000,0.8949,-15.4366,-1.5694,0.000,31.89,42.0,3,2064
172705897,199.948,214.456,0.0000,0.1915,15.2940,-10.2916,0.000,31.89,42.0,3,2064
172707224,200.000,214.368,0.9000,-1.0521,15.4366,4.7050,0.000,31.89,42.0,3,2064
172708221,200.000,214.390,0.0000,-0.1152,0.0000,6.9231,0.000,31.89,42.0,3,2064
172708563,199.948,214.412,-0.9000,0.2815,-15.4366,4.1414,0.000,31.89,42.0,3,2064
172709898,199.948,214.456,0.0000,0.9178,15.2940,-1.5727,0.000,31.89,42.0,3,2064
172710606,200.000,214.456,0.9000,0.2953,15.4366,-10.6706,0.000,31.89,42.0,3,2064
172711906,200.000,214.368,0.0000,-1.2154,0.0000,4.8851,0.000,31.89,42.0,3,2064
172712550,199.948,214.368,-0.9000,-0.1488,-15.4366,7.0187,0.000,31.89,42.0,3,2064
172713610,199.948,214.434,0.0000,0.8064,15.2940,-1.3717,0.000,31.89,42.0,3,2064
172714895,200.000,214.434,0.9000,0.1610,15.4366,-10.5981,0.000,31.89,42.0,3,2064
172715575,200.000,214.347,0.0000,-1.0384,0.0000,4.9060,0.000,31.89,42.0,3,2064
172716578,199.948,214.368,-0.9000,-0.1854,-15.4366,6.9242,0.000,31.89,42.0,3,2064
172717571,199.948,214.412,0.0000,0.8782,15.2940,-1.5595,0.000,31.89,42.0,3,2064
172718573,200.000,214.412,0.9000,0.2251,15.4366,-10.3323,0.000,31.89,42.0,3,2064
172719889,200.000,214.347,0.0000,-1.0796,0.0000,4.7720,0.000,31.89,42.0,3,2064
172720574,199.948,214.368,-0.9000,-0.0618,-15.4366,6.8913,0.000,31.89,42.0,3,2064
172721577,199.948,214.412,0.0000,0.8293,15.2940,-1.6112,0.000,31.89,42.0,3,2064
172722573,200.000,214.412,0.9000,0.2907,15.4366,-10.3136,0.000,31.89,42.0,3,2064
172723571,200.000,214.347,0.0000,-1.0353,0.0000,4.7423,0.000,31.89,42.0,3,2064
172724891,199.948,214.368,-0.9000,-0.0740,-15.4366,6.8451,0.000,31.89,42.0,3,2064
172725573,199.948,214.412,0.0000,0.8217,15.2940,-1.5694,0.000,31.89,42.0,3,2064
172726578,200.000,214.412,0.9000,0.1884,15.4366,-10.2202,0.000,31.89,42.0,3,2064
172727891,200.000,214.347,0.0000,-0.8873,0.0000,4.7182,0.000,31.89,42.0,3,2064
172728552,199.948,214.347,-0.9000,-0.1060,-15.4366,6.8704,0.000,31.89,42.0,3,2064
172729866,199.948,214.368,0.0000,0.1091,15.2940,6.3024,0.000,31.89,42.0,3,2064
172730555,200.000,214.412,0.9000,0.1610,15.4366,-10.3663,0.000,31.89,42.0,3,2064
172731893,200.000,214.347,0.0000,-1.0216,0.0000,4.7127,0.000,31.89,42.0,3,2064
172732568,199.948,214.368,-0.9000,0.1015,-15.4366,6.7583,0.000,31.89,42.0,3,2064
172733573,199.948,214.412,0.0000,0.9377,15.2940,-1.5837,0.000,31.89,42.0,3,2064
172734888,200.000,214.412,0.9000,0.2861,15.4366,-10.3037,0.000,31.89,42.0,3,2064
172735553,200.000,214.347,0.0000,-1.0048,0.0000,4.7335,0.000,31.89,42.0,3,2064
172736654,199.948,214.368,-0.9000,0.0786,-15.4366,6.8561,0.000,31.89,42.0,3,2064
172737618,199.948,214.434,0.0000,0.9957,15.2940,-1.7353,0.000,31.89,42.0,3,2064
172738547,200.000,214.412,0.9000,0.2129,15.4366,-10.0038,0.000,31.89,42.0,3,2064
172739867,200.000,214.368,0.0000,-0.8614,0.0000,4.0842,0.000,31.89,42.0,3,2064
172740548,199.948,214.390,-0.9000,0.0710,-15.4366,6.9275,0.000,31.89,42.0,3,2064
172741597,199.948,214.434,0.0000,0.7271,15.2940,-1.5991,0.000,31.89,42.0,3,2064
172742587,200.000,214.434,0.9000,0.2464,15.4366,-10.5805,0.000,31.89,42.0,3,2064
172743574,200.000,214.368,0.0000,-0.9895,0.0000,4.8269,0.000,31.89,42.0,3,2064
172744920,199.948,214.390,-0.9000,-0.1289,-15.4366,6.8968,0.000,31.89,42.0,3,2064
172745580,199.948,214.434,0.0000,0.7774,15.2940,-1.5365,0.000,31.89,42.0,3,2064
172746584,200.000,214.456,0.9000,0.3243,15.4366,-10.3905,0.000,31.89,42.0,3,2064
172747895,200.000,214.368,0.0000,-1.1299,0.0000,4.7138,0.000,31.89,42.0,3,2064
172748579,199.948,214.390,-0.9000,0.0710,-15.4366,6.9089,0.000,31.89,42.0,3,2064
172749938,199.948,214.390,0.0000,0.1717,15.2940,6.2936,0.000,31.89,42.0,3,2064
172751191,200.000,214.368,0.9000,-1.0094,15.4366,4.7313,0.000,31.89,42.0,3,2064
172752194,200.000,214.390,0.0000,0.0832,0.0000,6.8902,0.000,31.89,42.0,3,2064
172752872,199.948,214.434,-0.9000,0.8385,-15.4366,-1.3552,0.000,31.89,42.0,3,2064
172753837,199.948,214.434,0.0000,0.1930,15.2940,-10.4037,0.000,31.89,42.0,3,2064
172755146,200.000,214.368,0.9000,-1.0796,15.4366,4.7214,0.000,31.89,42.0,3,2064
172755881,200.000,214.390,0.0000,-0.0053,0.0000,6.7737,0.000,31.89,42.0,3,2064
172756874,199.948,214.434,-0.9000,0.8598,-15.4366,-1.3947,0.000,31.89,42.0,3,2064
172757909,199.948,214.434,0.0000,0.1564,15.2940,-10.6377,0.000,31.89,42.0,3,2064
172759213,200.000,214.368,0.9000,-1.0323,15.4366,4.8401,0.000,31.89,42.0,3,2064
172760215,200.000,214.390,0.0000,-0.0145,0.0000,7.0077,0.000,31.89,42.0,3,2064
172760898,199.948,214.456,-0.9000,0.8217,-15.4366,-1.6134,0.000,31.89,42.0,3,2064
172761898,199.948,214.434,0.0000,0.2007,15.2940,-10.3399,0.000,31.89,42.0,3,2064
172763221,200.000,214.368,0.9000,-1.0033,15.4366,4.8016,0.000,31.89,42.0,3,2064
172763893,200.000,214.390,0.0000,-0.0298,0.0000,6.8792,0.000,31.89,42.0,3,2064
172765221,199.948,214.434,-0.9000,0.8644,-15.4366,-1.6474,0.000,31.89,42.0,3,2064
172765894,199.948,214.456,0.0000,0.3319,15.2940,-10.3696,0.000,31.89,42.0,3,2064
172766901,200.000,214.390,0.9000,-0.9789,15.4366,4.7775,0.000,31.89,42.0,3,2064
172768219,200.000,214.412,0.0000,0.1015,0.0000,6.9242,0.000,31.89,42.0,3,2064
172768589,199.948,214.412,-0.9000,0.4921,-15.4366,4.0853,0.000,31.89,42.0,3,2064
172769928,199.948,214.456,0.0000,0.8766,15.2940,-1.6287,0.000,31.89,42.0,3,2064
172770552,200.000,214.456,0.9000,0.2556,15.4366,-10.3641,0.000,31.89,42.0,3,2064
172771929,200.000,214.390,0.0000,-1.1009,0.0000,4.1260,0.000,31.89,42.0,3,2064
172772580,199.948,214.390,-0.9000,0.0389,-15.4366,6.9682,0.000,31.89,42.0,3,2064
172773578,199.948,214.456,0.0000,0.7805,15.2940,-1.6189,0.000,31.89,42.0,3,2064
172774888,200.000,214.456,0.9000,0.2220,15.4366,-10.3674,0.000,31.89,42.0,3,2064
172775579,200.000,214.390,0.0000,-1.0826,0.0000,4.7456,0.000,31.89,42.0,3,2064
172776576,199.948,214.412,-0.9000,-0.0725,-15.4366,6.9133,0.000,31.89,42.0,3,2064
172777573,199.948,214.456,0.0000,0.7713,15.2940,-1.6013,0.000,31.89,42.0,3,2064
172778571,200.000,214.456,0.9000,0.2235,15.4366,-10.3410,0.000,31.89,42.0,3,2064
172779893,200.000,214.390,0.0000,-1.0826,0.0000,4.6742,0.000,31.89,42.0,3,2064
172780578,199.948,214.412,-0.9000,0.0450,-15.4366,6.9627,0.000,31.89,42.0,3,2064
172781577,199.948,214.456,0.0000,0.8492,15.2940,-1.6156,0.000,31.89,42.0,3,2064
172782572,200.000,214.456,0.9000,0.2312,15.4366,-10.3048,0.000,31.89,42.0,3,2064
172783574,200.000,214.390,0.0000,-0.9926,0.0000,4.7368,0.000,31.89,42.0,3,2064
172784894,199.948,214.412,-0.9000,-0.0816,-15.4366,6.9528,0.000,31.89,42.0,3,2064
172785576,199.948,214.456,0.0000,0.7774,15.2940,-1.5859,0.000,31.89,42.0,3,2064
172786586,200.000,214.478,0.9000,0.2892,15.4366,-10.3696,0.000,31.89,42.0,3,2064
172787858,200.000,214.390,0.0000,-0.9941,0.0000,4.7676,0.000,31.89,42.0,3,2064
172788547,199.948,214.412,-0.9000,0.0267,-15.4366,6.9836,0.000,31.89,42.0,3,2064
172789890,199.948,214.412,0.0000,0.2281,15.2940,6.3617,0.000,31.89,42.0,3,2064
172790575,200.000,214.456,0.9000,0.2403,15.4366,-10.6596,0.000,31.89,42.0,3,2064
172791891,200.000,214.390,0.0000,-1.1238,0.0000,4.9148,0.000,31.89,42.0,3,2064
172792581,199.948,214.390,-0.9000,-0.1335,-15.4366,6.9396,0.000,31.89,42.0,3,2064
172793550,199.948,214.456,0.0000,0.9575,15.2940,-1.5562,0.000,31.89,42.0,3,2064
172794843,200.000,214.456,0.9000,0.3822,15.4366,-10.1092,0.000,31.89,42.0,3,2064
172795640,200.000,214.390,0.0000,-1.0124,0.0000,4.0590,0.000,31.89,42.0,3,2064
172796552,199.948,214.412,-0.9000,0.2556,-15.4366,6.6441,0.000,31.89,42.0,3,2064
172797545,199.948,214.478,0.0000,0.9728,15.2940,-1.2651,0.000,31.89,42.0,3,2064
172798545,200.000,214.478,0.9000,0.3288,15.4366,-10.5575,0.000,31.89,42.0,3,2064
172799918,200.000,214.412,0.0000,-1.0780,0.0000,4.7149,0.000,31.89,42.0,3,2064
172800588,199.948,214.434,-0.9000,0.1488,-15.4366,6.8034,0.000,31.89,42.0,3,2064
172801579,199.948,214.500,0.0000,0.9621,15.2940,-1.7331,0.000,31.89,42.0,3,2064
172802605,200.000,214.500,0.9000,0.3914,15.4366,-10.4168,0.000,31.89,42.0,3,2064
172803579,200.000,214.434,0.0000,-1.0292,0.0000,4.7203,0.000,31.89,42.0,3,2064
172804895,199.948,214.456,-0.9000,0.0328,-15.4366,7.0802,0.000,31.89,42.0,3,2064
172805578,199.948,214.500,0.0000,0.8705,15.2940,-1.6683,0.000,31.89,42.0,3,2064
172806585,200.000,214.522,0.9000,0.2205,15.4366,-10.4652,0.000,31.89,42.0,3,2064
172807891,200.000,214.456,0.0000,-1.0491,0.0000,4.7313,0.000,31.89,42.0,3,2064
172808607,199.948,214.456,-0.9000,-0.0526,-15.4366,7.0561,0.000,31.89,42.0,3,2064
172809895,199.948,214.478,0.0000,0.2022,15.2940,6.4485,0.000,31.89,42.0,3,2064
172810550,200.000,214.544,0.9000,0.3166,15.4366,-10.4970,0.000,31.89,42.0,3,2064
172811866,200.000,214.478,0.0000,-1.1391,0.0000,4.8423,0.000,31.89,42.0,3,2064
172812545,199.948,214.478,-0.9000,0.0404,-15.4366,7.0824,0.000,31.89,42.0,3,2064
172813556,199.948,214.544,0.0000,0.8690,15.2940,-1.5277,0.000,31.89,42.0,3,2064
172814930,200.000,214.544,0.9000,0.2464,15.4366,-10.7849,0.000,31.89,42.0,3,2064
172815575,200.000,214.478,0.0000,-1.1833,0.0000,5.0302,0.000,31.89,42.0,3,2064
172816606,199.948,214.478,-0.9000,-0.0526,-15.4366,7.1099,0.000,31.89,42.0,3,2064
172817578,199.948,214.544,0.0000,0.8827,15.2940,-1.7408,0.000,31.89,42.0,3,2064
172818578,200.000,214.544,0.9000,0.3502,15.4366,-10.3707,0.000,31.89,42.0,3,2064
172819896,200.000,214.478,0.0000,-1.1910,0.0000,4.8159,0.000,31.89,42.0,3,2064
172820622,199.948,214.478,-0.9000,-0.0587,-15.4366,7.0978,0.000,31.89,42.0,3,2064
172821554,199.948,214.544,0.0000,1.0246,15.2940,-1.6859,0.000,31.89,42.0,3,2064
172822545,200.000,214.544,0.9000,0.1946,15.4366,-10.4300,0.000,31.89,42.0,3,2064
172823612,200.000,214.478,0.0000,-1.0536,0.0000,4.2391,0.000,31.89,42.0,3,2064
172824897,199.948,214.478,-0.9000,0.0023,-15.4366,7.1088,0.000,31.89,42.0,3,2064
172825574,199.948,214.544,0.0000,0.8888,15.2940,-1.7090,0.000,31.89,42.0,3,2064
172826581,200.000,214.544,0.9000,0.1930,15.4366,-10.4597,0.000,31.89,42.0,3,2064
172827886,200.000,214.456,0.0000,-1.0780,0.0000,4.8533,0.000,31.89,42.0,3,2064
172828576,199.948,214.478,-0.9000,-0.0008,-15.4366,7.0802,0.000,31.89,42.0,3,2064
172829892,199.948,214.478,0.0000,0.1625,15.2940,6.4826,0.000,31.89,42.0,3,2064
172830578,200.000,214.544,0.9000,0.2495,15.4366,-10.4619,0.000,31.89,42.0,3,2064
172831897,200.000,214.456,0.0000,-1.2123,0.0000,4.8181,0.000,31.89,42.0,3,2064
172832577,199.948,214.478,-0.9000,-0.0618,-15.4366,7.1209,0.000,31.89,42.0,3,2064
172833578,199.948,214.522,0.0000,0.7576,15.2940,-1.7353,0.000,31.89,42.0,3,2064
172834893,200.000,214.522,0.9000,0.2632,15.4366,-10.4520,0.000,31.89,42.0,3,2064
172835578,200.000,214.456,0.0000,-1.0460,0.0000,4.8533,0.000,31.89,42.0,3,2064
172836580,199.948,214.478,-0.9000,-0.0130,-15.4366,7.0857,0.000,31.89,42.0,3,2064
172837573,199.948,214.522,0.0000,0.8904,15.2940,-1.6837,0.000,31.89,42.0,3,2064
172838570,200.000,214.522,0.9000,0.1991,15.4366,-10.4564,0.000,31.89,42.0,3,2064
172839869,200.000,214.456,0.0000,-1.1498,0.0000,4.9005,0.000,31.89,42.0,3,2064
172840571,199.948,214.456,-0.9000,0.0359,-15.4366,7.0528,0.000,31.89,42.0,3,2064
172841573,199.948,214.522,0.0000,0.8309,15.2940,-1.6859,0.000,31.89,42.0,3,2064
172842569,200.000,214.522,0.9000,0.2205,15.4366,-10.4322,0.000,31.89,42.0,3,2064
172843574,200.000,214.456,0.0000,-1.0765,0.0000,4.8445,0.000,31.89,42.0,3,2064
172844868,199.948,214.456,-0.9000,-0.0069,-15.4366,7.0846,0.000,31.89,42.0,3,2064
172845651,199.948,214.522,0.0000,0.8354,15.2940,-1.4057,0.000,31.89,42.0,3,2064
172846644,200.000,214.500,0.9000,0.0053,15.4366,-10.9365,0.000,31.89,42.0,3,2064
172847867,200.000,214.434,0.0000,-1.1864,0.0000,5.0412,0.000,31.89,42.0,3,2064
172848548,199.948,214.434,-0.9000,-0.2495,-15.4366,7.2846,0.000,31.89,42.0,3,2064
172849863,199.948,214.434,0.0000,-0.0008,15.2940,6.6847,0.000,31.89,42.0,3,2064
172850547,200.000,214.478,0.9000,0.0664,15.4366,-10.6344,0.000,31.89,42.0,3,2064
172851932,200.000,214.390,0.0000,-1.2276,0.0000,4.8093,0.000,31.89,42.0,3,2064
172852890,199.948,214.456,-0.9000,0.8034,-15.4366,-1.6606,0.000,31.89,42.0,3,2064
172853888,199.948,214.478,0.0000,0.1900,15.2940,-10.3520,0.000,31.89,42.0,3,2064
172855213,200.000,214.390,0.9000,-1.1986,15.4366,4.7368,0.000,31.89,42.0,3,2064
172855900,200.000,214.412,0.0000,0.0008,0.0000,7.0187,0.000,31.89,42.0,3,2064
172856896,199.948,214.456,-0.9000,0.8247,-15.4366,-1.6244,0.000,31.89,42.0,3,2064
172857898,199.948,214.456,0.0000,0.2327,15.2940,-10.3224,0.000,31.89,42.0,3,2064
172859219,200.000,214.390,0.9000,-1.1223,15.4366,4.7984,0.000,31.89,42.0,3,2064
172860213,200.000,214.390,0.0000,-0.0710,0.0000,6.9989,0.000,31.89,42.0,3,2064
172860893,199.948,214.434,-0.9000,0.8461,-15.4366,-1.6112,0.000,31.89,42.0,3,2064
172861890,199.948,214.456,0.0000,0.2937,15.2940,-10.3388,0.000,31.89,42.0,3,2064
172863218,200.000,214.368,0.9000,-1.0506,15.4366,4.8500,0.000,31.89,42.0,3,2064
172863889,200.000,214.390,0.0000,-0.0954,0.0000,6.8737,0.000,31.89,42.0,3,2064
172865230,199.948,214.434,-0.9000,0.7607,-15.4366,-1.6024,0.000,31.89,42.0,3,2064
172865878,199.948,214.456,0.0000,0.2632,15.2940,-10.3872,0.000,31.89,42.0,3,2064
172867186,200.000,214.390,0.9000,-1.1711,15.4366,4.2051,0.000,31.89,42.0,3,2064
172868188,200.000,214.390,0.0000,-0.0298,0.0000,6.9067,0.000,31.89,42.0,3,2064
172868544,199.948,214.412,-0.9000,0.4570,-15.4366,4.0787,0.000,31.89,42.0,3,2064
172869859,199.948,214.434,0.0000,0.7332,15.2940,-1.4079,0.000,31.89,42.0,3,2064
172870547,200.000,214.456,0.9000,0.1823,15.4366,-10.6750,0.000,31.89,42.0,3,2064
172871928,200.000,214.390,0.0000,-0.9560,0.0000,5.2785,0.000,31.89,42.0,3,2064
172872579,199.948,214.390,-0.9000,0.0999,-15.4366,6.7792,0.000,31.89,42.0,3,2064
172873578,199.948,214.456,0.0000,0.9300,15.2940,-1.6639,0.000,31.89,42.0,3,2064
172874917,200.000,214.456,0.9000,0.2007,15.4366,-10.3828,0.000,31.89,42.0,3,2064
172875580,200.000,214.390,0.0000,-0.9926,0.0000,4.6621,0.000,31.89,42.0,3,2064
172876583,199.948,214.412,-0.9000,0.0145,-15.4366,6.9616,0.000,31.89,42.0,3,2064
172877575,199.948,214.456,0.0000,0.8431,15.2940,-1.6463,0.000,31.89,42.0,3,2064
172878580,200.000,214.478,0.9000,0.1396,15.4366,-10.3707,0.000,31.89,42.0,3,2064
172879940,200.000,214.412,0.0000,-1.0399,0.0000,4.6940,0.000,31.89,42.0,3,2064
172880554,199.948,214.412,-0.9000,0.0847,-15.4366,6.8243,0.000,31.89,42.0,3,2064
172881550,199.948,214.478,0.0000,0.8598,15.2940,-1.4024,0.000,31.89,42.0,3,2064
172882613,200.000,214.478,0.9000,0.3243,15.4366,-10.4696,0.000,31.89,42.0,3,2064
172883578,200.000,214.412,0.0000,-0.9987,0.0000,4.6918,0.000,31.89,42.0,3,2064
172884890,199.948,214.434,-0.9000,0.1137,-15.4366,6.9836,0.000,31.89,42.0,3,2064
172885579,199.948,214.478,0.0000,0.8583,15.2940,-1.6309,0.000,31.89,42.0,3,2064
172886582,200.000,214.500,0.9000,0.3548,15.4366,-10.4410,0.000,31.89,42.0,3,2064
172887891,200.000,214.434,0.0000,-1.0460,0.0000,4.8104,0.000,31.89,42.0,3,2064
172888576,199.948,214.434,-0.9000,-0.0694,-15.4366,6.9726,0.000,31.89,42.0,3,2064
172889889,199.948,214.456,0.0000,0.1823,15.2940,6.3793,0.000,31.89,42.0,3,2064
172890579,200.000,214.500,0.9000,0.1946,15.4366,-10.4981,0.000,31.89,42.0,3,2064
172891897,200.000,214.434,0.0000,-1.0658,0.0000,4.8060,0.000,31.89,42.0,3,2064
172892581,199.948,214.456,-0.9000,-0.0557,-15.4366,6.9803,0.000,31.89,42.0,3,2064
172893577,199.948,214.500,0.0000,0.8904,15.2940,-1.6683,0.000,31.89,42.0,3,2064
172894893,200.000,214.500,0.9000,0.1732,15.4366,-10.4542,0.000,31.89,42.0,3,2064
172895581,200.000,214.434,0.0000,-1.0735,0.0000,4.7874,0.000,31.89,42.0,3,2064
172896582,199.948,214.456,-0.9000,0.0069,-15.4366,7.0396,0.000,31.89,42.0,3,2064
172897578,199.948,214.522,0.0000,0.9453,15.2940,-1.6793,0.000,31.89,42.0,3,2064
172898550,200.000,214.522,0.9000,0.0832,15.4366,-10.4443,0.000,31.89,42.0,3,2064
172899885,200.000,214.434,0.0000,-1.0979,0.0000,4.8192,0.000,31.89,42.0,3,2064
172900573,199.948,214.456,-0.9000,0.0877,-15.4366,7.0253,0.000,31.89,42.0,3,2064
172901574,199.948,214.522,0.0000,0.7637,15.2940,-1.6650,0.000,31.89,42.0,3,2064
172902569,200.000,214.522,0.9000,0.3197,15.4366,-10.4322,0.000,31.89,42.0,3,2064
172903576,200.000,214.456,0.0000,-1.0536,0.0000,4.7610,0.000,31.89,42.0,3,2064
172904865,199.948,214.456,-0.9000,-0.0160,-15.4366,7.0780,0.000,31.89,42.0,3,2064
172905655,199.948,214.522,0.0000,0.8919,15.2940,-1.6298,0.000,31.89,42.0,3,2064
172906645,200.000,214.522,0.9000,0.1122,15.4366,-10.9431,0.000,31.89,42.0,3,2064
172907866,200.000,214.434,0.0000,-1.2413,0.0000,5.0587,0.000,31.89,42.0,3,2064
172908547,199.948,214.434,-0.9000,-0.1717,-15.4366,7.3055,0.000,31.89,42.0,3,2064
172909865,199.948,214.456,0.0000,0.0145,15.2940,6.6792,0.000,31.89,42.0,3,2064
172910547,200.000,214.478,0.9000,0.1732,15.4366,-10.6256,0.000,31.89,42.0,3,2064
172911933,200.000,214.412,0.0000,-1.2932,0.0000,4.9324,0.000,31.89,42.0,3,2064
172912886,199.948,214.456,-0.9000,0.6630,-15.4366,-1.6397,0.000,31.89,42.0,3,2064
172913886,199.948,214.456,0.0000,0.2037,15.2940,-10.2960,0.000,31.89,42.0,3,2064
172915216,200.000,214.390,0.9000,-1.1650,15.4366,4.8346,0.000,31.89,42.0,3,2064
172915893,200.000,214.390,0.0000,-0.0313,0.0000,6.9100,0.000,31.89,42.0,3,2064
172916892,199.948,214.456,-0.9000,0.7729,-15.4366,-1.5628,0.000,31.89,42.0,3,2064
172917892,199.948,214.456,0.0000,0.1411,15.2940,-10.3169,0.000,31.89,42.0,3,2064
172919216,200.000,214.368,0.9000,-1.1315,15.4366,4.7984,0.000,31.89,42.0,3,2064
172920213,200.000,214.368,0.0000,-0.0237,0.0000,6.9352,0.000,31.89,42.0,3,2064
172920892,199.948,214.434,-0.9000,0.7439,-15.4366,-1.5947,0.000,31.89,42.0,3,2064
172921893,199.948,214.434,0.0000,0.1747,15.2940,-10.3344,0.000,31.89,42.0,3,2064
172923215,200.000,214.368,0.9000,-1.0033,15.4366,4.7896,0.000,31.89,42.0,3,2064
172923885,200.000,214.368,0.0000,-0.1228,0.0000,6.8781,0.000,31.89,42.0,3,2064
172925215,199.948,214.434,-0.9000,0.9346,-15.4366,-1.5321,0.000,31.89,42.0,3,2064
172925942,199.948,214.412,0.0000,0.1366,15.2940,-10.3641,0.000,31.89,42.0,3,2064
172927205,200.000,214.347,0.9000,-1.0536,15.4366,4.7522,0.000,31.89,42.0,3,2064
172928187,200.000,214.347,0.0000,-0.1640,0.0000,6.8748,0.000,31.89,42.0,3,2064
172928545,199.948,214.390,-0.9000,0.3502,-15.4366,4.0853,0.000,31.89,42.0,3,2064
172929884,199.948,214.434,0.0000,0.9850,15.2940,-1.5672,0.000,31.89,42.0,3,2064
172930608,200.000,214.434,0.9000,0.1946,15.4366,-10.6574,0.000,31.89,42.0,3,2064
172931897,200.000,214.347,0.0000,-1.2474,0.0000,4.8577,0.000,31.89,42.0,3,2064
172932579,199.948,214.347,-0.9000,-0.0877,-15.4366,6.9572,0.000,31.89,42.0,3,2064
172933579,199.948,214.412,0.0000,0.8705,15.2940,-1.6035,0.000,31.89,42.0,3,2064
172934891,200.000,214.412,0.9000,0.2754,15.4366,-10.2905,0.000,31.89,42.0,3,2064
172935579,200.000,214.347,0.0000,-1.1238,0.0000,4.7830,0.000,31.89,42.0,3,2064
172936580,199.948,214.368,-0.9000,-0.0160,-15.4366,6.8144,0.000,31.89,42.0,3,2064
172937575,199.948,214.412,0.0000,0.7378,15.2940,-1.5474,0.000,31.89,42.0,3,2064
172938574,200.000,214.412,0.9000,0.1366,15.4366,-10.3235,0.000,31.89,42.0,3,2064
172939892,200.000,214.347,0.0000,-1.0475,0.0000,4.7160,0.000,31.89,42.0,3,2064
172940579,199.948,214.347,-0.9000,0.0221,-15.4366,6.8627,0.000,31.89,42.0,3,2064
172941580,199.948,214.390,0.0000,0.7469,15.2940,-1.5606,0.000,31.89,42.0,3,2064
172942576,200.000,214.412,0.9000,0.2434,15.4366,-10.3015,0.000,31.89,42.0,3,2064
172943576,200.000,214.347,0.0000,-1.0353,0.0000,4.7555,0.000,31.89,42.0,3,2064
172944887,199.948,214.347,-0.9000,-0.0755,-15.4366,6.8155,0.000,31.89,42.0,3,2064
172945546,199.948,214.412,0.0000,0.9178,15.2940,-1.5639,0.000,31.89,42.0,3,2064
172946580,200.000,214.412,0.9000,0.2068,15.4366,-10.3498,0.000,31.89,42.0,3,2064
172947879,200.000,214.347,0.0000,-0.9834,0.0000,4.7149,0.000,31.89,42.0,3,2064
172948573,199.948,214.347,-0.9000,0.0542,-15.4366,6.8638,0.000,31.89,42.0,3,2064
172949884,199.948,214.368,0.0000,0.1900,15.2940,6.2716,0.000,31.89,42.0,3,2064
172950550,200.000,214.434,0.9000,0.1732,15.4366,-10.3158,0.000,31.89,42.0,3,2064
172951863,200.000,214.347,0.0000,-1.0643,0.0000,4.7127,0.000,31.89,42.0,3,2064
172952655,199.948,214.368,-0.9000,-0.0862,-15.4366,6.8232,0.000,31.89,42.0,3,2064
172953583,199.948,214.412,0.0000,0.8461,15.2940,-1.8232,0.000,31.89,42.0,3,2064
172954871,200.000,214.434,0.9000,0.3532,15.4366,-9.9719,0.000,31.89,42.0,3,2064
172955556,200.000,214.368,0.0000,-1.0094,0.0000,4.5566,0.000,31.89,42.0,3,2064
172956560,199.948,214.368,-0.9000,0.1030,-15.4366,6.8276,0.000,31.89,42.0,3,2064