t_us,p_cmd_deg,p_act_deg,v_cmd,v_act,t_cmd,t_act,iq,vbus,temp,state,events
210170907,200.000,169.016,0.0000,19.0791,0.0000,-8.4667,0.000,32.24,40.0,3,2048
210171599,200.000,170.049,0.0000,18.0110,0.0000,-7.7054,0.000,32.24,40.0,3,2048
210172547,200.000,171.016,0.0000,17.1977,0.0000,-7.2176,0.000,32.24,40.0,3,2048
210173998,200.000,171.917,0.0000,16.6300,0.0000,-6.7309,0.000,32.24,40.0,3,2048
210174610,200.000,172.906,0.0000,15.7572,0.0000,-6.1003,0.000,32.24,40.0,3,2048
210175867,200.000,173.037,0.0000,15.6596,0.0000,-5.9695,0.000,32.24,40.0,3,2048
210176541,200.000,174.510,0.0000,14.6540,0.0000,-5.3620,0.000,32.24,40.0,3,2048
210177870,200.000,175.323,0.0000,14.0909,0.0000,-5.0895,0.000,32.24,40.0,3,2048
210178607,200.000,176.092,0.0000,13.5859,0.0000,-4.5643,0.000,32.24,40.0,3,2048
210179644,200.000,176.861,0.0000,13.0762,0.0000,-4.2545,0.000,32.24,40.0,3,2048
210180885,200.000,177.586,0.0000,12.5559,0.0000,-4.0095,0.000,32.24,40.0,3,2048
210181570,200.000,178.267,0.0000,12.0798,0.0000,-3.6470,0.000,32.24,40.0,3,2048
210182603,200.000,178.926,0.0000,11.6983,0.0000,-3.3415,0.000,32.24,40.0,3,2048
210183565,200.000,179.585,0.0000,11.2604,0.0000,-3.1075,0.000,32.24,40.0,3,2048
210184564,200.000,180.179,0.0000,10.7050,0.0000,-2.8977,0.000,32.24,40.0,3,2048
210185940,200.000,180.794,0.0000,10.4807,0.0000,-2.9416,0.000,32.24,40.0,3,2048
210186551,200.000,181.365,0.0000,10.1556,0.0000,-2.5230,0.000,32.24,40.0,3,2048
210187546,200.000,181.893,0.0000,9.7757,0.0000,-2.4363,0.000,32.24,40.0,3,2048
210188541,200.000,182.442,0.0000,9.5270,0.0000,-2.2440,0.000,32.24,40.0,3,2048
210189545,200.000,182.969,0.0000,9.2081,0.0000,-2.1528,0.000,32.24,40.0,3,2048
210190920,200.000,183.475,0.0000,8.8479,0.0000,-2.2143,0.000,32.24,40.0,3,2048
210191610,200.000,183.980,0.0000,8.5824,0.0000,-2.1231,0.000,32.24,40.0,3,2048
210192575,200.000,184.463,0.0000,8.5672,0.0000,-2.0221,0.000,32.24,40.0,3,2048
210193880,200.000,184.925,0.0000,8.0346,0.0000,-1.9430,0.000,32.24,40.0,3,2048
210194570,200.000,185.364,0.0000,7.9095,0.0000,-1.8452,0.000,32.24,40.0,3,2048
210195947,200.000,185.430,0.0000,7.8363,0.0000,-1.9056,0.000,32.24,40.0,3,2048
210196552,200.000,186.221,0.0000,7.2930,0.0000,-1.9133,0.000,32.24,40.0,3,2048
210197866,200.000,186.595,0.0000,7.2244,0.0000,-1.8221,0.000,32.24,40.0,3,2048
210198546,200.000,186.990,0.0000,6.9299,0.0000,-1.8034,0.000,32.24,40.0,3,2048
210199546,200.000,187.386,0.0000,6.8093,0.0000,-1.7090,0.000,32.24,40.0,3,2048
210200923,200.000,187.759,0.0000,6.4645,0.0000,-1.5046,0.000,32.24,40.0,3,2048
210201570,200.000,188.133,0.0000,6.2219,0.0000,-1.4277,0.000,32.24,40.0,3,2048
210202613,200.000,188.484,0.0000,6.1288,0.0000,-1.4508,0.000,32.24,40.0,3,2048
210203568,200.000,188.814,0.0000,5.8740,0.0000,-1.5354,0.000,32.24,40.0,3,2048
210204567,200.000,189.144,0.0000,5.7015,0.0000,-1.4738,0.000,32.24,40.0,3,2048
210205938,200.000,189.451,0.0000,5.5947,0.0000,-1.4112,0.000,32.24,40.0,3,2048
210206552,200.000,189.759,0.0000,5.3002,0.0000,-1.2926,0.000,32.24,40.0,3,2048
210207546,200.000,190.044,0.0000,5.3048,0.0000,-1.1497,0.000,32.24,40.0,3,2048
210208541,200.000,190.330,0.0000,5.0805,0.0000,-1.2036,0.000,32.24,40.0,3,2048
210209541,200.000,190.594,0.0000,4.9249,0.0000,-1.0245,0.000,32.24,40.0,3,2048
210210925,200.000,190.857,0.0000,4.5876,0.0000,-1.0531,0.000,32.24,40.0,3,2048
210211610,200.000,191.143,0.0000,4.4961,0.0000,-1.0212,0.000,32.24,40.0,3,2048
210212575,200.000,191.385,0.0000,4.3893,0.0000,-0.9564,0.000,32.24,40.0,3,2048
210213883,200.000,191.626,0.0000,4.2489,0.0000,-1.1102,0.000,32.24,40.0,3,2048
210214612,200.000,191.868,0.0000,4.1573,0.0000,-1.1355,0.000,32.24,40.0,3,2048
210215896,200.000,191.890,0.0000,4.0627,0.0000,-1.1223,0.000,32.24,40.0,3,2048
210216546,200.000,192.308,0.0000,3.8933,0.0000,-0.9531,0.000,32.24,40.0,3,2048
210217928,200.000,192.527,0.0000,3.8186,0.0000,-0.9069,0.000,32.24,40.0,3,2048
210218569,200.000,192.725,0.0000,3.5698,0.0000,-0.8212,0.000,32.24,40.0,3,2048
210219569,200.000,192.945,0.0000,3.6095,0.0000,-0.7531,0.000,32.24,40.0,3,2048
210220883,200.000,193.121,0.0000,3.3974,0.0000,-0.6894,0.000,32.24,40.0,3,2048
210221565,200.000,193.318,0.0000,3.3227,0.0000,-0.6400,0.000,32.24,40.0,3,2048
210222567,200.000,193.494,0.0000,3.1807,0.0000,-0.6707,0.000,32.24,40.0,3,2048
210223562,200.000,193.670,0.0000,3.0846,0.0000,-0.5905,0.000,32.24,40.0,3,2048
210224562,200.000,193.846,0.0000,3.0571,0.0000,-0.6345,0.000,32.24,40.0,3,2048
210225886,200.000,194.000,0.0000,2.8466,0.0000,-0.7026,0.000,32.24,40.0,3,2048
210226579,200.000,194.175,0.0000,2.8496,0.0000,-0.6531,0.000,32.24,40.0,3,2048
210227549,200.000,194.329,0.0000,2.7779,0.0000,-0.6619,0.000,32.24,40.0,3,2048
210228541,200.000,194.461,0.0000,2.6482,0.0000,-0.7410,0.000,32.24,40.0,3,2048
210229586,200.000,194.615,0.0000,2.4971,0.0000,-0.5949,0.000,32.24,40.0,3,2048
210230903,200.000,194.769,0.0000,2.5490,0.0000,-0.6411,0.000,32.24,40.0,3,2048
210231592,200.000,194.900,0.0000,2.3812,0.0000,-0.6872,0.000,32.24,40.0,3,2048
210232558,200.000,195.032,0.0000,2.2850,0.0000,-0.6037,0.000,32.24,40.0,3,2048
210233854,200.000,195.164,0.0000,2.2484,0.0000,-0.5356,0.000,32.24,40.0,3,2048
210234672,200.000,195.296,0.0000,2.1767,0.0000,-0.4927,0.000,32.24,40.0,3,2048
210235960,200.000,195.296,0.0000,2.1859,0.0000,-0.4873,0.000,32.24,40.0,3,2048
210236878,200.000,195.648,0.0000,1.8837,0.0000,-0.3444,0.000,32.24,40.0,3,2048
210238161,200.000,195.757,0.0000,1.9829,0.0000,-0.3785,0.000,32.24,40.0,3,2048
210238836,200.000,195.867,0.0000,1.9677,0.0000,-0.3389,0.000,32.24,40.0,3,2048
210239835,200.000,195.977,0.0000,1.9051,0.0000,-0.2631,0.000,32.24,40.0,3,2048
210241159,200.000,196.065,0.0000,1.7891,0.0000,-0.2346,0.000,32.24,40.0,3,2048
210241836,200.000,196.175,0.0000,1.7510,0.0000,-0.2049,0.000,32.24,40.0,3,2048
210242911,200.000,196.263,0.0000,1.6945,0.0000,-0.2203,0.000,32.24,40.0,3,2048
210243889,200.000,196.351,0.0000,1.6228,0.0000,-0.2532,0.000,32.24,40.0,3,2048
210244919,200.000,196.461,0.0000,1.5267,0.0000,-0.2137,0.000,32.24,40.0,3,2048
210246223,200.000,196.527,0.0000,1.5419,0.0000,-0.1950,0.000,32.24,40.0,3,2048
210246896,200.000,196.614,0.0000,1.3252,0.0000,-0.2203,0.000,32.24,40.0,3,2048
210247896,200.000,196.702,0.0000,1.4549,0.0000,-0.1917,0.000,32.24,40.0,3,2048
210248898,200.000,196.768,0.0000,1.3741,0.0000,-0.1653,0.000,32.24,40.0,3,2048
210249897,200.000,196.856,0.0000,1.3039,0.0000,-0.1774,0.000,32.24,40.0,3,2048
210251243,200.000,196.944,0.0000,1.3161,0.0000,-0.1544,0.000,32.24,40.0,3,2048
210251911,200.000,197.010,0.0000,1.3420,0.0000,-0.1533,0.000,32.24,40.0,3,2048
210252837,200.000,197.076,0.0000,1.2215,0.0000,-0.1390,0.000,32.24,40.0,3,2048
210254161,200.000,197.142,0.0000,1.2642,0.0000,-0.1346,0.000,32.24,40.0,3,2048
210254542,200.000,197.164,0.0000,1.2673,0.0000,-0.1588,0.000,32.24,40.0,3,2048
210255867,200.000,197.208,0.0000,1.1192,0.0000,-0.1697,0.000,32.24,40.0,3,2048
210256541,200.000,197.274,0.0000,1.2856,0.0000,-0.1686,0.000,32.24,40.0,3,2048
210257926,200.000,197.340,0.0000,1.1681,0.0000,-0.1873,0.000,32.24,40.0,3,2048
210258575,200.000,197.405,0.0000,1.0613,0.0000,-0.1016,0.000,32.24,40.0,3,2048
210259614,200.000,197.449,0.0000,1.0536,0.0000,-0.1544,0.000,32.24,40.0,3,2048
210260894,200.000,197.515,0.0000,1.0262,0.0000,-0.1456,0.000,32.24,40.0,3,2048
210261571,200.000,197.581,0.0000,1.1666,0.0000,-0.1390,0.000,32.24,40.0,3,2048
210262635,200.000,197.647,0.0000,0.8888,0.0000,-0.1577,0.000,32.24,40.0,3,2048
210263545,200.000,197.691,0.0000,1.0323,0.0000,-0.1500,0.000,32.24,40.0,3,2048
210264600,200.000,197.735,0.0000,0.8980,0.0000,-0.1280,0.000,32.24,40.0,3,2048
210265890,200.000,197.801,0.0000,0.8614,0.0000,-0.1148,0.000,32.24,40.0,3,2048
210266572,200.000,197.845,0.0000,0.8431,0.0000,-0.0829,0.000,32.24,40.0,3,2048
210267569,200.000,197.911,0.0000,0.8934,0.0000,-0.0950,0.000,32.24,40.0,3,2048
210268564,200.000,197.955,0.0000,0.9453,0.0000,-0.0555,0.000,32.24,40.0,3,2048
210269564,200.000,197.999,0.0000,0.9117,0.0000,-0.0412,0.000,32.24,40.0,3,2048
210270884,200.000,198.043,0.0000,0.9667,0.0000,-0.0522,0.000,32.24,40.0,3,2048
210271570,200.000,198.087,0.0000,0.6950,0.0000,-0.0368,0.000,32.24,40.0,3,2048
210272570,200.000,198.131,0.0000,0.8034,0.0000,-0.0412,0.000,32.24,40.0,3,2048
210273893,200.000,198.174,0.0000,0.6218,0.0000,-0.0291,0.000,32.24,40.0,3,2048
210274547,200.000,198.218,0.0000,0.6722,0.0000,-0.0390,0.000,32.24,40.0,3,2048
210275865,200.000,198.218,0.0000,0.7012,0.0000,-0.0302,0.000,32.24,40.0,3,2048
210276589,200.000,198.284,0.0000,0.7225,0.0000,-0.0214,0.000,32.24,40.0,3,2048
210277912,200.000,198.328,0.0000,0.6813,0.0000,-0.0148,0.000,32.24,40.0,3,2048
210278591,200.000,198.372,0.0000,0.7118,0.0000,0.0247,0.000,32.24,40.0,3,2048
210279599,200.000,198.394,0.0000,0.5257,0.0000,0.0093,0.000,32.24,40.0,3,2048
210280870,200.000,198.438,0.0000,0.6081,0.0000,0.0412,0.000,32.24,40.0,3,2048
210281671,200.000,198.460,0.0000,0.6020,0.0000,0.0599,0.000,32.24,40.0,3,2048
210282583,200.000,198.504,0.0000,0.5348,0.0000,0.0291,0.000,32.24,40.0,3,2048
210283541,200.000,198.526,0.0000,0.6569,0.0000,0.0225,0.000,32.24,40.0,3,2048
210284557,200.000,198.570,0.0000,0.5531,0.0000,0.0214,0.000,32.24,40.0,3,2048
210285869,200.000,198.592,0.0000,0.4784,0.0000,0.0511,0.000,32.24,40.0,3,2048
210286650,200.000,198.614,0.0000,0.4982,0.0000,0.0412,0.000,32.24,40.0,3,2048
210287551,200.000,198.636,0.0000,0.4540,0.0000,0.0401,0.000,32.24,40.0,3,2048
210288541,200.000,198.680,0.0000,0.4372,0.0000,0.0434,0.000,32.24,40.0,3,2048
210289541,200.000,198.702,0.0000,0.4677,0.0000,0.0610,0.000,32.24,40.0,3,2048
210290869,200.000,198.724,0.0000,0.5531,0.0000,0.0599,0.000,32.24,40.0,3,2048
210291604,200.000,198.746,0.0000,0.4402,0.0000,0.0511,0.000,32.24,40.0,3,2048
210292607,200.000,198.768,0.0000,0.3960,0.0000,0.1038,0.000,32.24,40.0,3,2048
210293890,200.000,198.790,0.0000,0.3685,0.0000,0.0939,0.000,32.24,40.0,3,2048
210294568,200.000,198.812,0.0000,0.3777,0.0000,0.0764,0.000,32.24,40.0,3,2048
210295888,200.000,198.812,0.0000,0.3288,0.0000,0.0972,0.000,32.24,40.0,3,2048
210296596,200.000,198.878,0.0000,0.3029,0.0000,0.1577,0.000,32.24,40.0,3,2048
210297937,200.000,198.878,0.0000,0.3456,0.0000,0.1335,0.000,32.24,40.0,3,2048
210298546,200.000,198.922,0.0000,0.4479,0.0000,0.1632,0.000,32.24,40.0,3,2048
210299546,200.000,198.922,0.0000,0.2235,0.0000,0.1664,0.000,32.24,40.0,3,2048
210300864,200.000,198.944,0.0000,0.5470,0.0000,0.1302,0.000,32.24,40.0,3,2048
210301550,200.000,198.965,0.0000,0.3151,0.0000,0.1588,0.000,32.24,40.0,3,2048
210302611,200.000,198.987,0.0000,0.3899,0.0000,0.1115,0.000,32.24,40.0,3,2048
210303604,200.000,199.009,0.0000,0.3532,0.0000,0.1653,0.000,32.24,40.0,3,2048
210304568,200.000,199.009,0.0000,0.2266,0.0000,0.1225,0.000,32.24,40.0,3,2048
210305891,200.000,199.031,0.0000,0.2998,0.0000,0.1664,0.000,32.24,40.0,3,2048
210306639,200.000,199.053,0.0000,0.4814,0.0000,0.1423,0.000,32.24,40.0,3,2048
210307548,200.000,199.075,0.0000,0.3243,0.0000,0.1258,0.000,32.24,40.0,3,2048
210308548,200.000,199.075,0.0000,0.2312,0.0000,0.1214,0.000,32.24,40.0,3,2048
210309605,200.000,199.097,0.0000,0.2815,0.0000,0.0829,0.000,32.24,40.0,3,2048
210310894,200.000,199.119,0.0000,0.2586,0.0000,0.1214,0.000,32.24,40.0,3,2048
210311574,200.000,199.141,0.0000,0.3853,0.0000,0.0720,0.000,32.24,40.0,3,2048
210312569,200.000,199.163,0.0000,0.3548,0.0000,0.0764,0.000,32.24,40.0,3,2048
210313881,200.000,199.163,0.0000,0.0923,0.0000,0.0851,0.000,32.24,40.0,3,2048
210314571,200.000,199.185,0.0000,0.1473,0.0000,0.0906,0.000,32.24,40.0,3,2048
210315890,200.000,199.185,0.0000,0.1015,0.0000,0.1060,0.000,32.24,40.0,3,2048
210316574,200.000,199.207,0.0000,0.1823,0.0000,0.0950,0.000,32.24,40.0,3,2048
210317898,200.000,199.229,0.0000,0.2159,0.0000,0.0851,0.000,32.24,40.0,3,2048
210318587,200.000,199.251,0.0000,0.2174,0.0000,0.1027,0.000,32.24,40.0,3,2048
210319547,200.000,199.251,0.0000,0.2785,0.0000,0.1115,0.000,32.24,40.0,3,2048
210320876,200.000,199.273,0.0000,0.0984,0.0000,0.1027,0.000,32.24,40.0,3,2048
210321595,200.000,199.273,0.0000,0.1961,0.0000,0.0972,0.000,32.24,40.0,3,2048
210322599,200.000,199.295,0.0000,0.1823,0.0000,0.1214,0.000,32.24,40.0,3,2048
210323467,200.000,199.295,0.0000,0.1335,0.0000,0.1247,0.000,32.24,40.0,3,2048
210324545,200.000,199.317,0.0000,0.2266,0.0000,0.1148,0.000,32.24,40.0,3,2048
210325869,200.000,199.317,0.0000,0.1411,0.0000,0.1478,0.000,32.24,40.0,3,2048
210326667,200.000,199.339,0.0000,0.2617,0.0000,0.1313,0.000,32.24,40.0,3,2048
210327585,200.000,199.339,0.0000,0.1274,0.0000,0.1401,0.000,32.24,40.0,3,2048
210328543,200.000,199.339,0.0000,0.0740,0.0000,0.0906,0.000,32.24,40.0,3,2048
210329558,200.000,199.361,0.0000,0.2190,0.0000,0.1555,0.000,32.24,40.0,3,2048
210330870,200.000,199.361,0.0000,0.1457,0.0000,0.1214,0.000,32.24,40.0,3,2048
210331600,200.000,199.383,0.0000,0.1381,0.0000,0.1730,0.000,32.24,40.0,3,2048
210332548,200.000,199.383,0.0000,0.0359,0.0000,0.1071,0.000,32.24,40.0,3,2048
210333879,200.000,199.383,0.0000,0.1381,0.0000,0.1346,0.000,32.24,40.0,3,2048
210334543,200.000,199.405,0.0000,0.2022,0.0000,0.1247,0.000,32.24,40.0,3,2048
210335912,200.000,199.405,0.0000,0.1549,0.0000,0.1225,0.000,32.24,40.0,3,2048
210336550,200.000,199.405,0.0000,0.1976,0.0000,0.1291,0.000,32.24,40.0,3,2048
210337996,200.000,199.427,0.0000,0.1137,0.0000,0.1642,0.000,32.24,40.0,3,2048
210338548,200.000,199.427,0.0000,0.2327,0.0000,0.1335,0.000,32.24,40.0,3,2048
210339547,200.000,199.449,0.0000,0.1289,0.0000,0.1016,0.000,32.24,40.0,3,2048
210340859,200.000,199.449,0.0000,0.2251,0.0000,0.1423,0.000,32.24,40.0,3,2048
210341546,200.000,199.449,0.0000,0.0267,0.0000,0.1038,0.000,32.24,40.0,3,2048
210342604,200.000,199.471,0.0000,0.1747,0.0000,0.1346,0.000,32.24,40.0,3,2048
210343597,200.000,199.471,0.0000,0.2068,0.0000,0.0775,0.000,32.24,40.0,3,2048
210344575,200.000,199.471,0.0000,0.1442,0.0000,0.1489,0.000,32.24,40.0,3,2048
210345889,200.000,199.471,0.0000,0.0999,0.0000,0.1159,0.000,32.24,40.0,3,2048
210346579,200.000,199.493,0.0000,0.0618,0.0000,0.1115,0.000,32.24,40.0,3,2048
210347643,200.000,199.515,0.0000,0.1671,0.0000,0.0950,0.000,32.24,40.0,3,2048
210348544,200.000,199.515,0.0000,0.0938,0.0000,0.1060,0.000,32.24,40.0,3,2048
210349542,200.000,199.515,0.0000,0.1091,0.0000,0.1500,0.000,32.24,40.0,3,2048
210350870,200.000,199.515,0.0000,0.1076,0.0000,0.0818,0.000,32.24,40.0,3,2048
210351542,200.000,199.537,0.0000,0.1778,0.0000,0.0994,0.000,32.24,40.0,3,2048
210352613,200.000,199.537,0.0000,0.1274,0.0000,0.1456,0.000,32.24,40.0,3,2048
210353932,200.000,199.537,0.0000,0.0099,0.0000,0.0950,0.000,32.24,40.0,3,2048
210354579,200.000,199.537,0.0000,0.1228,0.0000,0.1170,0.000,32.24,40.0,3,2048
210355895,200.000,199.537,0.0000,0.1350,0.0000,0.1170,0.000,32.24,40.0,3,2048
210356574,200.000,199.559,0.0000,0.0282,0.0000,0.0917,0.000,32.24,40.0,3,2048
210357967,200.000,199.559,0.0000,0.0496,0.0000,0.1280,0.000,32.24,40.0,3,2048
210358546,200.000,199.559,0.0000,0.1183,0.0000,0.1038,0.000,32.24,40.0,3,2048
210359580,200.000,199.581,0.0000,0.0572,0.0000,0.0829,0.000,32.24,40.0,3,2048
210360916,200.000,199.581,0.0000,0.1045,0.0000,0.1170,0.000,32.24,40.0,3,2048
210361576,200.000,199.581,0.0000,0.0038,0.0000,0.1236,0.000,32.24,40.0,3,2048
210362576,200.000,199.581,0.0000,0.1442,0.0000,0.0764,0.000,32.24,40.0,3,2048
210363569,200.000,199.581,0.0000,0.0237,0.0000,0.0961,0.000,32.24,40.0,3,2048
210364569,200.000,199.603,0.0000,-0.0282,0.0000,0.1137,0.000,32.24,40.0,3,2048
210365889,200.000,199.603,0.0000,0.1167,0.0000,0.1005,0.000,32.24,40.0,3,2048
210366575,200.000,199.603,0.0000,0.0664,0.0000,0.1049,0.000,32.24,40.0,3,2048
210367576,200.000,199.603,0.0000,0.0465,0.0000,0.0873,0.000,32.24,40.0,3,2048
210368581,200.000,199.625,0.0000,0.1686,0.0000,0.1060,0.000,32.24,40.0,3,2048
210369545,200.000,199.625,0.0000,0.1946,0.0000,0.1335,0.000,32.24,40.0,3,2048
210370865,200.000,199.625,0.0000,0.1076,0.0000,0.1346,0.000,32.24,40.0,3,2048
210371598,200.000,199.625,0.0000,0.1274,0.0000,0.0983,0.000,32.24,40.0,3,2048
210372599,200.000,199.625,0.0000,-0.1152,0.0000,0.1181,0.000,32.24,40.0,3,2048
210373916,200.000,199.625,0.0000,0.2037,0.0000,0.0884,0.000,32.24,40.0,3,2048
210374554,200.000,199.625,0.0000,-0.0221,0.0000,0.1082,0.000,32.24,40.0,3,2048
210375867,200.000,199.625,0.0000,0.0450,0.0000,0.1203,0.000,32.24,40.0,3,2048
210376668,200.000,199.625,0.0000,-0.0130,0.0000,0.0972,0.000,32.24,40.0,3,2048
210377902,200.000,199.647,0.0000,0.1060,0.0000,0.0950,0.000,32.24,40.0,3,2048
210378548,200.000,199.647,0.0000,-0.0175,0.0000,0.1137,0.000,32.24,40.0,3,2048
210379565,200.000,199.647,0.0000,0.0298,0.0000,0.0764,0.000,32.24,40.0,3,2048
210380861,200.000,199.647,0.0000,-0.0160,0.0000,0.1225,0.000,32.24,40.0,3,2048
210381599,200.000,199.669,0.0000,0.1564,0.0000,0.1390,0.000,32.24,40.0,3,2048
210382548,200.000,199.647,0.0000,-0.1320,0.0000,0.0720,0.000,32.24,40.0,3,2048
210383560,200.000,199.669,0.0000,0.0877,0.0000,0.1093,0.000,32.24,40.0,3,2048
210384542,200.000,199.647,0.0000,-0.0008,0.0000,0.1203,0.000,32.24,40.0,3,2048
210385910,200.000,199.669,0.0000,0.0023,0.0000,0.0753,0.000,32.24,40.0,3,2048
210386548,200.000,199.669,0.0000,-0.0542,0.0000,0.1038,0.000,32.24,40.0,3,2048
210387675,200.000,199.669,0.0000,0.0877,0.0000,0.1324,0.000,32.24,40.0,3,2048
210388543,200.000,199.669,0.0000,0.0267,0.0000,0.0895,0.000,32.24,40.0,3,2048
210389542,200.000,199.669,0.0000,0.0435,0.0000,0.1093,0.000,32.24,40.0,3,2048
210390870,200.000,199.669,0.0000,0.0755,0.0000,0.0961,0.000,32.24,40.0,3,2048
210391544,200.000,199.669,0.0000,-0.0328,0.0000,0.1181,0.000,32.24,40.0,3,2048
210392608,200.000,199.669,0.0000,0.0099,0.0000,0.0906,0.000,32.24,40.0,3,2048
210393926,200.000,199.669,0.0000,-0.0862,0.0000,0.1225,0.000,32.24,40.0,3,2048
210394574,200.000,199.669,0.0000,-0.0130,0.0000,0.0851,0.000,32.24,40.0,3,2048
210395889,200.000,199.669,0.0000,-0.0984,0.0000,0.0862,0.000,32.24,40.0,3,2048
210396579,200.000,199.669,0.0000,-0.0130,0.0000,0.1500,0.000,32.24,40.0,3,2048
210397964,200.000,199.669,0.0000,0.0481,0.0000,0.0775,0.000,32.24,40.0,3,2048
210398879,200.000,199.669,0.0000,-0.1457,0.0000,0.1533,0.000,32.24,40.0,3,2048
210399873,200.000,199.669,0.0000,-0.0435,0.0000,0.1181,0.000,32.24,40.0,3,2048
210401190,200.000,199.669,0.0000,0.0175,0.0000,0.0928,0.000,32.24,40.0,3,2048
210401878,200.000,199.669,0.0000,-0.0237,0.0000,0.0994,0.000,32.24,40.0,3,2048
210402871,200.000,199.669,0.0000,0.1244,0.0000,0.1247,0.000,32.24,40.0,3,2048
210403873,200.000,199.669,0.0000,-0.0069,0.0000,0.0939,0.000,32.24,40.0,3,2048
210404907,200.000,199.669,0.0000,-0.0679,0.0000,0.1115,0.000,32.24,40.0,3,2048
210406220,200.000,199.669,0.0000,0.0008,0.0000,0.1280,0.000,32.24,40.0,3,2048
210406888,200.000,199.669,0.0000,-0.0740,0.0000,0.1126,0.000,32.24,40.0,3,2048
210407913,200.000,199.669,0.0000,-0.1350,0.0000,0.1203,0.000,32.24,40.0,3,2048
210408897,200.000,199.669,0.0000,-0.1060,0.0000,0.0884,0.000,32.24,40.0,3,2048
210409897,200.000,199.691,0.0000,0.1762,0.0000,0.1258,0.000,32.24,40.0,3,2048
210411217,200.000,199.669,0.0000,-0.0145,0.0000,0.1159,0.000,32.24,40.0,3,2048
210411887,200.000,199.669,0.0000,0.1030,0.0000,0.1214,0.000,32.24,40.0,3,2048
210412930,200.000,199.669,0.0000,0.0237,0.0000,0.1489,0.000,32.24,40.0,3,2048
210414189,200.000,199.669,0.0000,-0.0191,0.0000,0.0928,0.000,32.24,40.0,3,2048
210414543,200.000,199.669,0.0000,0.0542,0.0000,0.1203,0.000,32.24,40.0,3,2048
210415881,200.000,199.669,0.0000,0.0023,0.0000,0.0917,0.000,32.24,40.0,3,2048
210416602,200.000,199.669,0.0000,0.0511,0.0000,0.1686,0.000,32.24,40.0,3,2048
210417899,200.000,199.669,0.0000,-0.0008,0.0000,0.0983,0.000,32.24,40.0,3,2048
210418575,200.000,199.669,0.0000,-0.0526,0.0000,0.1148,0.000,32.24,40.0,3,2048
210419575,200.000,199.691,0.0000,0.1091,0.0000,0.0829,0.000,32.24,40.0,3,2048
210420891,200.000,199.669,0.0000,0.0435,0.0000,0.1291,0.000,32.24,40.0,3,2048
210421573,200.000,199.691,0.0000,0.0572,0.0000,0.0950,0.000,32.24,40.0,3,2048
210422574,200.000,199.669,0.0000,-0.0999,0.0000,0.1049,0.000,32.24,40.0,3,2048
210423569,200.000,199.669,0.0000,0.0526,0.0000,0.1060,0.000,32.24,40.0,3,2048
210424571,200.000,199.669,0.0000,-0.0969,0.0000,0.0665,0.000,32.24,40.0,3,2048
210425902,200.000,199.669,0.0000,-0.0053,0.0000,0.1423,0.000,32.24,40.0,3,2048
210426546,200.000,199.669,0.0000,-0.0160,0.0000,0.1027,0.000,32.24,40.0,3,2048
210427555,200.000,199.669,0.0000,-0.0984,0.0000,0.1093,0.000,32.24,40.0,3,2048
210428594,200.000,199.691,0.0000,0.0603,0.0000,0.1082,0.000,32.24,40.0,3,2048
210429589,200.000,199.669,0.0000,-0.0481,0.0000,0.0983,0.000,32.24,40.0,3,2048
210430917,200.000,199.691,0.0000,0.0633,0.0000,0.1577,0.000,32.24,40.0,3,2048
210431545,200.000,199.691,0.0000,0.0252,0.0000,0.0994,0.000,32.24,40.0,3,2048
210432570,200.000,199.669,0.0000,-0.0038,0.0000,0.1291,0.000,32.24,40.0,3,2048
210433863,200.000,199.691,0.0000,-0.0099,0.0000,0.1291,0.000,32.24,40.0,3,2048
210434543,200.000,199.691,0.0000,-0.0359,0.0000,0.0895,0.000,32.24,40.0,3,2048
210435887,200.000,199.691,0.0000,0.0359,0.0000,0.1016,0.000,32.24,40.0,3,2048
210436542,200.000,199.669,0.0000,-0.0221,0.0000,0.1445,0.000,32.24,40.0,3,2048
210437925,200.000,199.669,0.0000,0.1030,0.0000,0.1005,0.000,32.24,40.0,3,2048
210438547,200.000,199.691,0.0000,0.0389,0.0000,0.1467,0.000,32.24,40.0,3,2048
210439649,200.000,199.669,0.0000,-0.0923,0.0000,0.1313,0.000,32.24,40.0,3,2048
210440869,200.000,199.669,0.0000,0.0191,0.0000,0.1236,0.000,32.24,40.0,3,2048
210441544,200.000,199.691,0.0000,0.0908,0.0000,0.0906,0.000,32.24,40.0,3,2048
210442547,200.000,199.691,0.0000,-0.0404,0.0000,0.1280,0.000,32.24,40.0,3,2048
210443604,200.000,199.669,0.0000,-0.0237,0.0000,0.1368,0.000,32.24,40.0,3,2048
210444576,200.000,199.669,0.0000,-0.0557,0.0000,0.1027,0.000,32.24,40.0,3,2048
210445926,200.000,199.669,0.0000,-0.0389,0.0000,0.1038,0.000,32.24,40.0,3,2048
210446578,200.000,199.669,0.0000,-0.0526,0.0000,0.1225,0.000,32.24,40.0,3,2048
210447579,200.000,199.691,0.0000,0.0114,0.0000,0.0654,0.000,32.24,40.0,3,2048
210448593,200.000,199.669,0.0000,0.0221,0.0000,0.1159,0.000,32.24,40.0,3,2048
210449626,200.000,199.691,0.0000,0.1015,0.0000,0.0917,0.000,32.24,40.0,3,2048
210450870,200.000,199.669,0.0000,-0.0053,0.0000,0.1126,0.000,32.24,40.0,3,2048
210451580,200.000,199.669,0.0000,-0.0053,0.0000,0.0994,0.000,32.24,40.0,3,2048
210452605,200.000,199.669,0.0000,0.0740,0.0000,0.1489,0.000,32.24,40.0,3,2048
210453893,200.000,199.691,0.0000,0.0359,0.0000,0.1236,0.000,32.24,40.0,3,2048
210454570,200.000,199.669,0.0000,0.0237,0.0000,0.0862,0.000,32.24,40.0,3,2048
210455891,200.000,199.691,0.0000,0.0069,0.0000,0.0961,0.000,32.24,40.0,3,2048
210456573,200.000,199.691,0.0000,0.0954,0.0000,0.1346,0.000,32.24,40.0,3,2048
210457897,200.000,199.669,0.0000,-0.0526,0.0000,0.0994,0.000,32.24,40.0,3,2048
210458574,200.000,199.669,0.0000,-0.0206,0.0000,0.1027,0.000,32.24,40.0,3,2048
210459575,200.000,199.669,0.0000,0.0893,0.0000,0.1599,0.000,32.24,40.0,3,2048
210460892,200.000,199.669,0.0000,-0.1335,0.0000,0.0829,0.000,32.24,40.0,3,2048
210461588,200.000,199.669,0.0000,0.1015,0.0000,0.1291,0.000,32.24,40.0,3,2048
210462548,200.000,199.669,0.0000,-0.0999,0.0000,0.1247,0.000,32.24,40.0,3,2048
210463542,200.000,199.691,0.0000,0.1564,0.0000,0.1335,0.000,32.24,40.0,3,2048
210464597,200.000,199.691,0.0000,-0.0343,0.0000,0.1280,0.000,32.24,40.0,3,2048
210465912,200.000,199.691,0.0000,0.0847,0.0000,0.0939,0.000,32.24,40.0,3,2048
210466504,200.000,199.669,0.0000,-0.0221,0.0000,0.1170,0.000,32.24,40.0,3,2048
210467551,200.000,199.669,0.0000,-0.0130,0.0000,0.1247,0.000,32.24,40.0,3,2048
210468542,200.000,199.669,0.0000,0.1106,0.0000,0.0917,0.000,32.24,40.0,3,2048
210469566,200.000,199.669,0.0000,-0.1503,0.0000,0.1192,0.000,32.24,40.0,3,2048
210470873,200.000,199.669,0.0000,0.1076,0.0000,0.1258,0.000,32.24,40.0,3,2048
210471542,200.000,199.669,0.0000,0.0938,0.0000,0.1357,0.000,32.24,40.0,3,2048
210472564,200.000,199.669,0.0000,-0.0481,0.0000,0.0972,0.000,32.24,40.0,3,2048
210473862,200.000,199.669,0.0000,0.0313,0.0000,0.1192,0.000,32.24,40.0,3,2048
210474602,200.000,199.669,0.0000,0.1152,0.0000,0.1071,0.000,32.24,40.0,3,2048
210475869,200.000,199.691,0.0000,0.0359,0.0000,0.0928,0.000,32.24,40.0,3,2048
210476558,200.000,199.691,0.0000,0.0740,0.0000,0.0939,0.000,32.24,40.0,3,2048
210477872,200.000,199.669,0.0000,-0.0725,0.0000,0.1258,0.000,32.24,40.0,3,2048
210478601,200.000,199.669,0.0000,0.0664,0.0000,0.1060,0.000,32.24,40.0,3,2048
210479547,200.000,199.669,0.0000,0.0420,0.0000,0.1258,0.000,32.24,40.0,3,2048
210480954,200.000,199.669,0.0000,-0.0069,0.0000,0.0939,0.000,32.24,40.0,3,2048
210481879,200.000,199.669,0.0000,-0.0099,0.0000,0.0720,0.000,32.24,40.0,3,2048
210482914,200.000,199.669,0.0000,-0.1198,0.0000,0.1489,0.000,32.24,40.0,3,2048
210483876,200.000,199.669,0.0000,-0.1015,0.0000,0.1060,0.000,32.24,40.0,3,2048
210484887,200.000,199.691,0.0000,0.0862,0.0000,0.1093,0.000,32.24,40.0,3,2048
210486191,200.000,199.669,0.0000,-0.0893,0.0000,0.1610,0.000,32.24,40.0,3,2048
210486749,200.000,199.669,0.0000,0.0328,0.0000,0.0895,0.000,32.24,40.0,3,2048
210487899,200.000,199.669,0.0000,0.0221,0.0000,0.0928,0.000,32.24,40.0,3,2048
210488871,200.000,199.669,0.0000,0.0740,0.0000,0.1313,0.000,32.24,40.0,3,2048
210489984,200.000,199.691,0.0000,0.0404,0.0000,0.1214,0.000,32.24,40.0,3,2048
210491202,200.000,199.691,0.0000,0.0954,0.0000,0.0818,0.000,32.24,40.0,3,2048
210491869,200.000,199.669,0.0000,-0.1045,0.0000,0.1148,0.000,32.24,40.0,3,2048
210492872,200.000,199.691,0.0000,0.0221,0.0000,0.1445,0.000,32.24,40.0,3,2048
210494186,200.000,199.669,0.0000,-0.0938,0.0000,0.0731,0.000,32.24,40.0,3,2048
210494543,200.000,199.691,0.0000,-0.0664,0.0000,0.1291,0.000,32.24,40.0,3,2048
210495867,200.000,199.669,0.0000,-0.0099,0.0000,0.1225,0.000,32.24,40.0,3,2048
210496605,200.000,199.669,0.0000,-0.0755,0.0000,0.1291,0.000,32.24,40.0,3,2048
210497899,200.000,199.669,0.0000,-0.0832,0.0000,0.1269,0.000,32.24,40.0,3,2048
210498614,200.000,199.669,0.0000,0.1076,0.0000,0.1049,0.000,32.24,40.0,3,2048
210499579,200.000,199.669,0.0000,-0.0572,0.0000,0.1115,0.000,32.24,40.0,3,2048
210500892,200.000,199.669,0.0000,-0.0237,0.0000,0.1258,0.000,32.24,40.0,3,2048
210501575,200.000,199.691,0.0000,0.1457,0.0000,0.1115,0.000,32.24,40.0,3,2048
210502646,200.000,199.669,0.0000,-0.0755,0.0000,0.1467,0.000,32.24,40.0,3,2048
210503544,200.000,199.669,0.0000,0.0496,0.0000,0.1082,0.000,32.24,40.0,3,2048
210504578,200.000,199.669,0.0000,0.0237,0.0000,0.1071,0.000,32.24,40.0,3,2048
210505913,200.000,199.669,0.0000,0.0664,0.0000,0.1247,0.000,32.24,40.0,3,2048
210506576,200.000,199.669,0.0000,0.0282,0.0000,0.1137,0.000,32.24,40.0,3,2048
210507576,200.000,199.691,0.0000,0.1396,0.0000,0.1280,0.000,32.24,40.0,3,2048
210508569,200.000,199.669,0.0000,-0.0679,0.0000,0.1533,0.000,32.24,40.0,3,2048
210509569,200.000,199.669,0.0000,-0.1076,0.0000,0.0775,0.000,32.24,40.0,3,2048
210510889,200.000,199.669,0.0000,-0.0313,0.0000,0.0950,0.000,32.24,40.0,3,2048
210511575,200.000,199.691,0.0000,0.0679,0.0000,0.1236,0.000,32.24,40.0,3,2048
210512575,200.000,199.669,0.0000,0.0237,0.0000,0.1280,0.000,32.24,40.0,3,2048
210513903,200.000,199.669,0.0000,-0.0755,0.0000,0.0906,0.000,32.24,40.0,3,2048
210514545,200.000,199.669,0.0000,0.0481,0.0000,0.1104,0.000,32.24,40.0,3,2048
210515865,200.000,199.691,0.0000,0.0298,0.0000,0.0950,0.000,32.24,40.0,3,2048
210516595,200.000,199.669,0.0000,-0.0389,0.0000,0.1170,0.000,32.24,40.0,3,2048
210517918,200.000,199.669,0.0000,-0.0160,0.0000,0.0906,0.000,32.24,40.0,3,2048
210518598,200.000,199.669,0.0000,-0.1625,0.0000,0.1291,0.000,32.24,40.0,3,2048
210519604,200.000,199.669,0.0000,0.1030,0.0000,0.1137,0.000,32.24,40.0,3,2048
210520869,200.000,199.669,0.0000,-0.0282,0.0000,0.0928,0.000,32.24,40.0,3,2048
210521672,200.000,199.669,0.0000,-0.0328,0.0000,0.1005,0.000,32.24,40.0,3,2048
210522585,200.000,199.669,0.0000,0.0801,0.0000,0.1258,0.000,32.24,40.0,3,2048
210523542,200.000,199.669,0.0000,-0.0816,0.0000,0.1258,0.000,32.24,40.0,3,2048
210524560,200.000,199.669,0.0000,0.0862,0.0000,0.1126,0.000,32.24,40.0,3,2048
210525869,200.000,199.669,0.0000,-0.0572,0.0000,0.1214,0.000,32.24,40.0,3,2048
210526600,200.000,199.691,0.0000,0.0786,0.0000,0.0928,0.000,32.24,40.0,3,2048
210527547,200.000,199.669,0.0000,0.0313,0.0000,0.0851,0.000,32.24,40.0,3,2048
210528560,200.000,199.669,0.0000,-0.0999,0.0000,0.1379,0.000,32.24,40.0,3,2048
210529542,200.000,199.691,0.0000,0.0740,0.0000,0.1027,0.000,32.24,40.0,3,2048
210530911,200.000,199.669,0.0000,-0.0511,0.0000,0.1170,0.000,32.24,40.0,3,2048
210531547,200.000,199.691,0.0000,0.0755,0.0000,0.1302,0.000,32.24,40.0,3,2048
210532638,200.000,199.691,0.0000,0.0252,0.0000,0.0994,0.000,32.24,40.0,3,2048
210533865,200.000,199.691,0.0000,0.0160,0.0000,0.1137,0.000,32.24,40.0,3,2048
210534599,200.000,199.669,0.0000,-0.0404,0.0000,0.1214,0.000,32.24,40.0,3,2048
210535870,200.000,199.669,0.0000,-0.0221,0.0000,0.1181,0.000,32.24,40.0,3,2048
210536567,200.000,199.669,0.0000,-0.0435,0.0000,0.0972,0.000,32.24,40.0,3,2048
210537869,200.000,199.669,0.0000,0.0099,0.0000,0.1346,0.000,32.24,40.0,3,2048
210538595,200.000,199.669,0.0000,0.0191,0.0000,0.1313,0.000,32.24,40.0,3,2048
210539547,200.000,199.669,0.0000,0.0237,0.0000,0.1192,0.000,32.24,40.0,3,2048
210540964,200.000,199.669,0.0000,0.0359,0.0000,0.0950,0.000,32.24,40.0,3,2048
210541546,200.000,199.669,0.0000,-0.0435,0.0000,0.1522,0.000,32.24,40.0,3,2048
210542547,200.000,199.669,0.0000,-0.0725,0.0000,0.1214,0.000,32.24,40.0,3,2048
210543542,200.000,199.669,0.0000,0.0069,0.0000,0.1093,0.000,32.24,40.0,3,2048
210544600,200.000,199.691,0.0000,0.0465,0.0000,0.0797,0.000,32.24,40.0,3,2048
210545896,200.000,199.669,0.0000,-0.0374,0.0000,0.1280,0.000,32.24,40.0,3,2048
210546612,200.000,199.669,0.0000,-0.0252,0.0000,0.0643,0.000,32.24,40.0,3,2048
210547581,200.000,199.669,0.0000,0.0191,0.0000,0.1071,0.000,32.24,40.0,3,2048
210548572,200.000,199.669,0.0000,-0.0053,0.0000,0.1390,0.000,32.24,40.0,3,2048
210549604,200.000,199.669,0.0000,-0.1183,0.0000,0.1379,0.000,32.24,40.0,3,2048
210550934,200.000,199.691,0.0000,0.0862,0.0000,0.0709,0.000,32.24,40.0,3,2048
210551546,200.000,199.691,0.0000,0.0786,0.0000,0.1038,0.000,32.24,40.0,3,2048
210552585,200.000,199.669,0.0000,0.0862,0.0000,0.1763,0.000,32.24,40.0,3,2048
210553918,200.000,199.669,0.0000,-0.0023,0.0000,0.0676,0.000,32.24,40.0,3,2048
210554568,200.000,199.691,0.0000,0.0389,0.0000,0.1511,0.000,32.24,40.0,3,2048
210555889,200.000,199.669,0.0000,0.0313,0.0000,0.1368,0.000,32.24,40.0,3,2048
210556575,200.000,199.669,0.0000,-0.0237,0.0000,0.1280,0.000,32.24,40.0,3,2048
210557895,200.000,199.669,0.0000,-0.0633,0.0000,0.0961,0.000,32.24,40.0,3,2048
210558575,200.000,199.669,0.0000,0.0099,0.0000,0.0786,0.000,32.24,40.0,3,2048
210559576,200.000,199.669,0.0000,0.0175,0.0000,0.1357,0.000,32.24,40.0,3,2048
210560888,200.000,199.669,0.0000,0.0099,0.0000,0.1159,0.000,32.24,40.0,3,2048
210561575,200.000,199.691,0.0000,0.0587,0.0000,0.1533,0.000,32.24,40.0,3,2048
210562586,200.000,199.669,0.0000,-0.0999,0.0000,0.0829,0.000,32.24,40.0,3,2048
210563545,200.000,199.691,0.0000,0.0603,0.0000,0.1126,0.000,32.24,40.0,3,2048
210564556,200.000,199.691,0.0000,0.0816,0.0000,0.1203,0.000,32.24,40.0,3,2048
210565913,200.000,199.669,0.0000,-0.0130,0.0000,0.1060,0.000,32.24,40.0,3,2048
210566598,200.000,199.669,0.0000,-0.0114,0.0000,0.1434,0.000,32.24,40.0,3,2048
210567465,200.000,199.691,0.0000,0.0862,0.0000,0.0928,0.000,32.24,40.0,3,2048
210568545,200.000,199.669,0.0000,-0.0984,0.0000,0.0994,0.000,32.24,40.0,3,2048
210569542,200.000,199.691,0.0000,-0.0221,0.0000,0.1412,0.000,32.24,40.0,3,2048
210570891,200.000,199.669,0.0000,0.0374,0.0000,0.0906,0.000,32.24,40.0,3,2048
210571550,200.000,199.669,0.0000,-0.0816,0.0000,0.1489,0.000,32.24,40.0,3,2048
210572547,200.000,199.669,0.0000,-0.0374,0.0000,0.0775,0.000,32.24,40.0,3,2048
210573878,200.000,199.669,0.0000,0.1427,0.0000,0.1060,0.000,32.24,40.0,3,2048
210574543,200.000,199.691,0.0000,0.0343,0.0000,0.1577,0.000,32.24,40.0,3,2048
210575918,200.000,199.691,0.0000,0.1289,0.0000,0.1511,0.000,32.24,40.0,3,2048
210576543,200.000,199.691,0.0000,0.0191,0.0000,0.1412,0.000,32.24,40.0,3,2048
210577888,200.000,199.669,0.0000,-0.2632,0.0000,0.0588,0.000,32.24,40.0,3,2048
210578543,200.000,199.669,0.0000,0.0664,0.0000,0.0906,0.000,32.24,40.0,3,2048
210579606,200.000,199.691,0.0000,0.0984,0.0000,0.1511,0.000,32.24,40.0,3,2048
210580869,200.000,199.669,0.0000,-0.0664,0.0000,0.0818,0.000,32.24,40.0,3,2048
210581512,200.000,199.691,0.0000,-0.0099,0.0000,0.0939,0.000,32.24,40.0,3,2048
210582551,200.000,199.669,0.0000,0.0252,0.0000,0.1005,0.000,32.24,40.0,3,2048
210583542,200.000,199.669,0.0000,-0.0679,0.0000,0.1247,0.000,32.24,40.0,3,2048
210584601,200.000,199.669,0.0000,-0.0175,0.0000,0.1247,0.000,32.24,40.0,3,2048
210585870,200.000,199.669,0.0000,0.0114,0.0000,0.0851,0.000,32.24,40.0,3,2048
210586563,200.000,199.691,0.0000,0.0542,0.0000,0.0994,0.000,32.24,40.0,3,2048
210587547,200.000,199.691,0.0000,0.0053,0.0000,0.1170,0.000,32.24,40.0,3,2048
210588595,200.000,199.691,0.0000,0.0694,0.0000,0.1258,0.000,32.24,40.0,3,2048
210589542,200.000,199.691,0.0000,-0.0481,0.0000,0.1082,0.000,32.24,40.0,3,2048
210590962,200.000,199.691,0.0000,-0.0069,0.0000,0.1126,0.000,32.24,40.0,3,2048
210591546,200.000,199.691,0.0000,0.0099,0.0000,0.0610,0.000,32.24,40.0,3,2048
210592547,200.000,199.691,0.0000,-0.0145,0.0000,0.1313,0.000,32.24,40.0,3,2048
210593860,200.000,199.669,0.0000,-0.0664,0.0000,0.1093,0.000,32.24,40.0,3,2048
210594543,200.000,199.669,0.0000,0.0267,0.0000,0.0862,0.000,32.24,40.0,3,2048
210595928,200.000,199.669,0.0000,-0.0267,0.0000,0.0840,0.000,32.24,40.0,3,2048
210596594,200.000,199.669,0.0000,-0.0420,0.0000,0.1005,0.000,32.24,40.0,3,2048
210597925,200.000,199.669,0.0000,-0.0557,0.0000,0.1291,0.000,32.24,40.0,3,2048
210598574,200.000,199.669,0.0000,0.0648,0.0000,0.1016,0.000,32.24,40.0,3,2048
210599579,200.000,199.669,0.0000,-0.0404,0.0000,0.1181,0.000,32.24,40.0,3,2048
210600957,200.000,199.669,0.0000,0.0069,0.0000,0.1126,0.000,32.24,40.0,3,2048
210601551,200.000,199.669,0.0000,0.1167,0.0000,0.1071,0.000,32.24,40.0,3,2048
210602547,200.000,199.669,0.0000,0.0298,0.0000,0.0698,0.000,32.24,40.0,3,2048
210603606,200.000,199.669,0.0000,0.0374,0.0000,0.1269,0.000,32.24,40.0,3,2048
210604572,200.000,199.691,0.0000,0.1274,0.0000,0.1225,0.000,32.24,40.0,3,2048
210605890,200.000,199.669,0.0000,-0.0664,0.0000,0.1192,0.000,32.24,40.0,3,2048
210606575,200.000,199.669,0.0000,-0.0648,0.0000,0.1280,0.000,32.24,40.0,3,2048
210607575,200.000,199.669,0.0000,-0.0587,0.0000,0.1071,0.000,32.24,40.0,3,2048
210608569,200.000,199.691,0.0000,0.0999,0.0000,0.0939,0.000,32.24,40.0,3,2048
210609571,200.000,199.691,0.0000,0.0603,0.0000,0.0928,0.000,32.24,40.0,3,2048
210610889,200.000,199.669,0.0000,-0.0069,0.0000,0.1214,0.000,32.24,40.0,3,2048
210611575,200.000,199.691,0.0000,0.0816,0.0000,0.0884,0.000,32.24,40.0,3,2048
210612590,200.000,199.669,0.0000,0.0023,0.0000,0.1423,0.000,32.24,40.0,3,2048
210613861,200.000,199.669,0.0000,-0.0160,0.0000,0.0654,0.000,32.24,40.0,3,2048
210614543,200.000,199.691,0.0000,-0.0542,0.0000,0.1170,0.000,32.24,40.0,3,2048
210615913,200.000,199.669,0.0000,-0.0557,0.0000,0.1181,0.000,32.24,40.0,3,2048
210616598,200.000,199.669,0.0000,-0.0710,0.0000,0.1082,0.000,32.24,40.0,3,2048
210617875,200.000,199.669,0.0000,-0.0359,0.0000,0.1038,0.000,32.24,40.0,3,2048
210618550,200.000,199.669,0.0000,0.1091,0.0000,0.1390,0.000,32.24,40.0,3,2048
210619547,200.000,199.691,0.0000,0.0557,0.0000,0.1016,0.000,32.24,40.0,3,2048
210620895,200.000,199.669,0.0000,-0.0710,0.0000,0.0775,0.000,32.24,40.0,3,2048
210621550,200.000,199.669,0.0000,0.0221,0.0000,0.1280,0.000,32.24,40.0,3,2048
210622547,200.000,199.669,0.0000,0.0374,0.0000,0.1522,0.000,32.24,40.0,3,2048
210623558,200.000,199.669,0.0000,0.0740,0.0000,0.0939,0.000,32.24,40.0,3,2048
210624542,200.000,199.669,0.0000,0.0389,0.0000,0.0895,0.000,32.24,40.0,3,2048
210625920,200.000,199.669,0.0000,-0.0908,0.0000,0.1390,0.000,32.24,40.0,3,2048
210626543,200.000,199.691,0.0000,0.0282,0.0000,0.1236,0.000,32.24,40.0,3,2048
210627564,200.000,199.691,0.0000,0.0740,0.0000,0.1192,0.000,32.24,40.0,3,2048
210628542,200.000,199.669,0.0000,0.0298,0.0000,0.1170,0.000,32.24,40.0,3,2048
210629601,200.000,199.691,0.0000,0.0816,0.0000,0.1071,0.000,32.24,40.0,3,2048
210630870,200.000,199.669,0.0000,-0.0740,0.0000,0.1390,0.000,32.24,40.0,3,2048
210631509,200.000,199.669,0.0000,-0.1335,0.0000,0.1225,0.000,32.24,40.0,3,2048
210632551,200.000,199.691,0.0000,0.0343,0.0000,0.1181,0.000,32.24,40.0,3,2048
210633861,200.000,199.691,0.0000,-0.0343,0.0000,0.1181,0.000,32.24,40.0,3,2048
210634602,200.000,199.669,0.0000,-0.0084,0.0000,0.0862,0.000,32.24,40.0,3,2048
210635872,200.000,199.691,0.0000,-0.0496,0.0000,0.0906,0.000,32.24,40.0,3,2048
210636563,200.000,199.691,0.0000,-0.0465,0.0000,0.1225,0.000,32.24,40.0,3,2048
210637872,200.000,199.691,0.0000,-0.0862,0.0000,0.0939,0.000,32.24,40.0,3,2048
210638595,200.000,199.669,0.0000,-0.0038,0.0000,0.1412,0.000,32.24,40.0,3,2048
210639547,200.000,199.691,0.0000,0.0526,0.0000,0.1104,0.000,32.24,40.0,3,2048
210640972,200.000,199.669,0.0000,-0.1122,0.0000,0.1060,0.000,32.24,40.0,3,2048
210641546,200.000,199.691,0.0000,0.0221,0.0000,0.1214,0.000,32.24,40.0,3,2048
210642547,200.000,199.669,0.0000,-0.1167,0.0000,0.0797,0.000,32.24,40.0,3,2048
210643606,200.000,199.669,0.0000,-0.0862,0.0000,0.0873,0.000,32.24,40.0,3,2048
210644573,200.000,199.669,0.0000,0.0099,0.0000,0.1082,0.000,32.24,40.0,3,2048
210645888,200.000,199.669,0.0000,-0.0984,0.0000,0.1379,0.000,32.24,40.0,3,2048
210646575,200.000,199.691,0.0000,0.1183,0.0000,0.1115,0.000,32.24,40.0,3,2048
210647575,200.000,199.669,0.0000,-0.1900,0.0000,0.0906,0.000,32.24,40.0,3,2048
210648571,200.000,199.669,0.0000,-0.0130,0.0000,0.1115,0.000,32.24,40.0,3,2048
210649569,200.000,199.669,0.0000,0.0771,0.0000,0.1126,0.000,32.24,40.0,3,2048
210650889,200.000,199.691,0.0000,0.0053,0.0000,0.1181,0.000,32.24,40.0,3,2048
210651575,200.000,199.669,0.0000,0.0206,0.0000,0.1181,0.000,32.24,40.0,3,2048
210652581,200.000,199.669,0.0000,-0.0389,0.0000,0.1093,0.000,32.24,40.0,3,2048
210653862,200.000,199.691,0.0000,-0.0496,0.0000,0.1302,0.000,32.24,40.0,3,2048
210654592,200.000,199.691,0.0000,0.0237,0.0000,0.1225,0.000,32.24,40.0,3,2048
210655911,200.000,199.669,0.0000,0.0237,0.0000,0.1203,0.000,32.24,40.0,3,2048
210656598,200.000,199.669,0.0000,0.0984,0.0000,0.0884,0.000,32.24,40.0,3,2048
210657923,200.000,199.691,0.0000,-0.0435,0.0000,0.1324,0.000,32.24,40.0,3,2048
210658547,200.000,199.669,0.0000,-0.0099,0.0000,0.1214,0.000,32.24,40.0,3,2048
210659578,200.000,199.669,0.0000,0.0511,0.0000,0.1269,0.000,32.24,40.0,3,2048
210660874,200.000,199.691,0.0000,-0.0557,0.0000,0.0939,0.000,32.24,40.0,3,2048
210661542,200.000,199.669,0.0000,-0.0420,0.0000,0.1313,0.000,32.24,40.0,3,2048
210662643,200.000,199.669,0.0000,0.0511,0.0000,0.0797,0.000,32.24,40.0,3,2048
210663544,200.000,199.669,0.0000,-0.0404,0.0000,0.1401,0.000,32.24,40.0,3,2048
210664650,200.000,199.669,0.0000,0.0786,0.0000,0.0786,0.000,32.24,40.0,3,2048
210665874,200.000,199.669,0.0000,-0.0328,0.0000,0.1291,0.000,32.24,40.0,3,2048
210666561,200.000,199.691,0.0000,0.1534,0.0000,0.0939,0.000,32.24,40.0,3,2048
210667547,200.000,199.669,0.0000,-0.0893,0.0000,0.1258,0.000,32.24,40.0,3,2048
210668597,200.000,199.669,0.0000,-0.0359,0.0000,0.1214,0.000,32.24,40.0,3,2048
210669542,200.000,199.691,0.0000,0.0435,0.0000,0.1181,0.000,32.24,40.0,3,2048
210670887,200.000,199.669,0.0000,0.0328,0.0000,0.1115,0.000,32.24,40.0,3,2048
210671544,200.000,199.669,0.0000,-0.0557,0.0000,0.0939,0.000,32.24,40.0,3,2048
210672661,200.000,199.669,0.0000,-0.0008,0.0000,0.1203,0.000,32.24,40.0,3,2048
210673864,200.000,199.669,0.0000,-0.0069,0.0000,0.0983,0.000,32.24,40.0,3,2048
210674560,200.000,199.669,0.0000,-0.0618,0.0000,0.1247,0.000,32.24,40.0,3,2048
210675869,200.000,199.691,0.0000,-0.0298,0.0000,0.1335,0.000,32.24,40.0,3,2048
210676601,200.000,199.669,0.0000,0.0298,0.0000,0.0983,0.000,32.24,40.0,3,2048
210677876,200.000,199.669,0.0000,-0.0206,0.0000,0.1038,0.000,32.24,40.0,3,2048
210678558,200.000,199.691,0.0000,0.0771,0.0000,0.1291,0.000,32.24,40.0,3,2048
210679547,200.000,199.669,0.0000,-0.0420,0.0000,0.0884,0.000,32.24,40.0,3,2048
210680920,200.000,199.669,0.0000,-0.0160,0.0000,0.1225,0.000,32.24,40.0,3,2048
210681547,200.000,199.691,0.0000,0.0160,0.0000,0.1511,0.000,32.24,40.0,3,2048
210682638,200.000,199.691,0.0000,0.0862,0.0000,0.1203,0.000,32.24,40.0,3,2048
210683545,200.000,199.691,0.0000,-0.0938,0.0000,0.1368,0.000,32.24,40.0,3,2048
210684597,200.000,199.669,0.0000,-0.0740,0.0000,0.1357,0.000,32.24,40.0,3,2048
210685871,200.000,199.669,0.0000,-0.0252,0.0000,0.1148,0.000,32.24,40.0,3,2048
210686567,200.000,199.691,0.0000,0.0481,0.0000,0.0972,0.000,32.24,40.0,3,2048
210687547,200.000,199.669,0.0000,-0.0175,0.0000,0.1181,0.000,32.24,40.0,3,2048
210688592,200.000,199.691,0.0000,0.1366,0.0000,0.0884,0.000,32.24,40.0,3,2048
210689545,200.000,199.691,0.0000,0.0145,0.0000,0.1335,0.000,32.24,40.0,3,2048
210690965,200.000,199.691,0.0000,0.1213,0.0000,0.1137,0.000,32.24,40.0,3,2048
210691546,200.000,199.691,0.0000,-0.1015,0.0000,0.1203,0.000,32.24,40.0,3,2048
210692547,200.000,199.669,0.0000,-0.0221,0.0000,0.1159,0.000,32.24,40.0,3,2048
210693861,200.000,199.691,0.0000,-0.0282,0.0000,0.1280,0.000,32.24,40.0,3,2048
210694543,200.000,199.669,0.0000,-0.0023,0.0000,0.1115,0.000,32.24,40.0,3,2048
210695926,200.000,199.669,0.0000,-0.0191,0.0000,0.1203,0.000,32.24,40.0,3,2048
210696571,200.000,199.669,0.0000,-0.0755,0.0000,0.1291,0.000,32.24,40.0,3,2048
210697934,200.000,199.691,0.0000,-0.0114,0.0000,0.0961,0.000,32.24,40.0,3,2048
210698578,200.000,199.669,0.0000,-0.0984,0.0000,0.1203,0.000,32.24,40.0,3,2048
210699578,200.000,199.669,0.0000,-0.0252,0.0000,0.1060,0.000,32.24,40.0,3,2048
210700956,200.000,199.669,0.0000,-0.1030,0.0000,0.0698,0.000,32.24,40.0,3,2048
210701552,200.000,199.691,0.0000,0.0175,0.0000,0.1115,0.000,32.24,40.0,3,2048
210702547,200.000,199.691,0.0000,-0.0252,0.0000,0.1313,0.000,32.24,40.0,3,2048
210703606,200.000,199.669,0.0000,-0.0221,0.0000,0.1071,0.000,32.24,40.0,3,2048
210704573,200.000,199.669,0.0000,0.0648,0.0000,0.0851,0.000,32.24,40.0,3,2048
210705891,200.000,199.669,0.0000,-0.0099,0.0000,0.1291,0.000,32.24,40.0,3,2048
210706575,200.000,199.669,0.0000,0.0801,0.0000,0.0906,0.000,32.24,40.0,3,2048
210707574,200.000,199.669,0.0000,0.0999,0.0000,0.1675,0.000,32.24,40.0,3,2048
210708569,200.000,199.669,0.0000,-0.0175,0.0000,0.1423,0.000,32.24,40.0,3,2048
210709571,200.000,199.669,0.0000,0.0328,0.0000,0.1225,0.000,32.24,40.0,3,2048
210710889,200.000,199.669,0.0000,0.0450,0.0000,0.1038,0.000,32.24,40.0,3,2048
210711575,200.000,199.669,0.0000,-0.0969,0.0000,0.0873,0.000,32.24,40.0,3,2048
210712587,200.000,199.669,0.0000,0.0298,0.0000,0.1357,0.000,32.24,40.0,3,2048
210713866,200.000,199.691,0.0000,0.0786,0.0000,0.1313,0.000,32.24,40.0,3,2048
210714543,200.000,199.669,0.0000,0.0130,0.0000,0.1170,0.000,32.24,40.0,3,2048
210715912,200.000,199.691,0.0000,0.0862,0.0000,0.1214,0.000,32.24,40.0,3,2048
210716597,200.000,199.669,0.0000,0.0389,0.0000,0.0950,0.000,32.24,40.0,3,2048
210717920,200.000,199.669,0.0000,-0.0648,0.0000,0.1302,0.000,32.24,40.0,3,2048
210718600,200.000,199.691,0.0000,0.0832,0.0000,0.0851,0.000,32.24,40.0,3,2048
210719547,200.000,199.691,0.0000,-0.0496,0.0000,0.1170,0.000,32.24,40.0,3,2048
210720895,200.000,199.691,0.0000,0.0526,0.0000,0.1412,0.000,32.24,40.0,3,2048
210721550,200.000,199.691,0.0000,0.0526,0.0000,0.1335,0.000,32.24,40.0,3,2048
210722547,200.000,199.669,0.0000,-0.0618,0.0000,0.0862,0.000,32.24,40.0,3,2048
210723558,200.000,199.669,0.0000,0.0603,0.0000,0.1544,0.000,32.24,40.0,3,2048
210724542,200.000,199.669,0.0000,0.0145,0.0000,0.1181,0.000,32.24,40.0,3,2048
210725919,200.000,199.691,0.0000,0.0740,0.0000,0.1181,0.000,32.24,40.0,3,2048
210726543,200.000,199.669,0.0000,-0.0145,0.0000,0.1291,0.000,32.24,40.0,3,2048
210727564,200.000,199.669,0.0000,-0.0160,0.0000,0.1181,0.000,32.24,40.0,3,2048
210728542,200.000,199.691,0.0000,0.0481,0.0000,0.0851,0.000,32.24,40.0,3,2048
210729601,200.000,199.669,0.0000,-0.0465,0.0000,0.1489,0.000,32.24,40.0,3,2048
210730870,200.000,199.691,0.0000,0.0511,0.0000,0.1082,0.000,32.24,40.0,3,2048
210731509,200.000,199.669,0.0000,-0.0191,0.0000,0.1225,0.000,32.24,40.0,3,2048
210732551,200.000,199.691,0.0000,0.1030,0.0000,0.1324,0.000,32.24,40.0,3,2048
210733861,200.000,199.669,0.0000,-0.0816,0.0000,0.1005,0.000,32.24,40.0,3,2048
210734602,200.000,199.691,0.0000,0.1381,0.0000,0.0687,0.000,32.24,40.0,3,2048
210735870,200.000,199.669,0.0000,0.0145,0.0000,0.0588,0.000,32.24,40.0,3,2048
210736563,200.000,199.691,0.0000,-0.0404,0.0000,0.1071,0.000,32.24,40.0,3,2048
210737872,200.000,199.669,0.0000,0.1137,0.0000,0.1302,0.000,32.24,40.0,3,2048
210738595,200.000,199.669,0.0000,-0.0526,0.0000,0.0983,0.000,32.24,40.0,3,2048
210739547,200.000,199.691,0.0000,0.1228,0.0000,0.1137,0.000,32.24,40.0,3,2048
210740966,200.000,199.669,0.0000,0.0450,0.0000,0.1236,0.000,32.24,40.0,3,2048
210741546,200.000,199.669,0.0000,-0.0801,0.0000,0.1126,0.000,32.24,40.0,3,2048
210742547,200.000,199.691,0.0000,0.0572,0.0000,0.1324,0.000,32.24,40.0,3,2048
210743542,200.000,199.691,0.0000,0.0084,0.0000,0.0840,0.000,32.24,40.0,3,2048
210744601,200.000,199.691,0.0000,0.0481,0.0000,0.1214,0.000,32.24,40.0,3,2048
210745894,200.000,199.669,0.0000,-0.1320,0.0000,0.1159,0.000,32.24,40.0,3,2048
210746613,200.000,199.669,0.0000,0.0267,0.0000,0.1038,0.000,32.24,40.0,3,2048
210747579,200.000,199.669,0.0000,0.0587,0.0000,0.1280,0.000,32.24,40.0,3,2048
210748572,200.000,199.669,0.0000,-0.0847,0.0000,0.1005,0.000,32.24,40.0,3,2048
210749613,200.000,199.669,0.0000,-0.0191,0.0000,0.0961,0.000,32.24,40.0,3,2048
210750934,200.000,199.691,0.0000,-0.0069,0.0000,0.1599,0.000,32.24,40.0,3,2048
210751546,200.000,199.669,0.0000,-0.1045,0.0000,0.1016,0.000,32.24,40.0,3,2048
210752599,200.000,199.669,0.0000,0.1106,0.0000,0.0731,0.000,32.24,40.0,3,2048
210753898,200.000,199.669,0.0000,0.0481,0.0000,0.1060,0.000,32.24,40.0,3,2048
210754571,200.000,199.669,0.0000,-0.0633,0.0000,0.0983,0.000,32.24,40.0,3,2048
210755888,200.000,199.669,0.0000,-0.0923,0.0000,0.1038,0.000,32.24,40.0,3,2048
210756575,200.000,199.669,0.0000,0.1060,0.0000,0.1236,0.000,32.24,40.0,3,2048
210757895,200.000,199.669,0.0000,-0.0465,0.0000,0.1016,0.000,32.24,40.0,3,2048
210758575,200.000,199.669,0.0000,-0.0450,0.0000,0.1313,0.000,32.24,40.0,3,2048
210759576,200.000,199.669,0.0000,-0.1015,0.0000,0.1126,0.000,32.24,40.0,3,2048
210760889,200.000,199.669,0.0000,0.0160,0.0000,0.1005,0.000,32.24,40.0,3,2048
210761575,200.000,199.669,0.0000,-0.0328,0.0000,0.0884,0.000,32.24,40.0,3,2048
210762587,200.000,199.691,0.0000,0.0389,0.0000,0.1181,0.000,32.24,40.0,3,2048
210763544,200.000,199.691,0.0000,-0.0801,0.0000,0.1192,0.000,32.24,40.0,3,2048
210764556,200.000,199.669,0.0000,0.0298,0.0000,0.1456,0.000,32.24,40.0,3,2048
210765913,200.000,199.669,0.0000,-0.0633,0.0000,0.0753,0.000,32.24,40.0,3,2048
210766598,200.000,199.669,0.0000,-0.0237,0.0000,0.1159,0.000,32.24,40.0,3,2048
210767604,200.000,199.669,0.0000,-0.0633,0.0000,0.0950,0.000,32.24,40.0,3,2048
210768545,200.000,199.669,0.0000,-0.0023,0.0000,0.1159,0.000,32.24,40.0,3,2048
210769574,200.000,199.691,0.0000,0.0801,0.0000,0.1104,0.000,32.24,40.0,3,2048
210770874,200.000,199.691,0.0000,0.0771,0.0000,0.0862,0.000,32.24,40.0,3,2048
210771542,200.000,199.669,0.0000,-0.0633,0.0000,0.1708,0.000,32.24,40.0,3,2048
210772564,200.000,199.669,0.0000,-0.0267,0.0000,0.0610,0.000,32.24,40.0,3,2048
210773860,200.000,199.669,0.0000,-0.0664,0.0000,0.1258,0.000,32.24,40.0,3,2048
210774602,200.000,199.669,0.0000,0.0359,0.0000,0.1302,0.000,32.24,40.0,3,2048
210775869,200.000,199.691,0.0000,0.0801,0.0000,0.1159,0.000,32.24,40.0,3,2048
210776558,200.000,199.691,0.0000,0.1244,0.0000,0.1489,0.000,32.24,40.0,3,2048
210777872,200.000,199.669,0.0000,0.0237,0.0000,0.1027,0.000,32.24,40.0,3,2048
210778601,200.000,199.669,0.0000,-0.0786,0.0000,0.1357,0.000,32.24,40.0,3,2048
210779547,200.000,199.669,0.0000,-0.0832,0.0000,0.1126,0.000,32.24,40.0,3,2048
210780953,200.000,199.669,0.0000,-0.1060,0.0000,0.1137,0.000,32.24,40.0,3,2048
210781551,200.000,199.669,0.0000,-0.0237,0.0000,0.0873,0.000,32.24,40.0,3,2048
210782602,200.000,199.691,0.0000,0.0175,0.0000,0.1225,0.000,32.24,40.0,3,2048
210783545,200.000,199.691,0.0000,-0.0023,0.0000,0.1291,0.000,32.24,40.0,3,2048
210784561,200.000,199.691,0.0000,0.0862,0.0000,0.0698,0.000,32.24,40.0,3,2048
210785867,200.000,199.691,0.0000,-0.0191,0.0000,0.1302,0.000,32.24,40.0,3,2048
210786597,200.000,199.691,0.0000,-0.0023,0.0000,0.1192,0.000,32.24,40.0,3,2048
210787547,200.000,199.669,0.0000,-0.0282,0.0000,0.0906,0.000,32.24,40.0,3,2048
210788561,200.000,199.669,0.0000,0.1244,0.0000,0.1027,0.000,32.24,40.0,3,2048
210789542,200.000,199.691,0.0000,0.0618,0.0000,0.1335,0.000,32.24,40.0,3,2048
210790984,200.000,199.669,0.0000,-0.0954,0.0000,0.0709,0.000,32.24,40.0,3,2048
210791563,200.000,199.669,0.0000,-0.0267,0.0000,0.1412,0.000,32.24,40.0,3,2048
210792547,200.000,199.669,0.0000,0.0572,0.0000,0.1049,0.000,32.24,40.0,3,2048
210793860,200.000,199.691,0.0000,-0.0160,0.0000,0.0928,0.000,32.24,40.0,3,2048
210794543,200.000,199.669,0.0000,-0.0923,0.0000,0.1291,0.000,32.24,40.0,3,2048
210795917,200.000,199.669,0.0000,-0.0664,0.0000,0.1445,0.000,32.24,40.0,3,2048
210796577,200.000,199.669,0.0000,0.0099,0.0000,0.0720,0.000,32.24,40.0,3,2048
210797934,200.000,199.669,0.0000,0.0404,0.0000,0.1137,0.000,32.24,40.0,3,2048
210798879,200.000,199.691,0.0000,0.1076,0.0000,0.0873,0.000,32.24,40.0,3,2048
210799878,200.000,199.669,0.0000,0.0572,0.0000,0.1533,0.000,32.24,40.0,3,2048
210801203,200.000,199.669,0.0000,0.0404,0.0000,0.1049,0.000,32.24,40.0,3,2048
210801877,200.000,199.669,0.0000,-0.0099,0.0000,0.0994,0.000,32.24,40.0,3,2048
210802879,200.000,199.691,0.0000,0.0557,0.0000,0.1027,0.000,32.24,40.0,3,2048
210803965,200.000,199.669,0.0000,-0.0847,0.0000,0.1478,0.000,32.24,40.0,3,2048
210804868,200.000,199.669,0.0000,-0.0206,0.0000,0.0500,0.000,32.24,40.0,3,2048
210806202,200.000,199.691,0.0000,0.0023,0.0000,0.1357,0.000,32.24,40.0,3,2048
210806865,200.000,199.669,0.0000,-0.0572,0.0000,0.1071,0.000,32.24,40.0,3,2048
210807935,200.000,199.691,0.0000,0.0191,0.0000,0.1082,0.000,32.24,40.0,3,2048
210808876,200.000,199.669,0.0000,-0.0618,0.0000,0.1148,0.000,32.24,40.0,3,2048
210809879,200.000,199.691,0.0000,-0.0328,0.0000,0.1049,0.000,32.24,40.0,3,2048
210811208,200.000,199.669,0.0000,-0.1961,0.0000,0.1071,0.000,32.24,40.0,3,2048
210811875,200.000,199.669,0.0000,0.0648,0.0000,0.1148,0.000,32.24,40.0,3,2048
210812875,200.000,199.691,0.0000,0.1091,0.0000,0.1016,0.000,32.24,40.0,3,2048
210814201,200.000,199.669,0.0000,-0.0465,0.0000,0.1324,0.000,32.24,40.0,3,2048
210814570,200.000,199.669,0.0000,-0.0145,0.0000,0.1247,0.000,32.24,40.0,3,2048
210815891,200.000,199.669,0.0000,-0.0542,0.0000,0.1247,0.000,32.24,40.0,3,2048
210816573,200.000,199.669,0.0000,0.0008,0.0000,0.1126,0.000,32.24,40.0,3,2048
210817897,200.000,199.669,0.0000,0.0053,0.0000,0.1082,0.000,32.24,40.0,3,2048
210818574,200.000,199.691,0.0000,-0.0587,0.0000,0.1434,0.000,32.24,40.0,3,2048
210819588,200.000,199.691,0.0000,0.0160,0.0000,0.0994,0.000,32.24,40.0,3,2048
210820869,200.000,199.669,0.0000,0.0847,0.0000,0.1368,0.000,32.24,40.0,3,2048
210821542,200.000,199.691,0.0000,0.0206,0.0000,0.1027,0.000,32.24,40.0,3,2048
210822601,200.000,199.669,0.0000,-0.0084,0.0000,0.1225,0.000,32.24,40.0,3,2048
210823593,200.000,199.669,0.0000,-0.0389,0.0000,0.1115,0.000,32.24,40.0,3,2048
210824531,200.000,199.691,0.0000,0.0008,0.0000,0.1368,0.000,32.24,40.0,3,2048
210825873,200.000,199.669,0.0000,-0.0420,0.0000,0.1126,0.000,32.24,40.0,3,2048
210826542,200.000,199.669,0.0000,-0.0343,0.0000,0.0709,0.000,32.24,40.0,3,2048
210827577,200.000,199.691,0.0000,-0.0282,0.0000,0.1115,0.000,32.24,40.0,3,2048
210828545,200.000,199.669,0.0000,-0.0710,0.0000,0.1247,0.000,32.24,40.0,3,2048
210829542,200.000,199.669,0.0000,-0.0298,0.0000,0.1049,0.000,32.24,40.0,3,2048
210830886,200.000,199.669,0.0000,-0.1030,0.0000,0.1214,0.000,32.24,40.0,3,2048
210831542,200.000,199.669,0.0000,-0.0084,0.0000,0.0610,0.000,32.24,40.0,3,2048
210832605,200.000,199.669,0.0000,-0.0114,0.0000,0.1357,0.000,32.24,40.0,3,2048
210833862,200.000,199.669,0.0000,-0.0099,0.0000,0.0873,0.000,32.24,40.0,3,2048
210834560,200.000,199.669,0.0000,0.0557,0.0000,0.1137,0.000,32.24,40.0,3,2048
210835870,200.000,199.669,0.0000,-0.0114,0.0000,0.1192,0.000,32.24,40.0,3,2048
210836600,200.000,199.669,0.0000,-0.0008,0.0000,0.1104,0.000,32.24,40.0,3,2048
210837878,200.000,199.669,0.0000,-0.0389,0.0000,0.1423,0.000,32.24,40.0,3,2048
210838528,200.000,199.691,0.0000,0.1122,0.0000,0.0720,0.000,32.24,40.0,3,2048
210839549,200.000,199.669,0.0000,-0.0923,0.0000,0.1357,0.000,32.24,40.0,3,2048
210840870,200.000,199.669,0.0000,-0.0847,0.0000,0.0972,0.000,32.24,40.0,3,2048
210841653,200.000,199.691,0.0000,0.1564,0.0000,0.1192,0.000,32.24,40.0,3,2048
210842549,200.000,199.691,0.0000,-0.1183,0.0000,0.1379,0.000,32.24,40.0,3,2048
210843542,200.000,199.691,0.0000,0.0557,0.0000,0.1302,0.000,32.24,40.0,3,2048
210844542,200.000,199.669,0.0000,-0.0160,0.0000,0.1170,0.000,32.24,40.0,3,2048
210845869,200.000,199.669,0.0000,-0.2190,0.0000,0.1093,0.000,32.24,40.0,3,2048
210846607,200.000,199.669,0.0000,0.0298,0.0000,0.1005,0.000,32.24,40.0,3,2048
210847609,200.000,199.669,0.0000,0.0175,0.0000,0.0786,0.000,32.24,40.0,3,2048
210848574,200.000,199.669,0.0000,-0.0771,0.0000,0.1434,0.000,32.24,40.0,3,2048
210849570,200.000,199.669,0.0000,-0.0404,0.0000,0.1104,0.000,32.24,40.0,3,2048
210850895,200.000,199.691,0.0000,0.0755,0.0000,0.0994,0.000,32.24,40.0,3,2048
210851643,200.000,199.669,0.0000,0.0313,0.0000,0.1181,0.000,32.24,40.0,3,2048
210852548,200.000,199.691,0.0000,-0.0572,0.0000,0.1247,0.000,32.24,40.0,3,2048
210853861,200.000,199.691,0.0000,0.0069,0.0000,0.1203,0.000,32.24,40.0,3,2048
210854607,200.000,199.669,0.0000,-0.0175,0.0000,0.1225,0.000,32.24,40.0,3,2048
210855894,200.000,199.669,0.0000,-0.0511,0.0000,0.1247,0.000,32.24,40.0,3,2048
210856577,200.000,199.691,0.0000,0.0282,0.0000,0.1181,0.000,32.24,40.0,3,2048
210857896,200.000,199.691,0.0000,0.0221,0.0000,0.1038,0.000,32.24,40.0,3,2048
210858574,200.000,199.669,0.0000,-0.0633,0.0000,0.1181,0.000,32.24,40.0,3,2048
210859574,200.000,199.669,0.0000,-0.0511,0.0000,0.1181,0.000,32.24,40.0,3,2048
210860890,200.000,199.669,0.0000,-0.0313,0.0000,0.0906,0.000,32.24,40.0,3,2048
210861574,200.000,199.669,0.0000,0.0771,0.0000,0.1104,0.000,32.24,40.0,3,2048
210862576,200.000,199.669,0.0000,-0.0252,0.0000,0.1313,0.000,32.24,40.0,3,2048
210863582,200.000,199.669,0.0000,-0.0206,0.0000,0.1357,0.000,32.24,40.0,3,2048
210864544,200.000,199.691,0.0000,-0.0038,0.0000,0.1291,0.000,32.24,40.0,3,2048
210865867,200.000,199.691,0.0000,0.0313,0.0000,0.0939,0.000,32.24,40.0,3,2048
210866597,200.000,199.691,0.0000,0.0664,0.0000,0.1016,0.000,32.24,40.0,3,2048
210867599,200.000,199.691,0.0000,-0.0359,0.0000,0.1247,0.000,32.24,40.0,3,2048
210868518,200.000,199.691,0.0000,0.0832,0.0000,0.1291,0.000,32.24,40.0,3,2048
210869545,200.000,199.669,0.0000,-0.1015,0.0000,0.0983,0.000,32.24,40.0,3,2048
210870870,200.000,199.691,0.0000,0.0771,0.0000,0.1236,0.000,32.24,40.0,3,2048
210871671,200.000,199.669,0.0000,-0.0664,0.0000,0.1027,0.000,32.24,40.0,3,2048
210872584,200.000,199.669,0.0000,-0.0160,0.0000,0.1181,0.000,32.24,40.0,3,2048
210873862,200.000,199.669,0.0000,0.0038,0.0000,0.0884,0.000,32.24,40.0,3,2048
210874561,200.000,199.691,0.0000,-0.0206,0.0000,0.1148,0.000,32.24,40.0,3,2048
210875869,200.000,199.669,0.0000,0.0511,0.0000,0.1192,0.000,32.24,40.0,3,2048
210876599,200.000,199.691,0.0000,-0.0069,0.0000,0.1291,0.000,32.24,40.0,3,2048
210877874,200.000,199.669,0.0000,0.0237,0.0000,0.0753,0.000,32.24,40.0,3,2048
210878560,200.000,199.669,0.0000,0.0511,0.0000,0.1214,0.000,32.24,40.0,3,2048
210879547,200.000,199.691,0.0000,0.0450,0.0000,0.1071,0.000,32.24,40.0,3,2048
210880911,200.000,199.691,0.0000,0.0450,0.0000,0.1456,0.000,32.24,40.0,3,2048
210881550,200.000,199.669,0.0000,-0.0725,0.0000,0.1302,0.000,32.24,40.0,3,2048
210882637,200.000,199.669,0.0000,-0.0755,0.0000,0.0939,0.000,32.24,40.0,3,2048
210883545,200.000,199.669,0.0000,0.0587,0.0000,0.0939,0.000,32.24,40.0,3,2048
210884596,200.000,199.691,0.0000,0.0206,0.0000,0.1302,0.000,32.24,40.0,3,2048
210885873,200.000,199.669,0.0000,-0.0496,0.0000,0.1082,0.000,32.24,40.0,3,2048
210886566,200.000,199.669,0.0000,-0.0496,0.0000,0.1115,0.000,32.24,40.0,3,2048
210887547,200.000,199.691,0.0000,0.1320,0.0000,0.0764,0.000,32.24,40.0,3,2048
210888592,200.000,199.669,0.0000,-0.0542,0.0000,0.1247,0.000,32.24,40.0,3,2048
210889547,200.000,199.691,0.0000,0.0282,0.0000,0.0917,0.000,32.24,40.0,3,2048
210890887,200.000,199.691,0.0000,0.0313,0.0000,0.1115,0.000,32.24,40.0,3,2048
210891545,200.000,199.669,0.0000,-0.0877,0.0000,0.0972,0.000,32.24,40.0,3,2048
210892657,200.000,199.669,0.0000,-0.0862,0.0000,0.1060,0.000,32.24,40.0,3,2048
210893936,200.000,199.669,0.0000,0.0175,0.0000,0.1093,0.000,32.24,40.0,3,2048
210894543,200.000,199.691,0.0000,0.0771,0.0000,0.0884,0.000,32.24,40.0,3,2048
210895881,200.000,199.669,0.0000,0.0160,0.0000,0.0851,0.000,32.24,40.0,3,2048
210896605,200.000,199.669,0.0000,-0.0481,0.0000,0.1082,0.000,32.24,40.0,3,2048
210897896,200.000,199.691,0.0000,-0.0282,0.0000,0.0478,0.000,32.24,40.0,3,2048
210898577,200.000,199.669,0.0000,-0.1503,0.0000,0.1236,0.000,32.24,40.0,3,2048
210899574,200.000,199.691,0.0000,0.0771,0.0000,0.1192,0.000,32.24,40.0,3,2048
210900890,200.000,199.669,0.0000,-0.0313,0.0000,0.1093,0.000,32.24,40.0,3,2048
210901574,200.000,199.691,0.0000,0.1198,0.0000,0.1313,0.000,32.24,40.0,3,2048
210902576,200.000,199.691,0.0000,0.0389,0.0000,0.1038,0.000,32.24,40.0,3,2048
210903569,200.000,199.669,0.0000,0.0389,0.0000,0.1049,0.000,32.24,40.0,3,2048
210904571,200.000,199.669,0.0000,0.0832,0.0000,0.1027,0.000,32.24,40.0,3,2048
210905897,200.000,199.669,0.0000,0.0511,0.0000,0.1137,0.000,32.24,40.0,3,2048
210906550,200.000,199.669,0.0000,0.0496,0.0000,0.1214,0.000,32.24,40.0,3,2048
210907559,200.000,199.691,0.0000,0.0053,0.0000,0.0972,0.000,32.24,40.0,3,2048
210908593,200.000,199.691,0.0000,-0.0557,0.0000,0.1082,0.000,32.24,40.0,3,2048
210909590,200.000,199.669,0.0000,-0.1045,0.0000,0.1192,0.000,32.24,40.0,3,2048
210910916,200.000,199.669,0.0000,0.0542,0.0000,0.1137,0.000,32.24,40.0,3,2048
210911551,200.000,199.669,0.0000,-0.0237,0.0000,0.0775,0.000,32.24,40.0,3,2048
210912582,200.000,199.669,0.0000,-0.0435,0.0000,0.1148,0.000,32.24,40.0,3,2048
210913864,200.000,199.691,0.0000,-0.0191,0.0000,0.0961,0.000,32.24,40.0,3,2048
210914543,200.000,199.669,0.0000,-0.0999,0.0000,0.1225,0.000,32.24,40.0,3,2048
210915954,200.000,199.691,0.0000,-0.0252,0.0000,0.1401,0.000,32.24,40.0,3,2048
210916551,200.000,199.691,0.0000,0.0572,0.0000,0.1236,0.000,32.24,40.0,3,2048
210917925,200.000,199.691,0.0000,-0.1350,0.0000,0.1060,0.000,32.24,40.0,3,2048
210918547,200.000,199.691,0.0000,0.0267,0.0000,0.1225,0.000,32.24,40.0,3,2048
210919566,200.000,199.669,0.0000,-0.1549,0.0000,0.0818,0.000,32.24,40.0,3,2048
210920866,200.000,199.669,0.0000,-0.0038,0.0000,0.1445,0.000,32.24,40.0,3,2048
210921594,200.000,199.691,0.0000,0.0420,0.0000,0.1203,0.000,32.24,40.0,3,2048
210922548,200.000,199.691,0.0000,0.0511,0.0000,0.1225,0.000,32.24,40.0,3,2048
210923638,200.000,199.669,0.0000,-0.1091,0.0000,0.1291,0.000,32.24,40.0,3,2048
210924544,200.000,199.669,0.0000,-0.0404,0.0000,0.0829,0.000,32.24,40.0,3,2048
210925919,200.000,199.669,0.0000,-0.1396,0.0000,0.0873,0.000,32.24,40.0,3,2048
210926550,200.000,199.691,0.0000,0.1228,0.0000,0.1346,0.000,32.24,40.0,3,2048
210927566,200.000,199.669,0.0000,-0.0450,0.0000,0.1390,0.000,32.24,40.0,3,2048
210928542,200.000,199.669,0.0000,0.0771,0.0000,0.0720,0.000,32.24,40.0,3,2048
210929590,200.000,199.691,0.0000,0.0832,0.0000,0.1324,0.000,32.24,40.0,3,2048
210930872,200.000,199.669,0.0000,0.0160,0.0000,0.1126,0.000,32.24,40.0,3,2048
210931567,200.000,199.691,0.0000,0.0084,0.0000,0.1170,0.000,32.24,40.0,3,2048
210932547,200.000,199.669,0.0000,-0.0053,0.0000,0.1038,0.000,32.24,40.0,3,2048
210933975,200.000,199.669,0.0000,0.0404,0.0000,0.1071,0.000,32.24,40.0,3,2048
210934547,200.000,199.669,0.0000,0.0237,0.0000,0.0928,0.000,32.24,40.0,3,2048
210935887,200.000,199.669,0.0000,-0.0572,0.0000,0.0895,0.000,32.24,40.0,3,2048
210936542,200.000,199.669,0.0000,-0.1060,0.0000,0.1412,0.000,32.24,40.0,3,2048
210937923,200.000,199.691,0.0000,0.1915,0.0000,0.0972,0.000,32.24,40.0,3,2048
210938548,200.000,199.669,0.0000,-0.1473,0.0000,0.1082,0.000,32.24,40.0,3,2048
210939564,200.000,199.669,0.0000,0.0252,0.0000,0.1544,0.000,32.24,40.0,3,2048
210940862,200.000,199.691,0.0000,0.0679,0.0000,0.0983,0.000,32.24,40.0,3,2048
210941600,200.000,199.669,0.0000,-0.0969,0.0000,0.0994,0.000,32.24,40.0,3,2048
210942548,200.000,199.691,0.0000,0.0694,0.0000,0.1236,0.000,32.24,40.0,3,2048
210943671,200.000,199.669,0.0000,-0.0542,0.0000,0.1104,0.000,32.24,40.0,3,2048
210944542,200.000,199.669,0.0000,0.0114,0.0000,0.1049,0.000,32.24,40.0,3,2048
210945870,200.000,199.691,0.0000,0.1854,0.0000,0.1027,0.000,32.24,40.0,3,2048
210946542,200.000,199.669,0.0000,0.0267,0.0000,0.1016,0.000,32.24,40.0,3,2048
210947547,200.000,199.691,0.0000,0.0175,0.0000,0.1401,0.000,32.24,40.0,3,2048
210948605,200.000,199.669,0.0000,0.1030,0.0000,0.1104,0.000,32.24,40.0,3,2048
210949610,200.000,199.669,0.0000,0.0221,0.0000,0.1467,0.000,32.24,40.0,3,2048
210950893,200.000,199.669,0.0000,0.1289,0.0000,0.0961,0.000,32.24,40.0,3,2048
210951574,200.000,199.691,0.0000,0.0694,0.0000,0.1159,0.000,32.24,40.0,3,2048
210952578,200.000,199.669,0.0000,-0.0725,0.0000,0.0994,0.000,32.24,40.0,3,2048
210953957,200.000,199.691,0.0000,0.1137,0.0000,0.1192,0.000,32.24,40.0,3,2048
210954544,200.000,199.669,0.0000,-0.0267,0.0000,0.1236,0.000,32.24,40.0,3,2048
210955865,200.000,199.669,0.0000,-0.0374,0.0000,0.1192,0.000,32.24,40.0,3,2048
210956608,200.000,199.669,0.0000,0.0359,0.0000,0.0829,0.000,32.24,40.0,3,2048
210957900,200.000,199.669,0.0000,0.0542,0.0000,0.1324,0.000,32.24,40.0,3,2048
210958575,200.000,199.691,0.0000,-0.0618,0.0000,0.0840,0.000,32.24,40.0,3,2048
210959574,200.000,199.669,0.0000,-0.1381,0.0000,0.1137,0.000,32.24,40.0,3,2048
210960892,200.000,199.669,0.0000,-0.0008,0.0000,0.1038,0.000,32.24,40.0,3,2048
210961573,200.000,199.669,0.0000,0.0328,0.0000,0.0807,0.000,32.24,40.0,3,2048
210962575,200.000,199.669,0.0000,-0.0450,0.0000,0.0884,0.000,32.24,40.0,3,2048
210963569,200.000,199.669,0.0000,-0.1381,0.0000,0.1379,0.000,32.24,40.0,3,2048
210964569,200.000,199.691,0.0000,-0.0191,0.0000,0.0818,0.000,32.24,40.0,3,2048
210965901,200.000,199.669,0.0000,-0.0374,0.0000,0.0972,0.000,32.24,40.0,3,2048
210966548,200.000,199.691,0.0000,-0.0267,0.0000,0.1203,0.000,32.24,40.0,3,2048
210967547,200.000,199.669,0.0000,-0.0099,0.0000,0.1357,0.000,32.24,40.0,3,2048
210968593,200.000,199.691,0.0000,0.1747,0.0000,0.1302,0.000,32.24,40.0,3,2048
210969589,200.000,199.669,0.0000,-0.0832,0.0000,0.1181,0.000,32.24,40.0,3,2048
210970916,200.000,199.669,0.0000,0.0008,0.0000,0.1126,0.000,32.24,40.0,3,2048
210971863,200.000,199.669,0.0000,0.0069,0.0000,0.1225,0.000,32.24,40.0,3,2048
210972925,200.000,199.691,0.0000,0.1137,0.0000,0.1203,0.000,32.24,40.0,3,2048
210974208,200.000,199.691,0.0000,0.0191,0.0000,0.1148,0.000,32.24,40.0,3,2048
210974543,200.000,199.669,0.0000,-0.0267,0.0000,0.1203,0.000,32.24,40.0,3,2048
210975888,200.000,199.669,0.0000,-0.0832,0.0000,0.1412,0.000,32.24,40.0,3,2048
210976542,200.000,199.669,0.0000,0.0511,0.0000,0.0961,0.000,32.24,40.0,3,2048
210977923,200.000,199.669,0.0000,0.0862,0.0000,0.0720,0.000,32.24,40.0,3,2048
210978548,200.000,199.691,0.0000,-0.0008,0.0000,0.1489,0.000,32.24,40.0,3,2048
210979565,200.000,199.691,0.0000,-0.0465,0.0000,0.0972,0.000,32.24,40.0,3,2048
210980861,200.000,199.669,0.0000,-0.1060,0.0000,0.1016,0.000,32.24,40.0,3,2048
210981595,200.000,199.669,0.0000,-0.1259,0.0000,0.0994,0.000,32.24,40.0,3,2048
210982548,200.000,199.669,0.0000,-0.0587,0.0000,0.0753,0.000,32.24,40.0,3,2048
210983634,200.000,199.669,0.0000,0.0404,0.0000,0.1236,0.000,32.24,40.0,3,2048
210984544,200.000,199.669,0.0000,-0.0710,0.0000,0.1247,0.000,32.24,40.0,3,2048
210985921,200.000,199.669,0.0000,-0.0023,0.0000,0.0917,0.000,32.24,40.0,3,2048
210986548,200.000,199.691,0.0000,0.0374,0.0000,0.0895,0.000,32.24,40.0,3,2048
210987566,200.000,199.669,0.0000,-0.0267,0.0000,0.1181,0.000,32.24,40.0,3,2048
210988542,200.000,199.669,0.0000,0.0618,0.0000,0.1104,0.000,32.24,40.0,3,2048
210989594,200.000,199.691,0.0000,0.1320,0.0000,0.1005,0.000,32.24,40.0,3,2048
210990870,200.000,199.691,0.0000,-0.0084,0.0000,0.1752,0.000,32.24,40.0,3,2048
210991564,200.000,199.691,0.0000,-0.0526,0.0000,0.0873,0.000,32.24,40.0,3,2048
210992547,200.000,199.669,0.0000,-0.1305,0.0000,0.1269,0.000,32.24,40.0,3,2048
210993982,200.000,199.691,0.0000,0.1152,0.0000,0.0786,0.000,32.24,40.0,3,2048
210994558,200.000,199.691,0.0000,-0.0816,0.0000,0.1401,0.000,32.24,40.0,3,2048
210995869,200.000,199.669,0.0000,0.0084,0.0000,0.1258,0.000,32.24,40.0,3,2048
210996548,200.000,199.691,0.0000,0.1350,0.0000,0.1401,0.000,32.24,40.0,3,2048
210997868,200.000,199.669,0.0000,-0.0771,0.0000,0.0983,0.000,32.24,40.0,3,2048
210998545,200.000,199.669,0.0000,0.0404,0.0000,0.1247,0.000,32.24,40.0,3,2048
210999602,200.000,199.669,0.0000,0.0282,0.0000,0.1159,0.000,32.24,40.0,3,2048
211000931,200.000,199.691,0.0000,0.0099,0.0000,0.0994,0.000,32.24,40.0,3,2048
211001575,200.000,199.691,0.0000,0.0771,0.0000,0.0983,0.000,32.24,40.0,3,2048
211002576,200.000,199.691,0.0000,-0.0221,0.0000,0.1192,0.000,32.24,40.0,3,2048
211003573,200.000,199.669,0.0000,0.0450,0.0000,0.0895,0.000,32.24,40.0,3,2048
211004646,200.000,199.669,0.0000,-0.0191,0.0000,0.1181,0.000,32.24,40.0,3,2048
211005871,200.000,199.691,0.0000,0.0252,0.0000,0.1071,0.000,32.24,40.0,3,2048
211006542,200.000,199.669,0.0000,-0.0908,0.0000,0.1566,0.000,32.24,40.0,3,2048
211007613,200.000,199.691,0.0000,0.0816,0.0000,0.1038,0.000,32.24,40.0,3,2048
211008573,200.000,199.691,0.0000,0.1122,0.0000,0.0862,0.000,32.24,40.0,3,2048
211009569,200.000,199.691,0.0000,-0.0008,0.0000,0.0840,0.000,32.24,40.0,3,2048
211010890,200.000,199.669,0.0000,-0.1091,0.0000,0.1093,0.000,32.24,40.0,3,2048
211011573,200.000,199.669,0.0000,-0.0206,0.0000,0.1247,0.000,32.24,40.0,3,2048
211012575,200.000,199.691,0.0000,-0.0130,0.0000,0.0994,0.000,32.24,40.0,3,2048
211013889,200.000,199.669,0.0000,-0.0053,0.0000,0.1137,0.000,32.24,40.0,3,2048
211014570,200.000,199.691,0.0000,0.0832,0.0000,0.1159,0.000,32.24,40.0,3,2048
211015893,200.000,199.669,0.0000,0.1274,0.0000,0.1082,0.000,32.24,40.0,3,2048
211016588,200.000,199.691,0.0000,0.0252,0.0000,0.1060,0.000,32.24,40.0,3,2048
211017876,200.000,199.691,0.0000,-0.0771,0.0000,0.0720,0.000,32.24,40.0,3,2048
211018542,200.000,199.669,0.0000,-0.0526,0.0000,0.1401,0.000,32.24,40.0,3,2048
211019602,200.000,199.691,0.0000,-0.0359,0.0000,0.1115,0.000,32.24,40.0,3,2048
211020912,200.000,199.669,0.0000,-0.1198,0.0000,0.1060,0.000,32.24,40.0,3,2048
211021600,200.000,199.669,0.0000,-0.0298,0.0000,0.1137,0.000,32.24,40.0,3,2048
211022601,200.000,199.669,0.0000,0.1961,0.0000,0.1115,0.000,32.24,40.0,3,2048
211023542,200.000,199.669,0.0000,0.0008,0.0000,0.1313,0.000,32.24,40.0,3,2048
211024569,200.000,199.669,0.0000,-0.0832,0.0000,0.1115,0.000,32.24,40.0,3,2048
211025872,200.000,199.669,0.0000,0.0389,0.0000,0.1357,0.000,32.24,40.0,3,2048
211026542,200.000,199.691,0.0000,-0.0587,0.0000,0.1181,0.000,32.24,40.0,3,2048
211027564,200.000,199.691,0.0000,0.0557,0.0000,0.1038,0.000,32.24,40.0,3,2048
211028542,200.000,199.669,0.0000,-0.0603,0.0000,0.1181,0.000,32.24,40.0,3,2048
211029601,200.000,199.691,0.0000,-0.0053,0.0000,0.1005,0.000,32.24,40.0,3,2048
211030869,200.000,199.669,0.0000,-0.0893,0.0000,0.0950,0.000,32.24,40.0,3,2048
211031558,200.000,199.669,0.0000,0.0435,0.0000,0.1181,0.000,32.24,40.0,3,2048
211032547,200.000,199.691,0.0000,0.0542,0.0000,0.0566,0.000,32.24,40.0,3,2048
211033920,200.000,199.691,0.0000,-0.0130,0.0000,0.1621,0.000,32.24,40.0,3,2048
211034543,200.000,199.691,0.0000,0.1228,0.0000,0.1148,0.000,32.24,40.0,3,2048
211035951,200.000,199.669,0.0000,0.0404,0.0000,0.0950,0.000,32.24,40.0,3,2048
211036553,200.000,199.691,0.0000,-0.0130,0.0000,0.1082,0.000,32.24,40.0,3,2048
211037927,200.000,199.691,0.0000,-0.0633,0.0000,0.1159,0.000,32.24,40.0,3,2048
211038545,200.000,199.691,0.0000,-0.0145,0.0000,0.1390,0.000,32.24,40.0,3,2048
211039566,200.000,199.691,0.0000,-0.0999,0.0000,0.0972,0.000,32.24,40.0,3,2048
211040864,200.000,199.669,0.0000,0.0038,0.0000,0.1280,0.000,32.24,40.0,3,2048
211041595,200.000,199.691,0.0000,0.0328,0.0000,0.1082,0.000,32.24,40.0,3,2048
211042547,200.000,199.669,0.0000,-0.0511,0.0000,0.1115,0.000,32.24,40.0,3,2048
211043561,200.000,199.669,0.0000,0.0420,0.0000,0.1038,0.000,32.24,40.0,3,2048
211044542,200.000,199.669,0.0000,-0.0343,0.0000,0.0972,0.000,32.24,40.0,3,2048
211045990,200.000,199.691,0.0000,-0.0008,0.0000,0.1368,0.000,32.24,40.0,3,2048
211046867,200.000,199.669,0.0000,0.0221,0.0000,0.1258,0.000,32.24,40.0,3,2048
211047858,200.000,199.669,0.0000,-0.1625,0.0000,0.0917,0.000,32.24,40.0,3,2048
211048860,200.000,199.669,0.0000,-0.0084,0.0000,0.1027,0.000,32.24,40.0,3,2048
211049859,200.000,199.669,0.0000,0.1106,0.0000,0.1016,0.000,32.24,40.0,3,2048
211051187,200.000,199.669,0.0000,0.0114,0.0000,0.1368,0.000,32.24,40.0,3,2048
211051859,200.000,199.669,0.0000,-0.1045,0.0000,0.0731,0.000,32.24,40.0,3,2048
211052927,200.000,199.691,0.0000,0.0298,0.0000,0.1346,0.000,32.24,40.0,3,2048
211054194,200.000,199.669,0.0000,-0.1122,0.0000,0.1335,0.000,32.24,40.0,3,2048
211054570,200.000,199.691,0.0000,0.1076,0.0000,0.1434,0.000,32.24,40.0,3,2048
211055926,200.000,199.669,0.0000,0.0465,0.0000,0.0753,0.000,32.24,40.0,3,2048
211056578,200.000,199.691,0.0000,-0.0099,0.0000,0.1280,0.000,32.24,40.0,3,2048
211057900,200.000,199.669,0.0000,0.1198,0.0000,0.0972,0.000,32.24,40.0,3,2048
211058575,200.000,199.669,0.0000,-0.0359,0.0000,0.1082,0.000,32.24,40.0,3,2048
211059646,200.000,199.691,0.0000,0.0267,0.0000,0.1192,0.000,32.24,40.0,3,2048
211060868,200.000,199.669,0.0000,0.0862,0.0000,0.1082,0.000,32.24,40.0,3,2048
211061544,200.000,199.669,0.0000,0.0084,0.0000,0.1511,0.000,32.24,40.0,3,2048
211062609,200.000,199.669,0.0000,0.0221,0.0000,0.1038,0.000,32.24,40.0,3,2048
211063577,200.000,199.669,0.0000,-0.0023,0.0000,0.1225,0.000,32.24,40.0,3,2048
211064571,200.000,199.669,0.0000,0.0160,0.0000,0.1181,0.000,32.24,40.0,3,2048
211065889,200.000,199.669,0.0000,-0.0298,0.0000,0.1170,0.000,32.24,40.0,3,2048
211066575,200.000,199.691,0.0000,0.0664,0.0000,0.1038,0.000,32.24,40.0,3,2048
211067575,200.000,199.691,0.0000,-0.0267,0.0000,0.1137,0.000,32.24,40.0,3,2048
211068569,200.000,199.669,0.0000,-0.0557,0.0000,0.1170,0.000,32.24,40.0,3,2048
211069571,200.000,199.669,0.0000,-0.0664,0.0000,0.1467,0.000,32.24,40.0,3,2048
211070900,200.000,199.691,0.0000,0.0877,0.0000,0.0917,0.000,32.24,40.0,3,2048
211071563,200.000,199.669,0.0000,-0.1427,0.0000,0.0928,0.000,32.24,40.0,3,2048
211072547,200.000,199.669,0.0000,0.0847,0.0000,0.0884,0.000,32.24,40.0,3,2048
211073909,200.000,199.691,0.0000,0.0816,0.0000,0.1137,0.000,32.24,40.0,3,2048
211074594,200.000,199.669,0.0000,0.0648,0.0000,0.1214,0.000,32.24,40.0,3,2048
211075911,200.000,199.691,0.0000,-0.0114,0.0000,0.1170,0.000,32.24,40.0,3,2048
211076542,200.000,199.669,0.0000,0.0191,0.0000,0.1225,0.000,32.24,40.0,3,2048
211077877,200.000,199.669,0.0000,0.0710,0.0000,0.1071,0.000,32.24,40.0,3,2048
211078542,200.000,199.691,0.0000,0.0420,0.0000,0.0917,0.000,32.24,40.0,3,2048
211079572,200.000,199.669,0.0000,0.0465,0.0000,0.1291,0.000,32.24,40.0,3,2048
211080873,200.000,199.669,0.0000,0.0847,0.0000,0.0939,0.000,32.24,40.0,3,2048
211081542,200.000,199.669,0.0000,0.0740,0.0000,0.1148,0.000,32.24,40.0,3,2048
211082564,200.000,199.669,0.0000,-0.0191,0.0000,0.1368,0.000,32.24,40.0,3,2048
211083542,200.000,199.669,0.0000,-0.0877,0.0000,0.1214,0.000,32.24,40.0,3,2048
211084600,200.000,199.669,0.0000,-0.0832,0.0000,0.0950,0.000,32.24,40.0,3,2048
211085870,200.000,199.691,0.0000,0.1091,0.0000,0.1104,0.000,32.24,40.0,3,2048
211086558,200.000,199.669,0.0000,-0.1625,0.0000,0.1313,0.000,32.24,40.0,3,2048
211087547,200.000,199.691,0.0000,0.0084,0.0000,0.0950,0.000,32.24,40.0,3,2048
211088600,200.000,199.669,0.0000,-0.1030,0.0000,0.1159,0.000,32.24,40.0,3,2048
211089543,200.000,199.691,0.0000,-0.0145,0.0000,0.1203,0.000,32.24,40.0,3,2048
211090953,200.000,199.669,0.0000,-0.1167,0.0000,0.0939,0.000,32.24,40.0,3,2048
211091553,200.000,199.669,0.0000,0.0465,0.0000,0.1280,0.000,32.24,40.0,3,2048
211092601,200.000,199.669,0.0000,-0.0877,0.0000,0.1049,0.000,32.24,40.0,3,2048
211093866,200.000,199.691,0.0000,0.0832,0.0000,0.0807,0.000,32.24,40.0,3,2048
211094562,200.000,199.669,0.0000,0.0084,0.0000,0.1335,0.000,32.24,40.0,3,2048
211095867,200.000,199.691,0.0000,0.0450,0.0000,0.1357,0.000,32.24,40.0,3,2048
211096649,200.000,199.691,0.0000,0.0603,0.0000,0.1269,0.000,32.24,40.0,3,2048
211097878,200.000,199.669,0.0000,-0.1778,0.0000,0.1005,0.000,32.24,40.0,3,2048
211098543,200.000,199.669,0.0000,0.0008,0.0000,0.1544,0.000,32.24,40.0,3,2048
211099547,200.000,199.691,0.0000,0.0969,0.0000,0.0829,0.000,32.24,40.0,3,2048
211100864,200.000,199.691,0.0000,0.0084,0.0000,0.1236,0.000,32.24,40.0,3,2048
211101607,200.000,199.669,0.0000,-0.0069,0.0000,0.0906,0.000,32.24,40.0,3,2048
211102577,200.000,199.691,0.0000,0.0664,0.0000,0.1566,0.000,32.24,40.0,3,2048
211103613,200.000,199.691,0.0000,-0.0816,0.0000,0.1082,0.000,32.24,40.0,3,2048
211104573,200.000,199.691,0.0000,-0.0023,0.0000,0.1005,0.000,32.24,40.0,3,2048
211105894,200.000,199.691,0.0000,0.0740,0.0000,0.1368,0.000,32.24,40.0,3,2048
211106608,200.000,199.669,0.0000,0.1305,0.0000,0.0972,0.000,32.24,40.0,3,2048
211107624,200.000,199.691,0.0000,-0.0832,0.0000,0.1324,0.000,32.24,40.0,3,2048
211108542,200.000,199.691,0.0000,0.0969,0.0000,0.0786,0.000,32.24,40.0,3,2048
211109607,200.000,199.669,0.0000,0.0175,0.0000,0.1302,0.000,32.24,40.0,3,2048
211110894,200.000,199.669,0.0000,-0.0130,0.0000,0.0983,0.000,32.24,40.0,3,2048
211111575,200.000,199.691,0.0000,0.1167,0.0000,0.1401,0.000,32.24,40.0,3,2048
211112575,200.000,199.669,0.0000,-0.1305,0.0000,0.1368,0.000,32.24,40.0,3,2048
211113889,200.000,199.669,0.0000,0.0175,0.0000,0.1027,0.000,32.24,40.0,3,2048
211114571,200.000,199.669,0.0000,0.0526,0.0000,0.0775,0.000,32.24,40.0,3,2048
211115892,200.000,199.669,0.0000,-0.0008,0.0000,0.0720,0.000,32.24,40.0,3,2048
211116573,200.000,199.669,0.0000,-0.0648,0.0000,0.1467,0.000,32.24,40.0,3,2048
211117898,200.000,199.691,0.0000,0.0450,0.0000,0.0917,0.000,32.24,40.0,3,2048
211118573,200.000,199.691,0.0000,0.1320,0.0000,0.0928,0.000,32.24,40.0,3,2048
211119586,200.000,199.669,0.0000,-0.1244,0.0000,0.1599,0.000,32.24,40.0,3,2048
211120869,200.000,199.669,0.0000,0.0679,0.0000,0.1214,0.000,32.24,40.0,3,2048
211121550,200.000,199.669,0.0000,-0.0572,0.0000,0.0786,0.000,32.24,40.0,3,2048
211122604,200.000,199.669,0.0000,-0.0130,0.0000,0.1368,0.000,32.24,40.0,3,2048
211123595,200.000,199.691,0.0000,0.1457,0.0000,0.1456,0.000,32.24,40.0,3,2048
211124600,200.000,199.669,0.0000,-0.0725,0.0000,0.1082,0.000,32.24,40.0,3,2048
211125873,200.000,199.669,0.0000,0.0786,0.0000,0.1093,0.000,32.24,40.0,3,2048
211126673,200.000,199.669,0.0000,-0.0420,0.0000,0.1467,0.000,32.24,40.0,3,2048
211127584,200.000,199.669,0.0000,-0.0389,0.0000,0.0917,0.000,32.24,40.0,3,2048
211128544,200.000,199.691,0.0000,0.0404,0.0000,0.1005,0.000,32.24,40.0,3,2048
211129560,200.000,199.669,0.0000,0.0114,0.0000,0.1170,0.000,32.24,40.0,3,2048
211130869,200.000,199.669,0.0000,0.0771,0.0000,0.1324,0.000,32.24,40.0,3,2048
211131597,200.000,199.669,0.0000,-0.0145,0.0000,0.1236,0.000,32.24,40.0,3,2048
211132549,200.000,199.669,0.0000,0.0084,0.0000,0.1192,0.000,32.24,40.0,3,2048
211133879,200.000,199.669,0.0000,0.0191,0.0000,0.1269,0.000,32.24,40.0,3,2048
211134543,200.000,199.691,0.0000,0.0816,0.0000,0.1302,0.000,32.24,40.0,3,2048
211135910,200.000,199.691,0.0000,0.1534,0.0000,0.1247,0.000,32.24,40.0,3,2048
211136550,200.000,199.669,0.0000,0.0252,0.0000,0.1324,0.000,32.24,40.0,3,2048
211137961,200.000,199.691,0.0000,0.0298,0.0000,0.1082,0.000,32.24,40.0,3,2048
211138553,200.000,199.669,0.0000,-0.1060,0.0000,0.1555,0.000,32.24,40.0,3,2048
211139601,200.000,199.691,0.0000,0.0877,0.0000,0.0665,0.000,32.24,40.0,3,2048
211140870,200.000,199.669,0.0000,-0.1167,0.0000,0.1423,0.000,32.24,40.0,3,2048
211141568,200.000,199.669,0.0000,-0.0374,0.0000,0.1203,0.000,32.24,40.0,3,2048
211142547,200.000,199.691,0.0000,0.0221,0.0000,0.1148,0.000,32.24,40.0,3,2048
211143590,200.000,199.691,0.0000,0.0114,0.0000,0.1203,0.000,32.24,40.0,3,2048
211144547,200.000,199.669,0.0000,-0.0710,0.0000,0.1324,0.000,32.24,40.0,3,2048
211145886,200.000,199.691,0.0000,0.0328,0.0000,0.1302,0.000,32.24,40.0,3,2048
211146548,200.000,199.669,0.0000,0.0237,0.0000,0.1005,0.000,32.24,40.0,3,2048
211147661,200.000,199.669,0.0000,-0.0206,0.0000,0.1137,0.000,32.24,40.0,3,2048
211148563,200.000,199.669,0.0000,0.0252,0.0000,0.0895,0.000,32.24,40.0,3,2048
211149544,200.000,199.669,0.0000,0.0160,0.0000,0.1401,0.000,32.24,40.0,3,2048
211150868,200.000,199.669,0.0000,0.0648,0.0000,0.0906,0.000,32.24,40.0,3,2048
211151548,200.000,199.669,0.0000,0.0450,0.0000,0.0961,0.000,32.24,40.0,3,2048
211152600,200.000,199.669,0.0000,-0.0496,0.0000,0.1599,0.000,32.24,40.0,3,2048
211153893,200.000,199.669,0.0000,0.0618,0.0000,0.1137,0.000,32.24,40.0,3,2048
211154605,200.000,199.669,0.0000,-0.0542,0.0000,0.1412,0.000,32.24,40.0,3,2048
211155894,200.000,199.669,0.0000,-0.0664,0.0000,0.1390,0.000,32.24,40.0,3,2048
211156574,200.000,199.669,0.0000,-0.0694,0.0000,0.1093,0.000,32.24,40.0,3,2048
211157901,200.000,199.669,0.0000,-0.0465,0.0000,0.0939,0.000,32.24,40.0,3,2048
211158642,200.000,199.669,0.0000,-0.0099,0.0000,0.1159,0.000,32.24,40.0,3,2048
211159548,200.000,199.669,0.0000,-0.0725,0.0000,0.1126,0.000,32.24,40.0,3,2048
211160866,200.000,199.669,0.0000,-0.0221,0.0000,0.1093,0.000,32.24,40.0,3,2048
211161607,200.000,199.669,0.0000,-0.0053,0.0000,0.0972,0.000,32.24,40.0,3,2048
211162577,200.000,199.669,0.0000,0.0832,0.0000,0.0961,0.000,32.24,40.0,3,2048
211163572,200.000,199.669,0.0000,-0.0557,0.0000,0.1280,0.000,32.24,40.0,3,2048
211164569,200.000,199.669,0.0000,-0.0298,0.0000,0.1027,0.000,32.24,40.0,3,2048
211165890,200.000,199.669,0.0000,-0.0374,0.0000,0.1324,0.000,32.24,40.0,3,2048
211166573,200.000,199.669,0.0000,0.0069,0.0000,0.1335,0.000,32.24,40.0,3,2048
211167576,200.000,199.691,0.0000,0.0954,0.0000,0.1291,0.000,32.24,40.0,3,2048
211168569,200.000,199.669,0.0000,0.0023,0.0000,0.1126,0.000,32.24,40.0,3,2048
211169570,200.000,199.669,0.0000,-0.0145,0.0000,0.0961,0.000,32.24,40.0,3,2048
211170893,200.000,199.691,0.0000,0.0130,0.0000,0.0950,0.000,32.24,40.0,3,2048
211171548,200.000,199.691,0.0000,0.0664,0.0000,0.0939,0.000,32.24,40.0,3,2048
211172596,200.000,199.691,0.0000,-0.0191,0.0000,0.1269,0.000,32.24,40.0,3,2048
211173905,200.000,199.691,0.0000,0.1686,0.0000,0.1379,0.000,32.24,40.0,3,2048
211174589,200.000,199.669,0.0000,-0.0465,0.0000,0.1247,0.000,32.24,40.0,3,2048
211175916,200.000,199.669,0.0000,-0.0648,0.0000,0.1302,0.000,32.24,40.0,3,2048
211176547,200.000,199.669,0.0000,0.0191,0.0000,0.0797,0.000,32.24,40.0,3,2048
211177903,200.000,199.669,0.0000,-0.0481,0.0000,0.1159,0.000,32.24,40.0,3,2048
211178550,200.000,199.669,0.0000,-0.0130,0.0000,0.1434,0.000,32.24,40.0,3,2048
211179547,200.000,199.691,0.0000,0.1076,0.0000,0.0939,0.000,32.24,40.0,3,2048
211180879,200.000,199.691,0.0000,0.0008,0.0000,0.1269,0.000,32.24,40.0,3,2048
211181547,200.000,199.669,0.0000,-0.0801,0.0000,0.1236,0.000,32.24,40.0,3,2048
211182601,200.000,199.691,0.0000,0.0603,0.0000,0.0840,0.000,32.24,40.0,3,2048
211183547,200.000,199.669,0.0000,-0.1060,0.0000,0.1236,0.000,32.24,40.0,3,2048
211184558,200.000,199.669,0.0000,0.0191,0.0000,0.1192,0.000,32.24,40.0,3,2048
211185867,200.000,199.691,0.0000,-0.0359,0.0000,0.0829,0.000,32.24,40.0,3,2048
211186600,200.000,199.669,0.0000,0.0725,0.0000,0.0862,0.000,32.24,40.0,3,2048
211187548,200.000,199.669,0.0000,0.0328,0.0000,0.1445,0.000,32.24,40.0,3,2048
211188634,200.000,199.669,0.0000,0.0145,0.0000,0.1016,0.000,32.24,40.0,3,2048
211189544,200.000,199.691,0.0000,0.0511,0.0000,0.0972,0.000,32.24,40.0,3,2048
211190922,200.000,199.669,0.0000,0.0145,0.0000,0.1456,0.000,32.24,40.0,3,2048
211191855,200.000,199.691,0.0000,-0.0298,0.0000,0.0632,0.000,32.24,40.0,3,2048
211192865,200.000,199.691,0.0000,0.0008,0.0000,0.1412,0.000,32.24,40.0,3,2048
211194169,200.000,199.669,0.0000,0.0160,0.0000,0.0786,0.000,32.24,40.0,3,2048
211194429,200.000,199.691,0.0000,-0.0664,0.0000,0.0895,0.000,32.24,40.0,3,2048
211195898,200.000,199.691,0.0000,-0.0755,0.0000,0.1104,0.000,32.24,40.0,3,2048
211196547,200.000,199.669,0.0000,0.0435,0.0000,0.1236,0.000,32.24,40.0,3,2048
211197886,200.000,199.691,0.0000,0.0282,0.0000,0.1137,0.000,32.24,40.0,3,2048
211198547,200.000,199.691,0.0000,0.0526,0.0000,0.1049,0.000,32.24,40.0,3,2048
211199658,200.000,199.691,0.0000,0.0877,0.0000,0.1324,0.000,32.24,40.0,3,2048
211200939,200.000,199.691,0.0000,-0.0801,0.0000,0.1093,0.000,32.24,40.0,3,2048
211201549,200.000,199.669,0.0000,-0.0252,0.0000,0.0906,0.000,32.24,40.0,3,2048
211202558,200.000,199.691,0.0000,0.0725,0.0000,0.1467,0.000,32.24,40.0,3,2048
211203602,200.000,199.669,0.0000,-0.1732,0.0000,0.1104,0.000,32.24,40.0,3,2048
211204572,200.000,199.691,0.0000,0.1091,0.0000,0.1368,0.000,32.24,40.0,3,2048
211205889,200.000,199.691,0.0000,-0.0557,0.0000,0.0818,0.000,32.24,40.0,3,2048
211206574,200.000,199.669,0.0000,-0.0587,0.0000,0.1478,0.000,32.24,40.0,3,2048
211207574,200.000,199.669,0.0000,0.0374,0.0000,0.0489,0.000,32.24,40.0,3,2048
211208569,200.000,199.669,0.0000,-0.0847,0.0000,0.1016,0.000,32.24,40.0,3,2048
211209569,200.000,199.691,0.0000,-0.0175,0.0000,0.1445,0.000,32.24,40.0,3,2048
211210889,200.000,199.669,0.0000,-0.0603,0.0000,0.1027,0.000,32.24,40.0,3,2048
211211583,200.000,199.691,0.0000,0.0038,0.0000,0.1137,0.000,32.24,40.0,3,2048
211212569,200.000,199.669,0.0000,-0.0786,0.0000,0.0895,0.000,32.24,40.0,3,2048
211213861,200.000,199.669,0.0000,0.0648,0.0000,0.1357,0.000,32.24,40.0,3,2048
211214594,200.000,199.691,0.0000,0.0862,0.0000,0.1093,0.000,32.24,40.0,3,2048
211215912,200.000,199.691,0.0000,0.1625,0.0000,0.0961,0.000,32.24,40.0,3,2048
211216598,200.000,199.669,0.0000,-0.0664,0.0000,0.1159,0.000,32.24,40.0,3,2048
211217923,200.000,199.669,0.0000,-0.0328,0.0000,0.0961,0.000,32.24,40.0,3,2048
211218549,200.000,199.691,0.0000,-0.0175,0.0000,0.0961,0.000,32.24,40.0,3,2048
211219577,200.000,199.669,0.0000,-0.0908,0.0000,0.0873,0.000,32.24,40.0,3,2048
211220872,200.000,199.691,0.0000,0.0877,0.0000,0.1060,0.000,32.24,40.0,3,2048
211221542,200.000,199.669,0.0000,-0.0633,0.0000,0.1236,0.000,32.24,40.0,3,2048
211222643,200.000,199.669,0.0000,0.0008,0.0000,0.0928,0.000,32.24,40.0,3,2048
211223544,200.000,199.669,0.0000,0.0984,0.0000,0.1313,0.000,32.24,40.0,3,2048
211224601,200.000,199.691,0.0000,0.0526,0.0000,0.1247,0.000,32.24,40.0,3,2048
211225870,200.000,199.691,0.0000,-0.0526,0.0000,0.1137,0.000,32.24,40.0,3,2048
211226563,200.000,199.691,0.0000,0.0496,0.0000,0.1555,0.000,32.24,40.0,3,2048
211227547,200.000,199.669,0.0000,-0.1045,0.0000,0.1137,0.000,32.24,40.0,3,2048
211228654,200.000,199.669,0.0000,-0.0069,0.0000,0.1005,0.000,32.24,40.0,3,2048
211229544,200.000,199.669,0.0000,-0.0099,0.0000,0.1324,0.000,32.24,40.0,3,2048
211230886,200.000,199.669,0.0000,0.0114,0.0000,0.0786,0.000,32.24,40.0,3,2048
211231542,200.000,199.691,0.0000,0.0710,0.0000,0.1368,0.000,32.24,40.0,3,2048
211232606,200.000,199.669,0.0000,-0.0175,0.0000,0.1159,0.000,32.24,40.0,3,2048
211233862,200.000,199.691,0.0000,0.0618,0.0000,0.1511,0.000,32.24,40.0,3,2048
211234560,200.000,199.669,0.0000,-0.1228,0.0000,0.1093,0.000,32.24,40.0,3,2048
211235869,200.000,199.691,0.0000,-0.0938,0.0000,0.1159,0.000,32.24,40.0,3,2048
211236601,200.000,199.691,0.0000,-0.0755,0.0000,0.1434,0.000,32.24,40.0,3,2048
211237878,200.000,199.669,0.0000,-0.0572,0.0000,0.0632,0.000,32.24,40.0,3,2048
211238514,200.000,199.669,0.0000,-0.0603,0.0000,0.1181,0.000,32.24,40.0,3,2048
211239549,200.000,199.669,0.0000,0.0282,0.0000,0.0994,0.000,32.24,40.0,3,2048
211240869,200.000,199.691,0.0000,0.0740,0.0000,0.1170,0.000,32.24,40.0,3,2048
211241604,200.000,199.669,0.0000,0.0771,0.0000,0.0961,0.000,32.24,40.0,3,2048
211242547,200.000,199.669,0.0000,-0.0740,0.0000,0.1335,0.000,32.24,40.0,3,2048
211243561,200.000,199.691,0.0000,0.0038,0.0000,0.0555,0.000,32.24,40.0,3,2048
211244542,200.000,199.669,0.0000,-0.0526,0.0000,0.1104,0.000,32.24,40.0,3,2048
211245913,200.000,199.669,0.0000,-0.1015,0.0000,0.0983,0.000,32.24,40.0,3,2048
211246547,200.000,199.669,0.0000,-0.0053,0.0000,0.0961,0.000,32.24,40.0,3,2048
211247566,200.000,199.691,0.0000,0.0923,0.0000,0.1126,0.000,32.24,40.0,3,2048
211248542,200.000,199.691,0.0000,0.1411,0.0000,0.0972,0.000,32.24,40.0,3,2048
211249654,200.000,199.669,0.0000,-0.1503,0.0000,0.1225,0.000,32.24,40.0,3,2048
211250936,200.000,199.669,0.0000,0.0313,0.0000,0.1027,0.000,32.24,40.0,3,2048
211251549,200.000,199.691,0.0000,0.0313,0.0000,0.1071,0.000,32.24,40.0,3,2048
211252576,200.000,199.669,0.0000,-0.0130,0.0000,0.1104,0.000,32.24,40.0,3,2048
211253917,200.000,199.691,0.0000,0.0252,0.0000,0.1093,0.000,32.24,40.0,3,2048
211254569,200.000,199.669,0.0000,-0.0603,0.0000,0.1258,0.000,32.24,40.0,3,2048
211255890,200.000,199.691,0.0000,-0.0725,0.0000,0.1302,0.000,32.24,40.0,3,2048
211256575,200.000,199.691,0.0000,0.1244,0.0000,0.1170,0.000,32.24,40.0,3,2048
211257896,200.000,199.691,0.0000,-0.1213,0.0000,0.1335,0.000,32.24,40.0,3,2048
211258575,200.000,199.669,0.0000,-0.1122,0.0000,0.1126,0.000,32.24,40.0,3,2048
211259574,200.000,199.669,0.0000,-0.1030,0.0000,0.0840,0.000,32.24,40.0,3,2048
211260889,200.000,199.669,0.0000,0.0618,0.0000,0.1302,0.000,32.24,40.0,3,2048
211261575,200.000,199.669,0.0000,-0.0298,0.0000,0.0665,0.000,32.24,40.0,3,2048
211262586,200.000,199.691,0.0000,0.1457,0.0000,0.1610,0.000,32.24,40.0,3,2048
211263546,200.000,199.669,0.0000,0.0038,0.0000,0.1225,0.000,32.24,40.0,3,2048
211264542,200.000,199.669,0.0000,-0.0877,0.0000,0.1016,0.000,32.24,40.0,3,2048
211265911,200.000,199.669,0.0000,0.0969,0.0000,0.1104,0.000,32.24,40.0,3,2048
211266596,200.000,199.669,0.0000,-0.0359,0.0000,0.1368,0.000,32.24,40.0,3,2048
211267483,200.000,199.669,0.0000,0.0633,0.0000,0.0764,0.000,32.24,40.0,3,2048
211268548,200.000,199.691,0.0000,0.0008,0.0000,0.1104,0.000,32.24,40.0,3,2048
211269542,200.000,199.669,0.0000,0.0130,0.0000,0.1390,0.000,32.24,40.0,3,2048
211270879,200.000,199.691,0.0000,0.0053,0.0000,0.0884,0.000,32.24,40.0,3,2048
211271551,200.000,199.691,0.0000,-0.0603,0.0000,0.0829,0.000,32.24,40.0,3,2048
211272547,200.000,199.691,0.0000,-0.0328,0.0000,0.1291,0.000,32.24,40.0,3,2048
211273953,200.000,199.691,0.0000,-0.0313,0.0000,0.0895,0.000,32.24,40.0,3,2048
211274545,200.000,199.669,0.0000,-0.0542,0.0000,0.1566,0.000,32.24,40.0,3,2048
211275920,200.000,199.669,0.0000,-0.0008,0.0000,0.1588,0.000,32.24,40.0,3,2048
211276855,200.000,199.669,0.0000,-0.1015,0.0000,0.1456,0.000,32.24,40.0,3,2048
211278265,200.000,199.669,0.0000,-0.0648,0.0000,0.1236,0.000,32.24,40.0,3,2048
211278851,200.000,199.669,0.0000,0.0038,0.0000,0.1104,0.000,32.24,40.0,3,2048
211279887,200.000,199.691,0.0000,0.0893,0.0000,0.1203,0.000,32.24,40.0,3,2048
211281184,200.000,199.691,0.0000,-0.0450,0.0000,0.0994,0.000,32.24,40.0,3,2048
211281858,200.000,199.669,0.0000,0.0038,0.0000,0.1104,0.000,32.24,40.0,3,2048
211282849,200.000,199.691,0.0000,-0.0313,0.0000,0.1346,0.000,32.24,40.0,3,2048
211283882,200.000,199.669,0.0000,0.0847,0.0000,0.0994,0.000,32.24,40.0,3,2048
211284852,200.000,199.669,0.0000,-0.1213,0.0000,0.0972,0.000,32.24,40.0,3,2048
211286187,200.000,199.691,0.0000,0.0603,0.0000,0.1291,0.000,32.24,40.0,3,2048
211286849,200.000,199.691,0.0000,-0.0191,0.0000,0.1456,0.000,32.24,40.0,3,2048
211287801,200.000,199.691,0.0000,0.0206,0.0000,0.1093,0.000,32.24,40.0,3,2048
211288875,200.000,199.669,0.0000,0.1167,0.0000,0.1258,0.000,32.24,40.0,3,2048
211289849,200.000,199.691,0.0000,-0.0816,0.0000,0.1071,0.000,32.24,40.0,3,2048
211291191,200.000,199.691,0.0000,0.0237,0.0000,0.0884,0.000,32.24,40.0,3,2048
211291847,200.000,199.669,0.0000,-0.0526,0.0000,0.1335,0.000,32.24,40.0,3,2048
211292925,200.000,199.669,0.0000,-0.0755,0.0000,0.1071,0.000,32.24,40.0,3,2048
211294177,200.000,199.669,0.0000,-0.0069,0.0000,0.1423,0.000,32.24,40.0,3,2048
211294561,200.000,199.669,0.0000,0.0130,0.0000,0.1313,0.000,32.24,40.0,3,2048
211295869,200.000,199.691,0.0000,-0.0435,0.0000,0.1181,0.000,32.24,40.0,3,2048
211296595,200.000,199.691,0.0000,-0.0481,0.0000,0.0654,0.000,32.24,40.0,3,2048
211297878,200.000,199.691,0.0000,0.0313,0.0000,0.1115,0.000,32.24,40.0,3,2048
211298514,200.000,199.669,0.0000,-0.0832,0.0000,0.1082,0.000,32.24,40.0,3,2048
211299549,200.000,199.669,0.0000,0.0069,0.0000,0.1214,0.000,32.24,40.0,3,2048
211300869,200.000,199.669,0.0000,0.1396,0.0000,0.0873,0.000,32.24,40.0,3,2048
211301653,200.000,199.669,0.0000,-0.0877,0.0000,0.1192,0.000,32.24,40.0,3,2048
211302549,200.000,199.669,0.0000,0.0191,0.0000,0.0895,0.000,32.24,40.0,3,2048
211303542,200.000,199.691,0.0000,0.1030,0.0000,0.1401,0.000,32.24,40.0,3,2048
211304542,200.000,199.669,0.0000,-0.0526,0.0000,0.1368,0.000,32.24,40.0,3,2048
211305869,200.000,199.669,0.0000,-0.0114,0.0000,0.1104,0.000,32.24,40.0,3,2048
211306607,200.000,199.669,0.0000,0.0053,0.0000,0.0632,0.000,32.24,40.0,3,2048
211307610,200.000,199.691,0.0000,0.1656,0.0000,0.1368,0.000,32.24,40.0,3,2048
211308575,200.000,199.669,0.0000,-0.1656,0.0000,0.1159,0.000,32.24,40.0,3,2048
211309576,200.000,199.669,0.0000,0.0954,0.0000,0.1016,0.000,32.24,40.0,3,2048
211310895,200.000,199.691,0.0000,-0.0313,0.0000,0.1335,0.000,32.24,40.0,3,2048
211311642,200.000,199.691,0.0000,0.1656,0.0000,0.0939,0.000,32.24,40.0,3,2048
211312549,200.000,199.669,0.0000,-0.1457,0.0000,0.1302,0.000,32.24,40.0,3,2048
211313861,200.000,199.691,0.0000,0.1045,0.0000,0.1082,0.000,32.24,40.0,3,2048
211314607,200.000,199.669,0.0000,-0.0557,0.0000,0.1005,0.000,32.24,40.0,3,2048
211315894,200.000,199.669,0.0000,-0.0267,0.0000,0.1170,0.000,32.24,40.0,3,2048
211316576,200.000,199.691,0.0000,0.0175,0.0000,0.1115,0.000,32.24,40.0,3,2048
211317897,200.000,199.669,0.0000,-0.0099,0.0000,0.1434,0.000,32.24,40.0,3,2048
211318574,200.000,199.669,0.0000,-0.0114,0.0000,0.1170,0.000,32.24,40.0,3,2048
211319575,200.000,199.669,0.0000,-0.0252,0.0000,0.1247,0.000,32.24,40.0,3,2048
211320890,200.000,199.691,0.0000,0.0175,0.0000,0.0884,0.000,32.24,40.0,3,2048
211321574,200.000,199.691,0.0000,-0.1213,0.0000,0.0862,0.000,32.24,40.0,3,2048
211322576,200.000,199.691,0.0000,0.0343,0.0000,0.1192,0.000,32.24,40.0,3,2048
211323582,200.000,199.691,0.0000,-0.0069,0.0000,0.1181,0.000,32.24,40.0,3,2048
211324544,200.000,199.691,0.0000,-0.0526,0.0000,0.1060,0.000,32.24,40.0,3,2048
211325867,200.000,199.691,0.0000,0.0435,0.0000,0.0797,0.000,32.24,40.0,3,2048
211326598,200.000,199.669,0.0000,-0.1045,0.0000,0.1170,0.000,32.24,40.0,3,2048
211327599,200.000,199.669,0.0000,0.0328,0.0000,0.1049,0.000,32.24,40.0,3,2048
211328596,200.000,199.691,0.0000,0.0023,0.0000,0.0994,0.000,32.24,40.0,3,2048
211329592,200.000,199.669,0.0000,-0.0893,0.0000,0.1093,0.000,32.24,40.0,3,2048
211330869,200.000,199.691,0.0000,0.0572,0.0000,0.1203,0.000,32.24,40.0,3,2048
211331671,200.000,199.691,0.0000,0.0954,0.0000,0.0797,0.000,32.24,40.0,3,2048
211332584,200.000,199.691,0.0000,-0.0801,0.0000,0.1522,0.000,32.24,40.0,3,2048
211333861,200.000,199.669,0.0000,-0.0496,0.0000,0.1104,0.000,32.24,40.0,3,2048
211334561,200.000,199.669,0.0000,-0.0038,0.0000,0.0654,0.000,32.24,40.0,3,2048
211335869,200.000,199.691,0.0000,-0.0465,0.0000,0.0621,0.000,32.24,40.0,3,2048
211336599,200.000,199.691,0.0000,-0.0725,0.0000,0.0884,0.000,32.24,40.0,3,2048
211337874,200.000,199.669,0.0000,0.0725,0.0000,0.1236,0.000,32.24,40.0,3,2048
211338560,200.000,199.669,0.0000,-0.0877,0.0000,0.1082,0.000,32.24,40.0,3,2048
211339547,200.000,199.669,0.0000,-0.0145,0.0000,0.0950,0.000,32.24,40.0,3,2048
211340912,200.000,199.669,0.0000,-0.0328,0.0000,0.1302,0.000,32.24,40.0,3,2048
211341550,200.000,199.669,0.0000,-0.0359,0.0000,0.0731,0.000,32.24,40.0,3,2048
211342637,200.000,199.691,0.0000,0.0008,0.0000,0.1104,0.000,32.24,40.0,3,2048
211343545,200.000,199.691,0.0000,-0.0603,0.0000,0.1236,0.000,32.24,40.0,3,2048
211344596,200.000,199.669,0.0000,-0.0343,0.0000,0.1225,0.000,32.24,40.0,3,2048
211345873,200.000,199.669,0.0000,-0.0099,0.0000,0.1170,0.000,32.24,40.0,3,2048
211346565,200.000,199.691,0.0000,0.1503,0.0000,0.0489,0.000,32.24,40.0,3,2048
211347547,200.000,199.669,0.0000,-0.0450,0.0000,0.1258,0.000,32.24,40.0,3,2048
211348592,200.000,199.669,0.0000,-0.0130,0.0000,0.1247,0.000,32.24,40.0,3,2048
211349547,200.000,199.691,0.0000,0.0023,0.0000,0.1126,0.000,32.24,40.0,3,2048
211350887,200.000,199.691,0.0000,0.0633,0.0000,0.0851,0.000,32.24,40.0,3,2048
211351545,200.000,199.691,0.0000,-0.0389,0.0000,0.1181,0.000,32.24,40.0,3,2048
211352664,200.000,199.669,0.0000,0.0618,0.0000,0.1137,0.000,32.24,40.0,3,2048
211353885,200.000,199.669,0.0000,-0.1350,0.0000,0.0884,0.000,32.24,40.0,3,2048
211354545,200.000,199.691,0.0000,0.0267,0.0000,0.1038,0.000,32.24,40.0,3,2048
211355865,200.000,199.691,0.0000,0.0053,0.0000,0.0906,0.000,32.24,40.0,3,2048
211356548,200.000,199.691,0.0000,-0.0038,0.0000,0.1412,0.000,32.24,40.0,3,2048
211357880,200.000,199.669,0.0000,-0.0938,0.0000,0.1115,0.000,32.24,40.0,3,2048
211358600,200.000,199.691,0.0000,0.0496,0.0000,0.0840,0.000,32.24,40.0,3,2048
211359614,200.000,199.669,0.0000,-0.0404,0.0000,0.1093,0.000,32.24,40.0,3,2048
211360894,200.000,199.669,0.0000,-0.0450,0.0000,0.1016,0.000,32.24,40.0,3,2048
211361573,200.000,199.669,0.0000,-0.0389,0.0000,0.0983,0.000,32.24,40.0,3,2048
211362578,200.000,199.669,0.0000,-0.0481,0.0000,0.1236,0.000,32.24,40.0,3,2048
211363641,200.000,199.669,0.0000,0.1137,0.0000,0.1236,0.000,32.24,40.0,3,2048
211364544,200.000,199.691,0.0000,0.0099,0.0000,0.0994,0.000,32.24,40.0,3,2048
211365876,200.000,199.691,0.0000,-0.0694,0.0000,0.0731,0.000,32.24,40.0,3,2048
211366607,200.000,199.691,0.0000,-0.0252,0.0000,0.1599,0.000,32.24,40.0,3,2048
211367577,200.000,199.691,0.0000,-0.0069,0.0000,0.0906,0.000,32.24,40.0,3,2048
211368571,200.000,199.691,0.0000,-0.0557,0.0000,0.0698,0.000,32.24,40.0,3,2048
211369569,200.000,199.691,0.0000,-0.0084,0.0000,0.1291,0.000,32.24,40.0,3,2048
211370891,200.000,199.691,0.0000,0.1564,0.0000,0.0775,0.000,32.24,40.0,3,2048
211371573,200.000,199.691,0.0000,-0.1564,0.0000,0.1500,0.000,32.24,40.0,3,2048
211372575,200.000,199.669,0.0000,-0.0145,0.0000,0.1236,0.000,32.24,40.0,3,2048
211373887,200.000,199.691,0.0000,0.0389,0.0000,0.1071,0.000,32.24,40.0,3,2048
211374570,200.000,199.669,0.0000,0.0359,0.0000,0.0994,0.000,32.24,40.0,3,2048
211375901,200.000,199.669,0.0000,-0.0374,0.0000,0.1027,0.000,32.24,40.0,3,2048
211376548,200.000,199.669,0.0000,-0.1060,0.0000,0.1093,0.000,32.24,40.0,3,2048
211377879,200.000,199.669,0.0000,-0.0572,0.0000,0.0731,0.000,32.24,40.0,3,2048
211378598,200.000,199.669,0.0000,-0.0557,0.0000,0.0906,0.000,32.24,40.0,3,2048
211379598,200.000,199.669,0.0000,0.0526,0.0000,0.1675,0.000,32.24,40.0,3,2048
211380828,200.000,199.691,0.0000,0.0618,0.0000,0.1203,0.000,32.24,40.0,3,2048
211381553,200.000,199.669,0.0000,0.0221,0.0000,0.0862,0.000,32.24,40.0,3,2048
211382547,200.000,199.669,0.0000,0.0755,0.0000,0.1401,0.000,32.24,40.0,3,2048
211383579,200.000,199.691,0.0000,-0.0008,0.0000,0.1071,0.000,32.24,40.0,3,2048
211384545,200.000,199.691,0.0000,-0.0298,0.0000,0.1060,0.000,32.24,40.0,3,2048
211385869,200.000,199.669,0.0000,0.0496,0.0000,0.1203,0.000,32.24,40.0,3,2048
211386558,200.000,199.691,0.0000,-0.0038,0.0000,0.1423,0.000,32.24,40.0,3,2048
211387547,200.000,199.669,0.0000,0.0252,0.0000,0.0478,0.000,32.24,40.0,3,2048
211388600,200.000,199.691,0.0000,-0.0282,0.0000,0.1159,0.000,32.24,40.0,3,2048
211389543,200.000,199.691,0.0000,-0.0725,0.0000,0.0961,0.000,32.24,40.0,3,2048
211390887,200.000,199.669,0.0000,0.0069,0.0000,0.1115,0.000,32.24,40.0,3,2048
211391542,200.000,199.669,0.0000,0.0160,0.0000,0.1192,0.000,32.24,40.0,3,2048
211392605,200.000,199.669,0.0000,0.0313,0.0000,0.1137,0.000,32.24,40.0,3,2048
211393862,200.000,199.691,0.0000,0.0038,0.0000,0.1247,0.000,32.24,40.0,3,2048
211394501,200.000,199.669,0.0000,-0.0847,0.0000,0.0797,0.000,32.24,40.0,3,2048
211395875,200.000,199.669,0.0000,-0.1289,0.0000,0.0950,0.000,32.24,40.0,3,2048
211396544,200.000,199.669,0.0000,0.0755,0.0000,0.1335,0.000,32.24,40.0,3,2048
211397926,200.000,199.691,0.0000,0.1167,0.0000,0.1093,0.000,32.24,40.0,3,2048
211398550,200.000,199.691,0.0000,0.0221,0.0000,0.1258,0.000,32.24,40.0,3,2048
211399566,200.000,199.691,0.0000,0.1457,0.0000,0.1126,0.000,32.24,40.0,3,2048
211400861,200.000,199.669,0.0000,-0.1823,0.0000,0.0928,0.000,32.24,40.0,3,2048
211401594,200.000,199.691,0.0000,-0.0648,0.0000,0.1060,0.000,32.24,40.0,3,2048
211402548,200.000,199.691,0.0000,-0.0160,0.0000,0.1093,0.000,32.24,40.0,3,2048
211403645,200.000,199.691,0.0000,0.0435,0.0000,0.1093,0.000,32.24,40.0,3,2048
211404542,200.000,199.669,0.0000,-0.0923,0.0000,0.1335,0.000,32.24,40.0,3,2048
211405870,200.000,199.691,0.0000,0.0237,0.0000,0.1159,0.000,32.24,40.0,3,2048
211406542,200.000,199.669,0.0000,-0.0938,0.0000,0.1478,0.000,32.24,40.0,3,2048
211407611,200.000,199.691,0.0000,0.0313,0.0000,0.0873,0.000,32.24,40.0,3,2048
211408573,200.000,199.691,0.0000,0.0298,0.0000,0.1291,0.000,32.24,40.0,3,2048
211409612,200.000,199.691,0.0000,-0.0084,0.0000,0.0807,0.000,32.24,40.0,3,2048
211410895,200.000,199.669,0.0000,-0.0526,0.0000,0.1719,0.000,32.24,40.0,3,2048
211411575,200.000,199.669,0.0000,0.0557,0.0000,0.1137,0.000,32.24,40.0,3,2048
211412619,200.000,199.669,0.0000,-0.0374,0.0000,0.0599,0.000,32.24,40.0,3,2048
211413935,200.000,199.669,0.0000,-0.0694,0.0000,0.1126,0.000,32.24,40.0,3,2048
211414543,200.000,199.669,0.0000,-0.0175,0.0000,0.1093,0.000,32.24,40.0,3,2048
211415904,200.000,199.691,0.0000,-0.0252,0.0000,0.1148,0.000,32.24,40.0,3,2048
211416601,200.000,199.691,0.0000,-0.0099,0.0000,0.0917,0.000,32.24,40.0,3,2048
211417898,200.000,199.669,0.0000,-0.0252,0.0000,0.1203,0.000,32.24,40.0,3,2048
211418575,200.000,199.691,0.0000,0.0999,0.0000,0.1082,0.000,32.24,40.0,3,2048
211419574,200.000,199.669,0.0000,-0.1137,0.0000,0.0972,0.000,32.24,40.0,3,2048
211420890,200.000,199.669,0.0000,0.0145,0.0000,0.1368,0.000,32.24,40.0,3,2048
211421575,200.000,199.669,0.0000,-0.0328,0.0000,0.1104,0.000,32.24,40.0,3,2048
211422576,200.000,199.669,0.0000,-0.0603,0.0000,0.0873,0.000,32.24,40.0,3,2048
211423569,200.000,199.669,0.0000,-0.0099,0.0000,0.1225,0.000,32.24,40.0,3,2048
211424569,200.000,199.691,0.0000,0.0862,0.0000,0.1686,0.000,32.24,40.0,3,2048
211425900,200.000,199.669,0.0000,-0.0465,0.0000,0.0742,0.000,32.24,40.0,3,2048
211426546,200.000,199.691,0.0000,-0.0542,0.0000,0.1005,0.000,32.24,40.0,3,2048
211427553,200.000,199.669,0.0000,0.0740,0.0000,0.1104,0.000,32.24,40.0,3,2048
211428595,200.000,199.691,0.0000,-0.0023,0.0000,0.1148,0.000,32.24,40.0,3,2048
211429593,200.000,199.669,0.0000,0.0511,0.0000,0.1192,0.000,32.24,40.0,3,2048
211430913,200.000,199.691,0.0000,0.0648,0.0000,0.0939,0.000,32.24,40.0,3,2048
211431549,200.000,199.691,0.0000,-0.0114,0.0000,0.1027,0.000,32.24,40.0,3,2048
211432589,200.000,199.669,0.0000,0.0282,0.0000,0.1280,0.000,32.24,40.0,3,2048
211433865,200.000,199.691,0.0000,0.0221,0.0000,0.1192,0.000,32.24,40.0,3,2048
211434543,200.000,199.669,0.0000,-0.0481,0.0000,0.1038,0.000,32.24,40.0,3,2048
211435886,200.000,199.691,0.0000,-0.0145,0.0000,0.1082,0.000,32.24,40.0,3,2048
211436542,200.000,199.691,0.0000,0.0038,0.0000,0.1236,0.000,32.24,40.0,3,2048
211437924,200.000,199.691,0.0000,-0.0801,0.0000,0.1302,0.000,32.24,40.0,3,2048
211438548,200.000,199.691,0.0000,0.0389,0.0000,0.0818,0.000,32.24,40.0,3,2048
211439564,200.000,199.669,0.0000,-0.0938,0.0000,0.1005,0.000,32.24,40.0,3,2048
211440861,200.000,199.669,0.0000,-0.0175,0.0000,0.1159,0.000,32.24,40.0,3,2048
211441600,200.000,199.691,0.0000,0.1122,0.0000,0.1093,0.000,32.24,40.0,3,2048
211442548,200.000,199.669,0.0000,-0.0847,0.0000,0.1313,0.000,32.24,40.0,3,2048
211443634,200.000,199.669,0.0000,0.0298,0.0000,0.1346,0.000,32.24,40.0,3,2048
211444544,200.000,199.669,0.0000,0.0023,0.0000,0.1346,0.000,32.24,40.0,3,2048
211445921,200.000,199.669,0.0000,-0.1549,0.0000,0.0654,0.000,32.24,40.0,3,2048
211446548,200.000,199.691,0.0000,0.0099,0.0000,0.0786,0.000,32.24,40.0,3,2048
211447566,200.000,199.669,0.0000,0.0786,0.0000,0.1170,0.000,32.24,40.0,3,2048
211448542,200.000,199.669,0.0000,0.0496,0.0000,0.0775,0.000,32.24,40.0,3,2048
211449594,200.000,199.669,0.0000,-0.0771,0.0000,0.1214,0.000,32.24,40.0,3,2048
211450870,200.000,199.691,0.0000,0.0710,0.0000,0.1082,0.000,32.24,40.0,3,2048
211451564,200.000,199.669,0.0000,-0.0053,0.0000,0.1269,0.000,32.24,40.0,3,2048
211452547,200.000,199.691,0.0000,-0.0771,0.0000,0.0884,0.000,32.24,40.0,3,2048
211453980,200.000,199.691,0.0000,-0.0374,0.0000,0.0884,0.000,32.24,40.0,3,2048
211454564,200.000,199.691,0.0000,-0.0252,0.0000,0.1104,0.000,32.24,40.0,3,2048
211455868,200.000,199.669,0.0000,-0.0710,0.0000,0.1390,0.000,32.24,40.0,3,2048
211456548,200.000,199.669,0.0000,0.0816,0.0000,0.0972,0.000,32.24,40.0,3,2048
211457867,200.000,199.691,0.0000,-0.0053,0.0000,0.0731,0.000,32.24,40.0,3,2048
211458545,200.000,199.669,0.0000,0.0572,0.0000,0.1269,0.000,32.24,40.0,3,2048
211459603,200.000,199.669,0.0000,0.0023,0.0000,0.1390,0.000,32.24,40.0,3,2048
211460929,200.000,199.669,0.0000,-0.0496,0.0000,0.0961,0.000,32.24,40.0,3,2048
211461575,200.000,199.669,0.0000,-0.0084,0.0000,0.1181,0.000,32.24,40.0,3,2048
211462584,200.000,199.691,0.0000,-0.0893,0.0000,0.0829,0.000,32.24,40.0,3,2048
211463573,200.000,199.691,0.0000,-0.0938,0.0000,0.1093,0.000,32.24,40.0,3,2048
211464645,200.000,199.691,0.0000,0.0145,0.0000,0.1093,0.000,32.24,40.0,3,2048
211465871,200.000,199.691,0.0000,0.0847,0.0000,0.1126,0.000,32.24,40.0,3,2048
211466542,200.000,199.669,0.0000,-0.1350,0.0000,0.1225,0.000,32.24,40.0,3,2048
211467612,200.000,199.691,0.0000,0.1457,0.0000,0.1027,0.000,32.24,40.0,3,2048
211468572,200.000,199.691,0.0000,0.0450,0.0000,0.1192,0.000,32.24,40.0,3,2048
211469572,200.000,199.691,0.0000,0.0114,0.0000,0.1412,0.000,32.24,40.0,3,2048
211470893,200.000,199.669,0.0000,-0.1167,0.0000,0.0961,0.000,32.24,40.0,3,2048
211471573,200.000,199.669,0.0000,-0.0038,0.0000,0.1038,0.000,32.24,40.0,3,2048
211472574,200.000,199.669,0.0000,-0.0511,0.0000,0.0753,0.000,32.24,40.0,3,2048
211473887,200.000,199.669,0.0000,0.0359,0.0000,0.1379,0.000,32.24,40.0,3,2048
211474570,200.000,199.691,0.0000,0.0359,0.0000,0.0961,0.000,32.24,40.0,3,2048
211475893,200.000,199.691,0.0000,0.0420,0.0000,0.0906,0.000,32.24,40.0,3,2048
211476588,200.000,199.691,0.0000,0.0786,0.0000,0.1203,0.000,32.24,40.0,3,2048
211477874,200.000,199.691,0.0000,-0.0603,0.0000,0.1104,0.000,32.24,40.0,3,2048
211478542,200.000,199.669,0.0000,-0.0511,0.0000,0.1137,0.000,32.24,40.0,3,2048
211479602,200.000,199.691,0.0000,0.0648,0.0000,0.0972,0.000,32.24,40.0,3,2048
211480912,200.000,199.691,0.0000,0.0710,0.0000,0.0972,0.000,32.24,40.0,3,2048
211481600,200.000,199.669,0.0000,-0.0862,0.0000,0.1192,0.000,32.24,40.0,3,2048
211482603,200.000,199.669,0.0000,0.0420,0.0000,0.0884,0.000,32.24,40.0,3,2048
211483542,200.000,199.691,0.0000,0.0496,0.0000,0.1280,0.000,32.24,40.0,3,2048
211484567,200.000,199.669,0.0000,-0.0923,0.0000,0.0840,0.000,32.24,40.0,3,2048
211485874,200.000,199.691,0.0000,0.0206,0.0000,0.1544,0.000,32.24,40.0,3,2048
211486542,200.000,199.669,0.0000,-0.0877,0.0000,0.0917,0.000,32.24,40.0,3,2048
211487564,200.000,199.691,0.0000,0.1732,0.0000,0.1027,0.000,32.24,40.0,3,2048
211488542,200.000,199.669,0.0000,-0.0511,0.0000,0.0895,0.000,32.24,40.0,3,2048
211489601,200.000,199.669,0.0000,-0.0557,0.0000,0.1346,0.000,32.24,40.0,3,2048
211490869,200.000,199.669,0.0000,-0.0572,0.0000,0.0873,0.000,32.24,40.0,3,2048
211491558,200.000,199.691,0.0000,0.0328,0.0000,0.1357,0.000,32.24,40.0,3,2048
211492547,200.000,199.691,0.0000,0.0618,0.0000,0.1060,0.000,32.24,40.0,3,2048
211493921,200.000,199.669,0.0000,-0.0389,0.0000,0.1181,0.000,32.24,40.0,3,2048
211494543,200.000,199.669,0.0000,0.0389,0.0000,0.1159,0.000,32.24,40.0,3,2048
211495954,200.000,199.691,0.0000,0.0237,0.0000,0.1115,0.000,32.24,40.0,3,2048
211496553,200.000,199.669,0.0000,-0.0999,0.0000,0.0939,0.000,32.24,40.0,3,2048
211497926,200.000,199.669,0.0000,-0.0191,0.0000,0.1423,0.000,32.24,40.0,3,2048
211498545,200.000,199.669,0.0000,-0.0282,0.0000,0.1027,0.000,32.24,40.0,3,2048
211499566,200.000,199.669,0.0000,0.0237,0.0000,0.1489,0.000,32.24,40.0,3,2048
211500864,200.000,199.669,0.0000,-0.0160,0.0000,0.1071,0.000,32.24,40.0,3,2048
211501595,200.000,199.691,0.0000,0.1152,0.0000,0.1335,0.000,32.24,40.0,3,2048
211502547,200.000,199.669,0.0000,-0.0847,0.0000,0.0972,0.000,32.24,40.0,3,2048
211503561,200.000,199.691,0.0000,0.0999,0.0000,0.1159,0.000,32.24,40.0,3,2048
211504542,200.000,199.691,0.0000,-0.0114,0.0000,0.1390,0.000,32.24,40.0,3,2048
211505985,200.000,199.691,0.0000,0.0694,0.0000,0.0917,0.000,32.24,40.0,3,2048
211506564,200.000,199.669,0.0000,-0.0496,0.0000,0.1115,0.000,32.24,40.0,3,2048
211507547,200.000,199.669,0.0000,-0.0145,0.0000,0.1071,0.000,32.24,40.0,3,2048
211508542,200.000,199.669,0.0000,-0.0175,0.0000,0.1038,0.000,32.24,40.0,3,2048
211509542,200.000,199.691,0.0000,-0.0191,0.0000,0.1038,0.000,32.24,40.0,3,2048
211510916,200.000,199.691,0.0000,0.0084,0.0000,0.1181,0.000,32.24,40.0,3,2048
211511577,200.000,199.669,0.0000,0.0145,0.0000,0.0753,0.000,32.24,40.0,3,2048
211512615,200.000,199.669,0.0000,-0.0603,0.0000,0.0906,0.000,32.24,40.0,3,2048
211513893,200.000,199.669,0.0000,-0.0435,0.0000,0.0851,0.000,32.24,40.0,3,2048
211514573,200.000,199.669,0.0000,-0.0694,0.0000,0.1203,0.000,32.24,40.0,3,2048
211515893,200.000,199.669,0.0000,-0.0572,0.0000,0.1302,0.000,32.24,40.0,3,2048
211516638,200.000,199.669,0.0000,-0.0572,0.0000,0.0983,0.000,32.24,40.0,3,2048
211517872,200.000,199.669,0.0000,0.0038,0.0000,0.1170,0.000,32.24,40.0,3,2048
211518544,200.000,199.669,0.0000,-0.0771,0.0000,0.0961,0.000,32.24,40.0,3,2048
211519609,200.000,199.691,0.0000,-0.0023,0.0000,0.1038,0.000,32.24,40.0,3,2048
211520896,200.000,199.669,0.0000,0.0526,0.0000,0.1423,0.000,32.24,40.0,3,2048
211521575,200.000,199.669,0.0000,-0.0984,0.0000,0.0533,0.000,32.24,40.0,3,2048
211522575,200.000,199.669,0.0000,-0.0435,0.0000,0.1269,0.000,32.24,40.0,3,2048
211523569,200.000,199.691,0.0000,0.1015,0.0000,0.1115,0.000,32.24,40.0,3,2048
211524569,200.000,199.669,0.0000,-0.0267,0.0000,0.1038,0.000,32.24,40.0,3,2048
211525889,200.000,199.691,0.0000,-0.0328,0.0000,0.1126,0.000,32.24,40.0,3,2048
211526575,200.000,199.691,0.0000,0.0298,0.0000,0.1082,0.000,32.24,40.0,3,2048
211527576,200.000,199.669,0.0000,-0.0893,0.0000,0.1313,0.000,32.24,40.0,3,2048
211528581,200.000,199.691,0.0000,0.1610,0.0000,0.1225,0.000,32.24,40.0,3,2048
211529545,200.000,199.669,0.0000,-0.0954,0.0000,0.1247,0.000,32.24,40.0,3,2048
211530908,200.000,199.691,0.0000,0.0374,0.0000,0.1115,0.000,32.24,40.0,3,2048
211531597,200.000,199.691,0.0000,0.0328,0.0000,0.1038,0.000,32.24,40.0,3,2048
211532600,200.000,199.691,0.0000,-0.0908,0.0000,0.0928,0.000,32.24,40.0,3,2048
211533916,200.000,199.691,0.0000,-0.0175,0.0000,0.1137,0.000,32.24,40.0,3,2048
211534543,200.000,199.691,0.0000,-0.0725,0.0000,0.0797,0.000,32.24,40.0,3,2048
211535885,200.000,199.691,0.0000,-0.0557,0.0000,0.0950,0.000,32.24,40.0,3,2048
211536551,200.000,199.691,0.0000,0.0862,0.0000,0.1214,0.000,32.24,40.0,3,2048
211537866,200.000,199.669,0.0000,-0.0359,0.0000,0.0764,0.000,32.24,40.0,3,2048
211538563,200.000,199.691,0.0000,-0.0481,0.0000,0.0873,0.000,32.24,40.0,3,2048
211539547,200.000,199.669,0.0000,-0.0923,0.0000,0.1148,0.000,32.24,40.0,3,2048
211540918,200.000,199.691,0.0000,0.0923,0.0000,0.0928,0.000,32.24,40.0,3,2048
211541544,200.000,199.691,0.0000,-0.0923,0.0000,0.1247,0.000,32.24,40.0,3,2048
211542564,200.000,199.669,0.0000,0.0221,0.0000,0.1247,0.000,32.24,40.0,3,2048
211543542,200.000,199.669,0.0000,0.0465,0.0000,0.0851,0.000,32.24,40.0,3,2048
211544600,200.000,199.669,0.0000,-0.0999,0.0000,0.0950,0.000,32.24,40.0,3,2048
211545871,200.000,199.669,0.0000,-0.1015,0.0000,0.1027,0.000,32.24,40.0,3,2048
211546507,200.000,199.691,0.0000,0.0145,0.0000,0.1291,0.000,32.24,40.0,3,2048
211547551,200.000,199.669,0.0000,-0.0084,0.0000,0.1126,0.000,32.24,40.0,3,2048
211548542,200.000,199.691,0.0000,-0.0679,0.0000,0.0851,0.000,32.24,40.0,3,2048
211549600,200.000,199.691,0.0000,0.0465,0.0000,0.0753,0.000,32.24,40.0,3,2048
211550873,200.000,199.669,0.0000,-0.0938,0.0000,0.1500,0.000,32.24,40.0,3,2048
211551563,200.000,199.669,0.0000,-0.0877,0.0000,0.0895,0.000,32.24,40.0,3,2048
211552547,200.000,199.669,0.0000,-0.0130,0.0000,0.0807,0.000,32.24,40.0,3,2048
211553914,200.000,199.669,0.0000,-0.0923,0.0000,0.1159,0.000,32.24,40.0,3,2048
211554544,200.000,199.691,0.0000,0.0267,0.0000,0.1247,0.000,32.24,40.0,3,2048
211555890,200.000,199.669,0.0000,0.0145,0.0000,0.1291,0.000,32.24,40.0,3,2048
211556544,200.000,199.669,0.0000,0.0633,0.0000,0.1082,0.000,32.24,40.0,3,2048
211557992,200.000,199.691,0.0000,0.1305,0.0000,0.1181,0.000,32.24,40.0,3,2048
211558574,200.000,199.691,0.0000,-0.1045,0.0000,0.1368,0.000,32.24,40.0,3,2048
211559547,200.000,199.691,0.0000,0.0267,0.0000,0.0939,0.000,32.24,40.0,3,2048
211560867,200.000,199.669,0.0000,-0.1076,0.0000,0.0939,0.000,32.24,40.0,3,2048
211561544,200.000,199.669,0.0000,0.0496,0.0000,0.0994,0.000,32.24,40.0,3,2048
211562577,200.000,199.691,0.0000,-0.0282,0.0000,0.0807,0.000,32.24,40.0,3,2048
211563595,200.000,199.669,0.0000,-0.0252,0.0000,0.1247,0.000,32.24,40.0,3,2048
211564608,200.000,199.669,0.0000,0.0420,0.0000,0.1082,0.000,32.24,40.0,3,2048
211565893,200.000,199.669,0.0000,0.0191,0.0000,0.1500,0.000,32.24,40.0,3,2048
211566578,200.000,199.691,0.0000,0.0847,0.0000,0.1027,0.000,32.24,40.0,3,2048
211567585,200.000,199.669,0.0000,-0.1137,0.0000,0.1214,0.000,32.24,40.0,3,2048
211568639,200.000,199.691,0.0000,0.0526,0.0000,0.0786,0.000,32.24,40.0,3,2048
211569542,200.000,199.669,0.0000,-0.0618,0.0000,0.0873,0.000,32.24,40.0,3,2048
211570922,200.000,199.691,0.0000,0.0710,0.0000,0.1324,0.000,32.24,40.0,3,2048
211571578,200.000,199.669,0.0000,-0.1045,0.0000,0.1148,0.000,32.24,40.0,3,2048
211572577,200.000,199.669,0.0000,0.0877,0.0000,0.0895,0.000,32.24,40.0,3,2048
211573887,200.000,199.691,0.0000,0.1060,0.0000,0.1225,0.000,32.24,40.0,3,2048
211574571,200.000,199.669,0.0000,-0.0267,0.0000,0.1159,0.000,32.24,40.0,3,2048
211575888,200.000,199.691,0.0000,0.0114,0.0000,0.1258,0.000,32.24,40.0,3,2048
211576575,200.000,199.669,0.0000,-0.0557,0.0000,0.1016,0.000,32.24,40.0,3,2048
211577894,200.000,199.691,0.0000,0.0267,0.0000,0.0983,0.000,32.24,40.0,3,2048
211578575,200.000,199.669,0.0000,-0.0114,0.0000,0.0654,0.000,32.24,40.0,3,2048
211579576,200.000,199.691,0.0000,-0.0008,0.0000,0.0972,0.000,32.24,40.0,3,2048
211580901,200.000,199.691,0.0000,0.0786,0.0000,0.1445,0.000,32.24,40.0,3,2048
211581544,200.000,199.691,0.0000,0.0359,0.0000,0.1104,0.000,32.24,40.0,3,2048
211582555,200.000,199.669,0.0000,-0.0725,0.0000,0.1038,0.000,32.24,40.0,3,2048
211583596,200.000,199.669,0.0000,0.0267,0.0000,0.1192,0.000,32.24,40.0,3,2048
211584594,200.000,199.669,0.0000,0.0542,0.0000,0.1456,0.000,32.24,40.0,3,2048
211585914,200.000,199.669,0.0000,-0.0847,0.0000,0.0961,0.000,32.24,40.0,3,2048
211586548,200.000,199.669,0.0000,-0.0343,0.0000,0.0994,0.000,32.24,40.0,3,2048
211587586,200.000,199.669,0.0000,0.0053,0.0000,0.1302,0.000,32.24,40.0,3,2048
211588544,200.000,199.669,0.0000,0.0160,0.0000,0.0939,0.000,32.24,40.0,3,2048
211589542,200.000,199.669,0.0000,-0.1610,0.0000,0.1181,0.000,32.24,40.0,3,2048
211590886,200.000,199.669,0.0000,-0.0160,0.0000,0.1115,0.000,32.24,40.0,3,2048
211591542,200.000,199.691,0.0000,0.1106,0.0000,0.0917,0.000,32.24,40.0,3,2048
211592606,200.000,199.691,0.0000,-0.0084,0.0000,0.1159,0.000,32.24,40.0,3,2048
211593861,200.000,199.669,0.0000,-0.0877,0.0000,0.1170,0.000,32.24,40.0,3,2048
211594560,200.000,199.691,0.0000,0.0694,0.0000,0.1148,0.000,32.24,40.0,3,2048
211595869,200.000,199.691,0.0000,0.1350,0.0000,0.1038,0.000,32.24,40.0,3,2048
211596601,200.000,199.691,0.0000,0.1244,0.0000,0.1082,0.000,32.24,40.0,3,2048
211597875,200.000,199.691,0.0000,-0.0496,0.0000,0.0786,0.000,32.24,40.0,3,2048
211598520,200.000,199.669,0.0000,-0.0511,0.0000,0.1236,0.000,32.24,40.0,3,2048
211599549,200.000,199.691,0.0000,0.0679,0.0000,0.1302,0.000,32.24,40.0,3,2048
211600869,200.000,199.669,0.0000,-0.0496,0.0000,0.1192,0.000,32.24,40.0,3,2048
211601604,200.000,199.691,0.0000,-0.0374,0.0000,0.1258,0.000,32.24,40.0,3,2048
211602547,200.000,199.691,0.0000,0.0847,0.0000,0.1082,0.000,32.24,40.0,3,2048
211603561,200.000,199.669,0.0000,-0.0603,0.0000,0.1137,0.000,32.24,40.0,3,2048
211604542,200.000,199.669,0.0000,-0.1045,0.0000,0.1027,0.000,32.24,40.0,3,2048
211605914,200.000,199.669,0.0000,0.0221,0.0000,0.0961,0.000,32.24,40.0,3,2048
211606547,200.000,199.669,0.0000,-0.0053,0.0000,0.0807,0.000,32.24,40.0,3,2048
211607566,200.000,199.691,0.0000,0.1320,0.0000,0.1324,0.000,32.24,40.0,3,2048
211608542,200.000,199.669,0.0000,-0.0038,0.0000,0.1005,0.000,32.24,40.0,3,2048
211609660,200.000,199.669,0.0000,0.0252,0.0000,0.1500,0.000,32.24,40.0,3,2048
211610886,200.000,199.669,0.0000,-0.1106,0.0000,0.0566,0.000,32.24,40.0,3,2048
211611545,200.000,199.669,0.0000,0.0130,0.0000,0.1423,0.000,32.24,40.0,3,2048
211612547,200.000,199.691,0.0000,-0.0648,0.0000,0.1049,0.000,32.24,40.0,3,2048
211613861,200.000,199.691,0.0000,-0.0816,0.0000,0.1115,0.000,32.24,40.0,3,2048
211614599,200.000,199.691,0.0000,-0.0542,0.0000,0.0764,0.000,32.24,40.0,3,2048
211615895,200.000,199.691,0.0000,-0.0175,0.0000,0.0983,0.000,32.24,40.0,3,2048
211616612,200.000,199.691,0.0000,-0.0725,0.0000,0.0873,0.000,32.24,40.0,3,2048
211617903,200.000,199.669,0.0000,0.0328,0.0000,0.1038,0.000,32.24,40.0,3,2048
211618573,200.000,199.691,0.0000,0.0420,0.0000,0.1280,0.000,32.24,40.0,3,2048
211619578,200.000,199.691,0.0000,-0.0008,0.0000,0.1236,0.000,32.24,40.0,3,2048
211620959,200.000,199.669,0.0000,-0.0908,0.0000,0.1016,0.000,32.24,40.0,3,2048
211621551,200.000,199.669,0.0000,0.0175,0.0000,0.1038,0.000,32.24,40.0,3,2048
211622547,200.000,199.691,0.0000,-0.0237,0.0000,0.1192,0.000,32.24,40.0,3,2048
211623601,200.000,199.669,0.0000,-0.0618,0.0000,0.0818,0.000,32.24,40.0,3,2048
211624575,200.000,199.669,0.0000,0.0221,0.0000,0.1412,0.000,32.24,40.0,3,2048
211625889,200.000,199.691,0.0000,-0.0526,0.0000,0.1148,0.000,32.24,40.0,3,2048
211626575,200.000,199.691,0.0000,0.0404,0.0000,0.0753,0.000,32.24,40.0,3,2048
211627574,200.000,199.691,0.0000,-0.0389,0.0000,0.1379,0.000,32.24,40.0,3,2048
211628569,200.000,199.669,0.0000,0.0084,0.0000,0.1225,0.000,32.24,40.0,3,2048
211629569,200.000,199.669,0.0000,-0.0328,0.0000,0.0950,0.000,32.24,40.0,3,2048
211630890,200.000,199.691,0.0000,-0.0038,0.0000,0.0818,0.000,32.24,40.0,3,2048
211631575,200.000,199.669,0.0000,-0.0237,0.0000,0.1445,0.000,32.24,40.0,3,2048
211632584,200.000,199.669,0.0000,0.0359,0.0000,0.0687,0.000,32.24,40.0,3,2048
211633864,200.000,199.669,0.0000,-0.0389,0.0000,0.1335,0.000,32.24,40.0,3,2048
211634552,200.000,199.691,0.0000,0.0969,0.0000,0.1280,0.000,32.24,40.0,3,2048
211635911,200.000,199.669,0.0000,0.0694,0.0000,0.1071,0.000,32.24,40.0,3,2048
211636597,200.000,199.669,0.0000,-0.1183,0.0000,0.0994,0.000,32.24,40.0,3,2048
211637815,200.000,199.669,0.0000,-0.0740,0.0000,0.0786,0.000,32.24,40.0,3,2048
211638553,200.000,199.669,0.0000,-0.0114,0.0000,0.1137,0.000,32.24,40.0,3,2048
211639547,200.000,199.691,0.0000,0.0969,0.0000,0.0961,0.000,32.24,40.0,3,2048
211640896,200.000,199.669,0.0000,-0.1060,0.0000,0.1027,0.000,32.24,40.0,3,2048
211641881,200.000,199.691,0.0000,-0.1091,0.0000,0.0862,0.000,32.24,40.0,3,2048
211642836,200.000,199.691,0.0000,0.0877,0.0000,0.0764,0.000,32.24,40.0,3,2048
211643848,200.000,199.669,0.0000,-0.0481,0.0000,0.1697,0.000,32.24,40.0,3,2048
211644839,200.000,199.669,0.0000,-0.0450,0.0000,0.0928,0.000,32.24,40.0,3,2048
211646248,200.000,199.691,0.0000,0.0084,0.0000,0.0873,0.000,32.24,40.0,3,2048
211646839,200.000,199.669,0.0000,0.0206,0.0000,0.1258,0.000,32.24,40.0,3,2048
211647888,200.000,199.669,0.0000,0.0450,0.0000,0.0895,0.000,32.24,40.0,3,2048
211648839,200.000,199.691,0.0000,-0.0023,0.0000,0.1082,0.000,32.24,40.0,3,2048
211649923,200.000,199.691,0.0000,0.0267,0.0000,0.1236,0.000,32.24,40.0,3,2048
211651174,200.000,199.691,0.0000,-0.0359,0.0000,0.1170,0.000,32.24,40.0,3,2048
211651918,200.000,199.669,0.0000,-0.0710,0.0000,0.1137,0.000,32.24,40.0,3,2048
211652830,200.000,199.691,0.0000,0.0267,0.0000,0.0939,0.000,32.24,40.0,3,2048
211654165,200.000,199.669,0.0000,-0.0282,0.0000,0.0928,0.000,32.24,40.0,3,2048
211654543,200.000,199.691,0.0000,-0.1137,0.0000,0.1126,0.000,32.24,40.0,3,2048
211655888,200.000,199.669,0.0000,-0.0572,0.0000,0.1588,0.000,32.24,40.0,3,2048
211656544,200.000,199.691,0.0000,0.0481,0.0000,0.1159,0.000,32.24,40.0,3,2048
211657923,200.000,199.691,0.0000,-0.0633,0.0000,0.1126,0.000,32.24,40.0,3,2048
211658550,200.000,199.691,0.0000,0.0114,0.0000,0.0862,0.000,32.24,40.0,3,2048
211659564,200.000,199.691,0.0000,-0.0130,0.0000,0.1335,0.000,32.24,40.0,3,2048
211660861,200.000,199.669,0.0000,0.0298,0.0000,0.1357,0.000,32.24,40.0,3,2048
211661559,200.000,199.691,0.0000,0.0771,0.0000,0.1027,0.000,32.24,40.0,3,2048
211662650,200.000,199.669,0.0000,-0.0984,0.0000,0.1049,0.000,32.24,40.0,3,2048
211663544,200.000,199.691,0.0000,0.0450,0.0000,0.1291,0.000,32.24,40.0,3,2048
211664554,200.000,199.691,0.0000,-0.0603,0.0000,0.1159,0.000,32.24,40.0,3,2048
211665926,200.000,199.669,0.0000,-0.0969,0.0000,0.1335,0.000,32.24,40.0,3,2048
211666575,200.000,199.669,0.0000,0.0877,0.0000,0.0840,0.000,32.24,40.0,3,2048
211667577,200.000,199.691,0.0000,0.1640,0.0000,0.1005,0.000,32.24,40.0,3,2048
211668569,200.000,199.669,0.0000,-0.0389,0.0000,0.1577,0.000,32.24,40.0,3,2048
211669569,200.000,199.669,0.0000,-0.0084,0.0000,0.1016,0.000,32.24,40.0,3,2048
211670889,200.000,199.691,0.0000,0.0282,0.0000,0.1302,0.000,32.24,40.0,3,2048
211671575,200.000,199.691,0.0000,0.0374,0.0000,0.0742,0.000,32.24,40.0,3,2048
211672575,200.000,199.669,0.0000,-0.0786,0.0000,0.1610,0.000,32.24,40.0,3,2048
211673901,200.000,199.691,0.0000,0.0603,0.0000,0.0961,0.000,32.24,40.0,3,2048
211674545,200.000,199.669,0.0000,-0.0557,0.0000,0.0786,0.000,32.24,40.0,3,2048
211675867,200.000,199.691,0.0000,-0.0710,0.0000,0.0928,0.000,32.24,40.0,3,2048
211676558,200.000,199.691,0.0000,0.0267,0.0000,0.1291,0.000,32.24,40.0,3,2048
211677922,200.000,199.669,0.0000,-0.0710,0.0000,0.0961,0.000,32.24,40.0,3,2048
211678598,200.000,199.669,0.0000,0.0862,0.0000,0.1181,0.000,32.24,40.0,3,2048
211679604,200.000,199.691,0.0000,-0.0175,0.0000,0.0840,0.000,32.24,40.0,3,2048
211680873,200.000,199.691,0.0000,0.0420,0.0000,0.1214,0.000,32.24,40.0,3,2048
211681669,200.000,199.691,0.0000,-0.1442,0.0000,0.1170,0.000,32.24,40.0,3,2048
211682584,200.000,199.669,0.0000,0.0252,0.0000,0.0906,0.000,32.24,40.0,3,2048
211683543,200.000,199.691,0.0000,-0.0343,0.0000,0.1126,0.000,32.24,40.0,3,2048
211684636,200.000,199.691,0.0000,0.0465,0.0000,0.1005,0.000,32.24,40.0,3,2048
211685874,200.000,199.669,0.0000,-0.0542,0.0000,0.0862,0.000,32.24,40.0,3,2048
211686601,200.000,199.691,0.0000,0.0572,0.0000,0.1533,0.000,32.24,40.0,3,2048
211687548,200.000,199.669,0.0000,-0.0069,0.0000,0.0709,0.000,32.24,40.0,3,2048
211688561,200.000,199.669,0.0000,-0.0282,0.0000,0.1445,0.000,32.24,40.0,3,2048
211689542,200.000,199.691,0.0000,-0.0084,0.0000,0.0698,0.000,32.24,40.0,3,2048
211690914,200.000,199.691,0.0000,-0.0084,0.0000,0.0709,0.000,32.24,40.0,3,2048
211691548,200.000,199.669,0.0000,-0.0648,0.0000,0.1280,0.000,32.24,40.0,3,2048
211692637,200.000,199.691,0.0000,0.1244,0.0000,0.0884,0.000,32.24,40.0,3,2048
211693865,200.000,199.691,0.0000,-0.0343,0.0000,0.1181,0.000,32.24,40.0,3,2048
211694597,200.000,199.691,0.0000,0.0160,0.0000,0.1027,0.000,32.24,40.0,3,2048
211695870,200.000,199.669,0.0000,-0.0130,0.0000,0.1049,0.000,32.24,40.0,3,2048
211696567,200.000,199.691,0.0000,0.0847,0.0000,0.0862,0.000,32.24,40.0,3,2048
211697868,200.000,199.691,0.0000,0.0755,0.0000,0.1269,0.000,32.24,40.0,3,2048
211698595,200.000,199.691,0.0000,0.0832,0.0000,0.1126,0.000,32.24,40.0,3,2048
211699548,200.000,199.691,0.0000,0.0526,0.0000,0.1291,0.000,32.24,40.0,3,2048
211700889,200.000,199.691,0.0000,-0.0008,0.0000,0.0906,0.000,32.24,40.0,3,2048
211701544,200.000,199.691,0.0000,0.0069,0.0000,0.0884,0.000,32.24,40.0,3,2048
211702661,200.000,199.691,0.0000,0.0298,0.0000,0.1313,0.000,32.24,40.0,3,2048
211703544,200.000,199.691,0.0000,-0.0099,0.0000,0.0939,0.000,32.24,40.0,3,2048
211704558,200.000,199.691,0.0000,-0.0710,0.0000,0.1005,0.000,32.24,40.0,3,2048
211705869,200.000,199.669,0.0000,-0.0954,0.0000,0.1148,0.000,32.24,40.0,3,2048
211706601,200.000,199.691,0.0000,0.1060,0.0000,0.1203,0.000,32.24,40.0,3,2048
211707547,200.000,199.669,0.0000,0.0908,0.0000,0.0555,0.000,32.24,40.0,3,2048
211708558,200.000,199.691,0.0000,0.0618,0.0000,0.1203,0.000,32.24,40.0,3,2048
211709542,200.000,199.691,0.0000,0.0237,0.0000,0.1423,0.000,32.24,40.0,3,2048
211710914,200.000,199.691,0.0000,0.0954,0.0000,0.1093,0.000,32.24,40.0,3,2048
211711547,200.000,199.691,0.0000,-0.0862,0.0000,0.0972,0.000,32.24,40.0,3,2048
211712677,200.000,199.691,0.0000,0.0755,0.0000,0.0917,0.000,32.24,40.0,3,2048
211713864,200.000,199.669,0.0000,-0.0633,0.0000,0.1247,0.000,32.24,40.0,3,2048
211714543,200.000,199.669,0.0000,-0.0359,0.0000,0.1005,0.000,32.24,40.0,3,2048
211715920,200.000,199.691,0.0000,-0.0252,0.0000,0.1005,0.000,32.24,40.0,3,2048
211716575,200.000,199.691,0.0000,-0.0023,0.0000,0.0950,0.000,32.24,40.0,3,2048
211717901,200.000,199.691,0.0000,0.1213,0.0000,0.0676,0.000,32.24,40.0,3,2048
211718573,200.000,199.691,0.0000,-0.0679,0.0000,0.1192,0.000,32.24,40.0,3,2048
211719574,200.000,199.669,0.0000,-0.0130,0.0000,0.1126,0.000,32.24,40.0,3,2048
211720892,200.000,199.669,0.0000,-0.1091,0.0000,0.0939,0.000,32.24,40.0,3,2048
211721574,200.000,199.691,0.0000,-0.0328,0.0000,0.1192,0.000,32.24,40.0,3,2048
211722575,200.000,199.669,0.0000,-0.1198,0.0000,0.0917,0.000,32.24,40.0,3,2048
211723570,200.000,199.691,0.0000,0.0267,0.0000,0.0928,0.000,32.24,40.0,3,2048
211724585,200.000,199.691,0.0000,-0.0816,0.0000,0.0994,0.000,32.24,40.0,3,2048
211725869,200.000,199.691,0.0000,0.0542,0.0000,0.1522,0.000,32.24,40.0,3,2048
211726542,200.000,199.691,0.0000,0.0710,0.0000,0.0983,0.000,32.24,40.0,3,2048
211727602,200.000,199.669,0.0000,-0.0648,0.0000,0.1104,0.000,32.24,40.0,3,2048
211728594,200.000,199.691,0.0000,0.0206,0.0000,0.0895,0.000,32.24,40.0,3,2048
211729596,200.000,199.691,0.0000,0.0465,0.0000,0.1192,0.000,32.24,40.0,3,2048
211730910,200.000,199.691,0.0000,-0.0313,0.0000,0.1082,0.000,32.24,40.0,3,2048
211731547,200.000,199.669,0.0000,-0.1045,0.0000,0.1027,0.000,32.24,40.0,3,2048
211732569,200.000,199.691,0.0000,0.0023,0.0000,0.1214,0.000,32.24,40.0,3,2048
211733864,200.000,199.691,0.0000,0.0801,0.0000,0.1181,0.000,32.24,40.0,3,2048
211734543,200.000,199.669,0.0000,-0.0343,0.0000,0.1038,0.000,32.24,40.0,3,2048
211735954,200.000,199.691,0.0000,-0.0175,0.0000,0.1137,0.000,32.24,40.0,3,2048
211736551,200.000,199.669,0.0000,-0.1030,0.0000,0.0698,0.000,32.24,40.0,3,2048
211737926,200.000,199.691,0.0000,0.0786,0.0000,0.1346,0.000,32.24,40.0,3,2048
211738545,200.000,199.669,0.0000,-0.0465,0.0000,0.1049,0.000,32.24,40.0,3,2048
211739566,200.000,199.669,0.0000,-0.0130,0.0000,0.0851,0.000,32.24,40.0,3,2048
211740866,200.000,199.691,0.0000,0.0145,0.0000,0.0961,0.000,32.24,40.0,3,2048
211741569,200.000,199.669,0.0000,0.0038,0.0000,0.1642,0.000,32.24,40.0,3,2048
211742585,200.000,199.691,0.0000,0.0481,0.0000,0.1115,0.000,32.24,40.0,3,2048
211743542,200.000,199.669,0.0000,-0.0847,0.0000,0.0775,0.000,32.24,40.0,3,2048
211744560,200.000,199.669,0.0000,0.0969,0.0000,0.1302,0.000,32.24,40.0,3,2048
211745869,200.000,199.691,0.0000,0.0603,0.0000,0.0851,0.000,32.24,40.0,3,2048
211746600,200.000,199.669,0.0000,-0.0404,0.0000,0.1027,0.000,32.24,40.0,3,2048
211747547,200.000,199.691,0.0000,0.1091,0.0000,0.1379,0.000,32.24,40.0,3,2048
211748560,200.000,199.691,0.0000,-0.0496,0.0000,0.1071,0.000,32.24,40.0,3,2048
211749542,200.000,199.691,0.0000,-0.0206,0.0000,0.1049,0.000,32.24,40.0,3,2048
211750912,200.000,199.691,0.0000,0.0099,0.0000,0.1170,0.000,32.24,40.0,3,2048
211751547,200.000,199.669,0.0000,-0.0099,0.0000,0.0873,0.000,32.24,40.0,3,2048
211752638,200.000,199.669,0.0000,-0.0832,0.0000,0.0994,0.000,32.24,40.0,3,2048
211753865,200.000,199.669,0.0000,-0.0008,0.0000,0.1126,0.000,32.24,40.0,3,2048
211754599,200.000,199.691,0.0000,0.0587,0.0000,0.0928,0.000,32.24,40.0,3,2048
211755870,200.000,199.691,0.0000,0.0893,0.0000,0.0829,0.000,32.24,40.0,3,2048
211756567,200.000,199.691,0.0000,-0.0267,0.0000,0.1082,0.000,32.24,40.0,3,2048
211757870,200.000,199.669,0.0000,-0.0343,0.0000,0.0884,0.000,32.24,40.0,3,2048
211758595,200.000,199.691,0.0000,-0.0587,0.0000,0.0895,0.000,32.24,40.0,3,2048
211759547,200.000,199.691,0.0000,0.1335,0.0000,0.0994,0.000,32.24,40.0,3,2048
211760890,200.000,199.691,0.0000,-0.0572,0.0000,0.0950,0.000,32.24,40.0,3,2048
211761544,200.000,199.691,0.0000,-0.0633,0.0000,0.0807,0.000,32.24,40.0,3,2048
211762670,200.000,199.691,0.0000,-0.0359,0.0000,0.1049,0.000,32.24,40.0,3,2048
211763567,200.000,199.691,0.0000,-0.0221,0.0000,0.1016,0.000,32.24,40.0,3,2048
211764542,200.000,199.669,0.0000,-0.0771,0.0000,0.0895,0.000,32.24,40.0,3,2048
211765872,200.000,199.669,0.0000,-0.1320,0.0000,0.0961,0.000,32.24,40.0,3,2048
211766544,200.000,199.691,0.0000,0.0603,0.0000,0.1016,0.000,32.24,40.0,3,2048
211767602,200.000,199.669,0.0000,0.0664,0.0000,0.1005,0.000,32.24,40.0,3,2048
211768575,200.000,199.691,0.0000,0.0740,0.0000,0.1335,0.000,32.24,40.0,3,2048
211769608,200.000,199.691,0.0000,-0.0114,0.0000,0.1170,0.000,32.24,40.0,3,2048
211770898,200.000,199.691,0.0000,-0.0496,0.0000,0.1170,0.000,32.24,40.0,3,2048
211771574,200.000,199.691,0.0000,0.0725,0.0000,0.0972,0.000,32.24,40.0,3,2048
211772629,200.000,199.669,0.0000,-0.1488,0.0000,0.1093,0.000,32.24,40.0,3,2048
211773920,200.000,199.691,0.0000,0.0130,0.0000,0.0665,0.000,32.24,40.0,3,2048
211774543,200.000,199.669,0.0000,-0.0816,0.0000,0.1214,0.000,32.24,40.0,3,2048
211775918,200.000,199.669,0.0000,-0.0755,0.0000,0.1335,0.000,32.24,40.0,3,2048
211776575,200.000,199.669,0.0000,-0.0694,0.0000,0.0818,0.000,32.24,40.0,3,2048
211777901,200.000,199.669,0.0000,-0.0603,0.0000,0.1357,0.000,32.24,40.0,3,2048
211778572,200.000,199.669,0.0000,-0.0587,0.0000,0.0632,0.000,32.24,40.0,3,2048
211779574,200.000,199.669,0.0000,-0.0465,0.0000,0.1258,0.000,32.24,40.0,3,2048
211780894,200.000,199.669,0.0000,0.0175,0.0000,0.0928,0.000,32.24,40.0,3,2048
211781572,200.000,199.691,0.0000,0.0618,0.0000,0.1115,0.000,32.24,40.0,3,2048
211782574,200.000,199.669,0.0000,0.0099,0.0000,0.1225,0.000,32.24,40.0,3,2048
211783569,200.000,199.669,0.0000,-0.0603,0.0000,0.0807,0.000,32.24,40.0,3,2048
211784571,200.000,199.691,0.0000,0.0786,0.0000,0.1181,0.000,32.24,40.0,3,2048
211785897,200.000,199.669,0.0000,-0.1091,0.0000,0.1082,0.000,32.24,40.0,3,2048
211786550,200.000,199.669,0.0000,0.0359,0.0000,0.1214,0.000,32.24,40.0,3,2048
211787560,200.000,199.669,0.0000,-0.0496,0.0000,0.0807,0.000,32.24,40.0,3,2048
211788591,200.000,199.669,0.0000,-0.1015,0.0000,0.1181,0.000,32.24,40.0,3,2048
211789591,200.000,199.691,0.0000,0.1640,0.0000,0.1104,0.000,32.24,40.0,3,2048
211790913,200.000,199.691,0.0000,-0.0847,0.0000,0.1390,0.000,32.24,40.0,3,2048
211791550,200.000,199.691,0.0000,-0.0893,0.0000,0.0917,0.000,32.24,40.0,3,2048
211792592,200.000,199.669,0.0000,0.0267,0.0000,0.0983,0.000,32.24,40.0,3,2048
211793865,200.000,199.691,0.0000,0.0389,0.0000,0.1192,0.000,32.24,40.0,3,2048
211794543,200.000,199.669,0.0000,-0.0679,0.0000,0.0742,0.000,32.24,40.0,3,2048
211795887,200.000,199.669,0.0000,-0.1167,0.0000,0.0753,0.000,32.24,40.0,3,2048
211796542,200.000,199.691,0.0000,0.0114,0.0000,0.0983,0.000,32.24,40.0,3,2048
211797925,200.000,199.691,0.0000,0.0328,0.0000,0.1005,0.000,32.24,40.0,3,2048
211798548,200.000,199.691,0.0000,0.0710,0.0000,0.1214,0.000,32.24,40.0,3,2048
211799564,200.000,199.691,0.0000,-0.0481,0.0000,0.1610,0.000,32.24,40.0,3,2048
211800861,200.000,199.691,0.0000,0.1778,0.0000,0.0972,0.000,32.24,40.0,3,2048
211801600,200.000,199.669,0.0000,-0.0450,0.0000,0.0972,0.000,32.24,40.0,3,2048
211802548,200.000,199.691,0.0000,0.0816,0.0000,0.1005,0.000,32.24,40.0,3,2048
211803634,200.000,199.691,0.0000,0.0969,0.0000,0.1269,0.000,32.24,40.0,3,2048
211804544,200.000,199.691,0.0000,0.0069,0.0000,0.1258,0.000,32.24,40.0,3,2048
211805921,200.000,199.691,0.0000,-0.0633,0.0000,0.1170,0.000,32.24,40.0,3,2048
211806548,200.000,199.691,0.0000,0.0740,0.0000,0.1104,0.000,32.24,40.0,3,2048
211807566,200.000,199.691,0.0000,0.0847,0.0000,0.0950,0.000,32.24,40.0,3,2048
211808542,200.000,199.669,0.0000,-0.1900,0.0000,0.0840,0.000,32.24,40.0,3,2048
211809594,200.000,199.691,0.0000,0.0343,0.0000,0.1423,0.000,32.24,40.0,3,2048
211810870,200.000,199.691,0.0000,0.0969,0.0000,0.1027,0.000,32.24,40.0,3,2048
211811564,200.000,199.669,0.0000,0.0450,0.0000,0.1038,0.000,32.24,40.0,3,2048
211812547,200.000,199.691,0.0000,0.0008,0.0000,0.1269,0.000,32.24,40.0,3,2048
211813977,200.000,199.691,0.0000,0.0267,0.0000,0.1159,0.000,32.24,40.0,3,2048
211814568,200.000,199.691,0.0000,0.0496,0.0000,0.1126,0.000,32.24,40.0,3,2048
211815868,200.000,199.691,0.0000,0.0359,0.0000,0.1093,0.000,32.24,40.0,3,2048
211816548,200.000,199.669,0.0000,-0.0160,0.0000,0.0786,0.000,32.24,40.0,3,2048
211817866,200.000,199.691,0.0000,0.0648,0.0000,0.1016,0.000,32.24,40.0,3,2048
211818545,200.000,199.691,0.0000,-0.0359,0.0000,0.1181,0.000,32.24,40.0,3,2048
211819602,200.000,199.669,0.0000,-0.1671,0.0000,0.1115,0.000,32.24,40.0,3,2048
211820931,200.000,199.691,0.0000,0.0053,0.0000,0.0873,0.000,32.24,40.0,3,2048
211821575,200.000,199.691,0.0000,0.0862,0.0000,0.1115,0.000,32.24,40.0,3,2048
211822577,200.000,199.691,0.0000,-0.1076,0.0000,0.0753,0.000,32.24,40.0,3,2048
211823573,200.000,199.691,0.0000,-0.0740,0.0000,0.1225,0.000,32.24,40.0,3,2048
211824646,200.000,199.691,0.0000,-0.0710,0.0000,0.0764,0.000,32.24,40.0,3,2048
211825870,200.000,199.691,0.0000,-0.0542,0.0000,0.0731,0.000,32.24,40.0,3,2048
211826542,200.000,199.691,0.0000,0.1503,0.0000,0.1412,0.000,32.24,40.0,3,2048
211827612,200.000,199.691,0.0000,-0.1045,0.0000,0.1049,0.000,32.24,40.0,3,2048
211828574,200.000,199.691,0.0000,-0.0832,0.0000,0.0972,0.000,32.24,40.0,3,2048
211829569,200.000,199.691,0.0000,0.0145,0.0000,0.1214,0.000,32.24,40.0,3,2048
211830891,200.000,199.691,0.0000,-0.0099,0.0000,0.1258,0.000,32.24,40.0,3,2048
211831573,200.000,199.669,0.0000,-0.1030,0.0000,0.0972,0.000,32.24,40.0,3,2048
211832574,200.000,199.691,0.0000,0.1167,0.0000,0.0928,0.000,32.24,40.0,3,2048
211833889,200.000,199.691,0.0000,0.1274,0.0000,0.1049,0.000,32.24,40.0,3,2048
211834570,200.000,199.691,0.0000,-0.0511,0.0000,0.1445,0.000,32.24,40.0,3,2048
211835893,200.000,199.691,0.0000,-0.0160,0.0000,0.1555,0.000,32.24,40.0,3,2048
211836581,200.000,199.691,0.0000,0.0237,0.0000,0.0928,0.000,32.24,40.0,3,2048
211837874,200.000,199.691,0.0000,-0.0175,0.0000,0.1357,0.000,32.24,40.0,3,2048
211838542,200.000,199.691,0.0000,-0.0084,0.0000,0.0851,0.000,32.24,40.0,3,2048
211839601,200.000,199.691,0.0000,-0.0710,0.0000,0.0961,0.000,32.24,40.0,3,2048
211840911,200.000,199.691,0.0000,0.0145,0.0000,0.0950,0.000,32.24,40.0,3,2048
211841600,200.000,199.691,0.0000,0.0511,0.0000,0.0786,0.000,32.24,40.0,3,2048
211842601,200.000,199.669,0.0000,-0.0252,0.0000,0.1236,0.000,32.24,40.0,3,2048
211843542,200.000,199.669,0.0000,0.0542,0.0000,0.0928,0.000,32.24,40.0,3,2048
211844567,200.000,199.691,0.0000,0.1228,0.0000,0.1291,0.000,32.24,40.0,3,2048
211845874,200.000,199.691,0.0000,-0.1137,0.0000,0.0797,0.000,32.24,40.0,3,2048
211846542,200.000,199.691,0.0000,0.0893,0.0000,0.0950,0.000,32.24,40.0,3,2048
211847564,200.000,199.669,0.0000,-0.0618,0.0000,0.0961,0.000,32.24,40.0,3,2048
211848542,200.000,199.669,0.0000,-0.0572,0.0000,0.0654,0.000,32.24,40.0,3,2048
211849601,200.000,199.691,0.0000,0.0084,0.0000,0.0840,0.000,32.24,40.0,3,2048
211850869,200.000,199.691,0.0000,0.0206,0.0000,0.1269,0.000,32.24,40.0,3,2048
211851558,200.000,199.691,0.0000,-0.0648,0.0000,0.0588,0.000,32.24,40.0,3,2048
211852547,200.000,199.669,0.0000,-0.0313,0.0000,0.1049,0.000,32.24,40.0,3,2048
211853920,200.000,199.669,0.0000,0.0725,0.0000,0.0928,0.000,32.24,40.0,3,2048
211854543,200.000,199.669,0.0000,0.0359,0.0000,0.0840,0.000,32.24,40.0,3,2048
211855953,200.000,199.669,0.0000,-0.1198,0.0000,0.0665,0.000,32.24,40.0,3,2048
211856553,200.000,199.691,0.0000,0.0465,0.0000,0.1071,0.000,32.24,40.0,3,2048
211857926,200.000,199.691,0.0000,0.0343,0.0000,0.1038,0.000,32.24,40.0,3,2048
211858545,200.000,199.691,0.0000,0.0725,0.0000,0.1247,0.000,32.24,40.0,3,2048
211859566,200.000,199.669,0.0000,-0.0237,0.0000,0.1368,0.000,32.24,40.0,3,2048
211860864,200.000,199.669,0.0000,-0.0465,0.0000,0.0709,0.000,32.24,40.0,3,2048
211861595,200.000,199.691,0.0000,0.1564,0.0000,0.1159,0.000,32.24,40.0,3,2048
211862547,200.000,199.691,0.0000,-0.0298,0.0000,0.1016,0.000,32.24,40.0,3,2048
211863561,200.000,199.691,0.0000,0.1473,0.0000,0.1357,0.000,32.24,40.0,3,2048
211864542,200.000,199.691,0.0000,0.0267,0.0000,0.1280,0.000,32.24,40.0,3,2048
211865977,200.000,199.691,0.0000,0.0389,0.0000,0.0720,0.000,32.24,40.0,3,2048
211866619,200.000,199.691,0.0000,0.0587,0.0000,0.1379,0.000,32.24,40.0,3,2048
211867547,200.000,199.669,0.0000,-0.0725,0.0000,0.0807,0.000,32.24,40.0,3,2048
211868575,200.000,199.669,0.0000,0.0008,0.0000,0.1236,0.000,32.24,40.0,3,2048
211869594,200.000,199.669,0.0000,-0.0435,0.0000,0.1082,0.000,32.24,40.0,3,2048
211870895,200.000,199.691,0.0000,0.0557,0.0000,0.0862,0.000,32.24,40.0,3,2048
211871573,200.000,199.691,0.0000,0.0710,0.0000,0.1005,0.000,32.24,40.0,3,2048
211872574,200.000,199.691,0.0000,0.0313,0.0000,0.1170,0.000,32.24,40.0,3,2048
211873889,200.000,199.669,0.0000,-0.1106,0.0000,0.1038,0.000,32.24,40.0,3,2048
211874569,200.000,199.691,0.0000,-0.0511,0.0000,0.0917,0.000,32.24,40.0,3,2048
211875891,200.000,199.669,0.0000,-0.0877,0.0000,0.0939,0.000,32.24,40.0,3,2048
211876573,200.000,199.691,0.0000,-0.0374,0.0000,0.1148,0.000,32.24,40.0,3,2048
211877897,200.000,199.691,0.0000,0.0450,0.0000,0.1016,0.000,32.24,40.0,3,2048
211878588,200.000,199.669,0.0000,-0.0343,0.0000,0.0873,0.000,32.24,40.0,3,2048
211879548,200.000,199.691,0.0000,0.0298,0.0000,0.1148,0.000,32.24,40.0,3,2048
211880878,200.000,199.669,0.0000,-0.0343,0.0000,0.1357,0.000,32.24,40.0,3,2048
211881597,200.000,199.691,0.0000,0.1717,0.0000,0.0873,0.000,32.24,40.0,3,2048
211882598,200.000,199.691,0.0000,-0.0313,0.0000,0.1456,0.000,32.24,40.0,3,2048
211883521,200.000,199.691,0.0000,-0.0252,0.0000,0.1016,0.000,32.24,40.0,3,2048
211884548,200.000,199.691,0.0000,-0.0587,0.0000,0.0818,0.000,32.24,40.0,3,2048
211885868,200.000,199.691,0.0000,0.0862,0.0000,0.1115,0.000,32.24,40.0,3,2048
211886669,200.000,199.669,0.0000,-0.0252,0.0000,0.0665,0.000,32.24,40.0,3,2048
211887585,200.000,199.669,0.0000,-0.1091,0.0000,0.1412,0.000,32.24,40.0,3,2048
211888542,200.000,199.691,0.0000,0.0298,0.0000,0.0807,0.000,32.24,40.0,3,2048
211889634,200.000,199.669,0.0000,-0.0130,0.0000,0.1445,0.000,32.24,40.0,3,2048
211890875,200.000,199.691,0.0000,0.0816,0.0000,0.0731,0.000,32.24,40.0,3,2048
211891602,200.000,199.669,0.0000,-0.1289,0.0000,0.0928,0.000,32.24,40.0,3,2048
211892548,200.000,199.691,0.0000,0.0404,0.0000,0.0906,0.000,32.24,40.0,3,2048
211893879,200.000,199.691,0.0000,-0.0450,0.0000,0.0994,0.000,32.24,40.0,3,2048
211894543,200.000,199.691,0.0000,0.0587,0.0000,0.1401,0.000,32.24,40.0,3,2048
211895975,200.000,199.691,0.0000,0.0816,0.0000,0.1357,0.000,32.24,40.0,3,2048
211896877,200.000,199.691,0.0000,0.0160,0.0000,0.1082,0.000,32.24,40.0,3,2048
211898209,200.000,199.691,0.0000,-0.0343,0.0000,0.1071,0.000,32.24,40.0,3,2048
211898873,200.000,199.691,0.0000,0.1030,0.0000,0.0687,0.000,32.24,40.0,3,2048
211899917,200.000,199.691,0.0000,-0.0206,0.0000,0.1664,0.000,32.24,40.0,3,2048
211901204,200.000,199.669,0.0000,-0.0038,0.0000,0.1093,0.000,32.24,40.0,3,2048
211901889,200.000,199.691,0.0000,0.0694,0.0000,0.0862,0.000,32.24,40.0,3,2048
211902834,200.000,199.691,0.0000,-0.0191,0.0000,0.0950,0.000,32.24,40.0,3,2048
211903914,200.000,199.691,0.0000,-0.0923,0.0000,0.1192,0.000,32.24,40.0,3,2048
211904875,200.000,199.691,0.0000,0.0801,0.0000,0.1170,0.000,32.24,40.0,3,2048
211906248,200.000,199.669,0.0000,0.0130,0.0000,0.1104,0.000,32.24,40.0,3,2048
211906880,200.000,199.691,0.0000,0.0877,0.0000,0.1434,0.000,32.24,40.0,3,2048
211907915,200.000,199.691,0.0000,0.0099,0.0000,0.1137,0.000,32.24,40.0,3,2048
211908876,200.000,199.669,0.0000,-0.0542,0.0000,0.1170,0.000,32.24,40.0,3,2048
211909887,200.000,199.669,0.0000,-0.0206,0.0000,0.0610,0.000,32.24,40.0,3,2048
211911202,200.000,199.691,0.0000,0.0710,0.0000,0.1302,0.000,32.24,40.0,3,2048
211911750,200.000,199.691,0.0000,0.0130,0.0000,0.0884,0.000,32.24,40.0,3,2048
211912905,200.000,199.669,0.0000,-0.0130,0.0000,0.1225,0.000,32.24,40.0,3,2048
211914190,200.000,199.669,0.0000,0.0847,0.0000,0.0720,0.000,32.24,40.0,3,2048
211914617,200.000,199.669,0.0000,-0.0954,0.0000,0.0665,0.000,32.24,40.0,3,2048
211915920,200.000,199.669,0.0000,-0.0114,0.0000,0.1368,0.000,32.24,40.0,3,2048
211916549,200.000,199.691,0.0000,0.0114,0.0000,0.0720,0.000,32.24,40.0,3,2048
211917979,200.000,199.669,0.0000,0.0130,0.0000,0.1214,0.000,32.24,40.0,3,2048
211918549,200.000,199.691,0.0000,0.0511,0.0000,0.1247,0.000,32.24,40.0,3,2048
211919547,200.000,199.691,0.0000,-0.0099,0.0000,0.1214,0.000,32.24,40.0,3,2048
211920861,200.000,199.691,0.0000,0.0099,0.0000,0.0840,0.000,32.24,40.0,3,2048
211921546,200.000,199.691,0.0000,0.0298,0.0000,0.1005,0.000,32.24,40.0,3,2048
211922606,200.000,199.691,0.0000,0.0557,0.0000,0.1280,0.000,32.24,40.0,3,2048
211923607,200.000,199.691,0.0000,-0.0389,0.0000,0.1291,0.000,32.24,40.0,3,2048
211924569,200.000,199.669,0.0000,0.0465,0.0000,0.0873,0.000,32.24,40.0,3,2048
211925888,200.000,199.691,0.0000,0.0618,0.0000,0.1093,0.000,32.24,40.0,3,2048
211926579,200.000,199.691,0.0000,0.0160,0.0000,0.0807,0.000,32.24,40.0,3,2048
211927650,200.000,199.669,0.0000,-0.1060,0.0000,0.1324,0.000,32.24,40.0,3,2048
211928544,200.000,199.669,0.0000,-0.0374,0.0000,0.0368,0.000,32.24,40.0,3,2048
211929542,200.000,199.669,0.0000,-0.0053,0.0000,0.1060,0.000,32.24,40.0,3,2048
211930924,200.000,199.669,0.0000,-0.0374,0.0000,0.1115,0.000,32.24,40.0,3,2048
211931576,200.000,199.691,0.0000,0.1183,0.0000,0.0851,0.000,32.24,40.0,3,2048
211932577,200.000,199.691,0.0000,-0.0130,0.0000,0.0961,0.000,32.24,40.0,3,2048
211933888,200.000,199.691,0.0000,0.0175,0.0000,0.0807,0.000,32.24,40.0,3,2048
211934569,200.000,199.669,0.0000,-0.1274,0.0000,0.0829,0.000,32.24,40.0,3,2048
211935890,200.000,199.691,0.0000,-0.1396,0.0000,0.0994,0.000,32.24,40.0,3,2048
211936574,200.000,199.691,0.0000,0.0053,0.0000,0.1313,0.000,32.24,40.0,3,2048
211937895,200.000,199.691,0.0000,-0.0313,0.0000,0.1170,0.000,32.24,40.0,3,2048
211938577,200.000,199.691,0.0000,-0.0282,0.0000,0.0906,0.000,32.24,40.0,3,2048
211939587,200.000,199.691,0.0000,0.0069,0.0000,0.0917,0.000,32.24,40.0,3,2048
211940868,200.000,199.669,0.0000,-0.0114,0.0000,0.0851,0.000,32.24,40.0,3,2048
211941544,200.000,199.691,0.0000,0.0404,0.0000,0.1302,0.000,32.24,40.0,3,2048
211942599,200.000,199.691,0.0000,0.0740,0.0000,0.1115,0.000,32.24,40.0,3,2048
211943592,200.000,199.691,0.0000,-0.0954,0.0000,0.1203,0.000,32.24,40.0,3,2048
211944520,200.000,199.691,0.0000,-0.0404,0.0000,0.1005,0.000,32.24,40.0,3,2048
211945872,200.000,199.669,0.0000,-0.0755,0.0000,0.0994,0.000,32.24,40.0,3,2048
211946544,200.000,199.691,0.0000,0.1091,0.0000,0.0972,0.000,32.24,40.0,3,2048
211947580,200.000,199.669,0.0000,0.0603,0.0000,0.1159,0.000,32.24,40.0,3,2048
211948544,200.000,199.691,0.0000,0.0893,0.0000,0.1214,0.000,32.24,40.0,3,2048
211949542,200.000,199.691,0.0000,-0.0298,0.0000,0.0851,0.000,32.24,40.0,3,2048
211950886,200.000,199.669,0.0000,-0.0389,0.0000,0.0950,0.000,32.24,40.0,3,2048
211951542,200.000,199.691,0.0000,0.0404,0.0000,0.1016,0.000,32.24,40.0,3,2048
211952606,200.000,199.669,0.0000,-0.0908,0.0000,0.0994,0.000,32.24,40.0,3,2048
211953862,200.000,199.691,0.0000,-0.0389,0.0000,0.1060,0.000,32.24,40.0,3,2048
211954560,200.000,199.691,0.0000,0.1350,0.0000,0.0917,0.000,32.24,40.0,3,2048
211955869,200.000,199.691,0.0000,0.0801,0.0000,0.0786,0.000,32.24,40.0,3,2048
211956601,200.000,199.691,0.0000,0.0984,0.0000,0.1335,0.000,32.24,40.0,3,2048
211957875,200.000,199.691,0.0000,-0.0313,0.0000,0.0994,0.000,32.24,40.0,3,2048
211958521,200.000,199.691,0.0000,0.0221,0.0000,0.0742,0.000,32.24,40.0,3,2048
211959549,200.000,199.691,0.0000,0.0694,0.0000,0.1379,0.000,32.24,40.0,3,2048
211960869,200.000,199.691,0.0000,-0.1106,0.0000,0.0895,0.000,32.24,40.0,3,2048
211961604,200.000,199.669,0.0000,0.0374,0.0000,0.1533,0.000,32.24,40.0,3,2048
211962547,200.000,199.669,0.0000,0.0008,0.0000,0.1148,0.000,32.24,40.0,3,2048
211963561,200.000,199.691,0.0000,0.0267,0.0000,0.0445,0.000,32.24,40.0,3,2048
211964542,200.000,199.691,0.0000,0.1671,0.0000,0.1335,0.000,32.24,40.0,3,2048
211965913,200.000,199.691,0.0000,-0.0008,0.0000,0.1478,0.000,32.24,40.0,3,2048
211966547,200.000,199.691,0.0000,-0.0389,0.0000,0.0972,0.000,32.24,40.0,3,2048
211967650,200.000,199.691,0.0000,-0.0801,0.0000,0.1170,0.000,32.24,40.0,3,2048
211968542,200.000,199.669,0.0000,-0.0221,0.0000,0.0588,0.000,32.24,40.0,3,2048
211969542,200.000,199.691,0.0000,-0.0053,0.0000,0.1082,0.000,32.24,40.0,3,2048
211970869,200.000,199.691,0.0000,0.0664,0.0000,0.0939,0.000,32.24,40.0,3,2048
211971605,200.000,199.691,0.0000,-0.0694,0.0000,0.1357,0.000,32.24,40.0,3,2048
211972579,200.000,199.691,0.0000,-0.1320,0.0000,0.0862,0.000,32.24,40.0,3,2048
211973929,200.000,199.691,0.0000,-0.0710,0.0000,0.1027,0.000,32.24,40.0,3,2048
211974578,200.000,199.669,0.0000,-0.0801,0.0000,0.1115,0.000,32.24,40.0,3,2048
211975892,200.000,199.669,0.0000,-0.0877,0.0000,0.1137,0.000,32.24,40.0,3,2048
211976575,200.000,199.669,0.0000,-0.0847,0.0000,0.1104,0.000,32.24,40.0,3,2048
211977965,200.000,199.691,0.0000,0.0328,0.0000,0.0983,0.000,32.24,40.0,3,2048
211978876,200.000,199.669,0.0000,0.0298,0.0000,0.1258,0.000,32.24,40.0,3,2048
211979873,200.000,199.691,0.0000,0.0435,0.0000,0.1324,0.000,32.24,40.0,3,2048
211981204,200.000,199.669,0.0000,-0.0145,0.0000,0.0511,0.000,32.24,40.0,3,2048
211981909,200.000,199.691,0.0000,-0.0282,0.0000,0.1434,0.000,32.24,40.0,3,2048
211982886,200.000,199.691,0.0000,-0.0542,0.0000,0.1016,0.000,32.24,40.0,3,2048
211983891,200.000,199.691,0.0000,0.0114,0.0000,0.0884,0.000,32.24,40.0,3,2048
211984890,200.000,199.691,0.0000,0.0389,0.0000,0.0939,0.000,32.24,40.0,3,2048
211986213,200.000,199.669,0.0000,0.0328,0.0000,0.1060,0.000,32.24,40.0,3,2048
211986888,200.000,199.691,0.0000,0.0542,0.0000,0.1148,0.000,32.24,40.0,3,2048
211987885,200.000,199.691,0.0000,-0.1305,0.0000,0.0983,0.000,32.24,40.0,3,2048
211988892,200.000,199.669,0.0000,-0.0465,0.0000,0.1379,0.000,32.24,40.0,3,2048
211989890,200.000,199.669,0.0000,0.0008,0.0000,0.1071,0.000,32.24,40.0,3,2048
211991218,200.000,199.669,0.0000,-0.0374,0.0000,0.0950,0.000,32.24,40.0,3,2048
211991888,200.000,199.691,0.0000,0.2007,0.0000,0.1214,0.000,32.24,40.0,3,2048
211992888,200.000,199.691,0.0000,-0.0298,0.0000,0.1280,0.000,32.24,40.0,3,2048
211994207,200.000,199.691,0.0000,0.0526,0.0000,0.0950,0.000,32.24,40.0,3,2048
211994571,200.000,199.691,0.0000,-0.0160,0.0000,0.0928,0.000,32.24,40.0,3,2048
211995902,200.000,199.669,0.0000,-0.0633,0.0000,0.1027,0.000,32.24,40.0,3,2048
211996548,200.000,199.669,0.0000,-0.0526,0.0000,0.0862,0.000,32.24,40.0,3,2048
211997866,200.000,199.691,0.0000,0.1030,0.0000,0.1137,0.000,32.24,40.0,3,2048
211998598,200.000,199.669,0.0000,-0.2083,0.0000,0.0566,0.000,32.24,40.0,3,2048
211999599,200.000,199.691,0.0000,0.1045,0.0000,0.1335,0.000,32.24,40.0,3,2048
212000915,200.000,199.669,0.0000,-0.0313,0.0000,0.1060,0.000,32.24,40.0,3,2048
212001550,200.000,199.691,0.0000,0.1228,0.0000,0.1148,0.000,32.24,40.0,3,2048
212002547,200.000,199.691,0.0000,-0.0420,0.0000,0.1005,0.000,32.24,40.0,3,2048
212003581,200.000,199.669,0.0000,-0.1106,0.0000,0.1137,0.000,32.24,40.0,3,2048
212004544,200.000,199.669,0.0000,0.0404,0.0000,0.1027,0.000,32.24,40.0,3,2048
212005870,200.000,199.669,0.0000,0.0603,0.0000,0.1291,0.000,32.24,40.0,3,2048
212006558,200.000,199.691,0.0000,0.0130,0.0000,0.0917,0.000,32.24,40.0,3,2048
212007547,200.000,199.691,0.0000,-0.1076,0.0000,0.1137,0.000,32.24,40.0,3,2048
212008601,200.000,199.669,0.0000,0.0099,0.0000,0.0643,0.000,32.24,40.0,3,2048
212009542,200.000,199.669,0.0000,-0.0679,0.0000,0.1115,0.000,32.24,40.0,3,2048
212010887,200.000,199.691,0.0000,0.0847,0.0000,0.0961,0.000,32.24,40.0,3,2048
212011542,200.000,199.669,0.0000,-0.1076,0.0000,0.1291,0.000,32.24,40.0,3,2048
212012606,200.000,199.669,0.0000,0.0221,0.0000,0.1269,0.000,32.24,40.0,3,2048
212013862,200.000,199.691,0.0000,-0.0175,0.0000,0.0731,0.000,32.24,40.0,3,2048
212014508,200.000,199.691,0.0000,0.1411,0.0000,0.1258,0.000,32.24,40.0,3,2048
212015875,200.000,199.691,0.0000,0.1549,0.0000,0.1027,0.000,32.24,40.0,3,2048
212016544,200.000,199.691,0.0000,-0.0374,0.0000,0.0720,0.000,32.24,40.0,3,2048
212017981,200.000,199.691,0.0000,0.0786,0.0000,0.0786,0.000,32.24,40.0,3,2048
212018549,200.000,199.669,0.0000,-0.1823,0.0000,0.1247,0.000,32.24,40.0,3,2048
212019547,200.000,199.691,0.0000,0.0877,0.0000,0.1412,0.000,32.24,40.0,3,2048
212020861,200.000,199.691,0.0000,0.1060,0.0000,0.1016,0.000,32.24,40.0,3,2048
212021546,200.000,199.669,0.0000,0.0008,0.0000,0.0840,0.000,32.24,40.0,3,2048
212022605,200.000,199.691,0.0000,-0.0801,0.0000,0.1269,0.000,32.24,40.0,3,2048
212023606,200.000,199.691,0.0000,-0.0832,0.0000,0.1049,0.000,32.24,40.0,3,2048
212024568,200.000,199.691,0.0000,-0.0206,0.0000,0.1082,0.000,32.24,40.0,3,2048
212025889,200.000,199.691,0.0000,0.0298,0.0000,0.0917,0.000,32.24,40.0,3,2048
212026579,200.000,199.691,0.0000,-0.0008,0.0000,0.1192,0.000,32.24,40.0,3,2048
212027650,200.000,199.691,0.0000,0.0679,0.0000,0.1302,0.000,32.24,40.0,3,2048
212028544,200.000,199.691,0.0000,-0.0084,0.0000,0.0764,0.000,32.24,40.0,3,2048
212029542,200.000,199.691,0.0000,0.0603,0.0000,0.0972,0.000,32.24,40.0,3,2048
212030923,200.000,199.691,0.0000,0.0542,0.0000,0.1390,0.000,32.24,40.0,3,2048
212031578,200.000,199.691,0.0000,0.0572,0.0000,0.1038,0.000,32.24,40.0,3,2048
212032576,200.000,199.691,0.0000,0.1015,0.0000,0.0676,0.000,32.24,40.0,3,2048
212033888,200.000,199.691,0.0000,-0.0313,0.0000,0.1313,0.000,32.24,40.0,3,2048
212034571,200.000,199.669,0.0000,-0.0725,0.0000,0.1005,0.000,32.24,40.0,3,2048
212035890,200.000,199.691,0.0000,-0.0618,0.0000,0.1038,0.000,32.24,40.0,3,2048
212036575,200.000,199.691,0.0000,-0.0679,0.0000,0.1225,0.000,32.24,40.0,3,2048
212037895,200.000,199.669,0.0000,0.0359,0.0000,0.0818,0.000,32.24,40.0,3,2048
212038576,200.000,199.691,0.0000,0.0755,0.0000,0.1335,0.000,32.24,40.0,3,2048
212039586,200.000,199.691,0.0000,-0.0435,0.0000,0.1357,0.000,32.24,40.0,3,2048
212040869,200.000,199.669,0.0000,-0.0267,0.0000,0.1049,0.000,32.24,40.0,3,2048
212041544,200.000,199.691,0.0000,0.0923,0.0000,0.0840,0.000,32.24,40.0,3,2048
212042598,200.000,199.669,0.0000,-0.0206,0.0000,0.1016,0.000,32.24,40.0,3,2048
212043591,200.000,199.669,0.0000,-0.0298,0.0000,0.0753,0.000,32.24,40.0,3,2048
212044519,200.000,199.691,0.0000,0.1106,0.0000,0.1258,0.000,32.24,40.0,3,2048
212045873,200.000,199.691,0.0000,0.0923,0.0000,0.1390,0.000,32.24,40.0,3,2048
212046544,200.000,199.691,0.0000,-0.2007,0.0000,0.0873,0.000,32.24,40.0,3,2048
212047579,200.000,199.691,0.0000,-0.0725,0.0000,0.0742,0.000,32.24,40.0,3,2048
212048545,200.000,199.691,0.0000,-0.0282,0.0000,0.1423,0.000,32.24,40.0,3,2048
212049542,200.000,199.669,0.0000,-0.0877,0.0000,0.1093,0.000,32.24,40.0,3,2048
212050886,200.000,199.691,0.0000,0.0679,0.0000,0.0906,0.000,32.24,40.0,3,2048
212051542,200.000,199.669,0.0000,0.0160,0.0000,0.0731,0.000,32.24,40.0,3,2048
212052605,200.000,199.691,0.0000,0.1534,0.0000,0.1544,0.000,32.24,40.0,3,2048
212053861,200.000,199.691,0.0000,-0.0374,0.0000,0.0950,0.000,32.24,40.0,3,2048
212054560,200.000,199.691,0.0000,0.0435,0.0000,0.1170,0.000,32.24,40.0,3,2048
212055869,200.000,199.669,0.0000,-0.0313,0.0000,0.1060,0.000,32.24,40.0,3,2048
212056600,200.000,199.691,0.0000,-0.0298,0.0000,0.1104,0.000,32.24,40.0,3,2048
212057877,200.000,199.669,0.0000,0.0145,0.0000,0.1071,0.000,32.24,40.0,3,2048
212058520,200.000,199.691,0.0000,0.1060,0.0000,0.0884,0.000,32.24,40.0,3,2048
212059549,200.000,199.691,0.0000,-0.0771,0.0000,0.0906,0.000,32.24,40.0,3,2048
212060869,200.000,199.691,0.0000,0.0694,0.0000,0.1060,0.000,32.24,40.0,3,2048
212061603,200.000,199.669,0.0000,-0.0511,0.0000,0.0807,0.000,32.24,40.0,3,2048
212062548,200.000,199.691,0.0000,-0.0710,0.0000,0.1379,0.000,32.24,40.0,3,2048
212063561,200.000,199.669,0.0000,-0.1549,0.0000,0.0895,0.000,32.24,40.0,3,2048
212064542,200.000,199.691,0.0000,0.0359,0.0000,0.1005,0.000,32.24,40.0,3,2048
212065911,200.000,199.669,0.0000,-0.0496,0.0000,0.0687,0.000,32.24,40.0,3,2048
212066548,200.000,199.691,0.0000,-0.0511,0.0000,0.1368,0.000,32.24,40.0,3,2048
212067649,200.000,199.691,0.0000,0.0755,0.0000,0.1016,0.000,32.24,40.0,3,2048
212068542,200.000,199.691,0.0000,0.1091,0.0000,0.1258,0.000,32.24,40.0,3,2048
212069542,200.000,199.691,0.0000,-0.0389,0.0000,0.0928,0.000,32.24,40.0,3,2048
212070868,200.000,199.691,0.0000,0.0923,0.0000,0.1368,0.000,32.24,40.0,3,2048
212071605,200.000,199.691,0.0000,-0.1473,0.0000,0.0676,0.000,32.24,40.0,3,2048
212072579,200.000,199.691,0.0000,0.0862,0.0000,0.0939,0.000,32.24,40.0,3,2048
212073929,200.000,199.669,0.0000,-0.0801,0.0000,0.1115,0.000,32.24,40.0,3,2048
212074577,200.000,199.691,0.0000,0.0694,0.0000,0.0917,0.000,32.24,40.0,3,2048
212075890,200.000,199.691,0.0000,0.0648,0.0000,0.0818,0.000,32.24,40.0,3,2048
212076575,200.000,199.691,0.0000,0.0023,0.0000,0.1236,0.000,32.24,40.0,3,2048
212077965,200.000,199.691,0.0000,0.0145,0.0000,0.1247,0.000,32.24,40.0,3,2048
212078877,200.000,199.691,0.0000,0.0206,0.0000,0.1170,0.000,32.24,40.0,3,2048
212079871,200.000,199.691,0.0000,-0.0679,0.0000,0.1203,0.000,32.24,40.0,3,2048
212081212,200.000,199.691,0.0000,0.0862,0.0000,0.0895,0.000,32.24,40.0,3,2048
212081896,200.000,199.669,0.0000,-0.0999,0.0000,0.0961,0.000,32.24,40.0,3,2048
212082887,200.000,199.691,0.0000,0.0023,0.0000,0.0939,0.000,32.24,40.0,3,2048
212083885,200.000,199.669,0.0000,-0.0237,0.0000,0.0643,0.000,32.24,40.0,3,2048
212084886,200.000,199.691,0.0000,0.1122,0.0000,0.0873,0.000,32.24,40.0,3,2048
212086215,200.000,199.691,0.0000,-0.0893,0.0000,0.1412,0.000,32.24,40.0,3,2048
212086886,200.000,199.691,0.0000,0.0420,0.0000,0.0807,0.000,32.24,40.0,3,2048
212087885,200.000,199.669,0.0000,-0.0359,0.0000,0.1203,0.000,32.24,40.0,3,2048
212088881,200.000,199.691,0.0000,0.0816,0.0000,0.1082,0.000,32.24,40.0,3,2048
212089883,200.000,199.691,0.0000,0.0587,0.0000,0.1181,0.000,32.24,40.0,3,2048
212091209,200.000,199.691,0.0000,-0.0771,0.0000,0.1038,0.000,32.24,40.0,3,2048
212091885,200.000,199.691,0.0000,0.0008,0.0000,0.1137,0.000,32.24,40.0,3,2048
212092886,200.000,199.669,0.0000,0.0343,0.0000,0.1126,0.000,32.24,40.0,3,2048
212094207,200.000,199.669,0.0000,-0.0282,0.0000,0.0753,0.000,32.24,40.0,3,2048
212094571,200.000,199.691,0.0000,-0.0481,0.0000,0.0928,0.000,32.24,40.0,3,2048
212095901,200.000,199.691,0.0000,0.1961,0.0000,0.0775,0.000,32.24,40.0,3,2048
212096549,200.000,199.669,0.0000,-0.1030,0.0000,0.1555,0.000,32.24,40.0,3,2048
212097866,200.000,199.691,0.0000,0.1350,0.0000,0.0983,0.000,32.24,40.0,3,2048
212098598,200.000,199.691,0.0000,0.0740,0.0000,0.0797,0.000,32.24,40.0,3,2048
212099598,200.000,199.691,0.0000,-0.0557,0.0000,0.1093,0.000,32.24,40.0,3,2048
212100877,200.000,199.669,0.0000,-0.0572,0.0000,0.1412,0.000,32.24,40.0,3,2048
212101551,200.000,199.669,0.0000,-0.0298,0.0000,0.0566,0.000,32.24,40.0,3,2048
212102547,200.000,199.691,0.0000,0.0938,0.0000,0.1027,0.000,32.24,40.0,3,2048
212103575,200.000,199.669,0.0000,-0.0221,0.0000,0.1170,0.000,32.24,40.0,3,2048
212104545,200.000,199.691,0.0000,0.0389,0.0000,0.1115,0.000,32.24,40.0,3,2048
212105869,200.000,199.691,0.0000,-0.0267,0.0000,0.1357,0.000,32.24,40.0,3,2048
212106558,200.000,199.669,0.0000,-0.0954,0.0000,0.0906,0.000,32.24,40.0,3,2048
212107547,200.000,199.691,0.0000,-0.0237,0.0000,0.1324,0.000,32.24,40.0,3,2048
212108600,200.000,199.691,0.0000,0.0038,0.0000,0.1016,0.000,32.24,40.0,3,2048
212109543,200.000,199.691,0.0000,0.0542,0.0000,0.0709,0.000,32.24,40.0,3,2048
212110887,200.000,199.691,0.0000,0.1152,0.0000,0.1423,0.000,32.24,40.0,3,2048
212111542,200.000,199.669,0.0000,0.0603,0.0000,0.0665,0.000,32.24,40.0,3,2048
212112605,200.000,199.691,0.0000,0.0771,0.0000,0.1148,0.000,32.24,40.0,3,2048
212113863,200.000,199.669,0.0000,-0.0832,0.0000,0.1005,0.000,32.24,40.0,3,2048
212114508,200.000,199.669,0.0000,-0.0267,0.0000,0.0884,0.000,32.24,40.0,3,2048
212115876,200.000,199.669,0.0000,-0.1335,0.0000,0.0851,0.000,32.24,40.0,3,2048
212116544,200.000,199.691,0.0000,0.0801,0.0000,0.1324,0.000,32.24,40.0,3,2048
212117979,200.000,199.691,0.0000,0.0771,0.0000,0.1049,0.000,32.24,40.0,3,2048
212118549,200.000,199.691,0.0000,0.0008,0.0000,0.1093,0.000,32.24,40.0,3,2048
212119547,200.000,199.691,0.0000,0.0496,0.0000,0.0939,0.000,32.24,40.0,3,2048
212120861,200.000,199.691,0.0000,-0.0999,0.0000,0.1280,0.000,32.24,40.0,3,2048
212121546,200.000,199.691,0.0000,0.1015,0.0000,0.1192,0.000,32.24,40.0,3,2048
212122607,200.000,199.691,0.0000,-0.1366,0.0000,0.0917,0.000,32.24,40.0,3,2048
212123596,200.000,199.691,0.0000,0.0282,0.0000,0.1269,0.000,32.24,40.0,3,2048
212124575,200.000,199.691,0.0000,0.0298,0.0000,0.1049,0.000,32.24,40.0,3,2048
212125891,200.000,199.669,0.0000,0.0069,0.0000,0.1126,0.000,32.24,40.0,3,2048
212126578,200.000,199.691,0.0000,0.0053,0.0000,0.1071,0.000,32.24,40.0,3,2048
212127651,200.000,199.691,0.0000,-0.0557,0.0000,0.0862,0.000,32.24,40.0,3,2048
212128544,200.000,199.669,0.0000,-0.0862,0.0000,0.1313,0.000,32.24,40.0,3,2048
212129542,200.000,199.691,0.0000,0.0740,0.0000,0.1148,0.000,32.24,40.0,3,2048
212130923,200.000,199.669,0.0000,-0.1259,0.0000,0.1016,0.000,32.24,40.0,3,2048
212131576,200.000,199.669,0.0000,0.0877,0.0000,0.1192,0.000,32.24,40.0,3,2048
212132577,200.000,199.669,0.0000,-0.0221,0.0000,0.0775,0.000,32.24,40.0,3,2048
212133888,200.000,199.669,0.0000,-0.1076,0.0000,0.0862,0.000,32.24,40.0,3,2048
212134571,200.000,199.691,0.0000,-0.0359,0.0000,0.0961,0.000,32.24,40.0,3,2048
212135889,200.000,199.691,0.0000,-0.0435,0.0000,0.0939,0.000,32.24,40.0,3,2048
212136575,200.000,199.691,0.0000,-0.1228,0.0000,0.1181,0.000,32.24,40.0,3,2048
212137895,200.000,199.691,0.0000,-0.0160,0.0000,0.0939,0.000,32.24,40.0,3,2048
212138577,200.000,199.691,0.0000,-0.0481,0.0000,0.0797,0.000,32.24,40.0,3,2048
212139588,200.000,199.691,0.0000,-0.0526,0.0000,0.1016,0.000,32.24,40.0,3,2048
212140869,200.000,199.691,0.0000,0.1473,0.0000,0.1346,0.000,32.24,40.0,3,2048
212141544,200.000,199.669,0.0000,-0.0603,0.0000,0.0786,0.000,32.24,40.0,3,2048
212142599,200.000,199.691,0.0000,0.0328,0.0000,0.0917,0.000,32.24,40.0,3,2048
212143592,200.000,199.691,0.0000,0.0404,0.0000,0.1071,0.000,32.24,40.0,3,2048
212144572,200.000,199.691,0.0000,-0.0938,0.0000,0.0895,0.000,32.24,40.0,3,2048
212145874,200.000,199.691,0.0000,-0.0603,0.0000,0.1412,0.000,32.24,40.0,3,2048
212146544,200.000,199.669,0.0000,-0.0328,0.0000,0.0478,0.000,32.24,40.0,3,2048
212147583,200.000,199.691,0.0000,0.0542,0.0000,0.1038,0.000,32.24,40.0,3,2048
212148544,200.000,199.691,0.0000,0.0816,0.0000,0.1038,0.000,32.24,40.0,3,2048
212149542,200.000,199.669,0.0000,0.0908,0.0000,0.0906,0.000,32.24,40.0,3,2048
212150886,200.000,199.691,0.0000,0.0069,0.0000,0.1577,0.000,32.24,40.0,3,2048
212151542,200.000,199.691,0.0000,-0.0603,0.0000,0.0983,0.000,32.24,40.0,3,2048
212152606,200.000,199.691,0.0000,0.0252,0.0000,0.0840,0.000,32.24,40.0,3,2048
212153861,200.000,199.691,0.0000,0.0175,0.0000,0.1170,0.000,32.24,40.0,3,2048
212154560,200.000,199.669,0.0000,-0.0771,0.0000,0.0873,0.000,32.24,40.0,3,2048
212155870,200.000,199.691,0.0000,-0.0862,0.0000,0.1148,0.000,32.24,40.0,3,2048
212156601,200.000,199.691,0.0000,0.1534,0.0000,0.1181,0.000,32.24,40.0,3,2048
212157876,200.000,199.691,0.0000,-0.1213,0.0000,0.0972,0.000,32.24,40.0,3,2048
212158525,200.000,199.669,0.0000,-0.0404,0.0000,0.1049,0.000,32.24,40.0,3,2048
212159549,200.000,199.691,0.0000,-0.0740,0.0000,0.1060,0.000,32.24,40.0,3,2048
212160869,200.000,199.669,0.0000,0.0008,0.0000,0.0818,0.000,32.24,40.0,3,2048
212161604,200.000,199.691,0.0000,0.0420,0.0000,0.1181,0.000,32.24,40.0,3,2048
212162547,200.000,199.691,0.0000,0.0145,0.0000,0.1225,0.000,32.24,40.0,3,2048
212163561,200.000,199.669,0.0000,-0.0755,0.0000,0.1093,0.000,32.24,40.0,3,2048
212164542,200.000,199.691,0.0000,0.0221,0.0000,0.1335,0.000,32.24,40.0,3,2048
212165913,200.000,199.691,0.0000,-0.0038,0.0000,0.0588,0.000,32.24,40.0,3,2048
212166547,200.000,199.691,0.0000,-0.0420,0.0000,0.0840,0.000,32.24,40.0,3,2048
212167650,200.000,199.691,0.0000,0.0618,0.0000,0.1082,0.000,32.24,40.0,3,2048
212168542,200.000,199.691,0.0000,-0.0771,0.0000,0.1093,0.000,32.24,40.0,3,2048
212169542,200.000,199.691,0.0000,0.0801,0.0000,0.1137,0.000,32.24,40.0,3,2048
212170869,200.000,199.691,0.0000,0.0832,0.0000,0.0818,0.000,32.24,40.0,3,2048
212171606,200.000,199.669,0.0000,-0.0526,0.0000,0.0961,0.000,32.24,40.0,3,2048
212172578,200.000,199.691,0.0000,0.0511,0.0000,0.0775,0.000,32.24,40.0,3,2048
212173930,200.000,199.691,0.0000,-0.0587,0.0000,0.1016,0.000,32.24,40.0,3,2048
212174576,200.000,199.691,0.0000,0.0175,0.0000,0.0862,0.000,32.24,40.0,3,2048
212175895,200.000,199.669,0.0000,-0.1045,0.0000,0.0895,0.000,32.24,40.0,3,2048
212176574,200.000,199.691,0.0000,-0.0832,0.0000,0.0698,0.000,32.24,40.0,3,2048
212177964,200.000,199.691,0.0000,-0.0481,0.0000,0.1071,0.000,32.24,40.0,3,2048
212178550,200.000,199.691,0.0000,0.0175,0.0000,0.0994,0.000,32.24,40.0,3,2048
212179547,200.000,199.669,0.0000,-0.0435,0.0000,0.0884,0.000,32.24,40.0,3,2048
212180927,200.000,199.691,0.0000,0.0633,0.0000,0.1126,0.000,32.24,40.0,3,2048
212181576,200.000,199.691,0.0000,-0.0969,0.0000,0.1071,0.000,32.24,40.0,3,2048
212182577,200.000,199.691,0.0000,0.0908,0.0000,0.1401,0.000,32.24,40.0,3,2048
212183569,200.000,199.669,0.0000,-0.1106,0.0000,0.0643,0.000,32.24,40.0,3,2048
212184569,200.000,199.691,0.0000,0.0801,0.0000,0.1258,0.000,32.24,40.0,3,2048
212185893,200.000,199.691,0.0000,-0.0160,0.0000,0.1093,0.000,32.24,40.0,3,2048
212186574,200.000,199.669,0.0000,-0.0511,0.0000,0.1225,0.000,32.24,40.0,3,2048
212187575,200.000,199.669,0.0000,-0.0618,0.0000,0.0862,0.000,32.24,40.0,3,2048
212188569,200.000,199.691,0.0000,0.0923,0.0000,0.0884,0.000,32.24,40.0,3,2048
212189582,200.000,199.669,0.0000,-0.0511,0.0000,0.1368,0.000,32.24,40.0,3,2048
212190869,200.000,199.691,0.0000,0.0267,0.0000,0.1049,0.000,32.24,40.0,3,2048
212191550,200.000,199.691,0.0000,-0.0053,0.0000,0.0862,0.000,32.24,40.0,3,2048
212192604,200.000,199.691,0.0000,-0.1122,0.0000,0.1291,0.000,32.24,40.0,3,2048
212193912,200.000,199.669,0.0000,-0.1457,0.0000,0.1016,0.000,32.24,40.0,3,2048
212194510,200.000,199.691,0.0000,-0.0114,0.0000,0.0873,0.000,32.24,40.0,3,2048
212195873,200.000,199.691,0.0000,0.0084,0.0000,0.0906,0.000,32.24,40.0,3,2048
212196542,200.000,199.691,0.0000,-0.0465,0.0000,0.1104,0.000,32.24,40.0,3,2048
212197895,200.000,199.691,0.0000,-0.1060,0.0000,0.1324,0.000,32.24,40.0,3,2048
212198549,200.000,199.669,0.0000,0.0542,0.0000,0.0939,0.000,32.24,40.0,3,2048
212199547,200.000,199.669,0.0000,-0.0664,0.0000,0.1170,0.000,32.24,40.0,3,2048
212200878,200.000,199.691,0.0000,0.0206,0.0000,0.0818,0.000,32.24,40.0,3,2048
212201547,200.000,199.691,0.0000,0.0053,0.0000,0.0983,0.000,32.24,40.0,3,2048
212202603,200.000,199.669,0.0000,-0.0679,0.0000,0.0961,0.000,32.24,40.0,3,2048
212203545,200.000,199.691,0.0000,0.0877,0.0000,0.1170,0.000,32.24,40.0,3,2048
212204558,200.000,199.669,0.0000,-0.1808,0.0000,0.1225,0.000,32.24,40.0,3,2048
212205866,200.000,199.669,0.0000,0.0587,0.0000,0.1082,0.000,32.24,40.0,3,2048
212206601,200.000,199.669,0.0000,-0.0969,0.0000,0.0851,0.000,32.24,40.0,3,2048
212207547,200.000,199.691,0.0000,0.0450,0.0000,0.1247,0.000,32.24,40.0,3,2048
212208634,200.000,199.669,0.0000,0.0648,0.0000,0.1181,0.000,32.24,40.0,3,2048
212209544,200.000,199.691,0.0000,-0.0023,0.0000,0.1291,0.000,32.24,40.0,3,2048
212210923,200.000,199.691,0.0000,0.0374,0.0000,0.1126,0.000,32.24,40.0,3,2048
212211547,200.000,199.691,0.0000,0.1228,0.0000,0.0972,0.000,32.24,40.0,3,2048
212212566,200.000,199.691,0.0000,0.0847,0.0000,0.0917,0.000,32.24,40.0,3,2048
212213861,200.000,199.691,0.0000,-0.1717,0.0000,0.1357,0.000,32.24,40.0,3,2048
212214596,200.000,199.669,0.0000,-0.0816,0.0000,0.0643,0.000,32.24,40.0,3,2048
212215869,200.000,199.691,0.0000,-0.0587,0.0000,0.0764,0.000,32.24,40.0,3,2048
212216564,200.000,199.691,0.0000,-0.0496,0.0000,0.0665,0.000,32.24,40.0,3,2048
212217870,200.000,199.669,0.0000,-0.0282,0.0000,0.1159,0.000,32.24,40.0,3,2048
212218591,200.000,199.691,0.0000,0.0954,0.0000,0.0906,0.000,32.24,40.0,3,2048
212219641,200.000,199.691,0.0000,-0.0648,0.0000,0.1269,0.000,32.24,40.0,3,2048
212220871,200.000,199.669,0.0000,-0.0450,0.0000,0.1071,0.000,32.24,40.0,3,2048
212221544,200.000,199.669,0.0000,-0.0404,0.0000,0.1181,0.000,32.24,40.0,3,2048
212222547,200.000,199.691,0.0000,0.0359,0.0000,0.1192,0.000,32.24,40.0,3,2048
212223542,200.000,199.691,0.0000,-0.0038,0.0000,0.0950,0.000,32.24,40.0,3,2048
212224605,200.000,199.669,0.0000,-0.0893,0.0000,0.1247,0.000,32.24,40.0,3,2048
212225928,200.000,199.691,0.0000,0.1122,0.0000,0.0917,0.000,32.24,40.0,3,2048
212226579,200.000,199.669,0.0000,-0.0862,0.0000,0.1027,0.000,32.24,40.0,3,2048
212227579,200.000,199.691,0.0000,-0.0084,0.0000,0.1214,0.000,32.24,40.0,3,2048
212228576,200.000,199.669,0.0000,-0.0160,0.0000,0.1071,0.000,32.24,40.0,3,2048
212229641,200.000,199.669,0.0000,-0.0465,0.0000,0.0928,0.000,32.24,40.0,3,2048
212230872,200.000,199.691,0.0000,-0.0221,0.0000,0.1159,0.000,32.24,40.0,3,2048
212231542,200.000,199.669,0.0000,-0.1335,0.0000,0.0873,0.000,32.24,40.0,3,2048
212232615,200.000,199.691,0.0000,0.0832,0.0000,0.1049,0.000,32.24,40.0,3,2048
212233893,200.000,199.669,0.0000,0.0130,0.0000,0.1258,0.000,32.24,40.0,3,2048
212234571,200.000,199.669,0.0000,-0.0725,0.0000,0.1093,0.000,32.24,40.0,3,2048
212235893,200.000,199.691,0.0000,-0.0694,0.0000,0.1214,0.000,32.24,40.0,3,2048
212236573,200.000,199.691,0.0000,0.0725,0.0000,0.0983,0.000,32.24,40.0,3,2048
212237897,200.000,199.691,0.0000,-0.0618,0.0000,0.1445,0.000,32.24,40.0,3,2048
212238573,200.000,199.669,0.0000,0.0420,0.0000,0.0983,0.000,32.24,40.0,3,2048
212239574,200.000,199.691,0.0000,-0.0252,0.0000,0.1071,0.000,32.24,40.0,3,2048
212240892,200.000,199.691,0.0000,0.0252,0.0000,0.0862,0.000,32.24,40.0,3,2048
212241586,200.000,199.691,0.0000,-0.0237,0.0000,0.1313,0.000,32.24,40.0,3,2048
212242549,200.000,199.691,0.0000,-0.1152,0.0000,0.0950,0.000,32.24,40.0,3,2048
212243542,200.000,199.691,0.0000,-0.0954,0.0000,0.1159,0.000,32.24,40.0,3,2048
212244594,200.000,199.669,0.0000,0.0084,0.0000,0.0775,0.000,32.24,40.0,3,2048
212245913,200.000,199.691,0.0000,0.0420,0.0000,0.1104,0.000,32.24,40.0,3,2048
212246597,200.000,199.691,0.0000,-0.0557,0.0000,0.1445,0.000,32.24,40.0,3,2048
212247597,200.000,199.691,0.0000,-0.0328,0.0000,0.0335,0.000,32.24,40.0,3,2048
212248542,200.000,199.691,0.0000,0.1488,0.0000,0.1247,0.000,32.24,40.0,3,2048
212249565,200.000,199.691,0.0000,-0.0725,0.0000,0.1225,0.000,32.24,40.0,3,2048
212250874,200.000,199.691,0.0000,0.0374,0.0000,0.0818,0.000,32.24,40.0,3,2048
212251542,200.000,199.691,0.0000,0.0053,0.0000,0.1038,0.000,32.24,40.0,3,2048
212252564,200.000,199.669,0.0000,0.0008,0.0000,0.0994,0.000,32.24,40.0,3,2048
212253860,200.000,199.691,0.0000,0.0755,0.0000,0.0895,0.000,32.24,40.0,3,2048
212254601,200.000,199.669,0.0000,-0.0832,0.0000,0.1522,0.000,32.24,40.0,3,2048
212255871,200.000,199.669,0.0000,-0.0359,0.0000,0.1489,0.000,32.24,40.0,3,2048
212256558,200.000,199.691,0.0000,0.0801,0.0000,0.1291,0.000,32.24,40.0,3,2048
212257872,200.000,199.669,0.0000,-0.1091,0.0000,0.1027,0.000,32.24,40.0,3,2048
212258600,200.000,199.691,0.0000,0.0145,0.0000,0.0950,0.000,32.24,40.0,3,2048
212259548,200.000,199.669,0.0000,-0.0282,0.0000,0.1478,0.000,32.24,40.0,3,2048
212260954,200.000,199.669,0.0000,-0.0496,0.0000,0.0840,0.000,32.24,40.0,3,2048
212261551,200.000,199.691,0.0000,0.0206,0.0000,0.0665,0.000,32.24,40.0,3,2048
212262601,200.000,199.691,0.0000,0.0481,0.0000,0.1148,0.000,32.24,40.0,3,2048
212263547,200.000,199.691,0.0000,-0.0771,0.0000,0.1071,0.000,32.24,40.0,3,2048
212264561,200.000,199.691,0.0000,0.0786,0.0000,0.1192,0.000,32.24,40.0,3,2048
212265868,200.000,199.691,0.0000,-0.0084,0.0000,0.1027,0.000,32.24,40.0,3,2048
212266596,200.000,199.691,0.0000,-0.0343,0.0000,0.0939,0.000,32.24,40.0,3,2048
212267548,200.000,199.691,0.0000,0.0313,0.0000,0.1379,0.000,32.24,40.0,3,2048
212268561,200.000,199.669,0.0000,0.0435,0.0000,0.0676,0.000,32.24,40.0,3,2048
212269542,200.000,199.669,0.0000,-0.0877,0.0000,0.1049,0.000,32.24,40.0,3,2048
212270986,200.000,199.691,0.0000,0.0145,0.0000,0.0665,0.000,32.24,40.0,3,2048
212271571,200.000,199.691,0.0000,0.0053,0.0000,0.1697,0.000,32.24,40.0,3,2048
212272547,200.000,199.691,0.0000,-0.0343,0.0000,0.0983,0.000,32.24,40.0,3,2048
212273861,200.000,199.691,0.0000,-0.0023,0.0000,0.1225,0.000,32.24,40.0,3,2048
212274543,200.000,199.691,0.0000,0.1106,0.0000,0.0895,0.000,32.24,40.0,3,2048
212275917,200.000,199.691,0.0000,0.1488,0.0000,0.0818,0.000,32.24,40.0,3,2048
212276575,200.000,199.691,0.0000,-0.0237,0.0000,0.1456,0.000,32.24,40.0,3,2048
212277934,200.000,199.691,0.0000,0.0404,0.0000,0.1170,0.000,32.24,40.0,3,2048
212278579,200.000,199.691,0.0000,-0.0496,0.0000,0.0994,0.000,32.24,40.0,3,2048
212279576,200.000,199.691,0.0000,-0.0374,0.0000,0.0961,0.000,32.24,40.0,3,2048
212280891,200.000,199.691,0.0000,-0.0252,0.0000,0.1137,0.000,32.24,40.0,3,2048
212281621,200.000,199.691,0.0000,-0.0069,0.0000,0.1346,0.000,32.24,40.0,3,2048
212282587,200.000,199.691,0.0000,0.0053,0.0000,0.0632,0.000,32.24,40.0,3,2048
212283546,200.000,199.669,0.0000,-0.0145,0.0000,0.1115,0.000,32.24,40.0,3,2048
212284599,200.000,199.691,0.0000,-0.0496,0.0000,0.0884,0.000,32.24,40.0,3,2048
212285892,200.000,199.691,0.0000,0.0465,0.0000,0.1126,0.000,32.24,40.0,3,2048
212286574,200.000,199.691,0.0000,0.0648,0.0000,0.1126,0.000,32.24,40.0,3,2048
212287572,200.000,199.691,0.0000,0.0481,0.0000,0.1214,0.000,32.24,40.0,3,2048
212288567,200.000,199.691,0.0000,0.0038,0.0000,0.1291,0.000,32.24,40.0,3,2048
212289567,200.000,199.669,0.0000,-0.0832,0.0000,0.0873,0.000,32.24,40.0,3,2048
212290886,200.000,199.691,0.0000,0.0557,0.0000,0.1126,0.000,32.24,40.0,3,2048
212291571,200.000,199.691,0.0000,0.0435,0.0000,0.1049,0.000,32.24,40.0,3,2048
212292573,200.000,199.669,0.0000,-0.0221,0.0000,0.1291,0.000,32.24,40.0,3,2048
212293898,200.000,199.669,0.0000,-0.0969,0.0000,0.0797,0.000,32.24,40.0,3,2048
212294545,200.000,199.669,0.0000,0.0023,0.0000,0.1225,0.000,32.24,40.0,3,2048
212295875,200.000,199.669,0.0000,-0.0298,0.0000,0.1104,0.000,32.24,40.0,3,2048
212296597,200.000,199.691,0.0000,0.0679,0.0000,0.0676,0.000,32.24,40.0,3,2048
212297918,200.000,199.691,0.0000,-0.0267,0.0000,0.1038,0.000,32.24,40.0,3,2048
212298596,200.000,199.669,0.0000,-0.0221,0.0000,0.1357,0.000,32.24,40.0,3,2048
212299600,200.000,199.691,0.0000,0.1305,0.0000,0.1148,0.000,32.24,40.0,3,2048
212300871,200.000,199.669,0.0000,-0.0664,0.0000,0.0709,0.000,32.24,40.0,3,2048
212301675,200.000,199.691,0.0000,0.1167,0.0000,0.1214,0.000,32.24,40.0,3,2048
212302584,200.000,199.691,0.0000,0.0175,0.0000,0.1049,0.000,32.24,40.0,3,2048
212303543,200.000,199.691,0.0000,0.0038,0.0000,0.1005,0.000,32.24,40.0,3,2048
212304560,200.000,199.669,0.0000,0.0130,0.0000,0.1225,0.000,32.24,40.0,3,2048
212305869,200.000,199.691,0.0000,0.0923,0.0000,0.0895,0.000,32.24,40.0,3,2048
212306599,200.000,199.669,0.0000,-0.0145,0.0000,0.0840,0.000,32.24,40.0,3,2048
212307548,200.000,199.691,0.0000,-0.0008,0.0000,0.1159,0.000,32.24,40.0,3,2048
212308560,200.000,199.669,0.0000,-0.1183,0.0000,0.0950,0.000,32.24,40.0,3,2048
212309542,200.000,199.691,0.0000,0.1030,0.0000,0.0928,0.000,32.24,40.0,3,2048
212310911,200.000,199.669,0.0000,0.0237,0.0000,0.1181,0.000,32.24,40.0,3,2048
212311550,200.000,199.691,0.0000,0.0954,0.0000,0.1005,0.000,32.24,40.0,3,2048
212312636,200.000,199.669,0.0000,-0.1549,0.0000,0.1060,0.000,32.24,40.0,3,2048
212313865,200.000,199.691,0.0000,0.0084,0.0000,0.0797,0.000,32.24,40.0,3,2048
212314597,200.000,199.691,0.0000,-0.0771,0.0000,0.1170,0.000,32.24,40.0,3,2048
212315874,200.000,199.691,0.0000,-0.0648,0.0000,0.1302,0.000,32.24,40.0,3,2048
212316566,200.000,199.691,0.0000,0.2037,0.0000,0.1192,0.000,32.24,40.0,3,2048
212317870,200.000,199.691,0.0000,-0.1030,0.0000,0.1258,0.000,32.24,40.0,3,2048
212318595,200.000,199.691,0.0000,0.1900,0.0000,0.0928,0.000,32.24,40.0,3,2048
212319548,200.000,199.691,0.0000,-0.1106,0.0000,0.1214,0.000,32.24,40.0,3,2048
212320890,200.000,199.669,0.0000,-0.0023,0.0000,0.1456,0.000,32.24,40.0,3,2048
212321542,200.000,199.691,0.0000,-0.0069,0.0000,0.1027,0.000,32.24,40.0,3,2048
212322657,200.000,199.669,0.0000,0.0099,0.0000,0.1060,0.000,32.24,40.0,3,2048
212323615,200.000,199.691,0.0000,0.0740,0.0000,0.1137,0.000,32.24,40.0,3,2048
212324542,200.000,199.669,0.0000,-0.0801,0.0000,0.0917,0.000,32.24,40.0,3,2048
212325922,200.000,199.691,0.0000,-0.0252,0.0000,0.1126,0.000,32.24,40.0,3,2048
212326878,200.000,199.691,0.0000,0.0618,0.0000,0.1082,0.000,32.24,40.0,3,2048
212327876,200.000,199.691,0.0000,-0.1167,0.0000,0.1148,0.000,32.24,40.0,3,2048
212328880,200.000,199.669,0.0000,-0.0175,0.0000,0.1170,0.000,32.24,40.0,3,2048
212329876,200.000,199.691,0.0000,0.0435,0.0000,0.1115,0.000,32.24,40.0,3,2048
212331199,200.000,199.669,0.0000,-0.0542,0.0000,0.1478,0.000,32.24,40.0,3,2048
212331876,200.000,199.669,0.0000,-0.1106,0.0000,0.1082,0.000,32.24,40.0,3,2048
212332876,200.000,199.669,0.0000,-0.0389,0.0000,0.0753,0.000,32.24,40.0,3,2048
212334202,200.000,199.669,0.0000,0.0191,0.0000,0.0983,0.000,32.24,40.0,3,2048
212334571,200.000,199.669,0.0000,-0.0420,0.0000,0.0928,0.000,32.24,40.0,3,2048
212335889,200.000,199.691,0.0000,0.1350,0.0000,0.1181,0.000,32.24,40.0,3,2048
212336575,200.000,199.691,0.0000,-0.0694,0.0000,0.1060,0.000,32.24,40.0,3,2048
212337896,200.000,199.669,0.0000,0.0191,0.0000,0.1093,0.000,32.24,40.0,3,2048
212338578,200.000,199.691,0.0000,0.1625,0.0000,0.1258,0.000,32.24,40.0,3,2048
212339548,200.000,199.691,0.0000,0.0877,0.0000,0.0961,0.000,32.24,40.0,3,2048
212340910,200.000,199.669,0.0000,0.0160,0.0000,0.1159,0.000,32.24,40.0,3,2048
212341597,200.000,199.691,0.0000,0.0435,0.0000,0.1071,0.000,32.24,40.0,3,2048
212342601,200.000,199.669,0.0000,-0.0450,0.0000,0.1104,0.000,32.24,40.0,3,2048
212343596,200.000,199.669,0.0000,-0.0771,0.0000,0.0764,0.000,32.24,40.0,3,2048
212344542,200.000,199.669,0.0000,-0.1457,0.0000,0.1236,0.000,32.24,40.0,3,2048
212345881,200.000,199.691,0.0000,-0.0160,0.0000,0.1060,0.000,32.24,40.0,3,2048
212346551,200.000,199.691,0.0000,0.0435,0.0000,0.0972,0.000,32.24,40.0,3,2048
212347547,200.000,199.669,0.0000,-0.1549,0.0000,0.1115,0.000,32.24,40.0,3,2048
212348630,200.000,199.669,0.0000,0.0160,0.0000,0.0709,0.000,32.24,40.0,3,2048
212349544,200.000,199.669,0.0000,-0.0648,0.0000,0.0687,0.000,32.24,40.0,3,2048
212350919,200.000,199.691,0.0000,-0.0145,0.0000,0.1247,0.000,32.24,40.0,3,2048
212351547,200.000,199.669,0.0000,-0.0282,0.0000,0.1269,0.000,32.24,40.0,3,2048
212352638,200.000,199.691,0.0000,-0.0206,0.0000,0.0928,0.000,32.24,40.0,3,2048
212353864,200.000,199.691,0.0000,-0.1488,0.0000,0.1016,0.000,32.24,40.0,3,2048
212354604,200.000,199.669,0.0000,-0.0130,0.0000,0.1137,0.000,32.24,40.0,3,2048
212355870,200.000,199.669,0.0000,-0.0862,0.0000,0.1104,0.000,32.24,40.0,3,2048
212356561,200.000,199.691,0.0000,0.0450,0.0000,0.1071,0.000,32.24,40.0,3,2048
212357872,200.000,199.691,0.0000,0.0587,0.0000,0.1071,0.000,32.24,40.0,3,2048
212358597,200.000,199.691,0.0000,-0.0526,0.0000,0.1357,0.000,32.24,40.0,3,2048
212359548,200.000,199.691,0.0000,0.0786,0.0000,0.0599,0.000,32.24,40.0,3,2048
212360888,200.000,199.691,0.0000,-0.0114,0.0000,0.1390,0.000,32.24,40.0,3,2048
212361542,200.000,199.691,0.0000,0.0648,0.0000,0.0972,0.000,32.24,40.0,3,2048
212362660,200.000,199.669,0.0000,-0.0542,0.0000,0.1071,0.000,32.24,40.0,3,2048
212363545,200.000,199.691,0.0000,0.0343,0.0000,0.0797,0.000,32.24,40.0,3,2048
212364558,200.000,199.691,0.0000,-0.0282,0.0000,0.1357,0.000,32.24,40.0,3,2048
212365871,200.000,199.691,0.0000,0.0572,0.0000,0.0928,0.000,32.24,40.0,3,2048
212366600,200.000,199.691,0.0000,0.0221,0.0000,0.1126,0.000,32.24,40.0,3,2048
212367548,200.000,199.691,0.0000,0.1152,0.0000,0.0818,0.000,32.24,40.0,3,2048
212368558,200.000,199.691,0.0000,0.0008,0.0000,0.1467,0.000,32.24,40.0,3,2048
212369542,200.000,199.691,0.0000,-0.0038,0.0000,0.1027,0.000,32.24,40.0,3,2048
212370914,200.000,199.669,0.0000,-0.0191,0.0000,0.0961,0.000,32.24,40.0,3,2048
212371548,200.000,199.691,0.0000,0.0221,0.0000,0.0818,0.000,32.24,40.0,3,2048
212372670,200.000,199.669,0.0000,-0.0389,0.0000,0.1137,0.000,32.24,40.0,3,2048
212373863,200.000,199.691,0.0000,0.0145,0.0000,0.1137,0.000,32.24,40.0,3,2048
212374543,200.000,199.691,0.0000,0.0740,0.0000,0.0939,0.000,32.24,40.0,3,2048
212375865,200.000,199.691,0.0000,0.0374,0.0000,0.0950,0.000,32.24,40.0,3,2048
212376544,200.000,199.691,0.0000,-0.0862,0.0000,0.0764,0.000,32.24,40.0,3,2048
212377929,200.000,199.691,0.0000,0.0313,0.0000,0.1192,0.000,32.24,40.0,3,2048
212378876,200.000,199.691,0.0000,0.0160,0.0000,0.1104,0.000,32.24,40.0,3,2048
212379896,200.000,199.691,0.0000,0.0877,0.0000,0.0950,0.000,32.24,40.0,3,2048
212381206,200.000,199.669,0.0000,-0.0771,0.0000,0.1170,0.000,32.24,40.0,3,2048
212381872,200.000,199.691,0.0000,0.0542,0.0000,0.0983,0.000,32.24,40.0,3,2048
212382881,200.000,199.691,0.0000,0.0191,0.0000,0.1280,0.000,32.24,40.0,3,2048
212383877,200.000,199.691,0.0000,0.0557,0.0000,0.1170,0.000,32.24,40.0,3,2048
212384877,200.000,199.669,0.0000,-0.1991,0.0000,0.0917,0.000,32.24,40.0,3,2048
212386284,200.000,199.691,0.0000,0.0984,0.0000,0.0994,0.000,32.24,40.0,3,2048
212386867,200.000,199.691,0.0000,-0.0008,0.0000,0.1313,0.000,32.24,40.0,3,2048
212387864,200.000,199.669,0.0000,-0.0343,0.0000,0.1170,0.000,32.24,40.0,3,2048
212388864,200.000,199.691,0.0000,-0.1045,0.0000,0.0983,0.000,32.24,40.0,3,2048
212389896,200.000,199.691,0.0000,-0.0404,0.0000,0.0522,0.000,32.24,40.0,3,2048
212391203,200.000,199.691,0.0000,0.0175,0.0000,0.0983,0.000,32.24,40.0,3,2048
212391875,200.000,199.669,0.0000,0.0038,0.0000,0.0884,0.000,32.24,40.0,3,2048
212392880,200.000,199.691,0.0000,0.0389,0.0000,0.1148,0.000,32.24,40.0,3,2048
212394197,200.000,199.691,0.0000,0.0954,0.0000,0.1093,0.000,32.24,40.0,3,2048
212394571,200.000,199.669,0.0000,0.0404,0.0000,0.0731,0.000,32.24,40.0,3,2048
212395889,200.000,199.691,0.0000,-0.0771,0.0000,0.0950,0.000,32.24,40.0,3,2048
212396575,200.000,199.691,0.0000,-0.0175,0.0000,0.0972,0.000,32.24,40.0,3,2048
212397898,200.000,199.669,0.0000,-0.0420,0.0000,0.1060,0.000,32.24,40.0,3,2048
212398575,200.000,199.691,0.0000,-0.0130,0.0000,0.1038,0.000,32.24,40.0,3,2048
212399575,200.000,199.669,0.0000,-0.0099,0.0000,0.0489,0.000,32.24,40.0,3,2048
212400889,200.000,199.691,0.0000,0.0542,0.0000,0.1269,0.000,32.24,40.0,3,2048
212401581,200.000,199.691,0.0000,0.0450,0.0000,0.1071,0.000,32.24,40.0,3,2048
212402548,200.000,199.669,0.0000,-0.0130,0.0000,0.0873,0.000,32.24,40.0,3,2048
212403561,200.000,199.669,0.0000,0.0587,0.0000,0.1192,0.000,32.24,40.0,3,2048
212404594,200.000,199.691,0.0000,0.0038,0.0000,0.0753,0.000,32.24,40.0,3,2048
212405913,200.000,199.691,0.0000,-0.0130,0.0000,0.0873,0.000,32.24,40.0,3,2048
212406889,200.000,199.669,0.0000,-0.0801,0.0000,0.1412,0.000,32.24,40.0,3,2048
212407864,200.000,199.691,0.0000,0.1076,0.0000,0.0906,0.000,32.24,40.0,3,2048
212408931,200.000,199.691,0.0000,-0.0084,0.0000,0.1280,0.000,32.24,40.0,3,2048
212409887,200.000,199.691,0.0000,0.1244,0.0000,0.1192,0.000,32.24,40.0,3,2048
212411195,200.000,199.691,0.0000,-0.0023,0.0000,0.1005,0.000,32.24,40.0,3,2048
212411873,200.000,199.691,0.0000,0.0481,0.0000,0.1159,0.000,32.24,40.0,3,2048
212412865,200.000,199.669,0.0000,0.0053,0.0000,0.0610,0.000,32.24,40.0,3,2048
212414222,200.000,199.691,0.0000,0.0298,0.0000,0.1236,0.000,32.24,40.0,3,2048
212414544,200.000,199.691,0.0000,-0.0160,0.0000,0.1071,0.000,32.24,40.0,3,2048
212415888,200.000,199.669,0.0000,0.0038,0.0000,0.0928,0.000,32.24,40.0,3,2048
212416542,200.000,199.691,0.0000,-0.0313,0.0000,0.1324,0.000,32.24,40.0,3,2048
212417920,200.000,199.669,0.0000,-0.1244,0.0000,0.0797,0.000,32.24,40.0,3,2048
212418548,200.000,199.669,0.0000,0.0221,0.0000,0.0873,0.000,32.24,40.0,3,2048
212419638,200.000,199.691,0.0000,0.0389,0.0000,0.1324,0.000,32.24,40.0,3,2048
212420868,200.000,199.691,0.0000,-0.0328,0.0000,0.0862,0.000,32.24,40.0,3,2048
212421603,200.000,199.669,0.0000,0.0694,0.0000,0.1148,0.000,32.24,40.0,3,2048
212422548,200.000,199.691,0.0000,0.0694,0.0000,0.0884,0.000,32.24,40.0,3,2048
212423644,200.000,199.669,0.0000,-0.0587,0.0000,0.1016,0.000,32.24,40.0,3,2048
212424542,200.000,199.691,0.0000,0.0587,0.0000,0.0994,0.000,32.24,40.0,3,2048
212425871,200.000,199.691,0.0000,-0.0191,0.0000,0.1346,0.000,32.24,40.0,3,2048
212426542,200.000,199.691,0.0000,0.0359,0.0000,0.0862,0.000,32.24,40.0,3,2048
212427610,200.000,199.691,0.0000,-0.0710,0.0000,0.1291,0.000,32.24,40.0,3,2048
212428574,200.000,199.691,0.0000,0.0984,0.0000,0.1236,0.000,32.24,40.0,3,2048
212429611,200.000,199.691,0.0000,0.0542,0.0000,0.1159,0.000,32.24,40.0,3,2048
212430903,200.000,199.691,0.0000,-0.0084,0.0000,0.1104,0.000,32.24,40.0,3,2048
212431577,200.000,199.669,0.0000,-0.0938,0.0000,0.1082,0.000,32.24,40.0,3,2048
212432578,200.000,199.691,0.0000,0.0404,0.0000,0.1093,0.000,32.24,40.0,3,2048
212433957,200.000,199.669,0.0000,-0.1350,0.0000,0.0972,0.000,32.24,40.0,3,2048
212434544,200.000,199.669,0.0000,-0.0267,0.0000,0.0829,0.000,32.24,40.0,3,2048
212435875,200.000,199.669,0.0000,-0.0908,0.0000,0.0753,0.000,32.24,40.0,3,2048
212436611,200.000,199.691,0.0000,-0.0114,0.0000,0.1401,0.000,32.24,40.0,3,2048
212437899,200.000,199.691,0.0000,0.0053,0.0000,0.1060,0.000,32.24,40.0,3,2048
212438575,200.000,199.691,0.0000,-0.0008,0.0000,0.0840,0.000,32.24,40.0,3,2048
212439575,200.000,199.691,0.0000,0.0694,0.0000,0.0939,0.000,32.24,40.0,3,2048
212440891,200.000,199.691,0.0000,-0.0496,0.0000,0.1170,0.000,32.24,40.0,3,2048
212441573,200.000,199.669,0.0000,-0.0084,0.0000,0.1104,0.000,32.24,40.0,3,2048
212442576,200.000,199.669,0.0000,0.0420,0.0000,0.0698,0.000,32.24,40.0,3,2048
212443569,200.000,199.669,0.0000,-0.0801,0.0000,0.0884,0.000,32.24,40.0,3,2048
212444569,200.000,199.691,0.0000,0.0328,0.0000,0.1434,0.000,32.24,40.0,3,2048
212445900,200.000,199.691,0.0000,0.1717,0.0000,0.1203,0.000,32.24,40.0,3,2048
212446549,200.000,199.691,0.0000,-0.0465,0.0000,0.1280,0.000,32.24,40.0,3,2048
212447559,200.000,199.669,0.0000,-0.0008,0.0000,0.1269,0.000,32.24,40.0,3,2048
212448594,200.000,199.691,0.0000,0.0572,0.0000,0.1137,0.000,32.24,40.0,3,2048
212449590,200.000,199.691,0.0000,0.0038,0.0000,0.0818,0.000,32.24,40.0,3,2048
212450911,200.000,199.669,0.0000,-0.0832,0.0000,0.1038,0.000,32.24,40.0,3,2048
212451549,200.000,199.691,0.0000,0.0175,0.0000,0.1181,0.000,32.24,40.0,3,2048
212452582,200.000,199.691,0.0000,-0.0969,0.0000,0.0928,0.000,32.24,40.0,3,2048
212453866,200.000,199.691,0.0000,0.0282,0.0000,0.0851,0.000,32.24,40.0,3,2048
212454543,200.000,199.691,0.0000,0.0740,0.0000,0.1291,0.000,32.24,40.0,3,2048
212455886,200.000,199.669,0.0000,0.0816,0.0000,0.1148,0.000,32.24,40.0,3,2048
212456542,200.000,199.691,0.0000,-0.0420,0.0000,0.0983,0.000,32.24,40.0,3,2048
212457924,200.000,199.691,0.0000,-0.0999,0.0000,0.0643,0.000,32.24,40.0,3,2048
212458548,200.000,199.691,0.0000,0.1106,0.0000,0.1280,0.000,32.24,40.0,3,2048
212459564,200.000,199.669,0.0000,-0.0252,0.0000,0.0884,0.000,32.24,40.0,3,2048
212460860,200.000,199.669,0.0000,-0.0923,0.0000,0.0895,0.000,32.24,40.0,3,2048
212461600,200.000,199.691,0.0000,0.0160,0.0000,0.0928,0.000,32.24,40.0,3,2048
212462548,200.000,199.691,0.0000,0.0069,0.0000,0.1137,0.000,32.24,40.0,3,2048
212463634,200.000,199.669,0.0000,-0.0908,0.0000,0.0884,0.000,32.24,40.0,3,2048
212464544,200.000,199.669,0.0000,-0.1076,0.0000,0.0698,0.000,32.24,40.0,3,2048
212465921,200.000,199.691,0.0000,-0.0664,0.0000,0.1104,0.000,32.24,40.0,3,2048
212466548,200.000,199.691,0.0000,-0.0191,0.0000,0.1104,0.000,32.24,40.0,3,2048
212467566,200.000,199.691,0.0000,0.0938,0.0000,0.0775,0.000,32.24,40.0,3,2048
212468542,200.000,199.691,0.0000,0.0435,0.0000,0.0884,0.000,32.24,40.0,3,2048
212469594,200.000,199.669,0.0000,-0.0298,0.0000,0.1016,0.000,32.24,40.0,3,2048
212470871,200.000,199.691,0.0000,-0.0145,0.0000,0.1445,0.000,32.24,40.0,3,2048
212471564,200.000,199.669,0.0000,-0.0313,0.0000,0.0994,0.000,32.24,40.0,3,2048
212472547,200.000,199.691,0.0000,0.0526,0.0000,0.0906,0.000,32.24,40.0,3,2048
212473976,200.000,199.691,0.0000,0.0328,0.0000,0.1181,0.000,32.24,40.0,3,2048
212474614,200.000,199.691,0.0000,0.0374,0.0000,0.1038,0.000,32.24,40.0,3,2048
212475869,200.000,199.691,0.0000,0.0725,0.0000,0.1005,0.000,32.24,40.0,3,2048
212476545,200.000,199.691,0.0000,0.0725,0.0000,0.1192,0.000,32.24,40.0,3,2048
212477928,200.000,199.691,0.0000,0.0328,0.0000,0.1082,0.000,32.24,40.0,3,2048
212478577,200.000,199.669,0.0000,-0.0893,0.0000,0.0961,0.000,32.24,40.0,3,2048
212479577,200.000,199.691,0.0000,0.0298,0.0000,0.0862,0.000,32.24,40.0,3,2048
212480890,200.000,199.691,0.0000,-0.0465,0.0000,0.0829,0.000,32.24,40.0,3,2048
212481574,200.000,199.669,0.0000,-0.0404,0.0000,0.1511,0.000,32.24,40.0,3,2048
212482575,200.000,199.669,0.0000,-0.0053,0.0000,0.0983,0.000,32.24,40.0,3,2048
212483569,200.000,199.669,0.0000,-0.0725,0.0000,0.1434,0.000,32.24,40.0,3,2048
212484569,200.000,199.669,0.0000,0.0648,0.0000,0.0807,0.000,32.24,40.0,3,2048
212485891,200.000,199.691,0.0000,0.0069,0.0000,0.1115,0.000,32.24,40.0,3,2048
212486588,200.000,199.691,0.0000,0.0435,0.0000,0.1126,0.000,32.24,40.0,3,2048
212487548,200.000,199.691,0.0000,0.0618,0.0000,0.1357,0.000,32.24,40.0,3,2048
212488548,200.000,199.691,0.0000,-0.0710,0.0000,0.1137,0.000,32.24,40.0,3,2048
212489595,200.000,199.691,0.0000,-0.0023,0.0000,0.1159,0.000,32.24,40.0,3,2048
212490914,200.000,199.691,0.0000,-0.0938,0.0000,0.1181,0.000,32.24,40.0,3,2048
212491513,200.000,199.691,0.0000,0.0786,0.0000,0.0720,0.000,32.24,40.0,3,2048
212492552,200.000,199.691,0.0000,0.0359,0.0000,0.1060,0.000,32.24,40.0,3,2048
212493856,200.000,199.691,0.0000,0.0343,0.0000,0.1313,0.000,32.24,40.0,3,2048
212494655,200.000,199.691,0.0000,0.0069,0.0000,0.0917,0.000,32.24,40.0,3,2048
212495899,200.000,199.691,0.0000,0.0648,0.0000,0.1005,0.000,32.24,40.0,3,2048
212496547,200.000,199.691,0.0000,-0.0481,0.0000,0.0873,0.000,32.24,40.0,3,2048
212497962,200.000,199.691,0.0000,-0.0053,0.0000,0.1016,0.000,32.24,40.0,3,2048
212498550,200.000,199.691,0.0000,-0.0648,0.0000,0.1027,0.000,32.24,40.0,3,2048
212499606,200.000,199.691,0.0000,-0.0038,0.0000,0.0939,0.000,32.24,40.0,3,2048
212500869,200.000,199.669,0.0000,-0.0420,0.0000,0.0950,0.000,32.24,40.0,3,2048
212501564,200.000,199.691,0.0000,0.0633,0.0000,0.0764,0.000,32.24,40.0,3,2048
212502547,200.000,199.691,0.0000,-0.0099,0.0000,0.1346,0.000,32.24,40.0,3,2048
212503656,200.000,199.669,0.0000,-0.0465,0.0000,0.0731,0.000,32.24,40.0,3,2048
212504544,200.000,199.691,0.0000,0.0710,0.0000,0.0928,0.000,32.24,40.0,3,2048
212505887,200.000,199.691,0.0000,-0.0801,0.0000,0.1082,0.000,32.24,40.0,3,2048
212506542,200.000,199.669,0.0000,0.0145,0.0000,0.0862,0.000,32.24,40.0,3,2048
212507564,200.000,199.691,0.0000,0.0465,0.0000,0.0873,0.000,32.24,40.0,3,2048
212508542,200.000,199.669,0.0000,-0.0450,0.0000,0.1247,0.000,32.24,40.0,3,2048
212509601,200.000,199.691,0.0000,-0.0374,0.0000,0.1049,0.000,32.24,40.0,3,2048
212510869,200.000,199.669,0.0000,-0.0221,0.0000,0.0917,0.000,32.24,40.0,3,2048
212511558,200.000,199.691,0.0000,0.0359,0.0000,0.1269,0.000,32.24,40.0,3,2048
212512547,200.000,199.669,0.0000,0.0237,0.0000,0.0939,0.000,32.24,40.0,3,2048
212513975,200.000,199.691,0.0000,0.0526,0.0000,0.1170,0.000,32.24,40.0,3,2048
212514545,200.000,199.691,0.0000,-0.1427,0.0000,0.1060,0.000,32.24,40.0,3,2048
212515886,200.000,199.691,0.0000,-0.0511,0.0000,0.1214,0.000,32.24,40.0,3,2048
212516542,200.000,199.691,0.0000,0.0587,0.0000,0.0972,0.000,32.24,40.0,3,2048
212517924,200.000,199.669,0.0000,-0.1213,0.0000,0.0950,0.000,32.24,40.0,3,2048
212518547,200.000,199.669,0.0000,-0.1366,0.0000,0.1368,0.000,32.24,40.0,3,2048
212519564,200.000,199.691,0.0000,0.0648,0.0000,0.0731,0.000,32.24,40.0,3,2048
212520861,200.000,199.669,0.0000,-0.1137,0.0000,0.1115,0.000,32.24,40.0,3,2048
212521601,200.000,199.691,0.0000,0.0511,0.0000,0.1115,0.000,32.24,40.0,3,2048
212522547,200.000,199.669,0.0000,-0.0328,0.0000,0.1181,0.000,32.24,40.0,3,2048
212523672,200.000,199.669,0.0000,-0.0740,0.0000,0.1203,0.000,32.24,40.0,3,2048
212524542,200.000,199.691,0.0000,-0.0038,0.0000,0.0829,0.000,32.24,40.0,3,2048
212525871,200.000,199.691,0.0000,0.0084,0.0000,0.1302,0.000,32.24,40.0,3,2048
212526542,200.000,199.669,0.0000,-0.0084,0.0000,0.1379,0.000,32.24,40.0,3,2048
212527547,200.000,199.669,0.0000,0.0481,0.0000,0.0698,0.000,32.24,40.0,3,2048
212528606,200.000,199.691,0.0000,0.0023,0.0000,0.0972,0.000,32.24,40.0,3,2048
212529611,200.000,199.669,0.0000,-0.0221,0.0000,0.1346,0.000,32.24,40.0,3,2048
212530893,200.000,199.691,0.0000,-0.0267,0.0000,0.1093,0.000,32.24,40.0,3,2048
212531574,200.000,199.691,0.0000,-0.1228,0.0000,0.0720,0.000,32.24,40.0,3,2048
212532578,200.000,199.691,0.0000,0.0359,0.0000,0.1368,0.000,32.24,40.0,3,2048
212533957,200.000,199.669,0.0000,-0.0710,0.0000,0.1071,0.000,32.24,40.0,3,2048
212534544,200.000,199.691,0.0000,0.0999,0.0000,0.0994,0.000,32.24,40.0,3,2048
212535867,200.000,199.691,0.0000,0.0908,0.0000,0.0753,0.000,32.24,40.0,3,2048
212536609,200.000,199.669,0.0000,-0.0481,0.0000,0.1511,0.000,32.24,40.0,3,2048
212537899,200.000,199.691,0.0000,0.0694,0.0000,0.0873,0.000,32.24,40.0,3,2048
212538575,200.000,199.691,0.0000,0.0481,0.0000,0.0742,0.000,32.24,40.0,3,2048
212539574,200.000,199.691,0.0000,-0.0710,0.0000,0.1599,0.000,32.24,40.0,3,2048
212540891,200.000,199.669,0.0000,-0.1274,0.0000,0.1346,0.000,32.24,40.0,3,2048
212541573,200.000,199.669,0.0000,-0.0252,0.0000,0.0950,0.000,32.24,40.0,3,2048
212542576,200.000,199.691,0.0000,0.0938,0.0000,0.1247,0.000,32.24,40.0,3,2048
212543569,200.000,199.691,0.0000,-0.1671,0.0000,0.0709,0.000,32.24,40.0,3,2048
212544569,200.000,199.691,0.0000,-0.0938,0.0000,0.1104,0.000,32.24,40.0,3,2048
212545903,200.000,199.691,0.0000,-0.0008,0.0000,0.0961,0.000,32.24,40.0,3,2048
212546546,200.000,199.669,0.0000,-0.1518,0.0000,0.1379,0.000,32.24,40.0,3,2048
212547547,200.000,199.669,0.0000,-0.0664,0.0000,0.0895,0.000,32.24,40.0,3,2048
212548594,200.000,199.691,0.0000,-0.0206,0.0000,0.0895,0.000,32.24,40.0,3,2048
212549591,200.000,199.669,0.0000,-0.0832,0.0000,0.0895,0.000,32.24,40.0,3,2048
212550915,200.000,199.691,0.0000,0.1549,0.0000,0.0753,0.000,32.24,40.0,3,2048
212551860,200.000,199.691,0.0000,0.1427,0.0000,0.1203,0.000,32.24,40.0,3,2048
212552922,200.000,199.669,0.0000,-0.0847,0.0000,0.0753,0.000,32.24,40.0,3,2048
212554207,200.000,199.669,0.0000,0.0420,0.0000,0.1258,0.000,32.24,40.0,3,2048
212554543,200.000,199.669,0.0000,-0.1122,0.0000,0.1214,0.000,32.24,40.0,3,2048
212555887,200.000,199.691,0.0000,0.0725,0.0000,0.0939,0.000,32.24,40.0,3,2048
212556542,200.000,199.669,0.0000,-0.0175,0.0000,0.1082,0.000,32.24,40.0,3,2048
212557923,200.000,199.691,0.0000,-0.0114,0.0000,0.1258,0.000,32.24,40.0,3,2048
212558547,200.000,199.691,0.0000,-0.0313,0.0000,0.1005,0.000,32.24,40.0,3,2048
212559565,200.000,199.669,0.0000,-0.0862,0.0000,0.1203,0.000,32.24,40.0,3,2048
212560861,200.000,199.691,0.0000,0.0893,0.0000,0.1467,0.000,32.24,40.0,3,2048
212561596,200.000,199.691,0.0000,-0.0298,0.0000,0.0643,0.000,32.24,40.0,3,2048
212562547,200.000,199.691,0.0000,0.1808,0.0000,0.1082,0.000,32.24,40.0,3,2048
212563632,200.000,199.691,0.0000,-0.0191,0.0000,0.1170,0.000,32.24,40.0,3,2048
212564544,200.000,199.691,0.0000,0.1549,0.0000,0.0829,0.000,32.24,40.0,3,2048
212565923,200.000,199.669,0.0000,-0.1122,0.0000,0.1159,0.000,32.24,40.0,3,2048
212566860,200.000,199.669,0.0000,-0.0267,0.0000,0.0654,0.000,32.24,40.0,3,2048
212567865,200.000,199.691,0.0000,0.1076,0.0000,0.1214,0.000,32.24,40.0,3,2048
212568861,200.000,199.669,0.0000,-0.0526,0.0000,0.0797,0.000,32.24,40.0,3,2048
212569897,200.000,199.669,0.0000,-0.1091,0.0000,0.1115,0.000,32.24,40.0,3,2048
212571187,200.000,199.691,0.0000,-0.0832,0.0000,0.1126,0.000,32.24,40.0,3,2048
212571868,200.000,199.691,0.0000,0.0572,0.0000,0.1126,0.000,32.24,40.0,3,2048
212572858,200.000,199.691,0.0000,-0.0542,0.0000,0.1071,0.000,32.24,40.0,3,2048
212574131,200.000,199.691,0.0000,0.0114,0.0000,0.1137,0.000,32.24,40.0,3,2048
212574607,200.000,199.691,0.0000,0.0206,0.0000,0.0961,0.000,32.24,40.0,3,2048
212575929,200.000,199.691,0.0000,0.0191,0.0000,0.1082,0.000,32.24,40.0,3,2048
212576546,200.000,199.691,0.0000,0.0267,0.0000,0.1214,0.000,32.24,40.0,3,2048
212577867,200.000,199.691,0.0000,-0.0420,0.0000,0.0884,0.000,32.24,40.0,3,2048
212578546,200.000,199.691,0.0000,-0.0801,0.0000,0.1082,0.000,32.24,40.0,3,2048
212579553,200.000,199.691,0.0000,0.0298,0.0000,0.0851,0.000,32.24,40.0,3,2048
212580927,200.000,199.669,0.0000,-0.0282,0.0000,0.1016,0.000,32.24,40.0,3,2048
212581615,200.000,199.691,0.0000,-0.0435,0.0000,0.1302,0.000,32.24,40.0,3,2048
212582578,200.000,199.669,0.0000,0.0801,0.0000,0.1005,0.000,32.24,40.0,3,2048
212583572,200.000,199.691,0.0000,0.0481,0.0000,0.1159,0.000,32.24,40.0,3,2048
212584572,200.000,199.669,0.0000,0.0679,0.0000,0.1269,0.000,32.24,40.0,3,2048
212585958,200.000,199.691,0.0000,0.1106,0.0000,0.0939,0.000,32.24,40.0,3,2048
212586549,200.000,199.669,0.0000,0.0572,0.0000,0.1236,0.000,32.24,40.0,3,2048
212587559,200.000,199.691,0.0000,0.0191,0.0000,0.0972,0.000,32.24,40.0,3,2048
212588608,200.000,199.691,0.0000,-0.0542,0.0000,0.1027,0.000,32.24,40.0,3,2048
212589569,200.000,199.691,0.0000,0.0679,0.0000,0.0928,0.000,32.24,40.0,3,2048
212590888,200.000,199.691,0.0000,-0.0481,0.0000,0.0972,0.000,32.24,40.0,3,2048
212591575,200.000,199.691,0.0000,0.0175,0.0000,0.1060,0.000,32.24,40.0,3,2048
212592574,200.000,199.691,0.0000,0.0145,0.0000,0.0939,0.000,32.24,40.0,3,2048
212593887,200.000,199.691,0.0000,0.0328,0.0000,0.1170,0.000,32.24,40.0,3,2048
212594571,200.000,199.691,0.0000,0.0130,0.0000,0.0928,0.000,32.24,40.0,3,2048
212595889,200.000,199.691,0.0000,-0.0359,0.0000,0.0884,0.000,32.24,40.0,3,2048
212596575,200.000,199.691,0.0000,-0.0557,0.0000,0.1038,0.000,32.24,40.0,3,2048
212597908,200.000,199.669,0.0000,-0.0145,0.0000,0.1269,0.000,32.24,40.0,3,2048
212598544,200.000,199.691,0.0000,0.0252,0.0000,0.0797,0.000,32.24,40.0,3,2048
212599556,200.000,199.691,0.0000,0.0862,0.0000,0.0687,0.000,32.24,40.0,3,2048
212600917,200.000,199.669,0.0000,-0.0984,0.0000,0.1555,0.000,32.24,40.0,3,2048
212601601,200.000,199.691,0.0000,-0.0359,0.0000,0.0797,0.000,32.24,40.0,3,2048
212602539,200.000,199.669,0.0000,-0.0923,0.0000,0.0961,0.000,32.24,40.0,3,2048
212603545,200.000,199.669,0.0000,-0.1289,0.0000,0.1258,0.000,32.24,40.0,3,2048
212604542,200.000,199.691,0.0000,0.0038,0.0000,0.0764,0.000,32.24,40.0,3,2048
212605889,200.000,199.669,0.0000,-0.0130,0.0000,0.1027,0.000,32.24,40.0,3,2048
212606550,200.000,199.691,0.0000,-0.0084,0.0000,0.0972,0.000,32.24,40.0,3,2048
212607547,200.000,199.691,0.0000,-0.0237,0.0000,0.1368,0.000,32.24,40.0,3,2048
212608558,200.000,199.691,0.0000,-0.0526,0.0000,0.0983,0.000,32.24,40.0,3,2048
212609542,200.000,199.691,0.0000,0.0587,0.0000,0.1225,0.000,32.24,40.0,3,2048
212610919,200.000,199.669,0.0000,0.0572,0.0000,0.1225,0.000,32.24,40.0,3,2048
212611543,200.000,199.691,0.0000,0.0374,0.0000,0.0851,0.000,32.24,40.0,3,2048
212612564,200.000,199.691,0.0000,-0.0374,0.0000,0.1005,0.000,32.24,40.0,3,2048
212613861,200.000,199.691,0.0000,0.0237,0.0000,0.0775,0.000,32.24,40.0,3,2048
212614602,200.000,199.669,0.0000,0.0008,0.0000,0.1181,0.000,32.24,40.0,3,2048
212615869,200.000,199.669,0.0000,-0.0542,0.0000,0.1060,0.000,32.24,40.0,3,2048
212616515,200.000,199.691,0.0000,-0.0420,0.0000,0.1060,0.000,32.24,40.0,3,2048
212617878,200.000,199.669,0.0000,-0.0496,0.0000,0.0939,0.000,32.24,40.0,3,2048
212618542,200.000,199.691,0.0000,0.0084,0.0000,0.1181,0.000,32.24,40.0,3,2048
212619610,200.000,199.669,0.0000,0.0328,0.0000,0.1005,0.000,32.24,40.0,3,2048
212620870,200.000,199.691,0.0000,-0.0618,0.0000,0.0676,0.000,32.24,40.0,3,2048
212621561,200.000,199.691,0.0000,0.0206,0.0000,0.0928,0.000,32.24,40.0,3,2048
212622547,200.000,199.691,0.0000,0.1030,0.0000,0.1291,0.000,32.24,40.0,3,2048
212623599,200.000,199.691,0.0000,0.0740,0.0000,0.1060,0.000,32.24,40.0,3,2048
212624542,200.000,199.691,0.0000,0.0420,0.0000,0.1291,0.000,32.24,40.0,3,2048
212625967,200.000,199.669,0.0000,-0.0450,0.0000,0.0972,0.000,32.24,40.0,3,2048
212626546,200.000,199.669,0.0000,-0.0664,0.0000,0.0862,0.000,32.24,40.0,3,2048
212627547,200.000,199.669,0.0000,0.0313,0.0000,0.0994,0.000,32.24,40.0,3,2048
212628542,200.000,199.669,0.0000,0.0420,0.0000,0.1214,0.000,32.24,40.0,3,2048
212629601,200.000,199.669,0.0000,-0.1213,0.0000,0.0983,0.000,32.24,40.0,3,2048
212630894,200.000,199.691,0.0000,0.0465,0.0000,0.0994,0.000,32.24,40.0,3,2048
212631613,200.000,199.669,0.0000,0.0298,0.0000,0.0972,0.000,32.24,40.0,3,2048
212632579,200.000,199.691,0.0000,0.0175,0.0000,0.1313,0.000,32.24,40.0,3,2048
212633892,200.000,199.669,0.0000,-0.0801,0.0000,0.0764,0.000,32.24,40.0,3,2048
212634571,200.000,199.669,0.0000,-0.0999,0.0000,0.1082,0.000,32.24,40.0,3,2048
212635957,200.000,199.669,0.0000,-0.1030,0.0000,0.1159,0.000,32.24,40.0,3,2048
212636552,200.000,199.669,0.0000,-0.0343,0.0000,0.1192,0.000,32.24,40.0,3,2048
212637866,200.000,199.691,0.0000,0.0572,0.0000,0.1170,0.000,32.24,40.0,3,2048
212638611,200.000,199.691,0.0000,0.0511,0.0000,0.1214,0.000,32.24,40.0,3,2048
212639578,200.000,199.691,0.0000,-0.0832,0.0000,0.1346,0.000,32.24,40.0,3,2048
212640892,200.000,199.669,0.0000,-0.0862,0.0000,0.0840,0.000,32.24,40.0,3,2048
212641573,200.000,199.691,0.0000,0.0725,0.0000,0.0917,0.000,32.24,40.0,3,2048
212642575,200.000,199.691,0.0000,-0.0191,0.0000,0.1148,0.000,32.24,40.0,3,2048
212643569,200.000,199.669,0.0000,-0.0633,0.0000,0.1016,0.000,32.24,40.0,3,2048
212644570,200.000,199.691,0.0000,0.0450,0.0000,0.1280,0.000,32.24,40.0,3,2048
212645890,200.000,199.691,0.0000,0.0343,0.0000,0.0775,0.000,32.24,40.0,3,2048
212646573,200.000,199.691,0.0000,-0.0816,0.0000,0.1357,0.000,32.24,40.0,3,2048
212647590,200.000,199.691,0.0000,-0.0923,0.0000,0.0917,0.000,32.24,40.0,3,2048
212648543,200.000,199.669,0.0000,0.0069,0.0000,0.1027,0.000,32.24,40.0,3,2048
212649559,200.000,199.669,0.0000,0.0496,0.0000,0.0917,0.000,32.24,40.0,3,2048
212650913,200.000,199.691,0.0000,0.0481,0.0000,0.1170,0.000,32.24,40.0,3,2048
212651601,200.000,199.691,0.0000,-0.0252,0.0000,0.1258,0.000,32.24,40.0,3,2048
212652479,200.000,199.691,0.0000,-0.0160,0.0000,0.1071,0.000,32.24,40.0,3,2048
212653865,200.000,199.691,0.0000,-0.1167,0.0000,0.0983,0.000,32.24,40.0,3,2048
212654543,200.000,199.669,0.0000,-0.0664,0.0000,0.0917,0.000,32.24,40.0,3,2048
212655888,200.000,199.691,0.0000,-0.0771,0.0000,0.1049,0.000,32.24,40.0,3,2048
212656550,200.000,199.669,0.0000,0.0130,0.0000,0.0829,0.000,32.24,40.0,3,2048
212657866,200.000,199.691,0.0000,0.0984,0.0000,0.1049,0.000,32.24,40.0,3,2048
212658563,200.000,199.691,0.0000,-0.0313,0.0000,0.0884,0.000,32.24,40.0,3,2048
212659547,200.000,199.669,0.0000,-0.0481,0.0000,0.1027,0.000,32.24,40.0,3,2048
212660919,200.000,199.691,0.0000,-0.0343,0.0000,0.1027,0.000,32.24,40.0,3,2048
212661543,200.000,199.691,0.0000,0.0237,0.0000,0.0709,0.000,32.24,40.0,3,2048
212662564,200.000,199.691,0.0000,-0.0557,0.0000,0.1269,0.000,32.24,40.0,3,2048
212663542,200.000,199.669,0.0000,-0.0282,0.0000,0.0972,0.000,32.24,40.0,3,2048
212664601,200.000,199.669,0.0000,0.0221,0.0000,0.0829,0.000,32.24,40.0,3,2048
212665869,200.000,199.691,0.0000,0.1198,0.0000,0.0775,0.000,32.24,40.0,3,2048
212666509,200.000,199.691,0.0000,-0.0130,0.0000,0.1445,0.000,32.24,40.0,3,2048
212667551,200.000,199.691,0.0000,0.1137,0.0000,0.0676,0.000,32.24,40.0,3,2048
212668542,200.000,199.691,0.0000,0.0160,0.0000,0.1555,0.000,32.24,40.0,3,2048
212669601,200.000,199.691,0.0000,0.1198,0.0000,0.0994,0.000,32.24,40.0,3,2048
212670871,200.000,199.669,0.0000,-0.1137,0.0000,0.0753,0.000,32.24,40.0,3,2048
212671563,200.000,199.669,0.0000,-0.0572,0.0000,0.0884,0.000,32.24,40.0,3,2048
212672547,200.000,199.691,0.0000,0.0496,0.0000,0.1214,0.000,32.24,40.0,3,2048
212673915,200.000,199.691,0.0000,0.0206,0.0000,0.1181,0.000,32.24,40.0,3,2048
212674543,200.000,199.691,0.0000,0.0725,0.0000,0.0972,0.000,32.24,40.0,3,2048
212675968,200.000,199.691,0.0000,0.0587,0.0000,0.0840,0.000,32.24,40.0,3,2048
212676546,200.000,199.669,0.0000,-0.1442,0.0000,0.1082,0.000,32.24,40.0,3,2048
212677866,200.000,199.669,0.0000,-0.1320,0.0000,0.1148,0.000,32.24,40.0,3,2048
212678546,200.000,199.691,0.0000,0.0572,0.0000,0.0873,0.000,32.24,40.0,3,2048
212679547,200.000,199.691,0.0000,0.1015,0.0000,0.1313,0.000,32.24,40.0,3,2048
212680926,200.000,199.669,0.0000,-0.0511,0.0000,0.1060,0.000,32.24,40.0,3,2048
212681572,200.000,199.691,0.0000,-0.0862,0.0000,0.1247,0.000,32.24,40.0,3,2048
212682616,200.000,199.691,0.0000,0.1488,0.0000,0.1016,0.000,32.24,40.0,3,2048
212683572,200.000,199.691,0.0000,-0.0404,0.0000,0.1335,0.000,32.24,40.0,3,2048
212684572,200.000,199.691,0.0000,-0.0664,0.0000,0.0961,0.000,32.24,40.0,3,2048
212685957,200.000,199.669,0.0000,-0.0847,0.0000,0.1038,0.000,32.24,40.0,3,2048
212686551,200.000,199.669,0.0000,0.1060,0.0000,0.0818,0.000,32.24,40.0,3,2048
212687547,200.000,199.691,0.0000,0.0130,0.0000,0.0939,0.000,32.24,40.0,3,2048
212688608,200.000,199.669,0.0000,-0.1106,0.0000,0.0994,0.000,32.24,40.0,3,2048
212689573,200.000,199.691,0.0000,-0.0359,0.0000,0.1093,0.000,32.24,40.0,3,2048
212690888,200.000,199.669,0.0000,0.0069,0.0000,0.0840,0.000,32.24,40.0,3,2048
212691575,200.000,199.691,0.0000,-0.1228,0.0000,0.1071,0.000,32.24,40.0,3,2048
212692575,200.000,199.691,0.0000,0.1045,0.0000,0.1192,0.000,32.24,40.0,3,2048
212693889,200.000,199.691,0.0000,-0.0954,0.0000,0.0972,0.000,32.24,40.0,3,2048
212694571,200.000,199.669,0.0000,0.0099,0.0000,0.0950,0.000,32.24,40.0,3,2048
212695888,200.000,199.691,0.0000,-0.0313,0.0000,0.0895,0.000,32.24,40.0,3,2048
212696575,200.000,199.669,0.0000,-0.0496,0.0000,0.1093,0.000,32.24,40.0,3,2048
212697911,200.000,199.669,0.0000,0.0053,0.0000,0.1236,0.000,32.24,40.0,3,2048
212698857,200.000,199.669,0.0000,-0.0481,0.0000,0.1467,0.000,32.24,40.0,3,2048
212699853,200.000,199.669,0.0000,-0.0160,0.0000,0.0950,0.000,32.24,40.0,3,2048
212701249,200.000,199.691,0.0000,0.0237,0.0000,0.0786,0.000,32.24,40.0,3,2048
212701925,200.000,199.669,0.0000,-0.0984,0.0000,0.1280,0.000,32.24,40.0,3,2048
212702925,200.000,199.669,0.0000,0.0313,0.0000,0.1093,0.000,32.24,40.0,3,2048
212703927,200.000,199.691,0.0000,-0.0175,0.0000,0.0961,0.000,32.24,40.0,3,2048
212704919,200.000,199.691,0.0000,-0.1091,0.0000,0.1335,0.000,32.24,40.0,3,2048
212706244,200.000,199.691,0.0000,0.0877,0.0000,0.0862,0.000,32.24,40.0,3,2048
212706852,200.000,199.691,0.0000,-0.0526,0.0000,0.0753,0.000,32.24,40.0,3,2048
212707921,200.000,199.691,0.0000,-0.0633,0.0000,0.1049,0.000,32.24,40.0,3,2048
212708877,200.000,199.669,0.0000,-0.0542,0.0000,0.1104,0.000,32.24,40.0,3,2048
212709853,200.000,199.691,0.0000,0.0908,0.0000,0.1412,0.000,32.24,40.0,3,2048
212711192,200.000,199.691,0.0000,-0.0313,0.0000,0.0731,0.000,32.24,40.0,3,2048
212711854,200.000,199.691,0.0000,0.0481,0.0000,0.1500,0.000,32.24,40.0,3,2048
212712891,200.000,199.691,0.0000,-0.0008,0.0000,0.0895,0.000,32.24,40.0,3,2048
212714180,200.000,199.691,0.0000,-0.0252,0.0000,0.1280,0.000,32.24,40.0,3,2048
212714560,200.000,199.691,0.0000,0.1076,0.0000,0.1148,0.000,32.24,40.0,3,2048
212715869,200.000,199.669,0.0000,-0.0694,0.0000,0.1181,0.000,32.24,40.0,3,2048
212716597,200.000,199.691,0.0000,0.1076,0.0000,0.0786,0.000,32.24,40.0,3,2048
212717875,200.000,199.691,0.0000,-0.0252,0.0000,0.1016,0.000,32.24,40.0,3,2048
212718517,200.000,199.691,0.0000,0.0420,0.0000,0.1027,0.000,32.24,40.0,3,2048
212719549,200.000,199.691,0.0000,0.0694,0.0000,0.1269,0.000,32.24,40.0,3,2048
212720869,200.000,199.691,0.0000,0.0053,0.0000,0.1115,0.000,32.24,40.0,3,2048
212721604,200.000,199.669,0.0000,-0.0923,0.0000,0.0797,0.000,32.24,40.0,3,2048
212722547,200.000,199.691,0.0000,0.0801,0.0000,0.0720,0.000,32.24,40.0,3,2048
212723561,200.000,199.691,0.0000,0.0786,0.0000,0.1225,0.000,32.24,40.0,3,2048
212724542,200.000,199.691,0.0000,0.0282,0.0000,0.0786,0.000,32.24,40.0,3,2048
212725969,200.000,199.669,0.0000,-0.1625,0.0000,0.1456,0.000,32.24,40.0,3,2048
212726549,200.000,199.691,0.0000,0.1060,0.0000,0.1082,0.000,32.24,40.0,3,2048
212727547,200.000,199.691,0.0000,-0.0526,0.0000,0.0742,0.000,32.24,40.0,3,2048
212728542,200.000,199.669,0.0000,0.0465,0.0000,0.1412,0.000,32.24,40.0,3,2048
212729550,200.000,199.691,0.0000,0.0206,0.0000,0.0797,0.000,32.24,40.0,3,2048
212730926,200.000,199.691,0.0000,-0.0618,0.0000,0.1137,0.000,32.24,40.0,3,2048
212731613,200.000,199.691,0.0000,0.0923,0.0000,0.0917,0.000,32.24,40.0,3,2048
212732579,200.000,199.691,0.0000,-0.0786,0.0000,0.1379,0.000,32.24,40.0,3,2048
212733891,200.000,199.691,0.0000,0.0755,0.0000,0.0840,0.000,32.24,40.0,3,2048
212734575,200.000,199.691,0.0000,0.0633,0.0000,0.1126,0.000,32.24,40.0,3,2048
212735957,200.000,199.691,0.0000,0.1213,0.0000,0.1027,0.000,32.24,40.0,3,2048
212736551,200.000,199.691,0.0000,-0.0237,0.0000,0.1269,0.000,32.24,40.0,3,2048
212737867,200.000,199.669,0.0000,-0.0694,0.0000,0.1049,0.000,32.24,40.0,3,2048
212738610,200.000,199.691,0.0000,-0.1396,0.0000,0.0862,0.000,32.24,40.0,3,2048
212739578,200.000,199.669,0.0000,0.0267,0.0000,0.0851,0.000,32.24,40.0,3,2048
212740895,200.000,199.691,0.0000,0.1350,0.0000,0.1104,0.000,32.24,40.0,3,2048
212741573,200.000,199.691,0.0000,0.0496,0.0000,0.1071,0.000,32.24,40.0,3,2048
212742575,200.000,199.669,0.0000,-0.1335,0.0000,0.0972,0.000,32.24,40.0,3,2048
212743569,200.000,199.691,0.0000,0.0801,0.0000,0.1368,0.000,32.24,40.0,3,2048
212744569,200.000,199.691,0.0000,0.0252,0.0000,0.1093,0.000,32.24,40.0,3,2048
212745893,200.000,199.669,0.0000,0.1183,0.0000,0.1016,0.000,32.24,40.0,3,2048
212746573,200.000,199.691,0.0000,-0.0481,0.0000,0.1225,0.000,32.24,40.0,3,2048
212747590,200.000,199.669,0.0000,-0.0938,0.0000,0.1005,0.000,32.24,40.0,3,2048
212748543,200.000,199.691,0.0000,0.0374,0.0000,0.0928,0.000,32.24,40.0,3,2048
212749542,200.000,199.669,0.0000,-0.1457,0.0000,0.0775,0.000,32.24,40.0,3,2048
212750911,200.000,199.691,0.0000,0.0496,0.0000,0.1016,0.000,32.24,40.0,3,2048
212751599,200.000,199.669,0.0000,-0.0969,0.0000,0.0775,0.000,32.24,40.0,3,2048
212752598,200.000,199.669,0.0000,-0.0465,0.0000,0.1225,0.000,32.24,40.0,3,2048
212753910,200.000,199.691,0.0000,0.1091,0.0000,0.0786,0.000,32.24,40.0,3,2048
212754543,200.000,199.691,0.0000,-0.0435,0.0000,0.0939,0.000,32.24,40.0,3,2048
212755889,200.000,199.691,0.0000,-0.0252,0.0000,0.1148,0.000,32.24,40.0,3,2048
212756551,200.000,199.691,0.0000,0.0313,0.0000,0.0972,0.000,32.24,40.0,3,2048
212757866,200.000,199.669,0.0000,-0.0084,0.0000,0.1203,0.000,32.24,40.0,3,2048
212758563,200.000,199.691,0.0000,0.0343,0.0000,0.0610,0.000,32.24,40.0,3,2048
212759547,200.000,199.691,0.0000,0.0664,0.0000,0.0928,0.000,32.24,40.0,3,2048
212760919,200.000,199.691,0.0000,-0.1198,0.0000,0.1324,0.000,32.24,40.0,3,2048
212761544,200.000,199.691,0.0000,0.0053,0.0000,0.0961,0.000,32.24,40.0,3,2048
212762564,200.000,199.691,0.0000,-0.0023,0.0000,0.1038,0.000,32.24,40.0,3,2048
212763542,200.000,199.669,0.0000,-0.0420,0.0000,0.1478,0.000,32.24,40.0,3,2048
212764600,200.000,199.691,0.0000,0.0237,0.0000,0.0884,0.000,32.24,40.0,3,2048
212765870,200.000,199.691,0.0000,-0.0893,0.0000,0.0807,0.000,32.24,40.0,3,2048
212766511,200.000,199.669,0.0000,-0.1656,0.0000,0.1005,0.000,32.24,40.0,3,2048
212767551,200.000,199.691,0.0000,0.0938,0.0000,0.0972,0.000,32.24,40.0,3,2048
212768542,200.000,199.691,0.0000,0.0679,0.0000,0.0862,0.000,32.24,40.0,3,2048
212769600,200.000,199.691,0.0000,0.0694,0.0000,0.1335,0.000,32.24,40.0,3,2048
212770872,200.000,199.691,0.0000,0.0359,0.0000,0.1269,0.000,32.24,40.0,3,2048
212771563,200.000,199.691,0.0000,-0.0389,0.0000,0.0698,0.000,32.24,40.0,3,2048
212772547,200.000,199.669,0.0000,-0.0984,0.0000,0.1280,0.000,32.24,40.0,3,2048
212773914,200.000,199.691,0.0000,0.0237,0.0000,0.1236,0.000,32.24,40.0,3,2048
212774544,200.000,199.669,0.0000,-0.1244,0.0000,0.0610,0.000,32.24,40.0,3,2048
212775967,200.000,199.691,0.0000,0.0343,0.0000,0.1555,0.000,32.24,40.0,3,2048
212776546,200.000,199.691,0.0000,0.1030,0.0000,0.1005,0.000,32.24,40.0,3,2048
212777866,200.000,199.691,0.0000,0.0206,0.0000,0.1258,0.000,32.24,40.0,3,2048
212778546,200.000,199.669,0.0000,-0.1030,0.0000,0.1126,0.000,32.24,40.0,3,2048
212779547,200.000,199.669,0.0000,0.0099,0.0000,0.0818,0.000,32.24,40.0,3,2048
212780926,200.000,199.691,0.0000,0.1808,0.0000,0.0928,0.000,32.24,40.0,3,2048
212781573,200.000,199.669,0.0000,-0.1030,0.0000,0.1126,0.000,32.24,40.0,3,2048
212782614,200.000,199.669,0.0000,0.0450,0.0000,0.0950,0.000,32.24,40.0,3,2048
212783572,200.000,199.691,0.0000,0.0237,0.0000,0.1379,0.000,32.24,40.0,3,2048
212784573,200.000,199.669,0.0000,-0.0282,0.0000,0.1181,0.000,32.24,40.0,3,2048
212785955,200.000,199.691,0.0000,0.0587,0.0000,0.1005,0.000,32.24,40.0,3,2048
212786552,200.000,199.691,0.0000,0.1762,0.0000,0.1159,0.000,32.24,40.0,3,2048
212787547,200.000,199.669,0.0000,-0.0526,0.0000,0.0797,0.000,32.24,40.0,3,2048
212788604,200.000,199.691,0.0000,-0.0343,0.0000,0.1335,0.000,32.24,40.0,3,2048
212789576,200.000,199.691,0.0000,0.0542,0.0000,0.1005,0.000,32.24,40.0,3,2048
212790888,200.000,199.691,0.0000,0.0893,0.0000,0.1291,0.000,32.24,40.0,3,2048
212791575,200.000,199.691,0.0000,0.0648,0.0000,0.1269,0.000,32.24,40.0,3,2048
212792575,200.000,199.669,0.0000,-0.0114,0.0000,0.1049,0.000,32.24,40.0,3,2048
212793889,200.000,199.691,0.0000,0.1183,0.0000,0.1203,0.000,32.24,40.0,3,2048
212794570,200.000,199.669,0.0000,-0.0664,0.0000,0.0873,0.000,32.24,40.0,3,2048
212795889,200.000,199.691,0.0000,-0.0618,0.0000,0.0994,0.000,32.24,40.0,3,2048
212796575,200.000,199.669,0.0000,-0.0664,0.0000,0.1082,0.000,32.24,40.0,3,2048
212797907,200.000,199.669,0.0000,-0.0145,0.0000,0.1093,0.000,32.24,40.0,3,2048
212798546,200.000,199.691,0.0000,0.1457,0.0000,0.0775,0.000,32.24,40.0,3,2048
212799547,200.000,199.691,0.0000,-0.0084,0.0000,0.1269,0.000,32.24,40.0,3,2048
212800912,200.000,199.669,0.0000,-0.0237,0.0000,0.1181,0.000,32.24,40.0,3,2048
212801599,200.000,199.669,0.0000,-0.0404,0.0000,0.1060,0.000,32.24,40.0,3,2048
212802598,200.000,199.669,0.0000,0.0343,0.0000,0.1016,0.000,32.24,40.0,3,2048
212803593,200.000,199.669,0.0000,-0.1106,0.0000,0.0851,0.000,32.24,40.0,3,2048
212804542,200.000,199.669,0.0000,-0.0175,0.0000,0.0895,0.000,32.24,40.0,3,2048
212805884,200.000,199.691,0.0000,0.0938,0.0000,0.1467,0.000,32.24,40.0,3,2048
212806551,200.000,199.691,0.0000,-0.0404,0.0000,0.0939,0.000,32.24,40.0,3,2048
212807547,200.000,199.669,0.0000,-0.1778,0.0000,0.1225,0.000,32.24,40.0,3,2048
212808558,200.000,199.691,0.0000,0.0572,0.0000,0.0742,0.000,32.24,40.0,3,2048
212809542,200.000,199.691,0.0000,-0.0175,0.0000,0.0873,0.000,32.24,40.0,3,2048
212810918,200.000,199.691,0.0000,0.0404,0.0000,0.1159,0.000,32.24,40.0,3,2048
212811544,200.000,199.691,0.0000,-0.0130,0.0000,0.1170,0.000,32.24,40.0,3,2048
212812564,200.000,199.691,0.0000,0.0008,0.0000,0.1137,0.000,32.24,40.0,3,2048
212813861,200.000,199.669,0.0000,-0.1228,0.0000,0.0829,0.000,32.24,40.0,3,2048
212814601,200.000,199.669,0.0000,0.0313,0.0000,0.1082,0.000,32.24,40.0,3,2048
212815871,200.000,199.669,0.0000,-0.0374,0.0000,0.0906,0.000,32.24,40.0,3,2048
212816516,200.000,199.691,0.0000,0.0450,0.0000,0.0720,0.000,32.24,40.0,3,2048
212817878,200.000,199.691,0.0000,-0.0237,0.0000,0.0928,0.000,32.24,40.0,3,2048
212818542,200.000,199.691,0.0000,0.0328,0.0000,0.1445,0.000,32.24,40.0,3,2048
212819608,200.000,199.691,0.0000,-0.0023,0.0000,0.1313,0.000,32.24,40.0,3,2048
212820871,200.000,199.691,0.0000,0.0130,0.0000,0.1335,0.000,32.24,40.0,3,2048
212821561,200.000,199.691,0.0000,-0.0999,0.0000,0.0961,0.000,32.24,40.0,3,2048
212822547,200.000,199.691,0.0000,0.0542,0.0000,0.1038,0.000,32.24,40.0,3,2048
212823597,200.000,199.691,0.0000,-0.0084,0.0000,0.1082,0.000,32.24,40.0,3,2048
212824543,200.000,199.669,0.0000,-0.0328,0.0000,0.1335,0.000,32.24,40.0,3,2048
212825966,200.000,199.691,0.0000,0.0404,0.0000,0.0478,0.000,32.24,40.0,3,2048
212826546,200.000,199.669,0.0000,0.0511,0.0000,0.1159,0.000,32.24,40.0,3,2048
212827547,200.000,199.669,0.0000,-0.0404,0.0000,0.1379,0.000,32.24,40.0,3,2048
212828542,200.000,199.691,0.0000,0.1060,0.0000,0.1181,0.000,32.24,40.0,3,2048
212829599,200.000,199.691,0.0000,0.0267,0.0000,0.0368,0.000,32.24,40.0,3,2048
212830896,200.000,199.691,0.0000,-0.0343,0.0000,0.1368,0.000,32.24,40.0,3,2048
212831612,200.000,199.669,0.0000,-0.0450,0.0000,0.1434,0.000,32.24,40.0,3,2048
212832580,200.000,199.669,0.0000,0.0450,0.0000,0.0928,0.000,32.24,40.0,3,2048
212833892,200.000,199.691,0.0000,0.0389,0.0000,0.1104,0.000,32.24,40.0,3,2048
212834572,200.000,199.691,0.0000,0.0130,0.0000,0.0939,0.000,32.24,40.0,3,2048
212835955,200.000,199.691,0.0000,-0.0465,0.0000,0.1016,0.000,32.24,40.0,3,2048
212836551,200.000,199.691,0.0000,-0.0542,0.0000,0.1027,0.000,32.24,40.0,3,2048
212837865,200.000,199.669,0.0000,-0.0664,0.0000,0.0676,0.000,32.24,40.0,3,2048
212838610,200.000,199.691,0.0000,0.1335,0.0000,0.0720,0.000,32.24,40.0,3,2048
212839578,200.000,199.669,0.0000,-0.1305,0.0000,0.1247,0.000,32.24,40.0,3,2048
212840895,200.000,199.691,0.0000,0.3014,0.0000,0.1291,0.000,32.24,40.0,3,2048
212841572,200.000,199.691,0.0000,-0.0542,0.0000,0.1324,0.000,32.24,40.0,3,2048
212842575,200.000,199.691,0.0000,-0.0359,0.0000,0.1478,0.000,32.24,40.0,3,2048
212843569,200.000,199.691,0.0000,0.1411,0.0000,0.0654,0.000,32.24,40.0,3,2048
212844571,200.000,199.669,0.0000,-0.1442,0.0000,0.1401,0.000,32.24,40.0,3,2048
212845891,200.000,199.691,0.0000,0.0557,0.0000,0.1060,0.000,32.24,40.0,3,2048
212846573,200.000,199.691,0.0000,0.1015,0.0000,0.1038,0.000,32.24,40.0,3,2048
212847590,200.000,199.669,0.0000,-0.0679,0.0000,0.0950,0.000,32.24,40.0,3,2048
212848543,200.000,199.669,0.0000,-0.0328,0.0000,0.1049,0.000,32.24,40.0,3,2048
212849557,200.000,199.669,0.0000,0.0343,0.0000,0.1313,0.000,32.24,40.0,3,2048
212850910,200.000,199.669,0.0000,-0.0160,0.0000,0.1302,0.000,32.24,40.0,3,2048
212851601,200.000,199.669,0.0000,-0.0313,0.0000,0.0797,0.000,32.24,40.0,3,2048
212852479,200.000,199.691,0.0000,0.0343,0.0000,0.0928,0.000,32.24,40.0,3,2048
212853865,200.000,199.669,0.0000,-0.0191,0.0000,0.1445,0.000,32.24,40.0,3,2048
212854543,200.000,199.669,0.0000,-0.0557,0.0000,0.0840,0.000,32.24,40.0,3,2048
212855890,200.000,199.691,0.0000,-0.1152,0.0000,0.0851,0.000,32.24,40.0,3,2048
212856551,200.000,199.669,0.0000,0.0114,0.0000,0.1346,0.000,32.24,40.0,3,2048
212857866,200.000,199.691,0.0000,-0.0389,0.0000,0.1093,0.000,32.24,40.0,3,2048
212858563,200.000,199.691,0.0000,-0.0374,0.0000,0.0950,0.000,32.24,40.0,3,2048
212859547,200.000,199.691,0.0000,0.0359,0.0000,0.1258,0.000,32.24,40.0,3,2048
212860918,200.000,199.691,0.0000,0.0786,0.0000,0.1060,0.000,32.24,40.0,3,2048
212861544,200.000,199.691,0.0000,0.0130,0.0000,0.0961,0.000,32.24,40.0,3,2048
212862564,200.000,199.669,0.0000,-0.0481,0.0000,0.0961,0.000,32.24,40.0,3,2048
212863542,200.000,199.691,0.0000,-0.0435,0.0000,0.1049,0.000,32.24,40.0,3,2048
212864600,200.000,199.691,0.0000,0.0648,0.0000,0.1181,0.000,32.24,40.0,3,2048
212865871,200.000,199.669,0.0000,-0.1122,0.0000,0.0544,0.000,32.24,40.0,3,2048
212866511,200.000,199.669,0.0000,0.0954,0.0000,0.1225,0.000,32.24,40.0,3,2048
212867551,200.000,199.691,0.0000,0.1091,0.0000,0.1247,0.000,32.24,40.0,3,2048
212868542,200.000,199.691,0.0000,0.0664,0.0000,0.0698,0.000,32.24,40.0,3,2048
212869600,200.000,199.669,0.0000,-0.0557,0.0000,0.1489,0.000,32.24,40.0,3,2048
212870873,200.000,199.669,0.0000,0.0572,0.0000,0.0961,0.000,32.24,40.0,3,2048
212871563,200.000,199.669,0.0000,0.0053,0.0000,0.1049,0.000,32.24,40.0,3,2048
212872547,200.000,199.669,0.0000,-0.0908,0.0000,0.1093,0.000,32.24,40.0,3,2048
212873914,200.000,199.669,0.0000,0.0648,0.0000,0.0489,0.000,32.24,40.0,3,2048
212874544,200.000,199.691,0.0000,0.0252,0.0000,0.1610,0.000,32.24,40.0,3,2048
212875967,200.000,199.691,0.0000,0.0999,0.0000,0.1467,0.000,32.24,40.0,3,2048
212876546,200.000,199.691,0.0000,0.0450,0.0000,0.0939,0.000,32.24,40.0,3,2048
212877866,200.000,199.691,0.0000,-0.0450,0.0000,0.1203,0.000,32.24,40.0,3,2048
212878546,200.000,199.691,0.0000,-0.0053,0.0000,0.1049,0.000,32.24,40.0,3,2048
212879547,200.000,199.691,0.0000,-0.0420,0.0000,0.0972,0.000,32.24,40.0,3,2048
212880926,200.000,199.669,0.0000,-0.1045,0.0000,0.1170,0.000,32.24,40.0,3,2048
212881573,200.000,199.669,0.0000,0.0465,0.0000,0.0928,0.000,32.24,40.0,3,2048
212882615,200.000,199.691,0.0000,0.0847,0.0000,0.1258,0.000,32.24,40.0,3,2048
212883573,200.000,199.669,0.0000,-0.0053,0.0000,0.1302,0.000,32.24,40.0,3,2048
212884572,200.000,199.691,0.0000,0.0130,0.0000,0.1082,0.000,32.24,40.0,3,2048
212885956,200.000,199.691,0.0000,0.0084,0.0000,0.1236,0.000,32.24,40.0,3,2048
212886551,200.000,199.691,0.0000,0.0465,0.0000,0.0950,0.000,32.24,40.0,3,2048
212887547,200.000,199.669,0.0000,-0.0633,0.0000,0.1159,0.000,32.24,40.0,3,2048
212888607,200.000,199.669,0.0000,0.0694,0.0000,0.1005,0.000,32.24,40.0,3,2048
212889574,200.000,199.669,0.0000,-0.0130,0.0000,0.1071,0.000,32.24,40.0,3,2048
212890889,200.000,199.691,0.0000,-0.1228,0.0000,0.1313,0.000,32.24,40.0,3,2048
212891575,200.000,199.691,0.0000,0.0420,0.0000,0.0764,0.000,32.24,40.0,3,2048
212892574,200.000,199.691,0.0000,-0.0328,0.0000,0.1511,0.000,32.24,40.0,3,2048
212893888,200.000,199.691,0.0000,0.0969,0.0000,0.0906,0.000,32.24,40.0,3,2048
212894569,200.000,199.669,0.0000,-0.0572,0.0000,0.1269,0.000,32.24,40.0,3,2048
212895889,200.000,199.669,0.0000,-0.0877,0.0000,0.1302,0.000,32.24,40.0,3,2048
212896575,200.000,199.691,0.0000,-0.0862,0.0000,0.1456,0.000,32.24,40.0,3,2048
212897908,200.000,199.691,0.0000,0.0587,0.0000,0.0698,0.000,32.24,40.0,3,2048
212898545,200.000,199.669,0.0000,-0.1106,0.0000,0.1467,0.000,32.24,40.0,3,2048
212899547,200.000,199.669,0.0000,0.0557,0.0000,0.0961,0.000,32.24,40.0,3,2048
212900916,200.000,199.691,0.0000,-0.0023,0.0000,0.1005,0.000,32.24,40.0,3,2048
212901599,200.000,199.691,0.0000,0.0557,0.0000,0.1005,0.000,32.24,40.0,3,2048
212902600,200.000,199.691,0.0000,-0.0435,0.0000,0.1445,0.000,32.24,40.0,3,2048
212903595,200.000,199.691,0.0000,0.0237,0.0000,0.0632,0.000,32.24,40.0,3,2048
212904542,200.000,199.691,0.0000,0.0084,0.0000,0.1335,0.000,32.24,40.0,3,2048
212905883,200.000,199.669,0.0000,-0.1350,0.0000,0.0895,0.000,32.24,40.0,3,2048
212906551,200.000,199.669,0.0000,-0.0694,0.0000,0.0895,0.000,32.24,40.0,3,2048
212907547,200.000,199.669,0.0000,0.0099,0.0000,0.0939,0.000,32.24,40.0,3,2048
212908558,200.000,199.691,0.0000,0.0298,0.0000,0.1225,0.000,32.24,40.0,3,2048
212909542,200.000,199.691,0.0000,-0.0954,0.0000,0.1181,0.000,32.24,40.0,3,2048
212910919,200.000,199.669,0.0000,0.0282,0.0000,0.1038,0.000,32.24,40.0,3,2048
212911544,200.000,199.669,0.0000,-0.0465,0.0000,0.1148,0.000,32.24,40.0,3,2048
212912564,200.000,199.669,0.0000,0.0099,0.0000,0.0522,0.000,32.24,40.0,3,2048
212913861,200.000,199.691,0.0000,-0.0465,0.0000,0.1082,0.000,32.24,40.0,3,2048
212914601,200.000,199.669,0.0000,0.0252,0.0000,0.1368,0.000,32.24,40.0,3,2048
212915872,200.000,199.669,0.0000,0.0099,0.0000,0.1291,0.000,32.24,40.0,3,2048
212916512,200.000,199.669,0.0000,-0.1289,0.0000,0.1324,0.000,32.24,40.0,3,2048
212917878,200.000,199.691,0.0000,0.1518,0.0000,0.0851,0.000,32.24,40.0,3,2048
212918542,200.000,199.691,0.0000,0.0114,0.0000,0.1368,0.000,32.24,40.0,3,2048
212919608,200.000,199.691,0.0000,0.0221,0.0000,0.1357,0.000,32.24,40.0,3,2048
212920871,200.000,199.691,0.0000,0.0237,0.0000,0.0632,0.000,32.24,40.0,3,2048
212921561,200.000,199.669,0.0000,0.0084,0.0000,0.1269,0.000,32.24,40.0,3,2048
212922547,200.000,199.691,0.0000,0.0801,0.0000,0.1049,0.000,32.24,40.0,3,2048
212923597,200.000,199.691,0.0000,0.0023,0.0000,0.0676,0.000,32.24,40.0,3,2048
212924543,200.000,199.691,0.0000,0.1625,0.0000,0.1236,0.000,32.24,40.0,3,2048
212925965,200.000,199.691,0.0000,0.1106,0.0000,0.0928,0.000,32.24,40.0,3,2048
212926546,200.000,199.669,0.0000,-0.0298,0.0000,0.1577,0.000,32.24,40.0,3,2048
212927547,200.000,199.669,0.0000,0.0618,0.0000,0.1027,0.000,32.24,40.0,3,2048
212928542,200.000,199.669,0.0000,-0.0496,0.0000,0.0928,0.000,32.24,40.0,3,2048
212929600,200.000,199.691,0.0000,0.1778,0.0000,0.0961,0.000,32.24,40.0,3,2048
212930896,200.000,199.691,0.0000,-0.0786,0.0000,0.1346,0.000,32.24,40.0,3,2048
212931612,200.000,199.669,0.0000,0.0694,0.0000,0.0939,0.000,32.24,40.0,3,2048
212932581,200.000,199.691,0.0000,0.0099,0.0000,0.1049,0.000,32.24,40.0,3,2048
212933892,200.000,199.691,0.0000,0.0465,0.0000,0.1082,0.000,32.24,40.0,3,2048
212934572,200.000,199.691,0.0000,0.0328,0.0000,0.1269,0.000,32.24,40.0,3,2048
212935954,200.000,199.691,0.0000,0.0252,0.0000,0.1236,0.000,32.24,40.0,3,2048
212936552,200.000,199.669,0.0000,-0.0099,0.0000,0.0994,0.000,32.24,40.0,3,2048
212937866,200.000,199.691,0.0000,0.0633,0.0000,0.0961,0.000,32.24,40.0,3,2048
212938610,200.000,199.669,0.0000,-0.1152,0.0000,0.0917,0.000,32.24,40.0,3,2048
212939579,200.000,199.691,0.0000,0.1106,0.0000,0.1335,0.000,32.24,40.0,3,2048
212940895,200.000,199.669,0.0000,-0.0343,0.0000,0.1104,0.000,32.24,40.0,3,2048
212941573,200.000,199.691,0.0000,-0.0450,0.0000,0.0983,0.000,32.24,40.0,3,2048
212942574,200.000,199.691,0.0000,0.0084,0.0000,0.1390,0.000,32.24,40.0,3,2048
212943569,200.000,199.669,0.0000,-0.0389,0.0000,0.1016,0.000,32.24,40.0,3,2048
212944571,200.000,199.669,0.0000,-0.0053,0.0000,0.0786,0.000,32.24,40.0,3,2048
212945893,200.000,199.691,0.0000,0.0938,0.0000,0.1016,0.000,32.24,40.0,3,2048
212946573,200.000,199.669,0.0000,-0.1488,0.0000,0.1533,0.000,32.24,40.0,3,2048
212947589,200.000,199.691,0.0000,0.0084,0.0000,0.1412,0.000,32.24,40.0,3,2048
212948544,200.000,199.691,0.0000,0.1869,0.0000,0.0917,0.000,32.24,40.0,3,2048
212949558,200.000,199.691,0.0000,-0.0313,0.0000,0.1269,0.000,32.24,40.0,3,2048
212950912,200.000,199.669,0.0000,-0.0160,0.0000,0.1324,0.000,32.24,40.0,3,2048
212951599,200.000,199.669,0.0000,-0.0145,0.0000,0.0753,0.000,32.24,40.0,3,2048
212952540,200.000,199.669,0.0000,-0.0328,0.0000,0.1082,0.000,32.24,40.0,3,2048
212953866,200.000,199.669,0.0000,0.0389,0.0000,0.1313,0.000,32.24,40.0,3,2048
212954543,200.000,199.691,0.0000,0.0175,0.0000,0.0939,0.000,32.24,40.0,3,2048
212955891,200.000,199.669,0.0000,-0.0557,0.0000,0.0895,0.000,32.24,40.0,3,2048
212956551,200.000,199.691,0.0000,0.1259,0.0000,0.0917,0.000,32.24,40.0,3,2048
212957866,200.000,199.691,0.0000,-0.0084,0.0000,0.0972,0.000,32.24,40.0,3,2048
212958563,200.000,199.691,0.0000,-0.0832,0.0000,0.1181,0.000,32.24,40.0,3,2048
212959547,200.000,199.691,0.0000,0.0557,0.0000,0.0676,0.000,32.24,40.0,3,2048
212960918,200.000,199.669,0.0000,-0.0557,0.0000,0.1302,0.000,32.24,40.0,3,2048
212961544,200.000,199.691,0.0000,-0.0099,0.0000,0.0917,0.000,32.24,40.0,3,2048
212962564,200.000,199.669,0.0000,0.0435,0.0000,0.0906,0.000,32.24,40.0,3,2048
212963542,200.000,199.669,0.0000,-0.0069,0.0000,0.1291,0.000,32.24,40.0,3,2048
212964600,200.000,199.691,0.0000,0.0175,0.0000,0.0972,0.000,32.24,40.0,3,2048
212965870,200.000,199.669,0.0000,0.0298,0.0000,0.0928,0.000,32.24,40.0,3,2048
212966511,200.000,199.669,0.0000,0.0114,0.0000,0.1247,0.000,32.24,40.0,3,2048
212967551,200.000,199.669,0.0000,-0.0191,0.0000,0.0873,0.000,32.24,40.0,3,2048
212968542,200.000,199.691,0.0000,0.0679,0.0000,0.1082,0.000,32.24,40.0,3,2048
212969600,200.000,199.691,0.0000,-0.0801,0.0000,0.1137,0.000,32.24,40.0,3,2048
212970873,200.000,199.669,0.0000,-0.0359,0.0000,0.0687,0.000,32.24,40.0,3,2048
212971563,200.000,199.691,0.0000,0.2068,0.0000,0.1181,0.000,32.24,40.0,3,2048
212972547,200.000,199.691,0.0000,-0.0053,0.0000,0.1071,0.000,32.24,40.0,3,2048
212973914,200.000,199.691,0.0000,-0.0496,0.0000,0.1236,0.000,32.24,40.0,3,2048
212974544,200.000,199.691,0.0000,0.0328,0.0000,0.1137,0.000,32.24,40.0,3,2048
212975967,200.000,199.691,0.0000,-0.0069,0.0000,0.1027,0.000,32.24,40.0,3,2048
212976546,200.000,199.669,0.0000,-0.0206,0.0000,0.1423,0.000,32.24,40.0,3,2048
212977866,200.000,199.691,0.0000,-0.0740,0.0000,0.1126,0.000,32.24,40.0,3,2048
212978546,200.000,199.691,0.0000,-0.0557,0.0000,0.0950,0.000,32.24,40.0,3,2048
212979547,200.000,199.669,0.0000,0.0984,0.0000,0.0928,0.000,32.24,40.0,3,2048
212980925,200.000,199.691,0.0000,0.0481,0.0000,0.1126,0.000,32.24,40.0,3,2048
212981573,200.000,199.691,0.0000,-0.0374,0.0000,0.1170,0.000,32.24,40.0,3,2048
212982614,200.000,199.669,0.0000,-0.2220,0.0000,0.1016,0.000,32.24,40.0,3,2048
212983573,200.000,199.691,0.0000,-0.0298,0.0000,0.0862,0.000,32.24,40.0,3,2048
212984572,200.000,199.669,0.0000,0.0038,0.0000,0.0972,0.000,32.24,40.0,3,2048
212985956,200.000,199.691,0.0000,0.1427,0.0000,0.1181,0.000,32.24,40.0,3,2048
212986550,200.000,199.691,0.0000,0.0023,0.0000,0.1335,0.000,32.24,40.0,3,2048
212987547,200.000,199.669,0.0000,0.0069,0.0000,0.0917,0.000,32.24,40.0,3,2048
212988607,200.000,199.669,0.0000,0.0694,0.0000,0.1357,0.000,32.24,40.0,3,2048
212989574,200.000,199.669,0.0000,-0.0664,0.0000,0.1115,0.000,32.24,40.0,3,2048
212990889,200.000,199.691,0.0000,0.0404,0.0000,0.0906,0.000,32.24,40.0,3,2048
212991575,200.000,199.691,0.0000,-0.0084,0.0000,0.1181,0.000,32.24,40.0,3,2048
212992574,200.000,199.691,0.0000,0.0328,0.0000,0.0851,0.000,32.24,40.0,3,2048
212993888,200.000,199.691,0.0000,0.0130,0.0000,0.1115,0.000,32.24,40.0,3,2048
212994570,200.000,199.691,0.0000,0.0862,0.0000,0.1049,0.000,32.24,40.0,3,2048
212995888,200.000,199.669,0.0000,-0.0725,0.0000,0.0807,0.000,32.24,40.0,3,2048
212996575,200.000,199.691,0.0000,0.0267,0.0000,0.0840,0.000,32.24,40.0,3,2048
212997909,200.000,199.691,0.0000,-0.0023,0.0000,0.0917,0.000,32.24,40.0,3,2048
212998545,200.000,199.669,0.0000,-0.0771,0.0000,0.1335,0.000,32.24,40.0,3,2048
212999547,200.000,199.691,0.0000,0.0511,0.0000,0.1313,0.000,32.24,40.0,3,2048
213000915,200.000,199.691,0.0000,-0.0069,0.0000,0.0643,0.000,32.24,40.0,3,2048
213001601,200.000,199.691,0.0000,0.0084,0.0000,0.1027,0.000,32.24,40.0,3,2048
213002586,200.000,199.691,0.0000,-0.0252,0.0000,0.1324,0.000,32.24,40.0,3,2048
213003547,200.000,199.691,0.0000,0.0832,0.0000,0.0753,0.000,32.24,40.0,3,2048
213004542,200.000,199.669,0.0000,-0.0435,0.0000,0.1247,0.000,32.24,40.0,3,2048
213005883,200.000,199.669,0.0000,-0.0618,0.0000,0.1027,0.000,32.24,40.0,3,2048
213006551,200.000,199.669,0.0000,0.0481,0.0000,0.1038,0.000,32.24,40.0,3,2048
213007547,200.000,199.691,0.0000,0.0313,0.0000,0.1049,0.000,32.24,40.0,3,2048
213008558,200.000,199.691,0.0000,0.0877,0.0000,0.1203,0.000,32.24,40.0,3,2048
213009542,200.000,199.691,0.0000,-0.0130,0.0000,0.1027,0.000,32.24,40.0,3,2048
213010918,200.000,199.669,0.0000,-0.0893,0.0000,0.1170,0.000,32.24,40.0,3,2048
213011544,200.000,199.691,0.0000,0.0572,0.0000,0.0906,0.000,32.24,40.0,3,2048
213012564,200.000,199.669,0.0000,-0.0557,0.0000,0.1027,0.000,32.24,40.0,3,2048
213013860,200.000,199.691,0.0000,0.0542,0.0000,0.0643,0.000,32.24,40.0,3,2048
213014601,200.000,199.691,0.0000,-0.0359,0.0000,0.0950,0.000,32.24,40.0,3,2048
213015870,200.000,199.691,0.0000,-0.0389,0.0000,0.1115,0.000,32.24,40.0,3,2048
213016515,200.000,199.669,0.0000,-0.1320,0.0000,0.1049,0.000,32.24,40.0,3,2048
213017880,200.000,199.691,0.0000,0.0847,0.0000,0.1324,0.000,32.24,40.0,3,2048
213018542,200.000,199.669,0.0000,0.0420,0.0000,0.0588,0.000,32.24,40.0,3,2048
213019608,200.000,199.691,0.0000,0.1289,0.0000,0.1302,0.000,32.24,40.0,3,2048
213020871,200.000,199.669,0.0000,-0.2754,0.0000,0.0676,0.000,32.24,40.0,3,2048
213021561,200.000,199.669,0.0000,-0.0771,0.0000,0.1280,0.000,32.24,40.0,3,2048
213022547,200.000,199.669,0.0000,0.0069,0.0000,0.0895,0.000,32.24,40.0,3,2048
213023597,200.000,199.691,0.0000,0.0587,0.0000,0.0928,0.000,32.24,40.0,3,2048
213024543,200.000,199.691,0.0000,-0.0359,0.0000,0.1346,0.000,32.24,40.0,3,2048
213025966,200.000,199.669,0.0000,-0.1106,0.0000,0.1027,0.000,32.24,40.0,3,2048
213026546,200.000,199.669,0.0000,-0.0664,0.0000,0.1137,0.000,32.24,40.0,3,2048
213027547,200.000,199.691,0.0000,0.0023,0.0000,0.1060,0.000,32.24,40.0,3,2048
213028542,200.000,199.669,0.0000,0.0160,0.0000,0.1159,0.000,32.24,40.0,3,2048
213029601,200.000,199.691,0.0000,-0.0481,0.0000,0.0939,0.000,32.24,40.0,3,2048
213030895,200.000,199.691,0.0000,-0.1259,0.0000,0.1082,0.000,32.24,40.0,3,2048
213031613,200.000,199.691,0.0000,-0.0572,0.0000,0.1038,0.000,32.24,40.0,3,2048
213032579,200.000,199.669,0.0000,-0.0526,0.0000,0.1049,0.000,32.24,40.0,3,2048
213033891,200.000,199.691,0.0000,0.1183,0.0000,0.1302,0.000,32.24,40.0,3,2048
213034572,200.000,199.669,0.0000,-0.0435,0.0000,0.0840,0.000,32.24,40.0,3,2048
213035955,200.000,199.691,0.0000,-0.1320,0.0000,0.0895,0.000,32.24,40.0,3,2048
213036551,200.000,199.691,0.0000,0.0435,0.0000,0.1434,0.000,32.24,40.0,3,2048
213037865,200.000,199.691,0.0000,0.0313,0.0000,0.1115,0.000,32.24,40.0,3,2048
213038610,200.000,199.691,0.0000,-0.1030,0.0000,0.0928,0.000,32.24,40.0,3,2048
213039578,200.000,199.691,0.0000,-0.0237,0.0000,0.1104,0.000,32.24,40.0,3,2048
213040892,200.000,199.691,0.0000,0.0984,0.0000,0.0873,0.000,32.24,40.0,3,2048
213041573,200.000,199.691,0.0000,-0.0832,0.0000,0.1247,0.000,32.24,40.0,3,2048
213042575,200.000,199.669,0.0000,-0.0420,0.0000,0.1511,0.000,32.24,40.0,3,2048
213043569,200.000,199.669,0.0000,-0.1411,0.0000,0.0533,0.000,32.24,40.0,3,2048
213044571,200.000,199.669,0.0000,-0.0099,0.0000,0.0928,0.000,32.24,40.0,3,2048
213045893,200.000,199.691,0.0000,0.0328,0.0000,0.1324,0.000,32.24,40.0,3,2048
213046573,200.000,199.691,0.0000,-0.0908,0.0000,0.1104,0.000,32.24,40.0,3,2048
213047590,200.000,199.669,0.0000,0.0465,0.0000,0.1038,0.000,32.24,40.0,3,2048
213048543,200.000,199.669,0.0000,-0.0862,0.0000,0.0665,0.000,32.24,40.0,3,2048
213049560,200.000,199.669,0.0000,-0.0008,0.0000,0.1434,0.000,32.24,40.0,3,2048
213050913,200.000,199.691,0.0000,0.0801,0.0000,0.0994,0.000,32.24,40.0,3,2048
213051599,200.000,199.669,0.0000,-0.0099,0.0000,0.1467,0.000,32.24,40.0,3,2048
213052600,200.000,199.691,0.0000,0.1030,0.0000,0.0829,0.000,32.24,40.0,3,2048
213053865,200.000,199.691,0.0000,-0.0465,0.0000,0.1192,0.000,32.24,40.0,3,2048
213054668,200.000,199.669,0.0000,-0.1167,0.0000,0.1313,0.000,32.24,40.0,3,2048
213055900,200.000,199.691,0.0000,-0.0603,0.0000,0.1445,0.000,32.24,40.0,3,2048
213056547,200.000,199.669,0.0000,0.0282,0.0000,0.1060,0.000,32.24,40.0,3,2048
213057885,200.000,199.669,0.0000,0.0328,0.0000,0.0818,0.000,32.24,40.0,3,2048
213058547,200.000,199.669,0.0000,0.0435,0.0000,0.0994,0.000,32.24,40.0,3,2048
213059601,200.000,199.669,0.0000,0.0328,0.0000,0.1071,0.000,32.24,40.0,3,2048
213060871,200.000,199.691,0.0000,0.0832,0.0000,0.1236,0.000,32.24,40.0,3,2048
213061562,200.000,199.691,0.0000,-0.0404,0.0000,0.1159,0.000,32.24,40.0,3,2048
213062547,200.000,199.691,0.0000,0.2098,0.0000,0.1016,0.000,32.24,40.0,3,2048
213063593,200.000,199.691,0.0000,0.0145,0.0000,0.1357,0.000,32.24,40.0,3,2048
213064547,200.000,199.691,0.0000,0.0923,0.0000,0.0884,0.000,32.24,40.0,3,2048
213065954,200.000,199.669,0.0000,-0.0084,0.0000,0.1379,0.000,32.24,40.0,3,2048
213066553,200.000,199.669,0.0000,0.0481,0.0000,0.0720,0.000,32.24,40.0,3,2048
213067601,200.000,199.669,0.0000,0.0618,0.0000,0.1115,0.000,32.24,40.0,3,2048
213068547,200.000,199.691,0.0000,0.0328,0.0000,0.1225,0.000,32.24,40.0,3,2048
213069561,200.000,199.691,0.0000,0.0237,0.0000,0.1368,0.000,32.24,40.0,3,2048
213070868,200.000,199.669,0.0000,0.0237,0.0000,0.0994,0.000,32.24,40.0,3,2048
213071596,200.000,199.691,0.0000,0.0069,0.0000,0.1159,0.000,32.24,40.0,3,2048
213072548,200.000,199.691,0.0000,0.0557,0.0000,0.1247,0.000,32.24,40.0,3,2048
213073881,200.000,199.691,0.0000,-0.0069,0.0000,0.1269,0.000,32.24,40.0,3,2048
213074543,200.000,199.691,0.0000,0.0374,0.0000,0.1148,0.000,32.24,40.0,3,2048
213075985,200.000,199.669,0.0000,-0.0175,0.0000,0.1016,0.000,32.24,40.0,3,2048
213076571,200.000,199.691,0.0000,-0.0267,0.0000,0.1346,0.000,32.24,40.0,3,2048
213077873,200.000,199.691,0.0000,0.0114,0.0000,0.0742,0.000,32.24,40.0,3,2048
213078544,200.000,199.691,0.0000,0.0328,0.0000,0.0895,0.000,32.24,40.0,3,2048
213079547,200.000,199.691,0.0000,-0.0237,0.0000,0.1368,0.000,32.24,40.0,3,2048
213080891,200.000,199.691,0.0000,-0.0999,0.0000,0.0720,0.000,32.24,40.0,3,2048
213081594,200.000,199.691,0.0000,0.0008,0.0000,0.1060,0.000,32.24,40.0,3,2048
213082616,200.000,199.691,0.0000,-0.0160,0.0000,0.0928,0.000,32.24,40.0,3,2048
213083573,200.000,199.691,0.0000,0.0114,0.0000,0.1357,0.000,32.24,40.0,3,2048
213084571,200.000,199.691,0.0000,0.0145,0.0000,0.0818,0.000,32.24,40.0,3,2048
213085899,200.000,199.669,0.0000,-0.0725,0.0000,0.0862,0.000,32.24,40.0,3,2048
213086635,200.000,199.669,0.0000,-0.1076,0.0000,0.0983,0.000,32.24,40.0,3,2048
213087547,200.000,199.691,0.0000,0.0389,0.0000,0.1082,0.000,32.24,40.0,3,2048
213088581,200.000,199.669,0.0000,-0.0832,0.0000,0.1203,0.000,32.24,40.0,3,2048
213089591,200.000,199.691,0.0000,0.1473,0.0000,0.0873,0.000,32.24,40.0,3,2048
213090895,200.000,199.691,0.0000,-0.0618,0.0000,0.0928,0.000,32.24,40.0,3,2048
213091573,200.000,199.691,0.0000,0.1274,0.0000,0.1060,0.000,32.24,40.0,3,2048
213092575,200.000,199.669,0.0000,0.0328,0.0000,0.1236,0.000,32.24,40.0,3,2048
213093887,200.000,199.669,0.0000,-0.0053,0.0000,0.0753,0.000,32.24,40.0,3,2048
213094571,200.000,199.691,0.0000,0.0954,0.0000,0.0786,0.000,32.24,40.0,3,2048
213095891,200.000,199.691,0.0000,0.0313,0.0000,0.0687,0.000,32.24,40.0,3,2048
213096572,200.000,199.691,0.0000,0.2419,0.0000,0.1159,0.000,32.24,40.0,3,2048
213097899,200.000,199.669,0.0000,-0.0801,0.0000,0.0797,0.000,32.24,40.0,3,2048
213098588,200.000,199.691,0.0000,0.0908,0.0000,0.1401,0.000,32.24,40.0,3,2048
213099547,200.000,199.669,0.0000,-0.0908,0.0000,0.1049,0.000,32.24,40.0,3,2048
213100877,200.000,199.691,0.0000,0.0343,0.0000,0.0522,0.000,32.24,40.0,3,2048
213101599,200.000,199.691,0.0000,-0.0496,0.0000,0.1258,0.000,32.24,40.0,3,2048
213102602,200.000,199.669,0.0000,0.0267,0.0000,0.1247,0.000,32.24,40.0,3,2048
213103545,200.000,199.691,0.0000,0.0999,0.0000,0.1324,0.000,32.24,40.0,3,2048
213104547,200.000,199.691,0.0000,0.0725,0.0000,0.1313,0.000,32.24,40.0,3,2048
213105869,200.000,199.691,0.0000,0.0481,0.0000,0.0884,0.000,32.24,40.0,3,2048
213106673,200.000,199.669,0.0000,-0.0053,0.0000,0.0895,0.000,32.24,40.0,3,2048
213107585,200.000,199.691,0.0000,0.0160,0.0000,0.1225,0.000,32.24,40.0,3,2048
213108542,200.000,199.669,0.0000,-0.0481,0.0000,0.1390,0.000,32.24,40.0,3,2048
213109558,200.000,199.669,0.0000,0.0648,0.0000,0.1071,0.000,32.24,40.0,3,2048
213110870,200.000,199.691,0.0000,0.0557,0.0000,0.0862,0.000,32.24,40.0,3,2048
213111601,200.000,199.669,0.0000,-0.0481,0.0000,0.1269,0.000,32.24,40.0,3,2048
213112547,200.000,199.691,0.0000,0.0648,0.0000,0.1236,0.000,32.24,40.0,3,2048
213113878,200.000,199.691,0.0000,-0.0465,0.0000,0.0873,0.000,32.24,40.0,3,2048
213114543,200.000,199.669,0.0000,-0.0282,0.0000,0.1258,0.000,32.24,40.0,3,2048
213115913,200.000,199.669,0.0000,0.0023,0.0000,0.1269,0.000,32.24,40.0,3,2048
213116547,200.000,199.669,0.0000,-0.0603,0.0000,0.1159,0.000,32.24,40.0,3,2048
213117963,200.000,199.669,0.0000,-0.0237,0.0000,0.0665,0.000,32.24,40.0,3,2048
213118550,200.000,199.669,0.0000,0.0298,0.0000,0.0939,0.000,32.24,40.0,3,2048
213119605,200.000,199.669,0.0000,-0.0542,0.0000,0.1247,0.000,32.24,40.0,3,2048
213120869,200.000,199.691,0.0000,0.0694,0.0000,0.0961,0.000,32.24,40.0,3,2048
213121564,200.000,199.669,0.0000,0.0069,0.0000,0.1159,0.000,32.24,40.0,3,2048
213122547,200.000,199.691,0.0000,0.0450,0.0000,0.0786,0.000,32.24,40.0,3,2048
213123595,200.000,199.669,0.0000,-0.0679,0.0000,0.0994,0.000,32.24,40.0,3,2048
213124545,200.000,199.691,0.0000,-0.0511,0.0000,0.1335,0.000,32.24,40.0,3,2048
213125884,200.000,199.691,0.0000,0.0893,0.0000,0.1038,0.000,32.24,40.0,3,2048
213126545,200.000,199.691,0.0000,-0.0130,0.0000,0.0928,0.000,32.24,40.0,3,2048
213127664,200.000,199.691,0.0000,0.0847,0.0000,0.1137,0.000,32.24,40.0,3,2048
213128567,200.000,199.691,0.0000,0.0465,0.0000,0.1379,0.000,32.24,40.0,3,2048
213129544,200.000,199.691,0.0000,-0.0206,0.0000,0.1104,0.000,32.24,40.0,3,2048
213130869,200.000,199.691,0.0000,0.1045,0.0000,0.1346,0.000,32.24,40.0,3,2048
213131548,200.000,199.691,0.0000,-0.0938,0.0000,0.0698,0.000,32.24,40.0,3,2048
213132599,200.000,199.669,0.0000,-0.0053,0.0000,0.1302,0.000,32.24,40.0,3,2048
213133894,200.000,199.691,0.0000,-0.0069,0.0000,0.1082,0.000,32.24,40.0,3,2048
213134605,200.000,199.669,0.0000,0.0221,0.0000,0.0950,0.000,32.24,40.0,3,2048
213135899,200.000,199.691,0.0000,-0.0420,0.0000,0.0961,0.000,32.24,40.0,3,2048
213136578,200.000,199.669,0.0000,-0.1244,0.0000,0.0950,0.000,32.24,40.0,3,2048
213137901,200.000,199.691,0.0000,0.0618,0.0000,0.1313,0.000,32.24,40.0,3,2048
213138641,200.000,199.691,0.0000,0.0526,0.0000,0.0906,0.000,32.24,40.0,3,2048
213139549,200.000,199.691,0.0000,0.0099,0.0000,0.1280,0.000,32.24,40.0,3,2048
213140868,200.000,199.691,0.0000,-0.0359,0.0000,0.1280,0.000,32.24,40.0,3,2048
213141607,200.000,199.669,0.0000,0.0328,0.0000,0.0775,0.000,32.24,40.0,3,2048
213142577,200.000,199.691,0.0000,-0.0069,0.0000,0.1038,0.000,32.24,40.0,3,2048
213143572,200.000,199.669,0.0000,-0.0587,0.0000,0.1247,0.000,32.24,40.0,3,2048
213144569,200.000,199.669,0.0000,-0.1228,0.0000,0.0786,0.000,32.24,40.0,3,2048
213145890,200.000,199.691,0.0000,0.0450,0.0000,0.0983,0.000,32.24,40.0,3,2048
213146573,200.000,199.669,0.0000,-0.1915,0.0000,0.0895,0.000,32.24,40.0,3,2048
213147575,200.000,199.691,0.0000,0.0053,0.0000,0.0862,0.000,32.24,40.0,3,2048
213148569,200.000,199.691,0.0000,0.0191,0.0000,0.1005,0.000,32.24,40.0,3,2048
213149579,200.000,199.691,0.0000,0.0862,0.0000,0.1522,0.000,32.24,40.0,3,2048
213150890,200.000,199.691,0.0000,0.1060,0.0000,0.1005,0.000,32.24,40.0,3,2048
213151544,200.000,199.691,0.0000,0.0328,0.0000,0.1445,0.000,32.24,40.0,3,2048
213152598,200.000,199.691,0.0000,-0.0038,0.0000,0.1335,0.000,32.24,40.0,3,2048
213153911,200.000,199.669,0.0000,-0.0664,0.0000,0.1225,0.000,32.24,40.0,3,2048
213154592,200.000,199.669,0.0000,0.0435,0.0000,0.0972,0.000,32.24,40.0,3,2048
213155913,200.000,199.669,0.0000,0.0145,0.0000,0.0862,0.000,32.24,40.0,3,2048
213156547,200.000,199.691,0.0000,-0.0130,0.0000,0.1313,0.000,32.24,40.0,3,2048
213157903,200.000,199.691,0.0000,0.0511,0.0000,0.1126,0.000,32.24,40.0,3,2048
213158842,200.000,199.669,0.0000,-0.0206,0.0000,0.1236,0.000,32.24,40.0,3,2048
213159840,200.000,199.691,0.0000,0.1564,0.0000,0.0873,0.000,32.24,40.0,3,2048
213161173,200.000,199.669,0.0000,0.0465,0.0000,0.1401,0.000,32.24,40.0,3,2048
213161841,200.000,199.669,0.0000,-0.0191,0.0000,0.0895,0.000,32.24,40.0,3,2048
213162923,200.000,199.691,0.0000,-0.0603,0.0000,0.1159,0.000,32.24,40.0,3,2048
213163842,200.000,199.669,0.0000,-0.1564,0.0000,0.0818,0.000,32.24,40.0,3,2048
213164888,200.000,199.691,0.0000,-0.0862,0.0000,0.0840,0.000,32.24,40.0,3,2048
213166170,200.000,199.691,0.0000,-0.0175,0.0000,0.1324,0.000,32.24,40.0,3,2048
213166762,200.000,199.691,0.0000,0.0374,0.0000,0.0687,0.000,32.24,40.0,3,2048
213167901,200.000,199.669,0.0000,-0.1198,0.0000,0.1027,0.000,32.24,40.0,3,2048
213168841,200.000,199.691,0.0000,0.0725,0.0000,0.0906,0.000,32.24,40.0,3,2048
213169934,200.000,199.691,0.0000,-0.0664,0.0000,0.1478,0.000,32.24,40.0,3,2048
213171173,200.000,199.691,0.0000,0.0221,0.0000,0.0753,0.000,32.24,40.0,3,2048
213171756,200.000,199.669,0.0000,0.0786,0.0000,0.0939,0.000,32.24,40.0,3,2048
213172912,200.000,199.691,0.0000,-0.0252,0.0000,0.1159,0.000,32.24,40.0,3,2048
213174163,200.000,199.691,0.0000,0.0114,0.0000,0.1071,0.000,32.24,40.0,3,2048
213174562,200.000,199.691,0.0000,-0.0053,0.0000,0.1027,0.000,32.24,40.0,3,2048
213175871,200.000,199.669,0.0000,-0.0008,0.0000,0.0939,0.000,32.24,40.0,3,2048
213176596,200.000,199.691,0.0000,-0.0465,0.0000,0.0818,0.000,32.24,40.0,3,2048
213177878,200.000,199.691,0.0000,-0.0130,0.0000,0.1027,0.000,32.24,40.0,3,2048
213178657,200.000,199.691,0.0000,-0.0175,0.0000,0.1049,0.000,32.24,40.0,3,2048
213179576,200.000,199.691,0.0000,-0.0053,0.0000,0.0917,0.000,32.24,40.0,3,2048
213180870,200.000,199.691,0.0000,-0.0038,0.0000,0.0972,0.000,32.24,40.0,3,2048
213181544,200.000,199.691,0.0000,-0.0603,0.0000,0.1192,0.000,32.24,40.0,3,2048
213182547,200.000,199.691,0.0000,-0.0511,0.0000,0.0928,0.000,32.24,40.0,3,2048
213183600,200.000,199.691,0.0000,0.0359,0.0000,0.0786,0.000,32.24,40.0,3,2048
213184574,200.000,199.669,0.0000,-0.0664,0.0000,0.1170,0.000,32.24,40.0,3,2048
213185925,200.000,199.669,0.0000,-0.0008,0.0000,0.0676,0.000,32.24,40.0,3,2048
213186578,200.000,199.691,0.0000,0.0526,0.0000,0.1214,0.000,32.24,40.0,3,2048
213187577,200.000,199.691,0.0000,0.0282,0.0000,0.1159,0.000,32.24,40.0,3,2048
213188625,200.000,199.691,0.0000,0.0252,0.0000,0.0775,0.000,32.24,40.0,3,2048
213189574,200.000,199.691,0.0000,0.0969,0.0000,0.1082,0.000,32.24,40.0,3,2048
213190871,200.000,199.669,0.0000,-0.1183,0.0000,0.0983,0.000,32.24,40.0,3,2048
213191606,200.000,199.691,0.0000,0.0237,0.0000,0.1192,0.000,32.24,40.0,3,2048
213192577,200.000,199.691,0.0000,0.0221,0.0000,0.0950,0.000,32.24,40.0,3,2048
213193887,200.000,199.669,0.0000,0.0328,0.0000,0.1170,0.000,32.24,40.0,3,2048
213194568,200.000,199.691,0.0000,0.0557,0.0000,0.0906,0.000,32.24,40.0,3,2048
213195890,200.000,199.691,0.0000,0.0633,0.0000,0.0818,0.000,32.24,40.0,3,2048
213196571,200.000,199.669,0.0000,-0.0587,0.0000,0.1467,0.000,32.24,40.0,3,2048
213197896,200.000,199.691,0.0000,0.0786,0.0000,0.0840,0.000,32.24,40.0,3,2048
213198571,200.000,199.669,0.0000,-0.0618,0.0000,0.1027,0.000,32.24,40.0,3,2048
213199572,200.000,199.691,0.0000,0.0786,0.0000,0.1181,0.000,32.24,40.0,3,2048
213200890,200.000,199.691,0.0000,0.0618,0.0000,0.0873,0.000,32.24,40.0,3,2048
213201577,200.000,199.669,0.0000,-0.0526,0.0000,0.1445,0.000,32.24,40.0,3,2048
213202550,200.000,199.691,0.0000,0.0053,0.0000,0.1005,0.000,32.24,40.0,3,2048
213203588,200.000,199.691,0.0000,-0.0374,0.0000,0.0939,0.000,32.24,40.0,3,2048
213204593,200.000,199.691,0.0000,0.0206,0.0000,0.0961,0.000,32.24,40.0,3,2048
213205909,200.000,199.669,0.0000,-0.0175,0.0000,0.0884,0.000,32.24,40.0,3,2048
213206597,200.000,199.669,0.0000,0.0374,0.0000,0.0983,0.000,32.24,40.0,3,2048
213207547,200.000,199.669,0.0000,-0.1015,0.0000,0.1027,0.000,32.24,40.0,3,2048
213208565,200.000,199.669,0.0000,-0.0404,0.0000,0.0753,0.000,32.24,40.0,3,2048
213209545,200.000,199.691,0.0000,0.0313,0.0000,0.1082,0.000,32.24,40.0,3,2048
213210869,200.000,199.669,0.0000,-0.0160,0.0000,0.1005,0.000,32.24,40.0,3,2048
213211558,200.000,199.669,0.0000,-0.1854,0.0000,0.0753,0.000,32.24,40.0,3,2048
213212547,200.000,199.669,0.0000,-0.0435,0.0000,0.0818,0.000,32.24,40.0,3,2048
213213919,200.000,199.691,0.0000,-0.0435,0.0000,0.0731,0.000,32.24,40.0,3,2048
213214544,200.000,199.691,0.0000,0.0267,0.0000,0.1038,0.000,32.24,40.0,3,2048
213215887,200.000,199.691,0.0000,0.0130,0.0000,0.0906,0.000,32.24,40.0,3,2048
213216542,200.000,199.691,0.0000,0.0160,0.0000,0.0873,0.000,32.24,40.0,3,2048
213217924,200.000,199.691,0.0000,-0.0038,0.0000,0.0884,0.000,32.24,40.0,3,2048
213218548,200.000,199.691,0.0000,-0.0481,0.0000,0.0939,0.000,32.24,40.0,3,2048
213219637,200.000,199.691,0.0000,0.0984,0.0000,0.1291,0.000,32.24,40.0,3,2048
213220868,200.000,199.691,0.0000,0.1183,0.0000,0.1324,0.000,32.24,40.0,3,2048
213221603,200.000,199.691,0.0000,-0.1183,0.0000,0.0994,0.000,32.24,40.0,3,2048
213222548,200.000,199.691,0.0000,-0.0908,0.0000,0.0753,0.000,32.24,40.0,3,2048
213223561,200.000,199.691,0.0000,0.0191,0.0000,0.1071,0.000,32.24,40.0,3,2048
213224542,200.000,199.691,0.0000,-0.1030,0.0000,0.0983,0.000,32.24,40.0,3,2048
213225911,200.000,199.691,0.0000,0.0450,0.0000,0.1390,0.000,32.24,40.0,3,2048
213226548,200.000,199.691,0.0000,-0.0404,0.0000,0.0840,0.000,32.24,40.0,3,2048
213227566,200.000,199.691,0.0000,-0.0069,0.0000,0.0884,0.000,32.24,40.0,3,2048
213228542,200.000,199.669,0.0000,0.0404,0.0000,0.1280,0.000,32.24,40.0,3,2048
213229655,200.000,199.691,0.0000,0.1015,0.0000,0.0939,0.000,32.24,40.0,3,2048
213230888,200.000,199.669,0.0000,-0.0603,0.0000,0.1236,0.000,32.24,40.0,3,2048
213231546,200.000,199.691,0.0000,0.1564,0.0000,0.1335,0.000,32.24,40.0,3,2048
213232547,200.000,199.669,0.0000,-0.0206,0.0000,0.0961,0.000,32.24,40.0,3,2048
213233859,200.000,199.691,0.0000,0.1839,0.0000,0.1181,0.000,32.24,40.0,3,2048
213234600,200.000,199.691,0.0000,-0.0404,0.0000,0.0862,0.000,32.24,40.0,3,2048
213235895,200.000,199.669,0.0000,-0.0313,0.0000,0.1016,0.000,32.24,40.0,3,2048
213236612,200.000,199.669,0.0000,-0.1625,0.0000,0.1126,0.000,32.24,40.0,3,2048
213237900,200.000,199.691,0.0000,0.0557,0.0000,0.0873,0.000,32.24,40.0,3,2048
213238574,200.000,199.669,0.0000,-0.0267,0.0000,0.0972,0.000,32.24,40.0,3,2048
213239577,200.000,199.669,0.0000,-0.1320,0.0000,0.0961,0.000,32.24,40.0,3,2048
213240961,200.000,199.691,0.0000,0.0343,0.0000,0.0950,0.000,32.24,40.0,3,2048
213241551,200.000,199.691,0.0000,0.1167,0.0000,0.1005,0.000,32.24,40.0,3,2048
213242547,200.000,199.669,0.0000,-0.0526,0.0000,0.1049,0.000,32.24,40.0,3,2048
213243604,200.000,199.691,0.0000,0.2144,0.0000,0.1027,0.000,32.24,40.0,3,2048
213244573,200.000,199.669,0.0000,-0.1183,0.0000,0.1412,0.000,32.24,40.0,3,2048
213245888,200.000,199.691,0.0000,0.0191,0.0000,0.0862,0.000,32.24,40.0,3,2048
213246575,200.000,199.669,0.0000,0.0252,0.0000,0.0994,0.000,32.24,40.0,3,2048
213247574,200.000,199.691,0.0000,0.1030,0.0000,0.1302,0.000,32.24,40.0,3,2048
213248569,200.000,199.691,0.0000,-0.1183,0.0000,0.1192,0.000,32.24,40.0,3,2048
213249569,200.000,199.691,0.0000,-0.0114,0.0000,0.0775,0.000,32.24,40.0,3,2048
213250891,200.000,199.691,0.0000,0.0664,0.0000,0.1126,0.000,32.24,40.0,3,2048
213251575,200.000,199.691,0.0000,-0.0221,0.0000,0.0928,0.000,32.24,40.0,3,2048
213252580,200.000,199.691,0.0000,0.1228,0.0000,0.1049,0.000,32.24,40.0,3,2048
213253864,200.000,199.669,0.0000,-0.0908,0.0000,0.1291,0.000,32.24,40.0,3,2048
213254592,200.000,199.691,0.0000,0.1289,0.0000,0.0939,0.000,32.24,40.0,3,2048
213255912,200.000,199.691,0.0000,0.1015,0.0000,0.0797,0.000,32.24,40.0,3,2048
213256600,200.000,199.691,0.0000,0.0221,0.0000,0.0862,0.000,32.24,40.0,3,2048
213257919,200.000,199.669,0.0000,-0.0526,0.0000,0.0720,0.000,32.24,40.0,3,2048
213258547,200.000,199.691,0.0000,0.0481,0.0000,0.1203,0.000,32.24,40.0,3,2048
213259586,200.000,199.691,0.0000,-0.1030,0.0000,0.0906,0.000,32.24,40.0,3,2048
213260874,200.000,199.691,0.0000,0.0664,0.0000,0.1181,0.000,32.24,40.0,3,2048
213261542,200.000,199.669,0.0000,-0.0969,0.0000,0.1324,0.000,32.24,40.0,3,2048
213262564,200.000,199.691,0.0000,0.0740,0.0000,0.1126,0.000,32.24,40.0,3,2048
213263542,200.000,199.691,0.0000,0.0557,0.0000,0.0895,0.000,32.24,40.0,3,2048
213264601,200.000,199.669,0.0000,0.0252,0.0000,0.1357,0.000,32.24,40.0,3,2048
213265869,200.000,199.691,0.0000,-0.0053,0.0000,0.0807,0.000,32.24,40.0,3,2048
213266558,200.000,199.669,0.0000,-0.0404,0.0000,0.1093,0.000,32.24,40.0,3,2048
213267547,200.000,199.669,0.0000,0.0374,0.0000,0.1225,0.000,32.24,40.0,3,2048
213268601,200.000,199.691,0.0000,0.0008,0.0000,0.0928,0.000,32.24,40.0,3,2048
213269542,200.000,199.691,0.0000,0.0618,0.0000,0.1324,0.000,32.24,40.0,3,2048
213270954,200.000,199.669,0.0000,-0.0862,0.0000,0.0851,0.000,32.24,40.0,3,2048
213271553,200.000,199.691,0.0000,-0.0191,0.0000,0.1060,0.000,32.24,40.0,3,2048
213272602,200.000,199.691,0.0000,-0.0587,0.0000,0.0950,0.000,32.24,40.0,3,2048
213273865,200.000,199.691,0.0000,0.0343,0.0000,0.0753,0.000,32.24,40.0,3,2048
213274562,200.000,199.691,0.0000,0.0084,0.0000,0.1489,0.000,32.24,40.0,3,2048
213275867,200.000,199.691,0.0000,0.0420,0.0000,0.1533,0.000,32.24,40.0,3,2048
213276597,200.000,199.691,0.0000,0.0481,0.0000,0.0818,0.000,32.24,40.0,3,2048
213277874,200.000,199.691,0.0000,0.0542,0.0000,0.1258,0.000,32.24,40.0,3,2048
213278561,200.000,199.669,0.0000,-0.0511,0.0000,0.1027,0.000,32.24,40.0,3,2048
213279547,200.000,199.669,0.0000,-0.0313,0.0000,0.1159,0.000,32.24,40.0,3,2048
213280983,200.000,199.691,0.0000,0.1884,0.0000,0.0698,0.000,32.24,40.0,3,2048
213281576,200.000,199.691,0.0000,-0.0298,0.0000,0.1379,0.000,32.24,40.0,3,2048
213282547,200.000,199.691,0.0000,0.1030,0.0000,0.1126,0.000,32.24,40.0,3,2048
213283542,200.000,199.691,0.0000,0.0633,0.0000,0.1258,0.000,32.24,40.0,3,2048
213284542,200.000,199.691,0.0000,0.0282,0.0000,0.1071,0.000,32.24,40.0,3,2048
213285915,200.000,199.669,0.0000,0.0175,0.0000,0.1126,0.000,32.24,40.0,3,2048
213286577,200.000,199.669,0.0000,-0.0725,0.0000,0.1368,0.000,32.24,40.0,3,2048
213287614,200.000,199.691,0.0000,0.1549,0.0000,0.1038,0.000,32.24,40.0,3,2048
213288574,200.000,199.669,0.0000,0.0832,0.0000,0.1280,0.000,32.24,40.0,3,2048
213289573,200.000,199.691,0.0000,-0.0542,0.0000,0.1346,0.000,32.24,40.0,3,2048
213290958,200.000,199.691,0.0000,0.0130,0.0000,0.0720,0.000,32.24,40.0,3,2048
213291551,200.000,199.691,0.0000,0.0435,0.0000,0.1544,0.000,32.24,40.0,3,2048
213292547,200.000,199.669,0.0000,0.0725,0.0000,0.0753,0.000,32.24,40.0,3,2048
213293920,200.000,199.691,0.0000,0.0053,0.0000,0.1522,0.000,32.24,40.0,3,2048
213294574,200.000,199.669,0.0000,-0.0420,0.0000,0.1104,0.000,32.24,40.0,3,2048
213295892,200.000,199.691,0.0000,-0.0526,0.0000,0.1258,0.000,32.24,40.0,3,2048
213296575,200.000,199.669,0.0000,0.0267,0.0000,0.0698,0.000,32.24,40.0,3,2048
213297895,200.000,199.669,0.0000,-0.0725,0.0000,0.1357,0.000,32.24,40.0,3,2048
213298575,200.000,199.669,0.0000,0.0221,0.0000,0.0917,0.000,32.24,40.0,3,2048
213299575,200.000,199.669,0.0000,0.0954,0.0000,0.1038,0.000,32.24,40.0,3,2048
213300888,200.000,199.691,0.0000,0.0023,0.0000,0.1126,0.000,32.24,40.0,3,2048
213301575,200.000,199.669,0.0000,0.1259,0.0000,0.1005,0.000,32.24,40.0,3,2048
213302576,200.000,199.691,0.0000,0.0374,0.0000,0.0873,0.000,32.24,40.0,3,2048
213303573,200.000,199.691,0.0000,-0.0008,0.0000,0.1313,0.000,32.24,40.0,3,2048
213304545,200.000,199.669,0.0000,-0.0008,0.0000,0.0950,0.000,32.24,40.0,3,2048
213305910,200.000,199.691,0.0000,0.0710,0.0000,0.1137,0.000,32.24,40.0,3,2048
213306599,200.000,199.669,0.0000,0.0511,0.0000,0.1159,0.000,32.24,40.0,3,2048
213307600,200.000,199.669,0.0000,-0.1198,0.0000,0.1192,0.000,32.24,40.0,3,2048
213308596,200.000,199.691,0.0000,0.0694,0.0000,0.1082,0.000,32.24,40.0,3,2048
213309542,200.000,199.691,0.0000,-0.0603,0.0000,0.0884,0.000,32.24,40.0,3,2048
213310889,200.000,199.669,0.0000,0.0237,0.0000,0.1148,0.000,32.24,40.0,3,2048
213311882,200.000,199.669,0.0000,-0.1091,0.0000,0.0829,0.000,32.24,40.0,3,2048
213312839,200.000,199.691,0.0000,0.0816,0.0000,0.1368,0.000,32.24,40.0,3,2048
213314205,200.000,199.669,0.0000,-0.0694,0.0000,0.1115,0.000,32.24,40.0,3,2048
213314543,200.000,199.669,0.0000,0.0114,0.0000,0.1346,0.000,32.24,40.0,3,2048
213315919,200.000,199.691,0.0000,0.0816,0.0000,0.0950,0.000,32.24,40.0,3,2048
213316544,200.000,199.691,0.0000,0.0084,0.0000,0.1104,0.000,32.24,40.0,3,2048
213317889,200.000,199.691,0.0000,0.0481,0.0000,0.1016,0.000,32.24,40.0,3,2048
213318543,200.000,199.691,0.0000,0.1259,0.0000,0.1302,0.000,32.24,40.0,3,2048
213319605,200.000,199.691,0.0000,-0.0679,0.0000,0.1060,0.000,32.24,40.0,3,2048
213320870,200.000,199.691,0.0000,0.0832,0.0000,0.0906,0.000,32.24,40.0,3,2048
213321511,200.000,199.691,0.0000,-0.0053,0.0000,0.1357,0.000,32.24,40.0,3,2048
213322551,200.000,199.691,0.0000,-0.0023,0.0000,0.1082,0.000,32.24,40.0,3,2048
213323542,200.000,199.669,0.0000,-0.0374,0.0000,0.0566,0.000,32.24,40.0,3,2048
213324600,200.000,199.669,0.0000,-0.0130,0.0000,0.1632,0.000,32.24,40.0,3,2048
213325872,200.000,199.691,0.0000,0.1320,0.0000,0.0862,0.000,32.24,40.0,3,2048
213326563,200.000,199.669,0.0000,-0.1320,0.0000,0.1049,0.000,32.24,40.0,3,2048
213327547,200.000,199.691,0.0000,0.0465,0.0000,0.1016,0.000,32.24,40.0,3,2048
213328594,200.000,199.669,0.0000,-0.0542,0.0000,0.0939,0.000,32.24,40.0,3,2048
213329543,200.000,199.691,0.0000,-0.0740,0.0000,0.0829,0.000,32.24,40.0,3,2048
213330890,200.000,199.691,0.0000,0.0587,0.0000,0.1148,0.000,32.24,40.0,3,2048
213331544,200.000,199.691,0.0000,-0.0450,0.0000,0.0786,0.000,32.24,40.0,3,2048
213332669,200.000,199.669,0.0000,-0.0908,0.0000,0.1346,0.000,32.24,40.0,3,2048
213333884,200.000,199.669,0.0000,-0.1122,0.0000,0.0588,0.000,32.24,40.0,3,2048
213334543,200.000,199.691,0.0000,0.0221,0.0000,0.1346,0.000,32.24,40.0,3,2048
213335868,200.000,199.691,0.0000,0.0542,0.0000,0.1335,0.000,32.24,40.0,3,2048
213336544,200.000,199.691,0.0000,0.1183,0.0000,0.0829,0.000,32.24,40.0,3,2048
213337900,200.000,199.691,0.0000,0.0069,0.0000,0.1016,0.000,32.24,40.0,3,2048
213338591,200.000,199.691,0.0000,0.0542,0.0000,0.1236,0.000,32.24,40.0,3,2048
213339613,200.000,199.691,0.0000,0.0175,0.0000,0.1434,0.000,32.24,40.0,3,2048
213340894,200.000,199.669,0.0000,-0.0313,0.0000,0.0742,0.000,32.24,40.0,3,2048
213341578,200.000,199.691,0.0000,-0.0298,0.0000,0.1225,0.000,32.24,40.0,3,2048
213342578,200.000,199.669,0.0000,0.0374,0.0000,0.0873,0.000,32.24,40.0,3,2048
213343645,200.000,199.669,0.0000,-0.0084,0.0000,0.1423,0.000,32.24,40.0,3,2048
213344544,200.000,199.669,0.0000,0.0023,0.0000,0.0851,0.000,32.24,40.0,3,2048
213345868,200.000,199.691,0.0000,0.0694,0.0000,0.1126,0.000,32.24,40.0,3,2048
213346608,200.000,199.669,0.0000,-0.1060,0.0000,0.1115,0.000,32.24,40.0,3,2048
213347576,200.000,199.691,0.0000,0.1244,0.0000,0.0873,0.000,32.24,40.0,3,2048
213348571,200.000,199.691,0.0000,0.0801,0.0000,0.1390,0.000,32.24,40.0,3,2048
213349569,200.000,199.691,0.0000,-0.0999,0.0000,0.1280,0.000,32.24,40.0,3,2048
213350891,200.000,199.691,0.0000,0.1534,0.0000,0.0972,0.000,32.24,40.0,3,2048
213351573,200.000,199.691,0.0000,0.0237,0.0000,0.1038,0.000,32.24,40.0,3,2048
213352574,200.000,199.669,0.0000,-0.0633,0.0000,0.1148,0.000,32.24,40.0,3,2048
213353887,200.000,199.669,0.0000,-0.0404,0.0000,0.0829,0.000,32.24,40.0,3,2048
213354572,200.000,199.669,0.0000,-0.0755,0.0000,0.0906,0.000,32.24,40.0,3,2048
213355902,200.000,199.691,0.0000,-0.0893,0.0000,0.1016,0.000,32.24,40.0,3,2048
213356546,200.000,199.669,0.0000,-0.0755,0.0000,0.1016,0.000,32.24,40.0,3,2048
213357876,200.000,199.669,0.0000,0.0206,0.0000,0.0742,0.000,32.24,40.0,3,2048
213358599,200.000,199.669,0.0000,-0.1060,0.0000,0.1082,0.000,32.24,40.0,3,2048
213359602,200.000,199.669,0.0000,-0.0053,0.0000,0.1478,0.000,32.24,40.0,3,2048
213360871,200.000,199.669,0.0000,-0.0298,0.0000,0.1005,0.000,32.24,40.0,3,2048
213361551,200.000,199.669,0.0000,-0.0557,0.0000,0.0906,0.000,32.24,40.0,3,2048
213362547,200.000,199.669,0.0000,-0.0526,0.0000,0.0939,0.000,32.24,40.0,3,2048
213363584,200.000,199.691,0.0000,0.0389,0.0000,0.0720,0.000,32.24,40.0,3,2048
213364544,200.000,199.691,0.0000,0.0618,0.0000,0.1104,0.000,32.24,40.0,3,2048
213365869,200.000,199.691,0.0000,-0.0603,0.0000,0.1126,0.000,32.24,40.0,3,2048
213366558,200.000,199.691,0.0000,0.0313,0.0000,0.1016,0.000,32.24,40.0,3,2048
213367547,200.000,199.691,0.0000,0.0710,0.0000,0.0906,0.000,32.24,40.0,3,2048
213368601,200.000,199.691,0.0000,0.0801,0.0000,0.1225,0.000,32.24,40.0,3,2048
213369542,200.000,199.691,0.0000,-0.0145,0.0000,0.1126,0.000,32.24,40.0,3,2048
213370888,200.000,199.669,0.0000,-0.0359,0.0000,0.1148,0.000,32.24,40.0,3,2048
213371542,200.000,199.691,0.0000,-0.0618,0.0000,0.0818,0.000,32.24,40.0,3,2048
213372606,200.000,199.691,0.0000,-0.0267,0.0000,0.1302,0.000,32.24,40.0,3,2048
213373861,200.000,199.691,0.0000,-0.0587,0.0000,0.0972,0.000,32.24,40.0,3,2048
213374508,200.000,199.691,0.0000,-0.0389,0.0000,0.0939,0.000,32.24,40.0,3,2048
213375874,200.000,199.691,0.0000,-0.0450,0.0000,0.1082,0.000,32.24,40.0,3,2048
213376544,200.000,199.691,0.0000,-0.0160,0.0000,0.1368,0.000,32.24,40.0,3,2048
213377927,200.000,199.691,0.0000,-0.0191,0.0000,0.0709,0.000,32.24,40.0,3,2048
213378549,200.000,199.691,0.0000,0.0191,0.0000,0.0884,0.000,32.24,40.0,3,2048
213379566,200.000,199.691,0.0000,-0.0420,0.0000,0.1192,0.000,32.24,40.0,3,2048
213380861,200.000,199.691,0.0000,0.0511,0.0000,0.1148,0.000,32.24,40.0,3,2048
213381595,200.000,199.691,0.0000,0.0084,0.0000,0.0961,0.000,32.24,40.0,3,2048
213382547,200.000,199.691,0.0000,-0.0633,0.0000,0.1159,0.000,32.24,40.0,3,2048
213383646,200.000,199.691,0.0000,0.0343,0.0000,0.1170,0.000,32.24,40.0,3,2048
213384542,200.000,199.669,0.0000,-0.0801,0.0000,0.1236,0.000,32.24,40.0,3,2048
213385871,200.000,199.669,0.0000,0.0923,0.0000,0.0720,0.000,32.24,40.0,3,2048
213386542,200.000,199.669,0.0000,0.0084,0.0000,0.1357,0.000,32.24,40.0,3,2048
213387612,200.000,199.691,0.0000,0.1411,0.0000,0.0884,0.000,32.24,40.0,3,2048
213388572,200.000,199.691,0.0000,-0.0404,0.0000,0.1005,0.000,32.24,40.0,3,2048
213389613,200.000,199.691,0.0000,-0.0099,0.0000,0.1324,0.000,32.24,40.0,3,2048
213390893,200.000,199.669,0.0000,-0.0359,0.0000,0.1170,0.000,32.24,40.0,3,2048
213391575,200.000,199.691,0.0000,0.0603,0.0000,0.1038,0.000,32.24,40.0,3,2048
213392607,200.000,199.669,0.0000,-0.1213,0.0000,0.0928,0.000,32.24,40.0,3,2048
213393936,200.000,199.691,0.0000,-0.0420,0.0000,0.0884,0.000,32.24,40.0,3,2048
213394543,200.000,199.691,0.0000,0.0420,0.0000,0.0753,0.000,32.24,40.0,3,2048
213395905,200.000,199.669,0.0000,-0.0877,0.0000,0.0753,0.000,32.24,40.0,3,2048
213396600,200.000,199.691,0.0000,-0.0908,0.0000,0.1071,0.000,32.24,40.0,3,2048
213397898,200.000,199.691,0.0000,0.0877,0.0000,0.1082,0.000,32.24,40.0,3,2048
213398575,200.000,199.691,0.0000,0.0847,0.0000,0.1445,0.000,32.24,40.0,3,2048
213399575,200.000,199.669,0.0000,-0.0557,0.0000,0.0818,0.000,32.24,40.0,3,2048
213400889,200.000,199.691,0.0000,0.1289,0.0000,0.1126,0.000,32.24,40.0,3,2048
213401575,200.000,199.691,0.0000,0.0130,0.0000,0.0829,0.000,32.24,40.0,3,2048
213402576,200.000,199.691,0.0000,-0.0023,0.0000,0.1280,0.000,32.24,40.0,3,2048
213403569,200.000,199.669,0.0000,0.0923,0.0000,0.1280,0.000,32.24,40.0,3,2048
213404569,200.000,199.691,0.0000,0.1183,0.0000,0.0939,0.000,32.24,40.0,3,2048
213405898,200.000,199.669,0.0000,-0.0587,0.0000,0.0884,0.000,32.24,40.0,3,2048
213406544,200.000,199.669,0.0000,-0.0084,0.0000,0.1016,0.000,32.24,40.0,3,2048
213407564,200.000,199.669,0.0000,-0.0465,0.0000,0.0917,0.000,32.24,40.0,3,2048
213408597,200.000,199.691,0.0000,0.0526,0.0000,0.0950,0.000,32.24,40.0,3,2048
213409595,200.000,199.691,0.0000,-0.0664,0.0000,0.0654,0.000,32.24,40.0,3,2048
213410914,200.000,199.691,0.0000,0.0969,0.0000,0.1412,0.000,32.24,40.0,3,2048
213411548,200.000,199.691,0.0000,0.0160,0.0000,0.1038,0.000,32.24,40.0,3,2048
213412587,200.000,199.669,0.0000,-0.0389,0.0000,0.1071,0.000,32.24,40.0,3,2048
213413864,200.000,199.691,0.0000,0.0496,0.0000,0.0786,0.000,32.24,40.0,3,2048
213414543,200.000,199.669,0.0000,-0.1259,0.0000,0.1159,0.000,32.24,40.0,3,2048
213415886,200.000,199.669,0.0000,-0.0755,0.0000,0.1346,0.000,32.24,40.0,3,2048
213416542,200.000,199.669,0.0000,-0.0786,0.0000,0.1137,0.000,32.24,40.0,3,2048
213417926,200.000,199.691,0.0000,-0.0282,0.0000,0.0983,0.000,32.24,40.0,3,2048
213418547,200.000,199.669,0.0000,-0.0786,0.0000,0.1247,0.000,32.24,40.0,3,2048
213419564,200.000,199.691,0.0000,0.1534,0.0000,0.0818,0.000,32.24,40.0,3,2048
213420861,200.000,199.691,0.0000,0.0069,0.0000,0.1126,0.000,32.24,40.0,3,2048
213421601,200.000,199.691,0.0000,0.0496,0.0000,0.1269,0.000,32.24,40.0,3,2048
213422547,200.000,199.691,0.0000,0.0435,0.0000,0.1269,0.000,32.24,40.0,3,2048
213423634,200.000,199.691,0.0000,-0.0465,0.0000,0.1016,0.000,32.24,40.0,3,2048
213424544,200.000,199.691,0.0000,-0.0053,0.0000,0.0818,0.000,32.24,40.0,3,2048
213425922,200.000,199.691,0.0000,-0.0038,0.0000,0.1115,0.000,32.24,40.0,3,2048
213426547,200.000,199.669,0.0000,-0.0282,0.0000,0.1071,0.000,32.24,40.0,3,2048
213427566,200.000,199.691,0.0000,0.0771,0.0000,0.1324,0.000,32.24,40.0,3,2048
213428542,200.000,199.691,0.0000,0.1732,0.0000,0.0577,0.000,32.24,40.0,3,2048
213429595,200.000,199.691,0.0000,0.1030,0.0000,0.1313,0.000,32.24,40.0,3,2048
213430870,200.000,199.691,0.0000,-0.0572,0.0000,0.0972,0.000,32.24,40.0,3,2048
213431564,200.000,199.691,0.0000,-0.0908,0.0000,0.1093,0.000,32.24,40.0,3,2048
213432547,200.000,199.691,0.0000,0.0099,0.0000,0.0950,0.000,32.24,40.0,3,2048
213433979,200.000,199.669,0.0000,-0.0008,0.0000,0.1236,0.000,32.24,40.0,3,2048
213434565,200.000,199.669,0.0000,0.0191,0.0000,0.1159,0.000,32.24,40.0,3,2048
213435868,200.000,199.691,0.0000,-0.0252,0.0000,0.1082,0.000,32.24,40.0,3,2048
213436548,200.000,199.691,0.0000,-0.0053,0.0000,0.0939,0.000,32.24,40.0,3,2048
213437868,200.000,199.669,0.0000,0.0389,0.0000,0.1038,0.000,32.24,40.0,3,2048
213438545,200.000,199.691,0.0000,0.0969,0.0000,0.1115,0.000,32.24,40.0,3,2048
213439603,200.000,199.669,0.0000,-0.0374,0.0000,0.1137,0.000,32.24,40.0,3,2048
213440928,200.000,199.691,0.0000,0.0816,0.0000,0.0698,0.000,32.24,40.0,3,2048
213441577,200.000,199.669,0.0000,-0.0298,0.0000,0.1456,0.000,32.24,40.0,3,2048
213442577,200.000,199.691,0.0000,-0.0053,0.0000,0.1456,0.000,32.24,40.0,3,2048
213443573,200.000,199.669,0.0000,0.0053,0.0000,0.0687,0.000,32.24,40.0,3,2048
213444644,200.000,199.669,0.0000,-0.0435,0.0000,0.1049,0.000,32.24,40.0,3,2048
213445870,200.000,199.669,0.0000,-0.0008,0.0000,0.1181,0.000,32.24,40.0,3,2048
213446542,200.000,199.669,0.0000,-0.0084,0.0000,0.0961,0.000,32.24,40.0,3,2048
213447611,200.000,199.691,0.0000,0.0282,0.0000,0.0577,0.000,32.24,40.0,3,2048
213448574,200.000,199.669,0.0000,-0.0374,0.0000,0.1621,0.000,32.24,40.0,3,2048
213449571,200.000,199.691,0.0000,0.0404,0.0000,0.1214,0.000,32.24,40.0,3,2048
213450892,200.000,199.691,0.0000,0.0526,0.0000,0.1016,0.000,32.24,40.0,3,2048
213451573,200.000,199.669,0.0000,-0.0618,0.0000,0.1159,0.000,32.24,40.0,3,2048
213452574,200.000,199.691,0.0000,0.0069,0.0000,0.0862,0.000,32.24,40.0,3,2048
213453887,200.000,199.691,0.0000,-0.0130,0.0000,0.1093,0.000,32.24,40.0,3,2048
213454571,200.000,199.691,0.0000,0.0130,0.0000,0.1313,0.000,32.24,40.0,3,2048
213455893,200.000,199.691,0.0000,0.0160,0.0000,0.1258,0.000,32.24,40.0,3,2048
213456580,200.000,199.691,0.0000,-0.0145,0.0000,0.1027,0.000,32.24,40.0,3,2048
213457876,200.000,199.691,0.0000,0.0465,0.0000,0.1104,0.000,32.24,40.0,3,2048
213458542,200.000,199.691,0.0000,-0.1091,0.0000,0.0862,0.000,32.24,40.0,3,2048
213459602,200.000,199.691,0.0000,0.0648,0.0000,0.1093,0.000,32.24,40.0,3,2048
213460913,200.000,199.691,0.0000,-0.0664,0.0000,0.1060,0.000,32.24,40.0,3,2048
213461597,200.000,199.669,0.0000,-0.0175,0.0000,0.0818,0.000,32.24,40.0,3,2048
213462598,200.000,199.691,0.0000,0.0710,0.0000,0.0873,0.000,32.24,40.0,3,2048
213463542,200.000,199.691,0.0000,-0.1320,0.0000,0.1192,0.000,32.24,40.0,3,2048
213464566,200.000,199.691,0.0000,-0.0282,0.0000,0.1269,0.000,32.24,40.0,3,2048
213465874,200.000,199.691,0.0000,-0.0282,0.0000,0.1159,0.000,32.24,40.0,3,2048
213466542,200.000,199.669,0.0000,0.0160,0.0000,0.1049,0.000,32.24,40.0,3,2048
213467564,200.000,199.691,0.0000,-0.0374,0.0000,0.1093,0.000,32.24,40.0,3,2048
213468542,200.000,199.691,0.0000,0.0023,0.0000,0.1137,0.000,32.24,40.0,3,2048
213469600,200.000,199.691,0.0000,-0.0008,0.0000,0.0797,0.000,32.24,40.0,3,2048
213470871,200.000,199.669,0.0000,0.0145,0.0000,0.0873,0.000,32.24,40.0,3,2048
213471558,200.000,199.691,0.0000,0.0389,0.0000,0.1181,0.000,32.24,40.0,3,2048
213472547,200.000,199.691,0.0000,0.0618,0.0000,0.1082,0.000,32.24,40.0,3,2048
213473920,200.000,199.669,0.0000,-0.1411,0.0000,0.1302,0.000,32.24,40.0,3,2048
213474544,200.000,199.691,0.0000,0.1076,0.0000,0.0786,0.000,32.24,40.0,3,2048
213475955,200.000,199.669,0.0000,0.0221,0.0000,0.0665,0.000,32.24,40.0,3,2048
213476882,200.000,199.691,0.0000,0.0420,0.0000,0.0621,0.000,32.24,40.0,3,2048
213478252,200.000,199.669,0.0000,-0.0938,0.0000,0.1214,0.189,32.24,40.0,3,2048
213478878,200.000,199.669,0.0000,0.0267,0.0000,0.0840,0.189,32.24,40.0,3,2048
213479889,200.000,199.669,0.0000,-0.0496,0.0000,0.1016,0.189,32.24,40.0,3,2048
213481189,200.000,199.691,0.0000,0.0801,0.0000,0.1159,0.189,32.24,40.0,3,2048
213481749,200.000,199.669,0.0000,-0.0847,0.0000,0.1082,0.189,32.24,40.0,3,2048
213482901,200.000,199.691,0.0000,0.0694,0.0000,0.0621,0.189,32.24,40.0,3,2048
213483869,200.000,199.669,0.0000,-0.0023,0.0000,0.1082,0.189,32.24,40.0,3,2048
213484988,200.000,199.669,0.0000,-0.0237,0.0000,0.1060,0.189,32.24,40.0,3,2048
213486211,200.000,199.691,0.0000,0.0404,0.0000,0.1148,0.189,32.24,40.0,3,2048
213486869,200.000,199.669,0.0000,-0.1701,0.0000,0.0851,0.189,32.24,40.0,3,2048
213487873,200.000,199.691,0.0000,0.0160,0.0000,0.1324,0.189,32.24,40.0,3,2048
213488832,200.000,199.691,0.0000,0.2205,0.0000,0.1225,0.189,32.24,40.0,3,2048
213489870,200.000,199.691,0.0000,-0.0984,0.0000,0.0884,0.189,32.24,40.0,3,2048
213491190,200.000,199.691,0.0000,-0.0465,0.0000,0.1225,0.189,32.24,40.0,3,2048
213491869,200.000,199.691,0.0000,-0.0237,0.0000,0.0884,0.189,32.24,40.0,3,2048
213492905,200.000,199.691,0.0000,-0.0999,0.0000,0.1225,0.189,32.24,40.0,3,2048
213494215,200.000,199.691,0.0000,-0.0771,0.0000,0.1181,0.189,32.24,40.0,3,2048
213494571,200.000,199.691,0.0000,0.1137,0.0000,0.1357,0.189,32.24,40.0,3,2048
213495929,200.000,199.669,0.0000,-0.0130,0.0000,0.0764,0.189,32.24,40.0,3,2048
213496579,200.000,199.691,0.0000,-0.1030,0.0000,0.1258,0.189,32.24,40.0,3,2048
213497899,200.000,199.691,0.0000,0.1381,0.0000,0.0807,0.189,32.24,40.0,3,2048
213498562,200.000,199.691,0.0000,-0.0725,0.0000,0.1357,0.189,32.24,40.0,3,2048
213499637,200.000,199.691,0.0000,0.0435,0.0000,0.1170,0.189,32.24,40.0,3,2048
213500867,200.000,199.691,0.0000,-0.0206,0.0000,0.1060,0.189,32.24,40.0,3,2048
213501544,200.000,199.691,0.0000,-0.0160,0.0000,0.0676,0.189,32.24,40.0,3,2048
213502547,200.000,199.691,0.0000,0.0420,0.0000,0.1005,0.189,32.24,40.0,3,2048
213503601,200.000,199.669,0.0000,-0.0099,0.0000,0.1181,0.189,32.24,40.0,3,2048
213504578,200.000,199.691,0.0000,0.0587,0.0000,0.1225,0.189,32.24,40.0,3,2048
213505926,200.000,199.691,0.0000,-0.0648,0.0000,0.0961,0.189,32.24,40.0,3,2048
213506579,200.000,199.691,0.0000,-0.0511,0.0000,0.0522,0.189,32.24,40.0,3,2048
213507583,200.000,199.691,0.0000,0.0267,0.0000,0.1181,0.189,32.24,40.0,3,2048
213508636,200.000,199.691,0.0000,0.1060,0.0000,0.1126,0.189,32.24,40.0,3,2048
213509544,200.000,199.691,0.0000,0.1564,0.0000,0.0818,0.189,32.24,40.0,3,2048
213510922,200.000,199.669,0.0000,-0.1732,0.0000,0.1082,0.189,32.24,40.0,3,2048
213511577,200.000,199.669,0.0000,-0.0511,0.0000,0.1082,0.189,32.24,40.0,3,2048
213512576,200.000,199.669,0.0000,-0.0771,0.0000,0.0873,0.189,32.24,40.0,3,2048
213513885,200.000,199.691,0.0000,0.1183,0.0000,0.1192,0.189,32.24,40.0,3,2048
213514571,200.000,199.691,0.0000,-0.0389,0.0000,0.1236,0.189,32.24,40.0,3,2048
213515892,200.000,199.691,0.0000,-0.0053,0.0000,0.1280,0.189,32.24,40.0,3,2048
213516573,200.000,199.669,0.0000,0.0114,0.0000,0.0906,0.189,32.24,40.0,3,2048
213517899,200.000,199.691,0.0000,0.0511,0.0000,0.1115,0.189,32.24,40.0,3,2048
213518573,200.000,199.691,0.0000,-0.0298,0.0000,0.0807,0.189,32.24,40.0,3,2048
213519575,200.000,199.669,0.0000,-0.0313,0.0000,0.1445,0.189,32.24,40.0,3,2048
213520902,200.000,199.669,0.0000,0.0420,0.0000,0.0906,0.189,32.24,40.0,3,2048
213521548,200.000,199.691,0.0000,0.0130,0.0000,0.1126,0.189,32.24,40.0,3,2048
213522547,200.000,199.669,0.0000,-0.1503,0.0000,0.1082,0.189,32.24,40.0,3,2048
213523593,200.000,199.691,0.0000,0.1198,0.0000,0.1159,0.189,32.24,40.0,3,2048
213524590,200.000,199.669,0.0000,-0.0374,0.0000,0.0972,0.189,32.24,40.0,3,2048
213525913,200.000,199.691,0.0000,0.0328,0.0000,0.1346,0.189,32.24,40.0,3,2048
213526547,200.000,199.691,0.0000,-0.0694,0.0000,0.0511,0.189,32.24,40.0,3,2048
213527573,200.000,199.691,0.0000,-0.0511,0.0000,0.1412,0.189,32.24,40.0,3,2048
213528545,200.000,199.691,0.0000,-0.0175,0.0000,0.0544,0.189,32.24,40.0,3,2048
213529542,200.000,199.691,0.0000,0.0526,0.0000,0.0775,0.189,32.24,40.0,3,2048
213530887,200.000,199.691,0.0000,-0.1091,0.0000,0.1104,0.189,32.24,40.0,3,2048
213531542,200.000,199.669,0.0000,-0.1060,0.0000,0.0884,0.189,32.24,40.0,3,2048
213532605,200.000,199.691,0.0000,-0.0084,0.0000,0.1159,0.189,32.24,40.0,3,2048
213533863,200.000,199.691,0.0000,0.1610,0.0000,0.0917,0.189,32.24,40.0,3,2048
213534560,200.000,199.691,0.0000,0.1030,0.0000,0.1434,0.189,32.24,40.0,3,2048
213535869,200.000,199.669,0.0000,0.0572,0.0000,0.1247,0.189,32.24,40.0,3,2048
213536648,200.000,199.691,0.0000,0.1015,0.0000,0.0840,0.189,32.24,40.0,3,2048
213537879,200.000,199.691,0.0000,-0.0267,0.0000,0.1269,0.189,32.24,40.0,3,2048
213538543,200.000,199.669,0.0000,-0.0053,0.0000,0.0873,0.189,32.24,40.0,3,2048
213539547,200.000,199.691,0.0000,0.0771,0.0000,0.1434,0.189,32.24,40.0,3,2048
213540863,200.000,199.691,0.0000,0.0496,0.0000,0.1412,0.189,32.24,40.0,3,2048
213541609,200.000,199.669,0.0000,0.1198,0.0000,0.0928,0.189,32.24,40.0,3,2048
213542577,200.000,199.691,0.0000,0.0511,0.0000,0.1478,0.189,32.24,40.0,3,2048
213543613,200.000,199.669,0.0000,-0.0282,0.0000,0.0775,0.189,32.24,40.0,3,2048
213544573,200.000,199.669,0.0000,-0.0526,0.0000,0.1522,0.189,32.24,40.0,3,2048
213545894,200.000,199.691,0.0000,-0.0099,0.0000,0.0621,0.189,32.24,40.0,3,2048
213546609,200.000,199.669,0.0000,-0.1228,0.0000,0.1093,0.189,32.24,40.0,3,2048
213547617,200.000,199.691,0.0000,0.0755,0.0000,0.1115,0.189,32.24,40.0,3,2048
213548542,200.000,199.691,0.0000,-0.0343,0.0000,0.0775,0.189,32.24,40.0,3,2048
213549611,200.000,199.691,0.0000,0.0526,0.0000,0.1500,0.189,32.24,40.0,3,2048
213550895,200.000,199.669,0.0000,0.0160,0.0000,0.0775,0.189,32.24,40.0,3,2048
213551574,200.000,199.691,0.0000,0.0877,0.0000,0.1082,0.189,32.24,40.0,3,2048
213552574,200.000,199.669,0.0000,-0.0801,0.0000,0.1082,0.189,32.24,40.0,3,2048
213553885,200.000,199.691,0.0000,0.1015,0.0000,0.1071,0.189,32.24,40.0,3,2048
213554571,200.000,199.691,0.0000,-0.0542,0.0000,0.1115,0.189,32.24,40.0,3,2048
213555892,200.000,199.669,0.0000,-0.0725,0.0000,0.1170,0.189,32.24,40.0,3,2048
213556571,200.000,199.669,0.0000,-0.0374,0.0000,0.1258,0.189,32.24,40.0,3,2048
213557898,200.000,199.669,0.0000,-0.1015,0.0000,0.0950,0.189,32.24,40.0,3,2048
213558572,200.000,199.691,0.0000,0.1701,0.0000,0.0983,0.189,32.24,40.0,3,2048
213559587,200.000,199.691,0.0000,0.0893,0.0000,0.1258,0.189,32.24,40.0,3,2048
213560869,200.000,199.691,0.0000,-0.0130,0.0000,0.1566,0.189,32.24,40.0,3,2048
213561561,200.000,199.691,0.0000,-0.0557,0.0000,0.1357,0.189,32.24,40.0,3,2048
213562600,200.000,199.669,0.0000,-0.0633,0.0000,0.1038,0.189,32.24,40.0,3,2048
213563596,200.000,199.691,0.0000,-0.0496,0.0000,0.1016,0.189,32.24,40.0,3,2048
213564596,200.000,199.691,0.0000,0.0145,0.0000,0.1093,0.189,32.24,40.0,3,2048
213565873,200.000,199.691,0.0000,-0.0755,0.0000,0.1236,0.189,32.24,40.0,3,2048
213566672,200.000,199.691,0.0000,0.0679,0.0000,0.0731,0.189,32.24,40.0,3,2048
213567585,200.000,199.691,0.0000,-0.0526,0.0000,0.0917,0.189,32.24,40.0,3,2048
213568543,200.000,199.669,0.0000,-0.0023,0.0000,0.1324,0.189,32.24,40.0,3,2048
213569560,200.000,199.691,0.0000,0.0374,0.0000,0.0851,0.189,32.24,40.0,3,2048
213570870,200.000,199.691,0.0000,-0.0740,0.0000,0.1192,0.189,32.24,40.0,3,2048
213571599,200.000,199.691,0.0000,0.0771,0.0000,0.1082,0.189,32.24,40.0,3,2048
213572548,200.000,199.669,0.0000,-0.0069,0.0000,0.0928,0.189,32.24,40.0,3,2048
213573879,200.000,199.691,0.0000,0.0008,0.0000,0.0961,0.189,32.24,40.0,3,2048
213574543,200.000,199.669,0.0000,-0.0526,0.0000,0.1324,0.189,32.24,40.0,3,2048
213575910,200.000,199.691,0.0000,-0.0160,0.0000,0.1324,0.189,32.24,40.0,3,2048
213576550,200.000,199.669,0.0000,-0.1289,0.0000,0.0862,0.189,32.24,40.0,3,2048
213577961,200.000,199.691,0.0000,0.0221,0.0000,0.0753,0.189,32.24,40.0,3,2048
213578553,200.000,199.669,0.0000,-0.0877,0.0000,0.0873,0.189,32.24,40.0,3,2048
213579601,200.000,199.691,0.0000,0.0877,0.0000,0.1093,0.189,32.24,40.0,3,2048
213580871,200.000,199.691,0.0000,0.0496,0.0000,0.0895,0.189,32.24,40.0,3,2048
213581568,200.000,199.691,0.0000,0.0221,0.0000,0.0807,0.189,32.24,40.0,3,2048
213582547,200.000,199.669,0.0000,0.0465,0.0000,0.1324,0.189,32.24,40.0,3,2048
213583590,200.000,199.691,0.0000,0.0893,0.0000,0.1203,0.189,32.24,40.0,3,2048
213584547,200.000,199.691,0.0000,-0.0557,0.0000,0.1093,0.189,32.24,40.0,3,2048
213585887,200.000,199.669,0.0000,-0.0679,0.0000,0.0731,0.189,32.24,40.0,3,2048
213586548,200.000,199.691,0.0000,0.1366,0.0000,0.0917,0.189,32.24,40.0,3,2048
213587659,200.000,199.669,0.0000,-0.0954,0.0000,0.0873,0.189,32.24,40.0,3,2048
213588569,200.000,199.691,0.0000,0.2068,0.0000,0.1049,0.189,32.24,40.0,3,2048
213589544,200.000,199.691,0.0000,0.0069,0.0000,0.1247,0.189,32.24,40.0,3,2048
213590867,200.000,199.691,0.0000,0.0038,0.0000,0.1137,0.189,32.24,40.0,3,2048
213591548,200.000,199.691,0.0000,-0.0008,0.0000,0.0983,0.189,32.24,40.0,3,2048
213592601,200.000,199.691,0.0000,0.0191,0.0000,0.1071,0.189,32.24,40.0,3,2048
213593894,200.000,199.691,0.0000,-0.0084,0.0000,0.0994,0.189,32.24,40.0,3,2048
213594602,200.000,199.691,0.0000,0.0969,0.0000,0.1368,0.189,32.24,40.0,3,2048
213595900,200.000,199.691,0.0000,0.0847,0.0000,0.1192,0.189,32.24,40.0,3,2048
213596578,200.000,199.691,0.0000,-0.0221,0.0000,0.1302,0.189,32.24,40.0,3,2048
213597903,200.000,199.669,0.0000,-0.0603,0.0000,0.1225,0.189,32.24,40.0,3,2048
213598641,200.000,199.691,0.0000,0.0404,0.0000,0.0994,0.189,32.24,40.0,3,2048
213599550,200.000,199.691,0.0000,-0.0267,0.0000,0.1126,0.189,32.24,40.0,3,2048
213600867,200.000,199.691,0.0000,0.0572,0.0000,0.0720,0.189,32.24,40.0,3,2048
213601608,200.000,199.669,0.0000,-0.1900,0.0000,0.1390,0.189,32.24,40.0,3,2048
213602577,200.000,199.669,0.0000,-0.1091,0.0000,0.0807,0.189,32.24,40.0,3,2048
213603572,200.000,199.691,0.0000,-0.0038,0.0000,0.0884,0.189,32.24,40.0,3,2048
213604569,200.000,199.691,0.0000,-0.0130,0.0000,0.0731,0.189,32.24,40.0,3,2048
213605891,200.000,199.691,0.0000,0.0465,0.0000,0.1214,0.189,32.24,40.0,3,2048
213606573,200.000,199.669,0.0000,-0.0496,0.0000,0.1357,0.189,32.24,40.0,3,2048
213607576,200.000,199.669,0.0000,-0.1091,0.0000,0.0599,0.189,32.24,40.0,3,2048
213608569,200.000,199.669,0.0000,0.0725,0.0000,0.1005,0.189,32.24,40.0,3,2048
213609573,200.000,199.691,0.0000,0.0587,0.0000,0.1159,0.189,32.24,40.0,3,2048
213610888,200.000,199.691,0.0000,0.0114,0.0000,0.1170,0.189,32.24,40.0,3,2048
213611548,200.000,199.691,0.0000,0.0496,0.0000,0.0972,0.189,32.24,40.0,3,2048
213612595,200.000,199.691,0.0000,-0.1259,0.0000,0.1544,0.189,32.24,40.0,3,2048
213613905,200.000,199.691,0.0000,0.1183,0.0000,0.0764,0.189,32.24,40.0,3,2048
213614589,200.000,199.691,0.0000,-0.0282,0.0000,0.1236,0.189,32.24,40.0,3,2048
213615913,200.000,199.691,0.0000,0.0648,0.0000,0.1170,0.189,32.24,40.0,3,2048
213616547,200.000,199.669,0.0000,0.1473,0.0000,0.1115,0.189,32.24,40.0,3,2048
213617905,200.000,199.691,0.0000,0.0511,0.0000,0.1049,0.189,32.24,40.0,3,2048
213618550,200.000,199.669,0.0000,0.0130,0.0000,0.1126,0.189,32.24,40.0,3,2048
213619547,200.000,199.691,0.0000,0.0099,0.0000,0.1203,0.189,32.24,40.0,3,2048
213620878,200.000,199.691,0.0000,-0.0237,0.0000,0.1313,0.189,32.24,40.0,3,2048
213621547,200.000,199.669,0.0000,-0.0771,0.0000,0.1016,0.189,32.24,40.0,3,2048
213622601,200.000,199.691,0.0000,0.0572,0.0000,0.1038,0.189,32.24,40.0,3,2048
213623547,200.000,199.691,0.0000,0.0389,0.0000,0.1126,0.189,32.24,40.0,3,2048
213624558,200.000,199.669,0.0000,-0.1274,0.0000,0.1049,0.189,32.24,40.0,3,2048
213625867,200.000,199.669,0.0000,0.0023,0.0000,0.0775,0.189,32.24,40.0,3,2048
213626600,200.000,199.669,0.0000,-0.0328,0.0000,0.1280,0.189,32.24,40.0,3,2048
213627548,200.000,199.691,0.0000,0.0023,0.0000,0.1313,0.189,32.24,40.0,3,2048
213628635,200.000,199.691,0.0000,0.0618,0.0000,0.1192,0.189,32.24,40.0,3,2048
213629544,200.000,199.669,0.0000,-0.1442,0.0000,0.0818,0.189,32.24,40.0,3,2048
213630921,200.000,199.691,0.0000,0.1015,0.0000,0.1126,0.189,32.24,40.0,3,2048
213631548,200.000,199.691,0.0000,0.0710,0.0000,0.1005,0.189,32.24,40.0,3,2048
213632566,200.000,199.669,0.0000,-0.1335,0.0000,0.1258,0.189,32.24,40.0,3,2048
213633860,200.000,199.691,0.0000,0.0725,0.0000,0.1038,0.189,32.24,40.0,3,2048
213634595,200.000,199.691,0.0000,0.0908,0.0000,0.1302,0.189,32.24,40.0,3,2048
213635870,200.000,199.669,0.0000,0.0923,0.0000,0.1005,0.189,32.24,40.0,3,2048
213636564,200.000,199.691,0.0000,0.0328,0.0000,0.0972,0.189,32.24,40.0,3,2048
213637870,200.000,199.669,0.0000,-0.0374,0.0000,0.1005,0.189,32.24,40.0,3,2048
213638593,200.000,199.691,0.0000,0.0389,0.0000,0.1027,0.189,32.24,40.0,3,2048
213639643,200.000,199.691,0.0000,0.1503,0.0000,0.1005,0.189,32.24,40.0,3,2048
213640872,200.000,199.691,0.0000,0.0221,0.0000,0.1225,0.189,32.24,40.0,3,2048
213641544,200.000,199.669,0.0000,-0.0175,0.0000,0.1236,0.189,32.24,40.0,3,2048
213642547,200.000,199.691,0.0000,0.0740,0.0000,0.0983,0.189,32.24,40.0,3,2048
213643542,200.000,199.691,0.0000,0.0740,0.0000,0.1126,0.189,32.24,40.0,3,2048
213644607,200.000,199.691,0.0000,-0.1152,0.0000,0.0950,0.189,32.24,40.0,3,2048
213645928,200.000,199.691,0.0000,0.0130,0.0000,0.1181,0.189,32.24,40.0,3,2048
213646578,200.000,199.691,0.0000,-0.0343,0.0000,0.0994,0.189,32.24,40.0,3,2048
213647575,200.000,199.691,0.0000,0.0374,0.0000,0.0906,0.189,32.24,40.0,3,2048
213648573,200.000,199.691,0.0000,-0.0114,0.0000,0.0829,0.189,32.24,40.0,3,2048
213649638,200.000,199.669,0.0000,0.0038,0.0000,0.0972,0.189,32.24,40.0,3,2048
213650868,200.000,199.691,0.0000,-0.0069,0.0000,0.1214,0.189,32.24,40.0,3,2048
213651544,200.000,199.669,0.0000,-0.0984,0.0000,0.1225,0.189,32.24,40.0,3,2048
213652616,200.000,199.691,0.0000,0.0526,0.0000,0.1148,0.189,32.24,40.0,3,2048
213653893,200.000,199.669,0.0000,-0.1671,0.0000,0.1181,0.189,32.24,40.0,3,2048
213654570,200.000,199.669,0.0000,-0.0008,0.0000,0.0742,0.189,32.24,40.0,3,2048
213655888,200.000,199.691,0.0000,-0.0786,0.0000,0.0775,0.189,32.24,40.0,3,2048
213656575,200.000,199.691,0.0000,-0.0969,0.0000,0.1060,0.189,32.24,40.0,3,2048
213657895,200.000,199.669,0.0000,-0.0038,0.0000,0.1225,0.189,32.24,40.0,3,2048
213658575,200.000,199.691,0.0000,0.1457,0.0000,0.0720,0.189,32.24,40.0,3,2048
213659574,200.000,199.691,0.0000,-0.0984,0.0000,0.1258,0.189,32.24,40.0,3,2048
213660890,200.000,199.669,0.0000,-0.0114,0.0000,0.0895,0.189,32.24,40.0,3,2048
213661587,200.000,199.669,0.0000,-0.1228,0.0000,0.1445,0.189,32.24,40.0,3,2048
213662548,200.000,199.691,0.0000,0.0008,0.0000,0.0994,0.189,32.24,40.0,3,2048
213663542,200.000,199.691,0.0000,-0.0267,0.0000,0.1049,0.189,32.24,40.0,3,2048
213664595,200.000,199.691,0.0000,-0.0938,0.0000,0.1082,0.189,32.24,40.0,3,2048
213665915,200.000,199.691,0.0000,-0.0160,0.0000,0.1192,0.189,32.24,40.0,3,2048
213666598,200.000,199.691,0.0000,0.0191,0.0000,0.1049,0.189,32.24,40.0,3,2048
213667603,200.000,199.691,0.0000,0.1030,0.0000,0.0632,0.189,32.24,40.0,3,2048
213668542,200.000,199.691,0.0000,-0.0542,0.0000,0.1082,0.189,32.24,40.0,3,2048
213669579,200.000,199.669,0.0000,0.0435,0.0000,0.0687,0.189,32.24,40.0,3,2048
213670872,200.000,199.669,0.0000,-0.0359,0.0000,0.1632,0.189,32.24,40.0,3,2048
213671542,200.000,199.691,0.0000,0.0755,0.0000,0.0665,0.189,32.24,40.0,3,2048
213672564,200.000,199.691,0.0000,-0.0206,0.0000,0.1357,0.189,32.24,40.0,3,2048
213673861,200.000,199.691,0.0000,0.0008,0.0000,0.0577,0.189,32.24,40.0,3,2048
213674602,200.000,199.669,0.0000,-0.0725,0.0000,0.1423,0.189,32.24,40.0,3,2048
213675871,200.000,199.691,0.0000,-0.0648,0.0000,0.1423,0.189,32.24,40.0,3,2048
213676558,200.000,199.691,0.0000,-0.0206,0.0000,0.1104,0.189,32.24,40.0,3,2048
213677872,200.000,199.691,0.0000,-0.1198,0.0000,0.0829,0.189,32.24,40.0,3,2048
213678601,200.000,199.669,0.0000,-0.1320,0.0000,0.0786,0.189,32.24,40.0,3,2048
213679547,200.000,199.669,0.0000,0.0420,0.0000,0.0983,0.189,32.24,40.0,3,2048
213680954,200.000,199.691,0.0000,0.0359,0.0000,0.0818,0.189,32.24,40.0,3,2048
213681551,200.000,199.669,0.0000,-0.0481,0.0000,0.1434,0.189,32.24,40.0,3,2048
213682601,200.000,199.669,0.0000,-0.0191,0.0000,0.1115,0.189,32.24,40.0,3,2048
213683545,200.000,199.691,0.0000,0.0816,0.0000,0.1181,0.189,32.24,40.0,3,2048
213684561,200.000,199.691,0.0000,0.0328,0.0000,0.1148,0.189,32.24,40.0,3,2048
213685867,200.000,199.669,0.0000,-0.0481,0.0000,0.0983,0.189,32.24,40.0,3,2048
213686597,200.000,199.669,0.0000,-0.0389,0.0000,0.0873,0.189,32.24,40.0,3,2048
213687547,200.000,199.669,0.0000,-0.0893,0.0000,0.1346,0.189,32.24,40.0,3,2048
213688561,200.000,199.691,0.0000,0.0252,0.0000,0.1269,0.189,32.24,40.0,3,2048
213689542,200.000,199.669,0.0000,0.0526,0.0000,0.0950,0.189,32.24,40.0,3,2048
213690978,200.000,199.669,0.0000,0.0084,0.0000,0.1049,0.189,32.24,40.0,3,2048
213691616,200.000,199.669,0.0000,0.0175,0.0000,0.0643,0.189,32.24,40.0,3,2048
213692548,200.000,199.691,0.0000,0.0710,0.0000,0.1313,0.189,32.24,40.0,3,2048
213693877,200.000,199.691,0.0000,-0.1656,0.0000,0.0862,0.189,32.24,40.0,3,2048
213694607,200.000,199.669,0.0000,-0.1686,0.0000,0.0906,0.189,32.24,40.0,3,2048
213695893,200.000,199.691,0.0000,-0.1122,0.0000,0.1170,0.189,32.24,40.0,3,2048
213696575,200.000,199.691,0.0000,0.0603,0.0000,0.0972,0.189,32.24,40.0,3,2048
213697897,200.000,199.691,0.0000,-0.0786,0.0000,0.1038,0.189,32.24,40.0,3,2048
213698573,200.000,199.669,0.0000,-0.0862,0.0000,0.1401,0.189,32.24,40.0,3,2048
213699574,200.000,199.691,0.0000,0.1106,0.0000,0.1071,0.189,32.24,40.0,3,2048
213700891,200.000,199.669,0.0000,-0.1671,0.0000,0.0566,0.189,32.24,40.0,3,2048
213701573,200.000,199.669,0.0000,-0.1122,0.0000,0.0851,0.189,32.24,40.0,3,2048
213702575,200.000,199.691,0.0000,0.0679,0.0000,0.1302,0.189,32.24,40.0,3,2048
213703583,200.000,199.691,0.0000,0.0160,0.0000,0.0928,0.189,32.24,40.0,3,2048
213704544,200.000,199.691,0.0000,-0.1244,0.0000,0.0939,0.189,32.24,40.0,3,2048
213705876,200.000,199.691,0.0000,0.0465,0.0000,0.0994,0.189,32.24,40.0,3,2048
213706598,200.000,199.669,0.0000,-0.0374,0.0000,0.1060,0.189,32.24,40.0,3,2048
213707602,200.000,199.691,0.0000,0.1320,0.0000,0.1181,0.189,32.24,40.0,3,2048
213708569,200.000,199.669,0.0000,-0.1152,0.0000,0.0742,0.189,32.24,40.0,3,2048
213709548,200.000,199.691,0.0000,0.0465,0.0000,0.1225,0.189,32.24,40.0,3,2048
213710868,200.000,199.691,0.0000,0.1335,0.0000,0.1093,0.189,32.24,40.0,3,2048
213711666,200.000,199.691,0.0000,0.0328,0.0000,0.1214,0.189,32.24,40.0,3,2048
213712585,200.000,199.691,0.0000,0.0862,0.0000,0.1071,0.189,32.24,40.0,3,2048
213713861,200.000,199.691,0.0000,-0.0694,0.0000,0.1038,0.189,32.24,40.0,3,2048
213714515,200.000,199.669,0.0000,-0.0191,0.0000,0.1170,0.189,32.24,40.0,3,2048
213715873,200.000,199.691,0.0000,-0.0282,0.0000,0.1093,0.189,32.24,40.0,3,2048
213716542,200.000,199.691,0.0000,0.0557,0.0000,0.0775,0.189,32.24,40.0,3,2048
213717926,200.000,199.691,0.0000,0.0298,0.0000,0.1181,0.189,32.24,40.0,3,2048
213718548,200.000,199.669,0.0000,-0.1503,0.0000,0.1071,0.189,32.24,40.0,3,2048
213719566,200.000,199.691,0.0000,-0.0893,0.0000,0.1060,0.189,32.24,40.0,3,2048
213720861,200.000,199.691,0.0000,-0.0008,0.0000,0.0862,0.189,32.24,40.0,3,2048
213721574,200.000,199.691,0.0000,0.0023,0.0000,0.1324,0.189,32.24,40.0,3,2048
213722584,200.000,199.669,0.0000,-0.0267,0.0000,0.0873,0.189,32.24,40.0,3,2048
213723542,200.000,199.691,0.0000,0.0298,0.0000,0.1115,0.189,32.24,40.0,3,2048
213724560,200.000,199.691,0.0000,0.0587,0.0000,0.1104,0.189,32.24,40.0,3,2048
213725869,200.000,199.691,0.0000,-0.0038,0.0000,0.1621,0.189,32.24,40.0,3,2048
213726599,200.000,199.691,0.0000,-0.0801,0.0000,0.0994,0.189,32.24,40.0,3,2048
213727548,200.000,199.669,0.0000,-0.0008,0.0000,0.1159,0.189,32.24,40.0,3,2048
213728560,200.000,199.691,0.0000,0.0145,0.0000,0.0709,0.189,32.24,40.0,3,2048
213729542,200.000,199.691,0.0000,-0.0908,0.0000,0.1005,0.189,32.24,40.0,3,2048
213730973,200.000,199.691,0.0000,0.1289,0.0000,0.1445,0.189,32.24,40.0,3,2048
213731550,200.000,199.669,0.0000,-0.0801,0.0000,0.0884,0.189,32.24,40.0,3,2048
213732564,200.000,199.691,0.0000,0.0221,0.0000,0.1126,0.189,32.24,40.0,3,2048
213733861,200.000,199.691,0.0000,0.0175,0.0000,0.1038,0.189,32.24,40.0,3,2048
213734560,200.000,199.669,0.0000,0.0725,0.0000,0.0566,0.189,32.24,40.0,3,2048
213735862,200.000,199.669,0.0000,-0.0542,0.0000,0.0500,0.189,32.24,40.0,3,2048
213736600,200.000,199.691,0.0000,0.1137,0.0000,0.0742,0.189,32.24,40.0,3,2048
213737877,200.000,199.691,0.0000,-0.1198,0.0000,0.1577,0.189,32.24,40.0,3,2048
213738558,200.000,199.691,0.0000,-0.0084,0.0000,0.1027,0.189,32.24,40.0,3,2048
213739547,200.000,199.691,0.0000,-0.0099,0.0000,0.0917,0.189,32.24,40.0,3,2048
213740981,200.000,199.669,0.0000,-0.1015,0.0000,0.1478,0.189,32.24,40.0,3,2048
213741578,200.000,199.691,0.0000,0.0481,0.0000,0.0478,0.189,32.24,40.0,3,2048
213742547,200.000,199.669,0.0000,-0.1122,0.0000,0.0950,0.189,32.24,40.0,3,2048
213743542,200.000,199.691,0.0000,0.1244,0.0000,0.0994,0.189,32.24,40.0,3,2048
213744542,200.000,199.691,0.0000,-0.0023,0.0000,0.1115,0.189,32.24,40.0,3,2048
213745920,200.000,199.691,0.0000,0.0252,0.0000,0.1027,0.189,32.24,40.0,3,2048
213746575,200.000,199.691,0.0000,0.0282,0.0000,0.1170,0.189,32.24,40.0,3,2048
213747615,200.000,199.691,0.0000,0.0999,0.0000,0.0862,0.189,32.24,40.0,3,2048
213748578,200.000,199.691,0.0000,0.0328,0.0000,0.1203,0.189,32.24,40.0,3,2048
213749575,200.000,199.669,0.0000,-0.0999,0.0000,0.0917,0.189,32.24,40.0,3,2048
213750946,200.000,199.691,0.0000,0.0160,0.0000,0.0840,0.189,32.24,40.0,3,2048
213751585,200.000,199.669,0.0000,-0.0618,0.0000,0.0818,0.189,32.24,40.0,3,2048
213752549,200.000,199.691,0.0000,0.0542,0.0000,0.1653,0.189,32.24,40.0,3,2048
213753922,200.000,199.669,0.0000,0.0267,0.0000,0.0775,0.189,32.24,40.0,3,2048
213754573,200.000,199.691,0.0000,-0.0542,0.0000,0.1401,0.189,32.24,40.0,3,2048
213755889,200.000,199.669,0.0000,-0.0252,0.0000,0.1357,0.189,32.24,40.0,3,2048
213756572,200.000,199.669,0.0000,0.0542,0.0000,0.1049,0.189,32.24,40.0,3,2048
213757894,200.000,199.691,0.0000,0.0023,0.0000,0.1005,0.189,32.24,40.0,3,2048
213758572,200.000,199.669,0.0000,-0.0618,0.0000,0.1280,0.189,32.24,40.0,3,2048
213759572,200.000,199.669,0.0000,0.0282,0.0000,0.0862,0.189,32.24,40.0,3,2048
213760888,200.000,199.691,0.0000,0.0343,0.0000,0.0928,0.189,32.24,40.0,3,2048
213761572,200.000,199.669,0.0000,-0.0984,0.0000,0.1027,0.189,32.24,40.0,3,2048
213762573,200.000,199.691,0.0000,0.1167,0.0000,0.1181,0.189,32.24,40.0,3,2048
213763578,200.000,199.669,0.0000,-0.0999,0.0000,0.0862,0.189,32.24,40.0,3,2048
213764546,200.000,199.691,0.0000,-0.0191,0.0000,0.1357,0.189,32.24,40.0,3,2048
213765910,200.000,199.691,0.0000,-0.0908,0.0000,0.0906,0.189,32.24,40.0,3,2048
213766594,200.000,199.691,0.0000,-0.0923,0.0000,0.0972,0.189,32.24,40.0,3,2048
213767599,200.000,199.691,0.0000,0.1030,0.0000,0.1093,0.189,32.24,40.0,3,2048
213768595,200.000,199.691,0.0000,-0.0603,0.0000,0.1225,0.189,32.24,40.0,3,2048
213769542,200.000,199.691,0.0000,-0.1045,0.0000,0.1225,0.189,32.24,40.0,3,2048
213770894,200.000,199.691,0.0000,-0.0099,0.0000,0.0851,0.189,32.24,40.0,3,2048
213771550,200.000,199.669,0.0000,0.0633,0.0000,0.1247,0.189,32.24,40.0,3,2048
213772547,200.000,199.691,0.0000,0.0130,0.0000,0.0840,0.189,32.24,40.0,3,2048
213773878,200.000,199.669,0.0000,-0.0328,0.0000,0.1302,0.189,32.24,40.0,3,2048
213774543,200.000,199.691,0.0000,0.0694,0.0000,0.1060,0.189,32.24,40.0,3,2048
213775920,200.000,199.691,0.0000,0.1106,0.0000,0.0939,0.189,32.24,40.0,3,2048
213776543,200.000,199.691,0.0000,0.1442,0.0000,0.1500,0.189,32.24,40.0,3,2048
213777889,200.000,199.669,0.0000,-0.0374,0.0000,0.0983,0.189,32.24,40.0,3,2048
213778543,200.000,199.691,0.0000,-0.0053,0.0000,0.1313,0.189,32.24,40.0,3,2048
213779606,200.000,199.691,0.0000,0.0725,0.0000,0.1104,0.189,32.24,40.0,3,2048
213780869,200.000,199.669,0.0000,-0.1137,0.0000,0.1192,0.189,32.24,40.0,3,2048
213781515,200.000,199.691,0.0000,0.0954,0.0000,0.0939,0.189,32.24,40.0,3,2048
213782551,200.000,199.669,0.0000,-0.0633,0.0000,0.1181,0.189,32.24,40.0,3,2048
213783542,200.000,199.691,0.0000,0.0328,0.0000,0.0851,0.189,32.24,40.0,3,2048
213784600,200.000,199.691,0.0000,-0.0618,0.0000,0.1049,0.189,32.24,40.0,3,2048
213785871,200.000,199.691,0.0000,0.0923,0.0000,0.1137,0.189,32.24,40.0,3,2048
213786563,200.000,199.669,0.0000,0.0023,0.0000,0.1258,0.189,32.24,40.0,3,2048
213787547,200.000,199.691,0.0000,-0.0572,0.0000,0.0862,0.189,32.24,40.0,3,2048
213788595,200.000,199.669,0.0000,-0.0389,0.0000,0.0764,0.189,32.24,40.0,3,2048
213789542,200.000,199.691,0.0000,-0.0313,0.0000,0.0862,0.189,32.24,40.0,3,2048
213790890,200.000,199.669,0.0000,-0.0679,0.0000,0.1445,0.189,32.24,40.0,3,2048
213791544,200.000,199.691,0.0000,0.0786,0.0000,0.1016,0.189,32.24,40.0,3,2048
213792666,200.000,199.691,0.0000,0.0298,0.0000,0.1214,0.189,32.24,40.0,3,2048
213793884,200.000,199.691,0.0000,-0.0465,0.0000,0.0764,0.189,32.24,40.0,3,2048
213794544,200.000,199.691,0.0000,0.0801,0.0000,0.1324,0.189,32.24,40.0,3,2048
213795869,200.000,199.669,0.0000,0.0450,0.0000,0.1148,0.189,32.24,40.0,3,2048
213796544,200.000,199.691,0.0000,0.0404,0.0000,0.0972,0.189,32.24,40.0,3,2048
213797896,200.000,199.669,0.0000,-0.0084,0.0000,0.1082,0.189,32.24,40.0,3,2048
213798594,200.000,199.669,0.0000,0.0374,0.0000,0.0807,0.189,32.24,40.0,3,2048
213799610,200.000,199.691,0.0000,0.0343,0.0000,0.1192,0.189,32.24,40.0,3,2048
213800897,200.000,199.691,0.0000,-0.0008,0.0000,0.0939,0.189,32.24,40.0,3,2048
213801575,200.000,199.691,0.0000,-0.0237,0.0000,0.1005,0.189,32.24,40.0,3,2048
213802577,200.000,199.691,0.0000,0.0206,0.0000,0.0983,0.189,32.24,40.0,3,2048
213803644,200.000,199.691,0.0000,0.1167,0.0000,0.0851,0.189,32.24,40.0,3,2048
213804544,200.000,199.669,0.0000,0.1076,0.0000,0.1412,0.189,32.24,40.0,3,2048
213805875,200.000,199.669,0.0000,-0.0603,0.0000,0.0884,0.189,32.24,40.0,3,2048
213806608,200.000,199.669,0.0000,-0.0862,0.0000,0.0786,0.189,32.24,40.0,3,2048
213807576,200.000,199.691,0.0000,-0.0023,0.0000,0.0972,0.189,32.24,40.0,3,2048
213808572,200.000,199.691,0.0000,-0.0328,0.0000,0.0840,0.189,32.24,40.0,3,2048
213809569,200.000,199.691,0.0000,-0.0938,0.0000,0.1170,0.189,32.24,40.0,3,2048
213810891,200.000,199.691,0.0000,0.0008,0.0000,0.1104,0.189,32.24,40.0,3,2048
213811573,200.000,199.691,0.0000,-0.0099,0.0000,0.0807,0.189,32.24,40.0,3,2048
213812574,200.000,199.691,0.0000,-0.0557,0.0000,0.1126,0.189,32.24,40.0,3,2048
213813887,200.000,199.669,0.0000,-0.1610,0.0000,0.0731,0.189,32.24,40.0,3,2048
213814571,200.000,199.691,0.0000,0.0099,0.0000,0.1203,0.189,32.24,40.0,3,2048
213815900,200.000,199.691,0.0000,0.0633,0.0000,0.1115,0.189,32.24,40.0,3,2048
213816548,200.000,199.669,0.0000,-0.1198,0.0000,0.1126,0.189,32.24,40.0,3,2048
213817876,200.000,199.691,0.0000,0.0816,0.0000,0.0577,0.189,32.24,40.0,3,2048
213818597,200.000,199.669,0.0000,-0.0832,0.0000,0.1368,0.189,32.24,40.0,3,2048
213819600,200.000,199.669,0.0000,-0.0252,0.0000,0.1159,0.189,32.24,40.0,3,2048
213820898,200.000,199.691,0.0000,0.1198,0.0000,0.1126,0.189,32.24,40.0,3,2048
213821553,200.000,199.691,0.0000,0.0633,0.0000,0.1291,0.189,32.24,40.0,3,2048
213822547,200.000,199.691,0.0000,0.0145,0.0000,0.1027,0.189,32.24,40.0,3,2048
213823584,200.000,199.669,0.0000,-0.1747,0.0000,0.1148,0.189,32.24,40.0,3,2048
213824545,200.000,199.691,0.0000,0.1122,0.0000,0.1214,0.189,32.24,40.0,3,2048
213825869,200.000,199.669,0.0000,-0.0252,0.0000,0.0698,0.189,32.24,40.0,3,2048
213826558,200.000,199.691,0.0000,-0.0343,0.0000,0.1807,0.189,32.24,40.0,3,2048
213827547,200.000,199.691,0.0000,-0.0023,0.0000,0.0632,0.189,32.24,40.0,3,2048
213828600,200.000,199.691,0.0000,0.0084,0.0000,0.1368,0.189,32.24,40.0,3,2048
213829543,200.000,199.691,0.0000,-0.0572,0.0000,0.0895,0.189,32.24,40.0,3,2048
213830886,200.000,199.691,0.0000,-0.0084,0.0000,0.0983,0.189,32.24,40.0,3,2048
213831542,200.000,199.669,0.0000,0.0481,0.0000,0.0994,0.189,32.24,40.0,3,2048
213832605,200.000,199.691,0.0000,0.0389,0.0000,0.1159,0.189,32.24,40.0,3,2048
213833861,200.000,199.669,0.0000,-0.0175,0.0000,0.1115,0.189,32.24,40.0,3,2048
213834512,200.000,199.669,0.0000,-0.0664,0.0000,0.0731,0.189,32.24,40.0,3,2048
213835874,200.000,199.669,0.0000,-0.1106,0.0000,0.0775,0.189,32.24,40.0,3,2048
213836544,200.000,199.691,0.0000,0.1183,0.0000,0.1291,0.189,32.24,40.0,3,2048
213837925,200.000,199.691,0.0000,-0.0450,0.0000,0.0983,0.189,32.24,40.0,3,2048
213838550,200.000,199.669,0.0000,0.0328,0.0000,0.1093,0.189,32.24,40.0,3,2048
213839566,200.000,199.669,0.0000,-0.0175,0.0000,0.1269,0.189,32.24,40.0,3,2048
213840862,200.000,199.691,0.0000,-0.0145,0.0000,0.1115,0.189,32.24,40.0,3,2048
213841594,200.000,199.691,0.0000,0.0328,0.0000,0.0961,0.189,32.24,40.0,3,2048
213842548,200.000,199.691,0.0000,-0.0023,0.0000,0.0511,0.189,32.24,40.0,3,2048
213843646,200.000,199.691,0.0000,0.0191,0.0000,0.1697,0.189,32.24,40.0,3,2048
213844542,200.000,199.691,0.0000,-0.0404,0.0000,0.0906,0.189,32.24,40.0,3,2048
213845869,200.000,199.691,0.0000,0.0755,0.0000,0.0983,0.189,32.24,40.0,3,2048
213846542,200.000,199.691,0.0000,0.0328,0.0000,0.1368,0.189,32.24,40.0,3,2048
213847611,200.000,199.691,0.0000,-0.0160,0.0000,0.1071,0.189,32.24,40.0,3,2048
213848574,200.000,199.669,0.0000,-0.1198,0.0000,0.1236,0.189,32.24,40.0,3,2048
213849610,200.000,199.669,0.0000,-0.0053,0.0000,0.1346,0.189,32.24,40.0,3,2048
213850901,200.000,199.691,0.0000,0.0557,0.0000,0.0764,0.189,32.24,40.0,3,2048
213851578,200.000,199.669,0.0000,-0.0877,0.0000,0.1060,0.189,32.24,40.0,3,2048
213852576,200.000,199.691,0.0000,0.0496,0.0000,0.0972,0.189,32.24,40.0,3,2048
213853957,200.000,199.669,0.0000,-0.1350,0.0000,0.1159,0.189,32.24,40.0,3,2048
213854544,200.000,199.691,0.0000,0.0679,0.0000,0.1225,0.189,32.24,40.0,3,2048
213855881,200.000,199.691,0.0000,0.0740,0.0000,0.1049,0.189,32.24,40.0,3,2048
213856607,200.000,199.691,0.0000,0.1289,0.0000,0.1225,0.189,32.24,40.0,3,2048
213857898,200.000,199.691,0.0000,-0.0175,0.0000,0.1258,0.189,32.24,40.0,3,2048
213858575,200.000,199.669,0.0000,0.0481,0.0000,0.0950,0.189,32.24,40.0,3,2048
213859574,200.000,199.669,0.0000,-0.0923,0.0000,0.0687,0.189,32.24,40.0,3,2048
213860891,200.000,199.669,0.0000,0.0435,0.0000,0.1203,0.189,32.24,40.0,3,2048
213861573,200.000,199.691,0.0000,0.0343,0.0000,0.1038,0.189,32.24,40.0,3,2048
213862576,200.000,199.669,0.0000,-0.0862,0.0000,0.1104,0.189,32.24,40.0,3,2048
213863569,200.000,199.691,0.0000,-0.0206,0.0000,0.1390,0.189,32.24,40.0,3,2048
213864569,200.000,199.691,0.0000,0.0481,0.0000,0.0917,0.189,32.24,40.0,3,2048
213865901,200.000,199.691,0.0000,0.0237,0.0000,0.1148,0.189,32.24,40.0,3,2048
213866549,200.000,199.691,0.0000,0.0710,0.0000,0.0797,0.189,32.24,40.0,3,2048
213867551,200.000,199.691,0.0000,-0.0633,0.0000,0.1093,0.189,32.24,40.0,3,2048
213868595,200.000,199.669,0.0000,-0.1167,0.0000,0.1181,0.189,32.24,40.0,3,2048
213869588,200.000,199.669,0.0000,0.0084,0.0000,0.1214,0.189,32.24,40.0,3,2048
213870913,200.000,199.691,0.0000,-0.0542,0.0000,0.0939,0.189,32.24,40.0,3,2048
213871547,200.000,199.669,0.0000,-0.1350,0.0000,0.1049,0.189,32.24,40.0,3,2048
213872581,200.000,199.691,0.0000,0.0710,0.0000,0.1005,0.189,32.24,40.0,3,2048
213873866,200.000,199.669,0.0000,-0.1518,0.0000,0.0917,0.189,32.24,40.0,3,2048
213874543,200.000,199.691,0.0000,0.0938,0.0000,0.0643,0.189,32.24,40.0,3,2048
213875886,200.000,199.669,0.0000,-0.0191,0.0000,0.0522,0.189,32.24,40.0,3,2048
213876542,200.000,199.691,0.0000,-0.0099,0.0000,0.1247,0.189,32.24,40.0,3,2048
213877924,200.000,199.691,0.0000,-0.0420,0.0000,0.1104,0.189,32.24,40.0,3,2048
213878548,200.000,199.669,0.0000,0.0191,0.0000,0.0939,0.189,32.24,40.0,3,2048
213879564,200.000,199.691,0.0000,0.0694,0.0000,0.1467,0.189,32.24,40.0,3,2048
213880861,200.000,199.669,0.0000,-0.0877,0.0000,0.0928,0.189,32.24,40.0,3,2048
213881600,200.000,199.691,0.0000,0.0145,0.0000,0.1126,0.189,32.24,40.0,3,2048
213882548,200.000,199.691,0.0000,0.0694,0.0000,0.0950,0.189,32.24,40.0,3,2048
213883635,200.000,199.669,0.0000,-0.1457,0.0000,0.1434,0.189,32.24,40.0,3,2048
213884544,200.000,199.691,0.0000,0.0847,0.0000,0.0632,0.189,32.24,40.0,3,2048
213885921,200.000,199.669,0.0000,-0.1595,0.0000,0.0851,0.189,32.24,40.0,3,2048
213886548,200.000,199.669,0.0000,-0.0298,0.0000,0.1071,0.189,32.24,40.0,3,2048
213887566,200.000,199.691,0.0000,0.0053,0.0000,0.0983,0.189,32.24,40.0,3,2048
213888542,200.000,199.691,0.0000,0.0496,0.0000,0.1104,0.189,32.24,40.0,3,2048
213889594,200.000,199.669,0.0000,-0.0404,0.0000,0.1082,0.189,32.24,40.0,3,2048
213890871,200.000,199.669,0.0000,0.0801,0.0000,0.1104,0.189,32.24,40.0,3,2048
213891564,200.000,199.691,0.0000,-0.0572,0.0000,0.0851,0.189,32.24,40.0,3,2048
213892547,200.000,199.669,0.0000,-0.0786,0.0000,0.1335,0.189,32.24,40.0,3,2048
213893977,200.000,199.691,0.0000,0.0664,0.0000,0.0445,0.189,32.24,40.0,3,2048
213894574,200.000,199.669,0.0000,-0.1579,0.0000,0.1280,0.189,32.24,40.0,3,2048
213895869,200.000,199.691,0.0000,-0.1274,0.0000,0.1500,0.189,32.24,40.0,3,2048
213896548,200.000,199.669,0.0000,0.0206,0.0000,0.1148,0.189,32.24,40.0,3,2048
213897868,200.000,199.669,0.0000,-0.0114,0.0000,0.0840,0.189,32.24,40.0,3,2048
213898545,200.000,199.691,0.0000,0.0786,0.0000,0.1225,0.189,32.24,40.0,3,2048
213899602,200.000,199.669,0.0000,0.0206,0.0000,0.1280,0.189,32.24,40.0,3,2048
213900927,200.000,199.691,0.0000,0.0618,0.0000,0.1258,0.189,32.24,40.0,3,2048
213901575,200.000,199.691,0.0000,-0.1152,0.0000,0.1082,0.189,32.24,40.0,3,2048
213902576,200.000,199.691,0.0000,-0.0511,0.0000,0.1093,0.189,32.24,40.0,3,2048
213903573,200.000,199.691,0.0000,-0.0298,0.0000,0.0731,0.189,32.24,40.0,3,2048
213904645,200.000,199.691,0.0000,-0.1183,0.0000,0.1115,0.189,32.24,40.0,3,2048
213905871,200.000,199.691,0.0000,0.1305,0.0000,0.1302,0.189,32.24,40.0,3,2048
213906544,200.000,199.691,0.0000,0.0740,0.0000,0.1159,0.189,32.24,40.0,3,2048
213907611,200.000,199.691,0.0000,0.0130,0.0000,0.0807,0.189,32.24,40.0,3,2048
213908576,200.000,199.669,0.0000,-0.1030,0.0000,0.1489,0.189,32.24,40.0,3,2048
213909569,200.000,199.691,0.0000,-0.0237,0.0000,0.1082,0.189,32.24,40.0,3,2048
213910888,200.000,199.691,0.0000,-0.0099,0.0000,0.0829,0.189,32.24,40.0,3,2048
213911575,200.000,199.691,0.0000,-0.0267,0.0000,0.1313,0.189,32.24,40.0,3,2048
213912575,200.000,199.669,0.0000,-0.0359,0.0000,0.0731,0.189,32.24,40.0,3,2048
213913886,200.000,199.691,0.0000,-0.0099,0.0000,0.1027,0.189,32.24,40.0,3,2048
213914570,200.000,199.691,0.0000,0.0526,0.0000,0.1170,0.189,32.24,40.0,3,2048
213915891,200.000,199.669,0.0000,0.0420,0.0000,0.1137,0.189,32.24,40.0,3,2048
213916580,200.000,199.691,0.0000,0.0023,0.0000,0.1170,0.189,32.24,40.0,3,2048
213917875,200.000,199.691,0.0000,0.0481,0.0000,0.1324,0.189,32.24,40.0,3,2048
213918542,200.000,199.691,0.0000,-0.0786,0.0000,0.1071,0.189,32.24,40.0,3,2048
213919603,200.000,199.691,0.0000,-0.0191,0.0000,0.1335,0.189,32.24,40.0,3,2048
213920914,200.000,199.669,0.0000,-0.0832,0.0000,0.1060,0.189,32.24,40.0,3,2048
213921600,200.000,199.691,0.0000,0.0420,0.0000,0.0961,0.189,32.24,40.0,3,2048
213922601,200.000,199.691,0.0000,-0.0313,0.0000,0.1027,0.189,32.24,40.0,3,2048
213923542,200.000,199.669,0.0000,-0.0389,0.0000,0.1071,0.189,32.24,40.0,3,2048
213924575,200.000,199.669,0.0000,0.1060,0.0000,0.1082,0.189,32.24,40.0,3,2048
213925872,200.000,199.669,0.0000,-0.0130,0.0000,0.1335,0.189,32.24,40.0,3,2048
213926542,200.000,199.691,0.0000,0.1488,0.0000,0.0895,0.189,32.24,40.0,3,2048
213927564,200.000,199.691,0.0000,-0.0313,0.0000,0.1170,0.189,32.24,40.0,3,2048
213928542,200.000,199.691,0.0000,0.1060,0.0000,0.1214,0.189,32.24,40.0,3,2048
213929601,200.000,199.691,0.0000,0.0618,0.0000,0.0972,0.189,32.24,40.0,3,2048
213930869,200.000,199.691,0.0000,0.0984,0.0000,0.1060,0.189,32.24,40.0,3,2048
213931558,200.000,199.691,0.0000,-0.0099,0.0000,0.1126,0.189,32.24,40.0,3,2048
213932547,200.000,199.691,0.0000,0.0038,0.0000,0.1357,0.189,32.24,40.0,3,2048
213933921,200.000,199.691,0.0000,-0.0267,0.0000,0.1390,0.189,32.24,40.0,3,2048
213934543,200.000,199.691,0.0000,0.0740,0.0000,0.1027,0.189,32.24,40.0,3,2048
213935955,200.000,199.691,0.0000,0.1289,0.0000,0.0983,0.189,32.24,40.0,3,2048
213936553,200.000,199.669,0.0000,-0.0801,0.0000,0.0742,0.189,32.24,40.0,3,2048
213937925,200.000,199.691,0.0000,0.1213,0.0000,0.1379,0.189,32.24,40.0,3,2048
213938545,200.000,199.669,0.0000,-0.0145,0.0000,0.1038,0.189,32.24,40.0,3,2048
213939566,200.000,199.691,0.0000,0.0542,0.0000,0.1027,0.189,32.24,40.0,3,2048
213940866,200.000,199.691,0.0000,-0.0084,0.0000,0.0775,0.189,32.24,40.0,3,2048
213941595,200.000,199.691,0.0000,0.0252,0.0000,0.1115,0.189,32.24,40.0,3,2048
213942547,200.000,199.669,0.0000,-0.0511,0.0000,0.1324,0.189,32.24,40.0,3,2048
213943561,200.000,199.691,0.0000,0.0542,0.0000,0.1379,0.189,32.24,40.0,3,2048
213944542,200.000,199.669,0.0000,-0.0771,0.0000,0.0862,0.189,32.24,40.0,3,2048
213945982,200.000,199.669,0.0000,0.0496,0.0000,0.1291,0.189,32.24,40.0,3,2048
213946576,200.000,199.691,0.0000,0.1839,0.0000,0.1082,0.189,32.24,40.0,3,2048
213947547,200.000,199.691,0.0000,-0.0923,0.0000,0.0917,0.189,32.24,40.0,3,2048
213948542,200.000,199.669,0.0000,-0.0450,0.0000,0.0917,0.189,32.24,40.0,3,2048
213949542,200.000,199.669,0.0000,-0.0801,0.0000,0.1291,0.189,32.24,40.0,3,2048
213950918,200.000,199.691,0.0000,0.0481,0.0000,0.0687,0.189,32.24,40.0,3,2048
213951876,200.000,199.691,0.0000,-0.0710,0.0000,0.1071,0.189,32.24,40.0,3,2048
213952896,200.000,199.669,0.0000,-0.0710,0.0000,0.1016,0.189,32.24,40.0,3,2048
213954203,200.000,199.691,0.0000,0.0313,0.0000,0.0983,0.189,32.24,40.0,3,2048
213954556,200.000,199.669,0.0000,-0.0023,0.0000,0.1093,0.189,32.24,40.0,3,2048
213955899,200.000,199.691,0.0000,0.1656,0.0000,0.1005,0.189,32.24,40.0,3,2048
213956575,200.000,199.669,0.0000,-0.1106,0.0000,0.0851,0.189,32.24,40.0,3,2048
213957970,200.000,199.691,0.0000,0.0526,0.0000,0.1302,0.189,32.24,40.0,3,2048
213958549,200.000,199.669,0.0000,-0.0389,0.0000,0.1115,0.189,32.24,40.0,3,2048
213959547,200.000,199.691,0.0000,0.0557,0.0000,0.1148,0.189,32.24,40.0,3,2048
213960924,200.000,199.669,0.0000,0.0114,0.0000,0.1137,0.189,32.24,40.0,3,2048
213961577,200.000,199.691,0.0000,0.0114,0.0000,0.1093,0.189,32.24,40.0,3,2048
213962577,200.000,199.669,0.0000,-0.0313,0.0000,0.1159,0.189,32.24,40.0,3,2048
213963569,200.000,199.691,0.0000,0.0374,0.0000,0.0961,0.189,32.24,40.0,3,2048
213964569,200.000,199.669,0.0000,-0.0725,0.0000,0.0950,0.189,32.24,40.0,3,2048
213965892,200.000,199.691,0.0000,0.0725,0.0000,0.0873,0.189,32.24,40.0,3,2048
213966573,200.000,199.691,0.0000,0.1717,0.0000,0.1181,0.189,32.24,40.0,3,2048
213967575,200.000,199.691,0.0000,0.0389,0.0000,0.1082,0.189,32.24,40.0,3,2048
213968570,200.000,199.691,0.0000,0.0710,0.0000,0.0786,0.189,32.24,40.0,3,2048
213969583,200.000,199.669,0.0000,0.0511,0.0000,0.1445,0.189,32.24,40.0,3,2048
213970869,200.000,199.669,0.0000,0.0313,0.0000,0.1192,0.189,32.24,40.0,3,2048
213971550,200.000,199.691,0.0000,0.0877,0.0000,0.0786,0.189,32.24,40.0,3,2048
213972605,200.000,199.691,0.0000,-0.0603,0.0000,0.1313,0.189,32.24,40.0,3,2048
213973909,200.000,199.669,0.0000,-0.0694,0.0000,0.1093,0.189,32.24,40.0,3,2048
213974545,200.000,199.691,0.0000,0.0206,0.0000,0.0862,0.189,32.24,40.0,3,2048
213975875,200.000,199.691,0.0000,-0.0145,0.0000,0.0775,0.189,32.24,40.0,3,2048
213976542,200.000,199.669,0.0000,-0.1366,0.0000,0.1126,0.189,32.24,40.0,3,2048
213977889,200.000,199.691,0.0000,0.0465,0.0000,0.1181,0.189,32.24,40.0,3,2048
213978550,200.000,199.691,0.0000,0.1228,0.0000,0.0994,0.189,32.24,40.0,3,2048
213979547,200.000,199.669,0.0000,-0.0801,0.0000,0.0654,0.189,32.24,40.0,3,2048
213980878,200.000,199.669,0.0000,-0.0420,0.0000,0.1159,0.189,32.24,40.0,3,2048
213981547,200.000,199.691,0.0000,0.0999,0.0000,0.1005,0.189,32.24,40.0,3,2048
213982601,200.000,199.691,0.0000,-0.0801,0.0000,0.1324,0.189,32.24,40.0,3,2048
213983547,200.000,199.691,0.0000,-0.0908,0.0000,0.0818,0.189,32.24,40.0,3,2048
213984558,200.000,199.691,0.0000,-0.0420,0.0000,0.0775,0.189,32.24,40.0,3,2048
213985867,200.000,199.691,0.0000,0.0160,0.0000,0.1214,0.189,32.24,40.0,3,2048
213986600,200.000,199.691,0.0000,-0.0618,0.0000,0.1016,0.189,32.24,40.0,3,2048
213987548,200.000,199.691,0.0000,0.0557,0.0000,0.1093,0.189,32.24,40.0,3,2048
213988635,200.000,199.691,0.0000,0.0877,0.0000,0.1016,0.189,32.24,40.0,3,2048
213989544,200.000,199.691,0.0000,-0.0069,0.0000,0.1016,0.189,32.24,40.0,3,2048
213990921,200.000,199.691,0.0000,0.0359,0.0000,0.1445,0.189,32.24,40.0,3,2048
213991548,200.000,199.669,0.0000,-0.0267,0.0000,0.0939,0.189,32.24,40.0,3,2048
213992566,200.000,199.669,0.0000,-0.0435,0.0000,0.1071,0.189,32.24,40.0,3,2048
213993860,200.000,199.691,0.0000,0.0923,0.0000,0.0972,0.189,32.24,40.0,3,2048
213994595,200.000,199.691,0.0000,0.0191,0.0000,0.1269,0.189,32.24,40.0,3,2048
213995870,200.000,199.691,0.0000,0.0664,0.0000,0.1258,0.189,32.24,40.0,3,2048
213996646,200.000,199.691,0.0000,-0.0267,0.0000,0.0632,0.189,32.24,40.0,3,2048
213997877,200.000,199.691,0.0000,0.1076,0.0000,0.1093,0.189,32.24,40.0,3,2048
213998542,200.000,199.691,0.0000,0.0175,0.0000,0.1060,0.189,32.24,40.0,3,2048
213999547,200.000,199.669,0.0000,-0.1259,0.0000,0.0939,0.189,32.24,40.0,3,2048
214000864,200.000,199.691,0.0000,0.1122,0.0000,0.1071,0.189,32.24,40.0,3,2048
214001609,200.000,199.669,0.0000,-0.0328,0.0000,0.1049,0.189,32.24,40.0,3,2048
214002596,200.000,199.669,0.0000,0.0618,0.0000,0.0950,0.189,32.24,40.0,3,2048
214003595,200.000,199.669,0.0000,0.0191,0.0000,0.0917,0.189,32.24,40.0,3,2048
214004573,200.000,199.669,0.0000,-0.0557,0.0000,0.0906,0.189,32.24,40.0,3,2048
214005892,200.000,199.669,0.0000,-0.0237,0.0000,0.1291,0.189,32.24,40.0,3,2048
214006639,200.000,199.669,0.0000,0.0618,0.0000,0.0522,0.189,32.24,40.0,3,2048
214007548,200.000,199.669,0.0000,-0.1274,0.0000,0.1500,0.189,32.24,40.0,3,2048
214008542,200.000,199.691,0.0000,0.0298,0.0000,0.1005,0.189,32.24,40.0,3,2048
214009606,200.000,199.691,0.0000,0.0587,0.0000,0.0577,0.189,32.24,40.0,3,2048
214010897,200.000,199.691,0.0000,0.0572,0.0000,0.1478,0.189,32.24,40.0,3,2048
214011573,200.000,199.669,0.0000,0.0343,0.0000,0.1313,0.189,32.24,40.0,3,2048
214012574,200.000,199.669,0.0000,-0.0877,0.0000,0.0895,0.189,32.24,40.0,3,2048
214013888,200.000,199.691,0.0000,0.1198,0.0000,0.0786,0.189,32.24,40.0,3,2048
214014570,200.000,199.691,0.0000,0.0374,0.0000,0.1280,0.189,32.24,40.0,3,2048
214015891,200.000,199.691,0.0000,0.0908,0.0000,0.1225,0.189,32.24,40.0,3,2048
214016574,200.000,199.691,0.0000,0.0221,0.0000,0.1247,0.189,32.24,40.0,3,2048
214017898,200.000,199.691,0.0000,0.0725,0.0000,0.1082,0.189,32.24,40.0,3,2048
214018588,200.000,199.691,0.0000,-0.0648,0.0000,0.1225,0.189,32.24,40.0,3,2048
214019548,200.000,199.691,0.0000,-0.0038,0.0000,0.1038,0.189,32.24,40.0,3,2048
214020876,200.000,199.691,0.0000,-0.0008,0.0000,0.1203,0.189,32.24,40.0,3,2048
214021595,200.000,199.691,0.0000,-0.0862,0.0000,0.0906,0.189,32.24,40.0,3,2048
214022600,200.000,199.691,0.0000,0.0252,0.0000,0.1071,0.189,32.24,40.0,3,2048
214023580,200.000,199.669,0.0000,-0.0389,0.0000,0.0961,0.189,32.24,40.0,3,2048
214024548,200.000,199.691,0.0000,0.0618,0.0000,0.1313,0.189,32.24,40.0,3,2048
214025869,200.000,199.669,0.0000,-0.0450,0.0000,0.1082,0.189,32.24,40.0,3,2048
214026665,200.000,199.691,0.0000,0.1152,0.0000,0.1093,0.189,32.24,40.0,3,2048
214027586,200.000,199.669,0.0000,-0.0069,0.0000,0.0994,0.189,32.24,40.0,3,2048
214028542,200.000,199.691,0.0000,0.0282,0.0000,0.1192,0.189,32.24,40.0,3,2048
214029558,200.000,199.691,0.0000,0.0130,0.0000,0.1181,0.189,32.24,40.0,3,2048
214030869,200.000,199.691,0.0000,-0.0175,0.0000,0.0742,0.189,32.24,40.0,3,2048
214031600,200.000,199.691,0.0000,0.0313,0.0000,0.1357,0.189,32.24,40.0,3,2048
214032548,200.000,199.691,0.0000,0.1259,0.0000,0.1060,0.189,32.24,40.0,3,2048
214033877,200.000,199.691,0.0000,-0.0252,0.0000,0.0972,0.189,32.24,40.0,3,2048
214034543,200.000,199.691,0.0000,0.1122,0.0000,0.1192,0.189,32.24,40.0,3,2048
214035911,200.000,199.691,0.0000,0.0816,0.0000,0.0994,0.189,32.24,40.0,3,2048
214036550,200.000,199.691,0.0000,0.0328,0.0000,0.1357,0.189,32.24,40.0,3,2048
214037961,200.000,199.691,0.0000,-0.0664,0.0000,0.1137,0.189,32.24,40.0,3,2048
214038553,200.000,199.691,0.0000,0.0023,0.0000,0.0972,0.189,32.24,40.0,3,2048
214039601,200.000,199.669,0.0000,-0.0038,0.0000,0.1192,0.189,32.24,40.0,3,2048
214040871,200.000,199.691,0.0000,0.0420,0.0000,0.0851,0.189,32.24,40.0,3,2048
214041567,200.000,199.691,0.0000,-0.0710,0.0000,0.1082,0.189,32.24,40.0,3,2048
214042547,200.000,199.691,0.0000,0.0053,0.0000,0.0917,0.189,32.24,40.0,3,2048
214043592,200.000,199.669,0.0000,0.0557,0.0000,0.0939,0.189,32.24,40.0,3,2048
214044547,200.000,199.691,0.0000,-0.0008,0.0000,0.1313,0.189,32.24,40.0,3,2048
214045886,200.000,199.691,0.0000,-0.0710,0.0000,0.0895,0.189,32.24,40.0,3,2048
214046548,200.000,199.691,0.0000,0.0069,0.0000,0.1302,0.189,32.24,40.0,3,2048
214047660,200.000,199.669,0.0000,0.0374,0.0000,0.1148,0.189,32.24,40.0,3,2048
214048615,200.000,199.669,0.0000,-0.0771,0.0000,0.1148,0.189,32.24,40.0,3,2048
214049542,200.000,199.691,0.0000,-0.0099,0.0000,0.1170,0.189,32.24,40.0,3,2048
214050924,200.000,199.691,0.0000,0.0252,0.0000,0.1181,0.189,32.24,40.0,3,2048
214051576,200.000,199.691,0.0000,-0.0191,0.0000,0.0807,0.189,32.24,40.0,3,2048
214052577,200.000,199.669,0.0000,-0.0893,0.0000,0.1247,0.189,32.24,40.0,3,2048
214053888,200.000,199.691,0.0000,0.0038,0.0000,0.1038,0.189,32.24,40.0,3,2048
214054570,200.000,199.691,0.0000,-0.1106,0.0000,0.1137,0.189,32.24,40.0,3,2048
214055889,200.000,199.669,0.0000,-0.0969,0.0000,0.1247,0.189,32.24,40.0,3,2048
214056574,200.000,199.691,0.0000,-0.0633,0.0000,0.1038,0.189,32.24,40.0,3,2048
214057897,200.000,199.691,0.0000,-0.0862,0.0000,0.1379,0.189,32.24,40.0,3,2048
214058574,200.000,199.691,0.0000,0.0862,0.0000,0.1060,0.189,32.24,40.0,3,2048
214059575,200.000,199.691,0.0000,0.0374,0.0000,0.1236,0.189,32.24,40.0,3,2048
214060904,200.000,199.691,0.0000,0.1091,0.0000,0.0577,0.189,32.24,40.0,3,2048
214061548,200.000,199.691,0.0000,-0.0710,0.0000,0.1280,0.189,32.24,40.0,3,2048
214062547,200.000,199.669,0.0000,-0.0099,0.0000,0.0566,0.189,32.24,40.0,3,2048
214063595,200.000,199.669,0.0000,0.0725,0.0000,0.1544,0.189,32.24,40.0,3,2048
214064592,200.000,199.691,0.0000,0.0145,0.0000,0.0775,0.189,32.24,40.0,3,2048
214065914,200.000,199.691,0.0000,0.0191,0.0000,0.0983,0.189,32.24,40.0,3,2048
214066549,200.000,199.691,0.0000,0.0816,0.0000,0.0818,0.189,32.24,40.0,3,2048
214067582,200.000,199.691,0.0000,0.0999,0.0000,0.1126,0.189,32.24,40.0,3,2048
214068544,200.000,199.669,0.0000,-0.1396,0.0000,0.0829,0.189,32.24,40.0,3,2048
214069542,200.000,199.669,0.0000,-0.0160,0.0000,0.1137,0.189,32.24,40.0,3,2048
214070954,200.000,199.669,0.0000,-0.1183,0.0000,0.0807,0.189,32.24,40.0,3,2048
214071551,200.000,199.691,0.0000,-0.0786,0.0000,0.1093,0.189,32.24,40.0,3,2048
214072601,200.000,199.669,0.0000,0.0450,0.0000,0.0742,0.189,32.24,40.0,3,2048
214073866,200.000,199.669,0.0000,-0.1991,0.0000,0.1346,0.189,32.24,40.0,3,2048
214074562,200.000,199.691,0.0000,0.0984,0.0000,0.0884,0.189,32.24,40.0,3,2048
214075866,200.000,199.669,0.0000,0.0832,0.0000,0.0665,0.189,32.24,40.0,3,2048
214076597,200.000,199.691,0.0000,0.1030,0.0000,0.1225,0.189,32.24,40.0,3,2048
214077875,200.000,199.669,0.0000,-0.1549,0.0000,0.0829,0.189,32.24,40.0,3,2048
214078521,200.000,199.691,0.0000,0.0465,0.0000,0.1247,0.189,32.24,40.0,3,2048
214079549,200.000,199.691,0.0000,0.0099,0.0000,0.0709,0.189,32.24,40.0,3,2048
214080871,200.000,199.669,0.0000,-0.1808,0.0000,0.1313,0.189,32.24,40.0,3,2048
214081602,200.000,199.669,0.0000,-0.1198,0.0000,0.0862,0.189,32.24,40.0,3,2048
214082547,200.000,199.669,0.0000,-0.1793,0.0000,0.0818,0.189,32.24,40.0,3,2048
214083561,200.000,199.691,0.0000,0.0267,0.0000,0.0720,0.189,32.24,40.0,3,2048
214084542,200.000,199.691,0.0000,-0.0740,0.0000,0.1357,0.189,32.24,40.0,3,2048
214085914,200.000,199.691,0.0000,0.0755,0.0000,0.0797,0.189,32.24,40.0,3,2048
214086547,200.000,199.691,0.0000,-0.0359,0.0000,0.1357,0.189,32.24,40.0,3,2048
214087638,200.000,199.691,0.0000,-0.0008,0.0000,0.1225,0.189,32.24,40.0,3,2048
214088545,200.000,199.669,0.0000,-0.0496,0.0000,0.1203,0.189,32.24,40.0,3,2048
214089597,200.000,199.691,0.0000,0.1289,0.0000,0.0994,0.189,32.24,40.0,3,2048
214090870,200.000,199.691,0.0000,-0.0755,0.0000,0.1060,0.189,32.24,40.0,3,2048
214091567,200.000,199.691,0.0000,-0.0221,0.0000,0.1181,0.189,32.24,40.0,3,2048
214092547,200.000,199.691,0.0000,-0.0343,0.0000,0.0610,0.189,32.24,40.0,3,2048
214093911,200.000,199.691,0.0000,0.0877,0.0000,0.1214,0.189,32.24,40.0,3,2048
214094547,200.000,199.691,0.0000,0.0710,0.0000,0.1016,0.189,32.24,40.0,3,2048
214095885,200.000,199.691,0.0000,0.0877,0.0000,0.0972,0.189,32.24,40.0,3,2048
214096548,200.000,199.669,0.0000,-0.0572,0.0000,0.1280,0.189,32.24,40.0,3,2048
214097981,200.000,199.691,0.0000,0.1320,0.0000,0.1225,0.189,32.24,40.0,3,2048
214098625,200.000,199.669,0.0000,-0.0694,0.0000,0.0862,0.189,32.24,40.0,3,2048
214099547,200.000,199.691,0.0000,-0.1152,0.0000,0.0895,0.189,32.24,40.0,3,2048
214100877,200.000,199.669,0.0000,-0.0969,0.0000,0.1159,0.189,32.24,40.0,3,2048
214101607,200.000,199.669,0.0000,0.0587,0.0000,0.1302,0.189,32.24,40.0,3,2048
214102577,200.000,199.669,0.0000,-0.0267,0.0000,0.1038,0.189,32.24,40.0,3,2048
214103572,200.000,199.691,0.0000,0.0648,0.0000,0.1137,0.189,32.24,40.0,3,2048
214104569,200.000,199.691,0.0000,0.0465,0.0000,0.0917,0.189,32.24,40.0,3,2048
214105889,200.000,199.691,0.0000,-0.0298,0.0000,0.0917,0.189,32.24,40.0,3,2048
214106575,200.000,199.691,0.0000,-0.0114,0.0000,0.1269,0.189,32.24,40.0,3,2048
214107573,200.000,199.691,0.0000,0.0145,0.0000,0.0994,0.189,32.24,40.0,3,2048
214108569,200.000,199.669,0.0000,-0.1106,0.0000,0.0731,0.189,32.24,40.0,3,2048
214109582,200.000,199.691,0.0000,0.0374,0.0000,0.1291,0.189,32.24,40.0,3,2048
214110869,200.000,199.691,0.0000,-0.0740,0.0000,0.0972,0.189,32.24,40.0,3,2048
214111544,200.000,199.691,0.0000,0.0450,0.0000,0.0698,0.189,32.24,40.0,3,2048
214112598,200.000,199.691,0.0000,0.0969,0.0000,0.1060,0.189,32.24,40.0,3,2048
214113915,200.000,199.691,0.0000,0.0023,0.0000,0.1060,0.189,32.24,40.0,3,2048
214114592,200.000,199.669,0.0000,-0.0984,0.0000,0.1071,0.189,32.24,40.0,3,2048
214115913,200.000,199.669,0.0000,-0.1305,0.0000,0.1170,0.189,32.24,40.0,3,2048
214116547,200.000,199.691,0.0000,0.0313,0.0000,0.1170,0.189,32.24,40.0,3,2048
214117898,200.000,199.691,0.0000,0.0069,0.0000,0.1049,0.189,32.24,40.0,3,2048
214118550,200.000,199.669,0.0000,-0.0267,0.0000,0.0829,0.189,32.24,40.0,3,2048
214119547,200.000,199.669,0.0000,-0.0008,0.0000,0.0983,0.189,32.24,40.0,3,2048
214120958,200.000,199.669,0.0000,0.0084,0.0000,0.1225,0.189,32.24,40.0,3,2048
214121549,200.000,199.669,0.0000,0.0755,0.0000,0.1214,0.189,32.24,40.0,3,2048
214122604,200.000,199.669,0.0000,0.0053,0.0000,0.1016,0.189,32.24,40.0,3,2048
214123547,200.000,199.691,0.0000,0.0175,0.0000,0.1214,0.189,32.24,40.0,3,2048
214124561,200.000,199.691,0.0000,0.0221,0.0000,0.0709,0.189,32.24,40.0,3,2048
214125868,200.000,199.691,0.0000,-0.0496,0.0000,0.1357,0.189,32.24,40.0,3,2048
214126597,200.000,199.691,0.0000,0.0801,0.0000,0.1082,0.189,32.24,40.0,3,2048
214127548,200.000,199.691,0.0000,0.0832,0.0000,0.0807,0.189,32.24,40.0,3,2048
214128635,200.000,199.691,0.0000,-0.0160,0.0000,0.1412,0.189,32.24,40.0,3,2048
214129544,200.000,199.669,0.0000,0.0404,0.0000,0.0764,0.189,32.24,40.0,3,2048
214130920,200.000,199.669,0.0000,0.0160,0.0000,0.1049,0.189,32.24,40.0,3,2048
214131859,200.000,199.691,0.0000,0.0237,0.0000,0.1489,0.189,32.24,40.0,3,2048
214132868,200.000,199.669,0.0000,0.0069,0.0000,0.0950,0.189,32.24,40.0,3,2048
214134183,200.000,199.691,0.0000,0.0221,0.0000,0.1214,0.189,32.24,40.0,3,2048
214134428,200.000,199.691,0.0000,0.0313,0.0000,0.1115,0.189,32.24,40.0,3,2048
214135898,200.000,199.669,0.0000,-0.0847,0.0000,0.1093,0.189,32.24,40.0,3,2048
214136547,200.000,199.691,0.0000,0.0984,0.0000,0.1214,0.189,32.24,40.0,3,2048
214137964,200.000,199.669,0.0000,-0.0267,0.0000,0.0961,0.189,32.24,40.0,3,2048
214138550,200.000,199.691,0.0000,-0.0298,0.0000,0.1423,0.189,32.24,40.0,3,2048
214139604,200.000,199.669,0.0000,-0.0450,0.0000,0.0983,0.189,32.24,40.0,3,2048
214140871,200.000,199.669,0.0000,-0.0160,0.0000,0.0950,0.189,32.24,40.0,3,2048
214141564,200.000,199.691,0.0000,-0.1488,0.0000,0.1027,0.189,32.24,40.0,3,2048
214142547,200.000,199.691,0.0000,0.0984,0.0000,0.0939,0.189,32.24,40.0,3,2048
214143594,200.000,199.691,0.0000,-0.0877,0.0000,0.1060,0.189,32.24,40.0,3,2048
214144547,200.000,199.691,0.0000,0.0771,0.0000,0.1225,0.189,32.24,40.0,3,2048
214145886,200.000,199.691,0.0000,-0.1228,0.0000,0.1071,0.189,32.24,40.0,3,2048
214146545,200.000,199.669,0.0000,-0.0893,0.0000,0.1038,0.189,32.24,40.0,3,2048
214147663,200.000,199.691,0.0000,-0.0145,0.0000,0.0851,0.189,32.24,40.0,3,2048
214148569,200.000,199.691,0.0000,-0.0404,0.0000,0.0687,0.189,32.24,40.0,3,2048
214149544,200.000,199.691,0.0000,0.0664,0.0000,0.1379,0.189,32.24,40.0,3,2048
214150869,200.000,199.669,0.0000,-0.1259,0.0000,0.1247,0.189,32.24,40.0,3,2048
214151548,200.000,199.691,0.0000,0.2083,0.0000,0.1137,0.189,32.24,40.0,3,2048
214152602,200.000,199.691,0.0000,-0.0053,0.0000,0.1357,0.189,32.24,40.0,3,2048
214153893,200.000,199.691,0.0000,0.1823,0.0000,0.1368,0.189,32.24,40.0,3,2048
214154605,200.000,199.691,0.0000,-0.0130,0.0000,0.1225,0.189,32.24,40.0,3,2048
214155893,200.000,199.691,0.0000,0.1228,0.0000,0.1302,0.189,32.24,40.0,3,2048
214156573,200.000,199.691,0.0000,0.0633,0.0000,0.1093,0.189,32.24,40.0,3,2048
214157902,200.000,199.691,0.0000,0.0237,0.0000,0.1093,0.189,32.24,40.0,3,2048
214158646,200.000,199.669,0.0000,-0.0389,0.0000,0.0533,0.189,32.24,40.0,3,2048
214159548,200.000,199.669,0.0000,-0.0664,0.0000,0.1445,0.189,32.24,40.0,3,2048
214160869,200.000,199.691,0.0000,0.1045,0.0000,0.0983,0.189,32.24,40.0,3,2048
214161609,200.000,199.669,0.0000,-0.0587,0.0000,0.0917,0.189,32.24,40.0,3,2048
214162575,200.000,199.669,0.0000,-0.0328,0.0000,0.1313,0.189,32.24,40.0,3,2048
214163572,200.000,199.669,0.0000,-0.0679,0.0000,0.0676,0.189,32.24,40.0,3,2048
214164569,200.000,199.691,0.0000,0.1823,0.0000,0.1313,0.189,32.24,40.0,3,2048
214165891,200.000,199.669,0.0000,-0.0450,0.0000,0.0818,0.189,32.24,40.0,3,2048
214166573,200.000,199.691,0.0000,-0.0465,0.0000,0.1126,0.189,32.24,40.0,3,2048
214167574,200.000,199.691,0.0000,-0.0587,0.0000,0.1126,0.189,32.24,40.0,3,2048
214168569,200.000,199.691,0.0000,0.1060,0.0000,0.0764,0.189,32.24,40.0,3,2048
214169571,200.000,199.691,0.0000,0.0160,0.0000,0.1181,0.189,32.24,40.0,3,2048
214170894,200.000,199.691,0.0000,-0.0175,0.0000,0.0797,0.189,32.24,40.0,3,2048
214171546,200.000,199.669,0.0000,-0.1015,0.0000,0.1236,0.189,32.24,40.0,3,2048
214172597,200.000,199.691,0.0000,0.0511,0.0000,0.1115,0.189,32.24,40.0,3,2048
214173906,200.000,199.691,0.0000,-0.0237,0.0000,0.1060,0.189,32.24,40.0,3,2048
214174592,200.000,199.691,0.0000,0.0374,0.0000,0.1126,0.189,32.24,40.0,3,2048
214175914,200.000,199.691,0.0000,0.0648,0.0000,0.1148,0.189,32.24,40.0,3,2048
214176547,200.000,199.691,0.0000,-0.0267,0.0000,0.1038,0.189,32.24,40.0,3,2048
214177909,200.000,199.669,0.0000,-0.0923,0.0000,0.1434,0.189,32.24,40.0,3,2048
214178549,200.000,199.691,0.0000,0.0679,0.0000,0.0906,0.189,32.24,40.0,3,2048
214179547,200.000,199.691,0.0000,0.0450,0.0000,0.1247,0.189,32.24,40.0,3,2048
214180878,200.000,199.669,0.0000,-0.0832,0.0000,0.0939,0.189,32.24,40.0,3,2048
214181547,200.000,199.669,0.0000,0.0374,0.0000,0.0884,0.189,32.24,40.0,3,2048
214182602,200.000,199.691,0.0000,0.1518,0.0000,0.1159,0.189,32.24,40.0,3,2048
214183545,200.000,199.691,0.0000,0.1060,0.0000,0.0829,0.189,32.24,40.0,3,2048
214184558,200.000,199.669,0.0000,0.0099,0.0000,0.1313,0.189,32.24,40.0,3,2048
214185867,200.000,199.691,0.0000,0.1244,0.0000,0.0972,0.189,32.24,40.0,3,2048
214186601,200.000,199.691,0.0000,-0.1442,0.0000,0.1093,0.189,32.24,40.0,3,2048
214187547,200.000,199.691,0.0000,0.0496,0.0000,0.0939,0.189,32.24,40.0,3,2048
214188635,200.000,199.669,0.0000,-0.1518,0.0000,0.1313,0.189,32.24,40.0,3,2048
214189544,200.000,199.669,0.0000,0.0557,0.0000,0.0511,0.189,32.24,40.0,3,2048
214190922,200.000,199.669,0.0000,-0.0755,0.0000,0.1093,0.189,32.24,40.0,3,2048
214191856,200.000,199.669,0.0000,0.0160,0.0000,0.1005,0.189,32.24,40.0,3,2048
214192865,200.000,199.691,0.0000,0.1396,0.0000,0.1214,0.189,32.24,40.0,3,2048
214194180,200.000,199.669,0.0000,-0.1350,0.0000,0.1236,0.189,32.24,40.0,3,2048
214194429,200.000,199.691,0.0000,-0.0313,0.0000,0.1653,0.189,32.24,40.0,3,2048
214195898,200.000,199.669,0.0000,-0.0145,0.0000,0.1302,0.189,32.24,40.0,3,2048
214196547,200.000,199.691,0.0000,0.1045,0.0000,0.1005,0.189,32.24,40.0,3,2048
214197886,200.000,199.691,0.0000,0.0923,0.0000,0.0884,0.189,32.24,40.0,3,2048
214198547,200.000,199.691,0.0000,0.1335,0.0000,0.1159,0.189,32.24,40.0,3,2048
214199657,200.000,199.691,0.0000,-0.0023,0.0000,0.1445,0.189,32.24,40.0,3,2048
214200897,200.000,199.691,0.0000,-0.1167,0.0000,0.1126,0.189,32.24,40.0,3,2048
214201545,200.000,199.669,0.0000,-0.0237,0.0000,0.0829,0.189,32.24,40.0,3,2048
214202547,200.000,199.691,0.0000,0.0191,0.0000,0.0807,0.189,32.24,40.0,3,2048
214203542,200.000,199.691,0.0000,0.0175,0.0000,0.1049,0.189,32.24,40.0,3,2048
214204598,200.000,199.691,0.0000,-0.0206,0.0000,0.1203,0.189,32.24,40.0,3,2048
214205899,200.000,199.669,0.0000,-0.0893,0.0000,0.1313,0.189,32.24,40.0,3,2048
214206608,200.000,199.691,0.0000,-0.0435,0.0000,0.0950,0.189,32.24,40.0,3,2048
214207578,200.000,199.691,0.0000,0.0679,0.0000,0.0862,0.189,32.24,40.0,3,2048
214208573,200.000,199.691,0.0000,0.0389,0.0000,0.0851,0.189,32.24,40.0,3,2048
214209642,200.000,199.691,0.0000,0.1167,0.0000,0.1093,0.189,32.24,40.0,3,2048
214210868,200.000,199.669,0.0000,-0.0740,0.0000,0.1192,0.189,32.24,40.0,3,2048
214211544,200.000,199.691,0.0000,0.0389,0.0000,0.0709,0.189,32.24,40.0,3,2048
214212610,200.000,199.669,0.0000,-0.0069,0.0000,0.1115,0.189,32.24,40.0,3,2048
214213894,200.000,199.669,0.0000,0.1289,0.0000,0.0983,0.189,32.24,40.0,3,2048
214214573,200.000,199.691,0.0000,0.0801,0.0000,0.1280,0.189,32.24,40.0,3,2048
214215888,200.000,199.691,0.0000,0.1015,0.0000,0.1192,0.189,32.24,40.0,3,2048
214216575,200.000,199.691,0.0000,0.0969,0.0000,0.1214,0.189,32.24,40.0,3,2048
214217895,200.000,199.691,0.0000,0.0114,0.0000,0.1082,0.189,32.24,40.0,3,2048
214218575,200.000,199.691,0.0000,-0.0298,0.0000,0.1181,0.189,32.24,40.0,3,2048
214219575,200.000,199.691,0.0000,0.0511,0.0000,0.1291,0.189,32.24,40.0,3,2048
214220890,200.000,199.691,0.0000,0.0420,0.0000,0.0687,0.189,32.24,40.0,3,2048
214221575,200.000,199.691,0.0000,-0.0832,0.0000,0.1104,0.189,32.24,40.0,3,2048
214222579,200.000,199.691,0.0000,0.0069,0.0000,0.1093,0.189,32.24,40.0,3,2048
214223545,200.000,199.669,0.0000,-0.0465,0.0000,0.1170,0.189,32.24,40.0,3,2048
214224589,200.000,199.669,0.0000,0.0511,0.0000,0.0807,0.189,32.24,40.0,3,2048
214225913,200.000,199.691,0.0000,0.0725,0.0000,0.0829,0.189,32.24,40.0,3,2048
214226597,200.000,199.691,0.0000,0.0359,0.0000,0.1159,0.189,32.24,40.0,3,2048
214227601,200.000,199.691,0.0000,0.0267,0.0000,0.1148,0.189,32.24,40.0,3,2048
214228542,200.000,199.669,0.0000,-0.0374,0.0000,0.1280,0.189,32.24,40.0,3,2048
214229570,200.000,199.691,0.0000,-0.0359,0.0000,0.1027,0.189,32.24,40.0,3,2048
214230873,200.000,199.669,0.0000,-0.0786,0.0000,0.0840,0.189,32.24,40.0,3,2048
214231542,200.000,199.691,0.0000,0.0572,0.0000,0.0906,0.189,32.24,40.0,3,2048
214232564,200.000,199.691,0.0000,-0.0481,0.0000,0.0818,0.189,32.24,40.0,3,2048
214233861,200.000,199.669,0.0000,-0.0801,0.0000,0.1236,0.189,32.24,40.0,3,2048
214234601,200.000,199.691,0.0000,0.0038,0.0000,0.1005,0.189,32.24,40.0,3,2048
214235870,200.000,199.669,0.0000,0.0099,0.0000,0.0807,0.189,32.24,40.0,3,2048
214236558,200.000,199.691,0.0000,-0.1198,0.0000,0.0983,0.189,32.24,40.0,3,2048
214237872,200.000,199.691,0.0000,0.0389,0.0000,0.0972,0.189,32.24,40.0,3,2048
214238600,200.000,199.669,0.0000,-0.1518,0.0000,0.1082,0.189,32.24,40.0,3,2048
214239548,200.000,199.691,0.0000,0.1564,0.0000,0.1236,0.189,32.24,40.0,3,2048
214240952,200.000,199.691,0.0000,-0.0313,0.0000,0.1170,0.189,32.24,40.0,3,2048
214241551,200.000,199.669,0.0000,-0.0237,0.0000,0.1049,0.189,32.24,40.0,3,2048
214242600,200.000,199.691,0.0000,0.0496,0.0000,0.0928,0.189,32.24,40.0,3,2048
214243547,200.000,199.691,0.0000,-0.1228,0.0000,0.1093,0.189,32.24,40.0,3,2048
214244561,200.000,199.669,0.0000,-0.0328,0.0000,0.1192,0.189,32.24,40.0,3,2048
214245867,200.000,199.669,0.0000,-0.0832,0.0000,0.0807,0.189,32.24,40.0,3,2048
214246596,200.000,199.691,0.0000,0.0023,0.0000,0.1071,0.189,32.24,40.0,3,2048
214247548,200.000,199.691,0.0000,0.0328,0.0000,0.1104,0.189,32.24,40.0,3,2048
214248561,200.000,199.669,0.0000,-0.1015,0.0000,0.1225,0.189,32.24,40.0,3,2048
214249542,200.000,199.669,0.0000,0.0648,0.0000,0.1049,0.189,32.24,40.0,3,2048
214250988,200.000,199.669,0.0000,-0.0832,0.0000,0.1258,0.189,32.24,40.0,3,2048
214251866,200.000,199.669,0.0000,-0.1183,0.0000,0.1258,0.189,32.24,40.0,3,2048
214252855,200.000,199.691,0.0000,-0.0084,0.0000,0.1071,0.189,32.24,40.0,3,2048
214254168,200.000,199.691,0.0000,0.0404,0.0000,0.1247,0.189,32.24,40.0,3,2048
214254543,200.000,199.669,0.0000,-0.0862,0.0000,0.1148,0.189,32.24,40.0,3,2048
214255866,200.000,199.691,0.0000,0.0557,0.0000,0.1390,0.189,32.24,40.0,3,2048
214256544,200.000,199.691,0.0000,0.0282,0.0000,0.1060,0.189,32.24,40.0,3,2048
214257931,200.000,199.669,0.0000,-0.0694,0.0000,0.1170,0.189,32.24,40.0,3,2048
214258575,200.000,199.669,0.0000,-0.0420,0.0000,0.0797,0.189,32.24,40.0,3,2048
214259615,200.000,199.669,0.0000,-0.0969,0.0000,0.1115,0.189,32.24,40.0,3,2048
214260891,200.000,199.691,0.0000,0.0954,0.0000,0.1104,0.189,32.24,40.0,3,2048
214261575,200.000,199.669,0.0000,-0.0893,0.0000,0.1225,0.189,32.24,40.0,3,2048
214262635,200.000,199.691,0.0000,0.0954,0.0000,0.1104,0.189,32.24,40.0,3,2048
214263574,200.000,199.691,0.0000,0.0237,0.0000,0.1104,0.189,32.24,40.0,3,2048
214264546,200.000,199.691,0.0000,0.0099,0.0000,0.1401,0.189,32.24,40.0,3,2048
214265921,200.000,199.691,0.0000,0.0237,0.0000,0.0939,0.189,32.24,40.0,3,2048
214266574,200.000,199.691,0.0000,-0.0008,0.0000,0.1115,0.189,32.24,40.0,3,2048
214267574,200.000,199.691,0.0000,0.0374,0.0000,0.1104,0.189,32.24,40.0,3,2048
214268567,200.000,199.669,0.0000,-0.0694,0.0000,0.0983,0.189,32.24,40.0,3,2048
214269567,200.000,199.669,0.0000,0.0465,0.0000,0.1291,0.189,32.24,40.0,3,2048
214270890,200.000,199.691,0.0000,-0.0359,0.0000,0.1390,0.189,32.24,40.0,3,2048
214271570,200.000,199.669,0.0000,-0.0084,0.0000,0.1038,0.189,32.24,40.0,3,2048
214272572,200.000,199.691,0.0000,0.0816,0.0000,0.0676,0.189,32.24,40.0,3,2048
214273886,200.000,199.691,0.0000,-0.0450,0.0000,0.0731,0.189,32.24,40.0,3,2048
214274581,200.000,199.691,0.0000,0.0511,0.0000,0.1060,0.189,32.24,40.0,3,2048
214275869,200.000,199.691,0.0000,0.0160,0.0000,0.0928,0.189,32.24,40.0,3,2048
214276542,200.000,199.691,0.0000,0.0313,0.0000,0.1148,0.189,32.24,40.0,3,2048
214277915,200.000,199.669,0.0000,-0.1595,0.0000,0.0851,0.189,32.24,40.0,3,2048
214278597,200.000,199.669,0.0000,-0.0771,0.0000,0.0731,0.189,32.24,40.0,3,2048
214279597,200.000,199.691,0.0000,-0.0206,0.0000,0.0829,0.189,32.24,40.0,3,2048
214280913,200.000,199.691,0.0000,0.0618,0.0000,0.1170,0.189,32.24,40.0,3,2048
214281547,200.000,199.691,0.0000,-0.0252,0.0000,0.1368,0.189,32.24,40.0,3,2048
214282598,200.000,199.669,0.0000,-0.0191,0.0000,0.1016,0.189,32.24,40.0,3,2048
214283544,200.000,199.691,0.0000,-0.0008,0.0000,0.0698,0.189,32.24,40.0,3,2048
214284542,200.000,199.691,0.0000,-0.0542,0.0000,0.0895,0.189,32.24,40.0,3,2048
214285886,200.000,199.691,0.0000,0.0542,0.0000,0.0829,0.189,32.24,40.0,3,2048
214286542,200.000,199.691,0.0000,0.0038,0.0000,0.1071,0.189,32.24,40.0,3,2048
214287606,200.000,199.691,0.0000,-0.0175,0.0000,0.1412,0.189,32.24,40.0,3,2048
214288542,200.000,199.691,0.0000,-0.0023,0.0000,0.0917,0.189,32.24,40.0,3,2048
214289558,200.000,199.691,0.0000,-0.0404,0.0000,0.1159,0.189,32.24,40.0,3,2048
214290869,200.000,199.691,0.0000,-0.0343,0.0000,0.1049,0.189,32.24,40.0,3,2048
214291601,200.000,199.691,0.0000,-0.0587,0.0000,0.0676,0.189,32.24,40.0,3,2048
214292547,200.000,199.691,0.0000,0.0572,0.0000,0.1060,0.189,32.24,40.0,3,2048
214293952,200.000,199.669,0.0000,-0.1122,0.0000,0.1203,0.189,32.24,40.0,3,2048
214294545,200.000,199.691,0.0000,0.0740,0.0000,0.0873,0.189,32.24,40.0,3,2048
214295922,200.000,199.691,0.0000,0.1305,0.0000,0.0786,0.189,32.24,40.0,3,2048
214296547,200.000,199.669,0.0000,-0.0328,0.0000,0.0961,0.189,32.24,40.0,3,2048
214297887,200.000,199.691,0.0000,-0.0145,0.0000,0.0873,0.189,32.24,40.0,3,2048
214298547,200.000,199.691,0.0000,0.0130,0.0000,0.0851,0.189,32.24,40.0,3,2048
214299600,200.000,199.669,0.0000,-0.0450,0.0000,0.1324,0.189,32.24,40.0,3,2048
214300870,200.000,199.691,0.0000,-0.0404,0.0000,0.0467,0.189,32.24,40.0,3,2048
214301642,200.000,199.669,0.0000,-0.1823,0.0000,0.1126,0.189,32.24,40.0,3,2048
214302547,200.000,199.691,0.0000,-0.1060,0.0000,0.1016,0.189,32.24,40.0,3,2048
214303542,200.000,199.691,0.0000,0.1411,0.0000,0.1390,0.189,32.24,40.0,3,2048
214304542,200.000,199.669,0.0000,-0.1823,0.0000,0.0972,0.189,32.24,40.0,3,2048
214305926,200.000,199.691,0.0000,0.0328,0.0000,0.1005,0.189,32.24,40.0,3,2048
214306577,200.000,199.691,0.0000,0.0282,0.0000,0.0895,0.189,32.24,40.0,3,2048
214307613,200.000,199.669,0.0000,-0.1411,0.0000,0.1280,0.189,32.24,40.0,3,2048
214308575,200.000,199.669,0.0000,-0.1122,0.0000,0.0807,0.189,32.24,40.0,3,2048
214309577,200.000,199.691,0.0000,0.0237,0.0000,0.1148,0.189,32.24,40.0,3,2048
214310888,200.000,199.691,0.0000,0.0282,0.0000,0.1126,0.189,32.24,40.0,3,2048
214311641,200.000,199.669,0.0000,0.0175,0.0000,0.0917,0.189,32.24,40.0,3,2048
214312548,200.000,199.691,0.0000,-0.0298,0.0000,0.1434,0.189,32.24,40.0,3,2048
214313869,200.000,199.691,0.0000,-0.0206,0.0000,0.0577,0.189,32.24,40.0,3,2048
214314608,200.000,199.691,0.0000,-0.1137,0.0000,0.1291,0.189,32.24,40.0,3,2048
214315894,200.000,199.669,0.0000,-0.0587,0.0000,0.1379,0.189,32.24,40.0,3,2048
214316576,200.000,199.691,0.0000,-0.0130,0.0000,0.1258,0.189,32.24,40.0,3,2048
214317897,200.000,199.691,0.0000,-0.0282,0.0000,0.0753,0.189,32.24,40.0,3,2048
214318574,200.000,199.691,0.0000,0.0465,0.0000,0.1038,0.189,32.24,40.0,3,2048
214319575,200.000,199.669,0.0000,-0.1793,0.0000,0.1280,0.189,32.24,40.0,3,2048
214320891,200.000,199.691,0.0000,0.0710,0.0000,0.0895,0.189,32.24,40.0,3,2048
214321574,200.000,199.669,0.0000,-0.0648,0.0000,0.1335,0.189,32.24,40.0,3,2048
214322575,200.000,199.669,0.0000,-0.0359,0.0000,0.1104,0.189,32.24,40.0,3,2048
214323583,200.000,199.691,0.0000,0.0282,0.0000,0.0577,0.189,32.24,40.0,3,2048
214324544,200.000,199.691,0.0000,0.0328,0.0000,0.1159,0.189,32.24,40.0,3,2048
214325868,200.000,199.669,0.0000,-0.0206,0.0000,0.1104,0.189,32.24,40.0,3,2048
214326598,200.000,199.691,0.0000,0.0328,0.0000,0.0775,0.189,32.24,40.0,3,2048
214327602,200.000,199.669,0.0000,-0.0542,0.0000,0.1137,0.189,32.24,40.0,3,2048
214328594,200.000,199.691,0.0000,0.1884,0.0000,0.1829,0.189,32.24,40.0,3,2048
214329593,200.000,199.691,0.0000,-0.0389,0.0000,0.1016,0.189,32.24,40.0,3,2048
214330869,200.000,199.669,0.0000,-0.0893,0.0000,0.1005,0.189,32.24,40.0,3,2048
214331667,200.000,199.691,0.0000,0.1152,0.0000,0.0950,0.189,32.24,40.0,3,2048
214332587,200.000,199.669,0.0000,0.0160,0.0000,0.1291,0.189,32.24,40.0,3,2048
214333862,200.000,199.669,0.0000,0.0099,0.0000,0.1159,0.189,32.24,40.0,3,2048
214334560,200.000,199.669,0.0000,0.0206,0.0000,0.0840,0.189,32.24,40.0,3,2048
214335869,200.000,199.691,0.0000,-0.0160,0.0000,0.0753,0.189,32.24,40.0,3,2048
214336601,200.000,199.691,0.0000,0.0877,0.0000,0.1137,0.189,32.24,40.0,3,2048
214337874,200.000,199.691,0.0000,-0.1167,0.0000,0.1192,0.189,32.24,40.0,3,2048
214338558,200.000,199.669,0.0000,-0.0359,0.0000,0.1071,0.189,32.24,40.0,3,2048
214339547,200.000,199.691,0.0000,0.0191,0.0000,0.0994,0.189,32.24,40.0,3,2048
214340914,200.000,199.691,0.0000,0.0298,0.0000,0.1093,0.189,32.24,40.0,3,2048
214341851,200.000,199.691,0.0000,0.0923,0.0000,0.0884,0.189,32.24,40.0,3,2048
214342939,200.000,199.669,0.0000,-0.1350,0.0000,0.1313,0.189,32.24,40.0,3,2048
214343853,200.000,199.669,0.0000,-0.0420,0.0000,0.0939,0.189,32.24,40.0,3,2048
214344927,200.000,199.691,0.0000,0.0008,0.0000,0.0906,0.189,32.24,40.0,3,2048
214346180,200.000,199.691,0.0000,-0.0511,0.0000,0.0950,0.189,32.24,40.0,3,2048
214346859,200.000,199.691,0.0000,0.0191,0.0000,0.1093,0.189,32.24,40.0,3,2048
214347848,200.000,199.691,0.0000,0.0740,0.0000,0.1203,0.189,32.24,40.0,3,2048
214348884,200.000,199.669,0.0000,-0.1595,0.0000,0.1104,0.189,32.24,40.0,3,2048
214349852,200.000,199.691,0.0000,0.1595,0.0000,0.1060,0.189,32.24,40.0,3,2048
214351186,200.000,199.669,0.0000,-0.0648,0.0000,0.1291,0.189,32.24,40.0,3,2048
214351853,200.000,199.691,0.0000,0.0359,0.0000,0.0884,0.189,32.24,40.0,3,2048
214352848,200.000,199.691,0.0000,-0.0938,0.0000,0.1269,0.189,32.24,40.0,3,2048
214354267,200.000,199.691,0.0000,0.0069,0.0000,0.1049,0.189,32.24,40.0,3,2048
214354543,200.000,199.669,0.0000,-0.0359,0.0000,0.0884,0.189,32.24,40.0,3,2048
214355868,200.000,199.669,0.0000,-0.0755,0.0000,0.1280,0.189,32.24,40.0,3,2048
214356544,200.000,199.691,0.0000,0.0877,0.0000,0.1104,0.189,32.24,40.0,3,2048
214357870,200.000,199.691,0.0000,-0.0572,0.0000,0.1071,0.189,32.24,40.0,3,2048
214358544,200.000,199.691,0.0000,0.0206,0.0000,0.1291,0.189,32.24,40.0,3,2048
214359611,200.000,199.691,0.0000,0.0267,0.0000,0.1247,0.189,32.24,40.0,3,2048
214360928,200.000,199.669,0.0000,-0.1015,0.0000,0.1390,0.189,32.24,40.0,3,2048
214361579,200.000,199.691,0.0000,0.1122,0.0000,0.0873,0.189,32.24,40.0,3,2048
214362577,200.000,199.691,0.0000,-0.0374,0.0000,0.0895,0.189,32.24,40.0,3,2048
214363573,200.000,199.669,0.0000,-0.1183,0.0000,0.1049,0.189,32.24,40.0,3,2048
214364635,200.000,199.691,0.0000,0.0603,0.0000,0.1060,0.189,32.24,40.0,3,2048
214365870,200.000,199.669,0.0000,-0.0572,0.0000,0.0928,0.189,32.24,40.0,3,2048
214366544,200.000,199.691,0.0000,0.0175,0.0000,0.1236,0.189,32.24,40.0,3,2048
214367613,200.000,199.691,0.0000,-0.0282,0.0000,0.0928,0.189,32.24,40.0,3,2048
214368576,200.000,199.669,0.0000,0.0664,0.0000,0.1016,0.189,32.24,40.0,3,2048
214369569,200.000,199.669,0.0000,0.0313,0.0000,0.1016,0.189,32.24,40.0,3,2048
214370888,200.000,199.669,0.0000,-0.0313,0.0000,0.1368,0.189,32.24,40.0,3,2048
214371575,200.000,199.669,0.0000,-0.0633,0.0000,0.0434,0.189,32.24,40.0,3,2048
214372574,200.000,199.691,0.0000,0.0816,0.0000,0.1445,0.189,32.24,40.0,3,2048
214373886,200.000,199.669,0.0000,-0.0557,0.0000,0.0786,0.189,32.24,40.0,3,2048
214374571,200.000,199.691,0.0000,0.0053,0.0000,0.1137,0.189,32.24,40.0,3,2048
214375891,200.000,199.691,0.0000,0.0114,0.0000,0.1126,0.189,32.24,40.0,3,2048
214376580,200.000,199.669,0.0000,0.0404,0.0000,0.1247,0.189,32.24,40.0,3,2048
214377876,200.000,199.691,0.0000,0.0450,0.0000,0.0961,0.189,32.24,40.0,3,2048
214378542,200.000,199.691,0.0000,0.0374,0.0000,0.1313,0.189,32.24,40.0,3,2048
214379605,200.000,199.669,0.0000,-0.2007,0.0000,0.0994,0.189,32.24,40.0,3,2048
214380910,200.000,199.691,0.0000,0.0389,0.0000,0.1302,0.189,32.24,40.0,3,2048
214381596,200.000,199.669,0.0000,-0.0191,0.0000,0.1203,0.189,32.24,40.0,3,2048
214382601,200.000,199.691,0.0000,0.0252,0.0000,0.1181,0.189,32.24,40.0,3,2048
214383542,200.000,199.669,0.0000,0.0694,0.0000,0.0994,0.189,32.24,40.0,3,2048
214384572,200.000,199.691,0.0000,0.0969,0.0000,0.1588,0.189,32.24,40.0,3,2048
214385873,200.000,199.691,0.0000,-0.0160,0.0000,0.1214,0.189,32.24,40.0,3,2048
214386542,200.000,199.691,0.0000,0.0114,0.0000,0.0676,0.189,32.24,40.0,3,2048
214387564,200.000,199.669,0.0000,-0.0679,0.0000,0.1247,0.189,32.24,40.0,3,2048
214388542,200.000,199.691,0.0000,-0.0694,0.0000,0.1280,0.189,32.24,40.0,3,2048
214389600,200.000,199.691,0.0000,-0.0328,0.0000,0.0775,0.189,32.24,40.0,3,2048
214390871,200.000,199.691,0.0000,0.0267,0.0000,0.1269,0.189,32.24,40.0,3,2048
214391558,200.000,199.691,0.0000,0.0298,0.0000,0.1104,0.189,32.24,40.0,3,2048
214392547,200.000,199.691,0.0000,0.1320,0.0000,0.0983,0.189,32.24,40.0,3,2048
214393920,200.000,199.691,0.0000,0.0496,0.0000,0.1159,0.189,32.24,40.0,3,2048
214394544,200.000,199.691,0.0000,0.0557,0.0000,0.1082,0.189,32.24,40.0,3,2048
214395956,200.000,199.669,0.0000,0.0298,0.0000,0.0994,0.189,32.24,40.0,3,2048
214396553,200.000,199.691,0.0000,0.0114,0.0000,0.0797,0.189,32.24,40.0,3,2048
214397924,200.000,199.669,0.0000,-0.1015,0.0000,0.1412,0.189,32.24,40.0,3,2048
214398547,200.000,199.691,0.0000,0.0526,0.0000,0.1379,0.189,32.24,40.0,3,2048
214399566,200.000,199.669,0.0000,-0.0099,0.0000,0.0478,0.189,32.24,40.0,3,2048
214400866,200.000,199.669,0.0000,0.0008,0.0000,0.0950,0.189,32.24,40.0,3,2048
214401594,200.000,199.691,0.0000,0.1839,0.0000,0.1148,0.189,32.24,40.0,3,2048
214402548,200.000,199.691,0.0000,-0.0221,0.0000,0.1115,0.189,32.24,40.0,3,2048
214403561,200.000,199.669,0.0000,0.0725,0.0000,0.1214,0.189,32.24,40.0,3,2048
214404542,200.000,199.691,0.0000,0.0343,0.0000,0.1335,0.189,32.24,40.0,3,2048
214405979,200.000,199.691,0.0000,0.0465,0.0000,0.0632,0.189,32.24,40.0,3,2048
214406926,200.000,199.669,0.0000,0.0587,0.0000,0.0950,0.189,32.24,40.0,3,2048
214407851,200.000,199.669,0.0000,-0.0481,0.0000,0.0797,0.189,32.24,40.0,3,2048
214408849,200.000,199.669,0.0000,-0.2037,0.0000,0.0895,0.189,32.24,40.0,3,2048
214409908,200.000,199.669,0.0000,-0.0298,0.0000,0.1159,0.189,32.24,40.0,3,2048
214411249,200.000,199.691,0.0000,-0.0191,0.0000,0.0621,0.189,32.24,40.0,3,2048
214411902,200.000,199.691,0.0000,0.0710,0.0000,0.1456,0.189,32.24,40.0,3,2048
214412861,200.000,199.691,0.0000,-0.0694,0.0000,0.1379,0.189,32.24,40.0,3,2048
214414190,200.000,199.669,0.0000,-0.1564,0.0000,0.0840,0.189,32.24,40.0,3,2048
214414570,200.000,199.691,0.0000,-0.0160,0.0000,0.1291,0.189,32.24,40.0,3,2048
214415892,200.000,199.669,0.0000,0.1137,0.0000,0.0775,0.189,32.24,40.0,3,2048
214416573,200.000,199.691,0.0000,0.0755,0.0000,0.1379,0.189,32.24,40.0,3,2048
214417897,200.000,199.691,0.0000,0.0282,0.0000,0.0917,0.189,32.24,40.0,3,2048
214418573,200.000,199.691,0.0000,-0.1305,0.0000,0.1049,0.189,32.24,40.0,3,2048
214419575,200.000,199.669,0.0000,-0.0923,0.0000,0.1016,0.189,32.24,40.0,3,2048
214420891,200.000,199.691,0.0000,0.0206,0.0000,0.0643,0.189,32.24,40.0,3,2048
214421589,200.000,199.691,0.0000,0.0389,0.0000,0.0906,0.189,32.24,40.0,3,2048
214422547,200.000,199.691,0.0000,0.0603,0.0000,0.1126,0.189,32.24,40.0,3,2048
214423542,200.000,199.691,0.0000,0.0328,0.0000,0.1071,0.189,32.24,40.0,3,2048
214424598,200.000,199.691,0.0000,-0.0374,0.0000,0.0786,0.189,32.24,40.0,3,2048
214425910,200.000,199.669,0.0000,-0.1060,0.0000,0.1500,0.189,32.24,40.0,3,2048
214426600,200.000,199.691,0.0000,0.0206,0.0000,0.0753,0.189,32.24,40.0,3,2048
214427559,200.000,199.691,0.0000,-0.0725,0.0000,0.1126,0.189,32.24,40.0,3,2048
214428542,200.000,199.691,0.0000,0.0725,0.0000,0.0829,0.189,32.24,40.0,3,2048
214429563,200.000,199.691,0.0000,0.0160,0.0000,0.0950,0.189,32.24,40.0,3,2048
214430874,200.000,199.691,0.0000,-0.0572,0.0000,0.0917,0.189,32.24,40.0,3,2048
214431542,200.000,199.691,0.0000,0.0298,0.0000,0.0950,0.189,32.24,40.0,3,2048
214432644,200.000,199.669,0.0000,-0.0664,0.0000,0.0994,0.189,32.24,40.0,3,2048
214433865,200.000,199.669,0.0000,-0.1671,0.0000,0.0950,0.189,32.24,40.0,3,2048
214434538,200.000,199.669,0.0000,0.0267,0.0000,0.0961,0.189,32.24,40.0,3,2048
214435899,200.000,199.669,0.0000,0.0130,0.0000,0.0884,0.189,32.24,40.0,3,2048
214436549,200.000,199.691,0.0000,0.0282,0.0000,0.1203,0.189,32.24,40.0,3,2048
214437886,200.000,199.691,0.0000,0.0725,0.0000,0.1049,0.189,32.24,40.0,3,2048
214438547,200.000,199.691,0.0000,-0.0526,0.0000,0.1060,0.189,32.24,40.0,3,2048
214439598,200.000,199.691,0.0000,-0.0053,0.0000,0.1148,0.189,32.24,40.0,3,2048
214440870,200.000,199.669,0.0000,-0.0771,0.0000,0.0994,0.189,32.24,40.0,3,2048
214441565,200.000,199.691,0.0000,0.1289,0.0000,0.0873,0.189,32.24,40.0,3,2048
214442547,200.000,199.669,0.0000,-0.1442,0.0000,0.1192,0.189,32.24,40.0,3,2048
214443589,200.000,199.691,0.0000,0.1457,0.0000,0.0994,0.189,32.24,40.0,3,2048
214444545,200.000,199.691,0.0000,-0.0648,0.0000,0.0950,0.189,32.24,40.0,3,2048
214445956,200.000,199.691,0.0000,0.0038,0.0000,0.1104,0.189,32.24,40.0,3,2048
214446550,200.000,199.669,0.0000,-0.0481,0.0000,0.0862,0.189,32.24,40.0,3,2048
214447605,200.000,199.691,0.0000,0.0984,0.0000,0.1379,0.189,32.24,40.0,3,2048
214448545,200.000,199.669,0.0000,-0.0465,0.0000,0.0610,0.189,32.24,40.0,3,2048
214449561,200.000,199.691,0.0000,0.1106,0.0000,0.1115,0.189,32.24,40.0,3,2048
214450867,200.000,199.669,0.0000,0.0008,0.0000,0.1148,0.189,32.24,40.0,3,2048
214451599,200.000,199.691,0.0000,-0.0343,0.0000,0.1104,0.189,32.24,40.0,3,2048
214452547,200.000,199.669,0.0000,-0.1671,0.0000,0.0862,0.189,32.24,40.0,3,2048
214453881,200.000,199.691,0.0000,0.0938,0.0000,0.1170,0.189,32.24,40.0,3,2048
214454543,200.000,199.691,0.0000,0.0557,0.0000,0.0917,0.189,32.24,40.0,3,2048
214455983,200.000,199.691,0.0000,0.0664,0.0000,0.0873,0.189,32.24,40.0,3,2048
214456861,200.000,199.691,0.0000,-0.0557,0.0000,0.1104,0.189,32.24,40.0,3,2048
214458178,200.000,199.669,0.0000,-0.0450,0.0000,0.1192,0.189,32.24,40.0,3,2048
214458848,200.000,199.691,0.0000,0.0648,0.0000,0.1104,0.189,32.24,40.0,3,2048
214459849,200.000,199.691,0.0000,-0.0786,0.0000,0.1071,0.189,32.24,40.0,3,2048
214461174,200.000,199.691,0.0000,0.0023,0.0000,0.1456,0.189,32.24,40.0,3,2048
214461846,200.000,199.669,0.0000,-0.0908,0.0000,0.0862,0.189,32.24,40.0,3,2048
214462847,200.000,199.669,0.0000,-0.0725,0.0000,0.0873,0.189,32.24,40.0,3,2048
214463922,200.000,199.691,0.0000,-0.0038,0.0000,0.1038,0.189,32.24,40.0,3,2048
214464904,200.000,199.669,0.0000,-0.0252,0.0000,0.1379,0.189,32.24,40.0,3,2048
214466253,200.000,199.691,0.0000,0.0847,0.0000,0.1049,0.189,32.24,40.0,3,2048
214466858,200.000,199.669,0.0000,-0.0725,0.0000,0.1170,0.189,32.24,40.0,3,2048
214467902,200.000,199.669,0.0000,0.0420,0.0000,0.0884,0.189,32.24,40.0,3,2048
214468909,200.000,199.691,0.0000,-0.0404,0.0000,0.1610,0.189,32.24,40.0,3,2048
214469862,200.000,199.691,0.0000,0.0069,0.0000,0.0928,0.189,32.24,40.0,3,2048
214471191,200.000,199.669,0.0000,-0.1183,0.0000,0.1027,0.189,32.24,40.0,3,2048
214471935,200.000,199.691,0.0000,0.0404,0.0000,0.1005,0.189,32.24,40.0,3,2048
214472923,200.000,199.691,0.0000,0.0984,0.0000,0.1247,0.189,32.24,40.0,3,2048
214474162,200.000,199.691,0.0000,0.1488,0.0000,0.1016,0.189,32.24,40.0,3,2048
214474543,200.000,199.691,0.0000,0.0084,0.0000,0.0610,0.189,32.24,40.0,3,2048
214475924,200.000,199.691,0.0000,0.0053,0.0000,0.0917,0.189,32.24,40.0,3,2048
214476575,200.000,199.691,0.0000,0.0099,0.0000,0.1126,0.189,32.24,40.0,3,2048
214477901,200.000,199.691,0.0000,-0.0465,0.0000,0.1104,0.189,32.24,40.0,3,2048
214478572,200.000,199.669,0.0000,-0.1060,0.0000,0.0972,0.189,32.24,40.0,3,2048
214479574,200.000,199.669,0.0000,0.0587,0.0000,0.1280,0.189,32.24,40.0,3,2048
214480892,200.000,199.691,0.0000,0.0603,0.0000,0.0917,0.189,32.24,40.0,3,2048
214481572,200.000,199.669,0.0000,0.0618,0.0000,0.0731,0.189,32.24,40.0,3,2048
214482575,200.000,199.691,0.0000,-0.0328,0.0000,0.1280,0.189,32.24,40.0,3,2048
214483569,200.000,199.691,0.0000,-0.0313,0.0000,0.1181,0.189,32.24,40.0,3,2048
214484570,200.000,199.669,0.0000,-0.0313,0.0000,0.0873,0.189,32.24,40.0,3,2048
214485901,200.000,199.669,0.0000,-0.0694,0.0000,0.0687,0.189,32.24,40.0,3,2048
214486550,200.000,199.691,0.0000,0.0862,0.0000,0.0994,0.189,32.24,40.0,3,2048
214487559,200.000,199.691,0.0000,-0.0938,0.0000,0.0840,0.189,32.24,40.0,3,2048
214488592,200.000,199.669,0.0000,-0.0526,0.0000,0.1390,0.189,32.24,40.0,3,2048
214489588,200.000,199.691,0.0000,-0.0343,0.0000,0.0731,0.189,32.24,40.0,3,2048
214490915,200.000,199.691,0.0000,0.1091,0.0000,0.1544,0.189,32.24,40.0,3,2048
214491550,200.000,199.691,0.0000,-0.0526,0.0000,0.0840,0.189,32.24,40.0,3,2048
214492590,200.000,199.691,0.0000,-0.0130,0.0000,0.1060,0.189,32.24,40.0,3,2048
214493866,200.000,199.669,0.0000,-0.1060,0.0000,0.0972,0.189,32.24,40.0,3,2048
214494543,200.000,199.691,0.0000,-0.0053,0.0000,0.1313,0.189,32.24,40.0,3,2048
214495887,200.000,199.691,0.0000,0.0801,0.0000,0.1269,0.189,32.24,40.0,3,2048
214496542,200.000,199.669,0.0000,0.0664,0.0000,0.1247,0.189,32.24,40.0,3,2048
214497924,200.000,199.669,0.0000,0.1137,0.0000,0.1115,0.189,32.24,40.0,3,2048
214498548,200.000,199.669,0.0000,0.0175,0.0000,0.0807,0.189,32.24,40.0,3,2048
214499564,200.000,199.691,0.0000,0.0099,0.0000,0.1588,0.189,32.24,40.0,3,2048
214500861,200.000,199.669,0.0000,0.0053,0.0000,0.0731,0.189,32.24,40.0,3,2048
214501600,200.000,199.669,0.0000,-0.0954,0.0000,0.1192,0.189,32.24,40.0,3,2048
214502548,200.000,199.669,0.0000,0.0237,0.0000,0.1412,0.189,32.24,40.0,3,2048
214503635,200.000,199.691,0.0000,0.2007,0.0000,0.0753,0.189,32.24,40.0,3,2048
214504544,200.000,199.691,0.0000,0.0099,0.0000,0.0961,0.189,32.24,40.0,3,2048
214505919,200.000,199.691,0.0000,-0.0084,0.0000,0.1181,0.189,32.24,40.0,3,2048
214506548,200.000,199.691,0.0000,0.0160,0.0000,0.1357,0.189,32.24,40.0,3,2048
214507644,200.000,199.691,0.0000,0.0404,0.0000,0.1082,0.189,32.24,40.0,3,2048
214508542,200.000,199.669,0.0000,-0.0862,0.0000,0.1368,0.189,32.24,40.0,3,2048
214509542,200.000,199.691,0.0000,0.1457,0.0000,0.0906,0.189,32.24,40.0,3,2048
214510869,200.000,199.691,0.0000,0.0801,0.0000,0.1192,0.189,32.24,40.0,3,2048
214511608,200.000,199.669,0.0000,-0.0938,0.0000,0.1192,0.189,32.24,40.0,3,2048
214512578,200.000,199.669,0.0000,-0.1091,0.0000,0.0972,0.189,32.24,40.0,3,2048
214513930,200.000,199.669,0.0000,-0.0175,0.0000,0.0961,0.189,32.24,40.0,3,2048
214514575,200.000,199.691,0.0000,0.0069,0.0000,0.1225,0.189,32.24,40.0,3,2048
214515893,200.000,199.691,0.0000,0.0954,0.0000,0.1225,0.189,32.24,40.0,3,2048
214516575,200.000,199.669,0.0000,-0.0847,0.0000,0.1159,0.189,32.24,40.0,3,2048
214517963,200.000,199.691,0.0000,0.0664,0.0000,0.1159,0.189,32.24,40.0,3,2048
214518548,200.000,199.669,0.0000,-0.0938,0.0000,0.0588,0.189,32.24,40.0,3,2048
214519547,200.000,199.691,0.0000,0.0557,0.0000,0.1280,0.189,32.24,40.0,3,2048
214520930,200.000,199.691,0.0000,-0.0206,0.0000,0.0994,0.189,32.24,40.0,3,2048
214521575,200.000,199.691,0.0000,0.0679,0.0000,0.1115,0.189,32.24,40.0,3,2048
214522577,200.000,199.691,0.0000,-0.0725,0.0000,0.0939,0.189,32.24,40.0,3,2048
214523569,200.000,199.691,0.0000,0.0237,0.0000,0.1137,0.189,32.24,40.0,3,2048
214524569,200.000,199.691,0.0000,-0.0969,0.0000,0.1192,0.189,32.24,40.0,3,2048
214525894,200.000,199.691,0.0000,-0.1366,0.0000,0.0906,0.189,32.24,40.0,3,2048
214526573,200.000,199.669,0.0000,-0.0404,0.0000,0.0983,0.189,32.24,40.0,3,2048
214527575,200.000,199.691,0.0000,-0.0587,0.0000,0.0939,0.189,32.24,40.0,3,2048
214528569,200.000,199.669,0.0000,-0.0175,0.0000,0.1126,0.189,32.24,40.0,3,2048
214529577,200.000,199.669,0.0000,-0.0603,0.0000,0.0654,0.189,32.24,40.0,3,2048
214530869,200.000,199.691,0.0000,0.0954,0.0000,0.1214,0.189,32.24,40.0,3,2048
214531557,200.000,199.669,0.0000,-0.0664,0.0000,0.0895,0.189,32.24,40.0,3,2048
214532605,200.000,199.669,0.0000,-0.0175,0.0000,0.1324,0.189,32.24,40.0,3,2048
214533912,200.000,199.691,0.0000,0.0786,0.0000,0.1192,0.189,32.24,40.0,3,2048
214534505,200.000,199.691,0.0000,0.0526,0.0000,0.1181,0.189,32.24,40.0,3,2048
214535873,200.000,199.691,0.0000,0.0694,0.0000,0.1148,0.189,32.24,40.0,3,2048
214536542,200.000,199.691,0.0000,-0.0313,0.0000,0.1060,0.189,32.24,40.0,3,2048
214537898,200.000,199.691,0.0000,-0.0267,0.0000,0.1115,0.189,32.24,40.0,3,2048
214538550,200.000,199.691,0.0000,-0.0832,0.0000,0.0555,0.189,32.24,40.0,3,2048
214539547,200.000,199.691,0.0000,0.0206,0.0000,0.1291,0.189,32.24,40.0,3,2048
214540878,200.000,199.691,0.0000,0.0710,0.0000,0.0862,0.189,32.24,40.0,3,2048
214541547,200.000,199.669,0.0000,-0.1015,0.0000,0.1258,0.189,32.24,40.0,3,2048
214542601,200.000,199.669,0.0000,-0.0710,0.0000,0.1005,0.189,32.24,40.0,3,2048
214543547,200.000,199.691,0.0000,0.1793,0.0000,0.0851,0.189,32.24,40.0,3,2048
214544558,200.000,199.691,0.0000,-0.1228,0.0000,0.0862,0.189,32.24,40.0,3,2048
214545868,200.000,199.669,0.0000,-0.0221,0.0000,0.1467,0.189,32.24,40.0,3,2048
214546600,200.000,199.691,0.0000,0.0175,0.0000,0.0807,0.189,32.24,40.0,3,2048
214547548,200.000,199.669,0.0000,-0.0572,0.0000,0.1038,0.189,32.24,40.0,3,2048
214548635,200.000,199.691,0.0000,0.0633,0.0000,0.0961,0.189,32.24,40.0,3,2048
214549544,200.000,199.691,0.0000,0.0557,0.0000,0.0917,0.189,32.24,40.0,3,2048
214550920,200.000,199.669,0.0000,-0.1137,0.0000,0.1060,0.189,32.24,40.0,3,2048
214551548,200.000,199.691,0.0000,-0.0221,0.0000,0.1060,0.189,32.24,40.0,3,2048
214552566,200.000,199.669,0.0000,-0.1335,0.0000,0.1148,0.189,32.24,40.0,3,2048
214553862,200.000,199.669,0.0000,-0.0343,0.0000,0.0742,0.189,32.24,40.0,3,2048
214554595,200.000,199.669,0.0000,-0.0496,0.0000,0.1126,0.189,32.24,40.0,3,2048
214555871,200.000,199.691,0.0000,-0.0893,0.0000,0.1148,0.189,32.24,40.0,3,2048
214556564,200.000,199.691,0.0000,0.0664,0.0000,0.1225,0.189,32.24,40.0,3,2048
214557870,200.000,199.669,0.0000,0.0526,0.0000,0.1060,0.189,32.24,40.0,3,2048
214558590,200.000,199.691,0.0000,-0.0603,0.0000,0.1137,0.189,32.24,40.0,3,2048
214559644,200.000,199.691,0.0000,0.0221,0.0000,0.0840,0.189,32.24,40.0,3,2048
214560870,200.000,199.691,0.0000,0.0633,0.0000,0.1038,0.189,32.24,40.0,3,2048
214561544,200.000,199.691,0.0000,-0.0511,0.0000,0.1071,0.189,32.24,40.0,3,2048
214562547,200.000,199.691,0.0000,0.0114,0.0000,0.0895,0.189,32.24,40.0,3,2048
214563547,200.000,199.691,0.0000,0.0343,0.0000,0.1060,0.189,32.24,40.0,3,2048
214564607,200.000,199.669,0.0000,-0.0374,0.0000,0.1192,0.189,32.24,40.0,3,2048
214565929,200.000,199.669,0.0000,0.0557,0.0000,0.1060,0.189,32.24,40.0,3,2048
214566578,200.000,199.669,0.0000,-0.0481,0.0000,0.1291,0.189,32.24,40.0,3,2048
214567577,200.000,199.669,0.0000,0.0053,0.0000,0.0786,0.189,32.24,40.0,3,2048
214568572,200.000,199.691,0.0000,0.0191,0.0000,0.1445,0.189,32.24,40.0,3,2048
214569639,200.000,199.691,0.0000,-0.0252,0.0000,0.0818,0.189,32.24,40.0,3,2048
214570866,200.000,199.691,0.0000,-0.0969,0.0000,0.0643,0.189,32.24,40.0,3,2048
214571552,200.000,199.691,0.0000,-0.0053,0.0000,0.1489,0.189,32.24,40.0,3,2048
214572615,200.000,199.691,0.0000,-0.0145,0.0000,0.1082,0.189,32.24,40.0,3,2048
214573894,200.000,199.691,0.0000,0.0465,0.0000,0.0917,0.189,32.24,40.0,3,2048
214574570,200.000,199.669,0.0000,-0.1747,0.0000,0.0786,0.189,32.24,40.0,3,2048
214575889,200.000,199.691,0.0000,-0.1717,0.0000,0.1016,0.189,32.24,40.0,3,2048
214576575,200.000,199.691,0.0000,0.1259,0.0000,0.1115,0.189,32.24,40.0,3,2048
214577895,200.000,199.669,0.0000,0.0282,0.0000,0.1027,0.189,32.24,40.0,3,2048
214578575,200.000,199.691,0.0000,-0.0404,0.0000,0.1313,0.189,32.24,40.0,3,2048
214579575,200.000,199.691,0.0000,0.0038,0.0000,0.0489,0.189,32.24,40.0,3,2048
214580891,200.000,199.691,0.0000,0.0450,0.0000,0.1313,0.189,32.24,40.0,3,2048
214581588,200.000,199.691,0.0000,-0.0969,0.0000,0.1181,0.189,32.24,40.0,3,2048
214582547,200.000,199.691,0.0000,-0.0862,0.0000,0.0972,0.189,32.24,40.0,3,2048
214583542,200.000,199.691,0.0000,-0.0160,0.0000,0.1313,0.189,32.24,40.0,3,2048
214584598,200.000,199.669,0.0000,-0.1228,0.0000,0.0522,0.189,32.24,40.0,3,2048
214585911,200.000,199.691,0.0000,0.0282,0.0000,0.1126,0.189,32.24,40.0,3,2048
214586598,200.000,199.669,0.0000,0.0069,0.0000,0.1027,0.189,32.24,40.0,3,2048
214587573,200.000,199.691,0.0000,0.0572,0.0000,0.1104,0.189,32.24,40.0,3,2048
214588542,200.000,199.691,0.0000,-0.0496,0.0000,0.1269,0.189,32.24,40.0,3,2048
214589576,200.000,199.691,0.0000,0.1427,0.0000,0.0972,0.189,32.24,40.0,3,2048
214590874,200.000,199.669,0.0000,-0.0999,0.0000,0.1236,0.189,32.24,40.0,3,2048
214591542,200.000,199.691,0.0000,-0.0008,0.0000,0.1049,0.189,32.24,40.0,3,2048
214592564,200.000,199.669,0.0000,-0.1060,0.0000,0.0840,0.189,32.24,40.0,3,2048
214593862,200.000,199.691,0.0000,0.0526,0.0000,0.0851,0.189,32.24,40.0,3,2048
214594602,200.000,199.691,0.0000,0.1289,0.0000,0.1423,0.189,32.24,40.0,3,2048
214595869,200.000,199.691,0.0000,0.1701,0.0000,0.1357,0.189,32.24,40.0,3,2048
214596558,200.000,199.691,0.0000,0.0587,0.0000,0.1137,0.189,32.24,40.0,3,2048
214597872,200.000,199.691,0.0000,-0.0084,0.0000,0.0720,0.189,32.24,40.0,3,2048
214598601,200.000,199.691,0.0000,-0.0145,0.0000,0.1027,0.189,32.24,40.0,3,2048
214599547,200.000,199.691,0.0000,0.0252,0.0000,0.1159,0.189,32.24,40.0,3,2048
214600954,200.000,199.691,0.0000,-0.0679,0.0000,0.0906,0.189,32.24,40.0,3,2048
214601551,200.000,199.669,0.0000,-0.0160,0.0000,0.1214,0.189,32.24,40.0,3,2048
214602601,200.000,199.691,0.0000,0.0496,0.0000,0.1060,0.189,32.24,40.0,3,2048
214603545,200.000,199.669,0.0000,-0.0038,0.0000,0.1049,0.189,32.24,40.0,3,2048
214604561,200.000,199.691,0.0000,0.0343,0.0000,0.0939,0.189,32.24,40.0,3,2048
214605867,200.000,199.669,0.0000,0.1076,0.0000,0.0840,0.189,32.24,40.0,3,2048
214606597,200.000,199.691,0.0000,0.0191,0.0000,0.1115,0.189,32.24,40.0,3,2048
214607547,200.000,199.691,0.0000,0.1305,0.0000,0.0928,0.189,32.24,40.0,3,2048
214608561,200.000,199.691,0.0000,-0.0664,0.0000,0.1401,0.189,32.24,40.0,3,2048
214609542,200.000,199.691,0.0000,-0.0221,0.0000,0.1236,0.189,32.24,40.0,3,2048
214610983,200.000,199.669,0.0000,-0.0999,0.0000,0.0851,0.189,32.24,40.0,3,2048
214611902,200.000,199.691,0.0000,0.0206,0.0000,0.1269,0.189,32.24,40.0,3,2048
214612842,200.000,199.691,0.0000,0.0282,0.0000,0.1467,0.189,32.24,40.0,3,2048
214614167,200.000,199.669,0.0000,-0.0359,0.0000,0.0797,0.189,32.24,40.0,3,2048
214614543,200.000,199.691,0.0000,0.0206,0.0000,0.0906,0.189,32.24,40.0,3,2048
214615866,200.000,199.691,0.0000,0.0008,0.0000,0.1049,0.189,32.24,40.0,3,2048
214616544,200.000,199.691,0.0000,0.0648,0.0000,0.0917,0.189,32.24,40.0,3,2048
214617930,200.000,199.669,0.0000,-0.0252,0.0000,0.0983,0.189,32.24,40.0,3,2048
214618575,200.000,199.691,0.0000,0.0755,0.0000,0.1566,0.189,32.24,40.0,3,2048
214619612,200.000,199.691,0.0000,0.0130,0.0000,0.1159,0.189,32.24,40.0,3,2048
214620895,200.000,199.669,0.0000,-0.1060,0.0000,0.1214,0.189,32.24,40.0,3,2048
214621577,200.000,199.669,0.0000,0.0496,0.0000,0.0698,0.189,32.24,40.0,3,2048
214622649,200.000,199.669,0.0000,-0.0877,0.0000,0.0467,0.189,32.24,40.0,3,2048
214623544,200.000,199.691,0.0000,0.0877,0.0000,0.1434,0.189,32.24,40.0,3,2048
214624542,200.000,199.691,0.0000,0.0877,0.0000,0.0698,0.189,32.24,40.0,3,2048
214625921,200.000,199.691,0.0000,0.0038,0.0000,0.1544,0.189,32.24,40.0,3,2048
214626575,200.000,199.669,0.0000,-0.0008,0.0000,0.0687,0.189,32.24,40.0,3,2048
214627577,200.000,199.691,0.0000,0.0206,0.0000,0.1093,0.189,32.24,40.0,3,2048
214628569,200.000,199.691,0.0000,-0.0328,0.0000,0.0807,0.189,32.24,40.0,3,2048
214629569,200.000,199.691,0.0000,-0.0740,0.0000,0.1214,0.189,32.24,40.0,3,2048
214630891,200.000,199.691,0.0000,0.0374,0.0000,0.0742,0.189,32.24,40.0,3,2048
214631573,200.000,199.691,0.0000,-0.0710,0.0000,0.0829,0.189,32.24,40.0,3,2048
214632575,200.000,199.691,0.0000,-0.0771,0.0000,0.0983,0.189,32.24,40.0,3,2048
214633887,200.000,199.691,0.0000,0.0023,0.0000,0.0873,0.189,32.24,40.0,3,2048
214634577,200.000,199.691,0.0000,-0.0191,0.0000,0.1038,0.189,32.24,40.0,3,2048
214635869,200.000,199.691,0.0000,0.0313,0.0000,0.1027,0.189,32.24,40.0,3,2048
214636542,200.000,199.691,0.0000,0.0954,0.0000,0.1225,0.189,32.24,40.0,3,2048
214637923,200.000,199.691,0.0000,0.0359,0.0000,0.0720,0.189,32.24,40.0,3,2048
214638597,200.000,199.669,0.0000,-0.0084,0.0000,0.1401,0.189,32.24,40.0,3,2048
214639598,200.000,199.691,0.0000,0.0145,0.0000,0.1027,0.189,32.24,40.0,3,2048
214640914,200.000,199.691,0.0000,-0.0053,0.0000,0.0851,0.189,32.24,40.0,3,2048
214641547,200.000,199.669,0.0000,0.0038,0.0000,0.0829,0.189,32.24,40.0,3,2048
214642585,200.000,199.691,0.0000,0.0374,0.0000,0.1313,0.189,32.24,40.0,3,2048
214643545,200.000,199.669,0.0000,-0.0801,0.0000,0.0764,0.189,32.24,40.0,3,2048
214644542,200.000,199.669,0.0000,-0.1045,0.0000,0.1016,0.189,32.24,40.0,3,2048
214645886,200.000,199.691,0.0000,0.1411,0.0000,0.0862,0.189,32.24,40.0,3,2048
214646542,200.000,199.691,0.0000,-0.0435,0.0000,0.0939,0.189,32.24,40.0,3,2048
214647605,200.000,199.691,0.0000,0.0252,0.0000,0.1247,0.189,32.24,40.0,3,2048
214648543,200.000,199.669,0.0000,0.0206,0.0000,0.0753,0.189,32.24,40.0,3,2048
214649558,200.000,199.691,0.0000,-0.0816,0.0000,0.1071,0.189,32.24,40.0,3,2048
214650869,200.000,199.669,0.0000,-0.0786,0.0000,0.1324,0.189,32.24,40.0,3,2048
214651600,200.000,199.691,0.0000,0.1503,0.0000,0.0698,0.189,32.24,40.0,3,2048
214652548,200.000,199.691,0.0000,-0.1991,0.0000,0.1159,0.189,32.24,40.0,3,2048
214653952,200.000,199.691,0.0000,0.1228,0.0000,0.0818,0.189,32.24,40.0,3,2048
214654545,200.000,199.691,0.0000,0.0206,0.0000,0.1159,0.189,32.24,40.0,3,2048
214655921,200.000,199.691,0.0000,0.0328,0.0000,0.1170,0.189,32.24,40.0,3,2048
214656548,200.000,199.691,0.0000,-0.0725,0.0000,0.0829,0.189,32.24,40.0,3,2048
214657887,200.000,199.691,0.0000,0.0816,0.0000,0.1082,0.189,32.24,40.0,3,2048
214658547,200.000,199.691,0.0000,-0.0114,0.0000,0.0818,0.189,32.24,40.0,3,2048
214659599,200.000,199.691,0.0000,0.1366,0.0000,0.1577,0.189,32.24,40.0,3,2048
214660871,200.000,199.691,0.0000,-0.0374,0.0000,0.0775,0.189,32.24,40.0,3,2048
214661646,200.000,199.669,0.0000,-0.0969,0.0000,0.0786,0.189,32.24,40.0,3,2048
214662547,200.000,199.669,0.0000,-0.1350,0.0000,0.0807,0.189,32.24,40.0,3,2048
214663542,200.000,199.691,0.0000,0.0923,0.0000,0.1192,0.189,32.24,40.0,3,2048
214664542,200.000,199.691,0.0000,0.0587,0.0000,0.1170,0.189,32.24,40.0,3,2048
214665923,200.000,199.691,0.0000,0.1549,0.0000,0.1005,0.189,32.24,40.0,3,2048
214666578,200.000,199.691,0.0000,0.0114,0.0000,0.1258,0.189,32.24,40.0,3,2048
214667612,200.000,199.669,0.0000,-0.0847,0.0000,0.0862,0.189,32.24,40.0,3,2048
214668577,200.000,199.669,0.0000,-0.1091,0.0000,0.1038,0.189,32.24,40.0,3,2048
214669574,200.000,199.669,0.0000,-0.0374,0.0000,0.1456,0.189,32.24,40.0,3,2048
214670888,200.000,199.691,0.0000,0.1122,0.0000,0.1027,0.189,32.24,40.0,3,2048
214671634,200.000,199.691,0.0000,-0.0481,0.0000,0.1159,0.189,32.24,40.0,3,2048
214672547,200.000,199.691,0.0000,0.0710,0.0000,0.1192,0.189,32.24,40.0,3,2048
214673894,200.000,199.669,0.0000,-0.0374,0.0000,0.1005,0.189,32.24,40.0,3,2048
214674600,200.000,199.691,0.0000,0.0389,0.0000,0.1258,0.189,32.24,40.0,3,2048
214675891,200.000,199.691,0.0000,0.0572,0.0000,0.1181,0.189,32.24,40.0,3,2048
214676577,200.000,199.691,0.0000,0.0008,0.0000,0.1060,0.189,32.24,40.0,3,2048
214677895,200.000,199.691,0.0000,0.0313,0.0000,0.1357,0.189,32.24,40.0,3,2048
214678575,200.000,199.691,0.0000,-0.0038,0.0000,0.1126,0.189,32.24,40.0,3,2048
214679574,200.000,199.669,0.0000,0.0038,0.0000,0.0972,0.189,32.24,40.0,3,2048
214680890,200.000,199.669,0.0000,-0.0801,0.0000,0.0720,0.189,32.24,40.0,3,2048
214681575,200.000,199.669,0.0000,0.0298,0.0000,0.0764,0.189,32.24,40.0,3,2048
214682575,200.000,199.691,0.0000,0.0389,0.0000,0.1686,0.189,32.24,40.0,3,2048
214683582,200.000,199.691,0.0000,0.0832,0.0000,0.0709,0.189,32.24,40.0,3,2048
214684545,200.000,199.691,0.0000,0.0420,0.0000,0.0720,0.189,32.24,40.0,3,2048
214685882,200.000,199.691,0.0000,-0.0343,0.0000,0.1566,0.189,32.24,40.0,3,2048
214686600,200.000,199.691,0.0000,0.0603,0.0000,0.0829,0.189,32.24,40.0,3,2048
214687598,200.000,199.691,0.0000,0.0206,0.0000,0.1192,0.189,32.24,40.0,3,2048
214688491,200.000,199.669,0.0000,-0.1839,0.0000,0.1049,0.189,32.24,40.0,3,2048
214689547,200.000,199.691,0.0000,0.0877,0.0000,0.1049,0.189,32.24,40.0,3,2048
214690868,200.000,199.669,0.0000,-0.0511,0.0000,0.0895,0.189,32.24,40.0,3,2048
214691665,200.000,199.691,0.0000,-0.0084,0.0000,0.1313,0.189,32.24,40.0,3,2048
214692586,200.000,199.669,0.0000,-0.0267,0.0000,0.0654,0.189,32.24,40.0,3,2048
214693862,200.000,199.691,0.0000,0.0069,0.0000,0.0983,0.189,32.24,40.0,3,2048
214694560,200.000,199.691,0.0000,0.0786,0.0000,0.1324,0.189,32.24,40.0,3,2048
214695869,200.000,199.691,0.0000,0.0847,0.0000,0.1192,0.189,32.24,40.0,3,2048
214696600,200.000,199.669,0.0000,0.0237,0.0000,0.1203,0.189,32.24,40.0,3,2048
214697874,200.000,199.669,0.0000,-0.0374,0.0000,0.0906,0.189,32.24,40.0,3,2048
214698558,200.000,199.691,0.0000,0.2281,0.0000,0.0643,0.189,32.24,40.0,3,2048
214699547,200.000,199.691,0.0000,0.0832,0.0000,0.1577,0.189,32.24,40.0,3,2048
214700911,200.000,199.691,0.0000,0.0008,0.0000,0.1159,0.189,32.24,40.0,3,2048
214701550,200.000,199.691,0.0000,-0.0389,0.0000,0.0621,0.189,32.24,40.0,3,2048
214702637,200.000,199.691,0.0000,0.0648,0.0000,0.1203,0.189,32.24,40.0,3,2048
214703545,200.000,199.691,0.0000,-0.0954,0.0000,0.1082,0.189,32.24,40.0,3,2048
214704597,200.000,199.691,0.0000,0.0877,0.0000,0.0917,0.189,32.24,40.0,3,2048
214705873,200.000,199.691,0.0000,0.0862,0.0000,0.1456,0.189,32.24,40.0,3,2048
214706564,200.000,199.669,0.0000,0.0786,0.0000,0.0753,0.189,32.24,40.0,3,2048
214707547,200.000,199.669,0.0000,-0.1091,0.0000,0.1214,0.189,32.24,40.0,3,2048
214708593,200.000,199.691,0.0000,0.0847,0.0000,0.1038,0.189,32.24,40.0,3,2048
214709547,200.000,199.691,0.0000,0.0267,0.0000,0.1115,0.189,32.24,40.0,3,2048
214710886,200.000,199.691,0.0000,0.0465,0.0000,0.1181,0.189,32.24,40.0,3,2048
214711545,200.000,199.691,0.0000,-0.0374,0.0000,0.1027,0.189,32.24,40.0,3,2048
214712664,200.000,199.669,0.0000,-0.0786,0.0000,0.0906,0.189,32.24,40.0,3,2048
214713888,200.000,199.691,0.0000,-0.0496,0.0000,0.1247,0.189,32.24,40.0,3,2048
214714545,200.000,199.691,0.0000,0.0572,0.0000,0.0895,0.189,32.24,40.0,3,2048
214715866,200.000,199.691,0.0000,0.0648,0.0000,0.0917,0.189,32.24,40.0,3,2048
214716548,200.000,199.691,0.0000,0.0130,0.0000,0.0906,0.189,32.24,40.0,3,2048
214717895,200.000,199.691,0.0000,0.0313,0.0000,0.1093,0.189,32.24,40.0,3,2048
214718593,200.000,199.669,0.0000,-0.0465,0.0000,0.1478,0.189,32.24,40.0,3,2048
214719612,200.000,199.691,0.0000,0.0114,0.0000,0.0731,0.189,32.24,40.0,3,2048
214720897,200.000,199.691,0.0000,-0.0694,0.0000,0.1137,0.189,32.24,40.0,3,2048
214721574,200.000,199.669,0.0000,-0.0984,0.0000,0.1170,0.189,32.24,40.0,3,2048
214722578,200.000,199.691,0.0000,0.0206,0.0000,0.1104,0.189,32.24,40.0,3,2048
214723645,200.000,199.669,0.0000,-0.0526,0.0000,0.1192,0.189,32.24,40.0,3,2048
214724544,200.000,199.691,0.0000,-0.0221,0.0000,0.0917,0.189,32.24,40.0,3,2048
214725875,200.000,199.669,0.0000,-0.0160,0.0000,0.1170,0.189,32.24,40.0,3,2048
214726610,200.000,199.669,0.0000,-0.1717,0.0000,0.1181,0.189,32.24,40.0,3,2048
214727575,200.000,199.669,0.0000,0.0435,0.0000,0.0851,0.189,32.24,40.0,3,2048
214728572,200.000,199.669,0.0000,-0.0313,0.0000,0.1302,0.189,32.24,40.0,3,2048
214729569,200.000,199.691,0.0000,-0.0603,0.0000,0.0928,0.189,32.24,40.0,3,2048
214730891,200.000,199.669,0.0000,-0.0832,0.0000,0.1137,0.189,32.24,40.0,3,2048
214731571,200.000,199.691,0.0000,-0.0587,0.0000,0.0829,0.189,32.24,40.0,3,2048
214732575,200.000,199.691,0.0000,0.0526,0.0000,0.1346,0.189,32.24,40.0,3,2048
214733886,200.000,199.669,0.0000,-0.0008,0.0000,0.0829,0.189,32.24,40.0,3,2048
214734571,200.000,199.691,0.0000,0.0816,0.0000,0.1291,0.189,32.24,40.0,3,2048
214735899,200.000,199.691,0.0000,0.0618,0.0000,0.1148,0.189,32.24,40.0,3,2048
214736546,200.000,199.669,0.0000,-0.0313,0.0000,0.1016,0.189,32.24,40.0,3,2048
214737881,200.000,199.669,0.0000,-0.0145,0.0000,0.1137,0.189,32.24,40.0,3,2048
214738601,200.000,199.691,0.0000,0.1122,0.0000,0.1071,0.189,32.24,40.0,3,2048
214739602,200.000,199.691,0.0000,0.0557,0.0000,0.1038,0.189,32.24,40.0,3,2048
214740870,200.000,199.669,0.0000,-0.0908,0.0000,0.1236,0.189,32.24,40.0,3,2048
214741551,200.000,199.691,0.0000,0.1244,0.0000,0.1137,0.189,32.24,40.0,3,2048
214742547,200.000,199.691,0.0000,0.0725,0.0000,0.0939,0.189,32.24,40.0,3,2048
214743583,200.000,199.669,0.0000,-0.0481,0.0000,0.1412,0.189,32.24,40.0,3,2048
214744544,200.000,199.691,0.0000,0.0465,0.0000,0.1478,0.189,32.24,40.0,3,2048
214745871,200.000,199.691,0.0000,0.0893,0.0000,0.0786,0.189,32.24,40.0,3,2048
214746558,200.000,199.669,0.0000,-0.0069,0.0000,0.1269,0.189,32.24,40.0,3,2048
214747547,200.000,199.669,0.0000,-0.0206,0.0000,0.0895,0.189,32.24,40.0,3,2048
214748601,200.000,199.669,0.0000,-0.0694,0.0000,0.1390,0.189,32.24,40.0,3,2048
214749542,200.000,199.669,0.0000,0.0023,0.0000,0.0434,0.189,32.24,40.0,3,2048
214750886,200.000,199.669,0.0000,-0.0160,0.0000,0.1346,0.189,32.24,40.0,3,2048
214751542,200.000,199.691,0.0000,0.0694,0.0000,0.0764,0.189,32.24,40.0,3,2048
214752606,200.000,199.691,0.0000,0.0450,0.0000,0.1390,0.189,32.24,40.0,3,2048
214753861,200.000,199.669,0.0000,-0.0969,0.0000,0.0961,0.189,32.24,40.0,3,2048
214754511,200.000,199.669,0.0000,-0.0313,0.0000,0.0961,0.189,32.24,40.0,3,2048
214755876,200.000,199.669,0.0000,-0.1381,0.0000,0.0884,0.189,32.24,40.0,3,2048
214756544,200.000,199.669,0.0000,-0.0481,0.0000,0.1104,0.189,32.24,40.0,3,2048
214757926,200.000,199.691,0.0000,0.0252,0.0000,0.1412,0.189,32.24,40.0,3,2048
214758549,200.000,199.691,0.0000,0.0191,0.0000,0.0939,0.189,32.24,40.0,3,2048
214759566,200.000,199.669,0.0000,-0.1015,0.0000,0.0917,0.189,32.24,40.0,3,2048
214760861,200.000,199.669,0.0000,-0.0023,0.0000,0.1137,0.189,32.24,40.0,3,2048
214761595,200.000,199.691,0.0000,-0.0084,0.0000,0.1126,0.189,32.24,40.0,3,2048
214762547,200.000,199.691,0.0000,-0.0145,0.0000,0.0764,0.189,32.24,40.0,3,2048
214763647,200.000,199.669,0.0000,-0.0496,0.0000,0.1137,0.189,32.24,40.0,3,2048
214764542,200.000,199.691,0.0000,0.0114,0.0000,0.1115,0.189,32.24,40.0,3,2048
214765869,200.000,199.691,0.0000,-0.0359,0.0000,0.1027,0.189,32.24,40.0,3,2048
214766542,200.000,199.691,0.0000,0.0694,0.0000,0.1192,0.189,32.24,40.0,3,2048
214767614,200.000,199.691,0.0000,-0.0801,0.0000,0.1016,0.189,32.24,40.0,3,2048
214768572,200.000,199.691,0.0000,-0.0328,0.0000,0.1115,0.189,32.24,40.0,3,2048
214769612,200.000,199.669,0.0000,-0.0008,0.0000,0.1258,0.189,32.24,40.0,3,2048
214770898,200.000,199.691,0.0000,-0.0252,0.0000,0.1247,0.189,32.24,40.0,3,2048
214771574,200.000,199.691,0.0000,0.0267,0.0000,0.0961,0.189,32.24,40.0,3,2048
214772577,200.000,199.669,0.0000,-0.0450,0.0000,0.0895,0.189,32.24,40.0,3,2048
214773959,200.000,199.691,0.0000,0.0618,0.0000,0.1313,0.189,32.24,40.0,3,2048
214774543,200.000,199.669,0.0000,-0.0389,0.0000,0.1093,0.189,32.24,40.0,3,2048
214775876,200.000,199.669,0.0000,-0.0282,0.0000,0.1126,0.189,32.24,40.0,3,2048
214776613,200.000,199.691,0.0000,0.0679,0.0000,0.1115,0.189,32.24,40.0,3,2048
214777898,200.000,199.691,0.0000,-0.0069,0.0000,0.1324,0.189,32.24,40.0,3,2048
214778575,200.000,199.669,0.0000,-0.1549,0.0000,0.1126,0.189,32.24,40.0,3,2048
214779575,200.000,199.669,0.0000,0.0008,0.0000,0.0610,0.189,32.24,40.0,3,2048
214780891,200.000,199.691,0.0000,0.0694,0.0000,0.1324,0.189,32.24,40.0,3,2048
214781573,200.000,199.669,0.0000,-0.0023,0.0000,0.1126,0.189,32.24,40.0,3,2048
214782576,200.000,199.669,0.0000,-0.0954,0.0000,0.0928,0.189,32.24,40.0,3,2048
214783569,200.000,199.691,0.0000,-0.0435,0.0000,0.0807,0.189,32.24,40.0,3,2048
214784569,200.000,199.669,0.0000,-0.0694,0.0000,0.1148,0.189,32.24,40.0,3,2048
214785899,200.000,199.691,0.0000,-0.0069,0.0000,0.1038,0.189,32.24,40.0,3,2048
214786546,200.000,199.691,0.0000,0.1106,0.0000,0.1170,0.189,32.24,40.0,3,2048
214787561,200.000,199.691,0.0000,-0.0587,0.0000,0.1225,0.189,32.24,40.0,3,2048
214788596,200.000,199.691,0.0000,0.0267,0.0000,0.0928,0.189,32.24,40.0,3,2048
214789589,200.000,199.691,0.0000,-0.0145,0.0000,0.1016,0.189,32.24,40.0,3,2048
214790914,200.000,199.669,0.0000,-0.0069,0.0000,0.0807,0.189,32.24,40.0,3,2048
214791548,200.000,199.691,0.0000,0.1396,0.0000,0.1049,0.189,32.24,40.0,3,2048
214792583,200.000,199.669,0.0000,-0.0374,0.0000,0.0840,0.189,32.24,40.0,3,2048
214793864,200.000,199.669,0.0000,0.0084,0.0000,0.1258,0.189,32.24,40.0,3,2048
214794543,200.000,199.669,0.0000,-0.0786,0.0000,0.0906,0.189,32.24,40.0,3,2048
214795887,200.000,199.669,0.0000,-0.0908,0.0000,0.0983,0.189,32.24,40.0,3,2048
214796542,200.000,199.691,0.0000,-0.0587,0.0000,0.1082,0.189,32.24,40.0,3,2048
214797925,200.000,199.669,0.0000,-0.1137,0.0000,0.1225,0.189,32.24,40.0,3,2048
214798547,200.000,199.669,0.0000,-0.1274,0.0000,0.1060,0.189,32.24,40.0,3,2048
214799564,200.000,199.691,0.0000,0.1122,0.0000,0.1115,0.189,32.24,40.0,3,2048
214800861,200.000,199.691,0.0000,-0.0282,0.0000,0.1038,0.189,32.24,40.0,3,2048
214801601,200.000,199.691,0.0000,-0.0038,0.0000,0.1203,0.189,32.24,40.0,3,2048
214802547,200.000,199.691,0.0000,0.0206,0.0000,0.0906,0.189,32.24,40.0,3,2048
214803635,200.000,199.691,0.0000,0.0725,0.0000,0.1093,0.189,32.24,40.0,3,2048
214804544,200.000,199.691,0.0000,0.0664,0.0000,0.1291,0.189,32.24,40.0,3,2048
214805922,200.000,199.691,0.0000,0.0450,0.0000,0.0950,0.189,32.24,40.0,3,2048
214806547,200.000,199.691,0.0000,-0.0008,0.0000,0.1049,0.189,32.24,40.0,3,2048
214807566,200.000,199.691,0.0000,-0.0465,0.0000,0.1324,0.189,32.24,40.0,3,2048
214808542,200.000,199.691,0.0000,-0.0221,0.0000,0.0851,0.189,32.24,40.0,3,2048
214809595,200.000,199.669,0.0000,-0.1518,0.0000,0.0950,0.189,32.24,40.0,3,2048
214810869,200.000,199.691,0.0000,0.1411,0.0000,0.0818,0.189,32.24,40.0,3,2048
214811564,200.000,199.691,0.0000,-0.0664,0.0000,0.1082,0.189,32.24,40.0,3,2048
214812547,200.000,199.669,0.0000,-0.0877,0.0000,0.0928,0.189,32.24,40.0,3,2048
214813978,200.000,199.691,0.0000,0.1411,0.0000,0.1335,0.189,32.24,40.0,3,2048
214814571,200.000,199.669,0.0000,-0.0404,0.0000,0.0807,0.189,32.24,40.0,3,2048
214815868,200.000,199.691,0.0000,-0.0374,0.0000,0.0895,0.189,32.24,40.0,3,2048
214816548,200.000,199.669,0.0000,-0.0038,0.0000,0.1236,0.189,32.24,40.0,3,2048
214817868,200.000,199.669,0.0000,-0.0008,0.0000,0.1214,0.189,32.24,40.0,3,2048
214818545,200.000,199.691,0.0000,-0.1060,0.0000,0.0939,0.189,32.24,40.0,3,2048
214819603,200.000,199.691,0.0000,-0.0435,0.0000,0.0906,0.189,32.24,40.0,3,2048
214820927,200.000,199.669,0.0000,-0.1732,0.0000,0.1170,0.189,32.24,40.0,3,2048
214821576,200.000,199.691,0.0000,-0.0710,0.0000,0.1170,0.189,32.24,40.0,3,2048
214822583,200.000,199.669,0.0000,-0.0816,0.0000,0.0818,0.189,32.24,40.0,3,2048
214823573,200.000,199.691,0.0000,-0.0557,0.0000,0.0950,0.189,32.24,40.0,3,2048
214824644,200.000,199.669,0.0000,0.0038,0.0000,0.0961,0.189,32.24,40.0,3,2048
214825868,200.000,199.691,0.0000,-0.0206,0.0000,0.1159,0.189,32.24,40.0,3,2048
214826544,200.000,199.669,0.0000,-0.0038,0.0000,0.0873,0.189,32.24,40.0,3,2048
214827610,200.000,199.691,0.0000,0.0114,0.0000,0.1049,0.189,32.24,40.0,3,2048
214828575,200.000,199.691,0.0000,0.0114,0.0000,0.1071,0.189,32.24,40.0,3,2048
214829571,200.000,199.691,0.0000,-0.0587,0.0000,0.1236,0.189,32.24,40.0,3,2048
214830888,200.000,199.691,0.0000,0.1122,0.0000,0.0840,0.189,32.24,40.0,3,2048
214831575,200.000,199.669,0.0000,-0.1305,0.0000,0.0807,0.189,32.24,40.0,3,2048
214832574,200.000,199.669,0.0000,-0.0069,0.0000,0.0939,0.189,32.24,40.0,3,2048
214833887,200.000,199.669,0.0000,-0.0359,0.0000,0.1203,0.189,32.24,40.0,3,2048
214834570,200.000,199.691,0.0000,0.0664,0.0000,0.1214,0.189,32.24,40.0,3,2048
214835891,200.000,199.691,0.0000,0.1488,0.0000,0.1181,0.189,32.24,40.0,3,2048
214836587,200.000,199.669,0.0000,-0.0313,0.0000,0.1049,0.189,32.24,40.0,3,2048
214837876,200.000,199.691,0.0000,0.0465,0.0000,0.1269,0.189,32.24,40.0,3,2048
214838542,200.000,199.669,0.0000,-0.0206,0.0000,0.0961,0.189,32.24,40.0,3,2048
214839603,200.000,199.691,0.0000,0.0084,0.0000,0.1148,0.189,32.24,40.0,3,2048
214840911,200.000,199.669,0.0000,0.0420,0.0000,0.1126,0.189,32.24,40.0,3,2048
214841596,200.000,199.691,0.0000,0.0938,0.0000,0.1104,0.189,32.24,40.0,3,2048
214842601,200.000,199.691,0.0000,-0.0160,0.0000,0.0818,0.189,32.24,40.0,3,2048
214843542,200.000,199.669,0.0000,0.1167,0.0000,0.1401,0.189,32.24,40.0,3,2048
214844565,200.000,199.669,0.0000,0.0008,0.0000,0.1225,0.189,32.24,40.0,3,2048
214845874,200.000,199.691,0.0000,-0.0694,0.0000,0.0906,0.189,32.24,40.0,3,2048
214846542,200.000,199.669,0.0000,0.0114,0.0000,0.1203,0.189,32.24,40.0,3,2048
214847564,200.000,199.691,0.0000,0.0267,0.0000,0.1137,0.189,32.24,40.0,3,2048
214848542,200.000,199.669,0.0000,-0.0175,0.0000,0.1137,0.189,32.24,40.0,3,2048
214849600,200.000,199.691,0.0000,0.0038,0.0000,0.1225,0.189,32.24,40.0,3,2048
214850870,200.000,199.669,0.0000,-0.0374,0.0000,0.0939,0.189,32.24,40.0,3,2048
214851558,200.000,199.691,0.0000,0.0160,0.0000,0.1258,0.189,32.24,40.0,3,2048
214852547,200.000,199.691,0.0000,-0.0114,0.0000,0.1225,0.189,32.24,40.0,3,2048
214853919,200.000,199.691,0.0000,-0.1244,0.0000,0.0566,0.189,32.24,40.0,3,2048
214854544,200.000,199.669,0.0000,-0.0725,0.0000,0.1247,0.189,32.24,40.0,3,2048
214855956,200.000,199.669,0.0000,-0.0999,0.0000,0.1291,0.189,32.24,40.0,3,2048
214856553,200.000,199.691,0.0000,-0.0237,0.0000,0.0928,0.189,32.24,40.0,3,2048
214857924,200.000,199.691,0.0000,0.0420,0.0000,0.1203,0.189,32.24,40.0,3,2048
214858547,200.000,199.669,0.0000,0.0694,0.0000,0.1258,0.189,32.24,40.0,3,2048
214859566,200.000,199.669,0.0000,-0.1122,0.0000,0.1346,0.189,32.24,40.0,3,2048
214860866,200.000,199.669,0.0000,0.0328,0.0000,0.0544,0.189,32.24,40.0,3,2048
214861594,200.000,199.691,0.0000,0.1274,0.0000,0.1258,0.189,32.24,40.0,3,2048
214862548,200.000,199.669,0.0000,-0.1259,0.0000,0.0731,0.189,32.24,40.0,3,2048
214863561,200.000,199.691,0.0000,0.0328,0.0000,0.1137,0.189,32.24,40.0,3,2048
214864542,200.000,199.669,0.0000,-0.0404,0.0000,0.0873,0.189,32.24,40.0,3,2048
214865976,200.000,199.691,0.0000,-0.0038,0.0000,0.0840,0.189,32.24,40.0,3,2048
214866620,200.000,199.691,0.0000,-0.0664,0.0000,0.1126,0.189,32.24,40.0,3,2048
214867547,200.000,199.691,0.0000,-0.0557,0.0000,0.0895,0.189,32.24,40.0,3,2048
214868556,200.000,199.669,0.0000,0.0038,0.0000,0.1214,0.189,32.24,40.0,3,2048
214869602,200.000,199.669,0.0000,-0.0099,0.0000,0.1148,0.189,32.24,40.0,3,2048
214870896,200.000,199.669,0.0000,0.0481,0.0000,0.0775,0.189,32.24,40.0,3,2048
214871573,200.000,199.691,0.0000,0.1045,0.0000,0.1346,0.189,32.24,40.0,3,2048
214872575,200.000,199.691,0.0000,-0.0465,0.0000,0.0961,0.189,32.24,40.0,3,2048
214873888,200.000,199.691,0.0000,-0.0175,0.0000,0.1038,0.189,32.24,40.0,3,2048
214874570,200.000,199.669,0.0000,-0.1045,0.0000,0.1137,0.189,32.24,40.0,3,2048
214875892,200.000,199.669,0.0000,-0.1396,0.0000,0.1214,0.189,32.24,40.0,3,2048
214876573,200.000,199.669,0.0000,-0.0099,0.0000,0.0742,0.189,32.24,40.0,3,2048
214877898,200.000,199.669,0.0000,-0.0130,0.0000,0.0829,0.189,32.24,40.0,3,2048
214878589,200.000,199.669,0.0000,0.0328,0.0000,0.1181,0.189,32.24,40.0,3,2048
214879547,200.000,199.669,0.0000,-0.0786,0.0000,0.0884,0.189,32.24,40.0,3,2048
214880877,200.000,199.691,0.0000,0.0832,0.0000,0.0939,0.189,32.24,40.0,3,2048
214881601,200.000,199.691,0.0000,-0.0313,0.0000,0.1192,0.189,32.24,40.0,3,2048
214882602,200.000,199.691,0.0000,0.0618,0.0000,0.1368,0.189,32.24,40.0,3,2048
214883596,200.000,199.669,0.0000,-0.1015,0.0000,0.0829,0.189,32.24,40.0,3,2048
214884554,200.000,199.691,0.0000,0.1060,0.0000,0.1203,0.189,32.24,40.0,3,2048
214885869,200.000,199.691,0.0000,-0.1137,0.0000,0.1225,0.189,32.24,40.0,3,2048
214886666,200.000,199.669,0.0000,-0.0282,0.0000,0.0851,0.189,32.24,40.0,3,2048
214887586,200.000,199.691,0.0000,0.0298,0.0000,0.1082,0.189,32.24,40.0,3,2048
214888542,200.000,199.691,0.0000,-0.0221,0.0000,0.1104,0.189,32.24,40.0,3,2048
214889638,200.000,199.691,0.0000,-0.1091,0.0000,0.1049,0.189,32.24,40.0,3,2048
214890873,200.000,199.691,0.0000,-0.0603,0.0000,0.0994,0.189,32.24,40.0,3,2048
214891602,200.000,199.691,0.0000,0.0023,0.0000,0.1203,0.189,32.24,40.0,3,2048
214892547,200.000,199.691,0.0000,0.0755,0.0000,0.1181,0.189,32.24,40.0,3,2048
214893879,200.000,199.691,0.0000,-0.0893,0.0000,0.1192,0.189,32.24,40.0,3,2048
214894543,200.000,199.669,0.0000,-0.0679,0.0000,0.1324,0.189,32.24,40.0,3,2048
214895974,200.000,199.691,0.0000,-0.0542,0.0000,0.1324,0.189,32.24,40.0,3,2048
214896549,200.000,199.691,0.0000,-0.0496,0.0000,0.1126,0.189,32.24,40.0,3,2048
214897884,200.000,199.691,0.0000,-0.0542,0.0000,0.1071,0.189,32.24,40.0,3,2048
214898547,200.000,199.691,0.0000,0.0191,0.0000,0.1005,0.189,32.24,40.0,3,2048
214899564,200.000,199.691,0.0000,0.0999,0.0000,0.0917,0.189,32.24,40.0,3,2048
214900861,200.000,199.669,0.0000,-0.1289,0.0000,0.0972,0.189,32.24,40.0,3,2048
214901601,200.000,199.669,0.0000,0.0557,0.0000,0.1192,0.189,32.24,40.0,3,2048
214902547,200.000,199.691,0.0000,0.0587,0.0000,0.1313,0.189,32.24,40.0,3,2048
214903558,200.000,199.691,0.0000,0.0374,0.0000,0.0939,0.189,32.24,40.0,3,2048
214904542,200.000,199.669,0.0000,-0.0374,0.0000,0.1016,0.189,32.24,40.0,3,2048
214905975,200.000,199.669,0.0000,-0.1076,0.0000,0.0961,0.189,32.24,40.0,3,2048
214906549,200.000,199.691,0.0000,0.2312,0.0000,0.0983,0.189,32.24,40.0,3,2048
214907564,200.000,199.691,0.0000,0.0404,0.0000,0.1016,0.189,32.24,40.0,3,2048
214908542,200.000,199.691,0.0000,-0.0084,0.0000,0.0972,0.189,32.24,40.0,3,2048
214909558,200.000,199.691,0.0000,0.1488,0.0000,0.0994,0.189,32.24,40.0,3,2048
214910861,200.000,199.691,0.0000,0.1717,0.0000,0.0884,0.189,32.24,40.0,3,2048
214911601,200.000,199.669,0.0000,0.0252,0.0000,0.1346,0.189,32.24,40.0,3,2048
214912547,200.000,199.669,0.0000,-0.0298,0.0000,0.1016,0.189,32.24,40.0,3,2048
214913879,200.000,199.691,0.0000,0.1152,0.0000,0.1247,0.189,32.24,40.0,3,2048
214914543,200.000,199.669,0.0000,0.0648,0.0000,0.1071,0.189,32.24,40.0,3,2048
214915982,200.000,199.669,0.0000,-0.0465,0.0000,0.0994,0.189,32.24,40.0,3,2048
214916576,200.000,199.691,0.0000,0.0511,0.0000,0.1302,0.189,32.24,40.0,3,2048
214917873,200.000,199.691,0.0000,-0.0587,0.0000,0.0884,0.189,32.24,40.0,3,2048
214918544,200.000,199.669,0.0000,0.0893,0.0000,0.1016,0.189,32.24,40.0,3,2048
214919547,200.000,199.691,0.0000,0.0252,0.0000,0.1148,0.189,32.24,40.0,3,2048
214920892,200.000,199.691,0.0000,0.0221,0.0000,0.1412,0.189,32.24,40.0,3,2048
214921594,200.000,199.669,0.0000,0.0374,0.0000,0.0917,0.189,32.24,40.0,3,2048
214922615,200.000,199.691,0.0000,0.1747,0.0000,0.1005,0.189,32.24,40.0,3,2048
214923574,200.000,199.691,0.0000,0.0679,0.0000,0.1137,0.189,32.24,40.0,3,2048
214924571,200.000,199.669,0.0000,-0.0389,0.0000,0.1060,0.189,32.24,40.0,3,2048
214925898,200.000,199.691,0.0000,0.0099,0.0000,0.1159,0.189,32.24,40.0,3,2048
214926638,200.000,199.691,0.0000,0.0221,0.0000,0.0764,0.189,32.24,40.0,3,2048
214927547,200.000,199.691,0.0000,0.0069,0.0000,0.1324,0.189,32.24,40.0,3,2048
214928579,200.000,199.691,0.0000,0.0298,0.0000,0.0840,0.189,32.24,40.0,3,2048
214929593,200.000,199.691,0.0000,-0.0099,0.0000,0.1148,0.189,32.24,40.0,3,2048
214930895,200.000,199.691,0.0000,0.0847,0.0000,0.1071,0.189,32.24,40.0,3,2048
214931573,200.000,199.691,0.0000,-0.0008,0.0000,0.1390,0.189,32.24,40.0,3,2048
214932575,200.000,199.669,0.0000,-0.0801,0.0000,0.0753,0.189,32.24,40.0,3,2048
214933888,200.000,199.691,0.0000,0.1060,0.0000,0.1291,0.189,32.24,40.0,3,2048
214934570,200.000,199.669,0.0000,0.0343,0.0000,0.0544,0.189,32.24,40.0,3,2048
214935892,200.000,199.669,0.0000,-0.0450,0.0000,0.0632,0.189,32.24,40.0,3,2048
214936573,200.000,199.691,0.0000,-0.0221,0.0000,0.1027,0.189,32.24,40.0,3,2048
214937899,200.000,199.669,0.0000,-0.1030,0.0000,0.0786,0.189,32.24,40.0,3,2048
214938587,200.000,199.691,0.0000,0.0053,0.0000,0.0972,0.189,32.24,40.0,3,2048
214939548,200.000,199.691,0.0000,0.0130,0.0000,0.0764,0.189,32.24,40.0,3,2048
214940876,200.000,199.691,0.0000,-0.0694,0.0000,0.1214,0.189,32.24,40.0,3,2048
214941600,200.000,199.669,0.0000,-0.0603,0.0000,0.0950,0.189,32.24,40.0,3,2048
214942598,200.000,199.669,0.0000,-0.0664,0.0000,0.0961,0.189,32.24,40.0,3,2048
214943595,200.000,199.691,0.0000,0.0145,0.0000,0.0456,0.189,32.24,40.0,3,2048
214944553,200.000,199.691,0.0000,0.0130,0.0000,0.1390,0.189,32.24,40.0,3,2048
214945868,200.000,199.669,0.0000,-0.0206,0.0000,0.0720,0.189,32.24,40.0,3,2048
214946672,200.000,199.691,0.0000,0.0069,0.0000,0.1445,0.189,32.24,40.0,3,2048
214947582,200.000,199.691,0.0000,-0.0359,0.0000,0.1544,0.189,32.24,40.0,3,2048
214948542,200.000,199.691,0.0000,0.0923,0.0000,0.0610,0.189,32.24,40.0,3,2048
214949561,200.000,199.691,0.0000,-0.0465,0.0000,0.1192,0.189,32.24,40.0,3,2048
214950869,200.000,199.691,0.0000,-0.0618,0.0000,0.0654,0.189,32.24,40.0,3,2048
214951597,200.000,199.691,0.0000,-0.0832,0.0000,0.1555,0.189,32.24,40.0,3,2048
214952548,200.000,199.691,0.0000,0.0313,0.0000,0.0807,0.189,32.24,40.0,3,2048
214953881,200.000,199.691,0.0000,-0.0359,0.0000,0.0818,0.189,32.24,40.0,3,2048
214954543,200.000,199.691,0.0000,-0.0069,0.0000,0.1390,0.189,32.24,40.0,3,2048
214955909,200.000,199.691,0.0000,0.1183,0.0000,0.1379,0.189,32.24,40.0,3,2048
214956550,200.000,199.669,0.0000,-0.1671,0.0000,0.1027,0.189,32.24,40.0,3,2048
214957963,200.000,199.669,0.0000,-0.0938,0.0000,0.0961,0.189,32.24,40.0,3,2048
214958881,200.000,199.691,0.0000,-0.0221,0.0000,0.1005,0.189,32.24,40.0,3,2048
214959916,200.000,199.691,0.0000,-0.0282,0.0000,0.1170,0.189,32.24,40.0,3,2048
214961205,200.000,199.669,0.0000,-0.0740,0.0000,0.1346,0.189,32.24,40.0,3,2048
214961890,200.000,199.691,0.0000,0.0984,0.0000,0.0643,0.189,32.24,40.0,3,2048
214962834,200.000,199.691,0.0000,-0.0160,0.0000,0.1181,0.189,32.24,40.0,3,2048
214963917,200.000,199.691,0.0000,-0.0191,0.0000,0.1181,0.189,32.24,40.0,3,2048
214964874,200.000,199.669,0.0000,-0.0710,0.0000,0.0643,0.189,32.24,40.0,3,2048
214966219,200.000,199.669,0.0000,0.0130,0.0000,0.1291,0.189,32.24,40.0,3,2048
214966878,200.000,199.691,0.0000,0.0526,0.0000,0.0917,0.189,32.24,40.0,3,2048
214967833,200.000,199.691,0.0000,-0.0511,0.0000,0.1346,0.189,32.24,40.0,3,2048
214968927,200.000,199.669,0.0000,0.0603,0.0000,0.0829,0.189,32.24,40.0,3,2048
214969872,200.000,199.691,0.0000,0.1183,0.0000,0.1016,0.189,32.24,40.0,3,2048
214971161,200.000,199.691,0.0000,0.0282,0.0000,0.1401,0.189,32.24,40.0,3,2048
214971874,200.000,199.691,0.0000,0.0282,0.0000,0.0972,0.189,32.24,40.0,3,2048
214972834,200.000,199.691,0.0000,0.0221,0.0000,0.0731,0.189,32.24,40.0,3,2048
214974157,200.000,199.691,0.0000,0.0404,0.0000,0.0928,0.189,32.24,40.0,3,2048
214974543,200.000,199.691,0.0000,-0.0832,0.0000,0.0939,0.189,32.24,40.0,3,2048
214975928,200.000,199.691,0.0000,0.0801,0.0000,0.1313,0.189,32.24,40.0,3,2048
214976574,200.000,199.691,0.0000,-0.0130,0.0000,0.1313,0.189,32.24,40.0,3,2048
214977936,200.000,199.691,0.0000,0.0496,0.0000,0.0775,0.189,32.24,40.0,3,2048
214978578,200.000,199.691,0.0000,0.0023,0.0000,0.1335,0.189,32.24,40.0,3,2048
214979578,200.000,199.669,0.0000,-0.0755,0.0000,0.0862,0.189,32.24,40.0,3,2048
214980902,200.000,199.669,0.0000,0.0587,0.0000,0.1368,0.189,32.24,40.0,3,2048
214981632,200.000,199.669,0.0000,0.0389,0.0000,0.0665,0.189,32.24,40.0,3,2048
214982547,200.000,199.669,0.0000,-0.0008,0.0000,0.0797,0.189,32.24,40.0,3,2048
214983580,200.000,199.691,0.0000,0.0420,0.0000,0.1071,0.189,32.24,40.0,3,2048
214984595,200.000,199.691,0.0000,0.1625,0.0000,0.1401,0.189,32.24,40.0,3,2048
214985893,200.000,199.669,0.0000,0.0038,0.0000,0.1060,0.189,32.24,40.0,3,2048
214986573,200.000,199.691,0.0000,0.1534,0.0000,0.1434,0.189,32.24,40.0,3,2048
214987575,200.000,199.669,0.0000,-0.0587,0.0000,0.0961,0.189,32.24,40.0,3,2048
214988569,200.000,199.691,0.0000,0.1183,0.0000,0.0807,0.189,32.24,40.0,3,2048
214989571,200.000,199.669,0.0000,-0.0465,0.0000,0.0851,0.189,32.24,40.0,3,2048
214990891,200.000,199.669,0.0000,-0.0160,0.0000,0.1401,0.189,32.24,40.0,3,2048
214991574,200.000,199.691,0.0000,-0.0374,0.0000,0.0544,0.189,32.24,40.0,3,2048
214992590,200.000,199.691,0.0000,-0.0328,0.0000,0.1478,0.189,32.24,40.0,3,2048
214993860,200.000,199.691,0.0000,-0.0069,0.0000,0.0797,0.189,32.24,40.0,3,2048
214994543,200.000,199.691,0.0000,0.0023,0.0000,0.1544,0.189,32.24,40.0,3,2048
214995913,200.000,199.691,0.0000,0.0618,0.0000,0.1610,0.189,32.24,40.0,3,2048
214996598,200.000,199.669,0.0000,0.0801,0.0000,0.1225,0.189,32.24,40.0,3,2048
214997917,200.000,199.691,0.0000,0.0145,0.0000,0.1082,0.189,32.24,40.0,3,2048
214998601,200.000,199.691,0.0000,0.1167,0.0000,0.0895,0.189,32.24,40.0,3,2048
214999547,200.000,199.691,0.0000,-0.0343,0.0000,0.1379,0.189,32.24,40.0,3,2048
215000901,200.000,199.691,0.0000,0.0526,0.0000,0.0950,0.189,32.24,40.0,3,2048
215001551,200.000,199.691,0.0000,-0.0969,0.0000,0.1181,0.189,32.24,40.0,3,2048
215002547,200.000,199.691,0.0000,0.0282,0.0000,0.0698,0.189,32.24,40.0,3,2048
215003558,200.000,199.691,0.0000,-0.0313,0.0000,0.1456,0.189,32.24,40.0,3,2048
215004542,200.000,199.669,0.0000,0.0114,0.0000,0.1401,0.189,32.24,40.0,3,2048
215005919,200.000,199.669,0.0000,0.0221,0.0000,0.0423,0.189,32.24,40.0,3,2048
215006543,200.000,199.691,0.0000,-0.0450,0.0000,0.1181,0.189,32.24,40.0,3,2048
215007564,200.000,199.669,0.0000,-0.0679,0.0000,0.0884,0.189,32.24,40.0,3,2048
215008542,200.000,199.691,0.0000,0.1060,0.0000,0.1115,0.189,32.24,40.0,3,2048
215009601,200.000,199.691,0.0000,0.0114,0.0000,0.0709,0.189,32.24,40.0,3,2048
215010869,200.000,199.669,0.0000,0.0023,0.0000,0.1027,0.189,32.24,40.0,3,2048
215011519,200.000,199.669,0.0000,0.0389,0.0000,0.1214,0.189,32.24,40.0,3,2048
215012551,200.000,199.691,0.0000,-0.0114,0.0000,0.1181,0.189,32.24,40.0,3,2048
215013861,200.000,199.691,0.0000,0.0542,0.0000,0.0840,0.189,32.24,40.0,3,2048
215014601,200.000,199.691,0.0000,-0.0099,0.0000,0.1258,0.189,32.24,40.0,3,2048
215015870,200.000,199.669,0.0000,-0.0252,0.0000,0.1247,0.189,32.24,40.0,3,2048
215016563,200.000,199.691,0.0000,0.0435,0.0000,0.1104,0.189,32.24,40.0,3,2048
215017871,200.000,199.691,0.0000,-0.1228,0.0000,0.0939,0.189,32.24,40.0,3,2048
215018651,200.000,199.691,0.0000,0.0130,0.0000,0.0764,0.189,32.24,40.0,3,2048
215019549,200.000,199.669,0.0000,-0.0603,0.0000,0.1093,0.189,32.24,40.0,3,2048
215020869,200.000,199.669,0.0000,-0.0710,0.0000,0.0786,0.189,32.24,40.0,3,2048
215021543,200.000,199.691,0.0000,-0.0893,0.0000,0.0873,0.189,32.24,40.0,3,2048
215022547,200.000,199.691,0.0000,0.0587,0.0000,0.0884,0.189,32.24,40.0,3,2048
215023606,200.000,199.691,0.0000,0.0145,0.0000,0.1357,0.189,32.24,40.0,3,2048
215024600,200.000,199.691,0.0000,-0.0099,0.0000,0.1148,0.189,32.24,40.0,3,2048
215025899,200.000,199.691,0.0000,-0.0099,0.0000,0.1093,0.189,32.24,40.0,3,2048
215026580,200.000,199.691,0.0000,-0.0877,0.0000,0.0906,0.189,32.24,40.0,3,2048
215027582,200.000,199.691,0.0000,0.0114,0.0000,0.1236,0.189,32.24,40.0,3,2048
215028640,200.000,199.691,0.0000,0.0679,0.0000,0.1038,0.189,32.24,40.0,3,2048
215029544,200.000,199.669,0.0000,-0.0603,0.0000,0.1313,0.189,32.24,40.0,3,2048
215030866,200.000,199.691,0.0000,0.0053,0.0000,0.1115,0.189,32.24,40.0,3,2048
215031611,200.000,199.669,0.0000,-0.0832,0.0000,0.0917,0.189,32.24,40.0,3,2048
215032577,200.000,199.691,0.0000,0.0008,0.0000,0.1104,0.189,32.24,40.0,3,2048
215033889,200.000,199.691,0.0000,-0.0160,0.0000,0.1225,0.189,32.24,40.0,3,2048
215034570,200.000,199.669,0.0000,0.0862,0.0000,0.0928,0.189,32.24,40.0,3,2048
215035891,200.000,199.691,0.0000,-0.0130,0.0000,0.0797,0.189,32.24,40.0,3,2048
215036573,200.000,199.691,0.0000,0.0130,0.0000,0.0829,0.189,32.24,40.0,3,2048
215037898,200.000,199.691,0.0000,0.0740,0.0000,0.1258,0.189,32.24,40.0,3,2048
215038573,200.000,199.669,0.0000,-0.0496,0.0000,0.0851,0.189,32.24,40.0,3,2048
215039574,200.000,199.669,0.0000,-0.0969,0.0000,0.0972,0.189,32.24,40.0,3,2048
215040903,200.000,199.691,0.0000,-0.0511,0.0000,0.1302,0.189,32.24,40.0,3,2048
215041548,200.000,199.691,0.0000,0.2068,0.0000,0.1126,0.189,32.24,40.0,3,2048
215042547,200.000,199.691,0.0000,-0.0237,0.0000,0.0994,0.189,32.24,40.0,3,2048
215043593,200.000,199.691,0.0000,0.0053,0.0000,0.1016,0.189,32.24,40.0,3,2048
215044589,200.000,199.691,0.0000,0.1305,0.0000,0.1038,0.189,32.24,40.0,3,2048
215045908,200.000,199.691,0.0000,0.1640,0.0000,0.1214,0.189,32.24,40.0,3,2048
215046547,200.000,199.691,0.0000,-0.0694,0.0000,0.1302,0.189,32.24,40.0,3,2048
215047547,200.000,199.691,0.0000,0.0175,0.0000,0.0983,0.189,32.24,40.0,3,2048
215048578,200.000,199.691,0.0000,0.1289,0.0000,0.1038,0.189,32.24,40.0,3,2048
215049545,200.000,199.669,0.0000,-0.0755,0.0000,0.1126,0.189,32.24,40.0,3,2048
215050869,200.000,199.691,0.0000,-0.0145,0.0000,0.0698,0.189,32.24,40.0,3,2048
215051558,200.000,199.691,0.0000,0.0465,0.0000,0.1126,0.189,32.24,40.0,3,2048
215052547,200.000,199.669,0.0000,-0.1244,0.0000,0.0983,0.189,32.24,40.0,3,2048
215053919,200.000,199.691,0.0000,-0.0023,0.0000,0.0972,0.189,32.24,40.0,3,2048
215054544,200.000,199.669,0.0000,-0.0221,0.0000,0.0840,0.189,32.24,40.0,3,2048
215055887,200.000,199.691,0.0000,-0.0603,0.0000,0.0873,0.189,32.24,40.0,3,2048
215056542,200.000,199.669,0.0000,-0.0252,0.0000,0.0906,0.189,32.24,40.0,3,2048
215057924,200.000,199.691,0.0000,0.0435,0.0000,0.1412,0.189,32.24,40.0,3,2048
215058548,200.000,199.691,0.0000,-0.0023,0.0000,0.0786,0.189,32.24,40.0,3,2048
215059639,200.000,199.691,0.0000,-0.0069,0.0000,0.1115,0.189,32.24,40.0,3,2048
215060868,200.000,199.691,0.0000,0.1213,0.0000,0.0950,0.189,32.24,40.0,3,2048
215061602,200.000,199.691,0.0000,-0.0069,0.0000,0.0994,0.189,32.24,40.0,3,2048
215062548,200.000,199.691,0.0000,0.0633,0.0000,0.1324,0.189,32.24,40.0,3,2048
215063561,200.000,199.691,0.0000,0.0664,0.0000,0.0906,0.189,32.24,40.0,3,2048
215064542,200.000,199.691,0.0000,0.1411,0.0000,0.1170,0.189,32.24,40.0,3,2048
215065913,200.000,199.691,0.0000,-0.0404,0.0000,0.1137,0.189,32.24,40.0,3,2048
215066548,200.000,199.691,0.0000,0.0206,0.0000,0.1159,0.189,32.24,40.0,3,2048
215067566,200.000,199.691,0.0000,0.0465,0.0000,0.0862,0.189,32.24,40.0,3,2048
215068542,200.000,199.691,0.0000,-0.0145,0.0000,0.1610,0.189,32.24,40.0,3,2048
215069660,200.000,199.669,0.0000,-0.0481,0.0000,0.1038,0.189,32.24,40.0,3,2048
215070893,200.000,199.691,0.0000,0.0282,0.0000,0.1225,0.189,32.24,40.0,3,2048
215071545,200.000,199.669,0.0000,0.0191,0.0000,0.0720,0.189,32.24,40.0,3,2048
215072547,200.000,199.669,0.0000,-0.1167,0.0000,0.1335,0.189,32.24,40.0,3,2048
215073859,200.000,199.691,0.0000,-0.0053,0.0000,0.0665,0.189,32.24,40.0,3,2048
215074594,200.000,199.691,0.0000,0.0252,0.0000,0.0873,0.189,32.24,40.0,3,2048
215075898,200.000,199.669,0.0000,-0.0374,0.0000,0.0797,0.189,32.24,40.0,3,2048
215076610,200.000,199.669,0.0000,-0.0725,0.0000,0.1071,0.189,32.24,40.0,3,2048
215077903,200.000,199.669,0.0000,-0.0343,0.0000,0.1269,0.189,32.24,40.0,3,2048
215078574,200.000,199.669,0.0000,-0.0679,0.0000,0.0884,0.189,32.24,40.0,3,2048
215079578,200.000,199.691,0.0000,0.0893,0.0000,0.1027,0.189,32.24,40.0,3,2048
215080963,200.000,199.691,0.0000,-0.0542,0.0000,0.1082,0.189,32.24,40.0,3,2048
215081551,200.000,199.691,0.0000,0.1244,0.0000,0.1335,0.189,32.24,40.0,3,2048
215082547,200.000,199.691,0.0000,-0.0237,0.0000,0.0983,0.189,32.24,40.0,3,2048
215083604,200.000,199.691,0.0000,-0.0832,0.0000,0.0862,0.189,32.24,40.0,3,2048
215084572,200.000,199.669,0.0000,-0.0664,0.0000,0.1269,0.189,32.24,40.0,3,2048
215085891,200.000,199.669,0.0000,-0.0511,0.0000,0.1203,0.189,32.24,40.0,3,2048
215086575,200.000,199.691,0.0000,-0.0130,0.0000,0.0786,0.189,32.24,40.0,3,2048
215087575,200.000,199.691,0.0000,0.0175,0.0000,0.0972,0.189,32.24,40.0,3,2048
215088569,200.000,199.669,0.0000,0.0160,0.0000,0.1060,0.189,32.24,40.0,3,2048
215089569,200.000,199.669,0.0000,-0.1381,0.0000,0.1291,0.189,32.24,40.0,3,2048
215090888,200.000,199.691,0.0000,-0.0252,0.0000,0.0588,0.189,32.24,40.0,3,2048
215091576,200.000,199.691,0.0000,-0.0191,0.0000,0.1225,0.189,32.24,40.0,3,2048
215092587,200.000,199.669,0.0000,-0.1900,0.0000,0.0742,0.189,32.24,40.0,3,2048
215093861,200.000,199.669,0.0000,0.1015,0.0000,0.1071,0.189,32.24,40.0,3,2048
215094543,200.000,199.691,0.0000,0.0618,0.0000,0.1346,0.189,32.24,40.0,3,2048
215095916,200.000,199.691,0.0000,0.0603,0.0000,0.1236,0.189,32.24,40.0,3,2048
215096599,200.000,199.691,0.0000,0.0404,0.0000,0.1170,0.189,32.24,40.0,3,2048
215097917,200.000,199.691,0.0000,-0.1015,0.0000,0.1049,0.189,32.24,40.0,3,2048
215098601,200.000,199.669,0.0000,0.0237,0.0000,0.0983,0.189,32.24,40.0,3,2048
215099547,200.000,199.691,0.0000,0.0374,0.0000,0.1060,0.189,32.24,40.0,3,2048
215100897,200.000,199.691,0.0000,0.1045,0.0000,0.0643,0.189,32.24,40.0,3,2048
215101550,200.000,199.669,0.0000,-0.0221,0.0000,0.0950,0.189,32.24,40.0,3,2048
215102547,200.000,199.691,0.0000,0.0267,0.0000,0.1500,0.189,32.24,40.0,3,2048
215103558,200.000,199.691,0.0000,0.0114,0.0000,0.0884,0.189,32.24,40.0,3,2048
215104542,200.000,199.669,0.0000,0.0008,0.0000,0.1016,0.189,32.24,40.0,3,2048
215105918,200.000,199.691,0.0000,0.0359,0.0000,0.1082,0.189,32.24,40.0,3,2048
215106543,200.000,199.669,0.0000,-0.0130,0.0000,0.0917,0.189,32.24,40.0,3,2048
215107564,200.000,199.691,0.0000,0.0801,0.0000,0.0939,0.189,32.24,40.0,3,2048
215108542,200.000,199.669,0.0000,0.0069,0.0000,0.1368,0.189,32.24,40.0,3,2048
215109601,200.000,199.691,0.0000,0.0526,0.0000,0.0753,0.189,32.24,40.0,3,2048
215110870,200.000,199.691,0.0000,0.1106,0.0000,0.1236,0.189,32.24,40.0,3,2048
215111512,200.000,199.691,0.0000,-0.1350,0.0000,0.0906,0.189,32.24,40.0,3,2048
215112551,200.000,199.691,0.0000,-0.0267,0.0000,0.0972,0.189,32.24,40.0,3,2048
215113861,200.000,199.691,0.0000,-0.0206,0.0000,0.1016,0.189,32.24,40.0,3,2048
215114601,200.000,199.669,0.0000,-0.1167,0.0000,0.0818,0.189,32.24,40.0,3,2048
215115870,200.000,199.691,0.0000,-0.1167,0.0000,0.0928,0.189,32.24,40.0,3,2048
215116563,200.000,199.669,0.0000,-0.1457,0.0000,0.0456,0.189,32.24,40.0,3,2048
215117872,200.000,199.691,0.0000,0.0862,0.0000,0.1203,0.189,32.24,40.0,3,2048
215118595,200.000,199.691,0.0000,0.1076,0.0000,0.1379,0.189,32.24,40.0,3,2048
215119547,200.000,199.669,0.0000,0.0252,0.0000,0.1225,0.189,32.24,40.0,3,2048
215120968,200.000,199.691,0.0000,-0.0069,0.0000,0.0654,0.189,32.24,40.0,3,2048
215121546,200.000,199.691,0.0000,0.0069,0.0000,0.1258,0.189,32.24,40.0,3,2048
215122547,200.000,199.691,0.0000,0.1076,0.0000,0.0731,0.189,32.24,40.0,3,2048
215123542,200.000,199.691,0.0000,0.0572,0.0000,0.1104,0.189,32.24,40.0,3,2048
215124603,200.000,199.691,0.0000,-0.0069,0.0000,0.1060,0.189,32.24,40.0,3,2048
215125895,200.000,199.691,0.0000,-0.0038,0.0000,0.0797,0.189,32.24,40.0,3,2048
215126613,200.000,199.691,0.0000,-0.0038,0.0000,0.1137,0.189,32.24,40.0,3,2048
215127578,200.000,199.691,0.0000,0.1122,0.0000,0.1324,0.189,32.24,40.0,3,2048
215128572,200.000,199.691,0.0000,0.1625,0.0000,0.1148,0.189,32.24,40.0,3,2048
215129607,200.000,199.691,0.0000,-0.0313,0.0000,0.0994,0.189,32.24,40.0,3,2048
215130938,200.000,199.691,0.0000,-0.0221,0.0000,0.0851,0.189,32.24,40.0,3,2048
215131548,200.000,199.669,0.0000,0.0008,0.0000,0.1126,0.189,32.24,40.0,3,2048
215132585,200.000,199.669,0.0000,-0.0282,0.0000,0.1148,0.189,32.24,40.0,3,2048
215133915,200.000,199.691,0.0000,0.1213,0.0000,0.1214,0.189,32.24,40.0,3,2048
215134568,200.000,199.691,0.0000,0.0359,0.0000,0.1115,0.189,32.24,40.0,3,2048
215135889,200.000,199.669,0.0000,0.0298,0.0000,0.1203,0.189,32.24,40.0,3,2048
215136575,200.000,199.669,0.0000,-0.1305,0.0000,0.1038,0.189,32.24,40.0,3,2048
215137895,200.000,199.691,0.0000,-0.0313,0.0000,0.1148,0.189,32.24,40.0,3,2048
215138575,200.000,199.669,0.0000,-0.0923,0.0000,0.0851,0.189,32.24,40.0,3,2048
215139575,200.000,199.669,0.0000,-0.0084,0.0000,0.0994,0.189,32.24,40.0,3,2048
215140888,200.000,199.691,0.0000,0.1305,0.0000,0.0643,0.189,32.24,40.0,3,2048
215141575,200.000,199.691,0.0000,0.0908,0.0000,0.1005,0.189,32.24,40.0,3,2048
215142587,200.000,199.669,0.0000,-0.1350,0.0000,0.1104,0.189,32.24,40.0,3,2048
215143545,200.000,199.691,0.0000,-0.0801,0.0000,0.0840,0.189,32.24,40.0,3,2048
215144561,200.000,199.691,0.0000,0.1183,0.0000,0.1060,0.189,32.24,40.0,3,2048
215145914,200.000,199.669,0.0000,-0.1274,0.0000,0.0818,0.189,32.24,40.0,3,2048
215146598,200.000,199.691,0.0000,0.1045,0.0000,0.0928,0.189,32.24,40.0,3,2048
215147514,200.000,199.669,0.0000,-0.0908,0.0000,0.1346,0.189,32.24,40.0,3,2048
215148545,200.000,199.669,0.0000,-0.0359,0.0000,0.1401,0.189,32.24,40.0,3,2048
215149542,200.000,199.691,0.0000,-0.0587,0.0000,0.0643,0.189,32.24,40.0,3,2048
215150897,200.000,199.691,0.0000,-0.0069,0.0000,0.1027,0.189,32.24,40.0,3,2048
215151550,200.000,199.691,0.0000,-0.1015,0.0000,0.1115,0.189,32.24,40.0,3,2048
215152547,200.000,199.691,0.0000,0.0160,0.0000,0.0797,0.189,32.24,40.0,3,2048
215153877,200.000,199.691,0.0000,-0.0420,0.0000,0.1302,0.189,32.24,40.0,3,2048
215154543,200.000,199.691,0.0000,0.0114,0.0000,0.0917,0.189,32.24,40.0,3,2048
215155920,200.000,199.691,0.0000,0.0191,0.0000,0.0939,0.189,32.24,40.0,3,2048
215156543,200.000,199.691,0.0000,-0.0374,0.0000,0.1313,0.189,32.24,40.0,3,2048
215157888,200.000,199.691,0.0000,0.1839,0.0000,0.0797,0.189,32.24,40.0,3,2048
215158543,200.000,199.691,0.0000,-0.1137,0.0000,0.0994,0.189,32.24,40.0,3,2048
215159606,200.000,199.691,0.0000,-0.0053,0.0000,0.1335,0.189,32.24,40.0,3,2048
215160869,200.000,199.691,0.0000,0.0374,0.0000,0.0818,0.189,32.24,40.0,3,2048
215161525,200.000,199.691,0.0000,0.1198,0.0000,0.1214,0.189,32.24,40.0,3,2048
215162551,200.000,199.691,0.0000,0.0648,0.0000,0.1170,0.189,32.24,40.0,3,2048
215163542,200.000,199.691,0.0000,0.0465,0.0000,0.1005,0.189,32.24,40.0,3,2048
215164600,200.000,199.691,0.0000,0.0648,0.0000,0.1335,0.189,32.24,40.0,3,2048
215165871,200.000,199.691,0.0000,0.0526,0.0000,0.0786,0.189,32.24,40.0,3,2048
215166563,200.000,199.669,0.0000,-0.0450,0.0000,0.1148,0.189,32.24,40.0,3,2048
215167547,200.000,199.691,0.0000,0.0389,0.0000,0.0873,0.189,32.24,40.0,3,2048
215168595,200.000,199.691,0.0000,-0.0786,0.0000,0.0840,0.189,32.24,40.0,3,2048
215169583,200.000,199.691,0.0000,0.0130,0.0000,0.1214,0.189,32.24,40.0,3,2048