t_us,p_cmd_deg,p_act_deg,v_cmd,v_act,t_cmd,t_act,iq,vbus,temp,state,events
242064859,-213.695,-199.844,0.0000,0.1640,15.2940,-10.0927,0.000,30.80,41.0,3,0
242065860,-213.643,-199.910,0.9000,-0.9041,15.4366,4.8390,0.000,30.80,41.0,3,0
242067185,-213.643,-199.888,0.0000,-0.0435,0.0000,6.9165,0.000,30.80,41.0,3,0
242067546,-213.695,-199.866,-0.9000,0.4646,-15.4366,4.1567,0.000,30.80,41.0,3,0
242068871,-213.695,-199.844,0.0000,0.8629,15.2940,-1.4134,0.000,30.80,41.0,3,0
242069611,-213.643,-199.844,0.9000,0.2113,15.4366,-10.1949,0.000,30.80,41.0,3,0
242070897,-213.643,-199.910,0.0000,-0.8721,0.0000,5.3905,0.000,30.80,41.0,3,0
242071931,-213.695,-199.822,-0.9000,0.9255,-15.4366,-1.6068,0.000,30.80,41.0,3,0
242072873,-213.695,-199.822,0.0000,0.2846,15.2940,-9.8972,0.000,30.80,41.0,3,0
242074193,-213.643,-199.888,0.9000,-0.6981,15.4366,4.6786,0.000,30.80,41.0,3,0
242074915,-213.643,-199.866,0.0000,0.0114,0.0000,6.8583,0.000,30.80,41.0,3,0
242075873,-213.695,-199.800,-0.9000,0.8934,-15.4366,-1.4486,0.000,30.80,41.0,3,0
242076876,-213.695,-199.800,0.0000,0.4265,15.2940,-10.2389,0.000,30.80,41.0,3,0
242077873,-213.643,-199.866,0.9000,-0.8278,15.4366,4.7698,0.000,30.80,41.0,3,0
242079261,-213.643,-199.844,0.0000,-0.0053,0.0000,6.8825,0.000,30.80,41.0,3,0
242080190,-213.695,-199.778,-0.9000,1.0216,-15.4366,-1.2453,0.000,30.80,41.0,3,0
242080857,-213.695,-199.778,0.0000,0.4173,15.2940,-10.2905,0.000,30.80,41.0,3,0
242081858,-213.643,-199.844,0.9000,-0.9239,15.4366,4.7269,0.000,30.80,41.0,3,0
242082860,-213.643,-199.822,0.0000,0.0496,0.0000,7.0616,0.000,30.80,41.0,3,0
242084266,-213.695,-199.778,-0.9000,0.8980,-15.4366,-1.6584,0.000,30.80,41.0,3,0
242084866,-213.695,-199.778,0.0000,0.3349,15.2940,-9.9093,0.000,30.80,41.0,3,0
242085872,-213.643,-199.822,0.9000,-0.7088,15.4366,4.6687,0.000,30.80,41.0,3,0
242087193,-213.643,-199.800,0.0000,0.0816,0.0000,7.0539,0.000,30.80,41.0,3,0
242087577,-213.695,-199.778,-0.9000,0.5211,-15.4366,4.2952,0.000,30.80,41.0,3,0
242088894,-213.695,-199.735,0.0000,0.9728,15.2940,-1.4903,0.000,30.80,41.0,3,0
242089867,-213.643,-199.800,0.9000,-0.9133,15.4366,4.8884,0.000,30.80,41.0,3,0
242091199,-213.643,-199.778,0.0000,0.0633,0.0000,7.1209,0.000,30.80,41.0,3,0
242092198,-213.695,-199.713,-0.9000,1.0506,-15.4366,-1.5562,0.000,30.80,41.0,3,0
242092868,-213.695,-199.713,0.0000,0.3075,15.2940,-10.3257,0.000,30.80,41.0,3,0
242094202,-213.643,-199.778,0.9000,-0.8202,15.4366,4.9225,0.000,30.80,41.0,3,0
242094868,-213.643,-199.756,0.0000,0.0069,0.0000,7.1165,0.000,30.80,41.0,3,0
242095870,-213.695,-199.691,-0.9000,0.9972,-15.4366,-1.5694,0.000,30.80,41.0,3,0
242096874,-213.695,-199.691,0.0000,0.3426,15.2940,-10.3410,0.000,30.80,41.0,3,0
242097872,-213.643,-199.756,0.9000,-0.9407,15.4366,4.8764,0.000,30.80,41.0,3,0
242099205,-213.643,-199.735,0.0000,0.0130,0.0000,7.1736,0.000,30.80,41.0,3,0
242099869,-213.695,-199.669,-0.9000,0.9911,-15.4366,-1.6002,0.000,30.80,41.0,3,0
242100870,-213.695,-199.669,0.0000,0.2373,15.2940,-10.2784,0.000,30.80,41.0,3,0
242102196,-213.643,-199.735,0.9000,-1.0033,15.4366,4.8687,0.000,30.80,41.0,3,0
242102865,-213.643,-199.713,0.0000,0.0496,0.0000,7.2000,0.000,30.80,41.0,3,0
242104198,-213.695,-199.669,-0.9000,0.8919,-15.4366,-1.5826,0.000,30.80,41.0,3,0
242104870,-213.695,-199.647,0.0000,0.4402,15.2940,-10.2784,0.000,30.80,41.0,3,0
242105870,-213.643,-199.713,0.9000,-0.8827,15.4366,4.8533,0.000,30.80,41.0,3,0
242107195,-213.643,-199.691,0.0000,-0.0175,0.0000,7.2494,0.000,30.80,41.0,3,0
242107548,-213.695,-199.691,-0.9000,0.4860,-15.4366,4.4281,0.000,30.80,41.0,3,0
242108868,-213.695,-199.647,0.0000,0.7973,15.2940,-1.5496,0.000,30.80,41.0,3,0
242109557,-213.643,-199.647,0.9000,0.3212,15.4366,-10.3037,0.000,30.80,41.0,3,0
242110894,-213.643,-199.713,0.0000,-1.0155,0.0000,4.8720,0.000,30.80,41.0,3,0
242111869,-213.695,-199.647,-0.9000,0.7378,-15.4366,-1.5244,0.000,30.80,41.0,3,0
242112870,-213.695,-199.625,0.0000,0.3883,15.2940,-10.2477,0.000,30.80,41.0,3,0
242114195,-213.643,-199.691,0.9000,-0.8949,15.4366,4.9104,0.000,30.80,41.0,3,0
242114857,-213.643,-199.691,0.0000,-0.0557,0.0000,7.1901,0.000,30.80,41.0,3,0
242115953,-213.695,-199.625,-0.9000,0.8995,-15.4366,-1.7342,0.000,30.80,41.0,3,0
242116870,-213.695,-199.603,0.0000,0.3853,15.2940,-9.9389,0.000,30.80,41.0,3,0
242117857,-213.643,-199.669,0.9000,-0.8949,15.4366,4.8906,0.000,30.80,41.0,3,0
242119188,-213.643,-199.669,0.0000,0.0618,0.0000,7.0956,0.000,30.80,41.0,3,0
242119856,-213.695,-199.603,-0.9000,0.9163,-15.4366,-1.5683,0.000,30.80,41.0,3,0
242120860,-213.695,-199.603,0.0000,0.3151,15.2940,-10.2696,0.000,30.80,41.0,3,0
242122182,-213.643,-199.669,0.9000,-1.0368,15.4366,4.8994,0.000,30.80,41.0,3,0
242122855,-213.643,-199.647,0.0000,0.0526,0.0000,7.2121,0.000,30.80,41.0,3,0
242124265,-213.695,-199.581,-0.9000,0.8476,-15.4366,-1.7705,0.000,30.80,41.0,3,0
242124864,-213.695,-199.581,0.0000,0.4448,15.2940,-9.8862,0.000,30.80,41.0,3,0
242125871,-213.643,-199.647,0.9000,-0.9972,15.4366,4.7500,0.000,30.80,41.0,3,0
242127192,-213.643,-199.625,0.0000,0.0816,0.0000,7.1791,0.000,30.80,41.0,3,0
242127599,-213.695,-199.625,-0.9000,0.3853,-15.4366,4.3270,0.000,30.80,41.0,3,0
242128898,-213.695,-199.581,0.0000,0.9545,15.2940,-1.7232,0.000,30.80,41.0,3,0
242129870,-213.643,-199.625,0.9000,-0.9911,15.4366,4.7544,0.000,30.80,41.0,3,0
242131198,-213.643,-199.603,0.0000,0.0435,0.0000,7.1132,0.000,30.80,41.0,3,0
242131874,-213.695,-199.559,-0.9000,0.7774,-15.4366,-1.5562,0.000,30.80,41.0,3,0
242132867,-213.695,-199.559,0.0000,0.3212,15.2940,-10.2026,0.000,30.80,41.0,3,0
242134197,-213.643,-199.625,0.9000,-1.0384,15.4366,4.8599,0.000,30.80,41.0,3,0
242134865,-213.643,-199.603,0.0000,-0.0511,0.0000,7.1528,0.000,30.80,41.0,3,0
242135939,-213.695,-199.559,-0.9000,0.8370,-15.4366,-1.6793,0.000,30.80,41.0,3,0
242136859,-213.695,-199.537,0.0000,0.4036,15.2940,-9.8093,0.000,30.80,41.0,3,0
242137857,-213.643,-199.603,0.9000,-0.9743,15.4366,4.7566,0.000,30.80,41.0,3,0
242139185,-213.643,-199.603,0.0000,-0.1137,0.0000,7.0989,0.000,30.80,41.0,3,0
242139854,-213.695,-199.537,-0.9000,0.8827,-15.4366,-1.4991,0.000,30.80,41.0,3,0
242140857,-213.695,-199.537,0.0000,0.1946,15.2940,-10.1729,0.000,30.80,41.0,3,0
242141858,-213.643,-199.603,0.9000,-0.9911,15.4366,4.9181,0.000,30.80,41.0,3,0
242142936,-213.643,-199.581,0.0000,0.0389,0.0000,7.0396,0.000,30.80,41.0,3,0
242144196,-213.695,-199.537,-0.9000,0.8110,-15.4366,-1.2739,0.000,30.80,41.0,3,0
242144906,-213.695,-199.537,0.0000,0.2815,15.2940,-10.2444,0.000,30.80,41.0,3,0
242146194,-213.643,-199.603,0.9000,-1.0842,15.4366,4.8895,0.000,30.80,41.0,3,0
242147237,-213.643,-199.581,0.0000,0.0237,0.0000,7.1604,0.000,30.80,41.0,3,0
242147576,-213.695,-199.559,-0.9000,0.4570,-15.4366,3.6920,0.000,30.80,41.0,3,0
242148920,-213.695,-199.537,0.0000,0.7607,15.2940,-1.4618,0.000,30.80,41.0,3,0
242149585,-213.643,-199.537,0.9000,0.2174,15.4366,-10.3872,0.000,30.80,41.0,3,0
242150900,-213.643,-199.603,0.0000,-1.1177,0.0000,4.9818,0.000,30.80,41.0,3,0
242151585,-213.695,-199.603,-0.9000,-0.1854,-15.4366,7.4131,0.000,30.80,41.0,3,0
242152587,-213.695,-199.559,0.0000,0.6386,15.2940,-1.4057,0.000,30.80,41.0,3,0
242153952,-213.643,-199.559,0.9000,0.1869,15.4366,-10.0620,0.000,30.80,41.0,3,0
242154555,-213.643,-199.647,0.0000,-1.0689,0.0000,5.4279,0.000,30.80,41.0,3,0
242155552,-213.695,-199.625,-0.9000,-0.0618,-15.4366,7.2374,0.000,30.80,41.0,3,0
242156608,-213.695,-199.581,0.0000,0.7424,15.2940,-1.4607,0.000,30.80,41.0,3,0
242157577,-213.643,-199.581,0.9000,0.1961,15.4366,-10.3399,0.000,30.80,41.0,3,0
242158890,-213.643,-199.669,0.0000,-1.2230,0.0000,4.4138,0.000,30.80,41.0,3,0
242159582,-213.695,-199.647,-0.9000,-0.1915,-15.4366,7.5241,0.000,30.80,41.0,3,0
242160578,-213.695,-199.625,0.0000,0.6325,15.2940,-1.5068,0.000,30.80,41.0,3,0
242161576,-213.643,-199.625,0.9000,0.0450,15.4366,-10.0916,0.000,30.80,41.0,3,0
242162575,-213.643,-199.713,0.0000,-1.1910,0.0000,4.9489,0.000,30.80,41.0,3,0
242163891,-213.695,-199.691,-0.9000,-0.2327,-15.4366,7.2659,0.000,30.80,41.0,3,0
242164908,-213.695,-199.647,0.0000,0.1320,15.2940,-10.1894,0.000,30.80,41.0,3,0
242166191,-213.643,-199.713,0.9000,-1.0918,15.4366,4.9686,0.000,30.80,41.0,3,0
242167235,-213.643,-199.713,0.0000,-0.0252,0.0000,7.0770,0.000,30.80,41.0,3,0
242167576,-213.695,-199.691,-0.9000,0.3487,-15.4366,4.2545,0.000,30.80,41.0,3,0
242168889,-213.695,-199.669,0.0000,0.7210,15.2940,-1.3277,0.000,30.80,41.0,3,0
242170230,-213.643,-199.735,0.9000,-1.0750,15.4366,4.9148,0.000,30.80,41.0,3,0
242171237,-213.643,-199.735,0.0000,0.0114,0.0000,7.0978,0.000,30.80,41.0,3,0
242171906,-213.695,-199.669,-0.9000,0.8827,-15.4366,-1.3662,0.000,30.80,41.0,3,0
242172866,-213.695,-199.669,0.0000,0.1381,15.2940,-10.3971,0.000,30.80,41.0,3,0
242174190,-213.643,-199.735,0.9000,-1.1330,15.4366,4.9269,0.000,30.80,41.0,3,0
242174911,-213.643,-199.735,0.0000,0.0237,0.0000,7.2308,0.000,30.80,41.0,3,0
242175864,-213.695,-199.669,-0.9000,0.9102,-15.4366,-1.5639,0.000,30.80,41.0,3,0
242176857,-213.695,-199.669,0.0000,0.2693,15.2940,-10.2751,0.000,30.80,41.0,3,0
242178185,-213.643,-199.756,0.9000,-1.0811,15.4366,4.8170,0.000,30.80,41.0,3,0
242179180,-213.643,-199.735,0.0000,-0.0633,0.0000,7.2582,0.000,30.80,41.0,3,0
242179863,-213.695,-199.669,-0.9000,0.7393,-15.4366,-1.5584,0.000,30.80,41.0,3,0
242180867,-213.695,-199.669,0.0000,0.1900,15.2940,-10.2345,0.000,30.80,41.0,3,0
242182189,-213.643,-199.756,0.9000,-1.0094,15.4366,4.8610,0.000,30.80,41.0,3,0
242182906,-213.643,-199.735,0.0000,0.0023,0.0000,7.1824,0.000,30.80,41.0,3,0
242184191,-213.695,-199.691,-0.9000,0.9041,-15.4366,-1.5233,0.000,30.80,41.0,3,0
242184765,-213.695,-199.669,0.0000,0.4936,15.2940,-9.6840,0.000,30.80,41.0,3,0
242185858,-213.643,-199.735,0.9000,-0.8156,15.4366,5.6740,0.000,30.80,41.0,3,0
242187165,-213.643,-199.713,0.0000,0.1625,0.0000,6.7880,0.000,30.80,41.0,3,0
242187452,-213.695,-199.691,-0.9000,0.6554,-15.4366,4.0513,0.000,30.80,41.0,3,0
242188958,-213.695,-199.647,0.0000,0.9056,15.2940,-0.8366,0.000,30.80,41.0,3,0
242190178,-213.643,-199.713,0.9000,-1.2322,15.4366,4.7423,0.000,30.80,41.0,3,0
242191178,-213.643,-199.713,0.0000,-0.2113,0.0000,7.6032,0.000,30.80,41.0,3,0
242191854,-213.695,-199.669,-0.9000,0.8171,-15.4366,-1.4991,0.000,30.80,41.0,3,0
242192857,-213.695,-199.669,0.0000,0.2800,15.2940,-10.2081,0.000,30.80,41.0,3,0
242194177,-213.643,-199.735,0.9000,-1.0445,15.4366,5.0038,0.000,30.80,41.0,3,0
242194854,-213.643,-199.735,0.0000,-0.0114,0.0000,7.1780,0.000,30.80,41.0,3,0
242195926,-213.695,-199.691,-0.9000,0.7362,-15.4366,-1.8188,0.000,30.80,41.0,3,0
242196911,-213.695,-199.691,0.0000,0.2586,15.2940,-9.9038,0.000,30.80,41.0,3,0
242198190,-213.643,-199.735,0.9000,-1.1177,15.4366,4.7588,0.000,30.80,41.0,3,0
242199233,-213.643,-199.713,0.0000,0.2037,0.0000,7.0022,0.000,30.80,41.0,3,0
242199859,-213.695,-199.669,-0.9000,0.7622,-15.4366,-1.3838,0.000,30.80,41.0,3,0
242200931,-213.695,-199.669,0.0000,0.2358,15.2940,-10.5762,0.000,30.80,41.0,3,0
242202233,-213.643,-199.735,0.9000,-1.0506,15.4366,4.3413,0.000,30.80,41.0,3,0
242202918,-213.643,-199.713,0.0000,0.0145,0.0000,7.3033,0.000,30.80,41.0,3,0
242204188,-213.695,-199.669,-0.9000,0.8217,-15.4366,-1.3255,0.000,30.80,41.0,3,0
242204915,-213.695,-199.669,0.0000,0.2052,15.2940,-10.5992,0.000,30.80,41.0,3,0
242206195,-213.643,-199.735,0.9000,-1.0628,15.4366,4.9104,0.000,30.80,41.0,3,0
242207238,-213.643,-199.735,0.0000,-0.0984,0.0000,7.0594,0.000,30.80,41.0,3,0
242207567,-213.695,-199.691,-0.9000,0.4051,-15.4366,4.2699,0.000,30.80,41.0,3,0
242208892,-213.695,-199.669,0.0000,0.9499,15.2940,-1.3003,0.000,30.80,41.0,3,0
242209930,-213.643,-199.713,0.9000,-0.9392,15.4366,5.4729,0.000,30.80,41.0,3,0
242211187,-213.643,-199.713,0.0000,-0.0053,0.0000,7.1890,0.000,30.80,41.0,3,0
242211851,-213.695,-199.647,-0.9000,0.8461,-15.4366,-1.5145,0.000,30.80,41.0,3,0
242212855,-213.695,-199.647,0.0000,0.3105,15.2940,-10.2806,0.000,30.80,41.0,3,0
242214178,-213.643,-199.713,0.9000,-1.0063,15.4366,4.9357,0.000,30.80,41.0,3,0
242214853,-213.643,-199.713,0.0000,-0.0816,0.0000,7.2099,0.000,30.80,41.0,3,0
242215855,-213.695,-199.647,-0.9000,0.8659,-15.4366,-1.5826,0.000,30.80,41.0,3,0
242216858,-213.695,-199.647,0.0000,0.2037,15.2940,-10.3114,0.000,30.80,41.0,3,0
242217929,-213.643,-199.713,0.9000,-0.9255,15.4366,5.5169,0.000,30.80,41.0,3,0
242219233,-213.643,-199.691,0.0000,0.1503,0.0000,7.0044,0.000,30.80,41.0,3,0
242219865,-213.695,-199.647,-0.9000,0.7393,-15.4366,-1.5947,0.000,30.80,41.0,3,0
242220905,-213.695,-199.625,0.0000,0.3410,15.2940,-10.2213,0.000,30.80,41.0,3,0
242222252,-213.643,-199.691,0.9000,-1.0628,15.4366,5.4499,0.000,30.80,41.0,3,0
242222917,-213.643,-199.691,0.0000,0.0420,0.0000,7.0726,0.000,30.80,41.0,3,0
242224193,-213.695,-199.625,-0.9000,0.8797,-15.4366,-1.4189,0.000,30.80,41.0,3,0
242224863,-213.695,-199.625,0.0000,0.2235,15.2940,-10.3388,0.000,30.80,41.0,3,0
242225871,-213.643,-199.691,0.9000,-0.9529,15.4366,4.8412,0.000,30.80,41.0,3,0
242227236,-213.643,-199.669,0.0000,0.0893,0.0000,7.1132,0.000,30.80,41.0,3,0
242227566,-213.695,-199.647,-0.9000,0.5638,-15.4366,3.7524,0.000,30.80,41.0,3,0
242228900,-213.695,-199.603,0.0000,0.8598,15.2940,-1.5562,0.000,30.80,41.0,3,0
242229629,-213.643,-199.625,0.9000,0.1457,15.4366,-10.4619,0.000,30.80,41.0,3,0
242230879,-213.643,-199.669,0.0000,-0.9072,0.0000,5.4905,0.000,30.80,41.0,3,0
242231548,-213.695,-199.669,-0.9000,-0.0847,-15.4366,7.1539,0.000,30.80,41.0,3,0
242232617,-213.695,-199.603,0.0000,0.9346,15.2940,-1.5507,0.000,30.80,41.0,3,0
242233895,-213.643,-199.603,0.9000,0.1717,15.4366,-10.4114,0.000,30.80,41.0,3,0
242234579,-213.643,-199.669,0.0000,-1.0002,0.0000,5.0499,0.000,30.80,41.0,3,0
242235581,-213.695,-199.669,-0.9000,0.0023,-15.4366,7.2692,0.000,30.80,41.0,3,0
242236573,-213.695,-199.603,0.0000,0.8675,15.2940,-1.3090,0.000,30.80,41.0,3,0
242237576,-213.643,-199.625,0.9000,0.1366,15.4366,-10.3301,0.000,30.80,41.0,3,0
242238890,-213.643,-199.691,0.0000,-0.9972,0.0000,4.9269,0.000,30.80,41.0,3,0
242239580,-213.695,-199.669,-0.9000,0.0511,-15.4366,7.0319,0.000,30.80,41.0,3,0
242240578,-213.695,-199.603,0.0000,0.9102,15.2940,-1.5683,0.000,30.80,41.0,3,0
242241576,-213.643,-199.625,0.9000,0.2464,15.4366,-10.2971,0.000,30.80,41.0,3,0
242242575,-213.643,-199.669,0.0000,-0.9880,0.0000,5.0027,0.000,30.80,41.0,3,0
242243891,-213.695,-199.669,-0.9000,0.0175,-15.4366,7.0275,0.000,30.80,41.0,3,0
242244577,-213.695,-199.603,0.0000,0.8782,15.2940,-1.5485,0.000,30.80,41.0,3,0
242245581,-213.643,-199.603,0.9000,0.2113,15.4366,-10.4564,0.000,30.80,41.0,3,0
242246895,-213.643,-199.669,0.0000,-1.0414,0.0000,4.3984,0.000,30.80,41.0,3,0
242247553,-213.695,-199.669,-0.9000,-0.1381,-15.4366,7.3055,0.000,30.80,41.0,3,0
242248864,-213.695,-199.669,0.0000,0.1152,15.2940,6.6913,0.000,30.80,41.0,3,0
242249571,-213.643,-199.625,0.9000,0.2098,15.4366,-10.2795,0.000,30.80,41.0,3,0
242250890,-213.643,-199.691,0.0000,-1.1772,0.0000,4.8687,0.000,30.80,41.0,3,0
242251865,-213.695,-199.625,-0.9000,0.8110,-15.4366,-1.5255,0.000,30.80,41.0,3,0
242252862,-213.695,-199.625,0.0000,0.2235,15.2940,-10.2729,0.000,30.80,41.0,3,0
242254190,-213.643,-199.691,0.9000,-0.9972,15.4366,4.8489,0.000,30.80,41.0,3,0
242254856,-213.643,-199.691,0.0000,-0.0420,0.0000,7.2516,0.000,30.80,41.0,3,0
242255950,-213.695,-199.625,-0.9000,0.6874,-15.4366,-1.7760,0.000,30.80,41.0,3,0
242256865,-213.695,-199.625,0.0000,0.3258,15.2940,-9.8368,0.000,30.80,41.0,3,0
242258186,-213.643,-199.691,0.9000,-1.0826,15.4366,4.7500,0.000,30.80,41.0,3,0
242259165,-213.643,-199.691,0.0000,-0.0404,0.0000,7.1440,0.000,30.80,41.0,3,0
242259855,-213.695,-199.625,-0.9000,0.8064,-15.4366,-1.5694,0.000,30.80,41.0,3,0
242260853,-213.695,-199.625,0.0000,0.3151,15.2940,-10.2499,0.000,30.80,41.0,3,0
242261852,-213.643,-199.691,0.9000,-0.9926,15.4366,4.9203,0.000,30.80,41.0,3,0
242262854,-213.643,-199.669,0.0000,-0.1305,0.0000,7.2187,0.000,30.80,41.0,3,0
242264258,-213.695,-199.625,-0.9000,0.8583,-15.4366,-1.7529,0.000,30.80,41.0,3,0
242264857,-213.695,-199.625,0.0000,0.3349,15.2940,-9.9115,0.000,30.80,41.0,3,0
242265866,-213.643,-199.691,0.9000,-0.9453,15.4366,4.8665,0.000,30.80,41.0,3,0
242267232,-213.643,-199.669,0.0000,0.0877,0.0000,6.9704,0.000,30.80,41.0,3,0
242267597,-213.695,-199.647,-0.9000,0.6615,-15.4366,4.1502,0.000,30.80,41.0,3,0
242268898,-213.695,-199.603,0.0000,0.8324,15.2940,-1.6331,0.000,30.80,41.0,3,0
242269581,-213.643,-199.603,0.9000,0.2602,15.4366,-10.2564,0.000,30.80,41.0,3,0
242270906,-213.643,-199.669,0.0000,-0.9148,0.0000,4.8489,0.000,30.80,41.0,3,0
242271566,-213.695,-199.647,-0.9000,0.0603,-15.4366,6.9770,0.000,30.80,41.0,3,0
242272581,-213.695,-199.581,0.0000,0.8949,15.2940,-1.4244,0.000,30.80,41.0,3,0
242273940,-213.643,-199.581,0.9000,0.3410,15.4366,-10.3202,0.000,30.80,41.0,3,0
242274555,-213.643,-199.647,0.0000,-0.9316,0.0000,5.4114,0.000,30.80,41.0,3,0
242275552,-213.695,-199.625,-0.9000,0.0557,-15.4366,7.1572,0.000,30.80,41.0,3,0
242276547,-213.695,-199.559,0.0000,0.8522,15.2940,-1.4914,0.000,30.80,41.0,3,0
242277547,-213.643,-199.559,0.9000,0.3181,15.4366,-10.1905,0.000,30.80,41.0,3,0
242278928,-213.643,-199.625,0.0000,-0.9560,0.0000,4.8676,0.000,30.80,41.0,3,0
242279577,-213.695,-199.603,-0.9000,0.0542,-15.4366,7.0187,0.000,30.80,41.0,3,0
242280579,-213.695,-199.559,0.0000,0.9621,15.2940,-1.2838,0.000,30.80,41.0,3,0
242281607,-213.643,-199.537,0.9000,0.3960,15.4366,-10.2323,0.000,30.80,41.0,3,0
242282580,-213.643,-199.603,0.0000,-1.0872,0.0000,5.3323,0.000,30.80,41.0,3,0
242283893,-213.695,-199.603,-0.9000,0.0893,-15.4366,7.0352,0.000,30.80,41.0,3,0
242284913,-213.695,-199.537,0.0000,0.2708,15.2940,-10.4476,0.000,30.80,41.0,3,0
242286235,-213.643,-199.603,0.9000,-1.0368,15.4366,4.4039,0.000,30.80,41.0,3,0
242287238,-213.643,-199.581,0.0000,0.0038,0.0000,7.2516,0.000,30.80,41.0,3,0
242287617,-213.695,-199.581,-0.9000,0.3731,-15.4366,4.3468,0.000,30.80,41.0,3,0
242288917,-213.695,-199.537,0.0000,0.7530,15.2940,-1.4211,0.000,30.80,41.0,3,0
242289553,-213.643,-199.537,0.9000,0.3273,15.4366,-10.2048,0.000,30.80,41.0,3,0
242290902,-213.643,-199.603,0.0000,-1.0536,0.0000,4.3666,0.000,30.80,41.0,3,0
242291594,-213.695,-199.603,-0.9000,-0.0221,-15.4366,7.1945,0.000,30.80,41.0,3,0
242292579,-213.695,-199.537,0.0000,0.7759,15.2940,-1.4420,0.000,30.80,41.0,3,0
242293893,-213.643,-199.537,0.9000,0.2495,15.4366,-10.1729,0.000,30.80,41.0,3,0
242294582,-213.643,-199.603,0.0000,-0.9316,0.0000,4.8478,0.000,30.80,41.0,3,0
242295582,-213.695,-199.581,-0.9000,-0.0618,-15.4366,6.9407,0.000,30.80,41.0,3,0
242296573,-213.695,-199.537,0.0000,0.8782,15.2940,-1.2299,0.000,30.80,41.0,3,0
242297577,-213.643,-199.515,0.9000,0.3304,15.4366,-10.2586,0.000,30.80,41.0,3,0
242298896,-213.643,-199.603,0.0000,-1.0597,0.0000,4.9115,0.000,30.80,41.0,3,0
242299581,-213.695,-199.581,-0.9000,-0.0221,-15.4366,7.0231,0.000,30.80,41.0,3,0
242300579,-213.695,-199.537,0.0000,0.8858,15.2940,-1.4716,0.000,30.80,41.0,3,0
242301576,-213.643,-199.537,0.9000,0.2983,15.4366,-10.1202,0.000,30.80,41.0,3,0
242302577,-213.643,-199.581,0.0000,-0.8873,0.0000,4.7775,0.000,30.80,41.0,3,0
242303895,-213.695,-199.559,-0.9000,0.0191,-15.4366,6.9297,0.000,30.80,41.0,3,0
242304582,-213.695,-199.515,0.0000,0.8919,15.2940,-1.2277,0.000,30.80,41.0,3,0
242305571,-213.643,-199.515,0.9000,0.2800,15.4366,-10.3828,0.000,30.80,41.0,3,0
242306859,-213.643,-199.581,0.0000,-1.0124,0.0000,4.3051,0.000,30.80,41.0,3,0
242307570,-213.695,-199.559,-0.9000,-0.0725,-15.4366,7.3978,0.000,30.80,41.0,3,0
242308887,-213.695,-199.559,0.0000,0.1595,15.2940,6.8078,0.000,30.80,41.0,3,0
242310189,-213.643,-199.581,0.9000,-1.0674,15.4366,4.8873,0.000,30.80,41.0,3,0
242311232,-213.643,-199.581,0.0000,-0.0786,0.0000,7.0242,0.000,30.80,41.0,3,0
242311865,-213.695,-199.537,-0.9000,0.8186,-15.4366,-1.2003,0.000,30.80,41.0,3,0
242312904,-213.695,-199.515,0.0000,0.3319,15.2940,-10.1620,0.000,30.80,41.0,3,0
242314183,-213.643,-199.603,0.9000,-1.0689,15.4366,4.8906,0.000,30.80,41.0,3,0
242314777,-213.643,-199.603,0.0000,-0.1732,0.0000,7.4494,0.000,30.80,41.0,3,0
242315946,-213.695,-199.537,-0.9000,0.6355,-15.4366,-1.8122,0.000,30.80,41.0,3,0
242316852,-213.695,-199.537,0.0000,0.2052,15.2940,-9.6291,0.000,30.80,41.0,3,0
242318181,-213.643,-199.603,0.9000,-1.0903,15.4366,4.8906,0.000,30.80,41.0,3,0
242319175,-213.643,-199.603,0.0000,-0.0755,0.0000,7.1286,0.000,30.80,41.0,3,0
242319851,-213.695,-199.559,-0.9000,0.6813,-15.4366,-1.4310,0.000,30.80,41.0,3,0
242320854,-213.695,-199.559,0.0000,0.0557,15.2940,-10.0785,0.000,30.80,41.0,3,0
242322176,-213.643,-199.625,0.9000,-1.0857,15.4366,4.9533,0.000,30.80,41.0,3,0
242322851,-213.643,-199.625,0.0000,-0.1808,0.0000,7.1681,0.000,30.80,41.0,3,0
242324255,-213.695,-199.581,-0.9000,0.6096,-15.4366,-1.6683,0.000,30.80,41.0,3,0
242324900,-213.695,-199.581,0.0000,0.1366,15.2940,-9.7533,0.000,30.80,41.0,3,0
242326229,-213.643,-199.647,0.9000,-1.0216,15.4366,4.8016,0.000,30.80,41.0,3,0
242327230,-213.643,-199.647,0.0000,-0.0908,0.0000,7.0835,0.000,30.80,41.0,3,0
242327560,-213.695,-199.625,-0.9000,0.4753,-15.4366,4.2600,0.000,30.80,41.0,3,0
242328921,-213.695,-199.581,0.0000,0.7378,15.2940,-1.3277,0.000,30.80,41.0,3,0
242329591,-213.643,-199.581,0.9000,0.1411,15.4366,-10.4542,0.000,30.80,41.0,3,0
242330900,-213.643,-199.669,0.0000,-1.1315,0.0000,5.0466,0.000,30.80,41.0,3,0
242331586,-213.695,-199.647,-0.9000,-0.0740,-15.4366,7.3176,0.000,30.80,41.0,3,0
242332582,-213.695,-199.603,0.0000,0.6661,15.2940,-1.5299,0.000,30.80,41.0,3,0
242333937,-213.643,-199.603,0.9000,0.0481,15.4366,-10.1147,0.000,30.80,41.0,3,0
242334568,-213.643,-199.669,0.0000,-1.0124,0.0000,5.3169,0.000,30.80,41.0,3,0
242335552,-213.695,-199.669,-0.9000,-0.0496,-15.4366,7.1824,0.000,30.80,41.0,3,0
242336547,-213.695,-199.603,0.0000,0.8782,15.2940,-1.5211,0.000,30.80,41.0,3,0
242337547,-213.643,-199.603,0.9000,0.2220,15.4366,-10.1675,0.000,30.80,41.0,3,0
242338924,-213.643,-199.691,0.0000,-1.0842,0.0000,4.9697,0.000,30.80,41.0,3,0
242339583,-213.695,-199.669,-0.9000,0.0313,-15.4366,7.0638,0.000,30.80,41.0,3,0
242340610,-213.695,-199.603,0.0000,0.9163,15.2940,-1.5650,0.000,30.80,41.0,3,0
242341583,-213.643,-199.625,0.9000,0.2068,15.4366,-10.1971,0.000,30.80,41.0,3,0
242342578,-213.643,-199.669,0.0000,-0.9392,0.0000,4.9368,0.000,30.80,41.0,3,0
242343897,-213.695,-199.669,-0.9000,-0.0710,-15.4366,7.1758,0.000,30.80,41.0,3,0
242344585,-213.695,-199.603,0.0000,0.8751,15.2940,-1.2849,0.000,30.80,41.0,3,0
242345633,-213.643,-199.603,0.9000,0.0954,15.4366,-10.5377,0.000,30.80,41.0,3,0
242346869,-213.643,-199.691,0.0000,-1.1788,0.0000,5.0752,0.000,30.80,41.0,3,0
242347547,-213.695,-199.691,-0.9000,-0.1610,-15.4366,7.4044,0.000,30.80,41.0,3,0
242348927,-213.695,-199.669,0.0000,0.0313,15.2940,6.7858,0.000,30.80,41.0,3,0
242349580,-213.643,-199.647,0.9000,0.0252,15.4366,-10.4718,0.000,30.80,41.0,3,0
242350899,-213.643,-199.713,0.0000,-1.2428,0.0000,4.9939,0.000,30.80,41.0,3,0
242351580,-213.695,-199.713,-0.9000,-0.1488,-15.4366,7.2780,0.000,30.80,41.0,3,0
242352579,-213.695,-199.647,0.0000,0.7485,15.2940,-1.5299,0.000,30.80,41.0,3,0
242353892,-213.643,-199.669,0.9000,0.1671,15.4366,-10.2597,0.000,30.80,41.0,3,0
242354579,-213.643,-199.735,0.0000,-1.1498,0.0000,4.9412,0.000,30.80,41.0,3,0
242355580,-213.695,-199.735,-0.9000,-0.0954,-15.4366,7.2461,0.000,30.80,41.0,3,0
242356573,-213.695,-199.691,0.0000,0.7897,15.2940,-1.3222,0.000,30.80,41.0,3,0
242357576,-213.643,-199.669,0.9000,0.2617,15.4366,-10.5762,0.000,30.80,41.0,3,0
242358894,-213.643,-199.756,0.0000,-1.1437,0.0000,5.0357,0.000,30.80,41.0,3,0
242359578,-213.695,-199.756,-0.9000,-0.2022,-15.4366,7.2396,0.000,30.80,41.0,3,0
242360578,-213.695,-199.713,0.0000,0.7057,15.2940,-1.5628,0.000,30.80,41.0,3,0
242361576,-213.643,-199.713,0.9000,0.0404,15.4366,-10.2367,0.000,30.80,41.0,3,0
242362585,-213.643,-199.778,0.0000,-1.1086,0.0000,4.9928,0.000,30.80,41.0,3,0
242363877,-213.695,-199.778,-0.9000,-0.0343,-15.4366,7.1626,0.000,30.80,41.0,3,0
242364548,-213.695,-199.735,0.0000,0.6416,15.2940,-1.2761,0.000,30.80,41.0,3,0
242365575,-213.643,-199.735,0.9000,0.2403,15.4366,-10.3553,0.000,30.80,41.0,3,0
242366879,-213.643,-199.800,0.0000,-0.9865,0.0000,4.9610,0.000,30.80,41.0,3,0
242367570,-213.695,-199.778,-0.9000,0.0465,-15.4366,6.9737,0.000,30.80,41.0,3,0
242368888,-213.695,-199.778,0.0000,0.2174,15.2940,6.0706,0.000,30.80,41.0,3,0
242369552,-213.643,-199.735,0.9000,0.0420,15.4366,-10.4894,0.000,30.80,41.0,3,0
242370984,-213.643,-199.822,0.0000,-1.1482,0.0000,4.4116,0.000,30.80,41.0,3,0
242371553,-213.695,-199.800,-0.9000,-0.0725,-15.4366,7.0187,0.000,30.80,41.0,3,0
242372552,-213.695,-199.756,0.0000,0.6691,15.2940,-1.2332,0.000,30.80,41.0,3,0
242373862,-213.643,-199.756,0.9000,0.1854,15.4366,-10.2718,0.000,30.80,41.0,3,0
242374549,-213.643,-199.822,0.0000,-1.1345,0.0000,4.8588,0.000,30.80,41.0,3,0
242375615,-213.695,-199.822,-0.9000,-0.0542,-15.4366,7.1330,0.000,30.80,41.0,3,0
242376573,-213.695,-199.778,0.0000,0.7622,15.2940,-1.6518,0.000,30.80,41.0,3,0
242377573,-213.643,-199.756,0.9000,0.3197,15.4366,-10.1334,0.000,30.80,41.0,3,0
242378919,-213.643,-199.844,0.0000,-1.0887,0.0000,4.2150,0.000,30.80,41.0,3,0
242379569,-213.695,-199.822,-0.9000,-0.0603,-15.4366,7.1506,0.000,30.80,41.0,3,0
242380584,-213.695,-199.778,0.0000,0.8278,15.2940,-1.1937,0.000,30.80,41.0,3,0
242381582,-213.643,-199.778,0.9000,0.1625,15.4366,-10.4762,0.000,30.80,41.0,3,0
242382581,-213.643,-199.844,0.0000,-1.1025,0.0000,4.9324,0.000,30.80,41.0,3,0
242383928,-213.695,-199.844,-0.9000,-0.2251,-15.4366,7.1561,0.000,30.80,41.0,3,0
242384607,-213.695,-199.778,0.0000,0.8812,15.2940,-1.3947,0.000,30.80,41.0,3,0
242385552,-213.643,-199.778,0.9000,0.2022,15.4366,-10.1982,0.000,30.80,41.0,3,0
242386865,-213.643,-199.844,0.0000,-1.0063,0.0000,4.3193,0.000,30.80,41.0,3,0
242387548,-213.695,-199.866,-0.9000,-0.2113,-15.4366,7.2110,0.000,30.80,41.0,3,0
242388866,-213.695,-199.844,0.0000,0.0389,15.2940,6.6353,0.000,30.80,41.0,3,0
242389614,-213.643,-199.800,0.9000,0.3487,15.4366,-10.1806,0.000,30.80,41.0,3,0
242390898,-213.643,-199.866,0.0000,-1.1559,0.0000,5.3894,0.000,30.80,41.0,3,0
242391609,-213.695,-199.844,-0.9000,0.0404,-15.4366,6.8605,0.000,30.80,41.0,3,0
242392585,-213.695,-199.800,0.0000,0.8995,15.2940,-1.4464,0.000,30.80,41.0,3,0
242393894,-213.643,-199.800,0.9000,0.1320,15.4366,-10.2081,0.000,30.80,41.0,3,0
242394583,-213.643,-199.866,0.0000,-0.9377,0.0000,4.8203,0.000,30.80,41.0,3,0
242395586,-213.695,-199.844,-0.9000,-0.0679,-15.4366,7.0440,0.000,30.80,41.0,3,0
242396632,-213.695,-199.800,0.0000,0.9636,15.2940,-1.4255,0.000,30.80,41.0,3,0
242397553,-213.643,-199.778,0.9000,0.3120,15.4366,-10.1653,0.000,30.80,41.0,3,0
242398888,-213.643,-199.866,0.0000,-1.0887,0.0000,4.1765,0.000,30.80,41.0,3,0
242399607,-213.695,-199.844,-0.9000,-0.0206,-15.4366,7.0242,0.000,30.80,41.0,3,0
242400578,-213.695,-199.800,0.0000,0.7713,15.2940,-1.4530,0.000,30.80,41.0,3,0
242401575,-213.643,-199.800,0.9000,0.1076,15.4366,-10.1960,0.000,30.80,41.0,3,0
242402577,-213.643,-199.844,0.0000,-0.9209,0.0000,4.7786,0.000,30.80,41.0,3,0
242403892,-213.695,-199.844,-0.9000,-0.1411,-15.4366,7.0506,0.000,30.80,41.0,3,0
242404577,-213.695,-199.778,0.0000,0.8247,15.2940,-1.4354,0.000,30.80,41.0,3,0
242405581,-213.643,-199.778,0.9000,0.1762,15.4366,-10.2608,0.000,30.80,41.0,3,0
242406888,-213.643,-199.844,0.0000,-0.8583,0.0000,4.8632,0.000,30.80,41.0,3,0
242407577,-213.695,-199.822,-0.9000,-0.0999,-15.4366,7.0528,0.000,30.80,41.0,3,0
242408889,-213.695,-199.822,0.0000,0.1457,15.2940,6.4837,0.000,30.80,41.0,3,0
242409580,-213.643,-199.778,0.9000,0.2464,15.4366,-10.2213,0.000,30.80,41.0,3,0
242410899,-213.643,-199.844,0.0000,-1.0231,0.0000,4.8764,0.000,30.80,41.0,3,0
242411578,-213.695,-199.822,-0.9000,-0.0298,-15.4366,7.0363,0.000,30.80,41.0,3,0
242412578,-213.695,-199.778,0.0000,0.9056,15.2940,-1.4694,0.000,30.80,41.0,3,0
242413899,-213.643,-199.756,0.9000,0.3334,15.4366,-10.2169,0.000,30.80,41.0,3,0
242414553,-213.643,-199.822,0.0000,-0.9773,0.0000,4.8698,0.000,30.80,41.0,3,0
242415552,-213.695,-199.822,-0.9000,-0.0862,-15.4366,7.2143,0.000,30.80,41.0,3,0
242416569,-213.695,-199.756,0.0000,0.8705,15.2940,-1.4409,0.000,30.80,41.0,3,0
242417567,-213.643,-199.756,0.9000,0.3319,15.4366,-10.1927,0.000,30.80,41.0,3,0
242418885,-213.643,-199.822,0.0000,-1.0689,0.0000,4.8434,0.000,30.80,41.0,3,0
242419580,-213.695,-199.822,-0.9000,0.0191,-15.4366,7.1099,0.000,30.80,41.0,3,0
242420552,-213.695,-199.756,0.0000,0.7973,15.2940,-1.6826,0.000,30.80,41.0,3,0
242421654,-213.643,-199.756,0.9000,0.2251,15.4366,-9.8829,0.000,30.80,41.0,3,0
242422551,-213.643,-199.822,0.0000,-0.9010,0.0000,5.2642,0.000,30.80,41.0,3,0
242423870,-213.695,-199.800,-0.9000,0.0008,-15.4366,7.0374,0.000,30.80,41.0,3,0
242424548,-213.695,-199.756,0.0000,0.8110,15.2940,-1.5167,0.000,30.80,41.0,3,0
242425552,-213.643,-199.735,0.9000,0.3532,15.4366,-10.2553,0.000,30.80,41.0,3,0
242426930,-213.643,-199.800,0.0000,-0.9560,0.0000,4.8621,0.000,30.80,41.0,3,0
242427578,-213.695,-199.800,-0.9000,0.1320,-15.4366,6.9770,0.000,30.80,41.0,3,0
242428900,-213.695,-199.778,0.0000,0.3395,15.2940,6.3760,0.000,30.80,41.0,3,0
242429602,-213.643,-199.735,0.9000,0.2327,15.4366,-10.2993,0.000,30.80,41.0,3,0
242430901,-213.643,-199.800,0.0000,-0.9361,0.0000,4.8489,0.000,30.80,41.0,3,0
242431584,-213.695,-199.778,-0.9000,0.1106,-15.4366,7.1594,0.000,30.80,41.0,3,0
242432583,-213.695,-199.713,0.0000,0.8766,15.2940,-1.4804,0.000,30.80,41.0,3,0
242433897,-213.643,-199.713,0.9000,0.2434,15.4366,-10.2894,0.000,30.80,41.0,3,0
242434569,-213.643,-199.778,0.0000,-1.0002,0.0000,4.8676,0.000,30.80,41.0,3,0
242435628,-213.695,-199.756,-0.9000,0.0221,-15.4366,7.1978,0.000,30.80,41.0,3,0
242436550,-213.695,-199.713,0.0000,0.9178,15.2940,-1.5815,0.000,30.80,41.0,3,0
242437547,-213.643,-199.713,0.9000,0.2556,15.4366,-10.0005,0.000,30.80,41.0,3,0
242438867,-213.643,-199.756,0.0000,-0.8888,0.0000,4.8192,0.000,30.80,41.0,3,0
242439548,-213.695,-199.756,-0.9000,0.0298,-15.4366,7.1077,0.000,30.80,41.0,3,0
242440617,-213.695,-199.691,0.0000,0.9163,15.2940,-1.5639,0.000,30.80,41.0,3,0
242441575,-213.643,-199.669,0.9000,0.3075,15.4366,-10.5377,0.000,30.80,41.0,3,0
242442605,-213.643,-199.756,0.0000,-1.0765,0.0000,5.0455,0.000,30.80,41.0,3,0
242443899,-213.695,-199.735,-0.9000,-0.0389,-15.4366,7.2231,0.000,30.80,41.0,3,0
242444583,-213.695,-199.691,0.0000,0.9026,15.2940,-1.4991,0.000,30.80,41.0,3,0
242445584,-213.643,-199.669,0.9000,0.2235,15.4366,-10.2301,0.000,30.80,41.0,3,0
242446900,-213.643,-199.756,0.0000,-1.0704,0.0000,4.8357,0.000,30.80,41.0,3,0
242447625,-213.695,-199.735,-0.9000,0.0008,-15.4366,7.2154,0.000,30.80,41.0,3,0
242448870,-213.695,-199.735,0.0000,0.2464,15.2940,6.6210,0.000,30.80,41.0,3,0
242449548,-213.643,-199.669,0.9000,0.3227,15.4366,-9.9961,0.000,30.80,41.0,3,0
242450868,-213.643,-199.735,0.0000,-0.9407,0.0000,4.7764,0.000,30.80,41.0,3,0
242451548,-213.695,-199.713,-0.9000,0.1122,-15.4366,7.1330,0.000,30.80,41.0,3,0
242452614,-213.695,-199.647,0.0000,0.8309,15.2940,-1.5617,0.000,30.80,41.0,3,0
242453895,-213.643,-199.647,0.9000,0.2617,15.4366,-10.4740,0.000,30.80,41.0,3,0
242454601,-213.643,-199.713,0.0000,-1.1467,0.0000,5.0049,0.000,30.80,41.0,3,0
242455593,-213.695,-199.713,-0.9000,-0.0465,-15.4366,7.2407,0.000,30.80,41.0,3,0
242456576,-213.695,-199.647,0.0000,0.8141,15.2940,-1.5628,0.000,30.80,41.0,3,0
242457580,-213.643,-199.647,0.9000,0.2083,15.4366,-10.1982,0.000,30.80,41.0,3,0
242458900,-213.643,-199.713,0.0000,-1.0582,0.0000,4.9467,0.000,30.80,41.0,3,0
242459604,-213.695,-199.713,-0.9000,-0.0832,-15.4366,7.1791,0.000,30.80,41.0,3,0
242460613,-213.695,-199.647,0.0000,0.9087,15.2940,-1.5540,0.000,30.80,41.0,3,0
242461549,-213.643,-199.647,0.9000,0.3227,15.4366,-10.2531,0.000,30.80,41.0,3,0
242462610,-213.643,-199.713,0.0000,-1.0552,0.0000,4.3358,0.000,30.80,41.0,3,0
242463900,-213.695,-199.713,-0.9000,-0.0893,-15.4366,7.2352,0.000,30.80,41.0,3,0
242464575,-213.695,-199.647,0.0000,0.8904,15.2940,-1.6233,0.000,30.80,41.0,3,0
242465583,-213.643,-199.647,0.9000,0.2449,15.4366,-10.2169,0.000,30.80,41.0,3,0
242466891,-213.643,-199.713,0.0000,-1.0430,0.0000,5.0093,0.000,30.80,41.0,3,0
242467578,-213.695,-199.691,-0.9000,-0.0038,-15.4366,7.1429,0.000,30.80,41.0,3,0
242468894,-213.695,-199.691,0.0000,0.1686,15.2940,6.5320,0.000,30.80,41.0,3,0
242469578,-213.643,-199.647,0.9000,0.2724,15.4366,-10.2356,0.000,30.80,41.0,3,0
242470901,-213.643,-199.713,0.0000,-1.0063,0.0000,4.9225,0.000,30.80,41.0,3,0
242471576,-213.695,-199.691,-0.9000,-0.0404,-15.4366,7.2066,0.000,30.80,41.0,3,0
242472580,-213.695,-199.647,0.0000,0.8598,15.2940,-1.5650,0.000,30.80,41.0,3,0
242473895,-213.643,-199.625,0.9000,0.1884,15.4366,-10.1993,0.000,30.80,41.0,3,0
242474578,-213.643,-199.713,0.0000,-1.0567,0.0000,4.8478,0.000,30.80,41.0,3,0
242475582,-213.695,-199.691,-0.9000,0.0175,-15.4366,7.2297,0.000,30.80,41.0,3,0
242476574,-213.695,-199.647,0.0000,0.8705,15.2940,-1.5452,0.000,30.80,41.0,3,0
242477585,-213.643,-199.625,0.9000,0.2922,15.4366,-10.1982,0.000,30.80,41.0,3,0
242478868,-213.643,-199.713,0.0000,-0.9712,0.0000,4.8862,0.000,30.80,41.0,3,0
242479548,-213.695,-199.713,-0.9000,-0.1991,-15.4366,7.3890,0.000,30.80,41.0,3,0
242480574,-213.695,-199.647,0.0000,0.8247,15.2940,-1.5409,0.000,30.80,41.0,3,0
242481574,-213.643,-199.647,0.9000,0.1381,15.4366,-10.2180,0.000,30.80,41.0,3,0
242482572,-213.643,-199.713,0.0000,-1.0643,0.0000,5.4520,0.000,30.80,41.0,3,0
242483893,-213.695,-199.713,-0.9000,-0.1183,-15.4366,7.0671,0.000,30.80,41.0,3,0
242484550,-213.695,-199.647,0.0000,0.9117,15.2940,-1.6046,0.000,30.80,41.0,3,0
242485664,-213.643,-199.647,0.9000,0.3105,15.4366,-10.3125,0.000,30.80,41.0,3,0
242486869,-213.643,-199.713,0.0000,-1.0018,0.0000,5.4883,0.000,30.80,41.0,3,0
242487548,-213.695,-199.713,-0.9000,-0.0404,-15.4366,7.1604,0.000,30.80,41.0,3,0
242488867,-213.695,-199.691,0.0000,0.2693,15.2940,6.1321,0.000,30.80,41.0,3,0
242489547,-213.643,-199.647,0.9000,0.1289,15.4366,-10.2400,0.000,30.80,41.0,3,0
242490932,-213.643,-199.713,0.0000,-0.9789,0.0000,4.9884,0.000,30.80,41.0,3,0
242491584,-213.695,-199.713,-0.9000,-0.0435,-15.4366,7.0165,0.000,30.80,41.0,3,0
242492579,-213.695,-199.647,0.0000,0.9895,15.2940,-1.6156,0.000,30.80,41.0,3,0
242493919,-213.643,-199.647,0.9000,0.1839,15.4366,-10.2641,0.000,30.80,41.0,3,0
242494585,-213.643,-199.713,0.0000,-1.0170,0.0000,4.9214,0.000,30.80,41.0,3,0
242495585,-213.695,-199.691,-0.9000,-0.0664,-15.4366,7.2385,0.000,30.80,41.0,3,0
242496582,-213.695,-199.625,0.0000,0.9560,15.2940,-1.5705,0.000,30.80,41.0,3,0
242497582,-213.643,-199.647,0.9000,0.1076,15.4366,-10.2773,0.000,30.80,41.0,3,0
242498915,-213.643,-199.713,0.0000,-1.0231,0.0000,4.8709,0.000,30.80,41.0,3,0
242499614,-213.695,-199.691,-0.9000,-0.0404,-15.4366,7.2022,0.000,30.80,41.0,3,0
242500552,-213.695,-199.625,0.0000,0.7912,15.2940,-1.5485,0.000,30.80,41.0,3,0
242501547,-213.643,-199.625,0.9000,0.2983,15.4366,-9.9389,0.000,30.80,41.0,3,0
242502547,-213.643,-199.691,0.0000,-0.9514,0.0000,4.7786,0.000,30.80,41.0,3,0
242503921,-213.695,-199.669,-0.9000,0.0298,-15.4366,7.1066,0.000,30.80,41.0,3,0
242504584,-213.695,-199.625,0.0000,0.9239,15.2940,-1.7639,0.000,30.80,41.0,3,0
242505607,-213.643,-199.603,0.9000,0.2663,15.4366,-10.1510,0.000,30.80,41.0,3,0
242506901,-213.643,-199.669,0.0000,-0.9651,0.0000,4.8895,0.000,30.80,41.0,3,0
242507569,-213.695,-199.669,-0.9000,-0.0999,-15.4366,7.1802,0.000,30.80,41.0,3,0
242508895,-213.695,-199.669,0.0000,0.1122,15.2940,6.5782,0.000,30.80,41.0,3,0
242509584,-213.643,-199.603,0.9000,0.3258,15.4366,-10.4586,0.000,30.80,41.0,3,0
242510908,-213.643,-199.691,0.0000,-1.1574,0.0000,5.0225,0.000,30.80,41.0,3,0
242511635,-213.695,-199.669,-0.9000,-0.0557,-15.4366,7.2582,0.000,30.80,41.0,3,0
242512556,-213.695,-199.625,0.0000,0.8186,15.2940,-1.5343,0.000,30.80,41.0,3,0
242513866,-213.643,-199.603,0.9000,0.3349,15.4366,-9.9027,0.000,30.80,41.0,3,0
242514614,-213.643,-199.669,0.0000,-0.8751,0.0000,4.8456,0.000,30.80,41.0,3,0
242515582,-213.695,-199.669,-0.9000,0.1030,-15.4366,6.9660,0.000,30.80,41.0,3,0
242516573,-213.695,-199.603,0.0000,0.8385,15.2940,-1.6002,0.000,30.80,41.0,3,0
242517577,-213.643,-199.603,0.9000,0.2419,15.4366,-10.2422,0.000,30.80,41.0,3,0
242518892,-213.643,-199.669,0.0000,-1.0979,0.0000,4.9049,0.000,30.80,41.0,3,0
242519579,-213.695,-199.647,-0.9000,0.0191,-15.4366,7.1681,0.000,30.80,41.0,3,0
242520578,-213.695,-199.603,0.0000,0.8385,15.2940,-1.5266,0.000,30.80,41.0,3,0
242521576,-213.643,-199.581,0.9000,0.2403,15.4366,-10.1751,0.000,30.80,41.0,3,0
242522576,-213.643,-199.669,0.0000,-1.0140,0.0000,4.8775,0.000,30.80,41.0,3,0
242523894,-213.695,-199.647,-0.9000,-0.0099,-15.4366,7.2308,0.000,30.80,41.0,3,0
242524576,-213.695,-199.603,0.0000,0.7591,15.2940,-1.5233,0.000,30.80,41.0,3,0
242525581,-213.643,-199.581,0.9000,0.2617,15.4366,-10.1806,0.000,30.80,41.0,3,0
242526890,-213.643,-199.669,0.0000,-1.0735,0.0000,4.8928,0.000,30.80,41.0,3,0
242527576,-213.695,-199.647,-0.9000,0.0359,-15.4366,7.2516,0.000,30.80,41.0,3,0
242528896,-213.695,-199.647,0.0000,0.2251,15.2940,6.6232,0.000,30.80,41.0,3,0
242529555,-213.643,-199.581,0.9000,0.2495,15.4366,-10.1642,0.000,30.80,41.0,3,0
242530866,-213.643,-199.669,0.0000,-0.9743,0.0000,4.2809,0.000,30.80,41.0,3,0
242531847,-213.695,-199.603,-0.9000,0.8507,-15.4366,-1.5266,0.000,30.80,41.0,3,0
242532899,-213.695,-199.603,0.0000,0.1320,15.2940,-10.3872,0.000,30.80,41.0,3,0
242534225,-213.643,-199.669,0.9000,-1.1772,15.4366,4.4655,0.000,30.80,41.0,3,0
242534904,-213.643,-199.691,0.0000,-0.1732,0.0000,7.2989,0.000,30.80,41.0,3,0
242535895,-213.695,-199.625,-0.9000,0.8125,-15.4366,-1.3244,0.000,30.80,41.0,3,0
242536906,-213.695,-199.625,0.0000,0.1747,15.2940,-10.4575,0.000,30.80,41.0,3,0
242538177,-213.643,-199.713,0.9000,-1.2490,15.4366,4.4677,0.000,30.80,41.0,3,0
242539215,-213.643,-199.713,0.0000,-0.2068,0.0000,7.4340,0.000,30.80,41.0,3,0
242539910,-199.673,-199.669,0.6932,0.7088,15.4353,-1.7177,0.000,30.80,41.0,3,0
242540939,-199.582,-199.625,1.5932,0.5226,15.4410,6.2332,0.000,30.80,41.0,3,0
242541924,-199.439,-199.537,2.4932,1.4580,15.4466,7.7625,0.000,30.80,41.0,3,0
242542844,-199.244,-199.383,3.3932,2.3598,15.4523,6.8693,0.000,30.80,41.0,3,0
242544170,-198.998,-199.185,4.2932,3.3074,15.4580,7.0253,0.000,30.80,41.0,3,0
242544839,-198.701,-198.943,5.1932,4.1421,15.4636,7.1615,0.000,30.80,41.0,3,0
242545841,-198.352,-198.658,6.0932,4.9920,15.4693,7.0121,0.000,30.80,41.0,3,0
242547169,-197.951,-198.306,6.9932,5.7839,15.4749,7.0088,0.000,30.80,41.0,3,0
242547546,-197.499,-198.174,7.8932,6.1105,15.4806,6.9847,0.000,30.80,41.0,3,0
242548933,-196.995,-197.933,8.7932,6.5835,15.4863,7.1879,0.000,30.80,42.0,3,0
242549583,-196.439,-197.471,9.6932,7.5326,15.4919,7.3494,0.000,30.80,42.0,3,0
242550898,-195.833,-196.988,10.5932,8.2559,15.4976,7.4835,0.000,30.80,41.0,3,0
242551610,-195.174,-196.439,11.4932,9.0387,15.5032,7.6043,0.000,30.80,41.0,3,0
242552584,-194.464,-195.867,12.3932,9.8581,15.5089,7.7164,0.000,30.80,41.0,3,0
242553897,-193.702,-195.252,13.2932,10.6470,15.5146,7.6999,0.000,30.80,41.0,3,0
242554585,-192.889,-194.593,14.1932,11.4969,15.5202,7.8987,0.000,30.80,41.0,3,0
242555583,-192.024,-193.890,15.0932,12.2751,15.5259,7.7614,0.000,30.80,42.0,3,0
242556629,-191.108,-193.121,15.9932,13.2120,15.5315,8.1734,0.000,30.80,41.0,3,0
242557549,-190.140,-192.286,16.8932,14.1917,15.5372,7.9504,0.000,30.80,42.0,3,0
242558867,-189.121,-191.473,17.7932,14.8280,15.5428,8.3789,0.000,30.80,41.0,3,0
242559548,-188.050,-190.572,18.6932,15.6886,15.5485,9.0007,0.000,30.80,41.0,3,0
242560552,-186.927,-189.627,19.5932,16.4332,15.5542,7.5340,0.000,30.80,41.0,3,0
242561610,-185.753,-188.638,20.4932,17.1061,15.5598,6.7781,0.000,30.80,42.0,3,0
242562577,-184.527,-187.561,21.3932,17.7867,15.5655,7.0198,0.000,30.80,41.0,3,0
242563894,-183.250,-186.485,22.2932,18.4123,15.5711,6.2497,0.000,30.80,42.0,3,0
242564611,-181.921,-185.386,23.1932,18.9326,15.5768,6.6243,0.000,30.80,41.0,3,0
242565582,-180.540,-184.266,24.0932,19.6468,15.5825,6.3442,0.000,30.80,42.0,3,0
242566896,-179.108,-183.123,24.9932,20.0938,15.5881,5.2158,0.000,30.80,41.0,3,0
242567578,-177.625,-181.914,25.8932,20.6386,15.5938,5.7761,0.000,30.80,42.0,3,0
242568904,-176.090,-181.739,26.7932,20.6645,15.5994,5.6465,0.000,30.80,42.0,3,0
242569625,-174.503,-179.475,27.6932,21.5358,15.6051,5.0214,0.000,30.80,41.0,3,0
242570877,-172.865,-178.179,28.5932,22.1797,15.6108,4.6841,0.000,30.80,41.0,3,0
242571548,-171.175,-176.949,29.4932,22.5246,15.6164,4.1534,0.000,30.80,41.0,3,0
242572552,-169.433,-175.652,30.3932,22.9305,15.6221,4.3468,0.000,30.80,42.0,3,0
242573862,-167.640,-174.312,31.2932,23.3181,15.6277,3.8733,0.000,30.80,42.0,3,0
242574608,-165.796,-172.949,32.1932,23.7575,15.6334,4.1677,0.000,30.80,42.0,3,0
242575584,-163.900,-171.499,33.0932,24.0810,15.6391,3.5788,0.000,30.80,41.0,3,0
242576609,-161.952,-170.071,33.9932,24.4625,15.6447,3.8041,0.000,30.80,42.0,3,0
242577581,-159.953,-168.665,34.8932,24.8211,15.6504,3.3075,0.000,30.80,42.0,3,0
242578897,-157.902,-167.236,35.7932,24.9660,15.6560,3.3943,0.000,30.80,42.0,3,0
242579584,-155.800,-165.764,36.6932,25.4131,15.6617,3.0592,0.000,30.80,42.0,3,0
242580588,-153.646,-164.292,37.5932,25.6573,15.6674,2.9614,0.000,30.80,42.0,3,0
242581632,-151.440,-162.820,38.4932,25.9075,15.6730,2.6417,0.000,30.80,42.0,3,0
242582548,-149.183,-161.326,39.3932,26.0952,15.6787,2.8329,0.000,30.80,42.0,3,0
242583890,-146.875,-159.876,40.2932,26.3714,15.6843,2.4989,0.000,30.80,42.0,3,0
242584606,-144.514,-158.271,41.1932,26.6140,15.6900,2.4286,0.000,30.80,42.0,3,0
242585582,-142.103,-156.711,42.0932,26.8795,15.6956,2.7219,0.000,30.80,42.0,3,0
242586891,-139.639,-155.173,42.9932,27.0687,15.7013,2.2055,0.000,30.80,42.0,3,0
242587578,-137.124,-153.591,43.8932,27.3037,15.7070,2.2495,0.000,30.80,42.0,3,0
242588896,-134.558,-153.371,44.7933,27.3007,15.7126,2.2319,0.000,30.80,42.0,3,0
242589580,-131.940,-150.427,45.6933,27.7981,15.7183,2.0122,0.000,30.80,42.0,3,0
242590900,-129.270,-148.823,46.5933,27.9004,15.7239,1.8331,0.000,30.80,42.0,3,0
242591579,-126.549,-147.219,47.4933,28.0606,15.7296,1.6771,0.000,30.80,42.0,3,0
242592582,-123.776,-145.615,48.3933,28.2025,15.7353,1.5595,0.000,30.80,42.0,3,0
242593893,-120.952,-143.989,49.2933,28.3093,15.7409,1.6419,0.000,30.80,42.0,3,0
242594580,-118.087,-142.363,50.0000,28.5565,0.4513,1.6474,0.000,30.80,42.0,3,0
242595582,-115.223,-140.715,50.0000,28.6419,0.4513,1.4167,0.000,30.80,42.0,3,0
242596576,-112.358,-139.045,50.0000,28.8022,0.4513,1.3618,0.000,30.80,42.0,3,0
242597577,-109.493,-137.397,50.0000,28.9181,0.4513,1.3409,0.000,30.80,42.0,3,0
242598896,-106.628,-135.727,50.0000,28.9288,0.4513,1.2794,0.000,30.80,42.0,3,0
242599553,-103.763,-134.079,50.0000,29.1058,0.4513,1.3717,0.000,30.80,42.0,3,0
242600552,-100.899,-132.453,50.0000,29.3774,0.4513,1.1399,0.000,30.80,42.0,3,0
242601575,-98.034,-130.761,50.0000,29.3500,0.4513,1.1882,0.000,30.80,42.0,3,0
242602568,-95.169,-129.003,50.0000,29.5285,0.4513,1.0278,0.000,30.80,42.0,3,0
242603885,-92.304,-127.312,50.0000,29.6887,0.4513,1.1091,0.000,30.80,42.0,3,0
242604580,-89.440,-125.685,50.0000,29.6368,0.4513,1.0091,0.000,30.80,42.0,3,0
242605554,-86.575,-123.906,50.0000,29.8108,0.4513,0.9904,0.000,30.80,42.0,3,0
242606977,-83.710,-122.280,50.0000,29.8276,0.4513,0.8960,0.000,30.80,42.0,3,0
242607550,-80.845,-120.390,50.0000,29.9649,0.4513,0.9344,0.000,30.80,42.0,3,0
242608866,-77.980,-120.126,50.0000,29.9802,0.4513,0.9674,0.000,30.80,42.0,3,0
242609548,-75.116,-117.094,50.0000,30.1465,0.4513,0.9553,0.000,30.80,42.0,3,0
242610934,-72.251,-115.380,50.0000,30.1282,0.4513,0.8410,0.000,30.80,42.0,3,0
242611582,-69.386,-113.534,50.0000,30.3143,0.4513,0.8927,0.000,30.80,42.0,3,0
242612650,-66.521,-111.821,50.0000,30.3494,0.4513,0.7421,0.000,30.80,42.0,3,0
242613895,-63.656,-110.063,50.0000,30.3388,0.4513,0.8421,0.000,30.80,42.0,3,0
242614579,-60.792,-108.327,50.0000,30.5875,0.4513,0.9663,0.000,30.80,42.0,3,0
242615581,-57.927,-106.569,50.0000,30.5264,0.4513,0.7344,0.000,30.80,42.0,3,0
242616601,-55.062,-104.833,50.0000,30.5188,0.4513,0.7312,0.000,30.80,42.0,3,0
242617578,-52.197,-103.075,50.0000,30.6836,0.4513,0.7180,0.000,30.80,42.0,3,0
242618891,-49.332,-101.317,50.0000,30.7523,0.4513,0.6751,0.000,30.80,42.0,3,0
242619579,-46.468,-99.538,50.0000,30.7858,0.4513,0.6850,0.000,30.80,42.0,3,0
242620626,-43.603,-97.758,50.0000,30.8438,0.4513,0.6597,0.000,30.80,42.0,3,0
242621548,-40.738,-96.022,50.0000,30.7477,0.4513,0.5301,0.000,30.80,42.0,3,0
242622547,-37.873,-94.330,50.0000,31.0132,0.4513,0.7718,0.000,30.80,42.0,3,0
242623866,-35.009,-92.550,50.0000,30.9140,0.4513,0.5696,0.000,30.80,42.0,3,0
242624914,-32.144,-88.903,50.0000,31.0849,0.4513,0.6191,0.000,30.80,42.0,3,0
242625904,-29.279,-87.123,50.0000,31.1292,0.4513,0.5433,0.000,30.80,42.0,3,0
242627225,-26.414,-85.343,50.0000,31.1948,0.4513,0.6477,0.000,30.80,42.0,3,0
242627578,-23.549,-84.706,50.0000,31.0330,0.4513,0.5202,0.000,30.80,42.0,3,0
242628923,-20.685,-83.541,50.0000,31.2894,0.4513,0.5707,0.000,30.80,42.0,3,0
242629586,-17.820,-81.762,50.0000,31.1658,0.4513,0.4455,0.000,30.80,42.0,3,0
242630902,-14.955,-79.960,50.0000,31.3138,0.4513,0.6169,0.000,30.80,42.0,3,0
242631585,-12.090,-78.180,50.0000,31.2787,0.4513,0.5422,0.000,30.80,42.0,3,0
242632586,-9.225,-76.378,50.0000,31.4572,0.4513,0.5323,0.000,30.80,42.0,3,0
242633895,-6.361,-74.576,50.0000,31.1963,0.4513,0.5290,0.000,30.80,42.0,3,0
242634631,-3.496,-72.797,50.0000,31.3642,0.4513,0.4938,0.000,30.80,42.0,3,0
242635554,-0.631,-70.973,50.0000,31.5915,0.4513,0.5202,0.000,30.80,42.0,3,0
242636547,2.234,-69.259,50.0000,31.4984,0.4513,0.5026,0.000,30.80,42.0,3,0
242637547,5.099,-67.457,50.0000,31.4054,0.4513,0.3137,0.000,30.80,42.0,3,0
242638900,7.963,-65.655,50.0000,31.4267,0.4513,0.5081,0.000,30.80,42.0,3,0
242639593,10.828,-63.766,50.0000,31.5824,0.4513,0.4960,0.000,30.80,42.0,3,0
242640580,13.693,-61.964,50.0000,31.5625,0.4513,0.3675,0.000,30.80,42.0,3,0
242641576,16.558,-60.140,50.0000,31.6419,0.4513,0.4851,0.000,30.80,42.0,3,0
242642607,19.422,-58.316,50.0000,31.6739,0.4513,0.3488,0.000,30.80,42.0,3,0
242643896,22.287,-56.515,50.0000,31.5000,0.4513,0.5565,0.000,30.80,42.0,3,0
242644583,25.152,-54.713,50.0000,31.7365,0.4513,0.4818,0.000,30.80,42.0,3,0
242645588,28.017,-52.889,50.0000,31.7868,0.4513,0.1467,0.000,30.80,42.0,3,0
242646941,30.882,-51.065,50.0000,31.7701,0.4513,0.4345,0.000,30.80,42.0,3,0
242647549,33.746,-48.714,50.0000,31.7670,0.4513,0.4620,0.000,30.80,42.0,3,0
242648866,36.611,-47.528,50.0000,31.8097,0.4513,0.2895,0.000,30.80,42.0,3,0
242649548,39.476,-45.704,50.0000,31.7807,0.4513,0.4378,0.000,30.80,42.0,3,0
242650867,42.341,-43.880,50.0000,31.6373,0.4513,0.3906,0.000,30.80,42.0,3,0
242651914,45.206,-40.145,50.0000,31.8814,0.4513,0.4444,0.000,30.80,42.0,3,0
242652902,48.070,-38.321,50.0000,31.8555,0.4513,0.3334,0.000,30.80,42.0,3,0
242654229,50.935,-36.497,50.0000,31.8418,0.4513,0.2027,0.000,30.80,42.0,3,0
242654901,53.800,-34.673,50.0000,31.7990,0.4513,0.3521,0.000,30.80,42.0,3,0
242655915,56.665,-32.850,50.0000,31.8753,0.4513,0.3587,0.000,30.80,42.0,3,0
242656906,59.530,-31.004,50.0000,31.9196,0.4513,0.4136,0.000,30.80,42.0,3,0
242657906,62.394,-29.180,50.0000,32.0493,0.4513,0.4049,0.000,30.80,42.0,3,0
242659228,65.259,-27.356,50.0000,31.9486,0.4513,0.1137,0.000,30.80,42.0,3,0
242659901,68.124,-25.511,50.0000,31.9242,0.4513,0.3554,0.000,30.80,42.0,3,0
242660892,70.989,-23.687,50.0000,32.0737,0.4513,0.3752,0.000,30.80,42.0,3,0
242661906,73.853,-21.863,50.0000,32.0081,0.4513,0.2653,0.000,30.80,42.0,3,0
242662916,76.718,-20.017,50.0000,32.0661,0.4513,0.3840,0.000,30.80,42.0,3,0
242664213,79.583,-18.282,50.0000,32.0752,0.4513,0.4213,0.000,30.80,42.0,3,0
242664840,82.448,-16.458,50.0000,32.0294,0.4513,0.3829,0.000,30.80,42.0,3,0
242665841,85.313,-14.612,50.0000,32.0401,0.4513,0.3521,0.000,30.80,42.0,3,0
242667160,88.177,-12.766,50.0000,32.0661,0.4513,0.2565,0.000,30.80,42.0,3,0
242667547,91.042,-12.129,50.0000,32.0691,0.4513,0.3389,0.000,30.80,42.0,3,0
242668862,93.907,-10.943,50.0000,32.0813,0.4513,0.3543,0.000,30.80,42.0,3,0
242669910,96.772,-7.163,50.0000,32.2293,0.4513,0.1983,0.000,30.80,42.0,3,0
242671223,99.637,-5.339,50.0000,32.0584,0.4513,0.3774,0.000,30.80,42.0,3,0
242671896,102.501,-3.494,50.0000,32.1057,0.4513,0.2576,0.000,30.80,42.0,3,0
242672901,105.366,-1.648,50.0000,32.0600,0.4513,0.0489,0.000,30.80,42.0,3,0
242674225,108.231,0.198,50.0000,32.2217,0.4513,0.4060,0.000,30.80,42.0,3,0
242674897,111.096,2.043,50.0000,32.0874,0.4513,0.2401,0.000,30.80,42.0,3,0
242675914,113.960,3.889,50.0000,32.1042,0.4513,0.1104,0.000,30.80,42.0,3,0
242676900,116.825,5.713,50.0000,32.1637,0.4513,0.2884,0.000,30.80,42.0,3,0
242677902,119.690,7.559,50.0000,32.1744,0.4513,0.2071,0.000,30.80,42.0,3,0
242679219,122.555,9.404,50.0000,32.0783,0.4513,0.0324,0.000,30.80,42.0,3,0
242680222,125.368,11.250,49.1000,32.4231,-14.8484,0.3587,0.000,30.80,42.0,3,2048
242680892,128.130,13.096,48.2000,32.1210,-14.8540,0.1544,0.000,30.80,42.0,3,2048
242682223,130.840,14.942,47.3000,32.3316,-14.8597,0.1060,0.000,30.80,42.0,3,2048
242682838,133.498,16.678,46.4000,32.1546,-14.8654,0.2653,0.000,30.80,42.0,3,2048
242684162,136.105,18.545,45.5000,32.1805,-14.8710,0.0851,0.000,30.80,42.0,3,2048
242684876,138.661,20.391,44.6000,32.2568,-14.8767,0.2532,0.000,30.80,42.0,3,2048
242686159,141.164,22.237,43.7000,32.2782,-14.8823,0.2664,0.000,30.80,42.0,3,2048
242687224,143.617,24.170,42.8000,32.2400,-14.8880,0.0917,0.000,30.80,42.0,3,2048
242687894,146.017,24.808,41.9000,32.2385,-14.8937,0.2917,0.000,30.80,42.0,3,2048
242688578,148.367,26.016,41.0000,32.2003,-14.8993,0.2357,0.000,30.80,42.0,3,2048
242689897,150.664,27.862,40.1000,32.2507,-14.9050,0.2653,0.000,30.80,42.0,3,2048
242690601,152.910,29.707,39.2000,32.2980,-14.9106,0.2126,0.000,30.80,42.0,3,2048
242691603,155.105,31.553,38.3000,32.3117,-14.9163,0.3961,0.000,30.80,42.0,3,2048
242692579,157.247,33.421,37.4000,32.3301,-14.9220,0.3917,0.000,30.80,42.0,3,2048
242693895,159.339,35.267,36.5000,32.3224,-14.9276,0.2895,0.000,30.80,42.0,3,2048
242694578,161.378,37.112,35.6000,32.3255,-14.9333,0.2697,0.000,30.80,42.0,3,2048
242695895,163.367,38.980,34.7000,32.3590,-14.9389,0.3268,0.000,30.80,42.0,3,2048
242696577,165.303,40.804,33.8000,32.2187,-14.9446,0.1774,0.000,30.80,42.0,3,2048
242697896,167.188,42.650,32.9000,32.3468,-14.9503,0.3631,0.000,30.80,42.0,3,2048
242698578,169.022,44.517,32.0000,32.3468,-14.9559,0.2071,0.000,30.80,42.0,3,2048
242699895,170.804,46.363,31.1000,32.3652,-14.9616,0.0500,0.000,30.80,42.0,3,2048
242700578,172.534,48.209,30.2000,32.2232,-14.9672,0.2049,0.000,30.80,42.0,3,2048
242701896,174.213,50.076,29.3000,32.3774,-14.9729,0.2444,0.000,30.80,42.0,3,2048
242702578,175.840,51.922,28.4000,32.4002,-14.9785,0.3455,0.000,30.80,42.0,3,2048
242703902,177.415,53.768,27.5000,32.2614,-14.9842,0.2565,0.000,30.80,42.0,3,2048
242704551,178.940,55.614,26.6000,32.2751,-14.9899,0.1719,0.000,30.80,42.0,3,2048
242705866,180.412,57.371,25.7000,32.3560,-14.9955,0.3016,0.000,30.80,42.0,3,2048
242707214,181.833,61.173,24.8000,32.3758,-15.0012,0.1302,0.000,30.80,42.0,3,2048
242707883,183.202,61.832,23.9000,32.3957,-15.0068,0.3104,0.000,30.80,42.0,3,2048
242708572,184.520,63.040,23.0000,32.3758,-15.0125,0.3389,0.000,30.80,42.0,3,2048
242709887,185.786,64.886,22.1000,32.2965,-15.0182,0.2027,0.000,30.80,42.0,3,2048
242710599,187.001,66.732,21.2000,32.2599,-15.0238,-0.0829,0.000,30.80,42.0,3,2048
242711575,188.164,68.578,20.3000,32.3377,-15.0295,0.2928,0.000,30.80,42.0,3,2048
242712664,189.276,70.358,19.4000,32.3499,-15.0351,0.2521,0.000,30.80,42.0,3,2048
242713878,190.336,72.401,18.5000,32.4170,-15.0408,0.2708,0.000,30.80,42.0,3,2048
242714876,191.344,75.917,17.6000,32.2965,-15.0465,0.2280,0.000,30.80,42.0,3,2048
242716160,192.301,77.762,16.7000,32.4918,-15.0521,-0.0478,0.000,30.80,42.0,3,2048
242716836,193.206,79.630,15.8000,32.3697,-15.0578,0.1401,0.000,30.80,42.0,3,2048
242718234,194.060,81.564,14.9000,32.2889,-15.0634,-0.0939,0.000,30.80,42.0,3,2048
242718889,194.862,83.431,14.0000,32.1851,-15.0691,-0.5883,0.000,30.80,42.0,3,2048
242720249,195.613,85.255,13.1000,32.1973,-15.0748,-0.9245,0.000,30.80,42.0,3,2048
242720895,196.312,87.101,12.2000,31.9944,-15.0804,-0.8157,0.000,30.80,42.0,3,2048
242722220,196.959,88.925,11.3000,31.8586,-15.0861,-1.3343,0.000,30.80,42.0,3,2048
242722885,197.555,90.726,10.4000,31.5732,-15.0917,-1.8012,0.000,30.80,42.0,3,2048
242724220,198.099,92.506,9.5000,31.3916,-15.0974,-2.0957,0.000,30.80,42.0,3,2048
242724896,198.592,94.264,8.6000,30.7675,-15.1031,-2.7691,0.000,30.80,42.0,3,2048
242726220,199.033,96.022,7.7000,30.6546,-15.1087,-2.9768,0.000,30.80,42.0,3,2048
242727215,199.423,97.736,6.8000,30.0229,-15.1144,-3.4250,0.000,30.80,42.0,3,2048
242727893,199.761,98.329,5.9000,29.8978,-15.1200,-3.6898,0.000,30.80,42.0,3,2048
242728632,200.000,99.428,0.0000,29.5041,0.0000,-4.1370,0.000,36.30,42.0,3,2048
242729604,199.948,101.076,-0.9000,29.1867,-15.4366,-4.2754,0.000,36.51,42.0,3,2048
242730599,199.948,102.702,0.0000,28.2818,15.2940,-3.1888,0.000,36.51,42.0,3,2048
242731577,200.000,104.284,0.9000,28.0224,15.4366,-5.8564,0.000,36.51,42.0,3,2048
242732578,200.000,105.844,0.0000,27.2061,0.0000,-0.8322,0.000,36.51,42.0,3,2048
242733920,199.948,107.404,-0.9000,27.2915,0.0000,0.8070,0.000,36.51,42.0,3,2064
242734595,199.948,109.008,0.0000,27.7264,15.2940,-1.1431,0.000,36.51,42.0,3,2064
242735556,200.000,110.568,0.9000,27.4060,15.4366,-2.1781,0.000,36.51,42.0,3,2064
242736547,200.000,112.040,0.0000,27.2198,0.0000,0.4938,0.000,36.51,42.0,3,2064
242737548,199.948,113.622,-0.9000,27.2610,0.0000,1.5529,0.000,36.51,42.0,3,2064
242738917,199.948,115.204,0.0000,27.5738,15.2940,-0.3961,0.000,36.51,42.0,3,2064
242739581,200.000,116.852,0.9000,27.4929,15.4366,-1.6727,0.000,36.51,42.0,3,2064
242740581,200.000,118.412,0.0000,27.2030,0.0000,0.9069,0.000,36.51,42.0,3,2064
242741607,199.948,119.995,-0.9000,27.3297,0.0000,1.7870,0.000,36.51,42.0,3,2064
242742577,199.948,121.576,0.0000,27.5189,15.2940,-0.3367,0.000,36.51,42.0,3,2064
242743897,200.000,123.137,0.9000,27.2915,15.4366,-1.3244,0.000,36.51,42.0,3,2064
242744570,200.000,124.675,0.0000,27.1008,0.0000,1.1157,0.000,36.51,42.0,3,2064
242745584,199.948,126.257,-0.9000,27.2839,0.0000,1.9419,0.000,36.51,42.0,3,2064
242746947,199.948,127.817,0.0000,27.4426,15.2940,-0.6092,0.000,36.51,42.0,3,2064
242747551,200.000,129.838,0.9000,27.0687,15.4366,-0.7806,0.000,36.51,42.0,3,2064
242748869,200.000,130.849,0.0000,27.0031,0.0000,0.5213,0.000,36.51,42.0,3,2064
242749548,199.948,132.387,-0.9000,26.9772,0.0000,1.6705,0.000,36.51,42.0,3,2064
242750867,199.948,133.947,0.0000,27.2747,15.2940,-1.0036,0.000,36.51,42.0,3,2064
242751608,200.000,135.507,0.9000,27.1176,15.4366,-2.1737,0.000,36.51,42.0,3,2064
242752582,200.000,137.090,0.0000,26.6476,0.0000,0.3192,0.000,36.51,42.0,3,2064
242753894,199.948,138.628,-0.9000,26.7758,0.0000,1.2464,0.000,36.51,42.0,3,2064
242754601,199.948,140.166,0.0000,26.9131,15.2940,-1.3892,0.000,36.51,42.0,3,2064
242755588,200.000,141.682,0.9000,26.5377,15.4366,-2.6999,0.000,36.51,42.0,3,2064
242756579,200.000,143.198,0.0000,26.2295,0.0000,-0.1785,0.000,36.51,42.0,3,2064
242757580,199.948,144.692,-0.9000,26.2478,0.0000,0.5872,0.000,36.51,42.0,3,2064
242758903,199.948,146.186,0.0000,26.0845,15.2940,-2.0122,0.000,36.51,42.0,3,2064
242759626,200.000,147.659,0.9000,25.7702,15.4366,-3.5437,0.000,36.51,42.0,3,2064
242760557,200.000,149.109,0.0000,25.4040,0.0000,-0.5499,0.000,36.51,42.0,3,2064
242761548,199.948,150.493,-0.9000,25.3613,0.0000,0.1610,0.000,36.51,42.0,3,2064
242762547,199.948,151.943,0.0000,25.3201,15.2940,-2.5945,0.000,36.51,42.0,3,2064
242763875,200.000,153.372,0.9000,24.8775,15.4366,-4.0337,0.000,36.51,42.0,3,2064
242764611,200.000,154.756,0.0000,24.2336,0.0000,-0.7839,0.000,36.51,42.0,3,2064
242765579,199.948,156.228,-0.9000,24.5373,0.0000,0.0049,0.000,36.51,42.0,3,2064
242766919,199.948,157.612,0.0000,24.2275,15.2940,-3.0790,0.000,36.51,42.0,3,2064
242767569,200.000,158.975,0.9000,23.8415,15.4366,-4.5885,0.000,36.51,42.0,3,2064
242768899,200.000,159.172,0.0000,23.7850,0.0000,-4.5907,0.000,36.51,42.0,3,2064
242769588,199.948,161.633,-0.9000,23.2372,0.0000,-0.0412,0.000,36.51,42.0,3,2064
242770955,199.948,162.930,0.0000,23.0205,15.2940,-3.5547,0.000,36.51,42.0,3,2064
242771874,200.000,165.413,0.9000,21.9646,15.4366,-1.2541,0.000,36.51,42.0,3,2064
242772839,200.000,166.665,0.0000,21.8593,0.0000,-0.0247,0.000,36.51,42.0,3,2064
242774208,199.948,167.984,-0.9000,21.7784,0.0000,-4.1271,0.000,36.51,42.0,3,2064
242774907,199.948,169.192,0.0000,21.3008,15.2940,-5.0587,0.000,36.51,42.0,3,2064
242775898,200.000,170.379,0.9000,20.7775,15.4366,-1.1047,0.000,36.51,42.0,3,2064
242776896,200.000,171.543,0.0000,20.4967,0.0000,0.0038,0.000,36.51,42.0,3,2064
242777894,199.948,172.708,-0.9000,20.5653,0.0000,-4.1304,0.000,36.51,42.0,3,2064
242779215,199.948,173.828,0.0000,19.8192,15.2940,-5.4960,0.000,36.51,42.0,3,2064
242779891,200.000,174.949,0.9000,19.3111,15.4366,-0.8729,0.000,36.51,42.0,3,2064
242780895,200.000,176.048,0.0000,19.2546,0.0000,0.0434,0.000,36.51,42.0,3,2064
242781894,199.948,177.146,-0.9000,19.2378,0.0000,-4.1205,0.000,36.51,42.0,3,2064
242782896,199.948,178.201,0.0000,18.6091,15.2940,-5.2246,0.000,36.51,42.0,3,2064
242784220,200.000,179.234,0.9000,18.0766,15.4366,-0.9783,0.000,36.51,42.0,3,2064
242784890,200.000,180.267,0.0000,18.0537,0.0000,0.3345,0.000,36.51,42.0,3,2064
242785893,199.948,181.299,-0.9000,18.1056,0.0000,-4.0304,0.000,36.51,42.0,3,2064
242787211,199.948,182.288,0.0000,17.3121,15.2940,-5.3620,0.000,36.51,42.0,3,2064
242787575,200.000,182.618,0.9000,17.1229,15.4366,-3.7920,0.000,36.51,42.0,3,2064
242788891,200.000,183.233,0.0000,16.7948,0.0000,-0.5455,0.000,36.51,42.0,3,2064
242789578,199.948,184.200,-0.9000,16.8986,0.0000,0.5323,0.000,36.51,42.0,3,2064
242790895,199.948,185.166,0.0000,16.7216,15.2940,-4.1666,0.000,36.51,42.0,3,2064
242791578,200.000,186.067,0.9000,16.1982,15.4366,-5.0335,0.000,36.51,42.0,3,2064
242792580,200.000,186.968,0.0000,15.6123,0.0000,-0.3477,0.000,36.51,42.0,3,2064
242793891,199.948,187.847,-0.9000,15.6748,0.0000,0.5872,0.000,36.51,42.0,3,2064
242794576,199.948,188.748,0.0000,15.6855,15.2940,-3.8755,0.000,36.51,42.0,3,2064
242795557,200.000,189.605,0.9000,14.9729,15.4366,-5.0708,0.000,36.51,42.0,3,2064
242796558,200.000,190.396,0.0000,14.4114,0.0000,-0.4433,0.000,36.51,42.0,3,2064
242797570,199.948,191.275,-0.9000,14.5762,0.0000,0.8289,0.000,36.51,42.0,3,2064
242798885,199.948,192.088,0.0000,14.5884,15.2940,-3.7733,0.000,36.51,42.0,3,2064
242799573,200.000,192.879,0.9000,13.8727,15.4366,-5.0126,0.000,36.51,42.0,3,2064
242800580,200.000,193.648,0.0000,13.3814,0.0000,-0.0742,0.000,36.51,42.0,3,2064
242801550,199.948,194.439,-0.9000,13.5843,0.0000,1.1728,0.000,36.51,42.0,3,2064
242802659,199.948,195.208,0.0000,13.4333,15.2940,-3.8964,0.000,36.51,42.0,3,2064
242803874,200.000,195.977,0.9000,12.9511,15.4366,-4.9774,0.000,36.51,42.0,3,2064
242804548,200.000,196.592,0.0000,12.1958,0.0000,-0.1928,0.000,36.51,42.0,3,2064
242805553,199.948,197.361,-0.9000,12.6444,0.0000,1.3475,0.000,36.51,42.0,3,2064
242806924,199.948,198.043,0.0000,12.4491,15.2940,-3.8480,0.000,36.51,42.0,3,2064
242807647,200.000,198.768,0.9000,11.9333,15.4366,-4.8577,0.000,36.51,42.0,3,2064
242808896,200.000,198.856,0.0000,11.8021,0.0000,-4.7577,0.000,36.51,42.0,3,2064
242809579,199.948,200.086,-0.9000,11.6617,0.0000,1.5826,0.000,36.51,42.0,3,2064
242810897,199.948,200.745,0.0000,11.6587,15.2940,-3.6492,0.000,36.51,42.0,3,2064
242811579,200.000,201.360,0.9000,11.0559,15.4366,-4.9060,0.000,36.51,42.0,3,2064
242812610,200.000,201.954,0.0000,10.2655,0.0000,0.5576,0.000,36.51,42.0,3,2064
242813896,199.948,202.591,-0.9000,10.8286,0.0000,1.6320,0.000,36.51,42.0,3,2064
242814578,199.948,203.206,0.0000,11.0269,15.2940,-3.5854,0.000,36.51,42.0,3,2064
242815580,200.000,203.778,0.9000,10.2777,15.4366,-4.8786,0.000,36.51,42.0,3,2064
242816576,200.000,204.327,0.0000,9.4766,0.0000,0.8575,0.000,36.51,42.0,3,2064
242817609,199.948,204.898,-0.9000,9.8703,0.0000,1.7463,0.000,36.51,42.0,3,2064
242818888,199.948,205.469,0.0000,10.0244,15.2940,-3.7250,0.000,36.51,42.0,3,2064
242819554,200.000,206.019,0.9000,9.3927,15.4366,-4.6885,0.000,36.51,42.0,3,2064
242820552,200.000,206.480,0.0000,8.7503,0.0000,0.9047,0.000,36.51,42.0,3,2064
242821548,199.948,207.008,-0.9000,9.1241,0.0000,2.0517,0.000,36.51,42.0,3,2064
242822599,199.948,207.557,0.0000,9.3439,15.2940,-3.9513,0.000,36.51,42.0,3,2064
242823891,200.000,208.062,0.9000,8.7610,15.4366,-4.9038,0.000,36.51,42.0,3,2064
242824577,200.000,208.524,0.0000,7.9995,0.0000,1.2849,0.000,36.51,42.0,3,2064
242825609,199.948,209.007,-0.9000,8.3948,0.0000,2.1792,0.000,36.51,42.0,3,2064
242826890,199.948,209.512,0.0000,8.6984,15.2940,-3.8195,0.000,36.51,42.0,3,2064
242827576,200.000,209.974,0.9000,8.0423,15.4366,-4.7555,0.000,36.51,42.0,3,2064
242828894,200.000,210.018,0.0000,7.8820,0.0000,-4.5028,0.000,36.51,42.0,3,2064
242829569,199.948,210.831,-0.9000,7.7584,0.0000,2.1308,0.000,36.51,42.0,3,2064
242830952,199.948,211.292,0.0000,8.0148,15.2940,-3.8085,0.000,36.51,42.0,3,2064
242831555,200.000,211.710,0.9000,7.3541,15.4366,-4.5534,0.000,36.51,42.0,3,2064
242832552,200.000,212.083,0.0000,6.7041,0.0000,1.6112,0.000,36.51,42.0,3,2064
242833861,199.948,212.501,-0.9000,7.2549,0.0000,2.5956,0.000,36.51,42.0,3,2064
242834549,199.948,212.896,0.0000,7.2229,15.2940,-3.6041,0.000,36.51,42.0,3,2064
242835613,200.000,213.270,0.9000,6.5972,15.4366,-4.7951,0.000,36.51,42.0,3,2064
242836576,200.000,213.621,0.0000,6.2158,0.0000,1.7079,0.000,36.51,42.0,3,2064
242837575,199.948,214.017,-0.9000,6.6369,0.0000,2.5110,0.000,36.51,42.0,3,2064
242838920,199.948,214.412,0.0000,6.9223,15.2940,-3.4657,0.000,36.51,42.0,3,2064
242839583,200.000,214.764,0.9000,6.1624,15.4366,-4.6467,0.000,36.51,42.0,3,2064
242840586,200.000,215.072,0.0000,5.5047,0.0000,1.9419,0.000,36.51,42.0,3,2064
242841584,199.948,215.423,-0.9000,6.0281,0.0000,2.7417,0.000,36.51,42.0,3,2064
242842623,199.948,215.775,0.0000,6.2005,15.2940,-3.5646,0.000,36.51,42.0,3,2064
242843872,200.000,216.104,0.9000,5.6649,15.4366,-4.8313,0.000,36.51,42.0,3,2064
242844548,200.000,216.368,0.0000,5.1278,0.0000,1.5782,0.000,36.51,42.0,3,2064
242845553,199.948,216.720,-0.9000,5.5688,0.0000,2.8735,0.000,36.51,42.0,3,2064
242846862,199.948,217.049,0.0000,5.8633,15.2940,-3.7480,0.000,36.51,42.0,3,2064
242847604,200.000,217.313,0.9000,5.1492,15.4366,-4.4182,0.000,36.51,42.0,3,2064
242848894,200.000,217.357,0.0000,4.9355,0.0000,-3.9117,0.000,36.51,42.0,3,2064
242849580,199.948,217.884,-0.9000,5.0759,0.0000,3.0076,0.000,36.51,42.0,3,2064
242850926,199.948,218.192,0.0000,5.4711,15.2940,-3.4459,0.000,36.51,42.0,3,2064
242851584,200.000,218.455,0.9000,4.5891,15.4366,-4.6720,0.000,36.51,42.0,3,2064
242852585,200.000,218.697,0.0000,4.2077,0.0000,2.0924,0.000,36.51,42.0,3,2064
242853898,199.948,218.961,-0.9000,4.7417,0.0000,2.9592,0.000,36.51,42.0,3,2064
242854574,199.948,219.269,0.0000,5.0942,15.2940,-3.8293,0.000,36.51,42.0,3,2064
242855642,200.000,219.488,0.9000,4.2977,15.4366,-4.5808,0.000,36.51,42.0,3,2064
242856548,200.000,219.708,0.0000,3.7484,0.0000,2.4275,0.000,36.51,42.0,3,2064
242857602,199.948,219.950,-0.9000,4.2245,0.0000,3.1833,0.000,36.51,42.0,3,2064
242858896,199.948,220.235,0.0000,4.7601,15.2940,-3.5602,0.000,36.51,42.0,3,2064
242859582,200.000,220.433,0.9000,3.8247,15.4366,-4.3940,0.000,36.51,42.0,3,2064
242860582,200.000,220.631,0.0000,3.3547,0.0000,2.5000,0.000,36.51,42.0,3,2064
242861578,199.948,220.872,-0.9000,3.9544,0.0000,3.3679,0.000,36.51,42.0,3,2064
242862574,199.948,221.114,0.0000,4.2153,15.2940,-3.4921,0.000,36.51,42.0,3,2064
242863891,200.000,221.290,0.9000,3.4554,15.4366,-4.5951,0.000,36.51,42.0,3,2064
242864582,200.000,221.466,0.0000,2.9381,0.0000,2.3835,0.000,36.51,42.0,3,2064
242865580,199.948,221.686,-0.9000,3.6782,0.0000,3.2306,0.000,36.51,42.0,3,2064
242866887,199.948,221.905,0.0000,3.8796,15.2940,-3.5096,0.000,36.51,42.0,3,2064
242867578,200.000,222.081,0.9000,3.2418,15.4366,-4.6028,0.000,36.51,42.0,3,2064
242868891,200.000,222.103,0.0000,3.0877,0.0000,-4.3611,0.000,36.51,42.0,3,2064
242869583,199.948,222.433,-0.9000,3.1868,0.0000,3.2416,0.000,36.51,42.0,3,2064
242870895,199.948,222.630,0.0000,3.8140,15.2940,-3.6030,0.000,36.51,42.0,3,2064
242871581,200.000,222.784,0.9000,2.7764,15.4366,-4.2765,0.000,36.51,42.0,3,2064
242872586,200.000,222.916,0.0000,2.3339,0.0000,2.5626,0.000,36.51,42.0,3,2064
242873871,199.948,223.092,-0.9000,2.9061,0.0000,3.4932,0.000,36.51,42.0,3,2064
242874548,199.948,223.290,0.0000,3.3455,15.2940,-3.2482,0.000,36.51,42.0,3,2064
242875577,200.000,223.443,0.9000,2.6085,15.4366,-4.1732,0.000,36.51,42.0,3,2064
242876569,200.000,223.553,0.0000,2.1965,0.0000,2.8834,0.000,36.51,42.0,3,2064
242877573,199.948,223.707,-0.9000,2.7367,0.0000,3.5635,0.000,36.51,42.0,3,2064
242878890,199.948,223.883,0.0000,3.1197,15.2940,-3.4174,0.000,36.51,42.0,3,2064
242879552,200.000,224.015,0.9000,2.5063,15.4366,-4.3962,0.000,36.51,42.0,3,2064
242880664,200.000,224.103,0.0000,1.7113,0.0000,2.6604,0.000,36.51,42.0,3,2064
242881554,199.948,224.278,-0.9000,2.5109,0.0000,3.4591,0.000,36.51,42.0,3,2064
242882547,199.948,224.432,0.0000,2.8618,15.2940,-3.2778,0.000,36.51,42.0,3,2064
242883869,200.000,224.542,0.9000,2.2118,15.4366,-4.5753,0.000,36.51,42.0,3,2064
242884547,200.000,224.652,0.0000,1.6274,0.0000,2.5978,0.000,36.51,42.0,3,2064
242885619,199.948,224.784,-0.9000,2.3110,0.0000,3.4371,0.000,36.51,42.0,3,2064
242886888,199.948,224.938,0.0000,2.7214,15.2940,-3.6382,0.000,36.51,42.0,3,2064
242887598,200.000,225.047,0.9000,2.0134,15.4366,-4.3732,0.000,36.51,42.0,3,2064
242888905,200.000,225.069,0.0000,1.8379,0.0000,-4.0557,0.000,36.51,42.0,3,2064
242889585,199.948,225.267,-0.9000,2.0516,0.0000,3.5854,0.000,36.51,42.0,3,2064
242890899,199.948,225.399,0.0000,2.4315,15.2940,-3.4031,0.000,36.51,42.0,3,2064
242891585,200.000,225.509,0.9000,1.8822,15.4366,-4.2721,0.000,36.51,42.0,3,2064
242892583,200.000,225.575,0.0000,1.1666,0.0000,2.9043,0.000,36.51,42.0,3,2064
242893920,199.948,225.685,-0.9000,1.8303,0.0000,3.7777,0.000,36.51,42.0,3,2064
242894610,199.948,225.816,0.0000,2.2179,15.2940,-3.1493,0.000,36.51,42.0,3,2064
242895553,200.000,225.882,0.9000,1.5679,15.4366,-4.0612,0.000,36.51,42.0,3,2064
242896547,200.000,225.948,0.0000,1.1681,0.0000,2.7032,0.000,36.51,42.0,3,2064
242897547,199.948,226.058,-0.9000,1.5724,0.0000,3.8469,0.000,36.51,42.0,3,2064
242898921,199.948,226.168,0.0000,2.0668,15.2940,-3.1614,0.000,36.51,42.0,3,2064
242899583,200.000,226.234,0.9000,1.3008,15.4366,-4.0370,0.000,36.51,42.0,3,2064
242900579,200.000,226.300,0.0000,0.9926,0.0000,2.9911,0.000,36.51,42.0,3,2064
242901606,199.948,226.388,-0.9000,1.6060,0.0000,3.8491,0.000,36.51,42.0,3,2064
242902577,199.948,226.498,0.0000,1.8135,15.2940,-3.3295,0.000,36.51,42.0,3,2064
242903897,200.000,226.542,0.9000,1.1315,15.4366,-4.0579,0.000,36.51,42.0,3,2064
242904585,200.000,226.585,0.0000,0.7576,0.0000,2.9834,0.000,36.51,42.0,3,2064
242905588,199.948,226.673,-0.9000,1.2917,0.0000,3.8140,0.000,36.51,42.0,3,2064
242906939,199.948,226.761,0.0000,1.7174,15.2940,-3.1822,0.000,36.51,42.0,3,2064
242907552,200.000,226.827,0.9000,0.7652,15.4366,-2.5373,0.000,36.51,42.0,3,2064
242908866,200.000,226.849,0.0000,0.6386,0.0000,3.0460,0.000,36.51,42.0,3,2064
242909549,199.948,226.937,-0.9000,1.1833,0.0000,3.9304,0.000,36.51,42.0,3,2064
242910866,199.948,227.025,0.0000,1.7708,15.2940,-3.2844,0.000,36.51,42.0,3,2064
242911571,200.000,227.069,0.9000,0.8446,15.4366,-4.1381,0.000,36.51,42.0,3,2064
242912610,200.000,227.091,0.0000,0.5699,0.0000,3.0010,0.000,36.51,42.0,3,2064
242913918,199.948,227.179,-0.9000,1.2108,0.0000,3.5602,0.000,36.51,42.0,3,2064
242914586,199.948,227.267,0.0000,1.5496,15.2940,-3.2921,0.000,36.51,42.0,3,2064
242915584,200.000,227.311,0.9000,0.8949,15.4366,-4.1688,0.000,36.51,42.0,3,2064
242916579,200.000,227.333,0.0000,0.3655,0.0000,2.9219,0.000,36.51,42.0,3,2064
242917896,199.948,227.399,-0.9000,1.0475,-15.4366,3.8568,0.000,36.51,42.0,3,2064
242918631,199.948,227.486,0.0000,1.5999,15.2940,-3.4591,0.000,31.95,42.0,3,2064
242919604,200.000,227.508,0.9000,0.6950,15.4366,-10.3015,0.000,31.95,42.0,3,2064
242920551,200.000,227.464,0.0000,-0.6859,0.0000,3.1229,0.000,31.95,42.0,3,2064
242921605,199.948,227.486,-0.9000,0.2007,-15.4366,4.8577,0.000,31.95,42.0,3,2064
242922577,199.948,227.552,0.0000,0.9392,15.2940,-3.1691,0.000,31.95,42.0,3,2064
242923892,200.000,227.552,0.9000,0.2480,15.4366,-10.3806,0.000,31.95,42.0,3,2064
242924582,200.000,227.486,0.0000,-1.1284,0.0000,3.2932,0.000,31.95,42.0,3,2064
242925581,199.948,227.486,-0.9000,-0.2342,-15.4366,4.9741,0.000,31.95,42.0,3,2064
242926886,199.948,227.508,0.0000,0.4356,15.2940,-3.0614,0.000,31.95,42.0,3,2064
242927578,200.000,227.508,0.9000,-0.0511,15.4366,-10.3828,0.000,31.95,42.0,3,2064
242928889,200.000,227.486,0.0000,-0.3227,0.0000,-10.5696,0.000,31.95,42.0,3,2064
242929582,199.948,227.377,-0.9000,-0.5867,-15.4366,5.3389,0.000,31.95,42.0,3,2064
242930895,199.948,227.399,0.0000,0.2220,15.2940,-3.0581,0.000,31.95,42.0,3,2064
242931582,200.000,227.354,0.9000,-0.4723,15.4366,-10.5025,0.000,31.95,42.0,3,2064
242932580,200.000,227.245,0.0000,-2.0699,0.0000,3.5470,0.000,31.95,42.0,3,2064
242933892,199.948,227.201,-0.9000,-0.9163,-15.4366,5.5784,0.000,31.95,42.0,3,2064
242934580,199.948,227.201,0.0000,-0.0710,15.2940,-2.7659,0.000,31.95,42.0,3,2064
242935582,200.000,227.135,0.9000,-0.7362,15.4366,-10.4531,0.000,31.95,42.0,3,2064
242936578,200.000,227.003,0.0000,-2.3354,0.0000,3.7239,0.000,31.95,42.0,3,2064
242937548,199.948,226.937,-0.9000,-1.2245,-15.4366,5.6992,0.000,31.95,42.0,3,2064
242938884,199.948,226.915,0.0000,-0.4402,15.2940,-2.4967,0.000,31.95,42.0,3,2064
242939596,200.000,226.827,0.9000,-1.2184,15.4366,-10.6629,0.000,29.09,42.0,3,2064
242940576,200.000,226.673,0.0000,-2.5566,0.0000,4.1787,0.000,29.09,42.0,3,2064
242941577,199.948,226.607,-0.9000,-1.4580,-15.4366,6.1387,0.000,29.09,42.0,3,2064
242942548,199.948,226.563,0.0000,-0.9026,15.2940,-2.1759,0.000,29.09,42.0,3,2064
242943867,200.000,226.454,0.9000,-1.5801,15.4366,-10.1334,0.000,29.09,42.0,3,2064
242944648,200.000,226.300,0.0000,-2.8069,0.0000,3.8535,0.000,29.09,42.0,3,2064
242945572,199.948,226.212,-0.9000,-1.5541,-15.4366,6.1156,0.000,29.09,42.0,3,2064
242946867,199.948,226.146,0.0000,-0.9361,15.2940,-1.9155,0.000,29.09,42.0,3,2064
242947870,200.000,226.058,0.9000,-1.5969,15.4366,-10.2455,0.000,29.09,42.0,3,2064
242948615,200.000,225.860,0.0000,-2.9946,0.0000,4.3545,0.000,30.69,42.0,3,2064
242949583,199.948,225.773,-0.9000,-1.9722,-15.4366,6.2420,0.000,30.69,42.0,3,2064
242950969,199.948,225.729,0.0000,-1.1009,15.2940,-2.0616,0.000,30.69,42.0,3,2064
242951606,200.000,225.597,0.9000,-1.8654,15.4366,-10.4894,0.000,30.69,42.0,3,2064
242952584,200.000,225.421,0.0000,-3.1991,0.0000,3.8107,0.000,30.69,42.0,3,2064
242953897,199.948,225.311,-0.9000,-2.1370,-15.4366,6.5881,0.000,30.69,42.0,3,2064
242954593,199.948,225.245,0.0000,-1.3085,15.2940,-2.0891,0.000,30.69,42.0,3,2064
242955922,200.000,225.113,0.9000,-1.9554,15.4366,-10.4696,0.000,30.69,42.0,3,2064
242956579,200.000,224.938,0.0000,-3.2128,0.0000,4.3984,0.000,30.69,42.0,3,2064
242957583,199.948,224.806,-0.9000,-2.1447,-15.4366,6.4474,0.000,30.69,42.0,3,2064
242958574,199.948,224.740,0.0000,-1.2703,15.2940,-2.1869,0.000,30.69,42.0,3,2064
242959896,200.000,224.630,0.9000,-1.8395,15.4366,-10.4322,0.000,30.69,42.0,3,2064
242960622,200.000,224.432,0.0000,-3.2357,0.0000,4.3930,0.000,30.69,42.0,3,2064
242961557,199.948,224.322,-0.9000,-2.1828,-15.4366,6.3749,0.000,30.69,42.0,3,2064
242962547,199.948,224.256,0.0000,-1.2306,15.2940,-1.9287,0.000,30.69,42.0,3,2064
242963867,200.000,224.125,0.9000,-1.9142,15.4366,-10.3180,0.000,30.69,42.0,3,2064
242964548,200.000,223.949,0.0000,-3.2357,0.0000,4.5753,0.000,30.69,42.0,3,2064
242965609,199.948,223.839,-0.9000,-2.1309,-15.4366,6.6078,0.000,30.69,42.0,3,2064
242966891,199.948,223.751,0.0000,-1.4168,15.2940,-1.7771,0.000,30.69,42.0,3,2064
242967894,200.000,223.641,0.9000,-1.9234,15.4366,-10.2905,0.000,30.69,42.0,3,2064
242968629,200.000,223.443,0.0000,-3.2174,0.0000,4.7852,0.000,30.69,42.0,3,2064
242969585,199.948,223.312,-0.9000,-2.2515,-15.4366,6.7320,0.000,30.69,42.0,3,2064
242970898,199.948,223.246,0.0000,-1.3603,15.2940,-1.6485,0.000,30.69,42.0,3,2064
242971606,200.000,223.136,0.9000,-2.0912,15.4366,-10.0884,0.000,30.69,42.0,3,2064
242972588,200.000,222.916,0.0000,-3.3242,0.0000,4.7061,0.000,30.69,42.0,3,2064
242973898,199.948,222.806,-0.9000,-2.2530,-15.4366,6.6155,0.000,30.69,42.0,3,2064
242974572,199.948,222.740,0.0000,-1.4549,15.2940,-1.5804,0.000,30.69,42.0,3,2064
242975955,200.000,222.608,0.9000,-2.0638,15.4366,-10.0686,0.000,30.69,42.0,3,2064
242976556,200.000,222.411,0.0000,-3.3761,0.0000,5.2290,0.000,30.69,42.0,3,2064
242977552,199.948,222.301,-0.9000,-2.1782,-15.4366,6.7199,0.000,30.69,42.0,3,2064
242978547,199.948,222.213,0.0000,-1.4092,15.2940,-1.7002,0.000,30.69,42.0,3,2064
242979893,200.000,222.103,0.9000,-1.8654,15.4366,-10.5377,0.000,30.69,42.0,3,2064
242980591,200.000,221.905,0.0000,-3.2906,0.0000,4.8500,0.000,30.69,42.0,3,2064
242981580,199.948,221.773,-0.9000,-2.3796,-15.4366,6.7715,0.000,30.69,42.0,3,2064
242982607,199.948,221.729,0.0000,-1.3237,15.2940,-1.6057,0.000,30.69,42.0,3,2064
242983896,200.000,221.598,0.9000,-1.8883,15.4366,-10.1015,0.000,30.69,42.0,3,2064
242984584,200.000,221.422,0.0000,-3.0739,0.0000,4.6907,0.000,30.69,42.0,3,2064
242985587,199.948,221.290,-0.9000,-2.1263,-15.4366,6.7968,0.000,30.69,42.0,3,2064
242986947,199.948,221.246,0.0000,-1.2047,15.2940,-1.4541,0.000,30.69,42.0,3,2064
242987872,200.000,221.114,0.9000,-1.8883,15.4366,-10.2367,0.000,30.69,42.0,3,2064
242988570,200.000,220.916,0.0000,-3.1472,0.0000,4.3875,0.000,30.62,42.0,3,2064
242989583,199.948,220.829,-0.9000,-2.1309,-15.4366,7.2901,0.000,30.62,42.0,3,2064
242990916,199.948,220.763,0.0000,-1.2139,15.2940,-1.2794,0.000,30.62,42.0,3,2064
242991603,200.000,220.631,0.9000,-1.8212,15.4366,-9.9060,0.000,30.62,42.0,3,2064
242992582,200.000,220.455,0.0000,-3.1136,0.0000,5.0368,0.000,30.62,42.0,3,2064
242993896,199.948,220.345,-0.9000,-2.0500,-15.4366,7.0879,0.000,30.62,42.0,3,2064
242994580,199.948,220.279,0.0000,-1.1925,15.2940,-1.2409,0.000,30.62,42.0,3,2064
242995899,200.000,220.169,0.9000,-1.7967,15.4366,-9.8390,0.000,30.62,42.0,3,2064
242996579,200.000,219.994,0.0000,-3.0983,0.0000,4.9555,0.000,30.62,42.0,3,2064
242997581,199.948,219.884,-0.9000,-1.9493,-15.4366,6.9440,0.000,30.62,42.0,3,2064
242998891,199.948,219.840,0.0000,-0.9758,15.2940,-1.3486,0.000,30.62,42.0,3,2064
242999603,200.000,219.730,0.9000,-1.6060,15.4366,-9.8225,0.000,28.74,42.0,3,2064
243000582,200.000,219.554,0.0000,-2.9473,0.0000,4.9884,0.000,28.74,42.0,3,2064
243001579,199.948,219.466,-0.9000,-1.8700,-15.4366,7.0176,0.000,28.74,42.0,3,2064
243002576,199.948,219.422,0.0000,-0.9255,15.2940,-1.5167,0.000,28.74,42.0,3,2064
243003891,200.000,219.312,0.9000,-1.5129,15.4366,-9.9950,0.000,28.74,42.0,3,2064
243004579,200.000,219.159,0.0000,-2.7596,0.0000,5.0477,0.000,28.74,42.0,3,2064
243005582,199.948,219.071,-0.9000,-1.6060,-15.4366,6.9286,0.000,28.74,42.0,3,2064
243006858,199.948,219.027,0.0000,-0.7286,15.2940,-1.7617,0.000,28.74,42.0,3,2064
243007875,200.000,218.939,0.9000,-1.4076,15.4366,-10.1620,0.000,28.74,42.0,3,2064
243008597,200.000,218.785,0.0000,-2.5032,0.0000,4.7797,0.000,30.84,42.0,3,2064
243009575,199.948,218.719,-0.9000,-1.5770,-15.4366,6.9484,0.000,30.84,42.0,3,2064
243010894,199.948,218.697,0.0000,-0.6523,15.2940,-1.6859,0.000,30.84,42.0,3,2064
243011601,200.000,218.609,0.9000,-1.1666,15.4366,-10.3553,0.000,30.84,42.0,3,2064
243012552,200.000,218.455,0.0000,-2.4422,0.0000,4.7225,0.000,30.84,42.0,3,2064
243013982,199.948,218.412,-0.9000,-1.4916,-15.4366,6.8660,0.000,30.84,42.0,3,2064
243014555,199.948,218.368,0.0000,-0.5089,15.2940,-1.6903,0.000,30.84,42.0,3,2064
243015867,200.000,218.302,0.9000,-1.0964,15.4366,-9.7642,0.000,30.84,42.0,3,2064
243016549,200.000,218.170,0.0000,-2.3262,0.0000,4.8291,0.000,30.84,42.0,3,2064
243017616,199.948,218.104,-0.9000,-1.3008,-15.4366,7.1121,0.000,30.84,42.0,3,2064
243018959,199.948,218.082,0.0000,-0.2007,15.2940,-1.4826,0.000,30.84,42.0,3,2064
243019606,200.000,218.016,0.9000,-1.0765,15.4366,-10.4168,0.000,28.98,42.0,3,2064
243020588,200.000,217.884,0.0000,-2.3415,0.0000,4.6171,0.000,28.98,42.0,3,2064
243021582,199.948,217.818,-0.9000,-1.2581,-15.4366,7.3516,0.000,28.98,42.0,3,2064
243022578,199.948,217.818,0.0000,-0.3609,15.2940,-1.5639,0.000,28.98,42.0,3,2064
243023923,200.000,217.730,0.9000,-1.0109,15.4366,-10.3762,0.000,28.98,42.0,3,2064
243024887,200.000,217.533,0.0000,-1.2612,0.0000,7.0780,0.000,28.98,42.0,3,2064
243025888,199.948,217.533,-0.9000,-0.2800,-15.4366,-1.3299,0.000,28.98,42.0,3,2064
243027211,199.948,217.467,0.0000,-0.8766,15.2940,-9.9203,0.000,28.98,42.0,3,2064
243027894,200.000,217.423,0.9000,-1.3619,15.4366,-7.0451,0.000,28.98,42.0,3,2064
243028604,200.000,217.313,0.0000,-2.4849,0.0000,4.9621,0.000,30.80,42.0,3,2064
243029583,199.948,217.269,-0.9000,-1.1727,-15.4366,7.1681,0.000,30.80,42.0,3,2064
243030939,199.948,217.269,0.0000,-0.0450,15.2940,-1.5661,0.000,30.80,42.0,3,2064
243032188,200.000,217.071,0.9000,-2.3217,15.4366,4.8236,0.000,30.80,42.0,3,2064
243032873,200.000,217.027,0.0000,-1.0079,0.0000,7.0088,0.000,30.80,42.0,3,2064
243034185,199.948,217.027,-0.9000,-0.1457,-15.4366,-1.1761,0.000,30.80,42.0,3,2064
243034875,199.948,216.961,0.0000,-0.9285,15.2940,-10.2982,0.000,30.80,42.0,3,2064
243036183,200.000,216.830,0.9000,-2.3415,15.4366,5.0939,0.000,30.80,42.0,3,2064
243036873,200.000,216.786,0.0000,-0.9667,0.0000,7.2297,0.000,30.80,42.0,3,2064
243037869,199.948,216.786,-0.9000,-0.1320,-15.4366,-1.4519,0.000,30.80,42.0,3,2064
243039225,199.948,216.720,0.0000,-0.7546,15.2940,-10.7179,0.000,30.80,42.0,3,2064
243040208,200.000,216.610,0.9000,-2.0958,15.4366,5.0159,0.000,30.80,42.0,3,2064
243040882,200.000,216.566,0.0000,-0.9789,0.0000,7.0033,0.000,30.80,42.0,3,2064
243041885,199.948,216.566,-0.9000,-0.1091,-15.4366,-1.5255,0.000,30.80,42.0,3,2064
243042902,199.948,216.500,0.0000,-0.6050,15.2940,-10.0686,0.000,30.80,42.0,3,2064
243044213,200.000,216.390,0.9000,-1.9738,15.4366,5.0027,0.000,30.80,42.0,3,2064
243044891,200.000,216.368,0.0000,-0.8064,0.0000,7.1374,0.000,30.80,42.0,3,2064
243045892,199.948,216.368,-0.9000,-0.0175,-15.4366,-1.8177,0.000,30.80,42.0,3,2064
243047211,199.948,216.324,0.0000,-0.4463,15.2940,-10.5619,0.000,30.80,42.0,3,2064
243047896,200.000,216.280,0.9000,-1.1620,15.4366,-7.5615,0.000,30.80,42.0,3,2064
243048595,200.000,216.214,0.0000,-1.6915,0.0000,4.8829,0.000,30.52,42.0,3,2064
243049585,199.948,216.192,-0.9000,-0.7652,-15.4366,6.9561,0.000,30.52,42.0,3,2064
243050953,199.948,216.192,0.0000,0.1701,15.2940,-1.6551,0.000,30.52,42.0,3,2064
243051553,200.000,216.148,0.9000,-0.5837,15.4366,-10.5597,0.000,30.52,42.0,3,2064
243052552,200.000,216.061,0.0000,-1.6579,0.0000,4.2413,0.000,30.52,42.0,3,2064
243053859,199.948,216.039,-0.9000,-0.7576,-15.4366,6.9902,0.000,30.52,42.0,3,2064
243054550,199.948,216.039,0.0000,0.1137,15.2940,-1.5551,0.000,30.52,42.0,3,2064
243055614,200.000,216.017,0.9000,-0.5043,15.4366,-10.1565,0.000,30.52,42.0,3,2064
243056576,200.000,215.907,0.0000,-1.5831,0.0000,4.7973,0.000,30.52,42.0,3,2064
243057604,199.948,215.885,-0.9000,-0.6432,-15.4366,6.9902,0.000,30.52,42.0,3,2064
243058895,199.948,215.907,0.0000,0.3136,15.2940,-1.7793,0.000,30.52,42.0,3,2064
243059584,200.000,215.885,0.9000,-0.3151,15.4366,-10.4959,0.000,30.52,42.0,3,2064
243060589,200.000,215.775,0.0000,-1.5496,0.0000,4.6259,0.000,30.52,42.0,3,2064
243061637,199.948,215.775,-0.9000,-0.5409,-15.4366,6.9539,0.000,30.52,42.0,3,2064
243062549,199.948,215.797,0.0000,0.2617,15.2940,-1.9056,0.000,30.52,42.0,3,2064
243063866,200.000,215.775,0.9000,-0.3304,15.4366,-10.0521,0.000,30.52,42.0,3,2064
243064613,200.000,215.687,0.0000,-1.1955,0.0000,4.5028,0.000,30.52,42.0,3,2064
243065584,199.948,215.687,-0.9000,-0.4601,-15.4366,6.6957,0.000,30.52,42.0,3,2064
243066892,199.948,215.709,0.0000,0.3105,15.2940,-1.6474,0.000,30.52,42.0,3,2064
243067579,200.000,215.687,0.9000,-0.1900,15.4366,-10.2751,0.000,30.52,42.0,3,2064
243068896,200.000,215.687,0.0000,-0.3471,0.0000,-10.5146,0.000,30.52,42.0,3,2064
243069582,199.948,215.599,-0.9000,-0.3243,-15.4366,6.7539,0.000,30.52,42.0,3,2064
243070897,199.948,215.643,0.0000,0.5318,15.2940,-1.5793,0.000,30.52,42.0,3,2064
243071581,200.000,215.621,0.9000,-0.0938,15.4366,-10.2883,0.000,30.52,42.0,3,2064
243072583,200.000,215.533,0.0000,-1.3542,0.0000,4.7412,0.000,30.52,42.0,3,2064
243073895,199.948,215.533,-0.9000,-0.4234,-15.4366,6.9440,0.000,30.52,42.0,3,2064
243074579,199.948,215.555,0.0000,0.5196,15.2940,-1.7177,0.000,30.52,42.0,3,2064
243075583,200.000,215.555,0.9000,-0.0862,15.4366,-10.2993,0.000,30.52,42.0,3,2064
243076578,200.000,215.467,0.0000,-1.2718,0.0000,4.8302,0.000,30.52,42.0,3,2064
243077577,199.948,215.467,-0.9000,-0.3380,-15.4366,7.0956,0.000,30.52,42.0,3,2064
243078892,199.948,215.489,0.0000,0.5486,15.2940,-1.8287,0.000,30.52,42.0,3,2064
243079589,200.000,215.489,0.9000,0.0053,15.4366,-10.3861,0.000,30.52,42.0,3,2064
243080553,200.000,215.401,0.0000,-1.2795,0.0000,4.8599,0.000,30.52,42.0,3,2064
243081547,199.948,215.401,-0.9000,-0.3761,-15.4366,7.1648,0.000,30.52,42.0,3,2064
243082571,199.948,215.423,0.0000,0.5287,15.2940,-1.8001,0.000,30.52,42.0,3,2064
243083885,200.000,215.423,0.9000,-0.1305,15.4366,-10.5432,0.000,30.52,42.0,3,2064
243084574,200.000,215.335,0.0000,-1.2322,0.0000,4.8456,0.000,30.52,42.0,3,2064
243085583,199.948,215.335,-0.9000,-0.2541,-15.4366,7.1725,0.000,30.52,42.0,3,2064
243086859,199.948,215.379,0.0000,0.5821,15.2940,-1.6925,0.000,30.52,42.0,3,2064
243087651,200.000,215.357,0.9000,-0.1778,15.4366,-10.4696,0.000,30.52,42.0,3,2064
243088887,200.000,215.335,0.0000,-0.3227,0.0000,-10.6728,0.000,30.52,42.0,3,2064
243089552,199.948,215.247,-0.9000,-0.4204,-15.4366,7.0605,0.000,30.52,42.0,3,2064
243090868,199.948,215.291,0.0000,0.4509,15.2940,-1.6123,0.000,30.52,42.0,3,2064
243091597,200.000,215.291,0.9000,-0.0969,15.4366,-10.3795,0.000,30.52,42.0,3,2064
243092586,200.000,215.203,0.0000,-1.3039,0.0000,4.9291,0.000,30.52,42.0,3,2064
243093962,199.948,215.203,-0.9000,-0.2327,-15.4366,6.9440,0.000,30.52,42.0,3,2064
243094584,199.948,215.247,0.0000,0.5943,15.2940,-1.7551,0.000,30.52,42.0,3,2064
243095582,200.000,215.225,0.9000,-0.0053,15.4366,-9.9477,0.000,30.52,42.0,3,2064
243096577,200.000,215.138,0.0000,-1.3069,0.0000,4.8819,0.000,30.52,42.0,3,2064
243097604,199.948,215.159,-0.9000,-0.1869,-15.4366,6.8869,0.000,30.52,42.0,3,2064
243098891,199.948,215.181,0.0000,0.6065,15.2940,-1.5683,0.000,30.52,42.0,3,2064
243099582,200.000,215.181,0.9000,0.0252,15.4366,-10.3421,0.000,30.52,42.0,3,2064
243100581,200.000,215.094,0.0000,-1.2993,0.0000,5.0159,0.000,30.52,42.0,3,2064
243101577,199.948,215.094,-0.9000,-0.2144,-15.4366,6.9902,0.000,30.52,42.0,3,2064
243102618,199.948,215.138,0.0000,0.6279,15.2940,-1.5936,0.000,30.52,42.0,3,2064
243103878,200.000,215.116,0.9000,-0.1289,15.4366,-10.2356,0.000,30.52,42.0,3,2064
243104552,200.000,215.050,0.0000,-1.3298,0.0000,4.9752,0.000,30.52,42.0,3,2064
243105552,199.948,215.050,-0.9000,-0.1473,-15.4366,7.1154,0.000,30.52,42.0,3,2064
243106860,199.948,215.072,0.0000,0.5760,15.2940,-1.6277,0.000,30.52,42.0,3,2064
243107577,200.000,215.072,0.9000,0.0435,15.4366,-10.2597,0.000,30.52,42.0,3,2064
243108911,200.000,215.072,0.0000,-0.0557,0.0000,-10.5047,0.000,30.52,42.0,3,2064
243109581,199.948,214.984,-0.9000,-0.2373,-15.4366,7.3472,0.000,30.52,42.0,3,2064
243110926,199.948,215.028,0.0000,0.5440,15.2940,-1.6826,0.000,30.52,42.0,3,2064
243112208,200.000,214.918,0.9000,-1.4763,15.4366,5.0423,0.000,30.52,42.0,3,2064
243112883,200.000,214.918,0.0000,-0.4051,0.0000,7.3967,0.000,30.52,42.0,3,2064
243114214,199.948,214.962,-0.9000,0.7668,-15.4366,-1.6969,0.000,30.52,42.0,3,2064
243114886,199.948,214.940,0.0000,0.0984,15.2940,-10.4696,0.000,30.52,42.0,3,2064
243116216,200.000,214.852,0.9000,-1.5129,15.4366,5.0752,0.000,30.52,42.0,3,2064
243116888,200.000,214.852,0.0000,-0.2449,0.0000,7.3659,0.000,30.52,42.0,3,2064
243117883,199.948,214.896,-0.9000,0.6142,-15.4366,-1.6397,0.000,30.52,42.0,3,2064
243119212,199.948,214.896,0.0000,-0.0755,15.2940,-10.4212,0.000,30.52,42.0,3,2064
243120205,200.000,214.786,0.9000,-1.4244,15.4366,5.0895,0.000,30.52,42.0,3,2064
243120884,200.000,214.786,0.0000,-0.2495,0.0000,7.2912,0.000,30.52,42.0,3,2064
243121949,199.948,214.830,-0.9000,0.6935,-15.4366,-1.5156,0.000,30.52,42.0,3,2064
243122872,199.948,214.808,0.0000,-0.0694,15.2940,-10.2916,0.000,30.52,42.0,3,2064
243124197,200.000,214.720,0.9000,-1.4839,15.4366,5.0609,0.000,30.52,42.0,3,2064
243124868,200.000,214.720,0.0000,-0.2480,0.0000,7.1791,0.000,30.52,42.0,3,2064
243125870,199.948,214.764,-0.9000,0.5806,-15.4366,-1.4727,0.000,30.52,42.0,3,2064
243127193,199.948,214.764,0.0000,0.0725,15.2940,-10.2784,0.000,30.52,42.0,3,2064
243127546,200.000,214.720,0.9000,-0.5653,15.4366,-7.1736,0.000,30.52,42.0,3,2064
243128925,200.000,214.654,0.0000,-1.4870,0.0000,5.0488,0.000,30.52,42.0,3,2064
243129880,199.948,214.698,-0.9000,0.6233,-15.4366,-1.4310,0.000,30.52,42.0,3,2064
243131209,199.948,214.698,0.0000,0.1091,15.2940,-10.1422,0.000,30.52,42.0,3,2064
243132206,200.000,214.588,0.9000,-1.5679,15.4366,4.8994,0.000,30.52,42.0,3,2064
243132883,200.000,214.610,0.0000,-0.1595,0.0000,7.1857,0.000,30.52,42.0,3,2064
243134220,199.948,214.654,-0.9000,0.7210,-15.4366,-1.4782,0.000,30.52,42.0,3,2064
243134880,199.948,214.654,0.0000,0.0740,15.2940,-10.1191,0.000,30.52,42.0,3,2064
243136213,200.000,214.544,0.9000,-1.3664,15.4366,4.8456,0.000,30.52,42.0,3,2064
243136885,200.000,214.544,0.0000,-0.2724,0.0000,7.2637,0.000,30.52,42.0,3,2064
243137888,199.948,214.610,-0.9000,0.7088,-15.4366,-1.5013,0.000,30.52,42.0,3,2064
243139212,199.948,214.588,0.0000,0.1015,15.2940,-10.1664,0.000,30.52,42.0,3,2064
243140209,200.000,214.500,0.9000,-1.4534,15.4366,4.8840,0.000,30.52,42.0,3,2064
243140886,200.000,214.500,0.0000,-0.3746,0.0000,7.2890,0.000,30.52,42.0,3,2064
243141882,199.948,214.566,-0.9000,0.8080,-15.4366,-1.5969,0.000,30.52,42.0,3,2064
243142950,199.948,214.544,0.0000,0.1137,15.2940,-10.4817,0.000,30.52,42.0,3,2064
243144203,200.000,214.434,0.9000,-1.5908,15.4366,4.4435,0.000,30.52,42.0,3,2064
243144872,200.000,214.434,0.0000,-0.3822,0.0000,7.4549,0.000,30.52,42.0,3,2064
243145869,199.948,214.500,-0.9000,0.8385,-15.4366,-1.5090,0.000,30.52,42.0,3,2064
243147195,199.948,214.478,0.0000,0.0954,15.2940,-10.3366,0.000,30.52,42.0,3,2064
243147547,200.000,214.456,0.9000,-0.4662,15.4366,-7.4065,0.000,30.52,42.0,3,2064
243148862,200.000,214.390,0.0000,-1.4717,0.0000,4.8950,0.000,30.52,42.0,3,2064
243149611,199.948,214.390,-0.9000,-0.2831,-15.4366,7.1670,0.000,30.52,42.0,3,2064
243150895,199.948,214.434,0.0000,0.7546,15.2940,-1.5793,0.000,30.52,42.0,3,2064
243151610,200.000,214.412,0.9000,-0.0221,15.4366,-10.3674,0.000,30.52,42.0,3,2064
243152586,200.000,214.347,0.0000,-1.4382,0.0000,4.8840,0.000,30.52,42.0,3,2064
243153898,199.948,214.347,-0.9000,-0.2617,-15.4366,7.1275,0.000,30.52,42.0,3,2064
243154568,199.948,214.390,0.0000,0.8080,15.2940,-1.4552,0.000,30.52,42.0,3,2064
243155597,200.000,214.390,0.9000,0.1305,15.4366,-10.2949,0.000,30.52,42.0,3,2064
243156636,200.000,214.281,0.0000,-1.5251,0.0000,4.8269,0.000,30.52,42.0,3,2064
243157548,199.948,214.303,-0.9000,0.0542,-15.4366,6.9847,0.000,30.52,42.0,3,2064
243158921,199.948,214.347,0.0000,0.6935,15.2940,-1.3332,0.000,30.52,42.0,3,2064
243160205,200.000,214.259,0.9000,-1.2383,15.4366,4.7731,0.000,30.52,42.0,3,2064
243160886,200.000,214.259,0.0000,-0.1930,0.0000,7.0308,0.000,30.52,42.0,3,2064
243161883,199.948,214.325,-0.9000,0.8156,-15.4366,-1.4683,0.000,30.52,42.0,3,2064
243162884,199.948,214.325,0.0000,0.2281,15.2940,-10.2213,0.000,30.52,42.0,3,2064
243164208,200.000,214.237,0.9000,-1.2306,15.4366,4.7269,0.000,30.52,42.0,3,2064
243164881,200.000,214.259,0.0000,-0.0999,0.0000,7.0110,0.000,30.52,42.0,3,2064
243165883,199.948,214.303,-0.9000,0.8400,-15.4366,-1.4683,0.000,30.52,42.0,3,2064
243167205,199.948,214.303,0.0000,0.2373,15.2940,-10.2652,0.000,30.52,42.0,3,2064
243167572,200.000,214.281,0.9000,-0.3655,15.4366,-7.2956,0.000,30.52,42.0,3,2064
243168896,200.000,214.215,0.0000,-1.3008,0.0000,4.8203,0.000,30.52,42.0,3,2064
243169580,199.948,214.237,-0.9000,-0.0237,-15.4366,6.9572,0.000,30.52,42.0,3,2064
243170895,199.948,214.303,0.0000,0.8797,15.2940,-1.4848,0.000,30.52,42.0,3,2064
243171582,200.000,214.303,0.9000,0.2647,15.4366,-10.2520,0.000,30.52,42.0,3,2064
243172582,200.000,214.215,0.0000,-1.2718,0.0000,4.8643,0.000,30.52,42.0,3,2064
243173892,199.948,214.237,-0.9000,-0.0404,-15.4366,6.9231,0.000,30.52,42.0,3,2064
243174578,199.948,214.281,0.0000,0.8034,15.2940,-1.5442,0.000,30.52,42.0,3,2064
243175582,200.000,214.303,0.9000,0.3395,15.4366,-10.2762,0.000,30.52,42.0,3,2064
243176577,200.000,214.215,0.0000,-1.2337,0.0000,4.7731,0.000,30.52,42.0,3,2064
243177575,199.948,214.237,-0.9000,-0.0648,-15.4366,6.8924,0.000,30.52,42.0,3,2064
243178865,199.948,214.281,0.0000,0.8507,15.2940,-1.5255,0.000,30.52,42.0,3,2064
243179573,200.000,214.281,0.9000,0.2373,15.4366,-10.2872,0.000,30.52,42.0,3,2064
243180577,200.000,214.215,0.0000,-1.1025,0.0000,4.7775,0.000,30.52,42.0,3,2064
243181572,199.948,214.215,-0.9000,-0.0084,-15.4366,6.8825,0.000,30.52,42.0,3,2064
243182576,199.948,214.281,0.0000,0.9728,15.2940,-1.4947,0.000,30.52,42.0,3,2064
243183870,200.000,214.281,0.9000,0.3365,15.4366,-10.2422,0.000,30.52,42.0,3,2064
243184643,200.000,214.193,0.0000,-1.2551,0.0000,4.7094,0.000,30.52,42.0,3,2064
243185604,199.948,214.237,-0.9000,0.1503,-15.4366,6.7792,0.000,30.52,42.0,3,2064
243186863,199.948,214.281,0.0000,0.8583,15.2940,-1.3266,0.000,30.52,42.0,3,2064
243187548,200.000,214.303,0.9000,0.4128,15.4366,-10.3191,0.000,30.52,42.0,3,2064
243188866,200.000,214.281,0.0000,0.1747,0.0000,-10.5707,0.000,30.52,42.0,3,2064
243189548,199.948,214.237,-0.9000,0.0969,-15.4366,6.9220,0.000,30.52,42.0,3,2064
243190935,199.948,214.281,0.0000,0.8751,15.2940,-1.5354,0.000,30.52,42.0,3,2064
243191580,200.000,214.303,0.9000,0.4814,15.4366,-10.2740,0.000,30.52,42.0,3,2064
243192611,200.000,214.237,0.0000,-1.1574,0.0000,4.7753,0.000,30.52,42.0,3,2064
243193900,199.948,214.237,-0.9000,0.0832,-15.4366,6.8528,0.000,30.52,42.0,3,2064
243194569,199.948,214.303,0.0000,0.9239,15.2940,-1.4398,0.000,30.52,42.0,3,2064
243195587,200.000,214.303,0.9000,0.3838,15.4366,-10.3048,0.000,30.52,42.0,3,2064
243196581,200.000,214.215,0.0000,-1.2215,0.0000,4.8005,0.000,30.52,42.0,3,2064
243197579,199.948,214.237,-0.9000,0.0435,-15.4366,6.9089,0.000,30.52,42.0,3,2064
243198892,199.948,214.303,0.0000,1.0002,15.2940,-1.5650,0.000,30.52,42.0,3,2064
243199624,200.000,214.325,0.9000,0.3777,15.4366,-10.2982,0.000,30.52,42.0,3,2064
243200553,200.000,214.237,0.0000,-1.1589,0.0000,4.7819,0.000,30.52,42.0,3,2064
243201547,199.948,214.259,-0.9000,0.0160,-15.4366,6.8869,0.000,30.52,42.0,3,2064
243202546,199.948,214.325,0.0000,1.0094,15.2940,-1.4881,0.000,30.52,42.0,3,2064
243203920,200.000,214.325,0.9000,0.3502,15.4366,-10.2883,0.000,30.52,42.0,3,2064
243204882,200.000,214.259,0.0000,0.0526,0.0000,6.8825,0.000,30.52,42.0,3,2064
243205880,199.948,214.325,-0.9000,0.9178,-15.4366,-1.4914,0.000,30.52,42.0,3,2064
243207202,199.948,214.325,0.0000,0.3044,15.2940,-10.2619,0.000,30.52,42.0,3,2064
243207575,200.000,214.303,0.9000,-0.1808,15.4366,-7.2626,0.000,30.52,42.0,3,2064
243208922,200.000,214.259,0.0000,-1.1025,0.0000,4.6830,0.000,30.52,42.0,3,2064
243209882,199.948,214.325,-0.9000,0.8003,-15.4366,-1.5595,0.000,30.52,42.0,3,2064
243211206,199.948,214.325,0.0000,0.3639,15.2940,-10.2444,0.000,30.52,42.0,3,2064
243212209,200.000,214.237,0.9000,-1.1604,15.4366,4.7346,0.000,30.52,42.0,3,2064
243212886,200.000,214.259,0.0000,0.0206,0.0000,6.9429,0.000,30.52,42.0,3,2064
243214206,199.948,214.325,-0.9000,1.0124,-15.4366,-1.4903,0.000,30.52,42.0,3,2064
243214884,199.948,214.325,0.0000,0.2510,15.2940,-10.2586,0.000,30.52,42.0,3,2064
243216224,200.000,214.259,0.9000,-1.2108,15.4366,4.7357,0.000,30.52,42.0,3,2064
243216883,200.000,214.259,0.0000,0.0328,0.0000,6.9550,0.000,30.52,42.0,3,2064
243217871,199.948,214.325,-0.9000,0.9682,-15.4366,-1.4936,0.000,30.52,42.0,3,2064
243219200,199.948,214.325,0.0000,0.2434,15.2940,-10.2916,0.000,30.52,42.0,3,2064
243220193,200.000,214.237,0.9000,-1.3100,15.4366,4.8005,0.000,30.52,42.0,3,2064
243220867,200.000,214.259,0.0000,0.0603,0.0000,6.9209,0.000,30.52,42.0,3,2064
243222192,199.948,214.325,-0.9000,1.0353,-15.4366,-1.4683,0.000,30.52,42.0,3,2064
243222869,199.948,214.325,0.0000,0.2403,15.2940,-10.3015,0.000,30.52,42.0,3,2064
243224194,200.000,214.259,0.9000,-1.0719,15.4366,4.7841,0.000,30.52,42.0,3,2064
243224874,200.000,214.281,0.0000,0.0023,0.0000,6.8803,0.000,30.52,42.0,3,2064
243225895,199.948,214.325,-0.9000,0.8232,-15.4366,-1.4672,0.000,30.52,42.0,3,2064
243227198,199.948,214.325,0.0000,0.2342,15.2940,-10.2784,0.000,30.52,42.0,3,2064
243227575,200.000,214.303,0.9000,-0.2480,15.4366,-7.2428,0.000,30.52,42.0,3,2064
243228927,200.000,214.259,0.0000,-1.2215,0.0000,4.7456,0.000,30.52,42.0,3,2064
243229581,199.948,214.281,-0.9000,0.0053,-15.4366,6.9638,0.000,30.52,42.0,3,2064
243230902,199.948,214.325,0.0000,0.8598,15.2940,-1.5409,0.000,30.52,42.0,3,2064
243231573,200.000,214.347,0.9000,0.3166,15.4366,-10.3213,0.000,30.52,42.0,3,2064
243232590,200.000,214.259,0.0000,-1.3497,0.0000,4.7654,0.000,30.52,42.0,3,2064
243233948,199.948,214.281,-0.9000,0.0343,-15.4366,6.9649,0.000,30.52,42.0,3,2064
243234555,199.948,214.325,0.0000,0.8919,15.2940,-1.7046,0.000,30.52,42.0,3,2064
243235558,200.000,214.347,0.9000,0.3243,15.4366,-9.9115,0.000,30.52,42.0,3,2064
243236612,200.000,214.259,0.0000,-1.0521,0.0000,4.5841,0.000,30.52,42.0,3,2064
243237578,199.948,214.281,-0.9000,0.1335,-15.4366,6.7649,0.000,30.52,42.0,3,2064
243238890,199.948,214.347,0.0000,1.0887,15.2940,-1.3134,0.000,30.52,42.0,3,2064
243239582,200.000,214.347,0.9000,0.3151,15.4366,-10.3784,0.000,30.52,42.0,3,2064
243240582,200.000,214.281,0.0000,-1.1925,0.0000,4.7171,0.000,30.52,42.0,3,2064
243241577,199.948,214.281,-0.9000,-0.0237,-15.4366,7.0055,0.000,30.52,42.0,3,2064
243242574,199.948,214.347,0.0000,1.0002,15.2940,-1.4958,0.000,30.52,42.0,3,2064
243243892,200.000,214.368,0.9000,0.4265,15.4366,-10.2894,0.000,30.52,42.0,3,2064
243244580,200.000,214.281,0.0000,-1.1269,0.0000,4.8159,0.000,30.52,42.0,3,2064
243245582,199.948,214.303,-0.9000,-0.0069,-15.4366,6.9715,0.000,30.52,42.0,3,2064
243246885,199.948,214.368,0.0000,0.9148,15.2940,-1.4826,0.000,30.52,42.0,3,2064
243247579,200.000,214.368,0.9000,0.3166,15.4366,-10.3191,0.000,30.52,42.0,3,2064
243248892,200.000,214.347,0.0000,0.1518,0.0000,-10.5443,0.000,30.52,42.0,3,2064
243249580,199.948,214.303,-0.9000,0.1640,-15.4366,6.9187,0.000,30.52,42.0,3,2064
243250901,199.948,214.368,0.0000,0.9392,15.2940,-1.5332,0.000,30.52,42.0,3,2064
243251553,200.000,214.368,0.9000,0.3471,15.4366,-10.3520,0.000,30.52,42.0,3,2064
243252552,200.000,214.281,0.0000,-1.2032,0.0000,4.8192,0.000,30.52,42.0,3,2064
243253887,199.948,214.303,-0.9000,-0.0542,-15.4366,6.9671,0.000,30.52,42.0,3,2064
243254574,199.948,214.368,0.0000,0.9392,15.2940,-1.5101,0.000,30.52,42.0,3,2064
243255576,200.000,214.368,0.9000,0.2922,15.4366,-10.4048,0.000,30.52,42.0,3,2064
243256578,200.000,214.281,0.0000,-1.2215,0.0000,4.7577,0.000,30.52,42.0,3,2064
243257547,199.948,214.303,-0.9000,-0.1579,-15.4366,7.0165,0.000,30.52,42.0,3,2064
243258976,199.948,214.368,0.0000,0.8461,15.2940,-1.5562,0.000,30.52,42.0,3,2064
243259558,200.000,214.368,0.9000,0.3197,15.4366,-10.5377,0.000,30.52,42.0,3,2064
243260552,200.000,214.281,0.0000,-1.3054,0.0000,4.2776,0.000,30.52,42.0,3,2064
243261547,199.948,214.303,-0.9000,-0.1396,-15.4366,7.2231,0.000,30.52,42.0,3,2064
243262547,199.948,214.347,0.0000,0.6813,15.2940,-1.4749,0.000,30.52,42.0,3,2064
243263928,200.000,214.347,0.9000,0.1671,15.4366,-10.2235,0.000,30.52,42.0,3,2064
243264880,200.000,214.281,0.0000,-0.0221,0.0000,6.9858,0.000,30.52,42.0,3,2064
243265879,199.948,214.325,-0.9000,0.7103,-15.4366,-1.4793,0.000,30.52,42.0,3,2064
243267213,199.948,214.347,0.0000,0.3700,15.2940,-10.2608,0.000,30.52,42.0,3,2064
243267567,200.000,214.303,0.9000,-0.2174,15.4366,-7.3011,0.000,30.52,42.0,3,2064
243268898,200.000,214.259,0.0000,-1.3313,0.0000,4.7753,0.000,30.52,42.0,3,2064
243269584,199.948,214.259,-0.9000,-0.0404,-15.4366,6.9660,0.000,30.52,42.0,3,2064
243270899,199.948,214.325,0.0000,0.9300,15.2940,-1.4530,0.000,30.52,42.0,3,2064
243271583,200.000,214.325,0.9000,0.1656,15.4366,-10.2817,0.000,30.52,42.0,3,2064
243272633,200.000,214.237,0.0000,-1.2810,0.0000,4.7819,0.000,30.52,42.0,3,2064
243273872,199.948,214.259,-0.9000,-0.0038,-15.4366,6.7957,0.000,30.52,42.0,3,2064
243274548,199.948,214.325,0.0000,0.8370,15.2940,-1.3387,0.000,30.52,42.0,3,2064
243275552,200.000,214.325,0.9000,0.3975,15.4366,-10.3246,0.000,30.52,42.0,3,2064
243276547,200.000,214.237,0.0000,-1.1833,0.0000,4.7676,0.000,30.52,42.0,3,2064
243277606,199.948,214.259,-0.9000,0.0587,-15.4366,6.9264,0.000,30.52,42.0,3,2064
243278890,199.948,214.325,0.0000,0.9834,15.2940,-1.5079,0.000,30.52,42.0,3,2064
243279578,200.000,214.325,0.9000,0.2678,15.4366,-10.2597,0.000,30.52,42.0,3,2064
243280609,200.000,214.237,0.0000,-1.2566,0.0000,4.7555,0.000,30.52,42.0,3,2064
243281582,199.948,214.259,-0.9000,0.1869,-15.4366,6.9165,0.000,30.52,42.0,3,2064
243282578,199.948,214.325,0.0000,0.8904,15.2940,-1.4782,0.000,30.52,42.0,3,2064
243283898,200.000,214.325,0.9000,0.3075,15.4366,-10.2927,0.000,30.52,42.0,3,2064
243284575,200.000,214.237,0.0000,-1.1727,0.0000,4.6918,0.000,30.52,42.0,3,2064
243285639,199.948,214.259,-0.9000,-0.0862,-15.4366,6.9429,0.000,30.52,42.0,3,2064
243286864,199.948,214.325,0.0000,1.0323,15.2940,-1.6870,0.000,30.52,42.0,3,2064
243287548,200.000,214.325,0.9000,0.2525,15.4366,-9.9477,0.000,30.52,42.0,3,2064
243288925,200.000,214.325,0.0000,0.1457,0.0000,-10.2817,0.000,30.52,42.0,3,2064
243289579,199.948,214.259,-0.9000,0.1091,-15.4366,6.9078,0.000,30.52,42.0,3,2064
243290896,199.948,214.325,0.0000,0.9834,15.2940,-1.5474,0.000,30.52,42.0,3,2064
243291578,200.000,214.347,0.9000,0.3426,15.4366,-10.2894,0.000,30.52,42.0,3,2064
243292583,200.000,214.259,0.0000,-1.1727,0.0000,4.7445,0.000,30.52,42.0,3,2064
243293894,199.948,214.281,-0.9000,-0.0801,-15.4366,6.9155,0.000,30.52,42.0,3,2064
243294578,199.948,214.347,0.0000,0.9972,15.2940,-1.5178,0.000,30.52,42.0,3,2064
243295580,200.000,214.347,0.9000,0.4433,15.4366,-10.3070,0.000,30.52,42.0,3,2064
243296577,200.000,214.259,0.0000,-1.2490,0.0000,4.7907,0.000,30.52,42.0,3,2064
243297577,199.948,214.281,-0.9000,0.0679,-15.4366,6.9594,0.000,30.52,42.0,3,2064
243298892,199.948,214.347,0.0000,0.9804,15.2940,-1.5145,0.000,30.52,42.0,3,2064
243299581,200.000,214.347,0.9000,0.4204,15.4366,-10.3202,0.000,30.52,42.0,3,2064
243300580,200.000,214.259,0.0000,-1.2749,0.0000,4.7094,0.000,30.52,42.0,3,2064
243301577,199.948,214.281,-0.9000,-0.0450,-15.4366,6.9385,0.000,30.52,42.0,3,2064
243302581,199.948,214.347,0.0000,1.0506,15.2940,-1.5420,0.000,30.52,42.0,3,2064
243303870,200.000,214.347,0.9000,0.4051,15.4366,-10.3136,0.000,30.52,42.0,3,2064
243304547,200.000,214.281,0.0000,-1.2810,0.0000,4.7214,0.000,30.52,42.0,3,2064
243305578,199.948,214.281,-0.9000,0.0862,-15.4366,7.0000,0.000,30.52,42.0,3,2064
243306880,199.948,214.347,0.0000,0.9010,15.2940,-1.5090,0.000,30.52,42.0,3,2064
243307573,200.000,214.347,0.9000,0.3563,15.4366,-10.3553,0.000,30.52,42.0,3,2064
243308893,200.000,214.347,0.0000,0.0740,0.0000,-10.5740,0.000,30.52,42.0,3,2064
243309550,199.948,214.281,-0.9000,-0.0053,-15.4366,6.9616,0.000,30.52,42.0,3,2064
243310982,199.948,214.347,0.0000,0.9483,15.2940,-1.5090,0.000,30.52,42.0,3,2064
243311554,200.000,214.347,0.9000,0.2739,15.4366,-10.4927,0.000,30.52,42.0,3,2064
243312552,200.000,214.259,0.0000,-1.3146,0.0000,4.2380,0.000,30.52,42.0,3,2064
243313861,199.948,214.281,-0.9000,-0.1625,-15.4366,7.1912,0.000,30.52,42.0,3,2064
243314549,199.948,214.325,0.0000,0.9133,15.2940,-1.4255,0.000,30.52,42.0,3,2064
243315614,200.000,214.325,0.9000,0.3243,15.4366,-10.2828,0.000,30.52,42.0,3,2064
243316577,200.000,214.259,0.0000,-1.2963,0.0000,4.7764,0.000,30.52,42.0,3,2064
243317575,199.948,214.259,-0.9000,-0.1152,-15.4366,6.9539,0.000,30.52,42.0,3,2064
243318920,199.948,214.325,0.0000,0.8614,15.2940,-1.5112,0.000,30.52,42.0,3,2064
243320207,200.000,214.237,0.9000,-1.2444,15.4366,4.8170,0.000,30.52,42.0,3,2064
243320880,200.000,214.259,0.0000,-0.0114,0.0000,6.9231,0.000,30.52,42.0,3,2064
243321882,199.948,214.303,-0.9000,0.8293,-15.4366,-1.4782,0.000,30.52,42.0,3,2064
243322881,199.948,214.325,0.0000,0.2373,15.2940,-10.3191,0.000,30.52,42.0,3,2064
243324204,200.000,214.237,0.9000,-1.2352,15.4366,4.8236,0.000,30.52,42.0,3,2064
243324880,200.000,214.259,0.0000,0.0267,0.0000,6.9440,0.000,30.52,42.0,3,2064
243325878,199.948,214.303,-0.9000,0.9880,-15.4366,-1.5420,0.000,30.52,42.0,3,2064
243327276,199.948,214.303,0.0000,0.2022,15.2940,-10.5047,0.000,30.52,42.0,3,2064
243327553,200.000,214.281,0.9000,-0.3365,15.4366,-7.2483,0.000,30.52,42.0,3,2064
243328866,200.000,214.215,0.0000,-1.3649,0.0000,4.3084,0.000,30.52,42.0,3,2064
243329547,199.948,214.237,-0.9000,-0.1244,-15.4366,7.1440,0.000,30.52,42.0,3,2064
243330931,199.948,214.281,0.0000,0.6905,15.2940,-1.4760,0.000,30.52,42.0,3,2064
243331577,200.000,214.281,0.9000,0.1946,15.4366,-10.4245,0.000,30.52,42.0,3,2064
243332580,200.000,214.193,0.0000,-1.3085,0.0000,4.2732,0.000,30.52,42.0,3,2064
243333891,199.948,214.193,-0.9000,-0.1686,-15.4366,7.1165,0.000,30.52,42.0,3,2064
243334575,199.948,214.259,0.0000,0.7820,15.2940,-1.4013,0.000,30.52,42.0,3,2064
243335580,200.000,214.259,0.9000,0.2495,15.4366,-10.1653,0.000,30.52,42.0,3,2064
243336575,200.000,214.171,0.0000,-1.3115,0.0000,4.7269,0.000,30.52,42.0,3,2064
243337574,199.948,214.171,-0.9000,-0.0328,-15.4366,6.9967,0.000,30.52,42.0,3,2064
243338893,199.948,214.237,0.0000,0.7912,15.2940,-1.5145,0.000,30.52,42.0,3,2064
243339576,200.000,214.237,0.9000,0.3380,15.4366,-10.1180,0.000,30.52,42.0,3,2064
243340580,200.000,214.149,0.0000,-1.3313,0.0000,4.7478,0.000,30.52,42.0,3,2064
243341572,199.948,214.149,-0.9000,-0.1427,-15.4366,6.9737,0.000,30.52,42.0,3,2064
243342574,199.948,214.215,0.0000,0.9682,15.2940,-1.4640,0.000,30.52,42.0,3,2064
243343892,200.000,214.215,0.9000,0.1976,15.4366,-10.1631,0.000,30.52,42.0,3,2064
243344586,200.000,214.149,0.0000,-1.2337,0.0000,4.8225,0.000,30.52,42.0,3,2064
243345557,199.948,214.149,-0.9000,-0.1549,-15.4366,6.9671,0.000,30.52,42.0,3,2064
243346857,199.948,214.193,0.0000,0.8675,15.2940,-1.5288,0.000,30.52,42.0,3,2064
243347570,200.000,214.193,0.9000,0.2480,15.4366,-10.1576,0.000,30.52,42.0,3,2064
243348885,200.000,214.193,0.0000,0.0572,0.0000,-10.3850,0.000,30.52,42.0,3,2064
243349573,199.948,214.127,-0.9000,-0.1610,-15.4366,6.9583,0.000,30.52,42.0,3,2064
243350895,199.948,214.193,0.0000,0.8431,15.2940,-1.5354,0.000,30.52,42.0,3,2064
243351551,200.000,214.193,0.9000,0.2480,15.4366,-10.2817,0.000,30.52,42.0,3,2064
243352610,200.000,214.127,0.0000,-1.2245,0.0000,4.8467,0.000,30.52,42.0,3,2064
243353872,199.948,214.127,-0.9000,-0.0420,-15.4366,6.9144,0.000,30.52,42.0,3,2064
243354559,199.948,214.193,0.0000,0.9575,15.2940,-1.5431,0.000,30.52,42.0,3,2064
243355552,200.000,214.193,0.9000,0.3136,15.4366,-10.2367,0.000,30.52,42.0,3,2064
243356596,200.000,214.127,0.0000,-1.1879,0.0000,4.7841,0.000,30.52,42.0,3,2064
243357552,199.948,214.127,-0.9000,0.1488,-15.4366,7.0000,0.000,30.52,42.0,3,2064
243358878,199.948,214.193,0.0000,0.8080,15.2940,-1.5848,0.000,30.52,42.0,3,2064
243359550,200.000,214.193,0.9000,0.3075,15.4366,-10.2235,0.000,30.52,42.0,3,2064
243360661,200.000,214.127,0.0000,-1.1376,0.0000,4.7313,0.000,30.52,42.0,3,2064
243361551,199.948,214.127,-0.9000,0.0175,-15.4366,6.8243,0.000,30.52,42.0,3,2064
243362547,199.948,214.193,0.0000,0.9743,15.2940,-1.3321,0.000,30.52,42.0,3,2064
243363869,200.000,214.193,0.9000,0.3410,15.4366,-10.2861,0.000,30.52,42.0,3,2064
243364547,200.000,214.127,0.0000,-1.1864,0.0000,4.7610,0.000,30.52,42.0,3,2064
243365618,199.948,214.149,-0.9000,0.0496,-15.4366,6.9165,0.000,30.52,42.0,3,2064
243366884,199.948,214.215,0.0000,0.9239,15.2940,-1.7353,0.000,30.52,42.0,3,2064
243367607,200.000,214.215,0.9000,0.3258,15.4366,-9.8444,0.000,30.52,42.0,3,2064
243368897,200.000,214.215,0.0000,0.2144,0.0000,-10.1993,0.000,30.52,42.0,3,2064
243369574,199.948,214.171,-0.9000,-0.0053,-15.4366,6.8627,0.000,30.52,42.0,3,2064
243370901,199.948,214.215,0.0000,0.9987,15.2940,-1.5156,0.000,30.52,42.0,3,2064
243371583,200.000,214.237,0.9000,0.3700,15.4366,-10.2356,0.000,30.52,42.0,3,2064
243372585,200.000,214.149,0.0000,-1.0948,0.0000,4.7753,0.000,30.52,42.0,3,2064
243373895,199.948,214.171,-0.9000,0.1518,-15.4366,6.9045,0.000,30.52,42.0,3,2064
243374626,199.948,214.237,0.0000,0.8766,15.2940,-1.5442,0.000,30.52,42.0,3,2064
243375558,200.000,214.237,0.9000,0.3944,15.4366,-10.4861,0.000,30.52,42.0,3,2064
243376547,200.000,214.171,0.0000,-1.2749,0.0000,4.2095,0.000,30.52,42.0,3,2064
243377547,199.948,214.171,-0.9000,-0.0252,-15.4366,7.1539,0.000,30.52,42.0,3,2064
243378898,199.948,214.237,0.0000,0.9331,15.2940,-1.5035,0.000,30.52,42.0,3,2064
243379596,200.000,214.237,0.9000,0.2770,15.4366,-10.2169,0.000,30.52,42.0,3,2064
243380580,200.000,214.149,0.0000,-1.2291,0.0000,4.7764,0.000,30.52,42.0,3,2064
243381576,199.948,214.171,-0.9000,0.0359,-15.4366,6.9056,0.000,30.52,42.0,3,2064
243382605,199.948,214.237,0.0000,0.9102,15.2940,-1.5354,0.000,30.52,42.0,3,2064
243383898,200.000,214.237,0.9000,0.2876,15.4366,-10.2213,0.000,30.52,42.0,3,2064
243384584,200.000,214.149,0.0000,-1.1818,0.0000,4.7577,0.000,30.52,42.0,3,2064
243385587,199.948,214.171,-0.9000,-0.0496,-15.4366,6.9122,0.000,30.52,42.0,3,2064
243386927,199.948,214.237,0.0000,0.9957,15.2940,-1.4541,0.000,30.52,42.0,3,2064
243387593,200.000,214.237,0.9000,0.1884,15.4366,-10.4894,0.000,30.52,42.0,3,2064
243388868,200.000,214.215,0.0000,-0.0679,0.0000,-10.6058,0.000,30.52,42.0,3,2064
243389547,199.948,214.171,-0.9000,-0.1625,-15.4366,7.1341,0.000,30.52,42.0,3,2064
243390868,199.948,214.215,0.0000,0.8186,15.2940,-1.4650,0.000,30.52,42.0,3,2064
243391547,200.000,214.215,0.9000,0.3258,15.4366,-10.1631,0.000,30.52,42.0,3,2064
243392616,200.000,214.127,0.0000,-1.1757,0.0000,4.8434,0.000,30.52,42.0,3,2064
243393892,199.948,214.149,-0.9000,0.0404,-15.4366,6.8484,0.000,30.52,42.0,3,2064
243394610,199.948,214.193,0.0000,0.8583,15.2940,-1.3673,0.000,30.52,42.0,3,2064
243395584,200.000,214.215,0.9000,0.1778,15.4366,-10.5091,0.000,30.52,42.0,3,2064
243396579,200.000,214.127,0.0000,-1.1788,0.0000,4.3138,0.000,30.52,42.0,3,2064
243397579,199.948,214.127,-0.9000,-0.1686,-15.4366,7.1572,0.000,30.52,42.0,3,2064
243398946,199.948,214.193,0.0000,0.7652,15.2940,-1.5035,0.000,30.52,42.0,3,2064
243399558,200.000,214.193,0.9000,0.2052,15.4366,-10.4026,0.000,30.52,42.0,3,2064
243400552,200.000,214.105,0.0000,-1.2352,0.0000,4.3127,0.000,30.52,42.0,3,2064
243401609,199.948,214.105,-0.9000,-0.2022,-15.4366,7.2220,0.000,30.52,42.0,3,2064
243402574,199.948,214.171,0.0000,0.8278,15.2940,-1.6936,0.000,30.52,42.0,3,2064
243403891,200.000,214.171,0.9000,0.2739,15.4366,-10.2202,0.000,30.52,42.0,3,2064
243404581,200.000,214.083,0.0000,-1.3481,0.0000,4.8104,0.000,30.52,42.0,3,2064
243405581,199.948,214.083,-0.9000,0.0328,-15.4366,7.1187,0.000,30.52,42.0,3,2064
243406886,199.948,214.149,0.0000,0.8461,15.2940,-1.6463,0.000,30.52,42.0,3,2064
243407577,200.000,214.149,0.9000,0.2007,15.4366,-10.2235,0.000,30.52,42.0,3,2064
243408893,200.000,214.149,0.0000,0.0282,0.0000,-10.4641,0.000,30.52,42.0,3,2064
243409581,199.948,214.083,-0.9000,-0.1778,-15.4366,7.0824,0.000,30.52,42.0,3,2064
243410894,199.948,214.127,0.0000,0.9789,15.2940,-1.5925,0.000,30.52,42.0,3,2064
243411581,200.000,214.149,0.9000,0.2892,15.4366,-10.2619,0.000,30.52,42.0,3,2064
243412580,200.000,214.061,0.0000,-1.2230,0.0000,4.7797,0.000,30.52,42.0,3,2064
243413891,199.948,214.083,-0.9000,0.0313,-15.4366,7.1572,0.000,30.52,42.0,3,2064
243414578,199.948,214.127,0.0000,0.9010,15.2940,-1.6903,0.000,30.52,42.0,3,2064
243415582,200.000,214.149,0.9000,0.4433,15.4366,-10.2685,0.000,30.52,42.0,3,2064
243416573,200.000,214.061,0.0000,-1.2383,0.0000,4.8544,0.000,30.52,42.0,3,2064
243417549,199.948,214.083,-0.9000,0.0175,-15.4366,7.1000,0.000,30.52,42.0,3,2064
243418882,199.948,214.127,0.0000,0.9102,15.2940,-1.6749,0.000,30.52,42.0,3,2064
243419573,200.000,214.149,0.9000,0.3975,15.4366,-10.3092,0.000,30.52,42.0,3,2064
243420575,200.000,214.061,0.0000,-1.1650,0.0000,4.8500,0.000,30.52,42.0,3,2064
243421577,199.948,214.083,-0.9000,0.0496,-15.4366,7.0780,0.000,30.52,42.0,3,2064
243422547,199.948,214.127,0.0000,0.9621,15.2940,-1.6958,0.000,30.52,42.0,3,2064
243423979,200.000,214.149,0.9000,0.4952,15.4366,-10.3081,0.000,30.52,42.0,3,2064
243424555,200.000,214.061,0.0000,-1.2184,0.0000,5.3455,0.000,30.52,42.0,3,2064
243425552,199.948,214.083,-0.9000,-0.0374,-15.4366,7.0682,0.000,30.52,42.0,3,2064
243426863,199.948,214.149,0.0000,1.0033,15.2940,-1.6727,0.000,30.52,42.0,3,2064
243427548,200.000,214.149,0.9000,0.3624,15.4366,-10.3202,0.000,30.52,42.0,3,2064
243428926,200.000,214.149,0.0000,0.1473,0.0000,-10.5707,0.000,30.52,42.0,3,2064
243429580,199.948,214.105,-0.9000,0.2419,-15.4366,6.9078,0.000,30.52,42.0,3,2064
243430894,199.948,214.149,0.0000,1.0048,15.2940,-1.4453,0.000,30.52,42.0,3,2064
243431610,200.000,214.171,0.9000,0.3624,15.4366,-10.3410,0.000,30.52,42.0,3,2064
243432585,200.000,214.105,0.0000,-1.1299,0.0000,5.2763,0.000,30.52,42.0,3,2064
243433895,199.948,214.105,-0.9000,0.0801,-15.4366,6.9638,0.000,30.52,42.0,3,2064
243434583,199.948,214.171,0.0000,0.9743,15.2940,-1.6200,0.000,30.52,42.0,3,2064
243435581,200.000,214.171,0.9000,0.3136,15.4366,-10.1916,0.000,30.52,42.0,3,2064
243436602,200.000,214.105,0.0000,-1.0399,0.0000,4.6841,0.000,30.52,42.0,3,2064
243437614,199.948,214.127,-0.9000,0.1396,-15.4366,6.8133,0.000,30.52,42.0,3,2064
243438867,199.948,214.193,0.0000,0.9880,15.2940,-1.5321,0.000,30.52,42.0,3,2064
243439547,200.000,214.193,0.9000,0.3456,15.4366,-10.2290,0.000,30.52,42.0,3,2064
243440552,200.000,214.127,0.0000,-1.1421,0.0000,4.7577,0.000,30.52,42.0,3,2064
243441609,199.948,214.149,-0.9000,0.0237,-15.4366,6.9616,0.000,30.52,42.0,3,2064
243442574,199.948,214.193,0.0000,0.8873,15.2940,-1.7617,0.000,30.52,42.0,3,2064
243443894,200.000,214.215,0.9000,0.4616,15.4366,-9.9071,0.000,30.52,42.0,3,2064
243444611,200.000,214.149,0.0000,-1.1162,0.0000,4.6500,0.000,30.52,42.0,3,2064
243445583,199.948,214.171,-0.9000,0.1366,-15.4366,6.7133,0.000,30.52,42.0,3,2064
243446894,199.948,214.237,0.0000,1.0277,15.2940,-1.3530,0.000,30.52,42.0,3,2064
243447582,200.000,214.237,0.9000,0.4677,15.4366,-10.3169,0.000,30.52,42.0,3,2064
243448898,200.000,214.237,0.0000,0.2327,0.0000,-10.5597,0.000,30.52,42.0,3,2064
243449875,199.948,214.259,-0.9000,0.9407,-15.4366,-1.5057,0.000,30.52,42.0,3,2064
243451271,199.948,214.259,0.0000,0.3441,15.2940,-10.4938,0.000,30.52,42.0,3,2064
243452172,200.000,214.193,0.9000,-1.1452,15.4366,4.1820,0.000,30.52,42.0,3,2064
243452860,200.000,214.193,0.0000,-0.0816,0.0000,7.1253,0.000,30.52,42.0,3,2064
243454184,199.948,214.259,-0.9000,1.0018,-15.4366,-1.5024,0.000,30.52,42.0,3,2064
243454860,199.948,214.259,0.0000,0.2831,15.2940,-10.2246,0.000,30.52,42.0,3,2064
243456172,200.000,214.193,0.9000,-1.1482,15.4366,4.7599,0.000,30.52,42.0,3,2064
243456860,200.000,214.193,0.0000,0.0221,0.0000,6.9089,0.000,30.52,42.0,3,2064
243457862,199.948,214.259,-0.9000,0.7652,-15.4366,-1.5354,0.000,30.52,42.0,3,2064
243459255,199.948,214.259,0.0000,0.3838,15.2940,-10.4553,0.000,30.52,42.0,3,2064
243460193,200.000,214.193,0.9000,-1.1589,15.4366,4.7192,0.000,30.52,42.0,3,2064
243460875,200.000,214.193,0.0000,0.0435,0.0000,6.8946,0.000,30.52,42.0,3,2064
243461876,199.948,214.259,-0.9000,0.8797,-15.4366,-1.4936,0.000,30.52,42.0,3,2064
243462928,199.948,214.259,0.0000,0.3502,15.2940,-10.2323,0.000,30.52,42.0,3,2064
243464199,200.000,214.193,0.9000,-1.1818,15.4366,4.7687,0.000,30.52,42.0,3,2064
243464869,200.000,214.215,0.0000,-0.0191,0.0000,6.9374,0.000,30.52,42.0,3,2064
243465878,199.948,214.259,-0.9000,0.8553,-15.4366,-1.4771,0.000,30.52,42.0,3,2064
243467195,199.948,214.281,0.0000,0.3761,15.2940,-10.2312,0.000,30.52,42.0,3,2064
243467566,200.000,214.237,0.9000,-0.1946,15.4366,-7.2912,0.000,30.52,42.0,3,2064
243468903,200.000,214.193,0.0000,-1.2566,0.0000,4.7808,0.000,30.52,42.0,3,2064
243469944,199.948,214.259,-0.9000,0.9514,-15.4366,-1.6683,0.000,30.52,42.0,3,2064
243471191,199.948,214.281,0.0000,0.3624,15.2940,-9.9433,0.000,30.52,42.0,3,2064
243472184,200.000,214.193,0.9000,-1.2032,15.4366,4.7291,0.000,30.52,42.0,3,2064
243472861,200.000,214.215,0.0000,0.0923,0.0000,6.8594,0.000,30.52,42.0,3,2064
243474185,199.948,214.281,-0.9000,1.0979,-15.4366,-1.5222,0.000,30.52,42.0,3,2064
243474935,199.948,214.281,0.0000,0.1625,15.2940,-10.5443,0.000,30.52,42.0,3,2064
243476198,200.000,214.193,0.9000,-1.2596,15.4366,4.2699,0.000,30.52,42.0,3,2064
243476870,200.000,214.215,0.0000,-0.0191,0.0000,7.1539,0.000,30.52,42.0,3,2064
243477872,199.948,214.259,-0.9000,0.8537,-15.4366,-1.4749,0.000,30.52,42.0,3,2064
243479197,199.948,214.281,0.0000,0.2892,15.2940,-10.2037,0.000,30.52,42.0,3,2064
243480195,200.000,214.193,0.9000,-1.2749,15.4366,4.7423,0.000,30.52,42.0,3,2064
243480870,200.000,214.193,0.0000,-0.0710,0.0000,6.9078,0.000,30.52,42.0,3,2064
243481874,199.948,214.259,-0.9000,0.9010,-15.4366,-1.4793,0.000,30.52,42.0,3,2064
243482872,199.948,214.259,0.0000,0.2205,15.2940,-10.2608,0.000,30.52,42.0,3,2064
243484197,200.000,214.193,0.9000,-1.2871,15.4366,4.7654,0.000,30.52,42.0,3,2064
243484872,200.000,214.193,0.0000,0.0465,0.0000,6.9133,0.000,30.52,42.0,3,2064
243485871,199.948,214.259,-0.9000,0.8705,-15.4366,-1.4716,0.000,30.52,42.0,3,2064
243487190,199.948,214.259,0.0000,0.2174,15.2940,-10.2268,0.000,30.52,42.0,3,2064
243487577,200.000,214.237,0.9000,-0.2968,15.4366,-7.2472,0.000,30.52,42.0,3,2064
243488891,200.000,214.193,0.0000,-1.2398,0.0000,4.7456,0.000,30.52,42.0,3,2064
243489871,199.948,214.259,-0.9000,0.9194,-15.4366,-1.4782,0.000,30.52,42.0,3,2064
243491197,199.948,214.259,0.0000,0.2937,15.2940,-10.1817,0.000,30.52,42.0,3,2064
243492198,200.000,214.171,0.9000,-1.1894,15.4366,4.8038,0.000,30.52,42.0,3,2064
243492870,200.000,214.193,0.0000,0.0038,0.0000,6.9660,0.000,30.52,42.0,3,2064
243494198,199.948,214.259,-0.9000,0.8705,-15.4366,-1.5035,0.000,30.52,42.0,3,2064
243494869,199.948,214.259,0.0000,0.3563,15.2940,-10.1543,0.000,30.52,42.0,3,2064
243496195,200.000,214.171,0.9000,-1.2505,15.4366,4.8027,0.000,30.52,42.0,3,2064
243496873,200.000,214.193,0.0000,-0.0252,0.0000,6.9341,0.000,30.52,42.0,3,2064
243497872,199.948,214.237,-0.9000,0.8385,-15.4366,-1.5343,0.000,30.52,42.0,3,2064
243499195,199.948,214.259,0.0000,0.4631,15.2940,-10.2455,0.000,30.52,42.0,3,2064
243500183,200.000,214.171,0.9000,-1.2459,15.4366,4.7599,0.000,30.52,42.0,3,2064
243500860,200.000,214.193,0.0000,0.0465,0.0000,6.9198,0.000,30.52,42.0,3,2064
243501860,199.948,214.237,-0.9000,0.8965,-15.4366,-1.4629,0.000,30.52,42.0,3,2064
243502860,199.948,214.259,0.0000,0.3304,15.2940,-10.2202,0.000,30.52,42.0,3,2064
243504199,200.000,214.171,0.9000,-1.2230,15.4366,4.7313,0.000,30.52,42.0,3,2064
243504868,200.000,214.193,0.0000,0.0252,0.0000,6.9297,0.000,30.52,42.0,3,2064
243505871,199.948,214.259,-0.9000,0.9697,-15.4366,-1.5617,0.000,30.52,42.0,3,2064
243507187,199.948,214.259,0.0000,0.3197,15.2940,-10.2224,0.000,30.52,42.0,3,2064
243507571,200.000,214.237,0.9000,-0.3120,15.4366,-7.2374,0.000,30.52,42.0,3,2064
243508892,200.000,214.171,0.0000,-1.2169,0.0000,4.7654,0.000,30.52,42.0,3,2064
243509857,199.948,214.259,-0.9000,0.8934,-15.4366,-1.5002,0.000,30.52,42.0,3,2064
243511271,199.948,214.259,0.0000,0.3014,15.2940,-10.4487,0.000,30.52,42.0,3,2064
243512191,200.000,214.171,0.9000,-1.3420,15.4366,4.2798,0.000,30.52,42.0,3,2064
243512863,200.000,214.193,0.0000,-0.0221,0.0000,7.0802,0.000,30.52,42.0,3,2064
243514182,199.948,214.237,-0.9000,0.7286,-15.4366,-1.4574,0.000,30.52,42.0,3,2064
243514858,199.948,214.237,0.0000,0.2647,15.2940,-10.1477,0.000,30.52,42.0,3,2064
243516182,200.000,214.171,0.9000,-1.2108,15.4366,4.7907,0.000,30.52,42.0,3,2064
243516858,200.000,214.171,0.0000,-0.2068,0.0000,6.9330,0.000,30.52,42.0,3,2064
243517862,199.948,214.215,-0.9000,0.8766,-15.4366,-1.5431,0.000,30.52,42.0,3,2064
243519181,199.948,214.237,0.0000,0.3761,15.2940,-10.1850,0.000,30.52,42.0,3,2064
243520183,200.000,214.149,0.9000,-1.2627,15.4366,4.8104,0.000,30.52,42.0,3,2064
243520932,200.000,214.149,0.0000,-0.0343,0.0000,6.7507,0.000,30.52,42.0,3,2064
243521872,199.948,214.215,-0.9000,0.9194,-15.4366,-1.2794,0.000,30.52,42.0,3,2064
243522868,199.948,214.237,0.0000,0.3777,15.2940,-10.3213,0.000,30.52,42.0,3,2064
243524202,200.000,214.149,0.9000,-1.2062,15.4366,4.7907,0.000,30.52,42.0,3,2064
243524921,200.000,214.171,0.0000,0.1091,0.0000,6.7979,0.000,30.52,42.0,3,2064
243525873,199.948,214.237,-0.9000,0.9209,-15.4366,-1.3277,0.000,30.52,42.0,3,2064
243527196,199.948,214.237,0.0000,0.2678,15.2940,-10.2883,0.000,30.52,42.0,3,2064
243527569,200.000,214.215,0.9000,-0.1930,15.4366,-7.2835,0.000,30.52,42.0,3,2064
243528902,200.000,214.171,0.0000,-1.0872,0.0000,4.7412,0.000,30.52,42.0,3,2064
243529866,199.948,214.237,-0.9000,0.8980,-15.4366,-1.5222,0.000,30.52,42.0,3,2064
243531199,199.948,214.259,0.0000,0.4448,15.2940,-10.2246,0.000,30.52,42.0,3,2064
243532194,200.000,214.171,0.9000,-1.1910,15.4366,4.7841,0.000,30.52,42.0,3,2064
243532865,200.000,214.193,0.0000,0.0801,0.0000,6.9133,0.000,30.52,42.0,3,2064
243534263,199.948,214.259,-0.9000,0.9010,-15.4366,-1.7166,0.000,30.52,42.0,3,2064
243534861,199.948,214.259,0.0000,0.3166,15.2940,-9.8906,0.000,30.52,42.0,3,2064
243536182,200.000,214.193,0.9000,-1.0491,15.4366,4.6050,0.000,30.52,42.0,3,2064
243536857,200.000,214.215,0.0000,0.0374,0.0000,6.8704,0.000,30.52,42.0,3,2064
243537860,199.948,214.259,-0.9000,0.9483,-15.4366,-1.5068,0.000,30.52,42.0,3,2064
243539178,199.948,214.281,0.0000,0.4402,15.2940,-10.2553,0.000,30.52,42.0,3,2064
243540169,200.000,214.215,0.9000,-1.0948,15.4366,4.7280,0.000,30.52,42.0,3,2064
243540857,200.000,214.215,0.0000,-0.0633,0.0000,6.8869,0.000,30.52,42.0,3,2064
243541929,199.948,214.281,-0.9000,0.9300,-15.4366,-1.5288,0.000,30.52,42.0,3,2064
243542872,199.948,214.281,0.0000,0.3853,15.2940,-10.2641,0.000,30.52,42.0,3,2064
243544195,200.000,214.215,0.9000,-1.1925,15.4366,4.7918,0.000,30.52,42.0,3,2064
243544873,200.000,214.237,0.0000,0.0267,0.0000,6.9176,0.000,30.52,42.0,3,2064
243546247,199.948,214.281,-0.9000,1.0277,-15.4366,-1.6002,0.000,30.52,42.0,3,2064
243547192,199.948,214.303,0.0000,0.2846,15.2940,-10.2817,0.000,30.52,42.0,3,2064
243547565,200.000,214.281,0.9000,-0.1579,15.4366,-7.2714,0.000,30.52,42.0,3,2064
243548898,200.000,214.215,0.0000,-1.2749,0.0000,4.7643,0.000,30.52,42.0,3,2064
243549868,199.948,214.303,-0.9000,0.9865,-15.4366,-1.5387,0.000,30.52,42.0,3,2064
243551201,199.948,214.303,0.0000,0.3639,15.2940,-10.2542,0.000,30.52,42.0,3,2064
243552190,200.000,214.215,0.9000,-1.2367,15.4366,4.7039,0.000,30.52,42.0,3,2064
243552916,200.000,214.237,0.0000,-0.0404,0.0000,6.9429,0.000,30.52,42.0,3,2064
243554267,199.948,214.303,-0.9000,0.9834,-15.4366,-1.7111,0.000,30.52,42.0,3,2064
243554860,199.948,214.325,0.0000,0.3471,15.2940,-10.0038,0.000,30.52,42.0,3,2064
243556183,200.000,214.237,0.9000,-1.1421,15.4366,4.6105,0.000,30.52,42.0,3,2064
243556858,200.000,214.259,0.0000,0.0145,0.0000,6.8473,0.000,30.52,42.0,3,2064
243557871,199.948,214.325,-0.9000,0.8507,-15.4366,-1.5046,0.000,30.52,42.0,3,2064
243559201,199.948,214.325,0.0000,0.4097,15.2940,-10.2652,0.000,30.52,42.0,3,2064
243560189,200.000,214.259,0.9000,-1.1192,15.4366,4.6907,0.000,30.52,42.0,3,2064
243560911,200.000,214.281,0.0000,0.0374,0.0000,6.9253,0.000,30.52,42.0,3,2064
243561870,199.948,214.325,-0.9000,0.9545,-15.4366,-1.5002,0.000,30.52,42.0,3,2064
243562867,199.948,214.347,0.0000,0.4295,15.2940,-10.2795,0.000,30.52,42.0,3,2064
243564190,200.000,214.259,0.9000,-1.2154,15.4366,4.6896,0.000,30.52,42.0,3,2064
243564911,200.000,214.281,0.0000,0.0694,0.0000,6.9880,0.000,30.52,42.0,3,2064
243565867,199.948,214.347,-0.9000,0.9987,-15.4366,-1.5266,0.000,30.52,42.0,3,2064
243567188,199.948,214.347,0.0000,0.3334,15.2940,-10.3191,0.000,30.52,42.0,3,2064
243567576,200.000,214.325,0.9000,-0.1793,15.4366,-7.3154,0.000,30.52,42.0,3,2064
243568893,200.000,214.259,0.0000,-1.2398,0.0000,4.7456,0.000,30.52,42.0,3,2064
243569866,199.948,214.347,-0.9000,0.9255,-15.4366,-1.5529,0.000,30.52,42.0,3,2064
243571192,199.948,214.368,0.0000,0.3593,15.2940,-10.3147,0.000,30.52,42.0,3,2064
243572190,200.000,214.259,0.9000,-1.1925,15.4366,4.7698,0.000,30.52,42.0,3,2064
243572909,200.000,214.281,0.0000,-0.0725,0.0000,6.9880,0.000,30.52,42.0,3,2064
243574192,199.948,214.347,-0.9000,0.9224,-15.4366,-1.5914,0.000,30.52,42.0,3,2064
243574862,199.948,214.347,0.0000,0.4326,15.2940,-10.2740,0.000,30.52,42.0,3,2064
243576193,200.000,214.259,0.9000,-1.3024,15.4366,4.7599,0.000,30.52,42.0,3,2064
243576911,200.000,214.281,0.0000,0.0206,0.0000,6.9506,0.000,30.52,42.0,3,2064
243577870,199.948,214.347,-0.9000,0.8705,-15.4366,-1.4991,0.000,30.52,42.0,3,2064
243579195,199.948,214.347,0.0000,0.3944,15.2940,-10.3751,0.000,30.52,42.0,3,2064
243580190,200.000,214.281,0.9000,-1.2444,15.4366,4.7599,0.000,30.52,42.0,3,2064
243580909,200.000,214.281,0.0000,-0.0633,0.0000,6.9935,0.000,30.52,42.0,3,2064
243581868,199.948,214.347,-0.9000,0.9163,-15.4366,-1.5013,0.000,30.52,42.0,3,2064
243582872,199.948,214.368,0.0000,0.4082,15.2940,-10.3070,0.000,30.52,42.0,3,2064
243584188,200.000,214.281,0.9000,-1.3207,15.4366,4.6852,0.000,30.52,42.0,3,2064
243584859,200.000,214.281,0.0000,0.0069,0.0000,6.9967,0.000,30.52,42.0,3,2064
243585858,199.948,214.347,-0.9000,0.8080,-15.4366,-1.5013,0.000,30.52,42.0,3,2064
243587184,199.948,214.347,0.0000,0.4540,15.2940,-10.3048,0.000,30.52,42.0,3,2064
243587572,200.000,214.325,0.9000,-0.2464,15.4366,-7.3659,0.000,30.52,42.0,3,2064
243588886,200.000,214.259,0.0000,-1.3664,0.0000,4.7478,0.000,30.52,42.0,3,2064
243589576,199.948,214.281,-0.9000,0.0450,-15.4366,6.9913,0.000,30.52,42.0,3,2064
243590896,199.948,214.347,0.0000,0.8080,15.2940,-1.5343,0.000,30.52,42.0,3,2064
243591552,200.000,214.368,0.9000,0.4219,15.4366,-10.3125,0.000,30.52,42.0,3,2064
243592670,200.000,214.259,0.0000,-1.2428,0.0000,4.7544,0.000,30.52,42.0,3,2064
243593873,199.948,214.281,-0.9000,0.0618,-15.4366,6.8803,0.000,30.52,42.0,3,2064
243594547,199.948,214.347,0.0000,0.8965,15.2940,-1.3409,0.000,30.52,42.0,3,2064
243595552,200.000,214.347,0.9000,0.3838,15.4366,-10.4103,0.000,30.52,42.0,3,2064
243596547,200.000,214.281,0.0000,-1.1940,0.0000,4.7841,0.000,30.52,42.0,3,2064
243597613,199.948,214.303,-0.9000,0.0221,-15.4366,6.9638,0.000,30.52,42.0,3,2064
243598893,199.948,214.368,0.0000,1.0582,15.2940,-1.7518,0.000,30.52,42.0,3,2064
243600232,200.000,214.281,0.9000,-1.0887,15.4366,4.6786,0.000,30.52,42.0,3,2064
243600923,200.000,214.303,0.0000,0.2144,0.0000,6.8111,0.000,30.52,42.0,3,2064
243602195,199.948,214.368,-0.9000,1.0521,-15.4366,-1.3332,0.000,30.52,42.0,3,2064
243602872,199.948,214.390,0.0000,0.3990,15.2940,-10.3696,0.000,30.52,42.0,3,2064
243604194,200.000,214.303,0.9000,-1.1910,15.4366,4.6610,0.000,30.52,42.0,3,2064
243604916,200.000,214.325,0.0000,0.0282,0.0000,7.0231,0.000,30.52,42.0,3,2064
243606195,199.948,214.390,-0.9000,1.0338,-15.4366,-1.5452,0.000,30.52,42.0,3,2064
243607186,199.948,214.390,0.0000,0.4372,15.2940,-10.3301,0.000,30.52,42.0,3,2064
243607582,200.000,214.368,0.9000,-0.1869,15.4366,-7.3209,0.000,30.52,42.0,3,2064
243608896,200.000,214.325,0.0000,-1.1727,0.0000,4.7335,0.000,30.52,42.0,3,2064
243609871,199.948,214.390,-0.9000,0.9636,-15.4366,-1.5595,0.000,30.52,42.0,3,2064
243611267,199.948,214.390,0.0000,0.2586,15.2940,-10.5476,0.000,30.52,42.0,3,2064
243612175,200.000,214.325,0.9000,-1.2261,15.4366,4.2633,0.000,30.52,42.0,3,2064
243612853,200.000,214.325,0.0000,-0.2373,0.0000,7.2835,0.000,30.52,42.0,3,2064
243614177,199.948,214.390,-0.9000,0.8782,-15.4366,-1.5057,0.000,30.52,42.0,3,2064
243614853,199.948,214.390,0.0000,0.1411,15.2940,-10.3169,0.000,30.52,42.0,3,2064
243616168,200.000,214.303,0.9000,-1.2886,15.4366,4.7698,0.000,30.52,42.0,3,2064
243616853,200.000,214.303,0.0000,-0.0130,0.0000,7.0561,0.000,30.52,42.0,3,2064
243617856,199.948,214.368,-0.9000,0.8583,-15.4366,-1.5145,0.000,30.52,42.0,3,2064
243619192,199.948,214.368,0.0000,0.3181,15.2940,-10.3279,0.000,30.52,42.0,3,2064
243620239,200.000,214.281,0.9000,-1.2749,15.4366,4.8049,0.000,30.52,42.0,3,2064
243620907,200.000,214.303,0.0000,-0.0114,0.0000,7.0759,0.000,30.52,42.0,3,2064
243622193,199.948,214.368,-0.9000,1.0079,-15.4366,-1.5496,0.000,30.52,42.0,3,2064
243622869,199.948,214.368,0.0000,0.2815,15.2940,-10.3125,0.000,30.52,42.0,3,2064
243624190,200.000,214.281,0.9000,-1.3115,15.4366,4.7984,0.000,30.52,42.0,3,2064
243624911,200.000,214.303,0.0000,-0.0481,0.0000,7.0099,0.000,30.52,42.0,3,2064
243625927,199.948,214.368,-0.9000,0.9911,-15.4366,-1.6947,0.000,30.52,42.0,3,2064
243627193,199.948,214.347,0.0000,0.2113,15.2940,-9.9598,0.000,30.52,42.0,3,2064
243627565,200.000,214.325,0.9000,-0.3227,15.4366,-7.1550,0.000,30.52,42.0,3,2064
243628897,200.000,214.281,0.0000,-1.1635,0.0000,4.6676,0.000,30.52,42.0,3,2064
243629869,199.948,214.347,-0.9000,0.9285,-15.4366,-1.4936,0.000,30.52,42.0,3,2064
243631197,199.948,214.347,0.0000,0.3502,15.2940,-10.2861,0.000,30.52,42.0,3,2064
243632188,200.000,214.281,0.9000,-1.2551,15.4366,4.7028,0.000,30.52,42.0,3,2064
243632864,200.000,214.303,0.0000,-0.0740,0.0000,7.0220,0.000,30.52,42.0,3,2064
243634262,199.948,214.347,-0.9000,0.8385,-15.4366,-1.7430,0.000,30.52,42.0,3,2064
243634857,199.948,214.368,0.0000,0.4112,15.2940,-9.9466,0.000,30.52,42.0,3,2064
243636179,200.000,214.281,0.9000,-1.1360,15.4366,4.6270,0.000,30.52,42.0,3,2064
243636854,200.000,214.303,0.0000,0.0679,0.0000,6.9605,0.000,30.52,42.0,3,2064
243637855,199.948,214.368,-0.9000,0.9865,-15.4366,-1.5409,0.000,30.52,42.0,3,2064
243639178,199.948,214.368,0.0000,0.4006,15.2940,-10.3125,0.000,30.52,42.0,3,2064
243640166,200.000,214.281,0.9000,-1.2215,15.4366,4.7478,0.000,30.52,42.0,3,2064
243640856,200.000,214.303,0.0000,-0.0145,0.0000,7.0154,0.000,30.52,42.0,3,2064
243641927,199.948,214.368,-0.9000,0.9758,-15.4366,-1.7265,0.000,30.52,42.0,3,2064
243642863,199.948,214.368,0.0000,0.4234,15.2940,-10.0290,0.000,30.52,42.0,3,2064
243644193,200.000,214.303,0.9000,-1.0674,15.4366,4.7017,0.000,30.52,42.0,3,2064
243644923,200.000,214.325,0.0000,0.0237,0.0000,6.7990,0.000,30.52,42.0,3,2064
243646241,199.948,214.390,-0.9000,1.0094,-15.4366,-1.3772,0.000,30.52,42.0,3,2064
243647227,199.948,214.390,0.0000,0.2647,15.2940,-10.4201,0.000,30.52,42.0,3,2064
243647567,200.000,214.368,0.9000,-0.2327,15.4366,-6.2387,0.000,30.52,42.0,3,2064
243648899,200.000,214.303,0.0000,-1.2428,0.0000,4.8027,0.000,30.52,42.0,3,2064
243649584,199.948,214.325,-0.9000,0.1137,-15.4366,7.0583,0.000,30.52,42.0,3,2064
243650905,199.948,214.390,0.0000,0.9987,15.2940,-1.5793,0.000,30.52,42.0,3,2064
243651635,200.000,214.390,0.9000,0.4524,15.4366,-10.3301,0.000,30.52,42.0,3,2064
243652555,200.000,214.303,0.0000,-1.3451,0.0000,5.2576,0.000,30.52,42.0,3,2064
243653867,199.948,214.347,-0.9000,0.0954,-15.4366,7.0209,0.000,30.52,42.0,3,2064
243654611,199.948,214.390,0.0000,0.9529,15.2940,-1.5200,0.000,30.52,42.0,3,2064
243655582,200.000,214.412,0.9000,0.3655,15.4366,-10.5827,0.000,30.52,42.0,3,2064
243656576,200.000,214.303,0.0000,-1.4214,0.0000,4.2282,0.000,30.52,42.0,3,2064
243657576,199.948,214.325,-0.9000,-0.2159,-15.4366,7.3494,0.000,30.52,42.0,3,2064
243658893,199.948,214.390,0.0000,0.9117,15.2940,-1.5420,0.000,30.52,42.0,3,2064
243660190,200.000,214.303,0.9000,-1.3771,15.4366,4.7621,0.000,30.52,42.0,3,2064
243660907,200.000,214.303,0.0000,-0.0862,0.0000,7.0264,0.000,30.52,42.0,3,2064
243661864,199.948,214.368,-0.9000,0.9087,-15.4366,-1.4826,0.000,30.52,42.0,3,2064
243662868,199.948,214.368,0.0000,0.2647,15.2940,-10.2795,0.000,30.52,42.0,3,2064
243664192,200.000,214.281,0.9000,-1.2398,15.4366,4.7621,0.000,30.52,42.0,3,2064
243664861,200.000,214.303,0.0000,-0.0710,0.0000,6.9978,0.000,30.52,42.0,3,2064
243665868,199.948,214.347,-0.9000,0.9133,-15.4366,-1.4672,0.000,30.52,42.0,3,2064
243667186,199.948,214.347,0.0000,0.2724,15.2940,-10.3257,0.000,30.52,42.0,3,2064
243667576,200.000,214.325,0.9000,-0.3166,15.4366,-7.3143,0.000,30.52,42.0,3,2064
243668893,200.000,214.281,0.0000,-1.3542,0.0000,4.8467,0.000,30.52,42.0,3,2064
243669578,199.948,214.281,-0.9000,-0.1808,-15.4366,7.0242,0.000,30.52,42.0,3,2064
243670898,199.948,214.347,0.0000,0.9346,15.2940,-1.5299,0.000,30.52,42.0,3,2064
243672189,200.000,214.259,0.9000,-1.3115,15.4366,4.8071,0.000,30.52,42.0,3,2064
243672906,200.000,214.281,0.0000,-0.0130,0.0000,6.9759,0.000,30.52,42.0,3,2064
243674190,199.948,214.347,-0.9000,0.8568,-15.4366,-1.5189,0.000,30.52,42.0,3,2064
243674850,199.948,214.347,0.0000,0.2541,15.2940,-10.2707,0.000,30.52,42.0,3,2064
243676175,200.000,214.259,0.9000,-1.2612,15.4366,4.7994,0.000,30.52,42.0,3,2064
243676854,200.000,214.281,0.0000,-0.0420,0.0000,6.9495,0.000,30.52,42.0,3,2064
243677867,199.948,214.325,-0.9000,0.9422,-15.4366,-1.4881,0.000,30.52,42.0,3,2064
243679183,199.948,214.325,0.0000,0.2541,15.2940,-10.2861,0.000,30.52,42.0,3,2064
243680186,200.000,214.259,0.9000,-1.2886,15.4366,4.7138,0.000,30.52,42.0,3,2064
243680864,200.000,214.259,0.0000,-0.1289,0.0000,6.9363,0.000,30.52,42.0,3,2064
243681866,199.948,214.325,-0.9000,0.8949,-15.4366,-1.5211,0.000,30.52,42.0,3,2064
243682817,199.948,214.325,0.0000,0.2251,15.2940,-10.0092,0.000,30.52,42.0,3,2064
243684183,200.000,214.259,0.9000,-1.0887,15.4366,5.1060,0.000,30.52,42.0,3,2064
243684854,200.000,214.281,0.0000,0.0908,0.0000,6.7518,0.000,30.52,42.0,3,2064
243685949,199.948,214.325,-0.9000,0.8919,-15.4366,-1.6628,0.000,30.52,42.0,3,2064
243687183,199.948,214.347,0.0000,0.4601,15.2940,-10.0312,0.000,30.52,42.0,3,2064
243687551,200.000,214.325,0.9000,-0.1625,15.4366,-7.3329,0.000,30.52,42.0,3,2064
243688869,200.000,214.281,0.0000,-1.1284,0.0000,4.6028,0.000,30.52,42.0,3,2064
243689549,199.948,214.303,-0.9000,0.0511,-15.4366,6.9056,0.000,30.52,42.0,3,2064
243690866,199.948,214.347,0.0000,1.0185,15.2940,-1.5277,0.000,30.52,42.0,3,2064
243691554,200.000,214.368,0.9000,0.3410,15.4366,-10.2850,0.000,30.52,42.0,3,2064
243692612,200.000,214.281,0.0000,-1.2367,0.0000,4.7390,0.000,30.52,42.0,3,2064
243693893,199.948,214.303,-0.9000,0.0816,-15.4366,6.8418,0.000,30.52,42.0,3,2064
243694925,199.948,214.368,0.0000,0.3166,15.2940,-10.6651,0.000,30.52,42.0,3,2064
243696193,200.000,214.303,0.9000,-1.1299,15.4366,4.2589,0.000,30.52,42.0,3,2064
243696910,200.000,214.325,0.0000,-0.0328,0.0000,7.1857,0.000,30.52,42.0,3,2064
243697866,199.948,214.368,-0.9000,0.8141,-15.4366,-1.4716,0.000,30.52,42.0,3,2064
243699198,199.948,214.368,0.0000,0.4051,15.2940,-10.3114,0.000,30.52,42.0,3,2064
243700191,200.000,214.281,0.9000,-1.2688,15.4366,4.7149,0.000,30.52,42.0,3,2064
243700864,200.000,214.303,0.0000,0.1976,0.0000,7.0242,0.000,30.52,42.0,3,2064
243701868,199.948,214.368,-0.9000,0.9834,-15.4366,-1.4947,0.000,30.52,42.0,3,2064
243702862,199.948,214.368,0.0000,0.2602,15.2940,-10.3729,0.000,30.52,42.0,3,2064
243704260,200.000,214.281,0.9000,-1.1711,15.4366,5.3202,0.000,30.52,42.0,3,2064
243704858,200.000,214.303,0.0000,0.0099,0.0000,6.9627,0.000,30.52,42.0,3,2064
243705853,199.948,214.368,-0.9000,0.9026,-15.4366,-1.5024,0.000,30.52,42.0,3,2064
243707164,199.948,214.368,0.0000,0.3380,15.2940,-10.3246,0.000,30.52,42.0,3,2064
243707546,200.000,214.347,0.9000,-0.3166,15.4366,-7.3318,0.000,30.52,42.0,3,2064
243708859,200.000,214.281,0.0000,-1.2963,0.0000,4.7544,0.000,30.52,42.0,3,2064
243709548,199.948,214.303,-0.9000,0.0298,-15.4366,7.0594,0.000,30.52,42.0,3,2064
243710927,199.948,214.368,0.0000,0.9773,15.2940,-1.5518,0.000,30.52,42.0,3,2064
243711578,200.000,214.368,0.9000,0.1503,15.4366,-10.5223,0.000,30.52,42.0,3,2064
243712614,200.000,214.281,0.0000,-1.2062,0.0000,4.3160,0.000,30.52,42.0,3,2064
243713900,199.948,214.281,-0.9000,-0.0481,-15.4366,7.0967,0.000,30.52,42.0,3,2064
243714907,199.948,214.347,0.0000,0.2693,15.2940,-10.3246,0.000,30.52,42.0,3,2064
243716190,200.000,214.259,0.9000,-1.2840,15.4366,4.8170,0.000,30.52,42.0,3,2064
243716917,200.000,214.281,0.0000,-0.0114,0.0000,6.8210,0.000,30.52,42.0,3,2064
243717861,199.948,214.325,-0.9000,0.8492,-15.4366,-1.3321,0.000,30.52,42.0,3,2064
243719261,199.948,214.325,0.0000,0.2586,15.2940,-10.6113,0.000,30.52,42.0,3,2064
243720174,200.000,214.259,0.9000,-1.3878,15.4366,4.3160,0.000,30.52,42.0,3,2064
243720851,200.000,214.259,0.0000,-0.0832,0.0000,7.1055,0.000,30.52,42.0,3,2064
243721851,199.948,214.325,-0.9000,0.8354,-15.4366,-1.4376,0.000,30.52,42.0,3,2064
243722861,199.948,214.325,0.0000,0.3288,15.2940,-10.2279,0.000,30.52,42.0,3,2064
243724250,200.000,214.237,0.9000,-1.2688,15.4366,5.3466,0.000,30.52,42.0,3,2064
243724912,200.000,214.259,0.0000,0.0206,0.0000,6.7803,0.000,30.52,42.0,3,2064
243725864,199.948,214.303,-0.9000,0.9392,-15.4366,-1.3310,0.000,30.52,42.0,3,2064
243727181,199.948,214.325,0.0000,0.3609,15.2940,-10.3333,0.000,30.52,42.0,3,2064
243727575,200.000,214.303,0.9000,-0.2205,15.4366,-7.2857,0.000,30.52,42.0,3,2064
243728890,200.000,214.237,0.0000,-1.2505,0.0000,4.7544,0.000,30.52,42.0,3,2064
243729579,199.948,214.259,-0.9000,0.0084,-15.4366,6.9517,0.000,30.52,42.0,3,2064
243730896,199.948,214.325,0.0000,1.0552,15.2940,-1.5090,0.000,30.52,42.0,3,2064
243732227,200.000,214.237,0.9000,-1.2947,15.4366,4.7588,0.000,30.52,42.0,3,2064
243732911,200.000,214.259,0.0000,0.0298,0.0000,6.7836,0.000,30.52,42.0,3,2064
243734188,199.948,214.303,-0.9000,0.9682,-15.4366,-1.3332,0.000,30.52,42.0,3,2064
243734904,199.948,214.325,0.0000,0.2708,15.2940,-10.5520,0.000,30.52,42.0,3,2064
243736185,200.000,214.237,0.9000,-1.2230,15.4366,4.7676,0.000,30.52,42.0,3,2064
243736904,200.000,214.259,0.0000,0.1671,0.0000,6.7660,0.000,30.52,42.0,3,2064
243737861,199.948,214.325,-0.9000,0.8995,-15.4366,-1.4738,0.000,30.52,42.0,3,2064
243739188,199.948,214.325,0.0000,0.3990,15.2940,-10.2751,0.000,30.52,42.0,3,2064
243740225,200.000,214.259,0.9000,-1.1543,15.4366,4.7489,0.000,30.52,42.0,3,2064
243740913,200.000,214.281,0.0000,0.1442,0.0000,6.7748,0.000,30.52,42.0,3,2064
243741864,199.948,214.325,-0.9000,0.9224,-15.4366,-1.2915,0.000,30.52,42.0,3,2064
243742862,199.948,214.325,0.0000,0.3716,15.2940,-10.4267,0.000,30.52,42.0,3,2064
243744186,200.000,214.259,0.9000,-1.1238,15.4366,4.7621,0.000,30.52,42.0,3,2064
243744910,200.000,214.281,0.0000,0.1610,0.0000,6.7748,0.000,30.52,42.0,3,2064
243746184,199.948,214.347,-0.9000,1.0475,-15.4366,-1.3354,0.000,30.52,42.0,3,2064
243747182,199.948,214.347,0.0000,0.4234,15.2940,-10.4103,0.000,30.52,42.0,3,2064
243747551,200.000,214.347,0.9000,-0.0999,15.4366,-7.3835,0.000,30.52,42.0,3,2064
243748867,200.000,214.281,0.0000,-1.1162,0.0000,4.7017,0.000,30.52,42.0,3,2064
243749547,199.948,214.303,-0.9000,0.1030,-15.4366,6.9561,0.000,30.52,42.0,3,2064
243750895,199.948,214.368,0.0000,0.8980,15.2940,-1.5551,0.000,30.52,42.0,3,2064
243752180,200.000,214.303,0.9000,-1.2612,15.4366,4.7368,0.000,30.52,42.0,3,2064
243752903,200.000,214.325,0.0000,0.1503,0.0000,7.0330,0.000,30.52,42.0,3,2064
243754183,199.948,214.368,-0.9000,0.9636,-15.4366,-1.5145,0.000,30.52,42.0,3,2064
243754862,199.948,214.390,0.0000,0.4112,15.2940,-10.3333,0.000,30.52,42.0,3,2064
243756181,200.000,214.303,0.9000,-1.2123,15.4366,4.7017,0.000,30.52,42.0,3,2064
243756851,200.000,214.325,0.0000,0.0618,0.0000,7.0550,0.000,30.52,42.0,3,2064
243757949,199.948,214.368,-0.9000,0.8934,-15.4366,-1.7397,0.000,30.52,42.0,3,2064
243759193,199.948,214.390,0.0000,0.5058,15.2940,-9.9807,0.000,30.52,42.0,3,2064
243760173,200.000,214.303,0.9000,-1.2413,15.4366,4.6215,0.000,30.52,42.0,3,2064
243760851,200.000,214.325,0.0000,0.0069,0.0000,7.0055,0.000,30.52,42.0,3,2064
243762173,199.948,214.412,-0.9000,1.0277,-15.4366,-1.5595,0.000,30.52,42.0,3,2064
243762849,199.948,214.412,0.0000,0.3319,15.2940,-10.3487,0.000,30.52,42.0,3,2064
243764172,200.000,214.325,0.9000,-1.2734,15.4366,4.7127,0.000,30.52,42.0,3,2064
243764847,200.000,214.325,0.0000,-0.0847,0.0000,7.0879,0.000,30.52,42.0,3,2064
243766173,199.948,214.390,-0.9000,1.0033,-15.4366,-1.5573,0.000,30.52,42.0,3,2064
243767245,199.948,214.412,0.0000,0.3822,15.2940,-10.6124,0.000,30.52,42.0,3,2064
243767573,200.000,214.368,0.9000,-0.4250,15.4366,-7.3835,0.000,30.52,42.0,3,2064
243768894,200.000,214.325,0.0000,-1.2474,0.0000,4.3699,0.000,30.52,42.0,3,2064
243769575,199.948,214.325,-0.9000,-0.1244,-15.4366,7.3044,0.000,30.52,42.0,3,2064
243770926,199.948,214.390,0.0000,0.8614,15.2940,-1.5046,0.000,30.52,42.0,3,2064
243771579,200.000,214.390,0.9000,0.1961,15.4366,-10.5344,0.000,30.52,42.0,3,2064
243772585,200.000,214.303,0.0000,-1.3085,0.0000,4.3248,0.000,30.52,42.0,3,2064
243773897,199.948,214.303,-0.9000,-0.2144,-15.4366,7.2560,0.000,30.52,42.0,3,2064
243774866,199.948,214.347,0.0000,0.1488,15.2940,-10.3333,0.000,30.52,42.0,3,2064
243776257,200.000,214.259,0.9000,-1.3497,15.4366,5.3718,0.000,30.52,42.0,3,2064
243776922,200.000,214.281,0.0000,0.0435,0.0000,6.8396,0.000,30.52,42.0,3,2064
243777860,199.948,214.347,-0.9000,0.9636,-15.4366,-1.3189,0.000,30.52,42.0,3,2064
243779182,199.948,214.347,0.0000,0.3105,15.2940,-10.3454,0.000,30.52,42.0,3,2064
243780175,200.000,214.259,0.9000,-1.1681,15.4366,4.7632,0.000,30.52,42.0,3,2064
243780847,200.000,214.259,0.0000,-0.2541,0.0000,6.9506,0.000,30.52,42.0,3,2064
243781928,199.948,214.325,-0.9000,0.9499,-15.4366,-1.6859,0.000,30.52,42.0,3,2064
243782863,199.948,214.347,0.0000,0.3136,15.2940,-9.8895,0.000,30.52,42.0,3,2064
243784189,200.000,214.259,0.9000,-1.1940,15.4366,4.6412,0.000,30.52,42.0,3,2064
243784859,200.000,214.259,0.0000,0.0877,0.0000,6.9407,0.000,30.52,42.0,3,2064
243786189,199.948,214.325,-0.9000,1.0979,-15.4366,-1.4716,0.000,30.52,42.0,3,2064
243787223,199.948,214.325,0.0000,0.2861,15.2940,-10.2466,0.000,30.52,42.0,3,2064
243787563,200.000,214.303,0.9000,-0.4021,15.4366,-6.1673,0.000,30.52,42.0,3,2064
243788899,200.000,214.237,0.0000,-1.2901,0.0000,4.7467,0.000,30.52,42.0,3,2064
243789577,199.948,214.259,-0.9000,0.0069,-15.4366,6.8166,0.000,30.52,42.0,3,2064
243790900,199.948,214.325,0.0000,0.9133,15.2940,-1.5035,0.000,30.52,42.0,3,2064
243791577,200.000,214.325,0.9000,0.2907,15.4366,-10.2509,0.000,30.52,42.0,3,2064
243792582,200.000,214.259,0.0000,-1.3024,0.0000,4.7302,0.000,30.52,42.0,3,2064
243793896,199.948,214.281,-0.9000,0.0343,-15.4366,6.9539,0.000,30.52,42.0,3,2064
243794901,199.948,214.325,0.0000,0.3014,15.2940,-10.3224,0.000,30.52,42.0,3,2064
243796190,200.000,214.259,0.9000,-1.2551,15.4366,4.8159,0.000,30.52,42.0,3,2064
243796909,200.000,214.281,0.0000,0.1213,0.0000,6.7748,0.000,30.52,42.0,3,2064
243797863,199.948,214.347,-0.9000,0.9773,-15.4366,-1.3178,0.000,30.52,42.0,3,2064
243799192,199.948,214.347,0.0000,0.3746,15.2940,-10.3784,0.000,30.52,42.0,3,2064
243800224,200.000,214.259,0.9000,-1.1894,15.4366,4.7236,0.000,30.52,42.0,3,2064
243800904,200.000,214.281,0.0000,0.1396,0.0000,6.7814,0.000,30.52,42.0,3,2064
243802189,199.948,214.347,-0.9000,1.0582,-15.4366,-1.3497,0.000,30.52,42.0,3,2064
243802864,199.948,214.368,0.0000,0.4753,15.2940,-10.3674,0.000,30.52,42.0,3,2064
243804182,200.000,214.281,0.9000,-1.1772,15.4366,4.7105,0.000,30.52,42.0,3,2064
243804846,200.000,214.303,0.0000,0.0679,0.0000,6.9572,0.000,30.52,42.0,3,2064
243805854,199.948,214.347,-0.9000,0.9209,-15.4366,-1.5617,0.000,30.52,42.0,3,2064
243807175,199.948,214.368,0.0000,0.3395,15.2940,-10.3553,0.000,30.52,42.0,3,2064
243807573,200.000,214.325,0.9000,-0.3334,15.4366,-7.3417,0.000,30.52,42.0,3,2064
243808888,200.000,214.303,0.0000,-1.1452,0.0000,4.7500,0.000,30.52,42.0,3,2064
243809861,199.948,214.368,-0.9000,0.8186,-15.4366,-1.5551,0.000,30.52,42.0,3,2064
243811187,199.948,214.368,0.0000,0.4295,15.2940,-10.3377,0.000,30.52,42.0,3,2064
243812172,200.000,214.303,0.9000,-1.2657,15.4366,4.6885,0.000,30.52,42.0,3,2064
243812849,200.000,214.303,0.0000,0.0252,0.0000,7.0780,0.000,30.52,42.0,3,2064
243814268,199.948,214.368,-0.9000,0.9590,-15.4366,-1.7837,0.000,31.89,42.0,3,2064
243814860,199.948,214.368,0.0000,0.2358,15.2940,-9.9697,0.000,31.89,42.0,3,2064
243816179,200.000,214.303,0.9000,-1.1772,15.4366,4.6138,0.000,31.89,42.0,3,2064
243816846,200.000,214.325,0.0000,0.0923,0.0000,6.9429,0.000,31.89,42.0,3,2064
243817849,199.948,214.390,-0.9000,0.9072,-15.4366,-1.5837,0.000,31.89,42.0,3,2064
243819172,199.948,214.390,0.0000,0.3441,15.2940,-10.3630,0.000,31.89,42.0,3,2064
243820170,200.000,214.325,0.9000,-1.1955,15.4366,4.7687,0.000,31.89,42.0,3,2064
243820848,200.000,214.347,0.0000,0.0999,0.0000,7.0605,0.000,31.89,42.0,3,2064
243821851,199.948,214.390,-0.9000,0.8888,-15.4366,-1.5551,0.000,31.89,42.0,3,2064
243822925,199.948,214.412,0.0000,0.2907,15.2940,-10.6146,0.000,31.89,42.0,3,2064
243824222,200.000,214.325,0.9000,-1.2810,15.4366,4.2666,0.000,31.89,42.0,3,2064
243824908,200.000,214.325,0.0000,-0.0755,0.0000,7.1583,0.000,31.89,42.0,3,2064
243825859,199.948,214.390,-0.9000,0.9453,-15.4366,-1.2970,0.000,31.89,42.0,3,2064
243827244,199.948,214.390,0.0000,0.3136,15.2940,-10.6498,0.000,31.89,42.0,3,2064
243827583,200.000,214.368,0.9000,-0.4082,15.4366,-7.3659,0.000,31.89,42.0,3,2064
243828897,200.000,214.303,0.0000,-1.4763,0.0000,4.8819,0.000,31.89,42.0,3,2064
243829569,199.948,214.303,-0.9000,-0.2068,-15.4366,7.1154,0.000,31.89,42.0,3,2064
243830900,199.948,214.368,0.0000,0.8995,15.2940,-1.2937,0.000,31.89,42.0,3,2064
243831583,200.000,214.368,0.9000,0.2998,15.4366,-10.3465,0.000,31.89,42.0,3,2064
243832643,200.000,214.281,0.0000,-1.3527,0.0000,5.2400,0.000,31.89,42.0,3,2064
243833872,199.948,214.303,-0.9000,0.1259,-15.4366,6.9176,0.000,31.89,42.0,3,2064
243834547,199.948,214.347,0.0000,0.8385,15.2940,-1.3453,0.000,31.89,42.0,3,2064
243835615,200.000,214.368,0.9000,0.3441,15.4366,-10.3850,0.000,31.89,42.0,3,2064
243836575,200.000,214.281,0.0000,-1.2261,0.0000,5.2444,0.000,31.89,42.0,3,2064
243837575,199.948,214.303,-0.9000,0.0237,-15.4366,6.8726,0.000,31.89,42.0,3,2064
243838891,199.948,214.368,0.0000,0.9453,15.2940,-1.3035,0.000,31.89,42.0,3,2064
243839578,200.000,214.368,0.9000,0.4173,15.4366,-10.3674,0.000,31.89,42.0,3,2064
243840580,200.000,214.281,0.0000,-1.2520,0.0000,5.2993,0.000,31.89,42.0,3,2064
243841575,199.948,214.325,-0.9000,0.1427,-15.4366,6.8770,0.000,31.89,42.0,3,2064
243842574,199.948,214.368,0.0000,0.8202,15.2940,-1.3365,0.000,31.89,42.0,3,2064
243843894,200.000,214.390,0.9000,0.5394,15.4366,-10.4608,0.000,31.89,42.0,3,2064
243844578,200.000,214.303,0.0000,-1.2612,0.0000,4.8357,0.000,31.89,42.0,3,2064
243845580,199.948,214.325,-0.9000,0.1610,-15.4366,6.8396,0.000,31.89,42.0,3,2064
243846889,199.948,214.390,0.0000,0.9850,15.2940,-1.3651,0.000,31.89,42.0,3,2064
243847575,200.000,214.390,0.9000,0.4509,15.4366,-10.4399,0.000,31.89,42.0,3,2064
243848891,200.000,214.390,0.0000,0.1823,0.0000,-10.1620,0.000,31.89,42.0,3,2064
243849577,199.948,214.347,-0.9000,0.2068,-15.4366,6.9100,0.000,31.89,42.0,3,2064
243850894,199.948,214.412,0.0000,1.2154,15.2940,-1.6771,0.000,31.89,42.0,3,2064
243852159,200.000,214.347,0.9000,-1.2535,15.4366,4.7182,0.000,31.89,42.0,3,2064
243852849,200.000,214.368,0.0000,-0.0160,0.0000,7.0857,0.000,31.89,42.0,3,2064
243854174,199.948,214.434,-0.9000,1.0536,-15.4366,-1.6123,0.000,31.89,42.0,3,2064
243854900,199.948,214.434,0.0000,0.3334,15.2940,-10.4081,0.000,31.89,42.0,3,2064
243856178,200.000,214.347,0.9000,-1.2398,15.4366,4.7918,0.000,31.89,42.0,3,2064
243856903,200.000,214.368,0.0000,0.0618,0.0000,6.9704,0.000,31.89,42.0,3,2064
243858180,199.948,214.434,-0.9000,1.1299,-15.4366,-1.3827,0.000,31.89,42.0,3,2064
243859221,199.948,214.456,0.0000,0.4585,15.2940,-10.4740,0.000,31.89,42.0,3,2064
243860183,200.000,214.368,0.9000,-1.2856,15.4366,4.7599,0.000,31.89,42.0,3,2064
243860902,200.000,214.390,0.0000,0.0404,0.0000,7.0176,0.000,31.89,42.0,3,2064
243862182,199.948,214.456,-0.9000,1.0643,-15.4366,-1.4508,0.000,31.89,42.0,3,2064
243862844,199.948,214.478,0.0000,0.4143,15.2940,-10.4509,0.000,31.89,42.0,3,2064
243864264,200.000,214.390,0.9000,-1.2078,15.4366,5.3762,0.000,31.89,42.0,3,2064
243864860,200.000,214.412,0.0000,0.0465,0.0000,7.1484,0.000,31.89,42.0,3,2064
243865851,199.948,214.456,-0.9000,0.9072,-15.4366,-1.6244,0.000,31.89,42.0,3,2064
243867171,199.948,214.478,0.0000,0.3380,15.2940,-10.3894,0.000,31.89,42.0,3,2064
243867548,200.000,214.456,0.9000,-0.2434,15.4366,-7.4483,0.000,31.89,42.0,3,2064
243868868,200.000,214.390,0.0000,-1.2047,0.0000,4.8819,0.000,31.89,42.0,3,2064
243869612,199.948,214.412,-0.9000,0.0603,-15.4366,7.1561,0.000,31.89,42.0,3,2064
243870972,199.948,214.478,0.0000,0.9407,15.2940,-1.8957,0.000,31.89,42.0,3,2064
243872224,200.000,214.412,0.9000,-1.2200,15.4366,4.8654,0.000,31.89,42.0,3,2064
243872909,200.000,214.412,0.0000,-0.0465,0.0000,7.1462,0.000,31.89,42.0,3,2064
243874223,199.948,214.478,-0.9000,0.9590,-15.4366,-1.4123,0.000,31.89,42.0,3,2064
243874908,199.948,214.500,0.0000,0.3120,15.2940,-10.6838,0.000,31.89,42.0,3,2064
243876223,200.000,214.390,0.9000,-1.3985,15.4366,4.2952,0.000,31.89,42.0,3,2064
243876900,200.000,214.412,0.0000,-0.0481,0.0000,7.2439,0.000,31.89,42.0,3,2064
243877899,199.948,214.456,-0.9000,0.8232,-15.4366,-1.6419,0.000,31.89,42.0,3,2064
243879239,199.948,214.456,0.0000,0.1259,15.2940,-10.5366,0.000,31.89,42.0,3,2064
243880229,200.000,214.368,0.9000,-1.3695,15.4366,4.9137,0.000,31.89,42.0,3,2064
243880906,200.000,214.368,0.0000,-0.2068,0.0000,7.2538,0.000,31.89,42.0,3,2064
243881897,199.948,214.434,-0.9000,0.8278,-15.4366,-1.3398,0.000,31.89,42.0,3,2064
243882901,199.948,214.434,0.0000,0.1488,15.2940,-10.6421,0.000,31.89,42.0,3,2064
243884222,200.000,214.347,0.9000,-1.4595,15.4366,4.8148,0.000,31.89,42.0,3,2064
243884908,200.000,214.347,0.0000,-0.0359,0.0000,6.9957,0.000,31.89,42.0,3,2064
243885899,199.948,214.412,-0.9000,0.9041,-15.4366,-1.3167,0.000,31.89,42.0,3,2064
243887222,199.948,214.412,0.0000,0.2403,15.2940,-10.4146,0.000,31.89,42.0,3,2064
243887575,200.000,214.368,0.9000,-0.4250,15.4366,-6.3189,0.000,31.89,42.0,3,2064
243888936,200.000,214.325,0.0000,-1.2947,0.0000,5.3477,0.000,31.89,42.0,3,2064
243889554,199.948,214.347,-0.9000,-0.0328,-15.4366,7.0374,0.000,31.89,42.0,3,2064
243890865,199.948,214.412,0.0000,0.9590,15.2940,-1.3332,0.000,31.89,42.0,3,2064
243891549,200.000,214.412,0.9000,0.4067,15.4366,-10.4125,0.000,31.89,42.0,3,2064
243892552,200.000,214.325,0.0000,-1.4107,0.0000,4.8423,0.000,31.89,42.0,3,2064
243893922,199.948,214.347,-0.9000,-0.0069,-15.4366,7.1495,0.000,31.89,42.0,3,2064
243894579,199.948,214.390,0.0000,0.8034,15.2940,-1.7485,0.000,31.89,42.0,3,2064
243895587,200.000,214.412,0.9000,0.3868,15.4366,-10.2751,0.000,31.89,42.0,3,2064
243896603,200.000,214.325,0.0000,-1.3924,0.0000,4.7994,0.000,31.89,42.0,3,2064
243897578,199.948,214.325,-0.9000,0.0572,-15.4366,7.1110,0.000,31.89,42.0,3,2064
243898895,199.948,214.390,0.0000,0.8110,15.2940,-1.3277,0.000,31.89,42.0,3,2064
243899583,200.000,214.390,0.9000,0.3105,15.4366,-10.6531,0.000,31.89,42.0,3,2064
243900577,200.000,214.303,0.0000,-1.4107,0.0000,4.9203,0.000,31.89,42.0,3,2064
243901584,199.948,214.303,-0.9000,-0.1671,-15.4366,7.2637,0.000,31.89,42.0,3,2064
243902627,199.948,214.368,0.0000,0.8476,15.2940,-1.6925,0.000,31.89,42.0,3,2064
243903870,200.000,214.368,0.9000,0.3090,15.4366,-10.5278,0.000,31.89,42.0,3,2064
243904547,200.000,214.259,0.0000,-1.5572,0.0000,4.2479,0.000,31.89,42.0,3,2064
243905552,199.948,214.281,-0.9000,-0.2312,-15.4366,7.2813,0.000,31.89,42.0,3,2064
243906923,199.948,214.325,0.0000,0.8324,15.2940,-1.4618,0.000,31.89,42.0,3,2064
243907580,200.000,214.325,0.9000,0.1274,15.4366,-10.4773,0.000,31.89,42.0,3,2064
243908894,200.000,214.325,0.0000,-0.0313,0.0000,-10.5542,0.000,31.89,42.0,3,2064
243909582,199.948,214.259,-0.9000,-0.1045,-15.4366,7.0660,0.000,31.89,42.0,3,2064
243910925,199.948,214.303,0.0000,0.7286,15.2940,-1.4486,0.000,31.89,42.0,3,2064
243911573,200.000,214.281,0.9000,0.1671,15.4366,-10.2158,0.000,31.89,42.0,3,2064
243912586,200.000,214.215,0.0000,-1.2108,0.0000,4.2282,0.000,31.89,42.0,3,2064
243913898,199.948,214.215,-0.9000,-0.1060,-15.4366,6.9660,0.000,31.89,42.0,3,2064
243914586,199.948,214.281,0.0000,0.8537,15.2940,-1.4530,0.000,31.89,42.0,3,2064
243915632,200.000,214.281,0.9000,0.2510,15.4366,-10.4663,0.000,31.89,42.0,3,2064
243916549,200.000,214.171,0.0000,-1.3787,0.0000,4.9533,0.000,31.89,42.0,3,2064
243917547,199.948,214.193,-0.9000,-0.1396,-15.4366,7.1583,0.000,31.89,42.0,3,2064
243918866,199.948,214.237,0.0000,0.6920,15.2940,-1.4387,0.000,31.89,42.0,3,2064
243919554,200.000,214.237,0.9000,0.1488,15.4366,-10.1257,0.000,31.89,42.0,3,2064
243920615,200.000,214.149,0.0000,-1.2062,0.0000,4.8764,0.000,31.89,42.0,3,2064
243921604,199.948,214.171,-0.9000,-0.0862,-15.4366,6.7737,0.000,31.89,42.0,3,2064
243922579,199.948,214.215,0.0000,0.8110,15.2940,-1.5233,0.000,31.89,42.0,3,2064
243923896,200.000,214.215,0.9000,0.2815,15.4366,-10.1433,0.000,31.89,42.0,3,2064
243924584,200.000,214.149,0.0000,-1.1833,0.0000,4.1567,0.000,31.89,42.0,3,2064
243925587,199.948,214.149,-0.9000,-0.0862,-15.4366,6.9550,0.000,31.89,42.0,3,2064
243926948,199.948,214.193,0.0000,0.6889,15.2940,-1.5507,0.000,31.89,42.0,3,2064
243927552,200.000,214.193,0.9000,-0.0847,15.4366,-8.2778,0.000,31.89,42.0,3,2064
243928867,200.000,214.127,0.0000,-1.2520,0.0000,4.1337,0.000,31.89,42.0,3,2064
243929609,199.948,214.127,-0.9000,-0.2129,-15.4366,7.0989,0.000,31.89,42.0,3,2064
243930899,199.948,214.193,0.0000,0.7393,15.2940,-1.7013,0.000,31.89,42.0,3,2064
243931579,200.000,214.193,0.9000,0.3548,15.4366,-10.0554,0.000,31.89,42.0,3,2064
243932582,200.000,214.127,0.0000,-1.1879,0.0000,4.7379,0.000,31.89,42.0,3,2064
243933895,199.948,214.127,-0.9000,0.0801,-15.4366,6.9967,0.000,31.89,42.0,3,2064
243934578,199.948,214.193,0.0000,0.7668,15.2940,-1.5200,0.000,31.89,42.0,3,2064
243935582,200.000,214.193,0.9000,0.2785,15.4366,-10.2323,0.000,31.89,42.0,3,2064
243936576,200.000,214.105,0.0000,-1.1498,0.0000,4.7764,0.000,31.89,42.0,3,2064
243937577,199.948,214.127,-0.9000,-0.1045,-15.4366,7.0000,0.000,31.89,42.0,3,2064
243938890,199.948,214.171,0.0000,0.8415,15.2940,-1.5584,0.000,31.89,42.0,3,2064
243939581,200.000,214.193,0.9000,0.5180,15.4366,-10.1993,0.000,31.89,42.0,3,2064
243940582,200.000,214.105,0.0000,-1.2139,0.0000,4.8005,0.000,31.89,42.0,3,2064
243941577,199.948,214.127,-0.9000,-0.2113,-15.4366,6.9913,0.000,31.89,42.0,3,2064
243942574,199.948,214.171,0.0000,1.0124,15.2940,-1.5914,0.000,31.89,42.0,3,2064
243943894,200.000,214.193,0.9000,0.2419,15.4366,-10.2290,0.000,31.89,42.0,3,2064
243944552,200.000,214.105,0.0000,-1.2352,0.0000,4.1512,0.000,31.89,42.0,3,2064
243945552,199.948,214.127,-0.9000,-0.1137,-15.4366,7.1440,0.000,31.89,42.0,3,2064
243946881,199.948,214.171,0.0000,0.8278,15.2940,-1.5606,0.000,31.89,42.0,3,2064
243947569,200.000,214.171,0.9000,0.3380,15.4366,-10.1817,0.000,31.89,42.0,3,2064
243948885,200.000,214.171,0.0000,0.0160,0.0000,-9.9444,0.000,31.89,42.0,3,2064
243949580,199.948,214.105,-0.9000,-0.0877,-15.4366,6.9451,0.000,31.89,42.0,3,2064
243950871,199.948,214.171,0.0000,0.9148,15.2940,-1.7782,0.000,31.89,42.0,3,2064
243951645,200.000,214.171,0.9000,0.3227,15.4366,-9.8972,0.000,31.89,42.0,3,2064
243952601,200.000,214.105,0.0000,-1.0643,0.0000,5.1851,0.000,31.89,42.0,3,2064
243953870,199.948,214.127,-0.9000,0.1900,-15.4366,6.7518,0.000,31.89,42.0,3,2064
243954548,199.948,214.193,0.0000,0.9743,15.2940,-1.3914,0.000,31.89,42.0,3,2064
243955552,200.000,214.193,0.9000,0.3258,15.4366,-10.3202,0.000,31.89,42.0,3,2064
243956611,200.000,214.127,0.0000,-1.1467,0.0000,4.7522,0.000,31.89,42.0,3,2064
243957578,199.948,214.149,-0.9000,0.1610,-15.4366,6.8122,0.000,31.89,42.0,3,2064
243958889,199.948,214.215,0.0000,1.0246,15.2940,-1.6046,0.000,31.89,42.0,3,2064
243959612,200.000,214.215,0.9000,0.4555,15.4366,-10.2092,0.000,31.89,42.0,3,2064
243960583,200.000,214.149,0.0000,-1.0597,0.0000,4.7390,0.000,31.89,42.0,3,2064
243961581,199.948,214.171,-0.9000,0.0298,-15.4366,6.8616,0.000,31.89,42.0,3,2064
243962579,199.948,214.215,0.0000,0.9483,15.2940,-1.4980,0.000,31.89,42.0,3,2064
243963895,200.000,214.237,0.9000,0.3807,15.4366,-10.2608,0.000,31.89,42.0,3,2064
243964612,200.000,214.149,0.0000,-1.2200,0.0000,4.7984,0.000,31.89,42.0,3,2064
243965610,199.948,214.193,-0.9000,0.0984,-15.4366,6.9045,0.000,31.89,42.0,3,2064
243966862,199.948,214.237,0.0000,0.9850,15.2940,-1.5431,0.000,31.89,42.0,3,2064
243967548,200.000,214.259,0.9000,0.5776,15.4366,-9.9675,0.000,31.89,42.0,3,2064
243968868,200.000,214.237,0.0000,0.3471,0.0000,-10.3421,0.000,31.89,42.0,3,2064
243969547,199.948,214.193,-0.9000,0.0374,-15.4366,6.7858,0.000,31.89,42.0,3,2064
243970935,199.948,214.259,0.0000,0.9712,15.2940,-1.5815,0.000,31.89,42.0,3,2064
243971581,200.000,214.281,0.9000,0.3090,15.4366,-10.5124,0.000,31.89,42.0,3,2064
243972611,200.000,214.193,0.0000,-1.2444,0.0000,4.8412,0.000,31.89,42.0,3,2064
243973898,199.948,214.215,-0.9000,0.0328,-15.4366,6.9264,0.000,31.89,42.0,3,2064
243974584,199.948,214.259,0.0000,0.9483,15.2940,-1.4837,0.000,31.89,42.0,3,2064
243975587,200.000,214.281,0.9000,0.4799,15.4366,-10.2268,0.000,31.89,42.0,3,2064
243976631,200.000,214.193,0.0000,-1.2505,0.0000,4.6995,0.000,31.89,42.0,3,2064
243977552,199.948,214.215,-0.9000,0.0633,-15.4366,6.9100,0.000,31.89,42.0,3,2064
243978865,199.948,214.281,0.0000,1.0048,15.2940,-1.2365,0.000,31.89,42.0,3,2064
243979613,200.000,214.303,0.9000,0.3548,15.4366,-10.2916,0.000,31.89,42.0,3,2064
243980583,200.000,214.215,0.0000,-1.2642,0.0000,5.2532,0.000,31.89,42.0,3,2064
243981577,199.948,214.237,-0.9000,0.1671,-15.4366,6.7627,0.000,31.89,42.0,3,2064
243982574,199.948,214.281,0.0000,0.9010,15.2940,-1.4980,0.000,31.89,42.0,3,2064
243983896,200.000,214.303,0.9000,0.3029,15.4366,-10.2433,0.000,31.89,42.0,3,2064
243984581,200.000,214.215,0.0000,-1.2184,0.0000,4.7236,0.000,31.89,42.0,3,2064
243985582,199.948,214.237,-0.9000,0.0343,-15.4366,6.9198,0.000,31.89,42.0,3,2064
243986886,199.948,214.303,0.0000,0.9392,15.2940,-1.4969,0.000,31.89,42.0,3,2064
243987578,200.000,214.303,0.9000,0.4280,15.4366,-10.2290,0.000,31.89,42.0,3,2064
243988895,200.000,214.303,0.0000,0.1305,0.0000,-10.4751,0.000,31.89,42.0,3,2064
243989579,199.948,214.259,-0.9000,0.0740,-15.4366,6.8946,0.000,31.89,42.0,3,2064
243990896,199.948,214.325,0.0000,0.9239,15.2940,-1.5057,0.000,31.89,42.0,3,2064
243991581,200.000,214.325,0.9000,0.3166,15.4366,-10.2301,0.000,31.89,42.0,3,2064
243992582,200.000,214.237,0.0000,-1.0887,0.0000,4.8060,0.000,31.89,42.0,3,2064
243993893,199.948,214.259,-0.9000,-0.0084,-15.4366,6.8913,0.000,31.89,42.0,3,2064
243994575,199.948,214.325,0.0000,0.9392,15.2940,-1.4947,0.000,31.89,42.0,3,2064
243995556,200.000,214.325,0.9000,0.3441,15.4366,-10.3125,0.000,31.89,42.0,3,2064
243996553,200.000,214.237,0.0000,-1.1879,0.0000,4.1743,0.000,31.89,42.0,3,2064
243997571,199.948,214.259,-0.9000,-0.0160,-15.4366,7.0846,0.000,31.89,42.0,3,2064
243998885,199.948,214.325,0.0000,0.7927,15.2940,-1.4749,0.000,31.89,42.0,3,2064
243999573,200.000,214.325,0.9000,0.3273,15.4366,-10.5333,0.000,31.89,42.0,3,2064
244000582,200.000,214.237,0.0000,-1.1818,0.0000,4.7929,0.000,31.89,42.0,3,2064
244001547,199.948,214.259,-0.9000,0.0114,-15.4366,6.7430,0.000,31.89,42.0,3,2064
244002659,199.948,214.325,0.0000,0.9834,15.2940,-1.3112,0.000,31.89,42.0,3,2064
244003874,200.000,214.325,0.9000,0.2693,15.4366,-10.5487,0.000,31.89,42.0,3,2064
244004548,200.000,214.237,0.0000,-1.3558,0.0000,4.1710,0.000,31.89,42.0,3,2064
244005552,199.948,214.237,-0.9000,-0.1213,-15.4366,7.1923,0.000,31.89,42.0,3,2064
244006860,199.948,214.303,0.0000,0.9667,15.2940,-1.4354,0.000,31.89,42.0,3,2064
244007610,200.000,214.303,0.9000,0.2342,15.4366,-10.2136,0.000,31.89,42.0,3,2064
244008895,200.000,214.303,0.0000,0.0816,0.0000,-10.4245,0.000,31.89,42.0,3,2064
244009581,199.948,214.237,-0.9000,-0.0160,-15.4366,6.8210,0.000,31.89,42.0,3,2064
244010926,199.948,214.303,0.0000,0.8446,15.2940,-1.4881,0.000,31.89,42.0,3,2064
244011584,200.000,214.303,0.9000,0.3426,15.4366,-10.2762,0.000,31.89,42.0,3,2064
244012586,200.000,214.237,0.0000,-1.0887,0.0000,4.7445,0.000,31.89,42.0,3,2064
244013898,199.948,214.237,-0.9000,-0.1045,-15.4366,6.9594,0.000,31.89,42.0,3,2064
244014580,199.948,214.303,0.0000,1.0140,15.2940,-1.5002,0.000,31.89,42.0,3,2064
244015621,200.000,214.303,0.9000,0.3532,15.4366,-10.2509,0.000,31.89,42.0,3,2064
244016598,200.000,214.237,0.0000,-1.2108,0.0000,4.8126,0.000,31.89,42.0,3,2064
244017547,199.948,214.237,-0.9000,0.0420,-15.4366,6.8891,0.000,31.89,42.0,3,2064
244018865,199.948,214.303,0.0000,0.9270,15.2940,-1.2816,0.000,31.89,42.0,3,2064
244019548,200.000,214.303,0.9000,0.2419,15.4366,-10.3323,0.000,31.89,42.0,3,2064
244020613,200.000,214.237,0.0000,-1.1894,0.0000,4.7874,0.000,31.89,42.0,3,2064
244021579,199.948,214.237,-0.9000,0.0359,-15.4366,6.7298,0.000,31.89,42.0,3,2064
244022604,199.948,214.303,0.0000,1.0613,15.2940,-1.4881,0.000,31.89,42.0,3,2064
244023899,200.000,214.303,0.9000,0.3716,15.4366,-10.2334,0.000,31.89,42.0,3,2064
244024583,200.000,214.237,0.0000,-1.2413,0.0000,4.7017,0.000,31.89,42.0,3,2064
244025586,199.948,214.259,-0.9000,0.0465,-15.4366,6.9012,0.000,31.89,42.0,3,2064
244026936,199.948,214.325,0.0000,0.8629,15.2940,-1.5002,0.000,31.89,42.0,3,2064
244027582,200.000,214.303,0.9000,-0.1259,15.4366,-8.2932,0.000,31.89,42.0,3,2064
244028870,200.000,214.237,0.0000,-1.1681,0.0000,4.6764,0.000,31.89,42.0,3,2064
244029841,199.948,214.325,-0.9000,0.8156,-15.4366,-1.4793,0.000,31.89,42.0,3,2064
244031242,199.948,214.325,0.0000,0.1793,15.2940,-10.5113,0.000,31.89,42.0,3,2064
244032222,200.000,214.237,0.9000,-1.2474,15.4366,4.8665,0.000,31.89,42.0,3,2064
244032890,200.000,214.237,0.0000,-0.1442,0.0000,7.1517,0.000,31.89,42.0,3,2064
244034223,199.948,214.303,-0.9000,0.8598,-15.4366,-1.6244,0.000,31.89,42.0,3,2064
244034899,199.948,214.303,0.0000,0.2281,15.2940,-10.2037,0.000,31.89,42.0,3,2064
244036222,200.000,214.215,0.9000,-1.2322,15.4366,4.8555,0.000,31.89,42.0,3,2064
244036901,200.000,214.237,0.0000,0.0069,0.0000,6.9308,0.000,31.89,42.0,3,2064
244037896,199.948,214.281,-0.9000,0.8690,-15.4366,-1.5035,0.000,31.89,42.0,3,2064
244039222,199.948,214.281,0.0000,0.2083,15.2940,-10.2103,0.000,31.89,42.0,3,2064
244040222,200.000,214.193,0.9000,-1.2581,15.4366,4.8181,0.000,31.89,42.0,3,2064
244040901,200.000,214.215,0.0000,-0.0237,0.0000,6.8649,0.000,31.89,42.0,3,2064
244042223,199.948,214.281,-0.9000,1.0063,-15.4366,-1.4914,0.000,31.89,42.0,3,2064
244042901,199.948,214.281,0.0000,0.3243,15.2940,-10.1356,0.000,31.89,42.0,3,2064
244044220,200.000,214.193,0.9000,-1.2932,15.4366,4.7720,0.000,31.89,42.0,3,2064
244044902,200.000,214.215,0.0000,-0.0191,0.0000,6.9440,0.000,31.89,42.0,3,2064
244046224,199.948,214.281,-0.9000,1.0002,-15.4366,-1.4727,0.000,31.89,42.0,3,2064
244047216,199.948,214.259,0.0000,0.2647,15.2940,-10.1839,0.000,31.89,42.0,3,2064
244047575,200.000,214.237,0.9000,-0.3044,15.4366,-7.1989,0.000,31.89,42.0,3,2064
244048892,200.000,214.193,0.0000,-1.2261,0.0000,4.7610,0.000,31.89,42.0,3,2064
244049577,199.948,214.193,-0.9000,-0.0664,-15.4366,6.8935,0.000,31.89,42.0,3,2064
244050896,199.948,214.259,0.0000,0.8873,15.2940,-1.4815,0.000,31.89,42.0,3,2064
244051578,200.000,214.259,0.9000,0.0877,15.4366,-10.2235,0.000,31.89,42.0,3,2064
244052581,200.000,214.193,0.0000,-1.1589,0.0000,4.7357,0.000,31.89,42.0,3,2064
244053897,199.948,214.193,-0.9000,0.1228,-15.4366,6.9264,0.000,31.89,42.0,3,2064
244054550,199.948,214.259,0.0000,0.8217,15.2940,-1.4431,0.000,31.89,42.0,3,2064
244055552,200.000,214.259,0.9000,0.3655,15.4366,-9.9038,0.000,31.89,42.0,3,2064
244056567,200.000,214.193,0.0000,-1.1498,0.0000,4.5841,0.000,31.89,42.0,3,2064
244057566,199.948,214.215,-0.9000,-0.0420,-15.4366,6.8715,0.000,31.89,42.0,3,2064
244058882,199.948,214.259,0.0000,1.0109,15.2940,-1.4716,0.000,31.89,42.0,3,2064
244059579,200.000,214.281,0.9000,0.3151,15.4366,-10.2575,0.000,31.89,42.0,3,2064
244060552,200.000,214.193,0.0000,-1.1849,0.0000,5.2598,0.000,31.89,42.0,3,2064
244061662,199.948,214.215,-0.9000,-0.0298,-15.4366,6.8539,0.000,31.89,42.0,3,2064
244062548,199.948,214.259,0.0000,0.9606,15.2940,-1.6452,0.000,31.89,42.0,3,2064
244063869,200.000,214.281,0.9000,0.2556,15.4366,-9.9422,0.000,31.89,42.0,3,2064
244064548,200.000,214.193,0.0000,-1.0552,0.0000,4.6753,0.000,31.89,42.0,3,2064
244065552,199.948,214.215,-0.9000,0.0359,-15.4366,6.8550,0.000,31.89,42.0,3,2064
244066925,199.948,214.281,0.0000,1.0216,15.2940,-1.5222,0.000,31.89,42.0,3,2064
244067581,200.000,214.281,0.9000,0.3227,15.4366,-10.5542,0.000,31.89,42.0,3,2064
244068920,200.000,214.281,0.0000,0.1167,0.0000,-10.6816,0.000,31.89,42.0,3,2064
244069570,199.948,214.215,-0.9000,0.0237,-15.4366,6.9473,0.000,31.89,42.0,3,2064
244070902,199.948,214.281,0.0000,0.9407,15.2940,-1.3145,0.000,31.89,42.0,3,2064
244071571,200.000,214.281,0.9000,0.2083,15.4366,-10.5476,0.000,31.89,42.0,3,2064
244072587,200.000,214.215,0.0000,-1.1543,0.0000,4.9225,0.000,31.89,42.0,3,2064
244073898,199.948,214.215,-0.9000,-0.0114,-15.4366,6.9572,0.000,31.89,42.0,3,2064
244074627,199.948,214.281,0.0000,0.9178,15.2940,-1.4969,0.000,31.89,42.0,3,2064
244075557,200.000,214.281,0.9000,0.2892,15.4366,-10.2411,0.000,31.89,42.0,3,2064
244076547,200.000,214.193,0.0000,-1.1833,0.0000,4.1216,0.000,31.89,42.0,3,2064
244077547,199.948,214.215,-0.9000,-0.0984,-15.4366,7.0693,0.000,31.89,42.0,3,2064
244078875,199.948,214.281,0.0000,0.7942,15.2940,-1.4057,0.000,31.89,42.0,3,2064
244080236,200.000,214.193,0.9000,-1.2352,15.4366,5.2873,0.000,31.89,42.0,3,2064
244080896,200.000,214.215,0.0000,0.1198,0.0000,6.7759,0.000,31.89,42.0,3,2064
244081896,199.948,214.259,-0.9000,0.8354,-15.4366,-1.5123,0.000,31.89,42.0,3,2064
244082899,199.948,214.281,0.0000,0.3197,15.2940,-10.2191,0.000,31.89,42.0,3,2064
244084236,200.000,214.193,0.9000,-1.2078,15.4366,4.7390,0.000,31.89,42.0,3,2064
244084896,200.000,214.215,0.0000,-0.0938,0.0000,6.9067,0.000,31.89,42.0,3,2064
244085899,199.948,214.259,-0.9000,0.8873,-15.4366,-1.4563,0.000,31.89,42.0,3,2064
244087227,199.948,214.259,0.0000,0.2693,15.2940,-10.5014,0.000,31.89,42.0,3,2064
244087565,200.000,214.237,0.9000,-0.3441,15.4366,-7.2945,0.000,31.89,42.0,3,2064
244088897,200.000,214.193,0.0000,-1.2184,0.0000,4.3589,0.000,31.89,42.0,3,2064
244089583,199.948,214.193,-0.9000,-0.0786,-15.4366,6.9737,0.000,31.89,42.0,3,2064
244090938,199.948,214.259,0.0000,0.8217,15.2940,-1.4793,0.000,31.89,42.0,3,2064
244091577,200.000,214.259,0.9000,0.2617,15.4366,-10.2290,0.000,31.89,42.0,3,2064
244092555,200.000,214.171,0.0000,-1.1147,0.0000,4.8489,0.000,31.89,42.0,3,2064
244093868,199.948,214.193,-0.9000,-0.0923,-15.4366,7.0000,0.000,31.89,42.0,3,2064
244094548,199.948,214.237,0.0000,0.9072,15.2940,-1.4387,0.000,31.89,42.0,3,2064
244095582,200.000,214.259,0.9000,0.2892,15.4366,-10.2520,0.000,31.89,42.0,3,2064
244096595,200.000,214.171,0.0000,-1.1772,0.0000,5.3685,0.000,31.89,42.0,3,2064
244097603,199.948,214.193,-0.9000,0.0404,-15.4366,6.7221,0.000,31.89,42.0,3,2064
244098896,199.948,214.237,0.0000,0.8370,15.2940,-1.5474,0.000,31.89,42.0,3,2064
244099581,200.000,214.259,0.9000,0.3181,15.4366,-10.2509,0.000,31.89,42.0,3,2064
244100583,200.000,214.171,0.0000,-1.2322,0.0000,4.7171,0.000,31.89,42.0,3,2064
244101582,199.948,214.193,-0.9000,-0.0618,-15.4366,6.9111,0.000,31.89,42.0,3,2064
244102631,199.948,214.237,0.0000,0.8080,15.2940,-1.5002,0.000,31.89,42.0,3,2064
244103872,200.000,214.259,0.9000,0.4204,15.4366,-10.2641,0.000,31.89,42.0,3,2064
244104839,200.000,214.171,0.0000,-0.0801,0.0000,7.0759,0.000,31.89,42.0,3,2064
244105914,199.948,214.237,-0.9000,0.9407,-15.4366,-1.6331,0.000,31.89,42.0,3,2064
244107218,199.948,214.237,0.0000,0.2129,15.2940,-10.1202,0.000,31.89,42.0,3,2064
244107575,200.000,214.215,0.9000,-0.3532,15.4366,-7.2011,0.000,31.89,42.0,3,2064
244108892,200.000,214.171,0.0000,-1.0933,0.0000,4.7357,0.000,31.89,42.0,3,2064
244109579,199.948,214.171,-0.9000,0.0679,-15.4366,6.9078,0.000,31.89,42.0,3,2064
244110897,199.948,214.237,0.0000,0.8324,15.2940,-1.4694,0.000,31.89,42.0,3,2064
244111578,200.000,214.237,0.9000,0.2617,15.4366,-10.2125,0.000,31.89,42.0,3,2064
244112581,200.000,214.171,0.0000,-1.1666,0.0000,4.8071,0.000,31.89,42.0,3,2064
244113891,199.948,214.171,-0.9000,0.0359,-15.4366,6.8935,0.000,31.89,42.0,3,2064
244114579,199.948,214.237,0.0000,0.8751,15.2940,-1.5156,0.000,31.89,42.0,3,2064
244115582,200.000,214.237,0.9000,0.2052,15.4366,-10.2202,0.000,31.89,42.0,3,2064
244116576,200.000,214.149,0.0000,-1.2154,0.0000,4.7379,0.000,31.89,42.0,3,2064
244117576,199.948,214.171,-0.9000,-0.0603,-15.4366,6.9297,0.000,31.89,42.0,3,2064
244118892,199.948,214.237,0.0000,0.9453,15.2940,-1.5200,0.000,31.89,42.0,3,2064
244119579,200.000,214.237,0.9000,0.2968,15.4366,-10.2279,0.000,31.89,42.0,3,2064
244120581,200.000,214.171,0.0000,-1.1635,0.0000,4.7599,0.000,31.89,42.0,3,2064
244121573,199.948,214.171,-0.9000,0.0679,-15.4366,6.8737,0.000,31.89,42.0,3,2064
244122550,199.948,214.237,0.0000,0.8995,15.2940,-1.4782,0.000,31.89,42.0,3,2064
244123885,200.000,214.237,0.9000,0.4082,15.4366,-10.2718,0.000,31.89,42.0,3,2064
244124574,200.000,214.171,0.0000,-1.1925,0.0000,4.7753,0.000,31.89,42.0,3,2064
244125575,199.948,214.171,-0.9000,0.1076,-15.4366,6.7715,0.000,31.89,42.0,3,2064
244126886,199.948,214.237,0.0000,0.9438,15.2940,-1.5518,0.000,31.89,42.0,3,2064
244127548,200.000,214.259,0.9000,0.4494,15.4366,-10.5168,0.000,31.89,42.0,3,2064
244128979,200.000,214.237,0.0000,0.2907,0.0000,-10.6509,0.000,31.89,42.0,3,2064
244129554,199.948,214.193,-0.9000,0.1274,-15.4366,6.8858,0.000,31.89,42.0,3,2064
244130866,199.948,214.237,0.0000,0.9407,15.2940,-1.1036,0.000,31.89,42.0,3,2064
244131549,200.000,214.259,0.9000,0.4829,15.4366,-10.3542,0.000,31.89,42.0,3,2064
244132552,200.000,214.171,0.0000,-1.0674,0.0000,4.6797,0.000,31.89,42.0,3,2064
244133925,199.948,214.193,-0.9000,0.0328,-15.4366,6.9528,0.000,31.89,42.0,3,2064
244134579,199.948,214.259,0.0000,0.9087,15.2940,-1.7254,0.000,31.89,42.0,3,2064
244135581,200.000,214.281,0.9000,0.4570,15.4366,-10.1246,0.000,31.89,42.0,3,2064
244136608,200.000,214.193,0.0000,-1.0933,0.0000,4.7291,0.000,31.89,42.0,3,2064
244137578,199.948,214.215,-0.9000,-0.0633,-15.4366,6.8968,0.000,31.89,42.0,3,2064
244138898,199.948,214.259,0.0000,0.9773,15.2940,-1.4991,0.000,31.89,42.0,3,2064
244139583,200.000,214.281,0.9000,0.4875,15.4366,-10.2191,0.000,31.89,42.0,3,2064
244140586,200.000,214.193,0.0000,-1.2200,0.0000,4.7863,0.000,31.89,42.0,3,2064
244141578,199.948,214.215,-0.9000,0.1335,-15.4366,6.8660,0.000,31.89,42.0,3,2064
244142631,199.948,214.281,0.0000,0.8446,15.2940,-1.5211,0.000,31.89,42.0,3,2064
244143870,200.000,214.303,0.9000,0.4326,15.4366,-10.2729,0.000,31.89,42.0,3,2064
244144548,200.000,214.215,0.0000,-1.2840,0.0000,4.1183,0.000,31.89,42.0,3,2064
244145552,199.948,214.215,-0.9000,-0.0999,-15.4366,7.0890,0.000,31.89,42.0,3,2064
244146862,199.948,214.281,0.0000,1.0567,15.2940,-1.5035,0.000,31.89,42.0,3,2064
244147605,200.000,214.259,0.9000,-0.1366,15.4366,-8.2635,0.000,31.89,42.0,3,2064
244148895,200.000,214.215,0.0000,-1.2123,0.0000,5.2960,0.000,31.89,42.0,3,2064
244149611,199.948,214.237,-0.9000,0.1350,-15.4366,6.6979,0.000,31.89,42.0,3,2064
244150899,199.948,214.303,0.0000,0.9789,15.2940,-1.5277,0.000,31.89,42.0,3,2064
244151585,200.000,214.303,0.9000,0.2174,15.4366,-10.2477,0.000,31.89,42.0,3,2064
244152584,200.000,214.215,0.0000,-1.1299,0.0000,4.7017,0.000,31.89,42.0,3,2064
244153901,199.948,214.237,-0.9000,0.0481,-15.4366,6.9100,0.000,31.89,42.0,3,2064
244154614,199.948,214.303,0.0000,0.9789,15.2940,-1.4749,0.000,31.89,42.0,3,2064
244155596,200.000,214.303,0.9000,0.3883,15.4366,-10.2619,0.000,31.89,42.0,3,2064
244156551,200.000,214.215,0.0000,-1.2978,0.0000,4.7390,0.000,31.89,42.0,3,2064
244157601,199.948,214.237,-0.9000,0.0145,-15.4366,7.0770,0.000,31.89,42.0,3,2064
244158896,199.948,214.303,0.0000,0.7729,15.2940,-1.6837,0.000,31.89,42.0,3,2064
244159575,200.000,214.303,0.9000,0.2205,15.4366,-10.1554,0.000,31.89,42.0,3,2064
244160580,200.000,214.215,0.0000,-1.2505,0.0000,4.7753,0.000,31.89,42.0,3,2064
244161575,199.948,214.237,-0.9000,0.0023,-15.4366,6.9034,0.000,31.89,42.0,3,2064
244162574,199.948,214.281,0.0000,0.8690,15.2940,-1.5101,0.000,31.89,42.0,3,2064
244163893,200.000,214.303,0.9000,0.2235,15.4366,-10.2037,0.000,31.89,42.0,3,2064
244164577,200.000,214.215,0.0000,-1.2062,0.0000,4.7522,0.000,31.89,42.0,3,2064
244165580,199.948,214.237,-0.9000,-0.0465,-15.4366,6.8737,0.000,31.89,42.0,3,2064
244166887,199.948,214.281,0.0000,0.8110,15.2940,-1.5002,0.000,31.89,42.0,3,2064
244167576,200.000,214.303,0.9000,0.2617,15.4366,-10.2444,0.000,31.89,42.0,3,2064
244168894,200.000,214.303,0.0000,0.1198,0.0000,-10.4740,0.000,31.89,42.0,3,2064
244169575,199.948,214.237,-0.9000,0.0282,-15.4366,6.9001,0.000,31.89,42.0,3,2064
244170898,199.948,214.281,0.0000,0.8217,15.2940,-1.5079,0.000,31.89,42.0,3,2064
244171578,200.000,214.281,0.9000,0.1915,15.4366,-10.2400,0.000,31.89,42.0,3,2064
244172568,200.000,214.215,0.0000,-1.1315,0.0000,4.7203,0.000,31.89,42.0,3,2064
244173871,199.948,214.237,-0.9000,-0.0771,-15.4366,7.0561,0.000,31.89,42.0,3,2064
244174891,199.948,214.281,0.0000,0.3166,15.2940,-10.4081,0.000,31.89,42.0,3,2064
244176214,200.000,214.215,0.9000,-1.2367,15.4366,5.2840,0.000,31.89,42.0,3,2064
244176901,200.000,214.215,0.0000,0.0923,0.0000,6.7539,0.000,31.89,42.0,3,2064
244177890,199.948,214.281,-0.9000,0.7362,-15.4366,-1.5233,0.000,31.89,42.0,3,2064
244179222,199.948,214.281,0.0000,0.1946,15.2940,-10.2301,0.000,31.89,42.0,3,2064
244180220,200.000,214.215,0.9000,-1.1727,15.4366,4.7500,0.000,31.89,42.0,3,2064
244180885,200.000,214.215,0.0000,0.0420,0.0000,6.8528,0.000,31.89,42.0,3,2064
244181836,199.948,214.281,-0.9000,0.9514,-15.4366,-1.2431,0.000,31.89,42.0,3,2064
244182979,199.948,214.281,0.0000,0.2861,15.2940,-10.5498,0.000,31.89,42.0,3,2064
244184219,200.000,214.193,0.9000,-1.2856,15.4366,4.9016,0.000,31.89,42.0,3,2064
244184879,200.000,214.215,0.0000,-0.1335,0.0000,7.1626,0.000,31.89,42.0,3,2064
244185836,199.948,214.281,-0.9000,0.8949,-15.4366,-1.4596,0.000,31.89,42.0,3,2064
244187160,199.948,214.281,0.0000,0.3014,15.2940,-10.2279,0.000,31.89,42.0,3,2064
244187548,200.000,214.259,0.9000,-0.2541,15.4366,-7.2802,0.000,31.89,42.0,3,2064
244188863,200.000,214.193,0.0000,-1.3588,0.0000,4.8005,0.000,31.89,42.0,3,2064
244189597,199.948,214.215,-0.9000,-0.0465,-15.4366,6.9330,0.000,31.89,42.0,3,2064
244190903,199.948,214.259,0.0000,0.7988,15.2940,-1.6760,0.000,31.89,42.0,3,2064
244191578,200.000,214.259,0.9000,0.2663,15.4366,-10.1828,0.000,31.89,42.0,3,2064
244192612,200.000,214.193,0.0000,-1.2306,0.0000,4.8049,0.000,31.89,42.0,3,2064
244193899,199.948,214.193,-0.9000,-0.1076,-15.4366,6.9056,0.000,31.89,42.0,3,2064
244194581,199.948,214.259,0.0000,0.9224,15.2940,-1.5013,0.000,31.89,42.0,3,2064
244195583,200.000,214.259,0.9000,0.2770,15.4366,-10.2081,0.000,31.89,42.0,3,2064
244196579,200.000,214.171,0.0000,-1.2337,0.0000,4.7511,0.000,31.89,42.0,3,2064
244197620,199.948,214.193,-0.9000,-0.0710,-15.4366,6.9352,0.000,31.89,42.0,3,2064
244198901,199.948,214.259,0.0000,0.9758,15.2940,-1.4826,0.000,31.89,42.0,3,2064
244199553,200.000,214.259,0.9000,0.3731,15.4366,-10.1609,0.000,31.89,42.0,3,2064
244200552,200.000,214.171,0.0000,-1.3161,0.0000,4.1447,0.000,31.89,42.0,3,2064
244201547,199.948,214.171,-0.9000,-0.1396,-15.4366,7.1297,0.000,31.89,42.0,3,2064
244202601,199.948,214.237,0.0000,0.8705,15.2940,-1.4870,0.000,31.89,42.0,3,2064
244203901,200.000,214.237,0.9000,0.2266,15.4366,-10.4267,0.000,31.89,42.0,3,2064
244204579,200.000,214.149,0.0000,-1.2764,0.0000,4.8961,0.000,31.89,42.0,3,2064
244205610,199.948,214.171,-0.9000,-0.0938,-15.4366,6.9792,0.000,31.89,42.0,3,2064
244206895,199.948,214.215,0.0000,0.8476,15.2940,-1.4760,0.000,31.89,42.0,3,2064
244207582,200.000,214.215,0.9000,0.2327,15.4366,-10.1224,0.000,31.89,42.0,3,2064
244208899,200.000,214.193,0.0000,-0.0557,0.0000,-10.3663,0.000,31.89,42.0,3,2064
244209584,199.948,214.149,-0.9000,-0.0465,-15.4366,6.9385,0.000,31.89,42.0,3,2064
244210955,199.948,214.193,0.0000,0.8217,15.2940,-1.5035,0.000,31.89,42.0,3,2064
244211554,200.000,214.215,0.9000,0.3014,15.4366,-10.1235,0.000,31.89,42.0,3,2064
244212552,200.000,214.127,0.0000,-1.1513,0.0000,4.2194,0.000,31.89,42.0,3,2064
244213924,199.948,214.149,-0.9000,-0.0542,-15.4366,7.1110,0.000,31.89,42.0,3,2064
244214579,199.948,214.193,0.0000,0.8217,15.2940,-1.7144,0.000,31.89,42.0,3,2064
244215581,200.000,214.193,0.9000,0.1488,15.4366,-10.0938,0.000,31.89,42.0,3,2064
244216576,200.000,214.127,0.0000,-1.2093,0.0000,4.8082,0.000,31.89,42.0,3,2064
244217575,199.948,214.127,-0.9000,-0.0938,-15.4366,6.9275,0.000,31.89,42.0,3,2064
244218892,199.948,214.193,0.0000,0.8919,15.2940,-1.5123,0.000,31.89,42.0,3,2064
244219579,200.000,214.193,0.9000,0.2693,15.4366,-10.2202,0.000,31.89,42.0,3,2064
244220581,200.000,214.105,0.0000,-1.2718,0.0000,4.8016,0.000,31.89,42.0,3,2064
244221576,199.948,214.127,-0.9000,-0.0618,-15.4366,6.9660,0.000,31.89,42.0,3,2064
244222575,199.948,214.171,0.0000,0.8858,15.2940,-1.5496,0.000,31.89,42.0,3,2064
244223894,200.000,214.171,0.9000,0.2480,15.4366,-10.2608,0.000,31.89,42.0,3,2064
244224579,200.000,214.105,0.0000,-1.2947,0.0000,4.7577,0.000,31.89,42.0,3,2064
244225581,199.948,214.105,-0.9000,0.0267,-15.4366,7.0209,0.000,31.89,42.0,3,2064
244226887,199.948,214.171,0.0000,0.8309,15.2940,-1.6013,0.000,31.89,42.0,3,2064
244227577,200.000,214.193,0.9000,0.2815,15.4366,-10.1894,0.000,31.89,42.0,3,2064
244228893,200.000,214.171,0.0000,0.1427,0.0000,-10.4388,0.000,31.89,42.0,3,2064
244229552,199.948,214.105,-0.9000,-0.0420,-15.4366,6.9902,0.000,31.89,42.0,3,2064
244230865,199.948,214.171,0.0000,0.8629,15.2940,-1.3277,0.000,31.89,42.0,3,2064
244231575,200.000,214.193,0.9000,0.4356,15.4366,-10.2839,0.000,31.89,42.0,3,2064
244232575,200.000,214.105,0.0000,-1.2108,0.0000,5.2455,0.000,31.89,42.0,3,2064
244233885,199.948,214.127,-0.9000,0.0511,-15.4366,6.8979,0.000,31.89,42.0,3,2064
244234579,199.948,214.171,0.0000,0.9514,15.2940,-1.6189,0.000,31.89,42.0,3,2064
244235554,200.000,214.193,0.9000,0.4265,15.4366,-10.1927,0.000,31.89,42.0,3,2064
244236661,200.000,214.127,0.0000,-1.0491,0.0000,4.1765,0.000,31.89,42.0,3,2064
244237549,199.948,214.127,-0.9000,0.1457,-15.4366,6.7902,0.000,31.89,42.0,3,2064
244238868,199.948,214.193,0.0000,0.9056,15.2940,-1.1080,0.000,31.89,42.0,3,2064
244239548,200.000,214.215,0.9000,0.4799,15.4366,-10.3674,0.000,31.89,42.0,3,2064
244240552,200.000,214.127,0.0000,-1.1040,0.0000,4.7654,0.000,31.89,42.0,3,2064
244241612,199.948,214.149,-0.9000,0.1381,-15.4366,6.9253,0.000,31.89,42.0,3,2064
244242576,199.948,214.215,0.0000,0.9529,15.2940,-1.7177,0.000,31.89,42.0,3,2064
244243924,200.000,214.237,0.9000,0.3670,15.4366,-10.1916,0.000,31.89,42.0,3,2064
244244582,200.000,214.149,0.0000,-1.0658,0.0000,4.7819,0.000,31.89,42.0,3,2064
244245585,199.948,214.171,-0.9000,0.0099,-15.4366,6.8462,0.000,31.89,42.0,3,2064
244246893,199.948,214.237,0.0000,1.0811,15.2940,-1.5496,0.000,31.89,42.0,3,2064
244247581,200.000,214.237,0.9000,0.3181,15.4366,-10.1850,0.000,31.89,42.0,3,2064
244248897,200.000,214.237,0.0000,0.1198,0.0000,-10.3960,0.000,31.89,42.0,3,2064
244249570,199.948,214.193,-0.9000,0.1106,-15.4366,6.8166,0.000,31.89,42.0,3,2064
244250949,199.948,214.259,0.0000,0.9102,15.2940,-1.4969,0.000,31.89,42.0,3,2064
244252188,200.000,214.171,0.9000,-1.1543,15.4366,4.1051,0.000,30.59,42.0,3,2064
244252881,200.000,214.193,0.0000,0.0786,0.0000,6.9396,0.000,30.59,42.0,3,2064
244254156,199.948,214.259,-0.9000,0.9377,-15.4366,-1.3123,0.000,30.59,42.0,3,2064
244254875,199.948,214.259,0.0000,0.3731,15.2940,-10.3333,0.000,30.59,42.0,3,2064
244256156,200.000,214.193,0.9000,-1.1498,15.4366,4.7324,0.000,30.59,42.0,3,2064
244256880,200.000,214.215,0.0000,0.2052,0.0000,6.7671,0.000,30.59,42.0,3,2064
244258212,199.948,214.281,-0.9000,1.0414,-15.4366,-1.5288,0.000,30.59,42.0,3,2064
244259228,199.948,214.281,0.0000,0.3471,15.2940,-10.2466,0.000,30.59,42.0,3,2064
244259893,200.000,214.215,0.9000,-0.8858,15.4366,4.7841,0.000,30.59,42.0,3,2064
244260893,200.000,214.215,0.0000,-0.0542,0.0000,6.8957,0.000,30.59,42.0,3,2064
244262220,199.948,214.281,-0.9000,1.0231,-15.4366,-1.4936,0.000,30.59,42.0,3,2064
244262893,199.948,214.303,0.0000,0.3548,15.2940,-10.3004,0.000,30.59,42.0,3,2064
244264232,200.000,214.215,0.9000,-1.0994,15.4366,4.8401,0.000,30.59,42.0,3,2064
244264892,200.000,214.237,0.0000,-0.0114,0.0000,6.8407,0.000,30.59,42.0,3,2064
244265898,199.948,214.303,-0.9000,0.9682,-15.4366,-1.4892,0.000,30.59,42.0,3,2064
244267221,199.948,214.303,0.0000,0.2617,15.2940,-10.2641,0.000,30.59,42.0,3,2064
244267566,200.000,214.281,0.9000,-0.1411,15.4366,-7.2428,0.000,30.59,42.0,3,2064
244268897,200.000,214.237,0.0000,-1.1604,0.0000,4.7192,0.000,30.59,42.0,3,2064
244269585,199.948,214.237,-0.9000,0.0313,-15.4366,6.9100,0.000,30.59,42.0,3,2064
244270946,199.948,214.303,0.0000,0.8827,15.2940,-1.5266,0.000,30.59,42.0,3,2064
244272215,200.000,214.237,0.9000,-1.2276,15.4366,4.0952,0.000,30.59,42.0,3,2064
244272882,200.000,214.259,0.0000,-0.0603,0.0000,6.9187,0.000,30.59,42.0,3,2064
244274148,199.948,214.303,-0.9000,0.8568,-15.4366,-1.3145,0.000,30.59,42.0,3,2064
244274875,199.948,214.325,0.0000,0.3014,15.2940,-10.6311,0.000,30.59,42.0,3,2064
244276157,200.000,214.237,0.9000,-1.1254,15.4366,4.7445,0.000,30.59,42.0,3,2064
244276879,200.000,214.259,0.0000,0.0755,0.0000,6.7814,0.000,30.59,42.0,3,2064
244277837,199.948,214.325,-0.9000,0.9758,-15.4366,-1.3321,0.000,30.59,42.0,3,2064
244279237,199.948,214.347,0.0000,0.3746,15.2940,-10.5926,0.000,30.59,42.0,3,2064
244280210,200.000,214.259,0.9000,-1.2566,15.4366,4.8269,0.000,30.59,42.0,3,2064
244280892,200.000,214.259,0.0000,0.0038,0.0000,6.9550,0.000,30.59,42.0,3,2064
244282218,199.948,214.325,-0.9000,1.0079,-15.4366,-1.5090,0.000,30.59,42.0,3,2064
244282894,199.948,214.325,0.0000,0.2342,15.2940,-10.2564,0.000,30.59,42.0,3,2064
244284230,200.000,214.259,0.9000,-1.2428,15.4366,4.7313,0.000,30.59,42.0,3,2064
244284890,200.000,214.281,0.0000,0.0816,0.0000,6.9638,0.000,30.59,42.0,3,2064
244285896,199.948,214.325,-0.9000,0.9194,-15.4366,-1.4958,0.000,30.59,42.0,3,2064
244287218,199.948,214.347,0.0000,0.3151,15.2940,-10.2960,0.000,30.59,42.0,3,2064
244287577,200.000,214.325,0.9000,-0.2434,15.4366,-7.2901,0.000,30.59,42.0,3,2064
244288896,200.000,214.259,0.0000,-1.2718,0.0000,4.7994,0.000,30.59,42.0,3,2064
244289571,199.948,214.281,-0.9000,0.1595,-15.4366,6.9506,0.000,30.59,42.0,3,2064
244290953,199.948,214.347,0.0000,0.9682,15.2940,-1.5255,0.000,30.59,42.0,3,2064
244291552,200.000,214.347,0.9000,0.2663,15.4366,-10.2663,0.000,30.59,42.0,3,2064
244292574,200.000,214.259,0.0000,-1.1604,0.0000,4.1512,0.000,30.59,42.0,3,2064
244293924,199.948,214.281,-0.9000,-0.0359,-15.4366,6.9330,0.000,30.59,42.0,3,2064
244294577,199.948,214.325,0.0000,0.8278,15.2940,-1.5354,0.000,30.59,42.0,3,2064
244295581,200.000,214.347,0.9000,0.4189,15.4366,-10.2509,0.000,30.59,42.0,3,2064
244296575,200.000,214.259,0.0000,-1.2169,0.0000,4.6599,0.000,30.59,42.0,3,2064
244297577,199.948,214.281,-0.9000,-0.0389,-15.4366,6.9781,0.000,30.59,42.0,3,2064
244298891,199.948,214.347,0.0000,0.9483,15.2940,-1.5189,0.000,30.59,42.0,3,2064
244299578,200.000,214.347,0.9000,0.4204,15.4366,-10.2455,0.000,30.59,42.0,3,2064
244300582,200.000,214.259,0.0000,-1.2917,0.0000,4.7412,0.000,30.59,42.0,3,2064
244301573,199.948,214.281,-0.9000,-0.0603,-15.4366,6.9506,0.000,30.59,42.0,3,2064
244302574,199.948,214.325,0.0000,1.0094,15.2940,-1.4694,0.000,30.59,42.0,3,2064
244303894,200.000,214.347,0.9000,0.2785,15.4366,-10.2619,0.000,30.59,42.0,3,2064
244304579,200.000,214.259,0.0000,-1.2062,0.0000,4.6852,0.000,30.59,42.0,3,2064
244305583,199.948,214.281,-0.9000,-0.0847,-15.4366,6.9539,0.000,30.59,42.0,3,2064
244306888,199.948,214.347,0.0000,0.9331,15.2940,-1.4771,0.000,30.59,42.0,3,2064
244307555,200.000,214.347,0.9000,0.4021,15.4366,-10.2729,0.000,30.59,42.0,3,2064
244308864,200.000,214.325,0.0000,0.2052,0.0000,-10.5003,0.000,30.59,42.0,3,2064
244309572,199.948,214.281,-0.9000,-0.0053,-15.4366,6.9319,0.000,30.59,42.0,3,2064
244310890,199.948,214.325,0.0000,0.9483,15.2940,-1.6760,0.000,30.59,42.0,3,2064
244311574,200.000,214.325,0.9000,0.1808,15.4366,-10.2268,0.000,30.59,42.0,3,2064
244312575,200.000,214.259,0.0000,-1.2062,0.0000,4.8203,0.000,30.59,42.0,3,2064
244313889,199.948,214.259,-0.9000,-0.0725,-15.4366,6.9440,0.000,30.59,42.0,3,2064
244314550,199.948,214.325,0.0000,0.8965,15.2940,-1.4782,0.000,30.59,42.0,3,2064
244315665,200.000,214.325,0.9000,0.2861,15.4366,-10.2883,0.000,30.59,42.0,3,2064
244316551,200.000,214.237,0.0000,-1.2428,0.0000,5.3224,0.000,30.59,42.0,3,2064
244317547,199.948,214.259,-0.9000,0.0175,-15.4366,6.8825,0.000,30.59,42.0,3,2064
244318926,199.948,214.303,0.0000,0.7851,15.2940,-1.2508,0.000,30.59,42.0,3,2064
244319582,200.000,214.325,0.9000,0.2602,15.4366,-10.5959,0.000,30.59,42.0,3,2064
244320652,200.000,214.237,0.0000,-1.3222,0.0000,4.8917,0.000,30.59,42.0,3,2064
244321580,199.948,214.259,-0.9000,0.0908,-15.4366,6.8309,0.000,30.59,42.0,3,2064
244322574,199.948,214.303,0.0000,0.7378,15.2940,-1.2981,0.000,30.59,42.0,3,2064
244323893,200.000,214.303,0.9000,0.3639,15.4366,-10.2542,0.000,30.59,42.0,3,2064
244324580,200.000,214.215,0.0000,-1.2718,0.0000,4.6467,0.000,30.59,42.0,3,2064
244325613,199.948,214.237,-0.9000,0.0267,-15.4366,6.9737,0.000,30.59,42.0,3,2064
244326888,199.948,214.303,0.0000,0.8309,15.2940,-1.5024,0.000,30.59,42.0,3,2064
244327578,200.000,214.303,0.9000,0.3212,15.4366,-10.2224,0.000,30.59,42.0,3,2064
244328891,200.000,214.303,0.0000,0.1183,0.0000,-10.4487,0.000,30.59,42.0,3,2064
244329582,199.948,214.237,-0.9000,-0.1289,-15.4366,6.9583,0.000,30.59,42.0,3,2064
244330942,199.948,214.281,0.0000,0.7500,15.2940,-1.5068,0.000,30.59,42.0,3,2064
244332188,200.000,214.215,0.9000,-1.2016,15.4366,4.7687,0.000,30.59,42.0,3,2064
244332880,200.000,214.237,0.0000,0.0481,0.0000,6.9253,0.000,30.59,42.0,3,2064
244334154,199.948,214.303,-0.9000,0.9941,-15.4366,-1.2662,0.000,30.59,42.0,3,2064
244334875,199.948,214.303,0.0000,0.2831,15.2940,-10.5223,0.000,30.59,42.0,3,2064
244336156,200.000,214.215,0.9000,-1.2123,15.4366,4.3149,0.000,30.59,42.0,3,2064
244336880,200.000,214.237,0.0000,-0.0084,0.0000,6.9891,0.000,30.59,42.0,3,2064
244337834,199.948,214.281,-0.9000,0.9117,-15.4366,-1.2530,0.000,30.59,42.0,3,2064
244339229,199.948,214.303,0.0000,0.2922,15.2940,-10.5322,0.000,30.59,42.0,3,2064
244340218,200.000,214.193,0.9000,-1.4382,15.4366,4.8906,0.000,30.59,42.0,3,2064
244340891,200.000,214.215,0.0000,-0.0282,0.0000,6.9176,0.000,30.59,42.0,3,2064
244341891,199.948,214.281,-0.9000,0.8888,-15.4366,-1.4804,0.000,30.59,42.0,3,2064
244342894,199.948,214.281,0.0000,0.2586,15.2940,-10.2301,0.000,30.59,42.0,3,2064
244344227,200.000,214.215,0.9000,-1.1742,15.4366,4.7819,0.000,30.59,42.0,3,2064
244344890,200.000,214.215,0.0000,-0.1152,0.0000,6.8583,0.000,30.59,42.0,3,2064
244345900,199.948,214.259,-0.9000,0.8812,-15.4366,-1.4859,0.000,30.59,42.0,3,2064
244347216,199.948,214.281,0.0000,0.2678,15.2940,-10.2202,0.000,30.59,42.0,3,2064
244347566,200.000,214.259,0.9000,-0.2831,15.4366,-7.2242,0.000,30.59,42.0,3,2064
244348898,200.000,214.193,0.0000,-1.2978,0.0000,4.7522,0.000,30.59,42.0,3,2064
244349581,199.948,214.215,-0.9000,-0.0038,-15.4366,6.9067,0.000,30.59,42.0,3,2064
244350950,199.948,214.259,0.0000,0.8415,15.2940,-1.4585,0.000,30.59,42.0,3,2064
244352190,200.000,214.193,0.9000,-1.1833,15.4366,4.7665,0.000,30.59,42.0,3,2064
244352880,200.000,214.215,0.0000,-0.0481,0.0000,6.9407,0.000,30.59,42.0,3,2064
244354154,199.948,214.259,-0.9000,0.8980,-15.4366,-1.2409,0.000,30.59,42.0,3,2064
244354878,199.948,214.259,0.0000,0.3197,15.2940,-10.5564,0.000,30.59,42.0,3,2064
244356155,200.000,214.193,0.9000,-1.3878,15.4366,4.2435,0.000,30.59,42.0,3,2064
244356882,200.000,214.193,0.0000,-0.0008,0.0000,7.0352,0.000,30.59,42.0,3,2064
244357834,199.948,214.237,-0.9000,0.8095,-15.4366,-1.2596,0.000,30.59,42.0,3,2064
244359228,199.948,214.259,0.0000,0.2388,15.2940,-10.5036,0.000,30.59,42.0,3,2064
244360213,200.000,214.171,0.9000,-1.3909,15.4366,4.8709,0.000,30.59,42.0,3,2064
244360885,200.000,214.171,0.0000,-0.0557,0.0000,7.0154,0.000,30.59,42.0,3,2064
244361890,199.948,214.237,-0.9000,0.8278,-15.4366,-1.5002,0.000,30.59,42.0,3,2064
244362889,199.948,214.237,0.0000,0.3075,15.2940,-10.1751,0.000,30.59,42.0,3,2064
244364230,200.000,214.171,0.9000,-1.1482,15.4366,4.8379,0.000,30.59,42.0,3,2064
244364888,200.000,214.171,0.0000,-0.0954,0.0000,6.8726,0.000,30.59,42.0,3,2064
244365898,199.948,214.215,-0.9000,0.9651,-15.4366,-1.4683,0.000,30.59,42.0,3,2064
244367219,199.948,214.237,0.0000,0.2144,15.2940,-10.2323,0.000,30.59,42.0,3,2064
244367568,200.000,214.215,0.9000,-0.2342,15.4366,-7.2154,0.000,30.59,42.0,3,2064
244368897,200.000,214.149,0.0000,-1.2428,0.0000,4.8049,0.000,30.59,42.0,3,2064
244369586,199.948,214.171,-0.9000,-0.0771,-15.4366,6.9100,0.000,30.59,42.0,3,2064
244370945,199.948,214.237,0.0000,0.9667,15.2940,-1.4629,0.000,30.59,42.0,3,2064
244372193,200.000,214.149,0.9000,-1.1803,15.4366,4.7885,0.000,30.59,42.0,3,2064
244372878,200.000,214.171,0.0000,-0.0603,0.0000,6.9165,0.000,30.59,42.0,3,2064
244374157,199.948,214.215,-0.9000,0.8614,-15.4366,-1.2937,0.000,30.59,42.0,3,2064
244374877,199.948,214.215,0.0000,0.2052,15.2940,-10.4509,0.000,30.59,42.0,3,2064
244376157,200.000,214.149,0.9000,-1.1711,15.4366,4.2567,0.000,30.59,42.0,3,2064
244376880,200.000,214.149,0.0000,-0.0771,0.0000,7.0297,0.000,30.59,42.0,3,2064
244377836,199.948,214.215,-0.9000,0.7866,-15.4366,-1.3200,0.000,30.59,42.0,3,2064
244379228,199.948,214.215,0.0000,0.1778,15.2940,-10.4575,0.000,30.59,42.0,3,2064
244380212,200.000,214.127,0.9000,-1.3237,15.4366,4.8720,0.000,30.59,42.0,3,2064
244380886,200.000,214.127,0.0000,-0.1060,0.0000,7.0407,0.000,30.59,42.0,3,2064
244381892,199.948,214.193,-0.9000,0.7759,-15.4366,-1.5420,0.000,30.59,42.0,3,2064
244382906,199.948,214.193,0.0000,0.2296,15.2940,-10.1224,0.000,30.59,42.0,3,2064
244384218,200.000,214.127,0.9000,-1.0643,15.4366,4.7852,0.000,30.59,42.0,3,2064
244384897,200.000,214.127,0.0000,-0.0954,0.0000,6.9967,0.000,30.59,42.0,3,2064
244385892,199.948,214.171,-0.9000,0.8827,-15.4366,-1.5518,0.000,30.59,42.0,3,2064
244387216,199.948,214.193,0.0000,0.2602,15.2940,-10.1861,0.000,30.59,42.0,3,2064
244387567,200.000,214.149,0.9000,-0.2586,15.4366,-7.2758,0.000,30.59,42.0,3,2064
244388902,200.000,214.105,0.0000,-1.0735,0.0000,4.8709,0.000,30.59,42.0,3,2064
244389633,199.948,214.127,-0.9000,-0.0282,-15.4366,6.9627,0.000,30.59,42.0,3,2064
244390872,199.948,214.193,0.0000,0.9224,15.2940,-1.5694,0.000,30.59,42.0,3,2064
244391548,200.000,214.193,0.9000,0.3716,15.4366,-10.2114,0.000,30.59,42.0,3,2064
244392614,200.000,214.105,0.0000,-1.1696,0.0000,4.2084,0.000,30.59,42.0,3,2064
244393893,199.948,214.127,-0.9000,-0.0832,-15.4366,6.9902,0.000,30.59,42.0,3,2064
244394576,199.948,214.171,0.0000,0.7790,15.2940,-1.5760,0.000,30.59,42.0,3,2064
244395581,200.000,214.193,0.9000,0.3700,15.4366,-10.1861,0.000,30.59,42.0,3,2064
244396575,200.000,214.105,0.0000,-1.1986,0.0000,4.7269,0.000,30.59,42.0,3,2064
244397576,199.948,214.127,-0.9000,-0.0710,-15.4366,6.9682,0.000,30.59,42.0,3,2064
244398890,199.948,214.171,0.0000,0.9667,15.2940,-1.5463,0.000,30.59,42.0,3,2064
244399581,200.000,214.193,0.9000,0.3914,15.4366,-10.1938,0.000,30.59,42.0,3,2064
244400581,200.000,214.105,0.0000,-1.2215,0.0000,4.7039,0.000,30.59,42.0,3,2064
244401576,199.948,214.127,-0.9000,0.0175,-15.4366,6.9880,0.000,30.59,42.0,3,2064
244402573,199.948,214.171,0.0000,0.7927,15.2940,-1.5694,0.000,30.59,42.0,3,2064
244403891,200.000,214.193,0.9000,0.3258,15.4366,-10.1806,0.000,30.59,42.0,3,2064
244404581,200.000,214.105,0.0000,-1.0430,0.0000,4.7291,0.000,30.59,42.0,3,2064
244405581,199.948,214.127,-0.9000,0.1610,-15.4366,6.9814,0.000,30.59,42.0,3,2064
244406882,199.948,214.193,0.0000,0.9514,15.2940,-1.5584,0.000,30.59,42.0,3,2064
244407554,200.000,214.193,0.9000,0.3777,15.4366,-10.1982,0.000,30.59,42.0,3,2064
244408870,200.000,214.193,0.0000,0.1427,0.0000,-10.4476,0.000,30.59,42.0,3,2064
244409574,199.948,214.127,-0.9000,-0.0359,-15.4366,6.9440,0.000,30.59,42.0,3,2064
244410888,199.948,214.193,0.0000,0.9514,15.2940,-1.5969,0.000,30.59,42.0,3,2064
244411574,200.000,214.193,0.9000,0.2693,15.4366,-10.2180,0.000,30.59,42.0,3,2064
244412582,200.000,214.127,0.0000,-1.1849,0.0000,4.8533,0.000,30.59,42.0,3,2064
244413868,199.948,214.149,-0.9000,0.0420,-15.4366,6.9198,0.000,30.59,42.0,3,2064
244414645,199.948,214.193,0.0000,0.8888,15.2940,-1.3123,0.000,30.59,42.0,3,2064
244415603,200.000,214.193,0.9000,0.2907,15.4366,-10.7497,0.000,30.59,42.0,3,2064
244416547,200.000,214.127,0.0000,-1.1727,0.0000,4.3754,0.000,30.59,43.0,3,2064
244417547,199.948,214.127,-0.9000,-0.1503,-15.4366,7.2494,0.000,30.59,42.0,3,2064
244418868,199.948,214.171,0.0000,0.8095,15.2940,-1.2695,0.000,30.59,42.0,3,2064
244419611,200.000,214.171,0.9000,0.2434,15.4366,-10.4916,0.000,30.59,43.0,3,2064
244420581,200.000,214.083,0.0000,-1.3359,0.0000,4.9225,0.000,30.59,42.0,3,2064
244421574,199.948,214.105,-0.9000,-0.0389,-15.4366,7.0857,0.000,30.59,42.0,3,2064
244422603,199.948,214.149,0.0000,0.6783,15.2940,-1.5947,0.000,30.59,42.0,3,2064
244423896,200.000,214.171,0.9000,0.3609,15.4366,-10.1587,0.000,30.59,43.0,3,2064
244424583,200.000,214.083,0.0000,-1.1711,0.0000,4.7445,0.000,30.59,42.0,3,2064
244425584,199.948,214.105,-0.9000,-0.0053,-15.4366,7.0517,0.000,30.59,42.0,3,2064
244426888,199.948,214.149,0.0000,0.9010,15.2940,-1.5991,0.000,30.59,42.0,3,2064
244427627,200.000,214.149,0.9000,0.3304,15.4366,-10.2015,0.000,30.59,42.0,3,2064
244428871,200.000,214.149,0.0000,0.0923,0.0000,-10.4586,0.000,30.59,42.0,3,2064
244429548,199.948,214.083,-0.9000,-0.0694,-15.4366,7.0846,0.000,30.59,42.0,3,2064
244430866,199.948,214.127,0.0000,0.8293,15.2940,-1.6013,0.000,30.59,42.0,3,2064
244431548,200.000,214.149,0.9000,0.2586,15.4366,-10.5476,0.000,30.59,42.0,3,2064
244432613,200.000,214.061,0.0000,-1.2947,0.0000,4.9489,0.000,30.59,43.0,3,2064
244433893,199.948,214.061,-0.9000,-0.0969,-15.4366,7.1604,0.000,30.59,42.0,3,2064
244434608,199.948,214.127,0.0000,0.9056,15.2940,-1.6375,0.000,30.59,42.0,3,2064
244435583,200.000,214.127,0.9000,0.2602,15.4366,-10.2663,0.000,30.59,43.0,3,2064
244436579,200.000,214.061,0.0000,-1.1803,0.0000,4.8676,0.000,30.59,42.0,3,2064
244437580,199.948,214.083,-0.9000,0.0755,-15.4366,7.1077,0.000,30.59,42.0,3,2064
244438937,199.948,214.127,0.0000,0.8675,15.2940,-1.7188,0.000,30.59,42.0,3,2064
244440214,200.000,214.061,0.9000,-1.1376,15.4366,4.8324,0.000,30.59,43.0,3,2064
244440881,200.000,214.083,0.0000,-0.0374,0.0000,7.0286,0.000,30.59,42.0,3,2064
244442185,199.948,214.127,-0.9000,1.0613,-15.4366,-1.4453,0.000,30.59,42.0,3,2064
244442875,199.948,214.149,0.0000,0.3548,15.2940,-10.5740,0.000,30.59,42.0,3,2064
244444234,200.000,214.061,0.9000,-1.1818,15.4366,4.9005,0.000,30.59,42.0,3,2064
244444884,200.000,214.061,0.0000,-0.0740,0.0000,7.1418,0.000,30.59,43.0,3,2064
244445889,199.948,214.127,-0.9000,0.9468,-15.4366,-1.6540,0.000,30.59,43.0,3,2064
244447205,199.948,214.127,0.0000,0.3639,15.2940,-10.3169,0.000,30.59,42.0,3,2064
244447574,200.000,214.105,0.9000,-0.2556,15.4366,-7.4384,0.000,30.59,43.0,3,2064
244448894,200.000,214.061,0.0000,-1.2581,0.0000,4.8170,0.000,30.59,43.0,3,2064
244449575,199.948,214.083,-0.9000,-0.0282,-15.4366,7.0857,0.000,30.59,43.0,3,2064
244450897,199.948,214.127,0.0000,0.9438,15.2940,-1.7035,0.000,30.59,42.0,3,2064
244451573,200.000,214.149,0.9000,0.3334,15.4366,-10.3125,0.000,30.59,43.0,3,2064
244452580,200.000,214.061,0.0000,-1.2184,0.0000,4.7434,0.000,30.59,43.0,3,2064
244453892,199.948,214.083,-0.9000,-0.0084,-15.4366,7.1319,0.000,30.59,42.0,3,2064
244454572,199.948,214.149,0.0000,1.0033,15.2940,-1.6793,0.000,30.59,42.0,3,2064
244455580,200.000,214.149,0.9000,0.3227,15.4366,-10.2630,0.000,30.59,42.0,3,2064
244456575,200.000,214.061,0.0000,-1.2459,0.0000,4.7478,0.000,30.59,42.0,3,2064
244457574,199.948,214.083,-0.9000,0.0648,-15.4366,7.0901,0.000,30.59,42.0,3,2064
244458890,199.948,214.149,0.0000,0.9972,15.2940,-1.6650,0.000,30.59,43.0,3,2064
244459575,200.000,214.149,0.9000,0.3563,15.4366,-10.2433,0.000,30.59,43.0,3,2064
244460578,200.000,214.083,0.0000,-1.1040,0.0000,4.8192,0.000,30.59,43.0,3,2064
244461548,199.948,214.105,-0.9000,0.0175,-15.4366,7.0055,0.000,30.59,43.0,3,2064
244462566,199.948,214.149,0.0000,0.8736,15.2940,-1.6386,0.000,30.59,43.0,3,2064
244463887,200.000,214.171,0.9000,0.3929,15.4366,-10.2367,0.000,30.59,43.0,3,2064
244464570,200.000,214.083,0.0000,-1.1528,0.0000,4.7786,0.000,30.59,43.0,3,2064
244465581,199.948,214.105,-0.9000,0.1076,-15.4366,6.9935,0.000,30.59,43.0,3,2064
244466857,199.948,214.171,0.0000,0.9789,15.2940,-1.6167,0.000,30.59,43.0,3,2064
244467655,200.000,214.171,0.9000,0.3075,15.4366,-10.2663,0.000,30.59,43.0,3,2064
244468886,200.000,214.171,0.0000,0.1534,0.0000,-10.4916,0.000,30.59,43.0,3,2064
244469551,199.948,214.127,-0.9000,0.0633,-15.4366,6.9935,0.000,30.59,43.0,3,2064
244470868,199.948,214.171,0.0000,0.9453,15.2940,-1.6298,0.000,30.59,43.0,3,2064
244471596,200.000,214.193,0.9000,0.3761,15.4366,-10.1993,0.000,30.59,43.0,3,2064
244472586,200.000,214.105,0.0000,-1.1101,0.0000,4.7225,0.000,30.59,43.0,3,2064
244473961,199.948,214.127,-0.9000,0.0938,-15.4366,6.9847,0.000,30.59,43.0,3,2064
244474587,199.948,214.193,0.0000,0.8782,15.2940,-1.7990,0.000,30.59,43.0,3,2064
244475583,200.000,214.193,0.9000,0.4265,15.4366,-9.8862,0.000,30.59,43.0,3,2064
244476578,200.000,214.127,0.0000,-1.0414,0.0000,4.6116,0.000,30.59,43.0,3,2064
244477604,199.948,214.149,-0.9000,0.1320,-15.4366,6.9045,0.000,30.59,43.0,3,2064
244478892,199.948,214.193,0.0000,0.8644,15.2940,-1.5980,0.000,30.59,43.0,3,2064
244479583,200.000,214.215,0.9000,0.3304,15.4366,-10.2202,0.000,30.59,43.0,3,2064
244480583,200.000,214.149,0.0000,-1.0079,0.0000,4.7346,0.000,30.59,43.0,3,2064
244481578,199.948,214.149,-0.9000,0.0237,-15.4366,6.9122,0.000,30.59,43.0,3,2064
244482576,199.948,214.215,0.0000,0.9529,15.2940,-1.5090,0.000,30.59,43.0,3,2064
244483933,200.000,214.237,0.9000,0.4067,15.4366,-10.2202,0.000,30.59,43.0,3,2064
244484877,200.000,214.171,0.0000,0.0267,0.0000,6.9363,0.000,30.59,43.0,3,2064
244486185,199.948,214.215,-0.9000,1.0048,-15.4366,-1.3101,0.000,30.59,43.0,3,2064
244487196,199.948,214.237,0.0000,0.4692,15.2940,-10.5267,0.000,30.59,43.0,3,2064
244487547,200.000,214.215,0.9000,-0.2815,15.4366,-7.3505,0.000,30.59,43.0,3,2064
244488861,200.000,214.149,0.0000,-1.2322,0.0000,4.9082,0.000,30.59,43.0,3,2064
244489605,199.948,214.171,-0.9000,-0.0038,-15.4366,6.9341,0.000,30.59,43.0,3,2064
244490901,199.948,214.237,0.0000,0.9468,15.2940,-1.5156,0.000,30.59,43.0,3,2064
244491579,200.000,214.237,0.9000,0.2632,15.4366,-10.2202,0.000,30.59,43.0,3,2064
244492613,200.000,214.149,0.0000,-1.1498,0.0000,4.7610,0.000,30.59,43.0,3,2064
244493895,199.948,214.171,-0.9000,0.0114,-15.4366,6.8682,0.000,30.59,43.0,3,2064
244494583,199.948,214.237,0.0000,1.0048,15.2940,-1.5090,0.000,30.59,43.0,3,2064
244495584,200.000,214.237,0.9000,0.4555,15.4366,-10.2147,0.000,30.59,43.0,3,2064
244496579,200.000,214.171,0.0000,-1.2322,0.0000,4.7357,0.000,30.59,43.0,3,2064
244497618,199.948,214.171,-0.9000,0.0343,-15.4366,6.9133,0.000,30.59,43.0,3,2064
244498917,199.948,214.237,0.0000,1.0094,15.2940,-1.5277,0.000,30.59,43.0,3,2064
244499553,200.000,214.259,0.9000,0.4158,15.4366,-10.1894,0.000,30.59,43.0,3,2064
244500552,200.000,214.171,0.0000,-1.2734,0.0000,4.7423,0.000,30.59,43.0,3,2064
244501547,199.948,214.171,-0.9000,0.0816,-15.4366,6.9374,0.000,30.59,43.0,3,2064
244502606,199.948,214.237,0.0000,0.9606,15.2940,-1.5200,0.000,30.59,43.0,3,2064
244503896,200.000,214.259,0.9000,0.3212,15.4366,-10.2202,0.000,30.59,43.0,3,2064
244504583,200.000,214.171,0.0000,-1.1955,0.0000,4.7522,0.000,30.59,43.0,3,2064
244505611,199.948,214.193,-0.9000,-0.0359,-15.4366,6.9440,0.000,30.59,43.0,3,2064
244506894,199.948,214.237,0.0000,0.8354,15.2940,-1.5156,0.000,30.59,43.0,3,2064
244507582,200.000,214.237,0.9000,0.3731,15.4366,-10.2147,0.000,30.59,43.0,3,2064
244508900,200.000,214.237,0.0000,0.1213,0.0000,-10.4641,0.000,30.59,43.0,3,2064
244509625,199.948,214.193,-0.9000,-0.0359,-15.4366,6.9133,0.000,30.59,43.0,3,2064
244510888,199.948,214.237,0.0000,0.8492,15.2940,-1.6782,0.000,30.59,43.0,3,2064
244511552,200.000,214.259,0.9000,0.3410,15.4366,-9.8818,0.000,30.59,43.0,3,2064
244512552,200.000,214.171,0.0000,-1.0094,0.0000,4.7160,0.000,30.59,43.0,3,2064
244513862,199.948,214.193,-0.9000,0.0847,-15.4366,6.8188,0.000,30.59,43.0,3,2064
244514571,199.948,214.259,0.0000,1.0277,15.2940,-1.5200,0.000,30.59,43.0,3,2064
244515603,200.000,214.281,0.9000,0.3883,15.4366,-10.2696,0.000,30.59,43.0,3,2064
244516572,200.000,214.193,0.0000,-1.0903,0.0000,4.7687,0.000,30.59,43.0,3,2064
244517605,199.948,214.215,-0.9000,-0.0557,-15.4366,6.8715,0.000,30.59,43.0,3,2064
244518894,199.948,214.259,0.0000,0.9056,15.2940,-1.4826,0.000,30.59,43.0,3,2064
244519578,200.000,214.281,0.9000,0.3990,15.4366,-10.2224,0.000,30.59,43.0,3,2064
244520585,200.000,214.193,0.0000,-1.2200,0.0000,4.7017,0.000,30.59,43.0,3,2064
244521586,199.948,214.215,-0.9000,0.0008,-15.4366,6.8693,0.000,30.59,43.0,3,2064
244522549,199.948,214.281,0.0000,0.9438,15.2940,-1.4552,0.000,30.59,43.0,3,2064
244523872,200.000,214.281,0.9000,0.2876,15.4366,-10.1960,0.000,30.59,43.0,3,2064
244524603,200.000,214.215,0.0000,-1.1757,0.0000,4.6412,0.000,30.59,43.0,3,2064
244525581,199.948,214.215,-0.9000,-0.0099,-15.4366,6.9012,0.000,30.59,43.0,3,2064
244526884,199.948,214.281,0.0000,0.9133,15.2940,-1.4782,0.000,30.59,43.0,3,2064
244527574,200.000,214.303,0.9000,0.3883,15.4366,-10.2279,0.000,30.59,43.0,3,2064
244528895,200.000,214.281,0.0000,0.2556,0.0000,-10.4641,0.000,30.59,43.0,3,2064
244529573,199.948,214.215,-0.9000,-0.0740,-15.4366,6.9078,0.000,30.59,43.0,3,2064
244530896,199.948,214.281,0.0000,0.9743,15.2940,-1.4947,0.000,30.59,43.0,3,2064
244531576,200.000,214.303,0.9000,0.4540,15.4366,-10.2103,0.000,30.59,43.0,3,2064
244532580,200.000,214.215,0.0000,-1.2276,0.0000,4.7171,0.000,30.59,43.0,3,2064
244533891,199.948,214.237,-0.9000,-0.0710,-15.4366,6.9319,0.000,30.59,43.0,3,2064
244534573,199.948,214.303,0.0000,1.0216,15.2940,-1.4683,0.000,30.59,43.0,3,2064
244535580,200.000,214.303,0.9000,0.2647,15.4366,-10.2356,0.000,30.59,43.0,3,2064
244536574,200.000,214.215,0.0000,-1.1574,0.0000,4.8654,0.000,30.59,43.0,3,2064
244537574,199.948,214.237,-0.9000,0.0328,-15.4366,6.8429,0.000,30.59,43.0,3,2064
244538893,199.948,214.281,0.0000,0.8873,15.2940,-1.4431,0.000,30.59,43.0,3,2064
244539559,200.000,214.303,0.9000,0.3716,15.4366,-10.2674,0.000,30.59,43.0,3,2064
244540552,200.000,214.215,0.0000,-1.2230,0.0000,4.7588,0.000,30.59,43.0,3,2064
244541563,199.948,214.237,-0.9000,0.0114,-15.4366,6.9220,0.000,30.59,43.0,3,2064
244542564,199.948,214.303,0.0000,0.8888,15.2940,-1.5452,0.000,30.59,43.0,3,2064
244543885,200.000,214.303,0.9000,0.2907,15.4366,-10.2883,0.000,30.59,43.0,3,2064
244544576,200.000,214.215,0.0000,-1.1666,0.0000,4.8126,0.000,30.59,43.0,3,2064
244545552,199.948,214.237,-0.9000,-0.1732,-15.4366,6.8671,0.000,30.59,43.0,3,2064
244546978,199.948,214.303,0.0000,0.8553,15.2940,-1.4782,0.000,30.59,43.0,3,2064
244547554,200.000,214.303,0.9000,0.2922,15.4366,-10.5245,0.000,30.59,43.0,3,2064
244548867,200.000,214.303,0.0000,0.0252,0.0000,-10.6520,0.000,30.59,43.0,3,2064
244549548,199.948,214.215,-0.9000,-0.1747,-15.4366,7.1604,0.000,30.59,43.0,3,2064
244550866,199.948,214.281,0.0000,0.8034,15.2940,-1.4661,0.000,30.59,43.0,3,2064
244551567,200.000,214.281,0.9000,0.3349,15.4366,-10.1620,0.000,30.59,43.0,3,2064
244552614,200.000,214.193,0.0000,-1.2459,0.0000,4.7214,0.000,30.59,43.0,3,2064
244553894,199.948,214.215,-0.9000,-0.0710,-15.4366,6.9385,0.000,30.59,43.0,3,2064
244554610,199.948,214.259,0.0000,0.8217,15.2940,-1.4497,0.000,30.59,43.0,3,2064
244555585,200.000,214.281,0.9000,0.3502,15.4366,-10.2103,0.000,30.59,43.0,3,2064
244556581,200.000,214.193,0.0000,-1.2215,0.0000,4.7346,0.000,30.59,43.0,3,2064
244557582,199.948,214.215,-0.9000,0.0343,-15.4366,6.9374,0.000,30.59,43.0,3,2064
244558893,199.948,214.259,0.0000,0.7622,15.2940,-1.4848,0.000,30.59,43.0,3,2064
244559619,200.000,214.281,0.9000,0.4265,15.4366,-10.1740,0.000,30.59,43.0,3,2064
244560615,200.000,214.171,0.0000,-1.2551,0.0000,5.3587,0.000,30.59,43.0,3,2064
244561547,199.948,214.193,-0.9000,0.1244,-15.4366,6.9078,0.000,30.59,43.0,3,2064
244562605,199.948,214.259,0.0000,0.9377,15.2940,-1.5112,0.000,30.59,43.0,3,2064
244563900,200.000,214.259,0.9000,0.2632,15.4366,-10.2015,0.000,30.59,43.0,3,2064
244564579,200.000,214.171,0.0000,-1.2306,0.0000,4.8016,0.000,30.59,43.0,3,2064
244565582,199.948,214.193,-0.9000,0.0221,-15.4366,6.8913,0.000,30.59,43.0,3,2064
244566891,199.948,214.259,0.0000,0.9621,15.2940,-1.4629,0.000,30.59,43.0,3,2064
244567578,200.000,214.259,0.9000,0.2800,15.4366,-10.1707,0.000,30.59,43.0,3,2064
244568896,200.000,214.237,0.0000,0.0633,0.0000,-10.3949,0.000,30.59,43.0,3,2064
244569579,199.948,214.193,-0.9000,0.0648,-15.4366,6.8594,0.000,30.59,43.0,3,2064
244570901,199.948,214.237,0.0000,0.8827,15.2940,-1.4442,0.000,30.59,43.0,3,2064
244571578,200.000,214.259,0.9000,0.3685,15.4366,-10.1949,0.000,30.59,43.0,3,2064
244572582,200.000,214.171,0.0000,-1.3146,0.0000,4.7654,0.000,30.59,43.0,3,2064
244573896,199.948,214.193,-0.9000,-0.1198,-15.4366,6.8814,0.000,30.59,43.0,3,2064
244574579,199.948,214.237,0.0000,0.8873,15.2940,-1.4969,0.000,30.59,43.0,3,2064
244575581,200.000,214.259,0.9000,0.2831,15.4366,-10.1971,0.000,30.59,43.0,3,2064
244576578,200.000,214.171,0.0000,-1.2032,0.0000,4.7280,0.000,30.59,43.0,3,2064
244577583,199.948,214.193,-0.9000,-0.0038,-15.4366,6.9111,0.000,30.59,43.0,3,2064
244578871,199.948,214.237,0.0000,0.8171,15.2940,-1.5299,0.000,30.59,43.0,3,2064
244579549,200.000,214.259,0.9000,0.3655,15.4366,-10.1938,0.000,30.59,43.0,3,2064
244580573,200.000,214.171,0.0000,-1.1467,0.0000,4.7116,0.000,30.59,43.0,3,2064
244581570,199.948,214.193,-0.9000,0.0053,-15.4366,6.9440,0.000,30.59,43.0,3,2064
244582569,199.948,214.237,0.0000,0.8370,15.2940,-1.4881,0.000,30.59,43.0,3,2064
244583895,200.000,214.259,0.9000,0.2861,15.4366,-10.2037,0.000,30.59,43.0,3,2064
244584552,200.000,214.171,0.0000,-1.2093,0.0000,4.7885,0.000,30.59,43.0,3,2064
244585603,199.948,214.193,-0.9000,-0.0664,-15.4366,6.9012,0.000,30.59,43.0,3,2064
244586866,199.948,214.259,0.0000,1.1574,15.2940,-1.4980,0.000,30.59,43.0,3,2064
244587559,200.000,214.237,0.9000,0.1884,15.4366,-10.1565,0.000,30.59,43.0,3,2064
244588869,200.000,214.237,0.0000,0.0496,0.0000,-10.3773,0.000,30.59,43.0,3,2064
244589594,199.948,214.193,-0.9000,-0.0786,-15.4366,6.8693,0.000,30.59,43.0,3,2064
244590880,199.948,214.259,0.0000,0.8461,15.2940,-1.5321,0.000,30.59,43.0,3,2064
244591558,200.000,214.259,0.9000,0.2861,15.4366,-10.2136,0.000,30.59,43.0,3,2064
244592552,200.000,214.171,0.0000,-1.2825,0.0000,4.7786,0.000,30.59,43.0,3,2064
244593913,199.948,214.193,-0.9000,0.1228,-15.4366,6.9089,0.000,30.59,43.0,3,2064
244594554,199.948,214.237,0.0000,0.8278,15.2940,-1.5420,0.000,30.59,43.0,3,2064
244595563,200.000,214.259,0.9000,0.3731,15.4366,-10.1861,0.000,30.59,43.0,3,2064
244596547,200.000,214.171,0.0000,-1.2291,0.0000,4.7160,0.000,30.59,43.0,3,2064
244597656,199.948,214.193,-0.9000,0.0359,-15.4366,6.9111,0.000,30.59,43.0,3,2064
244598874,199.948,214.259,0.0000,0.8476,15.2940,-1.6617,0.000,30.59,43.0,3,2064
244599547,200.000,214.259,0.9000,0.3563,15.4366,-9.9027,0.000,30.59,43.0,3,2064
244600552,200.000,214.193,0.0000,-1.1055,0.0000,4.6314,0.000,30.59,43.0,3,2064
244601547,199.948,214.215,-0.9000,0.1518,-15.4366,6.8396,0.000,30.59,43.0,3,2064
244602615,199.948,214.259,0.0000,0.8782,15.2940,-1.4947,0.000,30.59,43.0,3,2064
244603892,200.000,214.259,0.9000,0.3243,15.4366,-10.1938,0.000,30.59,43.0,3,2064
244604610,200.000,214.193,0.0000,-1.1543,0.0000,4.6742,0.000,30.59,43.0,3,2064
244605586,199.948,214.215,-0.9000,-0.0542,-15.4366,6.9144,0.000,30.59,43.0,3,2064
244606892,199.948,214.259,0.0000,1.0277,15.2940,-1.4870,0.000,30.59,43.0,3,2064
244607580,200.000,214.281,0.9000,0.2144,15.4366,-10.2411,0.000,30.59,43.0,3,2064
244608897,200.000,214.259,0.0000,-0.0847,0.0000,-10.4641,0.000,30.59,43.0,3,2064
244609570,199.948,214.215,-0.9000,-0.0633,-15.4366,6.8660,0.000,30.59,43.0,3,2064
244610945,199.948,214.281,0.0000,0.9010,15.2940,-1.4815,0.000,30.59,43.0,3,2064
244611556,200.000,214.281,0.9000,0.2846,15.4366,-10.5432,0.000,30.59,43.0,3,2064
244612552,200.000,214.193,0.0000,-1.2261,0.0000,4.3644,0.000,30.59,43.0,3,2064
244613860,199.948,214.215,-0.9000,-0.1274,-15.4366,7.0824,0.000,30.59,43.0,3,2064
244614549,199.948,214.259,0.0000,0.7927,15.2940,-1.4672,0.000,30.59,43.0,3,2064
244615612,200.000,214.281,0.9000,0.3212,15.4366,-10.1993,0.000,30.59,43.0,3,2064
244616579,200.000,214.193,0.0000,-1.2459,0.0000,4.7489,0.000,30.59,43.0,3,2064
244617575,199.948,214.215,-0.9000,-0.0847,-15.4366,6.8968,0.000,30.59,43.0,3,2064
244618919,199.948,214.259,0.0000,0.7927,15.2940,-1.4969,0.000,30.59,43.0,3,2064
244620211,200.000,214.193,0.9000,-1.2688,15.4366,4.7665,0.000,30.59,43.0,3,2064
244620879,200.000,214.193,0.0000,-0.0511,0.0000,6.8847,0.000,30.59,43.0,3,2064
244621890,199.948,214.259,-0.9000,0.7607,-15.4366,-1.4727,0.000,30.59,43.0,3,2064
244622886,199.948,214.259,0.0000,0.2800,15.2940,-10.1894,0.000,30.59,43.0,3,2064
244624212,200.000,214.171,0.9000,-1.2886,15.4366,4.7182,0.000,30.59,43.0,3,2064
244624883,200.000,214.193,0.0000,-0.0221,0.0000,6.8924,0.000,30.59,43.0,3,2064
244625949,199.948,214.237,-0.9000,0.8843,-15.4366,-1.6386,0.000,30.59,43.0,3,2064
244627194,199.948,214.259,0.0000,0.4540,15.2940,-9.8181,0.000,30.59,43.0,3,2064
244627547,200.000,214.237,0.9000,-0.1396,15.4366,-7.1714,0.000,30.59,43.0,3,2064
244628869,200.000,214.171,0.0000,-1.1894,0.0000,4.5973,0.000,30.59,43.0,3,2064
244629612,199.948,214.193,-0.9000,0.0954,-15.4366,6.8946,0.000,30.59,43.0,3,2064
244630897,199.948,214.259,0.0000,1.0063,15.2940,-1.5002,0.000,30.59,43.0,3,2064
244631579,200.000,214.259,0.9000,0.2464,15.4366,-10.2015,0.000,30.59,43.0,3,2064
244632579,200.000,214.193,0.0000,-1.1009,0.0000,4.7929,0.000,30.59,43.0,3,2064
244633893,199.948,214.193,-0.9000,0.0420,-15.4366,6.8968,0.000,30.59,43.0,3,2064
244634579,199.948,214.259,0.0000,0.8690,15.2940,-1.4870,0.000,30.59,43.0,3,2064
244635581,200.000,214.281,0.9000,0.4784,15.4366,-10.2630,0.000,30.59,43.0,3,2064
244636576,200.000,214.171,0.0000,-1.2627,0.0000,4.8115,0.000,30.59,43.0,3,2064
244637577,199.948,214.215,-0.9000,0.0389,-15.4366,6.8770,0.000,30.59,43.0,3,2064
244638890,199.948,214.259,0.0000,0.8293,15.2940,-1.5398,0.000,30.59,43.0,3,2064
244639579,200.000,214.259,0.9000,0.2892,15.4366,-10.2696,0.000,30.59,43.0,3,2064
244640581,200.000,214.193,0.0000,-1.1818,0.0000,4.8368,0.000,30.59,43.0,3,2064
244641575,199.948,214.215,-0.9000,-0.0389,-15.4366,6.8166,0.000,30.59,43.0,3,2064
244642576,199.948,214.259,0.0000,0.8461,15.2940,-1.5233,0.000,30.59,43.0,3,2064
244643894,200.000,214.281,0.9000,0.4280,15.4366,-10.2345,0.000,30.59,43.0,3,2064
244644552,200.000,214.193,0.0000,-1.2520,0.0000,4.7094,0.000,30.59,43.0,3,2064
244645552,199.948,214.215,-0.9000,-0.0160,-15.4366,6.9176,0.000,30.59,43.0,3,2064
244646882,199.948,214.281,0.0000,0.9621,15.2940,-1.4980,0.000,30.59,43.0,3,2064
244647569,200.000,214.281,0.9000,0.4372,15.4366,-10.2718,0.000,30.59,43.0,3,2064
244648885,200.000,214.259,0.0000,0.1839,0.0000,-10.5080,0.000,30.59,43.0,3,2064
244649579,199.948,214.215,-0.9000,-0.0298,-15.4366,6.8495,0.000,30.59,43.0,3,2064
244650871,199.948,214.281,0.0000,0.8995,15.2940,-1.4705,0.000,30.59,43.0,3,2064
244651646,200.000,214.281,0.9000,0.3288,15.4366,-10.2136,0.000,30.59,43.0,3,2064
244652599,200.000,214.193,0.0000,-1.2779,0.0000,5.2191,0.000,30.59,43.0,3,2064
244653871,199.948,214.215,-0.9000,0.0328,-15.4366,6.8891,0.000,30.59,43.0,3,2064
244654548,199.948,214.281,0.0000,0.8293,15.2940,-1.4365,0.000,30.59,43.0,3,2064
244655552,200.000,214.281,0.9000,0.4097,15.4366,-10.2553,0.000,30.59,43.0,3,2064
244656612,200.000,214.193,0.0000,-1.2764,0.0000,4.7456,0.000,30.59,43.0,3,2064
244657577,199.948,214.215,-0.9000,0.0038,-15.4366,6.7397,0.000,30.59,43.0,3,2064
244658898,199.948,214.281,0.0000,0.9758,15.2940,-1.2420,0.000,30.59,43.0,3,2064
244659602,200.000,214.281,0.9000,0.3029,15.4366,-10.2784,0.000,30.59,43.0,3,2064
244660584,200.000,214.215,0.0000,-1.1330,0.0000,4.7445,0.000,30.59,43.0,3,2064
244661579,199.948,214.237,-0.9000,0.0160,-15.4366,6.8594,0.000,30.59,43.0,3,2064
244662580,199.948,214.303,0.0000,1.0063,15.2940,-1.4629,0.000,30.59,43.0,3,2064
244663895,200.000,214.303,0.9000,0.3502,15.4366,-10.2158,0.000,30.59,43.0,3,2064
244664626,200.000,214.215,0.0000,-1.1833,0.0000,4.7786,0.000,30.59,43.0,3,2064
244665556,199.948,214.237,-0.9000,0.0481,-15.4366,6.7177,0.000,30.59,43.0,3,2064
244666861,199.948,214.303,0.0000,0.9712,15.2940,-1.2992,0.000,30.59,43.0,3,2064
244667548,200.000,214.303,0.9000,0.4326,15.4366,-10.2982,0.000,30.59,43.0,3,2064
244668866,200.000,214.303,0.0000,0.1411,0.0000,-10.5234,0.000,30.59,43.0,3,2064
244669610,199.948,214.259,-0.9000,0.0191,-15.4366,6.8858,0.000,30.59,43.0,3,2064
244670899,199.948,214.325,0.0000,1.0277,15.2940,-1.5277,0.000,30.59,43.0,3,2064
244671580,200.000,214.325,0.9000,0.4585,15.4366,-10.2982,0.000,30.59,43.0,3,2064
244672613,200.000,214.237,0.0000,-1.2444,0.0000,4.7324,0.000,30.59,43.0,3,2064
244673898,199.948,214.259,-0.9000,-0.0710,-15.4366,6.8924,0.000,30.59,43.0,3,2064
244674581,199.948,214.325,0.0000,0.8919,15.2940,-1.5354,0.000,30.59,43.0,3,2064
244675584,200.000,214.325,0.9000,0.4311,15.4366,-10.2916,0.000,30.59,43.0,3,2064
244676583,200.000,214.259,0.0000,-1.1513,0.0000,4.6566,0.000,30.59,43.0,3,2064
244677623,199.948,214.281,-0.9000,0.0465,-15.4366,7.0022,0.000,30.59,43.0,3,2064
244678870,199.948,214.325,0.0000,0.8568,15.2940,-1.7210,0.000,30.59,43.0,3,2064
244679548,200.000,214.347,0.9000,0.3288,15.4366,-9.9587,0.000,30.59,43.0,3,2064
244680552,200.000,214.259,0.0000,-1.1833,0.0000,4.5808,0.000,30.59,43.0,3,2064
244681547,199.948,214.281,-0.9000,-0.0481,-15.4366,6.9045,0.000,30.59,43.0,3,2064
244682611,199.948,214.347,0.0000,0.9895,15.2940,-1.5474,0.000,30.59,43.0,3,2064
244683895,200.000,214.347,0.9000,0.3075,15.4366,-10.2751,0.000,30.59,43.0,3,2064
244684609,200.000,214.281,0.0000,-1.2505,0.0000,4.6654,0.000,30.59,43.0,3,2064
244685586,199.948,214.303,-0.9000,0.0191,-15.4366,6.9902,0.000,30.59,43.0,3,2064
244686895,199.948,214.368,0.0000,0.8415,15.2940,-1.5321,0.000,30.59,43.0,3,2064
244687580,200.000,214.368,0.9000,0.3319,15.4366,-10.2861,0.000,30.59,43.0,3,2064
244688912,200.000,214.368,0.0000,0.1625,0.0000,-10.4916,0.000,30.59,43.0,3,2064
244689622,199.948,214.303,-0.9000,0.0145,-15.4366,6.9594,0.000,30.59,43.0,3,2064
244690874,199.948,214.368,0.0000,0.9483,15.2940,-1.5288,0.000,30.59,43.0,3,2064
244691547,200.000,214.368,0.9000,0.3304,15.4366,-10.3608,0.000,30.59,43.0,3,2064
244692621,200.000,214.303,0.0000,-1.2779,0.0000,4.7808,0.000,30.59,43.0,3,2064
244693895,199.948,214.303,-0.9000,0.1015,-15.4366,6.8484,0.000,30.59,43.0,3,2064
244694579,199.948,214.368,0.0000,1.0536,15.2940,-1.3486,0.000,30.59,43.0,3,2064
244695582,200.000,214.390,0.9000,0.3792,15.4366,-10.3608,0.000,30.59,43.0,3,2064
244696576,200.000,214.303,0.0000,-1.2749,0.0000,4.7445,0.000,30.59,43.0,3,2064
244697578,199.948,214.325,-0.9000,0.1045,-15.4366,6.9572,0.000,30.59,43.0,3,2064
244698893,199.948,214.390,0.0000,0.9743,15.2940,-1.4903,0.000,30.59,43.0,3,2064
244699580,200.000,214.390,0.9000,0.3929,15.4366,-10.3388,0.000,30.59,43.0,3,2064
244700582,200.000,214.303,0.0000,-1.2688,0.0000,4.7291,0.000,30.59,43.0,3,2064
244701576,199.948,214.325,-0.9000,0.0145,-15.4366,7.0286,0.000,30.59,43.0,3,2064
244702576,199.948,214.390,0.0000,0.8476,15.2940,-1.5200,0.000,30.59,43.0,3,2064
244703893,200.000,214.390,0.9000,0.2678,15.4366,-10.3191,0.000,30.59,43.0,3,2064
244704581,200.000,214.303,0.0000,-1.2428,0.0000,4.7291,0.000,30.59,43.0,3,2064
244705582,199.948,214.325,-0.9000,0.0099,-15.4366,7.0605,0.000,30.59,43.0,3,2064
244706896,199.948,214.368,0.0000,0.9270,15.2940,-1.5299,0.000,30.59,43.0,3,2064
244707549,200.000,214.390,0.9000,0.2068,15.4366,-10.3136,0.000,30.59,43.0,3,2064
244708866,200.000,214.390,0.0000,0.0191,0.0000,-10.5278,0.000,30.59,43.0,3,2064
244709576,199.948,214.325,-0.9000,-0.0160,-15.4366,7.0627,0.000,30.59,43.0,3,2064
244710891,199.948,214.390,0.0000,1.0124,15.2940,-1.5167,0.000,30.59,43.0,3,2064
244711576,200.000,214.390,0.9000,0.3105,15.4366,-10.2817,0.000,30.59,43.0,3,2064
244712583,200.000,214.303,0.0000,-1.3375,0.0000,4.8104,0.000,30.59,43.0,3,2064
244713869,199.948,214.325,-0.9000,-0.0740,-15.4366,6.9836,0.000,30.59,43.0,3,2064
244714645,199.948,214.368,0.0000,0.9041,15.2940,-1.5167,0.000,30.59,43.0,3,2064
244715600,200.000,214.390,0.9000,0.2586,15.4366,-10.4751,0.000,30.59,43.0,3,2064
244716547,200.000,214.303,0.0000,-1.3207,0.0000,4.2380,0.000,30.59,43.0,3,2064
244717547,199.948,214.303,-0.9000,-0.1457,-15.4366,7.2615,0.000,30.59,43.0,3,2064
244718869,199.948,214.347,0.0000,0.7271,15.2940,-1.4497,0.000,30.59,43.0,3,2064
244719611,200.000,214.347,0.9000,0.2739,15.4366,-10.2213,0.000,30.59,43.0,3,2064
244720583,200.000,214.259,0.0000,-1.2993,0.0000,4.7841,0.000,30.59,43.0,3,2064
244721585,199.948,214.281,-0.9000,-0.0450,-15.4366,6.9880,0.000,30.59,43.0,3,2064
244722599,199.948,214.347,0.0000,0.8797,15.2940,-1.4804,0.000,30.59,43.0,3,2064
244723897,200.000,214.347,0.9000,0.3059,15.4366,-10.2389,0.000,30.59,43.0,3,2064
244724582,200.000,214.259,0.0000,-1.3451,0.0000,4.7302,0.000,30.59,43.0,3,2064
244725584,199.948,214.259,-0.9000,-0.0175,-15.4366,6.9935,0.000,30.59,43.0,3,2064
244726894,199.948,214.325,0.0000,0.9117,15.2940,-1.5002,0.000,30.59,43.0,3,2064
244727636,200.000,214.325,0.9000,0.1946,15.4366,-10.1861,0.000,30.59,43.0,3,2064
244728869,200.000,214.325,0.0000,0.0099,0.0000,-10.4201,0.000,30.59,43.0,3,2064
244729548,199.948,214.259,-0.9000,-0.1320,-15.4366,6.8814,0.000,30.59,43.0,3,2064
244730930,199.948,214.325,0.0000,0.9377,15.2940,-1.4299,0.000,30.59,43.0,3,2064
244731581,200.000,214.303,0.9000,0.2647,15.4366,-10.4520,0.000,30.59,43.0,3,2064
244732582,200.000,214.237,0.0000,-1.3100,0.0000,4.7731,0.000,30.59,43.0,3,2064
244733896,199.948,214.237,-0.9000,-0.1045,-15.4366,6.9737,0.000,30.59,43.0,3,2064
244734578,199.948,214.303,0.0000,0.8949,15.2940,-1.4969,0.000,30.59,43.0,3,2064
244735582,200.000,214.303,0.9000,0.4479,15.4366,-10.2586,0.000,30.59,43.0,3,2064
244736577,200.000,214.215,0.0000,-1.2428,0.0000,4.8302,0.000,30.59,43.0,3,2064
244737576,199.948,214.237,-0.9000,0.0542,-15.4366,6.9176,0.000,30.59,43.0,3,2064
244738891,199.948,214.303,0.0000,0.7958,15.2940,-1.4947,0.000,30.59,43.0,3,2064
244739579,200.000,214.303,0.9000,0.3090,15.4366,-10.2169,0.000,30.59,43.0,3,2064
244740582,200.000,214.215,0.0000,-1.2352,0.0000,4.8049,0.000,30.59,43.0,3,2064
244741576,199.948,214.237,-0.9000,0.0603,-15.4366,6.8671,0.000,30.59,43.0,3,2064
244742574,199.948,214.281,0.0000,0.8736,15.2940,-1.4881,0.000,30.59,43.0,3,2064
244743893,200.000,214.303,0.9000,0.2556,15.4366,-10.2663,0.000,30.59,43.0,3,2064
244744588,200.000,214.215,0.0000,-1.2551,0.0000,4.7522,0.000,30.59,43.0,3,2064
244745565,199.948,214.237,-0.9000,-0.1167,-15.4366,6.8858,0.000,30.59,43.0,3,2064
244746861,199.948,214.281,0.0000,0.9560,15.2940,-1.4672,0.000,30.59,43.0,3,2064
244747570,200.000,214.303,0.9000,0.4479,15.4366,-10.2553,0.000,30.59,43.0,3,2064
244748886,200.000,214.281,0.0000,0.1854,0.0000,-10.4959,0.000,30.59,43.0,3,2064
244749574,199.948,214.237,-0.9000,0.0648,-15.4366,6.8814,0.000,30.59,43.0,3,2064
244750786,199.948,214.281,0.0000,0.9651,15.2940,-1.4848,0.000,30.59,43.0,3,2064
244751552,200.000,214.303,0.9000,0.3929,15.4366,-9.6203,0.000,30.59,43.0,3,2064
244752552,200.000,214.215,0.0000,-1.2581,0.0000,5.4542,0.000,30.59,43.0,3,2064
244753934,199.948,214.259,-0.9000,0.2647,-15.4366,6.4804,0.000,30.59,43.0,3,2064
244754548,199.948,214.325,0.0000,1.0475,15.2940,-1.6057,0.000,30.59,43.0,3,2064
244755562,200.000,214.325,0.9000,0.3777,15.4366,-10.2213,0.000,30.59,43.0,3,2064
244756547,200.000,214.259,0.0000,-1.1330,0.0000,4.6390,0.000,30.59,43.0,3,2064
244757599,199.948,214.281,-0.9000,0.0969,-15.4366,6.9363,0.000,30.59,43.0,3,2064
244758871,199.948,214.347,0.0000,1.0719,15.2940,-1.5529,0.000,30.59,43.0,3,2064
244759558,200.000,214.347,0.9000,0.4463,15.4366,-10.2839,0.000,30.59,43.0,3,2064
244760552,200.000,214.281,0.0000,-1.1437,0.0000,4.7720,0.000,30.59,43.0,3,2064
244761599,199.948,214.303,-0.9000,-0.0694,-15.4366,6.9330,0.000,30.59,43.0,3,2064
244762548,199.948,214.368,0.0000,1.0399,15.2940,-1.5354,0.000,30.59,43.0,3,2064
244763881,200.000,214.368,0.9000,0.3899,15.4366,-10.3202,0.000,30.59,43.0,3,2064
244764547,200.000,214.281,0.0000,-1.2215,0.0000,4.7698,0.000,30.59,43.0,3,2064
244765660,199.948,214.303,-0.9000,0.0542,-15.4366,6.9627,0.000,30.59,43.0,3,2064
244766867,199.948,214.368,0.0000,1.0292,15.2940,-1.7694,0.000,30.59,43.0,3,2064
244767548,200.000,214.390,0.9000,0.4906,15.4366,-10.0081,0.000,30.59,43.0,3,2064
244768866,200.000,214.390,0.0000,0.3151,0.0000,-10.3663,0.000,30.59,43.0,3,2064
244769548,199.948,214.325,-0.9000,0.1228,-15.4366,6.9352,0.000,30.59,43.0,3,2064
244770933,199.948,214.390,0.0000,1.0094,15.2940,-1.5540,0.000,30.59,43.0,3,2064
244771582,200.000,214.390,0.9000,0.2327,15.4366,-10.6190,0.000,30.59,43.0,3,2064
244772582,200.000,214.303,0.0000,-1.3359,0.0000,4.2293,0.000,30.59,43.0,3,2064
244773923,199.948,214.325,-0.9000,-0.0786,-15.4366,7.2835,0.000,30.59,43.0,3,2064
244774879,199.948,214.390,0.0000,0.3792,15.2940,-10.2839,0.000,30.59,43.0,3,2064
244776204,200.000,214.303,0.9000,-1.4092,15.4366,4.7434,0.000,30.59,43.0,3,2064
244776881,200.000,214.325,0.0000,0.0725,0.0000,7.0791,0.000,30.59,43.0,3,2064
244777884,199.948,214.368,-0.9000,0.8843,-15.4366,-1.4760,0.000,30.59,43.0,3,2064
244779207,199.948,214.368,0.0000,0.2480,15.2940,-10.2619,0.000,30.59,43.0,3,2064
244780201,200.000,214.281,0.9000,-1.3710,15.4366,4.7456,0.000,30.59,43.0,3,2064
244780888,200.000,214.303,0.0000,-0.0237,0.0000,6.9946,0.000,30.59,43.0,3,2064
244781945,199.948,214.368,-0.9000,0.8934,-15.4366,-1.6727,0.000,30.59,43.0,3,2064
244782869,199.948,214.368,0.0000,0.3883,15.2940,-9.9148,0.000,30.59,43.0,3,2064
244784193,200.000,214.303,0.9000,-1.2230,15.4366,4.6489,0.000,30.59,43.0,3,2064
244784864,200.000,214.303,0.0000,-0.0053,0.0000,6.9583,0.000,30.59,43.0,3,2064
244785866,199.948,214.368,-0.9000,0.8659,-15.4366,-1.5222,0.000,30.59,43.0,3,2064
244787188,199.948,214.368,0.0000,0.4021,15.2940,-10.2586,0.000,30.59,43.0,3,2064
244787546,200.000,214.347,0.9000,-0.3044,15.4366,-7.2868,0.000,30.59,43.0,3,2064
244788929,200.000,214.303,0.0000,-1.1238,0.0000,4.8027,0.000,30.59,43.0,3,2064
244789583,199.948,214.303,-0.9000,0.0023,-15.4366,6.8451,0.000,30.59,43.0,3,2064
244790896,199.948,214.368,0.0000,0.9682,15.2940,-1.3431,0.000,30.59,43.0,3,2064
244791612,200.000,214.368,0.9000,0.2739,15.4366,-10.3542,0.000,30.59,43.0,3,2064
244792585,200.000,214.281,0.0000,-1.2291,0.0000,5.2609,0.000,30.59,43.0,3,2064
244793897,199.948,214.325,-0.9000,0.0160,-15.4366,6.9693,0.000,30.59,43.0,3,2064
244794580,199.948,214.368,0.0000,0.9529,15.2940,-1.5079,0.000,30.59,43.0,3,2064
244795588,200.000,214.390,0.9000,0.3731,15.4366,-10.2828,0.000,30.59,43.0,3,2064
244796610,200.000,214.303,0.0000,-1.2352,0.0000,4.7335,0.000,30.59,43.0,3,2064
244797588,199.948,214.303,-0.9000,-0.0069,-15.4366,6.8748,0.000,30.59,43.0,3,2064
244798867,199.948,214.368,0.0000,1.0735,15.2940,-1.3046,0.000,30.59,43.0,3,2064
244799608,200.000,214.390,0.9000,0.4417,15.4366,-10.3652,0.000,30.59,43.0,3,2064
244800582,200.000,214.303,0.0000,-1.2673,0.0000,4.7094,0.000,30.59,43.0,3,2064
244801575,199.948,214.325,-0.9000,0.0374,-15.4366,7.0165,0.000,30.59,43.0,3,2064
244802574,199.948,214.390,0.0000,0.9102,15.2940,-1.5595,0.000,30.59,43.0,3,2064
244803893,200.000,214.390,0.9000,0.3593,15.4366,-10.3399,0.000,30.59,43.0,3,2064
244804578,200.000,214.303,0.0000,-1.2566,0.0000,4.7083,0.000,30.59,43.0,3,2064
244805579,199.948,214.325,-0.9000,0.0618,-15.4366,7.0923,0.000,30.59,43.0,3,2064
244806885,199.948,214.390,0.0000,0.9575,15.2940,-1.4826,0.000,30.59,43.0,3,2064
244807577,200.000,214.390,0.9000,0.3288,15.4366,-10.2696,0.000,30.59,43.0,3,2064
244808891,200.000,214.368,0.0000,0.1030,0.0000,-10.4905,0.000,30.59,43.0,3,2064
244809578,199.948,214.325,-0.9000,0.0343,-15.4366,7.0638,0.000,30.59,43.0,3,2064
244810896,199.948,214.390,0.0000,0.9102,15.2940,-1.5463,0.000,30.59,43.0,3,2064
244811578,200.000,214.390,0.9000,0.3731,15.4366,-10.3015,0.000,30.59,43.0,3,2064
244812578,200.000,214.303,0.0000,-1.2947,0.0000,4.8379,0.000,30.59,43.0,3,2064
244813891,199.948,214.325,-0.9000,-0.1534,-15.4366,7.0330,0.000,30.59,43.0,3,2064
244814574,199.948,214.390,0.0000,0.9667,15.2940,-1.5507,0.000,30.59,43.0,3,2064
244815556,200.000,214.390,0.9000,0.3197,15.4366,-10.2872,0.000,30.59,43.0,3,2064
244816547,200.000,214.303,0.0000,-1.2688,0.0000,4.7918,0.000,30.59,43.0,3,2064
244817568,199.948,214.325,-0.9000,-0.0237,-15.4366,7.0011,0.000,30.59,43.0,3,2064
244818884,199.948,214.390,0.0000,0.9834,15.2940,-1.4596,0.000,30.59,43.0,3,2064
244819572,200.000,214.390,0.9000,0.3365,15.4366,-10.3114,0.000,30.59,43.0,3,2064
244820580,200.000,214.303,0.0000,-1.3329,0.0000,4.7852,0.000,30.59,43.0,3,2064
244821548,199.948,214.303,-0.9000,-0.1198,-15.4366,7.0319,0.000,30.59,43.0,3,2064
244822660,199.948,214.368,0.0000,0.9957,15.2940,-1.4925,0.000,30.59,43.0,3,2064
244823872,200.000,214.390,0.9000,0.3380,15.4366,-10.5311,0.000,30.59,43.0,3,2064
244824548,200.000,214.303,0.0000,-1.3558,0.0000,4.2391,0.000,30.59,43.0,3,2064
244825552,199.948,214.303,-0.9000,-0.2129,-15.4366,7.2736,0.000,30.59,43.0,3,2064
244826861,199.948,214.347,0.0000,0.7805,15.2940,-1.4288,0.000,30.59,43.0,3,2064
244827610,200.000,214.347,0.9000,0.2754,15.4366,-10.2553,0.000,30.59,43.0,3,2064
244828895,200.000,214.347,0.0000,0.0710,0.0000,-10.4817,0.000,30.59,43.0,3,2064
244829581,199.948,214.281,-0.9000,-0.1045,-15.4366,6.9957,0.000,30.59,43.0,3,2064
244830926,199.948,214.325,0.0000,0.7988,15.2940,-1.4925,0.000,30.59,43.0,3,2064
244831584,200.000,214.347,0.9000,0.3334,15.4366,-10.2509,0.000,30.59,43.0,3,2064
244832583,200.000,214.259,0.0000,-1.3466,0.0000,4.7863,0.000,30.59,43.0,3,2064
244833897,199.948,214.259,-0.9000,-0.1305,-15.4366,6.9726,0.000,30.59,43.0,3,2064
244834581,199.948,214.325,0.0000,0.8690,15.2940,-1.4376,0.000,30.59,43.0,3,2064
244835611,200.000,214.325,0.9000,0.2678,15.4366,-10.2685,0.000,30.59,43.0,3,2064
244836610,200.000,214.237,0.0000,-1.3298,0.0000,4.8467,0.000,30.59,43.0,3,2064
244837547,199.948,214.259,-0.9000,-0.0618,-15.4366,6.7836,0.000,30.59,43.0,3,2064
244838867,199.948,214.303,0.0000,0.9560,15.2940,-1.3134,0.000,30.59,43.0,3,2064
244839547,200.000,214.303,0.9000,0.2800,15.4366,-10.2674,0.000,30.59,43.0,3,2064
244840613,200.000,214.237,0.0000,-1.1955,0.0000,4.7621,0.000,30.59,43.0,3,2064
244841578,199.948,214.259,-0.9000,0.0938,-15.4366,6.8199,0.000,30.59,43.0,3,2064
244842575,199.948,214.303,0.0000,0.9865,15.2940,-1.3299,0.000,30.59,43.0,3,2064
244843921,200.000,214.325,0.9000,0.3487,15.4366,-10.3103,0.000,30.59,43.0,3,2064
244844585,200.000,214.237,0.0000,-1.2413,0.0000,4.6984,0.000,30.59,43.0,3,2064
244845582,199.948,214.259,-0.9000,0.0771,-15.4366,6.9528,0.000,30.59,43.0,3,2064
244846894,199.948,214.325,0.0000,0.8888,15.2940,-1.4771,0.000,30.59,43.0,3,2064
244847582,200.000,214.325,0.9000,0.4067,15.4366,-10.2641,0.000,30.59,43.0,3,2064
244848947,200.000,214.325,0.0000,0.1640,0.0000,-10.5003,0.000,30.59,43.0,3,2064
244849555,199.948,214.259,-0.9000,0.0603,-15.4366,6.7858,0.000,30.59,43.0,3,2064
244850866,199.948,214.325,0.0000,0.9773,15.2940,-1.2959,0.000,30.59,43.0,3,2064
244851584,200.000,214.325,0.9000,0.3197,15.4366,-10.3685,0.000,30.59,43.0,3,2064
244852596,200.000,214.259,0.0000,-1.1452,0.0000,4.6764,0.000,30.59,43.0,3,2064
244853894,199.948,214.281,-0.9000,-0.0145,-15.4366,6.9209,0.000,30.59,43.0,3,2064
244854578,199.948,214.347,0.0000,1.0643,15.2940,-1.4936,0.000,30.59,43.0,3,2064
244855580,200.000,214.347,0.9000,0.3746,15.4366,-10.3312,0.000,30.59,43.0,3,2064
244856577,200.000,214.281,0.0000,-1.1208,0.0000,4.7182,0.000,30.59,43.0,3,2064
244857575,199.948,214.281,-0.9000,0.0114,-15.4366,6.9978,0.000,30.59,43.0,3,2064
244858892,199.948,214.347,0.0000,0.9941,15.2940,-1.5529,0.000,30.59,43.0,3,2064
244859578,200.000,214.347,0.9000,0.3105,15.4366,-10.3026,0.000,30.59,43.0,3,2064
244860582,200.000,214.281,0.0000,-1.1498,0.0000,4.8137,0.000,30.59,43.0,3,2064
244861575,199.948,214.281,-0.9000,-0.0237,-15.4366,6.9682,0.000,30.59,43.0,3,2064
244862574,199.948,214.347,0.0000,0.9438,15.2940,-1.5771,0.000,30.59,43.0,3,2064
244863894,200.000,214.368,0.9000,0.3899,15.4366,-10.3169,0.000,30.59,43.0,3,2064
244864582,200.000,214.281,0.0000,-1.3451,0.0000,4.7962,0.000,30.59,43.0,3,2064
244865588,199.948,214.303,-0.9000,0.1549,-15.4366,6.9583,0.000,30.59,43.0,3,2064
244866860,199.948,214.368,0.0000,0.9941,15.2940,-1.5233,0.000,30.59,43.0,3,2064
244867547,200.000,214.368,0.9000,0.3899,15.4366,-10.3817,0.000,30.59,43.0,3,2064
244868884,200.000,214.368,0.0000,0.1106,0.0000,-10.5959,0.000,30.59,43.0,3,2064
244869573,199.948,214.303,-0.9000,-0.0359,-15.4366,6.9836,0.000,30.59,43.0,3,2064
244870888,199.948,214.368,0.0000,0.9209,15.2940,-1.4980,0.000,30.59,43.0,3,2064
244871577,200.000,214.368,0.9000,0.3822,15.4366,-10.3432,0.000,30.59,43.0,3,2064
244872552,200.000,214.281,0.0000,-1.2367,0.0000,4.7214,0.000,30.59,43.0,3,2064
244873867,199.948,214.303,-0.9000,-0.0343,-15.4366,7.0055,0.000,30.59,43.0,3,2064
244874641,199.948,214.368,0.0000,0.9483,15.2940,-1.5123,0.000,30.59,43.0,3,2064
244875603,200.000,214.368,0.9000,0.1976,15.4366,-10.4883,0.000,30.59,43.0,3,2064
244876548,200.000,214.281,0.0000,-1.2993,0.0000,4.2238,0.000,30.59,43.0,3,2064
244877547,199.948,214.281,-0.9000,-0.2495,-15.4366,7.2308,0.000,30.59,43.0,3,2064
244878868,199.948,214.347,0.0000,0.8705,15.2940,-1.4475,0.000,30.59,43.0,3,2064
244879612,200.000,214.347,0.9000,0.4250,15.4366,-10.2718,0.000,30.59,43.0,3,2064
244880582,200.000,214.259,0.0000,-1.4061,0.0000,5.2730,0.000,30.59,43.0,3,2064
244881595,199.948,214.281,-0.9000,-0.1045,-15.4366,6.9253,0.000,30.59,43.0,3,2064
244882586,199.948,214.325,0.0000,0.8309,15.2940,-1.4519,0.000,30.59,43.0,3,2064
244883895,200.000,214.325,0.9000,0.2327,15.4366,-10.2509,0.000,30.59,43.0,3,2064
244884585,200.000,214.237,0.0000,-1.2322,0.0000,4.7665,0.000,30.59,43.0,3,2064
244885583,199.948,214.259,-0.9000,-0.0938,-15.4366,6.9627,0.000,30.59,43.0,3,2064
244886921,199.948,214.325,0.0000,0.8827,15.2940,-1.4804,0.000,30.59,43.0,3,2064
244887617,200.000,214.325,0.9000,0.2953,15.4366,-10.2586,0.000,30.59,43.0,3,2064
244888869,200.000,214.303,0.0000,0.0191,0.0000,-9.9851,0.000,30.59,43.0,3,2064
244889547,199.948,214.259,-0.9000,-0.1793,-15.4366,6.8935,0.000,30.59,43.0,3,2064
244890931,199.948,214.303,0.0000,0.9087,15.2940,-1.4387,0.000,30.59,43.0,3,2064
244891584,200.000,214.325,0.9000,0.1747,15.4366,-10.5234,0.000,30.59,43.0,3,2064
244892581,200.000,214.237,0.0000,-1.3375,0.0000,4.2897,0.000,30.59,43.0,3,2064
244893894,199.948,214.237,-0.9000,-0.1915,-15.4366,7.1165,0.000,30.59,43.0,3,2064
244894581,199.948,214.281,0.0000,0.8507,15.2940,-1.4244,0.000,30.59,43.0,3,2064
244895582,200.000,214.303,0.9000,0.2708,15.4366,-10.1565,0.000,30.59,43.0,3,2064
244896577,200.000,214.215,0.0000,-1.3695,0.0000,4.7357,0.000,30.59,43.0,3,2064
244897577,199.948,214.215,-0.9000,-0.0923,-15.4366,6.9462,0.000,30.59,43.0,3,2064
244898894,199.948,214.259,0.0000,0.7607,15.2940,-1.5002,0.000,30.59,43.0,3,2064
244899582,200.000,214.281,0.9000,0.2495,15.4366,-10.2081,0.000,30.59,43.0,3,2064
244900582,200.000,214.193,0.0000,-1.2459,0.0000,4.7061,0.000,30.59,43.0,3,2064
244901577,199.948,214.193,-0.9000,-0.0389,-15.4366,6.9319,0.000,30.59,43.0,3,2064
244902576,199.948,214.259,0.0000,0.8980,15.2940,-1.4716,0.000,30.59,43.0,3,2064
244903895,200.000,214.259,0.9000,0.3563,15.4366,-10.1686,0.000,30.59,43.0,3,2064
244904578,200.000,214.193,0.0000,-1.3054,0.0000,4.7324,0.000,30.59,43.0,3,2064
244905554,199.948,214.193,-0.9000,-0.0114,-15.4366,6.8957,0.000,30.59,43.0,3,2064
244906865,199.948,214.259,0.0000,0.7439,15.2940,-1.4618,0.000,30.59,43.0,3,2064
244907572,200.000,214.259,0.9000,0.3227,15.4366,-10.1982,0.000,30.59,43.0,3,2064
244908886,200.000,214.259,0.0000,0.0572,0.0000,-10.4619,0.000,30.59,43.0,3,2064
244909576,199.948,214.193,-0.9000,-0.0359,-15.4366,6.9407,0.000,30.59,43.0,3,2064
244910898,199.948,214.237,0.0000,0.8156,15.2940,-1.4793,0.000,30.59,43.0,3,2064
244911551,200.000,214.259,0.9000,0.3716,15.4366,-10.2257,0.000,30.59,43.0,3,2064
244912618,200.000,214.171,0.0000,-1.1803,0.0000,4.8390,0.000,30.59,43.0,3,2064
244913873,199.948,214.193,-0.9000,-0.0008,-15.4366,6.8506,0.000,30.59,43.0,3,2064
244914559,199.948,214.237,0.0000,0.8003,15.2940,-1.4903,0.000,30.59,43.0,3,2064
244915552,200.000,214.259,0.9000,0.4021,15.4366,-10.2147,0.000,30.59,43.0,3,2064
244916596,200.000,214.171,0.0000,-1.1833,0.0000,4.7918,0.000,30.59,43.0,3,2064
244917552,199.948,214.193,-0.9000,0.1030,-15.4366,6.9034,0.000,30.59,43.0,3,2064
244918878,199.948,214.237,0.0000,0.8507,15.2940,-1.5046,0.000,30.59,43.0,3,2064
244919550,200.000,214.259,0.9000,0.2998,15.4366,-10.2048,0.000,30.59,43.0,3,2064
244920601,200.000,214.171,0.0000,-1.1986,0.0000,4.7577,0.000,30.59,43.0,3,2064
244921552,199.948,214.193,-0.9000,0.0328,-15.4366,6.8528,0.000,30.59,43.0,3,2064
244922558,199.948,214.237,0.0000,0.8949,15.2940,-1.4672,0.000,30.59,43.0,3,2064
244923869,200.000,214.259,0.9000,0.4204,15.4366,-10.1565,0.000,30.59,43.0,3,2064
244924651,200.000,214.171,0.0000,-1.2352,0.0000,4.6962,0.000,30.59,43.0,3,2064
244925559,199.948,214.193,-0.9000,0.0374,-15.4366,6.7561,0.000,30.59,43.0,3,2064
244926861,199.948,214.237,0.0000,0.9468,15.2940,-1.3167,0.000,30.59,43.0,3,2064
244927548,200.000,214.259,0.9000,0.4295,15.4366,-10.2795,0.000,30.59,43.0,3,2064
244928866,200.000,214.237,0.0000,0.1335,0.0000,-10.5179,0.000,30.59,43.0,3,2064
244929592,199.948,214.193,-0.9000,-0.0175,-15.4366,6.9198,0.000,30.59,43.0,3,2064
244930909,199.948,214.259,0.0000,0.9545,15.2940,-1.4650,0.000,30.59,43.0,3,2064
244932194,200.000,214.193,0.9000,-1.1940,15.4366,4.7753,0.000,30.59,43.0,3,2064
244932870,200.000,214.193,0.0000,0.0175,0.0000,6.8924,0.000,30.59,43.0,3,2064
244934245,199.948,214.259,-0.9000,0.9010,-15.4366,-1.5079,0.000,30.59,43.0,3,2064
244934867,199.948,214.281,0.0000,0.3655,15.2940,-10.2334,0.000,30.59,43.0,3,2064
244936200,200.000,214.193,0.9000,-1.2352,15.4366,4.7566,0.000,30.59,43.0,3,2064
244936871,200.000,214.215,0.0000,0.0832,0.0000,6.8880,0.000,30.59,43.0,3,2064
244937875,199.948,214.259,-0.9000,0.9133,-15.4366,-1.5442,0.000,30.59,43.0,3,2064
244939197,199.948,214.281,0.0000,0.2266,15.2940,-10.2202,0.000,30.59,43.0,3,2064
244940189,200.000,214.215,0.9000,-1.0918,15.4366,4.8027,0.000,30.59,43.0,3,2064
244940875,200.000,214.215,0.0000,0.1106,0.0000,6.8133,0.000,30.59,43.0,3,2064
244941870,199.948,214.281,-0.9000,0.9483,-15.4366,-1.4826,0.000,30.59,43.0,3,2064
244942875,199.948,214.281,0.0000,0.3075,15.2940,-10.2411,0.000,30.59,43.0,3,2064
244944246,200.000,214.215,0.9000,-1.2505,15.4366,4.7127,0.000,30.59,43.0,3,2064
244944939,200.000,214.237,0.0000,0.1259,0.0000,6.7693,0.000,30.59,43.0,3,2064
244945863,199.948,214.281,-0.9000,0.8919,-15.4366,-1.3332,0.000,30.59,43.0,3,2064
244947186,199.948,214.303,0.0000,0.3532,15.2940,-10.3070,0.000,30.59,43.0,3,2064
244947547,200.000,214.281,0.9000,-0.1289,15.4366,-7.3044,0.000,30.59,43.0,3,2064
244948868,200.000,214.215,0.0000,-1.1482,0.0000,4.6797,0.000,30.59,43.0,3,2064
244949547,199.948,214.237,-0.9000,0.1213,-15.4366,6.8770,0.000,30.59,43.0,3,2064
244950926,199.948,214.303,0.0000,0.9377,15.2940,-1.5068,0.000,30.59,43.0,3,2064
244951585,200.000,214.303,0.9000,0.1946,15.4366,-10.4630,0.000,30.59,43.0,3,2064
244952583,200.000,214.237,0.0000,-1.2398,0.0000,4.2413,0.000,30.59,43.0,3,2064
244953921,199.948,214.237,-0.9000,-0.1305,-15.4366,7.1583,0.000,30.59,43.0,3,2064
244954583,199.948,214.303,0.0000,0.9239,15.2940,-1.6793,0.000,30.59,43.0,3,2064
244955586,200.000,214.303,0.9000,0.3716,15.4366,-10.2455,0.000,30.59,43.0,3,2064
244956579,200.000,214.215,0.0000,-1.1925,0.0000,4.7434,0.000,30.59,43.0,3,2064
244957583,199.948,214.237,-0.9000,-0.0160,-15.4366,6.9209,0.000,30.59,43.0,3,2064
244958941,199.948,214.281,0.0000,0.8644,15.2940,-1.4738,0.000,30.59,43.0,3,2064
244959569,200.000,214.303,0.9000,0.2831,15.4366,-10.4850,0.000,30.59,43.0,3,2064
244960552,200.000,214.215,0.0000,-1.3268,0.0000,4.3160,0.000,30.59,43.0,3,2064
244961605,199.948,214.215,-0.9000,-0.0771,-15.4366,7.1165,0.000,30.59,43.0,3,2064
244962579,199.948,214.281,0.0000,0.9300,15.2940,-1.6452,0.000,30.59,43.0,3,2064
244963893,200.000,214.281,0.9000,0.2922,15.4366,-10.2224,0.000,30.59,43.0,3,2064
244964871,200.000,214.193,0.0000,-0.1060,0.0000,6.9023,0.000,30.59,43.0,3,2064
244965872,199.948,214.259,-0.9000,0.9331,-15.4366,-1.5090,0.000,30.59,43.0,3,2064
244967196,199.948,214.259,0.0000,0.2556,15.2940,-10.2213,0.000,30.59,43.0,3,2064
244967563,200.000,214.237,0.9000,-0.2434,15.4366,-7.2220,0.000,30.59,43.0,3,2064
244968894,200.000,214.171,0.0000,-1.2993,0.0000,4.7632,0.000,30.59,43.0,3,2064
244969872,199.948,214.259,-0.9000,0.8888,-15.4366,-1.5123,0.000,30.59,43.0,3,2064
244971195,199.948,214.259,0.0000,0.2800,15.2940,-10.2136,0.000,30.59,43.0,3,2064
244972191,200.000,214.171,0.9000,-1.2734,15.4366,4.7632,0.000,30.59,43.0,3,2064
244972911,200.000,214.193,0.0000,-0.0374,0.0000,6.9253,0.000,30.59,43.0,3,2064
244974195,199.948,214.237,-0.9000,0.9361,-15.4366,-1.5046,0.000,30.59,43.0,3,2064
244974874,199.948,214.259,0.0000,0.2586,15.2940,-10.1598,0.000,30.59,43.0,3,2064
244976197,200.000,214.171,0.9000,-1.2856,15.4366,4.6797,0.000,30.59,43.0,3,2064
244976909,200.000,214.171,0.0000,-0.0755,0.0000,6.9297,0.000,30.59,43.0,3,2064
244977872,199.948,214.237,-0.9000,0.9377,-15.4366,-1.4705,0.000,30.59,43.0,3,2064
244979195,199.948,214.237,0.0000,0.2724,15.2940,-10.1916,0.000,30.59,43.0,3,2064
244980192,200.000,214.171,0.9000,-1.2352,15.4366,4.7390,0.000,30.59,43.0,3,2064
244980909,200.000,214.193,0.0000,0.0923,0.0000,6.9111,0.000,30.59,43.0,3,2064
244981870,199.948,214.237,-0.9000,0.8278,-15.4366,-1.4925,0.000,30.59,43.0,3,2064
244982872,199.948,214.237,0.0000,0.2510,15.2940,-10.1949,0.000,30.59,43.0,3,2064
244984195,200.000,214.171,0.9000,-1.1147,15.4366,4.8005,0.000,30.59,43.0,3,2064
244984855,200.000,214.171,0.0000,0.0908,0.0000,6.8858,0.000,30.59,43.0,3,2064
244985859,199.948,214.237,-0.9000,0.8003,-15.4366,-1.5189,0.000,30.59,43.0,3,2064
244987165,199.948,214.237,0.0000,0.3761,15.2940,-10.2290,0.000,30.59,43.0,3,2064
244987558,200.000,214.237,0.9000,-0.2037,15.4366,-7.2879,0.000,30.59,43.0,3,2064
244988890,200.000,214.171,0.0000,-1.2505,0.0000,4.7819,0.000,30.59,43.0,3,2064
244989574,199.948,214.193,-0.9000,0.0252,-15.4366,6.8748,0.000,30.59,43.0,3,2064
244990890,199.948,214.237,0.0000,0.8812,15.2940,-1.4727,0.000,30.59,43.0,3,2064
244991580,200.000,214.259,0.9000,0.3014,15.4366,-10.2433,0.000,30.59,43.0,3,2064
244992555,200.000,214.171,0.0000,-1.3039,0.0000,4.7291,0.000,30.59,43.0,3,2064
244993975,199.948,214.193,-0.9000,0.0282,-15.4366,6.8627,0.000,30.59,43.0,3,2064
244994554,199.948,214.237,0.0000,0.9407,15.2940,-1.6617,0.000,30.59,43.0,3,2064
244995552,200.000,214.259,0.9000,0.4067,15.4366,-9.9411,0.000,30.59,43.0,3,2064
244996547,200.000,214.171,0.0000,-1.1269,0.0000,4.6347,0.000,30.59,43.0,3,2064
244997547,199.948,214.193,-0.9000,0.0389,-15.4366,6.8924,0.000,30.59,43.0,3,2064
244998931,199.948,214.259,0.0000,0.9697,15.2940,-1.5617,0.000,30.59,43.0,3,2064
244999581,200.000,214.259,0.9000,0.1518,15.4366,-10.4355,0.000,30.59,43.0,3,2064
245000581,200.000,214.193,0.0000,-1.2261,0.0000,4.2271,0.000,30.59,43.0,3,2064
245001608,199.948,214.193,-0.9000,-0.0191,-15.4366,7.1231,0.000,30.59,43.0,3,2064
245002579,199.948,214.259,0.0000,0.9072,15.2940,-1.6595,0.000,30.59,43.0,3,2064
245003896,200.000,214.259,0.9000,0.3410,15.4366,-9.7917,0.000,30.59,43.0,3,2064
245004866,200.000,214.193,0.0000,-0.0694,0.0000,6.8484,0.000,30.59,43.0,3,2064
245005876,199.948,214.259,-0.9000,0.9056,-15.4366,-1.5288,0.000,30.59,43.0,3,2064
245007266,199.948,214.259,0.0000,0.2251,15.2940,-10.4377,0.000,30.59,43.0,3,2064
245007552,200.000,214.237,0.9000,-0.2693,15.4366,-7.2407,0.000,30.59,43.0,3,2064
245008866,200.000,214.171,0.0000,-1.2490,0.0000,4.3084,0.000,30.59,43.0,3,2064
245009547,199.948,214.193,-0.9000,-0.0435,-15.4366,7.0890,0.000,30.59,43.0,3,2064
245010867,199.948,214.237,0.0000,0.8904,15.2940,-1.4749,0.000,30.59,43.0,3,2064
245011547,200.000,214.237,0.9000,0.2312,15.4366,-10.1905,0.000,30.59,43.0,3,2064
245012615,200.000,214.171,0.0000,-1.2352,0.0000,4.8258,0.000,30.59,43.0,3,2064
245013895,199.948,214.193,-0.9000,0.0053,-15.4366,6.7188,0.000,30.59,43.0,3,2064
245014931,199.948,214.237,0.0000,0.1808,15.2940,-10.4784,0.000,30.59,43.0,3,2064
245016197,200.000,214.171,0.9000,-1.1543,15.4366,4.2238,0.000,30.59,43.0,3,2064
245016866,200.000,214.171,0.0000,-0.2342,0.0000,7.0693,0.000,30.59,43.0,3,2064
245017874,199.948,214.237,-0.9000,0.8232,-15.4366,-1.4629,0.000,30.59,43.0,3,2064
245019199,199.948,214.237,0.0000,0.2998,15.2940,-10.1477,0.000,30.59,43.0,3,2064
245020196,200.000,214.149,0.9000,-1.2917,15.4366,4.7621,0.000,30.59,43.0,3,2064
245020914,200.000,214.149,0.0000,-0.0511,0.0000,6.9330,0.000,30.59,43.0,3,2064
245021867,199.948,214.215,-0.9000,0.8568,-15.4366,-1.5299,0.000,30.59,43.0,3,2064
245022941,199.948,214.215,0.0000,0.2602,15.2940,-10.4256,0.000,30.59,43.0,3,2064
245024184,200.000,214.127,0.9000,-1.3146,15.4366,4.2271,0.000,30.59,43.0,3,2064
245024854,200.000,214.127,0.0000,-0.1671,0.0000,7.1846,0.000,30.59,43.0,3,2064
245025856,199.948,214.193,-0.9000,0.8186,-15.4366,-1.4607,0.000,30.59,43.0,3,2064
245027255,199.948,214.193,0.0000,0.2251,15.2940,-10.3795,0.000,30.59,43.0,3,2064
245027581,200.000,214.171,0.9000,-0.4433,15.4366,-7.2890,0.000,30.59,43.0,3,2064
245028892,200.000,214.105,0.0000,-1.3558,0.0000,4.3512,0.000,30.59,43.0,3,2064
245029867,199.948,214.149,-0.9000,0.7362,-15.4366,-1.5420,0.000,30.59,43.0,3,2064
245031195,199.948,214.171,0.0000,0.2632,15.2940,-10.1565,0.000,30.59,43.0,3,2064
245032192,200.000,214.083,0.9000,-1.3252,15.4366,4.8082,0.000,30.59,43.0,3,2064
245032867,200.000,214.083,0.0000,-0.1457,0.0000,7.0165,0.000,30.59,43.0,3,2064
245034195,199.948,214.149,-0.9000,0.8904,-15.4366,-1.5573,0.000,30.59,43.0,3,2064
245034908,199.948,214.149,0.0000,0.2770,15.2940,-10.2411,0.000,30.59,43.0,3,2064
245036192,200.000,214.061,0.9000,-1.2352,15.4366,4.8840,0.000,30.59,43.0,3,2064
245036912,200.000,214.083,0.0000,0.0191,0.0000,7.0407,0.000,30.59,43.0,3,2064
245037868,199.948,214.127,-0.9000,0.8568,-15.4366,-1.6452,0.000,30.59,43.0,3,2064
245039195,199.948,214.127,0.0000,0.3426,15.2940,-10.2652,0.000,30.59,43.0,3,2064
245040189,200.000,214.061,0.9000,-1.4107,15.4366,4.8247,0.000,30.59,43.0,3,2064
245040911,200.000,214.061,0.0000,0.0053,0.0000,7.1033,0.000,30.59,43.0,3,2064
245041870,199.948,214.127,-0.9000,0.9514,-15.4366,-1.7002,0.000,30.59,43.0,3,2064
245042869,199.948,214.127,0.0000,0.2541,15.2940,-10.2795,0.000,30.59,43.0,3,2064
245044194,200.000,214.061,0.9000,-1.1925,15.4366,4.8137,0.000,30.59,43.0,3,2064
245044911,200.000,214.061,0.0000,-0.0710,0.0000,7.0671,0.000,30.59,43.0,3,2064
245046193,199.948,214.127,-0.9000,1.0033,-15.4366,-1.6628,0.000,30.59,43.0,3,2064
245047181,199.948,214.127,0.0000,0.3655,15.2940,-10.2795,0.000,30.59,43.0,3,2064
245047578,200.000,214.105,0.9000,-0.1839,15.4366,-7.4087,0.000,30.59,43.0,3,2064
245048893,200.000,214.061,0.0000,-1.2779,0.0000,4.7412,0.000,30.59,43.0,3,2064
245049867,199.948,214.127,-0.9000,0.9209,-15.4366,-1.6815,0.000,30.59,43.0,3,2064
245051196,199.948,214.149,0.0000,0.4219,15.2940,-10.2619,0.000,30.59,43.0,3,2064
245052169,200.000,214.061,0.9000,-1.0552,15.4366,4.7105,0.000,30.59,43.0,3,2064
245052854,200.000,214.083,0.0000,0.0374,0.0000,7.0561,0.000,30.59,43.0,3,2064
245054179,199.948,214.149,-0.9000,1.0277,-15.4366,-1.6222,0.000,30.59,43.0,3,2064
245054854,199.948,214.149,0.0000,0.3166,15.2940,-10.2773,0.000,30.59,43.0,3,2064
245056193,200.000,214.061,0.9000,-1.2184,15.4366,4.7731,0.000,30.59,43.0,3,2064
245056867,200.000,214.083,0.0000,0.0877,0.0000,7.0253,0.000,30.59,43.0,3,2064
245058190,199.948,214.149,-0.9000,1.0277,-15.4366,-1.6353,0.000,30.59,43.0,3,2064
245059188,199.948,214.149,0.0000,0.3853,15.2940,-10.3037,0.000,30.59,43.0,3,2064
245060190,200.000,214.083,0.9000,-1.0704,15.4366,4.8533,0.000,30.59,43.0,3,2064
245060865,200.000,214.105,0.0000,-0.0877,0.0000,6.9495,0.000,30.59,43.0,3,2064
245062191,199.948,214.171,-0.9000,1.0307,-15.4366,-1.6255,0.000,30.59,43.0,3,2064
245062867,199.948,214.171,0.0000,0.3273,15.2940,-10.2828,0.000,30.59,43.0,3,2064
245064183,200.000,214.105,0.9000,-1.1727,15.4366,4.6907,0.000,30.59,43.0,3,2064