t_us,p_cmd_deg,p_act_deg,v_cmd,v_act,t_cmd,t_act,iq,vbus,temp,state,events
124253922,141.660,141.660,0.0000,0.0267,-0.0000,-0.0005,0.000,32.38,39.0,6,3073
124254575,141.660,141.660,0.0000,0.0221,-0.0000,-0.0005,0.000,32.38,39.0,6,3073
124255891,141.660,141.660,0.0000,-0.0267,-0.0000,-0.0005,0.000,32.38,39.0,6,3073
124256577,141.660,141.660,0.0000,0.0359,-0.0000,-0.0005,0.000,32.38,39.0,6,3073
124257895,141.660,141.660,0.0000,-0.1060,-0.0000,-0.0005,0.000,32.38,39.0,6,3073
124258577,141.660,141.682,0.0000,0.1335,-0.0000,-0.0005,0.000,32.38,39.0,6,3073
124259576,141.682,141.660,0.0000,0.0298,-0.0000,-0.0005,0.000,32.38,39.0,6,3073
124260889,141.660,141.660,0.0000,-0.0023,-0.0000,-0.0005,0.000,32.38,39.0,6,3073
124261578,141.660,141.682,0.0000,0.0191,-0.0000,-0.0005,0.000,32.38,39.0,6,3073
124262589,141.682,141.660,0.0000,-0.0023,-0.0000,-0.0005,0.000,32.38,39.0,6,3073
124263549,141.660,141.682,0.0000,0.2235,-0.0000,-0.0005,0.000,32.38,39.0,6,3073
124264545,141.682,141.660,0.0000,-0.1320,-0.0000,-0.0005,0.000,32.38,39.0,6,3073
124265907,141.660,141.660,0.0000,-0.0298,-0.0000,-0.0005,0.000,32.38,39.0,6,3073
124266889,141.660,141.660,0.0000,0.0618,-0.0000,-0.0005,0.000,32.38,39.0,6,3073
124267886,141.660,141.660,0.0000,-0.0114,-0.0000,-0.0005,0.000,32.38,39.0,6,3073
124268889,141.660,141.660,0.0000,0.0282,-0.0000,-0.0005,0.000,32.38,39.0,6,3073
124269855,141.660,141.682,0.0000,0.0999,-0.0000,-0.0005,0.000,32.38,39.0,6,3073
124271291,141.682,141.660,0.0000,-0.0557,-0.0000,-0.0005,0.000,32.38,39.0,6,3073
124271718,141.660,141.660,0.0000,0.0069,-0.0000,-0.0005,0.000,32.38,39.0,6,3073
124272877,141.660,141.660,0.0000,0.0191,-0.0000,-0.0005,0.000,32.38,39.0,6,3073
124274179,141.660,141.660,0.0000,0.0191,-0.0000,-0.0005,0.000,32.38,39.0,6,3073
124274438,141.660,141.660,0.0000,0.0008,-0.0000,-0.0005,0.000,32.38,39.0,6,3073
124275893,141.660,141.660,0.0000,-0.0374,-0.0000,-0.0005,0.000,32.38,39.0,6,3073
124276550,141.660,141.660,0.0000,-0.0603,-0.0000,-0.0005,0.000,32.38,39.0,6,3073
124277884,141.660,141.660,0.0000,-0.0206,-0.0000,-0.0005,0.000,32.38,39.0,6,3073
124278550,141.660,141.682,0.0000,0.1274,-0.0000,-0.0005,0.000,32.38,39.0,6,3073
124279598,141.682,141.660,0.0000,0.0053,-0.0000,-0.0005,0.000,32.38,39.0,6,3073
124280874,141.660,141.660,0.0000,0.0679,-0.0000,-0.0005,0.000,32.38,39.0,6,3073
124281551,141.660,141.660,0.0000,0.0710,-0.0000,-0.0005,0.000,32.38,39.0,6,3073
124282554,141.660,141.660,0.0000,-0.0496,-0.0000,-0.0005,0.000,32.38,39.0,6,3073
124283546,141.660,141.660,0.0000,-0.0267,-0.0000,-0.0005,0.000,32.38,39.0,6,3073
124284601,141.660,141.660,0.0000,-0.0465,-0.0000,-0.0005,0.000,32.38,39.0,6,3073
124285876,141.660,141.660,0.0000,-0.0313,-0.0000,-0.0005,0.000,32.38,39.0,6,3073
124286562,141.660,141.660,0.0000,0.0999,-0.0000,-0.0005,0.000,32.38,39.0,6,3073
124287551,141.660,141.660,0.0000,-0.0160,-0.0000,-0.0005,0.000,32.38,39.0,6,3073
124288590,141.660,141.660,0.0000,0.0832,-0.0000,-0.0005,0.000,32.38,39.0,6,3073
124289547,141.660,141.660,0.0000,-0.0313,-0.0000,-0.0005,0.000,32.38,39.0,6,3073
124291370,141.660,141.660,0.0000,-0.0847,-0.0000,-0.0005,0.000,32.38,39.0,6,3073
124291753,141.660,141.660,0.0000,0.1060,-0.0000,-0.0005,0.000,32.38,39.0,6,3073
124292853,141.660,141.660,0.0000,0.0420,-0.0000,-0.0005,0.000,32.38,39.0,6,3073
124294179,141.660,141.660,0.0000,-0.1396,-0.0000,-0.0005,0.000,32.38,39.0,6,3073
124294548,141.660,141.660,0.0000,0.0648,-0.0000,-0.0005,0.000,32.38,39.0,6,3073
124295928,141.660,141.660,0.0000,0.0404,-0.0000,-0.0005,0.000,32.38,39.0,6,3073
124296580,141.660,141.660,0.0000,0.1778,-0.0000,-0.0005,0.000,32.38,39.0,6,3073
124297961,141.660,141.660,0.0000,-0.0267,-0.0000,-0.0005,0.000,32.38,39.0,6,3073
124298581,141.660,141.660,0.0000,0.0175,-0.0000,-0.0005,0.000,32.38,39.0,6,3073
124299575,141.660,141.660,0.0000,0.0404,-0.0000,-0.0005,0.000,32.38,39.0,6,3073
124300919,141.660,141.682,0.0000,0.0496,-0.0000,-0.0005,0.000,32.38,39.0,6,3073
124301579,141.682,141.682,0.0000,0.0160,-0.0000,-0.0005,0.000,32.38,39.0,6,3073
124302576,141.682,141.682,0.0000,0.0282,-0.0000,-0.0005,0.000,32.38,39.0,6,3073
124303581,141.682,141.660,0.0000,-0.0023,-0.0000,-0.0005,0.000,32.38,39.0,6,3073
124304633,141.660,141.660,0.0000,-0.0084,-0.0000,-0.0005,0.000,32.38,39.0,6,3073
124305874,141.660,141.660,0.0000,0.0069,-0.0000,-0.0005,0.000,32.38,39.0,6,3073
124306549,141.660,141.660,0.0000,0.0511,-0.0000,-0.0005,0.000,32.38,39.0,6,3073
124307615,141.660,141.660,0.0000,-0.0832,-0.0000,-0.0005,0.000,32.38,39.0,6,3073
124308569,141.660,141.660,0.0000,-0.0542,-0.0000,-0.0005,0.000,32.38,39.0,6,3073
124309571,141.660,141.660,0.0000,-0.0481,-0.0000,-0.0005,0.000,32.38,39.0,6,3073
124310892,141.660,141.660,0.0000,0.0389,-0.0000,-0.0005,0.000,32.38,39.0,6,3073
124311574,141.660,141.660,0.0000,0.0755,-0.0000,-0.0005,0.000,32.38,39.0,6,3073
124312576,141.660,141.660,0.0000,-0.0298,-0.0000,-0.0005,0.000,32.38,39.0,6,3073
124313889,141.660,141.660,0.0000,-0.0130,-0.0000,-0.0005,0.000,32.38,39.0,6,3073
124314573,141.660,141.682,0.0000,0.0496,-0.0000,-0.0005,0.000,32.38,39.0,6,3073
124315903,141.682,141.660,0.0000,-0.1030,-0.0000,-0.0005,0.000,32.38,39.0,6,3073
124316852,141.660,141.660,0.0000,-0.1427,-0.0000,-0.0005,0.000,32.38,39.0,6,3073
124318180,141.660,141.660,0.0000,-0.0282,-0.0000,-0.0005,0.000,32.38,39.0,6,3073
124318852,141.660,141.660,0.0000,0.0526,-0.0000,-0.0005,0.000,32.38,39.0,6,3073
124319883,141.660,141.660,0.0000,0.1198,-0.0000,-0.0005,0.000,32.38,39.0,6,3073
124321209,141.660,141.660,0.0000,0.0572,-0.0000,-0.0005,0.000,32.38,39.0,6,3073
124321888,141.660,141.660,0.0000,-0.0023,-0.0000,-0.0005,0.000,32.38,39.0,6,3073
124322889,141.660,141.660,0.0000,-0.0191,-0.0000,-0.0005,0.000,32.38,39.0,6,3073
124323832,141.660,141.660,0.0000,-0.0084,-0.0000,-0.0005,0.000,32.38,39.0,6,3073
124324853,141.660,141.660,0.0000,0.0145,-0.0000,-0.0005,0.000,32.38,39.0,6,3073
124326185,141.660,141.660,0.0000,0.0191,-0.0000,-0.0005,0.000,32.38,39.0,6,3073
124326939,141.660,141.660,0.0000,0.0038,-0.0000,-0.0005,0.000,32.38,39.0,6,3073
124327792,141.660,141.660,0.0000,-0.0984,-0.0000,-0.0005,0.000,32.38,39.0,6,3073
124328876,141.660,141.682,0.0000,0.0771,-0.0000,-0.0005,0.000,32.38,39.0,6,3073
124329853,141.682,141.660,0.0000,-0.1091,-0.0000,-0.0005,0.000,32.38,39.0,6,3073
124331192,141.660,141.682,0.0000,0.0755,-0.0000,-0.0005,0.000,32.38,39.0,6,3073
124331854,141.682,141.660,0.0000,0.0465,-0.0000,-0.0005,0.000,32.38,39.0,6,3073
124333225,141.660,141.660,0.0000,-0.0130,-0.0000,-0.0005,0.000,32.38,39.0,6,3073
124334176,141.660,141.660,0.0000,-0.0053,-0.0000,-0.0005,0.000,32.38,39.0,6,3073
124334559,141.660,141.660,0.0000,0.0038,-0.0000,-0.0005,0.000,32.38,39.0,6,3073
124335874,141.660,141.660,0.0000,-0.0343,-0.0000,-0.0005,0.000,32.38,39.0,6,3073
124336593,141.660,141.660,0.0000,-0.1381,-0.0000,-0.0005,0.000,32.38,39.0,6,3073
124337879,141.660,141.682,0.0000,0.1106,-0.0000,-0.0005,0.000,32.38,39.0,6,3073
124338549,141.682,141.660,0.0000,-0.0648,-0.0000,-0.0005,0.000,32.38,39.0,6,3073
124339553,141.660,141.660,0.0000,-0.0435,-0.0000,-0.0005,0.000,32.38,39.0,6,3073
124340874,141.660,141.660,0.0000,0.0328,-0.0000,-0.0005,0.000,32.38,39.0,6,3073
124341650,141.660,141.660,0.0000,0.0282,-0.0000,-0.0005,0.000,32.38,39.0,6,3073
124342555,141.660,141.682,0.0000,0.0175,-0.0000,-0.0005,0.000,32.38,39.0,6,3073
124343545,141.682,141.660,0.0000,-0.0267,-0.0000,-0.0005,0.000,32.38,39.0,6,3073
124344548,141.660,141.660,0.0000,-0.0420,-0.0000,-0.0005,0.000,32.38,39.0,6,3073
124345935,141.660,141.660,0.0000,0.0069,-0.0000,-0.0005,0.000,32.38,39.0,6,3073
124346577,141.660,141.660,0.0000,0.0404,-0.0000,-0.0005,0.000,32.38,39.0,6,3073
124347644,141.660,141.660,0.0000,0.0908,-0.0000,-0.0005,0.000,32.38,39.0,6,3073
124348572,141.660,141.660,0.0000,-0.0206,-0.0000,-0.0005,0.000,32.38,39.0,6,3073
124349598,141.660,141.660,0.0000,0.0328,-0.0000,-0.0005,0.000,32.38,39.0,6,3073
124350892,141.660,141.660,0.0000,0.0374,-0.0000,-0.0005,0.000,32.38,39.0,6,3073
124351577,141.660,141.660,0.0000,0.0267,-0.0000,-0.0005,0.000,32.38,39.0,6,3073
124352577,141.660,141.660,0.0000,0.0053,-0.0000,-0.0005,0.000,32.38,39.0,6,3073
124353958,141.660,141.660,0.0000,0.0008,-0.0000,-0.0005,0.000,32.38,39.0,6,3073
124354548,141.660,141.660,0.0000,0.0450,-0.0000,-0.0005,0.000,32.38,39.0,6,3073
124355870,141.660,141.660,0.0000,-0.0084,-0.0000,-0.0005,0.000,32.38,39.0,6,3073
124356612,141.660,141.660,0.0000,-0.0175,-0.0000,-0.0005,0.000,32.38,39.0,6,3073
124357899,141.660,141.660,0.0000,-0.0969,-0.0000,-0.0005,0.000,32.38,39.0,6,3073
124358575,141.660,141.660,0.0000,0.0771,-0.0000,-0.0005,0.000,32.38,39.0,6,3073
124359576,141.660,141.660,0.0000,0.0923,-0.0000,-0.0005,0.000,32.38,39.0,6,3073
124360893,141.660,141.660,0.0000,-0.0511,-0.0000,-0.0005,0.000,32.38,39.0,6,3073
124361574,141.660,141.660,0.0000,0.0496,-0.0000,-0.0005,0.000,32.38,39.0,6,3073
124362575,141.660,141.660,0.0000,-0.0191,-0.0000,-0.0005,0.000,32.38,39.0,6,3073
124363571,141.660,141.660,0.0000,-0.0694,-0.0000,-0.0005,0.000,32.38,39.0,6,3073
124364572,141.660,141.660,0.0000,0.0160,-0.0000,-0.0005,0.000,32.38,39.0,6,3073
124365905,141.660,141.660,0.0000,0.0694,-0.0000,-0.0005,0.000,32.38,39.0,6,3073
124366852,141.660,141.660,0.0000,0.0450,-0.0000,-0.0005,0.000,32.38,39.0,6,3073
124367853,141.660,141.660,0.0000,0.0221,-0.0000,-0.0005,0.000,32.38,39.0,6,3073
124368882,141.660,141.660,0.0000,-0.0450,-0.0000,-0.0005,0.000,32.38,39.0,6,3073
124369880,141.660,141.660,0.0000,-0.0313,-0.0000,-0.0005,0.000,32.38,39.0,6,3073
124371205,141.660,141.660,0.0000,0.0786,-0.0000,-0.0005,0.000,32.38,39.0,6,3073
124371916,141.660,141.660,0.0000,-0.0237,-0.0000,-0.0005,0.000,32.38,39.0,6,3073
124372774,141.660,141.660,0.0000,0.0557,-0.0000,-0.0005,0.000,32.38,39.0,6,3073
124374162,141.660,141.660,0.0000,0.1045,-0.0000,-0.0005,0.000,32.38,39.0,6,3073
124374996,141.660,141.660,0.0000,-0.0008,-0.0000,-0.0005,0.000,32.38,39.0,6,3073
124375965,141.660,141.682,0.0000,0.0755,-0.0000,-0.0005,0.000,32.38,39.0,6,3073
124376470,141.682,141.660,0.0000,0.0282,-0.0000,-0.0005,0.000,32.38,39.0,6,3073
124377880,141.660,141.660,0.0000,-0.0114,-0.0000,-0.0005,0.000,32.38,39.0,6,3073
124378546,141.660,141.660,0.0000,0.0298,-0.0000,-0.0005,0.000,32.38,39.0,6,3073
124379561,141.660,141.660,0.0000,0.0999,-0.0000,-0.0005,0.000,32.38,39.0,6,3073
124380869,141.660,141.660,0.0000,0.0572,-0.0000,-0.0005,0.000,32.38,39.0,6,3073
124381596,141.660,141.682,0.0000,-0.0160,-0.0000,-0.0005,0.000,32.38,39.0,6,3073
124382551,141.682,141.682,0.0000,0.0725,-0.0000,-0.0005,0.000,32.38,39.0,6,3073
124383557,141.682,141.660,0.0000,-0.0298,-0.0000,-0.0005,0.000,32.38,39.0,6,3073
124384546,141.660,141.660,0.0000,0.0069,-0.0000,-0.0005,0.000,32.38,39.0,6,3073
124385912,141.660,141.660,0.0000,0.0282,-0.0000,-0.0005,0.000,32.38,39.0,6,3073
124386849,141.660,141.660,0.0000,0.0328,-0.0000,-0.0005,0.000,32.38,39.0,6,3073
124387943,141.660,141.660,0.0000,0.0740,-0.0000,-0.0005,0.000,32.38,39.0,6,3073
124388849,141.660,141.660,0.0000,0.0069,-0.0000,-0.0005,0.000,32.38,39.0,6,3073
124389894,141.660,141.660,0.0000,0.0267,-0.0000,-0.0005,0.000,32.38,39.0,6,3073
124391172,141.660,141.682,0.0000,0.0877,-0.0000,-0.0005,0.000,32.38,39.0,6,3073
124391943,141.682,141.660,0.0000,-0.0145,-0.0000,-0.0005,0.000,32.38,39.0,6,3073
124392853,141.660,141.660,0.0000,-0.0435,-0.0000,-0.0005,0.000,32.38,39.0,6,3073
124394174,141.660,141.660,0.0000,-0.0664,-0.0000,-0.0005,0.000,32.38,39.0,6,3073
124394547,141.660,141.660,0.0000,0.0710,-0.0000,-0.0005,0.000,32.38,39.0,6,3073
124395874,141.660,141.660,0.0000,-0.0542,-0.0000,-0.0005,0.000,32.38,39.0,6,3073
124396618,141.660,141.660,0.0000,0.0191,-0.0000,-0.0005,0.000,32.38,39.0,6,3073
124397902,141.660,141.682,0.0000,0.0969,-0.0000,-0.0005,0.000,32.38,39.0,6,3073
124398635,141.682,141.660,0.0000,-0.1289,-0.0000,-0.0005,0.000,32.38,39.0,6,3073
124399581,141.660,141.660,0.0000,-0.0298,-0.0000,-0.0005,0.000,32.38,39.0,6,3073
124400891,141.660,141.660,0.0000,-0.0252,-0.0000,-0.0005,0.000,32.38,39.0,6,3073
124401605,141.660,141.660,0.0000,0.1122,-0.0000,-0.0005,0.000,32.38,39.0,6,3073
124402577,141.660,141.682,0.0000,0.0542,-0.0000,-0.0005,0.000,32.38,39.0,6,3073
124403571,141.682,141.682,0.0000,-0.0282,-0.0000,-0.0005,0.000,32.38,39.0,6,3073
124404617,141.682,141.682,0.0000,0.0435,-0.0000,-0.0005,0.000,32.38,39.0,6,3073
124405919,141.682,141.660,0.0000,-0.0160,-0.0000,-0.0005,0.000,32.38,39.0,6,3073
124406554,141.660,141.660,0.0000,0.0343,-0.0000,-0.0005,0.000,32.38,39.0,6,3073
124407607,141.660,141.660,0.0000,-0.0816,-0.0000,-0.0005,0.000,32.38,39.0,6,3073
124408572,141.660,141.660,0.0000,0.0572,-0.0000,-0.0005,0.000,32.38,39.0,6,3073
124409568,141.660,141.660,0.0000,0.0374,-0.0000,-0.0005,0.000,32.38,39.0,6,3073
124410888,141.660,141.660,0.0000,-0.0679,-0.0000,-0.0005,0.000,32.38,39.0,6,3073
124411573,141.660,141.660,0.0000,0.0252,-0.0000,-0.0005,0.000,32.38,39.0,6,3073
124412573,141.660,141.660,0.0000,-0.0069,-0.0000,-0.0005,0.000,32.38,39.0,6,3073
124413887,141.660,141.682,0.0000,0.1137,-0.0000,-0.0005,0.000,32.38,39.0,6,3073
124414570,141.682,141.660,0.0000,-0.0511,-0.0000,-0.0005,0.000,32.38,39.0,6,3073
124416185,141.660,141.660,0.0000,0.0710,-0.0000,-0.0005,0.000,32.38,39.0,6,3073
124416573,141.660,141.660,0.0000,-0.0069,-0.0000,-0.0005,0.000,32.38,39.0,6,3073
124417910,141.660,141.660,0.0000,-0.0237,-0.0000,-0.0005,0.000,32.38,39.0,6,3073
124418850,141.660,141.660,0.0000,-0.0847,-0.0000,-0.0005,0.000,32.38,39.0,6,3073
124419849,141.660,141.660,0.0000,-0.0877,-0.0000,-0.0005,0.000,32.38,39.0,6,3073
124421207,141.660,141.682,0.0000,0.0740,-0.0000,-0.0005,0.000,32.38,39.0,6,3073
124421911,141.682,141.660,0.0000,-0.0282,-0.0000,-0.0005,0.000,32.38,39.0,6,3073
124422882,141.660,141.660,0.0000,0.0710,-0.0000,-0.0005,0.000,32.38,39.0,6,3073
124423883,141.660,141.682,0.0000,0.1213,-0.0000,-0.0005,0.000,32.38,39.0,6,3073
124424873,141.682,141.660,0.0000,-0.0175,-0.0000,-0.0005,0.000,32.38,39.0,6,3073
124426183,141.660,141.660,0.0000,0.0313,-0.0000,-0.0005,0.000,32.38,39.0,6,3073
124426849,141.660,141.660,0.0000,0.0206,-0.0000,-0.0005,0.000,32.38,39.0,6,3073
124427963,141.660,141.660,0.0000,0.0008,-0.0000,-0.0005,0.000,32.38,39.0,6,3073
124428876,141.660,141.660,0.0000,-0.0771,-0.0000,-0.0005,0.000,32.38,39.0,6,3073
124429850,141.660,141.660,0.0000,0.0084,-0.0000,-0.0005,0.000,32.38,39.0,6,3073
124431186,141.660,141.660,0.0000,-0.0740,-0.0000,-0.0005,0.000,32.38,39.0,6,3073
124431848,141.660,141.660,0.0000,0.0374,-0.0000,-0.0005,0.000,32.38,39.0,6,3073
124432890,141.660,141.660,0.0000,-0.0114,-0.0000,-0.0005,0.000,32.38,39.0,6,3073
124434171,141.660,141.660,0.0000,0.0130,-0.0000,-0.0005,0.000,32.38,39.0,6,3073
124434559,141.660,141.660,0.0000,0.0374,-0.0000,-0.0005,0.000,32.38,39.0,6,3073
124435874,141.660,141.660,0.0000,-0.0450,-0.0000,-0.0005,0.000,32.38,39.0,6,3073
124436593,141.660,141.660,0.0000,0.0145,-0.0000,-0.0005,0.000,32.38,39.0,6,3073
124437880,141.660,141.660,0.0000,-0.0130,-0.0000,-0.0005,0.000,32.38,39.0,6,3073
124438560,141.660,141.682,0.0000,0.1213,-0.0000,-0.0005,0.000,32.38,39.0,6,3073
124439553,141.682,141.660,0.0000,-0.1549,-0.0000,-0.0005,0.000,32.38,39.0,6,3073
124440873,141.660,141.660,0.0000,0.0435,-0.0000,-0.0005,0.000,32.38,39.0,6,3073
124441651,141.660,141.660,0.0000,0.0603,-0.0000,-0.0005,0.000,32.38,39.0,6,3073
124442553,141.660,141.660,0.0000,0.0023,-0.0000,-0.0005,0.000,32.38,39.0,6,3073
124443545,141.660,141.660,0.0000,0.0099,-0.0000,-0.0005,0.000,32.38,39.0,6,3073
124444550,141.660,141.660,0.0000,-0.0526,-0.0000,-0.0005,0.000,32.38,39.0,6,3073
124445931,141.660,141.660,0.0000,-0.0496,-0.0000,-0.0005,0.000,32.38,39.0,6,3073
124446578,141.660,141.660,0.0000,0.0465,-0.0000,-0.0005,0.000,32.38,39.0,6,3073
124447643,141.660,141.660,0.0000,-0.0465,-0.0000,-0.0005,0.000,32.38,39.0,6,3073
124448572,141.660,141.660,0.0000,-0.0374,-0.0000,-0.0005,0.000,32.38,39.0,6,3073
124449597,141.660,141.660,0.0000,0.0237,-0.0000,-0.0005,0.000,32.38,39.0,6,3073
124450891,141.660,141.660,0.0000,0.0282,-0.0000,-0.0005,0.000,32.38,39.0,6,3073
124451576,141.660,141.660,0.0000,0.0252,-0.0000,-0.0005,0.000,32.38,39.0,6,3073
124452577,141.660,141.660,0.0000,0.0221,-0.0000,-0.0005,0.000,32.38,39.0,6,3073
124453957,141.660,141.660,0.0000,0.0298,-0.0000,-0.0005,0.000,32.38,39.0,6,3073
124454549,141.660,141.682,0.0000,0.0847,-0.0000,-0.0005,0.000,32.38,39.0,6,3073
124455869,141.682,141.660,0.0000,0.0893,-0.0000,-0.0005,0.000,32.38,39.0,6,3073
124456609,141.660,141.660,0.0000,-0.0435,-0.0000,-0.0005,0.000,32.38,39.0,6,3073
124458190,141.660,141.660,0.0000,-0.0435,-0.0000,-0.0005,0.000,32.38,39.0,6,3073
124458575,141.660,141.660,0.0000,-0.1167,-0.0000,-0.0005,0.000,32.38,39.0,6,3073
124459576,141.660,141.660,0.0000,-0.0038,-0.0000,-0.0005,0.000,32.38,39.0,6,3073
124460892,141.660,141.660,0.0000,0.0481,-0.0000,-0.0005,0.000,32.38,39.0,6,3073
124461574,141.660,141.682,0.0000,0.0816,-0.0000,-0.0005,0.000,32.38,39.0,6,3073
124462576,141.682,141.660,0.0000,-0.1411,-0.0000,-0.0005,0.000,32.38,39.0,6,3073
124463571,141.660,141.660,0.0000,0.0923,-0.0000,-0.0005,0.000,32.38,39.0,6,3073
124464572,141.660,141.660,0.0000,-0.0771,-0.0000,-0.0005,0.000,32.38,39.0,6,3073
124465903,141.660,141.660,0.0000,-0.0145,-0.0000,-0.0005,0.000,32.38,39.0,6,3073
124466851,141.660,141.660,0.0000,0.0465,-0.0000,-0.0005,0.000,32.38,39.0,6,3073
124467846,141.660,141.660,0.0000,-0.0740,-0.0000,-0.0005,0.000,32.38,39.0,6,3073
124468856,141.660,141.660,0.0000,0.0191,-0.0000,-0.0005,0.000,32.38,39.0,6,3073
124469885,141.660,141.682,0.0000,0.0938,-0.0000,-0.0005,0.000,32.38,39.0,6,3073
124471204,141.682,141.660,0.0000,-0.0542,-0.0000,-0.0005,0.000,32.38,39.0,6,3073
124471912,141.660,141.660,0.0000,-0.1015,-0.0000,-0.0005,0.000,32.38,39.0,6,3073
124472910,141.660,141.660,0.0000,0.0450,-0.0000,-0.0005,0.000,32.38,39.0,6,3073
124474207,141.660,141.660,0.0000,-0.0038,-0.0000,-0.0005,0.000,32.38,39.0,6,3073
124474551,141.660,141.682,0.0000,0.0755,-0.0000,-0.0005,0.000,32.38,39.0,6,3073
124475856,141.682,141.660,0.0000,-0.0862,-0.0000,-0.0005,0.000,32.38,39.0,6,3073
124476867,141.660,141.660,0.0000,-0.0893,-0.0000,-0.0005,0.000,32.38,39.0,6,3073
124478177,141.660,141.660,0.0000,0.0832,-0.0000,-0.0005,0.000,32.38,39.0,6,3073
124478854,141.660,141.660,0.0000,-0.0587,-0.0000,-0.0005,0.000,32.38,39.0,6,3073
124479846,141.660,141.660,0.0000,-0.0587,-0.0000,-0.0005,0.000,32.38,39.0,6,3073
124481212,141.660,141.660,0.0000,0.0771,-0.0000,-0.0005,0.000,32.38,39.0,6,3073
124481848,141.660,141.660,0.0000,-0.0404,-0.0000,-0.0005,0.000,32.38,39.0,6,3073
124482854,141.660,141.660,0.0000,0.0359,-0.0000,-0.0005,0.000,32.38,39.0,6,3073
124483847,141.660,141.660,0.0000,0.0526,-0.0000,-0.0005,0.000,32.38,39.0,6,3073
124484888,141.660,141.660,0.0000,0.1549,-0.0000,-0.0005,0.000,32.38,39.0,6,3073
124486179,141.660,141.660,0.0000,0.0954,-0.0000,-0.0005,0.000,32.38,39.0,6,3073
124486926,141.660,141.660,0.0000,0.1366,-0.0000,-0.0005,0.000,32.38,39.0,6,3073
124487834,141.660,141.660,0.0000,0.0053,-0.0000,-0.0005,0.000,32.38,39.0,6,3073
124488871,141.660,141.660,0.0000,0.0816,-0.0000,-0.0005,0.000,32.38,39.0,6,3073
124489846,141.660,141.682,0.0000,0.1167,-0.0000,-0.0005,0.000,32.38,39.0,6,3073
124491186,141.682,141.660,0.0000,-0.0252,-0.0000,-0.0005,0.000,32.38,39.0,6,3073
124491848,141.660,141.660,0.0000,0.0969,-0.0000,-0.0005,0.000,32.38,39.0,6,3073
124492942,141.660,141.682,0.0000,-0.0084,-0.0000,-0.0005,0.000,32.38,39.0,6,3073
124494172,141.682,141.660,0.0000,-0.0786,-0.0000,-0.0005,0.000,32.38,39.0,6,3073
124494548,141.660,141.660,0.0000,0.0557,-0.0000,-0.0005,0.000,32.38,39.0,6,3073
124495874,141.660,141.660,0.0000,-0.0633,-0.0000,-0.0005,0.000,32.38,39.0,6,3073
124496547,141.660,141.682,0.0000,0.1457,-0.0000,-0.0005,0.000,32.38,39.0,6,3073
124497941,141.682,141.660,0.0000,-0.0114,-0.0000,-0.0005,0.000,32.38,39.0,6,3073
124498577,141.660,141.682,0.0000,0.0755,-0.0000,-0.0005,0.000,32.38,39.0,6,3073
124500065,141.682,141.660,0.0000,-0.0755,-0.0000,-0.0005,0.000,32.38,39.0,6,3073
124500892,141.660,141.660,0.0000,-0.0557,-0.0000,-0.0005,0.000,32.38,39.0,6,3073
124501577,141.660,141.660,0.0000,0.0099,-0.0000,-0.0005,0.000,32.38,39.0,6,3073
124502604,141.660,141.660,0.0000,-0.0160,-0.0000,-0.0005,0.000,32.38,39.0,6,3073
124503572,141.660,141.660,0.0000,0.0954,-0.0000,-0.0005,0.000,32.38,39.0,6,3073
124504571,141.660,141.660,0.0000,-0.0557,-0.0000,-0.0005,0.000,32.38,39.0,6,3073
124505935,141.660,141.660,0.0000,0.1030,-0.0000,-0.0005,0.000,32.38,39.0,6,3073
124506616,141.660,141.660,0.0000,-0.0786,-0.0000,-0.0005,0.000,32.38,39.0,6,3073
124507551,141.660,141.660,0.0000,-0.0023,-0.0000,-0.0005,0.000,32.38,39.0,6,3073
124508600,141.660,141.660,0.0000,-0.0618,-0.0000,-0.0005,0.000,32.38,39.0,6,3073
124509578,141.660,141.682,0.0000,-0.0923,-0.0000,-0.0005,0.000,32.38,39.0,6,3073
124510893,141.682,141.682,0.0000,-0.0496,-0.0000,-0.0005,0.000,32.38,39.0,6,3073
124511574,141.682,141.660,0.0000,0.0175,-0.0000,-0.0005,0.000,32.38,39.0,6,3073
124512576,141.660,141.660,0.0000,-0.0206,-0.0000,-0.0005,0.000,32.38,39.0,6,3073
124513888,141.660,141.660,0.0000,0.0298,-0.0000,-0.0005,0.000,32.38,39.0,6,3073
124514573,141.660,141.660,0.0000,-0.0816,-0.0000,-0.0005,0.000,32.38,39.0,6,3073
124515892,141.660,141.682,0.0000,0.0694,-0.0000,-0.0005,0.000,32.38,39.0,6,3073
124516574,141.682,141.660,0.0000,-0.0465,-0.0000,-0.0005,0.000,32.38,39.0,6,3073
124517899,141.660,141.660,0.0000,0.0023,-0.0000,-0.0005,0.000,32.38,39.0,6,3073
124518582,141.660,141.660,0.0000,0.1060,-0.0000,-0.0005,0.000,32.38,39.0,6,3073
124519552,141.660,141.660,0.0000,-0.0160,-0.0000,-0.0005,0.000,32.38,39.0,6,3073
124520892,141.660,141.660,0.0000,-0.0786,-0.0000,-0.0005,0.000,32.38,39.0,6,3073
124521595,141.660,141.660,0.0000,0.0679,-0.0000,-0.0005,0.000,32.38,39.0,6,3073
124522600,141.660,141.660,0.0000,-0.0450,-0.0000,-0.0005,0.000,32.38,39.0,6,3073
124523594,141.660,141.660,0.0000,0.0145,-0.0000,-0.0005,0.000,32.38,39.0,6,3073
124524549,141.660,141.660,0.0000,0.0008,-0.0000,-0.0005,0.000,32.38,39.0,6,3073
124525918,141.660,141.660,0.0000,0.0710,-0.0000,-0.0005,0.000,32.38,39.0,6,3073
124526850,141.660,141.660,0.0000,0.0450,-0.0000,-0.0005,0.000,32.38,39.0,6,3073
124527846,141.660,141.660,0.0000,0.0450,-0.0000,-0.0005,0.000,32.38,39.0,6,3073
124528854,141.660,141.660,0.0000,-0.1488,-0.0000,-0.0005,0.000,32.38,39.0,6,3073
124529844,141.660,141.660,0.0000,-0.0023,-0.0000,-0.0005,0.000,32.38,39.0,6,3073
124531210,141.660,141.660,0.0000,-0.0389,-0.0000,-0.0005,0.000,32.38,39.0,6,3073
124531846,141.660,141.682,0.0000,0.0359,-0.0000,-0.0005,0.000,32.38,39.0,6,3073
124532853,141.682,141.660,0.0000,-0.0084,-0.0000,-0.0005,0.000,32.38,39.0,6,3073
124534163,141.660,141.660,0.0000,0.0648,-0.0000,-0.0005,0.000,32.38,39.0,6,3073
124534734,141.660,141.660,0.0000,-0.1015,-0.0000,-0.0005,0.000,32.38,39.0,6,3073
124536197,141.660,141.660,0.0000,0.0420,-0.0000,-0.0005,0.000,32.38,39.0,6,3073
124536845,141.660,141.660,0.0000,0.0603,-0.0000,-0.0005,0.000,32.38,39.0,6,3073
124538263,141.660,141.660,0.0000,0.0313,-0.0000,-0.0005,0.000,32.38,39.0,6,3073
124538848,141.660,141.660,0.0000,-0.0526,-0.0000,-0.0005,0.000,32.38,39.0,6,3073
124539899,141.660,141.660,0.0000,0.0343,-0.0000,-0.0005,0.000,32.38,39.0,6,3073
124541166,141.660,141.660,0.0000,-0.1198,-0.0000,-0.0005,0.000,32.38,39.0,6,3073
124542199,141.660,141.682,0.0000,0.0847,-0.0000,-0.0005,0.000,32.38,39.0,6,3073
124542844,141.682,141.660,0.0000,-0.0679,-0.0000,-0.0005,0.000,32.38,39.0,6,3073
124543942,141.660,141.660,0.0000,0.0313,-0.0000,-0.0005,0.000,32.38,39.0,6,3073
124544843,141.660,141.660,0.0000,-0.0542,-0.0000,-0.0005,0.000,32.38,39.0,6,3073
124546179,141.660,141.660,0.0000,0.0999,-0.0000,-0.0005,0.000,32.38,39.0,6,3073
124546845,141.660,141.682,0.0000,0.0343,-0.0000,-0.0005,0.000,32.38,39.0,6,3073
124547844,141.682,141.660,0.0000,-0.0023,-0.0000,-0.0005,0.000,32.38,39.0,6,3073
124548924,141.660,141.660,0.0000,-0.0008,-0.0000,-0.0005,0.000,32.38,39.0,6,3073
124549871,141.660,141.660,0.0000,-0.0038,-0.0000,-0.0005,0.000,32.38,39.0,6,3073
124551194,141.660,141.660,0.0000,0.0420,-0.0000,-0.0005,0.000,32.38,39.0,6,3073
124551919,141.660,141.660,0.0000,-0.0404,-0.0000,-0.0005,0.000,32.38,39.0,6,3073
124552933,141.660,141.660,0.0000,-0.1320,-0.0000,-0.0005,0.000,32.38,39.0,6,3073
124554192,141.660,141.660,0.0000,-0.0130,-0.0000,-0.0005,0.000,32.38,39.0,6,3073
124554572,141.660,141.660,0.0000,-0.0908,-0.0000,-0.0005,0.000,32.38,39.0,6,3073
124555923,141.660,141.660,0.0000,-0.0801,-0.0000,-0.0005,0.000,32.38,39.0,6,3073
124556577,141.660,141.660,0.0000,0.0603,-0.0000,-0.0005,0.000,32.38,39.0,6,3073
124557899,141.660,141.660,0.0000,-0.0267,-0.0000,-0.0005,0.000,32.38,39.0,6,3073
124558871,141.660,141.660,0.0000,-0.0130,-0.0000,-0.0005,0.000,32.38,39.0,6,3073
124559869,141.660,141.660,0.0000,-0.0740,-0.0000,-0.0005,0.000,32.38,39.0,6,3073
124561263,141.660,141.660,0.0000,-0.0008,-0.0000,-0.0005,0.000,32.38,39.0,6,3073
124561850,141.660,141.660,0.0000,0.0145,-0.0000,-0.0005,0.000,32.38,39.0,6,3073
124562842,141.660,141.682,0.0000,0.1442,-0.0000,-0.0005,0.000,32.38,39.0,6,3073
124563844,141.682,141.660,0.0000,0.0679,-0.0000,-0.0005,0.000,32.38,39.0,6,3073
124564920,141.660,141.660,0.0000,-0.0740,-0.0000,-0.0005,0.000,32.38,39.0,6,3073
124566196,141.660,141.660,0.0000,0.0694,-0.0000,-0.0005,0.000,32.38,39.0,6,3073
124566895,141.660,141.682,0.0000,0.1396,-0.0000,-0.0005,0.000,32.38,39.0,6,3073
124567867,141.682,141.682,0.0000,0.0206,-0.0000,-0.0005,0.000,32.38,39.0,6,3073
124568867,141.682,141.660,0.0000,-0.0969,-0.0000,-0.0005,0.000,32.38,39.0,6,3073
124569868,141.660,141.660,0.0000,0.0298,-0.0000,-0.0005,0.000,32.38,39.0,6,3073
124571190,141.660,141.682,0.0000,0.0511,-0.0000,-0.0005,0.000,32.38,39.0,6,3073
124571896,141.682,141.660,0.0000,-0.1228,-0.0000,-0.0005,0.000,32.38,39.0,6,3073
124572865,141.660,141.682,0.0000,0.0603,-0.0000,-0.0005,0.000,32.38,39.0,6,3073
124574187,141.682,141.660,0.0000,-0.0893,-0.0000,-0.0005,0.000,32.38,39.0,6,3073
124574572,141.660,141.660,0.0000,0.1122,-0.0000,-0.0005,0.000,32.38,39.0,6,3073
124575889,141.660,141.682,0.0000,0.0648,-0.0000,-0.0005,0.000,32.38,39.0,6,3073
124576578,141.682,141.660,0.0000,-0.1946,-0.0000,-0.0005,0.000,32.38,39.0,6,3073
124577910,141.660,141.660,0.0000,-0.0572,-0.0000,-0.0005,0.000,32.38,39.0,6,3073
124578844,141.660,141.660,0.0000,0.0206,-0.0000,-0.0005,0.000,32.38,39.0,6,3073
124579844,141.660,141.660,0.0000,0.0542,-0.0000,-0.0005,0.000,32.38,39.0,6,3073
124581166,141.660,141.660,0.0000,-0.0114,-0.0000,-0.0005,0.000,32.41,39.0,6,3073
124581914,141.660,141.660,0.0000,-0.0923,-0.0000,-0.0005,0.000,32.41,39.0,6,3073
124582908,141.660,141.660,0.0000,0.1060,-0.0000,-0.0005,0.000,32.41,39.0,6,3073
124584232,141.660,141.660,0.0000,-0.0557,-0.0000,-0.0005,0.000,32.41,39.0,6,3073
124584908,141.660,141.682,0.0000,0.1335,-0.0000,-0.0005,0.000,32.41,39.0,6,3073
124586096,141.682,141.660,0.0000,0.0496,-0.0000,-0.0005,0.000,32.41,39.0,6,3073
124586849,141.660,141.660,0.0000,-0.0557,-0.0000,-0.0005,0.000,32.41,39.0,6,3073
124587845,141.660,141.682,0.0000,0.0999,-0.0000,-0.0005,0.000,32.41,39.0,6,3073
124588903,141.682,141.660,0.0000,-0.0648,-0.0000,-0.0005,0.000,32.41,39.0,6,3073
124589874,141.660,141.660,0.0000,0.0130,-0.0000,-0.0005,0.000,32.41,39.0,6,3073
124591178,141.660,141.660,0.0000,-0.0191,-0.0000,-0.0005,0.000,32.41,39.0,6,3073
124591850,141.660,141.682,0.0000,0.0832,-0.0000,-0.0005,0.000,32.41,39.0,6,3073
124592842,141.682,141.660,0.0000,-0.0099,-0.0000,-0.0005,0.000,32.41,39.0,6,3073
124594270,141.660,141.660,0.0000,-0.0175,-0.0000,-0.0005,0.000,32.41,39.0,6,3073
124594845,141.660,141.660,0.0000,0.1060,-0.0000,-0.0005,0.000,32.41,39.0,6,3073
124596164,141.660,141.660,0.0000,0.0069,-0.0000,-0.0005,0.000,32.38,39.0,6,3073
124596845,141.660,141.660,0.0000,0.0252,-0.0000,-0.0005,0.000,32.38,39.0,6,3073
124598173,141.660,141.660,0.0000,-0.0465,-0.0000,-0.0005,0.000,32.38,39.0,6,3073
124598844,141.660,141.660,0.0000,0.0328,-0.0000,-0.0005,0.000,32.38,39.0,6,3073
124599922,141.660,141.660,0.0000,-0.0801,-0.0000,-0.0005,0.000,32.38,39.0,6,3073
124601195,141.660,141.660,0.0000,0.0267,-0.0000,-0.0005,0.000,32.38,39.0,6,3073
124601894,141.660,141.660,0.0000,-0.0023,-0.0000,-0.0005,0.000,32.38,39.0,6,3073
124602923,141.660,141.660,0.0000,-0.1457,-0.0000,-0.0005,0.000,32.38,39.0,6,3073
124603916,141.660,141.660,0.0000,0.0664,-0.0000,-0.0005,0.000,32.38,39.0,6,3073
124604865,141.660,141.660,0.0000,-0.0038,-0.0000,-0.0005,0.000,32.38,39.0,6,3073
124606189,141.660,141.660,0.0000,0.0465,-0.0000,-0.0005,0.000,32.38,39.0,6,3073
124606894,141.660,141.660,0.0000,-0.0130,-0.0000,-0.0005,0.000,32.38,39.0,6,3073
124607916,141.660,141.660,0.0000,-0.0084,-0.0000,-0.0005,0.000,32.38,39.0,6,3073
124608866,141.660,141.660,0.0000,-0.0160,-0.0000,-0.0005,0.000,32.38,39.0,6,3073
124609866,141.660,141.660,0.0000,0.1244,-0.0000,-0.0005,0.000,32.38,39.0,6,3073
124611193,141.660,141.660,0.0000,-0.0298,-0.0000,-0.0005,0.000,32.38,39.0,6,3073
124611897,141.660,141.660,0.0000,-0.1473,-0.0000,-0.0005,0.000,32.38,39.0,6,3073
124612939,141.660,141.660,0.0000,0.0908,-0.0000,-0.0005,0.000,32.38,39.0,6,3073
124614166,141.660,141.660,0.0000,0.0420,-0.0000,-0.0005,0.000,32.38,39.0,6,3073
124614547,141.660,141.660,0.0000,0.0648,-0.0000,-0.0005,0.000,32.38,39.0,6,3073
124615872,141.660,141.660,0.0000,-0.0648,-0.0000,-0.0005,0.000,32.38,39.0,6,3073
124616610,141.660,141.660,0.0000,-0.0191,-0.0000,-0.0005,0.000,32.38,39.0,6,3073
124617900,141.660,141.660,0.0000,-0.0145,-0.0000,-0.0005,0.000,32.38,39.0,6,3073
124618577,141.660,141.660,0.0000,0.0526,-0.0000,-0.0005,0.000,32.38,39.0,6,3073
124619576,141.660,141.660,0.0000,0.0313,-0.0000,-0.0005,0.000,32.38,39.0,6,3073
124620894,141.660,141.660,0.0000,0.0298,-0.0000,-0.0005,0.000,32.38,39.0,6,3073
124621574,141.660,141.682,0.0000,0.1381,-0.0000,-0.0005,0.000,32.38,39.0,6,3073
124622576,141.682,141.660,0.0000,-0.0374,-0.0000,-0.0005,0.000,32.38,39.0,6,3073
124623570,141.660,141.660,0.0000,0.1671,-0.0000,-0.0005,0.000,32.38,39.0,6,3073
124624572,141.660,141.660,0.0000,0.0282,-0.0000,-0.0005,0.000,32.38,39.0,6,3073
124626197,141.660,141.682,0.0000,0.0420,-0.0000,-0.0005,0.000,32.38,39.0,6,3073
124626550,141.682,141.660,0.0000,0.0237,-0.0000,-0.0005,0.000,32.38,39.0,6,3073
124627551,141.660,141.660,0.0000,-0.1305,-0.0000,-0.0005,0.000,32.38,39.0,6,3073
124628589,141.660,141.660,0.0000,0.0145,-0.0000,-0.0005,0.000,32.38,39.0,6,3073
124629586,141.660,141.660,0.0000,0.0694,-0.0000,-0.0005,0.000,32.38,39.0,6,3073
124630780,141.660,141.660,0.0000,0.0313,-0.0000,-0.0005,0.000,32.38,39.0,6,3073
124631549,141.660,141.660,0.0000,-0.0557,-0.0000,-0.0005,0.000,32.38,39.0,6,3073
124632551,141.660,141.660,0.0000,0.1122,-0.0000,-0.0005,0.000,32.38,39.0,6,3073
124633856,141.660,141.660,0.0000,0.0114,-0.0000,-0.0005,0.000,32.38,39.0,6,3073
124634573,141.660,141.682,0.0000,-0.0084,-0.0000,-0.0005,0.000,32.38,39.0,6,3073
124635873,141.682,141.660,0.0000,0.0725,-0.0000,-0.0005,0.000,32.38,39.0,6,3073
124636557,141.660,141.660,0.0000,-0.0023,-0.0000,-0.0005,0.000,32.38,39.0,6,3073
124637876,141.660,141.660,0.0000,0.0160,-0.0000,-0.0005,0.000,32.38,39.0,6,3073
124638597,141.660,141.660,0.0000,0.0420,-0.0000,-0.0005,0.000,32.38,39.0,6,3073
124639551,141.660,141.660,0.0000,-0.0099,-0.0000,-0.0005,0.000,32.38,39.0,6,3073
124640885,141.660,141.660,0.0000,0.0526,-0.0000,-0.0005,0.000,32.38,39.0,6,3073
124641841,141.660,141.660,0.0000,0.0633,-0.0000,-0.0005,0.000,32.38,39.0,6,3073
124642892,141.660,141.660,0.0000,-0.0999,-0.0000,-0.0005,0.000,32.38,39.0,6,3073
124643840,141.660,141.660,0.0000,0.1350,-0.0000,-0.0005,0.000,32.38,39.0,6,3073
124644958,141.660,141.660,0.0000,-0.0877,-0.0000,-0.0005,0.000,32.38,39.0,6,3073
124646174,141.660,141.660,0.0000,0.0145,-0.0000,-0.0005,0.000,32.38,39.0,6,3073
124646841,141.660,141.682,0.0000,0.0679,-0.0000,-0.0005,0.000,32.38,39.0,6,3073
124647841,141.682,141.660,0.0000,-0.0114,-0.0000,-0.0005,0.000,32.38,39.0,6,3073
124648842,141.660,141.660,0.0000,-0.0389,-0.0000,-0.0005,0.000,32.38,39.0,6,3073
124649908,141.660,141.660,0.0000,0.0664,-0.0000,-0.0005,0.000,32.38,39.0,6,3073
124651236,141.660,141.660,0.0000,-0.0877,-0.0000,-0.0005,0.000,32.38,39.0,6,3073
124651896,141.660,141.660,0.0000,0.0038,-0.0000,-0.0005,0.000,32.38,39.0,6,3073
124652868,141.660,141.660,0.0000,-0.1259,-0.0000,-0.0005,0.000,32.38,39.0,6,3073
124654259,141.660,141.660,0.0000,0.0511,-0.0000,-0.0005,0.000,32.38,39.0,6,3073
124654575,141.660,141.660,0.0000,0.0725,-0.0000,-0.0005,0.000,32.38,39.0,6,3073
124655893,141.660,141.660,0.0000,-0.0084,-0.0000,-0.0005,0.000,32.38,39.0,6,3073
124656577,141.660,141.660,0.0000,-0.0786,-0.0000,-0.0005,0.000,32.38,39.0,6,3073
124657926,141.660,141.682,0.0000,0.0923,-0.0000,-0.0005,0.000,32.38,39.0,6,3073
124658578,141.682,141.660,0.0000,-0.0160,-0.0000,-0.0005,0.000,32.38,39.0,6,3073
124659577,141.660,141.682,0.0000,0.0069,-0.0000,-0.0005,0.000,32.38,39.0,6,3073
124660959,141.682,141.660,0.0000,-0.0282,-0.0000,-0.0005,0.000,32.38,39.0,6,3073
124661848,141.660,141.660,0.0000,-0.0542,-0.0000,-0.0005,0.000,32.38,39.0,6,3073
124662839,141.660,141.682,0.0000,0.0908,-0.0000,-0.0005,0.000,32.38,39.0,6,3073
124663839,141.682,141.660,0.0000,-0.0969,-0.0000,-0.0005,0.000,32.38,39.0,6,3073
124664921,141.660,141.660,0.0000,0.0618,-0.0000,-0.0005,0.000,32.38,39.0,6,3073
124666212,141.660,141.660,0.0000,-0.0267,-0.0000,-0.0005,0.000,32.38,39.0,6,3073
124666896,141.660,141.660,0.0000,-0.0633,-0.0000,-0.0005,0.000,32.38,39.0,6,3073
124668205,141.660,141.660,0.0000,-0.0694,-0.0000,-0.0005,0.000,32.38,39.0,6,3073
124668865,141.660,141.660,0.0000,0.0877,-0.0000,-0.0005,0.000,32.38,39.0,6,3073
124669866,141.660,141.660,0.0000,0.0832,-0.0000,-0.0005,0.000,32.38,39.0,6,3073
124671192,141.660,141.660,0.0000,0.0862,-0.0000,-0.0005,0.000,32.38,39.0,6,3073
124671895,141.660,141.682,0.0000,0.0572,-0.0000,-0.0005,0.000,32.38,39.0,6,3073
124672868,141.682,141.660,0.0000,-0.1488,-0.0000,-0.0005,0.000,32.38,39.0,6,3073
124674188,141.660,141.660,0.0000,-0.0526,-0.0000,-0.0005,0.000,32.38,39.0,6,3073
124674573,141.660,141.660,0.0000,-0.0038,-0.0000,-0.0005,0.000,32.38,39.0,6,3073
124675890,141.660,141.660,0.0000,0.0191,-0.0000,-0.0005,0.000,32.38,39.0,6,3073
124676578,141.660,141.682,0.0000,0.0023,-0.0000,-0.0005,0.000,32.38,39.0,6,3073
124677910,141.682,141.660,0.0000,0.0084,-0.0000,-0.0005,0.000,32.38,39.0,6,3073
124678548,141.660,141.660,0.0000,-0.0893,-0.0000,-0.0005,0.000,32.38,39.0,6,3073
124679551,141.660,141.660,0.0000,-0.1183,-0.0000,-0.0005,0.000,32.38,39.0,6,3073
124680910,141.660,141.660,0.0000,0.0084,-0.0000,-0.0005,0.000,32.38,39.0,6,3073
124681594,141.660,141.660,0.0000,0.0725,-0.0000,-0.0005,0.000,32.38,39.0,6,3073
124682598,141.660,141.660,0.0000,0.0862,-0.0000,-0.0005,0.000,32.38,39.0,6,3073
124683594,141.660,141.660,0.0000,-0.0084,-0.0000,-0.0005,0.000,32.38,39.0,6,3073
124684546,141.660,141.660,0.0000,0.0526,-0.0000,-0.0005,0.000,32.38,39.0,6,3073
124685915,141.660,141.660,0.0000,-0.0359,-0.0000,-0.0005,0.000,32.38,39.0,6,3073
124686850,141.660,141.660,0.0000,-0.0267,-0.0000,-0.0005,0.000,32.38,39.0,6,3073
124687842,141.660,141.660,0.0000,-0.0984,-0.0000,-0.0005,0.000,32.38,39.0,6,3073
124688851,141.660,141.660,0.0000,0.0038,-0.0000,-0.0005,0.000,32.38,39.0,6,3073
124689839,141.660,141.682,0.0000,0.1503,-0.0000,-0.0005,0.000,32.38,39.0,6,3073
124691209,141.682,141.660,0.0000,-0.1396,-0.0000,-0.0005,0.000,32.38,39.0,6,3073
124691841,141.660,141.660,0.0000,-0.0618,-0.0000,-0.0005,0.000,32.38,39.0,6,3073
124692851,141.660,141.660,0.0000,0.0328,-0.0000,-0.0005,0.000,32.38,39.0,6,3073
124694165,141.660,141.660,0.0000,-0.0999,-0.0000,-0.0005,0.000,32.38,39.0,6,3073
124694435,141.660,141.682,0.0000,0.0130,-0.0000,-0.0005,0.000,32.38,39.0,6,3073
124695953,141.682,141.660,0.0000,-0.0191,-0.0000,-0.0005,0.000,32.38,39.0,6,3073
124696551,141.660,141.660,0.0000,-0.0206,-0.0000,-0.0005,0.000,32.38,39.0,6,3073
124697871,141.660,141.660,0.0000,0.0237,-0.0000,-0.0005,0.000,32.38,39.0,6,3073
124698581,141.660,141.660,0.0000,-0.0145,-0.0000,-0.0005,0.000,32.38,39.0,6,3073
124699608,141.660,141.660,0.0000,0.0237,-0.0000,-0.0005,0.000,32.38,39.0,6,3073
124700954,141.660,141.660,0.0000,-0.0175,-0.0000,-0.0005,0.000,32.38,39.0,6,3073
124701580,141.660,141.682,0.0000,0.0221,-0.0000,-0.0005,0.000,32.38,39.0,6,3073
124702575,141.682,141.682,0.0000,-0.0237,-0.0000,-0.0005,0.000,32.38,39.0,6,3073
124703599,141.682,141.660,0.0000,0.0496,-0.0000,-0.0005,0.000,32.38,39.0,6,3073
124704570,141.660,141.660,0.0000,-0.0359,-0.0000,-0.0005,0.000,32.38,39.0,6,3073
124705889,141.660,141.660,0.0000,-0.0435,-0.0000,-0.0005,0.000,32.38,39.0,6,3073
124706578,141.660,141.660,0.0000,0.1671,-0.0000,-0.0005,0.000,32.38,39.0,6,3073
124707639,141.660,141.660,0.0000,-0.0648,-0.0000,-0.0005,0.000,32.38,39.0,6,3073
124708547,141.660,141.660,0.0000,-0.0389,-0.0000,-0.0005,0.000,32.38,39.0,6,3073
124709886,141.660,141.660,0.0000,-0.0969,-0.0000,-0.0005,0.000,32.38,39.0,6,3073
124710894,141.660,141.660,0.0000,0.1564,-0.0000,-0.0005,0.000,32.38,39.0,6,3073
124711577,141.660,141.682,0.0000,-0.0298,-0.0000,-0.0005,0.000,32.38,39.0,6,3073
124712577,141.682,141.660,0.0000,-0.0145,-0.0000,-0.0005,0.000,32.38,39.0,6,3073
124713888,141.660,141.660,0.0000,-0.0404,-0.0000,-0.0005,0.000,32.38,39.0,6,3073
124714572,141.660,141.682,0.0000,0.0282,-0.0000,-0.0005,0.000,32.38,39.0,6,3073
124715891,141.682,141.660,0.0000,-0.1213,-0.0000,-0.0005,0.000,32.38,39.0,6,3073
124716577,141.660,141.660,0.0000,0.0298,-0.0000,-0.0005,0.000,32.38,39.0,6,3073
124717896,141.660,141.660,0.0000,-0.0572,-0.0000,-0.0005,0.000,32.38,39.0,6,3073
124718577,141.660,141.660,0.0000,0.0389,-0.0000,-0.0005,0.000,32.38,39.0,6,3073
124719589,141.660,141.660,0.0000,0.0481,-0.0000,-0.0005,0.000,32.38,39.0,6,3073
124720873,141.660,141.660,0.0000,-0.0053,-0.0000,-0.0005,0.000,32.38,39.0,6,3073
124721548,141.660,141.660,0.0000,-0.0725,-0.0000,-0.0005,0.000,32.38,39.0,6,3073
124722595,141.660,141.660,0.0000,-0.0450,-0.0000,-0.0005,0.000,32.38,39.0,6,3073
124723587,141.660,141.660,0.0000,-0.0237,-0.0000,-0.0005,0.000,32.38,39.0,6,3073
124724532,141.660,141.660,0.0000,-0.1350,-0.0000,-0.0005,0.000,32.38,39.0,6,3073
124725876,141.660,141.660,0.0000,0.1320,-0.0000,-0.0005,0.000,32.38,39.0,6,3073
124726548,141.660,141.682,0.0000,0.0481,-0.0000,-0.0005,0.000,32.38,39.0,6,3073
124727543,141.682,141.660,0.0000,-0.0923,-0.0000,-0.0005,0.000,32.38,39.0,6,3073
124728574,141.660,141.660,0.0000,-0.0771,-0.0000,-0.0005,0.000,32.38,39.0,6,3073
124729546,141.660,141.660,0.0000,0.0267,-0.0000,-0.0005,0.000,32.38,39.0,6,3073
124730885,141.660,141.660,0.0000,-0.1381,-0.0000,-0.0005,0.000,32.38,39.0,6,3073
124731840,141.660,141.660,0.0000,0.0175,-0.0000,-0.0005,0.000,32.38,39.0,6,3073
124732915,141.660,141.660,0.0000,-0.1183,-0.0000,-0.0005,0.000,32.38,39.0,6,3073
124734166,141.660,141.660,0.0000,-0.0252,-0.0000,-0.0005,0.000,32.38,39.0,6,3073
124734557,141.660,141.660,0.0000,-0.0694,-0.0000,-0.0005,0.000,32.38,39.0,6,3073
124735874,141.660,141.660,0.0000,0.0847,-0.0000,-0.0005,0.000,32.38,39.0,6,3073
124736594,141.660,141.682,0.0000,-0.0053,-0.0000,-0.0005,0.000,32.38,39.0,6,3073
124737881,141.682,141.660,0.0000,-0.0496,-0.0000,-0.0005,0.000,32.38,39.0,6,3073
124738551,141.660,141.660,0.0000,-0.0954,-0.0000,-0.0005,0.000,32.38,39.0,6,3073
124739553,141.660,141.660,0.0000,0.0206,-0.0000,-0.0005,0.000,32.38,39.0,6,3073
124740875,141.660,141.660,0.0000,0.0633,-0.0000,-0.0005,0.000,32.38,39.0,6,3073
124741605,141.660,141.660,0.0000,0.0130,-0.0000,-0.0005,0.000,32.38,39.0,6,3073
124742552,141.660,141.660,0.0000,0.0069,-0.0000,-0.0005,0.000,32.38,39.0,6,3073
124743560,141.660,141.660,0.0000,-0.1091,-0.0000,-0.0005,0.000,32.38,39.0,6,3073
124744546,141.660,141.682,0.0000,0.0710,-0.0000,-0.0005,0.000,32.38,39.0,6,3073
124745971,141.682,141.660,0.0000,0.0237,-0.0000,-0.0005,0.000,32.38,39.0,6,3073
124746847,141.660,141.660,0.0000,-0.0862,-0.0000,-0.0005,0.000,32.38,39.0,6,3073
124747840,141.660,141.660,0.0000,-0.0572,-0.0000,-0.0005,0.000,32.38,39.0,6,3073
124748842,141.660,141.660,0.0000,-0.0389,-0.0000,-0.0005,0.000,32.38,39.0,6,3073
124749909,141.660,141.660,0.0000,-0.0069,-0.0000,-0.0005,0.000,32.38,39.0,6,3073
124751575,141.660,141.660,0.0000,-0.0832,-0.0000,-0.0005,0.000,32.38,39.0,6,3073
124751937,141.660,141.660,0.0000,0.1183,-0.0000,-0.0005,0.000,32.38,39.0,6,3073
124752895,141.660,141.682,0.0000,-0.0298,-0.0000,-0.0005,0.000,32.38,39.0,6,3073
124754259,141.682,141.660,0.0000,-0.0465,-0.0000,-0.0005,0.000,32.38,39.0,6,3073
124754575,141.660,141.660,0.0000,-0.1366,-0.0000,-0.0005,0.000,32.38,39.0,6,3073
124755890,141.660,141.660,0.0000,0.0389,-0.0000,-0.0005,0.000,32.38,39.0,6,3073
124756576,141.660,141.660,0.0000,-0.0389,-0.0000,-0.0005,0.000,32.38,39.0,6,3073
124757924,141.660,141.682,0.0000,0.0206,-0.0000,-0.0005,0.000,32.38,39.0,6,3073
124758577,141.682,141.660,0.0000,-0.0984,-0.0000,-0.0005,0.000,32.38,39.0,6,3073
124759576,141.660,141.660,0.0000,-0.0221,-0.0000,-0.0005,0.000,32.38,39.0,6,3073
124760921,141.660,141.660,0.0000,-0.0542,-0.0000,-0.0005,0.000,32.38,39.0,6,3073
124761621,141.660,141.660,0.0000,0.0328,-0.0000,-0.0005,0.000,32.38,39.0,6,3073
124762551,141.660,141.660,0.0000,-0.0343,-0.0000,-0.0005,0.000,32.38,39.0,6,3073
124763578,141.660,141.660,0.0000,-0.0359,-0.0000,-0.0005,0.000,32.38,39.0,6,3073
124764594,141.660,141.660,0.0000,0.0282,-0.0000,-0.0005,0.000,32.38,39.0,6,3073
124765897,141.660,141.660,0.0000,-0.0786,-0.0000,-0.0005,0.000,32.38,39.0,6,3073
124766574,141.660,141.660,0.0000,-0.0053,-0.0000,-0.0005,0.000,32.38,39.0,6,3073
124767575,141.660,141.660,0.0000,-0.0023,-0.0000,-0.0005,0.000,32.38,39.0,6,3073
124768571,141.660,141.660,0.0000,-0.0328,-0.0000,-0.0005,0.000,32.38,39.0,6,3073
124769571,141.660,141.682,0.0000,0.1473,-0.0000,-0.0005,0.000,32.38,39.0,6,3073
124770893,141.682,141.660,0.0000,-0.1015,-0.0000,-0.0005,0.000,32.38,39.0,6,3073
124771574,141.660,141.660,0.0000,-0.0481,-0.0000,-0.0005,0.000,32.38,39.0,6,3073
124772592,141.660,141.660,0.0000,0.0237,-0.0000,-0.0005,0.000,32.38,39.0,6,3073
124773876,141.660,141.660,0.0000,-0.0755,-0.0000,-0.0005,0.000,32.38,39.0,6,3073
124774548,141.660,141.660,0.0000,0.1442,-0.0000,-0.0005,0.000,32.38,39.0,6,3073
124775908,141.660,141.660,0.0000,0.0954,-0.0000,-0.0005,0.000,32.38,39.0,6,3073
124776594,141.660,141.660,0.0000,-0.0160,-0.0000,-0.0005,0.000,32.38,39.0,6,3073
124777917,141.660,141.660,0.0000,0.0145,-0.0000,-0.0005,0.000,32.38,39.0,6,3073
124778505,141.660,141.660,0.0000,0.0313,-0.0000,-0.0005,0.000,32.38,39.0,6,3073
124779551,141.660,141.660,0.0000,-0.0359,-0.0000,-0.0005,0.000,32.38,39.0,6,3073
124780872,141.660,141.660,0.0000,0.0282,-0.0000,-0.0005,0.000,32.38,39.0,6,3073
124781677,141.660,141.660,0.0000,-0.0374,-0.0000,-0.0005,0.000,32.38,39.0,6,3073
124782589,141.660,141.660,0.0000,-0.0313,-0.0000,-0.0005,0.000,32.38,39.0,6,3073
124783546,141.660,141.660,0.0000,-0.0755,-0.0000,-0.0005,0.000,32.38,39.0,6,3073
124784559,141.660,141.660,0.0000,0.0999,-0.0000,-0.0005,0.000,32.38,39.0,6,3073
124785874,141.660,141.660,0.0000,-0.0618,-0.0000,-0.0005,0.000,32.38,39.0,6,3073
124786595,141.660,141.660,0.0000,0.0954,-0.0000,-0.0005,0.000,32.38,39.0,6,3073
124787551,141.660,141.660,0.0000,-0.0633,-0.0000,-0.0005,0.000,32.38,39.0,6,3073
124788559,141.660,141.660,0.0000,-0.0191,-0.0000,-0.0005,0.000,32.38,39.0,6,3073
124789546,141.660,141.660,0.0000,0.0740,-0.0000,-0.0005,0.000,32.38,39.0,6,3073
124790909,141.660,141.660,0.0000,-0.0099,-0.0000,-0.0005,0.000,32.38,39.0,6,3073
124791848,141.660,141.660,0.0000,-0.1335,-0.0000,-0.0005,0.000,32.38,39.0,6,3073
124793271,141.660,141.682,0.0000,-0.0084,-0.0000,-0.0005,0.000,32.38,39.0,6,3073
124794168,141.682,141.660,0.0000,0.0023,-0.0000,-0.0005,0.000,32.38,39.0,6,3073
124794453,141.660,141.660,0.0000,-0.0847,-0.0000,-0.0005,0.000,32.38,39.0,6,3073
124795958,141.660,141.682,0.0000,0.0984,-0.0000,-0.0005,0.000,32.38,39.0,6,3073
124796849,141.682,141.660,0.0000,-0.0084,-0.0000,-0.0005,0.000,32.38,39.0,6,3073
124798166,141.660,141.660,0.0000,-0.0404,-0.0000,-0.0005,0.000,32.38,39.0,6,3073
124798847,141.660,141.660,0.0000,-0.0069,-0.0000,-0.0005,0.000,32.38,39.0,6,3073
124799855,141.660,141.660,0.0000,-0.0374,-0.0000,-0.0005,0.000,32.38,39.0,6,3073
124801242,141.660,141.660,0.0000,-0.0069,-0.0000,-0.0005,0.000,32.38,39.0,6,3073
124801894,141.660,141.660,0.0000,0.0664,-0.0000,-0.0005,0.000,32.38,39.0,6,3073
124802890,141.660,141.682,0.0000,0.0633,-0.0000,-0.0005,0.000,32.38,39.0,6,3073
124803930,141.682,141.660,0.0000,-0.0237,-0.0000,-0.0005,0.000,32.38,39.0,6,3073
124804892,141.660,141.682,0.0000,-0.0420,-0.0000,-0.0005,0.000,32.38,39.0,6,3073
124806209,141.682,141.660,0.0000,-0.0984,-0.0000,-0.0005,0.000,32.38,39.0,6,3073
124806896,141.660,141.660,0.0000,0.0343,-0.0000,-0.0005,0.000,32.38,39.0,6,3073
124807908,141.660,141.660,0.0000,0.0725,-0.0000,-0.0005,0.000,32.38,39.0,6,3073
124808891,141.660,141.660,0.0000,-0.0038,-0.0000,-0.0005,0.000,32.38,39.0,6,3073
124809889,141.660,141.660,0.0000,-0.0938,-0.0000,-0.0005,0.000,32.38,39.0,6,3073
124811208,141.660,141.660,0.0000,-0.0343,-0.0000,-0.0005,0.000,32.38,39.0,6,3073
124811893,141.660,141.660,0.0000,0.0557,-0.0000,-0.0005,0.000,32.38,39.0,6,3073
124812915,141.660,141.660,0.0000,-0.0633,-0.0000,-0.0005,0.000,32.38,39.0,6,3073
124814240,141.660,141.660,0.0000,-0.0801,-0.0000,-0.0005,0.000,32.38,39.0,6,3073
124814547,141.660,141.660,0.0000,0.0420,-0.0000,-0.0005,0.000,32.38,39.0,6,3073
124815872,141.660,141.660,0.0000,0.0725,-0.0000,-0.0005,0.000,32.38,39.0,6,3073
124816590,141.660,141.660,0.0000,0.0328,-0.0000,-0.0005,0.000,32.38,39.0,6,3073
124817913,141.660,141.682,0.0000,0.0603,-0.0000,-0.0005,0.000,32.38,39.0,6,3073
124818575,141.682,141.660,0.0000,-0.0298,-0.0000,-0.0005,0.000,32.38,39.0,6,3073
124819576,141.660,141.660,0.0000,-0.0298,-0.0000,-0.0005,0.000,32.38,39.0,6,3073
124820892,141.660,141.660,0.0000,-0.0633,-0.0000,-0.0005,0.000,32.38,39.0,6,3073
124821574,141.660,141.660,0.0000,0.0038,-0.0000,-0.0005,0.000,32.38,39.0,6,3073
124822576,141.660,141.660,0.0000,-0.0282,-0.0000,-0.0005,0.000,32.38,39.0,6,3073
124823571,141.660,141.660,0.0000,-0.0053,-0.0000,-0.0005,0.000,32.38,39.0,6,3073
124824572,141.660,141.660,0.0000,-0.0389,-0.0000,-0.0005,0.000,32.38,39.0,6,3073
124825905,141.660,141.682,0.0000,0.0694,-0.0000,-0.0005,0.000,32.38,39.0,6,3073
124826551,141.682,141.660,0.0000,0.0221,-0.0000,-0.0005,0.000,32.38,39.0,6,3073
124827551,141.660,141.660,0.0000,-0.0877,-0.0000,-0.0005,0.000,32.38,39.0,6,3073
124828587,141.660,141.660,0.0000,0.0175,-0.0000,-0.0005,0.000,32.38,39.0,6,3073
124829587,141.660,141.682,0.0000,-0.0313,-0.0000,-0.0005,0.000,32.38,39.0,6,3073
124830839,141.682,141.660,0.0000,-0.0954,-0.0000,-0.0005,0.000,32.38,39.0,6,3073
124831847,141.660,141.660,0.0000,0.0221,-0.0000,-0.0005,0.000,32.38,39.0,6,3073
124832840,141.660,141.660,0.0000,0.0374,-0.0000,-0.0005,0.000,32.38,39.0,6,3073
124834275,141.660,141.682,0.0000,0.1656,-0.0000,-0.0005,0.000,32.38,39.0,6,3073
124834858,141.682,141.660,0.0000,-0.0725,-0.0000,-0.0005,0.000,32.38,39.0,6,3073
124835892,141.660,141.660,0.0000,-0.0435,-0.0000,-0.0005,0.000,32.38,39.0,6,3073
124836848,141.660,141.682,0.0000,0.0313,-0.0000,-0.0005,0.000,32.38,39.0,6,3073
124838176,141.682,141.660,0.0000,-0.0221,-0.0000,-0.0005,0.000,32.38,39.0,6,3073
124838846,141.660,141.660,0.0000,-0.1244,-0.0000,-0.0005,0.000,32.38,39.0,6,3073
124839911,141.660,141.660,0.0000,-0.0404,-0.0000,-0.0005,0.000,32.38,39.0,6,3073
124841179,141.660,141.660,0.0000,-0.0984,-0.0000,-0.0005,0.000,32.38,39.0,6,3073
124841853,141.660,141.660,0.0000,0.0694,-0.0000,-0.0005,0.000,32.38,39.0,6,3073
124842841,141.660,141.682,0.0000,0.0420,-0.0000,-0.0005,0.000,32.38,39.0,6,3073
124843883,141.682,141.682,0.0000,-0.0359,-0.0000,-0.0005,0.000,32.38,39.0,6,3073
124844847,141.682,141.660,0.0000,-0.0343,-0.0000,-0.0005,0.000,32.38,39.0,6,3073
124846301,141.660,141.682,0.0000,0.0328,-0.0000,-0.0005,0.000,32.38,39.0,6,3073
124846848,141.682,141.660,0.0000,-0.0923,-0.0000,-0.0005,0.000,32.38,39.0,6,3073
124847840,141.660,141.682,0.0000,0.1244,-0.0000,-0.0005,0.000,32.38,39.0,6,3073
124848841,141.682,141.660,0.0000,-0.0587,-0.0000,-0.0005,0.000,32.38,39.0,6,3073
124849841,141.660,141.660,0.0000,-0.0053,-0.0000,-0.0005,0.000,32.38,39.0,6,3073
124851179,141.660,141.682,0.0000,0.0679,-0.0000,-0.0005,0.000,32.38,39.0,6,3073
124851909,141.682,141.660,0.0000,-0.1167,-0.0000,-0.0005,0.000,32.38,39.0,6,3073
124852894,141.660,141.660,0.0000,-0.0191,-0.0000,-0.0005,0.000,32.38,39.0,6,3073
124854210,141.660,141.660,0.0000,-0.1076,-0.0000,-0.0005,0.000,32.38,39.0,6,3073
124854929,141.660,141.660,0.0000,0.0511,-0.0000,-0.0005,0.000,32.38,39.0,6,3073
124856209,141.660,141.660,0.0000,-0.0572,-0.0000,-0.0005,0.000,32.38,39.0,6,3073
124856893,141.660,141.660,0.0000,0.0847,-0.0000,-0.0005,0.000,32.38,39.0,6,3073
124858210,141.660,141.660,0.0000,0.0145,-0.0000,-0.0005,0.000,32.38,39.0,6,3073
124858896,141.660,141.682,0.0000,0.0114,-0.0000,-0.0005,0.000,32.38,39.0,6,3073
124859909,141.682,141.660,0.0000,-0.0221,-0.0000,-0.0005,0.000,32.38,39.0,6,3073
124861205,141.660,141.660,0.0000,0.0572,-0.0000,-0.0005,0.000,32.34,39.0,6,3073
124861893,141.660,141.660,0.0000,-0.1381,-0.0000,-0.0005,0.000,32.34,39.0,6,3073
124862891,141.660,141.660,0.0000,0.0374,-0.0000,-0.0005,0.000,32.34,39.0,6,3073
124863892,141.660,141.660,0.0000,-0.1167,-0.0000,-0.0005,0.000,32.34,39.0,6,3073
124864899,141.660,141.660,0.0000,-0.0237,-0.0000,-0.0005,0.000,32.34,39.0,6,3073
124866247,141.660,141.660,0.0000,-0.0969,-0.0000,-0.0005,0.000,32.34,39.0,6,3073
124866848,141.660,141.660,0.0000,0.0587,-0.0000,-0.0005,0.000,32.34,39.0,6,3073
124867839,141.660,141.660,0.0000,-0.0618,-0.0000,-0.0005,0.000,32.34,39.0,6,3073
124868840,141.660,141.660,0.0000,-0.1152,-0.0000,-0.0005,0.000,32.34,39.0,6,3073
124869913,141.660,141.660,0.0000,-0.0298,-0.0000,-0.0005,0.000,32.34,39.0,6,3073
124871213,141.660,141.660,0.0000,-0.0191,-0.0000,-0.0005,0.000,32.38,39.0,6,3073
124871895,141.660,141.660,0.0000,-0.0069,-0.0000,-0.0005,0.000,32.38,39.0,6,3073
124872892,141.660,141.660,0.0000,-0.0160,-0.0000,-0.0005,0.000,32.38,39.0,6,3073
124874217,141.660,141.660,0.0000,0.0008,-0.0000,-0.0005,0.000,32.38,39.0,6,3073
124874573,141.660,141.660,0.0000,-0.0267,-0.0000,-0.0005,0.000,32.38,39.0,6,3073
124876329,141.660,141.660,0.0000,-0.0557,-0.0000,-0.0005,0.000,32.38,39.0,6,3073
124876893,141.660,141.660,0.0000,0.0404,-0.0000,-0.0005,0.000,32.38,39.0,6,3073
124878215,141.660,141.660,0.0000,-0.0496,-0.0000,-0.0005,0.000,32.38,39.0,6,3073
124878891,141.660,141.660,0.0000,-0.0832,-0.0000,-0.0005,0.000,32.38,39.0,6,3073
124879891,141.660,141.660,0.0000,0.0130,-0.0000,-0.0005,0.000,32.38,39.0,6,3073
124881211,141.660,141.660,0.0000,0.0252,-0.0000,-0.0005,0.000,32.38,39.0,6,3073
124881893,141.660,141.660,0.0000,-0.1488,-0.0000,-0.0005,0.000,32.38,39.0,6,3073
124882890,141.660,141.660,0.0000,0.0603,-0.0000,-0.0005,0.000,32.38,39.0,6,3073
124883889,141.660,141.660,0.0000,-0.0511,-0.0000,-0.0005,0.000,32.38,39.0,6,3073
124884900,141.660,141.660,0.0000,0.0130,-0.0000,-0.0005,0.000,32.38,39.0,6,3073
124886175,141.660,141.660,0.0000,-0.0206,-0.0000,-0.0005,0.000,32.38,39.0,6,3073
124886844,141.660,141.660,0.0000,0.0237,-0.0000,-0.0005,0.000,32.38,39.0,6,3073
124887839,141.660,141.660,0.0000,0.1350,-0.0000,-0.0005,0.000,32.38,39.0,6,3073
124888906,141.660,141.660,0.0000,0.0557,-0.0000,-0.0005,0.000,32.38,39.0,6,3073
124889903,141.660,141.660,0.0000,-0.0481,-0.0000,-0.0005,0.000,32.38,39.0,6,3073
124891219,141.660,141.660,0.0000,0.1625,-0.0000,-0.0005,0.000,32.34,39.0,6,3073
124891904,141.660,141.682,0.0000,0.0664,-0.0000,-0.0005,0.000,32.34,39.0,6,3073
124892907,141.682,141.660,0.0000,-0.0191,-0.0000,-0.0005,0.000,32.34,39.0,6,3073
124894165,141.660,141.660,0.0000,0.0130,-0.0000,-0.0005,0.000,32.34,39.0,6,3073
124894624,141.660,141.660,0.0000,0.0374,-0.0000,-0.0005,0.000,32.34,39.0,6,3073
124895985,141.660,141.660,0.0000,0.0206,-0.0000,-0.0005,0.000,32.34,39.0,6,3073
124896847,141.660,141.660,0.0000,-0.0023,-0.0000,-0.0005,0.000,32.34,39.0,6,3073
124898166,141.660,141.660,0.0000,0.0481,-0.0000,-0.0005,0.000,32.34,39.0,6,3073
124898848,141.660,141.660,0.0000,0.0496,-0.0000,-0.0005,0.000,32.34,39.0,6,3073
124899842,141.660,141.660,0.0000,-0.0237,-0.0000,-0.0005,0.000,32.34,39.0,6,3073
124901242,141.660,141.682,0.0000,0.0481,-0.0000,-0.0005,0.000,32.34,39.0,6,3073
124901893,141.682,141.660,0.0000,-0.0969,-0.0000,-0.0005,0.000,32.34,39.0,6,3073
124902892,141.660,141.682,0.0000,0.0862,-0.0000,-0.0005,0.000,32.34,39.0,6,3073
124903914,141.682,141.660,0.0000,-0.0343,-0.0000,-0.0005,0.000,32.34,39.0,6,3073
124904925,141.660,141.682,0.0000,0.0191,-0.0000,-0.0005,0.000,32.34,39.0,6,3073
124906208,141.682,141.660,0.0000,-0.0725,-0.0000,-0.0005,0.000,32.41,39.0,6,3073
124906893,141.660,141.660,0.0000,-0.0343,-0.0000,-0.0005,0.000,32.41,39.0,6,3073
124907889,141.660,141.660,0.0000,0.0114,-0.0000,-0.0005,0.000,32.41,39.0,6,3073
124908907,141.660,141.660,0.0000,-0.0603,-0.0000,-0.0005,0.000,32.41,39.0,6,3073
124909890,141.660,141.660,0.0000,0.0069,-0.0000,-0.0005,0.000,32.41,39.0,6,3073
124911208,141.660,141.682,0.0000,0.0542,-0.0000,-0.0005,0.000,32.38,39.0,6,3073
124911893,141.682,141.660,0.0000,-0.0648,-0.0000,-0.0005,0.000,32.38,39.0,6,3073
124912892,141.660,141.660,0.0000,0.0618,-0.0000,-0.0005,0.000,32.38,39.0,6,3073
124914240,141.660,141.660,0.0000,0.0710,-0.0000,-0.0005,0.000,32.38,39.0,6,3073
124914613,141.660,141.682,0.0000,0.0435,-0.0000,-0.0005,0.000,32.38,39.0,6,3073
124915872,141.682,141.682,0.0000,-0.0633,-0.0000,-0.0005,0.000,32.38,39.0,6,3073
124916548,141.682,141.660,0.0000,-0.1518,-0.0000,-0.0005,0.000,32.38,39.0,6,3073
124918361,141.660,141.660,0.0000,0.0160,-0.0000,-0.0005,0.000,32.38,39.0,6,3073
124918740,141.660,141.660,0.0000,-0.0221,-0.0000,-0.0005,0.000,32.38,39.0,6,3073
124919891,141.660,141.660,0.0000,-0.0725,-0.0000,-0.0005,0.000,32.38,39.0,6,3073
124921207,141.660,141.660,0.0000,0.0359,-0.0000,-0.0005,0.000,32.41,39.0,6,3073
124921893,141.660,141.660,0.0000,0.0008,-0.0000,-0.0005,0.000,32.41,39.0,6,3073
124922890,141.660,141.660,0.0000,0.0114,-0.0000,-0.0005,0.000,32.41,39.0,6,3073
124923891,141.660,141.660,0.0000,0.0374,-0.0000,-0.0005,0.000,32.41,39.0,6,3073
124924891,141.660,141.682,0.0000,0.0648,-0.0000,-0.0005,0.000,32.41,39.0,6,3073
124926208,141.682,141.660,0.0000,-0.0587,-0.0000,-0.0005,0.000,32.38,39.0,6,3073
124926890,141.660,141.682,0.0000,0.1183,-0.0000,-0.0005,0.000,32.38,39.0,6,3073
124927891,141.682,141.660,0.0000,-0.0160,-0.0000,-0.0005,0.000,32.38,39.0,6,3073
124928889,141.660,141.660,0.0000,-0.1457,-0.0000,-0.0005,0.000,32.38,39.0,6,3073
124929891,141.660,141.660,0.0000,0.0938,-0.0000,-0.0005,0.000,32.38,39.0,6,3073
124931207,141.660,141.660,0.0000,-0.0526,-0.0000,-0.0005,0.000,32.34,39.0,6,3073
124931891,141.660,141.660,0.0000,-0.0862,-0.0000,-0.0005,0.000,32.34,39.0,6,3073
124932896,141.660,141.660,0.0000,0.1366,-0.0000,-0.0005,0.000,32.34,39.0,6,3073
124934162,141.660,141.660,0.0000,-0.0343,-0.0000,-0.0005,0.000,32.34,39.0,6,3073
124934548,141.660,141.660,0.0000,0.0130,-0.0000,-0.0005,0.000,32.34,39.0,6,3073
124935907,141.660,141.660,0.0000,0.0313,-0.0000,-0.0005,0.000,32.34,39.0,6,3073
124936594,141.660,141.660,0.0000,0.0771,-0.0000,-0.0005,0.000,32.34,39.0,6,3073
124937915,141.660,141.682,0.0000,0.0023,-0.0000,-0.0005,0.000,32.34,39.0,6,3073
124938543,141.682,141.660,0.0000,-0.0557,-0.0000,-0.0005,0.000,32.34,39.0,6,3073
124939552,141.660,141.682,0.0000,0.1213,-0.0000,-0.0005,0.000,32.34,39.0,6,3073
124940872,141.682,141.660,0.0000,-0.0160,-0.0000,-0.0005,0.000,32.34,39.0,6,3073
124941664,141.660,141.660,0.0000,-0.1122,-0.0000,-0.0005,0.000,32.34,39.0,6,3073
124942584,141.660,141.660,0.0000,-0.0725,-0.0000,-0.0005,0.000,32.34,39.0,6,3073
124943546,141.660,141.660,0.0000,0.0252,-0.0000,-0.0005,0.000,32.34,39.0,6,3073
124944557,141.660,141.660,0.0000,-0.0160,-0.0000,-0.0005,0.000,32.34,39.0,6,3073
124945874,141.660,141.660,0.0000,-0.1488,-0.0000,-0.0005,0.000,32.34,39.0,6,3073
124946645,141.660,141.660,0.0000,-0.0435,-0.0000,-0.0005,0.000,32.34,39.0,6,3073
124947553,141.660,141.660,0.0000,0.0526,-0.0000,-0.0005,0.000,32.34,39.0,6,3073
124948545,141.660,141.660,0.0000,-0.1564,-0.0000,-0.0005,0.000,32.34,39.0,6,3073
124949558,141.660,141.660,0.0000,-0.0114,-0.0000,-0.0005,0.000,32.34,39.0,6,3073
124950931,141.660,141.660,0.0000,0.0511,-0.0000,-0.0005,0.000,32.34,39.0,6,3073
124951577,141.660,141.660,0.0000,0.0343,-0.0000,-0.0005,0.000,32.34,39.0,6,3073
124952643,141.660,141.660,0.0000,-0.1137,-0.0000,-0.0005,0.000,32.34,39.0,6,3073
124953891,141.660,141.660,0.0000,0.0404,-0.0000,-0.0005,0.000,32.34,39.0,6,3073
124954579,141.660,141.660,0.0000,0.0343,-0.0000,-0.0005,0.000,32.34,39.0,6,3073
124955915,141.660,141.660,0.0000,0.0313,-0.0000,-0.0005,0.000,32.34,39.0,6,3073
124956578,141.660,141.660,0.0000,0.1045,-0.0000,-0.0005,0.000,32.34,39.0,6,3073
124957898,141.660,141.660,0.0000,0.0160,-0.0000,-0.0005,0.000,32.34,39.0,6,3073
124958600,141.660,141.682,0.0000,0.1320,-0.0000,-0.0005,0.000,32.34,39.0,6,3073
124960041,141.682,141.660,0.0000,-0.0069,-0.0000,-0.0005,0.000,32.34,39.0,6,3073
124960871,141.660,141.660,0.0000,-0.0343,-0.0000,-0.0005,0.000,32.34,39.0,6,3073
124961550,141.660,141.660,0.0000,-0.0099,-0.0000,-0.0005,0.000,32.34,39.0,6,3073
124962609,141.660,141.660,0.0000,0.0694,-0.0000,-0.0005,0.000,32.34,39.0,6,3073
124963576,141.660,141.660,0.0000,-0.0404,-0.0000,-0.0005,0.000,32.34,39.0,6,3073
124964572,141.660,141.660,0.0000,-0.0069,-0.0000,-0.0005,0.000,32.34,39.0,6,3073
124965892,141.660,141.660,0.0000,-0.0496,-0.0000,-0.0005,0.000,32.34,39.0,6,3073
124966574,141.660,141.660,0.0000,-0.0572,-0.0000,-0.0005,0.000,32.34,39.0,6,3073
124967576,141.660,141.682,0.0000,0.0664,-0.0000,-0.0005,0.000,32.34,39.0,6,3073
124968571,141.682,141.660,0.0000,0.0404,-0.0000,-0.0005,0.000,32.34,39.0,6,3073
124969570,141.660,141.660,0.0000,-0.0114,-0.0000,-0.0005,0.000,32.34,39.0,6,3073
124970906,141.660,141.660,0.0000,0.0343,-0.0000,-0.0005,0.000,32.34,39.0,6,3073
124971551,141.660,141.660,0.0000,0.0160,-0.0000,-0.0005,0.000,32.34,39.0,6,3073
124972551,141.660,141.660,0.0000,0.0084,-0.0000,-0.0005,0.000,32.34,39.0,6,3073
124973902,141.660,141.660,0.0000,-0.0267,-0.0000,-0.0005,0.000,32.34,39.0,6,3073
124974589,141.660,141.660,0.0000,0.0145,-0.0000,-0.0005,0.000,32.34,39.0,6,3073
124975910,141.660,141.660,0.0000,0.0481,-0.0000,-0.0005,0.000,32.34,39.0,6,3073
124976595,141.660,141.660,0.0000,-0.0206,-0.0000,-0.0005,0.000,32.34,39.0,6,3073
124977877,141.660,141.660,0.0000,0.0328,-0.0000,-0.0005,0.000,32.34,39.0,6,3073
124978664,141.660,141.660,0.0000,-0.1106,-0.0000,-0.0005,0.000,32.34,39.0,6,3073
124979583,141.660,141.660,0.0000,0.0801,-0.0000,-0.0005,0.000,32.34,39.0,6,3073
124980874,141.660,141.660,0.0000,-0.0252,-0.0000,-0.0005,0.000,32.34,39.0,6,3073
124981557,141.660,141.660,0.0000,0.1411,-0.0000,-0.0005,0.000,32.34,39.0,6,3073
124982551,141.660,141.682,0.0000,0.0298,-0.0000,-0.0005,0.000,32.34,39.0,6,3073
124983595,141.682,141.660,0.0000,-0.0160,-0.0000,-0.0005,0.000,32.34,39.0,6,3073
124984548,141.660,141.660,0.0000,0.0130,-0.0000,-0.0005,0.000,32.34,39.0,6,3073
124985886,141.660,141.660,0.0000,-0.0633,-0.0000,-0.0005,0.000,32.34,39.0,6,3073
124986546,141.660,141.660,0.0000,0.0618,-0.0000,-0.0005,0.000,32.34,39.0,6,3073
124987597,141.660,141.660,0.0000,-0.0191,-0.0000,-0.0005,0.000,32.34,39.0,6,3073
124988548,141.660,141.660,0.0000,-0.0526,-0.0000,-0.0005,0.000,32.34,39.0,6,3073
124989634,141.660,141.660,0.0000,-0.0145,-0.0000,-0.0005,0.000,32.34,39.0,6,3073
124990878,141.660,141.660,0.0000,0.0877,-0.0000,-0.0005,0.000,32.34,39.0,6,3073
124991599,141.660,141.660,0.0000,0.0053,-0.0000,-0.0005,0.000,32.34,39.0,6,3073
124992552,141.660,141.660,0.0000,0.0221,-0.0000,-0.0005,0.000,32.34,39.0,6,3073
124993879,141.660,141.660,0.0000,0.0175,-0.0000,-0.0005,0.000,32.34,39.0,6,3073
124994547,141.660,141.660,0.0000,0.0145,-0.0000,-0.0005,0.000,32.34,39.0,6,3073
124995911,141.660,141.660,0.0000,-0.0023,-0.0000,-0.0005,0.000,32.34,39.0,6,3073
124996552,141.660,141.660,0.0000,-0.0130,-0.0000,-0.0005,0.000,32.34,39.0,6,3073
124997966,141.660,141.660,0.0000,-0.0511,-0.0000,-0.0005,0.000,32.34,39.0,6,3073
124998846,141.660,141.660,0.0000,0.0710,-0.0000,-0.0005,0.000,32.34,39.0,6,3073
124999842,141.660,141.660,0.0000,-0.0298,-0.0000,-0.0005,0.000,32.34,39.0,6,3073
125001167,141.660,141.660,0.0000,0.0008,-0.0000,-0.0005,0.000,32.34,39.0,6,3073
125002205,141.660,141.660,0.0000,0.0267,-0.0000,-0.0005,0.000,32.34,39.0,6,3073
125002906,141.660,141.660,0.0000,0.0786,-0.0000,-0.0005,0.000,32.34,39.0,6,3073
125003890,141.660,141.660,0.0000,-0.0526,-0.0000,-0.0005,0.000,32.34,39.0,6,3073
125004887,141.660,141.660,0.0000,-0.0587,-0.0000,-0.0005,0.000,32.34,39.0,6,3073
125006258,141.660,141.660,0.0000,0.0114,-0.0000,-0.0005,0.000,32.34,39.0,6,3073
125006890,141.660,141.660,0.0000,-0.0450,-0.0000,-0.0005,0.000,32.34,39.0,6,3073
125007887,141.660,141.660,0.0000,0.0832,-0.0000,-0.0005,0.000,32.34,39.0,6,3073
125008887,141.660,141.660,0.0000,-0.1244,-0.0000,-0.0005,0.000,32.34,39.0,6,3073
125009905,141.660,141.660,0.0000,0.0984,-0.0000,-0.0005,0.000,32.34,39.0,6,3073
125011206,141.660,141.660,0.0000,-0.0694,-0.0000,-0.0005,0.000,32.34,39.0,6,3073
125011889,141.660,141.660,0.0000,0.0282,-0.0000,-0.0005,0.000,32.34,39.0,6,3073
125012887,141.660,141.660,0.0000,-0.0053,-0.0000,-0.0005,0.000,32.34,39.0,6,3073
125014212,141.660,141.660,0.0000,-0.0069,-0.0000,-0.0005,0.000,32.34,39.0,6,3073
125014572,141.660,141.660,0.0000,-0.0221,-0.0000,-0.0005,0.000,32.34,39.0,6,3073
125015957,141.660,141.660,0.0000,0.0359,-0.0000,-0.0005,0.000,32.34,39.0,6,3073
125016849,141.660,141.660,0.0000,0.0237,-0.0000,-0.0005,0.000,32.34,39.0,6,3073
125018167,141.660,141.660,0.0000,-0.0130,-0.0000,-0.0005,0.000,32.34,39.0,6,3073
125018845,141.660,141.660,0.0000,-0.0420,-0.0000,-0.0005,0.000,32.34,39.0,6,3073
125019909,141.660,141.660,0.0000,-0.0374,-0.0000,-0.0005,0.000,32.34,39.0,6,3073
125021206,141.660,141.682,0.0000,0.0938,-0.0000,-0.0005,0.000,32.41,39.0,6,3073
125021888,141.682,141.660,0.0000,-0.0267,-0.0000,-0.0005,0.000,32.41,39.0,6,3073
125022890,141.660,141.660,0.0000,-0.0099,-0.0000,-0.0005,0.000,32.41,39.0,6,3073
125023887,141.660,141.660,0.0000,-0.0526,-0.0000,-0.0005,0.000,32.41,39.0,6,3073
125024889,141.660,141.660,0.0000,0.0999,-0.0000,-0.0005,0.000,32.41,39.0,6,3073
125026206,141.660,141.660,0.0000,0.0221,-0.0000,-0.0005,0.000,32.34,39.0,6,3073
125026886,141.660,141.660,0.0000,-0.1244,-0.0000,-0.0005,0.000,32.34,39.0,6,3073
125027887,141.660,141.682,0.0000,0.0557,-0.0000,-0.0005,0.000,32.34,39.0,6,3073
125028888,141.682,141.660,0.0000,-0.0023,-0.0000,-0.0005,0.000,32.34,39.0,6,3073
125029886,141.660,141.660,0.0000,0.0572,-0.0000,-0.0005,0.000,32.34,39.0,6,3073
125031201,141.660,141.660,0.0000,-0.1198,-0.0000,-0.0005,0.000,32.34,39.0,6,3073
125031886,141.660,141.660,0.0000,-0.0664,-0.0000,-0.0005,0.000,32.34,39.0,6,3073
125032889,141.660,141.660,0.0000,-0.0984,-0.0000,-0.0005,0.000,32.34,39.0,6,3073
125034219,141.660,141.660,0.0000,0.0328,-0.0000,-0.0005,0.000,32.34,39.0,6,3073
125034550,141.660,141.660,0.0000,-0.0023,-0.0000,-0.0005,0.000,32.34,39.0,6,3073
125035869,141.660,141.660,0.0000,-0.0130,-0.0000,-0.0005,0.000,32.34,39.0,6,3073
125036590,141.660,141.660,0.0000,0.0221,-0.0000,-0.0005,0.000,32.34,39.0,6,3073
125037912,141.660,141.660,0.0000,0.0496,-0.0000,-0.0005,0.000,32.34,39.0,6,3073
125038596,141.660,141.660,0.0000,0.0160,-0.0000,-0.0005,0.000,32.34,39.0,6,3073
125039598,141.660,141.660,0.0000,0.0023,-0.0000,-0.0005,0.000,32.34,39.0,6,3073
125040873,141.660,141.660,0.0000,-0.0282,-0.0000,-0.0005,0.000,32.34,39.0,6,3073
125041661,141.660,141.682,0.0000,0.1060,-0.0000,-0.0005,0.000,32.34,39.0,6,3073
125042583,141.682,141.660,0.0000,-0.1335,-0.0000,-0.0005,0.000,32.34,39.0,6,3073
125043988,141.660,141.660,0.0000,0.0526,-0.0000,-0.0005,0.000,32.34,39.0,6,3073
125044557,141.660,141.660,0.0000,0.0130,-0.0000,-0.0005,0.000,32.34,39.0,6,3073
125045873,141.660,141.660,0.0000,0.0206,-0.0000,-0.0005,0.000,32.34,39.0,6,3073
125046648,141.660,141.660,0.0000,-0.1503,-0.0000,-0.0005,0.000,32.34,39.0,6,3073
125047553,141.660,141.682,0.0000,0.1503,-0.0000,-0.0005,0.000,32.34,39.0,6,3073
125048545,141.682,141.660,0.0000,0.0145,-0.0000,-0.0005,0.000,32.34,39.0,6,3073
125049559,141.660,141.660,0.0000,-0.0008,-0.0000,-0.0005,0.000,32.34,39.0,6,3073
125050930,141.660,141.682,0.0000,0.0542,-0.0000,-0.0005,0.000,32.34,39.0,6,3073
125051576,141.682,141.660,0.0000,0.0099,-0.0000,-0.0005,0.000,32.34,39.0,6,3073
125052644,141.660,141.660,0.0000,-0.0938,-0.0000,-0.0005,0.000,32.34,39.0,6,3073
125053891,141.660,141.660,0.0000,0.0526,-0.0000,-0.0005,0.000,32.34,39.0,6,3073
125054582,141.660,141.660,0.0000,-0.0374,-0.0000,-0.0005,0.000,32.34,39.0,6,3073
125055915,141.660,141.660,0.0000,-0.0481,-0.0000,-0.0005,0.000,32.34,39.0,6,3073
125056578,141.660,141.660,0.0000,0.0710,-0.0000,-0.0005,0.000,32.34,39.0,6,3073
125057897,141.660,141.660,0.0000,-0.0816,-0.0000,-0.0005,0.000,32.34,39.0,6,3073
125058601,141.660,141.660,0.0000,0.0191,-0.0000,-0.0005,0.000,32.34,39.0,6,3073
125059622,141.660,141.660,0.0000,-0.0191,-0.0000,-0.0005,0.000,32.34,39.0,6,3073
125060872,141.660,141.660,0.0000,-0.0298,-0.0000,-0.0005,0.000,32.34,39.0,6,3073
125061579,141.660,141.660,0.0000,-0.0313,-0.0000,-0.0005,0.000,32.34,39.0,6,3073
125062599,141.660,141.660,0.0000,0.0374,-0.0000,-0.0005,0.000,32.34,39.0,6,3073
125063570,141.660,141.660,0.0000,-0.1198,-0.0000,-0.0005,0.000,32.34,39.0,6,3073
125064571,141.660,141.660,0.0000,-0.0099,-0.0000,-0.0005,0.000,32.34,39.0,6,3073
125065895,141.660,141.660,0.0000,-0.0664,-0.0000,-0.0005,0.000,32.34,39.0,6,3073
125066571,141.660,141.660,0.0000,-0.0237,-0.0000,-0.0005,0.000,32.34,39.0,6,3073
125067575,141.660,141.660,0.0000,0.1213,-0.0000,-0.0005,0.000,32.34,39.0,6,3073
125068570,141.660,141.660,0.0000,-0.0694,-0.0000,-0.0005,0.000,32.34,39.0,6,3073
125069572,141.660,141.660,0.0000,-0.0084,-0.0000,-0.0005,0.000,32.34,39.0,6,3073
125070907,141.660,141.660,0.0000,-0.0175,-0.0000,-0.0005,0.000,32.34,39.0,6,3073
125071552,141.660,141.660,0.0000,-0.0954,-0.0000,-0.0005,0.000,32.34,39.0,6,3073
125072551,141.660,141.682,0.0000,0.0359,-0.0000,-0.0005,0.000,32.34,39.0,6,3073
125073902,141.682,141.660,0.0000,-0.0572,-0.0000,-0.0005,0.000,32.34,39.0,6,3073
125074591,141.660,141.660,0.0000,0.0847,-0.0000,-0.0005,0.000,32.34,39.0,6,3073
125075869,141.660,141.660,0.0000,0.1076,-0.0000,-0.0005,0.000,32.34,39.0,6,3073
125076551,141.660,141.682,0.0000,0.0572,-0.0000,-0.0005,0.000,32.34,39.0,6,3073
125077876,141.682,141.660,0.0000,-0.1015,-0.0000,-0.0005,0.000,32.34,39.0,6,3073
125078659,141.660,141.682,0.0000,0.0923,-0.0000,-0.0005,0.000,32.34,39.0,6,3073
125079583,141.682,141.660,0.0000,-0.0572,-0.0000,-0.0005,0.000,32.34,39.0,6,3073
125080875,141.660,141.660,0.0000,-0.0679,-0.0000,-0.0005,0.000,32.34,39.0,6,3073
125081557,141.660,141.660,0.0000,0.0999,-0.0000,-0.0005,0.000,32.34,39.0,6,3073
125082551,141.660,141.660,0.0000,-0.0710,-0.0000,-0.0005,0.000,32.34,39.0,6,3073
125083596,141.660,141.660,0.0000,-0.0175,-0.0000,-0.0005,0.000,32.34,39.0,6,3073
125084989,141.660,141.660,0.0000,0.1045,-0.0000,-0.0005,0.000,32.34,39.0,6,3073
125085886,141.660,141.660,0.0000,0.0587,-0.0000,-0.0005,0.000,32.34,39.0,6,3073
125086546,141.660,141.660,0.0000,-0.1259,-0.0000,-0.0005,0.000,32.34,39.0,6,3073
125087598,141.660,141.660,0.0000,0.0450,-0.0000,-0.0005,0.000,32.34,39.0,6,3073
125088547,141.660,141.660,0.0000,0.0267,-0.0000,-0.0005,0.000,32.34,39.0,6,3073
125089634,141.660,141.660,0.0000,0.0389,-0.0000,-0.0005,0.000,32.34,39.0,6,3073
125090878,141.660,141.660,0.0000,-0.0221,-0.0000,-0.0005,0.000,32.34,39.0,6,3073
125091600,141.660,141.660,0.0000,0.0526,-0.0000,-0.0005,0.000,32.34,39.0,6,3073
125092551,141.660,141.660,0.0000,0.0313,-0.0000,-0.0005,0.000,32.34,39.0,6,3073
125093879,141.660,141.660,0.0000,-0.0389,-0.0000,-0.0005,0.000,32.34,39.0,6,3073
125094547,141.660,141.660,0.0000,0.1274,-0.0000,-0.0005,0.000,32.34,39.0,6,3073
125095911,141.660,141.660,0.0000,0.0130,-0.0000,-0.0005,0.000,32.34,39.0,6,3073
125096550,141.660,141.660,0.0000,0.0908,-0.0000,-0.0005,0.000,32.34,39.0,6,3073
125097966,141.660,141.660,0.0000,-0.0237,-0.0000,-0.0005,0.000,32.34,39.0,6,3073
125098550,141.660,141.660,0.0000,0.0999,-0.0000,-0.0005,0.000,32.34,39.0,6,3073
125099551,141.660,141.660,0.0000,-0.0008,-0.0000,-0.0005,0.000,32.34,39.0,6,3073
125100931,141.660,141.682,0.0000,0.0755,-0.0000,-0.0005,0.000,32.34,39.0,6,3073
125101888,141.682,141.660,0.0000,-0.0313,-0.0000,-0.0005,0.000,32.34,39.0,6,3073
125102887,141.660,141.660,0.0000,-0.0420,-0.0000,-0.0005,0.000,32.34,39.0,6,3073
125103934,141.660,141.660,0.0000,0.0221,-0.0000,-0.0005,0.000,32.34,39.0,6,3073
125104889,141.660,141.660,0.0000,0.0191,-0.0000,-0.0005,0.000,32.34,39.0,6,3073
125106201,141.660,141.682,0.0000,0.0801,-0.0000,-0.0005,0.000,32.41,39.0,6,3073
125106886,141.682,141.660,0.0000,0.0038,-0.0000,-0.0005,0.000,32.41,39.0,6,3073
125107899,141.660,141.660,0.0000,0.0694,-0.0000,-0.0005,0.000,32.41,39.0,6,3073
125108888,141.660,141.660,0.0000,-0.0145,-0.0000,-0.0005,0.000,32.41,39.0,6,3073
125109886,141.660,141.660,0.0000,0.0038,-0.0000,-0.0005,0.000,32.41,39.0,6,3073
125111203,141.660,141.660,0.0000,-0.1289,-0.0000,-0.0005,0.000,32.38,39.0,6,3073
125111884,141.660,141.660,0.0000,-0.0862,-0.0000,-0.0005,0.000,32.38,39.0,6,3073
125112899,141.660,141.660,0.0000,-0.1030,-0.0000,-0.0005,0.000,32.38,39.0,6,3073
125114233,141.660,141.660,0.0000,-0.0572,-0.0000,-0.0005,0.000,32.38,39.0,6,3073
125114547,141.660,141.660,0.0000,-0.0648,-0.0000,-0.0005,0.000,32.38,39.0,6,3073
125115870,141.660,141.660,0.0000,0.0420,-0.0000,-0.0005,0.000,32.38,39.0,6,3073
125116612,141.660,141.660,0.0000,0.0252,-0.0000,-0.0005,0.000,32.38,39.0,6,3073
125117901,141.660,141.660,0.0000,-0.0237,-0.0000,-0.0005,0.000,32.38,39.0,6,3073
125118574,141.660,141.660,0.0000,0.0420,-0.0000,-0.0005,0.000,32.38,39.0,6,3073
125119576,141.660,141.660,0.0000,-0.0114,-0.0000,-0.0005,0.000,32.38,39.0,6,3073
125120893,141.660,141.660,0.0000,0.0420,-0.0000,-0.0005,0.000,32.38,39.0,6,3073
125121574,141.660,141.660,0.0000,-0.0404,-0.0000,-0.0005,0.000,32.38,39.0,6,3073
125122576,141.660,141.660,0.0000,0.0099,-0.0000,-0.0005,0.000,32.38,39.0,6,3073
125123571,141.660,141.660,0.0000,-0.1213,-0.0000,-0.0005,0.000,32.38,39.0,6,3073
125124572,141.660,141.660,0.0000,-0.0450,-0.0000,-0.0005,0.000,32.38,39.0,6,3073
125126343,141.660,141.660,0.0000,-0.0618,-0.0000,-0.0005,0.000,32.38,39.0,6,3073
125126725,141.660,141.660,0.0000,0.0267,-0.0000,-0.0005,0.000,32.38,39.0,6,3073
125127841,141.660,141.660,0.0000,0.0587,-0.0000,-0.0005,0.000,32.38,39.0,6,3073
125128842,141.660,141.660,0.0000,-0.0221,-0.0000,-0.0005,0.000,32.38,39.0,6,3073
125129875,141.660,141.660,0.0000,-0.1167,-0.0000,-0.0005,0.000,32.38,39.0,6,3073
125131217,141.660,141.682,0.0000,0.1030,-0.0000,-0.0005,0.000,32.38,39.0,6,3073
125131898,141.682,141.660,0.0000,0.0160,-0.0000,-0.0005,0.000,32.38,39.0,6,3073
125132900,141.660,141.660,0.0000,0.0801,-0.0000,-0.0005,0.000,32.38,39.0,6,3073
125134215,141.660,141.660,0.0000,0.0420,-0.0000,-0.0005,0.000,32.38,39.0,6,3073
125134518,141.660,141.660,0.0000,-0.0053,-0.0000,-0.0005,0.000,32.38,39.0,6,3073
125135878,141.660,141.660,0.0000,0.0664,-0.0000,-0.0005,0.000,32.38,39.0,6,3073
125136546,141.660,141.660,0.0000,0.0023,-0.0000,-0.0005,0.000,32.38,39.0,6,3073
125137860,141.660,141.660,0.0000,0.0023,-0.0000,-0.0005,0.000,32.38,39.0,6,3073
125138576,141.660,141.660,0.0000,-0.0999,-0.0000,-0.0005,0.000,32.38,39.0,6,3073
125139551,141.660,141.660,0.0000,0.1167,-0.0000,-0.0005,0.000,32.38,39.0,6,3073
125140881,141.660,141.660,0.0000,-0.0771,-0.0000,-0.0005,0.000,32.38,39.0,6,3073
125141867,141.660,141.660,0.0000,-0.0862,-0.0000,-0.0005,0.000,32.38,39.0,6,3073
125142909,141.660,141.660,0.0000,-0.0160,-0.0000,-0.0005,0.000,32.38,39.0,6,3073
125143844,141.660,141.660,0.0000,-0.0999,-0.0000,-0.0005,0.000,32.38,39.0,6,3073
125144849,141.660,141.660,0.0000,0.0847,-0.0000,-0.0005,0.000,32.38,39.0,6,3073
125146169,141.660,141.660,0.0000,-0.0252,-0.0000,-0.0005,0.000,32.38,39.0,6,3073
125146746,141.660,141.660,0.0000,0.0313,-0.0000,-0.0005,0.000,32.38,39.0,6,3073
125147926,141.660,141.660,0.0000,0.0404,-0.0000,-0.0005,0.000,32.38,39.0,6,3073
125148842,141.660,141.660,0.0000,-0.0984,-0.0000,-0.0005,0.000,32.38,39.0,6,3073
125149842,141.660,141.660,0.0000,-0.0374,-0.0000,-0.0005,0.000,32.38,39.0,6,3073
125151173,141.660,141.682,0.0000,0.0359,-0.0000,-0.0005,0.000,32.38,39.0,6,3073
125151843,141.682,141.660,0.0000,0.0191,-0.0000,-0.0005,0.000,32.38,39.0,6,3073
125152911,141.660,141.660,0.0000,-0.0481,-0.0000,-0.0005,0.000,32.38,39.0,6,3073
125154211,141.660,141.660,0.0000,0.0557,-0.0000,-0.0005,0.000,32.38,39.0,6,3073
125154573,141.660,141.660,0.0000,0.0175,-0.0000,-0.0005,0.000,32.38,39.0,6,3073
125155957,141.660,141.660,0.0000,0.0038,-0.0000,-0.0005,0.000,32.38,39.0,6,3073
125156884,141.660,141.660,0.0000,-0.0633,-0.0000,-0.0005,0.000,32.38,39.0,6,3073
125158210,141.660,141.660,0.0000,0.0389,-0.0000,-0.0005,0.000,32.38,39.0,6,3073
125158882,141.660,141.660,0.0000,-0.0801,-0.0000,-0.0005,0.000,32.38,39.0,6,3073
125159897,141.660,141.660,0.0000,-0.0221,-0.0000,-0.0005,0.000,32.38,39.0,6,3073
125161196,141.660,141.660,0.0000,-0.1060,-0.0000,-0.0005,0.000,32.34,39.0,6,3073
125161884,141.660,141.660,0.0000,-0.0053,-0.0000,-0.0005,0.000,32.34,39.0,6,3073
125162883,141.660,141.660,0.0000,-0.0710,-0.0000,-0.0005,0.000,32.34,39.0,6,3073
125163884,141.660,141.660,0.0000,-0.0175,-0.0000,-0.0005,0.000,32.34,39.0,6,3073
125164909,141.660,141.660,0.0000,-0.0435,-0.0000,-0.0005,0.000,32.34,39.0,6,3073
125166209,141.660,141.660,0.0000,-0.0099,-0.0000,-0.0005,0.000,32.38,39.0,6,3073
125166871,141.660,141.660,0.0000,0.0496,-0.0000,-0.0005,0.000,32.38,39.0,6,3073
125168188,141.660,141.660,0.0000,0.1060,-0.0000,-0.0005,0.000,32.38,39.0,6,3073
125168840,141.660,141.660,0.0000,-0.1045,-0.0000,-0.0005,0.000,32.38,39.0,6,3073
125169902,141.660,141.660,0.0000,0.0053,-0.0000,-0.0005,0.000,32.38,39.0,6,3073
125171197,141.660,141.660,0.0000,-0.0893,-0.0000,-0.0005,0.000,32.34,39.0,6,3073
125171880,141.660,141.660,0.0000,0.1030,-0.0000,-0.0005,0.000,32.34,39.0,6,3073
125172882,141.660,141.660,0.0000,0.0282,-0.0000,-0.0005,0.000,32.34,39.0,6,3073
125174206,141.660,141.660,0.0000,-0.0130,-0.0000,-0.0005,0.000,32.34,39.0,6,3073
125174570,141.660,141.660,0.0000,0.0099,-0.0000,-0.0005,0.000,32.34,39.0,6,3073
125175887,141.660,141.660,0.0000,-0.0099,-0.0000,-0.0005,0.000,32.34,39.0,6,3073
125176574,141.660,141.660,0.0000,-0.0130,-0.0000,-0.0005,0.000,32.34,39.0,6,3073
125177894,141.660,141.660,0.0000,0.1534,-0.0000,-0.0005,0.000,32.34,39.0,6,3073
125178574,141.660,141.660,0.0000,0.0099,-0.0000,-0.0005,0.000,32.34,39.0,6,3073
125179573,141.660,141.682,0.0000,0.0206,-0.0000,-0.0005,0.000,32.34,39.0,6,3073
125180890,141.682,141.660,0.0000,0.0038,-0.0000,-0.0005,0.000,32.34,39.0,6,3073
125181580,141.660,141.660,0.0000,-0.0435,-0.0000,-0.0005,0.000,32.34,39.0,6,3073
125182554,141.660,141.660,0.0000,0.0267,-0.0000,-0.0005,0.000,32.34,39.0,6,3073
125183586,141.660,141.660,0.0000,-0.0191,-0.0000,-0.0005,0.000,32.34,39.0,6,3073
125184587,141.660,141.682,0.0000,0.0145,-0.0000,-0.0005,0.000,32.34,39.0,6,3073
125185906,141.682,141.682,0.0000,0.0572,-0.0000,-0.0005,0.000,32.34,39.0,6,3073
125186594,141.682,141.660,0.0000,-0.1076,-0.0000,-0.0005,0.000,32.34,39.0,6,3073
125187551,141.660,141.660,0.0000,0.0633,-0.0000,-0.0005,0.000,32.34,39.0,6,3073
125188559,141.660,141.660,0.0000,-0.0893,-0.0000,-0.0005,0.000,32.34,39.0,6,3073
125189550,141.660,141.660,0.0000,0.0298,-0.0000,-0.0005,0.000,32.34,39.0,6,3073
125190873,141.660,141.682,0.0000,-0.0343,-0.0000,-0.0005,0.000,32.34,39.0,6,3073
125191556,141.682,141.660,0.0000,-0.0343,-0.0000,-0.0005,0.000,32.34,39.0,6,3073
125192551,141.660,141.660,0.0000,0.0648,-0.0000,-0.0005,0.000,32.34,39.0,6,3073
125193916,141.660,141.660,0.0000,0.0221,-0.0000,-0.0005,0.000,32.34,39.0,6,3073
125194548,141.660,141.660,0.0000,-0.1228,-0.0000,-0.0005,0.000,32.34,39.0,6,3073
125195885,141.660,141.660,0.0000,-0.1137,-0.0000,-0.0005,0.000,32.34,39.0,6,3073
125196546,141.660,141.660,0.0000,-0.1076,-0.0000,-0.0005,0.000,32.34,39.0,6,3073
125197969,141.660,141.660,0.0000,0.1045,-0.0000,-0.0005,0.000,32.34,39.0,6,3073
125198870,141.660,141.660,0.0000,-0.0923,-0.0000,-0.0005,0.000,32.34,39.0,6,3073
125199842,141.660,141.660,0.0000,0.0587,-0.0000,-0.0005,0.000,32.34,39.0,6,3073
125201184,141.660,141.660,0.0000,0.0023,-0.0000,-0.0005,0.000,32.38,39.0,6,3073
125201871,141.660,141.660,0.0000,0.0969,-0.0000,-0.0005,0.000,32.38,39.0,6,3073
125202907,141.660,141.660,0.0000,-0.0877,-0.0000,-0.0005,0.000,32.38,39.0,6,3073
125203882,141.660,141.660,0.0000,-0.0175,-0.0000,-0.0005,0.000,32.38,39.0,6,3073
125204882,141.660,141.660,0.0000,-0.0023,-0.0000,-0.0005,0.000,32.38,39.0,6,3073
125206253,141.660,141.660,0.0000,-0.0648,-0.0000,-0.0005,0.000,32.31,39.0,6,3073
125206885,141.660,141.682,0.0000,0.1305,-0.0000,-0.0005,0.000,32.31,39.0,6,3073
125207885,141.682,141.660,0.0000,-0.0008,-0.0000,-0.0005,0.000,32.31,39.0,6,3073
125208883,141.660,141.660,0.0000,0.0038,-0.0000,-0.0005,0.000,32.31,39.0,6,3073
125210244,141.660,141.660,0.0000,-0.0053,-0.0000,-0.0005,0.000,32.31,39.0,6,3073
125211201,141.660,141.660,0.0000,0.1411,-0.0000,-0.0005,0.000,32.38,39.0,6,3073
125211881,141.660,141.682,0.0000,0.0877,-0.0000,-0.0005,0.000,32.38,39.0,6,3073
125212882,141.682,141.660,0.0000,-0.0938,-0.0000,-0.0005,0.000,32.38,39.0,6,3073
125214205,141.660,141.660,0.0000,0.0694,-0.0000,-0.0005,0.000,32.38,39.0,6,3073
125214571,141.660,141.660,0.0000,-0.0481,-0.0000,-0.0005,0.000,32.38,39.0,6,3073
125215960,141.660,141.660,0.0000,0.1045,-0.0000,-0.0005,0.000,32.38,39.0,6,3073
125216871,141.660,141.660,0.0000,-0.0710,-0.0000,-0.0005,0.000,32.38,39.0,6,3073
125218190,141.660,141.660,0.0000,-0.0114,-0.0000,-0.0005,0.000,32.38,39.0,6,3073
125218870,141.660,141.682,0.0000,0.0465,-0.0000,-0.0005,0.000,32.38,39.0,6,3073
125219900,141.682,141.660,0.0000,-0.0542,-0.0000,-0.0005,0.000,32.38,39.0,6,3073
125221202,141.660,141.660,0.0000,0.1045,-0.0000,-0.0005,0.000,32.38,39.0,6,3073
125221883,141.660,141.660,0.0000,-0.0526,-0.0000,-0.0005,0.000,32.38,39.0,6,3073
125222883,141.660,141.660,0.0000,0.0099,-0.0000,-0.0005,0.000,32.38,39.0,6,3073
125223882,141.660,141.660,0.0000,-0.0740,-0.0000,-0.0005,0.000,32.38,39.0,6,3073
125224885,141.660,141.660,0.0000,0.0237,-0.0000,-0.0005,0.000,32.38,39.0,6,3073
125226201,141.660,141.660,0.0000,-0.0481,-0.0000,-0.0005,0.000,32.38,39.0,6,3073
125226882,141.660,141.682,0.0000,0.0282,-0.0000,-0.0005,0.000,32.38,39.0,6,3073
125227883,141.682,141.660,0.0000,-0.0740,-0.0000,-0.0005,0.000,32.38,39.0,6,3073
125228881,141.660,141.660,0.0000,0.0160,-0.0000,-0.0005,0.000,32.38,39.0,6,3073
125229883,141.660,141.682,0.0000,0.0008,-0.0000,-0.0005,0.000,32.38,39.0,6,3073
125231198,141.682,141.660,0.0000,-0.0191,-0.0000,-0.0005,0.000,32.38,39.0,6,3073
125231881,141.660,141.660,0.0000,-0.0298,-0.0000,-0.0005,0.000,32.38,39.0,6,3073
125232882,141.660,141.660,0.0000,-0.0648,-0.0000,-0.0005,0.000,32.38,39.0,6,3073
125234216,141.660,141.660,0.0000,-0.0160,-0.0000,-0.0005,0.000,32.38,39.0,6,3073
125234549,141.660,141.660,0.0000,0.0069,-0.0000,-0.0005,0.000,32.38,39.0,6,3073
125235869,141.660,141.660,0.0000,-0.0252,-0.0000,-0.0005,0.000,32.38,39.0,6,3073
125236548,141.660,141.660,0.0000,-0.0496,-0.0000,-0.0005,0.000,32.38,39.0,6,3073
125237919,141.660,141.660,0.0000,0.1152,-0.0000,-0.0005,0.000,32.38,39.0,6,3073
125238596,141.660,141.660,0.0000,0.0313,-0.0000,-0.0005,0.000,32.38,39.0,6,3073
125239596,141.660,141.660,0.0000,-0.1411,-0.0000,-0.0005,0.000,32.38,39.0,6,3073
125240893,141.660,141.660,0.0000,0.0191,-0.0000,-0.0005,0.000,32.38,39.0,6,3073
125241550,141.660,141.660,0.0000,0.0267,-0.0000,-0.0005,0.000,32.38,39.0,6,3073
125242545,141.660,141.660,0.0000,0.0328,-0.0000,-0.0005,0.000,32.38,39.0,6,3073
125243572,141.660,141.660,0.0000,-0.0893,-0.0000,-0.0005,0.000,32.38,39.0,6,3073
125244546,141.660,141.660,0.0000,0.1122,-0.0000,-0.0005,0.000,32.38,39.0,6,3073
125245886,141.660,141.660,0.0000,0.0328,-0.0000,-0.0005,0.000,32.38,39.0,6,3073
125246546,141.660,141.660,0.0000,-0.0755,-0.0000,-0.0005,0.000,32.38,39.0,6,3073
125247651,141.660,141.660,0.0000,0.0023,-0.0000,-0.0005,0.000,32.38,39.0,6,3073
125248548,141.660,141.660,0.0000,-0.0084,-0.0000,-0.0005,0.000,32.38,39.0,6,3073
125249545,141.660,141.660,0.0000,-0.0267,-0.0000,-0.0005,0.000,32.38,39.0,6,3073
125250933,141.660,141.660,0.0000,0.1198,-0.0000,-0.0005,0.000,32.38,39.0,6,3073
125252232,141.660,141.660,0.0000,-0.0587,-0.0000,-0.0005,0.000,32.38,39.0,6,3073
125252883,141.660,141.660,0.0000,-0.0343,-0.0000,-0.0005,0.000,32.38,39.0,6,3073
125254242,141.660,141.660,0.0000,-0.0175,-0.0000,-0.0005,0.000,32.38,39.0,6,3073
125254587,141.660,141.660,0.0000,0.0496,-0.0000,-0.0005,0.000,32.38,39.0,6,3073
125255890,141.660,141.660,0.0000,0.0114,-0.0000,-0.0005,0.000,32.38,39.0,6,3073
125256577,141.660,141.660,0.0000,-0.0298,-0.0000,-0.0005,0.000,32.38,39.0,6,3073
125257923,141.660,141.660,0.0000,0.0084,-0.0000,-0.0005,0.000,32.38,39.0,6,3073
125258882,141.660,141.660,0.0000,0.0206,-0.0000,-0.0005,0.000,32.38,39.0,6,3073
125259882,141.660,141.660,0.0000,-0.0237,-0.0000,-0.0005,0.000,32.38,39.0,6,3073
125261195,141.660,141.660,0.0000,-0.0755,-0.0000,-0.0005,0.000,32.38,39.0,6,3073
125261880,141.660,141.660,0.0000,-0.0084,-0.0000,-0.0005,0.000,32.38,39.0,6,3073
125262925,141.660,141.660,0.0000,0.1122,-0.0000,-0.0005,0.000,32.38,39.0,6,3073
125263879,141.660,141.660,0.0000,0.0252,-0.0000,-0.0005,0.000,32.38,39.0,6,3073
125264866,141.660,141.682,0.0000,-0.0069,-0.0000,-0.0005,0.000,32.38,39.0,6,3073
125266186,141.682,141.660,0.0000,-0.1167,-0.0000,-0.0005,0.000,32.38,39.0,6,3073
125266886,141.660,141.660,0.0000,0.0175,-0.0000,-0.0005,0.000,32.38,39.0,6,3073
125267886,141.660,141.660,0.0000,-0.0893,-0.0000,-0.0005,0.000,32.38,39.0,6,3073
125268880,141.660,141.660,0.0000,-0.0145,-0.0000,-0.0005,0.000,32.38,39.0,6,3073
125269878,141.660,141.660,0.0000,-0.1427,-0.0000,-0.0005,0.000,32.38,39.0,6,3073
125271197,141.660,141.660,0.0000,0.0954,-0.0000,-0.0005,0.000,32.38,39.0,6,3073
125271879,141.660,141.660,0.0000,-0.0847,-0.0000,-0.0005,0.000,32.38,39.0,6,3073
125272879,141.660,141.660,0.0000,-0.1625,-0.0000,-0.0005,0.000,32.38,39.0,6,3073
125274200,141.660,141.660,0.0000,-0.0526,-0.0000,-0.0005,0.000,32.38,39.0,6,3073
125274572,141.660,141.660,0.0000,0.0587,-0.0000,-0.0005,0.000,32.38,39.0,6,3073
125275891,141.660,141.660,0.0000,-0.0237,-0.0000,-0.0005,0.000,32.38,39.0,6,3073
125276573,141.660,141.660,0.0000,-0.0038,-0.0000,-0.0005,0.000,32.38,39.0,6,3073
125277898,141.660,141.660,0.0000,-0.0206,-0.0000,-0.0005,0.000,32.38,39.0,6,3073
125278573,141.660,141.660,0.0000,-0.0221,-0.0000,-0.0005,0.000,32.38,39.0,6,3073
125279591,141.660,141.660,0.0000,0.0710,-0.0000,-0.0005,0.000,32.38,39.0,6,3073
125280875,141.660,141.660,0.0000,-0.1457,-0.0000,-0.0005,0.000,32.38,39.0,6,3073
125281549,141.660,141.660,0.0000,-0.0816,-0.0000,-0.0005,0.000,32.38,39.0,6,3073
125282598,141.660,141.660,0.0000,-0.0450,-0.0000,-0.0005,0.000,32.38,39.0,6,3073
125283591,141.660,141.660,0.0000,0.1457,-0.0000,-0.0005,0.000,32.38,39.0,6,3073
125284591,141.660,141.660,0.0000,-0.1717,-0.0000,-0.0005,0.000,32.38,39.0,6,3073
125285877,141.660,141.682,0.0000,-0.0298,-0.0000,-0.0005,0.000,32.38,39.0,6,3073
125286672,141.682,141.660,0.0000,-0.0725,-0.0000,-0.0005,0.000,32.38,39.0,6,3073
125287590,141.660,141.660,0.0000,0.0206,-0.0000,-0.0005,0.000,32.38,39.0,6,3073
125288546,141.660,141.660,0.0000,0.0923,-0.0000,-0.0005,0.000,32.38,39.0,6,3073
125289559,141.660,141.660,0.0000,0.0404,-0.0000,-0.0005,0.000,32.38,39.0,6,3073
125290874,141.660,141.660,0.0000,0.0450,-0.0000,-0.0005,0.000,32.38,39.0,6,3073
125291594,141.660,141.660,0.0000,-0.0648,-0.0000,-0.0005,0.000,32.38,39.0,6,3073
125292552,141.660,141.660,0.0000,0.0038,-0.0000,-0.0005,0.000,32.38,39.0,6,3073
125294317,141.660,141.660,0.0000,0.0084,-0.0000,-0.0005,0.000,32.38,39.0,6,3073
125294547,141.660,141.660,0.0000,-0.0587,-0.0000,-0.0005,0.000,32.38,39.0,6,3073
125295906,141.660,141.660,0.0000,0.0679,-0.0000,-0.0005,0.000,32.38,39.0,6,3073
125296554,141.660,141.660,0.0000,0.0023,-0.0000,-0.0005,0.000,32.38,39.0,6,3073
125297995,141.660,141.660,0.0000,-0.0114,-0.0000,-0.0005,0.000,32.38,39.0,6,3073
125298551,141.660,141.660,0.0000,-0.0008,-0.0000,-0.0005,0.000,32.38,39.0,6,3073
125299551,141.660,141.660,0.0000,0.0679,-0.0000,-0.0005,0.000,32.38,39.0,6,3073
125300863,141.660,141.660,0.0000,-0.0481,-0.0000,-0.0005,0.000,32.38,39.0,6,3073
125301615,141.660,141.660,0.0000,-0.0191,-0.0000,-0.0005,0.000,32.38,39.0,6,3073
125302578,141.660,141.660,0.0000,0.1152,-0.0000,-0.0005,0.000,32.38,39.0,6,3073
125303639,141.660,141.660,0.0000,0.0313,-0.0000,-0.0005,0.000,32.38,39.0,6,3073
125304572,141.660,141.660,0.0000,-0.0893,-0.0000,-0.0005,0.000,32.38,39.0,6,3073
125305917,141.660,141.660,0.0000,-0.0084,-0.0000,-0.0005,0.000,32.38,39.0,6,3073
125306880,141.660,141.660,0.0000,-0.0053,-0.0000,-0.0005,0.000,32.38,39.0,6,3073
125307880,141.660,141.660,0.0000,0.1823,-0.0000,-0.0005,0.000,32.38,39.0,6,3073
125308877,141.660,141.682,0.0000,0.0450,-0.0000,-0.0005,0.000,32.38,39.0,6,3073
125309880,141.682,141.660,0.0000,0.0084,-0.0000,-0.0005,0.000,32.38,39.0,6,3073
125311252,141.660,141.682,0.0000,0.0557,-0.0000,-0.0005,0.000,32.38,39.0,6,3073
125311870,141.682,141.660,0.0000,-0.1015,-0.0000,-0.0005,0.000,32.38,39.0,6,3073
125312865,141.660,141.682,0.0000,0.0359,-0.0000,-0.0005,0.000,32.38,39.0,6,3073
125314183,141.682,141.660,0.0000,-0.0160,-0.0000,-0.0005,0.000,32.38,39.0,6,3073
125314867,141.660,141.682,0.0000,0.0404,-0.0000,-0.0005,0.000,32.38,39.0,6,3073
125316223,141.682,141.682,0.0000,0.0526,-0.0000,-0.0005,0.000,32.38,39.0,6,3073
125316883,141.682,141.660,0.0000,-0.0343,-0.0000,-0.0005,0.000,32.38,39.0,6,3073
125318207,141.660,141.660,0.0000,0.0725,-0.0000,-0.0005,0.000,32.38,39.0,6,3073
125318880,141.660,141.660,0.0000,-0.0587,-0.0000,-0.0005,0.000,32.38,39.0,6,3073
125319878,141.660,141.660,0.0000,0.0206,-0.0000,-0.0005,0.000,32.38,39.0,6,3073
125321194,141.660,141.660,0.0000,0.0618,-0.0000,-0.0005,0.000,32.34,39.0,6,3073
125321877,141.660,141.660,0.0000,0.0526,-0.0000,-0.0005,0.000,32.34,39.0,6,3073
125322881,141.660,141.660,0.0000,0.0237,-0.0000,-0.0005,0.000,32.34,39.0,6,3073
125323877,141.660,141.660,0.0000,0.0175,-0.0000,-0.0005,0.000,32.34,39.0,6,3073
125324876,141.660,141.660,0.0000,-0.1228,-0.0000,-0.0005,0.000,32.34,39.0,6,3073
125326195,141.660,141.660,0.0000,-0.1122,-0.0000,-0.0005,0.000,32.38,39.0,6,3073
125326878,141.660,141.660,0.0000,0.0816,-0.0000,-0.0005,0.000,32.38,39.0,6,3073
125327881,141.660,141.660,0.0000,0.0465,-0.0000,-0.0005,0.000,32.38,39.0,6,3073
125328880,141.660,141.660,0.0000,-0.0435,-0.0000,-0.0005,0.000,32.38,39.0,6,3073
125329885,141.660,141.660,0.0000,0.0648,-0.0000,-0.0005,0.000,32.38,39.0,6,3073
125331189,141.660,141.660,0.0000,0.0542,-0.0000,-0.0005,0.000,32.38,39.0,6,3073
125331863,141.660,141.660,0.0000,-0.0618,-0.0000,-0.0005,0.000,32.38,39.0,6,3073
125332864,141.660,141.682,0.0000,0.0908,-0.0000,-0.0005,0.000,32.38,39.0,6,3073
125334211,141.682,141.660,0.0000,0.0038,-0.0000,-0.0005,0.000,32.38,39.0,6,3073
125334591,141.660,141.660,0.0000,0.0084,-0.0000,-0.0005,0.000,32.38,39.0,6,3073
125336351,141.660,141.660,0.0000,0.0420,-0.0000,-0.0005,0.000,32.38,39.0,6,3073
125336769,141.660,141.682,0.0000,0.1015,-0.0000,-0.0005,0.000,32.38,39.0,6,3073
125338220,141.682,141.660,0.0000,0.0435,-0.0000,-0.0005,0.000,32.38,39.0,6,3073
125338799,141.660,141.682,0.0000,0.0740,-0.0000,-0.0005,0.000,32.38,39.0,6,3073
125339866,141.682,141.660,0.0000,-0.0160,-0.0000,-0.0005,0.000,32.38,39.0,6,3073
125341189,141.660,141.660,0.0000,0.0084,-0.0000,-0.0005,0.000,32.38,39.0,6,3073
125341923,141.660,141.660,0.0000,0.0282,-0.0000,-0.0005,0.000,32.38,39.0,6,3073
125342783,141.660,141.682,0.0000,-0.0404,-0.0000,-0.0005,0.000,32.38,39.0,6,3073
125343889,141.682,141.660,0.0000,-0.1030,-0.0000,-0.0005,0.000,32.38,39.0,6,3073
125344865,141.660,141.660,0.0000,0.0481,-0.0000,-0.0005,0.000,32.38,39.0,6,3073
125346198,141.660,141.660,0.0000,-0.0832,-0.0000,-0.0005,0.000,32.38,39.0,6,3073
125346867,141.660,141.660,0.0000,0.0801,-0.0000,-0.0005,0.000,32.38,39.0,6,3073
125347964,141.660,141.660,0.0000,0.0313,-0.0000,-0.0005,0.000,32.38,39.0,6,3073
125348867,141.660,141.660,0.0000,-0.0404,-0.0000,-0.0005,0.000,32.38,39.0,6,3073
125349864,141.660,141.660,0.0000,0.0099,-0.0000,-0.0005,0.000,32.38,39.0,6,3073
125351188,141.660,141.660,0.0000,-0.0313,-0.0000,-0.0005,0.000,32.38,39.0,6,3073
125351867,141.660,141.682,0.0000,0.1305,-0.0000,-0.0005,0.000,32.38,39.0,6,3073
125352881,141.682,141.682,0.0000,0.0694,-0.0000,-0.0005,0.000,32.38,39.0,6,3073
125354217,141.682,141.660,0.0000,0.0572,-0.0000,-0.0005,0.000,32.38,39.0,6,3073
125354574,141.660,141.660,0.0000,0.0069,-0.0000,-0.0005,0.000,32.38,39.0,6,3073
125355956,141.660,141.682,0.0000,0.0816,-0.0000,-0.0005,0.000,32.38,39.0,6,3073
125356583,141.682,141.660,0.0000,-0.0450,-0.0000,-0.0005,0.000,32.38,39.0,6,3073
125357898,141.660,141.660,0.0000,0.1457,-0.0000,-0.0005,0.000,32.38,39.0,6,3073
125358576,141.660,141.682,0.0000,0.1228,-0.0000,-0.0005,0.000,32.38,39.0,6,3073
125359604,141.682,141.660,0.0000,-0.0755,-0.0000,-0.0005,0.000,32.38,39.0,6,3073
125360891,141.660,141.660,0.0000,-0.1289,-0.0000,-0.0005,0.000,32.38,39.0,6,3073
125361578,141.660,141.660,0.0000,0.0893,-0.0000,-0.0005,0.000,32.38,39.0,6,3073
125362645,141.660,141.682,0.0000,0.0587,-0.0000,-0.0005,0.000,32.38,39.0,6,3073
125363548,141.682,141.660,0.0000,-0.0114,-0.0000,-0.0005,0.000,32.38,39.0,6,3073
125364545,141.660,141.660,0.0000,-0.0343,-0.0000,-0.0005,0.000,32.38,39.0,6,3073
125365921,141.660,141.682,0.0000,0.0267,-0.0000,-0.0005,0.000,32.38,39.0,6,3073
125366575,141.682,141.660,0.0000,-0.0465,-0.0000,-0.0005,0.000,32.38,39.0,6,3073
125367578,141.660,141.660,0.0000,0.0328,-0.0000,-0.0005,0.000,32.38,39.0,6,3073
125368571,141.660,141.660,0.0000,0.0511,-0.0000,-0.0005,0.000,32.38,39.0,6,3073
125369571,141.660,141.660,0.0000,-0.1045,-0.0000,-0.0005,0.000,32.38,39.0,6,3073
125370892,141.660,141.660,0.0000,0.0435,-0.0000,-0.0005,0.000,32.38,39.0,6,3073
125371574,141.660,141.660,0.0000,0.0435,-0.0000,-0.0005,0.000,32.38,39.0,6,3073
125372576,141.660,141.660,0.0000,0.0328,-0.0000,-0.0005,0.000,32.38,39.0,6,3073
125373890,141.660,141.682,0.0000,0.1320,-0.0000,-0.0005,0.000,32.38,39.0,6,3073
125374582,141.682,141.660,0.0000,-0.0725,-0.0000,-0.0005,0.000,32.38,39.0,6,3073
125375872,141.660,141.660,0.0000,-0.1198,-0.0000,-0.0005,0.000,32.38,39.0,6,3073
125376545,141.660,141.660,0.0000,-0.0740,-0.0000,-0.0005,0.000,32.38,39.0,6,3073
125378211,141.660,141.660,0.0000,0.0542,-0.0000,-0.0005,0.000,32.38,39.0,6,3073
125378596,141.660,141.660,0.0000,0.0206,-0.0000,-0.0005,0.000,32.38,39.0,6,3073
125379598,141.660,141.660,0.0000,-0.0267,-0.0000,-0.0005,0.000,32.38,39.0,6,3073
125380910,141.660,141.660,0.0000,-0.0542,-0.0000,-0.0005,0.000,32.38,39.0,6,3073
125381867,141.660,141.660,0.0000,-0.1045,-0.0000,-0.0005,0.000,32.38,39.0,6,3073
125382983,141.660,141.660,0.0000,-0.0648,-0.0000,-0.0005,0.000,32.38,39.0,6,3073
125383892,141.660,141.660,0.0000,-0.0084,-0.0000,-0.0005,0.000,32.38,39.0,6,3073
125384867,141.660,141.660,0.0000,-0.0877,-0.0000,-0.0005,0.000,32.38,39.0,6,3073
125386197,141.660,141.660,0.0000,-0.0542,-0.0000,-0.0005,0.000,32.38,39.0,6,3073
125386867,141.660,141.660,0.0000,0.0404,-0.0000,-0.0005,0.000,32.38,39.0,6,3073
125387901,141.660,141.660,0.0000,-0.0664,-0.0000,-0.0005,0.000,32.38,39.0,6,3073
125388865,141.660,141.660,0.0000,0.1091,-0.0000,-0.0005,0.000,32.38,39.0,6,3073
125389876,141.660,141.660,0.0000,-0.0221,-0.0000,-0.0005,0.000,32.38,39.0,6,3073
125391185,141.660,141.660,0.0000,-0.1183,-0.0000,-0.0005,0.000,32.34,39.0,6,3073
125391744,141.660,141.660,0.0000,0.0923,-0.0000,-0.0005,0.000,32.34,39.0,6,3073
125392888,141.660,141.682,0.0000,0.0526,-0.0000,-0.0005,0.000,32.34,39.0,6,3073
125394183,141.682,141.660,0.0000,-0.0221,-0.0000,-0.0005,0.000,32.34,39.0,6,3073
125394910,141.660,141.660,0.0000,-0.0252,-0.0000,-0.0005,0.000,32.34,39.0,6,3073
125396132,141.660,141.660,0.0000,0.0450,-0.0000,-0.0005,0.000,32.34,39.0,6,3073
125396866,141.660,141.660,0.0000,0.0374,-0.0000,-0.0005,0.000,32.34,39.0,6,3073
125398183,141.660,141.660,0.0000,0.0130,-0.0000,-0.0005,0.000,32.34,39.0,6,3073
125398947,141.660,141.660,0.0000,-0.0816,-0.0000,-0.0005,0.000,32.34,39.0,6,3073
125399867,141.660,141.660,0.0000,0.0237,-0.0000,-0.0005,0.000,32.34,39.0,6,3073
125401199,141.660,141.682,0.0000,0.2083,-0.0000,-0.0005,0.000,32.34,39.0,6,3073
125401866,141.682,141.660,0.0000,0.0450,-0.0000,-0.0005,0.000,32.34,39.0,6,3073
125402868,141.660,141.660,0.0000,-0.0008,-0.0000,-0.0005,0.000,32.34,39.0,6,3073
125403866,141.660,141.660,0.0000,0.0725,-0.0000,-0.0005,0.000,32.34,39.0,6,3073
125404914,141.660,141.660,0.0000,0.0191,-0.0000,-0.0005,0.000,32.34,39.0,6,3073
125406196,141.660,141.660,0.0000,-0.0343,-0.0000,-0.0005,0.000,32.38,39.0,6,3073
125406876,141.660,141.660,0.0000,0.0359,-0.0000,-0.0005,0.000,32.38,39.0,6,3073
125407956,141.660,141.660,0.0000,-0.0343,-0.0000,-0.0005,0.000,32.38,39.0,6,3073
125408876,141.660,141.660,0.0000,-0.0938,-0.0000,-0.0005,0.000,32.38,39.0,6,3073
125409876,141.660,141.660,0.0000,0.0038,-0.0000,-0.0005,0.000,32.38,39.0,6,3073
125411213,141.660,141.660,0.0000,0.0145,-0.0000,-0.0005,0.000,32.38,39.0,6,3073
125411888,141.660,141.660,0.0000,0.0587,-0.0000,-0.0005,0.000,32.38,39.0,6,3073
125412878,141.660,141.660,0.0000,0.0420,-0.0000,-0.0005,0.000,32.38,39.0,6,3073
125414200,141.660,141.660,0.0000,-0.1030,-0.0000,-0.0005,0.000,32.38,39.0,6,3073
125414572,141.660,141.682,0.0000,-0.0053,-0.0000,-0.0005,0.000,32.38,39.0,6,3073
125415896,141.682,141.660,0.0000,-0.0282,-0.0000,-0.0005,0.000,32.38,39.0,6,3073
125416638,141.660,141.660,0.0000,-0.0618,-0.0000,-0.0005,0.000,32.38,39.0,6,3073
125417878,141.660,141.660,0.0000,-0.0313,-0.0000,-0.0005,0.000,32.38,39.0,6,3073
125418548,141.660,141.660,0.0000,0.0420,-0.0000,-0.0005,0.000,32.38,39.0,6,3073
125420036,141.660,141.660,0.0000,-0.0755,-0.0000,-0.0005,0.000,32.38,39.0,6,3073
125420893,141.660,141.660,0.0000,-0.0160,-0.0000,-0.0005,0.000,32.38,39.0,6,3073
125421576,141.660,141.682,0.0000,0.0679,-0.0000,-0.0005,0.000,32.38,39.0,6,3073
125422577,141.682,141.660,0.0000,-0.0771,-0.0000,-0.0005,0.000,32.38,39.0,6,3073
125423570,141.660,141.660,0.0000,0.0755,-0.0000,-0.0005,0.000,32.38,39.0,6,3073
125424571,141.660,141.660,0.0000,-0.0374,-0.0000,-0.0005,0.000,32.38,39.0,6,3073
125425889,141.660,141.660,0.0000,0.0282,-0.0000,-0.0005,0.000,32.38,39.0,6,3073
125426577,141.660,141.660,0.0000,0.0603,-0.0000,-0.0005,0.000,32.38,39.0,6,3073
125427576,141.660,141.660,0.0000,0.0374,-0.0000,-0.0005,0.000,32.38,39.0,6,3073
125428580,141.660,141.660,0.0000,0.0114,-0.0000,-0.0005,0.000,32.38,39.0,6,3073
125429570,141.660,141.660,0.0000,0.0450,-0.0000,-0.0005,0.000,32.38,39.0,6,3073
125430869,141.660,141.660,0.0000,0.0481,-0.0000,-0.0005,0.000,32.38,39.0,6,3073
125431594,141.660,141.660,0.0000,-0.1030,-0.0000,-0.0005,0.000,32.38,39.0,6,3073
125432598,141.660,141.660,0.0000,0.0389,-0.0000,-0.0005,0.000,32.38,39.0,6,3073
125433910,141.660,141.660,0.0000,0.0114,-0.0000,-0.0005,0.000,32.38,39.0,6,3073
125434595,141.660,141.660,0.0000,0.0237,-0.0000,-0.0005,0.000,32.38,39.0,6,3073
125435872,141.660,141.660,0.0000,-0.0069,-0.0000,-0.0005,0.000,32.38,39.0,6,3073
125436669,141.660,141.660,0.0000,-0.0786,-0.0000,-0.0005,0.000,32.38,39.0,6,3073
125437908,141.660,141.660,0.0000,0.0938,-0.0000,-0.0005,0.000,32.38,39.0,6,3073
125438553,141.660,141.660,0.0000,0.0084,-0.0000,-0.0005,0.000,32.38,39.0,6,3073
125439564,141.660,141.660,0.0000,-0.0084,-0.0000,-0.0005,0.000,32.38,39.0,6,3073
125440865,141.660,141.660,0.0000,-0.0664,-0.0000,-0.0005,0.000,32.38,39.0,6,3073
125441593,141.660,141.660,0.0000,-0.0465,-0.0000,-0.0005,0.000,32.38,39.0,6,3073
125442551,141.660,141.660,0.0000,0.0282,-0.0000,-0.0005,0.000,32.38,39.0,6,3073
125443559,141.660,141.660,0.0000,0.0069,-0.0000,-0.0005,0.000,32.38,39.0,6,3073
125444546,141.660,141.660,0.0000,-0.0237,-0.0000,-0.0005,0.000,32.38,39.0,6,3073
125445908,141.660,141.660,0.0000,0.0267,-0.0000,-0.0005,0.000,32.38,39.0,6,3073
125446553,141.660,141.682,0.0000,0.0954,-0.0000,-0.0005,0.000,32.38,39.0,6,3073
125447643,141.682,141.660,0.0000,-0.0465,-0.0000,-0.0005,0.000,32.38,39.0,6,3073
125448549,141.660,141.660,0.0000,-0.0389,-0.0000,-0.0005,0.000,32.38,39.0,6,3073
125449652,141.660,141.660,0.0000,-0.0374,-0.0000,-0.0005,0.000,32.38,39.0,6,3073
125450878,141.660,141.660,0.0000,-0.0404,-0.0000,-0.0005,0.000,32.38,39.0,6,3073
125451545,141.660,141.660,0.0000,-0.0648,-0.0000,-0.0005,0.000,32.38,39.0,6,3073
125452551,141.660,141.660,0.0000,0.0465,-0.0000,-0.0005,0.000,32.38,39.0,6,3073
125453935,141.660,141.660,0.0000,-0.0267,-0.0000,-0.0005,0.000,32.38,39.0,6,3073
125454577,141.660,141.660,0.0000,-0.0282,-0.0000,-0.0005,0.000,32.38,39.0,6,3073
125455956,141.660,141.660,0.0000,0.0710,-0.0000,-0.0005,0.000,32.38,39.0,6,3073
125456579,141.660,141.660,0.0000,-0.1335,-0.0000,-0.0005,0.000,32.38,39.0,6,3073
125457896,141.660,141.660,0.0000,0.0923,-0.0000,-0.0005,0.000,32.38,39.0,6,3073
125458604,141.660,141.660,0.0000,0.0114,-0.0000,-0.0005,0.000,32.38,39.0,6,3073
125459577,141.660,141.660,0.0000,-0.0237,-0.0000,-0.0005,0.000,32.38,39.0,6,3073
125460893,141.660,141.660,0.0000,-0.0893,-0.0000,-0.0005,0.000,32.38,39.0,6,3073
125462032,141.660,141.660,0.0000,-0.1198,-0.0000,-0.0005,0.000,32.38,39.0,6,3073
125462629,141.660,141.660,0.0000,-0.0038,-0.0000,-0.0005,0.000,32.38,39.0,6,3073
125463547,141.660,141.682,0.0000,-0.0496,-0.0000,-0.0005,0.000,32.38,39.0,6,3073
125464545,141.682,141.660,0.0000,-0.0633,-0.0000,-0.0005,0.000,32.38,39.0,6,3073
125465923,141.660,141.660,0.0000,0.0420,-0.0000,-0.0005,0.000,32.38,39.0,6,3073
125466876,141.660,141.660,0.0000,-0.0511,-0.0000,-0.0005,0.000,32.38,39.0,6,3073
125467878,141.660,141.660,0.0000,-0.0816,-0.0000,-0.0005,0.000,32.38,39.0,6,3073
125468873,141.660,141.660,0.0000,-0.1366,-0.0000,-0.0005,0.000,32.38,39.0,6,3073
125469873,141.660,141.660,0.0000,-0.0114,-0.0000,-0.0005,0.000,32.38,39.0,6,3073
125471191,141.660,141.660,0.0000,-0.0267,-0.0000,-0.0005,0.000,32.34,39.0,6,3073
125471873,141.660,141.660,0.0000,0.0328,-0.0000,-0.0005,0.000,32.34,39.0,6,3073
125472873,141.660,141.660,0.0000,0.0664,-0.0000,-0.0005,0.000,32.34,39.0,6,3073
125474199,141.660,141.660,0.0000,0.1335,-0.0000,-0.0005,0.000,32.34,39.0,6,3073
125474573,141.660,141.660,0.0000,0.0496,-0.0000,-0.0005,0.000,32.34,39.0,6,3073
125475892,141.660,141.660,0.0000,0.0679,-0.0000,-0.0005,0.000,32.34,39.0,6,3073
125476576,141.660,141.682,0.0000,0.0450,-0.0000,-0.0005,0.000,32.34,39.0,6,3073
125477910,141.682,141.660,0.0000,-0.1259,-0.0000,-0.0005,0.000,32.34,39.0,6,3073
125478550,141.660,141.660,0.0000,0.0404,-0.0000,-0.0005,0.000,32.34,39.0,6,3073
125479554,141.660,141.660,0.0000,-0.0053,-0.0000,-0.0005,0.000,32.34,39.0,6,3073
125480910,141.660,141.660,0.0000,-0.0252,-0.0000,-0.0005,0.000,32.34,39.0,6,3073
125481887,141.660,141.682,0.0000,0.0557,-0.0000,-0.0005,0.000,32.34,39.0,6,3073
125482886,141.682,141.660,0.0000,0.0099,-0.0000,-0.0005,0.000,32.34,39.0,6,3073
125483887,141.660,141.660,0.0000,0.0328,-0.0000,-0.0005,0.000,32.34,39.0,6,3073
125484865,141.660,141.660,0.0000,0.0237,-0.0000,-0.0005,0.000,32.34,39.0,6,3073
125486243,141.660,141.682,0.0000,0.0465,-0.0000,-0.0005,0.000,32.34,39.0,6,3073
125486770,141.682,141.660,0.0000,-0.0908,-0.0000,-0.0005,0.000,32.34,39.0,6,3073
125487885,141.660,141.660,0.0000,0.0008,-0.0000,-0.0005,0.000,32.34,39.0,6,3073
125488864,141.660,141.660,0.0000,0.0084,-0.0000,-0.0005,0.000,32.34,39.0,6,3073
125489870,141.660,141.660,0.0000,-0.0404,-0.0000,-0.0005,0.000,32.34,39.0,6,3073
125491198,141.660,141.660,0.0000,-0.0465,-0.0000,-0.0005,0.000,32.34,39.0,6,3073
125491732,141.660,141.660,0.0000,0.0389,-0.0000,-0.0005,0.000,32.34,39.0,6,3073
125492886,141.660,141.660,0.0000,-0.0160,-0.0000,-0.0005,0.000,32.34,39.0,6,3073
125494180,141.660,141.660,0.0000,0.0328,-0.0000,-0.0005,0.000,32.34,39.0,6,3073
125494872,141.660,141.660,0.0000,-0.0725,-0.0000,-0.0005,0.000,32.34,39.0,6,3073
125496194,141.660,141.660,0.0000,-0.0237,-0.0000,-0.0005,0.000,32.34,39.0,6,3073
125496910,141.660,141.660,0.0000,0.0053,-0.0000,-0.0005,0.000,32.34,39.0,6,3073
125498137,141.660,141.660,0.0000,0.0267,-0.0000,-0.0005,0.000,32.34,39.0,6,3073
125498864,141.660,141.660,0.0000,-0.0313,-0.0000,-0.0005,0.000,32.34,39.0,6,3073
125499861,141.660,141.660,0.0000,-0.0618,-0.0000,-0.0005,0.000,32.34,39.0,6,3073
125501273,141.660,141.682,0.0000,0.0282,-0.0000,-0.0005,0.000,32.34,39.0,6,3073
125501865,141.682,141.660,0.0000,-0.1213,-0.0000,-0.0005,0.000,32.34,39.0,6,3073
125502864,141.660,141.660,0.0000,0.1228,-0.0000,-0.0005,0.000,32.34,39.0,6,3073
125504181,141.660,141.660,0.0000,-0.0832,-0.0000,-0.0005,0.000,32.34,39.0,6,3073
125504863,141.660,141.660,0.0000,-0.0175,-0.0000,-0.0005,0.000,32.34,39.0,6,3073
125506187,141.660,141.660,0.0000,0.0252,-0.0000,-0.0005,0.000,32.38,39.0,6,3073
125506910,141.660,141.660,0.0000,0.0175,-0.0000,-0.0005,0.000,32.38,39.0,6,3073
125507876,141.660,141.660,0.0000,0.0359,-0.0000,-0.0005,0.000,32.38,39.0,6,3073
125508871,141.660,141.660,0.0000,0.0938,-0.0000,-0.0005,0.000,32.38,39.0,6,3073
125509952,141.660,141.660,0.0000,-0.0542,-0.0000,-0.0005,0.000,32.38,39.0,6,3073
125511187,141.660,141.682,0.0000,0.0938,-0.0000,-0.0005,0.000,32.38,39.0,6,3073
125511872,141.682,141.660,0.0000,0.0130,-0.0000,-0.0005,0.000,32.38,39.0,6,3073
125512874,141.660,141.660,0.0000,0.0328,-0.0000,-0.0005,0.000,32.38,39.0,6,3073
125514218,141.660,141.682,0.0000,0.0099,-0.0000,-0.0005,0.000,32.38,39.0,6,3073
125514573,141.682,141.660,0.0000,0.0603,-0.0000,-0.0005,0.000,32.38,39.0,6,3073
125515892,141.660,141.660,0.0000,0.0084,-0.0000,-0.0005,0.000,32.38,39.0,6,3073
125516577,141.660,141.660,0.0000,-0.0923,-0.0000,-0.0005,0.000,32.38,39.0,6,3073
125517940,141.660,141.660,0.0000,0.0221,-0.0000,-0.0005,0.000,32.38,39.0,6,3073
125518904,141.660,141.660,0.0000,-0.0267,-0.0000,-0.0005,0.000,32.38,39.0,6,3073
125519862,141.660,141.660,0.0000,0.0587,-0.0000,-0.0005,0.000,32.38,39.0,6,3073
125521195,141.660,141.660,0.0000,-0.0526,-0.0000,-0.0005,0.000,32.38,39.0,6,3073
125521862,141.660,141.660,0.0000,0.0725,-0.0000,-0.0005,0.000,32.38,39.0,6,3073
125522905,141.660,141.660,0.0000,-0.0206,-0.0000,-0.0005,0.000,32.38,39.0,6,3073
125523875,141.660,141.660,0.0000,-0.0114,-0.0000,-0.0005,0.000,32.38,39.0,6,3073
125524873,141.660,141.660,0.0000,0.0267,-0.0000,-0.0005,0.000,32.38,39.0,6,3073
125526202,141.660,141.660,0.0000,-0.0069,-0.0000,-0.0005,0.000,32.38,39.0,6,3073
125526871,141.660,141.682,0.0000,0.0725,-0.0000,-0.0005,0.000,32.38,39.0,6,3073
125527872,141.682,141.660,0.0000,0.0282,-0.0000,-0.0005,0.000,32.38,39.0,6,3073
125528872,141.660,141.660,0.0000,-0.0587,-0.0000,-0.0005,0.000,32.38,39.0,6,3073
125529872,141.660,141.660,0.0000,0.0099,-0.0000,-0.0005,0.000,32.38,39.0,6,3073
125531189,141.660,141.660,0.0000,-0.1335,-0.0000,-0.0005,0.000,32.38,39.0,6,3073
125531873,141.660,141.660,0.0000,0.0175,-0.0000,-0.0005,0.000,32.38,39.0,6,3073
125532871,141.660,141.660,0.0000,0.0282,-0.0000,-0.0005,0.000,32.38,39.0,6,3073
125534194,141.660,141.660,0.0000,-0.0313,-0.0000,-0.0005,0.000,32.38,39.0,6,3073
125534572,141.660,141.660,0.0000,-0.0145,-0.0000,-0.0005,0.000,32.38,39.0,6,3073
125535902,141.660,141.660,0.0000,-0.0114,-0.0000,-0.0005,0.000,32.38,39.0,6,3073
125536862,141.660,141.660,0.0000,-0.0618,-0.0000,-0.0005,0.000,32.38,39.0,6,3073
125538184,141.660,141.660,0.0000,-0.0664,-0.0000,-0.0005,0.000,32.38,39.0,6,3073
125538864,141.660,141.660,0.0000,0.0267,-0.0000,-0.0005,0.000,32.38,39.0,6,3073
125539887,141.660,141.660,0.0000,-0.0099,-0.0000,-0.0005,0.000,32.38,39.0,6,3073
125541208,141.660,141.660,0.0000,-0.0618,-0.0000,-0.0005,0.000,32.38,39.0,6,3073
125541890,141.660,141.660,0.0000,0.0664,-0.0000,-0.0005,0.000,32.38,39.0,6,3073
125542885,141.660,141.660,0.0000,-0.0710,-0.0000,-0.0005,0.000,32.38,39.0,6,3073
125543890,141.660,141.660,0.0000,-0.0267,-0.0000,-0.0005,0.000,32.38,39.0,6,3073
125544864,141.660,141.660,0.0000,0.0298,-0.0000,-0.0005,0.000,32.38,39.0,6,3073
125546641,141.660,141.682,0.0000,0.0542,-0.0000,-0.0005,0.000,32.38,39.0,6,3073
125547013,141.682,141.660,0.0000,0.0374,-0.0000,-0.0005,0.000,32.38,39.0,6,3073
125547884,141.660,141.660,0.0000,0.0053,-0.0000,-0.0005,0.000,32.38,39.0,6,3073
125548863,141.660,141.682,0.0000,0.0237,-0.0000,-0.0005,0.000,32.38,39.0,6,3073
125549872,141.682,141.660,0.0000,0.0465,-0.0000,-0.0005,0.000,32.38,39.0,6,3073
125551180,141.660,141.660,0.0000,0.0877,-0.0000,-0.0005,0.000,32.38,39.0,6,3073
125551740,141.660,141.660,0.0000,0.0404,-0.0000,-0.0005,0.000,32.38,39.0,6,3073
125552952,141.660,141.660,0.0000,0.1228,-0.0000,-0.0005,0.000,32.38,39.0,6,3073
125554188,141.660,141.660,0.0000,0.0587,-0.0000,-0.0005,0.000,32.38,39.0,6,3073
125554547,141.660,141.660,0.0000,0.0679,-0.0000,-0.0005,0.000,32.38,39.0,6,3073
125555871,141.660,141.660,0.0000,-0.0816,-0.0000,-0.0005,0.000,32.38,39.0,6,3073
125556579,141.660,141.660,0.0000,0.0404,-0.0000,-0.0005,0.000,32.38,39.0,6,3073
125557932,141.660,141.660,0.0000,0.0648,-0.0000,-0.0005,0.000,32.38,39.0,6,3073
125558574,141.660,141.660,0.0000,-0.1091,-0.0000,-0.0005,0.000,32.38,39.0,6,3073
125559643,141.660,141.660,0.0000,0.1427,-0.0000,-0.0005,0.000,32.38,39.0,6,3073
125560891,141.660,141.660,0.0000,-0.0130,-0.0000,-0.0005,0.000,32.38,39.0,6,3073
125561580,141.660,141.660,0.0000,-0.0603,-0.0000,-0.0005,0.000,32.38,39.0,6,3073
125562603,141.660,141.660,0.0000,-0.0481,-0.0000,-0.0005,0.000,32.38,39.0,6,3073
125563570,141.660,141.660,0.0000,0.0069,-0.0000,-0.0005,0.000,32.38,39.0,6,3073
125564572,141.660,141.660,0.0000,-0.0587,-0.0000,-0.0005,0.000,32.38,39.0,6,3073
125565955,141.660,141.660,0.0000,0.0313,-0.0000,-0.0005,0.000,32.38,39.0,6,3073
125566554,141.660,141.682,0.0000,0.0343,-0.0000,-0.0005,0.000,32.38,39.0,6,3073
125567551,141.682,141.660,0.0000,-0.0069,-0.0000,-0.0005,0.000,32.38,39.0,6,3073
125568605,141.660,141.660,0.0000,-0.0008,-0.0000,-0.0005,0.000,32.38,39.0,6,3073
125569571,141.660,141.660,0.0000,-0.0099,-0.0000,-0.0005,0.000,32.38,39.0,6,3073
125570890,141.660,141.660,0.0000,-0.0175,-0.0000,-0.0005,0.000,32.38,39.0,6,3073
125571577,141.660,141.660,0.0000,-0.0130,-0.0000,-0.0005,0.000,32.38,39.0,6,3073
125572575,141.660,141.660,0.0000,0.0618,-0.0000,-0.0005,0.000,32.38,39.0,6,3073
125573889,141.660,141.660,0.0000,-0.0481,-0.0000,-0.0005,0.000,32.38,39.0,6,3073
125574572,141.660,141.660,0.0000,-0.1671,-0.0000,-0.0005,0.000,32.38,39.0,6,3073
125575891,141.660,141.660,0.0000,-0.1579,-0.0000,-0.0005,0.000,32.38,39.0,6,3073
125576578,141.660,141.660,0.0000,-0.0496,-0.0000,-0.0005,0.000,32.38,39.0,6,3073
125577910,141.660,141.660,0.0000,-0.0328,-0.0000,-0.0005,0.000,32.38,39.0,6,3073
125578861,141.660,141.660,0.0000,0.0282,-0.0000,-0.0005,0.000,32.38,39.0,6,3073
125579861,141.660,141.660,0.0000,-0.0374,-0.0000,-0.0005,0.000,32.38,39.0,6,3073
125581210,141.660,141.660,0.0000,0.0893,-0.0000,-0.0005,0.000,32.38,39.0,6,3073
125581890,141.660,141.660,0.0000,0.0542,-0.0000,-0.0005,0.000,32.38,39.0,6,3073
125582887,141.660,141.660,0.0000,-0.0084,-0.0000,-0.0005,0.000,32.38,39.0,6,3073
125583890,141.660,141.660,0.0000,-0.0435,-0.0000,-0.0005,0.000,32.38,39.0,6,3073
125584837,141.660,141.660,0.0000,-0.0725,-0.0000,-0.0005,0.000,32.38,39.0,6,3073
125586193,141.660,141.660,0.0000,-0.0435,-0.0000,-0.0005,0.000,32.38,39.0,6,3073
125586860,141.660,141.660,0.0000,-0.0145,-0.0000,-0.0005,0.000,32.38,39.0,6,3073
125588314,141.660,141.660,0.0000,-0.0755,-0.0000,-0.0005,0.000,32.38,39.0,6,3073
125588723,141.660,141.660,0.0000,-0.0389,-0.0000,-0.0005,0.000,32.38,39.0,6,3073
125589881,141.660,141.660,0.0000,0.0099,-0.0000,-0.0005,0.000,32.38,39.0,6,3073
125591192,141.660,141.660,0.0000,0.0267,-0.0000,-0.0005,0.000,32.38,39.0,6,3073
125591734,141.660,141.660,0.0000,0.0038,-0.0000,-0.0005,0.000,32.38,39.0,6,3073
125592881,141.660,141.660,0.0000,-0.1045,-0.0000,-0.0005,0.000,32.38,39.0,6,3073
125594185,141.660,141.660,0.0000,-0.0481,-0.0000,-0.0005,0.000,32.38,39.0,6,3073
125594556,141.660,141.660,0.0000,-0.0755,-0.0000,-0.0005,0.000,32.38,39.0,6,3073
125595875,141.660,141.682,0.0000,0.1137,-0.0000,-0.0005,0.000,32.38,39.0,6,3073
125596596,141.682,141.682,0.0000,0.0572,-0.0000,-0.0005,0.000,32.38,39.0,6,3073
125597880,141.682,141.682,0.0000,-0.0237,-0.0000,-0.0005,0.000,32.38,39.0,6,3073
125598561,141.682,141.660,0.0000,-0.0374,-0.0000,-0.0005,0.000,32.38,39.0,6,3073
125599553,141.660,141.660,0.0000,0.0404,-0.0000,-0.0005,0.000,32.38,39.0,6,3073
125600873,141.660,141.660,0.0000,-0.1305,-0.0000,-0.0005,0.000,32.38,39.0,6,3073
125601652,141.660,141.660,0.0000,-0.0481,-0.0000,-0.0005,0.000,32.38,39.0,6,3073
125602553,141.660,141.660,0.0000,-0.0679,-0.0000,-0.0005,0.000,32.38,39.0,6,3073
125603545,141.660,141.660,0.0000,-0.0404,-0.0000,-0.0005,0.000,32.38,39.0,6,3073
125604550,141.660,141.660,0.0000,-0.0023,-0.0000,-0.0005,0.000,32.38,39.0,6,3073
125605931,141.660,141.660,0.0000,-0.0694,-0.0000,-0.0005,0.000,32.38,39.0,6,3073
125606872,141.660,141.660,0.0000,-0.0786,-0.0000,-0.0005,0.000,32.38,39.0,6,3073
125607956,141.660,141.682,0.0000,0.0572,-0.0000,-0.0005,0.000,32.38,39.0,6,3073
125608871,141.682,141.660,0.0000,-0.0450,-0.0000,-0.0005,0.000,32.38,39.0,6,3073
125609869,141.660,141.660,0.0000,-0.0740,-0.0000,-0.0005,0.000,32.38,39.0,6,3073
125611208,141.660,141.682,0.0000,0.0725,-0.0000,-0.0005,0.000,32.38,39.0,6,3073
125611886,141.682,141.660,0.0000,-0.0298,-0.0000,-0.0005,0.000,32.38,39.0,6,3073
125612869,141.660,141.660,0.0000,-0.0114,-0.0000,-0.0005,0.000,32.38,39.0,6,3073
125614195,141.660,141.660,0.0000,-0.0191,-0.0000,-0.0005,0.000,32.38,39.0,6,3073
125614573,141.660,141.660,0.0000,0.0389,-0.0000,-0.0005,0.000,32.38,39.0,6,3073
125615892,141.660,141.660,0.0000,-0.0114,-0.0000,-0.0005,0.000,32.38,39.0,6,3073
125616637,141.660,141.660,0.0000,-0.0450,-0.0000,-0.0005,0.000,32.38,39.0,6,3073
125617877,141.660,141.682,0.0000,0.1137,-0.0000,-0.0005,0.000,32.38,39.0,6,3073
125618548,141.682,141.682,0.0000,-0.0252,-0.0000,-0.0005,0.000,32.38,39.0,6,3073
125619611,141.682,141.660,0.0000,-0.0893,-0.0000,-0.0005,0.000,32.38,39.0,6,3073
125620896,141.660,141.682,0.0000,0.1488,-0.0000,-0.0005,0.000,32.38,39.0,6,3073
125621875,141.682,141.660,0.0000,-0.0084,-0.0000,-0.0005,0.000,32.38,39.0,6,3073
125622870,141.660,141.682,0.0000,0.0450,-0.0000,-0.0005,0.000,32.38,39.0,6,3073
125623870,141.682,141.660,0.0000,-0.0282,-0.0000,-0.0005,0.000,32.38,39.0,6,3073
125624869,141.660,141.682,0.0000,0.1152,-0.0000,-0.0005,0.000,32.38,39.0,6,3073
125626189,141.682,141.660,0.0000,0.0008,-0.0000,-0.0005,0.000,32.38,39.0,6,3073
125626874,141.660,141.660,0.0000,0.1717,-0.0000,-0.0005,0.000,32.38,39.0,6,3073
125627868,141.660,141.660,0.0000,0.0877,-0.0000,-0.0005,0.000,32.38,39.0,6,3073
125628870,141.660,141.660,0.0000,-0.0587,-0.0000,-0.0005,0.000,32.38,39.0,6,3073
125630216,141.660,141.660,0.0000,0.0175,-0.0000,-0.0005,0.000,32.38,39.0,6,3073
125631183,141.660,141.660,0.0000,0.0206,-0.0000,-0.0005,0.000,32.34,39.0,6,3073
125631871,141.660,141.682,0.0000,0.1640,-0.0000,-0.0005,0.000,32.34,39.0,6,3073
125632879,141.682,141.660,0.0000,-0.0999,-0.0000,-0.0005,0.000,32.34,39.0,6,3073
125634183,141.660,141.660,0.0000,0.0816,-0.0000,-0.0005,0.000,32.34,39.0,6,3073
125634548,141.660,141.660,0.0000,0.0862,-0.0000,-0.0005,0.000,32.34,39.0,6,3073
125635874,141.660,141.660,0.0000,-0.0557,-0.0000,-0.0005,0.000,32.34,39.0,6,3073
125636594,141.660,141.682,0.0000,0.1625,-0.0000,-0.0005,0.000,32.34,39.0,6,3073
125637914,141.682,141.660,0.0000,0.0099,-0.0000,-0.0005,0.000,32.34,39.0,6,3073
125638887,141.660,141.660,0.0000,-0.0313,-0.0000,-0.0005,0.000,32.34,39.0,6,3073
125639887,141.660,141.660,0.0000,0.0969,-0.0000,-0.0005,0.000,32.34,39.0,6,3073
125641192,141.660,141.660,0.0000,-0.0221,-0.0000,-0.0005,0.000,32.34,39.0,6,3073
125641940,141.660,141.682,0.0000,0.0755,-0.0000,-0.0005,0.000,32.34,39.0,6,3073
125642794,141.682,141.660,0.0000,-0.0496,-0.0000,-0.0005,0.000,32.34,39.0,6,3073
125643882,141.660,141.660,0.0000,0.0786,-0.0000,-0.0005,0.000,32.34,39.0,6,3073
125644857,141.660,141.660,0.0000,-0.1060,-0.0000,-0.0005,0.000,32.34,39.0,6,3073
125646199,141.660,141.660,0.0000,0.0755,-0.0000,-0.0005,0.000,32.34,39.0,6,3073
125646858,141.660,141.660,0.0000,0.0313,-0.0000,-0.0005,0.000,32.34,39.0,6,3073
125647890,141.660,141.660,0.0000,-0.0298,-0.0000,-0.0005,0.000,32.34,39.0,6,3073
125648860,141.660,141.660,0.0000,-0.0023,-0.0000,-0.0005,0.000,32.34,39.0,6,3073
125649865,141.660,141.660,0.0000,0.0435,-0.0000,-0.0005,0.000,32.34,39.0,6,3073
125651193,141.660,141.660,0.0000,0.0145,-0.0000,-0.0005,0.000,32.34,39.0,6,3073
125651728,141.660,141.660,0.0000,-0.0343,-0.0000,-0.0005,0.000,32.34,39.0,6,3073
125652948,141.660,141.660,0.0000,0.0206,-0.0000,-0.0005,0.000,32.34,39.0,6,3073
125654182,141.660,141.660,0.0000,0.0069,-0.0000,-0.0005,0.000,32.34,39.0,6,3073
125654548,141.660,141.660,0.0000,-0.0160,-0.0000,-0.0005,0.000,32.34,39.0,6,3073
125655872,141.660,141.660,0.0000,-0.0069,-0.0000,-0.0005,0.000,32.34,39.0,6,3073
125656577,141.660,141.660,0.0000,-0.0237,-0.0000,-0.0005,0.000,32.34,39.0,6,3073
125657932,141.660,141.660,0.0000,-0.1579,-0.0000,-0.0005,0.000,32.34,39.0,6,3073
125658871,141.660,141.660,0.0000,0.0099,-0.0000,-0.0005,0.000,32.34,39.0,6,3073
125659949,141.660,141.660,0.0000,-0.1106,-0.0000,-0.0005,0.000,32.34,39.0,6,3073
125661181,141.660,141.660,0.0000,0.0023,-0.0000,-0.0005,0.000,32.34,39.0,6,3073
125661874,141.660,141.660,0.0000,-0.0267,-0.0000,-0.0005,0.000,32.34,39.0,6,3073
125662868,141.660,141.682,0.0000,0.0267,-0.0000,-0.0005,0.000,32.34,39.0,6,3073
125663894,141.682,141.660,0.0000,-0.0786,-0.0000,-0.0005,0.000,32.34,39.0,6,3073
125664867,141.660,141.660,0.0000,-0.0267,-0.0000,-0.0005,0.000,32.34,39.0,6,3073
125666183,141.660,141.660,0.0000,-0.0359,-0.0000,-0.0005,0.000,32.38,39.0,6,3073
125666872,141.660,141.660,0.0000,-0.0847,-0.0000,-0.0005,0.000,32.38,39.0,6,3073
125667865,141.660,141.682,0.0000,0.0450,-0.0000,-0.0005,0.000,32.38,39.0,6,3073
125668935,141.682,141.660,0.0000,0.0374,-0.0000,-0.0005,0.000,32.38,39.0,6,3073
125669870,141.660,141.682,0.0000,-0.0679,-0.0000,-0.0005,0.000,32.38,39.0,6,3073
125671178,141.682,141.660,0.0000,-0.0145,-0.0000,-0.0005,0.000,32.38,39.0,6,3073
125672178,141.660,141.660,0.0000,0.0237,-0.0000,-0.0005,0.000,32.38,39.0,6,3073
125672857,141.660,141.660,0.0000,-0.0069,-0.0000,-0.0005,0.000,32.38,39.0,6,3073
125674222,141.660,141.660,0.0000,-0.0313,-0.0000,-0.0005,0.000,32.38,39.0,6,3073
125674571,141.660,141.660,0.0000,-0.0771,-0.0000,-0.0005,0.000,32.38,39.0,6,3073
125675889,141.660,141.660,0.0000,0.1030,-0.0000,-0.0005,0.000,32.38,39.0,6,3073
125676575,141.660,141.660,0.0000,-0.0099,-0.0000,-0.0005,0.000,32.38,39.0,6,3073
125677894,141.660,141.660,0.0000,-0.0694,-0.0000,-0.0005,0.000,32.38,39.0,6,3073
125678574,141.660,141.660,0.0000,0.0618,-0.0000,-0.0005,0.000,32.38,39.0,6,3073
125679574,141.660,141.660,0.0000,0.0160,-0.0000,-0.0005,0.000,32.38,39.0,6,3073
125680887,141.660,141.660,0.0000,-0.0603,-0.0000,-0.0005,0.000,32.38,39.0,6,3073
125681574,141.660,141.660,0.0000,0.0740,-0.0000,-0.0005,0.000,32.38,39.0,6,3073
125682574,141.660,141.660,0.0000,-0.0572,-0.0000,-0.0005,0.000,32.38,39.0,6,3073
125683582,141.660,141.660,0.0000,0.0710,-0.0000,-0.0005,0.000,32.38,39.0,6,3073
125684550,141.660,141.660,0.0000,-0.0755,-0.0000,-0.0005,0.000,32.38,39.0,6,3073
125685878,141.660,141.660,0.0000,0.0725,-0.0000,-0.0005,0.000,32.38,39.0,6,3073
125686593,141.660,141.660,0.0000,0.0023,-0.0000,-0.0005,0.000,32.38,39.0,6,3073
125687596,141.660,141.660,0.0000,-0.0099,-0.0000,-0.0005,0.000,32.38,39.0,6,3073
125688592,141.660,141.660,0.0000,-0.0404,-0.0000,-0.0005,0.000,32.38,39.0,6,3073
125689550,141.660,141.660,0.0000,0.0694,-0.0000,-0.0005,0.000,32.38,39.0,6,3073
125690856,141.660,141.660,0.0000,0.0435,-0.0000,-0.0005,0.000,32.38,39.0,6,3073
125691871,141.660,141.660,0.0000,-0.0237,-0.0000,-0.0005,0.000,32.38,39.0,6,3073
125692859,141.660,141.660,0.0000,0.0038,-0.0000,-0.0005,0.000,32.38,39.0,6,3073
125694187,141.660,141.660,0.0000,-0.1122,-0.0000,-0.0005,0.000,32.38,39.0,6,3073
125694547,141.660,141.660,0.0000,0.0801,-0.0000,-0.0005,0.000,32.38,39.0,6,3073
125695912,141.660,141.660,0.0000,0.0145,-0.0000,-0.0005,0.000,32.38,39.0,6,3073
125696550,141.660,141.660,0.0000,-0.0343,-0.0000,-0.0005,0.000,32.38,39.0,6,3073
125697884,141.660,141.660,0.0000,0.0801,-0.0000,-0.0005,0.000,32.38,39.0,6,3073
125698549,141.660,141.660,0.0000,-0.1076,-0.0000,-0.0005,0.000,32.38,39.0,6,3073
125699597,141.660,141.660,0.0000,0.0328,-0.0000,-0.0005,0.000,32.38,39.0,6,3073
125700874,141.660,141.660,0.0000,0.0084,-0.0000,-0.0005,0.000,32.38,39.0,6,3073
125701657,141.660,141.660,0.0000,0.1122,-0.0000,-0.0005,0.000,32.38,39.0,6,3073
125702576,141.660,141.660,0.0000,-0.1030,-0.0000,-0.0005,0.000,32.38,39.0,6,3073
125703548,141.660,141.660,0.0000,0.0221,-0.0000,-0.0005,0.000,32.38,39.0,6,3073
125704545,141.660,141.660,0.0000,-0.1289,-0.0000,-0.0005,0.000,32.38,39.0,6,3073
125705932,141.660,141.660,0.0000,0.0404,-0.0000,-0.0005,0.000,32.38,39.0,6,3073
125706575,141.660,141.660,0.0000,-0.0114,-0.0000,-0.0005,0.000,32.38,39.0,6,3073
125707644,141.660,141.660,0.0000,0.0587,-0.0000,-0.0005,0.000,32.38,39.0,6,3073
125708573,141.660,141.660,0.0000,0.0298,-0.0000,-0.0005,0.000,32.38,39.0,6,3073
125709599,141.660,141.660,0.0000,0.0267,-0.0000,-0.0005,0.000,32.38,39.0,6,3073
125710893,141.660,141.660,0.0000,0.0069,-0.0000,-0.0005,0.000,32.38,39.0,6,3073
125711872,141.660,141.682,0.0000,0.0359,-0.0000,-0.0005,0.000,32.38,39.0,6,3073
125712868,141.682,141.660,0.0000,-0.0359,-0.0000,-0.0005,0.000,32.38,39.0,6,3073
125714557,141.660,141.660,0.0000,-0.0877,-0.0000,-0.0005,0.000,32.38,39.0,6,3073
125714612,141.660,141.660,0.0000,0.0130,-0.0000,-0.0005,0.000,32.38,39.0,6,3073
125715947,141.660,141.660,0.0000,0.0679,-0.0000,-0.0005,0.000,32.38,39.0,6,3073
125716551,141.660,141.660,0.0000,0.0237,-0.0000,-0.0005,0.000,32.38,39.0,6,3073
125717878,141.660,141.660,0.0000,0.0465,-0.0000,-0.0005,0.000,32.38,39.0,6,3073
125718607,141.660,141.660,0.0000,0.0771,-0.0000,-0.0005,0.000,32.38,39.0,6,3073
125719577,141.660,141.660,0.0000,-0.0328,-0.0000,-0.0005,0.000,32.38,39.0,6,3073
125720894,141.660,141.660,0.0000,-0.0160,-0.0000,-0.0005,0.000,32.38,39.0,6,3073
125721574,141.660,141.660,0.0000,-0.0023,-0.0000,-0.0005,0.000,32.38,39.0,6,3073
125722576,141.660,141.682,0.0000,0.1152,-0.0000,-0.0005,0.000,32.38,39.0,6,3073
125723571,141.682,141.660,0.0000,-0.0404,-0.0000,-0.0005,0.000,32.38,39.0,6,3073
125724568,141.660,141.660,0.0000,0.1015,-0.0000,-0.0005,0.000,32.38,39.0,6,3073
125725895,141.660,141.660,0.0000,0.0496,-0.0000,-0.0005,0.000,32.38,39.0,6,3073
125726574,141.660,141.660,0.0000,0.0023,-0.0000,-0.0005,0.000,32.38,39.0,6,3073
125727592,141.660,141.660,0.0000,-0.0679,-0.0000,-0.0005,0.000,32.38,39.0,6,3073
125728545,141.660,141.682,0.0000,0.0938,-0.0000,-0.0005,0.000,32.38,39.0,6,3073
125729589,141.682,141.660,0.0000,-0.0633,-0.0000,-0.0005,0.000,32.38,39.0,6,3073
125730912,141.660,141.660,0.0000,0.0877,-0.0000,-0.0005,0.000,32.38,39.0,6,3073
125731887,141.660,141.682,0.0000,0.0679,-0.0000,-0.0005,0.000,32.38,39.0,6,3073
125732889,141.682,141.682,0.0000,0.0374,-0.0000,-0.0005,0.000,32.38,39.0,6,3073
125734178,141.682,141.660,0.0000,-0.0969,-0.0000,-0.0005,0.000,32.38,39.0,6,3073
125734628,141.660,141.660,0.0000,0.0557,-0.0000,-0.0005,0.000,32.38,39.0,6,3073
125735969,141.660,141.660,0.0000,0.0801,-0.0000,-0.0005,0.000,32.38,39.0,6,3073
125736554,141.660,141.660,0.0000,-0.0755,-0.0000,-0.0005,0.000,32.38,39.0,6,3073
125737885,141.660,141.660,0.0000,-0.0084,-0.0000,-0.0005,0.000,32.38,39.0,6,3073
125738550,141.660,141.660,0.0000,0.0984,-0.0000,-0.0005,0.000,32.38,39.0,6,3073
125739599,141.660,141.660,0.0000,0.0313,-0.0000,-0.0005,0.000,32.38,39.0,6,3073
125740874,141.660,141.660,0.0000,0.1289,-0.0000,-0.0005,0.000,32.38,39.0,6,3073
125741561,141.660,141.660,0.0000,-0.1076,-0.0000,-0.0005,0.000,32.38,39.0,6,3073
125742551,141.660,141.660,0.0000,0.0008,-0.0000,-0.0005,0.000,32.38,39.0,6,3073
125743594,141.660,141.660,0.0000,0.0237,-0.0000,-0.0005,0.000,32.38,39.0,6,3073
125744549,141.660,141.660,0.0000,-0.0130,-0.0000,-0.0005,0.000,32.38,39.0,6,3073
125745963,141.660,141.660,0.0000,0.0206,-0.0000,-0.0005,0.000,32.38,39.0,6,3073
125746556,141.660,141.660,0.0000,-0.0648,-0.0000,-0.0005,0.000,32.38,39.0,6,3073
125747604,141.660,141.660,0.0000,0.0511,-0.0000,-0.0005,0.000,32.38,39.0,6,3073
125748549,141.660,141.660,0.0000,0.0038,-0.0000,-0.0005,0.000,32.38,39.0,6,3073
125749560,141.660,141.682,0.0000,0.1198,-0.0000,-0.0005,0.000,32.38,39.0,6,3073
125750870,141.682,141.660,0.0000,-0.0481,-0.0000,-0.0005,0.000,32.38,39.0,6,3073
125751644,141.660,141.660,0.0000,-0.0298,-0.0000,-0.0005,0.000,32.38,39.0,6,3073
125752555,141.660,141.660,0.0000,0.0572,-0.0000,-0.0005,0.000,32.38,39.0,6,3073
125753867,141.660,141.660,0.0000,-0.0298,-0.0000,-0.0005,0.000,32.38,39.0,6,3073
125754547,141.660,141.660,0.0000,-0.0618,-0.0000,-0.0005,0.000,32.38,39.0,6,3073
125755953,141.660,141.660,0.0000,-0.0053,-0.0000,-0.0005,0.000,32.38,39.0,6,3073
125756577,141.660,141.660,0.0000,-0.0084,-0.0000,-0.0005,0.000,32.38,39.0,6,3073
125757962,141.660,141.660,0.0000,0.0023,-0.0000,-0.0005,0.000,32.38,39.0,6,3073
125758580,141.660,141.660,0.0000,-0.1060,-0.0000,-0.0005,0.000,32.38,39.0,6,3073
125759576,141.660,141.660,0.0000,0.0801,-0.0000,-0.0005,0.000,32.38,39.0,6,3073
125760917,141.660,141.660,0.0000,-0.0359,-0.0000,-0.0005,0.000,32.38,39.0,6,3073
125761874,141.660,141.660,0.0000,0.1045,-0.0000,-0.0005,0.000,32.38,39.0,6,3073
125762865,141.660,141.660,0.0000,0.0359,-0.0000,-0.0005,0.000,32.38,39.0,6,3073
125763866,141.660,141.660,0.0000,-0.1320,-0.0000,-0.0005,0.000,32.38,39.0,6,3073
125764896,141.660,141.660,0.0000,-0.0755,-0.0000,-0.0005,0.000,32.38,39.0,6,3073
125766258,141.660,141.660,0.0000,-0.0023,-0.0000,-0.0005,0.000,32.38,39.0,6,3073
125766855,141.660,141.660,0.0000,-0.0603,-0.0000,-0.0005,0.000,32.38,39.0,6,3073
125767853,141.660,141.660,0.0000,-0.1305,-0.0000,-0.0005,0.000,32.38,39.0,6,3073
125768854,141.660,141.660,0.0000,-0.0084,-0.0000,-0.0005,0.000,32.38,39.0,6,3073
125769896,141.660,141.660,0.0000,-0.0359,-0.0000,-0.0005,0.000,32.38,39.0,6,3073
125771192,141.660,141.682,0.0000,0.0923,-0.0000,-0.0005,0.000,32.38,39.0,6,3073
125771872,141.682,141.682,0.0000,0.0679,-0.0000,-0.0005,0.000,32.38,39.0,6,3073
125772866,141.682,141.660,0.0000,-0.1076,-0.0000,-0.0005,0.000,32.38,39.0,6,3073
125774191,141.660,141.660,0.0000,0.0389,-0.0000,-0.0005,0.000,32.38,39.0,6,3073
125774572,141.660,141.660,0.0000,-0.1350,-0.0000,-0.0005,0.000,32.38,39.0,6,3073
125775890,141.660,141.660,0.0000,-0.0084,-0.0000,-0.0005,0.000,32.38,39.0,6,3073
125776577,141.660,141.660,0.0000,0.0298,-0.0000,-0.0005,0.000,32.38,39.0,6,3073
125777896,141.660,141.660,0.0000,0.0175,-0.0000,-0.0005,0.000,32.38,39.0,6,3073
125778577,141.660,141.660,0.0000,0.0664,-0.0000,-0.0005,0.000,32.38,39.0,6,3073
125779577,141.660,141.660,0.0000,0.0221,-0.0000,-0.0005,0.000,32.38,39.0,6,3073
125780902,141.660,141.660,0.0000,-0.0084,-0.0000,-0.0005,0.000,32.38,39.0,6,3073
125781855,141.660,141.660,0.0000,0.0542,-0.0000,-0.0005,0.000,32.38,39.0,6,3073
125782855,141.660,141.660,0.0000,-0.0145,-0.0000,-0.0005,0.000,32.38,39.0,6,3073
125783862,141.660,141.660,0.0000,-0.0740,-0.0000,-0.0005,0.000,32.38,39.0,6,3073
125784888,141.660,141.660,0.0000,0.0008,-0.0000,-0.0005,0.000,32.38,39.0,6,3073
125786206,141.660,141.660,0.0000,-0.0420,-0.0000,-0.0005,0.000,32.38,39.0,6,3073
125786889,141.660,141.660,0.0000,-0.0267,-0.0000,-0.0005,0.000,32.38,39.0,6,3073
125787884,141.660,141.682,0.0000,0.0298,-0.0000,-0.0005,0.000,32.38,39.0,6,3073
125788888,141.682,141.660,0.0000,-0.0664,-0.0000,-0.0005,0.000,32.38,39.0,6,3073
125789855,141.660,141.682,0.0000,0.0191,-0.0000,-0.0005,0.000,32.38,39.0,6,3073
125791291,141.682,141.660,0.0000,-0.1411,-0.0000,-0.0005,0.000,32.38,39.0,6,3073
125791715,141.660,141.660,0.0000,0.0648,-0.0000,-0.0005,0.000,32.38,39.0,6,3073
125792874,141.660,141.660,0.0000,0.0114,-0.0000,-0.0005,0.000,32.38,39.0,6,3073
125794177,141.660,141.660,0.0000,0.0084,-0.0000,-0.0005,0.000,32.38,39.0,6,3073
125794436,141.660,141.660,0.0000,-0.0999,-0.0000,-0.0005,0.000,32.38,39.0,6,3073
125795893,141.660,141.660,0.0000,-0.0313,-0.0000,-0.0005,0.000,32.38,39.0,6,3073
125796993,141.660,141.660,0.0000,0.1183,-0.0000,-0.0005,0.000,32.38,39.0,6,3073
125797878,141.660,141.660,0.0000,0.0069,-0.0000,-0.0005,0.000,32.38,39.0,6,3073
125798550,141.660,141.660,0.0000,0.0664,-0.0000,-0.0005,0.000,32.38,39.0,6,3073
125799598,141.660,141.660,0.0000,-0.0023,-0.0000,-0.0005,0.000,32.38,39.0,6,3073
125800874,141.660,141.660,0.0000,-0.0420,-0.0000,-0.0005,0.000,32.38,39.0,6,3073
125801659,141.660,141.682,0.0000,0.0191,-0.0000,-0.0005,0.000,32.38,39.0,6,3073
125802580,141.682,141.660,0.0000,-0.0221,-0.0000,-0.0005,0.000,32.38,39.0,6,3073
125803545,141.660,141.660,0.0000,0.0450,-0.0000,-0.0005,0.000,32.38,39.0,6,3073
125804545,141.660,141.660,0.0000,0.0145,-0.0000,-0.0005,0.000,32.38,39.0,6,3073
125805931,141.660,141.660,0.0000,0.0450,-0.0000,-0.0005,0.000,32.38,39.0,6,3073
125806579,141.660,141.660,0.0000,-0.1518,-0.0000,-0.0005,0.000,32.38,39.0,6,3073
125807642,141.660,141.660,0.0000,0.0679,-0.0000,-0.0005,0.000,32.38,39.0,6,3073
125808574,141.660,141.682,0.0000,0.0832,-0.0000,-0.0005,0.000,32.38,39.0,6,3073
125809597,141.682,141.660,0.0000,-0.0313,-0.0000,-0.0005,0.000,32.38,39.0,6,3073
125810895,141.660,141.682,0.0000,0.1701,-0.0000,-0.0005,0.000,32.38,39.0,6,3073
125811575,141.682,141.660,0.0000,-0.0160,-0.0000,-0.0005,0.000,32.38,39.0,6,3073
125812577,141.660,141.660,0.0000,0.0282,-0.0000,-0.0005,0.000,32.38,39.0,6,3073
125813957,141.660,141.660,0.0000,-0.0237,-0.0000,-0.0005,0.000,32.38,39.0,6,3073
125814551,141.660,141.682,0.0000,0.1122,-0.0000,-0.0005,0.000,32.38,39.0,6,3073
125815869,141.682,141.682,0.0000,0.2007,-0.0000,-0.0005,0.000,32.38,39.0,6,3073
125816606,141.682,141.660,0.0000,-0.0359,-0.0000,-0.0005,0.000,32.38,39.0,6,3073
125817901,141.660,141.660,0.0000,-0.0389,-0.0000,-0.0005,0.000,32.38,39.0,6,3073
125818576,141.660,141.660,0.0000,-0.0450,-0.0000,-0.0005,0.000,32.38,39.0,6,3073
125819576,141.660,141.660,0.0000,-0.0374,-0.0000,-0.0005,0.000,32.38,39.0,6,3073
125820892,141.660,141.660,0.0000,-0.0694,-0.0000,-0.0005,0.000,32.38,39.0,6,3073
125821574,141.660,141.660,0.0000,0.0252,-0.0000,-0.0005,0.000,32.38,39.0,6,3073
125822576,141.660,141.660,0.0000,0.0359,-0.0000,-0.0005,0.000,32.38,39.0,6,3073
125823570,141.660,141.660,0.0000,0.0511,-0.0000,-0.0005,0.000,32.38,39.0,6,3073
125824572,141.660,141.660,0.0000,-0.0267,-0.0000,-0.0005,0.000,32.38,39.0,6,3073
125825901,141.660,141.660,0.0000,-0.0633,-0.0000,-0.0005,0.000,32.38,39.0,6,3073
125826854,141.660,141.660,0.0000,0.0130,-0.0000,-0.0005,0.000,32.38,39.0,6,3073
125827853,141.660,141.682,0.0000,0.0999,-0.0000,-0.0005,0.000,32.38,39.0,6,3073
125828883,141.682,141.660,0.0000,-0.0404,-0.0000,-0.0005,0.000,32.38,39.0,6,3073
125829881,141.660,141.660,0.0000,0.0008,-0.0000,-0.0005,0.000,32.38,39.0,6,3073
125831211,141.660,141.660,0.0000,0.0221,-0.0000,-0.0005,0.000,32.38,39.0,6,3073
125831888,141.660,141.660,0.0000,0.0038,-0.0000,-0.0005,0.000,32.38,39.0,6,3073
125832884,141.660,141.660,0.0000,0.0435,-0.0000,-0.0005,0.000,32.38,39.0,6,3073
125834165,141.660,141.660,0.0000,-0.1045,-0.0000,-0.0005,0.000,32.38,39.0,6,3073
125834548,141.660,141.660,0.0000,-0.0008,-0.0000,-0.0005,0.000,32.38,39.0,6,3073
125835910,141.660,141.660,0.0000,-0.0038,-0.0000,-0.0005,0.000,32.38,39.0,6,3073
125836853,141.660,141.660,0.0000,-0.0496,-0.0000,-0.0005,0.000,32.38,39.0,6,3073
125838495,141.660,141.660,0.0000,-0.0359,-0.0000,-0.0005,0.000,32.38,39.0,6,3073
125838856,141.660,141.682,0.0000,-0.0237,-0.0000,-0.0005,0.000,32.38,39.0,6,3073
125839860,141.682,141.660,0.0000,-0.1045,-0.0000,-0.0005,0.000,32.38,39.0,6,3073
125841169,141.660,141.660,0.0000,0.1060,-0.0000,-0.0005,0.000,32.38,39.0,6,3073
125841743,141.660,141.660,0.0000,-0.0603,-0.0000,-0.0005,0.000,32.38,39.0,6,3073
125842872,141.660,141.660,0.0000,0.0084,-0.0000,-0.0005,0.000,32.38,39.0,6,3073
125843851,141.660,141.682,0.0000,0.0435,-0.0000,-0.0005,0.000,32.38,39.0,6,3073
125844859,141.682,141.660,0.0000,0.0114,-0.0000,-0.0005,0.000,32.38,39.0,6,3073
125846185,141.660,141.660,0.0000,0.0786,-0.0000,-0.0005,0.000,32.38,39.0,6,3073
125846934,141.660,141.660,0.0000,-0.0237,-0.0000,-0.0005,0.000,32.38,39.0,6,3073
125847843,141.660,141.660,0.0000,-0.0313,-0.0000,-0.0005,0.000,32.38,39.0,6,3073
125848870,141.660,141.660,0.0000,0.1183,-0.0000,-0.0005,0.000,32.38,39.0,6,3073
125849852,141.660,141.682,0.0000,-0.0572,-0.0000,-0.0005,0.000,32.38,39.0,6,3073
125851190,141.682,141.660,0.0000,-0.0832,-0.0000,-0.0005,0.000,32.38,39.0,6,3073
125851852,141.660,141.660,0.0000,-0.0191,-0.0000,-0.0005,0.000,32.38,39.0,6,3073
125852948,141.660,141.660,0.0000,-0.0374,-0.0000,-0.0005,0.000,32.38,39.0,6,3073
125854177,141.660,141.660,0.0000,0.0298,-0.0000,-0.0005,0.000,32.38,39.0,6,3073
125854548,141.660,141.660,0.0000,-0.0038,-0.0000,-0.0005,0.000,32.38,39.0,6,3073
125855873,141.660,141.682,0.0000,0.1595,-0.0000,-0.0005,0.000,32.38,39.0,6,3073
125856547,141.682,141.660,0.0000,-0.1289,-0.0000,-0.0005,0.000,32.38,39.0,6,3073
125857942,141.660,141.682,0.0000,0.0648,-0.0000,-0.0005,0.000,32.38,39.0,6,3073
125858577,141.682,141.682,0.0000,0.0404,-0.0000,-0.0005,0.000,32.38,39.0,6,3073
125859641,141.682,141.660,0.0000,-0.0130,-0.0000,-0.0005,0.000,32.38,39.0,6,3073
125860896,141.660,141.660,0.0000,0.0603,-0.0000,-0.0005,0.000,32.38,39.0,6,3073
125861577,141.660,141.660,0.0000,-0.0923,-0.0000,-0.0005,0.000,32.38,39.0,6,3073
125862604,141.660,141.660,0.0000,-0.1335,-0.0000,-0.0005,0.000,32.38,39.0,6,3073
125863572,141.660,141.682,0.0000,0.0481,-0.0000,-0.0005,0.000,32.38,39.0,6,3073
125864572,141.682,141.660,0.0000,0.0206,-0.0000,-0.0005,0.000,32.38,39.0,6,3073
125865958,141.660,141.682,0.0000,0.0648,-0.0000,-0.0005,0.000,32.38,39.0,6,3073
125866554,141.682,141.660,0.0000,-0.0450,-0.0000,-0.0005,0.000,32.38,39.0,6,3073
125867551,141.660,141.660,0.0000,-0.0694,-0.0000,-0.0005,0.000,32.38,39.0,6,3073
125868605,141.660,141.660,0.0000,0.0343,-0.0000,-0.0005,0.000,32.38,39.0,6,3073
125869574,141.660,141.660,0.0000,-0.0435,-0.0000,-0.0005,0.000,32.38,39.0,6,3073
125870890,141.660,141.660,0.0000,0.0435,-0.0000,-0.0005,0.000,32.38,39.0,6,3073
125871875,141.660,141.660,0.0000,-0.0267,-0.0000,-0.0005,0.000,32.38,39.0,6,3073
125872865,141.660,141.660,0.0000,-0.1671,-0.0000,-0.0005,0.000,32.38,39.0,6,3073
125874188,141.660,141.660,0.0000,-0.0099,-0.0000,-0.0005,0.000,32.38,39.0,6,3073
125874573,141.660,141.682,0.0000,0.0542,-0.0000,-0.0005,0.000,32.38,39.0,6,3073
125875890,141.682,141.660,0.0000,-0.1595,-0.0000,-0.0005,0.000,32.38,39.0,6,3073
125876576,141.660,141.660,0.0000,-0.0542,-0.0000,-0.0005,0.000,32.38,39.0,6,3073
125877897,141.660,141.660,0.0000,0.0298,-0.0000,-0.0005,0.000,32.38,39.0,6,3073
125878591,141.660,141.660,0.0000,-0.0252,-0.0000,-0.0005,0.000,32.38,39.0,6,3073
125879992,141.660,141.660,0.0000,0.0130,-0.0000,-0.0005,0.000,32.38,39.0,6,3073
125880872,141.660,141.660,0.0000,-0.0145,-0.0000,-0.0005,0.000,32.38,39.0,6,3073
125881549,141.660,141.660,0.0000,-0.1091,-0.0000,-0.0005,0.000,32.38,39.0,6,3073
125882601,141.660,141.660,0.0000,-0.0404,-0.0000,-0.0005,0.000,32.38,39.0,6,3073
125883593,141.660,141.660,0.0000,-0.0282,-0.0000,-0.0005,0.000,32.38,39.0,6,3073
125884594,141.660,141.660,0.0000,0.0313,-0.0000,-0.0005,0.000,32.38,39.0,6,3073
125885876,141.660,141.660,0.0000,0.0999,-0.0000,-0.0005,0.000,32.38,39.0,6,3073
125886674,141.660,141.682,0.0000,0.0450,-0.0000,-0.0005,0.000,32.38,39.0,6,3073
125887594,141.682,141.660,0.0000,-0.0175,-0.0000,-0.0005,0.000,32.38,39.0,6,3073
125888546,141.660,141.660,0.0000,-0.0404,-0.0000,-0.0005,0.000,32.38,39.0,6,3073
125889559,141.660,141.660,0.0000,-0.0679,-0.0000,-0.0005,0.000,32.38,39.0,6,3073
125890874,141.660,141.660,0.0000,-0.1030,-0.0000,-0.0005,0.000,32.38,39.0,6,3073
125891595,141.660,141.660,0.0000,0.0542,-0.0000,-0.0005,0.000,32.38,39.0,6,3073
125892551,141.660,141.660,0.0000,-0.0114,-0.0000,-0.0005,0.000,32.38,39.0,6,3073
125893878,141.660,141.660,0.0000,0.0114,-0.0000,-0.0005,0.000,32.38,39.0,6,3073
125894547,141.660,141.660,0.0000,-0.0237,-0.0000,-0.0005,0.000,32.38,39.0,6,3073
125895910,141.660,141.660,0.0000,-0.0160,-0.0000,-0.0005,0.000,32.38,39.0,6,3073
125896850,141.660,141.660,0.0000,0.0160,-0.0000,-0.0005,0.000,32.38,39.0,6,3073
125898268,141.660,141.682,0.0000,0.1045,-0.0000,-0.0005,0.000,32.38,39.0,6,3073
125898854,141.682,141.660,0.0000,-0.0389,-0.0000,-0.0005,0.000,32.38,39.0,6,3073
125899895,141.660,141.660,0.0000,0.0359,-0.0000,-0.0005,0.000,32.38,39.0,6,3073
125901171,141.660,141.660,0.0000,0.0145,-0.0000,-0.0005,0.000,32.38,39.0,6,3073
125901859,141.660,141.660,0.0000,-0.0298,-0.0000,-0.0005,0.000,32.38,39.0,6,3073
125902850,141.660,141.660,0.0000,0.0404,-0.0000,-0.0005,0.000,32.38,39.0,6,3073
125903947,141.660,141.660,0.0000,-0.0557,-0.0000,-0.0005,0.000,32.38,39.0,6,3073
125904850,141.660,141.660,0.0000,0.0572,-0.0000,-0.0005,0.000,32.38,39.0,6,3073
125906184,141.660,141.682,0.0000,0.0969,-0.0000,-0.0005,0.000,32.38,39.0,6,3073
125906848,141.682,141.660,0.0000,-0.0648,-0.0000,-0.0005,0.000,32.38,39.0,6,3073
125907853,141.660,141.682,0.0000,0.0984,-0.0000,-0.0005,0.000,32.38,39.0,6,3073
125908924,141.682,141.660,0.0000,-0.0557,-0.0000,-0.0005,0.000,32.38,39.0,6,3073
125909872,141.660,141.660,0.0000,-0.0511,-0.0000,-0.0005,0.000,32.38,39.0,6,3073
125911192,141.660,141.660,0.0000,0.0389,-0.0000,-0.0005,0.000,32.38,39.0,6,3073
125911894,141.660,141.660,0.0000,-0.0374,-0.0000,-0.0005,0.000,32.38,39.0,6,3073
125912941,141.660,141.660,0.0000,0.1259,-0.0000,-0.0005,0.000,32.38,39.0,6,3073
125914193,141.660,141.660,0.0000,0.0237,-0.0000,-0.0005,0.000,32.38,39.0,6,3073
125914572,141.660,141.660,0.0000,-0.0221,-0.0000,-0.0005,0.000,32.38,39.0,6,3073
125915921,141.660,141.660,0.0000,0.0206,-0.0000,-0.0005,0.000,32.38,39.0,6,3073
125916578,141.660,141.660,0.0000,0.0175,-0.0000,-0.0005,0.000,32.38,39.0,6,3073
125917896,141.660,141.660,0.0000,-0.0694,-0.0000,-0.0005,0.000,32.38,39.0,6,3073
125918577,141.660,141.660,0.0000,-0.0420,-0.0000,-0.0005,0.000,32.38,39.0,6,3073
125919618,141.660,141.660,0.0000,0.0114,-0.0000,-0.0005,0.000,32.38,39.0,6,3073
125921356,141.660,141.660,0.0000,0.0114,-0.0000,-0.0005,0.000,32.38,39.0,6,3073
125921750,141.660,141.660,0.0000,-0.0526,-0.0000,-0.0005,0.000,32.38,39.0,6,3073
125922848,141.660,141.660,0.0000,-0.0725,-0.0000,-0.0005,0.000,32.38,39.0,6,3073
125923872,141.660,141.660,0.0000,0.0847,-0.0000,-0.0005,0.000,32.38,39.0,6,3073
125924912,141.660,141.660,0.0000,-0.0542,-0.0000,-0.0005,0.000,32.38,39.0,6,3073
125926191,141.660,141.660,0.0000,0.0664,-0.0000,-0.0005,0.000,32.38,39.0,6,3073
125926874,141.660,141.660,0.0000,-0.0893,-0.0000,-0.0005,0.000,32.38,39.0,6,3073
125927867,141.660,141.660,0.0000,-0.0160,-0.0000,-0.0005,0.000,32.38,39.0,6,3073
125928865,141.660,141.660,0.0000,-0.0694,-0.0000,-0.0005,0.000,32.38,39.0,6,3073
125929866,141.660,141.660,0.0000,0.0648,-0.0000,-0.0005,0.000,32.38,39.0,6,3073
125931189,141.660,141.660,0.0000,0.0664,-0.0000,-0.0005,0.000,32.38,39.0,6,3073
125931872,141.660,141.660,0.0000,-0.0816,-0.0000,-0.0005,0.000,32.38,39.0,6,3073
125932866,141.660,141.660,0.0000,0.0664,-0.0000,-0.0005,0.000,32.38,39.0,6,3073
125934191,141.660,141.660,0.0000,-0.0175,-0.0000,-0.0005,0.000,32.38,39.0,6,3073
125934572,141.660,141.660,0.0000,0.0023,-0.0000,-0.0005,0.000,32.38,39.0,6,3073
125935891,141.660,141.660,0.0000,-0.1534,-0.0000,-0.0005,0.000,32.38,39.0,6,3073
125936576,141.660,141.660,0.0000,0.1656,-0.0000,-0.0005,0.000,32.38,39.0,6,3073
125937903,141.660,141.660,0.0000,-0.0725,-0.0000,-0.0005,0.000,32.38,39.0,6,3073
125938850,141.660,141.660,0.0000,0.1656,-0.0000,-0.0005,0.000,32.38,39.0,6,3073
125939848,141.660,141.660,0.0000,-0.0908,-0.0000,-0.0005,0.000,32.38,39.0,6,3073
125941208,141.660,141.660,0.0000,-0.0038,-0.0000,-0.0005,0.000,32.38,39.0,6,3073
125941911,141.660,141.682,0.0000,-0.0160,-0.0000,-0.0005,0.000,32.38,39.0,6,3073
125942886,141.682,141.682,0.0000,-0.0084,-0.0000,-0.0005,0.000,32.38,39.0,6,3073
125943884,141.682,141.660,0.0000,0.0175,-0.0000,-0.0005,0.000,32.38,39.0,6,3073
125944887,141.660,141.660,0.0000,-0.1564,-0.0000,-0.0005,0.000,32.38,39.0,6,3073
125946181,141.660,141.660,0.0000,0.0725,-0.0000,-0.0005,0.000,32.38,39.0,6,3073
125946939,141.660,141.660,0.0000,-0.0587,-0.0000,-0.0005,0.000,32.38,39.0,6,3073
125947793,141.660,141.660,0.0000,0.0465,-0.0000,-0.0005,0.000,32.38,39.0,6,3073
125948875,141.660,141.660,0.0000,-0.0496,-0.0000,-0.0005,0.000,32.38,39.0,6,3073
125949849,141.660,141.660,0.0000,0.0618,-0.0000,-0.0005,0.000,32.38,39.0,6,3073
125951192,141.660,141.660,0.0000,0.0450,-0.0000,-0.0005,0.000,32.38,39.0,6,3073
125951847,141.660,141.660,0.0000,0.0633,-0.0000,-0.0005,0.000,32.38,39.0,6,3073
125952889,141.660,141.660,0.0000,-0.0298,-0.0000,-0.0005,0.000,32.38,39.0,6,3073
125954174,141.660,141.660,0.0000,0.0984,-0.0000,-0.0005,0.000,32.38,39.0,6,3073
125954638,141.660,141.660,0.0000,0.0237,-0.0000,-0.0005,0.000,32.38,39.0,6,3073
125955878,141.660,141.660,0.0000,0.0389,-0.0000,-0.0005,0.000,32.38,39.0,6,3073
125956545,141.660,141.682,0.0000,0.0221,-0.0000,-0.0005,0.000,32.38,39.0,6,3073
125957875,141.682,141.660,0.0000,-0.0999,-0.0000,-0.0005,0.000,32.38,39.0,6,3073
125958617,141.660,141.660,0.0000,0.1091,-0.0000,-0.0005,0.000,32.38,39.0,6,3073
125959579,141.660,141.660,0.0000,-0.0175,-0.0000,-0.0005,0.000,32.38,39.0,6,3073
125960952,141.660,141.660,0.0000,-0.0359,-0.0000,-0.0005,0.000,32.38,39.0,6,3073
125961582,141.660,141.660,0.0000,-0.0450,-0.0000,-0.0005,0.000,32.38,39.0,6,3073
125962865,141.660,141.660,0.0000,0.0725,-0.0000,-0.0005,0.000,32.38,39.0,6,3073
125963599,141.660,141.660,0.0000,-0.0237,-0.0000,-0.0005,0.000,32.38,39.0,6,3073
125964572,141.660,141.660,0.0000,0.0099,-0.0000,-0.0005,0.000,32.38,39.0,6,3073
125965891,141.660,141.660,0.0000,-0.0557,-0.0000,-0.0005,0.000,32.38,39.0,6,3073
125966576,141.660,141.660,0.0000,-0.1198,-0.0000,-0.0005,0.000,32.38,39.0,6,3073
125967640,141.660,141.660,0.0000,0.0099,-0.0000,-0.0005,0.000,32.38,39.0,6,3073
125968548,141.660,141.660,0.0000,-0.0038,-0.0000,-0.0005,0.000,32.38,39.0,6,3073
125969591,141.660,141.660,0.0000,0.0603,-0.0000,-0.0005,0.000,32.38,39.0,6,3073
125970901,141.660,141.660,0.0000,-0.0191,-0.0000,-0.0005,0.000,32.38,39.0,6,3073
125971579,141.660,141.660,0.0000,0.1442,-0.0000,-0.0005,0.000,32.38,39.0,6,3073
125972576,141.660,141.660,0.0000,0.0130,-0.0000,-0.0005,0.000,32.38,39.0,6,3073
125973889,141.660,141.660,0.0000,0.0847,-0.0000,-0.0005,0.000,32.38,39.0,6,3073
125974573,141.660,141.660,0.0000,-0.0526,-0.0000,-0.0005,0.000,32.38,39.0,6,3073
125975890,141.660,141.660,0.0000,0.0023,-0.0000,-0.0005,0.000,32.38,39.0,6,3073
125976577,141.660,141.660,0.0000,0.1335,-0.0000,-0.0005,0.000,32.38,39.0,6,3073
125977896,141.660,141.660,0.0000,-0.0191,-0.0000,-0.0005,0.000,32.38,39.0,6,3073
125978578,141.660,141.660,0.0000,-0.0557,-0.0000,-0.0005,0.000,32.38,39.0,6,3073
125979589,141.660,141.660,0.0000,0.0694,-0.0000,-0.0005,0.000,32.38,39.0,6,3073
125980874,141.660,141.660,0.0000,0.0282,-0.0000,-0.0005,0.000,32.38,39.0,6,3073
125981548,141.660,141.660,0.0000,0.0801,-0.0000,-0.0005,0.000,32.38,39.0,6,3073
125982597,141.660,141.660,0.0000,-0.0893,-0.0000,-0.0005,0.000,32.38,39.0,6,3073
125983589,141.660,141.660,0.0000,0.0923,-0.0000,-0.0005,0.000,32.38,39.0,6,3073
125984591,141.660,141.660,0.0000,-0.0877,-0.0000,-0.0005,0.000,32.38,39.0,6,3073
125985876,141.660,141.660,0.0000,-0.0175,-0.0000,-0.0005,0.000,32.38,39.0,6,3073
125986669,141.660,141.660,0.0000,-0.0435,-0.0000,-0.0005,0.000,32.38,39.0,6,3073
125987590,141.660,141.660,0.0000,-0.0282,-0.0000,-0.0005,0.000,32.38,39.0,6,3073
125988546,141.660,141.660,0.0000,-0.0450,-0.0000,-0.0005,0.000,32.38,39.0,6,3073
125989557,141.660,141.660,0.0000,-0.0267,-0.0000,-0.0005,0.000,32.38,39.0,6,3073
125990874,141.660,141.660,0.0000,-0.1091,-0.0000,-0.0005,0.000,32.38,39.0,6,3073
125991595,141.660,141.660,0.0000,0.0404,-0.0000,-0.0005,0.000,32.38,39.0,6,3073
125992552,141.660,141.660,0.0000,-0.0191,-0.0000,-0.0005,0.000,32.38,39.0,6,3073
125993877,141.660,141.660,0.0000,0.0877,-0.0000,-0.0005,0.000,32.38,39.0,6,3073
125994547,141.660,141.660,0.0000,0.0237,-0.0000,-0.0005,0.000,32.38,39.0,6,3073
125995909,141.660,141.660,0.0000,-0.0053,-0.0000,-0.0005,0.000,32.38,39.0,6,3073
125996851,141.660,141.660,0.0000,0.0465,-0.0000,-0.0005,0.000,32.38,39.0,6,3073
125998264,141.660,141.682,0.0000,0.0587,-0.0000,-0.0005,0.000,32.38,39.0,6,3073
125998852,141.682,141.660,0.0000,-0.1015,-0.0000,-0.0005,0.000,32.38,39.0,6,3073
125999895,141.660,141.660,0.0000,-0.0130,-0.0000,-0.0005,0.000,32.38,39.0,6,3073
126001169,141.660,141.660,0.0000,-0.0420,-0.0000,-0.0005,0.000,32.38,39.0,6,3073
126001857,141.660,141.660,0.0000,0.1335,-0.0000,-0.0005,0.000,32.38,39.0,6,3073
126002846,141.660,141.660,0.0000,-0.1259,-0.0000,-0.0005,0.000,32.38,39.0,6,3073
126004218,141.660,141.660,0.0000,-0.0526,-0.0000,-0.0005,0.000,32.38,39.0,6,3073
126004847,141.660,141.660,0.0000,-0.0404,-0.0000,-0.0005,0.000,32.38,39.0,6,3073
126006262,141.660,141.660,0.0000,0.0359,-0.0000,-0.0005,0.000,32.38,39.0,6,3073
126006847,141.660,141.660,0.0000,-0.0206,-0.0000,-0.0005,0.000,32.38,39.0,6,3073
126007847,141.660,141.660,0.0000,-0.0038,-0.0000,-0.0005,0.000,32.38,39.0,6,3073
126008845,141.660,141.660,0.0000,-0.1411,-0.0000,-0.0005,0.000,32.38,39.0,6,3073
126009845,141.660,141.660,0.0000,-0.0038,-0.0000,-0.0005,0.000,32.38,39.0,6,3073
126011251,141.660,141.660,0.0000,-0.1167,-0.0000,-0.0005,0.000,32.38,39.0,6,3073
126011873,141.660,141.660,0.0000,0.0206,-0.0000,-0.0005,0.000,32.38,39.0,6,3073
126012866,141.660,141.660,0.0000,-0.0801,-0.0000,-0.0005,0.000,32.38,39.0,6,3073
126014266,141.660,141.682,0.0000,0.0664,-0.0000,-0.0005,0.000,32.38,39.0,6,3073
126014574,141.682,141.660,0.0000,0.0206,-0.0000,-0.0005,0.000,32.38,39.0,6,3073
126015892,141.660,141.660,0.0000,0.0771,-0.0000,-0.0005,0.000,32.38,39.0,6,3073
126016577,141.660,141.682,0.0000,0.0679,-0.0000,-0.0005,0.000,32.38,39.0,6,3073
126017926,141.682,141.660,0.0000,-0.1152,-0.0000,-0.0005,0.000,32.38,39.0,6,3073
126018578,141.660,141.660,0.0000,-0.2052,-0.0000,-0.0005,0.000,32.38,39.0,6,3073
126019576,141.660,141.660,0.0000,-0.0740,-0.0000,-0.0005,0.000,32.38,39.0,6,3073
126020935,141.660,141.660,0.0000,-0.0755,-0.0000,-0.0005,0.000,32.38,39.0,6,3073
126021614,141.660,141.660,0.0000,-0.0298,-0.0000,-0.0005,0.000,32.38,39.0,6,3073
126022551,141.660,141.660,0.0000,-0.0298,-0.0000,-0.0005,0.000,32.38,39.0,6,3073
126023605,141.660,141.660,0.0000,-0.1122,-0.0000,-0.0005,0.000,32.38,39.0,6,3073
126024574,141.660,141.660,0.0000,-0.0816,-0.0000,-0.0005,0.000,32.38,39.0,6,3073
126025894,141.660,141.660,0.0000,0.0282,-0.0000,-0.0005,0.000,32.38,39.0,6,3073
126026574,141.660,141.660,0.0000,0.0145,-0.0000,-0.0005,0.000,32.38,39.0,6,3073
126027576,141.660,141.660,0.0000,0.0893,-0.0000,-0.0005,0.000,32.38,39.0,6,3073
126028571,141.660,141.660,0.0000,-0.0587,-0.0000,-0.0005,0.000,32.38,39.0,6,3073
126029571,141.660,141.660,0.0000,-0.1015,-0.0000,-0.0005,0.000,32.38,39.0,6,3073
126030893,141.660,141.660,0.0000,0.0938,-0.0000,-0.0005,0.000,32.38,39.0,6,3073
126031575,141.660,141.682,0.0000,0.0298,-0.0000,-0.0005,0.000,32.38,39.0,6,3073
126032590,141.682,141.660,0.0000,-0.0526,-0.0000,-0.0005,0.000,32.38,39.0,6,3073
126033865,141.660,141.660,0.0000,-0.0465,-0.0000,-0.0005,0.000,32.38,39.0,6,3073
126034547,141.660,141.660,0.0000,0.0526,-0.0000,-0.0005,0.000,32.38,39.0,6,3073
126035904,141.660,141.660,0.0000,0.0038,-0.0000,-0.0005,0.000,32.38,39.0,6,3073
126036915,141.660,141.660,0.0000,0.0420,-0.0000,-0.0005,0.000,32.38,39.0,6,3073
126038208,141.660,141.660,0.0000,0.0389,-0.0000,-0.0005,0.000,32.38,39.0,6,3073
126038912,141.660,141.660,0.0000,-0.0450,-0.0000,-0.0005,0.000,32.38,39.0,6,3073
126039912,141.660,141.660,0.0000,0.0374,-0.0000,-0.0005,0.000,32.38,39.0,6,3073
126041181,141.660,141.660,0.0000,0.0648,-0.0000,-0.0005,0.000,32.38,39.0,6,3073
126041937,141.660,141.682,0.0000,0.0969,-0.0000,-0.0005,0.000,32.38,39.0,6,3073
126042787,141.682,141.660,0.0000,-0.0938,-0.0000,-0.0005,0.000,32.38,39.0,6,3073
126043877,141.660,141.660,0.0000,-0.0435,-0.0000,-0.0005,0.000,32.38,39.0,6,3073
126044846,141.660,141.660,0.0000,0.0404,-0.0000,-0.0005,0.000,32.38,39.0,6,3073
126046520,141.660,141.660,0.0000,0.0069,-0.0000,-0.0005,0.000,32.34,39.0,6,3073
126046896,141.660,141.660,0.0000,0.0099,-0.0000,-0.0005,0.000,32.34,39.0,6,3073
126047888,141.660,141.660,0.0000,-0.0938,-0.0000,-0.0005,0.000,32.34,39.0,6,3073
126048845,141.660,141.660,0.0000,0.0084,-0.0000,-0.0005,0.000,32.34,39.0,6,3073
126049853,141.660,141.660,0.0000,0.0374,-0.0000,-0.0005,0.000,32.34,39.0,6,3073
126051179,141.660,141.660,0.0000,-0.0435,-0.0000,-0.0005,0.000,32.34,39.0,6,3073
126051728,141.660,141.660,0.0000,0.0298,-0.0000,-0.0005,0.000,32.34,39.0,6,3073
126052869,141.660,141.660,0.0000,-0.0053,-0.0000,-0.0005,0.000,32.34,39.0,6,3073
126054161,141.660,141.660,0.0000,-0.0053,-0.0000,-0.0005,0.000,32.34,39.0,6,3073
126054927,141.660,141.660,0.0000,0.0069,-0.0000,-0.0005,0.000,32.34,39.0,6,3073
126056262,141.660,141.660,0.0000,0.0267,-0.0000,-0.0005,0.000,32.34,39.0,6,3073
126056879,141.660,141.660,0.0000,-0.0435,-0.0000,-0.0005,0.000,32.34,39.0,6,3073
126058177,141.660,141.660,0.0000,-0.0938,-0.0000,-0.0005,0.000,32.34,39.0,6,3073
126058843,141.660,141.660,0.0000,-0.0862,-0.0000,-0.0005,0.000,32.34,39.0,6,3073
126059847,141.660,141.660,0.0000,-0.0359,-0.0000,-0.0005,0.000,32.34,39.0,6,3073
126061163,141.660,141.660,0.0000,-0.0404,-0.0000,-0.0005,0.000,32.38,39.0,6,3073
126061844,141.660,141.660,0.0000,0.0374,-0.0000,-0.0005,0.000,32.38,39.0,6,3073
126062929,141.660,141.660,0.0000,0.0008,-0.0000,-0.0005,0.000,32.38,39.0,6,3073
126063866,141.660,141.660,0.0000,-0.0496,-0.0000,-0.0005,0.000,32.38,39.0,6,3073
126064940,141.660,141.660,0.0000,0.0847,-0.0000,-0.0005,0.000,32.38,39.0,6,3073
126066195,141.660,141.660,0.0000,-0.0237,-0.0000,-0.0005,0.000,32.38,39.0,6,3073
126066871,141.660,141.660,0.0000,-0.0145,-0.0000,-0.0005,0.000,32.38,39.0,6,3073
126067867,141.660,141.660,0.0000,-0.0694,-0.0000,-0.0005,0.000,32.38,39.0,6,3073
126068913,141.660,141.660,0.0000,0.1381,-0.0000,-0.0005,0.000,32.38,39.0,6,3073
126069880,141.660,141.660,0.0000,-0.0069,-0.0000,-0.0005,0.000,32.38,39.0,6,3073
126071192,141.660,141.660,0.0000,-0.0816,-0.0000,-0.0005,0.000,32.38,39.0,6,3073
126071896,141.660,141.660,0.0000,0.0694,-0.0000,-0.0005,0.000,32.38,39.0,6,3073
126072867,141.660,141.660,0.0000,-0.0816,-0.0000,-0.0005,0.000,32.38,39.0,6,3073
126074192,141.660,141.660,0.0000,0.0099,-0.0000,-0.0005,0.000,32.38,39.0,6,3073
126074614,141.660,141.660,0.0000,-0.0420,-0.0000,-0.0005,0.000,32.38,39.0,6,3073
126075926,141.660,141.660,0.0000,0.1152,-0.0000,-0.0005,0.000,32.38,39.0,6,3073
126076551,141.660,141.660,0.0000,0.0420,-0.0000,-0.0005,0.000,32.38,39.0,6,3073
126077936,141.660,141.660,0.0000,0.0160,-0.0000,-0.0005,0.000,32.38,39.0,6,3073
126078574,141.660,141.660,0.0000,-0.1473,-0.0000,-0.0005,0.000,32.38,39.0,6,3073
126079578,141.660,141.660,0.0000,-0.0603,-0.0000,-0.0005,0.000,32.38,39.0,6,3073
126080894,141.660,141.660,0.0000,0.0999,-0.0000,-0.0005,0.000,32.38,39.0,6,3073
126081574,141.660,141.660,0.0000,-0.0237,-0.0000,-0.0005,0.000,32.38,39.0,6,3073
126082576,141.660,141.660,0.0000,-0.0694,-0.0000,-0.0005,0.000,32.38,39.0,6,3073
126083571,141.660,141.660,0.0000,0.1335,-0.0000,-0.0005,0.000,32.38,39.0,6,3073
126084571,141.660,141.660,0.0000,-0.0206,-0.0000,-0.0005,0.000,32.38,39.0,6,3073
126085894,141.660,141.682,0.0000,-0.0252,-0.0000,-0.0005,0.000,32.38,39.0,6,3073
126086872,141.682,141.660,0.0000,0.0984,-0.0000,-0.0005,0.000,32.38,39.0,6,3073
126088210,141.660,141.660,0.0000,0.0404,-0.0000,-0.0005,0.000,32.38,39.0,6,3073
126088842,141.660,141.660,0.0000,0.0786,-0.0000,-0.0005,0.000,32.38,39.0,6,3073
126089842,141.660,141.660,0.0000,-0.0252,-0.0000,-0.0005,0.000,32.38,39.0,6,3073
126091166,141.660,141.660,0.0000,0.0572,-0.0000,-0.0005,0.000,32.38,39.0,6,3073
126091913,141.660,141.660,0.0000,-0.0191,-0.0000,-0.0005,0.000,32.38,39.0,6,3073
126092910,141.660,141.660,0.0000,-0.0679,-0.0000,-0.0005,0.000,32.38,39.0,6,3073
126094208,141.660,141.660,0.0000,0.0526,-0.0000,-0.0005,0.000,32.38,39.0,6,3073
126094594,141.660,141.660,0.0000,-0.0084,-0.0000,-0.0005,0.000,32.38,39.0,6,3073
126095913,141.660,141.660,0.0000,0.0404,-0.0000,-0.0005,0.000,32.38,39.0,6,3073
126096554,141.660,141.660,0.0000,0.0191,-0.0000,-0.0005,0.000,32.38,39.0,6,3073
126097866,141.660,141.660,0.0000,-0.1137,-0.0000,-0.0005,0.000,32.38,39.0,6,3073
126098868,141.660,141.660,0.0000,-0.0114,-0.0000,-0.0005,0.000,32.38,39.0,6,3073
126099844,141.660,141.660,0.0000,0.0694,-0.0000,-0.0005,0.000,32.38,39.0,6,3073
126101170,141.660,141.660,0.0000,0.0359,-0.0000,-0.0005,0.000,32.38,39.0,6,3073
126101842,141.660,141.660,0.0000,0.1381,-0.0000,-0.0005,0.000,32.38,39.0,6,3073
126102894,141.660,141.660,0.0000,0.0496,-0.0000,-0.0005,0.000,32.38,39.0,6,3073
126103843,141.660,141.660,0.0000,-0.0099,-0.0000,-0.0005,0.000,32.38,39.0,6,3073
126104851,141.660,141.660,0.0000,-0.0313,-0.0000,-0.0005,0.000,32.38,39.0,6,3073
126106161,141.660,141.660,0.0000,-0.0633,-0.0000,-0.0005,0.000,32.34,39.0,6,3073
126106776,141.660,141.660,0.0000,-0.0359,-0.0000,-0.0005,0.000,32.34,39.0,6,3073
126107932,141.660,141.660,0.0000,-0.0404,-0.0000,-0.0005,0.000,32.34,39.0,6,3073
126108844,141.660,141.660,0.0000,-0.0298,-0.0000,-0.0005,0.000,32.34,39.0,6,3073
126109847,141.660,141.660,0.0000,-0.0008,-0.0000,-0.0005,0.000,32.34,39.0,6,3073
126111178,141.660,141.660,0.0000,0.0145,-0.0000,-0.0005,0.000,32.34,39.0,6,3073
126111843,141.660,141.660,0.0000,-0.0145,-0.0000,-0.0005,0.000,32.34,39.0,6,3073
126112925,141.660,141.660,0.0000,-0.0084,-0.0000,-0.0005,0.000,32.34,39.0,6,3073
126114193,141.660,141.660,0.0000,0.0374,-0.0000,-0.0005,0.000,32.34,39.0,6,3073
126114572,141.660,141.682,0.0000,0.0740,-0.0000,-0.0005,0.000,32.34,39.0,6,3073
126115959,141.682,141.660,0.0000,-0.0603,-0.0000,-0.0005,0.000,32.34,39.0,6,3073
126116580,141.660,141.660,0.0000,0.0694,-0.0000,-0.0005,0.000,32.34,39.0,6,3073
126117898,141.660,141.660,0.0000,0.0191,-0.0000,-0.0005,0.000,32.34,39.0,6,3073
126118606,141.660,141.660,0.0000,-0.0511,-0.0000,-0.0005,0.000,32.34,39.0,6,3073
126119575,141.660,141.660,0.0000,0.0023,-0.0000,-0.0005,0.000,32.34,39.0,6,3073
126120893,141.660,141.660,0.0000,-0.0420,-0.0000,-0.0005,0.000,32.34,39.0,6,3073
126121575,141.660,141.660,0.0000,-0.0511,-0.0000,-0.0005,0.000,32.34,39.0,6,3073
126122640,141.660,141.660,0.0000,0.0526,-0.0000,-0.0005,0.000,32.34,39.0,6,3073
126123547,141.660,141.682,0.0000,0.0877,-0.0000,-0.0005,0.000,32.34,39.0,6,3073
126124605,141.682,141.660,0.0000,-0.0923,-0.0000,-0.0005,0.000,32.34,39.0,6,3073
126125892,141.660,141.660,0.0000,0.0298,-0.0000,-0.0005,0.000,32.34,39.0,6,3073
126126578,141.660,141.660,0.0000,-0.0771,-0.0000,-0.0005,0.000,32.34,39.0,6,3073
126127576,141.660,141.660,0.0000,0.0084,-0.0000,-0.0005,0.000,32.34,39.0,6,3073
126128571,141.660,141.660,0.0000,0.0053,-0.0000,-0.0005,0.000,32.34,39.0,6,3073
126129864,141.660,141.660,0.0000,-0.0450,-0.0000,-0.0005,0.000,32.34,39.0,6,3073
126130891,141.660,141.660,0.0000,-0.0160,-0.0000,-0.0005,0.000,32.34,39.0,6,3073
126131577,141.660,141.660,0.0000,-0.0298,-0.0000,-0.0005,0.000,32.34,39.0,6,3073
126132576,141.660,141.682,0.0000,0.0847,-0.0000,-0.0005,0.000,32.34,39.0,6,3073
126133889,141.682,141.660,0.0000,0.0511,-0.0000,-0.0005,0.000,32.34,39.0,6,3073
126134577,141.660,141.660,0.0000,0.0694,-0.0000,-0.0005,0.000,32.34,39.0,6,3073
126135871,141.660,141.660,0.0000,-0.0908,-0.0000,-0.0005,0.000,32.34,39.0,6,3073
126136550,141.660,141.660,0.0000,0.0069,-0.0000,-0.0005,0.000,32.34,39.0,6,3073
126137921,141.660,141.660,0.0000,-0.0374,-0.0000,-0.0005,0.000,32.34,39.0,6,3073
126138596,141.660,141.660,0.0000,-0.0069,-0.0000,-0.0005,0.000,32.34,39.0,6,3073
126139599,141.660,141.660,0.0000,-0.0084,-0.0000,-0.0005,0.000,32.34,39.0,6,3073
126140875,141.660,141.660,0.0000,-0.0282,-0.0000,-0.0005,0.000,32.34,39.0,6,3073
126141662,141.660,141.660,0.0000,0.0771,-0.0000,-0.0005,0.000,32.34,39.0,6,3073
126142585,141.660,141.660,0.0000,-0.0679,-0.0000,-0.0005,0.000,32.34,39.0,6,3073
126143546,141.660,141.660,0.0000,0.1595,-0.0000,-0.0005,0.000,32.34,39.0,6,3073
126144557,141.660,141.660,0.0000,-0.0450,-0.0000,-0.0005,0.000,32.34,39.0,6,3073
126145874,141.660,141.660,0.0000,-0.0343,-0.0000,-0.0005,0.000,32.34,39.0,6,3073
126146597,141.660,141.682,0.0000,0.1060,-0.0000,-0.0005,0.000,32.34,39.0,6,3073
126147551,141.682,141.660,0.0000,0.0938,-0.0000,-0.0005,0.000,32.34,39.0,6,3073
126148557,141.660,141.660,0.0000,0.0191,-0.0000,-0.0005,0.000,32.34,39.0,6,3073
126149546,141.660,141.660,0.0000,-0.0801,-0.0000,-0.0005,0.000,32.34,39.0,6,3073
126150908,141.660,141.660,0.0000,-0.1564,-0.0000,-0.0005,0.000,32.34,39.0,6,3073
126151847,141.660,141.660,0.0000,-0.0145,-0.0000,-0.0005,0.000,32.34,39.0,6,3073
126152928,141.660,141.660,0.0000,0.0389,-0.0000,-0.0005,0.000,32.34,39.0,6,3073
126154168,141.660,141.660,0.0000,-0.0481,-0.0000,-0.0005,0.000,32.34,39.0,6,3073
126154436,141.660,141.660,0.0000,-0.1152,-0.0000,-0.0005,0.000,32.34,39.0,6,3073
126155898,141.660,141.660,0.0000,0.0481,-0.0000,-0.0005,0.000,32.34,39.0,6,3073
126156550,141.660,141.660,0.0000,0.0114,-0.0000,-0.0005,0.000,32.34,39.0,6,3073
126157972,141.660,141.660,0.0000,-0.0084,-0.0000,-0.0005,0.000,32.34,39.0,6,3073
126158550,141.660,141.682,0.0000,0.0175,-0.0000,-0.0005,0.000,32.34,39.0,6,3073
126159551,141.682,141.660,0.0000,0.0069,-0.0000,-0.0005,0.000,32.34,39.0,6,3073
126160931,141.660,141.682,0.0000,0.0496,-0.0000,-0.0005,0.000,32.34,39.0,6,3073
126161578,141.682,141.660,0.0000,-0.0069,-0.0000,-0.0005,0.000,32.34,39.0,6,3073
126162633,141.660,141.660,0.0000,-0.0877,-0.0000,-0.0005,0.000,32.34,39.0,6,3073
126163584,141.660,141.660,0.0000,-0.0160,-0.0000,-0.0005,0.000,32.34,39.0,6,3073
126164570,141.660,141.660,0.0000,-0.0191,-0.0000,-0.0005,0.000,32.34,39.0,6,3073
126165918,141.660,141.682,0.0000,-0.0710,-0.0000,-0.0005,0.000,32.34,39.0,6,3073
126166579,141.682,141.660,0.0000,-0.0221,-0.0000,-0.0005,0.000,32.34,39.0,6,3073
126167575,141.660,141.660,0.0000,0.1076,-0.0000,-0.0005,0.000,32.34,39.0,6,3073
126168599,141.660,141.660,0.0000,-0.0069,-0.0000,-0.0005,0.000,32.34,39.0,6,3073
126169620,141.660,141.660,0.0000,-0.1335,-0.0000,-0.0005,0.000,32.34,39.0,6,3073
126171173,141.660,141.660,0.0000,-0.0389,-0.0000,-0.0005,0.000,32.34,39.0,6,3073
126171548,141.660,141.682,0.0000,0.0710,-0.0000,-0.0005,0.000,32.34,39.0,6,3073
126172611,141.682,141.660,0.0000,-0.0496,-0.0000,-0.0005,0.000,32.34,39.0,6,3073
126173895,141.660,141.660,0.0000,-0.0160,-0.0000,-0.0005,0.000,32.34,39.0,6,3073
126174573,141.660,141.660,0.0000,0.0145,-0.0000,-0.0005,0.000,32.34,39.0,6,3073
126175890,141.660,141.660,0.0000,-0.0038,-0.0000,-0.0005,0.000,32.34,39.0,6,3073
126176577,141.660,141.682,0.0000,0.0740,-0.0000,-0.0005,0.000,32.34,39.0,6,3073
126177897,141.682,141.660,0.0000,0.0038,-0.0000,-0.0005,0.000,32.34,39.0,6,3073
126178576,141.660,141.660,0.0000,-0.0221,-0.0000,-0.0005,0.000,32.34,39.0,6,3073
126179576,141.660,141.660,0.0000,-0.0664,-0.0000,-0.0005,0.000,32.34,39.0,6,3073
126180891,141.660,141.660,0.0000,0.0435,-0.0000,-0.0005,0.000,32.34,39.0,6,3073
126181587,141.660,141.660,0.0000,-0.0679,-0.0000,-0.0005,0.000,32.34,39.0,6,3073
126182572,141.660,141.682,0.0000,0.0847,-0.0000,-0.0005,0.000,32.34,39.0,6,3073
126183545,141.682,141.660,0.0000,0.0084,-0.0000,-0.0005,0.000,32.34,39.0,6,3073
126184587,141.660,141.660,0.0000,-0.0175,-0.0000,-0.0005,0.000,32.34,39.0,6,3073
126185909,141.660,141.660,0.0000,0.1305,-0.0000,-0.0005,0.000,32.34,39.0,6,3073
126186594,141.660,141.660,0.0000,-0.0023,-0.0000,-0.0005,0.000,32.34,39.0,6,3073
126187599,141.660,141.660,0.0000,-0.0420,-0.0000,-0.0005,0.000,32.34,39.0,6,3073
126188546,141.660,141.660,0.0000,-0.0801,-0.0000,-0.0005,0.000,32.34,39.0,6,3073
126189554,141.660,141.660,0.0000,0.0526,-0.0000,-0.0005,0.000,32.34,39.0,6,3073
126190877,141.660,141.660,0.0000,-0.0130,-0.0000,-0.0005,0.000,32.34,39.0,6,3073
126191546,141.660,141.660,0.0000,-0.1488,-0.0000,-0.0005,0.000,32.34,39.0,6,3073
126192562,141.660,141.660,0.0000,0.1198,-0.0000,-0.0005,0.000,32.34,39.0,6,3073
126193865,141.660,141.682,0.0000,0.0404,-0.0000,-0.0005,0.000,32.34,39.0,6,3073
126194599,141.682,141.660,0.0000,-0.0313,-0.0000,-0.0005,0.000,32.34,39.0,6,3073
126195875,141.660,141.660,0.0000,-0.1091,-0.0000,-0.0005,0.000,32.34,39.0,6,3073
126196557,141.660,141.660,0.0000,0.0206,-0.0000,-0.0005,0.000,32.34,39.0,6,3073
126197877,141.660,141.660,0.0000,0.0221,-0.0000,-0.0005,0.000,32.34,39.0,6,3073
126198598,141.660,141.660,0.0000,-0.0038,-0.0000,-0.0005,0.000,32.34,39.0,6,3073
126199551,141.660,141.682,0.0000,0.1213,-0.0000,-0.0005,0.000,32.34,39.0,6,3073
126200952,141.682,141.660,0.0000,0.0465,-0.0000,-0.0005,0.000,32.34,39.0,6,3073
126201555,141.660,141.682,0.0000,0.1350,-0.0000,-0.0005,0.000,32.34,39.0,6,3073
126202600,141.682,141.660,0.0000,0.0053,-0.0000,-0.0005,0.000,32.34,39.0,6,3073
126203549,141.660,141.660,0.0000,0.0267,-0.0000,-0.0005,0.000,32.34,39.0,6,3073
126204560,141.660,141.660,0.0000,-0.0038,-0.0000,-0.0005,0.000,32.34,39.0,6,3073
126205870,141.660,141.682,0.0000,0.0282,-0.0000,-0.0005,0.000,32.34,39.0,6,3073
126206641,141.682,141.660,0.0000,-0.0832,-0.0000,-0.0005,0.000,32.34,39.0,6,3073
126207553,141.660,141.660,0.0000,0.0359,-0.0000,-0.0005,0.000,32.34,39.0,6,3073
126208545,141.660,141.660,0.0000,-0.0847,-0.0000,-0.0005,0.000,32.34,39.0,6,3073
126209557,141.660,141.660,0.0000,0.0114,-0.0000,-0.0005,0.000,32.34,39.0,6,3073
126210933,141.660,141.682,0.0000,0.0984,-0.0000,-0.0005,0.000,32.34,39.0,6,3073
126211576,141.682,141.660,0.0000,-0.0450,-0.0000,-0.0005,0.000,32.34,39.0,6,3073
126213061,141.660,141.660,0.0000,-0.1289,-0.0000,-0.0005,0.000,32.34,39.0,6,3073
126213891,141.660,141.660,0.0000,-0.0847,-0.0000,-0.0005,0.000,32.34,39.0,6,3073
126214572,141.660,141.660,0.0000,-0.0725,-0.0000,-0.0005,0.000,32.34,39.0,6,3073
126215917,141.660,141.660,0.0000,0.0343,-0.0000,-0.0005,0.000,32.34,39.0,6,3073
126216579,141.660,141.682,0.0000,-0.0465,-0.0000,-0.0005,0.000,32.34,39.0,6,3073
126217896,141.682,141.660,0.0000,-0.0694,-0.0000,-0.0005,0.000,32.34,39.0,6,3073
126218578,141.660,141.660,0.0000,-0.1289,-0.0000,-0.0005,0.000,32.34,39.0,6,3073
126219644,141.660,141.660,0.0000,-0.0587,-0.0000,-0.0005,0.000,32.34,39.0,6,3073
126220872,141.660,141.660,0.0000,-0.0084,-0.0000,-0.0005,0.000,32.34,39.0,6,3073
126221548,141.660,141.660,0.0000,0.0008,-0.0000,-0.0005,0.000,32.34,39.0,6,3073
126222610,141.660,141.660,0.0000,-0.0221,-0.0000,-0.0005,0.000,32.34,39.0,6,3073
126223576,141.660,141.660,0.0000,0.0084,-0.0000,-0.0005,0.000,32.34,39.0,6,3073
126224571,141.660,141.682,0.0000,0.0496,-0.0000,-0.0005,0.000,32.34,39.0,6,3073
126225890,141.682,141.660,0.0000,-0.0877,-0.0000,-0.0005,0.000,32.34,39.0,6,3073
126226577,141.660,141.660,0.0000,0.1076,-0.0000,-0.0005,0.000,32.34,39.0,6,3073
126227576,141.660,141.682,0.0000,0.0160,-0.0000,-0.0005,0.000,32.34,39.0,6,3073
126228571,141.682,141.660,0.0000,-0.1122,-0.0000,-0.0005,0.000,32.34,39.0,6,3073
126229572,141.660,141.660,0.0000,0.0298,-0.0000,-0.0005,0.000,32.34,39.0,6,3073
126230903,141.660,141.660,0.0000,-0.0053,-0.0000,-0.0005,0.000,32.34,39.0,6,3073
126231549,141.660,141.660,0.0000,0.1152,-0.0000,-0.0005,0.000,32.34,39.0,6,3073
126232551,141.660,141.682,0.0000,-0.0526,-0.0000,-0.0005,0.000,32.34,39.0,6,3073
126233907,141.682,141.660,0.0000,-0.1137,-0.0000,-0.0005,0.000,32.34,39.0,6,3073
126234591,141.660,141.660,0.0000,0.0099,-0.0000,-0.0005,0.000,32.34,39.0,6,3073
126235908,141.660,141.660,0.0000,-0.0145,-0.0000,-0.0005,0.000,32.34,39.0,6,3073
126236597,141.660,141.660,0.0000,-0.0404,-0.0000,-0.0005,0.000,32.34,39.0,6,3073
126237879,141.660,141.660,0.0000,-0.0145,-0.0000,-0.0005,0.000,32.34,39.0,6,3073
126238663,141.660,141.660,0.0000,0.0740,-0.0000,-0.0005,0.000,32.34,39.0,6,3073
126239583,141.660,141.660,0.0000,0.0694,-0.0000,-0.0005,0.000,32.34,39.0,6,3073
126240875,141.660,141.682,0.0000,0.0435,-0.0000,-0.0005,0.000,32.34,39.0,6,3073
126241557,141.682,141.660,0.0000,-0.1183,-0.0000,-0.0005,0.000,32.34,39.0,6,3073
126242551,141.660,141.660,0.0000,0.0755,-0.0000,-0.0005,0.000,32.34,39.0,6,3073
126243596,141.660,141.660,0.0000,-0.0847,-0.0000,-0.0005,0.000,32.34,39.0,6,3073
126244547,141.660,141.660,0.0000,0.1366,-0.0000,-0.0005,0.000,32.34,39.0,6,3073
126245885,141.660,141.682,0.0000,0.0526,-0.0000,-0.0005,0.000,32.34,39.0,6,3073
126246546,141.682,141.660,0.0000,-0.0740,-0.0000,-0.0005,0.000,32.34,39.0,6,3073
126247598,141.660,141.660,0.0000,0.0191,-0.0000,-0.0005,0.000,32.34,39.0,6,3073
126248547,141.660,141.660,0.0000,-0.0267,-0.0000,-0.0005,0.000,32.34,39.0,6,3073
126249634,141.660,141.660,0.0000,0.0237,-0.0000,-0.0005,0.000,32.34,39.0,6,3073
126250878,141.660,141.660,0.0000,-0.0389,-0.0000,-0.0005,0.000,32.34,39.0,6,3073
126251599,141.660,141.660,0.0000,0.0832,-0.0000,-0.0005,0.000,32.34,39.0,6,3073
126252552,141.660,141.660,0.0000,0.0450,-0.0000,-0.0005,0.000,32.34,39.0,6,3073
126253880,141.660,141.660,0.0000,0.0359,-0.0000,-0.0005,0.000,32.34,39.0,6,3073
126254990,141.660,141.660,0.0000,0.0374,-0.0000,-0.0005,0.000,32.34,39.0,6,3073
126255910,141.660,141.660,0.0000,0.0511,-0.0000,-0.0005,0.000,32.34,39.0,6,3073
126256846,141.660,141.660,0.0000,0.0664,-0.0000,-0.0005,0.000,32.34,39.0,6,3073
126258258,141.660,141.660,0.0000,0.0038,-0.0000,-0.0005,0.000,32.34,39.0,6,3073
126258847,141.660,141.660,0.0000,-0.0832,-0.0000,-0.0005,0.000,32.34,39.0,6,3073
126259841,141.660,141.660,0.0000,-0.0984,-0.0000,-0.0005,0.000,32.34,39.0,6,3073
126261158,141.660,141.660,0.0000,-0.0969,-0.0000,-0.0005,0.000,32.38,39.0,6,3073
126261846,141.660,141.682,0.0000,0.1289,-0.0000,-0.0005,0.000,32.38,39.0,6,3073
126262911,141.682,141.660,0.0000,-0.1503,-0.0000,-0.0005,0.000,32.38,39.0,6,3073
126263901,141.660,141.660,0.0000,-0.0481,-0.0000,-0.0005,0.000,32.38,39.0,6,3073
126264889,141.660,141.682,0.0000,-0.0023,-0.0000,-0.0005,0.000,32.38,39.0,6,3073
126266256,141.682,141.660,0.0000,-0.0160,-0.0000,-0.0005,0.000,32.38,39.0,6,3073
126266899,141.660,141.660,0.0000,0.0114,-0.0000,-0.0005,0.000,32.38,39.0,6,3073
126267892,141.660,141.660,0.0000,-0.0206,-0.0000,-0.0005,0.000,32.38,39.0,6,3073
126268891,141.660,141.660,0.0000,-0.0618,-0.0000,-0.0005,0.000,32.38,39.0,6,3073
126269910,141.660,141.660,0.0000,-0.0191,-0.0000,-0.0005,0.000,32.38,39.0,6,3073
126271208,141.660,141.660,0.0000,-0.0587,-0.0000,-0.0005,0.000,32.38,39.0,6,3073
126271895,141.660,141.660,0.0000,0.0084,-0.0000,-0.0005,0.000,32.38,39.0,6,3073
126272891,141.660,141.660,0.0000,-0.0191,-0.0000,-0.0005,0.000,32.38,39.0,6,3073
126274210,141.660,141.660,0.0000,-0.0069,-0.0000,-0.0005,0.000,32.38,39.0,6,3073
126274895,141.660,141.660,0.0000,-0.0999,-0.0000,-0.0005,0.000,32.38,39.0,6,3073
126276243,141.660,141.660,0.0000,-0.0053,-0.0000,-0.0005,0.000,32.38,39.0,6,3073
126276917,141.660,141.660,0.0000,0.0572,-0.0000,-0.0005,0.000,32.38,39.0,6,3073
126278175,141.660,141.660,0.0000,-0.0374,-0.0000,-0.0005,0.000,32.38,39.0,6,3073
126278840,141.660,141.682,0.0000,0.1030,-0.0000,-0.0005,0.000,32.38,39.0,6,3073
126279840,141.682,141.660,0.0000,-0.0877,-0.0000,-0.0005,0.000,32.38,39.0,6,3073
126281229,141.660,141.660,0.0000,-0.0145,-0.0000,-0.0005,0.000,32.38,39.0,6,3073
126281898,141.660,141.660,0.0000,-0.0053,-0.0000,-0.0005,0.000,32.38,39.0,6,3073
126282891,141.660,141.660,0.0000,0.0160,-0.0000,-0.0005,0.000,32.38,39.0,6,3073
126283889,141.660,141.682,0.0000,0.0877,-0.0000,-0.0005,0.000,32.38,39.0,6,3073
126284892,141.682,141.660,0.0000,-0.0435,-0.0000,-0.0005,0.000,32.38,39.0,6,3073
126286206,141.660,141.660,0.0000,-0.0313,-0.0000,-0.0005,0.000,32.41,39.0,6,3073
126286897,141.660,141.660,0.0000,0.0069,-0.0000,-0.0005,0.000,32.41,39.0,6,3073
126287892,141.660,141.660,0.0000,-0.0298,-0.0000,-0.0005,0.000,32.41,39.0,6,3073
126288889,141.660,141.660,0.0000,-0.0572,-0.0000,-0.0005,0.000,32.41,39.0,6,3073
126289890,141.660,141.660,0.0000,-0.0420,-0.0000,-0.0005,0.000,32.41,39.0,6,3073
126291203,141.660,141.660,0.0000,-0.1015,-0.0000,-0.0005,0.000,32.34,39.0,6,3073
126291896,141.660,141.660,0.0000,0.0542,-0.0000,-0.0005,0.000,32.34,39.0,6,3073
126292892,141.660,141.682,0.0000,0.0175,-0.0000,-0.0005,0.000,32.34,39.0,6,3073
126294209,141.682,141.682,0.0000,0.1045,-0.0000,-0.0005,0.000,32.34,39.0,6,3073
126294891,141.682,141.660,0.0000,-0.0023,-0.0000,-0.0005,0.000,32.34,39.0,6,3073
126296548,141.660,141.660,0.0000,0.0328,-0.0000,-0.0005,0.000,32.34,39.0,6,3073
126296903,141.660,141.660,0.0000,-0.0343,-0.0000,-0.0005,0.000,32.34,39.0,6,3073
126298168,141.660,141.660,0.0000,-0.0191,-0.0000,-0.0005,0.000,32.34,39.0,6,3073
126298843,141.660,141.682,0.0000,0.1503,-0.0000,-0.0005,0.000,32.34,39.0,6,3073
126299840,141.682,141.660,0.0000,-0.0130,-0.0000,-0.0005,0.000,32.34,39.0,6,3073
126301226,141.660,141.660,0.0000,0.0313,-0.0000,-0.0005,0.000,32.38,39.0,6,3073
126301903,141.660,141.660,0.0000,-0.0557,-0.0000,-0.0005,0.000,32.38,39.0,6,3073
126302910,141.660,141.660,0.0000,0.0511,-0.0000,-0.0005,0.000,32.38,39.0,6,3073
126303906,141.660,141.660,0.0000,0.0221,-0.0000,-0.0005,0.000,32.38,39.0,6,3073
126304912,141.660,141.660,0.0000,0.0191,-0.0000,-0.0005,0.000,32.38,39.0,6,3073
126306181,141.660,141.660,0.0000,-0.0359,-0.0000,-0.0005,0.000,32.38,39.0,6,3073
126306930,141.660,141.660,0.0000,0.0267,-0.0000,-0.0005,0.000,32.38,39.0,6,3073
126307777,141.660,141.660,0.0000,-0.0603,-0.0000,-0.0005,0.000,32.38,39.0,6,3073
126308928,141.660,141.660,0.0000,0.0313,-0.0000,-0.0005,0.000,32.38,39.0,6,3073
126309841,141.660,141.660,0.0000,0.0084,-0.0000,-0.0005,0.000,32.38,39.0,6,3073
126311173,141.660,141.660,0.0000,-0.0298,-0.0000,-0.0005,0.000,32.38,39.0,6,3073
126311843,141.660,141.660,0.0000,0.0862,-0.0000,-0.0005,0.000,32.38,39.0,6,3073
126312842,141.660,141.660,0.0000,-0.0267,-0.0000,-0.0005,0.000,32.38,39.0,6,3073
126314243,141.660,141.682,0.0000,0.0801,-0.0000,-0.0005,0.000,32.38,39.0,6,3073
126314575,141.682,141.682,0.0000,0.1427,-0.0000,-0.0005,0.000,32.38,39.0,6,3073
126315902,141.682,141.660,0.0000,-0.0908,-0.0000,-0.0005,0.000,32.38,39.0,6,3073
126316640,141.660,141.660,0.0000,-0.0633,-0.0000,-0.0005,0.000,32.38,39.0,6,3073
126317899,141.660,141.660,0.0000,0.0069,-0.0000,-0.0005,0.000,32.38,39.0,6,3073
126318574,141.660,141.660,0.0000,0.0175,-0.0000,-0.0005,0.000,32.38,39.0,6,3073
126319606,141.660,141.682,0.0000,0.0008,-0.0000,-0.0005,0.000,32.38,39.0,6,3073
126320893,141.682,141.660,0.0000,-0.1106,-0.0000,-0.0005,0.000,32.38,39.0,6,3073
126321574,141.660,141.660,0.0000,-0.0572,-0.0000,-0.0005,0.000,32.38,39.0,6,3073
126322604,141.660,141.682,0.0000,0.1961,-0.0000,-0.0005,0.000,32.38,39.0,6,3073
126323615,141.682,141.660,0.0000,-0.1396,-0.0000,-0.0005,0.000,32.38,39.0,6,3073
126324545,141.660,141.660,0.0000,0.0862,-0.0000,-0.0005,0.000,32.38,39.0,6,3073
126325926,141.660,141.682,0.0000,0.0008,-0.0000,-0.0005,0.000,32.38,39.0,6,3073
126326574,141.682,141.660,0.0000,-0.0572,-0.0000,-0.0005,0.000,32.38,39.0,6,3073
126327577,141.660,141.660,0.0000,0.0160,-0.0000,-0.0005,0.000,32.38,39.0,6,3073
126328571,141.660,141.660,0.0000,-0.0145,-0.0000,-0.0005,0.000,32.38,39.0,6,3073
126329570,141.660,141.660,0.0000,-0.0496,-0.0000,-0.0005,0.000,32.38,39.0,6,3073
126330892,141.660,141.660,0.0000,0.0954,-0.0000,-0.0005,0.000,32.38,39.0,6,3073
126331574,141.660,141.660,0.0000,-0.0206,-0.0000,-0.0005,0.000,32.38,39.0,6,3073
126332576,141.660,141.660,0.0000,-0.0465,-0.0000,-0.0005,0.000,32.38,39.0,6,3073
126333888,141.660,141.660,0.0000,0.0984,-0.0000,-0.0005,0.000,32.38,39.0,6,3073
126334589,141.660,141.660,0.0000,0.0267,-0.0000,-0.0005,0.000,32.38,39.0,6,3073
126335872,141.660,141.660,0.0000,-0.0648,-0.0000,-0.0005,0.000,32.38,39.0,6,3073
126336545,141.660,141.660,0.0000,-0.0023,-0.0000,-0.0005,0.000,32.38,39.0,6,3073
126338358,141.660,141.660,0.0000,0.0282,-0.0000,-0.0005,0.000,32.38,39.0,6,3073
126338747,141.660,141.682,0.0000,0.0816,-0.0000,-0.0005,0.000,32.38,39.0,6,3073
126339909,141.682,141.682,0.0000,0.0969,-0.0000,-0.0005,0.000,32.38,39.0,6,3073
126341222,141.682,141.660,0.0000,0.0023,-0.0000,-0.0005,0.000,32.38,39.0,6,3073
126341909,141.660,141.682,0.0000,0.1076,-0.0000,-0.0005,0.000,32.38,39.0,6,3073
126342909,141.682,141.660,0.0000,-0.0175,-0.0000,-0.0005,0.000,32.38,39.0,6,3073
126343844,141.660,141.660,0.0000,0.0221,-0.0000,-0.0005,0.000,32.38,39.0,6,3073
126344959,141.660,141.682,0.0000,0.1152,-0.0000,-0.0005,0.000,32.38,39.0,6,3073
126346198,141.682,141.660,0.0000,-0.0618,-0.0000,-0.0005,0.000,32.38,39.0,6,3073
126346845,141.660,141.660,0.0000,-0.0938,-0.0000,-0.0005,0.000,32.38,39.0,6,3073
126347850,141.660,141.660,0.0000,0.0923,-0.0000,-0.0005,0.000,32.38,39.0,6,3073
126348842,141.660,141.660,0.0000,0.0587,-0.0000,-0.0005,0.000,32.38,39.0,6,3073
126349912,141.660,141.660,0.0000,0.0069,-0.0000,-0.0005,0.000,32.38,39.0,6,3073
126351171,141.660,141.660,0.0000,0.0053,-0.0000,-0.0005,0.000,32.38,39.0,6,3073
126351852,141.660,141.660,0.0000,-0.0099,-0.0000,-0.0005,0.000,32.38,39.0,6,3073
126352841,141.660,141.682,0.0000,-0.0847,-0.0000,-0.0005,0.000,32.38,39.0,6,3073
126354207,141.682,141.660,0.0000,0.0343,-0.0000,-0.0005,0.000,32.38,39.0,6,3073
126354847,141.660,141.660,0.0000,0.0343,-0.0000,-0.0005,0.000,32.38,39.0,6,3073
126356254,141.660,141.682,0.0000,-0.0099,-0.0000,-0.0005,0.000,32.38,39.0,6,3073
126356854,141.682,141.660,0.0000,-0.0435,-0.0000,-0.0005,0.000,32.38,39.0,6,3073
126358263,141.660,141.660,0.0000,-0.0252,-0.0000,-0.0005,0.000,32.38,39.0,6,3073
126358849,141.660,141.682,0.0000,0.0359,-0.0000,-0.0005,0.000,32.38,39.0,6,3073
126359839,141.682,141.660,0.0000,-0.1640,-0.0000,-0.0005,0.000,32.38,39.0,6,3073
126361167,141.660,141.660,0.0000,0.0450,-0.0000,-0.0005,0.000,32.38,39.0,6,3073
126361845,141.660,141.660,0.0000,0.0160,-0.0000,-0.0005,0.000,32.38,39.0,6,3073
126362842,141.660,141.660,0.0000,-0.0114,-0.0000,-0.0005,0.000,32.38,39.0,6,3073
126363912,141.660,141.660,0.0000,0.0832,-0.0000,-0.0005,0.000,32.38,39.0,6,3073
126364893,141.660,141.660,0.0000,-0.0511,-0.0000,-0.0005,0.000,32.38,39.0,6,3073
126366242,141.660,141.682,0.0000,0.0053,-0.0000,-0.0005,0.000,32.38,39.0,6,3073
126366910,141.682,141.660,0.0000,0.0298,-0.0000,-0.0005,0.000,32.38,39.0,6,3073
126367888,141.660,141.660,0.0000,-0.1350,-0.0000,-0.0005,0.000,32.38,39.0,6,3073
126368888,141.660,141.660,0.0000,0.0069,-0.0000,-0.0005,0.000,32.38,39.0,6,3073
126369888,141.660,141.660,0.0000,0.0084,-0.0000,-0.0005,0.000,32.38,39.0,6,3073
126371232,141.660,141.660,0.0000,-0.0175,-0.0000,-0.0005,0.000,32.38,39.0,6,3073
126371897,141.660,141.660,0.0000,-0.0359,-0.0000,-0.0005,0.000,32.38,39.0,6,3073
126372889,141.660,141.660,0.0000,-0.0191,-0.0000,-0.0005,0.000,32.38,39.0,6,3073
126374208,141.660,141.660,0.0000,0.0786,-0.0000,-0.0005,0.000,32.38,39.0,6,3073
126374890,141.660,141.660,0.0000,0.0771,-0.0000,-0.0005,0.000,32.38,39.0,6,3073
126376208,141.660,141.660,0.0000,-0.0298,-0.0000,-0.0005,0.000,32.38,39.0,6,3073
126376917,141.660,141.660,0.0000,-0.0038,-0.0000,-0.0005,0.000,32.38,39.0,6,3073
126378239,141.660,141.660,0.0000,0.0282,-0.0000,-0.0005,0.000,32.38,39.0,6,3073
126378848,141.660,141.660,0.0000,-0.0618,-0.0000,-0.0005,0.000,32.38,39.0,6,3073
126380185,141.660,141.660,0.0000,-0.1091,-0.0000,-0.0005,0.000,32.38,39.0,6,3073
126381167,141.660,141.682,0.0000,0.1473,-0.0000,-0.0005,0.000,32.38,39.0,6,3073
126381847,141.682,141.660,0.0000,-0.0191,-0.0000,-0.0005,0.000,32.38,39.0,6,3073
126382913,141.660,141.660,0.0000,-0.0389,-0.0000,-0.0005,0.000,32.38,39.0,6,3073
126383891,141.660,141.660,0.0000,-0.0053,-0.0000,-0.0005,0.000,32.38,39.0,6,3073
126384889,141.660,141.660,0.0000,0.0496,-0.0000,-0.0005,0.000,32.38,39.0,6,3073
126386210,141.660,141.660,0.0000,0.0328,-0.0000,-0.0005,0.000,32.38,39.0,6,3073
126386891,141.660,141.660,0.0000,0.0557,-0.0000,-0.0005,0.000,32.38,39.0,6,3073
126387891,141.660,141.660,0.0000,-0.1213,-0.0000,-0.0005,0.000,32.38,39.0,6,3073
126388889,141.660,141.660,0.0000,0.0832,-0.0000,-0.0005,0.000,32.38,39.0,6,3073
126389889,141.660,141.660,0.0000,-0.0694,-0.0000,-0.0005,0.000,32.38,39.0,6,3073
126391209,141.660,141.682,0.0000,0.0389,-0.0000,-0.0005,0.000,32.38,39.0,6,3073
126391895,141.682,141.660,0.0000,-0.0999,-0.0000,-0.0005,0.000,32.38,39.0,6,3073
126392890,141.660,141.660,0.0000,0.0389,-0.0000,-0.0005,0.000,32.38,39.0,6,3073
126394205,141.660,141.660,0.0000,-0.0923,-0.0000,-0.0005,0.000,32.38,39.0,6,3073
126394574,141.660,141.660,0.0000,0.0435,-0.0000,-0.0005,0.000,32.38,39.0,6,3073
126395904,141.660,141.660,0.0000,-0.0542,-0.0000,-0.0005,0.000,32.38,39.0,6,3073
126396551,141.660,141.660,0.0000,-0.0572,-0.0000,-0.0005,0.000,32.38,39.0,6,3073
126397871,141.660,141.660,0.0000,-0.0267,-0.0000,-0.0005,0.000,32.38,39.0,6,3073
126398589,141.660,141.660,0.0000,0.0313,-0.0000,-0.0005,0.000,32.38,39.0,6,3073
126399597,141.660,141.660,0.0000,-0.0710,-0.0000,-0.0005,0.000,32.38,39.0,6,3073
126400908,141.660,141.660,0.0000,-0.0099,-0.0000,-0.0005,0.000,32.38,39.0,6,3073
126401596,141.660,141.660,0.0000,-0.0587,-0.0000,-0.0005,0.000,32.38,39.0,6,3073
126402551,141.660,141.660,0.0000,0.0801,-0.0000,-0.0005,0.000,32.38,39.0,6,3073
126403536,141.660,141.660,0.0000,0.0191,-0.0000,-0.0005,0.000,32.38,39.0,6,3073
126404574,141.660,141.660,0.0000,-0.0542,-0.0000,-0.0005,0.000,32.38,39.0,6,3073
126405874,141.660,141.660,0.0000,-0.0603,-0.0000,-0.0005,0.000,32.38,39.0,6,3073
126406557,141.660,141.660,0.0000,0.0435,-0.0000,-0.0005,0.000,32.38,39.0,6,3073
126407551,141.660,141.660,0.0000,0.0160,-0.0000,-0.0005,0.000,32.38,39.0,6,3073
126408644,141.660,141.660,0.0000,-0.0313,-0.0000,-0.0005,0.000,32.38,39.0,6,3073
126409548,141.660,141.660,0.0000,0.1579,-0.0000,-0.0005,0.000,32.38,39.0,6,3073
126410874,141.660,141.660,0.0000,-0.1183,-0.0000,-0.0005,0.000,32.38,39.0,6,3073
126411552,141.660,141.660,0.0000,0.0877,-0.0000,-0.0005,0.000,32.38,39.0,6,3073
126412623,141.660,141.682,0.0000,0.0618,-0.0000,-0.0005,0.000,32.38,39.0,6,3073
126413960,141.682,141.660,0.0000,-0.0298,-0.0000,-0.0005,0.000,32.38,39.0,6,3073
126414573,141.660,141.660,0.0000,-0.0847,-0.0000,-0.0005,0.000,32.38,39.0,6,3073
126415893,141.660,141.660,0.0000,0.0267,-0.0000,-0.0005,0.000,32.38,39.0,6,3073
126416583,141.660,141.660,0.0000,-0.0420,-0.0000,-0.0005,0.000,32.38,39.0,6,3073
126417924,141.660,141.660,0.0000,-0.0221,-0.0000,-0.0005,0.000,32.38,39.0,6,3073
126418575,141.660,141.660,0.0000,-0.0053,-0.0000,-0.0005,0.000,32.38,39.0,6,3073
126419577,141.660,141.660,0.0000,0.1381,-0.0000,-0.0005,0.000,32.38,39.0,6,3073
126420959,141.660,141.660,0.0000,-0.1122,-0.0000,-0.0005,0.000,32.38,39.0,6,3073
126422186,141.660,141.660,0.0000,-0.1198,-0.0000,-0.0005,0.000,32.38,39.0,6,3073
126422842,141.660,141.660,0.0000,-0.0084,-0.0000,-0.0005,0.000,32.38,39.0,6,3073
126423841,141.660,141.660,0.0000,0.0587,-0.0000,-0.0005,0.000,32.38,39.0,6,3073
126424914,141.660,141.682,0.0000,-0.0099,-0.0000,-0.0005,0.000,32.38,39.0,6,3073
126426208,141.682,141.682,0.0000,0.0725,-0.0000,-0.0005,0.000,32.41,39.0,6,3073
126426893,141.682,141.660,0.0000,-0.1274,-0.0000,-0.0005,0.000,32.41,39.0,6,3073
126427890,141.660,141.660,0.0000,0.0160,-0.0000,-0.0005,0.000,32.41,39.0,6,3073
126428889,141.660,141.660,0.0000,-0.0557,-0.0000,-0.0005,0.000,32.41,39.0,6,3073
126429893,141.660,141.660,0.0000,0.0008,-0.0000,-0.0005,0.000,32.41,39.0,6,3073
126431204,141.660,141.682,0.0000,0.0160,-0.0000,-0.0005,0.000,32.41,39.0,6,3073
126431891,141.682,141.660,0.0000,-0.0450,-0.0000,-0.0005,0.000,32.41,39.0,6,3073
126432891,141.660,141.660,0.0000,0.0099,-0.0000,-0.0005,0.000,32.41,39.0,6,3073
126434214,141.660,141.660,0.0000,-0.0084,-0.0000,-0.0005,0.000,32.41,39.0,6,3073
126434572,141.660,141.660,0.0000,0.0740,-0.0000,-0.0005,0.000,32.41,39.0,6,3073
126435891,141.660,141.660,0.0000,-0.0114,-0.0000,-0.0005,0.000,32.41,39.0,6,3073
126436578,141.660,141.660,0.0000,0.0557,-0.0000,-0.0005,0.000,32.41,39.0,6,3073
126437910,141.660,141.660,0.0000,-0.1167,-0.0000,-0.0005,0.000,32.41,39.0,6,3073
126438548,141.660,141.660,0.0000,0.0404,-0.0000,-0.0005,0.000,32.41,39.0,6,3073
126439551,141.660,141.660,0.0000,-0.0725,-0.0000,-0.0005,0.000,32.41,39.0,6,3073
126440909,141.660,141.660,0.0000,0.0664,-0.0000,-0.0005,0.000,32.41,39.0,6,3073
126441597,141.660,141.660,0.0000,0.0298,-0.0000,-0.0005,0.000,32.41,39.0,6,3073
126442596,141.660,141.660,0.0000,-0.0328,-0.0000,-0.0005,0.000,32.41,39.0,6,3073
126443594,141.660,141.660,0.0000,0.0908,-0.0000,-0.0005,0.000,32.41,39.0,6,3073
126444546,141.660,141.682,0.0000,-0.0542,-0.0000,-0.0005,0.000,32.41,39.0,6,3073
126445871,141.682,141.682,0.0000,0.0023,-0.0000,-0.0005,0.000,32.41,39.0,6,3073
126446848,141.682,141.682,0.0000,0.0664,-0.0000,-0.0005,0.000,32.41,39.0,6,3073
126447840,141.682,141.682,0.0000,0.0099,-0.0000,-0.0005,0.000,32.41,39.0,6,3073
126448851,141.682,141.660,0.0000,-0.0999,-0.0000,-0.0005,0.000,32.41,39.0,6,3073
126449842,141.660,141.660,0.0000,0.0908,-0.0000,-0.0005,0.000,32.41,39.0,6,3073
126451239,141.660,141.682,0.0000,0.0435,-0.0000,-0.0005,0.000,32.41,39.0,6,3073
126451841,141.682,141.660,0.0000,-0.0328,-0.0000,-0.0005,0.000,32.41,39.0,6,3073
126452851,141.660,141.660,0.0000,0.0923,-0.0000,-0.0005,0.000,32.41,39.0,6,3073
126454167,141.660,141.660,0.0000,-0.0481,-0.0000,-0.0005,0.000,32.41,39.0,6,3073
126454446,141.660,141.660,0.0000,-0.0679,-0.0000,-0.0005,0.000,32.41,39.0,6,3073
126455897,141.660,141.660,0.0000,0.0526,-0.0000,-0.0005,0.000,32.41,39.0,6,3073
126456548,141.660,141.682,0.0000,0.1457,-0.0000,-0.0005,0.000,32.41,39.0,6,3073
126457997,141.682,141.660,0.0000,0.0130,-0.0000,-0.0005,0.000,32.41,39.0,6,3073
126458551,141.660,141.660,0.0000,0.0328,-0.0000,-0.0005,0.000,32.41,39.0,6,3073
126459551,141.660,141.660,0.0000,0.0755,-0.0000,-0.0005,0.000,32.41,39.0,6,3073
126460869,141.660,141.660,0.0000,0.0099,-0.0000,-0.0005,0.000,32.41,39.0,6,3073
126461613,141.660,141.660,0.0000,-0.1534,-0.0000,-0.0005,0.000,32.41,39.0,6,3073
126462578,141.660,141.660,0.0000,0.1106,-0.0000,-0.0005,0.000,32.41,39.0,6,3073
126464061,141.660,141.660,0.0000,-0.0160,-0.0000,-0.0005,0.000,32.41,39.0,6,3073
126464571,141.660,141.660,0.0000,-0.0755,-0.0000,-0.0005,0.000,32.41,39.0,6,3073
126465889,141.660,141.682,0.0000,0.0191,-0.0000,-0.0005,0.000,32.41,39.0,6,3073
126466604,141.682,141.660,0.0000,-0.0435,-0.0000,-0.0005,0.000,32.41,39.0,6,3073
126467578,141.660,141.660,0.0000,0.0572,-0.0000,-0.0005,0.000,32.41,39.0,6,3073
126468572,141.660,141.660,0.0000,0.0237,-0.0000,-0.0005,0.000,32.41,39.0,6,3073
126469636,141.660,141.660,0.0000,0.0420,-0.0000,-0.0005,0.000,32.41,39.0,6,3073
126470880,141.660,141.660,0.0000,0.0954,-0.0000,-0.0005,0.000,32.41,39.0,6,3073
126471553,141.660,141.660,0.0000,-0.0542,-0.0000,-0.0005,0.000,32.41,39.0,6,3073
126472606,141.660,141.660,0.0000,0.0175,-0.0000,-0.0005,0.000,32.41,39.0,6,3073
126473891,141.660,141.682,0.0000,0.0679,-0.0000,-0.0005,0.000,32.41,39.0,6,3073
126474572,141.682,141.660,0.0000,-0.0420,-0.0000,-0.0005,0.000,32.41,39.0,6,3073
126475890,141.660,141.682,0.0000,-0.0084,-0.0000,-0.0005,0.000,32.41,39.0,6,3073
126476575,141.682,141.660,0.0000,-0.0145,-0.0000,-0.0005,0.000,32.41,39.0,6,3073
126477896,141.660,141.660,0.0000,0.0298,-0.0000,-0.0005,0.000,32.41,39.0,6,3073
126478575,141.660,141.660,0.0000,0.0191,-0.0000,-0.0005,0.000,32.41,39.0,6,3073
126479574,141.660,141.660,0.0000,0.0450,-0.0000,-0.0005,0.000,32.41,39.0,6,3073
126480890,141.660,141.660,0.0000,0.0023,-0.0000,-0.0005,0.000,32.41,39.0,6,3073
126481575,141.660,141.660,0.0000,-0.0420,-0.0000,-0.0005,0.000,32.41,39.0,6,3073
126482581,141.660,141.660,0.0000,-0.0679,-0.0000,-0.0005,0.000,32.41,39.0,6,3073
126483549,141.660,141.660,0.0000,-0.0160,-0.0000,-0.0005,0.000,32.41,39.0,6,3073
126484586,141.660,141.660,0.0000,0.1137,-0.0000,-0.0005,0.000,32.41,39.0,6,3073
126485909,141.660,141.682,0.0000,0.1534,-0.0000,-0.0005,0.000,32.41,39.0,6,3073
126486593,141.682,141.660,0.0000,0.1137,-0.0000,-0.0005,0.000,32.41,39.0,6,3073
126487598,141.660,141.660,0.0000,-0.0221,-0.0000,-0.0005,0.000,32.41,39.0,6,3073
126488546,141.660,141.682,0.0000,0.0511,-0.0000,-0.0005,0.000,32.41,39.0,6,3073
126489538,141.682,141.660,0.0000,-0.0633,-0.0000,-0.0005,0.000,32.41,39.0,6,3073
126490875,141.660,141.660,0.0000,0.1122,-0.0000,-0.0005,0.000,32.41,39.0,6,3073
126491546,141.660,141.660,0.0000,0.1396,-0.0000,-0.0005,0.000,32.41,39.0,6,3073
126492563,141.660,141.660,0.0000,-0.1060,-0.0000,-0.0005,0.000,32.41,39.0,6,3073
126493865,141.660,141.682,0.0000,0.0526,-0.0000,-0.0005,0.000,32.41,39.0,6,3073
126494599,141.682,141.660,0.0000,-0.0862,-0.0000,-0.0005,0.000,32.41,39.0,6,3073
126495875,141.660,141.660,0.0000,-0.1579,-0.0000,-0.0005,0.000,32.41,39.0,6,3073
126496557,141.660,141.660,0.0000,-0.1015,-0.0000,-0.0005,0.000,32.41,39.0,6,3073
126497876,141.660,141.660,0.0000,-0.0267,-0.0000,-0.0005,0.000,32.41,39.0,6,3073
126498598,141.660,141.660,0.0000,0.0633,-0.0000,-0.0005,0.000,32.41,39.0,6,3073
126499551,141.660,141.682,0.0000,0.0893,-0.0000,-0.0005,0.000,32.41,39.0,6,3073
126500952,141.682,141.660,0.0000,-0.0008,-0.0000,-0.0005,0.000,32.41,39.0,6,3073
126501876,141.660,141.660,0.0000,-0.0298,-0.0000,-0.0005,0.000,32.41,39.0,6,3073
126502915,141.660,141.682,0.0000,-0.0328,-0.0000,-0.0005,0.000,32.41,39.0,6,3073
126503845,141.682,141.660,0.0000,0.0206,-0.0000,-0.0005,0.000,32.41,39.0,6,3073
126504851,141.660,141.660,0.0000,-0.0572,-0.0000,-0.0005,0.000,32.41,39.0,6,3073
126506506,141.660,141.660,0.0000,-0.0862,-0.0000,-0.0005,0.000,32.38,39.0,6,3073
126506880,141.660,141.660,0.0000,0.0114,-0.0000,-0.0005,0.000,32.38,39.0,6,3073
126507936,141.660,141.660,0.0000,-0.0694,-0.0000,-0.0005,0.000,32.38,39.0,6,3073
126508844,141.660,141.660,0.0000,0.0023,-0.0000,-0.0005,0.000,32.38,39.0,6,3073
126509840,141.660,141.660,0.0000,-0.0313,-0.0000,-0.0005,0.000,32.38,39.0,6,3073
126511173,141.660,141.660,0.0000,0.1106,-0.0000,-0.0005,0.000,32.38,39.0,6,3073
126511841,141.660,141.660,0.0000,-0.1106,-0.0000,-0.0005,0.000,32.38,39.0,6,3073
126512910,141.660,141.660,0.0000,0.1244,-0.0000,-0.0005,0.000,32.38,39.0,6,3073
126514217,141.660,141.660,0.0000,-0.0847,-0.0000,-0.0005,0.000,32.38,39.0,6,3073
126514572,141.660,141.660,0.0000,-0.1183,-0.0000,-0.0005,0.000,32.38,39.0,6,3073
126515961,141.660,141.660,0.0000,0.0618,-0.0000,-0.0005,0.000,32.38,39.0,6,3073
126516893,141.660,141.660,0.0000,0.0221,-0.0000,-0.0005,0.000,32.38,39.0,6,3073
126518212,141.660,141.660,0.0000,0.0160,-0.0000,-0.0005,0.000,32.38,39.0,6,3073
126518890,141.660,141.660,0.0000,-0.0267,-0.0000,-0.0005,0.000,32.38,39.0,6,3073
126519897,141.660,141.660,0.0000,0.0282,-0.0000,-0.0005,0.000,32.38,39.0,6,3073
126521212,141.660,141.660,0.0000,-0.0053,-0.0000,-0.0005,0.000,32.38,39.0,6,3073
126521889,141.660,141.660,0.0000,-0.0389,-0.0000,-0.0005,0.000,32.38,39.0,6,3073
126522889,141.660,141.660,0.0000,0.0069,-0.0000,-0.0005,0.000,32.38,39.0,6,3073
126523891,141.660,141.682,0.0000,0.0984,-0.0000,-0.0005,0.000,32.38,39.0,6,3073
126524888,141.682,141.660,0.0000,-0.1030,-0.0000,-0.0005,0.000,32.38,39.0,6,3073
126526248,141.660,141.682,0.0000,0.0282,-0.0000,-0.0005,0.000,32.38,39.0,6,3073
126526872,141.682,141.660,0.0000,-0.1701,-0.0000,-0.0005,0.000,32.38,39.0,6,3073
126527840,141.660,141.682,0.0000,0.0832,-0.0000,-0.0005,0.000,32.38,39.0,6,3073
126528842,141.682,141.660,0.0000,-0.0313,-0.0000,-0.0005,0.000,32.38,39.0,6,3073
126529904,141.660,141.660,0.0000,-0.0572,-0.0000,-0.0005,0.000,32.38,39.0,6,3073
126531208,141.660,141.660,0.0000,0.0603,-0.0000,-0.0005,0.000,32.34,39.0,6,3073
126531889,141.660,141.660,0.0000,-0.0145,-0.0000,-0.0005,0.000,32.34,39.0,6,3073
126532890,141.660,141.660,0.0000,-0.0404,-0.0000,-0.0005,0.000,32.34,39.0,6,3073
126534207,141.660,141.660,0.0000,-0.0603,-0.0000,-0.0005,0.000,32.34,39.0,6,3073
126534888,141.660,141.660,0.0000,0.0084,-0.0000,-0.0005,0.000,32.34,39.0,6,3073
126536204,141.660,141.660,0.0000,0.0252,-0.0000,-0.0005,0.000,32.34,39.0,6,3073
126536889,141.660,141.660,0.0000,-0.0069,-0.0000,-0.0005,0.000,32.34,39.0,6,3073
126538215,141.660,141.660,0.0000,0.0481,-0.0000,-0.0005,0.000,32.34,39.0,6,3073
126538889,141.660,141.660,0.0000,0.0465,-0.0000,-0.0005,0.000,32.34,39.0,6,3073
126539888,141.660,141.660,0.0000,-0.0816,-0.0000,-0.0005,0.000,32.34,39.0,6,3073
126541207,141.660,141.660,0.0000,0.0404,-0.0000,-0.0005,0.000,32.38,39.0,6,3073
126541889,141.660,141.660,0.0000,0.0801,-0.0000,-0.0005,0.000,32.38,39.0,6,3073
126542888,141.660,141.660,0.0000,-0.1152,-0.0000,-0.0005,0.000,32.38,39.0,6,3073
126543889,141.660,141.660,0.0000,0.1305,-0.0000,-0.0005,0.000,32.38,39.0,6,3073
126544896,141.660,141.660,0.0000,-0.0267,-0.0000,-0.0005,0.000,32.38,39.0,6,3073
126546179,141.660,141.660,0.0000,-0.0221,-0.0000,-0.0005,0.000,32.38,39.0,6,3073
126546843,141.660,141.660,0.0000,0.0175,-0.0000,-0.0005,0.000,32.38,39.0,6,3073
126548179,141.660,141.660,0.0000,-0.0038,-0.0000,-0.0005,0.000,32.38,39.0,6,3073
126548840,141.660,141.660,0.0000,-0.0526,-0.0000,-0.0005,0.000,32.38,39.0,6,3073
126549901,141.660,141.660,0.0000,0.0374,-0.0000,-0.0005,0.000,32.38,39.0,6,3073
126551210,141.660,141.660,0.0000,-0.1015,-0.0000,-0.0005,0.000,32.34,39.0,6,3073
126551903,141.660,141.660,0.0000,-0.0999,-0.0000,-0.0005,0.000,32.34,39.0,6,3073
126552896,141.660,141.682,0.0000,0.1717,-0.0000,-0.0005,0.000,32.34,39.0,6,3073
126554214,141.682,141.682,0.0000,0.1106,-0.0000,-0.0005,0.000,32.34,39.0,6,3073
126554846,141.682,141.660,0.0000,-0.1228,-0.0000,-0.0005,0.000,32.34,39.0,6,3073
126556216,141.660,141.660,0.0000,-0.1213,-0.0000,-0.0005,0.000,32.41,39.0,6,3073
126556738,141.660,141.660,0.0000,-0.0755,-0.0000,-0.0005,0.000,32.41,39.0,6,3073
126558218,141.660,141.660,0.0000,0.0542,-0.0000,-0.0005,0.000,32.41,39.0,6,3073
126558845,141.660,141.660,0.0000,-0.0343,-0.0000,-0.0005,0.000,32.41,39.0,6,3073
126559932,141.660,141.660,0.0000,-0.0710,-0.0000,-0.0005,0.000,32.41,39.0,6,3073
126561173,141.660,141.660,0.0000,0.0191,-0.0000,-0.0005,0.000,32.41,39.0,6,3073
126561843,141.660,141.660,0.0000,-0.0175,-0.0000,-0.0005,0.000,32.41,39.0,6,3073
126562841,141.660,141.660,0.0000,0.0587,-0.0000,-0.0005,0.000,32.41,39.0,6,3073
126563840,141.660,141.682,0.0000,0.0603,-0.0000,-0.0005,0.000,32.41,39.0,6,3073
126564907,141.682,141.660,0.0000,-0.1091,-0.0000,-0.0005,0.000,32.41,39.0,6,3073
126566207,141.660,141.660,0.0000,-0.1183,-0.0000,-0.0005,0.000,32.38,39.0,6,3073
126566888,141.660,141.660,0.0000,-0.0343,-0.0000,-0.0005,0.000,32.38,39.0,6,3073
126567930,141.660,141.660,0.0000,0.1091,-0.0000,-0.0005,0.000,32.38,39.0,6,3073
126568889,141.660,141.682,0.0000,0.0862,-0.0000,-0.0005,0.000,32.38,39.0,6,3073
126569887,141.682,141.660,0.0000,0.0160,-0.0000,-0.0005,0.000,32.38,39.0,6,3073
126571205,141.660,141.660,0.0000,-0.0008,-0.0000,-0.0005,0.000,32.38,39.0,6,3073
126571894,141.660,141.660,0.0000,-0.0633,-0.0000,-0.0005,0.000,32.38,39.0,6,3073
126572895,141.660,141.660,0.0000,-0.0359,-0.0000,-0.0005,0.000,32.38,39.0,6,3073
126574211,141.660,141.660,0.0000,-0.0694,-0.0000,-0.0005,0.000,32.38,39.0,6,3073
126574573,141.660,141.660,0.0000,-0.0603,-0.0000,-0.0005,0.000,32.38,39.0,6,3073
126575896,141.660,141.660,0.0000,0.0221,-0.0000,-0.0005,0.000,32.38,39.0,6,3073
126576609,141.660,141.660,0.0000,-0.0710,-0.0000,-0.0005,0.000,32.38,39.0,6,3073
126577939,141.660,141.660,0.0000,0.1106,-0.0000,-0.0005,0.000,32.38,39.0,6,3073
126578553,141.660,141.660,0.0000,-0.0420,-0.0000,-0.0005,0.000,32.38,39.0,6,3073
126579594,141.660,141.660,0.0000,-0.0359,-0.0000,-0.0005,0.000,32.38,39.0,6,3073
126580903,141.660,141.660,0.0000,0.0206,-0.0000,-0.0005,0.000,32.38,39.0,6,3073
126581578,141.660,141.660,0.0000,-0.0954,-0.0000,-0.0005,0.000,32.38,39.0,6,3073
126582575,141.660,141.660,0.0000,0.0557,-0.0000,-0.0005,0.000,32.38,39.0,6,3073
126583570,141.660,141.660,0.0000,0.0053,-0.0000,-0.0005,0.000,32.38,39.0,6,3073
126584571,141.660,141.660,0.0000,-0.0481,-0.0000,-0.0005,0.000,32.38,39.0,6,3073
126585893,141.660,141.660,0.0000,0.0084,-0.0000,-0.0005,0.000,32.38,39.0,6,3073
126586575,141.660,141.660,0.0000,0.0084,-0.0000,-0.0005,0.000,32.38,39.0,6,3073
126587577,141.660,141.660,0.0000,-0.1427,-0.0000,-0.0005,0.000,32.38,39.0,6,3073
126588582,141.660,141.660,0.0000,-0.0511,-0.0000,-0.0005,0.000,32.38,39.0,6,3073
126589994,141.660,141.660,0.0000,0.1518,-0.0000,-0.0005,0.000,32.38,39.0,6,3073
126590870,141.660,141.660,0.0000,0.0404,-0.0000,-0.0005,0.000,32.38,39.0,6,3073
126591561,141.660,141.660,0.0000,-0.1350,-0.0000,-0.0005,0.000,32.38,39.0,6,3073
126592598,141.660,141.660,0.0000,0.0023,-0.0000,-0.0005,0.000,32.38,39.0,6,3073
126593906,141.660,141.660,0.0000,0.0755,-0.0000,-0.0005,0.000,32.38,39.0,6,3073
126594595,141.660,141.660,0.0000,-0.0267,-0.0000,-0.0005,0.000,32.38,39.0,6,3073
126595877,141.660,141.660,0.0000,-0.0267,-0.0000,-0.0005,0.000,32.38,39.0,6,3073
126596670,141.660,141.660,0.0000,-0.0496,-0.0000,-0.0005,0.000,32.38,39.0,6,3073
126597911,141.660,141.660,0.0000,-0.0725,-0.0000,-0.0005,0.000,32.38,39.0,6,3073
126598553,141.660,141.660,0.0000,-0.0008,-0.0000,-0.0005,0.000,32.38,39.0,6,3073
126599562,141.660,141.660,0.0000,-0.0145,-0.0000,-0.0005,0.000,32.38,39.0,6,3073
126600865,141.660,141.660,0.0000,0.0847,-0.0000,-0.0005,0.000,32.38,39.0,6,3073
126601594,141.660,141.660,0.0000,-0.0282,-0.0000,-0.0005,0.000,32.38,39.0,6,3073
126602552,141.660,141.660,0.0000,-0.0069,-0.0000,-0.0005,0.000,32.38,39.0,6,3073
126603557,141.660,141.682,0.0000,0.0313,-0.0000,-0.0005,0.000,32.38,39.0,6,3073
126604546,141.682,141.660,0.0000,0.0114,-0.0000,-0.0005,0.000,32.38,39.0,6,3073
126605908,141.660,141.660,0.0000,-0.0664,-0.0000,-0.0005,0.000,32.38,39.0,6,3073
126606554,141.660,141.660,0.0000,-0.0740,-0.0000,-0.0005,0.000,32.38,39.0,6,3073
126607643,141.660,141.660,0.0000,-0.0114,-0.0000,-0.0005,0.000,32.38,39.0,6,3073
126608549,141.660,141.660,0.0000,0.0038,-0.0000,-0.0005,0.000,32.38,39.0,6,3073
126609650,141.660,141.660,0.0000,-0.0435,-0.0000,-0.0005,0.000,32.38,39.0,6,3073
126610876,141.660,141.660,0.0000,-0.0084,-0.0000,-0.0005,0.000,32.38,39.0,6,3073
126611545,141.660,141.660,0.0000,-0.0740,-0.0000,-0.0005,0.000,32.38,39.0,6,3073
126612551,141.660,141.660,0.0000,-0.0526,-0.0000,-0.0005,0.000,32.38,39.0,6,3073
126613938,141.660,141.660,0.0000,-0.0282,-0.0000,-0.0005,0.000,32.38,39.0,6,3073
126614573,141.660,141.660,0.0000,0.1289,-0.0000,-0.0005,0.000,32.38,39.0,6,3073
126615961,141.660,141.660,0.0000,-0.0893,-0.0000,-0.0005,0.000,32.38,39.0,6,3073
126616887,141.660,141.682,0.0000,0.0450,-0.0000,-0.0005,0.000,32.38,39.0,6,3073
126618216,141.682,141.660,0.0000,0.0023,-0.0000,-0.0005,0.000,32.38,39.0,6,3073
126618886,141.660,141.660,0.0000,-0.0908,-0.0000,-0.0005,0.000,32.38,39.0,6,3073
126619896,141.660,141.660,0.0000,0.0557,-0.0000,-0.0005,0.000,32.38,39.0,6,3073
126621202,141.660,141.660,0.0000,-0.0114,-0.0000,-0.0005,0.000,32.41,39.0,6,3073
126621886,141.660,141.660,0.0000,-0.0206,-0.0000,-0.0005,0.000,32.41,39.0,6,3073
126622886,141.660,141.660,0.0000,0.0740,-0.0000,-0.0005,0.000,32.41,39.0,6,3073
126623886,141.660,141.660,0.0000,-0.0420,-0.0000,-0.0005,0.000,32.41,39.0,6,3073
126624931,141.660,141.660,0.0000,-0.0618,-0.0000,-0.0005,0.000,32.41,39.0,6,3073
126626171,141.660,141.660,0.0000,-0.0542,-0.0000,-0.0005,0.000,32.41,39.0,6,3073
126626842,141.660,141.660,0.0000,0.0175,-0.0000,-0.0005,0.000,32.41,39.0,6,3073
126627840,141.660,141.682,0.0000,0.0572,-0.0000,-0.0005,0.000,32.41,39.0,6,3073
126628903,141.682,141.660,0.0000,-0.0038,-0.0000,-0.0005,0.000,32.41,39.0,6,3073
126629889,141.660,141.660,0.0000,-0.0465,-0.0000,-0.0005,0.000,32.41,39.0,6,3073
126631555,141.660,141.660,0.0000,0.0191,-0.0000,-0.0005,0.000,32.38,39.0,6,3073
126631926,141.660,141.660,0.0000,-0.0114,-0.0000,-0.0005,0.000,32.38,39.0,6,3073
126632889,141.660,141.660,0.0000,0.0008,-0.0000,-0.0005,0.000,32.38,39.0,6,3073
126634206,141.660,141.660,0.0000,0.0420,-0.0000,-0.0005,0.000,32.38,39.0,6,3073
126634569,141.660,141.682,0.0000,0.1350,-0.0000,-0.0005,0.000,32.38,39.0,6,3073
126635890,141.682,141.660,0.0000,-0.1137,-0.0000,-0.0005,0.000,32.38,39.0,6,3073
126636576,141.660,141.660,0.0000,-0.0053,-0.0000,-0.0005,0.000,32.38,39.0,6,3073
126637898,141.660,141.660,0.0000,-0.0572,-0.0000,-0.0005,0.000,32.38,39.0,6,3073
126638577,141.660,141.682,0.0000,0.0877,-0.0000,-0.0005,0.000,32.38,39.0,6,3073
126639577,141.682,141.660,0.0000,-0.0740,-0.0000,-0.0005,0.000,32.38,39.0,6,3073
126640905,141.660,141.660,0.0000,0.0008,-0.0000,-0.0005,0.000,32.38,39.0,6,3073
126641548,141.660,141.660,0.0000,-0.0526,-0.0000,-0.0005,0.000,32.38,39.0,6,3073
126642551,141.660,141.660,0.0000,-0.0557,-0.0000,-0.0005,0.000,32.38,39.0,6,3073
126643591,141.660,141.660,0.0000,0.0237,-0.0000,-0.0005,0.000,32.38,39.0,6,3073
126644590,141.660,141.660,0.0000,0.0053,-0.0000,-0.0005,0.000,32.38,39.0,6,3073
126645799,141.660,141.660,0.0000,0.1640,-0.0000,-0.0005,0.000,32.38,39.0,6,3073
126646551,141.660,141.660,0.0000,-0.0710,-0.0000,-0.0005,0.000,32.38,39.0,6,3073
126647551,141.660,141.682,0.0000,0.0298,-0.0000,-0.0005,0.000,32.38,39.0,6,3073
126648541,141.682,141.682,0.0000,0.0755,-0.0000,-0.0005,0.000,32.38,39.0,6,3073
126649572,141.682,141.660,0.0000,-0.0023,-0.0000,-0.0005,0.000,32.38,39.0,6,3073
126650874,141.660,141.660,0.0000,0.0374,-0.0000,-0.0005,0.000,32.38,39.0,6,3073
126651557,141.660,141.660,0.0000,0.0038,-0.0000,-0.0005,0.000,32.38,39.0,6,3073
126652551,141.660,141.682,0.0000,0.0023,-0.0000,-0.0005,0.000,32.38,39.0,6,3073
126653916,141.682,141.682,0.0000,0.0435,-0.0000,-0.0005,0.000,32.38,39.0,6,3073
126654547,141.682,141.660,0.0000,0.0221,-0.0000,-0.0005,0.000,32.38,39.0,6,3073
126655885,141.660,141.660,0.0000,-0.0374,-0.0000,-0.0005,0.000,32.38,39.0,6,3073
126656841,141.660,141.660,0.0000,-0.0893,-0.0000,-0.0005,0.000,32.38,39.0,6,3073
126658234,141.660,141.660,0.0000,-0.1244,-0.0000,-0.0005,0.000,32.38,39.0,6,3073
126658869,141.660,141.660,0.0000,0.0786,-0.0000,-0.0005,0.000,32.38,39.0,6,3073
126659978,141.660,141.660,0.0000,-0.0008,-0.0000,-0.0005,0.000,32.38,39.0,6,3073
126661196,141.660,141.660,0.0000,-0.0816,-0.0000,-0.0005,0.000,32.41,39.0,6,3073
126661873,141.660,141.660,0.0000,0.0771,-0.0000,-0.0005,0.000,32.41,39.0,6,3073
126662842,141.660,141.660,0.0000,0.0633,-0.0000,-0.0005,0.000,32.41,39.0,6,3073
126663840,141.660,141.682,0.0000,-0.0862,-0.0000,-0.0005,0.000,32.41,39.0,6,3073
126664841,141.682,141.660,0.0000,0.0420,-0.0000,-0.0005,0.000,32.41,39.0,6,3073
126666233,141.660,141.660,0.0000,0.0084,-0.0000,-0.0005,0.000,32.41,39.0,6,3073
126666883,141.660,141.660,0.0000,0.0511,-0.0000,-0.0005,0.000,32.41,39.0,6,3073
126667884,141.660,141.660,0.0000,-0.0237,-0.0000,-0.0005,0.000,32.41,39.0,6,3073
126668933,141.660,141.660,0.0000,-0.0435,-0.0000,-0.0005,0.000,32.41,39.0,6,3073
126669885,141.660,141.660,0.0000,0.0603,-0.0000,-0.0005,0.000,32.41,39.0,6,3073
126671201,141.660,141.660,0.0000,-0.0069,-0.0000,-0.0005,0.000,32.38,39.0,6,3073
126671883,141.660,141.660,0.0000,0.0053,-0.0000,-0.0005,0.000,32.38,39.0,6,3073
126673247,141.660,141.660,0.0000,-0.0084,-0.0000,-0.0005,0.000,32.38,39.0,6,3073
126674209,141.660,141.660,0.0000,0.0725,-0.0000,-0.0005,0.000,32.38,39.0,6,3073
126674573,141.660,141.660,0.0000,0.0801,-0.0000,-0.0005,0.000,32.38,39.0,6,3073
126675893,141.660,141.660,0.0000,-0.0130,-0.0000,-0.0005,0.000,32.38,39.0,6,3073
126676574,141.660,141.660,0.0000,-0.0618,-0.0000,-0.0005,0.000,32.38,39.0,6,3073
126677964,141.660,141.660,0.0000,0.0862,-0.0000,-0.0005,0.000,32.38,39.0,6,3073
126678882,141.660,141.660,0.0000,-0.0679,-0.0000,-0.0005,0.000,32.38,39.0,6,3073
126679841,141.660,141.682,0.0000,0.1488,-0.0000,-0.0005,0.000,32.38,39.0,6,3073
126681171,141.682,141.660,0.0000,-0.1213,-0.0000,-0.0005,0.000,32.38,39.0,6,3073
126681889,141.660,141.660,0.0000,0.0496,-0.0000,-0.0005,0.000,32.38,39.0,6,3073
126682893,141.660,141.660,0.0000,0.0175,-0.0000,-0.0005,0.000,32.38,39.0,6,3073
126683885,141.660,141.660,0.0000,-0.0359,-0.0000,-0.0005,0.000,32.38,39.0,6,3073
126684885,141.660,141.660,0.0000,0.0359,-0.0000,-0.0005,0.000,32.38,39.0,6,3073
126686210,141.660,141.660,0.0000,-0.0237,-0.0000,-0.0005,0.000,32.38,39.0,6,3073
126686883,141.660,141.660,0.0000,-0.0191,-0.0000,-0.0005,0.000,32.38,39.0,6,3073
126687881,141.660,141.660,0.0000,-0.0328,-0.0000,-0.0005,0.000,32.38,39.0,6,3073
126688881,141.660,141.682,0.0000,0.0160,-0.0000,-0.0005,0.000,32.38,39.0,6,3073
126689881,141.682,141.660,0.0000,-0.0450,-0.0000,-0.0005,0.000,32.38,39.0,6,3073
126691202,141.660,141.660,0.0000,-0.0603,-0.0000,-0.0005,0.000,32.38,39.0,6,3073
126691881,141.660,141.682,0.0000,0.0893,-0.0000,-0.0005,0.000,32.38,39.0,6,3073
126692881,141.682,141.682,0.0000,0.1411,-0.0000,-0.0005,0.000,32.38,39.0,6,3073
126694204,141.682,141.660,0.0000,-0.0389,-0.0000,-0.0005,0.000,32.38,39.0,6,3073
126694572,141.660,141.660,0.0000,0.0114,-0.0000,-0.0005,0.000,32.38,39.0,6,3073
126695903,141.660,141.660,0.0000,0.0328,-0.0000,-0.0005,0.000,32.38,39.0,6,3073
126696550,141.660,141.660,0.0000,-0.0954,-0.0000,-0.0005,0.000,32.38,39.0,6,3073
126697869,141.660,141.660,0.0000,0.1579,-0.0000,-0.0005,0.000,32.38,39.0,6,3073
126698592,141.660,141.660,0.0000,0.0557,-0.0000,-0.0005,0.000,32.38,39.0,6,3073
126699597,141.660,141.660,0.0000,0.0542,-0.0000,-0.0005,0.000,32.38,39.0,6,3073
126700907,141.660,141.660,0.0000,-0.0298,-0.0000,-0.0005,0.000,32.38,39.0,6,3073
126701597,141.660,141.660,0.0000,-0.0496,-0.0000,-0.0005,0.000,32.38,39.0,6,3073
126702551,141.660,141.682,0.0000,0.1015,-0.0000,-0.0005,0.000,32.38,39.0,6,3073
126703591,141.682,141.682,0.0000,0.0725,-0.0000,-0.0005,0.000,32.38,39.0,6,3073
126704548,141.682,141.660,0.0000,-0.0969,-0.0000,-0.0005,0.000,32.38,39.0,6,3073
126705873,141.660,141.660,0.0000,0.0877,-0.0000,-0.0005,0.000,32.38,39.0,6,3073
126706557,141.660,141.660,0.0000,-0.1015,-0.0000,-0.0005,0.000,32.38,39.0,6,3073
126707551,141.660,141.660,0.0000,0.1656,-0.0000,-0.0005,0.000,32.38,39.0,6,3073
126708597,141.660,141.660,0.0000,-0.0908,-0.0000,-0.0005,0.000,32.38,39.0,6,3073
126709546,141.660,141.682,0.0000,0.0755,-0.0000,-0.0005,0.000,32.38,39.0,6,3073
126710956,141.682,141.660,0.0000,-0.0938,-0.0000,-0.0005,0.000,32.38,39.0,6,3073
126711551,141.660,141.660,0.0000,0.0557,-0.0000,-0.0005,0.000,32.38,39.0,6,3073
126712551,141.660,141.660,0.0000,-0.1900,-0.0000,-0.0005,0.000,32.38,39.0,6,3073
126713931,141.660,141.682,0.0000,0.0984,-0.0000,-0.0005,0.000,32.38,39.0,6,3073
126715010,141.682,141.660,0.0000,0.1244,-0.0000,-0.0005,0.000,32.38,39.0,6,3073
126715893,141.660,141.682,0.0000,0.1396,-0.0000,-0.0005,0.000,32.38,39.0,6,3073
126716637,141.682,141.660,0.0000,-0.0511,-0.0000,-0.0005,0.000,32.38,39.0,6,3073
126717902,141.660,141.660,0.0000,0.0038,-0.0000,-0.0005,0.000,32.38,39.0,6,3073
126718575,141.660,141.660,0.0000,-0.0069,-0.0000,-0.0005,0.000,32.38,39.0,6,3073
126719604,141.660,141.660,0.0000,0.0084,-0.0000,-0.0005,0.000,32.38,39.0,6,3073
126720893,141.660,141.660,0.0000,-0.0145,-0.0000,-0.0005,0.000,32.38,39.0,6,3073
126721575,141.660,141.660,0.0000,-0.0481,-0.0000,-0.0005,0.000,32.38,39.0,6,3073
126722577,141.660,141.660,0.0000,0.1473,-0.0000,-0.0005,0.000,32.38,39.0,6,3073
126723637,141.660,141.660,0.0000,-0.1274,-0.0000,-0.0005,0.000,32.38,39.0,6,3073
126724548,141.660,141.660,0.0000,0.0191,-0.0000,-0.0005,0.000,32.38,39.0,6,3073
126725922,141.660,141.682,0.0000,0.1137,-0.0000,-0.0005,0.000,32.38,39.0,6,3073
126726575,141.682,141.682,0.0000,-0.0038,-0.0000,-0.0005,0.000,32.38,39.0,6,3073
126727578,141.682,141.660,0.0000,0.0343,-0.0000,-0.0005,0.000,32.38,39.0,6,3073
126728571,141.660,141.660,0.0000,-0.0740,-0.0000,-0.0005,0.000,32.38,39.0,6,3073
126729571,141.660,141.660,0.0000,-0.0023,-0.0000,-0.0005,0.000,32.38,39.0,6,3073
126730893,141.660,141.660,0.0000,0.0389,-0.0000,-0.0005,0.000,32.38,39.0,6,3073
126731573,141.660,141.660,0.0000,0.0404,-0.0000,-0.0005,0.000,32.38,39.0,6,3073
126732576,141.660,141.660,0.0000,0.0069,-0.0000,-0.0005,0.000,32.38,39.0,6,3073
126733889,141.660,141.660,0.0000,0.0542,-0.0000,-0.0005,0.000,32.38,39.0,6,3073
126734582,141.660,141.660,0.0000,-0.1183,-0.0000,-0.0005,0.000,32.38,39.0,6,3073
126735892,141.660,141.660,0.0000,-0.1183,-0.0000,-0.0005,0.000,32.38,39.0,6,3073
126736550,141.660,141.682,0.0000,0.0679,-0.0000,-0.0005,0.000,32.38,39.0,6,3073
126737914,141.682,141.660,0.0000,0.0008,-0.0000,-0.0005,0.000,32.38,39.0,6,3073
126738595,141.660,141.660,0.0000,0.0816,-0.0000,-0.0005,0.000,32.38,39.0,6,3073
126739596,141.660,141.682,0.0000,0.0893,-0.0000,-0.0005,0.000,32.38,39.0,6,3073
126740913,141.682,141.660,0.0000,-0.0267,-0.0000,-0.0005,0.000,32.38,39.0,6,3073
126741553,141.660,141.660,0.0000,0.0374,-0.0000,-0.0005,0.000,32.38,39.0,6,3073
126742541,141.660,141.660,0.0000,-0.0160,-0.0000,-0.0005,0.000,32.38,39.0,6,3073
126743572,141.660,141.660,0.0000,0.0664,-0.0000,-0.0005,0.000,32.38,39.0,6,3073
126744546,141.660,141.660,0.0000,0.0099,-0.0000,-0.0005,0.000,32.38,39.0,6,3073
126745884,141.660,141.660,0.0000,0.0999,-0.0000,-0.0005,0.000,32.38,39.0,6,3073
126746546,141.660,141.660,0.0000,-0.0603,-0.0000,-0.0005,0.000,32.38,39.0,6,3073
126747603,141.660,141.660,0.0000,0.0832,-0.0000,-0.0005,0.000,32.38,39.0,6,3073
126748546,141.660,141.660,0.0000,0.0160,-0.0000,-0.0005,0.000,32.38,39.0,6,3073
126749557,141.660,141.660,0.0000,-0.0969,-0.0000,-0.0005,0.000,32.38,39.0,6,3073
126750875,141.660,141.660,0.0000,-0.0298,-0.0000,-0.0005,0.000,32.38,39.0,6,3073
126751595,141.660,141.660,0.0000,-0.0404,-0.0000,-0.0005,0.000,32.38,39.0,6,3073
126752551,141.660,141.660,0.0000,0.0160,-0.0000,-0.0005,0.000,32.38,39.0,6,3073
126753960,141.660,141.682,0.0000,0.0694,-0.0000,-0.0005,0.000,32.38,39.0,6,3073
126754549,141.682,141.660,0.0000,0.0038,-0.0000,-0.0005,0.000,32.38,39.0,6,3073
126756363,141.660,141.682,0.0000,0.1152,-0.0000,-0.0005,0.000,32.38,39.0,6,3073
126756771,141.682,141.660,0.0000,-0.0923,-0.0000,-0.0005,0.000,32.38,39.0,6,3073
126758194,141.660,141.660,0.0000,-0.0389,-0.0000,-0.0005,0.000,32.38,39.0,6,3073
126758869,141.660,141.660,0.0000,-0.0099,-0.0000,-0.0005,0.000,32.38,39.0,6,3073
126759965,141.660,141.660,0.0000,0.0877,-0.0000,-0.0005,0.000,32.38,39.0,6,3073
126761188,141.660,141.660,0.0000,0.0603,-0.0000,-0.0005,0.000,32.34,39.0,6,3073
126761864,141.660,141.660,0.0000,-0.0450,-0.0000,-0.0005,0.000,32.34,39.0,6,3073
126762864,141.660,141.660,0.0000,0.0786,-0.0000,-0.0005,0.000,32.34,39.0,6,3073
126763866,141.660,141.660,0.0000,0.0633,-0.0000,-0.0005,0.000,32.34,39.0,6,3073
126764891,141.660,141.660,0.0000,-0.0099,-0.0000,-0.0005,0.000,32.34,39.0,6,3073
126766213,141.660,141.660,0.0000,-0.0984,-0.0000,-0.0005,0.000,32.34,39.0,6,3073
126766880,141.660,141.660,0.0000,0.0069,-0.0000,-0.0005,0.000,32.34,39.0,6,3073
126767896,141.660,141.660,0.0000,0.0130,-0.0000,-0.0005,0.000,32.34,39.0,6,3073
126768924,141.660,141.682,0.0000,0.1625,-0.0000,-0.0005,0.000,32.34,39.0,6,3073
126769882,141.682,141.682,0.0000,-0.0023,-0.0000,-0.0005,0.000,32.34,39.0,6,3073
126771199,141.682,141.682,0.0000,0.0847,-0.0000,-0.0005,0.000,32.38,39.0,6,3073
126771880,141.682,141.660,0.0000,-0.0237,-0.0000,-0.0005,0.000,32.38,39.0,6,3073
126772897,141.660,141.660,0.0000,-0.0282,-0.0000,-0.0005,0.000,32.38,39.0,6,3073
126774203,141.660,141.660,0.0000,-0.0832,-0.0000,-0.0005,0.000,32.38,39.0,6,3073
126774573,141.660,141.660,0.0000,-0.0557,-0.0000,-0.0005,0.000,32.38,39.0,6,3073
126775895,141.660,141.660,0.0000,0.0664,-0.0000,-0.0005,0.000,32.38,39.0,6,3073
126776575,141.660,141.660,0.0000,0.0923,-0.0000,-0.0005,0.000,32.38,39.0,6,3073
126777962,141.660,141.660,0.0000,0.0450,-0.0000,-0.0005,0.000,32.38,39.0,6,3073
126778872,141.660,141.660,0.0000,0.1549,-0.0000,-0.0005,0.000,32.38,39.0,6,3073
126779867,141.660,141.660,0.0000,-0.0435,-0.0000,-0.0005,0.000,32.38,39.0,6,3073
126781227,141.660,141.660,0.0000,0.0298,-0.0000,-0.0005,0.000,32.38,39.0,6,3073
126781882,141.660,141.682,0.0000,0.0496,-0.0000,-0.0005,0.000,32.38,39.0,6,3073
126782878,141.682,141.660,0.0000,-0.1350,-0.0000,-0.0005,0.000,32.38,39.0,6,3073
126783881,141.660,141.660,0.0000,0.0740,-0.0000,-0.0005,0.000,32.38,39.0,6,3073
126784880,141.660,141.660,0.0000,-0.0038,-0.0000,-0.0005,0.000,32.38,39.0,6,3073
126786210,141.660,141.660,0.0000,-0.0481,-0.0000,-0.0005,0.000,32.38,39.0,6,3073
126786882,141.660,141.660,0.0000,-0.0481,-0.0000,-0.0005,0.000,32.38,39.0,6,3073
126787879,141.660,141.660,0.0000,0.1030,-0.0000,-0.0005,0.000,32.38,39.0,6,3073
126788883,141.660,141.660,0.0000,-0.0481,-0.0000,-0.0005,0.000,32.38,39.0,6,3073
126789880,141.660,141.660,0.0000,0.0084,-0.0000,-0.0005,0.000,32.38,39.0,6,3073
126791198,141.660,141.682,0.0000,0.0603,-0.0000,-0.0005,0.000,32.38,39.0,6,3073
126791880,141.682,141.660,0.0000,-0.0084,-0.0000,-0.0005,0.000,32.38,39.0,6,3073
126792878,141.660,141.660,0.0000,-0.0557,-0.0000,-0.0005,0.000,32.38,39.0,6,3073
126794205,141.660,141.682,0.0000,0.1213,-0.0000,-0.0005,0.000,32.38,39.0,6,3073
126794571,141.682,141.682,0.0000,0.0984,-0.0000,-0.0005,0.000,32.38,39.0,6,3073
126795897,141.682,141.660,0.0000,-0.1122,-0.0000,-0.0005,0.000,32.38,39.0,6,3073
126796551,141.660,141.660,0.0000,-0.0572,-0.0000,-0.0005,0.000,32.38,39.0,6,3073
126798356,141.660,141.682,0.0000,0.0374,-0.0000,-0.0005,0.000,32.38,39.0,6,3073
126798772,141.682,141.660,0.0000,0.0298,-0.0000,-0.0005,0.000,32.38,39.0,6,3073
126799892,141.660,141.660,0.0000,-0.0710,-0.0000,-0.0005,0.000,32.38,39.0,6,3073
126801202,141.660,141.660,0.0000,0.0648,-0.0000,-0.0005,0.000,32.38,39.0,6,3073
126801893,141.660,141.660,0.0000,0.0023,-0.0000,-0.0005,0.000,32.38,39.0,6,3073
126802890,141.660,141.660,0.0000,0.0923,-0.0000,-0.0005,0.000,32.38,39.0,6,3073
126803866,141.660,141.660,0.0000,-0.1167,-0.0000,-0.0005,0.000,32.38,39.0,6,3073
126804980,141.660,141.682,0.0000,0.0374,-0.0000,-0.0005,0.000,32.38,39.0,6,3073
126806214,141.682,141.660,0.0000,-0.1137,-0.0000,-0.0005,0.000,32.38,39.0,6,3073
126806869,141.660,141.660,0.0000,0.0679,-0.0000,-0.0005,0.000,32.38,39.0,6,3073
126807876,141.660,141.660,0.0000,0.0359,-0.0000,-0.0005,0.000,32.38,39.0,6,3073
126808865,141.660,141.660,0.0000,-0.0313,-0.0000,-0.0005,0.000,32.38,39.0,6,3073
126809933,141.660,141.660,0.0000,0.0130,-0.0000,-0.0005,0.000,32.38,39.0,6,3073
126811203,141.660,141.660,0.0000,-0.0343,-0.0000,-0.0005,0.000,32.38,39.0,6,3073
126811866,141.660,141.660,0.0000,0.0404,-0.0000,-0.0005,0.000,32.38,39.0,6,3073
126812866,141.660,141.660,0.0000,0.0481,-0.0000,-0.0005,0.000,32.38,39.0,6,3073
126814186,141.660,141.660,0.0000,0.0084,-0.0000,-0.0005,0.000,32.38,39.0,6,3073
126814868,141.660,141.660,0.0000,0.0313,-0.0000,-0.0005,0.000,32.38,39.0,6,3073
126816229,141.660,141.660,0.0000,0.1198,-0.0000,-0.0005,0.000,32.38,39.0,6,3073
126816883,141.660,141.660,0.0000,0.0008,-0.0000,-0.0005,0.000,32.38,39.0,6,3073
126818200,141.660,141.660,0.0000,-0.0801,-0.0000,-0.0005,0.000,32.38,39.0,6,3073
126818880,141.660,141.660,0.0000,0.1854,-0.0000,-0.0005,0.000,32.38,39.0,6,3073
126819932,141.660,141.660,0.0000,-0.0877,-0.0000,-0.0005,0.000,32.38,39.0,6,3073
126821194,141.660,141.660,0.0000,0.0359,-0.0000,-0.0005,0.000,32.34,39.0,6,3073
126821877,141.660,141.660,0.0000,0.0969,-0.0000,-0.0005,0.000,32.34,39.0,6,3073
126822878,141.660,141.660,0.0000,0.0160,-0.0000,-0.0005,0.000,32.34,39.0,6,3073
126823893,141.660,141.660,0.0000,-0.1411,-0.0000,-0.0005,0.000,32.34,39.0,6,3073
126824880,141.660,141.660,0.0000,0.0359,-0.0000,-0.0005,0.000,32.34,39.0,6,3073
126826196,141.660,141.660,0.0000,-0.0511,-0.0000,-0.0005,0.000,32.38,39.0,6,3073
126826880,141.660,141.660,0.0000,-0.0053,-0.0000,-0.0005,0.000,32.38,39.0,6,3073
126827880,141.660,141.660,0.0000,0.0298,-0.0000,-0.0005,0.000,32.38,39.0,6,3073
126828910,141.660,141.660,0.0000,0.0786,-0.0000,-0.0005,0.000,32.38,39.0,6,3073
126829902,141.660,141.660,0.0000,-0.0755,-0.0000,-0.0005,0.000,32.38,39.0,6,3073
126831186,141.660,141.660,0.0000,0.0572,-0.0000,-0.0005,0.000,32.38,39.0,6,3073
126831868,141.660,141.660,0.0000,-0.0938,-0.0000,-0.0005,0.000,32.38,39.0,6,3073
126832865,141.660,141.660,0.0000,0.0374,-0.0000,-0.0005,0.000,32.38,39.0,6,3073
126834228,141.660,141.660,0.0000,-0.0450,-0.0000,-0.0005,0.000,32.38,39.0,6,3073
126834577,141.660,141.660,0.0000,-0.0389,-0.0000,-0.0005,0.000,32.38,39.0,6,3073
126835895,141.660,141.660,0.0000,0.0099,-0.0000,-0.0005,0.000,32.38,39.0,6,3073
126836577,141.660,141.660,0.0000,0.0175,-0.0000,-0.0005,0.000,32.38,39.0,6,3073
126837896,141.660,141.660,0.0000,-0.0893,-0.0000,-0.0005,0.000,32.38,39.0,6,3073
126838577,141.660,141.660,0.0000,0.0999,-0.0000,-0.0005,0.000,32.38,39.0,6,3073
126840012,141.660,141.660,0.0000,-0.0526,-0.0000,-0.0005,0.000,32.38,39.0,6,3073
126840889,141.660,141.660,0.0000,-0.1015,-0.0000,-0.0005,0.000,32.38,39.0,6,3073
126841577,141.660,141.682,0.0000,0.0816,-0.0000,-0.0005,0.000,32.38,39.0,6,3073
126842576,141.682,141.660,0.0000,-0.0374,-0.0000,-0.0005,0.000,32.38,39.0,6,3073
126843583,141.660,141.660,0.0000,-0.0252,-0.0000,-0.0005,0.000,32.38,39.0,6,3073
126844567,141.660,141.660,0.0000,-0.0069,-0.0000,-0.0005,0.000,32.38,39.0,6,3073
126845869,141.660,141.660,0.0000,-0.0557,-0.0000,-0.0005,0.000,32.38,39.0,6,3073
126846593,141.660,141.682,0.0000,0.0786,-0.0000,-0.0005,0.000,32.38,39.0,6,3073
126847599,141.682,141.660,0.0000,-0.0801,-0.0000,-0.0005,0.000,32.38,39.0,6,3073
126848591,141.660,141.660,0.0000,0.0389,-0.0000,-0.0005,0.000,32.38,39.0,6,3073
126849594,141.660,141.660,0.0000,0.0252,-0.0000,-0.0005,0.000,32.38,39.0,6,3073
126850872,141.660,141.660,0.0000,0.0969,-0.0000,-0.0005,0.000,32.38,39.0,6,3073
126851671,141.660,141.682,0.0000,-0.0572,-0.0000,-0.0005,0.000,32.38,39.0,6,3073
126852594,141.682,141.660,0.0000,-0.0099,-0.0000,-0.0005,0.000,32.38,39.0,6,3073
126853865,141.660,141.660,0.0000,-0.0175,-0.0000,-0.0005,0.000,32.38,39.0,6,3073
126854559,141.660,141.660,0.0000,0.0023,-0.0000,-0.0005,0.000,32.38,39.0,6,3073
126855876,141.660,141.660,0.0000,0.0160,-0.0000,-0.0005,0.000,32.38,39.0,6,3073
126856596,141.660,141.660,0.0000,0.1106,-0.0000,-0.0005,0.000,32.38,39.0,6,3073
126857878,141.660,141.660,0.0000,-0.0114,-0.0000,-0.0005,0.000,32.38,39.0,6,3073
126858557,141.660,141.682,0.0000,0.0648,-0.0000,-0.0005,0.000,32.38,39.0,6,3073
126859551,141.682,141.660,0.0000,-0.0282,-0.0000,-0.0005,0.000,32.38,39.0,6,3073
126860964,141.660,141.660,0.0000,0.0114,-0.0000,-0.0005,0.000,32.38,39.0,6,3073
126861554,141.660,141.660,0.0000,-0.0648,-0.0000,-0.0005,0.000,32.38,39.0,6,3073
126862551,141.660,141.660,0.0000,-0.0374,-0.0000,-0.0005,0.000,32.38,39.0,6,3073
126863581,141.660,141.660,0.0000,-0.0771,-0.0000,-0.0005,0.000,32.38,39.0,6,3073
126864601,141.660,141.660,0.0000,-0.2068,-0.0000,-0.0005,0.000,32.38,39.0,6,3073
126865956,141.660,141.660,0.0000,-0.0175,-0.0000,-0.0005,0.000,32.38,39.0,6,3073
126866880,141.660,141.660,0.0000,-0.0450,-0.0000,-0.0005,0.000,32.38,39.0,6,3073
126867876,141.660,141.660,0.0000,-0.0206,-0.0000,-0.0005,0.000,32.38,39.0,6,3073
126868878,141.660,141.660,0.0000,0.0237,-0.0000,-0.0005,0.000,32.38,39.0,6,3073
126869892,141.660,141.660,0.0000,0.0359,-0.0000,-0.0005,0.000,32.38,39.0,6,3073
126871195,141.660,141.660,0.0000,0.0359,-0.0000,-0.0005,0.000,32.38,39.0,6,3073
126871878,141.660,141.660,0.0000,0.0603,-0.0000,-0.0005,0.000,32.38,39.0,6,3073
126872879,141.660,141.660,0.0000,0.0237,-0.0000,-0.0005,0.000,32.38,39.0,6,3073
126874198,141.660,141.660,0.0000,-0.0435,-0.0000,-0.0005,0.000,32.38,39.0,6,3073
126874572,141.660,141.660,0.0000,0.0252,-0.0000,-0.0005,0.000,32.38,39.0,6,3073
126875957,141.660,141.660,0.0000,-0.0420,-0.0000,-0.0005,0.000,32.38,39.0,6,3073
126876868,141.660,141.660,0.0000,0.0679,-0.0000,-0.0005,0.000,32.38,39.0,6,3073
126878189,141.660,141.660,0.0000,0.0038,-0.0000,-0.0005,0.000,32.38,39.0,6,3073
126878868,141.660,141.660,0.0000,-0.0343,-0.0000,-0.0005,0.000,32.38,39.0,6,3073
126879896,141.660,141.660,0.0000,-0.0740,-0.0000,-0.0005,0.000,32.38,39.0,6,3073
126881544,141.660,141.660,0.0000,0.0877,-0.0000,-0.0005,0.000,32.34,39.0,6,3073
126881917,141.660,141.660,0.0000,-0.0313,-0.0000,-0.0005,0.000,32.34,39.0,6,3073
126882876,141.660,141.660,0.0000,0.0938,-0.0000,-0.0005,0.000,32.34,39.0,6,3073
126883874,141.660,141.682,0.0000,0.0771,-0.0000,-0.0005,0.000,32.34,39.0,6,3073
126884878,141.682,141.682,0.0000,0.0038,-0.0000,-0.0005,0.000,32.34,39.0,6,3073
126886196,141.682,141.660,0.0000,-0.0160,-0.0000,-0.0005,0.000,32.38,39.0,6,3073
126886878,141.660,141.660,0.0000,-0.0145,-0.0000,-0.0005,0.000,32.38,39.0,6,3073
126887877,141.660,141.660,0.0000,-0.0069,-0.0000,-0.0005,0.000,32.38,39.0,6,3073
126888876,141.660,141.660,0.0000,-0.0771,-0.0000,-0.0005,0.000,32.38,39.0,6,3073
126889876,141.660,141.660,0.0000,0.0801,-0.0000,-0.0005,0.000,32.38,39.0,6,3073
126891192,141.660,141.660,0.0000,0.0618,-0.0000,-0.0005,0.000,32.38,39.0,6,3073
126891874,141.660,141.660,0.0000,-0.0664,-0.0000,-0.0005,0.000,32.38,39.0,6,3073
126892876,141.660,141.682,0.0000,0.1152,-0.0000,-0.0005,0.000,32.38,39.0,6,3073
126894206,141.682,141.660,0.0000,-0.0725,-0.0000,-0.0005,0.000,32.38,39.0,6,3073
126894550,141.660,141.660,0.0000,0.0359,-0.0000,-0.0005,0.000,32.38,39.0,6,3073
126895869,141.660,141.682,0.0000,0.0420,-0.0000,-0.0005,0.000,32.38,39.0,6,3073
126896592,141.682,141.660,0.0000,-0.0114,-0.0000,-0.0005,0.000,32.38,39.0,6,3073
126897916,141.660,141.660,0.0000,0.1060,-0.0000,-0.0005,0.000,32.38,39.0,6,3073
126898890,141.660,141.660,0.0000,-0.0069,-0.0000,-0.0005,0.000,32.38,39.0,6,3073
126899884,141.660,141.682,0.0000,0.0710,-0.0000,-0.0005,0.000,32.38,39.0,6,3073
126901202,141.682,141.660,0.0000,-0.0359,-0.0000,-0.0005,0.000,32.38,39.0,6,3073
126901868,141.660,141.660,0.0000,0.0435,-0.0000,-0.0005,0.000,32.38,39.0,6,3073
126902979,141.660,141.660,0.0000,0.0481,-0.0000,-0.0005,0.000,32.38,39.0,6,3073
126903891,141.660,141.660,0.0000,0.0267,-0.0000,-0.0005,0.000,32.38,39.0,6,3073
126904866,141.660,141.682,0.0000,0.0099,-0.0000,-0.0005,0.000,32.38,39.0,6,3073
126906206,141.682,141.660,0.0000,0.0404,-0.0000,-0.0005,0.000,32.38,39.0,6,3073
126906865,141.660,141.660,0.0000,0.1152,-0.0000,-0.0005,0.000,32.38,39.0,6,3073
126907898,141.660,141.660,0.0000,-0.0893,-0.0000,-0.0005,0.000,32.38,39.0,6,3073
126908871,141.660,141.660,0.0000,0.0481,-0.0000,-0.0005,0.000,32.38,39.0,6,3073
126909873,141.660,141.660,0.0000,-0.1167,-0.0000,-0.0005,0.000,32.38,39.0,6,3073
126911186,141.660,141.660,0.0000,-0.0221,-0.0000,-0.0005,0.000,32.41,39.0,6,3073
126911740,141.660,141.660,0.0000,-0.0298,-0.0000,-0.0005,0.000,32.41,39.0,6,3073
126912948,141.660,141.660,0.0000,0.0572,-0.0000,-0.0005,0.000,32.41,39.0,6,3073
126914194,141.660,141.660,0.0000,0.0252,-0.0000,-0.0005,0.000,32.41,39.0,6,3073
126914547,141.660,141.660,0.0000,-0.0023,-0.0000,-0.0005,0.000,32.41,39.0,6,3073
126915872,141.660,141.682,0.0000,0.0511,-0.0000,-0.0005,0.000,32.41,39.0,6,3073
126916577,141.682,141.660,0.0000,-0.0389,-0.0000,-0.0005,0.000,32.41,39.0,6,3073
126917933,141.660,141.660,0.0000,-0.0221,-0.0000,-0.0005,0.000,32.41,39.0,6,3073
126918876,141.660,141.660,0.0000,-0.0618,-0.0000,-0.0005,0.000,32.41,39.0,6,3073
126919957,141.660,141.660,0.0000,-0.0450,-0.0000,-0.0005,0.000,32.41,39.0,6,3073
126921191,141.660,141.660,0.0000,0.0740,-0.0000,-0.0005,0.000,32.38,39.0,6,3073
126921875,141.660,141.660,0.0000,0.0954,-0.0000,-0.0005,0.000,32.38,39.0,6,3073
126923225,141.660,141.660,0.0000,-0.0252,-0.0000,-0.0005,0.000,32.38,39.0,6,3073
126923876,141.660,141.660,0.0000,-0.0252,-0.0000,-0.0005,0.000,32.38,39.0,6,3073
126924893,141.660,141.660,0.0000,0.0160,-0.0000,-0.0005,0.000,32.38,39.0,6,3073
126926195,141.660,141.660,0.0000,0.0267,-0.0000,-0.0005,0.000,32.38,39.0,6,3073
126926878,141.660,141.660,0.0000,-0.0084,-0.0000,-0.0005,0.000,32.38,39.0,6,3073
126927873,141.660,141.660,0.0000,0.0786,-0.0000,-0.0005,0.000,32.38,39.0,6,3073
126928873,141.660,141.682,0.0000,0.1534,-0.0000,-0.0005,0.000,32.38,39.0,6,3073
126929950,141.682,141.660,0.0000,-0.0557,-0.0000,-0.0005,0.000,32.38,39.0,6,3073
126931189,141.660,141.660,0.0000,-0.0954,-0.0000,-0.0005,0.000,32.38,39.0,6,3073
126931865,141.660,141.682,0.0000,0.0771,-0.0000,-0.0005,0.000,32.38,39.0,6,3073
126932866,141.682,141.660,0.0000,-0.0237,-0.0000,-0.0005,0.000,32.38,39.0,6,3073
126934224,141.660,141.660,0.0000,-0.0725,-0.0000,-0.0005,0.000,32.38,39.0,6,3073
126934574,141.660,141.660,0.0000,0.0206,-0.0000,-0.0005,0.000,32.38,39.0,6,3073
126935890,141.660,141.660,0.0000,0.0099,-0.0000,-0.0005,0.000,32.38,39.0,6,3073
126936579,141.660,141.660,0.0000,-0.0633,-0.0000,-0.0005,0.000,32.38,39.0,6,3073
126937895,141.660,141.660,0.0000,-0.0008,-0.0000,-0.0005,0.000,32.38,39.0,6,3073
126938577,141.660,141.660,0.0000,-0.0252,-0.0000,-0.0005,0.000,32.38,39.0,6,3073
126939575,141.660,141.660,0.0000,-0.1091,-0.0000,-0.0005,0.000,32.38,39.0,6,3073
126940892,141.660,141.660,0.0000,0.0450,-0.0000,-0.0005,0.000,32.38,39.0,6,3073
126941577,141.660,141.660,0.0000,0.0847,-0.0000,-0.0005,0.000,32.38,39.0,6,3073
126942577,141.660,141.660,0.0000,-0.0008,-0.0000,-0.0005,0.000,32.38,39.0,6,3073
126943585,141.660,141.682,0.0000,0.1045,-0.0000,-0.0005,0.000,32.38,39.0,6,3073
126944548,141.682,141.660,0.0000,-0.0404,-0.0000,-0.0005,0.000,32.38,39.0,6,3073
126945875,141.660,141.660,0.0000,-0.0801,-0.0000,-0.0005,0.000,32.38,39.0,6,3073
126946595,141.660,141.660,0.0000,-0.1839,-0.0000,-0.0005,0.000,32.38,39.0,6,3073
126947599,141.660,141.660,0.0000,0.0725,-0.0000,-0.0005,0.000,32.38,39.0,6,3073
126948594,141.660,141.660,0.0000,0.0771,-0.0000,-0.0005,0.000,32.38,39.0,6,3073
126949549,141.660,141.660,0.0000,-0.0084,-0.0000,-0.0005,0.000,32.38,39.0,6,3073
126950846,141.660,141.660,0.0000,0.0359,-0.0000,-0.0005,0.000,32.38,39.0,6,3073
126951577,141.660,141.660,0.0000,0.0221,-0.0000,-0.0005,0.000,32.38,39.0,6,3073
126952551,141.660,141.660,0.0000,-0.0267,-0.0000,-0.0005,0.000,32.38,39.0,6,3073
126953877,141.660,141.660,0.0000,-0.0587,-0.0000,-0.0005,0.000,32.38,39.0,6,3073
126954547,141.660,141.660,0.0000,-0.0114,-0.0000,-0.0005,0.000,32.38,39.0,6,3073
126955912,141.660,141.660,0.0000,-0.0618,-0.0000,-0.0005,0.000,32.38,39.0,6,3073
126956549,141.660,141.660,0.0000,-0.0389,-0.0000,-0.0005,0.000,32.38,39.0,6,3073
126957886,141.660,141.660,0.0000,0.0572,-0.0000,-0.0005,0.000,32.38,39.0,6,3073
126958549,141.660,141.660,0.0000,0.0450,-0.0000,-0.0005,0.000,32.38,39.0,6,3073
126959598,141.660,141.660,0.0000,-0.1045,-0.0000,-0.0005,0.000,32.38,39.0,6,3073
126960875,141.660,141.660,0.0000,-0.0008,-0.0000,-0.0005,0.000,32.38,39.0,6,3073
126961661,141.660,141.660,0.0000,-0.0450,-0.0000,-0.0005,0.000,32.38,39.0,6,3073
126962581,141.660,141.660,0.0000,-0.0511,-0.0000,-0.0005,0.000,32.38,39.0,6,3073
126963545,141.660,141.660,0.0000,0.2022,-0.0000,-0.0005,0.000,32.38,39.0,6,3073
126964546,141.660,141.682,0.0000,-0.0526,-0.0000,-0.0005,0.000,32.38,39.0,6,3073
126966356,141.682,141.660,0.0000,0.0496,-0.0000,-0.0005,0.000,32.38,39.0,6,3073
126966766,141.660,141.660,0.0000,-0.0771,-0.0000,-0.0005,0.000,32.38,39.0,6,3073
126967881,141.660,141.660,0.0000,0.1076,-0.0000,-0.0005,0.000,32.38,39.0,6,3073
126968954,141.660,141.660,0.0000,-0.0938,-0.0000,-0.0005,0.000,32.38,39.0,6,3073
126969876,141.660,141.660,0.0000,-0.0481,-0.0000,-0.0005,0.000,32.38,39.0,6,3073
126971206,141.660,141.660,0.0000,0.0465,-0.0000,-0.0005,0.000,32.38,39.0,6,3073
126971874,141.660,141.660,0.0000,0.0404,-0.0000,-0.0005,0.000,32.38,39.0,6,3073
126972896,141.660,141.682,0.0000,0.0877,-0.0000,-0.0005,0.000,32.38,39.0,6,3073
126974198,141.682,141.660,0.0000,-0.1030,-0.0000,-0.0005,0.000,32.38,39.0,6,3073
126974573,141.660,141.660,0.0000,-0.0404,-0.0000,-0.0005,0.000,32.38,39.0,6,3073
126975893,141.660,141.660,0.0000,-0.0359,-0.0000,-0.0005,0.000,32.38,39.0,6,3073
126976574,141.660,141.682,0.0000,0.0694,-0.0000,-0.0005,0.000,32.38,39.0,6,3073
126977964,141.682,141.660,0.0000,-0.0298,-0.0000,-0.0005,0.000,32.38,39.0,6,3073
126978551,141.660,141.660,0.0000,0.0816,-0.0000,-0.0005,0.000,32.38,39.0,6,3073
126979551,141.660,141.660,0.0000,0.0175,-0.0000,-0.0005,0.000,32.38,39.0,6,3073
126980925,141.660,141.682,0.0000,0.0801,-0.0000,-0.0005,0.000,32.38,39.0,6,3073
126981875,141.682,141.660,0.0000,0.0435,-0.0000,-0.0005,0.000,32.38,39.0,6,3073
126982878,141.660,141.660,0.0000,-0.0008,-0.0000,-0.0005,0.000,32.38,39.0,6,3073
126983876,141.660,141.660,0.0000,0.0252,-0.0000,-0.0005,0.000,32.38,39.0,6,3073
126984875,141.660,141.660,0.0000,0.0893,-0.0000,-0.0005,0.000,32.38,39.0,6,3073
126986192,141.660,141.660,0.0000,-0.0267,-0.0000,-0.0005,0.000,32.34,39.0,6,3073
126986874,141.660,141.660,0.0000,0.0084,-0.0000,-0.0005,0.000,32.34,39.0,6,3073
126987874,141.660,141.660,0.0000,-0.0221,-0.0000,-0.0005,0.000,32.34,39.0,6,3073
126988871,141.660,141.682,0.0000,0.1183,-0.0000,-0.0005,0.000,32.34,39.0,6,3073
126989872,141.682,141.660,0.0000,-0.1213,-0.0000,-0.0005,0.000,32.34,39.0,6,3073
126991192,141.660,141.660,0.0000,0.0450,-0.0000,-0.0005,0.000,32.38,39.0,6,3073
126991873,141.660,141.660,0.0000,-0.0237,-0.0000,-0.0005,0.000,32.38,39.0,6,3073
126992882,141.660,141.660,0.0000,0.0816,-0.0000,-0.0005,0.000,32.38,39.0,6,3073
126994185,141.660,141.660,0.0000,-0.0969,-0.0000,-0.0005,0.000,32.38,39.0,6,3073
126994548,141.660,141.660,0.0000,0.0084,-0.0000,-0.0005,0.000,32.38,39.0,6,3073
126995871,141.660,141.660,0.0000,-0.0252,-0.0000,-0.0005,0.000,32.38,39.0,6,3073
126996596,141.660,141.660,0.0000,-0.0053,-0.0000,-0.0005,0.000,32.38,39.0,6,3073
126997916,141.660,141.660,0.0000,0.1030,-0.0000,-0.0005,0.000,32.38,39.0,6,3073
126998889,141.660,141.660,0.0000,-0.0145,-0.0000,-0.0005,0.000,32.38,39.0,6,3073
126999889,141.660,141.660,0.0000,0.1076,-0.0000,-0.0005,0.000,32.38,39.0,6,3073
127001196,141.660,141.660,0.0000,0.0603,-0.0000,-0.0005,0.000,32.38,39.0,6,3073
127001920,141.660,141.660,0.0000,0.1091,-0.0000,-0.0005,0.000,32.38,39.0,6,3073
127002808,141.660,141.660,0.0000,-0.0557,-0.0000,-0.0005,0.000,32.38,39.0,6,3073
127003886,141.660,141.682,0.0000,0.0191,-0.0000,-0.0005,0.000,32.38,39.0,6,3073
127004861,141.682,141.660,0.0000,-0.1320,-0.0000,-0.0005,0.000,32.38,39.0,6,3073
127006205,141.660,141.660,0.0000,0.0130,-0.0000,-0.0005,0.000,32.38,39.0,6,3073
127006862,141.660,141.660,0.0000,-0.0206,-0.0000,-0.0005,0.000,32.38,39.0,6,3073
127008234,141.660,141.660,0.0000,0.0664,-0.0000,-0.0005,0.000,32.38,39.0,6,3073
127008863,141.660,141.660,0.0000,-0.0374,-0.0000,-0.0005,0.000,32.38,39.0,6,3073
127009869,141.660,141.660,0.0000,0.0542,-0.0000,-0.0005,0.000,32.38,39.0,6,3073
127011198,141.660,141.660,0.0000,-0.0404,-0.0000,-0.0005,0.000,32.38,39.0,6,3073
127011735,141.660,141.660,0.0000,0.0557,-0.0000,-0.0005,0.000,32.38,39.0,6,3073
127012949,141.660,141.660,0.0000,-0.0237,-0.0000,-0.0005,0.000,32.38,39.0,6,3073
127014188,141.660,141.660,0.0000,0.0389,-0.0000,-0.0005,0.000,32.38,39.0,6,3073
127014548,141.660,141.660,0.0000,0.0145,-0.0000,-0.0005,0.000,32.38,39.0,6,3073
127015872,141.660,141.660,0.0000,-0.0664,-0.0000,-0.0005,0.000,32.38,39.0,6,3073
127016572,141.660,141.660,0.0000,-0.0481,-0.0000,-0.0005,0.000,32.38,39.0,6,3073
127017932,141.660,141.660,0.0000,-0.0267,-0.0000,-0.0005,0.000,32.38,39.0,6,3073
127018873,141.660,141.660,0.0000,-0.0755,-0.0000,-0.0005,0.000,32.38,39.0,6,3073
127019953,141.660,141.660,0.0000,-0.0252,-0.0000,-0.0005,0.000,32.38,39.0,6,3073
127021190,141.660,141.660,0.0000,-0.0465,-0.0000,-0.0005,0.000,32.38,39.0,6,3073
127021871,141.660,141.660,0.0000,-0.0526,-0.0000,-0.0005,0.000,32.38,39.0,6,3073
127022872,141.660,141.660,0.0000,-0.0160,-0.0000,-0.0005,0.000,32.38,39.0,6,3073
127023895,141.660,141.660,0.0000,-0.0175,-0.0000,-0.0005,0.000,32.38,39.0,6,3073
127024874,141.660,141.660,0.0000,-0.0969,-0.0000,-0.0005,0.000,32.38,39.0,6,3073
127026190,141.660,141.660,0.0000,-0.0343,-0.0000,-0.0005,0.000,32.38,39.0,6,3073
127026874,141.660,141.660,0.0000,0.0481,-0.0000,-0.0005,0.000,32.38,39.0,6,3073
127027871,141.660,141.660,0.0000,-0.0618,-0.0000,-0.0005,0.000,32.38,39.0,6,3073
127028936,141.660,141.660,0.0000,0.0481,-0.0000,-0.0005,0.000,32.38,39.0,6,3073
127029881,141.660,141.660,0.0000,0.0038,-0.0000,-0.0005,0.000,32.38,39.0,6,3073
127031183,141.660,141.682,0.0000,0.0191,-0.0000,-0.0005,0.000,32.38,39.0,6,3073
127031864,141.682,141.660,0.0000,-0.0267,-0.0000,-0.0005,0.000,32.38,39.0,6,3073
127032864,141.660,141.660,0.0000,0.0053,-0.0000,-0.0005,0.000,32.38,39.0,6,3073
127034221,141.660,141.660,0.0000,-0.0069,-0.0000,-0.0005,0.000,32.38,39.0,6,3073
127034572,141.660,141.660,0.0000,-0.0282,-0.0000,-0.0005,0.000,32.38,39.0,6,3073
127035889,141.660,141.660,0.0000,0.0053,-0.0000,-0.0005,0.000,32.38,39.0,6,3073
127036574,141.660,141.682,0.0000,0.0954,-0.0000,-0.0005,0.000,32.38,39.0,6,3073
127037895,141.682,141.660,0.0000,-0.0404,-0.0000,-0.0005,0.000,32.38,39.0,6,3073
127038574,141.660,141.660,0.0000,0.0237,-0.0000,-0.0005,0.000,32.38,39.0,6,3073
127039574,141.660,141.660,0.0000,0.0374,-0.0000,-0.0005,0.000,32.38,39.0,6,3073
127040889,141.660,141.660,0.0000,-0.0481,-0.0000,-0.0005,0.000,32.38,39.0,6,3073
127041574,141.660,141.660,0.0000,0.0038,-0.0000,-0.0005,0.000,32.38,39.0,6,3073
127042575,141.660,141.660,0.0000,0.0069,-0.0000,-0.0005,0.000,32.38,39.0,6,3073
127043579,141.660,141.660,0.0000,-0.0069,-0.0000,-0.0005,0.000,32.38,39.0,6,3073
127044551,141.660,141.660,0.0000,0.0496,-0.0000,-0.0005,0.000,32.38,39.0,6,3073
127045904,141.660,141.660,0.0000,0.0542,-0.0000,-0.0005,0.000,32.38,39.0,6,3073
127046594,141.660,141.660,0.0000,0.1045,-0.0000,-0.0005,0.000,32.38,39.0,6,3073
127047593,141.660,141.660,0.0000,0.0465,-0.0000,-0.0005,0.000,32.38,39.0,6,3073
127048591,141.660,141.660,0.0000,-0.1366,-0.0000,-0.0005,0.000,32.38,39.0,6,3073
127049991,141.660,141.660,0.0000,-0.0633,-0.0000,-0.0005,0.000,32.38,39.0,6,3073
127050971,141.660,141.660,0.0000,-0.0618,-0.0000,-0.0005,0.000,32.38,39.0,6,3073
127051474,141.660,141.660,0.0000,-0.0664,-0.0000,-0.0005,0.000,32.38,39.0,6,3073
127052553,141.660,141.660,0.0000,0.0298,-0.0000,-0.0005,0.000,32.38,39.0,6,3073
127053866,141.660,141.660,0.0000,0.0069,-0.0000,-0.0005,0.000,32.38,39.0,6,3073
127054557,141.660,141.660,0.0000,-0.0267,-0.0000,-0.0005,0.000,32.38,39.0,6,3073
127055875,141.660,141.660,0.0000,-0.0359,-0.0000,-0.0005,0.000,32.38,39.0,6,3073
127056594,141.660,141.682,0.0000,0.0725,-0.0000,-0.0005,0.000,32.38,39.0,6,3073
127057884,141.682,141.660,0.0000,-0.0465,-0.0000,-0.0005,0.000,32.38,39.0,6,3073
127058557,141.660,141.660,0.0000,-0.1305,-0.0000,-0.0005,0.000,32.38,39.0,6,3073
127059551,141.660,141.660,0.0000,0.0206,-0.0000,-0.0005,0.000,32.38,39.0,6,3073
127060914,141.660,141.660,0.0000,-0.0160,-0.0000,-0.0005,0.000,32.38,39.0,6,3073
127061553,141.660,141.660,0.0000,0.0298,-0.0000,-0.0005,0.000,32.38,39.0,6,3073
127062671,141.660,141.660,0.0000,-0.0313,-0.0000,-0.0005,0.000,32.38,39.0,6,3073
127063548,141.660,141.660,0.0000,0.0145,-0.0000,-0.0005,0.000,32.38,39.0,6,3073
127064545,141.660,141.660,0.0000,-0.0725,-0.0000,-0.0005,0.000,32.38,39.0,6,3073
127065931,141.660,141.660,0.0000,-0.0404,-0.0000,-0.0005,0.000,32.38,39.0,6,3073
127066875,141.660,141.660,0.0000,0.0435,-0.0000,-0.0005,0.000,32.38,39.0,6,3073
127067868,141.660,141.660,0.0000,0.0526,-0.0000,-0.0005,0.000,32.38,39.0,6,3073
127068955,141.660,141.660,0.0000,-0.0740,-0.0000,-0.0005,0.000,32.38,39.0,6,3073
127069871,141.660,141.682,0.0000,0.0786,-0.0000,-0.0005,0.000,32.38,39.0,6,3073
127071185,141.682,141.660,0.0000,0.0328,-0.0000,-0.0005,0.000,32.38,39.0,6,3073
127071872,141.660,141.660,0.0000,-0.1060,-0.0000,-0.0005,0.000,32.38,39.0,6,3073
127072894,141.660,141.660,0.0000,-0.0526,-0.0000,-0.0005,0.000,32.38,39.0,6,3073
127074195,141.660,141.660,0.0000,-0.0206,-0.0000,-0.0005,0.000,32.38,39.0,6,3073
127074572,141.660,141.660,0.0000,-0.0755,-0.0000,-0.0005,0.000,32.38,39.0,6,3073
127075890,141.660,141.660,0.0000,0.0587,-0.0000,-0.0005,0.000,32.38,39.0,6,3073
127076578,141.660,141.660,0.0000,0.0191,-0.0000,-0.0005,0.000,32.38,39.0,6,3073
127077967,141.660,141.660,0.0000,0.0862,-0.0000,-0.0005,0.000,32.38,39.0,6,3073
127078553,141.660,141.660,0.0000,-0.0359,-0.0000,-0.0005,0.000,32.38,39.0,6,3073
127079551,141.660,141.682,0.0000,0.0404,-0.0000,-0.0005,0.000,32.38,39.0,6,3073
127080923,141.682,141.660,0.0000,-0.0252,-0.0000,-0.0005,0.000,32.38,39.0,6,3073
127081872,141.660,141.660,0.0000,-0.0420,-0.0000,-0.0005,0.000,32.38,39.0,6,3073
127082870,141.660,141.660,0.0000,-0.0053,-0.0000,-0.0005,0.000,32.38,39.0,6,3073
127083869,141.660,141.682,0.0000,0.1686,-0.0000,-0.0005,0.000,32.38,39.0,6,3073
127084870,141.682,141.660,0.0000,-0.1442,-0.0000,-0.0005,0.000,32.38,39.0,6,3073
127086199,141.660,141.660,0.0000,0.0023,-0.0000,-0.0005,0.000,32.38,39.0,6,3073
127086868,141.660,141.660,0.0000,-0.1366,-0.0000,-0.0005,0.000,32.38,39.0,6,3073
127087870,141.660,141.660,0.0000,0.0572,-0.0000,-0.0005,0.000,32.38,39.0,6,3073
127088870,141.660,141.660,0.0000,-0.0404,-0.0000,-0.0005,0.000,32.38,39.0,6,3073
127089869,141.660,141.660,0.0000,-0.1015,-0.0000,-0.0005,0.000,32.38,39.0,6,3073
127091541,141.660,141.660,0.0000,0.0069,-0.0000,-0.0005,0.000,32.38,39.0,6,3073
127091912,141.660,141.660,0.0000,-0.0359,-0.0000,-0.0005,0.000,32.38,39.0,6,3073
127092868,141.660,141.660,0.0000,0.1030,-0.0000,-0.0005,0.000,32.38,39.0,6,3073
127094200,141.660,141.682,0.0000,-0.0465,-0.0000,-0.0005,0.000,32.38,39.0,6,3073
127094548,141.682,141.660,0.0000,0.0328,-0.0000,-0.0005,0.000,32.38,39.0,6,3073
127095870,141.660,141.660,0.0000,0.0038,-0.0000,-0.0005,0.000,32.38,39.0,6,3073
127096548,141.660,141.660,0.0000,-0.0587,-0.0000,-0.0005,0.000,32.38,39.0,6,3073
127097921,141.660,141.660,0.0000,0.0221,-0.0000,-0.0005,0.000,32.38,39.0,6,3073
127098887,141.660,141.660,0.0000,-0.0145,-0.0000,-0.0005,0.000,32.38,39.0,6,3073
127099882,141.660,141.682,0.0000,0.1183,-0.0000,-0.0005,0.000,32.38,39.0,6,3073
127101209,141.682,141.660,0.0000,-0.1122,-0.0000,-0.0005,0.000,32.38,39.0,6,3073
127101859,141.660,141.660,0.0000,0.1122,-0.0000,-0.0005,0.000,32.38,39.0,6,3073
127102974,141.660,141.660,0.0000,-0.0862,-0.0000,-0.0005,0.000,32.38,39.0,6,3073
127103882,141.660,141.660,0.0000,0.0023,-0.0000,-0.0005,0.000,32.38,39.0,6,3073
127104860,141.660,141.660,0.0000,-0.0877,-0.0000,-0.0005,0.000,32.38,39.0,6,3073
127106201,141.660,141.660,0.0000,0.0938,-0.0000,-0.0005,0.000,32.38,39.0,6,3073
127106860,141.660,141.660,0.0000,0.1427,-0.0000,-0.0005,0.000,32.38,39.0,6,3073
127107894,141.660,141.660,0.0000,-0.0954,-0.0000,-0.0005,0.000,32.38,39.0,6,3073
127108863,141.660,141.660,0.0000,0.0267,-0.0000,-0.0005,0.000,32.38,39.0,6,3073
127109868,141.660,141.682,0.0000,0.0496,-0.0000,-0.0005,0.000,32.38,39.0,6,3073
127111190,141.682,141.660,0.0000,0.0313,-0.0000,-0.0005,0.000,32.38,39.0,6,3073
127111732,141.660,141.660,0.0000,-0.0587,-0.0000,-0.0005,0.000,32.38,39.0,6,3073
127112881,141.660,141.682,0.0000,0.0847,-0.0000,-0.0005,0.000,32.38,39.0,6,3073
127114185,141.682,141.682,0.0000,0.0648,-0.0000,-0.0005,0.000,32.38,39.0,6,3073
127114623,141.682,141.660,0.0000,0.0298,-0.0000,-0.0005,0.000,32.38,39.0,6,3073
127115979,141.660,141.660,0.0000,0.0252,-0.0000,-0.0005,0.000,32.38,39.0,6,3073
127116860,141.660,141.660,0.0000,-0.0877,-0.0000,-0.0005,0.000,32.38,39.0,6,3073
127118182,141.660,141.660,0.0000,-0.0496,-0.0000,-0.0005,0.000,32.38,39.0,6,3073
127118859,141.660,141.660,0.0000,-0.0145,-0.0000,-0.0005,0.000,32.38,39.0,6,3073
127119860,141.660,141.660,0.0000,-0.0298,-0.0000,-0.0005,0.000,32.38,39.0,6,3073
127121230,141.660,141.660,0.0000,0.0328,-0.0000,-0.0005,0.000,32.38,39.0,6,3073
127121876,141.660,141.660,0.0000,-0.0008,-0.0000,-0.0005,0.000,32.38,39.0,6,3073
127122869,141.660,141.660,0.0000,-0.0694,-0.0000,-0.0005,0.000,32.38,39.0,6,3073
127123955,141.660,141.660,0.0000,0.0755,-0.0000,-0.0005,0.000,32.38,39.0,6,3073
127124870,141.660,141.660,0.0000,-0.0404,-0.0000,-0.0005,0.000,32.38,39.0,6,3073
127126184,141.660,141.660,0.0000,-0.0664,-0.0000,-0.0005,0.000,32.38,39.0,6,3073
127126874,141.660,141.660,0.0000,0.0145,-0.0000,-0.0005,0.000,32.38,39.0,6,3073
127127896,141.660,141.660,0.0000,-0.0221,-0.0000,-0.0005,0.000,32.38,39.0,6,3073
127128867,141.660,141.660,0.0000,-0.0099,-0.0000,-0.0005,0.000,32.38,39.0,6,3073
127129866,141.660,141.660,0.0000,0.0511,-0.0000,-0.0005,0.000,32.38,39.0,6,3073
127131186,141.660,141.660,0.0000,-0.0725,-0.0000,-0.0005,0.000,32.38,39.0,6,3073
127131872,141.660,141.660,0.0000,0.0633,-0.0000,-0.0005,0.000,32.38,39.0,6,3073
127133231,141.660,141.660,0.0000,-0.0099,-0.0000,-0.0005,0.000,32.38,39.0,6,3073
127134221,141.660,141.660,0.0000,0.0435,-0.0000,-0.0005,0.000,32.38,39.0,6,3073
127134587,141.660,141.660,0.0000,0.0771,-0.0000,-0.0005,0.000,32.38,39.0,6,3073
127135872,141.660,141.660,0.0000,-0.0771,-0.0000,-0.0005,0.000,32.38,39.0,6,3073
127136545,141.660,141.660,0.0000,0.0359,-0.0000,-0.0005,0.000,32.38,39.0,6,3073
127137929,141.660,141.682,0.0000,0.0343,-0.0000,-0.0005,0.000,32.38,39.0,6,3073
127138872,141.682,141.660,0.0000,-0.0206,-0.0000,-0.0005,0.000,32.38,39.0,6,3073
127139870,141.660,141.682,0.0000,0.0389,-0.0000,-0.0005,0.000,32.38,39.0,6,3073
127141185,141.682,141.660,0.0000,-0.0328,-0.0000,-0.0005,0.000,32.34,39.0,6,3073
127141871,141.660,141.660,0.0000,0.0328,-0.0000,-0.0005,0.000,32.34,39.0,6,3073
127142872,141.660,141.660,0.0000,-0.0008,-0.0000,-0.0005,0.000,32.34,39.0,6,3073
127143869,141.660,141.660,0.0000,-0.0282,-0.0000,-0.0005,0.000,32.34,39.0,6,3073
127144870,141.660,141.660,0.0000,0.0496,-0.0000,-0.0005,0.000,32.34,39.0,6,3073
127146185,141.660,141.660,0.0000,-0.0587,-0.0000,-0.0005,0.000,32.38,39.0,6,3073
127146875,141.660,141.660,0.0000,0.0237,-0.0000,-0.0005,0.000,32.38,39.0,6,3073
127147867,141.660,141.660,0.0000,-0.0145,-0.0000,-0.0005,0.000,32.38,39.0,6,3073
127148868,141.660,141.660,0.0000,0.0145,-0.0000,-0.0005,0.000,32.38,39.0,6,3073
127149869,141.660,141.660,0.0000,0.0053,-0.0000,-0.0005,0.000,32.38,39.0,6,3073
127151188,141.660,141.660,0.0000,0.0160,-0.0000,-0.0005,0.000,32.34,39.0,6,3073
127151861,141.660,141.660,0.0000,-0.0160,-0.0000,-0.0005,0.000,32.34,39.0,6,3073
127152857,141.660,141.660,0.0000,0.1030,-0.0000,-0.0005,0.000,32.34,39.0,6,3073
127154173,141.660,141.660,0.0000,-0.0847,-0.0000,-0.0005,0.000,32.34,39.0,6,3073
127154886,141.660,141.660,0.0000,0.1060,-0.0000,-0.0005,0.000,32.34,39.0,6,3073
127156209,141.660,141.660,0.0000,-0.0725,-0.0000,-0.0005,0.000,32.34,39.0,6,3073
127156888,141.660,141.660,0.0000,0.0099,-0.0000,-0.0005,0.000,32.34,39.0,6,3073
127158207,141.660,141.660,0.0000,-0.0038,-0.0000,-0.0005,0.000,32.34,39.0,6,3073
127158889,141.660,141.660,0.0000,0.0343,-0.0000,-0.0005,0.000,32.34,39.0,6,3073
127159890,141.660,141.660,0.0000,0.0450,-0.0000,-0.0005,0.000,32.34,39.0,6,3073
127161191,141.660,141.660,0.0000,0.0237,-0.0000,-0.0005,0.000,32.34,39.0,6,3073
127161939,141.660,141.660,0.0000,-0.0084,-0.0000,-0.0005,0.000,32.34,39.0,6,3073
127162796,141.660,141.660,0.0000,0.0389,-0.0000,-0.0005,0.000,32.34,39.0,6,3073
127163881,141.660,141.682,0.0000,0.0130,-0.0000,-0.0005,0.000,32.34,39.0,6,3073
127164857,141.682,141.660,0.0000,-0.1167,-0.0000,-0.0005,0.000,32.34,39.0,6,3073
127166271,141.660,141.660,0.0000,-0.0710,-0.0000,-0.0005,0.000,32.34,39.0,6,3073
127166859,141.660,141.660,0.0000,-0.0221,-0.0000,-0.0005,0.000,32.34,39.0,6,3073
127167857,141.660,141.660,0.0000,0.0587,-0.0000,-0.0005,0.000,32.34,39.0,6,3073
127168857,141.660,141.660,0.0000,-0.0450,-0.0000,-0.0005,0.000,32.34,39.0,6,3073
127169858,141.660,141.660,0.0000,-0.0237,-0.0000,-0.0005,0.000,32.34,39.0,6,3073
127171229,141.660,141.682,0.0000,0.0252,-0.0000,-0.0005,0.000,32.38,39.0,6,3073
127171872,141.682,141.660,0.0000,-0.0771,-0.0000,-0.0005,0.000,32.38,39.0,6,3073
127172869,141.660,141.660,0.0000,-0.0221,-0.0000,-0.0005,0.000,32.38,39.0,6,3073
127174278,141.660,141.660,0.0000,-0.0084,-0.0000,-0.0005,0.000,32.38,39.0,6,3073
127175016,141.660,141.660,0.0000,0.0023,-0.0000,-0.0005,0.000,32.38,39.0,6,3073
127175890,141.660,141.660,0.0000,0.0542,-0.0000,-0.0005,0.000,32.38,39.0,6,3073
127176577,141.660,141.660,0.0000,-0.0694,-0.0000,-0.0005,0.000,32.38,39.0,6,3073
127177925,141.660,141.660,0.0000,0.0481,-0.0000,-0.0005,0.000,32.38,39.0,6,3073
127178873,141.660,141.660,0.0000,0.0801,-0.0000,-0.0005,0.000,32.38,39.0,6,3073
127179866,141.660,141.660,0.0000,-0.0435,-0.0000,-0.0005,0.000,32.38,39.0,6,3073
127181179,141.660,141.682,0.0000,0.0938,-0.0000,-0.0005,0.000,32.34,39.0,6,3073
127181873,141.682,141.660,0.0000,-0.0618,-0.0000,-0.0005,0.000,32.34,39.0,6,3073
127182901,141.660,141.660,0.0000,0.0206,-0.0000,-0.0005,0.000,32.34,39.0,6,3073
127183932,141.660,141.660,0.0000,0.0664,-0.0000,-0.0005,0.000,32.34,39.0,6,3073
127184856,141.660,141.660,0.0000,-0.0313,-0.0000,-0.0005,0.000,32.34,39.0,6,3073
127186179,141.660,141.682,0.0000,0.0069,-0.0000,-0.0005,0.000,32.38,39.0,6,3073
127186857,141.682,141.660,0.0000,-0.0389,-0.0000,-0.0005,0.000,32.38,39.0,6,3073
127187900,141.660,141.660,0.0000,-0.0526,-0.0000,-0.0005,0.000,32.38,39.0,6,3073
127188872,141.660,141.660,0.0000,0.0542,-0.0000,-0.0005,0.000,32.38,39.0,6,3073
127189866,141.660,141.660,0.0000,0.0633,-0.0000,-0.0005,0.000,32.38,39.0,6,3073
127191184,141.660,141.660,0.0000,0.0496,-0.0000,-0.0005,0.000,32.38,39.0,6,3073
127191871,141.660,141.660,0.0000,-0.1289,-0.0000,-0.0005,0.000,32.38,39.0,6,3073
127192866,141.660,141.660,0.0000,-0.0404,-0.0000,-0.0005,0.000,32.38,39.0,6,3073
127194183,141.660,141.660,0.0000,-0.0755,-0.0000,-0.0005,0.000,32.38,39.0,6,3073
127194866,141.660,141.660,0.0000,-0.0969,-0.0000,-0.0005,0.000,32.38,39.0,6,3073
127196185,141.660,141.660,0.0000,0.0603,-0.0000,-0.0005,0.000,32.38,39.0,6,3073
127196873,141.660,141.660,0.0000,-0.0175,-0.0000,-0.0005,0.000,32.38,39.0,6,3073
127198188,141.660,141.660,0.0000,-0.0130,-0.0000,-0.0005,0.000,32.38,39.0,6,3073
127198871,141.660,141.660,0.0000,0.1595,-0.0000,-0.0005,0.000,32.38,39.0,6,3073
127199869,141.660,141.660,0.0000,0.0084,-0.0000,-0.0005,0.000,32.38,39.0,6,3073
127201182,141.660,141.660,0.0000,0.0511,-0.0000,-0.0005,0.000,32.38,39.0,6,3073
127201884,141.660,141.660,0.0000,-0.0221,-0.0000,-0.0005,0.000,32.38,39.0,6,3073
127202858,141.660,141.660,0.0000,0.0130,-0.0000,-0.0005,0.000,32.38,39.0,6,3073
127203855,141.660,141.682,0.0000,0.0725,-0.0000,-0.0005,0.000,32.38,39.0,6,3073
127204857,141.682,141.682,0.0000,-0.0069,-0.0000,-0.0005,0.000,32.38,39.0,6,3073
127206205,141.682,141.660,0.0000,0.0542,-0.0000,-0.0005,0.000,32.38,39.0,6,3073
127206891,141.660,141.660,0.0000,0.0771,-0.0000,-0.0005,0.000,32.38,39.0,6,3073
127207887,141.660,141.660,0.0000,0.0999,-0.0000,-0.0005,0.000,32.38,39.0,6,3073
127208884,141.660,141.660,0.0000,-0.0420,-0.0000,-0.0005,0.000,32.38,39.0,6,3073
127209885,141.660,141.660,0.0000,0.1091,-0.0000,-0.0005,0.000,32.38,39.0,6,3073
127211191,141.660,141.660,0.0000,-0.0343,-0.0000,-0.0005,0.000,32.38,39.0,6,3073
127211944,141.660,141.660,0.0000,0.0359,-0.0000,-0.0005,0.000,32.38,39.0,6,3073
127212801,141.660,141.660,0.0000,-0.0557,-0.0000,-0.0005,0.000,32.38,39.0,6,3073
127214201,141.660,141.660,0.0000,0.0130,-0.0000,-0.0005,0.000,32.38,39.0,6,3073
127214547,141.660,141.660,0.0000,-0.0023,-0.0000,-0.0005,0.000,32.38,39.0,6,3073
127216369,141.660,141.660,0.0000,0.0679,-0.0000,-0.0005,0.000,32.38,39.0,6,3073
127216758,141.660,141.660,0.0000,-0.0618,-0.0000,-0.0005,0.000,32.38,39.0,6,3073
127218173,141.660,141.682,0.0000,0.0633,-0.0000,-0.0005,0.000,32.38,39.0,6,3073
127218857,141.682,141.660,0.0000,-0.0038,-0.0000,-0.0005,0.000,32.38,39.0,6,3073
127219857,141.660,141.660,0.0000,0.0145,-0.0000,-0.0005,0.000,32.38,39.0,6,3073
127221224,141.660,141.660,0.0000,-0.0572,-0.0000,-0.0005,0.000,32.38,39.0,6,3073
127221876,141.660,141.660,0.0000,-0.0481,-0.0000,-0.0005,0.000,32.38,39.0,6,3073
127222868,141.660,141.660,0.0000,-0.0053,-0.0000,-0.0005,0.000,32.38,39.0,6,3073
127223940,141.660,141.660,0.0000,-0.1686,-0.0000,-0.0005,0.000,32.38,39.0,6,3073
127224879,141.660,141.660,0.0000,-0.0160,-0.0000,-0.0005,0.000,32.38,39.0,6,3073
127226181,141.660,141.660,0.0000,-0.0526,-0.0000,-0.0005,0.000,32.41,39.0,6,3073
127226870,141.660,141.660,0.0000,-0.0252,-0.0000,-0.0005,0.000,32.41,39.0,6,3073
127227862,141.660,141.660,0.0000,0.0877,-0.0000,-0.0005,0.000,32.41,39.0,6,3073
127228890,141.660,141.660,0.0000,-0.1076,-0.0000,-0.0005,0.000,32.41,39.0,6,3073
127229868,141.660,141.660,0.0000,-0.0587,-0.0000,-0.0005,0.000,32.41,39.0,6,3073
127231180,141.660,141.660,0.0000,-0.0084,-0.0000,-0.0005,0.000,32.34,39.0,6,3073
127231875,141.660,141.660,0.0000,0.0023,-0.0000,-0.0005,0.000,32.34,39.0,6,3073
127232867,141.660,141.660,0.0000,-0.0740,-0.0000,-0.0005,0.000,32.34,39.0,6,3073
127234274,141.660,141.660,0.0000,0.0526,-0.0000,-0.0005,0.000,32.34,39.0,6,3073
127234549,141.660,141.660,0.0000,-0.0069,-0.0000,-0.0005,0.000,32.34,39.0,6,3073
127235869,141.660,141.660,0.0000,-0.1045,-0.0000,-0.0005,0.000,32.34,39.0,6,3073
127236548,141.660,141.660,0.0000,0.0145,-0.0000,-0.0005,0.000,32.34,39.0,6,3073
127237928,141.660,141.660,0.0000,0.0771,-0.0000,-0.0005,0.000,32.34,39.0,6,3073
127238576,141.660,141.660,0.0000,-0.0160,-0.0000,-0.0005,0.000,32.34,39.0,6,3073
127239577,141.660,141.682,0.0000,0.1106,-0.0000,-0.0005,0.000,32.34,39.0,6,3073
127240894,141.682,141.660,0.0000,-0.0542,-0.0000,-0.0005,0.000,32.34,39.0,6,3073
127241574,141.660,141.660,0.0000,0.0435,-0.0000,-0.0005,0.000,32.34,39.0,6,3073
127242576,141.660,141.682,0.0000,0.0755,-0.0000,-0.0005,0.000,32.34,39.0,6,3073
127243571,141.682,141.660,0.0000,-0.0206,-0.0000,-0.0005,0.000,32.34,39.0,6,3073
127244571,141.660,141.660,0.0000,-0.0481,-0.0000,-0.0005,0.000,32.34,39.0,6,3073
127245897,141.660,141.660,0.0000,0.0664,-0.0000,-0.0005,0.000,32.34,39.0,6,3073
127246575,141.660,141.660,0.0000,-0.0343,-0.0000,-0.0005,0.000,32.34,39.0,6,3073
127247551,141.660,141.660,0.0000,-0.0740,-0.0000,-0.0005,0.000,32.34,39.0,6,3073
127248584,141.660,141.660,0.0000,0.0237,-0.0000,-0.0005,0.000,32.34,39.0,6,3073
127249590,141.660,141.660,0.0000,0.0191,-0.0000,-0.0005,0.000,32.34,39.0,6,3073
127250914,141.660,141.660,0.0000,0.0298,-0.0000,-0.0005,0.000,32.34,39.0,6,3073
127251893,141.660,141.660,0.0000,0.0603,-0.0000,-0.0005,0.000,32.34,39.0,6,3073
127252857,141.660,141.660,0.0000,-0.0053,-0.0000,-0.0005,0.000,32.34,39.0,6,3073