t_us,p_cmd_deg,p_act_deg,v_cmd,v_act,t_cmd,t_act,iq,vbus,temp,state,events
62975898,199.948,213.676,-0.9000,-0.1640,-15.4366,7.3055,-5.366,33.25,45.0,3,0
62976587,199.948,213.742,0.0000,0.8110,15.2940,-1.3145,-5.366,33.25,45.0,3,0
62977635,200.000,213.720,0.9000,0.0847,15.4366,-10.6838,-5.366,33.25,45.0,3,0
62978552,200.000,213.654,0.0000,-1.0704,0.0000,5.2477,-5.366,33.25,45.0,3,0
62979547,199.948,213.654,-0.9000,-0.2525,-15.4366,7.5087,-5.366,33.25,45.0,3,0
62980925,199.948,213.698,0.0000,0.7179,15.2940,-1.4211,-5.366,33.25,45.0,3,0
62981577,200.000,213.698,0.9000,0.0801,15.4366,-10.4696,-5.366,33.25,45.0,3,0
62982580,200.000,213.632,0.0000,-1.2001,0.0000,5.1829,-5.366,33.25,45.0,3,0
62983888,199.948,213.610,-0.9000,-0.2785,-15.4366,7.3274,-5.366,33.25,45.0,3,0
62984577,199.948,213.676,0.0000,0.7378,15.2940,-1.1893,-5.366,33.25,45.0,3,0
62985890,200.000,213.698,0.9000,0.7774,15.4366,-2.3572,-5.366,33.25,45.0,3,0
62986905,200.000,213.588,0.0000,-0.2007,0.0000,7.2264,-5.366,33.25,45.0,3,0
62988184,199.948,213.654,-0.9000,0.6432,-15.4366,-1.1399,-5.366,33.25,45.0,3,0
62988906,199.948,213.654,0.0000,0.1991,15.2940,-10.4465,-5.366,33.25,45.0,3,0
62989862,200.000,213.566,0.9000,-1.1650,15.4366,4.5830,-5.366,33.25,45.0,3,0
62991229,200.000,213.566,0.0000,-0.1640,0.0000,7.3143,-5.366,33.25,45.0,3,0
62991852,199.948,213.610,-0.9000,0.7103,-15.4366,-1.3200,-5.366,33.25,45.0,3,0
62992864,199.948,213.610,0.0000,0.0679,15.2940,-10.1103,-5.366,33.25,45.0,3,0
62993901,200.000,213.544,0.9000,-1.1650,15.4366,5.0488,-5.366,33.25,45.0,3,0
62994901,200.000,213.544,0.0000,-0.1473,0.0000,7.0539,-5.366,33.25,45.0,3,0
62996226,199.948,213.588,-0.9000,0.8064,-15.4366,-1.3101,-5.366,33.25,45.0,3,0
62996904,199.948,213.588,0.0000,0.1198,15.2940,-10.3531,-5.366,33.25,45.0,3,0
62997901,200.000,213.522,0.9000,-1.1177,15.4366,4.6237,-5.366,33.25,45.0,3,0
62998903,200.000,213.522,0.0000,-0.1717,0.0000,7.2385,-5.366,33.25,45.0,3,0
62999898,199.948,213.566,-0.9000,0.6508,-15.4366,-1.3024,-5.366,33.25,45.0,3,0
63001185,199.948,213.566,0.0000,0.2144,15.2940,-10.0455,-5.366,33.25,45.0,3,0
63001847,200.000,213.501,0.9000,-1.1055,15.4366,5.0807,-5.366,33.25,45.0,3,0
63002849,200.000,213.501,0.0000,-0.1167,0.0000,7.0330,-5.366,33.25,45.0,3,0
63004169,199.948,213.544,-0.9000,0.6340,-15.4366,-1.3266,-5.366,33.25,45.0,3,0
63004569,199.948,213.544,0.0000,0.5852,15.2940,-3.8304,-5.366,33.25,45.0,3,0
63005883,200.000,213.544,0.9000,0.2098,15.4366,-10.0235,-5.366,33.25,45.0,3,0
63006573,200.000,213.479,0.0000,-1.0918,0.0000,4.9412,-5.366,33.25,45.0,3,0
63007889,199.948,213.479,-0.9000,-0.1381,-15.4366,7.0484,-5.366,33.25,45.0,3,0
63008901,199.948,213.522,0.0000,0.2190,15.2940,-10.0158,-5.366,33.25,45.0,3,0
63009850,200.000,213.457,0.9000,-0.9621,15.4366,4.9379,-5.366,33.25,45.0,3,0
63011276,200.000,213.479,0.0000,-0.0282,0.0000,6.9374,-5.366,31.26,45.0,3,0
63011919,199.948,213.544,-0.9000,0.8858,-15.4366,-1.3255,-5.366,31.26,45.0,3,0
63012850,199.948,213.522,0.0000,0.1747,15.2940,-9.7818,-5.366,31.26,45.0,3,0
63013848,200.000,213.457,0.9000,-0.9667,15.4366,4.8555,-5.366,31.26,45.0,3,0
63014851,200.000,213.479,0.0000,0.0130,0.0000,6.9616,-5.366,31.26,45.0,3,0
63016175,199.948,213.544,-0.9000,0.8385,-15.4366,-1.3288,-5.366,31.26,45.0,3,0
63016846,199.948,213.544,0.0000,0.1778,15.2940,-10.0455,-5.366,31.26,45.0,3,0
63017850,200.000,213.479,0.9000,-0.8827,15.4366,4.9906,-5.366,31.26,45.0,3,0
63018924,200.000,213.501,0.0000,0.0191,0.0000,6.8781,-5.366,31.26,45.0,3,0
63019900,199.948,213.544,-0.9000,0.9972,-15.4366,-1.1333,-5.366,31.26,45.0,3,0
63021223,199.948,213.566,0.0000,0.3258,15.2940,-10.1631,-5.366,31.26,45.0,3,0
63021853,200.000,213.501,0.9000,-0.8812,15.4366,5.0005,-5.366,31.26,45.0,3,0
63022922,200.000,213.522,0.0000,0.0618,0.0000,6.8583,-5.366,31.26,45.0,3,0
63024229,199.948,213.566,-0.9000,0.7866,-15.4366,-1.1684,-5.366,31.26,45.0,3,0
63024579,199.948,213.588,0.0000,0.8873,15.2940,-4.4424,-5.366,31.26,45.0,3,0
63025900,200.000,213.588,0.9000,0.1442,15.4366,-10.4311,-5.366,31.26,45.0,3,0
63026583,200.000,213.522,0.0000,-0.9850,0.0000,5.0774,-5.366,31.26,45.0,3,0
63027889,199.948,213.544,-0.9000,0.2068,-15.4366,7.0813,-5.366,31.26,45.0,3,0
63028912,199.948,213.588,0.0000,0.3090,15.2940,-10.4959,-5.366,31.26,45.0,3,0
63029932,200.000,213.522,0.9000,-0.9819,15.4366,5.1027,-5.366,31.26,45.0,3,0
63031176,200.000,213.544,0.0000,-0.0374,0.0000,7.2428,-5.366,31.26,45.0,3,0
63031843,199.948,213.588,-0.9000,0.6905,-15.4366,-1.3035,-5.366,31.26,45.0,3,0
63032846,199.948,213.588,0.0000,0.2968,15.2940,-10.1718,-5.366,31.26,45.0,3,0
63033847,200.000,213.544,0.9000,-0.9483,15.4366,4.9214,-5.366,31.26,45.0,3,0
63034847,200.000,213.544,0.0000,-0.0313,0.0000,7.0616,-5.366,31.26,45.0,3,0
63036169,199.948,213.588,-0.9000,0.8721,-15.4366,-1.3299,-5.366,31.26,45.0,3,0
63036920,199.948,213.588,0.0000,0.1747,15.2940,-10.4146,-5.366,31.26,45.0,3,0
63037905,200.000,213.522,0.9000,-1.0445,15.4366,4.5698,-5.366,31.26,45.0,3,0
63038906,200.000,213.522,0.0000,-0.0343,0.0000,7.0550,-5.366,31.26,45.0,3,0
63039921,199.948,213.588,-0.9000,0.7927,-15.4366,-1.3497,-5.366,31.26,45.0,3,0
63041187,199.948,213.588,0.0000,0.2251,15.2940,-9.8653,-5.366,31.26,45.0,3,0
63041906,200.000,213.522,0.9000,-0.8812,15.4366,5.4081,-5.366,31.26,45.0,3,0
63042907,200.000,213.544,0.0000,0.1396,0.0000,6.7924,-5.366,31.26,45.0,3,0
63044223,199.948,213.610,-0.9000,0.8721,-15.4366,-1.2014,-5.366,31.26,45.0,3,0
63044577,199.948,213.610,0.0000,0.6722,15.2940,-4.4479,-5.366,31.26,45.0,3,0
63045904,200.000,213.610,0.9000,0.2770,15.4366,-10.4256,-5.366,31.26,45.0,3,0
63046607,200.000,213.544,0.0000,-1.0368,0.0000,5.1038,-5.366,31.26,45.0,3,0
63047932,199.948,213.544,-0.9000,-0.0069,-15.4366,7.1187,-5.366,31.26,45.0,3,0
63048549,199.948,213.610,0.0000,0.8125,15.2940,-1.4024,-5.366,31.26,45.0,3,0
63049612,200.000,213.610,0.9000,0.3624,15.4366,-9.8708,-5.366,31.26,45.0,3,0
63050898,200.000,213.544,0.0000,-0.8965,0.0000,5.4114,-5.366,31.26,45.0,3,0
63051578,199.948,213.566,-0.9000,0.0740,-15.4366,6.8539,-5.366,31.26,45.0,3,0
63052579,199.948,213.632,0.0000,0.8736,15.2940,-1.4233,-5.366,31.26,45.0,3,0
63053578,200.000,213.632,0.9000,0.3685,15.4366,-10.2147,-5.366,31.26,45.0,3,0
63054578,200.000,213.566,0.0000,-0.9773,0.0000,4.9544,-5.366,31.26,45.0,3,0
63055897,199.948,213.588,-0.9000,0.1106,-15.4366,7.0418,-5.366,31.26,45.0,3,0
63056573,199.948,213.654,0.0000,0.8415,15.2940,-1.4233,-5.366,31.26,45.0,3,0
63057582,200.000,213.654,0.9000,0.2708,15.4366,-10.5168,-5.366,31.26,45.0,3,0
63058577,200.000,213.588,0.0000,-0.8064,0.0000,5.5081,-5.366,31.26,45.0,3,0
63059577,199.948,213.610,-0.9000,0.1167,-15.4366,6.9814,-5.366,31.26,45.0,3,0
63060894,199.948,213.676,0.0000,1.0079,15.2940,-1.5244,-5.366,31.26,45.0,3,0
63061578,200.000,213.676,0.9000,0.2510,15.4366,-10.5256,-5.366,31.26,45.0,3,0
63062582,200.000,213.610,0.0000,-0.9987,0.0000,5.0543,-5.366,31.26,45.0,3,0
63063889,199.948,213.632,-0.9000,0.0648,-15.4366,7.2264,-5.366,31.26,45.0,3,0
63064575,199.948,213.698,0.0000,0.8827,15.2940,-1.4189,-5.366,31.26,45.0,3,0
63065871,200.000,213.698,0.9000,1.0079,15.4366,-2.3582,-5.366,31.26,45.0,3,0
63066548,200.000,213.632,0.0000,-1.0201,0.0000,4.9741,-5.366,31.26,45.0,3,0
63067895,199.948,213.632,-0.9000,0.0908,-15.4366,7.2165,-5.366,31.26,45.0,3,0
63068900,199.948,213.698,0.0000,0.3471,15.2940,-10.3191,-5.366,31.26,45.0,3,0
63069856,200.000,213.654,0.9000,-0.9133,15.4366,5.0884,-5.366,31.26,45.0,3,0
63071187,200.000,213.654,0.0000,-0.0023,0.0000,7.2187,-5.366,31.26,45.0,3,0
63071845,199.948,213.720,-0.9000,0.9697,-15.4366,-1.5442,-5.366,31.26,45.0,3,0
63072847,199.948,213.720,0.0000,0.3578,15.2940,-10.3883,-5.366,31.26,45.0,3,0
63073943,200.000,213.654,0.9000,-1.0689,15.4366,5.7014,-5.366,31.26,45.0,3,0
63074856,200.000,213.676,0.0000,0.0145,0.0000,7.2253,-5.366,31.26,45.0,3,0
63076176,199.948,213.720,-0.9000,0.8919,-15.4366,-1.5068,-5.366,31.26,45.0,3,0
63076843,199.948,213.720,0.0000,0.3105,15.2940,-10.3883,-5.366,31.26,45.0,3,0
63077845,200.000,213.654,0.9000,-0.9972,15.4366,5.1148,-5.366,31.26,45.0,3,0
63078850,200.000,213.676,0.0000,-0.0404,0.0000,7.2758,-5.366,31.26,45.0,3,0
63079924,199.948,213.742,-0.9000,0.7698,-15.4366,-1.7276,-5.366,31.26,45.0,3,0
63081248,199.948,213.742,0.0000,0.2541,15.2940,-10.2773,-5.366,31.26,45.0,3,0
63081938,200.000,213.676,0.9000,-1.0735,15.4366,5.0873,-5.366,31.26,45.0,3,0
63082907,200.000,213.676,0.0000,-0.0374,0.0000,7.2714,-5.366,31.26,45.0,3,0
63084222,199.948,213.742,-0.9000,0.8324,-15.4366,-1.2398,-5.366,31.26,45.0,3,0
63084574,199.948,213.742,0.0000,0.8232,15.2940,-4.6995,-5.366,31.26,45.0,3,0
63085898,200.000,213.742,0.9000,0.2205,15.4366,-10.6498,-5.366,31.26,45.0,3,0
63086580,200.000,213.654,0.0000,-1.0613,0.0000,5.1796,-5.366,31.26,45.0,3,0
63087926,199.948,213.676,-0.9000,-0.0755,-15.4366,7.3692,-5.366,31.26,45.0,3,0
63088580,199.948,213.720,0.0000,0.8019,15.2940,-1.4629,-5.366,31.26,45.0,3,0
63089582,200.000,213.720,0.9000,0.2358,15.4366,-10.3136,-5.366,31.26,45.0,3,0
63090943,200.000,213.654,0.0000,-1.0796,0.0000,5.1411,-5.366,31.26,45.0,3,0
63091848,199.948,213.720,-0.9000,0.8690,-15.4366,-1.2497,-5.366,31.26,45.0,3,0
63092846,199.948,213.720,0.0000,0.2907,15.2940,-10.3982,-5.366,31.26,45.0,3,0
63093847,200.000,213.654,0.9000,-0.9560,15.4366,5.1279,-5.366,31.26,45.0,3,0
63094847,200.000,213.676,0.0000,0.0191,0.0000,7.2472,-5.366,31.26,45.0,3,0
63096170,199.948,213.720,-0.9000,0.7897,-15.4366,-1.4321,-5.366,31.26,45.0,3,0
63096844,199.948,213.720,0.0000,0.3746,15.2940,-10.3355,-5.366,31.26,45.0,3,0
63097924,200.000,213.654,0.9000,-1.0460,15.4366,5.6542,-5.366,31.26,45.0,3,0
63098905,200.000,213.654,0.0000,-0.0420,0.0000,7.0780,-5.366,31.26,45.0,3,0
63099896,199.948,213.720,-0.9000,0.8629,-15.4366,-1.2959,-5.366,31.26,45.0,3,0
63101243,199.948,213.720,0.0000,0.3532,15.2940,-10.6564,-5.366,31.26,45.0,3,0
63101906,200.000,213.654,0.9000,-0.9926,15.4366,5.1785,-5.366,31.26,45.0,3,0
63102910,200.000,213.654,0.0000,-0.0938,0.0000,7.3813,-5.366,31.26,45.0,3,0
63104173,199.948,213.698,-0.9000,0.7561,-15.4366,-1.2014,-5.366,31.26,45.0,3,0
63104579,199.948,213.720,0.0000,0.8537,15.2940,-4.0128,-5.366,31.26,45.0,3,0
63105897,200.000,213.720,0.9000,0.1671,15.4366,-10.5992,-5.366,31.26,45.0,3,0
63106583,200.000,213.632,0.0000,-1.0933,0.0000,5.1719,-5.366,31.26,45.0,3,0
63107889,199.948,213.654,-0.9000,-0.0496,-15.4366,7.3736,-5.366,31.26,45.0,3,0
63108908,199.948,213.698,0.0000,0.1747,15.2940,-10.4652,-5.366,31.26,45.0,3,0
63109929,200.000,213.610,0.9000,-1.1162,15.4366,5.1115,-5.366,31.26,45.0,3,0
63111174,200.000,213.632,0.0000,-0.1991,0.0000,7.4241,-5.366,31.26,45.0,3,0
63111841,199.948,213.676,-0.9000,0.8461,-15.4366,-1.3805,-5.366,31.26,45.0,3,0
63112845,199.948,213.676,0.0000,0.1152,15.2940,-10.1751,-5.366,31.26,45.0,3,0
63113848,200.000,213.610,0.9000,-1.0292,15.4366,5.0466,-5.366,31.26,45.0,3,0
63114845,200.000,213.610,0.0000,-0.0847,0.0000,7.1857,-5.366,31.26,45.0,3,0
63116166,199.948,213.676,-0.9000,0.8980,-15.4366,-1.3750,-5.366,31.26,45.0,3,0
63116915,199.948,213.654,0.0000,0.1900,15.2940,-10.4179,-5.366,31.26,45.0,3,0
63117906,200.000,213.588,0.9000,-1.1467,15.4366,5.2038,-5.366,31.26,45.0,3,0
63118903,200.000,213.588,0.0000,-0.0908,0.0000,7.2198,-5.366,31.26,45.0,3,0
63119903,199.948,213.654,-0.9000,0.8293,-15.4366,-1.3870,-5.366,31.26,45.0,3,0
63121223,199.948,213.654,0.0000,0.0648,15.2940,-10.5267,-5.366,31.26,45.0,3,0
63121916,200.000,213.566,0.9000,-1.1986,15.4366,5.1994,-5.366,31.26,45.0,3,0
63122909,200.000,213.566,0.0000,-0.1289,0.0000,7.1725,-5.366,31.26,45.0,3,0
63124229,199.948,213.610,-0.9000,0.7500,-15.4366,-1.3178,-5.366,31.26,45.0,3,0
63124566,199.948,213.632,0.0000,0.7118,15.2940,-4.4424,-5.366,31.26,45.0,3,0
63125895,200.000,213.610,0.9000,0.2083,15.4366,-10.2422,-5.366,31.26,45.0,3,0
63126587,200.000,213.544,0.0000,-1.1543,0.0000,5.5322,-5.366,31.26,45.0,3,0
63127942,199.948,213.566,-0.9000,0.0267,-15.4366,6.9374,-5.366,31.26,45.0,3,0
63128576,199.948,213.610,0.0000,0.7042,15.2940,-1.4046,-5.366,31.26,45.0,3,0
63129556,200.000,213.610,0.9000,0.2510,15.4366,-9.8225,-5.366,31.26,45.0,3,0
63130869,200.000,213.566,0.0000,-0.7515,0.0000,4.8280,-5.366,31.26,45.0,3,0
63131548,199.948,213.566,-0.9000,-0.0053,-15.4366,6.9989,-5.366,31.26,45.0,3,0
63132559,199.948,213.610,0.0000,0.7546,15.2940,-1.4200,-5.366,31.26,45.0,3,0
63133605,200.000,213.632,0.9000,0.2953,15.4366,-10.1598,-5.366,31.26,45.0,3,0
63134601,200.000,213.566,0.0000,-0.9773,0.0000,5.4499,-5.366,31.26,45.0,3,0
63135896,199.948,213.588,-0.9000,0.0664,-15.4366,6.9385,-5.366,31.26,45.0,3,0
63136577,199.948,213.632,0.0000,0.9133,15.2940,-1.4749,-5.366,31.26,45.0,3,0
63137582,200.000,213.654,0.9000,0.2876,15.4366,-10.1927,-5.366,31.26,45.0,3,0
63138581,200.000,213.588,0.0000,-0.8476,0.0000,4.9906,-5.366,31.26,45.0,3,0
63139633,199.948,213.610,-0.9000,0.1167,-15.4366,7.1055,-5.366,31.26,45.0,3,0
63140870,199.948,213.654,0.0000,0.8141,15.2940,-1.4453,-5.366,31.26,45.0,3,0
63141548,200.000,213.654,0.9000,0.3090,15.4366,-10.0224,-5.366,31.26,45.0,3,0
63142616,200.000,213.610,0.0000,-0.7485,0.0000,4.9170,-5.366,31.26,45.0,3,0
63143891,199.948,213.632,-0.9000,0.0923,-15.4366,6.9286,-5.366,31.26,45.0,3,0
63144573,199.948,213.698,0.0000,0.9392,15.2940,-1.4980,-5.366,31.26,45.0,3,0
63145890,200.000,213.698,0.9000,1.0368,15.4366,-2.1561,-5.366,31.26,45.0,3,0
63146581,200.000,213.632,0.0000,-0.9499,0.0000,4.9983,-5.366,31.26,45.0,3,0
63147897,199.948,213.654,-0.9000,0.1305,-15.4366,7.1648,-5.366,31.26,45.0,3,0
63148578,199.948,213.720,0.0000,0.9514,15.2940,-1.5266,-5.366,31.26,45.0,3,0
63149581,200.000,213.720,0.9000,0.4097,15.4366,-10.4081,-5.366,31.26,45.0,3,0
63150893,200.000,213.654,0.0000,-0.9712,0.0000,5.0477,-5.366,31.26,45.0,3,0
63151579,199.948,213.676,-0.9000,0.0404,-15.4366,7.2824,-5.366,31.26,45.0,3,0
63152578,199.948,213.742,0.0000,0.8553,15.2940,-1.6309,-5.366,31.26,45.0,3,0
63153576,200.000,213.764,0.9000,0.4417,15.4366,-10.3520,-5.366,31.26,45.0,3,0
63154576,200.000,213.676,0.0000,-1.0872,0.0000,5.0247,-5.366,31.26,45.0,3,0
63155891,199.948,213.698,-0.9000,-0.0237,-15.4366,7.3099,-5.366,31.26,45.0,3,0
63156577,199.948,213.742,0.0000,0.9636,15.2940,-1.5782,-5.366,31.26,45.0,3,0
63157580,200.000,213.764,0.9000,0.3731,15.4366,-10.4289,-5.366,31.26,45.0,3,0
63158549,200.000,213.698,0.0000,-0.9636,0.0000,4.4644,-5.366,31.26,45.0,3,0
63159568,199.948,213.698,-0.9000,0.0038,-15.4366,7.5208,-5.366,31.26,45.0,3,0
63160884,199.948,213.764,0.0000,0.9850,15.2940,-1.5387,-5.366,31.26,45.0,3,0
63161573,200.000,213.764,0.9000,0.2251,15.4366,-10.6157,-5.366,31.26,45.0,3,0
63162581,200.000,213.698,0.0000,-0.9911,0.0000,5.6872,-5.366,31.26,45.0,3,0
63163857,199.948,213.720,-0.9000,0.0587,-15.4366,7.2143,-5.366,31.26,45.0,3,0
63164547,199.948,213.764,0.0000,0.8812,15.2940,-1.3827,-5.366,31.26,45.0,3,0
63165973,200.000,213.786,0.9000,0.9270,15.4366,-2.1528,-5.366,31.26,45.0,3,0
63166555,200.000,213.698,0.0000,-1.0567,0.0000,5.6795,-5.366,31.26,45.0,3,0
63167866,199.948,213.742,-0.9000,0.0206,-15.4366,7.3516,-5.366,31.26,45.0,3,0
63168549,199.948,213.786,0.0000,0.8156,15.2940,-1.5870,-5.366,31.26,45.0,3,0
63169552,200.000,213.786,0.9000,0.3410,15.4366,-10.2993,-5.366,31.26,45.0,3,0
63170926,200.000,213.720,0.0000,-1.1711,0.0000,5.1510,-5.366,31.26,45.0,3,0
63171579,199.948,213.742,-0.9000,0.2113,-15.4366,7.2132,-5.366,31.26,45.0,3,0
63172578,199.948,213.808,0.0000,0.8797,15.2940,-1.6244,-5.366,31.26,45.0,3,0
63173609,200.000,213.808,0.9000,0.3181,15.4366,-10.3333,-5.366,31.26,45.0,3,0
63174579,200.000,213.742,0.0000,-0.9926,0.0000,5.0829,-5.366,31.26,45.0,3,0
63175896,199.948,213.764,-0.9000,0.0267,-15.4366,7.3329,-5.366,31.26,45.0,3,0
63176583,199.948,213.808,0.0000,0.8797,15.2940,-1.6090,-5.366,31.26,45.0,3,0
63177584,200.000,213.808,0.9000,0.2022,15.4366,-10.3202,-5.366,31.26,45.0,3,0
63178612,200.000,213.742,0.0000,-0.9697,0.0000,5.1510,-5.366,31.26,45.0,3,0
63179593,199.948,213.764,-0.9000,-0.0847,-15.4366,7.2681,-5.366,31.26,45.0,3,0
63180866,199.948,213.830,0.0000,0.9392,15.2940,-1.6101,-5.366,31.26,45.0,3,0
63181548,200.000,213.830,0.9000,0.4936,15.4366,-9.9763,-5.366,31.26,45.0,3,0
63182552,200.000,213.764,0.0000,-0.9880,0.0000,4.9632,-5.366,31.26,45.0,3,0
63183923,199.948,213.786,-0.9000,0.0191,-15.4366,7.2428,-5.366,31.26,45.0,3,0
63184580,199.948,213.830,0.0000,0.9697,15.2940,-1.7848,-5.366,31.26,45.0,3,0
63185920,200.000,213.852,0.9000,0.8827,15.4366,-2.3714,-5.366,31.26,45.0,3,0
63186586,200.000,213.786,0.0000,-1.0826,0.0000,5.0565,-5.366,31.26,45.0,3,0
63187900,199.948,213.786,-0.9000,-0.0511,-15.4366,7.3176,-5.366,31.26,45.0,3,0
63188583,199.948,213.852,0.0000,0.9316,15.2940,-1.5749,-5.366,31.26,45.0,3,0
63189586,200.000,213.852,0.9000,0.2159,15.4366,-10.2795,-5.366,31.26,45.0,3,0
63190944,200.000,213.786,0.0000,-0.9712,0.0000,5.1499,-5.366,31.26,45.0,3,0
63191851,199.948,213.852,-0.9000,0.7713,-15.4366,-1.3607,-5.366,31.26,45.0,3,0
63192842,199.948,213.852,0.0000,0.3120,15.2940,-10.3290,-5.366,31.26,45.0,3,0
63193843,200.000,213.786,0.9000,-0.9941,15.4366,5.1301,-5.366,31.26,45.0,3,0
63194919,200.000,213.808,0.0000,0.0511,0.0000,7.0978,-5.366,31.26,45.0,3,0
63195902,199.948,213.874,-0.9000,1.0903,-15.4366,-1.6386,-5.366,31.26,45.0,3,0
63196899,199.948,213.874,0.0000,0.2663,15.2940,-10.2861,-5.366,31.26,45.0,3,0
63197899,200.000,213.808,0.9000,-1.0002,15.4366,5.1236,-5.366,31.26,45.0,3,0
63198902,200.000,213.808,0.0000,-0.0694,0.0000,7.2450,-5.366,31.26,45.0,3,0
63199901,199.948,213.874,-0.9000,0.9941,-15.4366,-1.6013,-5.366,31.26,45.0,3,0
63201224,199.948,213.874,0.0000,0.2785,15.2940,-10.2026,-5.366,31.26,45.0,3,0
63201900,200.000,213.808,0.9000,-1.0201,15.4366,5.1082,-5.366,31.26,45.0,3,0
63202901,200.000,213.830,0.0000,-0.0389,0.0000,7.2264,-5.366,31.26,45.0,3,0
63204220,199.948,213.874,-0.9000,0.8232,-15.4366,-1.5826,-5.366,31.26,45.0,3,0
63204559,199.948,213.896,0.0000,0.8370,15.2940,-4.1205,-5.366,31.26,45.0,3,0
63205896,200.000,213.896,0.9000,0.3639,15.4366,-9.9796,-5.366,31.26,45.0,3,0
63206577,200.000,213.830,0.0000,-0.8843,0.0000,5.4729,-5.366,31.26,45.0,3,0
63207899,199.948,213.830,-0.9000,0.0755,-15.4366,7.0824,-5.366,31.26,45.0,3,0
63208574,199.948,213.896,0.0000,1.0872,15.2940,-1.5716,-5.366,31.26,45.0,3,0
63209581,200.000,213.918,0.9000,0.3716,15.4366,-10.2235,-5.366,31.26,45.0,3,0
63210894,200.000,213.830,0.0000,-1.0933,0.0000,5.0225,-5.366,31.26,45.0,3,0
63211576,199.948,213.852,-0.9000,0.0252,-15.4366,7.2297,-5.366,31.26,45.0,3,0
63212583,199.948,213.918,0.0000,0.8614,15.2940,-1.5474,-5.366,31.26,45.0,3,0
63213553,200.000,213.918,0.9000,0.3304,15.4366,-10.1817,-5.366,31.26,45.0,3,0
63214547,200.000,213.852,0.0000,-0.9072,0.0000,4.4534,-5.366,31.26,45.0,3,0
63215885,199.948,213.852,-0.9000,-0.1015,-15.4366,7.3659,-5.366,31.26,45.0,3,0
63216895,199.948,213.896,0.0000,0.1488,15.2940,-10.3696,-5.366,31.26,45.0,3,0
63217893,200.000,213.830,0.9000,-0.9957,15.4366,4.6248,-5.366,31.26,45.0,3,0
63218899,200.000,213.830,0.0000,-0.2037,0.0000,7.2890,-5.366,31.26,45.0,3,0
63219898,199.948,213.896,-0.9000,0.8888,-15.4366,-1.5134,-5.366,31.26,45.0,3,0
63221168,199.948,213.896,0.0000,0.3151,15.2940,-10.2608,-5.366,31.26,45.0,3,0
63221761,200.000,213.830,0.9000,-1.0994,15.4366,3.7821,-5.366,31.26,45.0,3,0
63222977,200.000,213.830,0.0000,0.0359,0.0000,7.0923,-5.366,31.26,45.0,3,0
63224162,199.948,213.874,-0.9000,0.6554,-15.4366,-1.3794,-5.366,31.26,45.0,3,0
63224548,199.948,213.896,0.0000,0.8034,15.2940,-4.0721,-5.366,31.26,45.0,3,0
63225870,200.000,213.896,0.9000,0.3700,15.4366,-10.2773,-5.366,31.26,45.0,3,0
63226549,200.000,213.830,0.0000,-1.1818,0.0000,5.0906,-5.366,31.26,45.0,3,0
63227867,199.948,213.830,-0.9000,-0.0359,-15.4366,7.2538,-5.366,31.26,45.0,3,0
63228614,199.948,213.896,0.0000,0.9285,15.2940,-1.5507,-5.366,31.26,45.0,3,0
63229582,200.000,213.874,0.9000,0.0481,15.4366,-10.4608,-5.366,31.26,45.0,3,0
63230924,200.000,213.808,0.0000,-1.0079,0.0000,5.1972,-5.366,31.26,45.0,3,0
63231585,199.948,213.830,-0.9000,-0.0526,-15.4366,7.3219,-5.366,31.26,45.0,3,0
63232583,199.948,213.874,0.0000,0.7149,15.2940,-1.5123,-5.366,31.26,45.0,3,0
63233581,200.000,213.874,0.9000,0.2861,15.4366,-10.1191,-5.366,31.26,45.0,3,0
63234581,200.000,213.786,0.0000,-1.1833,0.0000,5.0664,-5.366,31.26,45.0,3,0
63235924,199.948,213.808,-0.9000,-0.0771,-15.4366,7.3274,-5.366,31.26,45.0,3,0
63236608,199.948,213.852,0.0000,0.8339,15.2940,-1.4958,-5.366,31.26,45.0,3,0
63237555,200.000,213.852,0.9000,0.1503,15.4366,-10.2575,-5.366,31.26,45.0,3,0
63238547,200.000,213.786,0.0000,-0.9773,0.0000,4.4775,-5.366,31.26,45.0,3,0
63239547,199.948,213.786,-0.9000,-0.2007,-15.4366,7.4988,-5.366,31.26,45.0,3,0
63240922,199.948,213.830,0.0000,0.6844,15.2940,-1.5969,-5.366,31.26,45.0,3,0
63241583,200.000,213.830,0.9000,0.1289,15.4366,-10.4498,-5.366,31.26,45.0,3,0
63242582,200.000,213.764,0.0000,-1.2398,0.0000,5.3037,-5.366,31.26,45.0,3,0
63243918,199.948,213.764,-0.9000,-0.1289,-15.4366,7.3461,-5.366,31.26,45.0,3,0
63244581,199.948,213.808,0.0000,0.7225,15.2940,-1.5694,-5.366,31.26,45.0,3,0
63245896,200.000,213.830,0.9000,0.7134,15.4366,-2.2462,-5.366,31.26,45.0,3,0
63246585,200.000,213.742,0.0000,-1.0887,0.0000,5.1279,-5.366,31.26,45.0,3,0
63247904,199.948,213.742,-0.9000,-0.2007,-15.4366,7.3626,-5.366,31.26,45.0,3,0
63248586,199.948,213.786,0.0000,0.7805,15.2940,-1.5947,-5.366,31.26,45.0,3,0
63249632,200.000,213.808,0.9000,0.1595,15.4366,-10.3081,-5.366,31.26,45.0,3,0
63250871,200.000,213.720,0.0000,-1.1269,0.0000,5.1049,-5.366,31.26,45.0,3,0
63251838,199.948,213.786,-0.9000,0.7362,-15.4366,-1.5727,-5.366,31.26,45.0,3,0
63252918,199.948,213.764,0.0000,0.0145,15.2940,-10.5421,-5.366,31.26,45.0,3,0
63253901,200.000,213.676,0.9000,-1.2657,15.4366,5.2752,-5.366,31.26,45.0,3,0
63254899,200.000,213.676,0.0000,-0.2892,0.0000,7.3857,-5.366,31.26,45.0,3,0
63256226,199.948,213.742,-0.9000,0.7576,-15.4366,-1.4497,-5.366,31.26,45.0,3,0
63256897,199.948,213.742,0.0000,0.1686,15.2940,-10.3114,-5.366,31.26,45.0,3,0
63257898,200.000,213.654,0.9000,-1.2673,15.4366,5.1400,-5.366,31.26,45.0,3,0
63258902,200.000,213.654,0.0000,-0.1640,0.0000,7.3022,-5.366,31.26,45.0,3,0
63259899,199.948,213.698,-0.9000,0.7286,-15.4366,-1.4738,-5.366,31.26,45.0,3,0
63261224,199.948,213.698,0.0000,0.0954,15.2940,-10.2158,-5.366,31.26,45.0,3,0
63261898,200.000,213.632,0.9000,-1.1116,15.4366,5.0434,-5.366,31.26,45.0,3,0
63262900,200.000,213.654,0.0000,0.0130,0.0000,7.2571,-5.366,31.26,45.0,3,0
63264217,199.948,213.676,-0.9000,0.6508,-15.4366,-1.4046,-5.366,31.26,45.0,3,0
63264573,199.948,213.698,0.0000,0.7530,15.2940,-3.9744,-5.366,31.26,45.0,3,0
63265891,200.000,213.676,0.9000,0.2052,15.4366,-10.2477,-5.366,31.26,45.0,3,0
63266577,200.000,213.610,0.0000,-1.0674,0.0000,5.1038,-5.366,31.26,45.0,3,0
63267895,199.948,213.610,-0.9000,-0.0999,-15.4366,7.1714,-5.366,31.26,45.0,3,0
63268578,199.948,213.676,0.0000,0.6340,15.2940,-1.4321,-5.366,31.26,45.0,3,0
63269579,200.000,213.676,0.9000,0.2724,15.4366,-10.2433,-5.366,31.26,45.0,3,0
63270891,200.000,213.610,0.0000,-1.0185,0.0000,5.0851,-5.366,31.26,45.0,3,0
63271577,199.948,213.610,-0.9000,-0.0954,-15.4366,7.1209,-5.366,31.26,45.0,3,0
63272577,199.948,213.654,0.0000,0.7668,15.2940,-1.4376,-5.366,31.26,45.0,3,0
63273552,200.000,213.676,0.9000,0.2861,15.4366,-10.2279,-5.366,31.26,45.0,3,0
63274568,200.000,213.610,0.0000,-1.0140,0.0000,4.3798,-5.366,31.26,45.0,3,0
63275885,199.948,213.610,-0.9000,-0.1244,-15.4366,7.1824,-5.366,31.26,45.0,3,0
63276573,199.948,213.654,0.0000,0.7195,15.2940,-1.4585,-5.366,31.26,45.0,3,0
63277491,200.000,213.676,0.9000,0.2235,15.4366,-10.2048,-5.366,31.26,45.0,3,0
63278548,200.000,213.610,0.0000,-0.9529,0.0000,3.6711,-5.366,31.26,45.0,3,0
63279547,199.948,213.610,-0.9000,-0.0008,-15.4366,7.3055,-5.366,31.26,45.0,3,0
63280970,199.948,213.654,0.0000,0.8125,15.2940,-1.4002,-5.366,31.26,45.0,3,0
63281557,200.000,213.676,0.9000,0.1427,15.4366,-10.6487,-5.366,31.26,45.0,3,0
63282552,200.000,213.588,0.0000,-1.1238,0.0000,3.9139,-5.366,31.26,45.0,3,0
63283862,199.948,213.588,-0.9000,-0.3349,-15.4366,7.5571,-5.366,31.26,45.0,3,0
63284548,199.948,213.632,0.0000,0.6432,15.2940,-1.2871,-5.366,31.26,45.0,3,0
63285927,200.000,213.632,0.9000,0.6828,15.4366,-1.9452,-5.366,31.26,45.0,3,0
63286578,200.000,213.544,0.0000,-1.1574,0.0000,5.5158,-5.366,31.26,45.0,3,0
63287898,199.948,213.566,-0.9000,-0.0603,-15.4366,6.8935,-5.366,31.26,45.0,3,0
63288608,199.948,213.610,0.0000,0.7012,15.2940,-1.4156,-5.366,31.26,45.0,3,0
63289584,200.000,213.610,0.9000,0.2403,15.4366,-10.1609,-5.366,31.26,45.0,3,0
63290896,200.000,213.544,0.0000,-0.9819,0.0000,5.0236,-5.366,31.26,45.0,3,0
63291584,199.948,213.544,-0.9000,-0.0160,-15.4366,7.0539,-5.366,31.26,45.0,3,0
63292583,199.948,213.610,0.0000,0.7744,15.2940,-1.3585,-5.366,31.26,45.0,3,0
63293629,200.000,213.610,0.9000,0.1839,15.4366,-10.2180,-5.366,31.26,45.0,3,0
63294551,200.000,213.544,0.0000,-1.0445,0.0000,5.0170,-5.366,31.26,45.0,3,0
63295867,199.948,213.544,-0.9000,-0.0267,-15.4366,7.1517,-5.366,31.26,45.0,3,0
63296548,199.948,213.588,0.0000,0.6111,15.2940,-1.3508,-5.366,31.26,45.0,3,0
63297552,200.000,213.588,0.9000,0.1427,15.4366,-10.1587,-5.366,31.26,45.0,3,0
63298610,200.000,213.522,0.0000,-1.0506,0.0000,5.0686,-5.366,31.26,45.0,3,0
63299578,199.948,213.544,-0.9000,0.0374,-15.4366,6.9264,-5.366,31.26,45.0,3,0
63300889,199.948,213.610,0.0000,0.7424,15.2940,-1.4552,-5.366,31.26,45.0,3,0
63301607,200.000,213.610,0.9000,0.1656,15.4366,-10.1916,-5.366,31.26,45.0,3,0
63302587,200.000,213.544,0.0000,-0.8522,0.0000,4.9269,-5.366,31.26,45.0,3,0
63303891,199.948,213.544,-0.9000,-0.0374,-15.4366,7.0341,-5.366,31.26,45.0,3,0
63304580,199.948,213.610,0.0000,0.8904,15.2940,-1.3827,-5.366,31.26,45.0,3,0
63305905,200.000,213.610,0.9000,0.8553,15.4366,-2.0210,-5.366,31.26,45.0,3,0
63306624,200.000,213.544,0.0000,-0.9712,0.0000,4.9610,-5.366,31.26,45.0,3,0
63307874,199.948,213.544,-0.9000,0.0008,-15.4366,7.0044,-5.366,31.26,45.0,3,0
63308548,199.948,213.610,0.0000,0.9209,15.2940,-1.1464,-5.366,31.26,45.0,3,0
63309552,200.000,213.632,0.9000,0.3456,15.4366,-10.2619,-5.366,31.26,45.0,3,0
63310862,200.000,213.544,0.0000,-1.0323,0.0000,4.9555,-5.366,31.26,45.0,3,0
63311914,199.948,213.610,-0.9000,0.8080,-15.4366,-1.6079,-5.366,31.26,45.0,3,0
63312898,199.948,213.632,0.0000,0.3151,15.2940,-10.1839,-5.366,31.26,45.0,3,0
63313898,200.000,213.566,0.9000,-0.9667,15.4366,4.9774,-5.366,31.26,45.0,3,0
63314913,200.000,213.588,0.0000,0.1060,0.0000,7.0715,-5.366,31.26,45.0,3,0
63316225,199.948,213.632,-0.9000,0.9026,-15.4366,-1.3980,-5.366,31.26,45.0,3,0
63316900,199.948,213.654,0.0000,0.3380,15.2940,-10.2103,-5.366,31.26,45.0,3,0
63317902,200.000,213.566,0.9000,-1.0170,15.4366,4.9675,-5.366,31.26,45.0,3,0
63318904,200.000,213.588,0.0000,0.0572,0.0000,7.0945,-5.366,31.26,45.0,3,0
63319903,199.948,213.654,-0.9000,0.9270,-15.4366,-1.4672,-5.366,31.26,45.0,3,0
63321221,199.948,213.654,0.0000,0.3288,15.2940,-10.2564,-5.366,31.26,45.0,3,0
63321913,200.000,213.588,0.9000,-0.9895,15.4366,4.9653,-5.366,31.26,45.0,3,0
63322903,200.000,213.588,0.0000,-0.1320,0.0000,7.0517,-5.366,31.26,45.0,3,0
63324159,199.948,213.654,-0.9000,0.8141,-15.4366,-1.2025,-5.366,31.26,46.0,3,0
63324547,199.948,213.676,0.0000,0.9117,15.2940,-3.9810,-5.366,31.26,46.0,3,0
63325924,200.000,213.654,0.9000,0.2190,15.4366,-10.3806,-5.366,31.26,45.0,3,0
63326577,200.000,213.610,0.0000,-0.9163,0.0000,5.5377,-5.366,31.26,46.0,3,0
63327898,199.948,213.610,-0.9000,0.1854,-15.4366,6.9583,-5.366,31.26,45.0,3,0
63328573,199.948,213.676,0.0000,0.7958,15.2940,-1.4629,-5.366,31.26,46.0,3,0
63329581,200.000,213.676,0.9000,0.3365,15.4366,-10.2696,-5.366,31.26,46.0,3,0
63330894,200.000,213.610,0.0000,-0.9056,0.0000,4.9533,-5.366,31.26,46.0,3,0
63331575,199.948,213.632,-0.9000,0.0191,-15.4366,7.1374,-5.366,31.26,46.0,3,0
63332577,199.948,213.676,0.0000,0.7698,15.2940,-1.4826,-5.366,31.26,46.0,3,0
63333574,200.000,213.698,0.9000,0.3792,15.4366,-10.2202,-5.366,31.26,46.0,3,0
63334576,200.000,213.632,0.0000,-1.0063,0.0000,4.9368,-5.366,31.26,45.0,3,0
63335892,199.948,213.632,-0.9000,-0.0404,-15.4366,7.2604,-5.366,31.26,46.0,3,0
63336573,199.948,213.698,0.0000,0.9178,15.2940,-1.5068,-5.366,31.26,46.0,3,0
63337580,200.000,213.698,0.9000,0.2419,15.4366,-10.3476,-5.366,31.26,46.0,3,0
63338574,200.000,213.654,0.0000,-0.8064,0.0000,5.0532,-5.366,31.26,46.0,3,0
63339575,199.948,213.654,-0.9000,-0.0099,-15.4366,7.2319,-5.366,31.26,46.0,3,0
63340893,199.948,213.720,0.0000,0.9087,15.2940,-1.4925,-5.366,31.26,46.0,3,0
63341554,200.000,213.720,0.9000,0.2724,15.4366,-10.3663,-5.366,31.26,46.0,3,0
63342552,200.000,213.654,0.0000,-0.9560,0.0000,4.5039,-5.366,31.26,46.0,3,0
63343877,199.948,213.676,-0.9000,-0.0740,-15.4366,7.4076,-5.366,31.26,46.0,3,0
63344567,199.948,213.742,0.0000,0.9773,15.2940,-1.5090,-5.366,31.26,46.0,3,0
63345886,200.000,213.742,0.9000,0.9316,15.4366,-2.6186,-5.366,31.26,46.0,3,0
63346577,200.000,213.654,0.0000,-1.1788,0.0000,4.6006,-5.366,31.26,46.0,3,0
63347874,199.948,213.654,-0.9000,-0.0542,-15.4366,7.3230,-5.366,31.26,46.0,3,0
63348965,199.948,213.720,0.0000,0.1686,15.2940,-10.6717,-5.366,31.26,46.0,3,0
63349893,200.000,213.654,0.9000,-1.0994,15.4366,4.5643,-5.366,31.26,46.0,3,0
63351198,200.000,213.632,0.0000,-0.2464,0.0000,7.4582,-5.366,31.26,46.0,3,0
63351838,199.948,213.698,-0.9000,0.7454,-15.4366,-1.4299,-5.366,31.26,46.0,3,0
63352839,199.948,213.698,0.0000,0.2388,15.2940,-10.2630,-5.366,31.26,46.0,3,0
63353836,200.000,213.610,0.9000,-1.0994,15.4366,5.0554,-5.366,31.26,46.0,3,0
63354915,200.000,213.632,0.0000,-0.0954,0.0000,7.1022,-5.366,31.26,46.0,3,0
63356231,199.948,213.676,-0.9000,0.7805,-15.4366,-1.4859,-5.366,31.26,46.0,3,0
63356931,199.948,213.698,0.0000,0.2922,15.2940,-10.2433,-5.366,31.26,46.0,3,0
63357898,200.000,213.610,0.9000,-1.0262,15.4366,5.0071,-5.366,31.26,46.0,3,0
63358900,200.000,213.632,0.0000,-0.0862,0.0000,7.1824,-5.366,31.26,46.0,3,0
63359897,199.948,213.676,-0.9000,0.8522,-15.4366,-1.4222,-5.366,31.26,46.0,3,0
63361223,199.948,213.676,0.0000,0.1656,15.2940,-10.2048,-5.366,31.26,46.0,3,0
63361898,200.000,213.610,0.9000,-1.0140,15.4366,5.0368,-5.366,31.26,46.0,3,0
63362900,200.000,213.632,0.0000,-0.0099,0.0000,7.1890,-5.366,31.26,46.0,3,0
63364228,199.948,213.676,-0.9000,0.6950,-15.4366,-1.4178,-5.366,31.26,46.0,3,0
63364562,199.948,213.698,0.0000,0.8019,15.2940,-3.9711,-5.366,31.26,46.0,3,0
63365898,200.000,213.676,0.9000,0.2770,15.4366,-10.2564,-5.366,31.26,46.0,3,0
63366579,200.000,213.610,0.0000,-1.0658,0.0000,5.0642,-5.366,31.26,46.0,3,0
63367945,199.948,213.632,-0.9000,-0.0786,-15.4366,7.1879,-5.366,31.26,46.0,3,0
63368875,199.948,213.698,0.0000,0.3548,15.2940,-10.0027,-5.366,31.26,46.0,3,0
63369836,200.000,213.632,0.9000,-0.9178,15.4366,4.9577,-5.366,31.26,46.0,3,0
63371162,200.000,213.632,0.0000,0.0740,0.0000,7.1033,-5.366,31.26,46.0,3,0
63371837,199.948,213.698,-0.9000,0.9514,-15.4366,-1.5189,-5.366,31.26,46.0,3,0
63372836,199.948,213.698,0.0000,0.2983,15.2940,-10.3015,-5.366,31.26,46.0,3,0
63373838,200.000,213.632,0.9000,-0.9789,15.4366,5.0357,-5.366,31.26,46.0,3,0
63374912,200.000,213.654,0.0000,0.0557,0.0000,7.0506,-5.366,31.26,46.0,3,0
63376222,199.948,213.698,-0.9000,0.8446,-15.4366,-1.5573,-5.366,31.26,46.0,3,0
63376896,199.948,213.720,0.0000,0.3639,15.2940,-10.3224,-5.366,31.26,46.0,3,0
63377899,200.000,213.654,0.9000,-1.0994,15.4366,4.9796,-5.366,31.26,46.0,3,0
63378907,200.000,213.676,0.0000,-0.0450,0.0000,7.2659,-5.366,31.26,46.0,3,0
63379900,199.948,213.720,-0.9000,0.9453,-15.4366,-1.5683,-5.366,31.26,46.0,3,0
63381226,199.948,213.742,0.0000,0.3655,15.2940,-10.3158,-5.366,31.26,46.0,3,0
63381894,200.000,213.654,0.9000,-1.0719,15.4366,5.0104,-5.366,31.26,46.0,3,0
63382904,200.000,213.676,0.0000,0.0771,0.0000,7.2967,-5.366,31.26,46.0,3,0
63384215,199.948,213.742,-0.9000,0.9361,-15.4366,-1.5101,-5.366,31.26,46.0,3,0
63384579,199.948,213.742,0.0000,0.9453,15.2940,-4.1644,-5.366,31.26,46.0,3,0
63385929,200.000,213.742,0.9000,0.3227,15.4366,-10.3916,-5.366,31.26,46.0,3,0
63386608,200.000,213.676,0.0000,-1.0384,0.0000,5.1126,-5.366,31.26,46.0,3,0
63387872,199.948,213.676,-0.9000,0.0923,-15.4366,7.3307,-5.366,31.26,46.0,3,0
63388836,199.948,213.742,0.0000,0.2708,15.2940,-10.4806,-5.366,31.26,46.0,3,0
63389834,200.000,213.676,0.9000,-1.0658,15.4366,5.1137,-5.366,31.26,46.0,3,0
63391164,200.000,213.676,0.0000,-0.0343,0.0000,7.3121,-5.366,31.26,46.0,3,0
63391835,199.948,213.742,-0.9000,1.0597,-15.4366,-1.5672,-5.366,31.26,46.0,3,0
63392912,199.948,213.764,0.0000,0.1930,15.2940,-10.6465,-5.366,31.26,46.0,3,0
63393897,200.000,213.676,0.9000,-1.0750,15.4366,5.2971,-5.366,31.26,46.0,3,0
63394895,200.000,213.698,0.0000,-0.0053,0.0000,7.3505,-5.366,31.26,46.0,3,0
63396236,199.948,213.742,-0.9000,0.8553,-15.4366,-1.5167,-5.366,31.26,46.0,3,0
63396899,199.948,213.742,0.0000,0.1869,15.2940,-10.3707,-5.366,31.26,46.0,3,0
63397900,200.000,213.676,0.9000,-1.2505,15.4366,5.1532,-5.366,31.26,46.0,3,0
63398898,200.000,213.676,0.0000,-0.0114,0.0000,7.2582,-5.366,31.26,46.0,3,0
63399902,199.948,213.742,-0.9000,0.9163,-15.4366,-1.5452,-5.366,31.26,46.0,3,0
63401225,199.948,213.742,0.0000,0.3120,15.2940,-10.3191,-5.366,31.26,46.0,3,0
63401895,200.000,213.676,0.9000,-1.0643,15.4366,5.0752,-5.366,31.26,46.0,3,0
63402917,200.000,213.698,0.0000,0.0099,0.0000,7.3395,-5.366,31.26,46.0,3,0
63404158,199.948,213.742,-0.9000,0.7576,-15.4366,-1.2618,-5.366,31.26,46.0,3,0
63404547,199.948,213.742,0.0000,0.7362,15.2940,-4.0864,-5.366,31.26,46.0,3,0
63405865,200.000,213.742,0.9000,0.3380,15.4366,-10.3982,-5.366,31.26,46.0,3,0
63406877,200.000,213.676,0.0000,0.0832,0.0000,7.3461,-5.366,31.26,46.0,3,0
63408160,199.948,213.742,-0.9000,0.9560,-15.4366,-1.5485,-5.366,31.26,46.0,3,0
63408876,199.948,213.742,0.0000,0.3105,15.2940,-10.3136,-5.366,31.26,46.0,3,0
63409912,200.000,213.676,0.9000,-1.0231,15.4366,5.6476,-5.366,31.26,46.0,3,0
63411221,200.000,213.698,0.0000,-0.0252,0.0000,7.1824,-5.366,31.26,46.0,3,0
63411893,199.948,213.742,-0.9000,0.9117,-15.4366,-1.5463,-5.366,31.26,46.0,3,0
63412899,199.948,213.764,0.0000,0.3868,15.2940,-10.3872,-5.366,31.26,46.0,3,0
63413894,200.000,213.698,0.9000,-0.9575,15.4366,5.1862,-5.366,31.26,46.0,3,0
63414910,200.000,213.698,0.0000,-0.0038,0.0000,7.3055,-5.366,31.26,46.0,3,0
63416220,199.948,213.764,-0.9000,0.9575,-15.4366,-1.5584,-5.366,31.26,46.0,3,0
63416893,199.948,213.764,0.0000,0.2647,15.2940,-10.3432,-5.366,31.26,46.0,3,0
63417900,200.000,213.676,0.9000,-1.0384,15.4366,5.1697,-5.366,31.26,46.0,3,0
63418899,200.000,213.698,0.0000,0.0893,0.0000,7.3066,-5.366,31.26,46.0,3,0
63419901,199.948,213.764,-0.9000,0.9041,-15.4366,-1.5837,-5.366,31.26,46.0,3,0
63421220,199.948,213.764,0.0000,0.3456,15.2940,-10.3762,-5.366,31.26,46.0,3,0
63421900,200.000,213.698,0.9000,-1.1696,15.4366,5.1642,-5.366,31.26,46.0,3,0
63422877,200.000,213.698,0.0000,-0.0648,0.0000,7.4252,-5.366,31.26,46.0,3,0
63424144,199.948,213.764,-0.9000,0.7851,-15.4366,-1.5057,-5.366,31.26,46.0,3,0
63424547,199.948,213.764,0.0000,0.8080,15.2940,-4.1260,-5.366,31.26,46.0,3,0
63425921,200.000,213.764,0.9000,0.2190,15.4366,-10.3564,-5.366,31.26,46.0,3,0
63426583,200.000,213.676,0.0000,-1.0246,0.0000,5.6553,-5.366,31.26,46.0,3,0
63427899,199.948,213.698,-0.9000,-0.0893,-15.4366,7.1209,-5.366,31.26,46.0,3,0
63428579,199.948,213.764,0.0000,0.9987,15.2940,-1.6112,-5.366,31.26,46.0,3,0
63429582,200.000,213.764,0.9000,0.2174,15.4366,-10.3817,-5.366,31.26,46.0,3,0
63430893,200.000,213.698,0.0000,-1.0994,0.0000,5.1027,-5.366,31.26,46.0,3,0
63431582,199.948,213.720,-0.9000,0.0008,-15.4366,7.3868,-5.366,31.26,46.0,3,0
63432579,199.948,213.764,0.0000,0.7897,15.2940,-1.5804,-5.366,31.26,46.0,3,0
63433576,200.000,213.764,0.9000,0.2098,15.4366,-10.3696,-5.366,31.26,46.0,3,0
63434577,200.000,213.676,0.0000,-1.1681,0.0000,5.1148,-5.366,31.26,46.0,3,0
63435892,199.948,213.698,-0.9000,-0.0893,-15.4366,7.3780,-5.366,31.26,46.0,3,0
63436578,199.948,213.764,0.0000,0.8980,15.2940,-1.5606,-5.366,31.26,46.0,3,0
63437582,200.000,213.764,0.9000,0.3899,15.4366,-10.3037,-5.366,31.26,46.0,3,0
63438577,200.000,213.698,0.0000,-0.9911,0.0000,5.1203,-5.366,31.26,46.0,3,0
63439575,199.948,213.720,-0.9000,-0.0175,-15.4366,7.3769,-5.366,31.26,46.0,3,0
63440896,199.948,213.764,0.0000,0.8202,15.2940,-1.5639,-5.366,31.26,46.0,3,0
63441552,200.000,213.764,0.9000,0.2556,15.4366,-10.3641,-5.366,31.26,46.0,3,0
63442552,200.000,213.698,0.0000,-1.0918,0.0000,4.5731,-5.366,31.26,46.0,3,0
63443884,199.948,213.720,-0.9000,0.0023,-15.4366,7.5043,-5.366,31.26,46.0,3,0
63444569,199.948,213.764,0.0000,0.8064,15.2940,-1.7990,-5.366,31.26,46.0,3,0
63445884,200.000,213.764,0.9000,0.7652,15.4366,-2.3835,-5.366,31.26,46.0,3,0
63446580,200.000,213.698,0.0000,-1.0658,0.0000,5.1565,-5.366,31.26,46.0,3,0
63447873,199.948,213.698,-0.9000,-0.0633,-15.4366,7.3395,-5.366,31.26,46.0,3,0
63448648,199.948,213.742,0.0000,0.7576,15.2940,-1.3684,-5.366,31.26,46.0,3,0
63449599,200.000,213.742,0.9000,0.1183,15.4366,-10.8409,-5.366,31.26,46.0,3,0
63450870,200.000,213.676,0.0000,-1.2230,0.0000,4.7291,-5.366,31.26,46.0,3,0
63451548,199.948,213.676,-0.9000,-0.3273,-15.4366,7.7054,-5.366,31.26,46.0,3,0
63452552,199.948,213.720,0.0000,0.5577,15.2940,-1.3739,-5.366,31.26,46.0,3,0
63453614,200.000,213.720,0.9000,0.1915,15.4366,-10.2784,-5.366,31.26,46.0,3,0
63454578,200.000,213.632,0.0000,-1.2001,0.0000,5.6092,-5.366,31.26,46.0,3,0
63455892,199.948,213.654,-0.9000,0.0694,-15.4366,7.1154,-5.366,31.26,46.0,3,0
63456607,199.948,213.698,0.0000,0.6477,15.2940,-1.4837,-5.366,31.26,46.0,3,0
63457586,200.000,213.698,0.9000,0.1213,15.4366,-10.2180,-5.366,31.26,46.0,3,0
63458582,200.000,213.632,0.0000,-1.2123,0.0000,4.9994,-5.366,31.26,46.0,3,0
63459580,199.948,213.632,-0.9000,-0.1534,-15.4366,7.1857,-5.366,31.26,46.0,3,0
63460914,199.948,213.676,0.0000,0.7927,15.2940,-1.4178,-5.366,31.26,46.0,3,0
63461621,200.000,213.676,0.9000,0.2068,15.4366,-10.2169,-5.366,31.26,46.0,3,0
63462553,200.000,213.610,0.0000,-1.1025,0.0000,5.0280,-5.366,31.26,46.0,3,0
63463866,199.948,213.610,-0.9000,-0.0816,-15.4366,7.2110,-5.366,31.26,46.0,3,0
63464614,199.948,213.676,0.0000,0.7683,15.2940,-1.4255,-5.366,31.26,46.0,3,0
63465896,200.000,213.676,0.9000,0.8370,15.4366,-2.0902,-5.366,31.26,46.0,3,0
63466578,200.000,213.610,0.0000,-0.8904,0.0000,5.1049,-5.366,31.26,46.0,3,0
63467899,199.948,213.610,-0.9000,-0.1442,-15.4366,7.1429,-5.366,31.26,46.0,3,0
63468580,199.948,213.676,0.0000,0.8339,15.2940,-1.3914,-5.366,31.26,46.0,3,0
63469583,200.000,213.654,0.9000,0.2556,15.4366,-10.1993,-5.366,31.26,46.0,3,0
63470895,200.000,213.588,0.0000,-1.1025,0.0000,4.9961,-5.366,31.26,46.0,3,0
63471578,199.948,213.610,-0.9000,-0.0145,-15.4366,7.1286,-5.366,31.26,46.0,3,0
63472583,199.948,213.654,0.0000,0.8675,15.2940,-1.4178,-5.366,31.26,46.0,3,0
63473577,200.000,213.676,0.9000,0.2083,15.4366,-10.2345,-5.366,31.26,46.0,3,0
63474575,200.000,213.610,0.0000,-0.9407,0.0000,5.0192,-5.366,31.26,46.0,3,0
63475894,199.948,213.610,-0.9000,-0.0511,-15.4366,7.1154,-5.366,31.26,46.0,3,0
63476580,199.948,213.654,0.0000,0.7439,15.2940,-1.4716,-5.366,31.26,46.0,3,0
63477582,200.000,213.654,0.9000,0.1457,15.4366,-10.1982,-5.366,31.26,46.0,3,0
63478577,200.000,213.588,0.0000,-1.0277,0.0000,4.9599,-5.366,31.26,46.0,3,0
63479575,199.948,213.610,-0.9000,-0.0328,-15.4366,7.1330,-5.366,31.26,46.0,3,0
63480866,199.948,213.654,0.0000,0.7866,15.2940,-1.4189,-5.366,31.26,46.0,3,0
63481573,200.000,213.676,0.9000,0.3304,15.4366,-9.9598,-5.366,31.26,46.0,3,0
63482577,200.000,213.610,0.0000,-0.8812,0.0000,5.3817,-5.366,31.26,46.0,3,0
63483884,199.948,213.632,-0.9000,0.2022,-15.4366,6.8924,-5.366,31.26,46.0,3,0
63484573,199.948,213.676,0.0000,0.7637,15.2940,-1.4705,-5.366,31.26,46.0,3,0
63485892,200.000,213.698,0.9000,0.7973,15.4366,-2.0858,-5.366,31.26,46.0,3,0
63486551,200.000,213.632,0.0000,-0.9804,0.0000,4.9697,-5.366,31.26,46.0,3,0
63487935,199.948,213.654,-0.9000,0.0099,-15.4366,7.1901,-5.366,31.26,46.0,3,0
63488548,199.948,213.698,0.0000,0.8461,15.2940,-1.4969,-5.366,31.26,46.0,3,0
63489562,200.000,213.698,0.9000,0.2373,15.4366,-10.2883,-5.366,31.26,46.0,3,0
63490864,200.000,213.654,0.0000,-1.0368,0.0000,5.0873,-5.366,31.26,46.0,3,0
63491599,199.948,213.654,-0.9000,-0.0160,-15.4366,7.1681,-5.366,31.26,46.0,3,0
63492553,199.948,213.720,0.0000,0.8476,15.2940,-1.5518,-5.366,31.26,46.0,3,0
63493558,200.000,213.720,0.9000,0.1381,15.4366,-10.3663,-5.366,31.26,46.0,3,0
63494547,200.000,213.654,0.0000,-0.9377,0.0000,5.0972,-5.366,31.26,46.0,3,0
63495914,199.948,213.676,-0.9000,0.0252,-15.4366,7.2637,-5.366,31.26,46.0,3,0
63496550,199.948,213.742,0.0000,1.0170,15.2940,-1.6287,-5.366,31.26,46.0,3,0
63497563,200.000,213.742,0.9000,0.3136,15.4366,-10.3773,-5.366,31.26,46.0,3,0
63498547,200.000,213.676,0.0000,-0.9545,0.0000,5.0840,-5.366,31.26,46.0,3,0
63499655,199.948,213.698,-0.9000,0.0145,-15.4366,7.2967,-5.366,31.26,46.0,3,0
63500872,199.948,213.742,0.0000,0.9911,15.2940,-1.7749,-5.366,31.26,46.0,3,0
63501547,200.000,213.764,0.9000,0.3243,15.4366,-10.0521,-5.366,31.26,46.0,3,0
63502552,200.000,213.698,0.0000,-0.9850,0.0000,4.8148,-5.366,31.26,46.0,3,0
63503861,199.948,213.720,-0.9000,0.2022,-15.4366,7.0583,-5.366,31.26,46.0,3,0
63504616,199.948,213.786,0.0000,1.0323,15.2940,-1.4464,-5.366,31.26,46.0,3,0
63505896,200.000,213.786,0.9000,0.9285,15.4366,-2.6285,-5.366,31.26,46.0,3,0
63506580,200.000,213.720,0.0000,-0.8980,0.0000,5.1829,-5.366,31.26,46.0,3,0
63507925,199.948,213.742,-0.9000,0.0664,-15.4366,7.4351,-5.366,31.26,46.0,3,0
63508583,199.948,213.786,0.0000,0.8812,15.2940,-1.5914,-5.366,31.26,46.0,3,0
63509585,200.000,213.808,0.9000,0.3105,15.4366,-10.2762,-5.366,31.26,46.0,3,0
63510896,200.000,213.742,0.0000,-0.9987,0.0000,5.1214,-5.366,31.26,46.0,3,0
63511582,199.948,213.742,-0.9000,-0.0282,-15.4366,7.3450,-5.366,31.26,46.0,3,0
63512620,199.948,213.808,0.0000,0.9957,15.2940,-1.6189,-5.366,31.26,46.0,3,0
63513599,200.000,213.808,0.9000,0.3380,15.4366,-10.2927,-5.366,31.26,46.0,3,0
63514547,200.000,213.742,0.0000,-1.0597,0.0000,5.1697,-5.366,31.26,46.0,3,0
63515866,199.948,213.764,-0.9000,0.1411,-15.4366,7.3395,-5.366,31.26,46.0,3,0
63516548,199.948,213.808,0.0000,0.7469,15.2940,-1.4574,-5.366,31.26,46.0,3,0
63517615,200.000,213.830,0.9000,0.2434,15.4366,-10.5553,-5.366,31.26,46.0,3,0
63518580,200.000,213.764,0.0000,-1.0903,0.0000,5.2378,-5.366,31.26,46.0,3,0
63519578,199.948,213.764,-0.9000,-0.1686,-15.4366,7.3274,-5.366,31.26,46.0,3,0
63520918,199.948,213.830,0.0000,0.8934,15.2940,-1.6167,-5.366,31.26,46.0,3,0
63521573,200.000,213.830,0.9000,0.1686,15.4366,-10.3015,-5.366,31.26,46.0,3,0
63522586,200.000,213.764,0.0000,-1.0933,0.0000,5.1510,-5.366,31.26,46.0,3,0
63523896,199.948,213.764,-0.9000,-0.0282,-15.4366,7.2769,-5.366,31.26,46.0,3,0
63524585,199.948,213.830,0.0000,0.8736,15.2940,-1.6145,-5.366,31.26,46.0,3,0
63525945,200.000,213.830,0.9000,0.8339,15.4366,-2.2846,-5.366,31.26,46.0,3,0
63526554,200.000,213.764,0.0000,-0.9895,0.0000,5.0357,-5.366,31.26,46.0,3,0
63527867,199.948,213.764,-0.9000,-0.1060,-15.4366,7.3329,-5.366,31.26,46.0,3,0
63528614,199.948,213.830,0.0000,0.7378,15.2940,-1.3552,-5.366,31.26,46.0,3,0
63529582,200.000,213.830,0.9000,0.2464,15.4366,-10.5355,-5.366,31.26,46.0,3,0
63530892,200.000,213.742,0.0000,-1.0613,0.0000,5.2136,-5.366,31.26,46.0,3,0
63531579,199.948,213.764,-0.9000,-0.0923,-15.4366,7.3868,-5.366,31.26,46.0,3,0
63532580,199.948,213.808,0.0000,0.7881,15.2940,-1.5837,-5.366,31.26,46.0,3,0
63533576,200.000,213.808,0.9000,0.1946,15.4366,-10.2389,-5.366,31.26,46.0,3,0
63534576,200.000,213.742,0.0000,-1.1421,0.0000,5.1148,-5.366,31.26,46.0,3,0
63535892,199.948,213.742,-0.9000,-0.0481,-15.4366,7.3516,-5.366,31.26,46.0,3,0
63536578,199.948,213.808,0.0000,0.7424,15.2940,-1.6562,-5.366,31.26,46.0,3,0
63537581,200.000,213.808,0.9000,0.3014,15.4366,-10.2334,-5.366,31.26,46.0,3,0
63538575,200.000,213.720,0.0000,-1.0033,0.0000,5.1906,-5.366,31.26,46.0,3,0
63539577,199.948,213.742,-0.9000,-0.1045,-15.4366,7.3373,-5.366,31.26,46.0,3,0
63540894,199.948,213.786,0.0000,0.8721,15.2940,-1.6178,-5.366,31.26,46.0,3,0
63541579,200.000,213.786,0.9000,0.1595,15.4366,-10.3125,-5.366,31.26,46.0,3,0
63542587,200.000,213.720,0.0000,-0.9621,0.0000,5.2169,-5.366,31.26,46.0,3,0
63543863,199.948,213.742,-0.9000,-0.0114,-15.4366,7.3406,-5.366,31.26,46.0,3,0
63544548,199.948,213.786,0.0000,0.7973,15.2940,-1.5892,-5.366,31.26,46.0,3,0
63545885,200.000,213.786,0.9000,0.8186,15.4366,-2.2704,-5.366,31.26,46.0,3,0
63546574,200.000,213.720,0.0000,-1.1284,0.0000,5.1444,-5.366,31.26,46.0,3,0
63547891,199.948,213.720,-0.9000,-0.1030,-15.4366,7.3582,-5.366,31.26,46.0,3,0
63548573,199.948,213.786,0.0000,0.7652,15.2940,-1.6419,-5.366,31.26,46.0,3,0
63549577,200.000,213.786,0.9000,0.1457,15.4366,-10.3290,-5.366,31.26,46.0,3,0
63550871,200.000,213.698,0.0000,-1.2184,0.0000,5.1532,-5.366,31.26,46.0,3,0
63551643,199.948,213.720,-0.9000,-0.1228,-15.4366,7.3692,-5.366,31.26,46.0,3,0
63552597,199.948,213.764,0.0000,0.7073,15.2940,-1.8298,-5.366,31.26,46.0,3,0
63553549,200.000,213.786,0.9000,0.2663,15.4366,-10.0367,-5.366,31.26,46.0,3,0
63554547,200.000,213.698,0.0000,-1.0658,0.0000,4.9763,-5.366,31.26,46.0,3,0
63555870,199.948,213.720,-0.9000,0.1183,-15.4366,7.3384,-5.366,31.26,46.0,3,0
63556614,199.948,213.786,0.0000,0.7652,15.2940,-1.3453,-5.366,31.26,46.0,3,0
63557581,200.000,213.764,0.9000,0.1717,15.4366,-10.6355,-5.366,31.26,46.0,3,0
63558593,200.000,213.698,0.0000,-1.2520,0.0000,5.2400,-5.366,31.26,46.0,3,0
63559586,199.948,213.720,-0.9000,-0.1396,-15.4366,7.4044,-5.366,31.26,46.0,3,0
63560895,199.948,213.764,0.0000,0.7729,15.2940,-1.5452,-5.366,31.26,46.0,3,0
63561582,200.000,213.764,0.9000,0.1503,15.4366,-10.3509,-5.366,31.26,46.0,3,0
63562585,200.000,213.676,0.0000,-1.1406,0.0000,5.1477,-5.366,31.26,46.0,3,0
63563926,199.948,213.698,-0.9000,-0.0755,-15.4366,7.3373,-5.366,31.26,46.0,3,0
63564611,199.948,213.764,0.0000,0.7424,15.2940,-3.6041,-5.366,31.26,46.0,3,0
63565870,200.000,213.764,0.9000,0.3563,15.4366,-10.3443,-5.366,31.26,46.0,3,0
63566548,200.000,213.676,0.0000,-1.1650,0.0000,5.1818,-5.366,31.26,46.0,3,0
63567937,199.948,213.698,-0.9000,-0.0542,-15.4366,7.3000,-5.366,31.26,46.0,3,0
63568889,199.948,213.742,0.0000,0.2068,15.2940,-10.3663,-5.366,31.26,46.0,3,0
63569890,200.000,213.676,0.9000,-1.1025,15.4366,5.1301,-5.366,31.26,46.0,3,0
63571216,200.000,213.698,0.0000,-0.1473,0.0000,7.2670,-5.366,31.26,46.0,3,0
63571892,199.948,213.742,-0.9000,0.9377,-15.4366,-1.5255,-5.366,31.26,46.0,3,0
63572890,199.948,213.742,0.0000,0.1442,15.2940,-10.3421,-5.366,31.26,46.0,3,0
63573894,200.000,213.676,0.9000,-1.0887,15.4366,5.0741,-5.366,31.26,46.0,3,0
63574893,200.000,213.698,0.0000,-0.0465,0.0000,7.2912,-5.366,31.26,46.0,3,0
63576216,199.948,213.742,-0.9000,0.8751,-15.4366,-1.5200,-5.366,31.26,46.0,3,0
63576889,199.948,213.742,0.0000,0.2388,15.2940,-10.2993,-5.366,31.26,46.0,3,0
63577890,200.000,213.676,0.9000,-1.1513,15.4366,5.0851,-5.366,31.26,46.0,3,0
63578892,200.000,213.676,0.0000,-0.0313,0.0000,7.2912,-5.366,31.26,46.0,3,0
63579892,199.948,213.742,-0.9000,0.7530,-15.4366,-1.5562,-5.366,31.26,46.0,3,0
63581217,199.948,213.742,0.0000,0.3319,15.2940,-10.3235,-5.366,31.26,46.0,3,0
63581890,200.000,213.676,0.9000,-1.1833,15.4366,5.0928,-5.366,31.26,46.0,3,0
63582890,200.000,213.676,0.0000,-0.0725,0.0000,7.2747,-5.366,31.26,46.0,3,0
63584211,199.948,213.742,-0.9000,0.7591,-15.4366,-1.5277,-5.366,31.26,46.0,3,0
63584576,199.948,213.742,0.0000,0.8949,15.2940,-4.1249,-5.366,31.26,46.0,3,0
63585895,200.000,213.742,0.9000,0.2876,15.4366,-10.3498,-5.366,31.26,46.0,3,0
63586581,200.000,213.654,0.0000,-1.1772,0.0000,5.0730,-5.366,31.26,46.0,3,0
63587902,199.948,213.676,-0.9000,-0.0999,-15.4366,7.3055,-5.366,31.26,46.0,3,0
63588577,199.948,213.742,0.0000,0.9911,15.2940,-1.5639,-5.366,31.26,46.0,3,0
63589556,200.000,213.742,0.9000,0.2403,15.4366,-10.3674,-5.366,31.26,46.0,3,0
63590886,200.000,213.676,0.0000,-1.0613,0.0000,5.1785,-5.366,31.26,46.0,3,0
63591574,199.948,213.676,-0.9000,-0.0633,-15.4366,7.2923,-5.366,31.26,46.0,3,0
63592576,199.948,213.742,0.0000,0.9209,15.2940,-1.5277,-5.366,31.26,46.0,3,0
63593558,200.000,213.742,0.9000,0.2342,15.4366,-10.3828,-5.366,31.26,46.0,3,0
63594547,200.000,213.676,0.0000,-1.0506,0.0000,4.4995,-5.366,31.26,46.0,3,0
63595868,199.948,213.676,-0.9000,-0.1106,-15.4366,7.3110,-5.366,31.26,46.0,3,0
63596612,199.948,213.742,0.0000,0.9438,15.2940,-1.4947,-5.366,31.26,46.0,3,0
63597555,200.000,213.742,0.9000,0.2190,15.4366,-10.6717,-5.366,31.26,46.0,3,0
63598558,200.000,213.654,0.0000,-1.2032,0.0000,5.2202,-5.366,31.26,46.0,3,0
63599547,199.948,213.676,-0.9000,-0.1122,-15.4366,7.3560,-5.366,31.26,46.0,3,0
63600911,199.948,213.720,0.0000,0.8171,15.2940,-1.5354,-5.366,31.26,46.0,3,0
63601552,200.000,213.720,0.9000,0.2831,15.4366,-10.3015,-5.366,31.26,46.0,3,0
63602656,200.000,213.654,0.0000,-1.0872,0.0000,5.0423,-5.366,31.26,46.0,3,0
63603862,199.948,213.654,-0.9000,-0.0999,-15.4366,7.1615,-5.366,31.26,46.0,3,0
63604548,199.948,213.720,0.0000,0.9026,15.2940,-1.2981,-5.366,31.26,46.0,3,0
63605866,200.000,213.720,0.9000,0.9102,15.4366,-2.1034,-5.366,31.26,46.0,3,0
63606548,200.000,213.654,0.0000,-1.0430,0.0000,5.0939,-5.366,31.26,46.0,3,0
63607937,199.948,213.676,-0.9000,-0.0389,-15.4366,7.2934,-5.366,31.26,46.0,3,0
63608887,199.948,213.742,0.0000,0.3212,15.2940,-10.3553,-5.366,31.26,46.0,3,0
63609891,200.000,213.654,0.9000,-1.0948,15.4366,5.1038,-5.366,31.26,46.0,3,0
63611223,200.000,213.676,0.0000,-0.0740,0.0000,7.3000,-5.366,31.26,46.0,3,0
63611893,199.948,213.742,-0.9000,0.8003,-15.4366,-1.4958,-5.366,31.26,46.0,3,0
63612893,199.948,213.742,0.0000,0.3792,15.2940,-10.3861,-5.366,31.26,46.0,3,0
63613892,200.000,213.654,0.9000,-1.1070,15.4366,5.1686,-5.366,31.26,46.0,3,0
63614894,200.000,213.676,0.0000,-0.0984,0.0000,7.2879,-5.366,31.26,46.0,3,0
63616215,199.948,213.742,-0.9000,0.8064,-15.4366,-1.5420,-5.366,31.26,46.0,3,0
63616887,199.948,213.742,0.0000,0.3517,15.2940,-10.3971,-5.366,31.26,46.0,3,0
63617897,200.000,213.676,0.9000,-1.0750,15.4366,5.1444,-5.366,31.26,46.0,3,0
63618887,200.000,213.676,0.0000,-0.0267,0.0000,7.3176,-5.366,31.26,46.0,3,0
63619894,199.948,213.742,-0.9000,0.8934,-15.4366,-1.5705,-5.366,31.26,46.0,3,0
63621284,199.948,213.742,0.0000,0.2144,15.2940,-10.6179,-5.366,31.26,46.0,3,0
63621878,200.000,213.676,0.9000,-1.0872,15.4366,4.5577,-5.366,31.26,46.0,3,0
63622877,200.000,213.676,0.0000,-0.0130,0.0000,7.5142,-5.366,31.26,46.0,3,0
63624185,199.948,213.720,-0.9000,0.7012,-15.4366,-1.4672,-5.366,31.26,46.0,3,0
63624547,199.948,213.742,0.0000,0.7408,15.2940,-4.6566,-5.366,31.26,46.0,3,0
63625928,200.000,213.720,0.9000,0.2052,15.4366,-10.6311,-5.366,31.26,46.0,3,0
63626887,200.000,213.654,0.0000,-0.0755,0.0000,7.3055,-5.366,31.26,46.0,3,0
63628214,199.948,213.698,-0.9000,0.6737,-15.4366,-1.4936,-5.366,31.26,46.0,3,0
63628886,199.948,213.720,0.0000,0.2510,15.2940,-10.2213,-5.366,31.26,46.0,3,0
63629889,200.000,213.632,0.9000,-1.0796,15.4366,4.9818,-5.366,31.26,46.0,3,0
63631214,200.000,213.632,0.0000,-0.1198,0.0000,7.2461,-5.366,31.26,46.0,3,0
63631887,199.948,213.698,-0.9000,0.7515,-15.4366,-1.4607,-5.366,31.26,46.0,3,0
63632889,199.948,213.698,0.0000,0.2113,15.2940,-10.2268,-5.366,31.26,46.0,3,0
63633891,200.000,213.632,0.9000,-0.9987,15.4366,5.0104,-5.366,31.26,46.0,3,0
63634892,200.000,213.632,0.0000,-0.1244,0.0000,7.2505,-5.366,31.26,46.0,3,0
63636213,199.948,213.676,-0.9000,0.7393,-15.4366,-1.4815,-5.366,31.26,46.0,3,0
63636888,199.948,213.698,0.0000,0.2876,15.2940,-10.2026,-5.366,31.26,46.0,3,0
63637887,200.000,213.610,0.9000,-1.0796,15.4366,5.0379,-5.366,31.26,46.0,3,0
63638889,200.000,213.632,0.0000,0.0710,0.0000,7.2242,-5.366,31.26,46.0,3,0
63639889,199.948,213.698,-0.9000,0.8827,-15.4366,-1.5068,-5.366,31.26,46.0,3,0
63641214,199.948,213.676,0.0000,0.1244,15.2940,-10.1916,-5.366,31.26,46.0,3,0
63641884,200.000,213.632,0.9000,-1.1131,15.4366,5.0598,-5.366,31.26,46.0,3,0
63642889,200.000,213.632,0.0000,-0.0420,0.0000,7.1297,-5.366,31.26,46.0,3,0
63644205,199.948,213.676,-0.9000,0.8446,-15.4366,-1.4310,-5.366,31.26,46.0,3,0
63644577,199.948,213.698,0.0000,0.7713,15.2940,-4.0414,-5.366,31.26,46.0,3,0
63645895,200.000,213.698,0.9000,0.3288,15.4366,-10.2861,-5.366,31.26,46.0,3,0
63646580,200.000,213.610,0.0000,-1.0521,0.0000,5.0104,-5.366,31.26,46.0,3,0
63647893,199.948,213.632,-0.9000,-0.0832,-15.4366,7.2220,-5.366,31.26,46.0,3,0
63648550,199.948,213.698,0.0000,0.9529,15.2940,-1.4991,-5.366,31.26,46.0,3,0
63649576,200.000,213.698,0.9000,0.2831,15.4366,-10.3125,-5.366,31.26,46.0,3,0
63650885,200.000,213.632,0.0000,-0.9560,0.0000,5.0455,-5.366,31.26,46.0,3,0
63651574,199.948,213.632,-0.9000,-0.0298,-15.4366,7.2286,-5.366,31.26,46.0,3,0
63652576,199.948,213.698,0.0000,0.9148,15.2940,-1.4980,-5.366,31.26,46.0,3,0
63653577,200.000,213.676,0.9000,0.1183,15.4366,-10.2806,-5.366,31.26,46.0,3,0
63654550,200.000,213.632,0.0000,-0.8934,0.0000,4.9972,-5.366,31.26,46.0,3,0
63655971,199.948,213.632,-0.9000,-0.0389,-15.4366,7.1407,-5.366,31.26,46.0,3,0
63656553,199.948,213.698,0.0000,0.8247,15.2940,-1.6309,-5.366,31.26,46.0,3,0
63657552,200.000,213.698,0.9000,0.3426,15.4366,-9.9554,-5.366,31.26,46.0,3,0
63658547,200.000,213.632,0.0000,-0.9575,0.0000,4.8698,-5.366,31.26,46.0,3,0
63659547,199.948,213.654,-0.9000,0.0694,-15.4366,7.1506,-5.366,31.26,46.0,3,0
63660932,199.948,213.720,0.0000,0.9804,15.2940,-1.4629,-5.366,31.26,46.0,3,0
63661885,200.000,213.654,0.9000,-0.9850,15.4366,5.0488,-5.366,31.26,46.0,3,0
63662892,200.000,213.676,0.0000,-0.0191,0.0000,7.3077,-5.366,31.26,46.0,3,0
63664219,199.948,213.720,-0.9000,0.8263,-15.4366,-1.5672,-5.366,31.26,46.0,3,0
63664563,199.948,213.742,0.0000,0.8919,15.2940,-4.1622,-5.366,31.26,46.0,3,0
63665897,200.000,213.742,0.9000,0.2937,15.4366,-10.3872,-5.366,31.26,46.0,3,0
63666581,200.000,213.654,0.0000,-1.0689,0.0000,5.1642,-5.366,31.26,46.0,3,0
63667902,199.948,213.676,-0.9000,-0.0420,-15.4366,7.2516,-5.366,31.26,46.0,3,0
63668567,199.948,213.742,0.0000,0.9743,15.2940,-1.5672,-5.366,31.26,46.0,3,0
63669606,200.000,213.742,0.9000,0.3670,15.4366,-10.3740,-5.366,31.26,46.0,3,0
63670934,200.000,213.676,0.0000,-1.0857,0.0000,5.0840,-5.366,31.26,46.0,3,0
63671878,199.948,213.742,-0.9000,0.9865,-15.4366,-1.5991,-5.366,31.26,46.0,3,0
63672875,199.948,213.742,0.0000,0.2373,15.2940,-10.3773,-5.366,31.26,46.0,3,0
63673871,200.000,213.676,0.9000,-1.0857,15.4366,5.0598,-5.366,31.26,46.0,3,0
63674875,200.000,213.698,0.0000,0.0313,0.0000,7.3615,-5.366,31.26,46.0,3,0
63676197,199.948,213.742,-0.9000,0.8522,-15.4366,-1.5496,-5.366,31.26,46.0,3,0
63676901,199.948,213.742,0.0000,0.2770,15.2940,-10.3927,-5.366,31.26,46.0,3,0
63677888,200.000,213.676,0.9000,-1.0048,15.4366,5.0895,-5.366,31.26,46.0,3,0
63678889,200.000,213.698,0.0000,-0.0328,0.0000,7.3450,-5.366,31.26,46.0,3,0
63679898,199.948,213.764,-0.9000,0.9346,-15.4366,-1.6211,-5.366,31.26,46.0,3,0
63681212,199.948,213.764,0.0000,0.2327,15.2940,-10.3476,-5.366,31.26,46.0,3,0
63681882,200.000,213.698,0.9000,-1.1360,15.4366,5.0873,-5.366,31.26,46.0,3,0
63682893,200.000,213.698,0.0000,0.0008,0.0000,7.3274,-5.366,31.26,46.0,3,0
63684210,199.948,213.764,-0.9000,0.8797,-15.4366,-1.5925,-5.366,31.26,46.0,3,0
63684564,199.948,213.764,0.0000,0.8354,15.2940,-4.1919,-5.366,31.26,46.0,3,0
63685906,200.000,213.764,0.9000,0.2953,15.4366,-10.3388,-5.366,31.26,46.0,3,0
63686635,200.000,213.698,0.0000,-1.0201,0.0000,5.1818,-5.366,31.26,46.0,3,0
63687875,199.948,213.698,-0.9000,-0.1457,-15.4366,7.1506,-5.366,31.26,46.0,3,0
63688548,199.948,213.764,0.0000,1.0201,15.2940,-1.3629,-5.366,31.26,46.0,3,0
63689619,200.000,213.764,0.9000,0.2724,15.4366,-10.4344,-5.366,31.26,46.0,3,0
63690894,200.000,213.698,0.0000,-0.9514,0.0000,5.1269,-5.366,31.26,46.0,3,0
63691581,199.948,213.720,-0.9000,-0.0160,-15.4366,7.3626,-5.366,31.26,46.0,3,0
63692579,199.948,213.786,0.0000,0.8339,15.2940,-1.6035,-5.366,31.26,46.0,3,0
63693578,200.000,213.786,0.9000,0.3471,15.4366,-10.3454,-5.366,31.26,46.0,3,0
63694575,200.000,213.720,0.0000,-1.0445,0.0000,5.2038,-5.366,31.26,46.0,3,0
63695894,199.948,213.720,-0.9000,0.0908,-15.4366,7.3461,-5.366,31.26,46.0,3,0
63696579,199.948,213.786,0.0000,0.8431,15.2940,-1.6331,-5.366,31.26,46.0,3,0
63697582,200.000,213.786,0.9000,0.2815,15.4366,-10.2608,-5.366,31.26,46.0,3,0
63698577,200.000,213.720,0.0000,-1.0185,0.0000,5.1269,-5.366,31.26,46.0,3,0
63699577,199.948,213.742,-0.9000,0.0389,-15.4366,7.3692,-5.366,31.26,46.0,3,0
63700891,199.948,213.786,0.0000,0.9422,15.2940,-1.6408,-5.366,31.26,46.0,3,0
63701581,200.000,213.786,0.9000,0.1854,15.4366,-10.3169,-5.366,31.26,46.0,3,0
63702583,200.000,213.720,0.0000,-1.1162,0.0000,5.1071,-5.366,31.26,46.0,3,0
63703894,199.948,213.742,-0.9000,0.0343,-15.4366,7.3802,-5.366,31.26,46.0,3,0
63704551,199.948,213.808,0.0000,1.0307,15.2940,-1.6200,-5.366,31.26,46.0,3,0
63705865,200.000,213.808,0.9000,1.0170,15.4366,-2.3099,-5.366,31.26,46.0,3,0
63706572,200.000,213.720,0.0000,-1.1513,0.0000,5.1422,-5.366,31.26,46.0,3,0
63707888,199.948,213.742,-0.9000,-0.0114,-15.4366,7.3549,-5.366,31.26,46.0,3,0
63708573,199.948,213.786,0.0000,0.8171,15.2940,-1.5804,-5.366,31.26,46.0,3,0
63709575,200.000,213.786,0.9000,0.2388,15.4366,-10.2861,-5.366,31.26,46.0,3,0
63710887,200.000,213.720,0.0000,-0.9804,0.0000,5.1609,-5.366,31.26,46.0,3,0
63711552,199.948,213.742,-0.9000,-0.1991,-15.4366,7.3362,-5.366,31.26,46.0,3,0
63712662,199.948,213.786,0.0000,0.8568,15.2940,-1.6189,-5.366,31.26,46.0,3,0
63713552,200.000,213.786,0.9000,0.1747,15.4366,-10.5432,-5.366,31.26,46.0,3,0
63714547,200.000,213.720,0.0000,-1.1574,0.0000,4.6533,-5.366,31.26,46.0,3,0
63715869,199.948,213.720,-0.9000,-0.2434,-15.4366,7.5900,-5.366,31.26,46.0,3,0
63716547,199.948,213.764,0.0000,0.7439,15.2940,-1.5398,-5.366,31.26,46.0,3,0
63717621,200.000,213.764,0.9000,0.0481,15.4366,-10.3498,-5.366,31.26,46.0,3,0
63718577,200.000,213.698,0.0000,-1.1543,0.0000,5.1862,-5.366,31.26,46.0,3,0
63719606,199.948,213.698,-0.9000,-0.2083,-15.4366,7.3439,-5.366,31.26,46.0,3,0
63720895,199.948,213.764,0.0000,0.8888,15.2940,-1.6211,-5.366,31.26,46.0,3,0
63721583,200.000,213.764,0.9000,0.2510,15.4366,-10.3663,-5.366,31.26,46.0,3,0
63722587,200.000,213.676,0.0000,-1.2245,0.0000,5.1005,-5.366,31.26,46.0,3,0
63723893,199.948,213.698,-0.9000,-0.0511,-15.4366,7.3209,-5.366,31.26,46.0,3,0
63724566,199.948,213.742,0.0000,0.7683,15.2940,-1.5420,-5.366,31.26,46.0,3,0
63725946,200.000,213.764,0.9000,0.7912,15.4366,-2.2209,-5.366,31.26,46.0,3,0
63726552,200.000,213.676,0.0000,-1.0903,0.0000,5.6542,-5.366,31.26,46.0,3,0
63727865,199.948,213.676,-0.9000,-0.0587,-15.4366,7.2758,-5.366,31.26,46.0,3,0
63728549,199.948,213.742,0.0000,0.8232,15.2940,-1.4815,-5.366,31.26,46.0,3,0
63729552,200.000,213.742,0.9000,0.1350,15.4366,-10.3202,-5.366,31.26,46.0,3,0
63730926,200.000,213.654,0.0000,-1.0704,0.0000,5.1290,-5.366,31.26,46.0,3,0
63731885,199.948,213.720,-0.9000,0.7408,-15.4366,-1.5211,-5.366,31.26,46.0,3,0
63732887,199.948,213.720,0.0000,0.2266,15.2940,-10.2553,-5.366,31.26,46.0,3,0
63733895,200.000,213.654,0.9000,-1.0399,15.4366,5.0818,-5.366,31.26,46.0,3,0
63734890,200.000,213.676,0.0000,-0.0420,0.0000,7.2758,-5.366,31.26,46.0,3,0
63736211,199.948,213.698,-0.9000,0.6004,-15.4366,-1.5420,-5.366,31.26,46.0,3,0
63736880,199.948,213.720,0.0000,0.3777,15.2940,-10.2520,-5.366,31.26,46.0,3,0
63737890,200.000,213.654,0.9000,-1.1055,15.4366,5.1236,-5.366,31.26,46.0,3,0
63738885,200.000,213.654,0.0000,-0.0557,0.0000,7.2626,-5.366,31.26,46.0,3,0
63739890,199.948,213.698,-0.9000,0.7256,-15.4366,-1.5409,-5.366,31.26,46.0,3,0
63741275,199.948,213.720,0.0000,0.3029,15.2940,-10.5047,-5.366,31.26,46.0,3,0
63741877,200.000,213.654,0.9000,-1.1864,15.4366,4.5753,-5.366,31.26,46.0,3,0
63742875,200.000,213.632,0.0000,-0.2007,0.0000,7.4538,-5.366,31.26,46.0,3,0
63744198,199.948,213.698,-0.9000,0.8034,-15.4366,-1.4002,-5.366,31.26,46.0,3,0
63744547,199.948,213.698,0.0000,0.7698,15.2940,-4.0513,-5.366,31.26,46.0,3,0
63745861,200.000,213.698,0.9000,0.1808,15.4366,-10.2949,-5.366,31.26,46.0,3,0
63746549,200.000,213.632,0.0000,-1.1086,0.0000,5.0258,-5.366,31.26,46.0,3,0
63747932,199.948,213.632,-0.9000,-0.1198,-15.4366,7.2209,-5.366,31.26,46.0,3,0
63748880,199.948,213.676,0.0000,0.1595,15.2940,-10.2433,-5.366,31.26,46.0,3,0
63749884,200.000,213.610,0.9000,-1.0811,15.4366,4.9774,-5.366,31.26,46.0,3,0
63751224,200.000,213.632,0.0000,-0.0130,0.0000,7.2077,-5.366,31.26,46.0,3,0
63751888,199.948,213.676,-0.9000,0.7729,-15.4366,-1.4486,-5.366,31.26,46.0,3,0
63752887,199.948,213.676,0.0000,0.2190,15.2940,-10.2114,-5.366,31.26,46.0,3,0
63753888,200.000,213.610,0.9000,-0.9483,15.4366,4.9379,-5.366,31.26,46.0,3,0
63754890,200.000,213.610,0.0000,-0.0969,0.0000,7.2385,-5.366,31.26,46.0,3,0
63756211,199.948,213.676,-0.9000,0.7408,-15.4366,-1.4288,-5.366,31.26,46.0,3,0
63756881,199.948,213.676,0.0000,0.2617,15.2940,-10.1762,-5.366,31.26,46.0,3,0
63757958,200.000,213.610,0.9000,-1.0353,15.4366,5.4872,-5.366,31.26,46.0,3,0
63758875,200.000,213.610,0.0000,-0.0893,0.0000,7.1769,-5.366,31.26,46.0,3,0
63759875,199.948,213.654,-0.9000,0.7088,-15.4366,-1.3958,-5.366,31.26,46.0,3,0
63761200,199.948,213.676,0.0000,0.2235,15.2940,-10.1642,-5.366,31.26,46.0,3,0
63761899,200.000,213.610,0.9000,-1.0140,15.4366,5.0038,-5.366,31.26,46.0,3,0
63762887,200.000,213.632,0.0000,-0.0481,0.0000,7.1604,-5.366,31.26,46.0,3,0
63764206,199.948,213.676,-0.9000,0.8232,-15.4366,-1.4376,-5.366,31.26,46.0,3,0
63764561,199.948,213.676,0.0000,0.8171,15.2940,-4.0172,-5.366,31.26,46.0,3,0
63765895,200.000,213.676,0.9000,0.1900,15.4366,-10.2356,-5.366,31.26,46.0,3,0
63766578,200.000,213.610,0.0000,-0.9163,0.0000,5.0543,-5.366,31.26,46.0,3,0
63767899,199.948,213.610,-0.9000,-0.0099,-15.4366,7.1099,-5.366,31.26,46.0,3,0
63768578,199.948,213.676,0.0000,0.9636,15.2940,-1.4013,-5.366,31.26,46.0,3,0
63769581,200.000,213.676,0.9000,0.1762,15.4366,-10.2389,-5.366,31.26,46.0,3,0
63770892,200.000,213.610,0.0000,-0.9194,0.0000,4.9950,-5.366,31.26,46.0,3,0
63771579,199.948,213.632,-0.9000,-0.0298,-15.4366,7.0824,-5.366,31.26,46.0,3,0
63772579,199.948,213.676,0.0000,0.7851,15.2940,-1.4486,-5.366,31.26,46.0,3,0
63773576,200.000,213.676,0.9000,0.2739,15.4366,-10.2740,-5.366,31.26,46.0,3,0
63774576,200.000,213.610,0.0000,-1.0307,0.0000,4.9840,-5.366,31.26,46.0,3,0
63775895,199.948,213.632,-0.9000,-0.1686,-15.4366,7.1286,-5.366,31.26,46.0,3,0
63776579,199.948,213.676,0.0000,0.7805,15.2940,-1.4683,-5.366,31.26,46.0,3,0
63777584,200.000,213.698,0.9000,0.3319,15.4366,-10.2136,-5.366,31.26,46.0,3,0
63778549,200.000,213.610,0.0000,-1.0368,0.0000,4.9214,-5.366,31.26,46.0,3,0
63779570,199.948,213.632,-0.9000,-0.0404,-15.4366,7.1681,-5.366,31.26,46.0,3,0
63780884,199.948,213.676,0.0000,0.8080,15.2940,-1.4804,-5.366,31.26,46.0,3,0
63781573,200.000,213.698,0.9000,0.3746,15.4366,-10.2488,-5.366,31.26,46.0,3,0
63782581,200.000,213.632,0.0000,-0.9453,0.0000,4.9851,-5.366,31.26,46.0,3,0
63783858,199.948,213.632,-0.9000,-0.0221,-15.4366,7.2033,-5.366,31.26,46.0,3,0
63784547,199.948,213.698,0.0000,0.8309,15.2940,-1.4694,-5.366,31.26,46.0,3,0
63785656,213.698,213.698,0.0000,0.8309,0.0000,-1.4694,-5.366,31.26,46.0,1,0
63786888,213.698,213.698,0.0000,0.2464,0.0000,-10.2619,-5.366,31.26,46.0,1,0
63788139,213.698,213.698,0.0000,0.2464,0.0000,-10.2619,-5.366,31.26,46.0,1,0
63789446,213.698,213.698,0.0000,0.2464,0.0000,-10.2619,-5.366,31.26,46.0,1,0
63790097,213.698,213.698,0.0000,0.2464,0.0000,-10.2619,-5.366,31.26,46.0,1,0
63791133,213.698,213.698,0.0000,0.2464,0.0000,-10.2619,-5.366,31.26,46.0,1,0
63792452,213.698,213.698,0.0000,0.2464,0.0000,-10.2619,-5.366,31.26,46.0,6,1
63793115,213.698,213.698,0.0000,0.2464,0.0000,-10.2619,-5.366,31.26,46.0,6,1
63794138,213.698,213.698,0.0000,0.2464,0.0000,-10.2619,-5.366,31.26,46.0,6,1
63795138,213.698,213.698,0.0000,0.2464,0.0000,-10.2619,-5.366,31.26,46.0,6,1
63796138,213.698,213.698,0.0000,0.2464,0.0000,-10.2619,-5.366,31.26,46.0,6,1
63797513,213.698,213.698,0.0000,0.2464,0.0000,-10.2619,-5.366,31.26,46.0,6,1
63798169,213.698,213.698,0.0000,0.2464,0.0000,-10.2619,-5.366,31.26,46.0,6,1
63799154,213.698,213.698,0.0000,0.2464,0.0000,-10.2619,-5.366,31.26,46.0,6,1
63800156,213.698,213.698,0.0000,0.2464,0.0000,-10.2619,-5.366,31.26,46.0,6,1
63801158,213.698,213.698,0.0000,0.2464,0.0000,-10.2619,-5.366,31.26,46.0,6,1
63802478,213.698,213.698,0.0000,0.2464,0.0000,-10.2619,-5.366,31.26,46.0,6,1
63803137,213.698,213.698,0.0000,0.2464,0.0000,-10.2619,-5.366,31.26,46.0,6,1
63804157,213.698,213.698,0.0000,0.2464,0.0000,-10.2619,-5.366,31.26,46.0,6,1
63805483,213.698,213.698,0.0000,0.2464,0.0000,-10.2619,-5.366,31.26,46.0,6,1
63806137,213.698,213.698,0.0000,0.2464,0.0000,-10.2619,-5.366,31.26,46.0,6,1
63807507,213.698,213.698,0.0000,0.2464,0.0000,-10.2619,-5.366,31.26,46.0,6,1
63808163,213.698,213.698,0.0000,0.2464,0.0000,-10.2619,-5.366,31.26,46.0,6,1
63809484,213.698,213.698,0.0000,0.2464,0.0000,-10.2619,-5.366,31.26,46.0,6,1
63809851,213.698,213.632,0.0000,-0.8721,0.0000,5.0444,-5.366,31.26,46.0,6,1
63810573,213.632,213.588,0.0000,-1.0201,0.0000,-0.0005,-5.366,31.26,46.0,6,1
63811897,213.588,213.588,0.0000,-0.4829,0.0000,-0.0005,-5.366,31.26,46.0,6,1
63812872,213.588,213.610,0.0000,0.0771,0.0000,-0.0005,-5.366,31.26,46.0,6,1
63813865,213.610,213.610,0.0000,0.1778,0.0000,-0.0005,-5.366,31.26,46.0,6,1
63814869,213.610,213.610,0.0000,-0.0633,0.0000,-0.0005,-5.366,31.26,46.0,6,1
63815938,213.610,213.610,0.0000,0.1839,0.0000,-0.0005,-5.366,31.26,46.0,6,1
63817223,213.610,213.610,0.0000,0.0496,0.0000,-0.0005,-5.366,32.34,46.0,6,1
63817860,213.610,213.632,0.0000,0.0237,0.0000,-0.0005,-5.366,32.34,46.0,6,1
63818858,213.632,213.632,0.0000,0.0465,0.0000,-0.0005,-5.366,32.34,46.0,6,1
63819857,213.632,213.632,0.0000,-0.0816,0.0000,-0.0005,-5.366,32.34,46.0,6,1
63820898,213.632,213.632,0.0000,0.1473,0.0000,-0.0005,-5.366,32.34,46.0,6,1
63822195,213.632,213.632,0.0000,0.0862,0.0000,-0.0005,-5.366,32.34,46.0,6,1
63822871,213.632,213.632,0.0000,0.0084,0.0000,-0.0005,-5.366,32.34,46.0,6,1
63823869,213.632,213.632,0.0000,0.1335,0.0000,-0.0005,-5.366,32.34,46.0,6,1
63825193,213.632,213.632,0.0000,0.0053,0.0000,-0.0005,-5.366,32.34,46.0,6,1
63825574,213.632,213.632,0.0000,-0.0053,0.0000,-0.0005,-5.366,32.34,46.0,6,1
63826891,213.632,213.632,0.0000,0.0877,0.0000,-0.0005,-5.366,32.34,46.0,6,1
63827868,213.632,213.632,0.0000,0.1152,0.0000,-0.0005,-5.366,32.34,46.0,6,1
63829194,213.632,213.632,0.0000,0.0938,0.0000,-0.0005,-5.366,32.34,46.0,6,1
63829868,213.632,213.632,0.0000,-0.0710,0.0000,-0.0005,-5.366,32.34,46.0,6,1
63830869,213.632,213.632,0.0000,0.0908,0.0000,-0.0005,-5.366,32.34,46.0,6,1
63832197,213.632,213.632,0.0000,0.0114,0.0000,-0.0005,-5.366,32.34,46.0,6,1
63832871,213.632,213.632,0.0000,0.0847,0.0000,-0.0005,-5.366,32.34,46.0,6,1
63834213,213.632,213.632,0.0000,-0.0572,0.0000,-0.0005,-5.366,32.34,46.0,1,1
63834866,213.632,213.632,0.0000,0.0038,0.0000,-0.0005,-5.366,32.34,46.0,1,1
63835868,213.632,213.632,0.0000,-0.0648,0.0000,-0.0005,-5.366,32.34,46.0,1,1
63837196,213.632,213.632,0.0000,-0.0130,0.0000,-0.0005,-5.366,32.34,46.0,1,1
63837865,213.632,213.632,0.0000,-0.0740,0.0000,-0.0005,-5.366,32.34,46.0,1,1
63838868,213.632,213.610,0.0000,-0.1579,0.0000,-0.0005,-5.366,32.34,46.0,1,1
63839868,213.610,213.632,0.0000,0.0664,0.0000,-0.0005,-5.366,32.34,46.0,1,1
63840868,213.632,213.632,0.0000,0.0557,0.0000,-0.0005,-5.366,32.34,46.0,1,1
63842194,213.632,213.632,0.0000,0.1320,0.0000,-0.0005,-5.366,32.34,46.0,1,1
63842871,213.632,213.632,0.0000,-0.1106,0.0000,-0.0005,-5.366,32.34,46.0,1,1
63843859,213.632,213.632,0.0000,-0.0694,0.0000,-0.0005,-5.366,32.34,46.0,1,1
63845179,213.632,213.632,0.0000,-0.0481,0.0000,-0.0005,-5.366,32.34,46.0,1,1
63845545,213.632,213.632,0.0000,0.1259,0.0000,-0.0005,-5.366,32.34,46.0,1,1
63846889,213.632,213.632,0.0000,0.0160,0.0000,-0.0005,-5.366,32.34,46.0,1,1
63847870,213.632,213.632,0.0000,0.0053,0.0000,-0.0005,-5.366,32.34,46.0,1,1
63849194,213.632,213.632,0.0000,0.0313,0.0000,-0.0005,-5.366,32.34,46.0,1,1
63849870,213.632,213.632,0.0000,-0.0359,0.0000,-0.0005,-5.366,32.34,46.0,1,1
63850869,213.632,213.632,0.0000,-0.0603,0.0000,-0.0005,-5.366,32.34,46.0,1,1
63852189,213.632,213.632,0.0000,0.0954,0.0000,-0.0005,-5.366,32.34,46.0,1,1
63852855,213.632,213.632,0.0000,0.1534,0.0000,-0.0005,-5.366,32.34,46.0,1,1
63853961,213.632,213.632,0.0000,0.1015,0.0000,-0.0005,-5.366,32.34,46.0,1,1
63854861,213.632,213.632,0.0000,0.0557,0.0000,-0.0005,-5.366,32.34,46.0,1,1
63855856,213.632,213.632,0.0000,0.0694,0.0000,-0.0005,-5.366,32.34,46.0,1,1
63857186,213.632,213.632,0.0000,0.0328,0.0000,-0.0005,-5.366,32.34,46.0,1,1
63857854,213.632,213.632,0.0000,-0.0542,0.0000,-0.0005,-5.366,32.34,46.0,1,1
63858856,213.632,213.632,0.0000,0.0755,0.0000,-0.0005,-5.366,32.34,46.0,1,1
63859899,213.632,213.632,0.0000,-0.0328,0.0000,-0.0005,-5.366,32.34,46.0,1,1
63860867,213.632,213.632,0.0000,-0.0801,0.0000,-0.0005,-5.366,32.34,46.0,1,1
63862274,213.632,213.632,0.0000,0.1244,0.0000,-0.0005,-5.366,32.34,46.0,1,1
63862869,213.632,213.632,0.0000,0.0053,0.0000,-0.0005,-5.366,32.34,46.0,1,1
63863867,213.632,213.632,0.0000,0.0023,0.0000,-0.0005,-5.366,32.34,46.0,1,1
63865191,213.632,213.632,0.0000,-0.0099,0.0000,-0.0005,-5.366,32.34,46.0,1,1
63865570,213.632,213.632,0.0000,-0.0084,0.0000,-0.0005,-5.366,32.34,46.0,1,1
63866888,213.632,213.632,0.0000,-0.0374,0.0000,-0.0005,-5.366,32.34,46.0,1,1
63867921,213.632,213.632,0.0000,-0.0633,0.0000,-0.0005,-5.366,32.34,46.0,1,1
63869192,213.632,213.632,0.0000,0.0404,0.0000,-0.0005,-5.366,32.34,46.0,1,1
63869873,213.632,213.632,0.0000,0.0023,0.0000,-0.0005,-5.366,32.34,46.0,1,1
63870867,213.632,213.632,0.0000,-0.0923,0.0000,-0.0005,-5.366,32.34,46.0,1,1
63872192,213.632,213.632,0.0000,0.0343,0.0000,-0.0005,-5.366,32.34,46.0,1,1
63872870,213.632,213.632,0.0000,-0.1946,0.0000,-0.0005,-5.366,32.34,46.0,1,1
63873867,213.632,213.632,0.0000,-0.0038,0.0000,-0.0005,-5.366,32.34,46.0,1,1
63874870,213.632,213.632,0.0000,-0.0328,0.0000,-0.0005,-5.366,32.34,46.0,1,1
63875897,213.632,213.632,0.0000,-0.0038,0.0000,-0.0005,-5.366,32.34,46.0,1,1
63877197,213.632,213.632,0.0000,-0.0130,0.0000,-0.0005,-5.366,32.34,46.0,1,1
63877854,213.632,213.632,0.0000,0.0771,0.0000,-0.0005,-5.366,32.34,46.0,1,1
63878855,213.632,213.632,0.0000,0.0282,0.0000,-0.0005,-5.366,32.34,46.0,1,1
63879857,213.632,213.632,0.0000,0.0298,0.0000,-0.0005,-5.366,32.34,46.0,1,1
63880855,213.632,213.632,0.0000,0.0038,0.0000,-0.0005,-5.366,32.34,46.0,1,1
63882172,213.632,213.632,0.0000,-0.0145,0.0000,-0.0005,-5.366,32.38,46.0,1,1
63882854,213.632,213.632,0.0000,0.0587,0.0000,-0.0005,-5.366,32.38,46.0,1,1
63883898,213.632,213.632,0.0000,-0.0130,0.0000,-0.0005,-5.366,32.38,46.0,1,1
63885185,213.632,213.632,0.0000,-0.1122,0.0000,-0.0005,-5.366,32.38,46.0,1,1
63885557,213.632,213.632,0.0000,0.0130,0.0000,-0.0005,-5.366,32.38,46.0,1,1
63886916,213.632,213.632,0.0000,-0.0130,0.0000,-0.0005,-5.366,32.38,46.0,1,1
63887865,213.632,213.632,0.0000,0.0633,0.0000,-0.0005,-5.366,32.38,46.0,1,1
63889195,213.632,213.632,0.0000,-0.0160,0.0000,-0.0005,-5.366,32.38,46.0,1,1
63889864,213.632,213.632,0.0000,-0.0450,0.0000,-0.0005,-5.366,32.38,46.0,1,1
63890868,213.632,213.632,0.0000,-0.0893,0.0000,-0.0005,-5.366,32.38,46.0,1,1
63892193,213.632,213.632,0.0000,0.1381,0.0000,-0.0005,-5.366,32.38,46.0,1,1
63892865,213.632,213.632,0.0000,0.0816,0.0000,-0.0005,-5.366,32.38,46.0,1,1
63893872,213.632,213.632,0.0000,0.0313,0.0000,-0.0005,-5.366,32.38,46.0,1,1
63894865,213.632,213.632,0.0000,-0.0954,0.0000,-0.0005,-5.366,32.38,46.0,1,1
63895946,213.632,213.632,0.0000,0.0740,0.0000,-0.0005,-5.366,32.38,46.0,1,1
63897182,213.632,213.632,0.0000,-0.0496,0.0000,-0.0005,-5.366,32.38,46.0,1,1
63897854,213.632,213.632,0.0000,0.0877,0.0000,-0.0005,-5.366,32.38,46.0,1,1
63898857,213.632,213.632,0.0000,0.0130,0.0000,-0.0005,-5.366,32.38,46.0,1,1
63899856,213.632,213.632,0.0000,-0.0084,0.0000,-0.0005,-5.366,32.38,46.0,1,1
63900853,213.632,213.632,0.0000,0.0847,0.0000,-0.0005,-5.366,32.38,46.0,1,1
63902168,213.632,213.632,0.0000,-0.0847,0.0000,-0.0005,-5.366,32.34,46.0,1,1
63902920,213.632,213.632,0.0000,0.1015,0.0000,-0.0005,-5.366,32.34,46.0,1,1
63903866,213.632,213.632,0.0000,0.0389,0.0000,-0.0005,-5.366,32.34,46.0,1,1
63905187,213.632,213.632,0.0000,0.0633,0.0000,-0.0005,-5.366,32.34,46.0,1,1
63905568,213.632,213.632,0.0000,0.0450,0.0000,-0.0005,-5.366,32.34,46.0,1,1
63906915,213.632,213.632,0.0000,-0.0191,0.0000,-0.0005,-5.366,32.34,46.0,1,1
63907577,213.632,213.632,0.0000,0.0191,0.0000,-0.0005,-5.366,32.34,46.0,1,1
63908892,213.632,213.632,0.0000,-0.0557,0.0000,-0.0005,-5.366,32.34,46.0,1,1
63909875,213.632,213.632,0.0000,0.0130,0.0000,-0.0005,-5.366,32.34,46.0,1,1
63910872,213.632,213.632,0.0000,0.0420,0.0000,-0.0005,-5.366,32.34,46.0,1,1
63912199,213.632,213.632,0.0000,0.0359,0.0000,-0.0005,-5.366,32.34,46.0,1,1
63912927,213.632,213.632,0.0000,0.0481,0.0000,-0.0005,-5.366,32.34,46.0,1,1
63913893,213.632,213.632,0.0000,0.0450,0.0000,-0.0005,-5.366,32.34,46.0,1,1
63914853,213.632,213.632,0.0000,0.1076,0.0000,-0.0005,-5.366,32.34,46.0,1,1
63915855,213.632,213.632,0.0000,0.0282,0.0000,-0.0005,-5.366,32.34,46.0,1,1
63917182,213.632,213.632,0.0000,-0.1015,0.0000,-0.0005,-5.366,32.34,46.0,1,1
63917853,213.632,213.632,0.0000,0.0389,0.0000,-0.0005,-5.366,32.34,46.0,1,1
63918855,213.632,213.632,0.0000,0.0465,0.0000,-0.0005,-5.366,32.34,46.0,1,1
63919922,213.632,213.632,0.0000,-0.0145,0.0000,-0.0005,-5.366,32.34,46.0,1,1
63920867,213.632,213.632,0.0000,-0.0069,0.0000,-0.0005,-5.366,32.34,46.0,1,1
63922191,213.632,213.632,0.0000,-0.0069,0.0000,-0.0005,-5.366,32.34,46.0,1,1
63922874,213.632,213.632,0.0000,0.0130,0.0000,-0.0005,-5.366,32.34,46.0,1,1
63923896,213.632,213.632,0.0000,-0.0313,0.0000,-0.0005,-5.366,32.34,46.0,1,1
63925189,213.632,213.632,0.0000,0.0114,0.0000,-0.0005,-5.366,32.34,46.0,1,1
63925562,213.632,213.632,0.0000,0.0420,0.0000,-0.0005,-5.366,32.34,46.0,1,1
63926888,213.632,213.632,0.0000,-0.1122,0.0000,-0.0005,-5.366,32.34,46.0,1,1
63927873,213.632,213.632,0.0000,0.0221,0.0000,-0.0005,-5.366,32.34,46.0,1,1
63929191,213.632,213.632,0.0000,0.0237,0.0000,-0.0005,-5.366,32.34,46.0,1,1
63929940,213.632,213.632,0.0000,-0.0343,0.0000,-0.0005,-5.366,32.34,46.0,1,1
63930856,213.632,213.632,0.0000,-0.0221,0.0000,-0.0005,-5.366,32.34,46.0,1,1
63932183,213.632,213.632,0.0000,0.0282,0.0000,-0.0005,-5.366,32.34,46.0,1,1
63932851,213.632,213.632,0.0000,-0.0114,0.0000,-0.0005,-5.366,32.34,46.0,1,1
63933883,213.632,213.632,0.0000,0.0160,0.0000,-0.0005,-5.366,32.34,46.0,1,1
63934872,213.632,213.632,0.0000,-0.0252,0.0000,-0.0005,-5.366,32.34,46.0,1,1
63935863,213.632,213.632,0.0000,0.0557,0.0000,-0.0005,-5.366,32.34,46.0,1,1
63937189,213.632,213.632,0.0000,0.0893,0.0000,-0.0005,-5.366,32.34,46.0,1,1
63937869,213.632,213.632,0.0000,0.0114,0.0000,-0.0005,-5.366,32.34,46.0,1,1
63938863,213.632,213.632,0.0000,0.1015,0.0000,-0.0005,-5.366,32.34,46.0,1,1
63939865,213.632,213.632,0.0000,-0.1595,0.0000,-0.0005,-5.366,32.34,46.0,1,1
63940868,213.632,213.632,0.0000,0.0130,0.0000,-0.0005,-5.366,32.34,46.0,1,1
63942188,213.632,213.632,0.0000,0.0816,0.0000,-0.0005,-5.366,32.34,46.0,1,1
63942862,213.632,213.632,0.0000,-0.1305,0.0000,-0.0005,-5.366,32.34,46.0,1,1
63943868,213.632,213.632,0.0000,-0.0130,0.0000,-0.0005,-5.366,32.34,46.0,1,1
63945187,213.632,213.632,0.0000,-0.0755,0.0000,-0.0005,-5.366,32.34,46.0,1,1
63945568,213.632,213.632,0.0000,0.0725,0.0000,-0.0005,-5.366,32.34,46.0,1,1
63946882,213.632,213.632,0.0000,-0.0618,0.0000,-0.0005,-5.366,32.34,46.0,1,1
63947866,213.632,213.632,0.0000,-0.1152,0.0000,-0.0005,-5.366,32.34,46.0,1,1
63949190,213.632,213.632,0.0000,0.1244,0.0000,-0.0005,-5.366,32.34,46.0,1,1
63949872,213.632,213.632,0.0000,-0.0389,0.0000,-0.0005,-5.366,32.34,46.0,1,1
63950866,213.632,213.632,0.0000,0.0175,0.0000,-0.0005,-5.366,32.34,46.0,1,1
63952191,213.632,213.632,0.0000,0.0832,0.0000,-0.0005,-5.366,32.34,46.0,1,1
63952862,213.632,213.632,0.0000,0.0099,0.0000,-0.0005,-5.366,32.34,46.0,1,1
63953866,213.632,213.632,0.0000,-0.0069,0.0000,-0.0005,-5.366,32.34,46.0,1,1
63954871,213.632,213.632,0.0000,0.0618,0.0000,-0.0005,-5.366,32.34,46.0,1,1
63955854,213.632,213.632,0.0000,-0.0267,0.0000,-0.0005,-5.366,32.34,46.0,1,1
63957179,213.632,213.632,0.0000,-0.0496,0.0000,-0.0005,-5.366,32.34,46.0,1,1
63957853,213.632,213.632,0.0000,0.0130,0.0000,-0.0005,-5.366,32.34,46.0,1,1
63958865,213.632,213.632,0.0000,-0.0557,0.0000,-0.0005,-5.366,32.34,46.0,1,1
63959865,213.632,213.632,0.0000,-0.0664,0.0000,-0.0005,-5.366,32.34,46.0,1,1
63960867,213.632,213.632,0.0000,0.0359,0.0000,-0.0005,-5.366,32.34,46.0,1,1
63962188,213.632,213.632,0.0000,0.0648,0.0000,-0.0005,-5.366,32.34,46.0,1,1
63962870,213.632,213.632,0.0000,-0.0374,0.0000,-0.0005,-5.366,32.34,46.0,1,1
63963868,213.632,213.632,0.0000,-0.0114,0.0000,-0.0005,-5.366,32.34,46.0,1,1
63965169,213.632,213.610,0.0000,-0.0557,0.0000,-0.0005,-5.366,32.34,46.0,1,1
63965456,213.610,213.632,0.0000,0.0282,0.0000,-0.0005,-5.366,32.34,46.0,1,1
63966966,213.632,213.632,0.0000,0.1274,0.0000,-0.0005,-5.366,32.34,46.0,1,1
63967853,213.632,213.632,0.0000,0.0450,0.0000,-0.0005,-5.366,32.34,46.0,1,1
63969167,213.632,213.632,0.0000,0.0023,0.0000,-0.0005,-5.366,32.34,46.0,1,1
63969851,213.632,213.632,0.0000,-0.0618,0.0000,-0.0005,-5.366,32.34,46.0,1,1
63970922,213.632,213.632,0.0000,-0.0175,0.0000,-0.0005,-5.366,32.34,46.0,1,1
63972189,213.632,213.632,0.0000,0.0618,0.0000,-0.0005,-5.366,32.34,46.0,1,1
63972868,213.632,213.632,0.0000,-0.1564,0.0000,-0.0005,-5.366,32.34,46.0,1,1
63973865,213.632,213.632,0.0000,-0.0053,0.0000,-0.0005,-5.366,32.34,46.0,1,1
63974866,213.632,213.632,0.0000,0.1488,0.0000,-0.0005,-5.366,32.34,46.0,1,1
63975866,213.632,213.632,0.0000,-0.0237,0.0000,-0.0005,-5.366,32.34,46.0,1,1
63977186,213.632,213.632,0.0000,-0.0725,0.0000,-0.0005,-5.366,32.34,46.0,1,1
63977869,213.632,213.632,0.0000,-0.0023,0.0000,-0.0005,-5.366,32.34,46.0,1,1
63978869,213.632,213.632,0.0000,0.0481,0.0000,-0.0005,-5.366,32.34,46.0,1,1
63979866,213.632,213.632,0.0000,0.0618,0.0000,-0.0005,-5.366,32.34,46.0,1,1
63980865,213.632,213.632,0.0000,-0.1137,0.0000,-0.0005,-5.366,32.34,46.0,1,1
63982188,213.632,213.632,0.0000,0.0725,0.0000,-0.0005,-5.366,32.34,46.0,1,1
63982873,213.632,213.632,0.0000,-0.0969,0.0000,-0.0005,-5.366,32.34,46.0,1,1
63983868,213.632,213.632,0.0000,0.0237,0.0000,-0.0005,-5.366,32.34,46.0,1,1
63985188,213.632,213.632,0.0000,-0.0130,0.0000,-0.0005,-5.366,32.34,46.0,1,1
63985568,213.632,213.632,0.0000,0.0389,0.0000,-0.0005,-5.366,32.34,46.0,1,1
63986882,213.632,213.632,0.0000,-0.0618,0.0000,-0.0005,-5.366,32.34,46.0,1,1
63987870,213.632,213.632,0.0000,-0.0282,0.0000,-0.0005,-5.366,32.34,46.0,1,1
63989191,213.632,213.632,0.0000,0.0450,0.0000,-0.0005,-5.366,32.34,46.0,1,1
63989860,213.632,213.610,0.0000,-0.0542,0.0000,-0.0005,-5.366,32.34,46.0,1,1
63990866,213.610,213.632,0.0000,-0.0282,0.0000,-0.0005,-5.366,32.34,46.0,1,1
63992195,213.632,213.632,0.0000,0.0175,0.0000,-0.0005,-5.366,32.34,46.0,1,1
63992852,213.632,213.632,0.0000,0.0420,0.0000,-0.0005,-5.366,32.34,46.0,1,1
63993853,213.632,213.632,0.0000,0.0160,0.0000,-0.0005,-5.366,32.34,46.0,1,1
63994851,213.632,213.632,0.0000,-0.0771,0.0000,-0.0005,-5.366,32.34,46.0,1,1
63995868,213.632,213.632,0.0000,-0.0160,0.0000,-0.0005,-5.366,32.34,46.0,1,1
63997190,213.632,213.632,0.0000,0.1244,0.0000,-0.0005,-5.366,32.34,46.0,1,1
63997871,213.632,213.632,0.0000,-0.0954,0.0000,-0.0005,-5.366,32.34,46.0,1,1
63998865,213.632,213.632,0.0000,0.0954,0.0000,-0.0005,-5.366,32.34,46.0,1,1
63999867,213.632,213.632,0.0000,0.0191,0.0000,-0.0005,-5.366,32.34,46.0,1,1
64000867,213.632,213.632,0.0000,0.0679,0.0000,-0.0005,-5.366,32.34,46.0,1,1
64002177,213.632,213.632,0.0000,-0.0267,0.0000,-0.0005,-5.366,32.34,46.0,1,1
64002737,213.632,213.632,0.0000,0.0252,0.0000,-0.0005,-5.366,32.34,46.0,1,1
64003874,213.632,213.632,0.0000,-0.1579,0.0000,-0.0005,-5.366,32.34,46.0,1,1
64005169,213.632,213.632,0.0000,0.0801,0.0000,-0.0005,-5.366,32.34,46.0,1,1
64005550,213.632,213.632,0.0000,0.0832,0.0000,-0.0005,-5.366,32.34,46.0,1,1
64006869,213.632,213.632,0.0000,0.0359,0.0000,-0.0005,-5.366,32.34,46.0,1,1
64007591,213.632,213.632,0.0000,0.1274,0.0000,-0.0005,-5.366,32.34,46.0,1,1
64008873,213.632,213.632,0.0000,-0.0969,0.0000,-0.0005,-5.366,32.34,46.0,1,1
64009550,213.632,213.632,0.0000,0.1442,0.0000,-0.0005,-5.366,32.34,46.0,1,1
64010549,213.632,213.632,0.0000,0.0206,0.0000,-0.0005,-5.366,32.34,46.0,1,1
64011907,213.632,213.632,0.0000,-0.0923,0.0000,-0.0005,-5.366,32.34,46.0,1,1
64012848,213.632,213.632,0.0000,0.0603,0.0000,-0.0005,-5.366,32.34,46.0,1,1
64013856,213.632,213.632,0.0000,-0.0435,0.0000,-0.0005,-5.366,32.34,46.0,1,1
64014851,213.632,213.632,0.0000,0.0175,0.0000,-0.0005,-5.366,32.34,46.0,1,1
64015952,213.632,213.632,0.0000,0.0114,0.0000,-0.0005,-5.366,32.34,46.0,1,1
64017243,213.632,213.632,0.0000,0.0725,0.0000,-0.0005,-5.366,32.34,46.0,1,1
64017852,213.632,213.632,0.0000,0.1167,0.0000,-0.0005,-5.366,32.34,46.0,1,1
64018854,213.632,213.632,0.0000,0.0130,0.0000,-0.0005,-5.366,32.34,46.0,1,1
64019851,213.632,213.632,0.0000,-0.0221,0.0000,-0.0005,-5.366,32.34,46.0,1,1
64020920,213.632,213.632,0.0000,-0.0526,0.0000,-0.0005,-5.366,32.34,46.0,1,1
64022193,213.632,213.632,0.0000,-0.0252,0.0000,-0.0005,-5.366,32.34,46.0,1,1
64022873,213.632,213.632,0.0000,-0.0969,0.0000,-0.0005,-5.366,32.34,46.0,1,1
64023863,213.632,213.632,0.0000,-0.0587,0.0000,-0.0005,-5.366,32.34,46.0,1,1
64025187,213.632,213.632,0.0000,0.0084,0.0000,-0.0005,-5.366,32.34,46.0,1,1
64025567,213.632,213.632,0.0000,0.0572,0.0000,-0.0005,-5.366,32.34,46.0,1,1
64026886,213.632,213.632,0.0000,-0.0740,0.0000,-0.0005,-5.366,32.34,46.0,1,1
64027869,213.632,213.632,0.0000,0.0191,0.0000,-0.0005,-5.366,32.34,46.0,1,1
64029191,213.632,213.610,0.0000,-0.0908,0.0000,-0.0005,-5.366,32.34,46.0,1,1
64029869,213.610,213.632,0.0000,0.0648,0.0000,-0.0005,-5.366,32.34,46.0,1,1
64030865,213.632,213.632,0.0000,0.0496,0.0000,-0.0005,-5.366,32.34,46.0,1,1
64032187,213.632,213.632,0.0000,-0.0206,0.0000,-0.0005,-5.366,32.34,46.0,1,1
64032871,213.632,213.632,0.0000,-0.0359,0.0000,-0.0005,-5.366,32.34,46.0,1,1
64033866,213.632,213.632,0.0000,-0.0008,0.0000,-0.0005,-5.366,32.34,46.0,1,1
64034866,213.632,213.632,0.0000,-0.0252,0.0000,-0.0005,-5.366,32.34,46.0,1,1
64035863,213.632,213.632,0.0000,-0.1350,0.0000,-0.0005,-5.366,32.34,46.0,1,1
64037189,213.632,213.632,0.0000,0.0023,0.0000,-0.0005,-5.366,32.34,46.0,1,1
64037871,213.632,213.632,0.0000,-0.1396,0.0000,-0.0005,-5.366,32.34,46.0,1,1
64038865,213.632,213.632,0.0000,0.0023,0.0000,-0.0005,-5.366,32.34,46.0,1,1
64039865,213.632,213.632,0.0000,0.0496,0.0000,-0.0005,-5.366,32.34,46.0,1,1
64040865,213.632,213.632,0.0000,-0.0252,0.0000,-0.0005,-5.366,32.34,46.0,1,1
64042195,213.632,213.632,0.0000,0.0603,0.0000,-0.0005,-5.366,32.34,46.0,1,1
64042848,213.632,213.610,0.0000,-0.0664,0.0000,-0.0005,-5.366,32.34,46.0,1,1
64043852,213.610,213.632,0.0000,0.0771,0.0000,-0.0005,-5.366,32.34,46.0,1,1
64045172,213.632,213.632,0.0000,-0.0191,0.0000,-0.0005,-5.366,32.34,46.0,1,1
64045555,213.632,213.632,0.0000,-0.0175,0.0000,-0.0005,-5.366,32.34,46.0,1,1
64046885,213.632,213.632,0.0000,-0.0191,0.0000,-0.0005,-5.366,32.34,46.0,1,1
64047868,213.632,213.632,0.0000,0.0084,0.0000,-0.0005,-5.366,32.34,46.0,1,1
64049187,213.632,213.632,0.0000,0.0801,0.0000,-0.0005,-5.366,32.34,46.0,1,1
64049869,213.632,213.632,0.0000,-0.0542,0.0000,-0.0005,-5.366,32.34,46.0,1,1
64050868,213.632,213.632,0.0000,-0.0069,0.0000,-0.0005,-5.366,32.34,46.0,1,1
64052175,213.632,213.632,0.0000,0.0725,0.0000,-0.0005,-5.366,32.34,46.0,1,1
64052776,213.632,213.632,0.0000,-0.0633,0.0000,-0.0005,-5.366,32.34,46.0,1,1
64053874,213.632,213.632,0.0000,0.0023,0.0000,-0.0005,-5.366,32.34,46.0,1,1
64054849,213.632,213.632,0.0000,0.0389,0.0000,-0.0005,-5.366,32.34,46.0,1,1
64055852,213.632,213.632,0.0000,-0.0679,0.0000,-0.0005,-5.366,32.34,46.0,1,1
64057180,213.632,213.632,0.0000,-0.0008,0.0000,-0.0005,-5.366,32.34,46.0,1,1
64057730,213.632,213.632,0.0000,0.0404,0.0000,-0.0005,-5.366,32.34,46.0,1,1
64058873,213.632,213.632,0.0000,-0.0359,0.0000,-0.0005,-5.366,32.34,46.0,1,1
64059849,213.632,213.632,0.0000,-0.0420,0.0000,-0.0005,-5.366,32.34,46.0,1,1
64060854,213.632,213.632,0.0000,0.0389,0.0000,-0.0005,-5.366,32.34,46.0,1,1
64062177,213.632,213.632,0.0000,0.0908,0.0000,-0.0005,-5.366,32.34,46.0,1,1
64062727,213.632,213.632,0.0000,0.0282,0.0000,-0.0005,-5.366,32.34,46.0,1,1
64063875,213.632,213.632,0.0000,0.0252,0.0000,-0.0005,-5.366,32.34,46.0,1,1
64065163,213.632,213.632,0.0000,-0.0130,0.0000,-0.0005,-5.366,32.34,46.0,1,1
64065942,213.632,213.632,0.0000,0.0267,0.0000,-0.0005,-5.366,32.34,46.0,1,1
64067250,213.632,213.632,0.0000,0.0420,0.0000,-0.0005,-5.366,32.34,46.0,1,1
64067850,213.632,213.632,0.0000,0.0435,0.0000,-0.0005,-5.366,32.34,46.0,1,1
64069172,213.632,213.632,0.0000,0.0404,0.0000,-0.0005,-5.366,32.34,46.0,1,1
64069846,213.632,213.632,0.0000,-0.0816,0.0000,-0.0005,-5.366,32.34,46.0,1,1
64070882,213.632,213.632,0.0000,-0.0587,0.0000,-0.0005,-5.366,32.34,46.0,1,1
64072195,213.632,213.632,0.0000,-0.0633,0.0000,-0.0005,-5.366,32.34,46.0,1,1
64072870,213.632,213.632,0.0000,0.0862,0.0000,-0.0005,-5.366,32.34,46.0,1,1
64073865,213.632,213.632,0.0000,-0.0008,0.0000,-0.0005,-5.366,32.34,46.0,1,1
64074866,213.632,213.632,0.0000,-0.0786,0.0000,-0.0005,-5.366,32.34,46.0,1,1
64075868,213.632,213.632,0.0000,-0.0389,0.0000,-0.0005,-5.366,32.34,46.0,1,1
64077189,213.632,213.632,0.0000,-0.0175,0.0000,-0.0005,-5.366,32.34,46.0,1,1
64077872,213.632,213.632,0.0000,0.0374,0.0000,-0.0005,-5.366,32.34,46.0,1,1
64078866,213.632,213.632,0.0000,-0.0282,0.0000,-0.0005,-5.366,32.34,46.0,1,1
64079865,213.632,213.632,0.0000,-0.0053,0.0000,-0.0005,-5.366,32.34,46.0,1,1
64080866,213.632,213.632,0.0000,-0.0633,0.0000,-0.0005,-5.366,32.34,46.0,1,1
64082188,213.632,213.632,0.0000,-0.0038,0.0000,-0.0005,-5.366,32.34,46.0,1,1
64082871,213.632,213.632,0.0000,-0.0206,0.0000,-0.0005,-5.366,32.34,46.0,1,1
64083866,213.632,213.632,0.0000,0.0648,0.0000,-0.0005,-5.366,32.34,46.0,1,1
64085188,213.632,213.632,0.0000,0.0008,0.0000,-0.0005,-5.366,32.34,46.0,1,1
64085558,213.632,213.632,0.0000,0.0069,0.0000,-0.0005,-5.366,32.34,46.0,1,1
64086887,213.632,213.632,0.0000,-0.0832,0.0000,-0.0005,-5.366,32.34,46.0,1,1
64087869,213.632,213.632,0.0000,0.1152,0.0000,-0.0005,-5.366,32.34,46.0,1,1
64089189,213.632,213.632,0.0000,-0.1305,0.0000,-0.0005,-5.366,32.34,46.0,1,1
64089871,213.632,213.632,0.0000,-0.0435,0.0000,-0.0005,-5.366,32.34,46.0,1,1
64090865,213.632,213.632,0.0000,0.0893,0.0000,-0.0005,-5.366,32.34,46.0,1,1
64092187,213.632,213.632,0.0000,-0.0877,0.0000,-0.0005,-5.366,32.34,46.0,1,1
64092870,213.632,213.632,0.0000,0.0679,0.0000,-0.0005,-5.366,32.34,46.0,1,1
64093848,213.632,213.632,0.0000,-0.0603,0.0000,-0.0005,-5.366,32.34,46.0,1,1
64094847,213.632,213.632,0.0000,0.0542,0.0000,-0.0005,-5.366,32.34,46.0,1,1
64095850,213.632,213.632,0.0000,0.0221,0.0000,-0.0005,-5.366,32.34,46.0,1,1
64097183,213.632,213.632,0.0000,-0.0938,0.0000,-0.0005,-5.366,32.34,46.0,1,1
64097869,213.632,213.632,0.0000,0.1457,0.0000,-0.0005,-5.366,32.34,46.0,1,1
64098864,213.632,213.632,0.0000,0.0755,0.0000,-0.0005,-5.366,32.34,46.0,1,1
64099867,213.632,213.632,0.0000,-0.0420,0.0000,-0.0005,-5.366,32.34,46.0,1,1
64100871,213.632,213.632,0.0000,0.0160,0.0000,-0.0005,-5.366,32.34,46.0,1,1
64102177,213.632,213.632,0.0000,-0.0023,0.0000,-0.0005,-5.366,32.34,46.0,1,1
64102742,213.632,213.632,0.0000,-0.0130,0.0000,-0.0005,-5.366,32.34,46.0,1,1
64103873,213.632,213.632,0.0000,0.0084,0.0000,-0.0005,-5.366,32.34,46.0,1,1
64105163,213.632,213.632,0.0000,-0.0496,0.0000,-0.0005,-5.366,32.34,46.0,1,1
64105850,213.632,213.632,0.0000,-0.0557,0.0000,-0.0005,-5.366,32.34,46.0,1,1
64107177,213.632,213.632,0.0000,0.0328,0.0000,-0.0005,-5.366,32.34,46.0,1,1
64107728,213.632,213.632,0.0000,-0.0938,0.0000,-0.0005,-5.366,32.34,46.0,1,1
64109200,213.632,213.632,0.0000,0.0053,0.0000,-0.0005,-5.366,32.34,46.0,1,1
64109845,213.632,213.632,0.0000,-0.0893,0.0000,-0.0005,-5.366,32.34,46.0,1,1
64110855,213.632,213.632,0.0000,0.0099,0.0000,-0.0005,-5.366,32.34,46.0,1,1
64112163,213.632,213.632,0.0000,0.1152,0.0000,-0.0005,-5.366,32.38,46.0,1,1
64112771,213.632,213.632,0.0000,0.0130,0.0000,-0.0005,-5.366,32.38,46.0,1,1
64113867,213.632,213.632,0.0000,-0.0404,0.0000,-0.0005,-5.366,32.38,46.0,1,1
64114849,213.632,213.632,0.0000,0.0206,0.0000,-0.0005,-5.366,32.38,46.0,1,1
64115850,213.632,213.632,0.0000,-0.0816,0.0000,-0.0005,-5.366,32.38,46.0,1,1
64117174,213.632,213.632,0.0000,0.0648,0.0000,-0.0005,-5.366,32.38,46.0,1,1
64117733,213.632,213.632,0.0000,-0.0450,0.0000,-0.0005,-5.366,32.38,46.0,1,1
64118943,213.632,213.632,0.0000,-0.0206,0.0000,-0.0005,-5.366,32.38,46.0,1,1
64119848,213.632,213.632,0.0000,0.0954,0.0000,-0.0005,-5.366,32.38,46.0,1,1
64120847,213.632,213.632,0.0000,-0.1366,0.0000,-0.0005,-5.366,32.38,46.0,1,1
64122180,213.632,213.632,0.0000,0.0481,0.0000,-0.0005,-5.366,32.38,46.0,1,1
64122845,213.632,213.632,0.0000,-0.0145,0.0000,-0.0005,-5.366,32.38,46.0,1,1
64123919,213.632,213.632,0.0000,0.1198,0.0000,-0.0005,-5.366,32.38,46.0,1,1
64125188,213.632,213.632,0.0000,0.0740,0.0000,-0.0005,-5.366,32.38,46.0,1,1
64125597,213.632,213.632,0.0000,0.0542,0.0000,-0.0005,-5.366,32.38,46.0,1,1
64126940,213.632,213.632,0.0000,0.0191,0.0000,-0.0005,-5.366,32.38,46.0,1,1
64127574,213.632,213.632,0.0000,0.0114,0.0000,-0.0005,-5.366,32.38,46.0,1,1
64128890,213.632,213.632,0.0000,0.0237,0.0000,-0.0005,-5.366,32.38,46.0,1,1
64129869,213.632,213.632,0.0000,0.0038,0.0000,-0.0005,-5.366,32.38,46.0,1,1
64130915,213.632,213.632,0.0000,-0.1045,0.0000,-0.0005,-5.366,32.38,46.0,1,1
64132186,213.632,213.632,0.0000,0.1060,0.0000,-0.0005,-5.366,32.38,46.0,1,1
64132872,213.632,213.632,0.0000,-0.0191,0.0000,-0.0005,-5.366,32.38,46.0,1,1
64133864,213.632,213.632,0.0000,-0.0710,0.0000,-0.0005,-5.366,32.38,46.0,1,1
64134865,213.632,213.632,0.0000,-0.0648,0.0000,-0.0005,-5.366,32.38,46.0,1,1
64135866,213.632,213.632,0.0000,0.0191,0.0000,-0.0005,-5.366,32.38,46.0,1,1
64137187,213.632,213.632,0.0000,0.0618,0.0000,-0.0005,-5.366,32.38,46.0,1,1
64137870,213.632,213.632,0.0000,0.0557,0.0000,-0.0005,-5.366,32.38,46.0,1,1
64138865,213.632,213.632,0.0000,0.0496,0.0000,-0.0005,-5.366,32.38,46.0,1,1
64139940,213.632,213.632,0.0000,-0.1076,0.0000,-0.0005,-5.366,32.38,46.0,1,1
64140846,213.632,213.632,0.0000,0.0725,0.0000,-0.0005,-5.366,32.38,46.0,1,1
64142175,213.632,213.632,0.0000,-0.0557,0.0000,-0.0005,-5.366,32.38,46.0,1,1
64142845,213.632,213.632,0.0000,0.0008,0.0000,-0.0005,-5.366,32.38,46.0,1,1
64143916,213.632,213.610,0.0000,-0.0145,0.0000,-0.0005,-5.366,32.38,46.0,1,1
64145185,213.610,213.632,0.0000,-0.0206,0.0000,-0.0005,-5.366,32.38,46.0,1,1
64145568,213.632,213.632,0.0000,-0.1167,0.0000,-0.0005,-5.366,32.38,46.0,1,1
64146884,213.632,213.632,0.0000,0.0130,0.0000,-0.0005,-5.366,32.38,46.0,1,1
64147867,213.632,213.632,0.0000,0.0526,0.0000,-0.0005,-5.366,32.38,46.0,1,1
64149189,213.632,213.632,0.0000,-0.1289,0.0000,-0.0005,-5.366,32.38,46.0,1,1
64149870,213.632,213.632,0.0000,0.0069,0.0000,-0.0005,-5.366,32.38,46.0,1,1
64150863,213.632,213.632,0.0000,-0.0740,0.0000,-0.0005,-5.366,32.38,46.0,1,1
64152190,213.632,213.632,0.0000,0.0160,0.0000,-0.0005,-5.366,32.38,46.0,1,1
64152871,213.632,213.632,0.0000,-0.0282,0.0000,-0.0005,-5.366,32.38,46.0,1,1
64153865,213.632,213.632,0.0000,-0.0267,0.0000,-0.0005,-5.366,32.38,46.0,1,1
64154865,213.632,213.632,0.0000,0.0008,0.0000,-0.0005,-5.366,32.38,46.0,1,1
64155863,213.632,213.632,0.0000,-0.0526,0.0000,-0.0005,-5.366,32.38,46.0,1,1
64157189,213.632,213.632,0.0000,0.1045,0.0000,-0.0005,-5.366,32.38,46.0,1,1
64157873,213.632,213.632,0.0000,0.0130,0.0000,-0.0005,-5.366,32.38,46.0,1,1
64158866,213.632,213.632,0.0000,0.0221,0.0000,-0.0005,-5.366,32.38,46.0,1,1
64159864,213.632,213.610,0.0000,-0.1076,0.0000,-0.0005,-5.366,32.38,46.0,1,1
64160866,213.610,213.632,0.0000,0.0877,0.0000,-0.0005,-5.366,32.38,46.0,1,1
64162189,213.632,213.632,0.0000,-0.0862,0.0000,-0.0005,-5.366,32.38,46.0,1,1
64162870,213.632,213.632,0.0000,0.1259,0.0000,-0.0005,-5.366,32.38,46.0,1,1
64163865,213.632,213.632,0.0000,-0.0267,0.0000,-0.0005,-5.366,32.38,46.0,1,1
64165186,213.632,213.632,0.0000,0.0664,0.0000,-0.0005,-5.366,32.38,46.0,1,1
64165547,213.632,213.632,0.0000,-0.0359,0.0000,-0.0005,-5.366,32.38,46.0,1,1
64166862,213.632,213.632,0.0000,0.0587,0.0000,-0.0005,-5.366,32.38,46.0,1,1
64167545,213.632,213.632,0.0000,-0.0526,0.0000,-0.0005,-5.366,32.38,46.0,1,1
64168893,213.632,213.632,0.0000,0.0160,0.0000,-0.0005,-5.366,32.38,46.0,1,1
64169866,213.632,213.632,0.0000,0.1091,0.0000,-0.0005,-5.366,32.38,46.0,1,1
64170866,213.632,213.632,0.0000,-0.0832,0.0000,-0.0005,-5.366,32.38,46.0,1,1
64172191,213.632,213.632,0.0000,0.0206,0.0000,-0.0005,-5.366,32.38,46.0,1,1
64172842,213.632,213.632,0.0000,-0.0603,0.0000,-0.0005,-5.366,32.38,46.0,1,1
64173848,213.632,213.632,0.0000,-0.0053,0.0000,-0.0005,-5.366,32.38,46.0,1,1
64174951,213.632,213.632,0.0000,0.0496,0.0000,-0.0005,-5.366,32.38,46.0,1,1
64175924,213.632,213.632,0.0000,0.0450,0.0000,-0.0005,-5.366,32.38,46.0,1,1
64177172,213.632,213.632,0.0000,0.0420,0.0000,-0.0005,-5.366,32.38,46.0,1,1
64177844,213.632,213.632,0.0000,-0.0069,0.0000,-0.0005,-5.366,32.38,46.0,1,1
64178844,213.632,213.632,0.0000,0.0572,0.0000,-0.0005,-5.366,32.38,46.0,1,1
64179922,213.632,213.632,0.0000,-0.0633,0.0000,-0.0005,-5.366,32.38,46.0,1,1
64180865,213.632,213.632,0.0000,-0.0084,0.0000,-0.0005,-5.366,32.38,46.0,1,1
64182191,213.632,213.632,0.0000,-0.0786,0.0000,-0.0005,-5.366,32.38,46.0,1,1
64182863,213.632,213.632,0.0000,0.0237,0.0000,-0.0005,-5.366,32.38,46.0,1,1
64183869,213.632,213.632,0.0000,-0.0359,0.0000,-0.0005,-5.366,32.38,46.0,1,1
64185190,213.632,213.632,0.0000,-0.0969,0.0000,-0.0005,-5.366,32.38,46.0,1,1
64185570,213.632,213.632,0.0000,0.0145,0.0000,-0.0005,-5.366,32.38,46.0,1,1
64186886,213.632,213.632,0.0000,0.0450,0.0000,-0.0005,-5.366,32.38,46.0,1,1
64187867,213.632,213.632,0.0000,0.0816,0.0000,-0.0005,-5.366,32.38,46.0,1,1
64189190,213.632,213.632,0.0000,-0.0191,0.0000,-0.0005,-5.366,32.38,46.0,1,1
64189870,213.632,213.632,0.0000,0.0603,0.0000,-0.0005,-5.366,32.38,46.0,1,1
64190867,213.632,213.632,0.0000,0.0206,0.0000,-0.0005,-5.366,32.38,46.0,1,1
64192193,213.632,213.632,0.0000,0.0053,0.0000,-0.0005,-5.366,32.38,46.0,1,1
64192861,213.632,213.632,0.0000,0.0175,0.0000,-0.0005,-5.366,32.38,46.0,1,1
64193866,213.632,213.632,0.0000,-0.0572,0.0000,-0.0005,-5.366,32.38,46.0,1,1
64194866,213.632,213.632,0.0000,-0.0160,0.0000,-0.0005,-5.366,32.38,46.0,1,1
64195865,213.632,213.632,0.0000,0.0984,0.0000,-0.0005,-5.366,32.38,46.0,1,1
64197191,213.632,213.632,0.0000,0.0023,0.0000,-0.0005,-5.366,32.38,46.0,1,1
64197869,213.632,213.632,0.0000,0.1060,0.0000,-0.0005,-5.366,32.38,46.0,1,1
64198866,213.632,213.632,0.0000,-0.1152,0.0000,-0.0005,-5.366,32.38,46.0,1,1
64199865,213.632,213.632,0.0000,0.0069,0.0000,-0.0005,-5.366,32.38,46.0,1,1
64200871,213.632,213.632,0.0000,0.0267,0.0000,-0.0005,-5.366,32.38,46.0,1,1
64202173,213.632,213.632,0.0000,0.0786,0.0000,-0.0005,-5.366,32.38,46.0,1,1
64202841,213.632,213.632,0.0000,0.0496,0.0000,-0.0005,-5.366,32.38,46.0,1,1
64203845,213.632,213.632,0.0000,-0.1350,0.0000,-0.0005,-5.366,32.38,46.0,1,1
64205188,213.632,213.632,0.0000,-0.0481,0.0000,-0.0005,-5.366,32.38,46.0,1,1
64205570,213.632,213.632,0.0000,0.0389,0.0000,-0.0005,-5.366,32.38,46.0,1,1
64206884,213.632,213.632,0.0000,-0.0267,0.0000,-0.0005,-5.366,32.38,46.0,1,1
64207872,213.632,213.632,0.0000,0.0130,0.0000,-0.0005,-5.366,32.38,46.0,1,1
64209133,213.632,213.632,0.0000,0.0389,0.0000,-0.0005,-5.366,32.38,46.0,1,1
64209843,213.632,213.632,0.0000,-0.0572,0.0000,-0.0005,-5.366,32.38,46.0,1,1
64210844,213.632,213.632,0.0000,0.0023,0.0000,-0.0005,-5.366,32.38,46.0,1,1
64212222,213.632,213.632,0.0000,0.0893,0.0000,-0.0005,-5.366,32.34,46.0,1,1
64212845,213.632,213.632,0.0000,0.0389,0.0000,-0.0005,-5.366,32.34,46.0,1,1
64213849,213.632,213.632,0.0000,0.0389,0.0000,-0.0005,-5.366,32.34,46.0,1,1
64214845,213.632,213.632,0.0000,-0.0648,0.0000,-0.0005,-5.366,32.34,46.0,1,1
64215890,213.632,213.632,0.0000,0.0267,0.0000,-0.0005,-5.366,32.34,46.0,1,1
64217172,213.632,213.632,0.0000,-0.0694,0.0000,-0.0005,-5.366,32.34,46.0,1,1
64217847,213.632,213.632,0.0000,-0.0938,0.0000,-0.0005,-5.366,32.34,46.0,1,1
64218845,213.632,213.632,0.0000,0.0023,0.0000,-0.0005,-5.366,32.34,46.0,1,1
64219888,213.632,213.632,0.0000,-0.0313,0.0000,-0.0005,-5.366,32.34,46.0,1,1
64220844,213.632,213.632,0.0000,0.0999,0.0000,-0.0005,-5.366,32.34,46.0,1,1
64222178,213.632,213.632,0.0000,-0.0099,0.0000,-0.0005,-5.366,32.34,46.0,1,1
64222843,213.632,213.632,0.0000,0.0084,0.0000,-0.0005,-5.366,32.34,46.0,1,1
64223890,213.632,213.632,0.0000,0.0465,0.0000,-0.0005,-5.366,32.34,46.0,1,1
64225161,213.632,213.632,0.0000,-0.0954,0.0000,-0.0005,-5.366,32.34,46.0,1,1
64225643,213.632,213.632,0.0000,-0.0923,0.0000,-0.0005,-5.366,32.34,46.0,1,1
64226870,213.632,213.632,0.0000,0.0542,0.0000,-0.0005,-5.366,32.34,46.0,1,1
64227843,213.632,213.632,0.0000,-0.0664,0.0000,-0.0005,-5.366,32.34,46.0,1,1
64229168,213.632,213.632,0.0000,0.0954,0.0000,-0.0005,-5.366,32.34,46.0,1,1
64229845,213.632,213.632,0.0000,-0.0359,0.0000,-0.0005,-5.366,32.34,46.0,1,1
64230918,213.632,213.632,0.0000,0.0237,0.0000,-0.0005,-5.366,32.34,46.0,1,1
64232192,213.632,213.632,0.0000,-0.0557,0.0000,-0.0005,-5.366,32.34,46.0,1,1
64232869,213.632,213.632,0.0000,-0.0465,0.0000,-0.0005,-5.366,32.34,46.0,1,1
64233942,213.632,213.632,0.0000,0.0267,0.0000,-0.0005,-5.366,32.34,46.0,1,1
64234869,213.632,213.632,0.0000,0.0343,0.0000,-0.0005,-5.366,32.34,46.0,1,1
64235870,213.632,213.632,0.0000,-0.0130,0.0000,-0.0005,-5.366,32.34,46.0,1,1
64237199,213.632,213.632,0.0000,-0.0633,0.0000,-0.0005,-5.366,32.38,46.0,1,1
64237863,213.632,213.632,0.0000,-0.0237,0.0000,-0.0005,-5.366,32.38,46.0,1,1
64238867,213.632,213.632,0.0000,0.0648,0.0000,-0.0005,-5.366,32.38,46.0,1,1
64239914,213.632,213.632,0.0000,0.0053,0.0000,-0.0005,-5.366,32.38,46.0,1,1
64240866,213.632,213.632,0.0000,-0.0450,0.0000,-0.0005,-5.366,32.38,46.0,1,1
64242189,213.632,213.632,0.0000,-0.0893,0.0000,-0.0005,-5.366,32.38,46.0,1,1
64242893,213.632,213.632,0.0000,0.0877,0.0000,-0.0005,-5.366,32.38,46.0,1,1
64243869,213.632,213.632,0.0000,0.0130,0.0000,-0.0005,-5.366,32.38,46.0,1,1
64245189,213.632,213.632,0.0000,0.0389,0.0000,-0.0005,-5.366,32.38,46.0,1,1
64245558,213.632,213.632,0.0000,0.1106,0.0000,-0.0005,-5.366,32.38,46.0,1,1
64246884,213.632,213.632,0.0000,0.0191,0.0000,-0.0005,-5.366,32.38,46.0,1,1
64247936,213.632,213.632,0.0000,-0.0038,0.0000,-0.0005,-5.366,32.38,46.0,1,1
64249173,213.632,213.632,0.0000,0.0206,0.0000,-0.0005,-5.366,32.38,46.0,1,1
64249843,213.632,213.632,0.0000,-0.0084,0.0000,-0.0005,-5.366,32.38,46.0,1,1
64250845,213.632,213.632,0.0000,0.0572,0.0000,-0.0005,-5.366,32.38,46.0,1,1
64252236,213.632,213.632,0.0000,-0.1076,0.0000,-0.0005,-5.366,32.38,46.0,1,1
64252893,213.632,213.632,0.0000,-0.0175,0.0000,-0.0005,-5.366,32.38,46.0,1,1
64253867,213.632,213.632,0.0000,0.0648,0.0000,-0.0005,-5.366,32.38,46.0,1,1
64254866,213.632,213.632,0.0000,-0.0343,0.0000,-0.0005,-5.366,32.38,46.0,1,1
64255869,213.632,213.632,0.0000,0.0099,0.0000,-0.0005,-5.366,32.38,46.0,1,1
64257193,213.632,213.632,0.0000,-0.0313,0.0000,-0.0005,-5.366,32.38,46.0,1,1
64257892,213.632,213.632,0.0000,-0.0526,0.0000,-0.0005,-5.366,32.38,46.0,1,1
64258867,213.632,213.632,0.0000,-0.0160,0.0000,-0.0005,-5.366,32.38,46.0,1,1
64259866,213.632,213.632,0.0000,0.0099,0.0000,-0.0005,-5.366,32.38,46.0,1,1
64260867,213.632,213.632,0.0000,0.0954,0.0000,-0.0005,-5.366,32.38,46.0,1,1
64262189,213.632,213.632,0.0000,-0.0420,0.0000,-0.0005,-5.366,32.38,46.0,1,1
64262870,213.632,213.632,0.0000,0.0237,0.0000,-0.0005,-5.366,32.38,46.0,1,1
64263864,213.632,213.632,0.0000,-0.0710,0.0000,-0.0005,-5.366,32.38,46.0,1,1
64265187,213.632,213.632,0.0000,0.0374,0.0000,-0.0005,-5.366,32.38,46.0,1,1
64265557,213.632,213.632,0.0000,-0.1503,0.0000,-0.0005,-5.366,32.38,46.0,1,1
64266887,213.632,213.632,0.0000,-0.0343,0.0000,-0.0005,-5.366,32.38,46.0,1,1
64267866,213.632,213.632,0.0000,-0.1564,0.0000,-0.0005,-5.366,32.38,46.0,1,1
64269192,213.632,213.632,0.0000,-0.0328,0.0000,-0.0005,-5.366,32.38,46.0,1,1
64269892,213.632,213.632,0.0000,-0.0603,0.0000,-0.0005,-5.366,32.38,46.0,1,1
64270867,213.632,213.632,0.0000,-0.1305,0.0000,-0.0005,-5.366,32.38,46.0,1,1
64272195,213.632,213.632,0.0000,0.0587,0.0000,-0.0005,-5.366,32.41,46.0,1,1
64272896,213.632,213.632,0.0000,-0.1305,0.0000,-0.0005,-5.366,32.41,46.0,1,1
64273875,213.632,213.632,0.0000,-0.0008,0.0000,-0.0005,-5.366,32.41,46.0,1,1
64274844,213.632,213.632,0.0000,0.1518,0.0000,-0.0005,-5.366,32.41,46.0,1,1
64275842,213.632,213.632,0.0000,0.0923,0.0000,-0.0005,-5.366,32.41,46.0,1,1
64277169,213.632,213.632,0.0000,-0.0069,0.0000,-0.0005,-5.366,32.41,46.0,1,1
64277869,213.632,213.632,0.0000,-0.0664,0.0000,-0.0005,-5.366,32.41,46.0,1,1
64278864,213.632,213.610,0.0000,0.0282,0.0000,-0.0005,-5.366,32.41,46.0,1,1
64279867,213.610,213.632,0.0000,0.1579,0.0000,-0.0005,-5.366,32.41,46.0,1,1
64280864,213.632,213.632,0.0000,-0.0557,0.0000,-0.0005,-5.366,32.41,46.0,1,1
64282079,213.632,213.632,0.0000,-0.0008,0.0000,-0.0005,-5.366,32.41,46.0,1,1
64282846,213.632,213.632,0.0000,0.0587,0.0000,-0.0005,-5.366,32.41,46.0,1,1
64283843,213.632,213.632,0.0000,-0.0648,0.0000,-0.0005,-5.366,32.41,46.0,1,1
64285259,213.632,213.632,0.0000,-0.0603,0.0000,-0.0005,-5.366,32.41,46.0,1,1
64285558,213.632,213.632,0.0000,-0.0069,0.0000,-0.0005,-5.366,32.41,46.0,1,1
64286865,213.632,213.632,0.0000,0.0420,0.0000,-0.0005,-5.366,32.41,46.0,1,1
64287840,213.632,213.632,0.0000,0.0282,0.0000,-0.0005,-5.366,32.41,46.0,1,1
64289169,213.632,213.610,0.0000,-0.0008,0.0000,-0.0005,-5.366,32.41,46.0,1,1
64289843,213.610,213.632,0.0000,0.0206,0.0000,-0.0005,-5.366,32.41,46.0,1,1
64290915,213.632,213.632,0.0000,0.0282,0.0000,-0.0005,-5.366,32.41,46.0,1,1
64292191,213.632,213.632,0.0000,-0.0374,0.0000,-0.0005,-5.366,32.41,46.0,1,1
64292927,213.632,213.632,0.0000,0.0038,0.0000,-0.0005,-5.366,32.41,46.0,1,1
64293869,213.632,213.632,0.0000,-0.1381,0.0000,-0.0005,-5.366,32.41,46.0,1,1
64294863,213.632,213.632,0.0000,0.0175,0.0000,-0.0005,-5.366,32.41,46.0,1,1
64295864,213.632,213.632,0.0000,-0.1015,0.0000,-0.0005,-5.366,32.41,46.0,1,1
64297188,213.632,213.632,0.0000,0.1518,0.0000,-0.0005,-5.366,32.41,46.0,1,1
64297868,213.632,213.632,0.0000,0.0130,0.0000,-0.0005,-5.366,32.41,46.0,1,1
64298865,213.632,213.632,0.0000,0.0221,0.0000,-0.0005,-5.366,32.41,46.0,1,1
64299910,213.632,213.632,0.0000,-0.0511,0.0000,-0.0005,-5.366,32.41,46.0,1,1
64300865,213.632,213.632,0.0000,0.0664,0.0000,-0.0005,-5.366,32.41,46.0,1,1
64302190,213.632,213.632,0.0000,-0.0160,0.0000,-0.0005,-5.366,32.41,46.0,1,1
64302866,213.632,213.632,0.0000,-0.0832,0.0000,-0.0005,-5.366,32.41,46.0,1,1
64303862,213.632,213.632,0.0000,0.0786,0.0000,-0.0005,-5.366,32.41,46.0,1,1
64305186,213.632,213.632,0.0000,0.0923,0.0000,-0.0005,-5.366,32.41,46.0,1,1
64305567,213.632,213.610,0.0000,-0.0816,0.0000,-0.0005,-5.366,32.41,46.0,1,1
64306901,213.610,213.632,0.0000,0.0481,0.0000,-0.0005,-5.366,32.41,46.0,1,1
64307927,213.632,213.632,0.0000,-0.0908,0.0000,-0.0005,-5.366,32.41,46.0,1,1
64309171,213.632,213.632,0.0000,0.0114,0.0000,-0.0005,-5.366,32.41,46.0,1,1
64309842,213.632,213.632,0.0000,0.0435,0.0000,-0.0005,-5.366,32.41,46.0,1,1
64310843,213.632,213.632,0.0000,-0.0877,0.0000,-0.0005,-5.366,32.41,46.0,1,1
64312236,213.632,213.632,0.0000,0.0237,0.0000,-0.0005,-5.366,32.41,46.0,1,1
64312895,213.632,213.632,0.0000,-0.0481,0.0000,-0.0005,-5.366,32.41,46.0,1,1
64313864,213.632,213.632,0.0000,0.0862,0.0000,-0.0005,-5.366,32.41,46.0,1,1
64314866,213.632,213.632,0.0000,-0.0725,0.0000,-0.0005,-5.366,32.41,46.0,1,1
64315866,213.632,213.632,0.0000,-0.0648,0.0000,-0.0005,-5.366,32.41,46.0,1,1
64317195,213.632,213.632,0.0000,0.0130,0.0000,-0.0005,-5.366,32.38,46.0,1,1
64317897,213.632,213.632,0.0000,0.0145,0.0000,-0.0005,-5.366,32.38,46.0,1,1
64318866,213.632,213.632,0.0000,-0.0175,0.0000,-0.0005,-5.366,32.38,46.0,1,1
64319865,213.632,213.632,0.0000,-0.0404,0.0000,-0.0005,-5.366,32.38,46.0,1,1
64320865,213.632,213.632,0.0000,-0.0999,0.0000,-0.0005,-5.366,32.38,46.0,1,1
64322189,213.632,213.632,0.0000,0.0145,0.0000,-0.0005,-5.366,32.38,46.0,1,1
64322894,213.632,213.632,0.0000,-0.0023,0.0000,-0.0005,-5.366,32.38,46.0,1,1
64323863,213.632,213.632,0.0000,0.1793,0.0000,-0.0005,-5.366,32.38,46.0,1,1
64325184,213.632,213.632,0.0000,-0.1228,0.0000,-0.0005,-5.366,32.38,46.0,1,1
64325568,213.632,213.632,0.0000,-0.0679,0.0000,-0.0005,-5.366,32.38,46.0,1,1
64326883,213.632,213.632,0.0000,0.0404,0.0000,-0.0005,-5.366,32.38,46.0,1,1
64327891,213.632,213.632,0.0000,0.0664,0.0000,-0.0005,-5.366,32.38,46.0,1,1
64329188,213.632,213.632,0.0000,0.0496,0.0000,-0.0005,-5.366,32.38,46.0,1,1
64329894,213.632,213.632,0.0000,-0.0008,0.0000,-0.0005,-5.366,32.38,46.0,1,1
64330865,213.632,213.632,0.0000,0.0237,0.0000,-0.0005,-5.366,32.38,46.0,1,1
64332185,213.632,213.632,0.0000,-0.0099,0.0000,-0.0005,-5.366,32.38,46.0,1,1
64332891,213.632,213.632,0.0000,-0.0175,0.0000,-0.0005,-5.366,32.38,46.0,1,1
64333874,213.632,213.632,0.0000,0.0465,0.0000,-0.0005,-5.366,32.38,46.0,1,1
64334845,213.632,213.632,0.0000,-0.1991,0.0000,-0.0005,-5.366,32.38,46.0,1,1
64335840,213.632,213.632,0.0000,0.0557,0.0000,-0.0005,-5.366,32.38,46.0,1,1
64337176,213.632,213.632,0.0000,-0.0679,0.0000,-0.0005,-5.366,32.38,46.0,1,1
64337866,213.632,213.632,0.0000,0.0511,0.0000,-0.0005,-5.366,32.38,46.0,1,1
64338865,213.632,213.632,0.0000,0.0542,0.0000,-0.0005,-5.366,32.38,46.0,1,1
64339867,213.632,213.632,0.0000,-0.0465,0.0000,-0.0005,-5.366,32.38,46.0,1,1
64340867,213.632,213.632,0.0000,-0.0130,0.0000,-0.0005,-5.366,32.38,46.0,1,1
64342191,213.632,213.632,0.0000,0.0313,0.0000,-0.0005,-5.366,32.38,46.0,1,1
64342845,213.632,213.632,0.0000,0.0877,0.0000,-0.0005,-5.366,32.38,46.0,1,1
64343942,213.632,213.632,0.0000,-0.0435,0.0000,-0.0005,-5.366,32.38,46.0,1,1
64345239,213.632,213.632,0.0000,0.0359,0.0000,-0.0005,-5.366,32.38,46.0,1,1
64345544,213.632,213.632,0.0000,0.0465,0.0000,-0.0005,-5.366,32.38,46.0,1,1
64346866,213.632,213.632,0.0000,-0.0130,0.0000,-0.0005,-5.366,32.38,46.0,1,1
64347863,213.632,213.632,0.0000,-0.1305,0.0000,-0.0005,-5.366,32.38,46.0,1,1
64349235,213.632,213.632,0.0000,0.1289,0.0000,-0.0005,-5.366,32.38,46.0,1,1
64349893,213.632,213.632,0.0000,-0.1259,0.0000,-0.0005,-5.366,32.38,46.0,1,1
64350866,213.632,213.632,0.0000,-0.1076,0.0000,-0.0005,-5.366,32.38,46.0,1,1
64352193,213.632,213.632,0.0000,0.0938,0.0000,-0.0005,-5.366,32.34,46.0,1,1
64352894,213.632,213.632,0.0000,-0.0053,0.0000,-0.0005,-5.366,32.34,46.0,1,1
64353866,213.632,213.632,0.0000,0.0069,0.0000,-0.0005,-5.366,32.34,46.0,1,1
64354869,213.632,213.632,0.0000,-0.1076,0.0000,-0.0005,-5.366,32.34,46.0,1,1
64355868,213.632,213.632,0.0000,-0.0359,0.0000,-0.0005,-5.366,32.34,46.0,1,1
64357189,213.632,213.632,0.0000,0.1106,0.0000,-0.0005,-5.366,32.34,46.0,1,1
64357895,213.632,213.610,0.0000,-0.1946,0.0000,-0.0005,-5.366,32.34,46.0,1,1
64358865,213.610,213.632,0.0000,0.0374,0.0000,-0.0005,-5.366,32.34,46.0,1,1
64359866,213.632,213.632,0.0000,0.0343,0.0000,-0.0005,-5.366,32.34,46.0,1,1
64360865,213.632,213.632,0.0000,0.1122,0.0000,-0.0005,-5.366,32.34,46.0,1,1
64362185,213.632,213.632,0.0000,-0.1732,0.0000,-0.0005,-5.366,32.34,46.0,1,1
64362895,213.632,213.632,0.0000,0.0832,0.0000,-0.0005,-5.366,32.34,46.0,1,1
64363871,213.632,213.632,0.0000,0.0481,0.0000,-0.0005,-5.366,32.34,46.0,1,1
64365185,213.632,213.632,0.0000,0.0191,0.0000,-0.0005,-5.366,32.34,46.0,1,1
64365569,213.632,213.632,0.0000,0.0313,0.0000,-0.0005,-5.366,32.34,46.0,1,1
64366886,213.632,213.632,0.0000,-0.0862,0.0000,-0.0005,-5.366,32.34,46.0,1,1
64367892,213.632,213.632,0.0000,-0.0298,0.0000,-0.0005,-5.366,32.34,46.0,1,1
64369190,213.632,213.632,0.0000,0.0175,0.0000,-0.0005,-5.366,32.34,46.0,1,1
64369861,213.632,213.632,0.0000,-0.0023,0.0000,-0.0005,-5.366,32.34,46.0,1,1
64370863,213.632,213.632,0.0000,0.0084,0.0000,-0.0005,-5.366,32.34,46.0,1,1
64372172,213.632,213.632,0.0000,-0.0114,0.0000,-0.0005,-5.366,32.34,46.0,1,1
64372840,213.632,213.632,0.0000,0.0969,0.0000,-0.0005,-5.366,32.34,46.0,1,1
64373852,213.632,213.632,0.0000,-0.0587,0.0000,-0.0005,-5.366,32.34,46.0,1,1
64374894,213.632,213.632,0.0000,-0.0328,0.0000,-0.0005,-5.366,32.34,46.0,1,1
64375863,213.632,213.632,0.0000,-0.0374,0.0000,-0.0005,-5.366,32.34,46.0,1,1
64377192,213.632,213.632,0.0000,0.0206,0.0000,-0.0005,-5.366,32.34,46.0,1,1
64377892,213.632,213.632,0.0000,0.0374,0.0000,-0.0005,-5.366,32.34,46.0,1,1
64378750,213.632,213.632,0.0000,0.1228,0.0000,-0.0005,-5.366,32.34,46.0,1,1
64379843,213.632,213.632,0.0000,0.0191,0.0000,-0.0005,-5.366,32.34,46.0,1,1
64380930,213.632,213.632,0.0000,0.1228,0.0000,-0.0005,-5.366,32.34,46.0,1,1
64382176,213.632,213.610,0.0000,-0.0587,0.0000,-0.0005,-5.366,32.34,46.0,1,1
64382848,213.610,213.632,0.0000,0.0435,0.0000,-0.0005,-5.366,32.34,46.0,1,1
64383840,213.632,213.632,0.0000,0.0771,0.0000,-0.0005,-5.366,32.34,46.0,1,1
64385202,213.632,213.632,0.0000,-0.0313,0.0000,-0.0005,-5.366,32.34,46.0,1,1
64385841,213.632,213.632,0.0000,-0.0542,0.0000,-0.0005,-5.366,32.34,46.0,1,1
64387180,213.632,213.632,0.0000,-0.0343,0.0000,-0.0005,-5.366,32.34,46.0,1,1
64387843,213.632,213.632,0.0000,-0.0069,0.0000,-0.0005,-5.366,32.34,46.0,1,1
64389211,213.632,213.632,0.0000,-0.0786,0.0000,-0.0005,0.000,32.34,46.0,1,1
64389849,213.632,213.632,0.0000,0.1045,0.0000,-0.0005,0.000,32.34,46.0,1,1
64390850,213.632,213.632,0.0000,0.0069,0.0000,-0.0005,0.000,32.34,46.0,1,1
64392157,213.632,213.632,0.0000,0.0587,0.0000,-0.0005,0.000,32.38,46.0,1,1
64392752,213.632,213.632,0.0000,-0.0633,0.0000,-0.0005,0.000,32.38,46.0,1,1
64393871,213.632,213.632,0.0000,0.0618,0.0000,-0.0005,0.000,32.38,46.0,1,1
64394843,213.632,213.632,0.0000,0.0359,0.0000,-0.0005,0.000,32.38,46.0,1,1
64395942,213.632,213.632,0.0000,-0.1274,0.0000,-0.0005,0.000,32.38,46.0,1,1
64397175,213.632,213.632,0.0000,0.0328,0.0000,-0.0005,0.000,32.38,46.0,1,1
64397841,213.632,213.632,0.0000,-0.0420,0.0000,-0.0005,0.000,32.38,46.0,1,1
64398843,213.632,213.632,0.0000,0.0511,0.0000,-0.0005,0.000,32.38,46.0,1,1
64399843,213.632,213.632,0.0000,-0.0023,0.0000,-0.0005,0.000,32.38,46.0,1,1
64400840,213.632,213.632,0.0000,0.1320,0.0000,-0.0005,0.000,32.38,46.0,1,1
64402166,213.632,213.632,0.0000,-0.0633,0.0000,-0.0005,0.000,32.38,46.0,1,1
64402911,213.632,213.632,0.0000,-0.0420,0.0000,-0.0005,0.000,32.38,46.0,1,1
64403869,213.632,213.632,0.0000,0.0954,0.0000,-0.0005,0.000,32.38,46.0,1,1
64405194,213.632,213.632,0.0000,-0.0069,0.0000,-0.0005,0.000,32.38,46.0,1,1
64405890,213.632,213.632,0.0000,0.0557,0.0000,-0.0005,0.000,32.38,46.0,1,1
64407191,213.632,213.632,0.0000,-0.0313,0.0000,-0.0005,0.000,32.34,46.0,1,1
64407911,213.632,213.632,0.0000,0.0694,0.0000,-0.0005,0.000,32.34,46.0,1,1
64409184,213.632,213.610,0.0000,-0.0694,0.0000,-0.0005,0.000,32.34,46.0,1,1
64409895,213.610,213.632,0.0000,-0.0282,0.0000,-0.0005,0.000,32.34,46.0,1,1
64410871,213.632,213.632,0.0000,0.0389,0.0000,-0.0005,0.000,32.34,46.0,1,1
64412188,213.632,213.632,0.0000,-0.0252,0.0000,-0.0005,0.000,32.34,46.0,1,1
64412898,213.632,213.632,0.0000,0.0313,0.0000,-0.0005,0.000,32.34,46.0,1,1
64413878,213.632,213.632,0.0000,0.0130,0.0000,-0.0005,0.000,32.34,46.0,1,1
64414927,213.632,213.632,0.0000,0.0145,0.0000,-0.0005,0.000,32.34,46.0,1,1
64415847,213.632,213.632,0.0000,0.0481,0.0000,-0.0005,0.000,32.34,46.0,1,1
64417173,213.632,213.632,0.0000,-0.0435,0.0000,-0.0005,0.000,32.34,46.0,1,1
64417844,213.632,213.632,0.0000,-0.0175,0.0000,-0.0005,0.000,32.34,46.0,1,1
64418909,213.632,213.632,0.0000,0.0557,0.0000,-0.0005,0.000,32.34,46.0,1,1
64419890,213.632,213.632,0.0000,0.0511,0.0000,-0.0005,0.000,32.34,46.0,1,1
64420865,213.632,213.632,0.0000,0.0343,0.0000,-0.0005,0.000,32.34,46.0,1,1
64422192,213.632,213.632,0.0000,0.0969,0.0000,-0.0005,0.000,32.38,46.0,1,1
64422895,213.632,213.632,0.0000,-0.0862,0.0000,-0.0005,0.000,32.38,46.0,1,1
64423865,213.632,213.632,0.0000,0.0420,0.0000,-0.0005,0.000,32.38,46.0,1,1
64425188,213.632,213.632,0.0000,-0.0328,0.0000,-0.0005,0.000,32.38,46.0,1,1
64425568,213.632,213.632,0.0000,-0.0359,0.0000,-0.0005,0.000,32.38,46.0,1,1
64426886,213.632,213.632,0.0000,-0.0389,0.0000,-0.0005,0.000,32.38,46.0,1,1
64427572,213.632,213.632,0.0000,0.1305,0.0000,-0.0005,0.000,32.38,46.0,1,1
64428888,213.632,213.632,0.0000,-0.0267,0.0000,-0.0005,0.000,32.38,46.0,1,1
64429571,213.632,213.632,0.0000,0.0191,0.0000,-0.0005,0.000,32.38,46.0,1,1
64430572,213.632,213.632,0.0000,0.0099,0.0000,-0.0005,0.000,32.38,46.0,1,1
64431882,213.632,213.632,0.0000,-0.0664,0.0000,-0.0005,0.000,32.38,46.0,1,1
64432571,213.632,213.632,0.0000,0.0511,0.0000,-0.0005,0.000,32.38,46.0,1,1
64433572,213.632,213.632,0.0000,-0.0710,0.0000,-0.0005,0.000,32.38,46.0,1,1
64434566,213.632,213.632,0.0000,0.0587,0.0000,-0.0005,0.000,32.38,46.0,1,1
64435572,213.632,213.632,0.0000,-0.0633,0.0000,-0.0005,0.000,32.38,46.0,1,1
64436864,213.632,213.632,0.0000,-0.0084,0.0000,-0.0005,0.000,32.38,46.0,1,1
64437842,213.632,213.632,0.0000,0.0679,0.0000,-0.0005,0.000,32.38,46.0,1,1
64438860,213.632,213.632,0.0000,-0.0481,0.0000,-0.0005,0.000,32.38,46.0,1,1
64439890,213.632,213.632,0.0000,0.0969,0.0000,-0.0005,0.000,32.38,46.0,1,1
64440861,213.632,213.632,0.0000,0.0175,0.0000,-0.0005,0.000,32.38,46.0,1,1
64442192,213.632,213.632,0.0000,-0.0832,0.0000,-0.0005,0.000,32.38,46.0,1,1
64442896,213.632,213.632,0.0000,0.0481,0.0000,-0.0005,0.000,32.38,46.0,1,1
64443892,213.632,213.632,0.0000,-0.0130,0.0000,-0.0005,0.000,32.38,46.0,1,1
64445163,213.632,213.632,0.0000,-0.0328,0.0000,-0.0005,0.000,32.38,46.0,1,1
64445445,213.632,213.632,0.0000,0.0557,0.0000,-0.0005,0.000,32.38,46.0,1,1
64446969,213.632,213.632,0.0000,-0.0313,0.0000,-0.0005,0.000,32.38,46.0,1,1
64447849,213.632,213.632,0.0000,-0.0587,0.0000,-0.0005,0.000,32.38,46.0,1,1
64449163,213.632,213.632,0.0000,0.1411,0.0000,-0.0005,0.000,32.38,46.0,1,1
64449845,213.632,213.632,0.0000,0.0191,0.0000,-0.0005,0.000,32.38,46.0,1,1
64450908,213.632,213.632,0.0000,-0.0374,0.0000,-0.0005,0.000,32.38,46.0,1,1
64452209,213.632,213.632,0.0000,-0.0237,0.0000,-0.0005,0.000,32.38,46.0,1,1
64452893,213.632,213.632,0.0000,-0.0435,0.0000,-0.0005,0.000,32.38,46.0,1,1
64453862,213.632,213.632,0.0000,0.0710,0.0000,-0.0005,0.000,32.38,46.0,1,1
64454864,213.632,213.632,0.0000,-0.0496,0.0000,-0.0005,0.000,32.38,46.0,1,1
64455865,213.632,213.632,0.0000,0.0465,0.0000,-0.0005,0.000,32.38,46.0,1,1
64457200,213.632,213.632,0.0000,0.0938,0.0000,-0.0005,0.000,32.34,46.0,1,1
64457885,213.632,213.632,0.0000,-0.0191,0.0000,-0.0005,0.000,32.34,46.0,1,1
64458886,213.632,213.632,0.0000,0.0847,0.0000,-0.0005,0.000,32.34,46.0,1,1
64459887,213.632,213.632,0.0000,-0.0679,0.0000,-0.0005,0.000,32.34,46.0,1,1
64460864,213.632,213.632,0.0000,0.0237,0.0000,-0.0005,0.000,32.34,46.0,1,1
64462187,213.632,213.632,0.0000,-0.0511,0.0000,-0.0005,0.000,32.34,46.0,1,1
64462860,213.632,213.632,0.0000,0.0526,0.0000,-0.0005,0.000,32.34,46.0,1,1
64463865,213.632,213.632,0.0000,0.0877,0.0000,-0.0005,0.000,32.34,46.0,1,1
64465204,213.632,213.632,0.0000,0.0359,0.0000,-0.0005,0.000,32.34,46.0,1,1
64465566,213.632,213.610,0.0000,-0.0481,0.0000,-0.0005,0.000,32.34,46.0,1,1
64466883,213.610,213.632,0.0000,0.0923,0.0000,-0.0005,0.000,32.34,46.0,1,1
64467570,213.632,213.632,0.0000,-0.0862,0.0000,-0.0005,0.000,32.34,46.0,1,1
64468887,213.632,213.632,0.0000,-0.0877,0.0000,-0.0005,0.000,32.34,46.0,1,1
64469570,213.632,213.632,0.0000,0.0832,0.0000,-0.0005,0.000,32.34,46.0,1,1
64470573,213.632,213.632,0.0000,0.0175,0.0000,-0.0005,0.000,32.34,46.0,1,1
64471866,213.632,213.632,0.0000,-0.0160,0.0000,-0.0005,0.000,32.34,46.0,1,1
64472842,213.632,213.632,0.0000,-0.1350,0.0000,-0.0005,0.000,32.34,46.0,1,1
64473863,213.632,213.632,0.0000,-0.0221,0.0000,-0.0005,0.000,32.34,46.0,1,1
64474889,213.632,213.632,0.0000,0.0450,0.0000,-0.0005,0.000,32.34,46.0,1,1
64475862,213.632,213.632,0.0000,-0.0145,0.0000,-0.0005,0.000,32.34,46.0,1,1
64477204,213.632,213.632,0.0000,0.0175,0.0000,-0.0005,0.000,32.38,46.0,1,1
64477847,213.632,213.632,0.0000,-0.1488,0.0000,-0.0005,0.000,32.38,46.0,1,1
64478844,213.632,213.632,0.0000,0.0404,0.0000,-0.0005,0.000,32.38,46.0,1,1
64479843,213.632,213.632,0.0000,-0.1259,0.0000,-0.0005,0.000,32.38,46.0,1,1
64480922,213.632,213.632,0.0000,-0.0450,0.0000,-0.0005,0.000,32.38,46.0,1,1
64482173,213.632,213.632,0.0000,0.0542,0.0000,-0.0005,0.000,32.38,46.0,1,1
64482849,213.632,213.632,0.0000,-0.1259,0.0000,-0.0005,0.000,32.38,46.0,1,1
64483845,213.632,213.632,0.0000,0.0481,0.0000,-0.0005,0.000,32.38,46.0,1,1
64485228,213.632,213.632,0.0000,0.0496,0.0000,-0.0005,0.000,32.38,46.0,1,1
64485545,213.632,213.632,0.0000,-0.0343,0.0000,-0.0005,0.000,32.38,46.0,1,1
64486878,213.632,213.632,0.0000,-0.0374,0.0000,-0.0005,0.000,32.38,46.0,1,1
64487842,213.632,213.632,0.0000,0.0359,0.0000,-0.0005,0.000,32.38,46.0,1,1
64489239,213.632,213.632,0.0000,0.0648,0.0000,-0.0005,0.000,32.38,46.0,1,1
64489847,213.632,213.632,0.0000,0.0404,0.0000,-0.0005,0.000,32.38,46.0,1,1
64490850,213.632,213.632,0.0000,-0.0801,0.0000,-0.0005,0.000,32.38,46.0,1,1
64492164,213.632,213.632,0.0000,0.0572,0.0000,-0.0005,0.000,32.38,46.0,1,1
64492751,213.632,213.632,0.0000,-0.0175,0.0000,-0.0005,0.000,32.38,46.0,1,1
64493869,213.632,213.632,0.0000,-0.0954,0.0000,-0.0005,0.000,32.38,46.0,1,1
64494843,213.632,213.632,0.0000,-0.0175,0.0000,-0.0005,0.000,32.38,46.0,1,1
64495849,213.632,213.632,0.0000,0.0908,0.0000,-0.0005,0.000,32.38,46.0,1,1
64497175,213.632,213.632,0.0000,0.0877,0.0000,-0.0005,0.000,32.38,46.0,1,1
64497753,213.632,213.632,0.0000,-0.0328,0.0000,-0.0005,0.000,32.38,46.0,1,1
64498944,213.632,213.632,0.0000,0.0328,0.0000,-0.0005,0.000,32.38,46.0,1,1
64499842,213.632,213.632,0.0000,0.1595,0.0000,-0.0005,0.000,32.38,46.0,1,1
64500842,213.632,213.632,0.0000,-0.0435,0.0000,-0.0005,0.000,32.38,46.0,1,1
64502182,213.632,213.632,0.0000,0.1305,0.0000,-0.0005,0.000,32.38,46.0,1,1
64502906,213.632,213.632,0.0000,-0.1320,0.0000,-0.0005,0.000,32.38,46.0,1,1
64503887,213.632,213.632,0.0000,-0.0618,0.0000,-0.0005,0.000,32.38,46.0,1,1
64505208,213.632,213.632,0.0000,0.0999,0.0000,-0.0005,0.000,32.38,46.0,1,1
64505856,213.632,213.632,0.0000,0.0633,0.0000,-0.0005,0.000,32.38,46.0,1,1
64507206,213.632,213.632,0.0000,0.0542,0.0000,-0.0005,0.000,32.34,46.0,1,1
64507886,213.632,213.632,0.0000,-0.0252,0.0000,-0.0005,0.000,32.34,46.0,1,1
64509213,213.632,213.632,0.0000,-0.0099,0.0000,-0.0005,0.000,32.34,46.0,1,1
64509894,213.632,213.632,0.0000,0.0008,0.0000,-0.0005,0.000,32.34,46.0,1,1
64510889,213.632,213.632,0.0000,0.0343,0.0000,-0.0005,0.000,32.34,46.0,1,1
64512207,213.632,213.632,0.0000,0.0328,0.0000,-0.0005,0.000,32.38,46.0,1,1
64512893,213.632,213.632,0.0000,0.0587,0.0000,-0.0005,0.000,32.38,46.0,1,1
64513889,213.632,213.632,0.0000,0.1015,0.0000,-0.0005,0.000,32.38,46.0,1,1
64514889,213.632,213.632,0.0000,0.0206,0.0000,-0.0005,0.000,32.38,46.0,1,1
64515889,213.632,213.632,0.0000,-0.0404,0.0000,-0.0005,0.000,32.38,46.0,1,1
64517205,213.632,213.632,0.0000,-0.0313,0.0000,-0.0005,0.000,32.38,46.0,1,1
64517894,213.632,213.632,0.0000,-0.0160,0.0000,-0.0005,0.000,32.38,46.0,1,1
64518891,213.632,213.632,0.0000,-0.0481,0.0000,-0.0005,0.000,32.38,46.0,1,1
64519889,213.632,213.632,0.0000,0.0389,0.0000,-0.0005,0.000,32.38,46.0,1,1
64520889,213.632,213.632,0.0000,0.0114,0.0000,-0.0005,0.000,32.38,46.0,1,1
64522204,213.632,213.632,0.0000,-0.0908,0.0000,-0.0005,0.000,32.38,46.0,1,1
64522896,213.632,213.632,0.0000,0.0328,0.0000,-0.0005,0.000,32.38,46.0,1,1
64523888,213.632,213.632,0.0000,0.0313,0.0000,-0.0005,0.000,32.38,46.0,1,1
64525204,213.632,213.632,0.0000,-0.0145,0.0000,-0.0005,0.000,32.38,46.0,1,1
64525856,213.632,213.632,0.0000,-0.1137,0.0000,-0.0005,0.000,32.38,46.0,1,1
64527200,213.632,213.632,0.0000,0.0511,0.0000,-0.0005,0.000,32.34,46.0,1,1
64527847,213.632,213.632,0.0000,0.0420,0.0000,-0.0005,0.000,32.34,46.0,1,1
64529160,213.632,213.632,0.0000,0.1289,0.0000,-0.0005,0.000,32.34,46.0,1,1
64529845,213.632,213.632,0.0000,-0.1488,0.0000,-0.0005,0.000,32.34,46.0,1,1
64530865,213.632,213.632,0.0000,0.1030,0.0000,-0.0005,0.000,32.34,46.0,1,1
64532204,213.632,213.632,0.0000,0.0145,0.0000,-0.0005,0.000,32.38,46.0,1,1
64532891,213.632,213.632,0.0000,-0.0710,0.0000,-0.0005,0.000,32.38,46.0,1,1
64533888,213.632,213.632,0.0000,0.1213,0.0000,-0.0005,0.000,32.38,46.0,1,1
64534890,213.632,213.632,0.0000,0.0038,0.0000,-0.0005,0.000,32.38,46.0,1,1
64535891,213.632,213.632,0.0000,0.0206,0.0000,-0.0005,0.000,32.38,46.0,1,1
64537169,213.632,213.632,0.0000,-0.0771,0.0000,-0.0005,0.000,32.38,46.0,1,1
64537758,213.632,213.632,0.0000,0.0557,0.0000,-0.0005,0.000,32.38,46.0,1,1
64538901,213.632,213.632,0.0000,0.0832,0.0000,-0.0005,0.000,32.38,46.0,1,1
64539843,213.632,213.632,0.0000,-0.1701,0.0000,-0.0005,0.000,32.38,46.0,1,1
64540847,213.632,213.632,0.0000,0.0435,0.0000,-0.0005,0.000,32.38,46.0,1,1
64542169,213.632,213.632,0.0000,0.0542,0.0000,-0.0005,0.000,32.38,46.0,1,1
64542753,213.632,213.632,0.0000,-0.0481,0.0000,-0.0005,0.000,32.38,46.0,1,1
64543870,213.632,213.632,0.0000,0.0496,0.0000,-0.0005,0.000,32.38,46.0,1,1
64545163,213.632,213.632,0.0000,-0.0175,0.0000,-0.0005,0.000,32.38,46.0,1,1
64545551,213.632,213.632,0.0000,-0.1549,0.0000,-0.0005,0.000,32.38,46.0,1,1
64546868,213.632,213.632,0.0000,0.0969,0.0000,-0.0005,0.000,32.38,46.0,1,1
64547926,213.632,213.610,0.0000,-0.0969,0.0000,-0.0005,0.000,32.38,46.0,1,1
64549227,213.610,213.632,0.0000,0.1320,0.0000,-0.0005,0.000,32.38,46.0,1,1
64549845,213.632,213.632,0.0000,0.0359,0.0000,-0.0005,0.000,32.38,46.0,1,1
64550840,213.632,213.632,0.0000,-0.0557,0.0000,-0.0005,0.000,32.38,46.0,1,1
64552165,213.632,213.632,0.0000,0.1473,0.0000,-0.0005,0.000,32.38,46.0,1,1
64552907,213.632,213.632,0.0000,0.0465,0.0000,-0.0005,0.000,32.38,46.0,1,1
64553890,213.632,213.632,0.0000,0.0130,0.0000,-0.0005,0.000,32.38,46.0,1,1
64554889,213.632,213.632,0.0000,0.0099,0.0000,-0.0005,0.000,32.38,46.0,1,1
64555888,213.632,213.632,0.0000,0.0267,0.0000,-0.0005,0.000,32.38,46.0,1,1
64557216,213.632,213.632,0.0000,0.0481,0.0000,-0.0005,0.000,32.38,46.0,1,1
64557890,213.632,213.632,0.0000,-0.0908,0.0000,-0.0005,0.000,32.38,46.0,1,1
64558890,213.632,213.632,0.0000,0.0389,0.0000,-0.0005,0.000,32.38,46.0,1,1
64559889,213.632,213.632,0.0000,-0.0954,0.0000,-0.0005,0.000,32.38,46.0,1,1
64560889,213.632,213.632,0.0000,-0.0694,0.0000,-0.0005,0.000,32.38,46.0,1,1
64562207,213.632,213.632,0.0000,0.0114,0.0000,-0.0005,0.000,32.38,46.0,1,1
64562892,213.632,213.632,0.0000,0.0404,0.0000,-0.0005,0.000,32.38,46.0,1,1
64563889,213.632,213.632,0.0000,-0.0343,0.0000,-0.0005,0.000,32.38,46.0,1,1
64565214,213.632,213.632,0.0000,-0.0359,0.0000,-0.0005,0.000,32.38,46.0,1,1
64565568,213.632,213.632,0.0000,0.0023,0.0000,-0.0005,0.000,32.38,46.0,1,1
64566887,213.632,213.632,0.0000,-0.1122,0.0000,-0.0005,0.000,32.38,46.0,1,1
64567570,213.632,213.632,0.0000,0.0359,0.0000,-0.0005,0.000,32.38,46.0,1,1
64568888,213.632,213.632,0.0000,-0.0404,0.0000,-0.0005,0.000,32.38,46.0,1,1
64569570,213.632,213.632,0.0000,-0.0237,0.0000,-0.0005,0.000,32.38,46.0,1,1
64570572,213.632,213.632,0.0000,-0.1213,0.0000,-0.0005,0.000,32.38,46.0,1,1
64571886,213.632,213.632,0.0000,-0.0023,0.0000,-0.0005,0.000,32.38,46.0,1,1
64572547,213.632,213.632,0.0000,-0.0313,0.0000,-0.0005,0.000,32.38,46.0,1,1
64573549,213.632,213.632,0.0000,0.0206,0.0000,-0.0005,0.000,32.38,46.0,1,1
64574566,213.632,213.632,0.0000,-0.0786,0.0000,-0.0005,0.000,32.38,46.0,1,1
64575564,213.632,213.632,0.0000,-0.0481,0.0000,-0.0005,0.000,32.38,46.0,1,1
64576882,213.632,213.632,0.0000,0.1381,0.0000,-0.0005,0.000,32.38,46.0,1,1
64577574,213.632,213.632,0.0000,0.0404,0.0000,-0.0005,0.000,32.38,46.0,1,1
64578549,213.632,213.632,0.0000,-0.0389,0.0000,-0.0005,0.000,32.38,46.0,1,1
64579611,213.632,213.632,0.0000,-0.0801,0.0000,-0.0005,0.000,32.38,46.0,1,1
64580547,213.632,213.632,0.0000,-0.0511,0.0000,-0.0005,0.000,32.38,46.0,1,1
64581876,213.632,213.632,0.0000,-0.0618,0.0000,-0.0005,0.000,32.38,46.0,1,1
64582842,213.632,213.632,0.0000,-0.1167,0.0000,-0.0005,0.000,32.38,46.0,1,1
64583910,213.632,213.632,0.0000,0.0801,0.0000,-0.0005,0.000,32.38,46.0,1,1
64585163,213.632,213.632,0.0000,0.0084,0.0000,-0.0005,0.000,32.38,46.0,1,1
64585552,213.632,213.632,0.0000,-0.0694,0.0000,-0.0005,0.000,32.38,46.0,1,1
64586870,213.632,213.610,0.0000,-0.0267,0.0000,-0.0005,0.000,32.38,46.0,1,1
64587901,213.610,213.632,0.0000,-0.0221,0.0000,-0.0005,0.000,32.38,46.0,1,1
64589175,213.632,213.632,0.0000,-0.0145,0.0000,-0.0005,0.000,32.38,46.0,1,1
64589849,213.632,213.632,0.0000,-0.0221,0.0000,-0.0005,0.000,32.38,46.0,1,1
64590843,213.632,213.632,0.0000,0.0587,0.0000,-0.0005,0.000,32.38,46.0,1,1
64592234,213.632,213.632,0.0000,-0.1442,0.0000,-0.0005,0.000,32.38,46.0,1,1
64592849,213.632,213.632,0.0000,-0.0221,0.0000,-0.0005,0.000,32.38,46.0,1,1
64593850,213.632,213.632,0.0000,0.0404,0.0000,-0.0005,0.000,32.38,46.0,1,1
64594843,213.632,213.632,0.0000,-0.0252,0.0000,-0.0005,0.000,32.38,46.0,1,1
64595908,213.632,213.632,0.0000,-0.0481,0.0000,-0.0005,0.000,32.38,46.0,1,1
64597176,213.632,213.632,0.0000,0.0130,0.0000,-0.0005,0.000,32.34,46.0,1,1
64597932,213.632,213.632,0.0000,-0.0282,0.0000,-0.0005,0.000,32.34,46.0,1,1
64598845,213.632,213.632,0.0000,-0.0359,0.0000,-0.0005,0.000,32.34,46.0,1,1
64599842,213.632,213.632,0.0000,0.0206,0.0000,-0.0005,0.000,32.34,46.0,1,1
64600842,213.632,213.632,0.0000,-0.0053,0.0000,-0.0005,0.000,32.34,46.0,1,1
64602171,213.632,213.632,0.0000,-0.0237,0.0000,-0.0005,0.000,32.34,46.0,1,1
64602900,213.632,213.632,0.0000,0.0114,0.0000,-0.0005,0.000,32.34,46.0,1,1
64603891,213.632,213.632,0.0000,0.0374,0.0000,-0.0005,0.000,32.34,46.0,1,1
64605230,213.632,213.632,0.0000,-0.0603,0.0000,-0.0005,0.000,32.34,46.0,1,1
64605627,213.632,213.632,0.0000,0.0954,0.0000,-0.0005,0.000,32.34,46.0,1,1
64606888,213.632,213.632,0.0000,-0.1396,0.0000,-0.0005,0.000,32.34,46.0,1,1
64607571,213.632,213.632,0.0000,0.0816,0.0000,-0.0005,0.000,32.34,46.0,1,1
64608888,213.632,213.632,0.0000,-0.0893,0.0000,-0.0005,0.000,32.34,46.0,1,1
64609570,213.632,213.632,0.0000,-0.0557,0.0000,-0.0005,0.000,32.34,46.0,1,1
64610602,213.632,213.632,0.0000,-0.0435,0.0000,-0.0005,0.000,32.34,46.0,1,1
64611883,213.632,213.632,0.0000,0.0862,0.0000,-0.0005,0.000,32.34,46.0,1,1
64612570,213.632,213.632,0.0000,-0.0526,0.0000,-0.0005,0.000,32.34,46.0,1,1
64613572,213.632,213.632,0.0000,0.0893,0.0000,-0.0005,0.000,32.34,46.0,1,1
64614566,213.632,213.632,0.0000,-0.0511,0.0000,-0.0005,0.000,32.34,46.0,1,1
64615609,213.632,213.632,0.0000,0.0267,0.0000,-0.0005,0.000,32.34,46.0,1,1
64616894,213.632,213.632,0.0000,-0.0908,0.0000,-0.0005,0.000,32.34,46.0,1,1
64617549,213.632,213.632,0.0000,-0.0648,0.0000,-0.0005,0.000,32.34,46.0,1,1
64618600,213.632,213.632,0.0000,0.0847,0.0000,-0.0005,0.000,32.34,46.0,1,1
64619566,213.632,213.632,0.0000,0.0237,0.0000,-0.0005,0.000,32.34,46.0,1,1
64620564,213.632,213.632,0.0000,0.0298,0.0000,-0.0005,0.000,32.34,46.0,1,1
64621879,213.632,213.632,0.0000,-0.0511,0.0000,-0.0005,0.000,32.34,46.0,1,1
64622569,213.632,213.632,0.0000,-0.0206,0.0000,-0.0005,0.000,32.34,46.0,1,1
64623569,213.632,213.632,0.0000,0.0084,0.0000,-0.0005,0.000,32.34,46.0,1,1
64624878,213.632,213.632,0.0000,-0.1030,0.0000,-0.0005,0.000,32.34,46.0,1,1
64625565,213.632,213.632,0.0000,0.1137,0.0000,-0.0005,0.000,32.34,46.0,1,1
64626879,213.632,213.632,0.0000,-0.0557,0.0000,-0.0005,0.000,32.34,46.0,1,1
64627569,213.632,213.632,0.0000,-0.0984,0.0000,-0.0005,0.000,32.34,46.0,1,1
64628885,213.632,213.632,0.0000,0.0343,0.0000,-0.0005,0.000,32.34,46.0,1,1
64629569,213.632,213.632,0.0000,0.0206,0.0000,-0.0005,0.000,32.34,46.0,1,1
64630569,213.632,213.632,0.0000,0.0023,0.0000,-0.0005,0.000,32.34,46.0,1,1
64631880,213.632,213.632,0.0000,0.0069,0.0000,-0.0005,0.000,32.34,46.0,1,1
64632573,213.632,213.632,0.0000,-0.0114,0.0000,-0.0005,0.000,32.34,46.0,1,1
64633555,213.632,213.632,0.0000,-0.0542,0.0000,-0.0005,0.000,32.34,46.0,1,1
64634544,213.632,213.632,0.0000,-0.0084,0.0000,-0.0005,0.000,32.34,46.0,1,1
64635564,213.632,213.632,0.0000,0.0145,0.0000,-0.0005,0.000,32.34,46.0,1,1
64636878,213.632,213.632,0.0000,0.1045,0.0000,-0.0005,0.000,32.34,46.0,1,1
64637567,213.632,213.632,0.0000,0.0847,0.0000,-0.0005,0.000,32.34,46.0,1,1
64638574,213.632,213.632,0.0000,0.0313,0.0000,-0.0005,0.000,32.34,46.0,1,1
64639544,213.632,213.632,0.0000,-0.1106,0.0000,-0.0005,0.000,32.34,46.0,1,1
64640597,213.632,213.632,0.0000,0.0664,0.0000,-0.0005,0.000,32.34,46.0,1,1
64641874,213.632,213.632,0.0000,0.0343,0.0000,-0.0005,0.000,32.34,46.0,1,1
64642849,213.632,213.632,0.0000,0.0237,0.0000,-0.0005,0.000,32.34,46.0,1,1
64643843,213.632,213.632,0.0000,-0.0450,0.0000,-0.0005,0.000,32.34,46.0,1,1
64645223,213.632,213.632,0.0000,-0.1411,0.0000,-0.0005,0.000,32.34,46.0,1,1
64645548,213.632,213.632,0.0000,0.0710,0.0000,-0.0005,0.000,32.34,46.0,1,1
64646877,213.632,213.632,0.0000,0.0008,0.0000,-0.0005,0.000,32.34,46.0,1,1
64647842,213.632,213.632,0.0000,0.0038,0.0000,-0.0005,0.000,32.34,46.0,1,1
64649264,213.632,213.632,0.0000,-0.0023,0.0000,-0.0005,0.000,32.34,46.0,1,1
64649902,213.632,213.632,0.0000,-0.0587,0.0000,-0.0005,0.000,32.34,46.0,1,1
64650842,213.632,213.632,0.0000,0.0603,0.0000,-0.0005,0.000,32.34,46.0,1,1
64652169,213.632,213.632,0.0000,0.0511,0.0000,-0.0005,0.000,32.34,46.0,1,1
64652843,213.632,213.610,0.0000,-0.1366,0.0000,-0.0005,0.000,32.34,46.0,1,1
64653904,213.610,213.632,0.0000,-0.0099,0.0000,-0.0005,0.000,32.34,46.0,1,1
64654887,213.632,213.632,0.0000,0.1274,0.0000,-0.0005,0.000,32.34,46.0,1,1
64655888,213.632,213.632,0.0000,-0.1183,0.0000,-0.0005,0.000,32.34,46.0,1,1
64657214,213.632,213.632,0.0000,0.0206,0.0000,-0.0005,0.000,32.34,46.0,1,1
64657888,213.632,213.632,0.0000,-0.0954,0.0000,-0.0005,0.000,32.34,46.0,1,1
64658886,213.632,213.632,0.0000,-0.0099,0.0000,-0.0005,0.000,32.34,46.0,1,1
64659887,213.632,213.632,0.0000,0.0816,0.0000,-0.0005,0.000,32.34,46.0,1,1
64660886,213.632,213.632,0.0000,0.0511,0.0000,-0.0005,0.000,32.34,46.0,1,1
64662212,213.632,213.632,0.0000,0.0160,0.0000,-0.0005,0.000,32.34,46.0,1,1
64662887,213.632,213.610,0.0000,-0.0938,0.0000,-0.0005,0.000,32.34,46.0,1,1
64663887,213.610,213.632,0.0000,0.1625,0.0000,-0.0005,0.000,32.34,46.0,1,1
64665208,213.632,213.632,0.0000,-0.0618,0.0000,-0.0005,0.000,32.34,46.0,1,1
64665567,213.632,213.632,0.0000,0.0908,0.0000,-0.0005,0.000,32.34,46.0,1,1
64666886,213.632,213.632,0.0000,-0.0404,0.0000,-0.0005,0.000,32.34,46.0,1,1
64667569,213.632,213.632,0.0000,-0.0679,0.0000,-0.0005,0.000,32.34,46.0,1,1
64668889,213.632,213.632,0.0000,-0.0725,0.0000,-0.0005,0.000,32.34,46.0,1,1
64669569,213.632,213.632,0.0000,-0.0496,0.0000,-0.0005,0.000,32.34,46.0,1,1
64670571,213.632,213.632,0.0000,-0.0038,0.0000,-0.0005,0.000,32.34,46.0,1,1
64671883,213.632,213.632,0.0000,0.0099,0.0000,-0.0005,0.000,32.34,46.0,1,1
64672576,213.632,213.632,0.0000,-0.0542,0.0000,-0.0005,0.000,32.34,46.0,1,1
64673549,213.632,213.632,0.0000,0.0420,0.0000,-0.0005,0.000,32.34,46.0,1,1
64674544,213.632,213.632,0.0000,-0.0175,0.0000,-0.0005,0.000,32.34,46.0,1,1
64675569,213.632,213.632,0.0000,0.0511,0.0000,-0.0005,0.000,32.34,46.0,1,1
64676882,213.632,213.632,0.0000,-0.0618,0.0000,-0.0005,0.000,32.34,46.0,1,1
64677571,213.632,213.632,0.0000,0.0603,0.0000,-0.0005,0.000,32.34,46.0,1,1
64678577,213.632,213.632,0.0000,-0.0725,0.0000,-0.0005,0.000,32.34,46.0,1,1
64679544,213.632,213.632,0.0000,0.0084,0.0000,-0.0005,0.000,32.34,46.0,1,1
64680612,213.632,213.632,0.0000,-0.0710,0.0000,-0.0005,0.000,32.34,46.0,1,1
64681871,213.632,213.632,0.0000,-0.0252,0.0000,-0.0005,0.000,32.34,46.0,1,1
64682850,213.632,213.632,0.0000,-0.1915,0.0000,-0.0005,0.000,32.34,46.0,1,1
64683843,213.632,213.632,0.0000,-0.0725,0.0000,-0.0005,0.000,32.34,46.0,1,1
64685230,213.632,213.632,0.0000,0.0587,0.0000,-0.0005,0.000,32.34,46.0,1,1
64685545,213.632,213.632,0.0000,-0.1595,0.0000,-0.0005,0.000,32.34,46.0,1,1
64686877,213.632,213.632,0.0000,0.1289,0.0000,-0.0005,0.000,32.34,46.0,1,1
64687545,213.632,213.632,0.0000,-0.0893,0.0000,-0.0005,0.000,32.34,46.0,1,1
64688914,213.632,213.632,0.0000,-0.0511,0.0000,-0.0005,0.000,32.34,46.0,1,1
64689548,213.632,213.610,0.0000,-0.1198,0.0000,-0.0005,0.000,32.34,46.0,1,1
64690556,213.610,213.632,0.0000,0.1335,0.0000,-0.0005,0.000,32.34,46.0,1,1
64691858,213.632,213.632,0.0000,0.0435,0.0000,-0.0005,0.000,32.34,46.0,1,1
64692901,213.632,213.632,0.0000,-0.0038,0.0000,-0.0005,0.000,32.34,46.0,1,1
64693844,213.632,213.632,0.0000,-0.0008,0.0000,-0.0005,0.000,32.34,46.0,1,1
64694850,213.632,213.632,0.0000,-0.0160,0.0000,-0.0005,0.000,32.34,46.0,1,1
64695843,213.632,213.632,0.0000,-0.0404,0.0000,-0.0005,0.000,32.34,46.0,1,1
64697233,213.632,213.632,0.0000,0.0832,0.0000,-0.0005,0.000,32.34,46.0,1,1
64697871,213.632,213.632,0.0000,0.0114,0.0000,-0.0005,0.000,32.34,46.0,1,1
64698850,213.632,213.632,0.0000,0.0221,0.0000,-0.0005,0.000,32.34,46.0,1,1
64699842,213.632,213.632,0.0000,-0.0008,0.0000,-0.0005,0.000,32.34,46.0,1,1
64700935,213.632,213.632,0.0000,-0.0328,0.0000,-0.0005,0.000,32.34,46.0,1,1
64702227,213.632,213.632,0.0000,0.0206,0.0000,-0.0005,0.000,32.34,46.0,1,1
64702846,213.632,213.632,0.0000,-0.0145,0.0000,-0.0005,0.000,32.34,46.0,1,1
64703843,213.632,213.632,0.0000,-0.0023,0.0000,-0.0005,0.000,32.34,46.0,1,1
64705164,213.632,213.632,0.0000,-0.0786,0.0000,-0.0005,0.000,32.34,46.0,1,1
64705603,213.632,213.610,0.0000,-0.1961,0.0000,-0.0005,0.000,32.34,46.0,1,1
64706888,213.610,213.632,0.0000,0.1579,0.0000,-0.0005,0.000,32.34,46.0,1,1
64707572,213.632,213.632,0.0000,-0.0404,0.0000,-0.0005,0.000,32.34,46.0,1,1
64708888,213.632,213.632,0.0000,-0.0633,0.0000,-0.0005,0.000,32.34,46.0,1,1
64709572,213.632,213.632,0.0000,0.0648,0.0000,-0.0005,0.000,32.34,46.0,1,1
64710572,213.632,213.632,0.0000,0.1076,0.0000,-0.0005,0.000,32.34,46.0,1,1
64711882,213.632,213.632,0.0000,0.0374,0.0000,-0.0005,0.000,32.34,46.0,1,1
64712571,213.632,213.632,0.0000,0.0740,0.0000,-0.0005,0.000,32.34,46.0,1,1
64713572,213.632,213.632,0.0000,-0.0435,0.0000,-0.0005,0.000,32.34,46.0,1,1
64714566,213.632,213.632,0.0000,-0.1503,0.0000,-0.0005,0.000,32.34,46.0,1,1
64715566,213.632,213.632,0.0000,0.0404,0.0000,-0.0005,0.000,32.34,46.0,1,1
64716882,213.632,213.632,0.0000,0.0053,0.0000,-0.0005,0.000,32.34,46.0,1,1
64717571,213.632,213.632,0.0000,-0.0191,0.0000,-0.0005,0.000,32.34,46.0,1,1
64718572,213.632,213.632,0.0000,0.0496,0.0000,-0.0005,0.000,32.34,46.0,1,1
64719566,213.632,213.632,0.0000,-0.1076,0.0000,-0.0005,0.000,32.34,46.0,1,1
64720565,213.632,213.632,0.0000,0.0999,0.0000,-0.0005,0.000,32.34,46.0,1,1
64721865,213.632,213.632,0.0000,-0.0771,0.0000,-0.0005,0.000,32.34,46.0,1,1
64722567,213.632,213.632,0.0000,-0.0313,0.0000,-0.0005,0.000,32.34,46.0,1,1
64723571,213.632,213.632,0.0000,0.0175,0.0000,-0.0005,0.000,32.34,46.0,1,1
64724876,213.632,213.632,0.0000,0.0343,0.0000,-0.0005,0.000,32.34,46.0,1,1
64725503,213.632,213.632,0.0000,0.0542,0.0000,-0.0005,0.000,32.34,46.0,1,1
64726864,213.632,213.632,0.0000,0.1244,0.0000,-0.0005,0.000,32.34,46.0,1,1
64727841,213.632,213.632,0.0000,-0.0328,0.0000,-0.0005,0.000,32.34,46.0,1,1
64729244,213.632,213.632,0.0000,-0.1686,0.0000,-0.0005,0.000,32.34,46.0,1,1
64729872,213.632,213.632,0.0000,-0.0832,0.0000,-0.0005,0.000,32.34,46.0,1,1
64730851,213.632,213.632,0.0000,0.0313,0.0000,-0.0005,0.000,32.34,46.0,1,1
64732162,213.632,213.632,0.0000,0.1198,0.0000,-0.0005,0.000,32.34,46.0,1,1
64732745,213.632,213.632,0.0000,-0.0175,0.0000,-0.0005,0.000,32.34,46.0,1,1
64733896,213.632,213.632,0.0000,-0.0328,0.0000,-0.0005,0.000,32.34,46.0,1,1
64734843,213.632,213.632,0.0000,-0.0420,0.0000,-0.0005,0.000,32.34,46.0,1,1
64735849,213.632,213.632,0.0000,0.0771,0.0000,-0.0005,0.000,32.34,46.0,1,1
64737175,213.632,213.632,0.0000,-0.0267,0.0000,-0.0005,0.000,32.38,46.0,1,1
64737748,213.632,213.632,0.0000,-0.0252,0.0000,-0.0005,0.000,32.38,46.0,1,1
64738895,213.632,213.632,0.0000,-0.1305,0.0000,-0.0005,0.000,32.38,46.0,1,1
64739843,213.632,213.632,0.0000,0.1671,0.0000,-0.0005,0.000,32.38,46.0,1,1
64740850,213.632,213.632,0.0000,-0.0298,0.0000,-0.0005,0.000,32.38,46.0,1,1
64742173,213.632,213.632,0.0000,0.1167,0.0000,-0.0005,0.000,32.38,46.0,1,1
64742751,213.632,213.632,0.0000,0.0008,0.0000,-0.0005,0.000,32.38,46.0,1,1
64743895,213.632,213.632,0.0000,-0.0084,0.0000,-0.0005,0.000,32.38,46.0,1,1
64745162,213.632,213.632,0.0000,0.0298,0.0000,-0.0005,0.000,32.38,46.0,1,1
64745552,213.632,213.632,0.0000,0.0755,0.0000,-0.0005,0.000,32.38,46.0,1,1
64746866,213.632,213.632,0.0000,-0.0343,0.0000,-0.0005,0.000,32.38,46.0,1,1
64747896,213.632,213.632,0.0000,-0.0175,0.0000,-0.0005,0.000,32.38,46.0,1,1
64749177,213.632,213.632,0.0000,-0.1106,0.0000,-0.0005,0.000,32.38,46.0,1,1
64749878,213.632,213.632,0.0000,0.0481,0.0000,-0.0005,0.000,32.38,46.0,1,1
64750841,213.632,213.632,0.0000,-0.1366,0.0000,-0.0005,0.000,32.38,46.0,1,1
64752259,213.632,213.632,0.0000,-0.0099,0.0000,-0.0005,0.000,32.38,46.0,1,1
64752873,213.632,213.632,0.0000,0.0710,0.0000,-0.0005,0.000,32.38,46.0,1,1
64753843,213.632,213.632,0.0000,-0.0023,0.0000,-0.0005,0.000,32.38,46.0,1,1
64754840,213.632,213.632,0.0000,0.0862,0.0000,-0.0005,0.000,32.38,46.0,1,1
64755842,213.632,213.632,0.0000,-0.0755,0.0000,-0.0005,0.000,32.38,46.0,1,1
64757223,213.632,213.632,0.0000,-0.0786,0.0000,-0.0005,0.000,32.38,46.0,1,1
64757883,213.632,213.632,0.0000,0.0404,0.0000,-0.0005,0.000,32.38,46.0,1,1
64758885,213.632,213.632,0.0000,-0.0084,0.0000,-0.0005,0.000,32.38,46.0,1,1
64759936,213.632,213.632,0.0000,-0.0252,0.0000,-0.0005,0.000,32.38,46.0,1,1
64760885,213.632,213.632,0.0000,0.0755,0.0000,-0.0005,0.000,32.38,46.0,1,1
64762209,213.632,213.632,0.0000,0.0496,0.0000,-0.0005,0.000,32.38,46.0,1,1
64762880,213.632,213.632,0.0000,0.0603,0.0000,-0.0005,0.000,32.38,46.0,1,1
64763885,213.632,213.632,0.0000,0.0374,0.0000,-0.0005,0.000,32.38,46.0,1,1
64765205,213.632,213.632,0.0000,0.1259,0.0000,-0.0005,0.000,32.38,46.0,1,1
64765568,213.632,213.632,0.0000,0.1518,0.0000,-0.0005,0.000,32.38,46.0,1,1
64766912,213.632,213.632,0.0000,0.0389,0.0000,-0.0005,0.000,32.38,46.0,1,1
64767885,213.632,213.632,0.0000,-0.1640,0.0000,-0.0005,0.000,32.38,46.0,1,1
64769209,213.632,213.632,0.0000,0.0542,0.0000,-0.0005,0.000,32.38,46.0,1,1
64769883,213.632,213.632,0.0000,-0.0710,0.0000,-0.0005,0.000,32.38,46.0,1,1
64770888,213.632,213.632,0.0000,0.0313,0.0000,-0.0005,0.000,32.38,46.0,1,1
64772207,213.632,213.632,0.0000,0.0145,0.0000,-0.0005,0.000,32.38,46.0,1,1
64772885,213.632,213.632,0.0000,0.0191,0.0000,-0.0005,0.000,32.38,46.0,1,1
64773885,213.632,213.632,0.0000,-0.0069,0.0000,-0.0005,0.000,32.38,46.0,1,1
64774918,213.632,213.632,0.0000,0.0420,0.0000,-0.0005,0.000,32.38,46.0,1,1
64775881,213.632,213.632,0.0000,0.0984,0.0000,-0.0005,0.000,32.38,46.0,1,1
64777186,213.632,213.632,0.0000,-0.1350,0.0000,-0.0005,0.000,32.34,46.0,1,1
64777868,213.632,213.632,0.0000,0.0710,0.0000,-0.0005,0.000,32.34,46.0,1,1
64778882,213.632,213.632,0.0000,0.0114,0.0000,-0.0005,0.000,32.34,46.0,1,1
64779891,213.632,213.632,0.0000,-0.0435,0.0000,-0.0005,0.000,32.34,46.0,1,1
64780884,213.632,213.632,0.0000,0.0084,0.0000,-0.0005,0.000,32.34,46.0,1,1
64782207,213.632,213.632,0.0000,-0.0053,0.0000,-0.0005,0.000,32.34,46.0,1,1
64782879,213.632,213.632,0.0000,0.0771,0.0000,-0.0005,0.000,32.34,46.0,1,1
64783882,213.632,213.632,0.0000,-0.1167,0.0000,-0.0005,0.000,32.34,46.0,1,1
64785205,213.632,213.632,0.0000,0.1015,0.0000,-0.0005,0.000,32.34,46.0,1,1
64785565,213.632,213.632,0.0000,-0.0221,0.0000,-0.0005,0.000,32.34,46.0,1,1
64786881,213.632,213.632,0.0000,0.1015,0.0000,-0.0005,0.000,32.34,46.0,1,1
64787569,213.632,213.632,0.0000,-0.0374,0.0000,-0.0005,0.000,32.34,46.0,1,1
64788887,213.632,213.632,0.0000,-0.0664,0.0000,-0.0005,0.000,32.34,46.0,1,1
64789569,213.632,213.632,0.0000,0.0252,0.0000,-0.0005,0.000,32.34,46.0,1,1
64790570,213.632,213.632,0.0000,0.0496,0.0000,-0.0005,0.000,32.34,46.0,1,1
64791881,213.632,213.632,0.0000,-0.0404,0.0000,-0.0005,0.000,32.34,46.0,1,1
64792568,213.632,213.632,0.0000,0.0664,0.0000,-0.0005,0.000,32.34,46.0,1,1
64793570,213.632,213.632,0.0000,-0.0145,0.0000,-0.0005,0.000,32.34,46.0,1,1
64794565,213.632,213.632,0.0000,0.1366,0.0000,-0.0005,0.000,32.34,46.0,1,1
64795570,213.632,213.632,0.0000,-0.0999,0.0000,-0.0005,0.000,32.34,46.0,1,1
64796865,213.632,213.632,0.0000,0.0771,0.0000,-0.0005,0.000,32.34,46.0,1,1
64797545,213.632,213.632,0.0000,-0.0343,0.0000,-0.0005,0.000,32.34,46.0,1,1
64798570,213.632,213.632,0.0000,0.1305,0.0000,-0.0005,0.000,32.34,46.0,1,1
64799563,213.632,213.632,0.0000,0.0206,0.0000,-0.0005,0.000,32.34,46.0,1,1
64800563,213.632,213.632,0.0000,-0.1167,0.0000,-0.0005,0.000,32.34,46.0,1,1
64801883,213.632,213.632,0.0000,0.0877,0.0000,-0.0005,0.000,32.34,46.0,1,1
64802546,213.632,213.632,0.0000,-0.0603,0.0000,-0.0005,0.000,32.34,46.0,1,1
64803659,213.632,213.632,0.0000,0.0984,0.0000,-0.0005,0.000,32.34,46.0,1,1
64804863,213.632,213.632,0.0000,-0.1320,0.0000,-0.0005,0.000,32.34,46.0,1,1
64805545,213.632,213.632,0.0000,-0.0755,0.0000,-0.0005,0.000,32.34,46.0,1,1
64806865,213.632,213.632,0.0000,0.0008,0.0000,-0.0005,0.000,32.34,46.0,1,1
64807603,213.632,213.632,0.0000,-0.0801,0.0000,-0.0005,0.000,32.34,46.0,1,1
64808947,213.632,213.632,0.0000,-0.0267,0.0000,-0.0005,0.000,32.34,46.0,1,1
64809888,213.632,213.632,0.0000,-0.0237,0.0000,-0.0005,0.000,32.34,46.0,1,1
64810883,213.632,213.632,0.0000,0.0114,0.0000,-0.0005,0.000,32.34,46.0,1,1
64812208,213.632,213.632,0.0000,-0.0908,0.0000,-0.0005,0.000,32.34,46.0,1,1
64812881,213.632,213.632,0.0000,0.0252,0.0000,-0.0005,0.000,32.34,46.0,1,1
64813885,213.632,213.632,0.0000,-0.0877,0.0000,-0.0005,0.000,32.34,46.0,1,1
64814883,213.632,213.632,0.0000,0.0572,0.0000,-0.0005,0.000,32.34,46.0,1,1
64815892,213.632,213.632,0.0000,-0.0023,0.0000,-0.0005,0.000,32.34,46.0,1,1
64817206,213.632,213.632,0.0000,-0.0755,0.0000,-0.0005,0.000,32.34,46.0,1,1
64817878,213.632,213.632,0.0000,0.0999,0.0000,-0.0005,0.000,32.34,46.0,1,1
64818883,213.632,213.632,0.0000,0.0557,0.0000,-0.0005,0.000,32.34,46.0,1,1
64819881,213.632,213.632,0.0000,0.0526,0.0000,-0.0005,0.000,32.34,46.0,1,1
64820886,213.632,213.632,0.0000,-0.0328,0.0000,-0.0005,0.000,32.34,46.0,1,1
64822204,213.632,213.632,0.0000,0.0710,0.0000,-0.0005,0.000,32.34,46.0,1,1
64822879,213.632,213.632,0.0000,0.1411,0.0000,-0.0005,0.000,32.34,46.0,1,1
64823915,213.632,213.632,0.0000,0.0114,0.0000,-0.0005,0.000,32.34,46.0,1,1
64825208,213.632,213.632,0.0000,0.1564,0.0000,-0.0005,0.000,32.34,46.0,1,1
64825546,213.632,213.632,0.0000,-0.0511,0.0000,-0.0005,0.000,32.34,46.0,1,1
64826865,213.632,213.632,0.0000,-0.0053,0.0000,-0.0005,0.000,32.34,46.0,1,1
64827596,213.632,213.632,0.0000,-0.0496,0.0000,-0.0005,0.000,32.34,46.0,1,1
64828893,213.632,213.632,0.0000,0.0023,0.0000,-0.0005,0.000,32.34,46.0,1,1
64829569,213.632,213.632,0.0000,0.1106,0.0000,-0.0005,0.000,32.34,46.0,1,1
64830573,213.632,213.632,0.0000,-0.0542,0.0000,-0.0005,0.000,32.34,46.0,1,1
64831887,213.632,213.632,0.0000,0.0221,0.0000,-0.0005,0.000,32.34,46.0,1,1
64832569,213.632,213.632,0.0000,-0.0893,0.0000,-0.0005,0.000,32.34,46.0,1,1
64833573,213.632,213.632,0.0000,0.0679,0.0000,-0.0005,0.000,32.34,46.0,1,1
64834568,213.632,213.632,0.0000,-0.0618,0.0000,-0.0005,0.000,32.34,46.0,1,1
64835568,213.632,213.632,0.0000,0.0587,0.0000,-0.0005,0.000,32.34,46.0,1,1
64836887,213.632,213.632,0.0000,-0.0908,0.0000,-0.0005,0.000,32.34,46.0,1,1
64837569,213.632,213.632,0.0000,0.1305,0.0000,-0.0005,0.000,32.34,46.0,1,1
64838573,213.632,213.632,0.0000,-0.0359,0.0000,-0.0005,0.000,32.34,46.0,1,1
64839568,213.632,213.632,0.0000,0.0557,0.0000,-0.0005,0.000,32.34,46.0,1,1
64840567,213.632,213.632,0.0000,-0.0328,0.0000,-0.0005,0.000,32.34,46.0,1,1
64841890,213.632,213.632,0.0000,-0.0465,0.0000,-0.0005,0.000,32.34,46.0,1,1
64842548,213.632,213.632,0.0000,-0.0420,0.0000,-0.0005,0.000,32.34,46.0,1,1
64843549,213.632,213.632,0.0000,0.0359,0.0000,-0.0005,0.000,32.34,46.0,1,1
64844872,213.632,213.632,0.0000,-0.0313,0.0000,-0.0005,0.000,32.34,46.0,1,1
64845565,213.632,213.632,0.0000,0.0710,0.0000,-0.0005,0.000,32.34,46.0,1,1
64846883,213.632,213.632,0.0000,0.0587,0.0000,-0.0005,0.000,32.34,46.0,1,1
64847568,213.632,213.632,0.0000,0.0267,0.0000,-0.0005,0.000,32.34,46.0,1,1
64848891,213.632,213.632,0.0000,0.0557,0.0000,-0.0005,0.000,32.34,46.0,1,1
64849548,213.632,213.632,0.0000,0.0572,0.0000,-0.0005,0.000,32.34,46.0,1,1
64850603,213.632,213.632,0.0000,0.0832,0.0000,-0.0005,0.000,32.34,46.0,1,1
64851873,213.632,213.632,0.0000,-0.0496,0.0000,-0.0005,0.000,32.34,46.0,1,1
64852553,213.632,213.632,0.0000,0.0175,0.0000,-0.0005,0.000,32.34,46.0,1,1
64853549,213.632,213.632,0.0000,0.0526,0.0000,-0.0005,0.000,32.34,46.0,1,1
64854659,213.632,213.632,0.0000,0.0298,0.0000,-0.0005,0.000,32.34,46.0,1,1
64855546,213.632,213.632,0.0000,-0.0633,0.0000,-0.0005,0.000,32.34,46.0,1,1
64856867,213.632,213.632,0.0000,0.0008,0.0000,-0.0005,0.000,32.34,46.0,1,1
64857604,213.632,213.610,0.0000,-0.0420,0.0000,-0.0005,0.000,32.34,46.0,1,1
64858573,213.610,213.632,0.0000,0.1152,0.0000,-0.0005,0.000,32.34,46.0,1,1
64859568,213.632,213.632,0.0000,-0.0481,0.0000,-0.0005,0.000,32.34,46.0,1,1
64860569,213.632,213.632,0.0000,0.0191,0.0000,-0.0005,0.000,32.34,46.0,1,1
64861884,213.632,213.632,0.0000,0.1198,0.0000,-0.0005,0.000,32.34,46.0,1,1
64862569,213.632,213.632,0.0000,0.0084,0.0000,-0.0005,0.000,32.34,46.0,1,1
64863572,213.632,213.632,0.0000,-0.0984,0.0000,-0.0005,0.000,32.34,46.0,1,1
64864881,213.632,213.632,0.0000,0.0572,0.0000,-0.0005,0.000,32.34,46.0,1,1
64865569,213.632,213.632,0.0000,-0.1289,0.0000,-0.0005,0.000,32.34,46.0,1,1
64866881,213.632,213.632,0.0000,-0.1244,0.0000,-0.0005,0.000,32.34,46.0,1,1
64867571,213.632,213.632,0.0000,-0.1183,0.0000,-0.0005,0.000,32.34,46.0,1,1
64868890,213.632,213.632,0.0000,-0.0587,0.0000,-0.0005,0.000,32.34,46.0,1,1
64869571,213.632,213.632,0.0000,-0.0221,0.0000,-0.0005,0.000,32.34,46.0,1,1
64870573,213.632,213.632,0.0000,0.0496,0.0000,-0.0005,0.000,32.34,46.0,1,1
64871889,213.632,213.632,0.0000,-0.0771,0.0000,-0.0005,0.000,32.34,46.0,1,1
64872547,213.632,213.632,0.0000,-0.0282,0.0000,-0.0005,0.000,32.34,46.0,1,1
64873549,213.632,213.632,0.0000,0.0481,0.0000,-0.0005,0.000,32.34,46.0,1,1
64874567,213.632,213.632,0.0000,-0.1473,0.0000,-0.0005,0.000,32.34,46.0,1,1
64875565,213.632,213.632,0.0000,0.1762,0.0000,-0.0005,0.000,32.34,46.0,1,1
64876882,213.632,213.632,0.0000,-0.0710,0.0000,-0.0005,0.000,32.34,46.0,1,1
64877576,213.632,213.632,0.0000,0.0877,0.0000,-0.0005,0.000,32.34,46.0,1,1
64878549,213.632,213.632,0.0000,-0.0755,0.0000,-0.0005,0.000,32.34,46.0,1,1
64879600,213.632,213.632,0.0000,-0.0496,0.0000,-0.0005,0.000,32.34,46.0,1,1
64880545,213.632,213.632,0.0000,-0.0877,0.0000,-0.0005,0.000,32.34,46.0,1,1
64881875,213.632,213.632,0.0000,0.0435,0.0000,-0.0005,0.000,32.34,46.0,1,1
64882545,213.632,213.632,0.0000,0.1183,0.0000,-0.0005,0.000,32.34,46.0,1,1
64883594,213.632,213.632,0.0000,-0.0435,0.0000,-0.0005,0.000,32.34,46.0,1,1
64884856,213.632,213.632,0.0000,-0.0771,0.0000,-0.0005,0.000,32.34,46.0,1,1
64885552,213.632,213.632,0.0000,-0.0420,0.0000,-0.0005,0.000,32.34,46.0,1,1
64886868,213.632,213.632,0.0000,-0.1076,0.0000,-0.0005,0.000,32.34,46.0,1,1
64887590,213.632,213.632,0.0000,0.0038,0.0000,-0.0005,0.000,32.34,46.0,1,1
64888874,213.632,213.632,0.0000,0.0465,0.0000,-0.0005,0.000,32.34,46.0,1,1
64889551,213.632,213.632,0.0000,0.1030,0.0000,-0.0005,0.000,32.34,46.0,1,1
64890549,213.632,213.610,0.0000,-0.1228,0.0000,-0.0005,0.000,32.34,46.0,1,1
64891911,213.610,213.632,0.0000,0.0343,0.0000,-0.0005,0.000,32.34,46.0,1,1
64892548,213.632,213.632,0.0000,-0.0816,0.0000,-0.0005,0.000,32.34,46.0,1,1
64893556,213.632,213.632,0.0000,0.0984,0.0000,-0.0005,0.000,32.34,46.0,1,1
64894544,213.632,213.632,0.0000,0.1335,0.0000,-0.0005,0.000,32.34,46.0,1,1
64895586,213.632,213.632,0.0000,0.0526,0.0000,-0.0005,0.000,32.34,46.0,1,1
64896871,213.632,213.632,0.0000,0.0664,0.0000,-0.0005,0.000,32.34,46.0,1,1
64897554,213.632,213.632,0.0000,-0.1259,0.0000,-0.0005,0.000,32.34,46.0,1,1
64898549,213.632,213.632,0.0000,0.0008,0.0000,-0.0005,0.000,32.34,46.0,1,1
64899586,213.632,213.632,0.0000,-0.0816,0.0000,-0.0005,0.000,32.34,46.0,1,1
64900547,213.632,213.632,0.0000,0.1747,0.0000,-0.0005,0.000,32.34,46.0,1,1
64901874,213.632,213.632,0.0000,-0.0191,0.0000,-0.0005,0.000,32.34,46.0,1,1
64902547,213.632,213.632,0.0000,-0.0618,0.0000,-0.0005,0.000,32.34,46.0,1,1
64903591,213.632,213.632,0.0000,0.0267,0.0000,-0.0005,0.000,32.34,46.0,1,1
64904860,213.632,213.632,0.0000,0.0999,0.0000,-0.0005,0.000,32.34,46.0,1,1
64905654,213.632,213.632,0.0000,0.0099,0.0000,-0.0005,0.000,32.34,46.0,1,1
64906868,213.632,213.632,0.0000,0.1366,0.0000,-0.0005,0.000,32.34,46.0,1,1
64907545,213.632,213.632,0.0000,-0.0069,0.0000,-0.0005,0.000,32.34,46.0,1,1
64908924,213.632,213.632,0.0000,-0.0740,0.0000,-0.0005,0.000,32.34,46.0,1,1
64909878,213.632,213.632,0.0000,-0.0542,0.0000,-0.0005,0.000,32.34,46.0,1,1
64910881,213.632,213.632,0.0000,-0.1198,0.0000,-0.0005,0.000,32.34,46.0,1,1
64912206,213.632,213.632,0.0000,0.1122,0.0000,-0.0005,0.000,32.34,46.0,1,1
64912878,213.632,213.632,0.0000,0.0023,0.0000,-0.0005,0.000,32.34,46.0,1,1
64913881,213.632,213.632,0.0000,-0.0160,0.0000,-0.0005,0.000,32.34,46.0,1,1
64914882,213.632,213.632,0.0000,0.0069,0.0000,-0.0005,0.000,32.34,46.0,1,1
64915881,213.632,213.632,0.0000,-0.0786,0.0000,-0.0005,0.000,32.34,46.0,1,1
64917203,213.632,213.632,0.0000,0.0557,0.0000,-0.0005,0.000,32.34,46.0,1,1
64917880,213.632,213.632,0.0000,-0.0328,0.0000,-0.0005,0.000,32.34,46.0,1,1
64918881,213.632,213.632,0.0000,0.0664,0.0000,-0.0005,0.000,32.34,46.0,1,1
64919879,213.632,213.632,0.0000,0.0679,0.0000,-0.0005,0.000,32.34,46.0,1,1
64920880,213.632,213.632,0.0000,-0.0755,0.0000,-0.0005,0.000,32.34,46.0,1,1
64922206,213.632,213.632,0.0000,-0.1488,0.0000,-0.0005,0.000,32.34,46.0,1,1
64922878,213.632,213.632,0.0000,0.0221,0.0000,-0.0005,0.000,32.34,46.0,1,1
64923880,213.632,213.632,0.0000,-0.0221,0.0000,-0.0005,0.000,32.34,46.0,1,1
64925202,213.632,213.632,0.0000,0.0679,0.0000,-0.0005,0.000,32.34,46.0,1,1
64925569,213.632,213.632,0.0000,0.0832,0.0000,-0.0005,0.000,32.34,46.0,1,1
64926884,213.632,213.632,0.0000,-0.0694,0.0000,-0.0005,0.000,32.34,46.0,1,1
64927571,213.632,213.632,0.0000,-0.0191,0.0000,-0.0005,0.000,32.34,46.0,1,1
64928889,213.632,213.632,0.0000,0.0084,0.0000,-0.0005,0.000,32.34,46.0,1,1
64929571,213.632,213.632,0.0000,0.0511,0.0000,-0.0005,0.000,32.34,46.0,1,1
64930549,213.632,213.632,0.0000,-0.0679,0.0000,-0.0005,0.000,32.34,46.0,1,1
64931880,213.632,213.610,0.0000,-0.0908,0.0000,-0.0005,0.000,32.34,46.0,1,1
64932571,213.610,213.632,0.0000,0.0465,0.0000,-0.0005,0.000,32.34,46.0,1,1
64933573,213.632,213.632,0.0000,0.0282,0.0000,-0.0005,0.000,32.34,46.0,1,1
64934567,213.632,213.632,0.0000,0.0252,0.0000,-0.0005,0.000,32.34,46.0,1,1
64935566,213.632,213.632,0.0000,-0.0114,0.0000,-0.0005,0.000,32.34,46.0,1,1
64936865,213.632,213.632,0.0000,0.0069,0.0000,-0.0005,0.000,32.34,46.0,1,1
64937605,213.632,213.632,0.0000,-0.0877,0.0000,-0.0005,0.000,32.34,46.0,1,1
64938550,213.632,213.632,0.0000,0.0572,0.0000,-0.0005,0.000,32.34,46.0,1,1
64939551,213.632,213.632,0.0000,0.0099,0.0000,-0.0005,0.000,32.34,46.0,1,1
64940544,213.632,213.632,0.0000,0.0587,0.0000,-0.0005,0.000,32.34,46.0,1,1
64941905,213.632,213.632,0.0000,-0.1137,0.0000,-0.0005,0.000,32.34,46.0,1,1
64942547,213.632,213.632,0.0000,0.0694,0.0000,-0.0005,0.000,32.34,46.0,1,1
64943556,213.632,213.632,0.0000,0.0298,0.0000,-0.0005,0.000,32.34,46.0,1,1
64944855,213.632,213.632,0.0000,-0.0633,0.0000,-0.0005,0.000,32.34,46.0,1,1
64945591,213.632,213.632,0.0000,0.0099,0.0000,-0.0005,0.000,32.34,46.0,1,1
64946869,213.632,213.632,0.0000,0.0160,0.0000,-0.0005,0.000,32.34,46.0,1,1
64947553,213.632,213.632,0.0000,-0.0786,0.0000,-0.0005,0.000,32.34,46.0,1,1
64948865,213.632,213.632,0.0000,0.0008,0.0000,-0.0005,0.000,32.34,46.0,1,1
64949592,213.632,213.632,0.0000,0.0038,0.0000,-0.0005,0.000,32.34,46.0,1,1
64950550,213.632,213.632,0.0000,0.1060,0.0000,-0.0005,0.000,32.34,46.0,1,1
64951874,213.632,213.632,0.0000,-0.0740,0.0000,-0.0005,0.000,32.34,46.0,1,1
64952544,213.632,213.632,0.0000,0.1030,0.0000,-0.0005,0.000,32.34,46.0,1,1
64953597,213.632,213.632,0.0000,0.0267,0.0000,-0.0005,0.000,32.34,46.0,1,1
64954545,213.632,213.632,0.0000,0.0313,0.0000,-0.0005,0.000,32.34,46.0,1,1
64955654,213.632,213.632,0.0000,0.0511,0.0000,-0.0005,0.000,32.34,46.0,1,1
64956871,213.632,213.632,0.0000,0.0618,0.0000,-0.0005,0.000,32.34,46.0,1,1
64957545,213.632,213.632,0.0000,-0.0816,0.0000,-0.0005,0.000,32.34,46.0,1,1
64958609,213.632,213.632,0.0000,0.0084,0.0000,-0.0005,0.000,32.34,46.0,1,1
64959568,213.632,213.632,0.0000,-0.1076,0.0000,-0.0005,0.000,32.34,46.0,1,1
64960568,213.632,213.632,0.0000,0.0847,0.0000,-0.0005,0.000,32.34,46.0,1,1
64961886,213.632,213.632,0.0000,0.0740,0.0000,-0.0005,0.000,32.34,46.0,1,1
64962571,213.632,213.632,0.0000,0.0282,0.0000,-0.0005,0.000,32.34,46.0,1,1
64963572,213.632,213.632,0.0000,-0.0328,0.0000,-0.0005,0.000,32.34,46.0,1,1
64964882,213.632,213.632,0.0000,0.0771,0.0000,-0.0005,0.000,32.34,46.0,1,1
64965569,213.632,213.632,0.0000,-0.0587,0.0000,-0.0005,0.000,32.34,46.0,1,1
64966884,213.632,213.632,0.0000,-0.0099,0.0000,-0.0005,0.000,32.34,46.0,1,1
64967571,213.632,213.632,0.0000,-0.0389,0.0000,-0.0005,0.000,32.34,46.0,1,1
64968891,213.632,213.632,0.0000,0.0847,0.0000,-0.0005,0.000,32.34,46.0,1,1
64969571,213.632,213.632,0.0000,-0.0008,0.0000,-0.0005,0.000,32.34,46.0,1,1
64970572,213.632,213.632,0.0000,-0.0252,0.0000,-0.0005,0.000,32.34,46.0,1,1
64971884,213.632,213.632,0.0000,0.0374,0.0000,-0.0005,0.000,32.34,46.0,1,1
64972571,213.632,213.632,0.0000,-0.1457,0.0000,-0.0005,0.000,32.34,46.0,1,1
64973572,213.632,213.632,0.0000,0.0130,0.0000,-0.0005,0.000,32.34,46.0,1,1
64974544,213.632,213.632,0.0000,0.1473,0.0000,-0.0005,0.000,32.34,46.0,1,1
64975566,213.632,213.632,0.0000,0.0008,0.0000,-0.0005,0.000,32.34,46.0,1,1
64976881,213.632,213.632,0.0000,-0.0282,0.0000,-0.0005,0.000,32.34,46.0,1,1
64977571,213.632,213.632,0.0000,0.0313,0.0000,-0.0005,0.000,32.34,46.0,1,1
64978577,213.632,213.632,0.0000,0.0420,0.0000,-0.0005,0.000,32.34,46.0,1,1
64979544,213.632,213.632,0.0000,-0.0679,0.0000,-0.0005,0.000,32.34,46.0,1,1
64980598,213.632,213.632,0.0000,0.0420,0.0000,-0.0005,0.000,32.34,46.0,1,1
64981870,213.632,213.632,0.0000,-0.0328,0.0000,-0.0005,0.000,32.34,46.0,1,1
64982553,213.632,213.632,0.0000,0.0526,0.0000,-0.0005,0.000,32.34,46.0,1,1
64983549,213.632,213.632,0.0000,-0.0374,0.0000,-0.0005,0.000,32.34,46.0,1,1
64984901,213.632,213.632,0.0000,-0.0008,0.0000,-0.0005,0.000,32.34,46.0,1,1
64985546,213.632,213.632,0.0000,0.0633,0.0000,-0.0005,0.000,32.34,46.0,1,1
64986876,213.632,213.632,0.0000,0.1549,0.0000,-0.0005,0.000,32.34,46.0,1,1
64987545,213.632,213.632,0.0000,-0.0420,0.0000,-0.0005,0.000,32.34,46.0,1,1
64988915,213.632,213.632,0.0000,0.0603,0.0000,-0.0005,0.000,32.34,46.0,1,1
64989550,213.632,213.632,0.0000,0.0206,0.0000,-0.0005,0.000,32.34,46.0,1,1
64990556,213.632,213.632,0.0000,-0.0496,0.0000,-0.0005,0.000,32.34,46.0,1,1
64991859,213.632,213.632,0.0000,0.0481,0.0000,-0.0005,0.000,32.34,46.0,1,1
64992587,213.632,213.632,0.0000,0.0481,0.0000,-0.0005,0.000,32.34,46.0,1,1
64993550,213.632,213.632,0.0000,0.0435,0.0000,-0.0005,0.000,32.34,46.0,1,1
64994551,213.632,213.632,0.0000,-0.1305,0.0000,-0.0005,0.000,32.34,46.0,1,1
64995544,213.632,213.632,0.0000,0.0145,0.0000,-0.0005,0.000,32.34,46.0,1,1
64996907,213.632,213.632,0.0000,0.0160,0.0000,-0.0005,0.000,32.34,46.0,1,1
64997550,213.632,213.632,0.0000,-0.0160,0.0000,-0.0005,0.000,32.34,46.0,1,1
64998556,213.632,213.632,0.0000,0.0633,0.0000,-0.0005,0.000,32.34,46.0,1,1
64999544,213.632,213.632,0.0000,0.0008,0.0000,-0.0005,0.000,32.34,46.0,1,1
65000585,213.632,213.632,0.0000,0.0084,0.0000,-0.0005,0.000,32.34,46.0,1,1
65001871,213.632,213.632,0.0000,0.0191,0.0000,-0.0005,0.000,32.34,46.0,1,1
65002556,213.632,213.632,0.0000,-0.0542,0.0000,-0.0005,0.000,32.34,46.0,1,1
65003549,213.632,213.632,0.0000,0.0435,0.0000,-0.0005,0.000,32.34,46.0,1,1
65004897,213.632,213.632,0.0000,0.0130,0.0000,-0.0005,0.000,32.34,46.0,1,1
65005549,213.632,213.632,0.0000,-0.0191,0.0000,-0.0005,0.000,32.34,46.0,1,1
65006970,213.632,213.632,0.0000,0.0023,0.0000,-0.0005,0.000,32.34,46.0,1,1
65007551,213.632,213.632,0.0000,0.0603,0.0000,-0.0005,0.000,32.34,46.0,1,1
65008863,213.632,213.632,0.0000,-0.0099,0.0000,-0.0005,0.000,32.34,46.0,1,1
65009604,213.632,213.632,0.0000,-0.1656,0.0000,-0.0005,0.000,32.34,46.0,1,1
65010573,213.632,213.632,0.0000,-0.0771,0.0000,-0.0005,0.000,32.34,46.0,1,1
65011885,213.632,213.632,0.0000,0.1610,0.0000,-0.0005,0.000,32.34,46.0,1,1
65012571,213.632,213.610,0.0000,-0.0832,0.0000,-0.0005,0.000,32.34,46.0,1,1
65013574,213.610,213.632,0.0000,0.0465,0.0000,-0.0005,0.000,32.34,46.0,1,1
65014568,213.632,213.632,0.0000,0.1015,0.0000,-0.0005,0.000,32.34,46.0,1,1
65015567,213.632,213.632,0.0000,-0.0938,0.0000,-0.0005,0.000,32.34,46.0,1,1
65016884,213.632,213.632,0.0000,-0.0420,0.0000,-0.0005,0.000,32.34,46.0,1,1
65017571,213.632,213.632,0.0000,0.0069,0.0000,-0.0005,0.000,32.34,46.0,1,1
65018573,213.632,213.632,0.0000,-0.0862,0.0000,-0.0005,0.000,32.34,46.0,1,1
65019568,213.632,213.632,0.0000,-0.0298,0.0000,-0.0005,0.000,32.34,46.0,1,1
65020568,213.632,213.632,0.0000,-0.0557,0.0000,-0.0005,0.000,32.34,46.0,1,1
65021884,213.632,213.632,0.0000,0.0771,0.0000,-0.0005,0.000,32.34,46.0,1,1
65022571,213.632,213.632,0.0000,-0.0771,0.0000,-0.0005,0.000,32.34,46.0,1,1
65023579,213.632,213.632,0.0000,0.0343,0.0000,-0.0005,0.000,32.34,46.0,1,1
65024860,213.632,213.632,0.0000,-0.1366,0.0000,-0.0005,0.000,32.34,46.0,1,1
65025545,213.632,213.632,0.0000,0.1076,0.0000,-0.0005,0.000,32.34,46.0,1,1
65026878,213.632,213.632,0.0000,0.1213,0.0000,-0.0005,0.000,32.34,46.0,1,1
65027571,213.632,213.632,0.0000,0.0114,0.0000,-0.0005,0.000,32.34,46.0,1,1
65028887,213.632,213.610,0.0000,-0.0923,0.0000,-0.0005,0.000,32.34,46.0,1,1
65029457,213.610,213.632,0.0000,0.0374,0.0000,-0.0005,0.000,32.34,46.0,1,1
65030549,213.632,213.632,0.0000,-0.0145,0.0000,-0.0005,0.000,32.34,46.0,1,1
65031864,213.632,213.632,0.0000,0.0710,0.0000,-0.0005,0.000,32.34,46.0,1,1
65032604,213.632,213.632,0.0000,0.1076,0.0000,-0.0005,0.000,32.34,46.0,1,1
65033550,213.632,213.632,0.0000,0.1060,0.0000,-0.0005,0.000,32.34,46.0,1,1
65034551,213.632,213.632,0.0000,0.0114,0.0000,-0.0005,0.000,32.34,46.0,1,1
65035544,213.632,213.632,0.0000,-0.0145,0.0000,-0.0005,0.000,32.34,46.0,1,1
65036905,213.632,213.632,0.0000,-0.0435,0.0000,-0.0005,0.000,32.34,46.0,1,1
65037548,213.632,213.632,0.0000,-0.0313,0.0000,-0.0005,0.000,32.34,46.0,1,1
65038556,213.632,213.632,0.0000,0.2159,0.0000,-0.0005,0.000,32.34,46.0,1,1
65039544,213.632,213.632,0.0000,-0.0313,0.0000,-0.0005,0.000,32.34,46.0,1,1
65040589,213.632,213.632,0.0000,0.0877,0.0000,-0.0005,0.000,32.34,46.0,1,1
65041867,213.632,213.632,0.0000,0.0298,0.0000,-0.0005,0.000,32.34,46.0,1,1
65042554,213.632,213.632,0.0000,-0.1076,0.0000,-0.0005,0.000,32.34,46.0,1,1
65043549,213.632,213.632,0.0000,-0.0710,0.0000,-0.0005,0.000,32.34,46.0,1,1
65044902,213.632,213.632,0.0000,-0.1686,0.0000,-0.0005,0.000,32.34,46.0,1,1
65045549,213.632,213.632,0.0000,0.0435,0.0000,-0.0005,0.000,32.34,46.0,1,1
65046870,213.632,213.632,0.0000,-0.0313,0.0000,-0.0005,0.000,32.34,46.0,1,1
65047546,213.632,213.632,0.0000,0.1289,0.0000,-0.0005,0.000,32.34,46.0,1,1
65048916,213.632,213.632,0.0000,-0.0511,0.0000,-0.0005,0.000,32.34,46.0,1,1
65049546,213.632,213.632,0.0000,0.0008,0.0000,-0.0005,0.000,32.34,46.0,1,1
65050556,213.632,213.632,0.0000,-0.0816,0.0000,-0.0005,0.000,32.34,46.0,1,1
65051861,213.632,213.632,0.0000,-0.0084,0.0000,-0.0005,0.000,32.34,46.0,1,1
65052591,213.632,213.632,0.0000,0.0359,0.0000,-0.0005,0.000,32.34,46.0,1,1
65053550,213.632,213.632,0.0000,0.0343,0.0000,-0.0005,0.000,32.34,46.0,1,1
65054551,213.632,213.632,0.0000,0.0786,0.0000,-0.0005,0.000,32.34,46.0,1,1
65055544,213.632,213.632,0.0000,-0.0801,0.0000,-0.0005,0.000,32.34,46.0,1,1
65056973,213.632,213.632,0.0000,-0.0084,0.0000,-0.0005,0.000,32.34,46.0,1,1
65057551,213.632,213.632,0.0000,0.0603,0.0000,-0.0005,0.000,32.34,46.0,1,1
65058549,213.632,213.632,0.0000,-0.0374,0.0000,-0.0005,0.000,32.34,46.0,1,1
65059600,213.632,213.632,0.0000,0.0038,0.0000,-0.0005,0.000,32.34,46.0,1,1
65060569,213.632,213.632,0.0000,-0.0008,0.0000,-0.0005,0.000,32.34,46.0,1,1
65061884,213.632,213.632,0.0000,0.0557,0.0000,-0.0005,0.000,32.34,46.0,1,1
65062572,213.632,213.632,0.0000,0.0511,0.0000,-0.0005,0.000,32.34,46.0,1,1
65063574,213.632,213.610,0.0000,0.0237,0.0000,-0.0005,0.000,32.34,46.0,1,1
65064883,213.610,213.632,0.0000,0.0786,0.0000,-0.0005,0.000,32.34,46.0,1,1
65065569,213.632,213.632,0.0000,0.1167,0.0000,-0.0005,0.000,32.34,46.0,1,1
65066883,213.632,213.632,0.0000,0.0923,0.0000,-0.0005,0.000,32.34,46.0,1,1
65067572,213.632,213.632,0.0000,-0.0465,0.0000,-0.0005,0.000,32.34,46.0,1,1
65068888,213.632,213.632,0.0000,0.1411,0.0000,-0.0005,0.000,32.34,46.0,1,1
65069572,213.632,213.632,0.0000,0.0038,0.0000,-0.0005,0.000,32.34,46.0,1,1
65070573,213.632,213.632,0.0000,0.0664,0.0000,-0.0005,0.000,32.34,46.0,1,1
65071883,213.632,213.632,0.0000,-0.0450,0.0000,-0.0005,0.000,32.34,46.0,1,1
65072572,213.632,213.632,0.0000,-0.0572,0.0000,-0.0005,0.000,32.34,46.0,1,1
65073572,213.632,213.632,0.0000,-0.0893,0.0000,-0.0005,0.000,32.34,46.0,1,1
65074570,213.632,213.632,0.0000,0.0694,0.0000,-0.0005,0.000,32.34,46.0,1,1
65075546,213.632,213.632,0.0000,-0.0816,0.0000,-0.0005,0.000,32.34,46.0,1,1
65076880,213.632,213.632,0.0000,-0.0435,0.0000,-0.0005,0.000,32.34,46.0,1,1
65077570,213.632,213.632,0.0000,0.0114,0.0000,-0.0005,0.000,32.34,46.0,1,1
65078571,213.632,213.632,0.0000,-0.0160,0.0000,-0.0005,0.000,32.34,46.0,1,1
65079546,213.632,213.632,0.0000,-0.0114,0.0000,-0.0005,0.000,32.34,46.0,1,1
65080544,213.632,213.632,0.0000,0.0648,0.0000,-0.0005,0.000,32.34,46.0,1,1
65081863,213.632,213.632,0.0000,-0.0648,0.0000,-0.0005,0.000,32.34,46.0,1,1
65082601,213.632,213.632,0.0000,0.0145,0.0000,-0.0005,0.000,32.34,46.0,1,1
65083552,213.632,213.632,0.0000,0.0191,0.0000,-0.0005,0.000,32.34,46.0,1,1
65084864,213.632,213.632,0.0000,-0.0420,0.0000,-0.0005,0.000,32.34,46.0,1,1
65085544,213.632,213.632,0.0000,0.0618,0.0000,-0.0005,0.000,32.34,46.0,1,1
65086904,213.632,213.632,0.0000,0.0359,0.0000,-0.0005,0.000,32.34,46.0,1,1
65087550,213.632,213.632,0.0000,-0.0908,0.0000,-0.0005,0.000,32.34,46.0,1,1
65088870,213.632,213.632,0.0000,-0.0084,0.0000,-0.0005,0.000,32.34,46.0,1,1
65089546,213.632,213.632,0.0000,0.1167,0.0000,-0.0005,0.000,32.34,46.0,1,1
65090592,213.632,213.632,0.0000,0.0557,0.0000,-0.0005,0.000,32.34,46.0,1,1
65091870,213.632,213.610,0.0000,-0.1305,0.0000,-0.0005,0.000,32.34,46.0,1,1
65092553,213.610,213.632,0.0000,0.1167,0.0000,-0.0005,0.000,32.34,46.0,1,1
65093549,213.632,213.632,0.0000,-0.0359,0.0000,-0.0005,0.000,32.34,46.0,1,1
65094587,213.632,213.632,0.0000,-0.0969,0.0000,-0.0005,0.000,32.34,46.0,1,1
65095550,213.632,213.632,0.0000,0.0877,0.0000,-0.0005,0.000,32.34,46.0,1,1
65096872,213.632,213.632,0.0000,0.1289,0.0000,-0.0005,0.000,32.34,46.0,1,1
65097546,213.632,213.632,0.0000,0.0740,0.0000,-0.0005,0.000,32.34,46.0,1,1
65098592,213.632,213.632,0.0000,0.1152,0.0000,-0.0005,0.000,32.34,46.0,1,1
65099550,213.632,213.632,0.0000,-0.0710,0.0000,-0.0005,0.000,32.34,46.0,1,1
65100551,213.632,213.632,0.0000,-0.0221,0.0000,-0.0005,0.000,32.34,46.0,1,1
65101864,213.632,213.632,0.0000,0.0832,0.0000,-0.0005,0.000,32.34,46.0,1,1
65102590,213.632,213.632,0.0000,0.0359,0.0000,-0.0005,0.000,32.34,46.0,1,1
65103552,213.632,213.632,0.0000,0.0404,0.0000,-0.0005,0.000,32.34,46.0,1,1
65104864,213.632,213.632,0.0000,0.0313,0.0000,-0.0005,0.000,32.34,46.0,1,1
65105544,213.632,213.632,0.0000,0.0069,0.0000,-0.0005,0.000,32.34,46.0,1,1
65106974,213.632,213.632,0.0000,-0.0038,0.0000,-0.0005,0.000,32.34,46.0,1,1
65107551,213.632,213.632,0.0000,0.0603,0.0000,-0.0005,0.000,32.34,46.0,1,1
65108862,213.632,213.632,0.0000,-0.0771,0.0000,-0.0005,0.000,32.34,46.0,1,1
65109604,213.632,213.632,0.0000,0.0526,0.0000,-0.0005,0.000,32.34,46.0,1,1
65110573,213.632,213.632,0.0000,-0.0221,0.0000,-0.0005,0.000,32.34,46.0,1,1
65111884,213.632,213.632,0.0000,0.0633,0.0000,-0.0005,0.000,32.34,46.0,1,1
65112571,213.632,213.632,0.0000,-0.0481,0.0000,-0.0005,0.000,32.34,46.0,1,1
65113574,213.632,213.632,0.0000,0.1396,0.0000,-0.0005,0.000,32.34,46.0,1,1
65114567,213.632,213.632,0.0000,-0.1167,0.0000,-0.0005,0.000,32.34,46.0,1,1
65115567,213.632,213.632,0.0000,-0.0923,0.0000,-0.0005,0.000,32.34,46.0,1,1
65116885,213.632,213.632,0.0000,-0.0343,0.0000,-0.0005,0.000,32.34,46.0,1,1
65117571,213.632,213.632,0.0000,0.0252,0.0000,-0.0005,0.000,32.34,46.0,1,1
65118573,213.632,213.632,0.0000,0.0191,0.0000,-0.0005,0.000,32.34,46.0,1,1
65119568,213.632,213.632,0.0000,0.0664,0.0000,-0.0005,0.000,32.34,46.0,1,1
65120568,213.632,213.632,0.0000,0.0862,0.0000,-0.0005,0.000,32.34,46.0,1,1
65121885,213.632,213.632,0.0000,0.0160,0.0000,-0.0005,0.000,32.34,46.0,1,1
65122571,213.632,213.632,0.0000,-0.0679,0.0000,-0.0005,0.000,32.34,46.0,1,1
65123578,213.632,213.632,0.0000,-0.0145,0.0000,-0.0005,0.000,32.34,46.0,1,1
65124859,213.632,213.632,0.0000,0.0084,0.0000,-0.0005,0.000,32.34,46.0,1,1
65125545,213.632,213.632,0.0000,0.0542,0.0000,-0.0005,0.000,32.34,46.0,1,1
65126881,213.632,213.632,0.0000,0.0420,0.0000,-0.0005,0.000,32.34,46.0,1,1
65127571,213.632,213.632,0.0000,0.0526,0.0000,-0.0005,0.000,32.34,46.0,1,1
65128886,213.632,213.632,0.0000,0.0511,0.0000,-0.0005,0.000,32.34,46.0,1,1
65129555,213.632,213.632,0.0000,-0.0130,0.0000,-0.0005,0.000,32.34,46.0,1,1
65130549,213.632,213.632,0.0000,-0.1183,0.0000,-0.0005,0.000,32.34,46.0,1,1
65131863,213.632,213.632,0.0000,-0.0191,0.0000,-0.0005,0.000,32.34,46.0,1,1
65132606,213.632,213.632,0.0000,-0.0374,0.0000,-0.0005,0.000,32.34,46.0,1,1
65133550,213.632,213.632,0.0000,-0.0587,0.0000,-0.0005,0.000,32.34,46.0,1,1
65134550,213.632,213.632,0.0000,0.1869,0.0000,-0.0005,0.000,32.34,46.0,1,1
65135544,213.632,213.632,0.0000,-0.0267,0.0000,-0.0005,0.000,32.34,46.0,1,1
65136906,213.632,213.632,0.0000,-0.0496,0.0000,-0.0005,0.000,32.34,46.0,1,1
65137547,213.632,213.632,0.0000,-0.0435,0.0000,-0.0005,0.000,32.34,46.0,1,1
65138556,213.632,213.632,0.0000,-0.0084,0.0000,-0.0005,0.000,32.34,46.0,1,1
65139544,213.632,213.632,0.0000,-0.0999,0.0000,-0.0005,0.000,32.34,46.0,1,1
65140590,213.632,213.632,0.0000,-0.0191,0.0000,-0.0005,0.000,32.34,46.0,1,1
65141868,213.632,213.610,0.0000,-0.1335,0.0000,-0.0005,0.000,32.34,46.0,1,1
65142553,213.610,213.610,0.0000,0.0099,0.0000,-0.0005,0.000,32.34,46.0,1,1
65143549,213.610,213.632,0.0000,0.0496,0.0000,-0.0005,0.000,32.34,46.0,1,1
65144902,213.632,213.632,0.0000,0.0679,0.0000,-0.0005,0.000,32.34,46.0,1,1
65145546,213.632,213.610,0.0000,-0.1305,0.0000,-0.0005,0.000,32.34,46.0,1,1
65146871,213.610,213.632,0.0000,0.1259,0.0000,-0.0005,0.000,32.34,46.0,1,1
65147546,213.632,213.632,0.0000,-0.0618,0.0000,-0.0005,0.000,32.34,46.0,1,1
65148916,213.632,213.632,0.0000,-0.0801,0.0000,-0.0005,0.000,32.34,46.0,1,1
65149545,213.632,213.632,0.0000,0.0282,0.0000,-0.0005,0.000,32.34,46.0,1,1
65150556,213.632,213.632,0.0000,0.0053,0.0000,-0.0005,0.000,32.34,46.0,1,1
65151861,213.632,213.632,0.0000,-0.0404,0.0000,-0.0005,0.000,32.34,46.0,1,1
65152592,213.632,213.632,0.0000,0.0679,0.0000,-0.0005,0.000,32.34,46.0,1,1
65153550,213.632,213.632,0.0000,-0.0496,0.0000,-0.0005,0.000,32.34,46.0,1,1
65154551,213.632,213.632,0.0000,-0.0511,0.0000,-0.0005,0.000,32.34,46.0,1,1
65155544,213.632,213.632,0.0000,-0.0603,0.0000,-0.0005,0.000,32.34,46.0,1,1
65156972,213.632,213.632,0.0000,-0.0145,0.0000,-0.0005,0.000,32.34,46.0,1,1
65157552,213.632,213.632,0.0000,0.1152,0.0000,-0.0005,0.000,32.34,46.0,1,1
65158549,213.632,213.632,0.0000,-0.0648,0.0000,-0.0005,0.000,32.34,46.0,1,1
65159600,213.632,213.632,0.0000,0.0481,0.0000,-0.0005,0.000,32.34,46.0,1,1
65160569,213.632,213.632,0.0000,-0.0145,0.0000,-0.0005,0.000,32.34,46.0,1,1
65161883,213.632,213.632,0.0000,0.0969,0.0000,-0.0005,0.000,32.34,46.0,1,1
65162572,213.632,213.632,0.0000,-0.0801,0.0000,-0.0005,0.000,32.34,46.0,1,1
65163574,213.632,213.632,0.0000,-0.0557,0.0000,-0.0005,0.000,32.34,46.0,1,1
65164881,213.632,213.632,0.0000,0.0435,0.0000,-0.0005,0.000,32.34,46.0,1,1
65165569,213.632,213.632,0.0000,0.0999,0.0000,-0.0005,0.000,32.34,46.0,1,1
65166883,213.632,213.632,0.0000,0.0648,0.0000,-0.0005,0.000,32.34,46.0,1,1
65167572,213.632,213.632,0.0000,0.0847,0.0000,-0.0005,0.000,32.34,46.0,1,1
65168889,213.632,213.632,0.0000,-0.0038,0.0000,-0.0005,0.000,32.34,46.0,1,1
65169572,213.632,213.632,0.0000,0.0038,0.0000,-0.0005,0.000,32.34,46.0,1,1
65170573,213.632,213.632,0.0000,-0.0542,0.0000,-0.0005,0.000,32.34,46.0,1,1
65171884,213.632,213.610,0.0000,-0.0893,0.0000,-0.0005,0.000,32.34,46.0,1,1
65172873,213.610,213.632,0.0000,0.0481,0.0000,-0.0005,0.000,32.34,46.0,1,1
65173870,213.632,213.632,0.0000,-0.0496,0.0000,-0.0005,0.000,32.34,46.0,1,1
65174874,213.632,213.632,0.0000,-0.0984,0.0000,-0.0005,0.000,32.34,46.0,1,1
65175859,213.632,213.632,0.0000,-0.0816,0.0000,-0.0005,0.000,32.34,46.0,1,1
65177190,213.632,213.632,0.0000,0.0053,0.0000,-0.0005,0.000,32.34,46.0,1,1
65177858,213.632,213.632,0.0000,0.0221,0.0000,-0.0005,0.000,32.34,46.0,1,1
65178866,213.632,213.610,0.0000,-0.0221,0.0000,-0.0005,0.000,32.34,46.0,1,1
65179873,213.610,213.632,0.0000,0.0893,0.0000,-0.0005,0.000,32.34,46.0,1,1
65180872,213.632,213.632,0.0000,-0.0313,0.0000,-0.0005,0.000,32.34,46.0,1,1
65182186,213.632,213.632,0.0000,-0.0084,0.0000,-0.0005,0.000,32.41,46.0,1,1
65182872,213.632,213.632,0.0000,0.1137,0.0000,-0.0005,0.000,32.41,46.0,1,1
65183872,213.632,213.632,0.0000,-0.0526,0.0000,-0.0005,0.000,32.41,46.0,1,1
65185175,213.632,213.632,0.0000,0.1411,0.0000,-0.0005,0.000,32.41,46.0,1,1
65185750,213.632,213.632,0.0000,0.0023,0.0000,-0.0005,0.000,32.41,46.0,1,1
65187210,213.632,213.632,0.0000,0.0175,0.0000,-0.0005,0.000,32.41,46.0,1,1
65187861,213.632,213.632,0.0000,-0.0237,0.0000,-0.0005,0.000,32.41,46.0,1,1
65189185,213.632,213.632,0.0000,-0.0725,0.0000,-0.0005,0.000,32.41,46.0,1,1
65189860,213.632,213.632,0.0000,0.0008,0.0000,-0.0005,0.000,32.41,46.0,1,1
65190887,213.632,213.632,0.0000,0.0389,0.0000,-0.0005,0.000,32.41,46.0,1,1
65192190,213.632,213.632,0.0000,0.0679,0.0000,-0.0005,0.000,32.41,46.0,1,1
65192861,213.632,213.632,0.0000,-0.0450,0.0000,-0.0005,0.000,32.41,46.0,1,1
65193859,213.632,213.632,0.0000,-0.0496,0.0000,-0.0005,0.000,32.41,46.0,1,1
65194890,213.632,213.632,0.0000,0.0038,0.0000,-0.0005,0.000,32.41,46.0,1,1
65195863,213.632,213.632,0.0000,0.0496,0.0000,-0.0005,0.000,32.41,46.0,1,1
65197195,213.632,213.632,0.0000,-0.0099,0.0000,-0.0005,0.000,32.41,46.0,1,1
65197859,213.632,213.632,0.0000,-0.0359,0.0000,-0.0005,0.000,32.41,46.0,1,1
65198891,213.632,213.610,0.0000,-0.0298,0.0000,-0.0005,0.000,32.41,46.0,1,1
65199862,213.610,213.632,0.0000,-0.0801,0.0000,-0.0005,0.000,32.41,46.0,1,1
65200865,213.632,213.632,0.0000,0.0526,0.0000,-0.0005,0.000,32.41,46.0,1,1
65202188,213.632,213.632,0.0000,-0.0511,0.0000,-0.0005,0.000,32.41,46.0,1,1
65202726,213.632,213.632,0.0000,-0.0374,0.0000,-0.0005,0.000,32.41,46.0,1,1
65203880,213.632,213.632,0.0000,0.0298,0.0000,-0.0005,0.000,32.41,46.0,1,1
65205180,213.632,213.632,0.0000,-0.0160,0.0000,-0.0005,0.000,32.41,46.0,1,1
65205644,213.632,213.632,0.0000,-0.0389,0.0000,-0.0005,0.000,32.41,46.0,1,1
65206870,213.632,213.632,0.0000,0.0786,0.0000,-0.0005,0.000,32.41,46.0,1,1
65207544,213.632,213.632,0.0000,-0.1030,0.0000,-0.0005,0.000,32.41,46.0,1,1
65208864,213.632,213.632,0.0000,-0.0221,0.0000,-0.0005,0.000,32.41,46.0,1,1
65209603,213.632,213.632,0.0000,0.0053,0.0000,-0.0005,0.000,32.41,46.0,1,1
65210573,213.632,213.632,0.0000,0.0374,0.0000,-0.0005,0.000,32.41,46.0,1,1
65211950,213.632,213.632,0.0000,-0.0328,0.0000,-0.0005,0.000,32.41,46.0,1,1
65212574,213.632,213.632,0.0000,-0.0587,0.0000,-0.0005,0.000,32.41,46.0,1,1
65213572,213.632,213.632,0.0000,-0.0404,0.0000,-0.0005,0.000,32.41,46.0,1,1
65214566,213.632,213.632,0.0000,0.0542,0.0000,-0.0005,0.000,32.41,46.0,1,1
65215594,213.632,213.632,0.0000,-0.1060,0.0000,-0.0005,0.000,32.41,46.0,1,1
65216883,213.632,213.632,0.0000,-0.0328,0.0000,-0.0005,0.000,32.41,46.0,1,1
65217868,213.632,213.632,0.0000,-0.1320,0.0000,-0.0005,0.000,32.41,46.0,1,1
65218871,213.632,213.632,0.0000,0.0618,0.0000,-0.0005,0.000,32.41,46.0,1,1
65219870,213.632,213.632,0.0000,0.0725,0.0000,-0.0005,0.000,32.41,46.0,1,1
65220869,213.632,213.632,0.0000,0.0908,0.0000,-0.0005,0.000,32.41,46.0,1,1
65222198,213.632,213.632,0.0000,0.0099,0.0000,-0.0005,0.000,32.41,46.0,1,1
65222935,213.632,213.632,0.0000,0.0008,0.0000,-0.0005,0.000,32.41,46.0,1,1
65223872,213.632,213.632,0.0000,-0.0069,0.0000,-0.0005,0.000,32.41,46.0,1,1
65225182,213.632,213.632,0.0000,-0.0069,0.0000,-0.0005,0.000,32.41,46.0,1,1
65225542,213.632,213.632,0.0000,-0.0481,0.0000,-0.0005,0.000,32.41,46.0,1,1
65226917,213.632,213.632,0.0000,-0.0343,0.0000,-0.0005,0.000,32.41,46.0,1,1
65227869,213.632,213.632,0.0000,-0.0099,0.0000,-0.0005,0.000,32.41,46.0,1,1
65229198,213.632,213.632,0.0000,0.0252,0.0000,-0.0005,0.000,32.41,46.0,1,1
65229866,213.632,213.632,0.0000,-0.0237,0.0000,-0.0005,0.000,32.41,46.0,1,1
65230873,213.632,213.632,0.0000,0.0801,0.0000,-0.0005,0.000,32.41,46.0,1,1
65232196,213.632,213.632,0.0000,0.0328,0.0000,-0.0005,0.000,32.41,46.0,1,1
65232864,213.632,213.632,0.0000,0.0282,0.0000,-0.0005,0.000,32.41,46.0,1,1
65233871,213.632,213.632,0.0000,0.0450,0.0000,-0.0005,0.000,32.41,46.0,1,1
65234873,213.632,213.632,0.0000,0.0053,0.0000,-0.0005,0.000,32.41,46.0,1,1
65235871,213.632,213.632,0.0000,0.0038,0.0000,-0.0005,0.000,32.41,46.0,1,1
65237196,213.632,213.632,0.0000,-0.0343,0.0000,-0.0005,0.000,32.41,46.0,1,1
65237868,213.632,213.632,0.0000,-0.0404,0.0000,-0.0005,0.000,32.41,46.0,1,1
65238871,213.632,213.632,0.0000,0.0465,0.0000,-0.0005,0.000,32.41,46.0,1,1
65239870,213.632,213.632,0.0000,0.0175,0.0000,-0.0005,0.000,32.41,46.0,1,1
65240870,213.632,213.632,0.0000,-0.0099,0.0000,-0.0005,0.000,32.41,46.0,1,1
65242196,213.632,213.632,0.0000,-0.0252,0.0000,-0.0005,0.000,32.41,46.0,1,1
65242868,213.632,213.632,0.0000,-0.1320,0.0000,-0.0005,0.000,32.41,46.0,1,1
65243870,213.632,213.632,0.0000,0.0206,0.0000,-0.0005,0.000,32.41,46.0,1,1
65245189,213.632,213.632,0.0000,-0.0282,0.0000,-0.0005,0.000,32.41,46.0,1,1
65245569,213.632,213.632,0.0000,-0.0587,0.0000,-0.0005,0.000,32.41,46.0,1,1
65246887,213.632,213.632,0.0000,0.0557,0.0000,-0.0005,0.000,32.41,46.0,1,1
65247874,213.632,213.632,0.0000,0.0191,0.0000,-0.0005,0.000,32.41,46.0,1,1
65249188,213.632,213.632,0.0000,0.0740,0.0000,-0.0005,0.000,32.41,46.0,1,1
65249857,213.632,213.632,0.0000,0.1671,0.0000,-0.0005,0.000,32.41,46.0,1,1
65250859,213.632,213.632,0.0000,-0.0267,0.0000,-0.0005,0.000,32.41,46.0,1,1
65252177,213.632,213.632,0.0000,0.0542,0.0000,-0.0005,0.000,32.38,46.0,1,1
65252868,213.632,213.632,0.0000,0.0557,0.0000,-0.0005,0.000,32.38,46.0,1,1
65253870,213.632,213.632,0.0000,-0.1137,0.0000,-0.0005,0.000,32.38,46.0,1,1
65254871,213.632,213.632,0.0000,-0.0084,0.0000,-0.0005,0.000,32.38,46.0,1,1
65255868,213.632,213.632,0.0000,0.1549,0.0000,-0.0005,0.000,32.38,46.0,1,1
65257195,213.632,213.632,0.0000,-0.0816,0.0000,-0.0005,0.000,32.38,46.0,1,1
65257858,213.632,213.632,0.0000,0.0450,0.0000,-0.0005,0.000,32.38,46.0,1,1
65258959,213.632,213.632,0.0000,-0.0694,0.0000,-0.0005,0.000,32.38,46.0,1,1
65259930,213.632,213.632,0.0000,0.0511,0.0000,-0.0005,0.000,32.38,46.0,1,1
65260861,213.632,213.632,0.0000,0.0298,0.0000,-0.0005,0.000,32.38,46.0,1,1
65262187,213.632,213.632,0.0000,-0.0328,0.0000,-0.0005,0.000,32.38,46.0,1,1
65262855,213.632,213.632,0.0000,0.1045,0.0000,-0.0005,0.000,32.38,46.0,1,1
65263925,213.632,213.632,0.0000,0.0023,0.0000,-0.0005,0.000,32.38,46.0,1,1
65265191,213.632,213.632,0.0000,-0.0984,0.0000,-0.0005,0.000,32.38,46.0,1,1
65265559,213.632,213.632,0.0000,0.0496,0.0000,-0.0005,0.000,32.38,46.0,1,1
65266887,213.632,213.632,0.0000,-0.0511,0.0000,-0.0005,0.000,32.38,46.0,1,1
65267870,213.632,213.632,0.0000,0.0465,0.0000,-0.0005,0.000,32.38,46.0,1,1
65269199,213.632,213.632,0.0000,0.0481,0.0000,-0.0005,0.000,32.38,46.0,1,1
65269872,213.632,213.632,0.0000,0.0465,0.0000,-0.0005,0.000,32.38,46.0,1,1
65270868,213.632,213.632,0.0000,-0.0633,0.0000,-0.0005,0.000,32.38,46.0,1,1
65272196,213.632,213.610,0.0000,-0.0252,0.0000,-0.0005,0.000,32.38,46.0,1,1
65272869,213.610,213.632,0.0000,0.0618,0.0000,-0.0005,0.000,32.38,46.0,1,1
65273870,213.632,213.632,0.0000,0.0359,0.0000,-0.0005,0.000,32.38,46.0,1,1
65274871,213.632,213.632,0.0000,-0.0008,0.0000,-0.0005,0.000,32.38,46.0,1,1
65275869,213.632,213.632,0.0000,-0.0862,0.0000,-0.0005,0.000,32.38,46.0,1,1
65277192,213.632,213.632,0.0000,0.0740,0.0000,-0.0005,0.000,32.38,46.0,1,1
65277869,213.632,213.632,0.0000,-0.0450,0.0000,-0.0005,0.000,32.38,46.0,1,1
65278869,213.632,213.632,0.0000,0.0862,0.0000,-0.0005,0.000,32.38,46.0,1,1
65279868,213.632,213.632,0.0000,-0.0282,0.0000,-0.0005,0.000,32.38,46.0,1,1
65280868,213.632,213.632,0.0000,0.0572,0.0000,-0.0005,0.000,32.38,46.0,1,1
65282193,213.632,213.632,0.0000,-0.1320,0.0000,-0.0005,0.000,32.38,46.0,1,1
65282871,213.632,213.632,0.0000,0.0206,0.0000,-0.0005,0.000,32.38,46.0,1,1
65283868,213.632,213.632,0.0000,0.0313,0.0000,-0.0005,0.000,32.38,46.0,1,1
65285187,213.632,213.632,0.0000,-0.0221,0.0000,-0.0005,0.000,32.38,46.0,1,1
65285569,213.632,213.632,0.0000,-0.0114,0.0000,-0.0005,0.000,32.38,46.0,1,1
65286866,213.632,213.632,0.0000,-0.0191,0.0000,-0.0005,0.000,32.38,46.0,1,1
65287544,213.632,213.632,0.0000,0.0237,0.0000,-0.0005,0.000,32.38,46.0,1,1
65288890,213.632,213.632,0.0000,-0.0404,0.0000,-0.0005,0.000,32.38,46.0,1,1
65289866,213.632,213.632,0.0000,0.0313,0.0000,-0.0005,0.000,32.38,46.0,1,1
65290867,213.632,213.632,0.0000,0.0603,0.0000,-0.0005,0.000,32.38,46.0,1,1
65292189,213.632,213.632,0.0000,0.0038,0.0000,-0.0005,0.000,32.38,46.0,1,1
65292866,213.632,213.632,0.0000,-0.1167,0.0000,-0.0005,0.000,32.38,46.0,1,1
65293868,213.632,213.632,0.0000,-0.0587,0.0000,-0.0005,0.000,32.38,46.0,1,1
65294855,213.632,213.632,0.0000,-0.0786,0.0000,-0.0005,0.000,32.38,46.0,1,1
65295904,213.632,213.632,0.0000,0.0160,0.0000,-0.0005,0.000,32.38,46.0,1,1
65297189,213.632,213.632,0.0000,-0.0420,0.0000,-0.0005,0.000,32.38,46.0,1,1
65297860,213.632,213.632,0.0000,0.0359,0.0000,-0.0005,0.000,32.38,46.0,1,1
65298855,213.632,213.632,0.0000,-0.0557,0.0000,-0.0005,0.000,32.38,46.0,1,1
65299888,213.632,213.632,0.0000,0.0328,0.0000,-0.0005,0.000,32.38,46.0,1,1
65300858,213.632,213.632,0.0000,-0.0694,0.0000,-0.0005,0.000,32.38,46.0,1,1
65302194,213.632,213.632,0.0000,0.0465,0.0000,-0.0005,0.000,32.38,46.0,1,1
65302854,213.632,213.632,0.0000,0.0725,0.0000,-0.0005,0.000,32.38,46.0,1,1
65303887,213.632,213.632,0.0000,-0.0893,0.0000,-0.0005,0.000,32.38,46.0,1,1
65305175,213.632,213.632,0.0000,-0.0313,0.0000,-0.0005,0.000,32.38,46.0,1,1
65305551,213.632,213.632,0.0000,-0.0420,0.0000,-0.0005,0.000,32.38,46.0,1,1
65306869,213.632,213.632,0.0000,-0.0465,0.0000,-0.0005,0.000,32.38,46.0,1,1
65307587,213.632,213.632,0.0000,0.0023,0.0000,-0.0005,0.000,32.38,46.0,1,1
65308876,213.632,213.610,0.0000,-0.0664,0.0000,-0.0005,0.000,32.38,46.0,1,1
65309654,213.610,213.632,0.0000,0.0893,0.0000,-0.0005,0.000,32.38,46.0,1,1
65310550,213.632,213.632,0.0000,0.0343,0.0000,-0.0005,0.000,32.38,46.0,1,1
65311867,213.632,213.632,0.0000,-0.0023,0.0000,-0.0005,0.000,32.38,46.0,1,1
65312604,213.632,213.632,0.0000,-0.0725,0.0000,-0.0005,0.000,32.38,46.0,1,1
65313574,213.632,213.632,0.0000,-0.0237,0.0000,-0.0005,0.000,32.38,46.0,1,1
65314567,213.632,213.632,0.0000,-0.0984,0.0000,-0.0005,0.000,32.38,46.0,1,1
65315569,213.632,213.632,0.0000,0.0359,0.0000,-0.0005,0.000,32.38,46.0,1,1
65316884,213.632,213.632,0.0000,0.0359,0.0000,-0.0005,0.000,32.38,46.0,1,1
65317867,213.632,213.632,0.0000,0.0282,0.0000,-0.0005,0.000,32.38,46.0,1,1
65318866,213.632,213.632,0.0000,0.0526,0.0000,-0.0005,0.000,32.38,46.0,1,1
65319865,213.632,213.632,0.0000,0.0511,0.0000,-0.0005,0.000,32.38,46.0,1,1
65320868,213.632,213.632,0.0000,-0.0542,0.0000,-0.0005,0.000,32.38,46.0,1,1
65322189,213.632,213.632,0.0000,0.0145,0.0000,-0.0005,0.000,32.38,46.0,1,1
65322869,213.632,213.632,0.0000,-0.0069,0.0000,-0.0005,0.000,32.38,46.0,1,1
65323866,213.632,213.632,0.0000,-0.0420,0.0000,-0.0005,0.000,32.38,46.0,1,1
65325190,213.632,213.632,0.0000,-0.0008,0.0000,-0.0005,0.000,32.38,46.0,1,1
65325569,213.632,213.632,0.0000,0.0603,0.0000,-0.0005,0.000,32.38,46.0,1,1
65326885,213.632,213.632,0.0000,-0.0282,0.0000,-0.0005,0.000,32.38,46.0,1,1
65327869,213.632,213.632,0.0000,0.0404,0.0000,-0.0005,0.000,32.38,46.0,1,1
65329191,213.632,213.632,0.0000,-0.0847,0.0000,-0.0005,0.000,32.38,46.0,1,1
65329870,213.632,213.632,0.0000,-0.0114,0.0000,-0.0005,0.000,32.38,46.0,1,1
65330871,213.632,213.632,0.0000,-0.0694,0.0000,-0.0005,0.000,32.38,46.0,1,1
65332183,213.632,213.632,0.0000,0.0267,0.0000,-0.0005,0.000,32.38,46.0,1,1
65332854,213.632,213.632,0.0000,-0.0191,0.0000,-0.0005,0.000,32.38,46.0,1,1
65333857,213.632,213.632,0.0000,-0.0404,0.0000,-0.0005,0.000,32.38,46.0,1,1
65334866,213.632,213.632,0.0000,0.0755,0.0000,-0.0005,0.000,32.38,46.0,1,1
65335866,213.632,213.632,0.0000,0.0130,0.0000,-0.0005,0.000,32.38,46.0,1,1
65337182,213.632,213.632,0.0000,-0.0755,0.0000,-0.0005,0.000,32.38,46.0,1,1
65337872,213.632,213.632,0.0000,0.0053,0.0000,-0.0005,0.000,32.38,46.0,1,1
65338866,213.632,213.632,0.0000,-0.0816,0.0000,-0.0005,0.000,32.38,46.0,1,1
65339871,213.632,213.632,0.0000,0.0374,0.0000,-0.0005,0.000,32.38,46.0,1,1
65340856,213.632,213.632,0.0000,-0.0053,0.0000,-0.0005,0.000,32.38,46.0,1,1
65342218,213.632,213.632,0.0000,-0.1122,0.0000,-0.0005,0.000,32.38,46.0,1,1
65342856,213.632,213.632,0.0000,-0.0496,0.0000,-0.0005,0.000,32.38,46.0,1,1
65343861,213.632,213.632,0.0000,-0.0404,0.0000,-0.0005,0.000,32.38,46.0,1,1
65345175,213.632,213.632,0.0000,0.0740,0.0000,-0.0005,0.000,32.38,46.0,1,1
65345432,213.632,213.632,0.0000,0.0191,0.0000,-0.0005,0.000,32.38,46.0,1,1
65346894,213.632,213.632,0.0000,-0.0771,0.0000,-0.0005,0.000,32.38,46.0,1,1
65347856,213.632,213.632,0.0000,-0.0435,0.0000,-0.0005,0.000,32.38,46.0,1,1
65349183,213.632,213.632,0.0000,0.0191,0.0000,-0.0005,0.000,32.38,46.0,1,1
65349853,213.632,213.632,0.0000,-0.0511,0.0000,-0.0005,0.000,32.38,46.0,1,1
65350888,213.632,213.632,0.0000,-0.0160,0.0000,-0.0005,0.000,32.38,46.0,1,1
65352188,213.632,213.632,0.0000,0.0481,0.0000,-0.0005,0.000,32.38,46.0,1,1
65352857,213.632,213.632,0.0000,0.0587,0.0000,-0.0005,0.000,32.38,46.0,1,1
65353856,213.632,213.632,0.0000,0.0221,0.0000,-0.0005,0.000,32.38,46.0,1,1
65354888,213.632,213.632,0.0000,0.0114,0.0000,-0.0005,0.000,32.38,46.0,1,1
65355855,213.632,213.632,0.0000,-0.0511,0.0000,-0.0005,0.000,32.38,46.0,1,1
65357192,213.632,213.632,0.0000,-0.0237,0.0000,-0.0005,0.000,32.38,46.0,1,1
65357855,213.632,213.632,0.0000,0.0145,0.0000,-0.0005,0.000,32.38,46.0,1,1
65358954,213.632,213.632,0.0000,-0.0282,0.0000,-0.0005,0.000,32.38,46.0,1,1
65359922,213.632,213.632,0.0000,0.0298,0.0000,-0.0005,0.000,32.38,46.0,1,1
65360857,213.632,213.632,0.0000,0.0175,0.0000,-0.0005,0.000,32.38,46.0,1,1
65362183,213.632,213.632,0.0000,0.0694,0.0000,-0.0005,0.000,32.38,46.0,1,1
65362853,213.632,213.632,0.0000,-0.0175,0.0000,-0.0005,0.000,32.38,46.0,1,1
65363926,213.632,213.632,0.0000,-0.0435,0.0000,-0.0005,0.000,32.38,46.0,1,1
65365190,213.632,213.632,0.0000,-0.1060,0.0000,-0.0005,0.000,32.38,46.0,1,1
65365569,213.632,213.632,0.0000,-0.0771,0.0000,-0.0005,0.000,32.38,46.0,1,1
65366888,213.632,213.632,0.0000,0.0832,0.0000,-0.0005,0.000,32.38,46.0,1,1
65367867,213.632,213.632,0.0000,0.0862,0.0000,-0.0005,0.000,32.38,46.0,1,1
65369193,213.632,213.632,0.0000,-0.0542,0.0000,-0.0005,0.000,32.38,46.0,1,1
65369863,213.632,213.632,0.0000,0.0130,0.0000,-0.0005,0.000,32.38,46.0,1,1
65370866,213.632,213.632,0.0000,-0.1823,0.0000,-0.0005,0.000,32.38,46.0,1,1
65372190,213.632,213.632,0.0000,0.0572,0.0000,-0.0005,0.000,32.38,46.0,1,1
65372869,213.632,213.632,0.0000,-0.0908,0.0000,-0.0005,0.000,32.38,46.0,1,1
65373868,213.632,213.632,0.0000,0.0313,0.0000,-0.0005,0.000,32.38,46.0,1,1
65374866,213.632,213.632,0.0000,-0.0313,0.0000,-0.0005,0.000,32.38,46.0,1,1
65375868,213.632,213.632,0.0000,0.0160,0.0000,-0.0005,0.000,32.38,46.0,1,1
65377193,213.632,213.632,0.0000,-0.0237,0.0000,-0.0005,0.000,32.38,46.0,1,1
65377869,213.632,213.632,0.0000,-0.1625,0.0000,-0.0005,0.000,32.38,46.0,1,1
65378866,213.632,213.632,0.0000,0.0069,0.0000,-0.0005,0.000,32.38,46.0,1,1
65379866,213.632,213.632,0.0000,-0.0862,0.0000,-0.0005,0.000,32.38,46.0,1,1
65380868,213.632,213.632,0.0000,-0.0038,0.0000,-0.0005,0.000,32.38,46.0,1,1
65382192,213.632,213.632,0.0000,0.0099,0.0000,-0.0005,0.000,32.38,46.0,1,1
65382861,213.632,213.632,0.0000,0.0252,0.0000,-0.0005,0.000,32.38,46.0,1,1
65383866,213.632,213.632,0.0000,0.0725,0.0000,-0.0005,0.000,32.38,46.0,1,1
65385187,213.632,213.632,0.0000,-0.1335,0.0000,-0.0005,0.000,32.38,46.0,1,1
65385545,213.632,213.632,0.0000,0.0053,0.0000,-0.0005,0.000,32.38,46.0,1,1
65386863,213.632,213.632,0.0000,0.0633,0.0000,-0.0005,0.000,32.38,46.0,1,1
65387542,213.632,213.632,0.0000,-0.0328,0.0000,-0.0005,0.000,32.38,46.0,1,1
65388891,213.632,213.632,0.0000,0.0771,0.0000,-0.0005,0.000,32.38,46.0,1,1
65389867,213.632,213.632,0.0000,0.0084,0.0000,-0.0005,0.000,32.38,46.0,1,1
65390865,213.632,213.632,0.0000,-0.1167,0.0000,-0.0005,0.000,32.38,46.0,1,1
65392138,213.632,213.632,0.0000,-0.0404,0.0000,-0.0005,0.000,32.38,46.0,1,1
65392851,213.632,213.632,0.0000,0.0023,0.0000,-0.0005,0.000,32.38,46.0,1,1
65393856,213.632,213.632,0.0000,0.0359,0.0000,-0.0005,0.000,32.38,46.0,1,1
65394911,213.632,213.632,0.0000,-0.0465,0.0000,-0.0005,0.000,32.38,46.0,1,1
65395855,213.632,213.632,0.0000,0.1076,0.0000,-0.0005,0.000,32.38,46.0,1,1
65397184,213.632,213.632,0.0000,-0.0801,0.0000,-0.0005,0.000,32.38,46.0,1,1
65397853,213.632,213.632,0.0000,-0.0160,0.0000,-0.0005,0.000,32.38,46.0,1,1
65398885,213.632,213.632,0.0000,-0.0465,0.0000,-0.0005,0.000,32.38,46.0,1,1
65399855,213.632,213.632,0.0000,-0.0374,0.0000,-0.0005,0.000,32.38,46.0,1,1
65400859,213.632,213.632,0.0000,-0.0084,0.0000,-0.0005,0.000,32.38,46.0,1,1
65402182,213.632,213.632,0.0000,-0.0328,0.0000,-0.0005,0.000,32.38,46.0,1,1
65402726,213.632,213.632,0.0000,-0.0282,0.0000,-0.0005,0.000,32.38,46.0,1,1
65403874,213.632,213.632,0.0000,0.0359,0.0000,-0.0005,0.000,32.38,46.0,1,1
65405174,213.632,213.632,0.0000,0.0008,0.0000,-0.0005,0.000,32.38,46.0,1,1
65405552,213.632,213.632,0.0000,0.0389,0.0000,-0.0005,0.000,32.38,46.0,1,1
65406867,213.632,213.632,0.0000,0.0160,0.0000,-0.0005,0.000,32.38,46.0,1,1
65407590,213.632,213.632,0.0000,-0.0008,0.0000,-0.0005,0.000,32.38,46.0,1,1
65408875,213.632,213.632,0.0000,0.0099,0.0000,-0.0005,0.000,32.38,46.0,1,1
65409650,213.632,213.632,0.0000,0.0648,0.0000,-0.0005,0.000,32.38,46.0,1,1
65410550,213.632,213.632,0.0000,-0.0847,0.0000,-0.0005,0.000,32.38,46.0,1,1
65411866,213.632,213.632,0.0000,0.0435,0.0000,-0.0005,0.000,32.38,46.0,1,1
65412605,213.632,213.632,0.0000,0.0221,0.0000,-0.0005,0.000,32.38,46.0,1,1
65413574,213.632,213.632,0.0000,0.0816,0.0000,-0.0005,0.000,32.38,46.0,1,1
65414568,213.632,213.632,0.0000,-0.0526,0.0000,-0.0005,0.000,32.38,46.0,1,1
65415568,213.632,213.632,0.0000,-0.0069,0.0000,-0.0005,0.000,32.38,46.0,1,1
65416887,213.632,213.632,0.0000,-0.0389,0.0000,-0.0005,0.000,32.38,46.0,1,1
65417869,213.632,213.632,0.0000,0.0252,0.0000,-0.0005,0.000,32.38,46.0,1,1
65418866,213.632,213.610,0.0000,-0.1289,0.0000,-0.0005,0.000,32.38,46.0,1,1
65419866,213.610,213.632,0.0000,0.1106,0.0000,-0.0005,0.000,32.38,46.0,1,1
65420866,213.632,213.632,0.0000,0.0221,0.0000,-0.0005,0.000,32.38,46.0,1,1
65422191,213.632,213.632,0.0000,-0.0938,0.0000,-0.0005,0.000,32.38,46.0,1,1
65422860,213.632,213.632,0.0000,-0.0603,0.0000,-0.0005,0.000,32.38,46.0,1,1
65423868,213.632,213.632,0.0000,0.0374,0.0000,-0.0005,0.000,32.38,46.0,1,1
65425187,213.632,213.632,0.0000,0.0771,0.0000,-0.0005,0.000,32.38,46.0,1,1
65425569,213.632,213.632,0.0000,-0.0282,0.0000,-0.0005,0.000,32.38,46.0,1,1
65426886,213.632,213.632,0.0000,0.0496,0.0000,-0.0005,0.000,32.38,46.0,1,1
65427870,213.632,213.632,0.0000,0.0359,0.0000,-0.0005,0.000,32.38,46.0,1,1
65429192,213.632,213.632,0.0000,-0.0465,0.0000,-0.0005,0.000,32.38,46.0,1,1
65429869,213.632,213.632,0.0000,0.1076,0.0000,-0.0005,0.000,32.38,46.0,1,1
65430870,213.632,213.632,0.0000,-0.0465,0.0000,-0.0005,0.000,32.38,46.0,1,1
65432184,213.632,213.632,0.0000,0.0832,0.0000,-0.0005,0.000,32.38,46.0,1,1
65432848,213.632,213.610,0.0000,-0.2235,0.0000,-0.0005,0.000,32.38,46.0,1,1
65433851,213.610,213.632,0.0000,0.1076,0.0000,-0.0005,0.000,32.38,46.0,1,1
65434866,213.632,213.632,0.0000,0.0771,0.0000,-0.0005,0.000,32.38,46.0,1,1
65435862,213.632,213.632,0.0000,0.0404,0.0000,-0.0005,0.000,32.38,46.0,1,1
65437189,213.632,213.632,0.0000,-0.0557,0.0000,-0.0005,0.000,32.38,46.0,1,1
65437868,213.632,213.632,0.0000,-0.0633,0.0000,-0.0005,0.000,32.38,46.0,1,1
65438863,213.632,213.632,0.0000,-0.0572,0.0000,-0.0005,0.000,32.38,46.0,1,1
65439870,213.632,213.632,0.0000,-0.0465,0.0000,-0.0005,0.000,32.38,46.0,1,1
65440854,213.632,213.632,0.0000,-0.0008,0.0000,-0.0005,0.000,32.38,46.0,1,1
65442218,213.632,213.632,0.0000,0.0603,0.0000,-0.0005,0.000,32.38,46.0,1,1
65442852,213.632,213.632,0.0000,-0.0618,0.0000,-0.0005,0.000,32.38,46.0,1,1
65443858,213.632,213.632,0.0000,0.0893,0.0000,-0.0005,0.000,32.38,46.0,1,1
65445172,213.632,213.632,0.0000,0.0359,0.0000,-0.0005,0.000,32.38,46.0,1,1
65445429,213.632,213.632,0.0000,-0.0923,0.0000,-0.0005,0.000,32.38,46.0,1,1
65446894,213.632,213.632,0.0000,0.0328,0.0000,-0.0005,0.000,32.38,46.0,1,1
65447850,213.632,213.632,0.0000,-0.0175,0.0000,-0.0005,0.000,32.38,46.0,1,1
65449179,213.632,213.632,0.0000,0.1213,0.0000,-0.0005,0.000,32.38,46.0,1,1
65449849,213.632,213.632,0.0000,-0.0557,0.0000,-0.0005,0.000,32.38,46.0,1,1
65450880,213.632,213.632,0.0000,-0.0511,0.0000,-0.0005,0.000,32.38,46.0,1,1
65452184,213.632,213.632,0.0000,0.0206,0.0000,-0.0005,0.000,32.38,46.0,1,1
65452853,213.632,213.632,0.0000,0.0023,0.0000,-0.0005,0.000,32.38,46.0,1,1
65453856,213.632,213.632,0.0000,0.0801,0.0000,-0.0005,0.000,32.38,46.0,1,1
65454881,213.632,213.632,0.0000,-0.0877,0.0000,-0.0005,0.000,32.38,46.0,1,1
65455855,213.632,213.632,0.0000,-0.0252,0.0000,-0.0005,0.000,32.38,46.0,1,1
65457190,213.632,213.632,0.0000,0.0481,0.0000,-0.0005,0.000,32.38,46.0,1,1
65457850,213.632,213.632,0.0000,-0.0221,0.0000,-0.0005,0.000,32.38,46.0,1,1
65458953,213.632,213.632,0.0000,0.1320,0.0000,-0.0005,0.000,32.38,46.0,1,1
65459925,213.632,213.632,0.0000,-0.0237,0.0000,-0.0005,0.000,32.38,46.0,1,1
65460854,213.632,213.632,0.0000,0.0282,0.0000,-0.0005,0.000,32.38,46.0,1,1
65462180,213.632,213.632,0.0000,-0.0435,0.0000,-0.0005,0.000,32.38,46.0,1,1
65462851,213.632,213.632,0.0000,-0.1076,0.0000,-0.0005,0.000,32.38,46.0,1,1
65463927,213.632,213.632,0.0000,-0.0267,0.0000,-0.0005,0.000,32.38,46.0,1,1
65465189,213.632,213.632,0.0000,0.0175,0.0000,-0.0005,0.000,32.38,46.0,1,1
65465569,213.632,213.632,0.0000,0.0175,0.0000,-0.0005,0.000,32.38,46.0,1,1
65466886,213.632,213.632,0.0000,-0.0542,0.0000,-0.0005,0.000,32.38,46.0,1,1
65467870,213.632,213.632,0.0000,-0.0114,0.0000,-0.0005,0.000,32.38,46.0,1,1
65469192,213.632,213.632,0.0000,-0.1564,0.0000,-0.0005,0.000,32.38,46.0,1,1
65469869,213.632,213.632,0.0000,0.0923,0.0000,-0.0005,0.000,32.38,46.0,1,1
65470866,213.632,213.632,0.0000,0.1183,0.0000,-0.0005,0.000,32.38,46.0,1,1
65472191,213.632,213.632,0.0000,0.0542,0.0000,-0.0005,0.000,32.38,46.0,1,1
65472869,213.632,213.632,0.0000,-0.1045,0.0000,-0.0005,0.000,32.38,46.0,1,1
65473865,213.632,213.632,0.0000,0.0954,0.0000,-0.0005,0.000,32.38,46.0,1,1
65474866,213.632,213.632,0.0000,0.0343,0.0000,-0.0005,0.000,32.38,46.0,1,1
65475869,213.632,213.632,0.0000,-0.0328,0.0000,-0.0005,0.000,32.38,46.0,1,1
65477193,213.632,213.632,0.0000,0.0191,0.0000,-0.0005,0.000,32.38,46.0,1,1
65477869,213.632,213.632,0.0000,-0.0618,0.0000,-0.0005,0.000,32.38,46.0,1,1
65478865,213.632,213.632,0.0000,0.0435,0.0000,-0.0005,0.000,32.38,46.0,1,1
65479865,213.632,213.632,0.0000,0.0542,0.0000,-0.0005,0.000,32.38,46.0,1,1
65480865,213.632,213.632,0.0000,-0.0374,0.0000,-0.0005,0.000,32.38,46.0,1,1
65482194,213.632,213.632,0.0000,-0.0328,0.0000,-0.0005,0.000,32.38,46.0,1,1
65482872,213.632,213.632,0.0000,-0.0206,0.0000,-0.0005,0.000,32.38,46.0,1,1
65483868,213.632,213.632,0.0000,0.0237,0.0000,-0.0005,0.000,32.38,46.0,1,1
65485184,213.632,213.632,0.0000,0.0069,0.0000,-0.0005,0.000,32.38,46.0,1,1
65485570,213.632,213.632,0.0000,-0.0282,0.0000,-0.0005,0.000,32.38,46.0,1,1
65486864,213.632,213.632,0.0000,0.0267,0.0000,-0.0005,0.000,32.38,46.0,1,1
65487544,213.632,213.632,0.0000,-0.0710,0.0000,-0.0005,0.000,32.38,46.0,1,1
65488891,213.632,213.632,0.0000,0.0053,0.0000,-0.0005,0.000,32.38,46.0,1,1
65489868,213.632,213.632,0.0000,0.0374,0.0000,-0.0005,0.000,32.38,46.0,1,1
65490863,213.632,213.632,0.0000,0.0282,0.0000,-0.0005,0.000,32.38,46.0,1,1
65492189,213.632,213.632,0.0000,0.0038,0.0000,-0.0005,0.000,32.38,46.0,1,1
65492863,213.632,213.632,0.0000,0.0145,0.0000,-0.0005,0.000,32.38,46.0,1,1
65493853,213.632,213.632,0.0000,0.0389,0.0000,-0.0005,0.000,32.38,46.0,1,1
65494851,213.632,213.632,0.0000,0.0099,0.0000,-0.0005,0.000,32.38,46.0,1,1
65495910,213.632,213.632,0.0000,0.1137,0.0000,-0.0005,0.000,32.38,46.0,1,1
65497181,213.632,213.632,0.0000,-0.0740,0.0000,-0.0005,0.000,32.38,46.0,1,1
65497853,213.632,213.632,0.0000,0.0404,0.0000,-0.0005,0.000,32.38,46.0,1,1
65498851,213.632,213.632,0.0000,0.0175,0.0000,-0.0005,0.000,32.38,46.0,1,1
65499889,213.632,213.632,0.0000,-0.0481,0.0000,-0.0005,0.000,32.38,46.0,1,1
65500850,213.632,213.632,0.0000,0.0511,0.0000,-0.0005,0.000,32.38,46.0,1,1
65502188,213.632,213.632,0.0000,-0.0313,0.0000,-0.0005,0.000,32.38,46.0,1,1
65502848,213.632,213.632,0.0000,-0.0755,0.0000,-0.0005,0.000,32.38,46.0,1,1
65503888,213.632,213.632,0.0000,0.0221,0.0000,-0.0005,0.000,32.38,46.0,1,1
65505169,213.632,213.610,0.0000,-0.0862,0.0000,-0.0005,0.000,32.38,46.0,1,1
65505552,213.610,213.632,0.0000,-0.0954,0.0000,-0.0005,0.000,32.38,46.0,1,1
65506869,213.632,213.632,0.0000,0.1106,0.0000,-0.0005,0.000,32.38,46.0,1,1
65507590,213.632,213.632,0.0000,0.0267,0.0000,-0.0005,0.000,32.38,46.0,1,1
65508874,213.632,213.632,0.0000,-0.0343,0.0000,-0.0005,0.000,32.38,46.0,1,1
65509655,213.632,213.632,0.0000,0.0801,0.0000,-0.0005,0.000,32.38,46.0,1,1
65510550,213.632,213.632,0.0000,-0.0221,0.0000,-0.0005,0.000,32.38,46.0,1,1
65511867,213.632,213.632,0.0000,-0.1488,0.0000,-0.0005,0.000,32.38,46.0,1,1
65512605,213.632,213.632,0.0000,-0.0053,0.0000,-0.0005,0.000,32.38,46.0,1,1
65513573,213.632,213.632,0.0000,-0.0526,0.0000,-0.0005,0.000,32.38,46.0,1,1
65514568,213.632,213.632,0.0000,0.0557,0.0000,-0.0005,0.000,32.38,46.0,1,1
65515569,213.632,213.632,0.0000,0.0191,0.0000,-0.0005,0.000,32.38,46.0,1,1
65516885,213.632,213.632,0.0000,-0.0237,0.0000,-0.0005,0.000,32.38,46.0,1,1
65517867,213.632,213.632,0.0000,-0.0908,0.0000,-0.0005,0.000,32.38,46.0,1,1
65518866,213.632,213.632,0.0000,0.0923,0.0000,-0.0005,0.000,32.38,46.0,1,1
65519866,213.632,213.610,0.0000,-0.0603,0.0000,-0.0005,0.000,32.38,46.0,1,1
65520866,213.610,213.632,0.0000,0.0954,0.0000,-0.0005,0.000,32.38,46.0,1,1
65522193,213.632,213.632,0.0000,0.0267,0.0000,-0.0005,0.000,32.38,46.0,1,1
65522859,213.632,213.632,0.0000,-0.0771,0.0000,-0.0005,0.000,32.38,46.0,1,1
65523866,213.632,213.632,0.0000,-0.0710,0.0000,-0.0005,0.000,32.38,46.0,1,1
65525188,213.632,213.610,0.0000,0.0206,0.0000,-0.0005,0.000,32.38,46.0,1,1
65525569,213.610,213.632,0.0000,0.0298,0.0000,-0.0005,0.000,32.38,46.0,1,1
65526885,213.632,213.632,0.0000,0.0969,0.0000,-0.0005,0.000,32.38,46.0,1,1
65527868,213.632,213.632,0.0000,-0.1549,0.0000,-0.0005,0.000,32.38,46.0,1,1
65529191,213.632,213.632,0.0000,0.0771,0.0000,-0.0005,0.000,32.38,46.0,1,1
65529869,213.632,213.632,0.0000,-0.0252,0.0000,-0.0005,0.000,32.38,46.0,1,1
65530872,213.632,213.632,0.0000,0.0252,0.0000,-0.0005,0.000,32.38,46.0,1,1
65532176,213.632,213.610,0.0000,-0.1228,0.0000,-0.0005,0.000,32.38,46.0,1,1
65532846,213.610,213.632,0.0000,-0.0053,0.0000,-0.0005,0.000,32.38,46.0,1,1
65533848,213.632,213.632,0.0000,-0.1137,0.0000,-0.0005,0.000,32.38,46.0,1,1
65534866,213.632,213.632,0.0000,0.0694,0.0000,-0.0005,0.000,32.38,46.0,1,1
65535864,213.632,213.632,0.0000,-0.0557,0.0000,-0.0005,0.000,32.38,46.0,1,1
65537190,213.632,213.632,0.0000,-0.0145,0.0000,-0.0005,0.000,32.38,46.0,1,1
65537866,213.632,213.632,0.0000,0.1152,0.0000,-0.0005,0.000,32.38,46.0,1,1
65538863,213.632,213.632,0.0000,-0.0801,0.0000,-0.0005,0.000,32.38,46.0,1,1
65539871,213.632,213.632,0.0000,-0.0069,0.0000,-0.0005,0.000,32.38,46.0,1,1
65540851,213.632,213.632,0.0000,0.1228,0.0000,-0.0005,0.000,32.38,46.0,1,1
65542219,213.632,213.632,0.0000,-0.0832,0.0000,-0.0005,0.000,32.34,46.0,1,1
65542847,213.632,213.632,0.0000,-0.0313,0.0000,-0.0005,0.000,32.34,46.0,1,1
65543854,213.632,213.632,0.0000,0.0587,0.0000,-0.0005,0.000,32.34,46.0,1,1
65545168,213.632,213.632,0.0000,0.0023,0.0000,-0.0005,0.000,32.34,46.0,1,1
65545428,213.632,213.632,0.0000,-0.0237,0.0000,-0.0005,0.000,32.34,46.0,1,1
65546895,213.632,213.632,0.0000,0.0389,0.0000,-0.0005,0.000,32.34,46.0,1,1
65547847,213.632,213.632,0.0000,0.0328,0.0000,-0.0005,0.000,32.34,46.0,1,1
65549177,213.632,213.632,0.0000,-0.1228,0.0000,-0.0005,0.000,32.34,46.0,1,1
65549849,213.632,213.632,0.0000,0.0481,0.0000,-0.0005,0.000,32.34,46.0,1,1
65550884,213.632,213.632,0.0000,0.0694,0.0000,-0.0005,0.000,32.34,46.0,1,1
65552181,213.632,213.632,0.0000,0.0191,0.0000,-0.0005,0.000,32.34,46.0,1,1
65552850,213.632,213.632,0.0000,0.1411,0.0000,-0.0005,0.000,32.34,46.0,1,1
65553849,213.632,213.632,0.0000,-0.0252,0.0000,-0.0005,0.000,32.34,46.0,1,1
65554886,213.632,213.632,0.0000,0.1228,0.0000,-0.0005,0.000,32.34,46.0,1,1
65555850,213.632,213.632,0.0000,-0.0847,0.0000,-0.0005,0.000,32.34,46.0,1,1
65557181,213.632,213.610,0.0000,-0.1137,0.0000,-0.0005,0.000,32.34,46.0,1,1
65557846,213.610,213.632,0.0000,0.0816,0.0000,-0.0005,0.000,32.34,46.0,1,1
65558951,213.632,213.632,0.0000,-0.0328,0.0000,-0.0005,0.000,32.34,46.0,1,1
65559849,213.632,213.632,0.0000,-0.0191,0.0000,-0.0005,0.000,32.34,46.0,1,1
65560849,213.632,213.632,0.0000,0.0618,0.0000,-0.0005,0.000,32.34,46.0,1,1
65562177,213.632,213.632,0.0000,0.0267,0.0000,-0.0005,0.000,32.34,46.0,1,1
65562846,213.632,213.632,0.0000,-0.0450,0.0000,-0.0005,0.000,32.34,46.0,1,1
65563924,213.632,213.632,0.0000,0.0130,0.0000,-0.0005,0.000,32.34,46.0,1,1
65565185,213.632,213.632,0.0000,0.0938,0.0000,-0.0005,0.000,32.34,46.0,1,1
65565569,213.632,213.632,0.0000,0.0511,0.0000,-0.0005,0.000,32.34,46.0,1,1
65566956,213.632,213.632,0.0000,-0.0053,0.0000,-0.0005,0.000,32.34,46.0,1,1
65567871,213.632,213.632,0.0000,-0.0053,0.0000,-0.0005,0.000,32.34,46.0,1,1
65569190,213.632,213.632,0.0000,-0.0801,0.0000,-0.0005,0.000,32.34,46.0,1,1
65569873,213.632,213.632,0.0000,0.0130,0.0000,-0.0005,0.000,32.34,46.0,1,1
65570865,213.632,213.632,0.0000,0.0435,0.0000,-0.0005,0.000,32.34,46.0,1,1
65572191,213.632,213.632,0.0000,-0.0038,0.0000,-0.0005,0.000,32.34,46.0,1,1
65572918,213.632,213.632,0.0000,0.1030,0.0000,-0.0005,0.000,32.34,46.0,1,1
65573866,213.632,213.632,0.0000,-0.0221,0.0000,-0.0005,0.000,32.34,46.0,1,1
65574865,213.632,213.610,0.0000,-0.1076,0.0000,-0.0005,0.000,32.34,46.0,1,1
65575865,213.610,213.632,0.0000,-0.0206,0.0000,-0.0005,0.000,32.34,46.0,1,1
65577191,213.632,213.632,0.0000,-0.1030,0.0000,-0.0005,0.000,32.34,46.0,1,1
65577860,213.632,213.632,0.0000,0.0618,0.0000,-0.0005,0.000,32.34,46.0,1,1
65578865,213.632,213.632,0.0000,0.0710,0.0000,-0.0005,0.000,32.34,46.0,1,1
65579865,213.632,213.632,0.0000,0.0526,0.0000,-0.0005,0.000,32.34,46.0,1,1
65580935,213.632,213.632,0.0000,0.0053,0.0000,-0.0005,0.000,32.34,46.0,1,1
65582195,213.632,213.632,0.0000,0.0191,0.0000,-0.0005,0.000,32.34,46.0,1,1
65582848,213.632,213.632,0.0000,0.0404,0.0000,-0.0005,0.000,32.34,46.0,1,1
65583848,213.632,213.632,0.0000,-0.0191,0.0000,-0.0005,0.000,32.34,46.0,1,1
65585173,213.632,213.632,0.0000,0.1534,0.0000,-0.0005,0.000,32.34,46.0,1,1
65585594,213.632,213.632,0.0000,-0.0252,0.0000,-0.0005,0.000,32.34,46.0,1,1
65586881,213.632,213.632,0.0000,-0.1015,0.0000,-0.0005,0.000,32.34,46.0,1,1
65587866,213.632,213.632,0.0000,0.0175,0.0000,-0.0005,0.000,32.34,46.0,1,1
65589185,213.632,213.632,0.0000,0.0420,0.0000,-0.0005,0.000,32.34,46.0,1,1
65589868,213.632,213.632,0.0000,-0.0542,0.0000,-0.0005,0.000,32.34,46.0,1,1
65590863,213.632,213.632,0.0000,-0.0084,0.0000,-0.0005,0.000,32.34,46.0,1,1
65592188,213.632,213.632,0.0000,-0.0343,0.0000,-0.0005,0.000,32.34,46.0,1,1
65592859,213.632,213.632,0.0000,0.0206,0.0000,-0.0005,0.000,32.34,46.0,1,1
65593863,213.632,213.632,0.0000,-0.0191,0.0000,-0.0005,0.000,32.34,46.0,1,1
65594863,213.632,213.632,0.0000,-0.0252,0.0000,-0.0005,0.000,32.34,46.0,1,1
65595863,213.632,213.632,0.0000,0.1213,0.0000,-0.0005,0.000,32.34,46.0,1,1
65597189,213.632,213.632,0.0000,-0.0801,0.0000,-0.0005,0.000,32.34,46.0,1,1
65597866,213.632,213.632,0.0000,-0.0816,0.0000,-0.0005,0.000,32.34,46.0,1,1
65598864,213.632,213.632,0.0000,0.0954,0.0000,-0.0005,0.000,32.34,46.0,1,1
65599865,213.632,213.632,0.0000,-0.0053,0.0000,-0.0005,0.000,32.34,46.0,1,1
65600863,213.632,213.632,0.0000,-0.0023,0.0000,-0.0005,0.000,32.34,46.0,1,1
65602191,213.632,213.632,0.0000,0.0893,0.0000,-0.0005,0.000,32.34,46.0,1,1
65602869,213.632,213.632,0.0000,-0.1305,0.0000,-0.0005,0.000,32.34,46.0,1,1
65603865,213.632,213.632,0.0000,0.1228,0.0000,-0.0005,0.000,32.34,46.0,1,1
65605184,213.632,213.632,0.0000,0.0404,0.0000,-0.0005,0.000,32.34,46.0,1,1
65605566,213.632,213.632,0.0000,0.0175,0.0000,-0.0005,0.000,32.34,46.0,1,1
65606878,213.632,213.632,0.0000,0.0206,0.0000,-0.0005,0.000,32.34,46.0,1,1
65607847,213.632,213.632,0.0000,-0.0069,0.0000,-0.0005,0.000,32.34,46.0,1,1
65609169,213.632,213.632,0.0000,0.0175,0.0000,-0.0005,0.000,32.34,46.0,1,1
65609855,213.632,213.632,0.0000,-0.0496,0.0000,-0.0005,0.000,32.34,46.0,1,1
65610865,213.632,213.632,0.0000,0.0328,0.0000,-0.0005,0.000,32.34,46.0,1,1
65612187,213.632,213.632,0.0000,0.0389,0.0000,-0.0005,0.000,32.34,46.0,1,1
65612866,213.632,213.632,0.0000,-0.0023,0.0000,-0.0005,0.000,32.34,46.0,1,1
65613860,213.632,213.632,0.0000,-0.1091,0.0000,-0.0005,0.000,32.34,46.0,1,1
65614868,213.632,213.632,0.0000,-0.0221,0.0000,-0.0005,0.000,32.34,46.0,1,1
65615847,213.632,213.632,0.0000,0.0908,0.0000,-0.0005,0.000,32.34,46.0,1,1
65617272,213.632,213.632,0.0000,-0.0359,0.0000,-0.0005,0.000,32.38,46.0,1,1
65617919,213.632,213.632,0.0000,0.0893,0.0000,-0.0005,0.000,32.38,46.0,1,1
65618869,213.632,213.632,0.0000,0.0542,0.0000,-0.0005,0.000,32.38,46.0,1,1
65619848,213.632,213.632,0.0000,-0.0389,0.0000,-0.0005,0.000,32.38,46.0,1,1
65620847,213.632,213.632,0.0000,0.0435,0.0000,-0.0005,0.000,32.38,46.0,1,1
65622247,213.632,213.632,0.0000,-0.0664,0.0000,-0.0005,0.000,32.38,46.0,1,1
65622869,213.632,213.632,0.0000,0.0496,0.0000,-0.0005,0.000,32.38,46.0,1,1
65623865,213.632,213.632,0.0000,-0.0053,0.0000,-0.0005,0.000,32.38,46.0,1,1
65625190,213.632,213.632,0.0000,-0.0954,0.0000,-0.0005,0.000,32.38,46.0,1,1
65625569,213.632,213.632,0.0000,-0.0175,0.0000,-0.0005,0.000,32.38,46.0,1,1
65626889,213.632,213.632,0.0000,0.0374,0.0000,-0.0005,0.000,32.38,46.0,1,1
65627867,213.632,213.632,0.0000,-0.0801,0.0000,-0.0005,0.000,32.38,46.0,1,1
65629191,213.632,213.632,0.0000,-0.1976,0.0000,-0.0005,0.000,32.38,46.0,1,1
65629868,213.632,213.632,0.0000,0.1259,0.0000,-0.0005,0.000,32.38,46.0,1,1
65630868,213.632,213.632,0.0000,0.0145,0.0000,-0.0005,0.000,32.38,46.0,1,1
65632199,213.632,213.632,0.0000,-0.0587,0.0000,-0.0005,0.000,32.38,46.0,1,1
65632860,213.632,213.632,0.0000,-0.0099,0.0000,-0.0005,0.000,32.38,46.0,1,1
65633866,213.632,213.632,0.0000,-0.0298,0.0000,-0.0005,0.000,32.38,46.0,1,1
65634866,213.632,213.610,0.0000,0.0069,0.0000,-0.0005,0.000,32.38,46.0,1,1
65635866,213.610,213.632,0.0000,-0.0221,0.0000,-0.0005,0.000,32.38,46.0,1,1
65637191,213.632,213.632,0.0000,-0.0664,0.0000,-0.0005,0.000,32.38,46.0,1,1
65637868,213.632,213.632,0.0000,0.0175,0.0000,-0.0005,0.000,32.38,46.0,1,1
65638866,213.632,213.632,0.0000,-0.1274,0.0000,-0.0005,0.000,32.38,46.0,1,1
65639865,213.632,213.632,0.0000,0.1564,0.0000,-0.0005,0.000,32.38,46.0,1,1
65640865,213.632,213.632,0.0000,-0.0587,0.0000,-0.0005,0.000,32.38,46.0,1,1
65642193,213.632,213.632,0.0000,0.0343,0.0000,-0.0005,0.000,32.38,46.0,1,1
65642870,213.632,213.632,0.0000,0.0252,0.0000,-0.0005,0.000,32.38,46.0,1,1
65643862,213.632,213.632,0.0000,-0.0206,0.0000,-0.0005,0.000,32.38,46.0,1,1
65645155,213.632,213.632,0.0000,-0.0099,0.0000,-0.0005,0.000,32.38,46.0,1,1
65645544,213.632,213.632,0.0000,-0.1305,0.0000,-0.0005,0.000,32.38,46.0,1,1
65646883,213.632,213.632,0.0000,0.1244,0.0000,-0.0005,0.000,32.38,46.0,1,1
65647863,213.632,213.632,0.0000,0.0679,0.0000,-0.0005,0.000,32.38,46.0,1,1
65649188,213.632,213.632,0.0000,-0.0053,0.0000,-0.0005,0.000,32.38,46.0,1,1
65649869,213.632,213.632,0.0000,0.0099,0.0000,-0.0005,0.000,32.38,46.0,1,1
65650864,213.632,213.632,0.0000,0.1106,0.0000,-0.0005,0.000,32.38,46.0,1,1
65652201,213.632,213.632,0.0000,0.0237,0.0000,-0.0005,0.000,32.38,46.0,1,1
65652847,213.632,213.632,0.0000,0.0938,0.0000,-0.0005,0.000,32.38,46.0,1,1
65653905,213.632,213.632,0.0000,-0.0465,0.0000,-0.0005,0.000,32.38,46.0,1,1
65654845,213.632,213.632,0.0000,-0.0557,0.0000,-0.0005,0.000,32.38,46.0,1,1
65655852,213.632,213.632,0.0000,0.0191,0.0000,-0.0005,0.000,32.38,46.0,1,1
65657174,213.632,213.632,0.0000,0.0450,0.0000,-0.0005,0.000,32.38,46.0,1,1
65657724,213.632,213.632,0.0000,0.1625,0.0000,-0.0005,0.000,32.38,46.0,1,1
65658875,213.632,213.632,0.0000,-0.0725,0.0000,-0.0005,0.000,32.38,46.0,1,1
65659845,213.632,213.632,0.0000,-0.0572,0.0000,-0.0005,0.000,32.38,46.0,1,1
65660849,213.632,213.632,0.0000,0.1259,0.0000,-0.0005,0.000,32.38,46.0,1,1
65662176,213.632,213.632,0.0000,0.0359,0.0000,-0.0005,0.000,32.38,46.0,1,1
65662729,213.632,213.632,0.0000,-0.0023,0.0000,-0.0005,0.000,32.38,46.0,1,1
65663874,213.632,213.632,0.0000,-0.0069,0.0000,-0.0005,0.000,32.38,46.0,1,1
65665165,213.632,213.632,0.0000,0.0267,0.0000,-0.0005,0.000,32.38,46.0,1,1
65665552,213.632,213.632,0.0000,-0.0694,0.0000,-0.0005,0.000,32.38,46.0,1,1
65666870,213.632,213.632,0.0000,0.0023,0.0000,-0.0005,0.000,32.38,46.0,1,1
65667937,213.632,213.632,0.0000,0.0237,0.0000,-0.0005,0.000,32.38,46.0,1,1
65669173,213.632,213.632,0.0000,-0.1350,0.0000,-0.0005,0.000,32.38,46.0,1,1
65669840,213.632,213.632,0.0000,-0.0603,0.0000,-0.0005,0.000,32.38,46.0,1,1
65670842,213.632,213.632,0.0000,0.0710,0.0000,-0.0005,0.000,32.38,46.0,1,1
65672158,213.632,213.632,0.0000,0.0374,0.0000,-0.0005,0.000,32.34,46.0,1,1
65672843,213.632,213.632,0.0000,0.0389,0.0000,-0.0005,0.000,32.34,46.0,1,1
65673915,213.632,213.632,0.0000,-0.0084,0.0000,-0.0005,0.000,32.34,46.0,1,1
65674867,213.632,213.632,0.0000,-0.0435,0.0000,-0.0005,0.000,32.34,46.0,1,1
65675938,213.632,213.632,0.0000,0.0145,0.0000,-0.0005,0.000,32.34,46.0,1,1
65677192,213.632,213.632,0.0000,-0.0221,0.0000,-0.0005,0.000,32.34,46.0,1,1
65677869,213.632,213.632,0.0000,0.0298,0.0000,-0.0005,0.000,32.34,46.0,1,1
65678867,213.632,213.632,0.0000,0.0404,0.0000,-0.0005,0.000,32.34,46.0,1,1
65679865,213.632,213.632,0.0000,-0.0893,0.0000,-0.0005,0.000,32.34,46.0,1,1
65680865,213.632,213.632,0.0000,-0.1427,0.0000,-0.0005,0.000,32.34,46.0,1,1
65682229,213.632,213.632,0.0000,0.0511,0.0000,-0.0005,0.000,32.38,46.0,1,1
65682870,213.632,213.632,0.0000,-0.0572,0.0000,-0.0005,0.000,32.38,46.0,1,1
65683864,213.632,213.632,0.0000,-0.0313,0.0000,-0.0005,0.000,32.38,46.0,1,1
65685183,213.632,213.632,0.0000,0.0038,0.0000,-0.0005,0.000,32.38,46.0,1,1
65685566,213.632,213.632,0.0000,-0.0130,0.0000,-0.0005,0.000,32.38,46.0,1,1
65686884,213.632,213.632,0.0000,-0.0526,0.0000,-0.0005,0.000,32.38,46.0,1,1
65687868,213.632,213.632,0.0000,-0.1488,0.0000,-0.0005,0.000,32.38,46.0,1,1
65689187,213.632,213.632,0.0000,-0.0145,0.0000,-0.0005,0.000,32.38,46.0,1,1
65689916,213.632,213.632,0.0000,0.0557,0.0000,-0.0005,0.000,32.38,46.0,1,1
65690924,213.632,213.632,0.0000,0.0328,0.0000,-0.0005,0.000,32.38,46.0,1,1
65692176,213.632,213.632,0.0000,0.0786,0.0000,-0.0005,0.000,32.38,46.0,1,1
65692844,213.632,213.632,0.0000,-0.0099,0.0000,-0.0005,0.000,32.38,46.0,1,1
65693845,213.632,213.632,0.0000,0.0786,0.0000,-0.0005,0.000,32.38,46.0,1,1
65694915,213.632,213.632,0.0000,0.0160,0.0000,-0.0005,0.000,32.38,46.0,1,1
65695866,213.632,213.632,0.0000,0.1427,0.0000,-0.0005,0.000,32.38,46.0,1,1
65697189,213.632,213.610,0.0000,-0.1869,0.0000,-0.0005,0.000,32.38,46.0,1,1
65697864,213.610,213.632,0.0000,0.0847,0.0000,-0.0005,0.000,32.38,46.0,1,1
65698865,213.632,213.632,0.0000,-0.0999,0.0000,-0.0005,0.000,32.38,46.0,1,1
65699865,213.632,213.632,0.0000,0.0740,0.0000,-0.0005,0.000,32.38,46.0,1,1
65700867,213.632,213.632,0.0000,0.0359,0.0000,-0.0005,0.000,32.38,46.0,1,1
65702189,213.632,213.632,0.0000,-0.0069,0.0000,-0.0005,0.000,32.38,46.0,1,1
65702867,213.632,213.632,0.0000,0.0099,0.0000,-0.0005,0.000,32.38,46.0,1,1
65703864,213.632,213.632,0.0000,-0.0114,0.0000,-0.0005,0.000,32.38,46.0,1,1
65705187,213.632,213.632,0.0000,0.1015,0.0000,-0.0005,0.000,32.38,46.0,1,1
65705557,213.632,213.632,0.0000,0.0084,0.0000,-0.0005,0.000,32.38,46.0,1,1
65706887,213.632,213.632,0.0000,-0.0618,0.0000,-0.0005,0.000,32.38,46.0,1,1
65707866,213.632,213.632,0.0000,0.0038,0.0000,-0.0005,0.000,32.38,46.0,1,1
65709190,213.632,213.632,0.0000,-0.0191,0.0000,-0.0005,0.000,32.38,46.0,1,1
65709860,213.632,213.632,0.0000,0.0298,0.0000,-0.0005,0.000,32.38,46.0,1,1
65710864,213.632,213.632,0.0000,-0.0130,0.0000,-0.0005,0.000,32.38,46.0,1,1
65712189,213.632,213.632,0.0000,-0.0359,0.0000,-0.0005,0.000,32.38,46.0,1,1
65712866,213.632,213.632,0.0000,-0.0832,0.0000,-0.0005,0.000,32.38,46.0,1,1
65713861,213.632,213.632,0.0000,-0.0511,0.0000,-0.0005,0.000,32.38,46.0,1,1
65714862,213.632,213.632,0.0000,0.0542,0.0000,-0.0005,0.000,32.38,46.0,1,1
65715866,213.632,213.632,0.0000,-0.0069,0.0000,-0.0005,0.000,32.38,46.0,1,1
65717173,213.632,213.632,0.0000,0.0816,0.0000,-0.0005,0.000,32.38,46.0,1,1
65717847,213.632,213.632,0.0000,0.0481,0.0000,-0.0005,0.000,32.38,46.0,1,1
65718842,213.632,213.632,0.0000,0.0694,0.0000,-0.0005,0.000,32.38,46.0,1,1
65719861,213.632,213.632,0.0000,0.0526,0.0000,-0.0005,0.000,32.38,46.0,1,1
65720864,213.632,213.632,0.0000,0.0832,0.0000,-0.0005,0.000,32.38,46.0,1,1
65722187,213.632,213.632,0.0000,-0.0542,0.0000,-0.0005,0.000,32.38,46.0,1,1
65722867,213.632,213.632,0.0000,-0.0130,0.0000,-0.0005,0.000,32.38,46.0,1,1
65723867,213.632,213.632,0.0000,0.1137,0.0000,-0.0005,0.000,32.38,46.0,1,1
65725157,213.632,213.632,0.0000,0.1060,0.0000,-0.0005,0.000,32.38,46.0,1,1
65725766,213.632,213.632,0.0000,-0.0664,0.0000,-0.0005,0.000,32.38,46.0,1,1
65727272,213.632,213.632,0.0000,-0.1473,0.0000,-0.0005,0.000,32.38,46.0,1,1
65727849,213.632,213.610,0.0000,0.0816,0.0000,-0.0005,0.000,32.38,46.0,1,1
65729156,213.610,213.632,0.0000,-0.0175,0.0000,-0.0005,0.000,32.38,46.0,1,1
65729844,213.632,213.632,0.0000,-0.0832,0.0000,-0.0005,0.000,32.38,46.0,1,1
65730845,213.632,213.632,0.0000,0.1137,0.0000,-0.0005,0.000,32.38,46.0,1,1
65732238,213.632,213.632,0.0000,-0.0313,0.0000,-0.0005,0.000,32.38,46.0,1,1
65732893,213.632,213.632,0.0000,0.0282,0.0000,-0.0005,0.000,32.38,46.0,1,1
65733864,213.632,213.632,0.0000,0.0160,0.0000,-0.0005,0.000,32.38,46.0,1,1
65734864,213.632,213.632,0.0000,-0.0313,0.0000,-0.0005,0.000,32.38,46.0,1,1
65735861,213.632,213.632,0.0000,-0.0908,0.0000,-0.0005,0.000,32.38,46.0,1,1
65737189,213.632,213.632,0.0000,-0.0069,0.0000,-0.0005,0.000,32.38,46.0,1,1
65737867,213.632,213.632,0.0000,0.0237,0.0000,-0.0005,0.000,32.38,46.0,1,1
65738865,213.632,213.632,0.0000,0.0221,0.0000,-0.0005,0.000,32.38,46.0,1,1
65739865,213.632,213.632,0.0000,-0.0038,0.0000,-0.0005,0.000,32.38,46.0,1,1
65740865,213.632,213.632,0.0000,0.1274,0.0000,-0.0005,0.000,32.38,46.0,1,1
65742189,213.632,213.632,0.0000,-0.0542,0.0000,-0.0005,0.000,32.38,46.0,1,1
65742858,213.632,213.632,0.0000,-0.0740,0.0000,-0.0005,0.000,32.38,46.0,1,1
65743864,213.632,213.632,0.0000,-0.0084,0.0000,-0.0005,0.000,32.38,46.0,1,1
65745185,213.632,213.632,0.0000,0.0435,0.0000,-0.0005,0.000,32.38,46.0,1,1
65745566,213.632,213.632,0.0000,0.1152,0.0000,-0.0005,0.000,32.38,46.0,1,1
65746886,213.632,213.632,0.0000,-0.0465,0.0000,-0.0005,0.000,32.38,46.0,1,1
65747867,213.632,213.632,0.0000,-0.0175,0.0000,-0.0005,0.000,32.38,46.0,1,1
65749189,213.632,213.632,0.0000,-0.0267,0.0000,-0.0005,0.000,32.38,46.0,1,1
65749892,213.632,213.632,0.0000,0.0572,0.0000,-0.0005,0.000,32.38,46.0,1,1
65750861,213.632,213.632,0.0000,-0.1228,0.0000,-0.0005,0.000,32.38,46.0,1,1
65752196,213.632,213.632,0.0000,-0.0191,0.0000,-0.0005,0.000,32.38,46.0,1,1
65752892,213.632,213.632,0.0000,0.0099,0.0000,-0.0005,0.000,32.38,46.0,1,1
65753865,213.632,213.632,0.0000,0.0694,0.0000,-0.0005,0.000,32.38,46.0,1,1
65754845,213.632,213.632,0.0000,-0.0130,0.0000,-0.0005,0.000,32.38,46.0,1,1
65755843,213.632,213.632,0.0000,-0.1045,0.0000,-0.0005,0.000,32.38,46.0,1,1
65757173,213.632,213.632,0.0000,0.1564,0.0000,-0.0005,0.000,32.38,46.0,1,1
65757869,213.632,213.632,0.0000,-0.0404,0.0000,-0.0005,0.000,32.38,46.0,1,1
65758862,213.632,213.632,0.0000,0.0069,0.0000,-0.0005,0.000,32.38,46.0,1,1
65759864,213.632,213.632,0.0000,-0.0893,0.0000,-0.0005,0.000,32.38,46.0,1,1
65760862,213.632,213.632,0.0000,0.0542,0.0000,-0.0005,0.000,32.38,46.0,1,1
65762189,213.632,213.632,0.0000,-0.0633,0.0000,-0.0005,0.000,32.38,46.0,1,1
65762846,213.632,213.632,0.0000,0.0511,0.0000,-0.0005,0.000,32.38,46.0,1,1
65763899,213.632,213.632,0.0000,-0.1228,0.0000,-0.0005,0.000,32.38,46.0,1,1
65765165,213.632,213.632,0.0000,0.0023,0.0000,-0.0005,0.000,32.38,46.0,1,1
65765552,213.632,213.610,0.0000,-0.0938,0.0000,-0.0005,0.000,32.38,46.0,1,1
65766864,213.610,213.632,0.0000,0.0923,0.0000,-0.0005,0.000,32.38,46.0,1,1
65767885,213.632,213.632,0.0000,0.0130,0.0000,-0.0005,0.000,32.38,46.0,1,1
65769173,213.632,213.632,0.0000,-0.0359,0.0000,-0.0005,0.000,32.38,46.0,1,1
65769848,213.632,213.632,0.0000,-0.0999,0.0000,-0.0005,0.000,32.38,46.0,1,1
65770843,213.632,213.632,0.0000,-0.1045,0.0000,-0.0005,0.000,32.38,46.0,1,1
65772205,213.632,213.632,0.0000,0.0526,0.0000,-0.0005,0.000,32.38,46.0,1,1
65772847,213.632,213.632,0.0000,0.0191,0.0000,-0.0005,0.000,32.38,46.0,1,1
65773850,213.632,213.632,0.0000,-0.0023,0.0000,-0.0005,0.000,32.38,46.0,1,1
65774843,213.632,213.632,0.0000,-0.0206,0.0000,-0.0005,0.000,32.38,46.0,1,1
65775944,213.632,213.632,0.0000,-0.0420,0.0000,-0.0005,0.000,32.38,46.0,1,1
65777234,213.632,213.632,0.0000,0.0038,0.0000,-0.0005,0.000,32.38,46.0,1,1
65777847,213.632,213.632,0.0000,0.0221,0.0000,-0.0005,0.000,32.38,46.0,1,1
65778840,213.632,213.632,0.0000,0.0069,0.0000,-0.0005,0.000,32.38,46.0,1,1
65779840,213.632,213.632,0.0000,-0.0755,0.0000,-0.0005,0.000,32.38,46.0,1,1
65780917,213.632,213.632,0.0000,-0.0191,0.0000,-0.0005,0.000,32.38,46.0,1,1
65782186,213.632,213.632,0.0000,0.0969,0.0000,-0.0005,0.000,32.38,46.0,1,1
65782893,213.632,213.632,0.0000,-0.0008,0.0000,-0.0005,0.000,32.38,46.0,1,1
65783865,213.632,213.632,0.0000,0.0542,0.0000,-0.0005,0.000,32.38,46.0,1,1
65785189,213.632,213.632,0.0000,-0.0282,0.0000,-0.0005,0.000,32.38,46.0,1,1
65785568,213.632,213.632,0.0000,-0.0587,0.0000,-0.0005,0.000,32.38,46.0,1,1
65786886,213.632,213.632,0.0000,0.0237,0.0000,-0.0005,0.000,32.38,46.0,1,1
65787891,213.632,213.632,0.0000,0.0160,0.0000,-0.0005,0.000,32.38,46.0,1,1
65789189,213.632,213.632,0.0000,-0.0450,0.0000,-0.0005,0.000,32.38,46.0,1,1
65789892,213.632,213.632,0.0000,0.0298,0.0000,-0.0005,0.000,32.38,46.0,1,1
65790864,213.632,213.632,0.0000,-0.0175,0.0000,-0.0005,0.000,32.38,46.0,1,1
65792194,213.632,213.632,0.0000,0.0374,0.0000,-0.0005,0.000,32.38,46.0,1,1
65792895,213.632,213.632,0.0000,0.0755,0.0000,-0.0005,0.000,32.38,46.0,1,1
65793864,213.632,213.632,0.0000,-0.0710,0.0000,-0.0005,0.000,32.38,46.0,1,1
65794865,213.632,213.632,0.0000,0.0023,0.0000,-0.0005,0.000,32.38,46.0,1,1
65795864,213.632,213.632,0.0000,-0.0374,0.0000,-0.0005,0.000,32.38,46.0,1,1
65797194,213.632,213.632,0.0000,0.0038,0.0000,-0.0005,0.000,32.38,46.0,1,1
65797895,213.632,213.632,0.0000,-0.0679,0.0000,-0.0005,0.000,32.38,46.0,1,1
65798865,213.632,213.632,0.0000,-0.0099,0.0000,-0.0005,0.000,32.38,46.0,1,1
65799865,213.632,213.632,0.0000,-0.0557,0.0000,-0.0005,0.000,32.38,46.0,1,1
65800865,213.632,213.632,0.0000,-0.0465,0.0000,-0.0005,0.000,32.38,46.0,1,1
65802191,213.632,213.632,0.0000,0.1427,0.0000,-0.0005,0.000,32.38,46.0,1,1
65802840,213.632,213.632,0.0000,-0.0526,0.0000,-0.0005,0.000,32.38,46.0,1,1
65803840,213.632,213.632,0.0000,-0.0938,0.0000,-0.0005,0.000,32.38,46.0,1,1
65805156,213.632,213.632,0.0000,-0.0938,0.0000,-0.0005,0.000,32.38,46.0,1,1
65805544,213.632,213.632,0.0000,-0.0038,0.0000,-0.0005,0.000,32.38,46.0,1,1
65806887,213.632,213.632,0.0000,0.1167,0.0000,-0.0005,0.000,32.38,46.0,1,1
65807571,213.632,213.632,0.0000,0.0099,0.0000,-0.0005,0.000,32.38,46.0,1,1
65808887,213.632,213.632,0.0000,-0.1213,0.0000,-0.0005,0.000,32.38,46.0,1,1
65809896,213.632,213.632,0.0000,0.0252,0.0000,-0.0005,0.000,32.38,46.0,1,1
65810843,213.632,213.632,0.0000,0.0343,0.0000,-0.0005,0.000,32.38,46.0,1,1
65812255,213.632,213.632,0.0000,-0.0862,0.0000,-0.0005,0.000,32.38,46.0,1,1
65812848,213.632,213.632,0.0000,0.0603,0.0000,-0.0005,0.000,32.38,46.0,1,1
65813846,213.632,213.632,0.0000,-0.1427,0.0000,-0.0005,0.000,32.38,46.0,1,1
65814845,213.632,213.632,0.0000,-0.0481,0.0000,-0.0005,0.000,32.38,46.0,1,1
65815885,213.632,213.632,0.0000,0.0801,0.0000,-0.0005,0.000,32.38,46.0,1,1
65817176,213.632,213.632,0.0000,0.0023,0.0000,-0.0005,0.000,32.38,46.0,1,1
65817853,213.632,213.632,0.0000,0.0404,0.0000,-0.0005,0.000,32.38,46.0,1,1
65818843,213.632,213.632,0.0000,0.0191,0.0000,-0.0005,0.000,32.38,46.0,1,1
65819884,213.632,213.632,0.0000,0.0145,0.0000,-0.0005,0.000,32.38,46.0,1,1
65820850,213.632,213.632,0.0000,-0.0969,0.0000,-0.0005,0.000,32.38,46.0,1,1
65822179,213.632,213.632,0.0000,-0.0465,0.0000,-0.0005,0.000,32.38,46.0,1,1
65822850,213.632,213.632,0.0000,-0.0481,0.0000,-0.0005,0.000,32.38,46.0,1,1
65823883,213.632,213.610,0.0000,-0.0679,0.0000,-0.0005,0.000,32.38,46.0,1,1
65825165,213.610,213.632,0.0000,-0.0023,0.0000,-0.0005,0.000,32.38,46.0,1,1
65825623,213.632,213.632,0.0000,-0.0298,0.0000,-0.0005,0.000,32.38,46.0,1,1
65826929,213.632,213.632,0.0000,-0.0786,0.0000,-0.0005,0.000,32.38,46.0,1,1
65827549,213.632,213.632,0.0000,0.0099,0.0000,-0.0005,0.000,32.38,46.0,1,1
65828871,213.632,213.632,0.0000,0.0298,0.0000,-0.0005,0.000,32.38,46.0,1,1
65829910,213.632,213.632,0.0000,-0.0038,0.0000,-0.0005,0.000,32.38,46.0,1,1
65830865,213.632,213.632,0.0000,0.0481,0.0000,-0.0005,0.000,32.38,46.0,1,1
65832186,213.632,213.632,0.0000,-0.0526,0.0000,-0.0005,0.000,32.38,46.0,1,1
65832890,213.632,213.632,0.0000,0.0923,0.0000,-0.0005,0.000,32.38,46.0,1,1
65833865,213.632,213.632,0.0000,-0.0374,0.0000,-0.0005,0.000,32.38,46.0,1,1
65834864,213.632,213.632,0.0000,0.0923,0.0000,-0.0005,0.000,32.38,46.0,1,1
65835867,213.632,213.632,0.0000,-0.1106,0.0000,-0.0005,0.000,32.38,46.0,1,1
65837184,213.632,213.632,0.0000,0.0908,0.0000,-0.0005,0.000,32.38,46.0,1,1
65837893,213.632,213.632,0.0000,0.0237,0.0000,-0.0005,0.000,32.38,46.0,1,1
65838863,213.632,213.632,0.0000,0.0526,0.0000,-0.0005,0.000,32.38,46.0,1,1
65839864,213.632,213.632,0.0000,-0.0252,0.0000,-0.0005,0.000,32.38,46.0,1,1
65840863,213.632,213.632,0.0000,0.1076,0.0000,-0.0005,0.000,32.38,46.0,1,1
65842193,213.632,213.632,0.0000,-0.1457,0.0000,-0.0005,0.000,32.38,46.0,1,1
65842892,213.632,213.632,0.0000,0.0786,0.0000,-0.0005,0.000,32.38,46.0,1,1
65843866,213.632,213.632,0.0000,-0.0435,0.0000,-0.0005,0.000,32.38,46.0,1,1
65845187,213.632,213.632,0.0000,-0.0542,0.0000,-0.0005,0.000,32.38,46.0,1,1
65845568,213.632,213.632,0.0000,-0.0893,0.0000,-0.0005,0.000,32.38,46.0,1,1
65846882,213.632,213.632,0.0000,-0.0435,0.0000,-0.0005,0.000,32.38,46.0,1,1
65847890,213.632,213.632,0.0000,0.0114,0.0000,-0.0005,0.000,32.38,46.0,1,1
65849187,213.632,213.632,0.0000,-0.0160,0.0000,-0.0005,0.000,32.38,46.0,1,1
65849892,213.632,213.632,0.0000,0.0923,0.0000,-0.0005,0.000,32.38,46.0,1,1
65850866,213.632,213.632,0.0000,-0.0359,0.0000,-0.0005,0.000,32.38,46.0,1,1
65852171,213.632,213.632,0.0000,-0.0221,0.0000,-0.0005,0.000,32.38,46.0,1,1
65852840,213.632,213.632,0.0000,0.0343,0.0000,-0.0005,0.000,32.38,46.0,1,1
65853843,213.632,213.632,0.0000,0.0252,0.0000,-0.0005,0.000,32.38,46.0,1,1
65854867,213.632,213.632,0.0000,-0.0648,0.0000,-0.0005,0.000,32.38,46.0,1,1
65855865,213.632,213.632,0.0000,-0.0267,0.0000,-0.0005,0.000,32.38,46.0,1,1
65857186,213.632,213.632,0.0000,0.0237,0.0000,-0.0005,0.000,32.38,46.0,1,1
65857892,213.632,213.632,0.0000,0.0023,0.0000,-0.0005,0.000,32.38,46.0,1,1
65858865,213.632,213.632,0.0000,-0.0328,0.0000,-0.0005,0.000,32.38,46.0,1,1
65859894,213.632,213.632,0.0000,-0.0755,0.0000,-0.0005,0.000,32.38,46.0,1,1
65860843,213.632,213.632,0.0000,0.0298,0.0000,-0.0005,0.000,32.38,46.0,1,1
65862251,213.632,213.632,0.0000,-0.0099,0.0000,-0.0005,0.000,32.38,46.0,1,1
65862848,213.632,213.632,0.0000,-0.0893,0.0000,-0.0005,0.000,32.38,46.0,1,1
65863850,213.632,213.632,0.0000,0.0969,0.0000,-0.0005,0.000,32.38,46.0,1,1
65865161,213.632,213.632,0.0000,0.0175,0.0000,-0.0005,0.000,32.38,46.0,1,1
65865428,213.632,213.632,0.0000,0.0557,0.0000,-0.0005,0.000,32.38,46.0,1,1
65866894,213.632,213.632,0.0000,-0.0618,0.0000,-0.0005,0.000,32.38,46.0,1,1
65867844,213.632,213.632,0.0000,0.0496,0.0000,-0.0005,0.000,32.38,46.0,1,1
65869172,213.632,213.632,0.0000,0.0191,0.0000,-0.0005,0.000,32.38,46.0,1,1
65869845,213.632,213.632,0.0000,0.1320,0.0000,-0.0005,0.000,32.38,46.0,1,1
65870882,213.632,213.632,0.0000,0.0374,0.0000,-0.0005,0.000,32.38,46.0,1,1
65872177,213.632,213.632,0.0000,0.0282,0.0000,-0.0005,0.000,32.38,46.0,1,1
65872851,213.632,213.632,0.0000,-0.0343,0.0000,-0.0005,0.000,32.38,46.0,1,1
65873843,213.632,213.632,0.0000,0.0206,0.0000,-0.0005,0.000,32.38,46.0,1,1
65874884,213.632,213.632,0.0000,-0.0542,0.0000,-0.0005,0.000,32.38,46.0,1,1
65875848,213.632,213.632,0.0000,0.0893,0.0000,-0.0005,0.000,32.38,46.0,1,1
65877268,213.632,213.632,0.0000,-0.0679,0.0000,-0.0005,0.000,32.38,46.0,1,1
65877849,213.632,213.632,0.0000,-0.0038,0.0000,-0.0005,0.000,32.38,46.0,1,1
65878841,213.632,213.632,0.0000,0.0282,0.0000,-0.0005,0.000,32.38,46.0,1,1
65879840,213.632,213.632,0.0000,-0.0908,0.0000,-0.0005,0.000,32.38,46.0,1,1
65880911,213.632,213.632,0.0000,0.0114,0.0000,-0.0005,0.000,32.38,46.0,1,1
65882211,213.632,213.632,0.0000,0.0130,0.0000,-0.0005,0.000,32.38,46.0,1,1
65882892,213.632,213.632,0.0000,0.0481,0.0000,-0.0005,0.000,32.38,46.0,1,1
65883867,213.632,213.632,0.0000,0.0221,0.0000,-0.0005,0.000,32.38,46.0,1,1
65885185,213.632,213.632,0.0000,-0.0618,0.0000,-0.0005,0.000,32.38,46.0,1,1
65885557,213.632,213.632,0.0000,0.0038,0.0000,-0.0005,0.000,32.38,46.0,1,1
65886886,213.632,213.632,0.0000,-0.0206,0.0000,-0.0005,0.000,32.38,46.0,1,1
65887571,213.632,213.632,0.0000,0.0420,0.0000,-0.0005,0.000,32.38,46.0,1,1
65888887,213.632,213.632,0.0000,-0.1137,0.0000,-0.0005,0.000,32.38,46.0,1,1
65889571,213.632,213.632,0.0000,-0.0374,0.0000,-0.0005,0.000,32.38,46.0,1,1
65890572,213.632,213.632,0.0000,0.1778,0.0000,-0.0005,0.000,32.38,46.0,1,1
65891882,213.632,213.632,0.0000,-0.0969,0.0000,-0.0005,0.000,32.38,46.0,1,1
65892571,213.632,213.632,0.0000,0.0572,0.0000,-0.0005,0.000,32.38,46.0,1,1
65893572,213.632,213.632,0.0000,0.0465,0.0000,-0.0005,0.000,32.38,46.0,1,1
65894567,213.632,213.632,0.0000,-0.0389,0.0000,-0.0005,0.000,32.38,46.0,1,1
65895566,213.632,213.632,0.0000,0.0359,0.0000,-0.0005,0.000,32.38,46.0,1,1
65896889,213.632,213.632,0.0000,-0.0725,0.0000,-0.0005,0.000,32.38,46.0,1,1
65897548,213.632,213.632,0.0000,0.0221,0.0000,-0.0005,0.000,32.38,46.0,1,1
65898549,213.632,213.632,0.0000,0.0145,0.0000,-0.0005,0.000,32.38,46.0,1,1
65899568,213.632,213.632,0.0000,0.0084,0.0000,-0.0005,0.000,32.38,46.0,1,1
65900565,213.632,213.632,0.0000,-0.0298,0.0000,-0.0005,0.000,32.38,46.0,1,1
65901880,213.632,213.632,0.0000,0.0252,0.0000,-0.0005,0.000,32.38,46.0,1,1
65902892,213.632,213.632,0.0000,-0.1839,0.0000,-0.0005,0.000,32.38,46.0,1,1
65903843,213.632,213.632,0.0000,0.0084,0.0000,-0.0005,0.000,32.38,46.0,1,1
65905238,213.632,213.632,0.0000,-0.0069,0.0000,-0.0005,0.000,32.38,46.0,1,1
65905547,213.632,213.632,0.0000,0.0374,0.0000,-0.0005,0.000,32.38,46.0,1,1
65906879,213.632,213.632,0.0000,-0.0389,0.0000,-0.0005,0.000,32.38,46.0,1,1
65907842,213.632,213.632,0.0000,0.0298,0.0000,-0.0005,0.000,32.38,46.0,1,1
65909208,213.632,213.632,0.0000,-0.0267,0.0000,-0.0005,0.000,32.38,46.0,1,1
65909849,213.632,213.632,0.0000,-0.0938,0.0000,-0.0005,0.000,32.38,46.0,1,1
65910850,213.632,213.632,0.0000,-0.0252,0.0000,-0.0005,0.000,32.38,46.0,1,1
65912164,213.632,213.632,0.0000,-0.0420,0.0000,-0.0005,0.000,32.38,46.0,1,1
65912752,213.632,213.632,0.0000,-0.0725,0.0000,-0.0005,0.000,32.38,46.0,1,1
65913869,213.632,213.632,0.0000,0.0694,0.0000,-0.0005,0.000,32.38,46.0,1,1
65914843,213.632,213.632,0.0000,0.0359,0.0000,-0.0005,0.000,32.38,46.0,1,1
65915852,213.632,213.632,0.0000,-0.0008,0.0000,-0.0005,0.000,32.38,46.0,1,1
65917174,213.632,213.632,0.0000,-0.0328,0.0000,-0.0005,0.000,32.38,46.0,1,1
65917747,213.632,213.632,0.0000,-0.0664,0.0000,-0.0005,0.000,32.38,46.0,1,1
65918873,213.632,213.632,0.0000,-0.1045,0.0000,-0.0005,0.000,32.38,46.0,1,1
65919841,213.632,213.632,0.0000,0.0847,0.0000,-0.0005,0.000,32.38,46.0,1,1
65920850,213.632,213.632,0.0000,0.0740,0.0000,-0.0005,0.000,32.38,46.0,1,1
65922174,213.632,213.632,0.0000,-0.0114,0.0000,-0.0005,0.000,32.38,46.0,1,1
65922747,213.632,213.632,0.0000,0.0862,0.0000,-0.0005,0.000,32.38,46.0,1,1
65923874,213.632,213.632,0.0000,-0.0298,0.0000,-0.0005,0.000,32.38,46.0,1,1
65925161,213.632,213.632,0.0000,-0.0679,0.0000,-0.0005,0.000,32.38,46.0,1,1
65925632,213.632,213.632,0.0000,0.1015,0.0000,-0.0005,0.000,32.38,46.0,1,1
65926920,213.632,213.632,0.0000,-0.0862,0.0000,-0.0005,0.000,32.38,46.0,1,1
65927549,213.632,213.632,0.0000,-0.0343,0.0000,-0.0005,0.000,32.38,46.0,1,1
65928870,213.632,213.632,0.0000,0.0374,0.0000,-0.0005,0.000,32.38,46.0,1,1
65929908,213.632,213.632,0.0000,-0.0847,0.0000,-0.0005,0.000,32.38,46.0,1,1
65930864,213.632,213.632,0.0000,0.0191,0.0000,-0.0005,0.000,32.38,46.0,1,1
65932190,213.632,213.632,0.0000,0.0481,0.0000,-0.0005,0.000,32.38,46.0,1,1
65932890,213.632,213.632,0.0000,-0.0008,0.0000,-0.0005,0.000,32.38,46.0,1,1
65933865,213.632,213.632,0.0000,0.0603,0.0000,-0.0005,0.000,32.38,46.0,1,1
65934863,213.632,213.632,0.0000,-0.1289,0.0000,-0.0005,0.000,32.38,46.0,1,1
65935889,213.632,213.632,0.0000,0.0740,0.0000,-0.0005,0.000,32.38,46.0,1,1
65937184,213.632,213.632,0.0000,-0.0908,0.0000,-0.0005,0.000,32.38,46.0,1,1
65937886,213.632,213.632,0.0000,-0.0725,0.0000,-0.0005,0.000,32.38,46.0,1,1
65938865,213.632,213.632,0.0000,0.0160,0.0000,-0.0005,0.000,32.38,46.0,1,1
65939891,213.632,213.632,0.0000,-0.0481,0.0000,-0.0005,0.000,32.38,46.0,1,1
65940862,213.632,213.632,0.0000,0.0038,0.0000,-0.0005,0.000,32.38,46.0,1,1
65942207,213.632,213.632,0.0000,0.0145,0.0000,-0.0005,0.000,32.38,46.0,1,1
65942863,213.632,213.632,0.0000,0.0801,0.0000,-0.0005,0.000,32.38,46.0,1,1
65943863,213.632,213.632,0.0000,-0.1167,0.0000,-0.0005,0.000,32.38,46.0,1,1
65945205,213.632,213.632,0.0000,0.0862,0.0000,-0.0005,0.000,32.38,46.0,1,1
65945887,213.632,213.632,0.0000,0.0572,0.0000,-0.0005,0.000,32.38,46.0,1,1
65947206,213.632,213.632,0.0000,-0.0206,0.0000,-0.0005,0.000,32.41,46.0,1,1
65947890,213.632,213.632,0.0000,0.0175,0.0000,-0.0005,0.000,32.41,46.0,1,1
65949205,213.632,213.610,0.0000,-0.0450,0.0000,-0.0005,0.000,32.41,46.0,1,1
65949889,213.610,213.632,0.0000,-0.0679,0.0000,-0.0005,0.000,32.41,46.0,1,1
65950886,213.632,213.610,0.0000,-0.0801,0.0000,-0.0005,0.000,32.41,46.0,1,1
65952181,213.610,213.610,0.0000,-0.0481,0.0000,-0.0005,0.000,32.41,46.0,1,1
65952892,213.610,213.632,0.0000,-0.0328,0.0000,-0.0005,0.000,32.41,46.0,1,1
65953844,213.632,213.632,0.0000,0.0282,0.0000,-0.0005,0.000,32.41,46.0,1,1
65954845,213.632,213.632,0.0000,0.0801,0.0000,-0.0005,0.000,32.41,46.0,1,1
65955848,213.632,213.610,0.0000,-0.1549,0.0000,-0.0005,0.000,32.41,46.0,1,1
65957189,213.610,213.632,0.0000,-0.0832,0.0000,-0.0005,0.000,32.38,46.0,1,1
65957891,213.632,213.632,0.0000,-0.1076,0.0000,-0.0005,0.000,32.38,46.0,1,1
65958864,213.632,213.632,0.0000,-0.0648,0.0000,-0.0005,0.000,32.38,46.0,1,1
65959891,213.632,213.632,0.0000,0.0496,0.0000,-0.0005,0.000,32.38,46.0,1,1
65960748,213.632,213.632,0.0000,0.0374,0.0000,-0.0005,0.000,32.38,46.0,1,1
65962169,213.632,213.632,0.0000,0.0008,0.0000,-0.0005,0.000,32.38,46.0,1,1
65962763,213.632,213.632,0.0000,-0.0374,0.0000,-0.0005,0.000,32.38,46.0,1,1
65963898,213.632,213.632,0.0000,-0.0618,0.0000,-0.0005,0.000,32.38,46.0,1,1
65965160,213.632,213.632,0.0000,0.0160,0.0000,-0.0005,0.000,32.38,46.0,1,1
65965551,213.632,213.632,0.0000,0.0267,0.0000,-0.0005,0.000,32.38,46.0,1,1
65966867,213.632,213.632,0.0000,-0.0908,0.0000,-0.0005,0.000,32.38,46.0,1,1
65967904,213.632,213.632,0.0000,0.0237,0.0000,-0.0005,0.000,32.38,46.0,1,1
65969175,213.632,213.632,0.0000,-0.0160,0.0000,-0.0005,0.000,32.38,46.0,1,1
65969849,213.632,213.632,0.0000,0.0206,0.0000,-0.0005,0.000,32.38,46.0,1,1
65970840,213.632,213.632,0.0000,0.0664,0.0000,-0.0005,0.000,32.38,46.0,1,1
65972232,213.632,213.632,0.0000,-0.0603,0.0000,-0.0005,0.000,32.38,46.0,1,1
65972847,213.632,213.632,0.0000,0.0801,0.0000,-0.0005,0.000,32.38,46.0,1,1
65973848,213.632,213.632,0.0000,0.0343,0.0000,-0.0005,0.000,32.38,46.0,1,1
65974847,213.632,213.632,0.0000,-0.0313,0.0000,-0.0005,0.000,32.38,46.0,1,1