t_us,p_cmd_deg,p_act_deg,v_cmd,v_act,t_cmd,t_act,iq,vbus,temp,state,events
28020571,-20.830,-20.852,0.0000,-0.0053,0.0000,0.0390,0.000,32.34,39.0,3,0
28021569,-20.830,-20.852,0.0000,0.0374,0.0000,-0.0159,0.000,32.34,39.0,3,0
28022902,-20.830,-20.852,0.0000,-0.0999,0.0000,0.0093,0.000,32.34,39.0,3,0
28023546,-20.830,-20.852,0.0000,0.0282,0.0000,-0.0137,0.000,32.34,39.0,3,0
28024551,-20.830,-20.830,0.0000,0.0725,0.0000,0.0148,0.000,32.34,39.0,3,0
28025595,-20.830,-20.852,0.0000,-0.1060,0.0000,-0.0038,0.000,32.34,39.0,3,0
28026589,-20.830,-20.852,0.0000,0.0450,0.0000,0.0555,0.000,32.34,39.0,3,0
28027914,-20.830,-20.852,0.0000,-0.0404,0.0000,0.0104,0.000,32.34,39.0,3,0
28028545,-20.830,-20.852,0.0000,-0.0435,0.0000,-0.0456,0.000,32.34,39.0,3,0
28029554,-20.830,-20.830,0.0000,0.0465,0.0000,-0.0390,0.000,32.34,39.0,3,0
28030865,-20.830,-20.852,0.0000,0.0099,0.0000,0.0390,0.000,32.34,39.0,3,0
28031543,-20.830,-20.852,0.0000,-0.0084,0.0000,0.0093,0.000,32.34,39.0,3,0
28032887,-20.830,-20.852,0.0000,-0.0053,0.0000,0.0159,0.000,32.34,39.0,3,0
28033542,-20.830,-20.852,0.0000,-0.0069,0.0000,-0.0236,0.000,32.34,39.0,3,0
28034924,-20.830,-20.852,0.0000,0.0343,0.0000,0.0170,0.000,32.34,39.0,3,0
28035547,-20.830,-20.852,0.0000,-0.0771,0.0000,0.0060,0.000,32.34,39.0,3,0
28036565,-20.830,-20.830,0.0000,0.0938,0.0000,-0.0335,0.000,32.34,39.0,3,0
28037861,-20.830,-20.852,0.0000,-0.0572,0.0000,0.0126,0.000,32.34,39.0,3,0
28038600,-20.830,-20.852,0.0000,0.0389,0.0000,0.0258,0.000,32.34,39.0,3,0
28039547,-20.830,-20.852,0.0000,-0.0603,0.0000,0.0148,0.000,32.34,39.0,3,0
28040635,-20.830,-20.852,0.0000,0.0572,0.0000,-0.0687,0.000,32.34,39.0,3,0
28041544,-20.830,-20.830,0.0000,0.0313,0.0000,0.0478,0.000,32.34,39.0,3,0
28042921,-20.830,-20.830,0.0000,0.0359,0.0000,0.0148,0.000,32.34,39.0,3,0
28043547,-20.830,-20.852,0.0000,-0.0633,0.0000,0.0368,0.000,32.34,39.0,3,0
28044651,-20.830,-20.830,0.0000,0.0618,0.0000,-0.0148,0.000,32.34,39.0,3,0
28045542,-20.830,-20.852,0.0000,-0.0893,0.0000,0.0126,0.000,32.34,39.0,3,0
28046542,-20.830,-20.852,0.0000,-0.0038,0.0000,-0.0016,0.000,32.34,39.0,3,0
28047868,-20.830,-20.852,0.0000,0.0755,0.0000,-0.0203,0.000,32.34,39.0,3,0
28048608,-20.830,-20.852,0.0000,0.0771,0.0000,0.0214,0.000,32.34,39.0,3,0
28049575,-20.830,-20.852,0.0000,0.0710,0.0000,-0.0005,0.000,32.34,39.0,3,0
28050934,-20.830,-20.852,0.0000,-0.0038,0.0000,-0.0027,0.000,32.34,39.0,3,0
28051574,-20.830,-20.830,0.0000,0.0893,0.0000,0.0225,0.000,32.34,39.0,3,0
28052892,-20.830,-20.852,0.0000,0.1259,0.0000,-0.0038,0.000,32.34,39.0,3,0
28053574,-20.830,-20.852,0.0000,-0.0603,0.0000,-0.0302,0.000,32.34,39.0,3,0
28054967,-20.830,-20.852,0.0000,0.0130,0.0000,-0.0148,0.000,32.34,39.0,3,0
28055546,-20.830,-20.852,0.0000,-0.0023,0.0000,0.0467,0.000,32.34,39.0,3,0
28056547,-20.830,-20.852,0.0000,0.0511,0.0000,-0.0357,0.000,32.34,39.0,3,0
28057928,-20.830,-20.852,0.0000,0.1442,0.0000,-0.0236,0.000,32.34,39.0,3,0
28058574,-20.830,-20.852,0.0000,-0.1305,0.0000,0.0269,0.000,32.34,39.0,3,0
28059577,-20.830,-20.852,0.0000,0.0099,0.0000,0.0445,0.000,32.34,39.0,3,0
28060569,-20.830,-20.852,0.0000,-0.0633,0.0000,-0.0291,0.000,32.34,39.0,3,0
28061569,-20.830,-20.852,0.0000,-0.0298,0.0000,0.0016,0.000,32.34,39.0,3,0
28062892,-20.830,-20.830,0.0000,0.0038,0.0000,-0.0115,0.000,32.34,39.0,3,0
28063573,-20.830,-20.852,0.0000,0.0603,0.0000,0.0478,0.000,32.34,39.0,3,0
28064574,-20.830,-20.852,0.0000,-0.0801,0.0000,-0.0313,0.000,32.34,39.0,3,0
28065569,-20.830,-20.852,0.0000,-0.0145,0.0000,-0.0555,0.000,32.34,39.0,3,0
28066586,-20.830,-20.852,0.0000,-0.0237,0.0000,0.0434,0.000,32.34,39.0,3,0
28067868,-20.830,-20.830,0.0000,0.2144,0.0000,-0.0247,0.000,32.34,39.0,3,0
28068559,-20.830,-20.852,0.0000,-0.2235,0.0000,0.0236,0.000,32.34,39.0,3,0
28069604,-20.830,-20.852,0.0000,0.0008,0.0000,0.0203,0.000,32.34,39.0,3,0
28070911,-20.830,-20.830,0.0000,-0.0084,0.0000,0.0049,0.000,32.34,39.0,3,0
28071597,-20.830,-20.852,0.0000,0.0130,0.0000,-0.0357,0.000,32.34,39.0,3,0
28072872,-20.830,-20.852,0.0000,-0.0221,0.0000,-0.0357,0.000,32.34,39.0,3,0
28073653,-20.830,-20.852,0.0000,0.0572,0.0000,0.0258,0.000,32.34,39.0,3,0
28074904,-20.830,-20.852,0.0000,-0.1274,0.0000,0.0016,0.000,32.34,39.0,3,0
28075547,-20.830,-20.852,0.0000,0.0908,0.0000,-0.0291,0.000,32.34,39.0,3,0
28076565,-20.830,-20.852,0.0000,-0.0633,0.0000,-0.0016,0.000,32.34,39.0,3,0
28077861,-20.830,-20.852,0.0000,0.0069,0.0000,0.0016,0.000,32.34,39.0,3,0
28078600,-20.830,-20.852,0.0000,0.0404,0.0000,-0.0082,0.000,32.34,39.0,3,0
28079547,-20.830,-20.852,0.0000,-0.1320,0.0000,-0.0137,0.000,32.34,39.0,3,0
28080560,-20.830,-20.830,0.0000,0.1152,0.0000,-0.0247,0.000,32.34,39.0,3,0
28081542,-20.830,-20.830,0.0000,0.1045,0.0000,0.0291,0.000,32.34,39.0,3,0
28082911,-20.830,-20.852,0.0000,0.0511,0.0000,0.0467,0.000,32.34,39.0,3,0
28083547,-20.830,-20.852,0.0000,-0.0359,0.0000,-0.0060,0.000,32.34,39.0,3,0
28084639,-20.830,-20.852,0.0000,-0.0114,0.0000,0.0170,0.000,32.34,39.0,3,0
28085545,-20.830,-20.852,0.0000,0.0725,0.0000,0.0082,0.000,32.34,39.0,3,0
28086596,-20.830,-20.852,0.0000,-0.0557,0.0000,0.0181,0.000,32.34,39.0,3,0
28087870,-20.830,-20.852,0.0000,-0.0832,0.0000,-0.0126,0.000,32.34,39.0,3,0
28088568,-20.830,-20.852,0.0000,-0.0771,0.0000,-0.0225,0.000,32.34,39.0,3,0
28089547,-20.830,-20.830,0.0000,0.1091,0.0000,0.0269,0.000,32.34,39.0,3,0
28090909,-20.830,-20.852,0.0000,-0.0664,0.0000,-0.0181,0.000,32.34,39.0,3,0
28091547,-20.830,-20.852,0.0000,0.0587,0.0000,0.0159,0.000,32.34,39.0,3,0
28092888,-20.830,-20.852,0.0000,0.0404,0.0000,0.0071,0.000,32.34,39.0,3,0
28093548,-20.830,-20.830,0.0000,-0.0130,0.0000,-0.0346,0.000,32.34,39.0,3,0
28094994,-20.830,-20.852,0.0000,-0.0679,0.0000,-0.0082,0.000,32.34,39.0,3,0
28095869,-20.830,-20.852,0.0000,0.0816,0.0000,-0.0082,0.000,32.34,39.0,3,0
28096857,-20.830,-20.852,0.0000,-0.1030,0.0000,0.0104,0.000,32.34,39.0,3,0
28098185,-20.830,-20.852,0.0000,0.0023,0.0000,0.0445,0.000,32.34,39.0,3,0
28098858,-20.830,-20.852,0.0000,-0.1793,0.0000,0.0038,0.000,32.34,39.0,3,0
28099859,-20.830,-20.852,0.0000,-0.0648,0.0000,0.0005,0.000,32.34,39.0,3,0
28100860,-20.830,-20.852,0.0000,0.0313,0.0000,0.0016,0.000,32.34,39.0,3,0
28101933,-20.830,-20.852,0.0000,0.0343,0.0000,-0.0225,0.000,32.34,39.0,3,0
28103199,-20.830,-20.852,0.0000,0.0221,0.0000,0.0214,0.000,32.34,39.0,3,0
28103912,-20.830,-20.852,0.0000,-0.0084,0.0000,-0.0060,0.000,32.34,39.0,3,0
28104939,-20.830,-20.852,0.0000,-0.0084,0.0000,0.0247,0.000,32.34,39.0,3,0
28105873,-20.830,-20.852,0.0000,-0.0420,0.0000,0.0082,0.000,32.34,39.0,3,0
28106870,-20.830,-20.852,0.0000,-0.0023,0.0000,-0.0412,0.000,32.34,39.0,3,0
28108193,-20.830,-20.852,0.0000,-0.0328,0.0000,0.0390,0.000,32.34,39.0,3,0
28108916,-20.830,-20.852,0.0000,-0.0298,0.0000,-0.0126,0.000,32.34,39.0,3,0
28109873,-20.830,-20.852,0.0000,0.0069,0.0000,-0.0258,0.000,32.34,39.0,3,0
28111286,-20.830,-20.852,0.0000,0.0862,0.0000,0.0192,0.000,32.34,39.0,3,0
28111857,-20.830,-20.852,0.0000,0.0511,0.0000,0.0005,0.000,32.34,39.0,3,0
28113185,-20.830,-20.852,0.0000,-0.0511,0.0000,0.0082,0.000,32.34,39.0,3,0
28113858,-20.830,-20.852,0.0000,-0.0069,0.0000,-0.0159,0.000,32.34,39.0,3,0
28115188,-20.830,-20.830,0.0000,0.0648,0.0000,0.0269,0.000,32.34,39.0,3,0
28115856,-20.830,-20.852,0.0000,0.0664,0.0000,0.0258,0.000,32.34,39.0,3,0
28116860,-20.830,-20.830,0.0000,0.0404,0.0000,-0.0071,0.000,32.34,39.0,3,0
28118188,-20.830,-20.852,0.0000,-0.0038,0.0000,0.0104,0.000,32.34,39.0,3,0
28118860,-20.830,-20.852,0.0000,-0.0984,0.0000,-0.0203,0.000,32.34,39.0,3,0
28119932,-20.830,-20.852,0.0000,-0.0359,0.0000,-0.0159,0.000,32.34,39.0,3,0
28120875,-20.830,-20.852,0.0000,-0.0343,0.0000,0.0016,0.000,32.34,39.0,3,0
28121939,-20.830,-20.852,0.0000,-0.1030,0.0000,-0.0236,0.000,32.34,39.0,3,0
28123199,-20.830,-20.852,0.0000,0.0893,0.0000,-0.0225,0.000,32.34,39.0,3,0
28123911,-20.830,-20.852,0.0000,-0.1060,0.0000,0.0115,0.000,32.34,39.0,3,0
28124874,-20.830,-20.852,0.0000,-0.0572,0.0000,-0.0104,0.000,32.34,39.0,3,0
28125942,-20.830,-20.852,0.0000,0.0603,0.0000,-0.0192,0.000,32.34,39.0,3,0
28126871,-20.830,-20.852,0.0000,-0.0435,0.0000,0.0038,0.000,32.34,39.0,3,0
28128190,-20.830,-20.852,0.0000,0.0252,0.0000,-0.0203,0.000,32.34,39.0,3,0
28128859,-20.830,-20.852,0.0000,-0.0755,0.0000,-0.0005,0.000,32.34,39.0,3,0
28129859,-20.830,-20.852,0.0000,0.0328,0.0000,0.0060,0.000,32.34,39.0,3,0
28131255,-20.830,-20.852,0.0000,0.0786,0.0000,-0.0038,0.000,32.34,39.0,3,0
28131571,-20.830,-20.852,0.0000,0.0038,0.0000,-0.0357,0.000,32.34,39.0,3,0
28132888,-20.830,-20.852,0.0000,-0.0847,0.0000,0.0016,0.000,32.34,39.0,3,0
28133573,-20.830,-20.852,0.0000,-0.0237,0.0000,-0.0324,0.000,32.34,39.0,3,0
28134893,-20.830,-20.830,0.0000,0.1366,0.0000,0.0368,0.000,32.34,39.0,3,0
28135573,-20.830,-20.852,0.0000,-0.0206,0.0000,0.0093,0.000,32.34,39.0,3,0
28136572,-20.830,-20.852,0.0000,0.1503,0.0000,0.0181,0.000,32.34,39.0,3,0
28137886,-20.830,-20.852,0.0000,0.0252,0.0000,-0.0181,0.000,32.34,39.0,3,0
28138574,-20.830,-20.852,0.0000,0.0771,0.0000,0.0082,0.000,32.34,39.0,3,0
28139572,-20.830,-20.852,0.0000,0.1167,0.0000,0.0236,0.000,32.34,39.0,3,0
28140578,-20.830,-20.852,0.0000,0.0420,0.0000,0.0181,0.000,32.34,39.0,3,0
28141548,-20.830,-20.852,0.0000,0.0862,0.0000,-0.0038,0.000,32.34,39.0,3,0
28142906,-20.830,-20.852,0.0000,-0.0740,0.0000,0.0324,0.000,32.34,39.0,3,0
28143594,-20.830,-20.852,0.0000,0.0725,0.0000,0.0049,0.000,32.34,39.0,3,0
28144595,-20.830,-20.852,0.0000,0.1045,0.0000,-0.0203,0.000,32.34,39.0,3,0
28145593,-20.830,-20.852,0.0000,0.0084,0.0000,-0.0104,0.000,32.34,39.0,3,0
28146542,-20.830,-20.852,0.0000,0.0298,0.0000,0.0236,0.000,32.34,39.0,3,0
28148002,-20.830,-20.852,0.0000,0.0343,0.0000,-0.0313,0.000,32.34,39.0,3,0
28148935,-20.830,-20.852,0.0000,-0.0114,0.0000,-0.0324,0.000,32.34,39.0,3,0
28149854,-20.830,-20.852,0.0000,-0.0450,0.0000,0.0522,0.000,32.34,39.0,3,0
28151184,-20.830,-20.852,0.0000,0.0481,0.0000,-0.0434,0.000,32.34,39.0,3,0
28151543,-20.830,-20.852,0.0000,-0.1106,0.0000,-0.0357,0.000,32.34,39.0,3,0
28152868,-20.830,-20.852,0.0000,0.0130,0.0000,0.0203,0.000,32.34,39.0,3,0
28153542,-20.830,-20.852,0.0000,-0.0267,0.0000,0.0423,0.000,32.34,39.0,3,0
28154933,-20.830,-20.830,0.0000,0.0725,0.0000,-0.0038,0.000,32.34,39.0,3,0
28155576,-20.830,-20.852,0.0000,0.0847,0.0000,-0.0225,0.000,32.34,39.0,3,0
28156617,-20.830,-20.852,0.0000,-0.0008,0.0000,0.0302,0.000,32.34,39.0,3,0
28157895,-20.830,-20.852,0.0000,-0.1091,0.0000,-0.0313,0.000,32.34,39.0,3,0
28158579,-20.830,-20.852,0.0000,0.0969,0.0000,-0.0126,0.000,32.34,39.0,3,0
28159583,-20.830,-20.852,0.0000,-0.0114,0.0000,0.0368,0.000,32.34,39.0,3,0
28160631,-20.830,-20.830,0.0000,0.1411,0.0000,0.0489,0.000,32.34,39.0,3,0
28161542,-20.830,-20.852,0.0000,-0.0603,0.0000,-0.0269,0.000,32.34,39.0,3,0
28162869,-20.830,-20.852,0.0000,0.0603,0.0000,0.0269,0.000,32.34,39.0,3,0
28163542,-20.830,-20.852,0.0000,-0.0923,0.0000,-0.0093,0.000,32.34,39.0,3,0
28164617,-20.830,-20.852,0.0000,-0.0221,0.0000,-0.0423,0.000,32.34,39.0,3,0
28165592,-20.830,-20.852,0.0000,-0.1213,0.0000,-0.0390,0.000,32.34,39.0,3,0
28166598,-20.830,-20.852,0.0000,-0.0725,0.0000,0.0423,0.000,32.34,39.0,3,0
28167897,-20.830,-20.852,0.0000,-0.0160,0.0000,0.0049,0.000,32.34,39.0,3,0
28168575,-20.830,-20.852,0.0000,0.0435,0.0000,-0.0016,0.000,32.34,39.0,3,0
28169642,-20.830,-20.852,0.0000,0.0496,0.0000,0.0225,0.000,32.34,39.0,3,0
28170858,-20.830,-20.852,0.0000,0.1259,0.0000,0.0104,0.000,32.34,39.0,3,0
28171589,-20.830,-20.852,0.0000,0.0618,0.0000,-0.0489,0.000,32.34,39.0,3,0
28172897,-20.830,-20.852,0.0000,-0.0450,0.0000,-0.0511,0.000,32.34,39.0,3,0
28173578,-20.830,-20.830,0.0000,0.0572,0.0000,-0.0016,0.000,32.34,39.0,3,0
28174895,-20.830,-20.852,0.0000,-0.0465,0.0000,0.0115,0.000,32.34,39.0,3,0
28175575,-20.830,-20.852,0.0000,-0.0633,0.0000,-0.0203,0.000,32.34,39.0,3,0
28176574,-20.830,-20.852,0.0000,-0.0786,0.0000,0.0126,0.000,32.34,39.0,3,0
28177889,-20.830,-20.852,0.0000,-0.0557,0.0000,-0.0060,0.000,32.34,39.0,3,0
28178575,-20.830,-20.852,0.0000,0.0755,0.0000,0.0027,0.000,32.34,39.0,3,0
28179574,-20.830,-20.852,0.0000,0.0404,0.0000,-0.0027,0.000,32.34,39.0,3,0
28180569,-20.830,-20.852,0.0000,-0.0145,0.0000,0.0412,0.000,32.34,39.0,3,0
28181584,-20.830,-20.852,0.0000,-0.0328,0.0000,0.0214,0.000,32.34,39.0,3,0
28182868,-20.830,-20.852,0.0000,-0.0954,0.0000,-0.0104,0.000,32.34,39.0,3,0
28183558,-20.830,-20.852,0.0000,0.0465,0.0000,0.0071,0.000,32.34,39.0,3,0
28184604,-20.830,-20.852,0.0000,-0.0969,0.0000,0.0115,0.000,32.34,39.0,3,0
28185595,-20.830,-20.852,0.0000,0.0008,0.0000,0.0214,0.000,32.34,39.0,3,0
28186597,-20.830,-20.852,0.0000,-0.0404,0.0000,-0.0192,0.000,32.34,39.0,3,0
28187872,-20.830,-20.852,0.0000,-0.0847,0.0000,-0.0390,0.000,32.34,39.0,3,0
28188653,-20.830,-20.852,0.0000,0.0420,0.0000,0.0434,0.000,32.34,39.0,3,0
28189585,-20.830,-20.852,0.0000,0.0404,0.0000,-0.0324,0.000,32.34,39.0,3,0
28190862,-20.830,-20.852,0.0000,-0.1640,0.0000,-0.0192,0.000,32.34,39.0,3,0
28191561,-20.830,-20.852,0.0000,0.1122,0.0000,0.0302,0.000,32.34,39.0,3,0
28192870,-20.830,-20.852,0.0000,0.0359,0.0000,-0.0093,0.000,32.34,39.0,3,0
28193599,-20.830,-20.852,0.0000,0.1396,0.0000,0.0038,0.000,32.34,39.0,3,0
28194877,-20.830,-20.852,0.0000,0.1503,0.0000,-0.0236,0.000,32.34,39.0,3,0
28195560,-20.830,-20.852,0.0000,-0.0206,0.0000,0.0445,0.000,32.34,39.0,3,0
28196547,-20.830,-20.852,0.0000,-0.0832,0.0000,0.0445,0.000,32.34,39.0,3,0
28197914,-20.830,-20.852,0.0000,0.0404,0.0000,-0.0038,0.000,32.34,39.0,3,0
28198548,-20.830,-20.852,0.0000,0.0328,0.0000,-0.0566,0.000,32.34,39.0,3,0
28199676,-20.830,-20.852,0.0000,0.0496,0.0000,0.0258,0.000,32.34,39.0,3,0
28200543,-20.830,-20.852,0.0000,-0.0496,0.0000,0.0324,0.000,32.34,39.0,3,0
28201542,-20.830,-20.852,0.0000,-0.1396,0.0000,-0.0082,0.000,32.34,39.0,3,0
28202868,-20.830,-20.852,0.0000,-0.0633,0.0000,-0.0016,0.000,32.34,39.0,3,0
28203544,-20.830,-20.852,0.0000,0.0206,0.0000,0.0027,0.000,32.34,39.0,3,0
28204609,-20.830,-20.852,0.0000,0.0740,0.0000,0.0104,0.000,32.34,39.0,3,0
28205611,-20.830,-20.852,0.0000,-0.0145,0.0000,0.0269,0.000,32.34,39.0,3,0
28206572,-20.830,-20.852,0.0000,0.0694,0.0000,-0.0005,0.000,32.34,39.0,3,0
28207888,-20.830,-20.852,0.0000,0.0084,0.0000,-0.0170,0.000,32.34,39.0,3,0
28208579,-20.830,-20.852,0.0000,-0.0633,0.0000,0.0214,0.000,32.34,39.0,3,0
28209650,-20.830,-20.852,0.0000,0.0587,0.0000,-0.0247,0.000,32.34,39.0,3,0
28210862,-20.830,-20.852,0.0000,-0.1076,0.0000,-0.0247,0.000,32.34,39.0,3,0
28211543,-20.830,-20.852,0.0000,-0.0282,0.0000,-0.0038,0.000,32.34,39.0,3,0
28212921,-20.830,-20.852,0.0000,0.0084,0.0000,-0.0082,0.000,32.34,39.0,3,0
28213577,-20.830,-20.852,0.0000,0.0175,0.0000,-0.0269,0.000,32.34,39.0,3,0
28214899,-20.830,-20.852,0.0000,-0.0359,0.0000,0.0203,0.000,32.34,39.0,3,0
28215575,-20.830,-20.852,0.0000,-0.0069,0.0000,0.0346,0.000,32.34,39.0,3,0
28216574,-20.830,-20.852,0.0000,-0.0603,0.0000,-0.0148,0.000,32.34,39.0,3,0
28217888,-20.830,-20.852,0.0000,0.0252,0.0000,-0.0071,0.000,32.34,39.0,3,0
28218576,-20.830,-20.852,0.0000,0.0160,0.0000,0.0302,0.000,32.34,39.0,3,0
28219575,-20.830,-20.852,0.0000,0.0298,0.0000,-0.0346,0.000,32.34,39.0,3,0
28220569,-20.830,-20.852,0.0000,-0.1457,0.0000,0.0060,0.000,32.34,39.0,3,0
28221583,-20.830,-20.852,0.0000,-0.0206,0.0000,-0.0511,0.000,32.34,39.0,3,0
28222869,-20.830,-20.852,0.0000,0.0694,0.0000,0.0280,0.000,32.34,39.0,3,0
28223544,-20.830,-20.852,0.0000,0.0374,0.0000,-0.0357,0.000,32.34,39.0,3,0
28224600,-20.830,-20.852,0.0000,-0.0359,0.0000,0.0192,0.000,32.34,39.0,3,0
28225592,-20.830,-20.852,0.0000,0.0710,0.0000,-0.0126,0.000,32.34,39.0,3,0
28226538,-20.830,-20.852,0.0000,0.0069,0.0000,0.0346,0.000,32.34,39.0,3,0
28227872,-20.830,-20.852,0.0000,-0.0862,0.0000,-0.0192,0.000,32.34,39.0,3,0
28228544,-20.830,-20.852,0.0000,-0.0191,0.0000,0.0214,0.000,32.34,39.0,3,0
28229552,-20.830,-20.852,0.0000,-0.1305,0.0000,-0.0170,0.000,32.34,39.0,3,0
28230862,-20.830,-20.852,0.0000,0.0633,0.0000,-0.0071,0.000,32.34,39.0,3,0
28231543,-20.830,-20.852,0.0000,0.0526,0.0000,0.0357,0.000,32.34,39.0,3,0
28232887,-20.830,-20.852,0.0000,0.0603,0.0000,0.0225,0.000,32.34,39.0,3,0
28233542,-20.830,-20.852,0.0000,-0.0633,0.0000,0.0005,0.000,32.34,39.0,3,0
28234925,-20.830,-20.852,0.0000,-0.0313,0.0000,-0.0236,0.000,32.34,39.0,3,0
28235547,-20.830,-20.852,0.0000,0.0221,0.0000,0.0324,0.000,32.34,39.0,3,0
28236565,-20.830,-20.852,0.0000,-0.0389,0.0000,-0.0302,0.000,32.34,39.0,3,0
28237861,-20.830,-20.852,0.0000,0.0420,0.0000,0.0115,0.000,32.34,39.0,3,0
28238600,-20.830,-20.852,0.0000,0.0206,0.0000,-0.0148,0.000,32.34,39.0,3,0
28239547,-20.830,-20.852,0.0000,0.0710,0.0000,0.0236,0.000,32.34,39.0,3,0
28240635,-20.830,-20.852,0.0000,-0.0664,0.0000,0.0016,0.000,32.34,39.0,3,0
28241544,-20.830,-20.852,0.0000,-0.0298,0.0000,0.0104,0.000,32.34,39.0,3,0
28242922,-20.830,-20.830,0.0000,0.0511,0.0000,0.0269,0.000,32.34,39.0,3,0
28243547,-20.830,-20.852,0.0000,-0.1534,0.0000,0.0049,0.000,32.34,39.0,3,0
28244567,-20.830,-20.852,0.0000,0.0160,0.0000,-0.0192,0.000,32.34,39.0,3,0
28245542,-20.830,-20.852,0.0000,0.0191,0.0000,-0.0104,0.000,32.34,39.0,3,0
28246594,-20.830,-20.852,0.0000,0.0069,0.0000,-0.0170,0.000,32.34,39.0,3,0
28247869,-20.830,-20.852,0.0000,0.0603,0.0000,0.0170,0.000,32.34,39.0,3,0
28248565,-20.830,-20.852,0.0000,0.0298,0.0000,0.0005,0.000,32.34,39.0,3,0
28249547,-20.830,-20.852,0.0000,0.0145,0.0000,0.0159,0.000,32.34,39.0,3,0
28250987,-20.830,-20.852,0.0000,0.0420,0.0000,0.0071,0.000,32.34,39.0,3,0
28251555,-20.830,-20.852,0.0000,-0.0389,0.0000,-0.0555,0.000,32.34,39.0,3,0
28252868,-20.830,-20.852,0.0000,-0.0450,0.0000,-0.0258,0.000,32.34,39.0,3,0
28253548,-20.830,-20.852,0.0000,0.0221,0.0000,-0.0104,0.000,32.34,39.0,3,0
28254867,-20.830,-20.852,0.0000,-0.0389,0.0000,0.0225,0.000,32.34,39.0,3,0
28255545,-20.830,-20.852,0.0000,0.0130,0.0000,-0.0555,0.000,32.34,39.0,3,0
28256602,-20.830,-20.852,0.0000,0.0603,0.0000,0.0181,0.000,32.34,39.0,3,0
28257929,-20.830,-20.852,0.0000,0.0008,0.0000,-0.0346,0.000,32.34,39.0,3,0
28258575,-20.830,-20.852,0.0000,0.0587,0.0000,0.0236,0.000,32.34,39.0,3,0
28259576,-20.830,-20.852,0.0000,-0.1671,0.0000,-0.0346,0.000,32.34,39.0,3,0
28260573,-20.830,-20.852,0.0000,-0.0420,0.0000,0.0203,0.000,32.34,39.0,3,0
28261645,-20.830,-20.852,0.0000,-0.0511,0.0000,-0.0412,0.000,32.34,39.0,3,0
28262869,-20.830,-20.852,0.0000,0.0206,0.0000,-0.0335,0.000,32.34,39.0,3,0
28263542,-20.830,-20.852,0.0000,-0.0160,0.0000,0.0126,0.000,32.34,39.0,3,0
28264611,-20.830,-20.852,0.0000,-0.0053,0.0000,-0.0093,0.000,32.34,39.0,3,0
28265572,-20.830,-20.852,0.0000,-0.0252,0.0000,-0.0115,0.000,32.34,39.0,3,0
28266572,-20.830,-20.852,0.0000,-0.1137,0.0000,0.0104,0.000,32.34,39.0,3,0
28267891,-20.830,-20.852,0.0000,0.1137,0.0000,-0.0170,0.000,32.34,39.0,3,0
28268573,-20.830,-20.852,0.0000,-0.0862,0.0000,0.0324,0.000,32.34,39.0,3,0
28269575,-20.830,-20.852,0.0000,-0.0175,0.0000,-0.0577,0.000,32.34,39.0,3,0
28270887,-20.830,-20.852,0.0000,0.0069,0.0000,0.0038,0.000,32.34,39.0,3,0
28271572,-20.830,-20.852,0.0000,0.0984,0.0000,0.0434,0.000,32.34,39.0,3,0
28272892,-20.830,-20.852,0.0000,0.1091,0.0000,0.0203,0.000,32.34,39.0,3,0
28273587,-20.830,-20.852,0.0000,-0.0252,0.0000,0.0170,0.000,32.34,39.0,3,0
28274877,-20.830,-20.852,0.0000,0.0237,0.0000,-0.0247,0.000,32.34,39.0,3,0
28275542,-20.830,-20.852,0.0000,-0.0237,0.0000,0.0302,0.000,32.34,39.0,3,0
28276600,-20.830,-20.852,0.0000,-0.1015,0.0000,-0.0269,0.000,32.34,39.0,3,0
28277910,-20.830,-20.852,0.0000,0.0938,0.0000,-0.0005,0.000,32.34,39.0,3,0
28278597,-20.830,-20.852,0.0000,0.0175,0.0000,-0.0038,0.000,32.34,39.0,3,0
28279597,-20.830,-20.852,0.0000,-0.0771,0.0000,0.0038,0.000,32.34,39.0,3,0
28280542,-20.830,-20.852,0.0000,0.0587,0.0000,-0.0005,0.000,32.34,39.0,3,0
28281547,-20.830,-20.852,0.0000,-0.0877,0.0000,0.0115,0.000,32.34,39.0,3,0
28282873,-20.830,-20.852,0.0000,0.0832,0.0000,-0.0038,0.000,32.34,39.0,3,0
28283542,-20.830,-20.852,0.0000,0.0298,0.0000,0.0126,0.000,32.34,39.0,3,0
28284564,-20.830,-20.852,0.0000,-0.0847,0.0000,0.0038,0.000,32.34,39.0,3,0
28285542,-20.830,-20.852,0.0000,0.1106,0.0000,-0.0467,0.000,32.34,39.0,3,0
28286599,-20.830,-20.852,0.0000,0.0420,0.0000,0.0511,0.000,32.34,39.0,3,0
28287870,-20.830,-20.852,0.0000,-0.0099,0.0000,0.0071,0.000,32.34,39.0,3,0
28288560,-20.830,-20.852,0.0000,0.1091,0.0000,-0.0445,0.000,32.34,39.0,3,0
28289547,-20.830,-20.852,0.0000,0.0160,0.0000,0.0544,0.000,32.34,39.0,3,0
28290918,-20.830,-20.852,0.0000,0.0511,0.0000,-0.0126,0.000,32.34,39.0,3,0
28291544,-20.830,-20.852,0.0000,-0.0175,0.0000,0.0192,0.000,32.34,39.0,3,0
28292954,-20.830,-20.852,0.0000,0.0191,0.0000,0.0291,0.000,32.34,39.0,3,0
28293553,-20.830,-20.852,0.0000,0.0008,0.0000,0.0247,0.000,32.34,39.0,3,0
28294925,-20.830,-20.852,0.0000,0.0587,0.0000,0.0071,0.000,32.34,39.0,3,0
28295547,-20.830,-20.852,0.0000,-0.0069,0.0000,-0.0082,0.000,32.34,39.0,3,0
28296567,-20.830,-20.852,0.0000,0.0038,0.0000,0.0170,0.000,32.34,39.0,3,0
28297907,-20.830,-20.852,0.0000,-0.1030,0.0000,0.0533,0.000,32.34,39.0,3,0
28298635,-20.807,-20.852,0.7970,0.0771,10.8580,-0.0324,0.000,32.34,39.0,3,0
28299613,-20.709,-20.852,1.6970,0.0145,10.8670,0.0456,0.000,32.34,39.0,3,0
28300548,-20.561,-20.830,2.5970,-0.0130,10.8760,4.9642,0.000,32.34,39.0,3,0
28301658,-20.360,-20.786,3.4970,0.7576,10.8850,6.0409,0.000,32.34,39.0,3,0
28302878,-20.108,-20.677,4.3970,1.7861,10.8940,5.7860,0.000,32.34,39.0,3,0
28303547,-19.805,-20.523,5.2970,2.4422,10.9030,5.8025,0.000,32.34,39.0,3,0
28304552,-19.450,-20.347,6.1970,3.2143,10.9120,5.8520,0.000,32.34,39.0,3,0
28305578,-19.043,-20.127,7.0970,3.7652,10.9210,6.0849,0.000,32.34,39.0,3,0
28306605,-18.585,-19.842,7.9970,4.5449,10.9300,6.2189,0.000,32.34,39.0,3,0
28307934,-18.075,-19.534,8.8970,5.3490,10.9390,6.5068,0.000,32.34,39.0,3,0
28308590,-17.514,-19.160,9.7970,6.0433,10.9480,6.5793,0.000,32.34,39.0,3,0
28309588,-16.901,-18.765,10.6970,6.7453,10.9570,6.8429,0.000,32.34,39.0,3,0
28310897,-16.237,-18.325,11.5970,7.7050,10.9660,7.0528,0.000,32.34,39.0,3,0
28311644,-15.521,-17.842,12.4970,8.1903,10.9750,7.2890,0.000,32.34,39.0,3,0
28312875,-14.753,-17.754,13.3970,8.4283,10.9840,7.2297,0.000,32.34,39.0,3,0
28313547,-13.934,-16.721,14.2970,9.9542,10.9930,7.3890,0.000,32.34,39.0,3,0
28314877,-13.063,-16.128,15.1970,10.5997,11.0020,7.6230,0.000,32.34,39.0,3,0
28315547,-12.141,-15.447,16.0970,11.5702,11.0110,7.6878,0.000,32.34,39.0,3,0
28316617,-11.167,-14.722,16.9970,12.4308,11.0200,7.7570,0.000,32.34,39.0,3,0
28317902,-10.141,-13.909,17.8970,13.4272,11.0290,7.6900,0.000,32.34,39.0,3,0
28318618,-9.064,-13.074,18.7970,14.2084,11.0380,7.7625,0.000,32.34,39.0,3,0
28319585,-7.936,-12.195,19.6970,15.0523,11.0470,8.6238,0.000,32.34,39.0,3,0
28320577,-6.756,-11.316,20.5970,16.0304,11.0560,7.8636,0.000,32.34,39.0,3,0
28321640,-5.524,-10.349,21.4970,16.6697,11.0650,6.9242,0.000,32.34,39.0,3,0
28322873,-4.241,-9.295,22.3970,17.4937,11.0740,7.9910,0.000,32.34,39.0,3,0
28323549,-2.906,-8.306,23.2970,18.0156,11.0830,6.5463,0.000,32.34,39.0,3,0
28324552,-1.520,-7.229,24.1970,18.6656,11.0920,7.2714,0.000,32.34,39.0,3,0
28325547,-0.082,-6.130,25.0970,19.2592,11.1010,6.7254,0.000,32.34,39.0,3,0
28326608,1.408,-4.988,25.9970,19.7627,11.1100,5.5004,0.000,32.34,39.0,3,0
28327934,2.949,-3.757,26.8970,20.2678,11.1190,6.1222,0.000,32.34,39.0,3,0
28328582,4.542,-2.571,27.7970,20.7668,11.1280,5.1576,0.000,32.34,39.0,3,0
28329584,6.186,-1.340,28.6970,21.3146,11.1370,5.2905,0.000,32.34,39.0,3,0
28330966,7.882,-0.154,29.5970,21.6533,11.1460,5.0939,0.000,32.34,39.0,3,0
28331550,9.629,1.187,30.4970,22.2499,11.1550,4.7555,0.000,32.34,39.0,3,0
28332871,11.428,1.384,31.3970,22.3476,11.1640,5.0477,0.000,32.34,39.0,3,0
28333609,13.278,3.735,32.2970,22.9244,11.1730,4.2040,0.000,32.34,39.0,3,0
28334907,15.180,5.142,33.1970,23.3196,11.1820,4.5028,0.000,32.34,39.0,3,0
28335580,17.134,6.504,34.0970,23.8140,11.1910,3.6470,0.000,32.34,39.0,3,0
28336581,19.139,7.910,34.9970,24.2672,11.2000,4.0908,0.000,32.34,39.0,3,0
28337898,21.196,9.251,35.8970,24.4564,11.2090,3.2086,0.000,32.34,39.0,3,0
28338578,23.304,10.657,36.7970,24.7585,11.2180,3.4163,0.000,32.34,39.0,3,0
28339581,25.464,12.173,37.6970,25.2087,11.2270,2.8922,0.000,32.34,39.0,3,0
28340576,27.676,13.645,38.5970,25.4162,11.2360,3.1658,0.000,32.34,39.0,3,0
28341577,29.939,15.051,39.4970,25.7473,11.2450,2.6846,0.000,32.34,39.0,3,0
28342907,32.253,16.612,40.3970,26.0006,11.2540,3.0207,0.000,32.34,39.0,3,0
28343554,34.619,18.106,41.2970,26.2722,11.2630,2.6241,0.000,32.34,39.0,3,0
28344552,37.037,19.556,42.1970,26.4614,11.2720,2.6395,0.000,32.34,39.0,3,0
28345596,39.506,21.094,43.0970,26.7147,11.2810,2.2923,0.000,32.34,39.0,3,0
28346592,42.027,22.720,43.9970,26.9955,11.2900,2.3011,0.000,32.34,39.0,3,0
28347915,44.599,24.280,44.8970,27.1420,11.2990,2.2846,0.000,32.34,39.0,3,0
28348605,47.223,25.840,45.7970,27.3693,11.3080,2.0144,0.000,32.34,39.0,3,0
28349553,49.899,27.422,46.6970,27.5540,11.3170,2.0309,0.000,32.34,39.0,3,0
28350998,52.626,28.916,47.5970,27.6989,11.3260,1.8342,0.000,32.34,39.0,3,0
28351628,55.405,31.092,48.4970,27.9507,11.3350,1.8562,0.000,32.34,39.0,3,0
28352876,58.235,32.212,49.3970,28.0209,11.3440,1.6606,0.000,32.34,39.0,3,0
28353547,61.100,33.772,50.0000,28.1674,0.5500,1.7177,0.000,32.34,39.0,3,0
28354876,63.965,35.399,50.0000,28.3764,0.5500,1.5639,0.000,32.34,39.0,3,0
28355547,66.829,37.024,50.0000,28.5367,0.5500,1.5354,0.000,32.34,39.0,3,0
28356620,69.694,38.672,50.0000,28.7274,0.5500,1.4881,0.000,32.34,39.0,3,0
28357898,72.559,40.408,50.0000,28.9349,0.5500,1.3827,0.000,32.34,39.0,3,0
28358620,75.424,42.078,50.0000,29.0387,0.5500,1.3958,0.000,32.34,39.0,3,0
28359584,78.289,43.726,50.0000,29.0402,0.5500,1.2585,0.000,32.34,39.0,3,0
28360578,81.153,45.396,50.0000,29.1821,0.5500,1.2519,0.000,32.34,39.0,3,0
28361646,84.018,47.088,50.0000,29.3515,0.5500,1.2673,0.000,32.34,39.0,3,0
28362873,86.883,48.780,50.0000,29.4934,0.5500,1.1805,0.000,32.34,39.0,3,0
28363549,89.748,50.384,50.0000,29.5224,0.5500,0.9970,0.000,32.34,39.0,3,0
28364552,92.612,52.076,50.0000,29.6429,0.5500,1.0212,0.000,32.34,39.0,3,0
28365547,95.477,53.768,50.0000,29.7421,0.5500,1.0640,0.000,32.34,39.0,3,0
28366612,98.342,55.482,50.0000,29.7925,0.5500,1.1102,0.000,32.34,39.0,3,0
28367899,101.207,57.284,50.0000,29.8627,0.5500,1.0047,0.000,32.34,39.0,3,0
28368622,104.072,58.997,50.0000,29.8932,0.5500,0.8795,0.000,32.34,39.0,3,0
28369590,106.936,60.711,50.0000,30.1099,0.5500,0.9794,0.000,32.34,39.0,3,0
28370902,109.801,62.447,50.0000,30.0076,0.5500,0.9113,0.000,32.34,39.0,3,0
28371634,112.666,64.161,50.0000,30.3006,0.5500,0.9772,0.000,32.34,39.0,3,0
28372874,115.531,64.425,50.0000,30.1694,0.5500,0.9289,0.000,32.34,39.0,3,0
28373549,118.396,67.545,50.0000,30.2167,0.5500,0.7465,0.000,32.34,39.0,3,0
28374874,121.260,69.303,50.0000,30.3372,0.5500,0.8399,0.000,32.34,39.0,3,0
28375577,124.074,71.039,49.1000,30.4898,-10.2590,0.7125,0.000,32.34,39.0,3,2048
28376616,126.835,72.775,48.2000,30.4089,-10.2680,0.7971,0.000,32.34,39.0,3,2048
28377943,129.545,74.620,47.3000,30.5585,-10.2770,0.7268,0.000,32.34,39.0,3,2048
28378587,132.204,76.378,46.4000,30.7004,-10.2860,0.6389,0.000,32.34,39.0,3,2048
28379903,134.811,78.136,45.5000,30.5478,-10.2950,0.7762,0.000,32.34,39.0,3,2048
28380586,137.366,79.828,44.6000,30.6928,-10.3040,0.7949,0.000,32.34,39.0,3,2048
28381969,139.870,81.674,43.7000,30.8637,-10.3130,0.7795,0.000,32.34,39.0,3,2048
28382555,142.322,83.431,42.8000,30.8118,-10.3220,0.6707,0.000,32.34,39.0,3,2048
28383878,144.723,85.123,41.9000,30.9827,-10.3310,0.5202,0.000,32.34,39.0,3,2048
28384618,147.072,86.903,41.0000,30.9873,-10.3400,0.6949,0.000,32.34,39.0,3,2048
28385909,149.370,88.749,40.1000,31.0651,-10.3490,0.6444,0.000,32.34,39.0,3,2048
28386584,151.616,90.551,39.2000,31.2696,-10.3580,0.4334,0.000,32.34,39.0,3,2048
28387906,153.810,92.309,38.3000,31.0605,-10.3670,0.6092,0.000,32.34,39.0,3,2048
28388581,155.953,94.088,37.4000,31.0452,-10.3760,0.5158,0.000,32.34,39.0,3,2048
28389905,158.044,95.890,36.5000,31.2009,-10.3850,0.5191,0.000,32.34,39.0,3,2048
28390895,160.084,97.670,35.6000,31.2741,-10.3940,0.5828,0.000,32.34,39.0,3,2048
28391902,162.072,99.472,34.7000,31.2070,-10.4030,0.4477,0.000,32.34,39.0,3,2048
28392582,164.009,101.252,33.8000,31.3092,-10.4120,0.6202,0.000,32.34,39.0,3,2048
28393906,165.894,103.053,32.9000,31.2177,-10.4210,0.5521,0.000,32.34,39.0,3,2048
28394610,167.727,104.855,32.0000,31.4359,-10.4300,0.4741,0.000,32.34,39.0,3,2048
28395606,169.509,106.657,31.1000,31.3932,-10.4390,0.5587,0.000,32.34,39.0,3,2048
28396552,171.239,108.349,30.2000,31.3809,-10.4480,0.4521,0.000,32.34,39.0,3,2048
28397922,172.918,110.173,29.3000,31.5305,-10.4570,0.4488,0.000,32.34,39.0,3,2048
28398601,174.545,112.062,28.4000,31.4725,-10.4660,0.4565,0.000,32.34,39.0,3,2048
28399920,176.121,113.864,27.5000,31.5152,-10.4750,0.3488,0.000,32.34,39.0,3,2048
28400607,177.645,115.666,26.6000,31.4298,-10.4840,0.5576,0.000,32.34,39.0,3,2048
28401880,179.118,117.468,25.7000,31.4847,-10.4930,0.4158,0.000,32.34,39.0,3,2048
28402675,180.539,119.182,24.8000,31.5305,-10.5020,0.3620,0.000,32.34,39.0,3,2048
28403981,181.908,121.093,23.9000,31.6297,-10.5110,0.5488,0.000,32.34,39.0,3,2048
28404842,183.226,124.631,23.0000,31.7594,-10.5200,0.3598,0.000,32.34,39.0,3,2048
28406160,184.492,126.455,22.1000,31.7136,-10.5290,0.5070,0.000,32.34,39.0,3,2048
28406844,185.707,128.278,21.2000,31.7456,-10.5380,0.4158,0.000,32.34,39.0,3,2048
28408159,186.870,130.080,20.3000,31.7853,-10.5470,0.3719,0.000,32.34,39.0,3,2048
28408851,188.084,131.904,21.2000,31.6709,11.0620,0.4345,0.000,32.34,39.0,3,2048
28410249,189.247,133.816,20.3000,31.8631,-10.5470,0.3642,0.000,32.34,39.0,3,2048
28411247,190.359,135.639,19.4000,31.7609,-10.5560,0.3895,0.000,32.34,39.0,3,2048
28411932,191.419,136.277,18.5000,31.7197,-10.5650,0.0566,0.000,32.34,39.0,3,2048
28412584,192.427,137.463,17.6000,31.8128,-10.5740,0.1840,0.000,32.34,39.0,3,2048
28413904,193.384,139.287,16.7000,31.9211,-10.5830,-0.6729,0.000,32.34,39.0,3,2048
28414620,194.290,141.111,15.8000,31.6388,-10.5920,-0.5565,0.000,32.34,39.0,3,2048
28415625,195.143,142.912,14.9000,31.5442,-10.6010,-1.0080,0.000,32.34,39.0,3,2048
28416585,195.945,144.714,14.0000,31.4038,-10.6100,-1.3827,0.000,32.34,39.0,3,2048
28417906,196.696,146.472,13.1000,31.0285,-10.6190,-2.0572,0.000,32.34,39.0,3,2048
28418639,197.395,148.230,12.2000,30.6668,-10.6280,-2.5099,0.000,32.34,39.0,3,2048
28419880,198.042,149.988,11.3000,30.4166,-10.6370,-3.2053,0.000,32.34,39.0,3,2048
28420551,198.638,151.592,10.4000,29.7742,-10.6460,-3.7140,0.000,32.34,39.0,3,2048
28421874,199.183,153.262,9.5000,29.3912,-10.6550,-4.4270,0.000,32.34,39.0,3,2048
28422551,199.675,154.888,8.6000,28.6328,-10.6640,-5.3982,0.000,32.34,39.0,3,2048
28423615,200.000,156.492,0.0000,27.7554,0.0000,-5.9959,0.000,32.34,39.0,3,2048
28424568,200.000,158.118,0.0000,27.2213,0.0000,-6.6924,0.000,32.34,39.0,3,2048
28425609,200.000,159.524,0.0000,26.1425,0.0000,-7.6504,0.000,32.34,39.0,3,2048
28426570,200.000,161.040,0.0000,25.2026,0.0000,-7.9108,0.000,32.34,39.0,3,2048
28427887,200.000,162.336,0.0000,24.1512,0.0000,-8.4733,0.000,32.34,39.0,3,2048
28428615,200.000,163.655,0.0000,23.2219,0.0000,-8.6601,0.000,32.34,39.0,3,2048
28429594,200.000,164.973,0.0000,22.0211,0.0000,-8.7216,0.000,32.34,39.0,3,2048
28430861,200.000,166.182,0.0000,21.1376,0.0000,-8.6480,0.000,32.34,39.0,3,2048
28431542,200.000,167.236,0.0000,20.0816,0.0000,-8.0800,0.000,32.34,39.0,3,2048
28432869,200.000,167.412,0.0000,19.7963,0.0000,-8.0624,0.000,32.34,39.0,3,2048
28433578,200.000,169.390,0.0000,18.2872,0.0000,-7.4560,0.000,32.34,39.0,3,2048
28434919,200.000,170.423,0.0000,17.5212,0.0000,-6.9913,0.000,32.34,39.0,3,2048
28435566,200.000,171.389,0.0000,16.8223,0.0000,-6.5606,0.000,32.34,39.0,3,2048
28436612,200.000,172.246,0.0000,16.1967,0.0000,-6.1706,0.000,32.34,39.0,3,2048
28437889,200.000,173.191,0.0000,15.4749,0.0000,-5.6333,0.000,32.34,39.0,3,2048
28438570,200.000,173.982,0.0000,14.8569,0.0000,-5.3246,0.000,32.34,39.0,3,2048
28439632,200.000,174.795,0.0000,14.3641,0.0000,-5.1312,0.000,32.34,39.0,3,2048
28440542,200.000,175.630,0.0000,13.7827,0.0000,-4.4995,0.000,32.34,39.0,3,2048
28441541,200.000,176.355,0.0000,13.2959,0.0000,-4.2512,0.000,32.34,39.0,3,2048
28442865,200.000,177.080,0.0000,12.8428,0.0000,-4.0260,0.000,32.34,39.0,3,2048
28443576,200.000,177.783,0.0000,12.3545,0.0000,-3.7458,0.000,32.34,39.0,3,2048
28444600,200.000,178.509,0.0000,11.9074,0.0000,-3.3536,0.000,32.34,39.0,3,2048
28445606,200.000,179.146,0.0000,11.4252,0.0000,-3.1471,0.000,32.34,39.0,3,2048
28446572,200.000,179.783,0.0000,11.0239,0.0000,-2.8504,0.000,32.34,39.0,3,2048
28447895,200.000,180.354,0.0000,10.8133,0.0000,-2.9241,0.000,32.34,39.0,3,2048
28448629,200.000,180.970,0.0000,10.3937,0.0000,-2.6000,0.000,32.34,39.0,3,2048
28449546,200.000,181.541,0.0000,10.0397,0.0000,-2.4099,0.000,32.34,39.0,3,2048
28450918,200.000,182.068,0.0000,9.5788,0.0000,-2.3077,0.000,32.34,39.0,3,2048
28451567,200.000,182.618,0.0000,9.4095,0.0000,-2.1231,0.000,32.34,39.0,3,2048
28452887,200.000,182.705,0.0000,9.3652,0.0000,-2.1924,0.000,32.34,39.0,3,2048
28453568,200.000,183.606,0.0000,8.8373,0.0000,-2.0836,0.000,32.34,39.0,3,2048
28454892,200.000,184.112,0.0000,8.5840,0.0000,-2.0001,0.000,32.34,39.0,3,2048
28455568,200.000,184.573,0.0000,8.2544,0.0000,-1.9001,0.000,32.34,39.0,3,2048
28456569,200.000,185.035,0.0000,7.8653,0.0000,-1.8034,0.000,32.34,39.0,3,2048
28457887,200.000,185.452,0.0000,7.7768,0.0000,-1.8320,0.000,32.34,39.0,3,2048
28458569,200.000,185.891,0.0000,7.4319,0.0000,-1.9539,0.000,32.34,39.0,3,2048
28459569,200.000,186.331,0.0000,7.4060,0.0000,-1.8034,0.000,32.34,39.0,3,2048
28460582,200.000,186.705,0.0000,7.0245,0.0000,-1.7562,0.000,32.34,39.0,3,2048
28461542,200.000,187.122,0.0000,6.8658,0.0000,-1.6870,0.000,32.34,39.0,3,2048
28462905,200.000,187.474,0.0000,6.6262,0.0000,-1.5782,0.000,32.34,39.0,3,2048
28463592,200.000,187.869,0.0000,6.4904,0.0000,-1.4804,0.000,32.34,39.0,3,2048
28464594,200.000,188.221,0.0000,6.2768,0.0000,-1.5068,0.000,32.34,39.0,3,2048
28465593,200.000,188.550,0.0000,5.9167,0.0000,-1.6903,0.000,32.34,39.0,3,2048
28466541,200.000,188.880,0.0000,5.7794,0.0000,-1.5727,0.000,32.34,39.0,3,2048
28467995,200.000,189.209,0.0000,5.7610,0.0000,-1.3629,0.000,32.34,39.0,3,2048
28468614,200.000,189.539,0.0000,5.4391,0.0000,-1.3442,0.000,32.34,39.0,3,2048
28469546,200.000,189.825,0.0000,5.2911,0.0000,-1.2640,0.000,32.34,39.0,3,2048
28470862,200.000,190.110,0.0000,5.0500,0.0000,-1.0838,0.000,32.34,39.0,3,2048
28471542,200.000,190.396,0.0000,4.9187,0.0000,-1.1366,0.000,32.34,39.0,3,2048
28472867,200.000,190.418,0.0000,4.8806,0.0000,-1.0992,0.000,32.34,39.0,3,2048
28473607,200.000,190.923,0.0000,4.6929,0.0000,-1.1124,0.000,32.34,39.0,3,2048
28474927,200.000,191.187,0.0000,4.3969,0.0000,-1.0684,0.000,32.34,39.0,3,2048
28475575,200.000,191.429,0.0000,4.1711,0.0000,-1.2091,0.000,32.34,39.0,3,2048
28476573,200.000,191.670,0.0000,4.2092,0.0000,-1.1245,0.000,32.34,39.0,3,2048
28477886,200.000,191.912,0.0000,4.1222,0.0000,-1.0596,0.000,32.34,39.0,3,2048
28478590,200.000,192.132,0.0000,3.9254,0.0000,-0.9498,0.000,32.34,39.0,3,2048
28479615,200.000,192.352,0.0000,3.8430,0.0000,-0.9025,0.000,32.34,39.0,3,2048
28480541,200.000,192.571,0.0000,3.8094,0.0000,-0.7674,0.000,32.34,39.0,3,2048
28481541,200.000,192.769,0.0000,3.4417,0.0000,-0.7564,0.000,32.34,39.0,3,2048
28482867,200.000,192.967,0.0000,3.4493,0.0000,-0.6597,0.000,32.34,39.0,3,2048
28483608,200.000,193.165,0.0000,3.4829,0.0000,-0.6224,0.000,32.34,39.0,3,2048
28484569,200.000,193.340,0.0000,3.1930,0.0000,-0.6477,0.000,32.34,39.0,3,2048
28485611,200.000,193.516,0.0000,3.2067,0.0000,-0.6246,0.000,32.34,39.0,3,2048
28486565,200.000,193.692,0.0000,2.9854,0.0000,-0.6927,0.000,32.34,39.0,3,2048
28487887,200.000,193.868,0.0000,2.9946,0.0000,-0.7081,0.000,32.34,39.0,3,2048
28488622,200.000,194.022,0.0000,2.8359,0.0000,-0.7202,0.000,32.34,39.0,3,2048
28489547,200.000,194.197,0.0000,2.8191,0.0000,-0.7432,0.000,32.34,39.0,3,2048
28490858,200.000,194.351,0.0000,2.7382,0.0000,-0.6839,0.000,32.34,39.0,3,2048
28491542,200.000,194.483,0.0000,2.6711,0.0000,-0.7410,0.000,32.34,39.0,3,2048
28492866,200.000,194.527,0.0000,2.6467,0.0000,-0.7323,0.000,32.34,39.0,3,2048
28493609,200.000,194.769,0.0000,2.3781,0.0000,-0.6136,0.000,32.34,39.0,3,2048
28494934,200.000,194.923,0.0000,2.3644,0.0000,-0.5521,0.000,32.34,39.0,3,2048
28495575,200.000,195.054,0.0000,2.3430,0.0000,-0.5334,0.000,32.34,39.0,3,2048
28496575,200.000,195.186,0.0000,2.2011,0.0000,-0.4653,0.000,32.34,39.0,3,2048
28497890,200.000,195.296,0.0000,2.2347,0.0000,-0.3653,0.000,32.34,39.0,3,2048
28498634,200.000,195.406,0.0000,2.0912,0.0000,-0.3400,0.000,32.34,39.0,3,2048
28499546,200.000,195.538,0.0000,2.0607,0.0000,-0.3389,0.000,32.34,39.0,3,2048
28500553,200.000,195.648,0.0000,2.0027,0.0000,-0.2664,0.000,32.34,39.0,3,2048
28501599,200.000,195.757,0.0000,1.9371,0.0000,-0.2005,0.000,32.34,39.0,3,2048
28502887,200.000,195.889,0.0000,1.9860,0.0000,-0.2192,0.000,32.34,39.0,3,2048
28503569,200.000,195.955,0.0000,1.7922,0.0000,-0.2082,0.000,32.34,39.0,3,2048
28504569,200.000,196.065,0.0000,1.7418,0.0000,-0.2466,0.000,32.34,39.0,3,2048
28505564,200.000,196.175,0.0000,1.6869,0.0000,-0.2148,0.000,32.34,39.0,3,2048
28506564,200.000,196.263,0.0000,1.6091,0.0000,-0.1741,0.000,32.34,39.0,3,2048
28507884,200.000,196.351,0.0000,1.5068,0.0000,-0.2027,0.000,32.34,39.0,3,2048
28508569,200.000,196.439,0.0000,1.4961,0.0000,-0.2005,0.000,32.34,39.0,3,2048
28509586,200.000,196.526,0.0000,1.4916,0.0000,-0.1829,0.000,32.34,39.0,3,2048
28510858,200.000,196.614,0.0000,1.4580,0.0000,-0.1522,0.000,32.34,39.0,3,2048
28511542,200.000,196.680,0.0000,1.3848,0.0000,-0.1159,0.000,32.34,39.0,3,2048
28512908,200.000,196.702,0.0000,1.4549,0.0000,-0.1115,0.000,32.34,39.0,3,2048
28513591,200.000,196.834,0.0000,1.3313,0.0000,-0.2401,0.000,32.34,39.0,3,2048
28514913,200.000,196.922,0.0000,1.2840,0.0000,-0.2203,0.000,32.34,39.0,3,2048
28515598,200.000,196.988,0.0000,1.2566,0.0000,-0.1939,0.000,32.34,39.0,3,2048
28516546,200.000,197.054,0.0000,1.1925,0.0000,-0.1928,0.000,32.34,39.0,3,2048
28517993,200.000,197.120,0.0000,1.1589,0.0000,-0.2423,0.000,32.34,39.0,3,2048
28518617,200.000,197.208,0.0000,1.3451,0.0000,-0.1763,0.000,32.34,39.0,3,2048
28519546,200.000,197.274,0.0000,1.0796,0.0000,-0.2291,0.000,32.34,39.0,3,2048
28520541,200.000,197.317,0.0000,1.0414,0.0000,-0.2060,0.000,32.34,39.0,3,2048
28521541,200.000,197.383,0.0000,1.0536,0.0000,-0.1917,0.000,32.34,39.0,3,2048
28522922,200.000,197.449,0.0000,1.1147,0.0000,-0.1972,0.000,32.34,39.0,3,2048
28523571,200.000,197.515,0.0000,1.0826,0.0000,-0.1851,0.000,32.34,39.0,3,2048
28524613,200.000,197.581,0.0000,1.1437,0.0000,-0.1599,0.000,32.34,39.0,3,2048
28525570,200.000,197.647,0.0000,1.1101,0.0000,-0.1280,0.000,32.34,39.0,3,2048
28526571,200.000,197.691,0.0000,1.0124,0.0000,-0.1533,0.000,32.34,39.0,3,2048
28527887,200.000,197.735,0.0000,0.9545,0.0000,-0.1192,0.000,32.34,39.0,3,2048
28528632,200.000,197.801,0.0000,0.9285,0.0000,-0.1258,0.000,32.34,39.0,3,2048
28529547,200.000,197.867,0.0000,0.9300,0.0000,-0.1621,0.000,32.34,39.0,3,2048
28530860,200.000,197.911,0.0000,0.8659,0.0000,-0.1115,0.000,32.34,39.0,3,2048
28531542,200.000,197.955,0.0000,0.8888,0.0000,-0.0818,0.000,32.34,39.0,3,2048
28532867,200.000,197.955,0.0000,0.8751,0.0000,-0.0818,0.000,32.34,39.0,3,2048
28533609,200.000,198.043,0.0000,0.8019,0.0000,-0.0720,0.000,32.34,39.0,3,2048
28534934,200.000,198.087,0.0000,0.7454,0.0000,-0.0401,0.000,32.34,39.0,3,2048
28535577,200.000,198.131,0.0000,0.7897,0.0000,-0.0104,0.000,32.34,39.0,3,2048
28536572,200.000,198.174,0.0000,0.7897,0.0000,-0.0566,0.000,32.34,39.0,3,2048
28537942,200.000,198.218,0.0000,0.6722,0.0000,-0.0357,0.000,32.34,39.0,3,2048
28538568,200.000,198.262,0.0000,0.7500,0.0000,0.0137,0.000,32.34,39.0,3,2048
28539549,200.000,198.306,0.0000,0.6828,0.0000,0.0016,0.000,32.34,39.0,3,2048
28540603,200.000,198.328,0.0000,0.6340,0.0000,0.0225,0.000,32.34,39.0,3,2048
28541564,200.000,198.372,0.0000,0.7118,0.0000,0.0269,0.000,32.34,39.0,3,2048
28542885,200.000,198.394,0.0000,0.5806,0.0000,0.0390,0.000,32.34,39.0,3,2048
28543567,200.000,198.438,0.0000,0.6065,0.0000,0.0709,0.000,32.34,39.0,3,2048
28544567,200.000,198.482,0.0000,0.6020,0.0000,0.0170,0.000,32.34,39.0,3,2048
28545562,200.000,198.504,0.0000,0.4280,0.0000,0.1060,0.000,32.34,39.0,3,2048
28546562,200.000,198.526,0.0000,0.5425,0.0000,0.1159,0.000,32.34,39.0,3,2048
28547882,200.000,198.570,0.0000,0.5257,0.0000,0.0928,0.000,32.34,39.0,3,2048
28548566,200.000,198.592,0.0000,0.4250,0.0000,0.1038,0.000,32.34,39.0,3,2048
28549583,200.000,198.636,0.0000,0.4829,0.0000,0.0983,0.000,32.34,39.0,3,2048
28550858,200.000,198.658,0.0000,0.4921,0.0000,0.0884,0.000,32.34,39.0,3,2048
28551542,200.000,198.680,0.0000,0.5150,0.0000,0.1115,0.000,32.34,39.0,3,2048
28552906,200.000,198.680,0.0000,0.5333,0.0000,0.1225,0.000,32.34,39.0,3,2048
28553589,200.000,198.724,0.0000,0.4204,0.0000,0.1038,0.000,32.34,39.0,3,2048
28554794,200.000,198.746,0.0000,0.4646,0.0000,0.1225,0.000,32.34,39.0,3,2048
28555553,200.000,198.768,0.0000,0.4158,0.0000,0.0544,0.000,32.34,39.0,3,2048
28556546,200.000,198.790,0.0000,0.3502,0.0000,0.1368,0.000,32.34,39.0,3,2048
28557893,200.000,198.834,0.0000,0.5379,0.0000,0.0851,0.000,32.34,39.0,3,2048
28558843,200.000,198.878,0.0000,0.3349,0.0000,0.1467,0.000,32.34,39.0,3,2048
28559840,200.000,198.900,0.0000,0.3899,0.0000,0.1192,0.000,32.34,39.0,3,2048
28560849,200.000,198.900,0.0000,0.3105,0.0000,0.0895,0.000,32.34,39.0,3,2048
28561840,200.000,198.922,0.0000,0.3838,0.0000,0.1280,0.000,32.34,39.0,3,2048
28563247,200.000,198.943,0.0000,0.3212,0.0000,0.1203,0.000,32.34,39.0,3,2048
28563840,200.000,198.965,0.0000,0.3746,0.0000,0.1280,0.000,32.34,39.0,3,2048
28564848,200.000,198.987,0.0000,0.2907,0.0000,0.1192,0.000,32.34,39.0,3,2048
28565838,200.000,199.009,0.0000,0.4448,0.0000,0.1225,0.000,32.34,39.0,3,2048
28566923,200.000,199.031,0.0000,0.3700,0.0000,0.1456,0.000,32.34,39.0,3,2048
28568171,200.000,199.031,0.0000,0.2342,0.0000,0.0972,0.000,32.34,39.0,3,2048
28568917,200.000,199.053,0.0000,0.2052,0.0000,0.1291,0.000,32.34,39.0,3,2048
28569932,200.000,199.075,0.0000,0.3319,0.0000,0.1170,0.000,32.34,39.0,3,2048
28571251,200.000,199.075,0.0000,0.1747,0.0000,0.1159,0.000,32.34,39.0,3,2048
28571544,200.000,199.097,0.0000,0.2098,0.0000,0.1368,0.000,32.34,39.0,3,2048
28572872,200.000,199.097,0.0000,0.3090,0.0000,0.1203,0.000,32.34,39.0,3,2048
28573541,200.000,199.119,0.0000,0.3014,0.0000,0.1456,0.000,32.34,39.0,3,2048
28574869,200.000,199.119,0.0000,0.1732,0.0000,0.1434,0.000,32.34,39.0,3,2048
28575549,200.000,199.141,0.0000,0.2052,0.0000,0.0928,0.000,32.34,39.0,3,2048
28576615,200.000,199.163,0.0000,0.1701,0.0000,0.1126,0.000,32.34,39.0,3,2048
28577932,200.000,199.185,0.0000,0.1961,0.0000,0.0731,0.000,32.34,39.0,3,2048
28578575,200.000,199.185,0.0000,0.1152,0.0000,0.1016,0.000,32.34,39.0,3,2048
28579578,200.000,199.207,0.0000,0.2419,0.0000,0.0720,0.000,32.34,39.0,3,2048
28580573,200.000,199.229,0.0000,0.2159,0.0000,0.0917,0.000,32.34,39.0,3,2048
28581640,200.000,199.229,0.0000,0.3365,0.0000,0.0884,0.000,32.34,39.0,3,2048
28582869,200.000,199.251,0.0000,0.0313,0.0000,0.1258,0.000,32.34,39.0,3,2048
28583542,200.000,199.251,0.0000,0.1549,0.0000,0.0797,0.000,32.34,39.0,3,2048
28584547,200.000,199.273,0.0000,0.3273,0.0000,0.0939,0.000,32.34,39.0,3,2048
28585607,200.000,199.273,0.0000,0.1274,0.0000,0.1115,0.000,32.34,39.0,3,2048
28586568,200.000,199.295,0.0000,0.2068,0.0000,0.0665,0.000,32.34,39.0,3,2048
28587934,200.000,199.317,0.0000,0.2373,0.0000,0.1082,0.000,32.34,39.0,3,2048
28588583,200.000,199.317,0.0000,0.2235,0.0000,0.1049,0.000,32.34,39.0,3,2048
28589576,200.000,199.317,0.0000,0.0572,0.0000,0.0665,0.000,32.34,39.0,3,2048
28590955,200.000,199.339,0.0000,0.2556,0.0000,0.1005,0.000,32.34,39.0,3,2048
28591544,200.000,199.339,0.0000,0.2296,0.0000,0.1148,0.000,32.34,39.0,3,2048
28592865,200.000,199.339,0.0000,0.1686,0.0000,0.1104,0.000,32.34,39.0,3,2048
28593610,200.000,199.361,0.0000,0.0359,0.0000,0.1071,0.000,32.34,39.0,3,2048
28594898,200.000,199.383,0.0000,0.2373,0.0000,0.1060,0.000,32.34,39.0,3,2048
28595575,200.000,199.383,0.0000,0.1869,0.0000,0.1588,0.000,32.34,39.0,3,2048
28596575,200.000,199.383,0.0000,0.0862,0.0000,0.0610,0.000,32.34,39.0,3,2048
28597891,200.000,199.405,0.0000,0.0587,0.0000,0.1313,0.000,32.34,39.0,3,2048
28598573,200.000,199.405,0.0000,0.2113,0.0000,0.0950,0.000,32.34,39.0,3,2048
28599575,200.000,199.405,0.0000,-0.0008,0.0000,0.1247,0.000,32.34,39.0,3,2048
28600569,200.000,199.427,0.0000,0.1076,0.0000,0.1456,0.000,32.34,39.0,3,2048
28601569,200.000,199.427,0.0000,0.1152,0.0000,0.1093,0.000,32.34,39.0,3,2048
28602904,200.000,199.427,0.0000,0.0664,0.0000,0.1653,0.000,32.34,39.0,3,2048
28603546,200.000,199.427,0.0000,-0.0114,0.0000,0.1390,0.000,32.34,39.0,3,2048
28604563,200.000,199.449,0.0000,0.0710,0.0000,0.0764,0.000,32.34,39.0,3,2048
28605595,200.000,199.449,0.0000,0.1167,0.0000,0.1445,0.000,32.34,39.0,3,2048
28606590,200.000,199.471,0.0000,0.0862,0.0000,0.1280,0.000,32.34,39.0,3,2048
28607916,200.000,199.471,0.0000,0.1137,0.0000,0.1203,0.000,32.34,39.0,3,2048
28608548,200.000,199.471,0.0000,0.1167,0.0000,0.1357,0.000,32.34,39.0,3,2048
28609566,200.000,199.471,0.0000,0.0832,0.0000,0.1302,0.000,32.34,39.0,3,2048
28610866,200.000,199.493,0.0000,0.0999,0.0000,0.1071,0.000,32.34,39.0,3,2048
28611543,200.000,199.493,0.0000,0.0893,0.0000,0.1730,0.000,32.34,39.0,3,2048
28612887,200.000,199.493,0.0000,0.1350,0.0000,0.1730,0.000,32.34,39.0,3,2048
28613542,200.000,199.493,0.0000,0.1610,0.0000,0.1346,0.000,32.34,39.0,3,2048
28614923,200.000,199.493,0.0000,0.0008,0.0000,0.1346,0.000,32.34,39.0,3,2048
28615547,200.000,199.515,0.0000,0.1915,0.0000,0.0917,0.000,32.34,39.0,3,2048
28616565,200.000,199.515,0.0000,0.1381,0.0000,0.1170,0.000,32.34,39.0,3,2048
28617861,200.000,199.515,0.0000,0.0282,0.0000,0.1500,0.000,32.34,39.0,3,2048
28618600,200.000,199.537,0.0000,0.2449,0.0000,0.1082,0.000,32.34,39.0,3,2048
28619547,200.000,199.537,0.0000,0.0557,0.0000,0.1005,0.000,32.34,39.0,3,2048
28620674,200.000,199.537,0.0000,0.1610,0.0000,0.1346,0.000,32.34,39.0,3,2048
28621543,200.000,199.537,0.0000,0.1381,0.0000,0.0873,0.000,32.34,39.0,3,2048
28622871,200.000,199.559,0.0000,0.0999,0.0000,0.0972,0.000,32.34,39.0,3,2048
28623542,200.000,199.559,0.0000,0.1167,0.0000,0.0818,0.000,32.34,39.0,3,2048
28624547,200.000,199.559,0.0000,0.1030,0.0000,0.0126,0.000,32.34,39.0,3,2048
28625606,200.000,199.581,0.0000,-0.0053,0.0000,0.1071,0.000,32.34,39.0,3,2048
28626612,200.000,199.581,0.0000,0.1076,0.0000,0.0983,0.000,32.34,39.0,3,2048
28627892,200.000,199.581,0.0000,0.1274,0.0000,0.0412,0.000,32.34,39.0,3,2048
28628574,200.000,199.581,0.0000,0.0862,0.0000,0.0775,0.000,32.34,39.0,3,2048
28629578,200.000,199.603,0.0000,0.2586,0.0000,0.0829,0.000,32.34,39.0,3,2048
28630954,200.000,199.603,0.0000,0.0801,0.0000,0.0082,0.000,32.34,39.0,3,2048
28631543,200.000,199.603,0.0000,0.1335,0.0000,0.0555,0.000,32.34,39.0,3,2048
28632867,200.000,199.603,0.0000,0.0984,0.0000,0.0588,0.000,32.34,39.0,3,2048
28633544,200.000,199.625,0.0000,0.0923,0.0000,0.0181,0.000,32.34,39.0,3,2048
28634869,200.000,199.625,0.0000,0.1198,0.0000,0.0621,0.000,32.34,39.0,3,2048
28635607,200.000,199.647,0.0000,0.2708,0.0000,-0.0082,0.000,32.34,39.0,3,2048
28636612,200.000,199.647,0.0000,0.0694,0.0000,0.0775,0.000,32.34,39.0,3,2048
28637902,200.000,199.647,0.0000,0.1930,0.0000,0.0049,0.000,32.34,39.0,3,2048
28638581,200.000,199.647,0.0000,0.0694,0.0000,0.0104,0.000,32.34,39.0,3,2048
28639578,200.000,199.669,0.0000,0.1884,0.0000,-0.0027,0.000,32.34,39.0,3,2048
28640641,200.000,199.669,0.0000,0.0877,0.0000,0.0104,0.000,32.34,39.0,3,2048
28641542,200.000,199.669,0.0000,0.0847,0.0000,0.0192,0.000,32.34,39.0,3,2048
28642920,200.000,199.691,0.0000,0.1869,0.0000,0.0049,0.000,32.34,39.0,3,2048
28643574,200.000,199.691,0.0000,0.0984,0.0000,-0.0181,0.000,32.34,39.0,3,2048
28644577,200.000,199.691,0.0000,0.1595,0.0000,0.0049,0.000,32.34,39.0,3,2048
28645569,200.000,199.691,0.0000,0.0359,0.0000,-0.0280,0.000,32.34,39.0,3,2048
28646569,200.000,199.712,0.0000,0.1122,0.0000,-0.0060,0.000,32.34,39.0,3,2048
28647892,200.000,199.712,0.0000,0.0450,0.0000,-0.0082,0.000,32.34,39.0,3,2048
28648573,200.000,199.712,0.0000,-0.0465,0.0000,-0.0291,0.000,32.34,39.0,3,2048
28649575,200.000,199.712,0.0000,0.1091,0.0000,-0.0379,0.000,32.34,39.0,3,2048
28650887,200.000,199.712,0.0000,0.1381,0.0000,-0.0137,0.000,32.34,39.0,3,2048
28651588,200.000,199.712,0.0000,-0.0526,0.0000,0.0060,0.000,32.34,39.0,3,2048
28652868,200.000,199.712,0.0000,0.0175,0.0000,0.0247,0.000,32.34,39.0,3,2048
28653542,200.000,199.734,0.0000,0.1335,0.0000,0.0346,0.000,32.34,39.0,3,2048
28654919,200.000,199.734,0.0000,-0.0053,0.0000,-0.0049,0.000,32.34,39.0,3,2048
28655598,200.000,199.734,0.0000,0.0008,0.0000,0.0159,0.000,32.34,39.0,3,2048
28656599,200.000,199.734,0.0000,0.0557,0.0000,-0.0126,0.000,32.34,39.0,3,2048
28657918,200.000,199.734,0.0000,-0.0938,0.0000,-0.0412,0.000,32.34,39.0,3,2048
28658547,200.000,199.734,0.0000,0.1259,0.0000,-0.0071,0.000,32.34,39.0,3,2048
28659564,200.000,199.756,0.0000,0.1366,0.0000,-0.0445,0.000,32.34,39.0,3,2048
28660545,200.000,199.734,0.0000,-0.0206,0.0000,-0.0104,0.000,32.34,39.0,3,2048
28661542,200.000,199.756,0.0000,0.2129,0.0000,0.0181,0.000,32.34,39.0,3,2048
28662889,200.000,199.756,0.0000,-0.0572,0.0000,-0.0071,0.000,32.34,39.0,3,2048
28663542,200.000,199.756,0.0000,0.1350,0.0000,0.0060,0.000,32.34,39.0,3,2048
28664605,200.000,199.756,0.0000,0.0084,0.0000,0.0269,0.000,32.34,39.0,3,2048
28665542,200.000,199.756,0.0000,0.0374,0.0000,-0.0082,0.000,32.34,39.0,3,2048
28666560,200.000,199.756,0.0000,-0.0404,0.0000,0.0423,0.000,32.34,39.0,3,2048
28667870,200.000,199.756,0.0000,0.1762,0.0000,-0.0335,0.000,32.34,39.0,3,2048
28668600,200.000,199.756,0.0000,0.0664,0.0000,0.0225,0.000,32.34,39.0,3,2048
28669547,200.000,199.756,0.0000,-0.0648,0.0000,0.0005,0.000,32.34,39.0,3,2048
28670996,200.000,199.778,0.0000,0.0984,0.0000,-0.0203,0.000,32.34,39.0,3,2048
28671544,200.000,199.756,0.0000,-0.0954,0.0000,0.0016,0.000,32.34,39.0,3,2048
28672868,200.000,199.756,0.0000,-0.0664,0.0000,0.0005,0.000,32.34,39.0,3,2048
28673542,200.000,199.778,0.0000,0.1320,0.0000,0.0170,0.000,32.34,39.0,3,2048
28674871,200.000,199.778,0.0000,0.0404,0.0000,0.0126,0.000,32.34,39.0,3,2048
28675590,200.000,199.756,0.0000,-0.0038,0.0000,0.0093,0.000,32.34,39.0,3,2048
28676582,200.000,199.756,0.0000,0.0359,0.0000,0.0269,0.000,32.34,39.0,3,2048
28677930,200.000,199.756,0.0000,0.0191,0.0000,0.0291,0.000,32.34,39.0,3,2048
28678577,200.000,199.778,0.0000,0.0298,0.0000,-0.0093,0.000,32.34,39.0,3,2048
28679576,200.000,199.778,0.0000,0.0679,0.0000,0.0269,0.000,32.34,39.0,3,2048
28680572,200.000,199.756,0.0000,-0.1060,0.0000,-0.0269,0.000,32.34,39.0,3,2048
28681640,200.000,199.778,0.0000,-0.0252,0.0000,0.0412,0.000,32.34,39.0,3,2048
28682868,200.000,199.778,0.0000,0.0389,0.0000,0.0093,0.000,32.34,39.0,3,2048
28683542,200.000,199.778,0.0000,-0.0191,0.0000,0.0060,0.000,32.34,39.0,3,2048
28684547,200.000,199.756,0.0000,-0.0694,0.0000,0.0093,0.000,32.34,39.0,3,2048
28685583,200.000,199.778,0.0000,0.0648,0.0000,0.0368,0.000,32.34,39.0,3,2048
28686585,200.000,199.778,0.0000,-0.0008,0.0000,0.0379,0.000,32.34,39.0,3,2048
28687930,200.000,199.778,0.0000,-0.0084,0.0000,0.0368,0.000,32.34,39.0,3,2048
28688585,200.000,199.778,0.0000,-0.0267,0.0000,-0.0203,0.000,32.34,39.0,3,2048
28689578,200.000,199.778,0.0000,-0.0282,0.0000,0.0291,0.000,32.34,39.0,3,2048
28690957,200.000,199.778,0.0000,-0.0099,0.0000,-0.0005,0.000,32.34,39.0,3,2048
28691543,200.000,199.756,0.0000,-0.0328,0.0000,0.0610,0.000,32.34,39.0,3,2048
28692865,200.000,199.778,0.0000,0.0008,0.0000,0.0599,0.000,32.34,39.0,3,2048
28693607,200.000,199.778,0.0000,0.0999,0.0000,0.0379,0.000,32.34,39.0,3,2048
28694899,200.000,199.778,0.0000,-0.1076,0.0000,-0.0005,0.000,32.34,39.0,3,2048
28695574,200.000,199.756,0.0000,-0.1762,0.0000,0.0522,0.000,32.34,39.0,3,2048
28696574,200.000,199.778,0.0000,0.0542,0.0000,-0.0126,0.000,32.34,39.0,3,2048
28697891,200.000,199.778,0.0000,0.0160,0.0000,0.0346,0.000,32.34,39.0,3,2048
28698573,200.000,199.778,0.0000,-0.0130,0.0000,0.0082,0.000,32.34,39.0,3,2048
28699575,200.000,199.778,0.0000,0.0252,0.0000,0.0544,0.000,32.34,39.0,3,2048
28700569,200.000,199.778,0.0000,-0.0420,0.0000,0.0005,0.000,32.34,39.0,3,2048
28701569,200.000,199.756,0.0000,-0.0648,0.0000,0.0236,0.000,32.34,39.0,3,2048
28702904,200.000,199.756,0.0000,-0.0450,0.0000,-0.0170,0.000,32.34,39.0,3,2048
28703546,200.000,199.778,0.0000,0.1137,0.0000,0.0060,0.000,32.34,39.0,3,2048
28704547,200.000,199.778,0.0000,-0.0023,0.0000,0.0115,0.000,32.34,39.0,3,2048
28705594,200.000,199.778,0.0000,-0.0099,0.0000,0.0104,0.000,32.34,39.0,3,2048
28706590,200.000,199.778,0.0000,-0.0328,0.0000,0.0412,0.000,32.34,39.0,3,2048
28707916,200.000,199.778,0.0000,0.0328,0.0000,0.0368,0.000,32.34,39.0,3,2048
28708545,200.000,199.756,0.0000,-0.1991,0.0000,0.0137,0.000,32.34,39.0,3,2048
28709568,200.000,199.778,0.0000,0.1900,0.0000,0.0203,0.000,32.34,39.0,3,2048
28710865,200.000,199.756,0.0000,-0.0832,0.0000,-0.0115,0.000,32.34,39.0,3,2048
28711543,200.000,199.778,0.0000,0.1060,0.0000,-0.0071,0.000,32.34,39.0,3,2048
28712888,200.000,199.778,0.0000,0.0755,0.0000,-0.0170,0.000,32.34,39.0,3,2048
28713542,200.000,199.756,0.0000,-0.0679,0.0000,0.0533,0.000,32.34,39.0,3,2048
28714924,200.000,199.778,0.0000,0.0954,0.0000,-0.0236,0.000,32.34,39.0,3,2048
28715547,200.000,199.778,0.0000,-0.0481,0.0000,0.0247,0.000,32.34,39.0,3,2048
28716565,200.000,199.778,0.0000,0.0099,0.0000,0.0038,0.000,32.34,39.0,3,2048
28717860,200.000,199.778,0.0000,0.0008,0.0000,0.0258,0.000,32.34,39.0,3,2048
28718600,200.000,199.778,0.0000,-0.0374,0.0000,0.0027,0.000,32.34,39.0,3,2048
28719547,200.000,199.778,0.0000,-0.0511,0.0000,0.0159,0.000,32.34,39.0,3,2048
28720674,200.000,199.778,0.0000,0.0282,0.0000,-0.0192,0.000,32.34,39.0,3,2048
28721543,200.000,199.756,0.0000,-0.1289,0.0000,0.0313,0.000,32.34,39.0,3,2048
28722870,200.000,199.778,0.0000,0.0648,0.0000,0.0181,0.000,32.34,39.0,3,2048
28723542,200.000,199.778,0.0000,0.0267,0.0000,0.0236,0.000,32.34,39.0,3,2048
28724547,200.000,199.778,0.0000,-0.0450,0.0000,0.0621,0.000,32.34,39.0,3,2048
28725607,200.000,199.756,0.0000,0.0343,0.0000,0.0434,0.000,32.34,39.0,3,2048
28726612,200.000,199.778,0.0000,-0.0099,0.0000,0.0170,0.000,32.34,39.0,3,2048
28727894,200.000,199.778,0.0000,-0.1076,0.0000,0.0049,0.000,32.34,39.0,3,2048
28728574,200.000,199.778,0.0000,-0.0175,0.0000,0.0423,0.000,32.34,39.0,3,2048
28729577,200.000,199.778,0.0000,0.0023,0.0000,0.0159,0.000,32.34,39.0,3,2048
28730963,200.000,199.778,0.0000,-0.0008,0.0000,0.0203,0.000,32.34,39.0,3,2048
28731543,200.000,199.778,0.0000,0.0145,0.0000,0.0071,0.000,32.34,39.0,3,2048
28732867,200.000,199.778,0.0000,-0.0877,0.0000,0.0335,0.000,32.34,39.0,3,2048
28733607,200.000,199.778,0.0000,-0.0008,0.0000,0.0170,0.000,32.34,39.0,3,2048
28734898,200.000,199.756,0.0000,-0.1167,0.0000,-0.0027,0.000,32.34,39.0,3,2048
28735574,200.000,199.778,0.0000,-0.0053,0.0000,-0.0016,0.000,32.34,39.0,3,2048
28736575,200.000,199.778,0.0000,-0.1244,0.0000,-0.0137,0.000,32.34,39.0,3,2048
28737892,200.000,199.778,0.0000,0.0023,0.0000,0.0390,0.000,32.34,39.0,3,2048
28738573,200.000,199.778,0.0000,-0.0008,0.0000,-0.0016,0.000,32.34,39.0,3,2048
28739576,200.000,199.778,0.0000,0.0038,0.0000,0.0192,0.000,32.34,39.0,3,2048
28740569,200.000,199.756,0.0000,-0.0084,0.0000,0.0115,0.000,32.34,39.0,3,2048
28741569,200.000,199.778,0.0000,-0.0771,0.0000,-0.0159,0.000,32.34,39.0,3,2048
28742904,200.000,199.778,0.0000,0.1488,0.0000,-0.0060,0.000,32.34,39.0,3,2048
28743546,200.000,199.778,0.0000,-0.0877,0.0000,0.0335,0.000,32.34,39.0,3,2048
28744547,200.000,199.778,0.0000,0.0648,0.0000,0.0005,0.000,32.34,39.0,3,2048
28745594,200.000,199.756,0.0000,-0.0389,0.0000,-0.0423,0.000,32.34,39.0,3,2048
28746589,200.000,199.778,0.0000,0.0893,0.0000,0.0203,0.000,32.34,39.0,3,2048
28747916,200.000,199.778,0.0000,-0.0801,0.0000,0.0346,0.000,32.34,39.0,3,2048
28748545,200.000,199.778,0.0000,0.0450,0.0000,0.0280,0.000,32.34,39.0,3,2048
28749565,200.000,199.778,0.0000,0.1183,0.0000,-0.0082,0.000,32.34,39.0,3,2048
28750865,200.000,199.756,0.0000,-0.1335,0.0000,-0.0313,0.000,32.34,39.0,3,2048
28751543,200.000,199.778,0.0000,0.0389,0.0000,0.0500,0.000,32.34,39.0,3,2048
28752955,200.000,199.778,0.0000,0.0679,0.0000,0.0203,0.000,32.34,39.0,3,2048
28753883,200.000,199.778,0.0000,0.0099,0.0000,0.0302,0.000,32.34,39.0,3,2048
28755155,200.000,199.778,0.0000,-0.0786,0.0000,0.0126,0.000,32.34,39.0,3,2048
28755755,200.000,199.778,0.0000,-0.0984,0.0000,0.0445,0.000,32.34,39.0,3,2048
28756836,200.000,199.756,0.0000,-0.1732,0.0000,-0.0060,0.000,32.34,39.0,3,2048
28758169,200.000,199.756,0.0000,0.0008,0.0000,-0.0291,0.000,32.34,39.0,3,2048
28758753,200.000,199.778,0.0000,0.0771,0.0000,0.0445,0.000,32.34,39.0,3,2048
28759906,200.000,199.778,0.0000,-0.0557,0.0000,-0.0280,0.000,32.34,39.0,3,2048
28760839,200.000,199.778,0.0000,0.0435,0.0000,0.0225,0.000,32.34,39.0,3,2048
28761929,200.000,199.778,0.0000,-0.0374,0.0000,0.0258,0.000,32.34,39.0,3,2048
28763209,200.000,199.778,0.0000,0.0694,0.0000,0.0192,0.000,32.34,39.0,3,2048
28763758,200.000,199.756,0.0000,-0.0572,0.0000,-0.0247,0.000,32.34,39.0,3,2048
28764907,200.000,199.778,0.0000,0.0862,0.0000,0.0082,0.000,32.34,39.0,3,2048
28765833,200.000,199.778,0.0000,-0.1015,0.0000,0.0368,0.000,32.34,39.0,3,2048
28766887,200.000,199.778,0.0000,0.1396,0.0000,0.0280,0.000,32.34,39.0,3,2048
28768170,200.000,199.778,0.0000,-0.1289,0.0000,0.0445,0.000,32.34,39.0,3,2048
28768755,200.000,199.778,0.0000,0.0893,0.0000,0.0104,0.000,32.34,39.0,3,2048
28769905,200.000,199.778,0.0000,-0.0877,0.0000,0.0368,0.000,32.34,39.0,3,2048
28771160,200.000,199.778,0.0000,-0.0801,0.0000,-0.0148,0.000,32.34,39.0,3,2048
28771617,200.000,199.778,0.0000,0.1518,0.0000,-0.0060,0.000,32.34,39.0,3,2048
28772978,200.000,199.778,0.0000,-0.0786,0.0000,0.0115,0.000,32.34,39.0,3,2048
28773549,200.000,199.778,0.0000,-0.0130,0.0000,0.0456,0.000,32.34,39.0,3,2048
28774866,200.000,199.778,0.0000,0.0984,0.0000,0.0324,0.000,32.34,39.0,3,2048
28775546,200.000,199.778,0.0000,-0.0771,0.0000,0.0236,0.000,32.34,39.0,3,2048
28776547,200.000,199.778,0.0000,0.0587,0.0000,0.0357,0.000,32.34,39.0,3,2048
28777924,200.000,199.778,0.0000,-0.0282,0.0000,0.0038,0.000,32.34,39.0,3,2048
28778572,200.000,199.778,0.0000,-0.0435,0.0000,0.0313,0.000,32.34,39.0,3,2048
28779619,200.000,199.778,0.0000,0.0557,0.0000,-0.0137,0.000,32.34,39.0,3,2048
28780571,200.000,199.778,0.0000,0.0252,0.0000,0.0654,0.000,32.34,39.0,3,2048
28781572,200.000,199.778,0.0000,-0.0816,0.0000,0.0236,0.000,32.34,39.0,3,2048
28782963,200.000,199.778,0.0000,-0.0465,0.0000,-0.0082,0.000,32.34,39.0,3,2048
28783880,200.000,199.778,0.0000,-0.0938,0.0000,0.0258,0.000,32.34,39.0,3,2048
28784836,200.000,199.778,0.0000,-0.0511,0.0000,0.0203,0.000,32.34,39.0,3,2048
28785835,200.000,199.778,0.0000,-0.0282,0.0000,0.0049,0.000,32.34,39.0,3,2048
28786912,200.000,199.778,0.0000,-0.0420,0.0000,0.0005,0.000,32.34,39.0,3,2048
28788215,200.000,199.778,0.0000,0.0069,0.0000,-0.0082,0.000,32.34,39.0,3,2048
28788889,200.000,199.778,0.0000,0.0679,0.0000,0.0511,0.000,32.34,39.0,3,2048
28789894,200.000,199.778,0.0000,-0.0313,0.0000,0.0071,0.000,32.34,39.0,3,2048
28791217,200.000,199.778,0.0000,-0.0008,0.0000,0.0643,0.000,32.34,39.0,3,2048
28791570,200.000,199.778,0.0000,0.0740,0.0000,0.0313,0.000,32.34,39.0,3,2048
28792889,200.000,199.778,0.0000,0.0145,0.0000,-0.0115,0.000,32.34,39.0,3,2048
28793575,200.000,199.778,0.0000,-0.0252,0.0000,-0.0126,0.000,32.34,39.0,3,2048
28794896,200.000,199.778,0.0000,-0.1274,0.0000,0.0016,0.000,32.34,39.0,3,2048
28795575,200.000,199.778,0.0000,0.0481,0.0000,0.0170,0.000,32.34,39.0,3,2048
28796574,200.000,199.778,0.0000,0.0191,0.0000,0.0621,0.000,32.34,39.0,3,2048
28797904,200.000,199.778,0.0000,0.0710,0.0000,0.0324,0.000,32.34,39.0,3,2048
28798544,200.000,199.756,0.0000,-0.0084,0.0000,0.0192,0.000,32.34,39.0,3,2048
28799547,200.000,199.778,0.0000,-0.0542,0.0000,-0.0082,0.000,32.34,39.0,3,2048
28800594,200.000,199.778,0.0000,0.0053,0.0000,-0.0082,0.000,32.34,39.0,3,2048
28801592,200.000,199.778,0.0000,-0.0999,0.0000,0.0049,0.000,32.34,39.0,3,2048
28802783,200.000,199.778,0.0000,0.1442,0.0000,0.0049,0.000,32.34,39.0,3,2048
28803548,200.000,199.778,0.0000,-0.0786,0.0000,0.0071,0.000,32.34,39.0,3,2048
28804547,200.000,199.778,0.0000,-0.0038,0.0000,0.0159,0.000,32.34,39.0,3,2048
28805558,200.000,199.778,0.0000,-0.0435,0.0000,-0.0159,0.000,32.34,39.0,3,2048
28806545,200.000,199.778,0.0000,0.0069,0.0000,0.0280,0.000,32.34,39.0,3,2048
28807869,200.000,199.778,0.0000,0.0877,0.0000,0.0335,0.000,32.34,39.0,3,2048
28808560,200.000,199.778,0.0000,-0.0313,0.0000,0.0137,0.000,32.34,39.0,3,2048
28809547,200.000,199.778,0.0000,0.0542,0.0000,-0.0093,0.000,32.34,39.0,3,2048
28810920,200.000,199.778,0.0000,-0.0572,0.0000,0.0093,0.000,32.34,39.0,3,2048
28811543,200.000,199.778,0.0000,0.0374,0.0000,0.0093,0.000,32.34,39.0,3,2048
28812887,200.000,199.778,0.0000,0.0343,0.0000,0.0016,0.000,32.34,39.0,3,2048
28813542,200.000,199.778,0.0000,0.0160,0.0000,0.0093,0.000,32.34,39.0,3,2048
28814924,200.000,199.756,0.0000,-0.0160,0.0000,0.0225,0.000,32.34,39.0,3,2048
28815547,200.000,199.756,0.0000,0.0420,0.0000,0.0093,0.000,32.34,39.0,3,2048
28816639,200.000,199.778,0.0000,0.0710,0.0000,0.0115,0.000,32.34,39.0,3,2048
28817869,200.000,199.778,0.0000,0.0084,0.0000,0.0676,0.000,32.34,39.0,3,2048
28818603,200.000,199.778,0.0000,0.0023,0.0000,-0.0236,0.000,32.34,39.0,3,2048
28819547,200.000,199.778,0.0000,-0.0481,0.0000,0.0291,0.000,32.34,39.0,3,2048
28820562,200.000,199.778,0.0000,-0.0679,0.0000,0.0104,0.000,32.34,39.0,3,2048
28821542,200.000,199.778,0.0000,-0.0496,0.0000,-0.0214,0.000,32.34,39.0,3,2048
28822971,200.000,199.778,0.0000,0.0328,0.0000,0.0368,0.000,32.34,39.0,3,2048
28823548,200.000,199.778,0.0000,0.0114,0.0000,0.0049,0.000,32.34,39.0,3,2048
28824547,200.000,199.778,0.0000,0.0618,0.0000,0.0159,0.000,32.34,39.0,3,2048
28825542,200.000,199.778,0.0000,-0.0374,0.0000,0.0005,0.000,32.34,39.0,3,2048
28826542,200.000,199.778,0.0000,-0.0053,0.0000,-0.0060,0.000,32.34,39.0,3,2048
28827925,200.000,199.778,0.0000,0.0542,0.0000,0.0291,0.000,32.34,39.0,3,2048
28828613,200.000,199.778,0.0000,-0.0999,0.0000,-0.0038,0.000,32.34,39.0,3,2048
28829577,200.000,199.778,0.0000,0.0496,0.0000,0.0258,0.000,32.34,39.0,3,2048
28830889,200.000,199.778,0.0000,-0.0328,0.0000,0.0379,0.000,32.34,39.0,3,2048
28831573,200.000,199.778,0.0000,-0.0191,0.0000,0.0225,0.000,32.34,39.0,3,2048
28832944,200.000,199.778,0.0000,0.0237,0.0000,0.0280,0.000,32.34,39.0,3,2048
28833591,200.000,199.778,0.0000,0.0069,0.0000,0.0346,0.000,32.34,39.0,3,2048
28834875,200.000,199.778,0.0000,0.0267,0.0000,0.0236,0.000,32.34,39.0,3,2048
28835544,200.000,199.778,0.0000,0.0618,0.0000,0.0159,0.000,32.34,39.0,3,2048
28836609,200.000,199.778,0.0000,-0.0740,0.0000,0.0269,0.000,32.34,39.0,3,2048
28837895,200.000,199.778,0.0000,-0.0023,0.0000,0.0159,0.000,32.34,39.0,3,2048
28838570,200.000,199.778,0.0000,0.0221,0.0000,0.0214,0.000,32.34,39.0,3,2048
28839572,200.000,199.778,0.0000,0.0237,0.0000,-0.0071,0.000,32.34,39.0,3,2048
28840567,200.000,199.778,0.0000,0.0145,0.0000,0.0478,0.000,32.34,39.0,3,2048
28841567,200.000,199.778,0.0000,0.0740,0.0000,0.0104,0.000,32.34,39.0,3,2048
28842887,200.000,199.778,0.0000,-0.0725,0.0000,0.0104,0.000,32.34,39.0,3,2048
28843572,200.000,199.778,0.0000,-0.0313,0.0000,0.0346,0.000,32.34,39.0,3,2048
28844586,200.000,199.778,0.0000,-0.1686,0.0000,-0.0346,0.000,32.34,39.0,3,2048
28845548,200.000,199.778,0.0000,0.0313,0.0000,0.0445,0.000,32.34,39.0,3,2048
28846542,200.000,199.778,0.0000,0.0526,0.0000,0.0445,0.000,32.34,39.0,3,2048
28847909,200.000,199.778,0.0000,-0.1122,0.0000,-0.0060,0.000,32.34,39.0,3,2048
28848593,200.000,199.778,0.0000,0.0099,0.0000,0.0148,0.000,32.34,39.0,3,2048
28849489,200.000,199.778,0.0000,-0.0816,0.0000,0.0236,0.000,32.34,39.0,3,2048
28850866,200.000,199.778,0.0000,-0.0053,0.0000,-0.0082,0.000,32.34,39.0,3,2048
28851543,200.000,199.778,0.0000,-0.0618,0.0000,-0.0126,0.000,32.34,39.0,3,2048
28852883,200.000,199.778,0.0000,-0.0053,0.0000,-0.0181,0.000,32.34,39.0,3,2048
28853883,200.000,199.778,0.0000,0.0648,0.0000,-0.0027,0.000,32.34,39.0,3,2048
28855187,200.000,199.756,0.0000,-0.0786,0.0000,-0.0203,0.000,32.34,39.0,3,2048
28855888,200.000,199.778,0.0000,0.0740,0.0000,0.0434,0.000,32.34,39.0,3,2048
28856873,200.000,199.778,0.0000,-0.0145,0.0000,-0.0401,0.000,32.34,39.0,3,2048
28858240,200.000,199.778,0.0000,0.0313,0.0000,-0.0137,0.000,32.34,39.0,3,2048
28858874,200.000,199.778,0.0000,-0.0633,0.0000,-0.0214,0.000,32.34,39.0,3,2048
28859888,200.000,199.778,0.0000,0.0389,0.0000,0.0236,0.000,32.34,39.0,3,2048
28860873,200.000,199.778,0.0000,0.0542,0.0000,-0.0082,0.000,32.34,39.0,3,2048
28861915,200.000,199.778,0.0000,-0.0038,0.0000,0.0104,0.000,32.34,39.0,3,2048
28863204,200.000,199.778,0.0000,-0.0771,0.0000,-0.0236,0.000,32.34,39.0,3,2048
28863906,200.000,199.778,0.0000,-0.0603,0.0000,0.0522,0.000,32.34,39.0,3,2048
28864874,200.000,199.778,0.0000,0.0450,0.0000,-0.0005,0.000,32.34,39.0,3,2048
28865879,200.000,199.778,0.0000,0.0160,0.0000,0.0291,0.000,32.34,39.0,3,2048
28866871,200.000,199.778,0.0000,-0.0282,0.0000,-0.0489,0.000,32.34,39.0,3,2048
28868220,200.000,199.778,0.0000,-0.0648,0.0000,0.0555,0.000,32.34,39.0,3,2048
28868876,200.000,199.778,0.0000,-0.0481,0.0000,0.0071,0.000,32.34,39.0,3,2048
28869910,200.000,199.778,0.0000,0.0755,0.0000,0.0148,0.000,32.34,39.0,3,2048
28871192,200.000,199.778,0.0000,-0.0984,0.0000,0.0170,0.000,32.34,39.0,3,2048
28871636,200.000,199.778,0.0000,0.0496,0.0000,0.0456,0.000,32.34,39.0,3,2048
28872882,200.000,199.778,0.0000,0.0740,0.0000,0.0049,0.000,32.34,39.0,3,2048
28873548,200.000,199.778,0.0000,-0.1137,0.0000,0.0379,0.000,32.34,39.0,3,2048
28874869,200.000,199.778,0.0000,0.0710,0.0000,0.0346,0.000,32.34,39.0,3,2048
28875544,200.000,199.778,0.0000,-0.0252,0.0000,0.0137,0.000,32.34,39.0,3,2048
28876608,200.000,199.778,0.0000,0.0465,0.0000,-0.0258,0.000,32.34,39.0,3,2048
28877895,200.000,199.778,0.0000,0.0069,0.0000,0.0456,0.000,32.34,39.0,3,2048
28878612,200.000,199.778,0.0000,0.0099,0.0000,0.0214,0.000,32.34,39.0,3,2048
28879579,200.000,199.778,0.0000,-0.0633,0.0000,-0.0313,0.000,32.34,39.0,3,2048
28880571,200.000,199.778,0.0000,0.1106,0.0000,0.0148,0.000,32.34,39.0,3,2048
28881571,200.000,199.778,0.0000,-0.0237,0.0000,-0.0159,0.000,32.34,39.0,3,2048
28882959,200.000,199.778,0.0000,-0.1244,0.0000,-0.0269,0.000,32.34,39.0,3,2048
28883881,200.000,199.778,0.0000,-0.1717,0.0000,-0.0060,0.000,32.34,39.0,3,2048
28884872,200.000,199.778,0.0000,0.1152,0.0000,0.0148,0.000,32.34,39.0,3,2048
28885906,200.000,199.778,0.0000,-0.0313,0.0000,0.0071,0.000,32.34,39.0,3,2048
28886890,200.000,199.778,0.0000,-0.0816,0.0000,0.0236,0.000,32.34,39.0,3,2048
28888218,200.000,199.778,0.0000,0.0679,0.0000,0.0005,0.000,32.34,39.0,3,2048
28888891,200.000,199.778,0.0000,-0.0664,0.0000,-0.0258,0.000,32.34,39.0,3,2048
28889887,200.000,199.778,0.0000,-0.0786,0.0000,0.0280,0.000,32.34,39.0,3,2048
28891212,200.000,199.778,0.0000,-0.0938,0.0000,0.0016,0.000,32.34,39.0,3,2048
28891569,200.000,199.778,0.0000,0.0099,0.0000,0.0302,0.000,32.34,39.0,3,2048
28892888,200.000,199.778,0.0000,0.0252,0.0000,0.0346,0.000,32.34,39.0,3,2048
28893576,200.000,199.778,0.0000,0.0221,0.0000,-0.0049,0.000,32.34,39.0,3,2048
28894896,200.000,199.756,0.0000,-0.0923,0.0000,0.0390,0.000,32.34,39.0,3,2048
28895575,200.000,199.778,0.0000,0.1122,0.0000,-0.0357,0.000,32.34,39.0,3,2048
28896575,200.000,199.778,0.0000,-0.0664,0.0000,0.0258,0.000,32.34,39.0,3,2048
28897903,200.000,199.778,0.0000,0.0298,0.0000,0.0291,0.000,32.34,39.0,3,2048
28898545,200.000,199.778,0.0000,-0.0557,0.0000,-0.0302,0.000,32.34,39.0,3,2048
28899563,200.000,199.778,0.0000,0.0923,0.0000,0.0170,0.000,32.34,39.0,3,2048
28900595,200.000,199.778,0.0000,-0.0481,0.0000,-0.0005,0.000,32.34,39.0,3,2048
28901592,200.000,199.778,0.0000,0.2129,0.0000,0.0247,0.000,32.34,39.0,3,2048
28902915,200.000,199.778,0.0000,-0.1167,0.0000,0.0148,0.000,32.34,39.0,3,2048
28903548,200.000,199.778,0.0000,0.0053,0.0000,0.0137,0.000,32.34,39.0,3,2048
28904568,200.000,199.778,0.0000,-0.0725,0.0000,-0.0060,0.000,32.34,39.0,3,2048
28905545,200.000,199.778,0.0000,-0.1183,0.0000,0.0291,0.000,32.34,39.0,3,2048
28906542,200.000,199.778,0.0000,-0.0359,0.0000,0.0049,0.000,32.34,39.0,3,2048
28907889,200.000,199.778,0.0000,-0.0099,0.0000,0.0181,0.000,32.34,39.0,3,2048
28908542,200.000,199.778,0.0000,-0.0877,0.0000,-0.0082,0.000,32.34,39.0,3,2048
28909604,200.000,199.778,0.0000,0.0252,0.0000,0.0148,0.000,32.34,39.0,3,2048
28910862,200.000,199.778,0.0000,-0.0511,0.0000,0.0357,0.000,32.34,39.0,3,2048
28911561,200.000,199.778,0.0000,0.0908,0.0000,0.0346,0.000,32.34,39.0,3,2048
28912869,200.000,199.778,0.0000,0.0908,0.0000,0.0401,0.000,32.34,39.0,3,2048
28913599,200.000,199.778,0.0000,-0.0221,0.0000,0.0467,0.000,32.34,39.0,3,2048
28914877,200.000,199.778,0.0000,-0.0496,0.0000,-0.0060,0.000,32.34,39.0,3,2048
28915521,200.000,199.778,0.0000,0.0053,0.0000,0.0467,0.000,32.34,39.0,3,2048
28916549,200.000,199.778,0.0000,-0.0160,0.0000,0.0269,0.000,32.34,39.0,3,2048
28917869,200.000,199.778,0.0000,-0.0221,0.0000,0.0016,0.000,32.34,39.0,3,2048
28918602,200.000,199.778,0.0000,-0.0221,0.0000,0.0104,0.000,32.34,39.0,3,2048
28919548,200.000,199.778,0.0000,-0.1305,0.0000,-0.0082,0.000,32.34,39.0,3,2048
28920562,200.000,199.778,0.0000,-0.0694,0.0000,0.0192,0.000,32.34,39.0,3,2048
28921542,200.000,199.778,0.0000,0.0557,0.0000,-0.0126,0.000,32.34,39.0,3,2048
28922975,200.000,199.778,0.0000,0.0618,0.0000,0.0368,0.000,32.34,39.0,3,2048
28923548,200.000,199.778,0.0000,0.0282,0.0000,0.0082,0.000,32.34,39.0,3,2048
28924547,200.000,199.778,0.0000,-0.1076,0.0000,-0.0203,0.000,32.34,39.0,3,2048
28925542,200.000,199.778,0.0000,0.0023,0.0000,0.0192,0.000,32.34,39.0,3,2048
28926550,200.000,199.778,0.0000,0.0633,0.0000,0.0137,0.000,32.34,39.0,3,2048
28927927,200.000,199.778,0.0000,-0.1183,0.0000,0.0291,0.000,32.34,39.0,3,2048
28928615,200.000,199.778,0.0000,-0.0175,0.0000,0.0291,0.000,32.34,39.0,3,2048
28929577,200.000,199.778,0.0000,-0.0435,0.0000,0.0258,0.000,32.34,39.0,3,2048
28930889,200.000,199.778,0.0000,-0.0099,0.0000,0.0071,0.000,32.34,39.0,3,2048
28931573,200.000,199.778,0.0000,0.0603,0.0000,0.0423,0.000,32.34,39.0,3,2048
28932951,200.000,199.778,0.0000,0.0023,0.0000,0.0335,0.000,32.34,39.0,3,2048
28933891,200.000,199.778,0.0000,-0.0420,0.0000,0.0280,0.000,32.34,39.0,3,2048
28935206,200.000,199.778,0.0000,0.0374,0.0000,0.0764,0.000,32.34,39.0,3,2048
28935876,200.000,199.778,0.0000,-0.0069,0.0000,-0.0126,0.000,32.34,39.0,3,2048
28936877,200.000,199.778,0.0000,0.1122,0.0000,0.0489,0.000,32.34,39.0,3,2048
28938228,200.000,199.778,0.0000,-0.0191,0.0000,-0.0126,0.000,32.34,39.0,3,2048
28938887,200.000,199.778,0.0000,-0.0160,0.0000,0.0840,0.000,32.34,39.0,3,2048
28939886,200.000,199.778,0.0000,-0.0252,0.0000,0.0159,0.000,32.34,39.0,3,2048
28940890,200.000,199.778,0.0000,-0.0252,0.0000,-0.0049,0.000,32.34,39.0,3,2048
28941885,200.000,199.778,0.0000,0.1167,0.0000,0.0247,0.000,32.34,39.0,3,2048
28943213,200.000,199.778,0.0000,-0.0679,0.0000,0.0203,0.000,32.34,39.0,3,2048
28943886,200.000,199.778,0.0000,0.0191,0.0000,0.0115,0.000,32.34,39.0,3,2048
28944886,200.000,199.778,0.0000,-0.1091,0.0000,0.0137,0.000,32.34,39.0,3,2048
28945883,200.000,199.778,0.0000,0.0725,0.0000,-0.0159,0.000,32.34,39.0,3,2048
28946883,200.000,199.778,0.0000,0.0191,0.0000,0.0368,0.000,32.34,39.0,3,2048
28948212,200.000,199.778,0.0000,0.1091,0.0000,-0.0038,0.000,32.34,39.0,3,2048
28948884,200.000,199.778,0.0000,-0.0313,0.0000,0.0445,0.000,32.34,39.0,3,2048
28949885,200.000,199.778,0.0000,-0.0984,0.0000,0.0049,0.000,32.34,39.0,3,2048
28951218,200.000,199.778,0.0000,-0.0038,0.0000,-0.0005,0.000,32.34,39.0,3,2048
28951544,200.000,199.778,0.0000,-0.0664,0.0000,0.0236,0.000,32.34,39.0,3,2048
28952869,200.000,199.778,0.0000,-0.0450,0.0000,0.0335,0.000,32.34,39.0,3,2048
28953542,200.000,199.778,0.0000,0.0343,0.0000,0.0170,0.000,32.34,39.0,3,2048
28954919,200.000,199.778,0.0000,0.0359,0.0000,0.0005,0.000,32.34,39.0,3,2048
28955594,200.000,199.778,0.0000,-0.0084,0.0000,0.0412,0.000,32.34,39.0,3,2048
28956599,200.000,199.778,0.0000,-0.0191,0.0000,-0.0060,0.000,32.34,39.0,3,2048
28957909,200.000,199.778,0.0000,-0.1076,0.0000,0.0654,0.000,32.34,39.0,3,2048
28958547,200.000,199.778,0.0000,0.0023,0.0000,-0.0082,0.000,32.34,39.0,3,2048
28959582,200.000,199.778,0.0000,0.0786,0.0000,0.0346,0.000,32.34,39.0,3,2048
28960544,200.000,199.778,0.0000,0.0023,0.0000,0.0082,0.000,32.34,39.0,3,2048
28961542,200.000,199.778,0.0000,-0.1152,0.0000,0.0148,0.000,32.34,39.0,3,2048
28962886,200.000,199.778,0.0000,0.0145,0.0000,0.0544,0.000,32.34,39.0,3,2048
28963542,200.000,199.778,0.0000,-0.0526,0.0000,0.0071,0.000,32.34,39.0,3,2048
28964605,200.000,199.778,0.0000,-0.1518,0.0000,-0.0159,0.000,32.34,39.0,3,2048
28965542,200.000,199.778,0.0000,0.0130,0.0000,0.0093,0.000,32.34,39.0,3,2048
28966560,200.000,199.778,0.0000,-0.0099,0.0000,0.0335,0.000,32.34,39.0,3,2048
28967869,200.000,199.778,0.0000,0.0160,0.0000,0.0159,0.000,32.34,39.0,3,2048
28968600,200.000,199.778,0.0000,0.0145,0.0000,-0.0390,0.000,32.34,39.0,3,2048
28969547,200.000,199.778,0.0000,0.0175,0.0000,0.0192,0.000,32.34,39.0,3,2048
28970954,200.000,199.778,0.0000,-0.0679,0.0000,-0.0214,0.000,32.34,39.0,3,2048
28971545,200.000,199.778,0.0000,-0.0740,0.0000,0.0181,0.000,32.34,39.0,3,2048
28972971,200.000,199.778,0.0000,-0.0786,0.0000,0.0082,0.000,32.34,39.0,3,2048
28973548,200.000,199.778,0.0000,0.0053,0.0000,-0.0049,0.000,32.34,39.0,3,2048
28974866,200.000,199.778,0.0000,-0.0694,0.0000,-0.0225,0.000,32.34,39.0,3,2048
28975546,200.000,199.778,0.0000,0.0252,0.0000,0.0566,0.000,32.34,39.0,3,2048
28976547,200.000,199.778,0.0000,-0.0648,0.0000,0.0236,0.000,32.34,39.0,3,2048
28977925,200.000,199.778,0.0000,0.0877,0.0000,0.0489,0.000,32.34,39.0,3,2048
28978575,200.000,199.778,0.0000,-0.0206,0.0000,-0.0137,0.000,32.34,39.0,3,2048
28979617,200.000,199.778,0.0000,0.0328,0.0000,-0.0082,0.000,32.34,39.0,3,2048
28980574,200.000,199.800,0.0000,0.0603,0.0000,-0.0181,0.000,32.34,39.0,3,2048
28981574,200.000,199.778,0.0000,-0.1228,0.0000,-0.0126,0.000,32.34,39.0,3,2048
28982962,200.000,199.778,0.0000,-0.0252,0.0000,0.0687,0.000,32.34,39.0,3,2048
28983550,200.000,199.778,0.0000,-0.0710,0.0000,-0.0412,0.000,32.34,39.0,3,2048
28984547,200.000,199.778,0.0000,0.0053,0.0000,0.0060,0.000,32.34,39.0,3,2048
28985602,200.000,199.778,0.0000,0.0221,0.0000,0.0379,0.000,32.34,39.0,3,2048
28986572,200.000,199.778,0.0000,0.0160,0.0000,0.0236,0.000,32.34,39.0,3,2048
28987890,200.000,199.778,0.0000,0.0130,0.0000,0.0258,0.000,32.34,39.0,3,2048
28988575,200.000,199.778,0.0000,0.0221,0.0000,-0.0038,0.000,32.34,39.0,3,2048
28989574,200.000,199.778,0.0000,0.0237,0.0000,0.0291,0.000,32.34,39.0,3,2048
28990888,200.000,199.778,0.0000,-0.0237,0.0000,0.0115,0.000,32.34,39.0,3,2048
28991570,200.000,199.778,0.0000,0.0237,0.0000,0.0049,0.000,32.34,39.0,3,2048
28992892,200.000,199.778,0.0000,-0.0679,0.0000,0.0016,0.000,32.34,39.0,3,2048
28993575,200.000,199.778,0.0000,-0.1030,0.0000,-0.0302,0.000,32.34,39.0,3,2048
28994910,200.000,199.778,0.0000,0.0999,0.0000,-0.0291,0.000,32.34,39.0,3,2048
28995545,200.000,199.778,0.0000,0.0237,0.0000,0.0445,0.000,32.34,39.0,3,2048
28996547,200.000,199.778,0.0000,0.0481,0.0000,-0.0016,0.000,32.34,39.0,3,2048
28997916,200.000,199.778,0.0000,-0.0786,0.0000,0.0016,0.000,32.34,39.0,3,2048
28998596,200.000,199.778,0.0000,0.1625,0.0000,0.0148,0.000,32.34,39.0,3,2048
28999600,200.000,199.778,0.0000,-0.0069,0.0000,-0.0104,0.000,32.34,39.0,3,2048
29000595,200.000,199.778,0.0000,-0.0191,0.0000,0.0170,0.000,32.34,39.0,3,2048
29001542,200.000,199.778,0.0000,0.0603,0.0000,-0.0159,0.000,32.34,39.0,3,2048
29002877,200.000,199.778,0.0000,0.0191,0.0000,-0.0005,0.000,32.34,39.0,3,2048
29003879,200.000,199.778,0.0000,-0.0496,0.0000,0.0379,0.000,32.34,39.0,3,2048
29004875,200.000,199.778,0.0000,-0.0145,0.0000,0.0313,0.000,32.34,39.0,3,2048
29005884,200.000,199.778,0.0000,-0.0084,0.0000,0.0082,0.000,32.34,39.0,3,2048
29006872,200.000,199.778,0.0000,0.1396,0.0000,0.0269,0.000,32.34,39.0,3,2048
29008232,200.000,199.778,0.0000,-0.0511,0.0000,0.0082,0.000,32.34,39.0,3,2048
29008878,200.000,199.778,0.0000,0.0237,0.0000,0.0478,0.000,32.34,39.0,3,2048
29009885,200.000,199.778,0.0000,-0.0267,0.0000,-0.0159,0.000,32.34,39.0,3,2048
29011187,200.000,199.778,0.0000,0.0862,0.0000,0.0280,0.000,32.34,39.0,3,2048
29011431,200.000,199.778,0.0000,0.1167,0.0000,-0.0060,0.000,32.34,39.0,3,2048
29012898,200.000,199.778,0.0000,-0.0542,0.0000,-0.0137,0.000,32.34,39.0,3,2048
29013547,200.000,199.778,0.0000,-0.0847,0.0000,0.0533,0.000,32.34,39.0,3,2048
29014963,200.000,199.778,0.0000,-0.0160,0.0000,0.0456,0.000,32.34,39.0,3,2048
29015550,200.000,199.778,0.0000,0.0923,0.0000,0.0148,0.000,32.34,39.0,3,2048
29016604,200.000,199.778,0.0000,-0.0618,0.0000,0.0423,0.000,32.34,39.0,3,2048
29017871,200.000,199.778,0.0000,0.1503,0.0000,0.0148,0.000,32.34,39.0,3,2048
29018565,200.000,199.778,0.0000,0.0664,0.0000,0.0280,0.000,32.34,39.0,3,2048
29019547,200.000,199.778,0.0000,-0.0069,0.0000,0.0478,0.000,32.34,39.0,3,2048
29020593,200.000,199.778,0.0000,0.0389,0.0000,0.0599,0.000,32.34,39.0,3,2048
29021547,200.000,199.778,0.0000,0.1320,0.0000,0.0060,0.000,32.34,39.0,3,2048
29022970,200.000,199.778,0.0000,-0.0679,0.0000,0.0038,0.000,32.34,39.0,3,2048
29023546,200.000,199.778,0.0000,0.0221,0.0000,0.0005,0.000,32.34,39.0,3,2048
29024547,200.000,199.778,0.0000,0.0130,0.0000,-0.0159,0.000,32.34,39.0,3,2048
29025542,200.000,199.778,0.0000,0.0572,0.0000,0.0038,0.000,32.34,39.0,3,2048
29026602,200.000,199.778,0.0000,0.0587,0.0000,0.0170,0.000,32.34,39.0,3,2048
29027895,200.000,199.778,0.0000,0.0648,0.0000,-0.0016,0.000,32.34,39.0,3,2048
29028613,200.000,199.778,0.0000,-0.0526,0.0000,0.0434,0.000,32.34,39.0,3,2048
29029579,200.000,199.778,0.0000,0.0099,0.0000,0.0676,0.000,32.34,39.0,3,2048
29030891,200.000,199.778,0.0000,0.0252,0.0000,-0.0071,0.000,32.34,39.0,3,2048
29031571,200.000,199.778,0.0000,-0.0099,0.0000,0.0467,0.000,32.34,39.0,3,2048
29032958,200.000,199.778,0.0000,0.0267,0.0000,0.0467,0.000,32.34,39.0,3,2048
29033551,200.000,199.778,0.0000,0.1152,0.0000,0.0291,0.000,32.34,39.0,3,2048
29034866,200.000,199.778,0.0000,-0.1366,0.0000,0.0049,0.000,32.34,39.0,3,2048
29035608,200.000,199.778,0.0000,0.0633,0.0000,0.0379,0.000,32.34,39.0,3,2048
29036578,200.000,199.778,0.0000,-0.0191,0.0000,0.0313,0.000,32.34,39.0,3,2048
29037893,200.000,199.778,0.0000,0.1091,0.0000,0.0324,0.000,32.34,39.0,3,2048
29038573,200.000,199.778,0.0000,0.1427,0.0000,0.0027,0.000,32.34,39.0,3,2048
29039575,200.000,199.778,0.0000,0.0328,0.0000,0.0313,0.000,32.34,39.0,3,2048
29040570,200.000,199.778,0.0000,-0.1289,0.0000,0.0456,0.000,32.34,39.0,3,2048
29041569,200.000,199.778,0.0000,-0.1595,0.0000,0.0412,0.000,32.34,39.0,3,2048
29042892,200.000,199.778,0.0000,-0.0633,0.0000,0.0192,0.000,32.34,39.0,3,2048
29043573,200.000,199.778,0.0000,-0.0450,0.0000,0.0170,0.000,32.34,39.0,3,2048
29044590,200.000,199.778,0.0000,0.1549,0.0000,0.0060,0.000,32.34,39.0,3,2048
29045544,200.000,199.778,0.0000,-0.0694,0.0000,0.0005,0.000,32.34,39.0,3,2048
29046591,200.000,199.778,0.0000,0.0084,0.0000,0.0170,0.000,32.34,39.0,3,2048
29047911,200.000,199.778,0.0000,0.0481,0.0000,0.0104,0.000,32.34,39.0,3,2048
29048597,200.000,199.778,0.0000,-0.1946,0.0000,0.0533,0.000,32.34,39.0,3,2048
29049603,200.000,199.778,0.0000,-0.0359,0.0000,-0.0346,0.000,32.34,39.0,3,2048
29050859,200.000,199.778,0.0000,-0.1457,0.0000,0.0280,0.000,32.34,39.0,3,2048
29051658,200.000,199.778,0.0000,-0.0252,0.0000,-0.0291,0.000,32.34,39.0,3,2048
29052899,200.000,199.778,0.0000,0.0053,0.0000,-0.0181,0.000,32.34,39.0,3,2048
29053547,200.000,199.778,0.0000,0.0237,0.0000,0.0126,0.000,32.34,39.0,3,2048
29054884,200.000,199.778,0.0000,0.0328,0.0000,0.0599,0.000,32.34,39.0,3,2048
29055547,200.000,199.778,0.0000,-0.0603,0.0000,0.0522,0.000,32.34,39.0,3,2048
29056600,200.000,199.778,0.0000,-0.0465,0.0000,0.0082,0.000,32.34,39.0,3,2048
29057871,200.000,199.778,0.0000,0.0755,0.0000,-0.0027,0.000,32.34,39.0,3,2048
29058563,200.000,199.778,0.0000,-0.0999,0.0000,-0.0137,0.000,32.34,39.0,3,2048
29059547,200.000,199.778,0.0000,0.0557,0.0000,0.0335,0.000,32.34,39.0,3,2048
29060591,200.000,199.778,0.0000,0.1076,0.0000,0.0181,0.000,32.34,39.0,3,2048
29061547,200.000,199.778,0.0000,0.0343,0.0000,0.0500,0.000,32.34,39.0,3,2048
29062955,200.000,199.778,0.0000,-0.1122,0.0000,0.0016,0.000,32.34,39.0,3,2048
29063553,200.000,199.778,0.0000,0.0450,0.0000,0.0181,0.000,32.34,39.0,3,2048
29064600,200.000,199.778,0.0000,-0.0069,0.0000,0.0027,0.000,32.34,39.0,3,2048
29065547,200.000,199.778,0.0000,-0.0237,0.0000,0.0236,0.000,32.34,39.0,3,2048
29066562,200.000,199.778,0.0000,0.0404,0.0000,0.0357,0.000,32.34,39.0,3,2048
29067868,200.000,199.778,0.0000,0.0969,0.0000,0.0225,0.000,32.34,39.0,3,2048
29068595,200.000,199.778,0.0000,-0.0710,0.0000,-0.0016,0.000,32.34,39.0,3,2048
29069548,200.000,199.778,0.0000,-0.1167,0.0000,-0.0016,0.000,32.34,39.0,3,2048
29070880,200.000,199.778,0.0000,-0.0389,0.0000,0.0214,0.000,32.34,39.0,3,2048
29071543,200.000,199.778,0.0000,-0.0435,0.0000,-0.0027,0.000,32.34,39.0,3,2048
29072984,200.000,199.778,0.0000,-0.0923,0.0000,0.0126,0.000,32.34,39.0,3,2048
29073576,200.000,199.778,0.0000,0.0542,0.0000,-0.0225,0.000,32.34,39.0,3,2048
29074872,200.000,199.778,0.0000,-0.1244,0.0000,-0.0082,0.000,32.34,39.0,3,2048
29075544,200.000,199.778,0.0000,-0.0923,0.0000,0.0566,0.000,32.34,39.0,3,2048
29076547,200.000,199.778,0.0000,0.0099,0.0000,-0.0192,0.000,32.34,39.0,3,2048
29077896,200.000,199.778,0.0000,0.1671,0.0000,0.0126,0.000,32.34,39.0,3,2048
29078591,200.000,199.778,0.0000,0.1503,0.0000,0.0335,0.000,32.34,39.0,3,2048
29079617,200.000,199.778,0.0000,0.0450,0.0000,0.0577,0.000,32.34,39.0,3,2048
29080572,200.000,199.778,0.0000,-0.0130,0.0000,-0.0038,0.000,32.34,39.0,3,2048
29081571,200.000,199.778,0.0000,-0.0847,0.0000,0.0181,0.000,32.34,39.0,3,2048
29082891,200.000,199.778,0.0000,0.0267,0.0000,0.0357,0.000,32.34,39.0,3,2048
29083627,200.000,199.778,0.0000,-0.0084,0.0000,0.0214,0.000,32.34,39.0,3,2048
29084578,200.000,199.778,0.0000,-0.0557,0.0000,0.0203,0.000,32.34,39.0,3,2048
29085546,200.000,199.778,0.0000,-0.0969,0.0000,0.0005,0.000,32.34,39.0,3,2048
29086595,200.000,199.778,0.0000,0.0328,0.0000,0.0280,0.000,32.34,39.0,3,2048
29087893,200.000,199.778,0.0000,-0.1579,0.0000,0.0236,0.000,32.34,39.0,3,2048
29088574,200.000,199.778,0.0000,0.0237,0.0000,-0.0467,0.000,32.34,39.0,3,2048
29089572,200.000,199.778,0.0000,-0.0114,0.0000,0.0368,0.000,32.34,39.0,3,2048
29090886,200.000,199.778,0.0000,0.0526,0.0000,0.0170,0.000,32.34,39.0,3,2048
29091568,200.000,199.778,0.0000,0.0603,0.0000,-0.0060,0.000,32.34,39.0,3,2048
29092887,200.000,199.778,0.0000,-0.0252,0.0000,-0.0049,0.000,32.34,39.0,3,2048
29093572,200.000,199.778,0.0000,-0.0587,0.0000,-0.0027,0.000,32.34,39.0,3,2048
29094895,200.000,199.778,0.0000,0.0481,0.0000,0.0346,0.000,32.34,39.0,3,2048
29095585,200.000,199.778,0.0000,-0.0633,0.0000,0.0016,0.000,32.34,39.0,3,2048
29096548,200.000,199.778,0.0000,0.0877,0.0000,0.0082,0.000,32.34,39.0,3,2048
29097868,200.000,199.778,0.0000,0.0343,0.0000,0.0313,0.000,32.34,39.0,3,2048
29098590,200.000,199.778,0.0000,-0.1152,0.0000,0.0115,0.000,32.34,39.0,3,2048
29099597,200.000,199.778,0.0000,0.0969,0.0000,0.0324,0.000,32.34,39.0,3,2048
29100594,200.000,199.778,0.0000,-0.1152,0.0000,-0.0027,0.000,32.34,39.0,3,2048
29101592,200.000,199.778,0.0000,-0.0374,0.0000,0.0093,0.000,32.34,39.0,3,2048
29102869,200.000,199.778,0.0000,0.1747,0.0000,0.0170,0.000,32.34,39.0,3,2048
29103672,200.000,199.778,0.0000,-0.0053,0.0000,0.0324,0.000,32.34,39.0,3,2048
29104584,200.000,199.778,0.0000,-0.0343,0.0000,0.0192,0.000,32.34,39.0,3,2048
29105543,200.000,199.778,0.0000,0.0313,0.0000,-0.0027,0.000,32.34,39.0,3,2048
29106560,200.000,199.778,0.0000,-0.1091,0.0000,-0.0005,0.000,32.34,39.0,3,2048
29107869,200.000,199.778,0.0000,0.0557,0.0000,0.0247,0.000,32.34,39.0,3,2048
29108599,200.000,199.778,0.0000,-0.1274,0.0000,0.0071,0.000,32.34,39.0,3,2048
29109548,200.000,199.778,0.0000,0.0298,0.0000,0.0126,0.000,32.34,39.0,3,2048
29110879,200.000,199.778,0.0000,-0.1335,0.0000,0.0060,0.000,32.34,39.0,3,2048
29111543,200.000,199.778,0.0000,-0.0511,0.0000,-0.0390,0.000,32.34,39.0,3,2048
29112910,200.000,199.778,0.0000,-0.0664,0.0000,-0.0313,0.000,32.34,39.0,3,2048
29113550,200.000,199.778,0.0000,-0.1198,0.0000,-0.0258,0.000,32.34,39.0,3,2048
29114960,200.000,199.778,0.0000,0.0404,0.0000,-0.0236,0.000,32.34,39.0,3,2048
29115553,200.000,199.778,0.0000,-0.0221,0.0000,0.0115,0.000,32.34,39.0,3,2048
29116600,200.000,199.778,0.0000,-0.0832,0.0000,-0.0203,0.000,32.34,39.0,3,2048
29117871,200.000,199.778,0.0000,0.1198,0.0000,-0.0060,0.000,32.34,39.0,3,2048
29118568,200.000,199.778,0.0000,-0.0618,0.0000,0.0511,0.000,32.34,39.0,3,2048
29119547,200.000,199.778,0.0000,-0.1167,0.0000,-0.0016,0.000,32.34,39.0,3,2048
29120590,200.000,199.778,0.0000,-0.1320,0.0000,0.0038,0.000,32.34,39.0,3,2048
29121547,200.000,199.778,0.0000,-0.0038,0.0000,0.0148,0.000,32.34,39.0,3,2048
29122887,200.000,199.778,0.0000,0.0191,0.0000,0.0060,0.000,32.34,39.0,3,2048
29123548,200.000,199.778,0.0000,0.0740,0.0000,-0.0137,0.000,32.34,39.0,3,2048
29124657,200.000,199.778,0.0000,-0.1686,0.0000,0.0368,0.000,32.34,39.0,3,2048
29125565,200.000,199.778,0.0000,0.0557,0.0000,0.0104,0.000,32.34,39.0,3,2048
29126546,200.000,199.778,0.0000,0.0069,0.0000,-0.0313,0.000,32.34,39.0,3,2048
29127869,200.000,199.778,0.0000,0.0267,0.0000,0.0269,0.000,32.34,39.0,3,2048
29128548,200.000,199.778,0.0000,-0.0771,0.0000,-0.0016,0.000,32.34,39.0,3,2048
29129601,200.000,199.778,0.0000,-0.0145,0.0000,0.0115,0.000,32.34,39.0,3,2048
29130889,200.000,199.778,0.0000,0.1259,0.0000,0.0851,0.000,32.34,39.0,3,2048
29131602,200.000,199.778,0.0000,-0.0526,0.0000,0.0236,0.000,32.34,39.0,3,2048
29132893,200.000,199.778,0.0000,0.0237,0.0000,0.0368,0.000,32.34,39.0,3,2048
29133574,200.000,199.778,0.0000,0.0282,0.0000,0.0412,0.000,32.34,39.0,3,2048
29134898,200.000,199.778,0.0000,0.0618,0.0000,-0.0115,0.000,32.34,39.0,3,2048
29135644,200.000,199.778,0.0000,-0.0389,0.0000,0.0060,0.000,32.34,39.0,3,2048
29136559,200.000,199.778,0.0000,0.0481,0.0000,0.0489,0.000,32.34,39.0,3,2048
29137868,200.000,199.778,0.0000,-0.0023,0.0000,-0.0269,0.000,32.34,39.0,3,2048
29138605,200.000,199.778,0.0000,-0.0023,0.0000,0.0412,0.000,32.34,39.0,3,2048
29139577,200.000,199.778,0.0000,0.0145,0.0000,0.0126,0.000,32.34,39.0,3,2048
29140572,200.000,199.778,0.0000,0.0069,0.0000,0.0027,0.000,32.34,39.0,3,2048
29141569,200.000,199.778,0.0000,0.0603,0.0000,-0.0093,0.000,32.34,39.0,3,2048
29142892,200.000,199.778,0.0000,-0.0389,0.0000,0.0126,0.000,32.34,39.0,3,2048
29143572,200.000,199.778,0.0000,0.0359,0.0000,0.0280,0.000,32.34,39.0,3,2048
29144575,200.000,199.778,0.0000,-0.0664,0.0000,0.0225,0.000,32.34,39.0,3,2048
29145570,200.000,199.778,0.0000,-0.0938,0.0000,-0.0115,0.000,32.34,39.0,3,2048
29146569,200.000,199.778,0.0000,0.0725,0.0000,0.0225,0.000,32.34,39.0,3,2048
29147894,200.000,199.778,0.0000,-0.0755,0.0000,0.0368,0.000,32.34,39.0,3,2048
29148548,200.000,199.778,0.0000,-0.0664,0.0000,0.0027,0.000,32.34,39.0,3,2048
29149594,200.000,199.778,0.0000,0.0237,0.0000,-0.0137,0.000,32.34,39.0,3,2048
29150904,200.000,199.778,0.0000,-0.0008,0.0000,0.0082,0.000,32.34,39.0,3,2048
29151589,200.000,199.778,0.0000,0.0725,0.0000,0.0445,0.000,32.34,39.0,3,2048
29152917,200.000,199.778,0.0000,0.0191,0.0000,0.0269,0.000,32.34,39.0,3,2048
29153869,200.000,199.778,0.0000,-0.1152,0.0000,0.0038,0.000,32.34,39.0,3,2048
29155260,200.000,199.778,0.0000,0.0160,0.0000,0.0126,-0.020,32.34,39.0,3,2048
29155731,200.000,199.778,0.0000,-0.1442,0.0000,-0.0016,-0.020,32.34,39.0,3,2048
29156888,200.000,199.778,0.0000,0.0053,0.0000,0.0324,-0.020,32.34,39.0,3,2048
29158202,200.000,199.778,0.0000,-0.1427,0.0000,0.0258,-0.020,32.34,39.0,3,2048
29158742,200.000,199.778,0.0000,0.0481,0.0000,0.0258,-0.020,32.34,39.0,3,2048
29159890,200.000,199.778,0.0000,-0.0603,0.0000,0.0071,-0.020,32.34,39.0,3,2048
29160871,200.000,199.778,0.0000,-0.0603,0.0000,0.0148,-0.020,32.34,39.0,3,2048
29161879,200.000,199.778,0.0000,0.0343,0.0000,0.0181,-0.020,32.34,39.0,3,2048
29163201,200.000,199.778,0.0000,-0.0648,0.0000,0.0368,-0.020,32.34,39.0,3,2048
29163742,200.000,199.778,0.0000,0.1808,0.0000,-0.0082,-0.020,32.34,39.0,3,2048
29164893,200.000,199.778,0.0000,-0.0404,0.0000,0.0192,-0.020,32.34,39.0,3,2048
29165870,200.000,199.778,0.0000,0.0069,0.0000,0.0192,-0.020,32.34,39.0,3,2048
29166962,200.000,199.778,0.0000,0.1457,0.0000,-0.0038,-0.020,32.34,39.0,3,2048
29168205,200.000,199.778,0.0000,0.0465,0.0000,-0.0269,-0.020,32.34,39.0,3,2048
29168739,200.000,199.778,0.0000,0.0664,0.0000,0.0434,-0.020,32.34,39.0,3,2048
29169893,200.000,199.778,0.0000,-0.0740,0.0000,0.0093,-0.020,32.34,39.0,3,2048
29171193,200.000,199.778,0.0000,-0.0893,0.0000,-0.0115,-0.020,32.34,39.0,3,2048
29171563,200.000,199.778,0.0000,-0.1518,0.0000,0.0456,-0.020,32.34,39.0,3,2048
29172871,200.000,199.778,0.0000,0.0816,0.0000,0.0511,-0.020,32.34,39.0,3,2048
29173595,200.000,199.778,0.0000,0.0237,0.0000,0.0049,-0.020,32.34,40.0,3,2048
29174878,200.000,199.778,0.0000,0.0114,0.0000,-0.0104,-0.020,32.34,39.0,3,2048
29175654,200.000,199.778,0.0000,0.0450,0.0000,0.0071,-0.020,32.34,39.0,3,2048
29176598,200.000,199.778,0.0000,-0.1015,0.0000,0.0401,-0.020,32.34,39.0,3,2048
29177869,200.000,199.778,0.0000,0.0786,0.0000,0.0170,-0.020,32.34,39.0,3,2048
29178544,200.000,199.778,0.0000,-0.0664,0.0000,0.0159,-0.020,32.34,39.0,3,2048
29179547,200.000,199.778,0.0000,0.0465,0.0000,0.0071,-0.020,32.34,39.0,3,2048
29180603,200.000,199.778,0.0000,0.1442,0.0000,0.0170,-0.020,32.34,40.0,3,2048
29181574,200.000,199.778,0.0000,0.0145,0.0000,0.0665,-0.020,32.34,39.0,3,2048
29182929,200.000,199.778,0.0000,-0.0893,0.0000,-0.0247,-0.020,32.34,39.0,3,2048
29183578,200.000,199.778,0.0000,0.1274,0.0000,0.0368,-0.020,32.34,39.0,3,2048
29184576,200.000,199.778,0.0000,-0.0923,0.0000,0.0148,-0.020,32.34,39.0,3,2048
29185638,200.000,199.778,0.0000,-0.0557,0.0000,-0.0148,-0.020,32.34,39.0,3,2048
29186542,200.000,199.778,0.0000,-0.0053,0.0000,0.0126,-0.020,32.34,39.0,3,2048
29187875,200.000,199.778,0.0000,0.0343,0.0000,0.0379,-0.020,32.34,39.0,3,2048
29188606,200.000,199.778,0.0000,0.1793,0.0000,0.0181,-0.020,32.34,39.0,3,2048
29189577,200.000,199.778,0.0000,0.0633,0.0000,0.0478,-0.020,32.34,39.0,3,2048
29190890,200.000,199.778,0.0000,0.0160,0.0000,-0.0049,-0.020,32.34,39.0,3,2048
29191570,200.000,199.778,0.0000,0.0221,0.0000,0.0181,-0.020,32.34,39.0,3,2048
29192892,200.000,199.778,0.0000,0.0694,0.0000,0.0225,-0.020,32.34,39.0,3,2048
29193573,200.000,199.778,0.0000,-0.0664,0.0000,-0.0016,-0.020,32.34,39.0,3,2048
29194897,200.000,199.778,0.0000,0.0389,0.0000,0.0566,-0.020,32.34,39.0,3,2048
29195573,200.000,199.778,0.0000,-0.0816,0.0000,-0.0060,-0.020,32.34,39.0,3,2048
29196576,200.000,199.778,0.0000,0.1747,0.0000,0.0401,-0.020,32.34,39.0,3,2048
29197901,200.000,199.778,0.0000,-0.0084,0.0000,0.0159,-0.020,32.34,39.0,3,2048
29198548,200.000,199.778,0.0000,-0.0648,0.0000,0.0269,-0.020,32.34,39.0,3,2048
29199547,200.000,199.778,0.0000,0.0175,0.0000,-0.0181,-0.020,32.34,39.0,3,2048
29200593,200.000,199.778,0.0000,-0.0954,0.0000,0.0181,-0.020,32.34,39.0,3,2048
29201589,200.000,199.778,0.0000,0.0099,0.0000,0.0159,-0.020,32.34,39.0,3,2048
29202915,200.000,199.778,0.0000,0.1259,0.0000,0.0005,-0.020,32.34,39.0,3,2048
29203547,200.000,199.778,0.0000,0.0114,0.0000,0.0313,-0.020,32.34,39.0,3,2048
29204561,200.000,199.778,0.0000,-0.0832,0.0000,0.0390,-0.020,32.34,39.0,3,2048
29205545,200.000,199.778,0.0000,0.0420,0.0000,0.0027,-0.020,32.34,39.0,3,2048
29206542,200.000,199.778,0.0000,-0.0282,0.0000,-0.0027,-0.020,32.34,39.0,3,2048
29207954,200.000,199.778,0.0000,-0.0587,0.0000,-0.0038,-0.020,32.34,39.0,3,2048
29208551,200.000,199.778,0.0000,-0.0343,0.0000,-0.0104,-0.020,32.34,39.0,3,2048
29209657,200.000,199.778,0.0000,-0.0511,0.0000,0.0456,-0.020,32.34,39.0,3,2048
29210865,200.000,199.778,0.0000,0.0206,0.0000,-0.0016,-0.020,32.34,39.0,3,2048
29211561,200.000,199.778,0.0000,0.0389,0.0000,-0.0038,-0.020,32.34,39.0,3,2048
29212869,200.000,199.778,0.0000,-0.0008,0.0000,-0.0005,-0.020,32.34,39.0,3,2048
29213599,200.000,199.778,0.0000,0.0938,0.0000,0.0159,-0.020,32.34,39.0,3,2048
29214878,200.000,199.778,0.0000,0.1137,0.0000,0.0456,-0.020,32.34,39.0,3,2048
29215521,200.000,199.800,0.0000,0.1183,0.0000,0.0126,-0.020,32.34,39.0,3,2048
29216549,200.000,199.778,0.0000,-0.0298,0.0000,0.0126,-0.020,32.34,39.0,3,2048
29217869,200.000,199.778,0.0000,-0.1579,0.0000,-0.0280,-0.020,32.34,39.0,3,2048
29218602,200.000,199.778,0.0000,0.0511,0.0000,0.0104,-0.020,32.34,39.0,3,2048
29219548,200.000,199.778,0.0000,0.0374,0.0000,0.0060,-0.020,32.34,39.0,3,2048
29220562,200.000,199.778,0.0000,-0.1183,0.0000,-0.0027,-0.020,32.34,39.0,3,2048
29221542,200.000,199.778,0.0000,0.1167,0.0000,-0.0027,-0.020,32.34,39.0,3,2048
29222912,200.000,199.778,0.0000,0.0038,0.0000,0.0522,-0.020,32.34,39.0,3,2048
29223548,200.000,199.778,0.0000,0.0893,0.0000,0.0115,-0.020,32.34,39.0,3,2048
29224567,200.000,199.778,0.0000,0.0633,0.0000,-0.0071,-0.020,32.34,39.0,3,2048
29225542,200.000,199.778,0.0000,-0.0542,0.0000,0.0346,-0.020,32.34,39.0,3,2048
29226658,200.000,199.778,0.0000,-0.0374,0.0000,-0.0016,-0.020,32.34,39.0,3,2048
29227896,200.000,199.778,0.0000,-0.0267,0.0000,-0.0181,-0.020,32.34,39.0,3,2048
29228545,200.000,199.778,0.0000,-0.1015,0.0000,-0.0049,-0.020,32.34,39.0,3,2048
29229547,200.000,199.778,0.0000,0.1030,0.0000,0.0291,-0.020,32.34,39.0,3,2048
29230860,200.000,199.778,0.0000,0.0191,0.0000,0.0324,-0.020,32.34,39.0,3,2048
29231594,200.000,199.778,0.0000,-0.0038,0.0000,-0.0313,-0.020,32.34,39.0,3,2048
29232897,200.000,199.778,0.0000,0.0359,0.0000,-0.0225,-0.020,32.34,39.0,3,2048
29233612,200.000,199.778,0.0000,-0.0221,0.0000,0.0071,-0.020,32.34,39.0,3,2048
29234902,200.000,199.778,0.0000,0.0481,0.0000,-0.0104,-0.020,32.34,39.0,3,2048
29235573,200.000,199.778,0.0000,0.1152,0.0000,0.0522,-0.020,32.34,40.0,3,2048
29236577,200.000,199.778,0.0000,-0.0938,0.0000,0.0544,-0.020,32.34,39.0,3,2048
29237967,200.000,199.778,0.0000,-0.0191,0.0000,-0.0093,-0.020,32.34,39.0,3,2048
29238550,200.000,199.778,0.0000,-0.0572,0.0000,0.0170,-0.020,32.34,39.0,3,2048
29239547,200.000,199.778,0.0000,0.0343,0.0000,-0.0126,-0.020,32.34,39.0,3,2048
29240602,200.000,199.778,0.0000,-0.0282,0.0000,0.0115,-0.020,32.34,39.0,3,2048
29241570,200.000,199.778,0.0000,0.1198,0.0000,0.0291,-0.020,32.34,39.0,3,2048
29242891,200.000,199.778,0.0000,0.1167,0.0000,-0.0060,-0.020,32.34,39.0,3,2048
29243575,200.000,199.778,0.0000,-0.1259,0.0000,0.0115,-0.020,32.34,39.0,3,2048
29244575,200.000,199.778,0.0000,0.0053,0.0000,0.0027,-0.020,32.34,39.0,3,2048
29245569,200.000,199.778,0.0000,-0.1259,0.0000,0.0137,-0.020,32.34,39.0,3,2048
29246569,200.000,199.778,0.0000,0.0359,0.0000,0.0302,-0.020,32.34,39.0,3,2048
29247890,200.000,199.778,0.0000,-0.1274,0.0000,-0.0192,-0.020,32.34,40.0,3,2048
29248575,200.000,199.778,0.0000,-0.0099,0.0000,0.0489,-0.020,32.34,39.0,3,2048
29249588,200.000,199.778,0.0000,0.0221,0.0000,-0.0247,-0.020,32.34,39.0,3,2048
29250860,200.000,199.778,0.0000,-0.0404,0.0000,0.0258,-0.020,32.34,39.0,3,2048
29251555,200.000,199.778,0.0000,-0.0298,0.0000,0.0115,-0.020,32.34,39.0,3,2048
29252913,200.000,199.778,0.0000,-0.0908,0.0000,-0.0093,-0.020,32.34,39.0,3,2048
29253598,200.000,199.778,0.0000,-0.0465,0.0000,0.0412,-0.020,32.34,39.0,3,2048
29254922,200.000,199.778,0.0000,-0.0465,0.0000,0.0060,-0.020,32.34,39.0,3,2048
29255866,200.000,199.778,0.0000,0.0114,0.0000,-0.0071,-0.020,32.34,39.0,3,2048
29256968,200.000,199.778,0.0000,-0.0710,0.0000,0.0192,-0.020,32.34,39.0,3,2048
29258214,200.000,199.778,0.0000,-0.0313,0.0000,0.0269,-0.020,32.34,39.0,3,2048
29258865,200.000,199.778,0.0000,-0.0450,0.0000,0.0456,-0.020,32.34,39.0,3,2048
29259872,200.000,199.778,0.0000,0.0450,0.0000,-0.0027,-0.020,32.34,39.0,3,2048
29260869,200.000,199.778,0.0000,0.0740,0.0000,0.0313,-0.020,32.34,39.0,3,2048
29261901,200.000,199.778,0.0000,-0.0526,0.0000,0.0269,-0.020,32.34,39.0,3,2048
29263199,200.000,199.778,0.0000,-0.0511,0.0000,0.0258,-0.020,32.34,39.0,3,2048
29263875,200.000,199.778,0.0000,0.0679,0.0000,-0.0159,-0.020,32.34,39.0,3,2048
29264867,200.000,199.778,0.0000,-0.0832,0.0000,0.0214,-0.020,32.34,39.0,3,2048
29265899,200.000,199.778,0.0000,0.0710,0.0000,0.0401,-0.020,32.34,39.0,3,2048
29266868,200.000,199.778,0.0000,-0.0557,0.0000,0.0247,-0.020,32.34,39.0,3,2048
29268284,200.000,199.778,0.0000,0.0862,0.0000,-0.0214,-0.020,32.34,39.0,3,2048
29268866,200.000,199.778,0.0000,-0.0542,0.0000,0.0533,-0.020,32.34,39.0,3,2048
29269900,200.000,199.778,0.0000,0.1320,0.0000,-0.0214,-0.020,32.34,39.0,3,2048
29271191,200.000,199.778,0.0000,0.0710,0.0000,0.0181,-0.020,32.34,39.0,3,2048
29271563,200.000,199.778,0.0000,0.0740,0.0000,0.0159,-0.020,32.34,39.0,3,2048
29272867,200.000,199.778,0.0000,-0.1137,0.0000,0.0280,-0.020,32.34,39.0,3,2048
29273596,200.000,199.778,0.0000,0.0343,0.0000,0.0401,-0.020,32.34,40.0,3,2048
29274876,200.000,199.778,0.0000,0.0389,0.0000,0.0313,-0.020,32.34,39.0,3,2048
29275562,200.000,199.778,0.0000,-0.0664,0.0000,-0.0148,-0.020,32.34,39.0,3,2048
29276547,200.000,199.778,0.0000,-0.1060,0.0000,0.0126,-0.020,32.34,39.0,3,2048
29277979,200.000,199.778,0.0000,-0.0206,0.0000,0.0445,-0.020,32.34,39.0,3,2048
29278579,200.000,199.778,0.0000,0.0557,0.0000,-0.0170,-0.020,32.34,39.0,3,2048
29279547,200.000,199.778,0.0000,-0.0130,0.0000,0.0401,-0.020,32.34,40.0,3,2048
29280542,200.000,199.778,0.0000,0.1045,0.0000,0.0280,-0.020,32.34,39.0,3,2048
29281542,200.000,199.778,0.0000,-0.0206,0.0000,0.0060,-0.020,32.34,39.0,3,2048
29282921,200.000,199.778,0.0000,-0.0008,0.0000,-0.0104,-0.020,32.34,39.0,3,2048
29283878,200.000,199.778,0.0000,0.0038,0.0000,-0.0005,-0.020,32.34,39.0,3,2048
29284937,200.000,199.778,0.0000,-0.0023,0.0000,0.0258,-0.020,32.34,39.0,3,2048
29285882,200.000,199.778,0.0000,0.0145,0.0000,0.0148,-0.020,32.34,39.0,3,2048
29286878,200.000,199.778,0.0000,0.0252,0.0000,0.0148,-0.020,32.34,39.0,3,2048
29288202,200.000,199.778,0.0000,-0.1183,0.0000,0.0324,-0.020,32.34,39.0,3,2048
29288875,200.000,199.778,0.0000,0.0328,0.0000,-0.0291,-0.020,32.34,39.0,3,2048
29289876,200.000,199.778,0.0000,-0.0526,0.0000,0.0577,-0.020,32.34,39.0,3,2048
29291294,200.000,199.778,0.0000,0.0313,0.0000,-0.0005,-0.020,32.34,39.0,3,2048
29291543,200.000,199.778,0.0000,0.0099,0.0000,-0.0137,-0.020,32.34,39.0,3,2048
29292866,200.000,199.778,0.0000,0.0786,0.0000,-0.0038,-0.020,32.34,40.0,3,2048
29293553,200.000,199.778,0.0000,-0.0221,0.0000,0.0104,-0.020,32.34,39.0,3,2048
29294931,200.000,199.778,0.0000,0.0404,0.0000,-0.0005,-0.020,32.34,39.0,3,2048
29295575,200.000,199.778,0.0000,-0.0023,0.0000,0.0434,-0.020,32.34,39.0,3,2048
29296577,200.000,199.778,0.0000,0.0664,0.0000,-0.0049,-0.020,32.34,39.0,3,2048
29297892,200.000,199.778,0.0000,-0.0084,0.0000,0.0159,-0.020,32.34,39.0,3,2048
29298573,200.000,199.778,0.0000,0.0465,0.0000,0.0038,-0.020,32.34,39.0,3,2048
29299575,200.000,199.778,0.0000,0.0725,0.0000,-0.0082,-0.020,32.34,39.0,3,2048
29300569,200.000,199.778,0.0000,0.1030,0.0000,0.0181,-0.020,32.34,39.0,3,2048
29301571,200.000,199.778,0.0000,-0.0725,0.0000,0.0357,-0.020,32.34,39.0,3,2048
29302901,200.000,199.778,0.0000,0.1473,0.0000,0.0060,-0.020,32.34,39.0,3,2048
29303548,200.000,199.778,0.0000,-0.0725,0.0000,0.0148,-0.020,32.34,39.0,3,2048
29304547,200.000,199.778,0.0000,-0.0603,0.0000,-0.0038,-0.020,32.34,39.0,3,2048
29305591,200.000,199.778,0.0000,0.1656,0.0000,0.0082,-0.020,32.34,39.0,3,2048
29306588,200.000,199.778,0.0000,-0.0237,0.0000,0.0049,-0.020,32.34,39.0,3,2048
29307826,200.000,199.778,0.0000,-0.0587,0.0000,0.0148,-0.020,32.34,39.0,3,2048
29308548,200.000,199.778,0.0000,0.0114,0.0000,-0.0027,-0.020,32.34,39.0,3,2048
29309547,200.000,199.778,0.0000,-0.0206,0.0000,0.0071,-0.020,32.34,39.0,3,2048
29310891,200.000,199.778,0.0000,-0.0710,0.0000,0.0214,-0.020,32.34,39.0,3,2048
29311547,200.000,199.778,0.0000,-0.1060,0.0000,0.0225,-0.020,32.34,39.0,3,2048
29312868,200.000,199.778,0.0000,-0.0862,0.0000,0.0313,-0.020,32.34,39.0,3,2048
29313558,200.000,199.778,0.0000,-0.1076,0.0000,-0.0005,-0.020,32.34,39.0,3,2048
29314873,200.000,199.778,0.0000,-0.0603,0.0000,0.0170,-0.020,32.34,39.0,3,2048
29315599,200.000,199.778,0.0000,-0.0328,0.0000,0.0005,-0.020,32.34,39.0,3,2048
29316548,200.000,199.778,0.0000,0.0710,0.0000,0.0181,-0.020,32.34,39.0,3,2048
29317889,200.000,199.778,0.0000,-0.0938,0.0000,0.0126,-0.020,32.34,39.0,3,2048
29318542,200.000,199.778,0.0000,-0.0603,0.0000,0.0137,-0.020,32.34,39.0,3,2048
29319604,200.000,199.778,0.0000,-0.0069,0.0000,0.0489,-0.020,32.34,39.0,3,2048
29320543,200.000,199.778,0.0000,-0.0191,0.0000,-0.0027,-0.020,32.34,39.0,3,2048
29321636,200.000,199.778,0.0000,0.1076,0.0000,0.0390,-0.020,32.34,39.0,3,2048
29322874,200.000,199.778,0.0000,0.0542,0.0000,0.0368,-0.020,32.34,39.0,3,2048
29323600,200.000,199.778,0.0000,-0.0114,0.0000,0.0434,-0.020,32.34,39.0,3,2048
29324548,200.000,199.778,0.0000,-0.0328,0.0000,0.0038,-0.020,32.34,39.0,3,2048
29325562,200.000,199.778,0.0000,-0.0023,0.0000,0.0005,-0.020,32.34,40.0,3,2048
29326542,200.000,199.778,0.0000,0.0435,0.0000,0.0104,-0.020,32.34,39.0,3,2048
29327913,200.000,199.778,0.0000,-0.0511,0.0000,0.0236,-0.020,32.34,39.0,3,2048
29328548,200.000,199.778,0.0000,0.0740,0.0000,0.0302,-0.020,32.34,39.0,3,2048
29329654,200.000,199.778,0.0000,-0.0908,0.0000,0.0401,-0.020,32.34,39.0,3,2048
29330863,200.000,199.778,0.0000,-0.0008,0.0000,0.0478,-0.020,32.34,39.0,3,2048
29331543,200.000,199.778,0.0000,0.0282,0.0000,0.0049,-0.020,32.34,39.0,3,2048
29332866,200.000,199.778,0.0000,-0.0206,0.0000,0.0181,-0.020,32.34,39.0,3,2048
29333544,200.000,199.778,0.0000,0.0648,0.0000,0.0104,-0.020,32.34,39.0,3,2048
29334932,200.000,199.778,0.0000,0.0404,0.0000,0.0280,-0.020,32.34,39.0,3,2048
29335575,200.000,199.778,0.0000,0.0359,0.0000,0.0313,-0.020,32.34,39.0,3,2048
29336614,200.000,199.778,0.0000,-0.0313,0.0000,0.0335,-0.020,32.34,39.0,3,2048
29337894,200.000,199.778,0.0000,-0.0771,0.0000,0.0148,-0.020,32.34,39.0,3,2048
29338575,200.000,199.778,0.0000,-0.0282,0.0000,0.0148,-0.020,32.34,39.0,3,2048
29339627,200.000,199.778,0.0000,0.0084,0.0000,-0.0302,-0.020,32.34,40.0,3,2048
29340587,200.000,199.778,0.0000,0.0221,0.0000,0.0368,-0.020,32.34,39.0,3,2048
29341546,200.000,199.778,0.0000,-0.0893,0.0000,0.0500,-0.020,32.34,40.0,3,2048
29342921,200.000,199.778,0.0000,0.0496,0.0000,0.0434,-0.020,32.34,39.0,3,2048
29343574,200.000,199.778,0.0000,0.0023,0.0000,-0.0005,-0.020,32.34,39.0,3,2048
29344574,200.000,199.778,0.0000,0.0618,0.0000,-0.0038,-0.020,32.34,39.0,3,2048
29345567,200.000,199.778,0.0000,-0.0267,0.0000,0.0137,-0.020,32.34,39.0,3,2048
29346567,200.000,199.778,0.0000,-0.0755,0.0000,0.0379,-0.020,32.34,39.0,3,2048
29347891,200.000,199.778,0.0000,0.0282,0.0000,0.0049,-0.020,32.34,39.0,3,2048
29348570,200.000,199.778,0.0000,0.0481,0.0000,0.0434,-0.020,32.34,39.0,3,2048
29349572,200.000,199.778,0.0000,-0.0557,0.0000,0.0214,-0.020,32.34,39.0,3,2048
29350882,200.000,199.778,0.0000,0.0450,0.0000,0.0060,-0.020,32.34,39.0,3,2048
29351582,200.000,199.778,0.0000,-0.0237,0.0000,0.0126,-0.020,32.34,39.0,3,2048
29352870,200.000,199.778,0.0000,-0.0481,0.0000,0.0225,-0.020,32.34,39.0,3,2048
29353542,200.000,199.778,0.0000,-0.0526,0.0000,-0.0137,-0.020,32.34,40.0,3,2048
29354916,200.000,199.778,0.0000,-0.0526,0.0000,0.0555,-0.020,32.34,39.0,3,2048
29355923,200.000,199.778,0.0000,0.0938,0.0000,-0.0126,-0.020,32.34,39.0,3,2048
29356885,200.000,199.778,0.0000,-0.0679,0.0000,0.0016,-0.020,32.34,39.0,3,2048
29358106,200.000,199.778,0.0000,0.0847,0.0000,0.0313,-0.020,32.34,39.0,3,2048
29358862,200.000,199.778,0.0000,0.0618,0.0000,0.0126,-0.020,32.34,39.0,3,2048
29359863,200.000,199.778,0.0000,-0.0832,0.0000,0.0137,-0.020,32.34,39.0,3,2048
29360930,200.000,199.778,0.0000,-0.0481,0.0000,-0.0049,-0.020,32.34,39.0,3,2048
29361886,200.000,199.778,0.0000,-0.0145,0.0000,-0.0192,-0.020,32.34,39.0,3,2048
29363198,200.000,199.778,0.0000,-0.0359,0.0000,0.0269,-0.020,32.34,39.0,3,2048
29363876,200.000,199.778,0.0000,0.0481,0.0000,0.0093,-0.020,32.34,39.0,3,2048
29364864,200.000,199.778,0.0000,-0.0420,0.0000,-0.0060,-0.020,32.34,39.0,3,2048
29365895,200.000,199.778,0.0000,-0.1350,0.0000,-0.0247,-0.020,32.34,39.0,3,2048
29366863,200.000,199.778,0.0000,-0.0587,0.0000,-0.0159,-0.020,32.34,39.0,3,2048
29368204,200.000,199.778,0.0000,0.0328,0.0000,0.0038,-0.020,32.34,39.0,3,2048
29368864,200.000,199.778,0.0000,0.0099,0.0000,0.0159,-0.020,32.34,39.0,3,2048
29369896,200.000,199.778,0.0000,0.1060,0.0000,0.0060,-0.020,32.34,39.0,3,2048
29371192,200.000,199.778,0.0000,0.0999,0.0000,0.0291,-0.020,32.34,39.0,3,2048
29371613,200.000,199.778,0.0000,-0.1213,0.0000,-0.0005,-0.020,32.34,40.0,3,2048
29372923,200.000,199.778,0.0000,-0.0633,0.0000,0.0005,-0.020,32.34,40.0,3,2048
29373551,200.000,199.778,0.0000,-0.0221,0.0000,0.0027,-0.020,32.34,39.0,3,2048
29374925,200.000,199.778,0.0000,0.0374,0.0000,-0.0049,-0.020,32.34,39.0,3,2048
29375549,200.000,199.778,0.0000,0.1579,0.0000,0.0236,-0.020,32.34,39.0,3,2048
29376567,200.000,199.778,0.0000,0.0313,0.0000,0.0082,-0.020,32.34,39.0,3,2048
29377866,200.000,199.778,0.0000,-0.0008,0.0000,0.0346,-0.020,32.34,39.0,3,2048
29378628,200.000,199.778,0.0000,0.0786,0.0000,0.0060,-0.020,32.34,39.0,3,2048
29379587,200.000,199.778,0.0000,0.1625,0.0000,0.0038,-0.020,32.34,40.0,3,2048
29380545,200.000,199.778,0.0000,-0.0023,0.0000,0.0181,-0.020,32.34,39.0,3,2048
29381603,200.000,199.778,0.0000,-0.0206,0.0000,-0.0049,-0.020,32.34,39.0,3,2048
29382898,200.000,199.778,0.0000,-0.1106,0.0000,0.0346,-0.020,32.34,39.0,3,2048
29383574,200.000,199.778,0.0000,0.0237,0.0000,0.0104,-0.020,32.34,39.0,3,2048
29384573,200.000,199.778,0.0000,-0.1152,0.0000,0.0093,-0.020,32.34,39.0,3,2048
29385568,200.000,199.778,0.0000,0.1656,0.0000,0.0115,-0.020,32.34,39.0,3,2048
29386568,200.000,199.778,0.0000,-0.1488,0.0000,0.0071,-0.020,32.34,39.0,3,2048
29387891,200.000,199.778,0.0000,-0.0374,0.0000,0.0071,-0.020,32.34,39.0,3,2048
29388572,200.000,199.778,0.0000,0.0816,0.0000,0.0313,-0.020,32.34,39.0,3,2048
29389573,200.000,199.778,0.0000,-0.0648,0.0000,0.0049,-0.020,32.34,39.0,3,2048
29390900,200.000,199.778,0.0000,-0.0664,0.0000,0.0093,-0.020,32.34,39.0,3,2048
29391544,200.000,199.778,0.0000,-0.0771,0.0000,-0.0093,-0.020,32.34,39.0,3,2048
29392910,200.000,199.778,0.0000,-0.0481,0.0000,-0.0016,-0.020,32.34,39.0,3,2048
29393927,200.000,199.778,0.0000,0.0053,0.0000,-0.0280,-0.020,32.34,39.0,3,2048
29395210,200.000,199.778,0.0000,0.1045,0.0000,-0.0093,-0.020,32.34,39.0,3,2048
29395928,200.000,199.778,0.0000,-0.0069,0.0000,0.0280,-0.020,32.34,39.0,3,2048
29396889,200.000,199.778,0.0000,0.0786,0.0000,0.0236,-0.020,32.34,39.0,3,2048
29398250,200.000,199.778,0.0000,-0.0374,0.0000,-0.0291,-0.020,32.34,40.0,3,2048
29398864,200.000,199.778,0.0000,0.0053,0.0000,0.0423,-0.020,32.34,40.0,3,2048
29399970,200.000,199.778,0.0000,-0.0282,0.0000,-0.0258,-0.020,32.34,39.0,3,2048
29400886,200.000,199.778,0.0000,-0.0725,0.0000,-0.0236,-0.020,32.34,39.0,3,2048
29401864,200.000,199.778,0.0000,0.0038,0.0000,0.0071,-0.020,32.34,39.0,3,2048
29403275,200.000,199.778,0.0000,0.0450,0.0000,-0.0665,-0.020,32.34,39.0,3,2048
29403861,200.000,199.778,0.0000,-0.0359,0.0000,0.0775,-0.020,32.34,39.0,3,2048
29404809,200.000,199.778,0.0000,0.1152,0.0000,0.0027,-0.020,32.34,39.0,3,2048
29405881,200.000,199.778,0.0000,-0.1198,0.0000,0.0423,-0.020,32.34,39.0,3,2048
29406863,200.000,199.778,0.0000,-0.0877,0.0000,0.0071,-0.020,32.34,39.0,3,2048
29408201,200.000,199.778,0.0000,-0.0771,0.0000,-0.0093,-0.020,32.34,39.0,3,2048
29408861,200.000,199.778,0.0000,0.0755,0.0000,0.0610,-0.020,32.34,39.0,3,2048
29409895,200.000,199.778,0.0000,0.0847,0.0000,-0.0258,-0.020,32.34,39.0,3,2048
29411188,200.000,199.778,0.0000,0.0282,0.0000,0.0071,-0.020,32.34,39.0,3,2048
29411612,200.000,199.778,0.0000,-0.0191,0.0000,0.0104,-0.020,32.34,40.0,3,2048
29412924,200.000,199.778,0.0000,-0.0175,0.0000,-0.0093,-0.020,32.34,40.0,3,2048
29413551,200.000,199.800,0.0000,0.1427,0.0000,0.0148,-0.020,32.34,39.0,3,2048
29414930,200.000,199.778,0.0000,-0.1244,0.0000,0.0027,-0.020,32.34,39.0,3,2048
29415547,200.000,199.778,0.0000,0.0710,0.0000,-0.0137,-0.020,32.34,40.0,3,2048
29416566,200.000,199.778,0.0000,-0.1625,0.0000,0.0225,-0.020,32.34,39.0,3,2048
29417865,200.000,199.778,0.0000,-0.0160,0.0000,0.0203,-0.020,32.34,39.0,3,2048
29418594,200.000,199.778,0.0000,-0.0328,0.0000,0.0170,-0.020,32.34,39.0,3,2048
29419548,200.000,199.778,0.0000,0.1732,0.0000,-0.0027,-0.020,32.34,39.0,3,2048
29420561,200.000,199.778,0.0000,0.0084,0.0000,0.0247,-0.020,32.34,39.0,3,2048
29421542,200.000,199.778,0.0000,-0.0679,0.0000,0.0126,-0.020,32.34,39.0,3,2048
29422972,200.000,199.778,0.0000,-0.0099,0.0000,-0.0126,-0.020,32.34,39.0,3,2048
29423549,200.000,199.778,0.0000,-0.0175,0.0000,0.0390,-0.020,32.34,39.0,3,2048
29424565,200.000,199.778,0.0000,0.1457,0.0000,0.0192,-0.020,32.34,39.0,3,2048
29425542,200.000,199.778,0.0000,-0.0099,0.0000,0.0467,-0.020,32.34,39.0,3,2048
29426596,200.000,199.778,0.0000,0.0816,0.0000,0.0016,-0.020,32.34,39.0,3,2048
29427869,200.000,199.778,0.0000,0.0130,0.0000,0.0126,-0.020,32.34,39.0,3,2048
29428563,200.000,199.778,0.0000,-0.0648,0.0000,0.0027,-0.020,32.34,39.0,3,2048
29429547,200.000,199.778,0.0000,-0.0084,0.0000,0.0082,-0.020,32.34,39.0,3,2048
29430969,200.000,199.778,0.0000,-0.0420,0.0000,0.0093,-0.020,32.34,40.0,3,2048
29431544,200.000,199.778,0.0000,0.0328,0.0000,-0.0170,-0.020,32.34,39.0,3,2048
29432869,200.000,199.778,0.0000,-0.0313,0.0000,-0.0115,-0.020,32.34,39.0,3,2048
29433542,200.000,199.778,0.0000,-0.0954,0.0000,0.0807,-0.020,32.34,39.0,3,2048
29434871,200.000,199.778,0.0000,0.1717,0.0000,-0.0159,-0.020,32.34,39.0,3,2048
29435612,200.000,199.778,0.0000,-0.0023,0.0000,0.0555,-0.020,32.34,39.0,3,2048
29436577,200.000,199.778,0.0000,0.1564,0.0000,-0.0181,-0.020,32.34,39.0,3,2048
29437928,200.000,199.778,0.0000,-0.0694,0.0000,0.0115,-0.020,32.34,39.0,3,2048
29438579,200.000,199.778,0.0000,-0.0648,0.0000,0.0291,-0.020,32.34,39.0,3,2048
29439578,200.000,199.778,0.0000,0.0282,0.0000,-0.0137,-0.020,32.34,39.0,3,2048
29440589,200.000,199.778,0.0000,-0.0237,0.0000,0.0335,-0.020,32.34,39.0,3,2048
29441627,200.000,199.778,0.0000,0.0465,0.0000,0.0467,-0.020,32.34,39.0,3,2048
29442869,200.000,199.778,0.0000,0.1198,0.0000,-0.0225,-0.020,32.34,39.0,3,2048
29443579,200.000,199.778,0.0000,0.0038,0.0000,0.0467,-0.020,32.34,39.0,3,2048
29444604,200.000,199.778,0.0000,0.0328,0.0000,0.0115,-0.020,32.34,39.0,3,2048
29445571,200.000,199.778,0.0000,0.1259,0.0000,0.0511,-0.020,32.34,39.0,3,2048
29446569,200.000,199.778,0.0000,0.0618,0.0000,0.0258,-0.020,32.34,39.0,3,2048
29447892,200.000,199.778,0.0000,-0.0450,0.0000,0.0159,-0.020,32.34,39.0,3,2048
29448573,200.000,199.778,0.0000,-0.0343,0.0000,-0.0126,-0.020,32.34,39.0,3,2048
29449574,200.000,199.778,0.0000,-0.1091,0.0000,0.0225,-0.020,32.34,39.0,3,2048
29450886,200.000,199.778,0.0000,0.1381,0.0000,-0.0104,-0.020,32.34,39.0,3,2048
29451570,200.000,199.778,0.0000,0.0801,0.0000,-0.0093,-0.020,32.34,39.0,3,2048
29452903,200.000,199.778,0.0000,0.0710,0.0000,-0.0104,-0.020,32.34,39.0,3,2048
29453548,200.000,199.778,0.0000,0.0587,0.0000,0.0401,-0.020,32.34,39.0,3,2048
29454866,200.000,199.778,0.0000,-0.0847,0.0000,0.0093,-0.020,32.34,39.0,3,2048
29455595,200.000,199.778,0.0000,-0.0221,0.0000,0.0038,-0.020,32.34,39.0,3,2048
29456599,200.000,199.778,0.0000,0.0633,0.0000,-0.0104,-0.020,32.34,39.0,3,2048
29457913,200.000,199.778,0.0000,-0.0694,0.0000,0.0104,-0.020,32.34,39.0,3,2048
29458600,200.000,199.778,0.0000,0.0725,0.0000,0.0082,-0.020,32.34,39.0,3,2048
29459547,200.000,199.778,0.0000,0.0587,0.0000,-0.0060,-0.020,32.34,39.0,3,2048
29460571,200.000,199.778,0.0000,-0.0114,0.0000,0.0016,-0.020,32.34,39.0,3,2048
29461545,200.000,199.778,0.0000,0.0160,0.0000,0.0379,-0.020,32.34,40.0,3,2048
29462869,200.000,199.778,0.0000,-0.1167,0.0000,0.0038,-0.020,32.34,39.0,3,2048
29463558,200.000,199.778,0.0000,0.0114,0.0000,0.0291,-0.020,32.34,39.0,3,2048
29464547,200.000,199.778,0.0000,0.0053,0.0000,0.0104,-0.020,32.34,40.0,3,2048
29465599,200.000,199.778,0.0000,0.0267,0.0000,0.0071,-0.020,32.34,40.0,3,2048
29466543,200.000,199.778,0.0000,0.0252,0.0000,0.0170,-0.020,32.34,39.0,3,2048
29467888,200.000,199.778,0.0000,0.0099,0.0000,0.0445,-0.020,32.34,39.0,3,2048
29468542,200.000,199.778,0.0000,-0.0877,0.0000,0.0170,-0.020,32.34,39.0,3,2048
29469604,200.000,199.778,0.0000,0.2388,0.0000,0.0346,-0.020,32.34,39.0,3,2048
29470861,200.000,199.778,0.0000,-0.0374,0.0000,0.0192,-0.020,32.34,40.0,3,2048
29471509,200.000,199.778,0.0000,0.0130,0.0000,0.0236,-0.020,32.34,39.0,3,2048
29472876,200.000,199.778,0.0000,-0.0771,0.0000,0.0225,-0.020,32.34,39.0,3,2048
29473544,200.000,199.778,0.0000,-0.0191,0.0000,0.0357,-0.020,32.34,39.0,3,2048
29474924,200.000,199.778,0.0000,-0.0542,0.0000,0.0203,-0.020,32.34,39.0,3,2048
29475550,200.000,199.778,0.0000,-0.0359,0.0000,0.0577,-0.020,32.34,39.0,3,2048
29476567,200.000,199.778,0.0000,0.0160,0.0000,0.0357,-0.020,32.34,39.0,3,2048
29477862,200.000,199.778,0.0000,0.0298,0.0000,-0.0148,-0.020,32.34,39.0,3,2048
29478593,200.000,199.778,0.0000,-0.0145,0.0000,0.0170,-0.020,32.34,39.0,3,2048
29479548,200.000,199.778,0.0000,0.0008,0.0000,0.0313,-0.020,32.34,40.0,3,2048
29480645,200.000,199.778,0.0000,-0.1503,0.0000,0.0368,-0.020,32.34,39.0,3,2048
29481542,200.000,199.778,0.0000,-0.0023,0.0000,0.0236,-0.020,32.34,39.0,3,2048
29482871,200.000,199.778,0.0000,-0.0832,0.0000,0.0225,-0.020,32.34,39.0,3,2048
29483606,200.000,199.778,0.0000,0.0130,0.0000,0.0093,-0.020,32.34,39.0,3,2048
29484643,200.000,199.778,0.0000,-0.0633,0.0000,0.0159,-0.020,32.34,39.0,3,2048
29485569,200.000,199.778,0.0000,0.1823,0.0000,0.0390,-0.020,32.34,39.0,3,2048
29486569,200.000,199.778,0.0000,0.0343,0.0000,-0.0126,-0.020,32.34,40.0,3,2048
29487922,200.000,199.778,0.0000,-0.0465,0.0000,0.0027,-0.020,32.34,39.0,3,2048
29488576,200.000,199.778,0.0000,-0.0496,0.0000,0.0412,-0.020,32.34,40.0,3,2048
29489574,200.000,199.778,0.0000,0.0801,0.0000,0.0291,-0.020,32.34,39.0,3,2048
29490948,200.000,199.778,0.0000,0.0343,0.0000,0.0236,-0.020,32.34,40.0,3,2048
29491544,200.000,199.778,0.0000,-0.0862,0.0000,-0.0016,-0.020,32.34,39.0,3,2048
29492865,200.000,199.778,0.0000,-0.1228,0.0000,0.0203,-0.020,32.34,39.0,3,2048
29493544,200.000,199.778,0.0000,0.0587,0.0000,0.0456,-0.020,32.34,39.0,3,2048
29494869,200.000,199.778,0.0000,-0.0526,0.0000,0.0060,-0.020,32.34,39.0,3,2048
29495554,200.000,199.778,0.0000,-0.0221,0.0000,0.0302,-0.020,32.34,39.0,3,2048
29496606,200.000,199.778,0.0000,-0.0374,0.0000,0.0126,-0.020,32.34,39.0,3,2048
29497927,200.000,199.778,0.0000,-0.0267,0.0000,-0.0071,-0.020,32.34,39.0,3,2048
29498579,200.000,199.778,0.0000,0.0893,0.0000,0.0302,-0.020,32.34,39.0,3,2048
29499576,200.000,199.778,0.0000,-0.0099,0.0000,0.0148,-0.020,32.34,39.0,3,2048
29500572,200.000,199.778,0.0000,-0.1518,0.0000,0.0181,-0.020,32.34,39.0,3,2048
29501639,200.000,199.778,0.0000,-0.0191,0.0000,-0.0071,-0.020,32.34,39.0,3,2048
29502867,200.000,199.778,0.0000,0.0465,0.0000,0.0368,-0.020,32.34,39.0,3,2048
29503544,200.000,199.778,0.0000,0.1060,0.0000,-0.0082,-0.020,32.34,39.0,3,2048
29504547,200.000,199.778,0.0000,0.0175,0.0000,0.0126,-0.020,32.34,39.0,3,2048
29505582,200.000,199.778,0.0000,0.0267,0.0000,0.0192,-0.020,32.34,39.0,3,2048
29506590,200.000,199.778,0.0000,0.0923,0.0000,-0.0203,-0.020,32.34,39.0,3,2048
29507927,200.000,199.778,0.0000,-0.1076,0.0000,0.0313,-0.020,32.34,39.0,3,2048
29508577,200.000,199.778,0.0000,-0.0237,0.0000,0.0214,-0.020,32.34,39.0,3,2048
29509576,200.000,199.778,0.0000,-0.0435,0.0000,0.0137,-0.020,32.34,39.0,3,2048
29510914,200.000,199.778,0.0000,0.0450,0.0000,0.0005,-0.020,32.34,39.0,3,2048
29511544,200.000,199.778,0.0000,-0.1183,0.0000,0.0236,-0.020,32.34,39.0,3,2048
29512868,200.000,199.778,0.0000,-0.0465,0.0000,0.0423,-0.020,32.34,39.0,3,2048
29513601,200.000,199.800,0.0000,0.0389,0.0000,-0.0247,-0.020,32.34,39.0,3,2048
29514901,200.000,199.778,0.0000,-0.0282,0.0000,-0.0016,-0.020,32.34,39.0,3,2048
29515574,200.000,199.778,0.0000,-0.0435,0.0000,0.0610,-0.020,32.34,39.0,3,2048
29516574,200.000,199.778,0.0000,0.0954,0.0000,0.0236,-0.020,32.34,40.0,3,2048
29517892,200.000,199.778,0.0000,-0.0557,0.0000,-0.0390,-0.020,32.34,39.0,3,2048
29518572,200.000,199.778,0.0000,0.0908,0.0000,0.0478,-0.020,32.34,40.0,3,2048
29519574,200.000,199.778,0.0000,0.0160,0.0000,-0.0137,-0.020,32.34,40.0,3,2048
29520569,200.000,199.778,0.0000,0.0114,0.0000,0.0577,-0.020,32.34,39.0,3,2048
29521569,200.000,199.778,0.0000,0.0740,0.0000,0.0126,-0.020,32.34,39.0,3,2048
29522902,200.000,199.778,0.0000,0.1427,0.0000,0.0060,-0.020,32.34,39.0,3,2048
29523549,200.000,199.778,0.0000,-0.0633,0.0000,0.0236,-0.020,32.34,39.0,3,2048
29524547,200.000,199.778,0.0000,0.0282,0.0000,0.0038,-0.020,32.34,39.0,3,2048
29525589,200.000,199.778,0.0000,-0.0160,0.0000,0.0324,-0.020,32.34,39.0,3,2048
29526588,200.000,199.778,0.0000,-0.1671,0.0000,0.0390,-0.020,32.34,39.0,3,2048
29527914,200.000,199.778,0.0000,0.0572,0.0000,-0.0203,-0.020,32.34,39.0,3,2048
29528547,200.000,199.778,0.0000,-0.0511,0.0000,0.0401,-0.020,32.34,39.0,3,2048
29529679,200.000,199.778,0.0000,0.0099,0.0000,0.0346,-0.020,32.34,39.0,3,2048
29530939,200.000,199.778,0.0000,0.0954,0.0000,-0.0104,-0.020,32.34,39.0,3,2048
29531543,200.000,199.778,0.0000,0.0038,0.0000,0.0412,-0.020,32.34,40.0,3,2048
29532869,200.000,199.778,0.0000,-0.0252,0.0000,0.0203,-0.020,32.34,39.0,3,2048
29533542,200.000,199.778,0.0000,-0.0786,0.0000,0.0115,-0.020,32.34,39.0,3,2048
29534966,200.000,199.778,0.0000,0.1167,0.0000,-0.0060,-0.020,32.34,39.0,3,2048
29535579,200.000,199.778,0.0000,0.0374,0.0000,0.0214,-0.020,32.34,40.0,3,2048
29536573,200.000,199.778,0.0000,-0.0099,0.0000,0.0357,-0.020,32.34,40.0,3,2048
29537918,200.000,199.778,0.0000,-0.1198,0.0000,-0.0027,-0.020,32.34,39.0,3,2048
29538575,200.000,199.778,0.0000,0.0618,0.0000,0.0467,-0.020,32.34,39.0,3,2048
29539573,200.000,199.778,0.0000,-0.0542,0.0000,-0.0049,-0.020,32.34,39.0,3,2048
29540568,200.000,199.778,0.0000,0.0084,0.0000,0.0027,-0.020,32.34,40.0,3,2048
29541626,200.000,199.778,0.0000,0.0664,0.0000,0.0005,-0.020,32.34,39.0,3,2048
29542868,200.000,199.778,0.0000,0.0481,0.0000,0.0346,-0.020,32.34,39.0,3,2048
29543544,200.000,199.778,0.0000,0.0038,0.0000,0.0148,-0.020,32.34,39.0,3,2048
29544547,200.000,199.778,0.0000,-0.0282,0.0000,0.0005,-0.020,32.34,39.0,3,2048
29545557,200.000,199.778,0.0000,0.0282,0.0000,0.0632,-0.020,32.34,39.0,3,2048
29546602,200.000,199.778,0.0000,-0.0053,0.0000,0.0082,-0.020,32.34,40.0,3,2048
29547931,200.000,199.778,0.0000,0.1091,0.0000,0.0390,-0.020,32.34,39.0,3,2048
29548577,200.000,199.778,0.0000,-0.0923,0.0000,0.0016,-0.020,32.34,39.0,3,2048
29549576,200.000,199.778,0.0000,0.0633,0.0000,0.0357,-0.020,32.34,40.0,3,2048
29550888,200.000,199.778,0.0000,0.0633,0.0000,0.0203,-0.020,32.34,39.0,3,2048
29551636,200.000,199.778,0.0000,0.0237,0.0000,0.0214,-0.020,32.34,39.0,3,2048
29552869,200.000,199.778,0.0000,-0.0603,0.0000,0.0181,-0.020,32.34,39.0,3,2048
29553544,200.000,199.778,0.0000,0.1518,0.0000,0.0137,-0.020,32.34,39.0,3,2048
29554868,200.000,199.778,0.0000,0.0679,0.0000,-0.0181,-0.020,32.34,39.0,3,2048
29555544,200.000,199.778,0.0000,-0.1335,0.0000,0.0357,-0.020,32.34,39.0,3,2048
29556611,200.000,199.778,0.0000,-0.0801,0.0000,0.0214,-0.020,32.34,39.0,3,2048
29557892,200.000,199.778,0.0000,-0.0694,0.0000,0.0126,-0.020,32.34,39.0,3,2048
29558614,200.000,199.778,0.0000,-0.0694,0.0000,0.0357,-0.020,32.34,39.0,3,2048
29559584,200.000,199.778,0.0000,-0.0435,0.0000,-0.0148,-0.020,32.34,39.0,3,2048
29560573,200.000,199.778,0.0000,0.0755,0.0000,0.0258,-0.020,32.34,39.0,3,2048
29561594,200.000,199.778,0.0000,-0.0023,0.0000,0.0335,-0.020,32.34,39.0,3,2048
29562870,200.000,199.778,0.0000,0.1030,0.0000,0.0093,-0.020,32.34,39.0,3,2048
29563542,200.000,199.778,0.0000,-0.1717,0.0000,0.0005,-0.020,32.34,39.0,3,2048
29564611,200.000,199.778,0.0000,0.0053,0.0000,-0.0324,-0.020,32.34,39.0,3,2048
29565571,200.000,199.778,0.0000,0.0404,0.0000,0.0170,-0.020,32.34,39.0,3,2048
29566569,200.000,199.778,0.0000,0.0755,0.0000,0.0005,-0.020,32.34,39.0,3,2048
29567891,200.000,199.778,0.0000,0.0450,0.0000,0.0456,-0.020,32.34,40.0,3,2048
29568573,200.000,199.778,0.0000,0.0343,0.0000,0.0269,-0.020,32.34,39.0,3,2048
29569575,200.000,199.778,0.0000,0.0862,0.0000,0.0302,-0.020,32.34,39.0,3,2048
29570881,200.000,199.778,0.0000,-0.1274,0.0000,0.0291,-0.020,32.34,39.0,3,2048
29571572,200.000,199.778,0.0000,0.1137,0.0000,-0.0082,-0.020,32.34,39.0,3,2048
29572902,200.000,199.778,0.0000,0.0526,0.0000,-0.0159,-0.020,32.34,39.0,3,2048
29573548,200.000,199.778,0.0000,0.0343,0.0000,0.0027,-0.020,32.34,39.0,3,2048
29574866,200.000,199.778,0.0000,-0.1396,0.0000,0.0280,-0.020,32.34,39.0,3,2048
29575594,200.000,199.778,0.0000,-0.0008,0.0000,-0.0181,-0.020,32.34,39.0,3,2048
29576601,200.000,199.778,0.0000,-0.0862,0.0000,-0.0181,-0.020,32.34,40.0,3,2048
29577913,200.000,199.778,0.0000,-0.0282,0.0000,0.0313,-0.020,32.34,39.0,3,2048
29578600,200.000,199.778,0.0000,-0.0435,0.0000,-0.0137,-0.020,32.34,39.0,3,2048
29579547,200.000,199.778,0.0000,-0.0298,0.0000,0.0170,-0.020,32.34,39.0,3,2048
29580676,200.000,199.778,0.0000,-0.0221,0.0000,-0.0280,-0.020,32.34,40.0,3,2048
29581619,200.000,199.778,0.0000,0.0542,0.0000,0.0236,-0.020,32.34,39.0,3,2048
29582870,200.000,199.778,0.0000,-0.0008,0.0000,0.0214,-0.020,32.34,39.0,3,2048
29583542,200.000,199.778,0.0000,-0.0053,0.0000,0.0137,-0.020,32.34,39.0,3,2048
29584547,200.000,199.778,0.0000,0.0420,0.0000,0.0049,-0.020,32.34,39.0,3,2048
29585607,200.000,199.778,0.0000,0.1320,0.0000,0.0302,-0.020,32.34,40.0,3,2048
29586572,200.000,199.778,0.0000,-0.0893,0.0000,-0.0005,-0.020,32.34,39.0,3,2048
29587931,200.000,199.778,0.0000,0.0008,0.0000,0.0401,-0.020,32.34,40.0,3,2048
29588579,200.000,199.778,0.0000,-0.0160,0.0000,0.0544,-0.020,32.34,40.0,3,2048
29589577,200.000,199.778,0.0000,-0.0587,0.0000,-0.0071,-0.020,32.34,39.0,3,2048
29590890,200.000,199.778,0.0000,-0.0893,0.0000,-0.0346,-0.020,32.34,40.0,3,2048
29591642,200.000,199.778,0.0000,-0.0298,0.0000,0.0324,-0.020,32.34,40.0,3,2048
29592869,200.000,199.778,0.0000,-0.1244,0.0000,0.0247,-0.020,32.34,40.0,3,2048
29593544,200.000,199.778,0.0000,-0.1198,0.0000,-0.0126,-0.020,32.34,40.0,3,2048
29594933,200.000,199.778,0.0000,0.1320,0.0000,-0.0137,-0.020,32.34,39.0,3,2048
29595574,200.000,199.778,0.0000,-0.0237,0.0000,0.0709,-0.020,32.34,40.0,3,2048
29596576,200.000,199.778,0.0000,-0.0237,0.0000,-0.0082,-0.020,32.34,39.0,3,2048
29597892,200.000,199.778,0.0000,-0.0954,0.0000,0.0038,-0.020,32.34,39.0,3,2048
29598573,200.000,199.778,0.0000,-0.1106,0.0000,0.0324,-0.020,32.34,39.0,3,2048
29599574,200.000,199.778,0.0000,-0.1549,0.0000,-0.0225,-0.020,32.34,39.0,3,2048
29600568,200.000,199.778,0.0000,0.0023,0.0000,0.0434,-0.020,32.34,39.0,3,2048
29601569,200.000,199.778,0.0000,-0.0481,0.0000,-0.0104,-0.020,32.34,39.0,3,2048
29602892,200.000,199.778,0.0000,-0.0145,0.0000,0.0016,-0.020,32.34,39.0,3,2048
29603589,200.000,199.778,0.0000,-0.0038,0.0000,0.0423,-0.020,32.34,39.0,3,2048
29604548,200.000,199.778,0.0000,-0.1427,0.0000,-0.0049,-0.020,32.34,39.0,3,2048
29605562,200.000,199.778,0.0000,0.0267,0.0000,0.0181,-0.020,32.34,40.0,3,2048
29606595,200.000,199.778,0.0000,-0.0359,0.0000,0.0247,-0.020,32.34,39.0,3,2048
29607915,200.000,199.778,0.0000,-0.0832,0.0000,0.0412,-0.020,32.34,39.0,3,2048
29608601,200.000,199.778,0.0000,0.0999,0.0000,0.0170,-0.020,32.34,39.0,3,2048
29609551,200.000,199.778,0.0000,-0.0145,0.0000,-0.0104,-0.020,32.34,39.0,3,2048
29610903,200.000,199.778,0.0000,-0.0740,0.0000,0.0269,-0.020,32.34,40.0,3,2048
29611545,200.000,199.778,0.0000,0.0298,0.0000,-0.0115,-0.020,32.34,39.0,3,2048
29612869,200.000,199.778,0.0000,-0.0999,0.0000,-0.0115,-0.020,32.34,40.0,3,2048
29613560,200.000,199.778,0.0000,0.1213,0.0000,0.0071,-0.020,32.34,39.0,3,2048
29614871,200.000,199.778,0.0000,-0.0175,0.0000,0.0807,-0.020,32.34,39.0,3,2048
29615600,200.000,199.778,0.0000,-0.0221,0.0000,-0.0038,-0.020,32.34,39.0,3,2048
29616547,200.000,199.778,0.0000,-0.0481,0.0000,0.0060,-0.020,32.34,39.0,3,2048
29617887,200.000,199.778,0.0000,0.1167,0.0000,-0.0005,-0.020,32.34,39.0,3,2048
29618542,200.000,199.778,0.0000,-0.0740,0.0000,0.0214,-0.020,32.34,39.0,3,2048
29619605,200.000,199.778,0.0000,0.1244,0.0000,0.0016,-0.020,32.34,39.0,3,2048
29620542,200.000,199.778,0.0000,-0.0450,0.0000,0.0071,-0.020,32.34,39.0,3,2048
29621635,200.000,199.778,0.0000,0.0420,0.0000,-0.0005,-0.020,32.34,39.0,3,2048
29622874,200.000,199.778,0.0000,-0.1106,0.0000,-0.0005,-0.020,32.34,39.0,3,2048
29623602,200.000,199.778,0.0000,0.0145,0.0000,0.0357,-0.020,32.34,39.0,3,2048
29624547,200.000,199.778,0.0000,-0.1320,0.0000,0.0093,-0.020,32.34,39.0,3,2048
29625562,200.000,199.778,0.0000,0.0023,0.0000,0.0170,-0.020,32.34,40.0,3,2048
29626542,200.000,199.778,0.0000,-0.0526,0.0000,0.0082,-0.020,32.34,39.0,3,2048
29627913,200.000,199.778,0.0000,0.0069,0.0000,0.0159,-0.020,32.34,39.0,3,2048
29628547,200.000,199.778,0.0000,0.0633,0.0000,0.0291,-0.020,32.34,40.0,3,2048
29629567,200.000,199.778,0.0000,-0.0038,0.0000,0.0203,-0.020,32.34,39.0,3,2048
29630862,200.000,199.778,0.0000,-0.0740,0.0000,0.0621,-0.020,32.34,40.0,3,2048
29631581,200.000,199.778,0.0000,-0.0053,0.0000,0.0324,-0.020,32.34,39.0,3,2048
29632963,200.000,199.778,0.0000,0.0816,0.0000,0.0346,-0.020,32.34,39.0,3,2048
29633549,200.000,199.778,0.0000,-0.0099,0.0000,0.0038,-0.020,32.34,39.0,3,2048
29634866,200.000,199.778,0.0000,-0.0160,0.0000,0.0104,-0.020,32.34,39.0,3,2048
29635546,200.000,199.778,0.0000,0.0923,0.0000,-0.0038,-0.020,32.34,39.0,3,2048
29636547,200.000,199.778,0.0000,-0.0069,0.0000,0.0489,-0.020,32.34,39.0,3,2048
29637925,200.000,199.778,0.0000,-0.1045,0.0000,0.0412,-0.020,32.34,39.0,3,2048
29638575,200.000,199.778,0.0000,0.1259,0.0000,0.0544,-0.020,32.34,40.0,3,2048
29639617,200.000,199.778,0.0000,-0.0496,0.0000,-0.0346,-0.020,32.34,40.0,3,2048
29640574,200.000,199.778,0.0000,-0.0221,0.0000,-0.0038,-0.020,32.34,39.0,3,2048
29641571,200.000,199.778,0.0000,-0.0618,0.0000,0.0335,-0.020,32.34,39.0,3,2048
29642957,200.000,199.778,0.0000,0.0526,0.0000,0.0071,-0.020,32.34,40.0,3,2048
29643551,200.000,199.778,0.0000,0.1350,0.0000,-0.0005,-0.020,32.34,39.0,3,2048
29644547,200.000,199.778,0.0000,0.0145,0.0000,0.0456,-0.020,32.34,40.0,3,2048
29645604,200.000,199.778,0.0000,0.0114,0.0000,0.0027,-0.020,32.34,40.0,3,2048
29646572,200.000,199.778,0.0000,-0.0038,0.0000,-0.0170,-0.020,32.34,39.0,3,2048
29647890,200.000,199.778,0.0000,0.0252,0.0000,-0.0093,-0.020,32.34,40.0,3,2048
29648575,200.000,199.778,0.0000,-0.1640,0.0000,0.0159,-0.020,32.34,39.0,3,2048
29649575,200.000,199.778,0.0000,-0.0542,0.0000,0.0005,-0.020,32.34,39.0,3,2048
29650887,200.000,199.778,0.0000,-0.1060,0.0000,-0.0060,-0.020,32.34,39.0,3,2048
29651571,200.000,199.756,0.0000,-0.0237,0.0000,-0.0159,-0.020,32.34,39.0,3,2048
29652892,200.000,199.778,0.0000,-0.0420,0.0000,-0.0060,-0.020,32.34,40.0,3,2048
29653575,200.000,199.778,0.0000,0.0084,0.0000,-0.0434,-0.020,32.34,39.0,3,2048
29654908,200.000,199.778,0.0000,0.0435,0.0000,0.0467,-0.020,32.34,39.0,3,2048
29655854,200.000,199.778,0.0000,-0.0099,0.0000,0.0203,-0.020,32.34,39.0,3,2048
29656851,200.000,199.778,0.0000,-0.0618,0.0000,0.0049,-0.020,32.34,39.0,3,2048
29658182,200.000,199.778,0.0000,0.1335,0.0000,-0.0236,-0.020,32.34,39.0,3,2048
29658926,200.000,199.778,0.0000,-0.0572,0.0000,0.0390,-0.020,32.34,40.0,3,2048
29659922,200.000,199.778,0.0000,-0.0587,0.0000,0.0280,-0.020,32.34,39.0,3,2048
29660922,200.000,199.778,0.0000,-0.0603,0.0000,0.0126,-0.020,32.34,39.0,3,2048
29661926,200.000,199.778,0.0000,-0.0130,0.0000,-0.0071,-0.020,32.34,40.0,3,2048
29663247,200.000,199.778,0.0000,0.0252,0.0000,0.0357,-0.020,32.34,39.0,3,2048
29663854,200.000,199.778,0.0000,0.1396,0.0000,-0.0236,-0.020,32.34,39.0,3,2048
29664962,200.000,199.778,0.0000,-0.0542,0.0000,0.0478,-0.020,32.34,39.0,3,2048
29665877,200.000,199.778,0.0000,-0.0954,0.0000,0.0005,-0.020,32.34,39.0,3,2048
29666855,200.000,199.778,0.0000,0.1030,0.0000,0.0269,-0.020,32.34,40.0,3,2048
29668195,200.000,199.778,0.0000,-0.0084,0.0000,0.0665,-0.020,32.34,40.0,3,2048
29668851,200.000,199.778,0.0000,0.1503,0.0000,-0.0368,-0.020,32.34,39.0,3,2048
29669925,200.000,199.778,0.0000,-0.0618,0.0000,0.0324,-0.020,32.34,40.0,3,2048
29671181,200.000,199.778,0.0000,-0.0343,0.0000,-0.0203,-0.020,32.34,39.0,3,2048
29671560,200.000,199.778,0.0000,0.0053,0.0000,0.0038,-0.020,32.34,39.0,3,2048
29672871,200.000,199.778,0.0000,0.0282,0.0000,0.0357,-0.020,32.34,40.0,3,2048
29673594,200.000,199.778,0.0000,0.0053,0.0000,0.0137,-0.020,32.34,39.0,3,2048
29674878,200.000,199.778,0.0000,0.0893,0.0000,0.0214,-0.020,32.34,39.0,3,2048
29675535,200.000,199.778,0.0000,-0.0206,0.0000,-0.0038,-0.020,32.34,39.0,3,2048
29676549,200.000,199.778,0.0000,0.0160,0.0000,0.0467,-0.020,32.34,39.0,3,2048
29677869,200.000,199.778,0.0000,-0.1473,0.0000,0.0511,-0.020,32.34,39.0,3,2048
29678600,200.000,199.778,0.0000,0.0008,0.0000,-0.0115,-0.020,32.34,39.0,3,2048
29679549,200.000,199.778,0.0000,0.0175,0.0000,0.0621,-0.020,32.34,39.0,3,2048
29680562,200.000,199.778,0.0000,0.0984,0.0000,0.0170,-0.020,32.34,39.0,3,2048
29681542,200.000,199.778,0.0000,0.1106,0.0000,-0.0082,-0.020,32.34,39.0,3,2048
29682978,200.000,199.778,0.0000,-0.0420,0.0000,0.0181,-0.020,32.34,40.0,3,2048
29683548,200.000,199.778,0.0000,0.0160,0.0000,-0.0016,-0.020,32.34,39.0,3,2048
29684547,200.000,199.778,0.0000,0.0313,0.0000,0.0291,-0.020,32.34,40.0,3,2048
29685542,200.000,199.778,0.0000,-0.0114,0.0000,0.0126,-0.020,32.34,39.0,3,2048
29686542,200.000,199.778,0.0000,-0.0923,0.0000,0.0115,-0.020,32.34,39.0,3,2048
29687927,200.000,199.778,0.0000,0.0938,0.0000,0.0247,-0.020,32.34,39.0,3,2048
29688598,200.000,199.778,0.0000,-0.0175,0.0000,0.0258,-0.020,32.34,39.0,3,2048
29689599,200.000,199.778,0.0000,0.0282,0.0000,0.0346,-0.020,32.34,39.0,3,2048
29690890,200.000,199.778,0.0000,0.0877,0.0000,0.0093,-0.020,32.34,39.0,3,2048
29691573,200.000,199.778,0.0000,-0.0816,0.0000,0.0203,-0.020,32.34,39.0,3,2048
29692946,200.000,199.778,0.0000,0.1411,0.0000,-0.0027,-0.020,32.34,39.0,3,2048
29693615,200.000,199.778,0.0000,-0.0572,0.0000,0.0269,-0.020,32.34,39.0,3,2048
29694874,200.000,199.778,0.0000,-0.0084,0.0000,-0.0137,-0.020,32.34,39.0,3,2048
29695542,200.000,199.778,0.0000,0.1137,0.0000,-0.0181,-0.020,32.34,39.0,3,2048
29696617,200.000,199.778,0.0000,0.1640,0.0000,-0.0104,-0.020,32.34,39.0,3,2048
29697894,200.000,199.778,0.0000,-0.0816,0.0000,0.0082,-0.020,32.34,40.0,3,2048
29698573,200.000,199.778,0.0000,0.1060,0.0000,0.0170,-0.020,32.34,40.0,3,2048
29699575,200.000,199.778,0.0000,0.1396,0.0000,0.0170,-0.020,32.34,40.0,3,2048
29700569,200.000,199.778,0.0000,-0.0877,0.0000,0.0203,-0.020,32.34,40.0,3,2048
29701569,200.000,199.778,0.0000,0.0954,0.0000,0.0214,-0.020,32.34,39.0,3,2048
29702891,200.000,199.778,0.0000,0.0679,0.0000,0.0126,-0.020,32.34,39.0,3,2048
29703574,200.000,199.778,0.0000,-0.0160,0.0000,-0.0247,-0.020,32.34,39.0,3,2048
29704574,200.000,199.778,0.0000,-0.1244,0.0000,0.0467,-0.020,32.34,39.0,3,2048
29705578,200.000,199.778,0.0000,0.1228,0.0000,0.0038,-0.020,32.34,39.0,3,2048
29706542,200.000,199.778,0.0000,0.0786,0.0000,0.0390,-0.020,32.34,39.0,3,2048
29707910,200.000,199.778,0.0000,-0.1045,0.0000,-0.0082,-0.020,32.34,39.0,3,2048
29708598,200.000,199.778,0.0000,0.1747,0.0000,-0.0049,-0.020,32.34,39.0,3,2048
29709601,200.000,199.778,0.0000,0.0267,0.0000,-0.0016,-0.020,32.34,40.0,3,2048
29710912,200.000,199.778,0.0000,0.0145,0.0000,-0.0027,-0.020,32.34,39.0,3,2048
29711543,200.000,199.778,0.0000,0.0618,0.0000,0.0269,-0.020,32.34,39.0,3,2048
29712887,200.000,199.778,0.0000,0.0740,0.0000,0.0412,-0.020,32.34,39.0,3,2048
29713550,200.000,199.778,0.0000,0.0435,0.0000,0.0269,-0.020,32.34,39.0,3,2048
29714866,200.000,199.778,0.0000,-0.0740,0.0000,0.0104,-0.020,32.34,40.0,3,2048
29715563,200.000,199.778,0.0000,0.0847,0.0000,0.0060,-0.020,32.34,39.0,3,2048
29716547,200.000,199.778,0.0000,-0.0252,0.0000,0.0016,-0.020,32.34,40.0,3,2048
29717918,200.000,199.778,0.0000,-0.0725,0.0000,-0.0027,-0.020,32.34,39.0,3,2048
29718543,200.000,199.778,0.0000,0.0725,0.0000,0.0082,-0.020,32.34,39.0,3,2048
29719565,200.000,199.778,0.0000,-0.1411,0.0000,0.0313,-0.020,32.34,39.0,3,2048
29720542,200.000,199.778,0.0000,-0.0008,0.0000,0.0071,-0.020,32.34,39.0,3,2048
29721600,200.000,199.778,0.0000,0.0145,0.0000,0.0093,-0.020,32.34,39.0,3,2048
29722870,200.000,199.778,0.0000,0.0175,0.0000,-0.0291,-0.020,32.34,40.0,3,2048
29723516,200.000,199.778,0.0000,-0.1534,0.0000,0.0280,-0.020,32.34,39.0,3,2048
29724551,200.000,199.778,0.0000,0.0191,0.0000,0.0302,-0.020,32.34,40.0,3,2048
29725542,200.000,199.778,0.0000,-0.0008,0.0000,0.0027,-0.020,32.34,40.0,3,2048
29726600,200.000,199.778,0.0000,0.0038,0.0000,0.0434,-0.020,32.34,40.0,3,2048
29727870,200.000,199.778,0.0000,-0.0648,0.0000,0.0566,-0.020,32.34,40.0,3,2048
29728564,200.000,199.778,0.0000,-0.0587,0.0000,0.0346,-0.020,32.34,40.0,3,2048
29729547,200.000,199.778,0.0000,-0.0328,0.0000,0.0423,-0.020,32.34,39.0,3,2048
29730914,200.000,199.778,0.0000,0.0710,0.0000,-0.0159,-0.020,32.34,40.0,3,2048
29731543,200.000,199.778,0.0000,0.0053,0.0000,0.0302,-0.020,32.34,40.0,3,2048
29732963,200.000,199.778,0.0000,0.0618,0.0000,0.0126,-0.020,32.34,39.0,3,2048
29733546,200.000,199.778,0.0000,-0.0069,0.0000,0.0346,-0.020,32.34,39.0,3,2048
29734866,200.000,199.778,0.0000,-0.0191,0.0000,0.0126,-0.020,32.34,39.0,3,2048
29735546,200.000,199.778,0.0000,0.0160,0.0000,0.0335,-0.020,32.34,39.0,3,2048
29736643,200.000,199.778,0.0000,0.0038,0.0000,-0.0324,-0.020,32.34,39.0,3,2048
29737892,200.000,199.778,0.0000,-0.0435,0.0000,0.0181,-0.020,32.34,39.0,3,2048
29738573,200.000,199.778,0.0000,-0.0237,0.0000,0.0346,-0.020,32.34,40.0,3,2048
29739603,200.000,199.778,0.0000,0.0053,0.0000,-0.0115,-0.020,32.34,40.0,3,2048
29740571,200.000,199.778,0.0000,0.0542,0.0000,-0.0016,-0.020,32.34,40.0,3,2048
29741568,200.000,199.778,0.0000,0.0526,0.0000,0.0038,-0.020,32.34,39.0,3,2048
29742898,200.000,199.778,0.0000,-0.1198,0.0000,0.0049,-0.020,32.34,39.0,3,2048
29743623,200.000,199.778,0.0000,0.0328,0.0000,0.0214,-0.020,32.34,39.0,3,2048
29744547,200.000,199.778,0.0000,0.0175,0.0000,-0.0060,-0.020,32.34,40.0,3,2048
29745542,200.000,199.778,0.0000,-0.0389,0.0000,-0.0258,-0.020,32.34,40.0,3,2048
29746542,200.000,199.778,0.0000,0.0023,0.0000,-0.0104,-0.020,32.34,39.0,3,2048
29747914,200.000,199.778,0.0000,0.0389,0.0000,0.0467,-0.020,32.34,39.0,3,2048
29748579,200.000,199.778,0.0000,0.0130,0.0000,-0.0148,-0.020,32.34,40.0,3,2048
29749614,200.000,199.778,0.0000,-0.0313,0.0000,0.0302,-0.020,32.34,39.0,3,2048
29750896,200.000,199.778,0.0000,0.0511,0.0000,0.0170,-0.020,32.34,39.0,3,2048
29751571,200.000,199.778,0.0000,0.0587,0.0000,-0.0203,-0.020,32.34,39.0,3,2048
29752891,200.000,199.778,0.0000,-0.0175,0.0000,-0.0071,-0.020,32.34,39.0,3,2048
29753640,200.000,199.778,0.0000,0.0008,0.0000,0.0126,-0.020,32.34,39.0,3,2048
29754874,200.000,199.778,0.0000,0.0526,0.0000,-0.0005,-0.020,32.34,39.0,3,2048
29755544,200.000,199.778,0.0000,0.0038,0.0000,0.0159,-0.020,32.34,40.0,3,2048
29756547,200.000,199.778,0.0000,-0.1015,0.0000,0.0071,-0.020,32.34,39.0,3,2048
29757862,200.000,199.778,0.0000,0.0130,0.0000,0.0555,-0.020,32.34,39.0,3,2048
29758605,200.000,199.778,0.0000,0.1244,0.0000,-0.0181,-0.020,32.34,39.0,3,2048
29759577,200.000,199.778,0.0000,-0.0008,0.0000,0.0126,-0.020,32.34,40.0,3,2048
29760607,200.000,199.778,0.0000,0.0145,0.0000,0.0027,-0.020,32.34,39.0,3,2048
29761577,200.000,199.778,0.0000,0.0801,0.0000,0.0148,-0.020,32.34,39.0,3,2048
29762892,200.000,199.778,0.0000,0.0633,0.0000,0.0126,-0.020,32.34,39.0,3,2048
29763598,200.000,199.778,0.0000,-0.0237,0.0000,-0.0104,-0.020,32.34,39.0,3,2048
29764547,200.000,199.778,0.0000,0.0206,0.0000,-0.0027,-0.020,32.34,39.0,3,2048
29765596,200.000,199.778,0.0000,-0.0359,0.0000,0.0401,-0.020,32.34,39.0,3,2048
29766572,200.000,199.778,0.0000,0.0694,0.0000,0.0313,-0.020,32.34,39.0,3,2048
29767894,200.000,199.778,0.0000,0.1122,0.0000,-0.0269,-0.020,32.34,40.0,3,2048
29768573,200.000,199.778,0.0000,0.0313,0.0000,0.0368,-0.020,32.34,39.0,3,2048
29769575,200.000,199.778,0.0000,-0.0282,0.0000,0.0082,-0.020,32.34,40.0,3,2048
29770886,200.000,199.778,0.0000,-0.1381,0.0000,-0.0269,-0.020,32.34,39.0,3,2048
29771571,200.000,199.778,0.0000,0.0679,0.0000,0.0148,-0.020,32.34,40.0,3,2048
29772891,200.000,199.778,0.0000,0.0420,0.0000,0.0126,-0.020,32.34,40.0,3,2048
29773573,200.000,199.778,0.0000,0.0130,0.0000,-0.0126,-0.020,32.34,39.0,3,2048
29774910,200.000,199.778,0.0000,-0.0206,0.0000,0.0324,-0.020,32.34,39.0,3,2048
29775548,200.000,199.778,0.0000,-0.0252,0.0000,0.0115,-0.020,32.34,40.0,3,2048
29776547,200.000,199.778,0.0000,0.0923,0.0000,0.0225,-0.020,32.34,39.0,3,2048
29777911,200.000,199.778,0.0000,0.0572,0.0000,0.0214,-0.020,32.34,39.0,3,2048
29778597,200.000,199.778,0.0000,0.0557,0.0000,-0.0027,-0.020,32.34,39.0,3,2048
29779602,200.000,199.778,0.0000,0.0008,0.0000,0.0258,-0.020,32.34,39.0,3,2048
29780596,200.000,199.778,0.0000,0.1091,0.0000,0.0236,-0.020,32.34,39.0,3,2048
29781542,200.000,199.778,0.0000,-0.0282,0.0000,0.0412,-0.020,32.34,39.0,3,2048
29782993,200.000,199.778,0.0000,-0.0450,0.0000,-0.0170,-0.020,32.34,39.0,3,2048
29783928,200.000,199.800,0.0000,0.0740,0.0000,-0.0225,-0.020,32.34,39.0,3,2048
29784848,200.000,199.778,0.0000,-0.1427,0.0000,0.0203,-0.020,32.34,39.0,3,2048
29785849,200.000,199.778,0.0000,-0.0771,0.0000,0.0445,-0.020,32.34,40.0,3,2048
29786849,200.000,199.778,0.0000,-0.0710,0.0000,0.0159,-0.020,32.34,40.0,3,2048
29788186,200.000,199.778,0.0000,-0.0359,0.0000,0.0302,-0.020,32.34,40.0,3,2048
29788927,200.000,199.778,0.0000,-0.0893,0.0000,0.0027,-0.020,32.34,40.0,3,2048
29789930,200.000,199.778,0.0000,0.0893,0.0000,0.0192,-0.020,32.34,39.0,3,2048
29791252,200.000,199.800,0.0000,0.0816,0.0000,0.0192,-0.020,32.34,39.0,3,2048
29791567,200.000,199.778,0.0000,-0.0008,0.0000,0.0126,-0.020,32.34,39.0,3,2048
29792889,200.000,199.778,0.0000,0.0252,0.0000,0.0643,-0.020,32.34,39.0,3,2048
29793605,200.000,199.778,0.0000,0.0435,0.0000,0.0049,-0.020,32.34,39.0,3,2048
29794898,200.000,199.778,0.0000,0.1427,0.0000,0.0456,-0.020,32.34,39.0,3,2048
29795572,200.000,199.778,0.0000,-0.0832,0.0000,0.0467,-0.020,32.34,39.0,3,2048
29796573,200.000,199.778,0.0000,-0.0832,0.0000,-0.0060,-0.020,32.34,39.0,3,2048
29797947,200.000,199.778,0.0000,0.0298,0.0000,0.0258,-0.020,32.34,39.0,3,2048
29798550,200.000,199.778,0.0000,0.0481,0.0000,0.0313,-0.020,32.34,40.0,3,2048
29799547,200.000,199.778,0.0000,-0.0267,0.0000,0.0379,-0.020,32.34,40.0,3,2048
29800542,200.000,199.778,0.0000,0.0099,0.0000,0.0038,-0.020,32.34,39.0,3,2048
29801550,200.000,199.778,0.0000,-0.0145,0.0000,0.0181,-0.020,32.34,39.0,3,2048
29802924,200.000,199.778,0.0000,-0.0023,0.0000,-0.0060,-0.020,32.34,40.0,3,2048
29803615,200.000,199.778,0.0000,-0.0648,0.0000,-0.0269,-0.020,32.34,40.0,3,2048
29804579,200.000,199.778,0.0000,0.0420,0.0000,0.0797,-0.020,32.34,40.0,3,2048
29805570,200.000,199.778,0.0000,-0.0130,0.0000,0.0137,-0.020,32.34,39.0,3,2048
29806571,200.000,199.778,0.0000,-0.0206,0.0000,0.0566,-0.020,32.34,39.0,3,2048
29807954,200.000,199.778,0.0000,-0.1198,0.0000,-0.0247,-0.020,32.34,39.0,3,2048
29808551,200.000,199.778,0.0000,-0.0557,0.0000,-0.0159,-0.020,32.34,39.0,3,2048
29809547,200.000,199.778,0.0000,-0.0114,0.0000,0.0258,-0.020,32.34,40.0,3,2048
29810858,200.000,199.778,0.0000,-0.0984,0.0000,0.0148,-0.020,32.34,40.0,3,2048
29811543,200.000,199.778,0.0000,0.0435,0.0000,0.0181,-0.020,32.34,39.0,3,2048
29812927,200.000,199.778,0.0000,0.0526,0.0000,0.0071,-0.020,32.34,39.0,3,2048
29813573,200.000,199.778,0.0000,-0.0511,0.0000,0.0324,-0.020,32.34,39.0,3,2048
29814937,200.000,199.778,0.0000,0.0038,0.0000,-0.0225,-0.020,32.34,40.0,3,2048
29815583,200.000,199.778,0.0000,0.0328,0.0000,0.0478,-0.020,32.34,39.0,3,2048
29816578,200.000,199.778,0.0000,-0.1183,0.0000,-0.0269,-0.020,32.34,40.0,3,2048
29817911,200.000,199.778,0.0000,0.0343,0.0000,0.0258,-0.020,32.34,40.0,3,2048
29818550,200.000,199.778,0.0000,0.0801,0.0000,0.0302,-0.020,32.34,40.0,3,2048
29819547,200.000,199.778,0.0000,-0.0191,0.0000,0.0511,-0.020,32.34,40.0,3,2048
29820601,200.000,199.778,0.0000,-0.0908,0.0000,-0.0082,-0.020,32.34,39.0,3,2048
29821572,200.000,199.778,0.0000,-0.0099,0.0000,0.0093,-0.020,32.34,40.0,3,2048
29822888,200.000,199.778,0.0000,-0.0740,0.0000,0.0148,-0.020,32.34,40.0,3,2048
29823575,200.000,199.778,0.0000,0.1198,0.0000,0.0203,-0.020,32.34,39.0,3,2048
29824575,200.000,199.778,0.0000,-0.0099,0.0000,0.0093,-0.020,32.34,39.0,3,2048
29825569,200.000,199.778,0.0000,-0.0191,0.0000,0.0170,-0.020,32.34,40.0,3,2048
29826569,200.000,199.778,0.0000,0.0633,0.0000,-0.0126,-0.020,32.34,39.0,3,2048
29827888,200.000,199.778,0.0000,-0.0237,0.0000,0.0192,-0.020,32.34,39.0,3,2048
29828589,200.000,199.778,0.0000,0.0359,0.0000,0.0379,-0.020,32.34,39.0,3,2048
29829548,200.000,199.778,0.0000,0.0267,0.0000,-0.0049,-0.020,32.34,39.0,3,2048
29830856,200.000,199.778,0.0000,-0.0099,0.0000,0.0368,-0.020,32.34,40.0,3,2048
29831594,200.000,199.778,0.0000,-0.0587,0.0000,-0.0060,-0.020,32.34,40.0,3,2048
29832913,200.000,199.778,0.0000,-0.0252,0.0000,-0.0016,-0.020,32.34,40.0,3,2048
29833600,200.000,199.778,0.0000,-0.0267,0.0000,0.0258,-0.020,32.34,39.0,3,2048
29834920,200.000,199.778,0.0000,-0.1106,0.0000,0.0038,-0.020,32.34,40.0,3,2048
29835547,200.000,199.778,0.0000,0.0008,0.0000,0.0335,-0.020,32.34,39.0,3,2048
29836677,200.000,199.778,0.0000,0.0374,0.0000,0.0005,-0.020,32.34,39.0,3,2048
29837946,200.000,199.778,0.0000,-0.1137,0.0000,0.0467,-0.020,32.34,39.0,3,2048
29838548,200.000,199.778,0.0000,-0.0023,0.0000,0.0335,-0.020,32.34,40.0,3,2048
29839547,200.000,199.778,0.0000,0.0587,0.0000,-0.0093,-0.020,32.34,39.0,3,2048
29840542,200.000,199.778,0.0000,-0.0221,0.0000,0.0247,-0.020,32.34,39.0,3,2048
29841606,200.000,199.778,0.0000,0.0298,0.0000,0.0192,-0.020,32.34,39.0,3,2048
29842894,200.000,199.778,0.0000,-0.1106,0.0000,0.0247,-0.020,32.34,39.0,3,2048
29843615,200.000,199.778,0.0000,0.0145,0.0000,-0.0016,-0.020,32.34,39.0,3,2048
29844579,200.000,199.778,0.0000,-0.0084,0.0000,-0.0016,-0.020,32.34,39.0,3,2048
29845573,200.000,199.778,0.0000,0.0389,0.0000,0.0170,-0.020,32.34,40.0,3,2048
29846571,200.000,199.778,0.0000,0.0648,0.0000,-0.0137,-0.020,32.34,39.0,3,2048
29847959,200.000,199.778,0.0000,0.0160,0.0000,0.0291,-0.020,32.34,39.0,3,2048
29848550,200.000,199.778,0.0000,-0.0877,0.0000,0.0434,-0.020,32.34,39.0,3,2048
29849547,200.000,199.778,0.0000,0.0206,0.0000,-0.0093,-0.020,32.34,39.0,3,2048
29850926,200.000,199.778,0.0000,0.0511,0.0000,0.0335,-0.020,32.34,40.0,3,2048
29851570,200.000,199.778,0.0000,-0.0008,0.0000,0.0269,-0.020,32.34,40.0,3,2048
29852891,200.000,199.778,0.0000,0.0145,0.0000,0.0258,-0.020,32.34,40.0,3,2048
29853575,200.000,199.778,0.0000,0.1564,0.0000,0.0445,-0.020,32.34,39.0,3,2048
29854897,200.000,199.778,0.0000,0.0420,0.0000,0.0280,-0.020,32.34,40.0,3,2048
29855575,200.000,199.778,0.0000,-0.0740,0.0000,-0.0038,-0.020,32.34,40.0,3,2048
29856575,200.000,199.778,0.0000,-0.0175,0.0000,0.0104,-0.020,32.34,39.0,3,2048
29857888,200.000,199.778,0.0000,-0.0526,0.0000,0.0258,-0.020,32.34,39.0,3,2048
29858575,200.000,199.778,0.0000,0.0084,0.0000,-0.0104,-0.020,32.34,39.0,3,2048
29859589,200.000,199.778,0.0000,-0.0267,0.0000,0.0049,-0.020,32.34,39.0,3,2048
29860545,200.000,199.778,0.0000,0.0954,0.0000,0.0665,-0.020,32.34,40.0,3,2048
29861560,200.000,199.778,0.0000,-0.0679,0.0000,0.0280,-0.020,32.34,39.0,3,2048
29862912,200.000,199.778,0.0000,0.1900,0.0000,0.0181,-0.020,32.34,40.0,3,2048
29863598,200.000,199.778,0.0000,-0.0633,0.0000,-0.0027,-0.020,32.34,40.0,3,2048
29864605,200.000,199.778,0.0000,-0.0893,0.0000,0.0071,-0.020,32.34,40.0,3,2048
29865545,200.000,199.778,0.0000,0.0893,0.0000,-0.0137,-0.020,32.34,39.0,3,2048
29866573,200.000,199.778,0.0000,-0.0038,0.0000,0.0280,-0.020,32.34,39.0,3,2048
29867873,200.000,199.778,0.0000,-0.0923,0.0000,0.0390,-0.020,32.34,39.0,3,2048
29868542,200.000,199.778,0.0000,0.0069,0.0000,-0.0104,-0.020,32.34,39.0,3,2048
29869644,200.000,199.778,0.0000,-0.0374,0.0000,0.0632,-0.020,32.34,39.0,3,2048
29870864,200.000,199.778,0.0000,-0.0633,0.0000,0.0423,-0.020,32.34,39.0,3,2048
29871534,200.000,199.778,0.0000,0.0786,0.0000,0.0005,-0.020,32.34,39.0,3,2048
29872900,200.000,199.778,0.0000,0.0557,0.0000,-0.0115,-0.020,32.34,39.0,3,2048
29873549,200.000,199.778,0.0000,-0.0175,0.0000,0.0082,-0.020,32.34,40.0,3,2048
29874886,200.000,199.778,0.0000,0.0008,0.0000,0.0280,-0.020,32.34,40.0,3,2048
29875547,200.000,199.778,0.0000,0.0710,0.0000,0.0005,-0.020,32.34,39.0,3,2048
29876597,200.000,199.778,0.0000,0.0786,0.0000,0.0027,-0.020,32.34,39.0,3,2048
29877871,200.000,199.778,0.0000,-0.0389,0.0000,0.0302,-0.020,32.34,40.0,3,2048
29878509,200.000,199.778,0.0000,-0.0099,0.0000,-0.0170,-0.020,32.34,39.0,3,2048
29879551,200.000,199.778,0.0000,0.0099,0.0000,0.0247,-0.020,32.34,40.0,3,2048
29880542,200.000,199.778,0.0000,-0.0450,0.0000,0.0104,-0.020,32.34,40.0,3,2048
29881601,200.000,199.778,0.0000,-0.0313,0.0000,0.0566,-0.020,32.34,40.0,3,2048
29882869,200.000,199.778,0.0000,-0.0633,0.0000,0.0126,-0.020,32.34,39.0,3,2048
29883564,200.000,199.778,0.0000,-0.0694,0.0000,0.0181,-0.020,32.34,39.0,3,2048
29884547,200.000,199.778,0.0000,0.0221,0.0000,0.0049,-0.020,32.34,40.0,3,2048
29885595,200.000,199.778,0.0000,-0.0191,0.0000,0.0016,-0.020,32.34,39.0,3,2048
29886542,200.000,199.778,0.0000,0.0374,0.0000,0.0709,-0.020,32.34,40.0,3,2048
29887991,200.000,199.778,0.0000,0.0404,0.0000,-0.0005,-0.020,32.34,39.0,3,2048
29888549,200.000,199.778,0.0000,0.0694,0.0000,0.0280,-0.020,32.34,39.0,3,2048
29889547,200.000,199.778,0.0000,0.0465,0.0000,0.0038,-0.020,32.34,39.0,3,2048
29890865,200.000,199.778,0.0000,0.0496,0.0000,-0.0137,-0.020,32.34,39.0,3,2048
29891604,200.000,199.778,0.0000,-0.0374,0.0000,0.0302,-0.020,32.34,39.0,3,2048
29892960,200.000,199.778,0.0000,-0.0954,0.0000,0.0423,-0.020,32.34,39.0,3,2048
29893578,200.000,199.778,0.0000,0.0496,0.0000,0.0291,-0.020,32.34,40.0,3,2048
29894895,200.000,199.778,0.0000,0.1030,0.0000,-0.0104,-0.020,32.34,39.0,3,2048
29895607,200.000,199.778,0.0000,-0.0969,0.0000,-0.0214,-0.020,32.34,40.0,3,2048
29896576,200.000,199.778,0.0000,0.0526,0.0000,0.0423,-0.020,32.34,40.0,3,2048
29897891,200.000,199.778,0.0000,-0.0145,0.0000,0.0335,-0.020,32.34,39.0,3,2048
29898574,200.000,199.778,0.0000,-0.0450,0.0000,-0.0137,-0.020,32.34,39.0,3,2048
29899637,200.000,199.778,0.0000,0.0633,0.0000,-0.0148,-0.020,32.34,40.0,3,2048
29900542,200.000,199.778,0.0000,0.0008,0.0000,0.0313,-0.020,32.34,39.0,3,2048
29901542,200.000,199.778,0.0000,-0.1060,0.0000,-0.0060,-0.020,32.34,40.0,3,2048
29902867,200.000,199.778,0.0000,-0.0343,0.0000,0.0236,-0.020,32.34,39.0,3,2048
29903603,200.000,199.778,0.0000,0.0938,0.0000,-0.0082,-0.020,32.34,39.0,3,2048
29904576,200.000,199.778,0.0000,-0.0404,0.0000,0.0423,-0.020,32.34,40.0,3,2048
29905614,200.000,199.778,0.0000,-0.1122,0.0000,0.0071,-0.020,32.34,40.0,3,2048
29906572,200.000,199.778,0.0000,0.0374,0.0000,-0.0016,-0.020,32.34,40.0,3,2048
29907893,200.000,199.778,0.0000,-0.0557,0.0000,0.0181,-0.020,32.34,40.0,3,2048
29908614,200.000,199.778,0.0000,0.0801,0.0000,0.0236,-0.020,32.34,39.0,3,2048
29909620,200.000,199.778,0.0000,0.0511,0.0000,0.0357,-0.020,32.34,39.0,3,2048
29910857,200.000,199.778,0.0000,-0.0587,0.0000,0.0170,-0.020,32.34,40.0,3,2048
29911543,200.000,199.778,0.0000,-0.0328,0.0000,-0.0247,-0.020,32.34,40.0,3,2048
29912870,200.000,199.778,0.0000,0.0298,0.0000,-0.0049,-0.020,32.34,40.0,3,2048
29913544,200.000,199.778,0.0000,-0.0816,0.0000,0.0082,-0.020,32.34,39.0,3,2048
29914929,200.000,199.778,0.0000,-0.0038,0.0000,0.0137,-0.020,32.34,39.0,3,2048
29915574,200.000,199.778,0.0000,-0.0008,0.0000,0.0214,-0.020,32.34,39.0,3,2048
29916614,200.000,199.778,0.0000,0.0511,0.0000,0.0137,-0.020,32.34,40.0,3,2048
29917895,200.000,199.778,0.0000,0.0343,0.0000,-0.0038,-0.020,32.34,40.0,3,2048
29918578,200.000,199.778,0.0000,-0.0389,0.0000,0.0390,-0.020,32.34,39.0,3,2048
29919594,200.000,199.778,0.0000,-0.0130,0.0000,0.0137,-0.020,32.34,39.0,3,2048
29920543,200.000,199.778,0.0000,0.1274,0.0000,0.0379,-0.020,32.34,39.0,3,2048
29921598,200.000,199.778,0.0000,-0.0511,0.0000,0.0236,-0.020,32.34,40.0,3,2048
29922894,200.000,199.778,0.0000,-0.0725,0.0000,-0.0203,-0.020,32.34,40.0,3,2048
29923576,200.000,199.778,0.0000,-0.0572,0.0000,0.0038,-0.020,32.34,40.0,3,2048
29924575,200.000,199.778,0.0000,0.0526,0.0000,-0.0214,-0.020,32.34,39.0,3,2048
29925569,200.000,199.778,0.0000,0.0099,0.0000,0.0434,-0.020,32.34,39.0,3,2048
29926569,200.000,199.778,0.0000,0.0740,0.0000,0.0533,-0.020,32.34,39.0,3,2048
29927891,200.000,199.778,0.0000,0.0526,0.0000,0.0434,-0.020,32.34,39.0,3,2048
29928574,200.000,199.778,0.0000,0.0237,0.0000,-0.0137,-0.020,32.34,39.0,3,2048
29929574,200.000,199.778,0.0000,-0.0557,0.0000,0.0038,-0.020,32.34,39.0,3,2048
29930899,200.000,199.778,0.0000,0.1366,0.0000,0.0500,-0.020,32.34,39.0,3,2048
29931546,200.000,199.778,0.0000,-0.0481,0.0000,0.0225,-0.020,32.34,39.0,3,2048
29932867,200.000,199.778,0.0000,-0.0099,0.0000,0.0170,-0.020,32.34,39.0,3,2048
29933598,200.000,199.778,0.0000,-0.0877,0.0000,-0.0038,-0.020,32.34,40.0,3,2048
29934919,200.000,199.778,0.0000,-0.1030,0.0000,0.0137,-0.020,32.34,40.0,3,2048
29935599,200.000,199.778,0.0000,0.0191,0.0000,0.0324,-0.020,32.34,40.0,3,2048
29936603,200.000,199.778,0.0000,0.0923,0.0000,0.0181,-0.020,32.34,39.0,3,2048
29937869,200.000,199.778,0.0000,0.0725,0.0000,0.0379,-0.020,32.34,39.0,3,2048
29938666,200.000,199.778,0.0000,0.0648,0.0000,0.0280,-0.020,32.34,40.0,3,2048
29939647,200.000,199.778,0.0000,0.0008,0.0000,0.0412,-0.020,32.34,39.0,3,2048
29940543,200.000,199.778,0.0000,-0.0038,0.0000,0.0170,-0.020,32.34,40.0,3,2048
29941542,200.000,199.778,0.0000,0.0053,0.0000,0.0115,-0.020,32.34,39.0,3,2048
29942869,200.000,199.778,0.0000,0.1411,0.0000,0.0632,-0.020,32.34,39.0,3,2048
29943544,200.000,199.778,0.0000,-0.0725,0.0000,0.0005,-0.020,32.34,39.0,3,2048
29944612,200.000,199.778,0.0000,0.1961,0.0000,0.0049,-0.020,32.34,39.0,3,2048
29945609,200.000,199.778,0.0000,-0.0008,0.0000,0.0906,-0.020,32.34,39.0,3,2048
29946572,200.000,199.778,0.0000,-0.0465,0.0000,0.0621,-0.020,32.34,39.0,3,2048
29947892,200.000,199.778,0.0000,-0.0710,0.0000,-0.0379,-0.020,32.34,39.0,3,2048
29948576,200.000,199.778,0.0000,-0.0801,0.0000,-0.0016,-0.020,32.34,40.0,3,2048
29949645,200.000,199.778,0.0000,-0.1335,0.0000,0.0082,-0.020,32.34,40.0,3,2048
29950862,200.000,199.778,0.0000,0.0099,0.0000,0.0027,-0.020,32.34,40.0,3,2048
29951543,200.000,199.778,0.0000,-0.0832,0.0000,0.0302,-0.020,32.34,40.0,3,2048
29952923,200.000,199.778,0.0000,-0.0679,0.0000,0.0324,-0.020,32.34,39.0,3,2048
29953574,200.000,199.778,0.0000,-0.0084,0.0000,-0.0049,-0.020,32.34,40.0,3,2048
29954899,200.000,199.778,0.0000,0.0526,0.0000,0.0170,-0.020,32.34,39.0,3,2048
29955573,200.000,199.778,0.0000,-0.1015,0.0000,-0.0225,-0.020,32.34,40.0,3,2048
29956575,200.000,199.778,0.0000,-0.0038,0.0000,-0.0126,-0.020,32.34,40.0,3,2048
29957891,200.000,199.778,0.0000,-0.0328,0.0000,-0.0016,-0.020,32.34,40.0,3,2048
29958573,200.000,199.778,0.0000,0.0145,0.0000,0.0049,-0.020,32.34,39.0,3,2048
29959574,200.000,199.778,0.0000,0.0450,0.0000,0.0060,-0.020,32.34,39.0,3,2048
29960571,200.000,199.778,0.0000,-0.0450,0.0000,-0.0016,-0.020,32.34,40.0,3,2048
29961585,200.000,199.778,0.0000,0.0404,0.0000,-0.0434,-0.020,32.34,39.0,3,2048
29962869,200.000,199.778,0.0000,-0.0694,0.0000,0.0236,-0.020,32.34,40.0,3,2048
29963542,200.000,199.778,0.0000,0.0801,0.0000,-0.0071,-0.020,32.34,40.0,3,2048
29964603,200.000,199.778,0.0000,-0.1091,0.0000,0.0335,-0.020,32.34,39.0,3,2048
29965594,200.000,199.778,0.0000,0.0313,0.0000,-0.0302,-0.020,32.34,39.0,3,2048
29966599,200.000,199.778,0.0000,0.0725,0.0000,0.0588,-0.020,32.34,39.0,3,2048
29967874,200.000,199.778,0.0000,-0.0359,0.0000,0.0082,-0.020,32.34,40.0,3,2048
29968665,200.000,199.778,0.0000,0.0465,0.0000,-0.0192,-0.020,32.34,40.0,3,2048
29969582,200.000,199.778,0.0000,-0.0374,0.0000,-0.0027,-0.020,32.34,40.0,3,2048
29970862,200.000,199.778,0.0000,-0.0526,0.0000,-0.0082,-0.020,32.34,40.0,3,2048
29971562,200.000,199.778,0.0000,0.0282,0.0000,0.0280,-0.020,32.34,39.0,3,2048
29972869,200.000,199.778,0.0000,0.0038,0.0000,0.0060,-0.020,32.34,39.0,3,2048
29973596,200.000,199.778,0.0000,0.0374,0.0000,0.0104,-0.020,32.34,39.0,3,2048
29974875,200.000,199.778,0.0000,-0.0114,0.0000,0.0170,-0.020,32.34,39.0,3,2048
29975561,200.000,199.778,0.0000,0.0298,0.0000,0.0247,-0.020,32.34,39.0,3,2048
29976547,200.000,199.778,0.0000,-0.1335,0.0000,0.0060,-0.020,32.34,39.0,3,2048
29977908,200.000,199.778,0.0000,0.0847,0.0000,0.0049,-0.020,32.34,39.0,3,2048
29978551,200.000,199.778,0.0000,-0.1534,0.0000,-0.0280,-0.020,32.34,39.0,3,2048
29979638,200.000,199.778,0.0000,-0.0679,0.0000,0.0731,-0.020,32.34,40.0,3,2048
29980545,200.000,199.778,0.0000,0.0099,0.0000,0.0005,-0.020,32.34,39.0,3,2048
29981594,200.000,199.778,0.0000,0.0237,0.0000,0.0082,-0.020,32.34,40.0,3,2048
29982873,200.000,199.778,0.0000,0.0740,0.0000,0.0049,-0.020,32.34,40.0,3,2048
29983567,200.000,199.778,0.0000,0.0298,0.0000,0.0038,-0.020,32.34,39.0,3,2048
29984547,200.000,199.778,0.0000,-0.0130,0.0000,0.0137,-0.020,32.34,39.0,3,2048
29985589,200.000,199.778,0.0000,-0.0038,0.0000,0.0071,-0.020,32.34,40.0,3,2048
29986548,200.000,199.778,0.0000,0.0114,0.0000,0.0302,-0.020,32.34,40.0,3,2048
29987888,200.000,199.778,0.0000,-0.0404,0.0000,0.0346,-0.020,32.34,39.0,3,2048
29988545,200.000,199.778,0.0000,0.0511,0.0000,-0.0115,-0.020,32.34,39.0,3,2048
29989666,200.000,199.778,0.0000,0.0175,0.0000,-0.0137,-0.020,32.34,39.0,3,2048
29990879,200.000,199.778,0.0000,0.0389,0.0000,0.0324,-0.020,32.34,39.0,3,2048
29991545,200.000,199.778,0.0000,-0.0694,0.0000,0.0181,-0.020,32.34,39.0,3,2048
29992865,200.000,199.778,0.0000,-0.0862,0.0000,0.0324,-0.020,32.34,39.0,3,2048
29993605,200.000,199.778,0.0000,-0.0969,0.0000,0.0049,-0.020,32.34,39.0,3,2048
29994969,200.000,199.778,0.0000,-0.0999,0.0000,-0.0016,-0.020,32.34,40.0,3,2048
29995577,200.000,199.778,0.0000,0.0694,0.0000,0.0346,-0.020,32.34,40.0,3,2048
29996575,200.000,199.778,0.0000,0.2312,0.0000,0.0467,-0.020,32.34,40.0,3,2048
29997920,200.000,199.778,0.0000,-0.0313,0.0000,0.0258,-0.020,32.34,40.0,3,2048
29998577,200.000,199.778,0.0000,0.0221,0.0000,0.0269,-0.020,32.34,39.0,3,2048
29999576,200.000,199.778,0.0000,-0.0114,0.0000,-0.0137,-0.020,32.34,40.0,3,2048
30000571,200.000,199.778,0.0000,-0.0832,0.0000,0.0093,-0.020,32.34,39.0,3,2048
30001629,200.000,199.778,0.0000,-0.0130,0.0000,0.0291,-0.020,32.34,40.0,3,2048
30002866,200.000,199.778,0.0000,-0.0069,0.0000,0.0038,-0.020,32.34,39.0,3,2048
30003544,200.000,199.778,0.0000,0.0420,0.0000,0.0269,-0.020,32.34,40.0,3,2048
30004547,200.000,199.778,0.0000,0.1137,0.0000,0.0456,-0.020,32.34,40.0,3,2048
30005599,200.000,199.778,0.0000,0.0069,0.0000,-0.0071,-0.020,32.34,40.0,3,2048
30006573,200.000,199.778,0.0000,0.0343,0.0000,0.0038,-0.020,32.34,40.0,3,2048
30007930,200.000,199.778,0.0000,0.0984,0.0000,0.0544,-0.020,32.34,40.0,3,2048
30008575,200.000,199.778,0.0000,-0.1244,0.0000,0.0137,-0.020,32.34,40.0,3,2048
30009576,200.000,199.778,0.0000,-0.0084,0.0000,0.0126,-0.020,32.34,40.0,3,2048
30010887,200.000,199.778,0.0000,-0.0038,0.0000,-0.0302,-0.020,32.34,39.0,3,2048
30011644,200.000,199.778,0.0000,-0.0114,0.0000,0.0522,-0.020,32.34,39.0,3,2048
30012868,200.000,199.778,0.0000,0.0206,0.0000,0.0412,-0.020,32.34,39.0,3,2048
30013544,200.000,199.778,0.0000,-0.0084,0.0000,-0.0181,-0.020,32.34,40.0,3,2048
30014868,200.000,199.778,0.0000,-0.0404,0.0000,-0.0016,-0.020,32.34,40.0,3,2048
30015544,200.000,199.778,0.0000,-0.0084,0.0000,-0.0357,-0.020,32.34,40.0,3,2048
30016609,200.000,199.778,0.0000,-0.0328,0.0000,0.0115,-0.020,32.34,39.0,3,2048
30017893,200.000,199.778,0.0000,0.1076,0.0000,0.0049,-0.020,32.34,39.0,3,2048
30018601,200.000,199.778,0.0000,0.0404,0.0000,0.0115,-0.020,32.34,39.0,3,2048
30019597,200.000,199.778,0.0000,0.0038,0.0000,0.0203,-0.020,32.34,39.0,3,2048
30020572,200.000,199.778,0.0000,-0.0618,0.0000,0.0159,-0.020,32.34,39.0,3,2048
30021598,200.000,199.778,0.0000,-0.0053,0.0000,0.0687,-0.020,32.34,40.0,3,2048
30022870,200.000,199.778,0.0000,0.0481,0.0000,-0.0082,-0.020,32.34,40.0,3,2048
30023542,200.000,199.778,0.0000,0.0954,0.0000,0.0016,-0.020,32.34,39.0,3,2048
30024609,200.000,199.778,0.0000,-0.0740,0.0000,-0.0016,-0.020,32.34,40.0,3,2048
30025573,200.000,199.778,0.0000,-0.0923,0.0000,0.0269,-0.020,32.34,39.0,3,2048
30026569,200.000,199.778,0.0000,0.0526,0.0000,0.0148,-0.020,32.34,40.0,3,2048
30027892,200.000,199.778,0.0000,0.0053,0.0000,0.0247,-0.020,32.34,40.0,3,2048
30028573,200.000,199.778,0.0000,-0.1244,0.0000,0.0027,-0.020,32.34,40.0,3,2048
30029575,200.000,199.778,0.0000,-0.0252,0.0000,-0.0115,-0.020,32.34,39.0,3,2048
30030884,200.000,199.778,0.0000,-0.0099,0.0000,0.0280,-0.020,32.34,39.0,3,2048
30031573,200.000,199.778,0.0000,-0.0465,0.0000,0.0456,-0.020,32.34,39.0,3,2048
30032891,200.000,199.778,0.0000,0.0298,0.0000,0.0434,-0.020,32.34,39.0,3,2048
30033583,200.000,199.778,0.0000,-0.0542,0.0000,0.0280,-0.020,32.34,39.0,3,2048
30034875,200.000,199.778,0.0000,0.0969,0.0000,-0.0027,-0.020,32.34,39.0,3,2048
30035542,200.000,199.778,0.0000,0.0114,0.0000,0.0247,-0.020,32.34,39.0,3,2048
30036605,200.000,199.778,0.0000,0.0648,0.0000,0.0269,-0.020,32.34,40.0,3,2048
30037914,200.000,199.778,0.0000,-0.0526,0.0000,0.0258,-0.020,32.34,39.0,3,2048
30038561,200.000,199.778,0.0000,0.0191,0.0000,0.0159,-0.020,32.34,40.0,3,2048
30039551,200.000,199.778,0.0000,-0.1167,0.0000,0.0324,-0.020,32.34,39.0,3,2048
30040542,200.000,199.778,0.0000,0.0313,0.0000,-0.0126,-0.020,32.34,40.0,3,2048
30041675,200.000,199.778,0.0000,0.1366,0.0000,0.0368,-0.020,32.34,40.0,3,2048
30042924,200.000,199.778,0.0000,0.0221,0.0000,0.0214,-0.020,32.34,40.0,3,2048
30043546,200.000,199.778,0.0000,0.0237,0.0000,-0.0082,-0.020,32.34,40.0,3,2048
30044547,200.000,199.778,0.0000,-0.0359,0.0000,-0.0236,-0.020,32.34,39.0,3,2048
30045606,200.000,199.778,0.0000,-0.1198,0.0000,0.0654,-0.020,32.34,39.0,3,2048
30046644,200.000,199.778,0.0000,0.0175,0.0000,0.0038,-0.020,32.34,39.0,3,2048
30047893,200.000,199.778,0.0000,0.1228,0.0000,0.0324,-0.020,32.34,39.0,3,2048
30048573,200.000,199.778,0.0000,0.2007,0.0000,0.0170,-0.020,32.34,39.0,3,2048
30049610,200.000,199.778,0.0000,0.0145,0.0000,0.0170,-0.020,32.34,40.0,3,2048
30050889,200.000,199.778,0.0000,0.0359,0.0000,0.0236,-0.020,32.34,39.0,3,2048
30051570,200.000,199.778,0.0000,-0.0053,0.0000,0.0214,-0.020,32.34,40.0,3,2048
30052891,200.000,199.778,0.0000,0.0755,0.0000,0.0247,-0.020,32.34,40.0,3,2048
30053634,200.000,199.778,0.0000,-0.0511,0.0000,-0.0027,-0.020,32.34,40.0,3,2048
30054873,200.000,199.778,0.0000,-0.0633,0.0000,0.0071,-0.020,32.34,39.0,3,2048
30055544,200.000,199.778,0.0000,0.0313,0.0000,0.0423,-0.020,32.34,40.0,3,2048
30056547,200.000,199.778,0.0000,-0.0450,0.0000,0.0214,-0.020,32.34,40.0,3,2048
30057862,200.000,199.778,0.0000,0.1350,0.0000,-0.0445,-0.020,32.34,39.0,3,2048
30058604,200.000,199.778,0.0000,-0.1198,0.0000,0.0159,-0.020,32.34,39.0,3,2048
30059576,200.000,199.778,0.0000,0.1671,0.0000,0.0313,-0.020,32.34,40.0,3,2048
30060613,200.000,199.778,0.0000,0.0114,0.0000,-0.0170,-0.020,32.34,39.0,3,2048
30061571,200.000,199.778,0.0000,0.0481,0.0000,0.0291,-0.020,32.34,40.0,3,2048
30062905,200.000,199.778,0.0000,0.0557,0.0000,-0.0038,-0.020,32.34,39.0,3,2048
30063580,200.000,199.778,0.0000,-0.0740,0.0000,-0.0093,-0.020,32.34,39.0,3,2048
30064547,200.000,199.778,0.0000,-0.0114,0.0000,0.0313,-0.020,32.34,39.0,3,2048
30065600,200.000,199.778,0.0000,-0.0450,0.0000,0.0137,-0.020,32.34,39.0,3,2048
30066572,200.000,199.778,0.0000,0.0038,0.0000,0.0093,-0.020,32.34,39.0,3,2048
30067891,200.000,199.778,0.0000,-0.0389,0.0000,0.0335,-0.020,32.34,39.0,3,2048
30068575,200.000,199.778,0.0000,-0.0298,0.0000,0.0016,-0.020,32.34,40.0,3,2048
30069575,200.000,199.778,0.0000,-0.0725,0.0000,0.0016,-0.020,32.34,40.0,3,2048
30070885,200.000,199.778,0.0000,0.0526,0.0000,0.0181,-0.020,32.34,39.0,3,2048
30071570,200.000,199.778,0.0000,0.0069,0.0000,0.0203,-0.020,32.34,39.0,3,2048
30072891,200.000,199.778,0.0000,0.0511,0.0000,0.0148,-0.020,32.34,40.0,3,2048
30073575,200.000,199.778,0.0000,0.0465,0.0000,0.0423,-0.020,32.34,39.0,3,2048
30074908,200.000,199.778,0.0000,-0.0984,0.0000,0.0170,-0.020,32.34,40.0,3,2048
30075544,200.000,199.778,0.0000,-0.0114,0.0000,-0.0214,-0.020,32.34,40.0,3,2048
30076547,200.000,199.778,0.0000,0.0648,0.0000,0.0126,-0.020,32.34,40.0,3,2048
30077915,200.000,199.778,0.0000,-0.1167,0.0000,0.0093,-0.020,32.34,39.0,3,2048
30078598,200.000,199.778,0.0000,-0.1015,0.0000,0.0115,-0.020,32.34,39.0,3,2048
30079602,200.000,199.778,0.0000,-0.0160,0.0000,0.0104,-0.020,32.34,39.0,3,2048
30080597,200.000,199.778,0.0000,0.0633,0.0000,-0.0148,-0.020,32.34,39.0,3,2048
30081542,200.000,199.778,0.0000,-0.0008,0.0000,0.0313,-0.020,32.34,40.0,3,2048
30082889,200.000,199.778,0.0000,0.0450,0.0000,0.0225,-0.020,32.34,40.0,3,2048
30083878,200.000,199.778,0.0000,-0.0603,0.0000,0.0555,-0.020,32.34,39.0,3,2048
30084841,200.000,199.756,0.0000,-0.0160,0.0000,0.0071,-0.020,32.34,40.0,3,2048
30085849,200.000,199.778,0.0000,0.0420,0.0000,0.0390,-0.020,32.34,40.0,3,2048
30086841,200.000,199.778,0.0000,-0.0206,0.0000,-0.0038,-0.020,32.34,39.0,3,2048
30088247,200.000,199.778,0.0000,0.0893,0.0000,0.0192,-0.020,32.34,40.0,3,2048
30088840,200.000,199.778,0.0000,-0.0298,0.0000,0.0247,-0.020,32.34,40.0,3,2048
30089885,200.000,199.778,0.0000,0.0542,0.0000,0.0434,-0.020,32.34,39.0,3,2048
30091154,200.000,199.778,0.0000,0.0328,0.0000,0.0126,-0.020,32.34,39.0,3,2048
30091432,200.000,199.778,0.0000,0.0847,0.0000,0.0148,-0.020,32.34,39.0,3,2048
30092960,200.000,199.778,0.0000,-0.0481,0.0000,0.0214,-0.020,32.34,40.0,3,2048
30093546,200.000,199.778,0.0000,0.0145,0.0000,0.0214,-0.020,32.34,40.0,3,2048
30094866,200.000,199.778,0.0000,0.0771,0.0000,0.0060,-0.020,32.34,39.0,3,2048
30095575,200.000,199.778,0.0000,-0.0603,0.0000,0.0236,-0.020,32.34,40.0,3,2048
30096645,200.000,199.778,0.0000,-0.0877,0.0000,0.0247,-0.020,32.34,39.0,3,2048
30097892,200.000,199.778,0.0000,-0.0420,0.0000,0.0093,-0.020,32.34,39.0,3,2048
30098574,200.000,199.778,0.0000,0.0542,0.0000,0.0214,-0.020,32.34,40.0,3,2048
30099606,200.000,199.778,0.0000,-0.0298,0.0000,0.0115,-0.020,32.34,40.0,3,2048
30100569,200.000,199.778,0.0000,0.0328,0.0000,0.0390,-0.020,32.34,40.0,3,2048
30101569,200.000,199.778,0.0000,0.0374,0.0000,-0.0016,-0.020,32.34,40.0,3,2048
30102925,200.000,199.778,0.0000,0.0542,0.0000,0.0071,-0.020,32.34,39.0,3,2048
30103598,200.000,199.778,0.0000,0.0099,0.0000,0.0148,-0.020,32.34,40.0,3,2048
30104547,200.000,199.778,0.0000,-0.0587,0.0000,0.0148,-0.020,32.34,40.0,3,2048
30105542,200.000,199.778,0.0000,0.0191,0.0000,0.0181,-0.020,32.34,40.0,3,2048
30106542,200.000,199.778,0.0000,-0.0237,0.0000,0.0302,-0.020,32.34,39.0,3,2048
30107922,200.000,199.778,0.0000,0.0038,0.0000,0.0511,-0.020,32.34,40.0,3,2048
30108574,200.000,199.778,0.0000,0.0710,0.0000,0.0291,-0.020,32.34,40.0,3,2048
30109617,200.000,199.778,0.0000,0.0038,0.0000,-0.0269,-0.020,32.34,39.0,3,2048
30110889,200.000,199.778,0.0000,-0.0862,0.0000,0.0467,-0.020,32.34,39.0,3,2048
30111573,200.000,199.778,0.0000,0.0816,0.0000,0.0049,-0.020,32.34,40.0,3,2048
30112893,200.000,199.778,0.0000,0.0557,0.0000,-0.0071,-0.020,32.34,40.0,3,2048
30113632,200.000,199.778,0.0000,0.0069,0.0000,-0.0027,-0.020,32.34,39.0,3,2048
30114872,200.000,199.778,0.0000,-0.0618,0.0000,0.0324,-0.020,32.34,40.0,3,2048
30115544,200.000,199.778,0.0000,0.0404,0.0000,0.0665,-0.020,32.34,40.0,3,2048
30116547,200.000,199.778,0.0000,-0.1579,0.0000,-0.0027,-0.020,32.34,39.0,3,2048
30117862,200.000,199.778,0.0000,-0.0511,0.0000,0.0093,-0.020,32.34,39.0,3,2048
30118612,200.000,199.778,0.0000,0.0526,0.0000,0.0137,-0.020,32.34,40.0,3,2048
30119576,200.000,199.778,0.0000,0.0130,0.0000,0.0192,-0.020,32.34,40.0,3,2048
30120614,200.000,199.778,0.0000,-0.1442,0.0000,0.0357,-0.020,32.34,40.0,3,2048
30121577,200.000,199.778,0.0000,0.0175,0.0000,0.0126,-0.020,32.34,40.0,3,2048
30122909,200.000,199.778,0.0000,-0.0893,0.0000,-0.0115,-0.020,32.34,39.0,3,2048
30123570,200.000,199.778,0.0000,-0.0725,0.0000,-0.0115,-0.020,32.34,39.0,3,2048
30124547,200.000,199.778,0.0000,0.1152,0.0000,0.0467,-0.020,32.34,39.0,3,2048
30125599,200.000,199.778,0.0000,0.1060,0.0000,0.0533,-0.020,32.34,39.0,3,2048
30126573,200.000,199.778,0.0000,-0.0206,0.0000,0.0115,-0.020,32.34,39.0,3,2048
30127890,200.000,199.778,0.0000,0.0267,0.0000,0.0390,-0.020,32.34,39.0,3,2048
30128575,200.000,199.778,0.0000,0.0450,0.0000,0.0104,-0.020,32.34,40.0,3,2048
30129575,200.000,199.778,0.0000,-0.0023,0.0000,0.0181,-0.020,32.34,40.0,3,2048
30130886,200.000,199.778,0.0000,0.0542,0.0000,-0.0225,-0.020,32.34,40.0,3,2048
30131570,200.000,199.778,0.0000,0.0603,0.0000,0.0456,-0.020,32.34,40.0,3,2048
30132889,200.000,199.778,0.0000,0.0740,0.0000,0.0291,-0.020,32.34,40.0,3,2048
30133575,200.000,199.778,0.0000,0.0053,0.0000,-0.0060,-0.020,32.34,40.0,3,2048
30134909,200.000,199.778,0.0000,-0.0191,0.0000,-0.0126,-0.020,32.34,40.0,3,2048
30135545,200.000,199.778,0.0000,-0.0557,0.0000,0.0346,-0.020,32.34,40.0,3,2048
30136547,200.000,199.778,0.0000,-0.0359,0.0000,0.0093,-0.020,32.34,40.0,3,2048
30137912,200.000,199.778,0.0000,0.0221,0.0000,0.0148,-0.020,32.34,39.0,3,2048
30138597,200.000,199.778,0.0000,0.0084,0.0000,-0.0060,-0.020,32.34,39.0,3,2048
30139601,200.000,199.778,0.0000,-0.1320,0.0000,0.0412,-0.020,32.34,39.0,3,2048
30140596,200.000,199.778,0.0000,0.0847,0.0000,-0.0203,-0.020,32.34,39.0,3,2048
30141542,200.000,199.778,0.0000,-0.0969,0.0000,0.0346,-0.020,32.34,39.0,3,2048
30142995,200.000,199.778,0.0000,-0.1320,0.0000,-0.0038,-0.020,32.34,40.0,3,2048
30143619,200.000,199.778,0.0000,0.0771,0.0000,0.0302,-0.020,32.34,40.0,3,2048
30144547,200.000,199.778,0.0000,-0.0008,0.0000,0.0203,-0.020,32.34,40.0,3,2048
30145542,200.000,199.778,0.0000,-0.0114,0.0000,0.0478,-0.020,32.34,40.0,3,2048
30146542,200.000,199.778,0.0000,-0.0603,0.0000,0.0335,-0.020,32.34,40.0,3,2048
30147925,200.000,199.778,0.0000,-0.0343,0.0000,-0.0126,-0.020,32.34,40.0,3,2048
30148575,200.000,199.778,0.0000,-0.0038,0.0000,-0.0071,-0.020,32.34,39.0,3,2048
30149616,200.000,199.778,0.0000,0.0557,0.0000,0.0027,-0.020,32.34,39.0,3,2048
30150895,200.000,199.778,0.0000,0.0008,0.0000,0.0302,-0.020,32.34,39.0,3,2048
30151573,200.000,199.778,0.0000,0.0862,0.0000,0.0203,-0.020,32.34,40.0,3,2048
30152891,200.000,199.778,0.0000,0.0832,0.0000,0.0269,-0.020,32.34,39.0,3,2048
30153620,200.000,199.778,0.0000,-0.0496,0.0000,0.0478,-0.020,32.34,40.0,3,2048
30154912,200.000,199.778,0.0000,-0.0160,0.0000,0.0148,-0.020,32.34,39.0,3,2048
30155549,200.000,199.778,0.0000,0.0771,0.0000,0.0335,-0.020,32.34,40.0,3,2048
30156611,200.000,199.778,0.0000,-0.0069,0.0000,0.0170,-0.020,32.34,39.0,3,2048
30157890,200.000,199.778,0.0000,-0.0221,0.0000,-0.0148,-0.020,32.34,40.0,3,2048
30158574,200.000,199.778,0.0000,-0.0999,0.0000,0.0324,-0.020,32.34,40.0,3,2048
30159572,200.000,199.778,0.0000,0.1106,0.0000,-0.0148,-0.020,32.34,40.0,3,2048
30160567,200.000,199.778,0.0000,-0.0877,0.0000,-0.0082,-0.020,32.34,40.0,3,2048
30161567,200.000,199.778,0.0000,-0.0313,0.0000,0.0104,-0.020,32.34,39.0,3,2048
30162888,200.000,199.778,0.0000,0.0038,0.0000,-0.0247,-0.020,32.34,40.0,3,2048
30163572,200.000,199.778,0.0000,-0.0145,0.0000,0.0654,-0.020,32.34,40.0,3,2048
30164572,200.000,199.778,0.0000,0.1030,0.0000,-0.0016,-0.020,32.34,40.0,3,2048
30165581,200.000,199.778,0.0000,0.0008,0.0000,0.0401,-0.020,32.34,39.0,3,2048
30166544,200.000,199.778,0.0000,-0.0023,0.0000,0.0115,-0.020,32.34,39.0,3,2048
30167879,200.000,199.778,0.0000,0.1930,0.0000,0.0071,-0.020,32.34,39.0,3,2048
30168596,200.000,199.778,0.0000,0.0191,0.0000,0.0214,-0.020,32.34,39.0,3,2048
30169597,200.000,199.778,0.0000,0.0862,0.0000,0.0214,-0.020,32.34,39.0,3,2048
30170778,200.000,199.778,0.0000,-0.0191,0.0000,0.0137,-0.020,32.34,39.0,3,2048
30171549,200.000,199.778,0.0000,0.1076,0.0000,0.0126,-0.020,32.34,40.0,3,2048
30172869,200.000,199.778,0.0000,0.0374,0.0000,0.0038,-0.020,32.34,40.0,3,2048
30173665,200.000,199.778,0.0000,-0.1137,0.0000,0.0412,-0.020,32.34,40.0,3,2048
30174903,200.000,199.778,0.0000,0.1076,0.0000,0.0489,-0.020,32.34,39.0,3,2048
30175551,200.000,199.778,0.0000,0.0343,0.0000,0.0060,-0.020,32.34,40.0,3,2048
30176566,200.000,199.778,0.0000,0.1015,0.0000,-0.0038,-0.020,32.34,39.0,3,2048
30177861,200.000,199.778,0.0000,-0.1320,0.0000,0.0346,-0.020,32.34,40.0,3,2048
30178594,200.000,199.778,0.0000,0.1106,0.0000,-0.0082,-0.020,32.34,40.0,3,2048
30179549,200.000,199.778,0.0000,-0.1274,0.0000,-0.0148,-0.020,32.34,39.0,3,2048
30180561,200.000,199.778,0.0000,-0.0755,0.0000,0.0082,-0.020,32.34,40.0,3,2048
30181542,200.000,199.778,0.0000,0.1717,0.0000,0.0225,-0.020,32.34,39.0,3,2048
30182908,200.000,199.778,0.0000,0.0145,0.0000,0.0269,-0.020,32.34,39.0,3,2048
30183551,200.000,199.778,0.0000,-0.0053,0.0000,-0.0016,-0.020,32.34,40.0,3,2048
30184634,200.000,199.778,0.0000,0.0099,0.0000,0.0368,-0.020,32.34,40.0,3,2048
30185545,200.000,199.778,0.0000,-0.0832,0.0000,0.0357,-0.020,32.34,39.0,3,2048
30186595,200.000,199.778,0.0000,-0.0145,0.0000,0.0038,-0.020,32.34,40.0,3,2048
30187874,200.000,199.778,0.0000,-0.0053,0.0000,0.0456,-0.020,32.34,39.0,3,2048
30188567,200.000,199.778,0.0000,-0.1305,0.0000,0.0093,-0.020,32.34,40.0,3,2048
30189547,200.000,199.778,0.0000,0.0801,0.0000,-0.0093,-0.020,32.34,39.0,3,2048
30190908,200.000,199.778,0.0000,-0.0572,0.0000,0.0170,-0.020,32.34,40.0,3,2048
30191549,200.000,199.778,0.0000,0.0343,0.0000,0.0258,-0.020,32.34,40.0,3,2048
30192888,200.000,199.778,0.0000,-0.0465,0.0000,0.0126,-0.020,32.34,40.0,3,2048
30193545,200.000,199.778,0.0000,0.0374,0.0000,0.0423,-0.020,32.34,40.0,3,2048
30194984,200.000,199.778,0.0000,0.0999,0.0000,0.0302,-0.020,32.34,40.0,3,2048
30195564,200.000,199.778,0.0000,-0.0404,0.0000,0.0060,-0.020,32.34,39.0,3,2048
30196549,200.000,199.778,0.0000,-0.0618,0.0000,0.0467,-0.020,32.34,40.0,3,2048
30197865,200.000,199.778,0.0000,0.0130,0.0000,-0.0016,-0.020,32.34,39.0,3,2048
30198604,200.000,199.778,0.0000,0.1839,0.0000,-0.0313,-0.020,32.34,39.0,3,2048
30199645,200.000,199.778,0.0000,0.0084,0.0000,0.0357,-0.020,32.34,39.0,3,2048
30200571,200.000,199.778,0.0000,-0.0114,0.0000,-0.0258,-0.020,32.34,40.0,3,2048
30201569,200.000,199.778,0.0000,0.0359,0.0000,0.0148,-0.020,32.34,40.0,3,2048
30202919,200.000,199.778,0.0000,-0.0923,0.0000,0.0291,-0.020,32.34,39.0,3,2048
30203576,200.000,199.778,0.0000,-0.0313,0.0000,0.0115,-0.020,32.34,39.0,3,2048
30204576,200.000,199.778,0.0000,0.0832,0.0000,0.0027,-0.020,32.34,39.0,3,2048
30205605,200.000,199.778,0.0000,-0.0313,0.0000,-0.0104,-0.020,32.34,40.0,3,2048
30206604,200.000,199.778,0.0000,0.0511,0.0000,-0.0247,-0.020,32.34,40.0,3,2048
30207869,200.000,199.778,0.0000,0.0832,0.0000,0.0324,-0.020,32.34,40.0,3,2048
30208542,200.000,199.778,0.0000,0.0160,0.0000,-0.0104,-0.020,32.34,39.0,3,2048
30209547,200.000,199.778,0.0000,-0.0038,0.0000,0.0203,-0.020,32.34,40.0,3,2048
30210918,200.000,199.778,0.0000,-0.0374,0.0000,0.0170,-0.020,32.34,40.0,3,2048
30211574,200.000,199.778,0.0000,0.0938,0.0000,-0.0049,-0.020,32.34,39.0,3,2048
30212928,200.000,199.778,0.0000,0.0221,0.0000,-0.0247,-0.020,32.34,39.0,3,2048
30213581,200.000,199.778,0.0000,-0.0847,0.0000,0.0082,-0.020,32.34,39.0,3,2048
30214897,200.000,199.778,0.0000,0.0038,0.0000,-0.0060,-0.020,32.34,39.0,3,2048
30215577,200.000,199.778,0.0000,-0.0099,0.0000,0.0181,-0.020,32.34,39.0,3,2048
30216646,200.000,199.778,0.0000,-0.0481,0.0000,0.0038,-0.020,32.34,39.0,3,2048
30217869,200.000,199.778,0.0000,0.1244,0.0000,0.0060,-0.020,32.34,40.0,3,2048
30218544,200.000,199.778,0.0000,-0.1152,0.0000,-0.0159,-0.020,32.34,40.0,3,2048
30219547,200.000,199.778,0.0000,0.0587,0.0000,0.0016,-0.020,32.34,40.0,3,2048
30220542,200.000,199.778,0.0000,0.0038,0.0000,0.0049,-0.020,32.34,40.0,3,2048
30221602,200.000,199.778,0.0000,0.2083,0.0000,0.0203,-0.020,32.34,40.0,3,2048
30222895,200.000,199.778,0.0000,-0.1244,0.0000,-0.0016,-0.020,32.34,39.0,3,2048
30223611,200.000,199.778,0.0000,-0.1060,0.0000,0.0148,-0.020,32.34,39.0,3,2048
30224579,200.000,199.778,0.0000,0.0648,0.0000,0.0236,-0.020,32.34,40.0,3,2048
30225572,200.000,199.778,0.0000,-0.0343,0.0000,0.0104,-0.020,32.34,40.0,3,2048
30226593,200.000,199.778,0.0000,0.0511,0.0000,0.0126,-0.020,32.34,39.0,3,2048
30227869,200.000,199.778,0.0000,-0.0237,0.0000,0.0357,-0.020,32.34,40.0,3,2048
30228603,200.000,199.778,0.0000,-0.0023,0.0000,0.0071,-0.020,32.34,40.0,3,2048
30229577,200.000,199.778,0.0000,0.1564,0.0000,0.0357,-0.020,32.34,40.0,3,2048
30230889,200.000,199.778,0.0000,-0.1183,0.0000,0.0269,-0.020,32.34,39.0,3,2048
30231571,200.000,199.778,0.0000,0.1244,0.0000,-0.0049,-0.020,32.34,39.0,3,2048
30232891,200.000,199.778,0.0000,-0.0069,0.0000,-0.0247,-0.020,32.34,39.0,3,2048
30233573,200.000,199.778,0.0000,0.0603,0.0000,0.0313,-0.020,32.34,40.0,3,2048
30234897,200.000,199.778,0.0000,-0.0648,0.0000,0.0412,-0.020,32.34,40.0,3,2048
30235573,200.000,199.778,0.0000,-0.0023,0.0000,-0.0148,-0.020,32.34,40.0,3,2048
30236576,200.000,199.778,0.0000,0.0374,0.0000,0.0203,-0.020,32.34,39.0,3,2048
30237902,200.000,199.778,0.0000,0.0252,0.0000,0.0192,-0.020,32.34,40.0,3,2048
30238548,200.000,199.778,0.0000,-0.0725,0.0000,-0.0093,-0.020,32.34,40.0,3,2048
30239547,200.000,199.778,0.0000,-0.0404,0.0000,0.0126,-0.020,32.34,40.0,3,2048
30240591,200.000,199.778,0.0000,-0.1213,0.0000,0.0170,-0.020,32.34,39.0,3,2048
30241588,200.000,199.778,0.0000,-0.0587,0.0000,-0.0390,-0.020,32.34,40.0,3,2048
30242824,200.000,199.778,0.0000,-0.0328,0.0000,0.0203,-0.020,32.34,40.0,3,2048
30243548,200.000,199.778,0.0000,-0.1549,0.0000,0.0082,-0.020,32.34,39.0,3,2048
30244547,200.000,199.778,0.0000,-0.1076,0.0000,-0.0005,-0.020,32.34,39.0,3,2048
30245674,200.000,199.778,0.0000,-0.0984,0.0000,-0.0115,-0.020,32.34,39.0,3,2048
30246618,200.000,199.778,0.0000,-0.1350,0.0000,-0.0126,-0.020,32.34,39.0,3,2048
30247869,200.000,199.778,0.0000,0.0572,0.0000,0.0269,-0.020,32.34,39.0,3,2048
30248542,200.000,199.778,0.0000,0.0267,0.0000,0.0170,-0.020,32.34,40.0,3,2048
30249615,200.000,199.778,0.0000,-0.0206,0.0000,0.0225,-0.020,32.34,40.0,3,2048
30250961,200.000,199.778,0.0000,-0.1106,0.0000,-0.0093,-0.020,32.34,39.0,3,2048
30251571,200.000,199.778,0.0000,-0.0084,0.0000,0.0126,-0.020,32.34,39.0,3,2048
30252889,200.000,199.778,0.0000,0.0160,0.0000,0.0115,-0.020,32.34,40.0,3,2048
30253595,200.000,199.778,0.0000,-0.0404,0.0000,0.0434,-0.020,32.34,40.0,3,2048
30254918,200.000,199.778,0.0000,-0.0740,0.0000,0.0038,-0.020,32.34,40.0,3,2048
30255573,200.000,199.778,0.0000,0.0801,0.0000,0.0115,-0.020,32.34,39.0,3,2048
30256574,200.000,199.778,0.0000,-0.0084,0.0000,-0.0082,-0.020,32.34,39.0,3,2048
30257939,200.000,199.778,0.0000,0.0374,0.0000,0.0478,-0.020,32.34,39.0,3,2048
30258549,200.000,199.778,0.0000,-0.0175,0.0000,0.0159,-0.020,32.34,40.0,3,2048
30259547,200.000,199.778,0.0000,0.0969,0.0000,0.0038,-0.020,32.34,40.0,3,2048
30260542,200.000,199.778,0.0000,-0.0374,0.0000,-0.0137,-0.020,32.34,39.0,3,2048
30261542,200.000,199.778,0.0000,-0.0404,0.0000,-0.0291,-0.020,32.34,39.0,3,2048
30262926,200.000,199.778,0.0000,0.0374,0.0000,-0.0049,-0.020,32.34,40.0,3,2048
30263608,200.000,199.778,0.0000,0.0069,0.0000,-0.0005,-0.020,32.34,39.0,3,2048
30264582,200.000,199.778,0.0000,-0.0984,0.0000,0.0258,-0.020,32.34,39.0,3,2048
30265571,200.000,199.778,0.0000,-0.0130,0.0000,0.0005,-0.020,32.34,40.0,3,2048
30266572,200.000,199.778,0.0000,0.1076,0.0000,-0.0159,-0.020,32.34,39.0,3,2048
30267955,200.000,199.778,0.0000,-0.0282,0.0000,0.0225,-0.020,32.34,39.0,3,2048
30268550,200.000,199.778,0.0000,0.1030,0.0000,-0.0060,-0.020,32.34,39.0,3,2048
30269547,200.000,199.778,0.0000,0.0481,0.0000,-0.0060,-0.020,32.34,39.0,3,2048
30270859,200.000,199.778,0.0000,-0.0389,0.0000,0.0192,-0.020,32.34,39.0,3,2048
30271543,200.000,199.778,0.0000,-0.0130,0.0000,0.0049,-0.020,32.34,39.0,3,2048
30272926,200.000,199.778,0.0000,-0.1564,0.0000,0.0104,-0.020,32.34,40.0,3,2048
30273573,200.000,199.778,0.0000,-0.0084,0.0000,0.0060,-0.020,32.34,40.0,3,2048
30274938,200.000,199.778,0.0000,0.0069,0.0000,0.0412,-0.020,32.34,39.0,3,2048
30275581,200.000,199.778,0.0000,-0.1167,0.0000,0.0720,-0.020,32.34,40.0,3,2048
30276580,200.000,199.778,0.0000,-0.0175,0.0000,0.0247,-0.020,32.34,40.0,3,2048
30277917,200.000,199.778,0.0000,0.0374,0.0000,-0.0148,-0.020,32.34,40.0,3,2048
30278548,200.000,199.778,0.0000,0.0511,0.0000,0.0555,-0.020,32.34,40.0,3,2048
30279547,200.000,199.778,0.0000,0.1183,0.0000,0.0027,-0.020,32.34,40.0,3,2048
30280601,200.000,199.778,0.0000,-0.2403,0.0000,0.0412,-0.020,32.34,40.0,3,2048
30281571,200.000,199.778,0.0000,0.1350,0.0000,0.0807,-0.020,32.34,40.0,3,2048
30282888,200.000,199.778,0.0000,-0.0130,0.0000,0.0049,-0.020,32.34,40.0,3,2048
30283575,200.000,199.778,0.0000,0.1183,0.0000,0.0159,-0.020,32.34,39.0,3,2048
30284575,200.000,199.778,0.0000,0.0267,0.0000,0.0313,-0.020,32.34,39.0,3,2048
30285569,200.000,199.778,0.0000,0.0374,0.0000,0.0148,-0.020,32.34,40.0,3,2048
30286569,200.000,199.778,0.0000,0.0816,0.0000,0.0137,-0.020,32.34,40.0,3,2048
30287889,200.000,199.778,0.0000,0.0023,0.0000,0.0313,-0.020,32.34,40.0,3,2048
30288575,200.000,199.778,0.0000,-0.0114,0.0000,-0.0170,-0.020,32.34,39.0,3,2048
30289580,200.000,199.778,0.0000,0.0359,0.0000,0.0511,-0.020,32.34,39.0,3,2048
30290858,200.000,199.778,0.0000,0.0130,0.0000,0.0214,-0.020,32.34,39.0,3,2048
30291592,200.000,199.778,0.0000,-0.0984,0.0000,0.0335,-0.020,32.34,40.0,3,2048
30292912,200.000,199.778,0.0000,-0.0710,0.0000,0.0302,-0.020,32.34,40.0,3,2048
30293601,200.000,199.778,0.0000,0.0862,0.0000,0.0049,-0.020,32.34,39.0,3,2048
30294919,200.000,199.778,0.0000,0.0603,0.0000,0.0291,-0.020,32.34,40.0,3,2048
30295547,200.000,199.778,0.0000,-0.0603,0.0000,0.0148,-0.020,32.34,40.0,3,2048
30296672,200.000,199.778,0.0000,-0.0221,0.0000,0.0016,-0.020,32.34,39.0,3,2048
30297941,200.000,199.778,0.0000,0.1259,0.0000,-0.0027,-0.020,32.34,40.0,3,2048
30298546,200.000,199.778,0.0000,-0.0359,0.0000,0.0137,-0.020,32.34,40.0,3,2048
30299547,200.000,199.778,0.0000,0.0191,0.0000,-0.0203,-0.020,32.34,40.0,3,2048
30300605,200.000,199.778,0.0000,0.0572,0.0000,0.0060,-0.020,32.34,39.0,3,2048
30301644,200.000,199.778,0.0000,0.1274,0.0000,0.0137,-0.020,32.34,39.0,3,2048
30302892,200.000,199.778,0.0000,-0.0008,0.0000,-0.0016,-0.020,32.34,39.0,3,2048
30303573,200.000,199.778,0.0000,0.0374,0.0000,0.0137,-0.020,32.34,39.0,3,2048
30304610,200.000,199.778,0.0000,-0.0679,0.0000,-0.0126,-0.020,32.34,39.0,3,2048
30305569,200.000,199.778,0.0000,-0.0481,0.0000,-0.0126,-0.020,32.34,40.0,3,2048
30306569,200.000,199.778,0.0000,0.0145,0.0000,0.0038,-0.020,32.34,40.0,3,2048
30307949,200.000,199.778,0.0000,0.0237,0.0000,0.0214,-0.020,32.34,40.0,3,2048
30308549,200.000,199.778,0.0000,0.0679,0.0000,0.0137,-0.020,32.34,40.0,3,2048
30309547,200.000,199.778,0.0000,0.1473,0.0000,0.0511,-0.020,32.34,40.0,3,2048
30310861,200.000,199.778,0.0000,-0.0313,0.0000,0.0665,-0.020,32.34,40.0,3,2048
30311543,200.000,199.778,0.0000,-0.0694,0.0000,-0.0016,-0.020,32.34,39.0,3,2048
30312924,200.000,199.778,0.0000,-0.0816,0.0000,0.0137,-0.020,32.34,39.0,3,2048
30313573,200.000,199.778,0.0000,-0.0420,0.0000,0.0412,-0.020,32.34,40.0,3,2048
30314938,200.000,199.778,0.0000,0.0038,0.0000,0.0203,-0.020,32.34,40.0,3,2048
30315578,200.000,199.778,0.0000,0.0343,0.0000,0.0005,-0.020,32.34,40.0,3,2048
30316576,200.000,199.778,0.0000,-0.0359,0.0000,0.0423,-0.020,32.34,40.0,3,2048
30317890,200.000,199.778,0.0000,0.0221,0.0000,0.0269,-0.020,32.34,40.0,3,2048
30318639,200.000,199.778,0.0000,-0.0740,0.0000,0.0159,-0.020,32.34,40.0,3,2048
30319548,200.000,199.778,0.0000,0.1152,0.0000,0.0467,-0.020,32.34,39.0,3,2048
30320542,200.000,199.778,0.0000,0.0130,0.0000,0.0049,-0.020,32.34,39.0,3,2048
30321542,200.000,199.778,0.0000,0.0450,0.0000,0.0269,-0.020,32.34,40.0,3,2048
30322926,200.000,199.778,0.0000,0.0969,0.0000,0.0071,-0.020,32.34,40.0,3,2048
30323572,200.000,199.778,0.0000,0.0557,0.0000,0.0434,-0.020,32.34,40.0,3,2048
30324575,200.000,199.778,0.0000,-0.0587,0.0000,0.0434,-0.020,32.34,40.0,3,2048
30325612,200.000,199.778,0.0000,0.0618,0.0000,-0.0291,-0.020,32.34,40.0,3,2048
30326572,200.000,199.778,0.0000,-0.0603,0.0000,-0.0181,-0.020,32.34,40.0,3,2048
30327917,200.000,199.778,0.0000,0.0893,0.0000,0.0027,-0.020,32.34,40.0,3,2048
30328550,200.000,199.778,0.0000,-0.1366,0.0000,0.0500,-0.020,32.34,39.0,3,2048
30329547,200.000,199.778,0.0000,0.1564,0.0000,0.0038,-0.020,32.34,39.0,3,2048
30330913,200.000,199.778,0.0000,-0.0542,0.0000,0.0401,-0.020,32.34,40.0,3,2048
30331571,200.000,199.778,0.0000,0.0816,0.0000,0.0313,-0.020,32.34,40.0,3,2048
30332891,200.000,199.778,0.0000,0.1091,0.0000,0.0214,-0.020,32.34,40.0,3,2048
30333574,200.000,199.778,0.0000,-0.0023,0.0000,-0.0203,-0.020,32.34,39.0,3,2048
30334896,200.000,199.778,0.0000,-0.0496,0.0000,0.0071,-0.020,32.34,40.0,3,2048
30335574,200.000,199.778,0.0000,0.0694,0.0000,0.0027,-0.020,32.34,40.0,3,2048
30336575,200.000,199.778,0.0000,-0.0114,0.0000,0.0390,-0.020,32.34,40.0,3,2048
30337891,200.000,199.778,0.0000,0.0099,0.0000,0.0104,-0.020,32.34,39.0,3,2048
30338574,200.000,199.778,0.0000,0.1045,0.0000,-0.0126,-0.020,32.34,40.0,3,2048
30339590,200.000,199.778,0.0000,-0.0008,0.0000,0.0709,-0.020,32.34,40.0,3,2048
30340544,200.000,199.778,0.0000,-0.0175,0.0000,0.0225,-0.020,32.34,40.0,3,2048
30341542,200.000,199.778,0.0000,-0.0679,0.0000,0.0302,-0.020,32.34,40.0,3,2048
30342914,200.000,199.778,0.0000,0.0923,0.0000,0.0082,-0.020,32.34,40.0,3,2048
30343597,200.000,199.778,0.0000,-0.0511,0.0000,0.0687,-0.020,32.34,39.0,3,2048
30344561,200.000,199.778,0.0000,-0.0069,0.0000,0.0159,-0.020,32.34,40.0,3,2048
30345547,200.000,199.778,0.0000,0.0481,0.0000,0.0137,-0.020,32.34,40.0,3,2048
30346542,200.000,199.778,0.0000,0.0435,0.0000,0.0192,-0.020,32.34,40.0,3,2048
30347996,200.000,199.778,0.0000,-0.0298,0.0000,0.0324,-0.020,32.34,40.0,3,2048
30348619,200.000,199.778,0.0000,0.0603,0.0000,0.0082,-0.020,32.34,40.0,3,2048
30349547,200.000,199.778,0.0000,0.0542,0.0000,0.0005,-0.020,32.34,40.0,3,2048
30350862,200.000,199.778,0.0000,0.0786,0.0000,0.0643,-0.020,32.34,39.0,3,2048
30351543,200.000,199.778,0.0000,0.1060,0.0000,0.0467,-0.020,32.34,40.0,3,2048
30352870,200.000,199.778,0.0000,0.1137,0.0000,0.0368,-0.020,32.34,40.0,3,2048
30353612,200.000,199.778,0.0000,-0.0603,0.0000,0.0203,-0.020,32.34,40.0,3,2048
30354909,200.000,199.778,0.0000,-0.0069,0.0000,0.0104,-0.020,32.34,40.0,3,2048
30355607,200.000,199.778,0.0000,0.0389,0.0000,0.0148,-0.020,32.34,40.0,3,2048
30356576,200.000,199.778,0.0000,0.1137,0.0000,0.0258,-0.020,32.34,40.0,3,2048
30357890,200.000,199.778,0.0000,0.0206,0.0000,0.0335,-0.020,32.34,40.0,3,2048
30358574,200.000,199.778,0.0000,0.0938,0.0000,-0.0060,-0.020,32.34,40.0,3,2048
30359639,200.000,199.778,0.0000,0.0557,0.0000,-0.0159,-0.020,32.34,39.0,3,2048
30360542,200.000,199.778,0.0000,0.0084,0.0000,-0.0038,-0.020,32.34,40.0,3,2048
30361604,200.000,199.778,0.0000,0.0298,0.0000,0.0291,-0.020,32.34,39.0,3,2048
30362892,200.000,199.778,0.0000,-0.0664,0.0000,0.0181,-0.020,32.34,40.0,3,2048
30363576,200.000,199.778,0.0000,0.0023,0.0000,-0.0379,-0.020,32.34,39.0,3,2048
30364575,200.000,199.778,0.0000,-0.0206,0.0000,0.0412,-0.020,32.34,39.0,3,2048
30365569,200.000,199.778,0.0000,0.0572,0.0000,0.0016,-0.020,32.34,39.0,3,2048
30366569,200.000,199.778,0.0000,-0.0160,0.0000,-0.0104,-0.020,32.34,40.0,3,2048
30367888,200.000,199.778,0.0000,0.1106,0.0000,-0.0027,-0.020,32.34,40.0,3,2048
30368575,200.000,199.778,0.0000,-0.0084,0.0000,0.0082,-0.020,32.34,40.0,3,2048
30369575,200.000,199.778,0.0000,0.1213,0.0000,-0.0060,-0.020,32.34,40.0,3,2048
30370903,200.000,199.778,0.0000,0.0389,0.0000,0.0115,-0.020,32.34,40.0,3,2048
30371545,200.000,199.778,0.0000,-0.0267,0.0000,-0.0016,-0.020,32.34,40.0,3,2048
30372875,200.000,199.778,0.0000,-0.0053,0.0000,-0.0104,-0.020,32.34,40.0,3,2048
30373599,200.000,199.778,0.0000,0.0313,0.0000,0.0192,-0.020,32.34,40.0,3,2048
30374918,200.000,199.778,0.0000,-0.0694,0.0000,0.0368,-0.020,32.34,39.0,3,2048
30375600,200.000,199.778,0.0000,0.0710,0.0000,-0.0115,-0.020,32.34,39.0,3,2048
30376603,200.000,199.778,0.0000,-0.0114,0.0000,0.0027,-0.020,32.34,39.0,3,2048
30377868,200.000,199.778,0.0000,0.0313,0.0000,0.0104,-0.020,32.34,39.0,3,2048
30378665,200.000,199.778,0.0000,-0.1167,0.0000,0.0247,-0.020,32.34,39.0,3,2048
30379584,200.000,199.778,0.0000,-0.0343,0.0000,0.0302,-0.020,32.34,39.0,3,2048
30380544,200.000,199.778,0.0000,-0.0694,0.0000,0.0148,-0.020,32.34,40.0,3,2048
30381561,200.000,199.778,0.0000,0.0816,0.0000,-0.0016,-0.020,32.34,40.0,3,2048
30382870,200.000,199.778,0.0000,-0.0404,0.0000,-0.0005,-0.020,32.34,40.0,3,2048
30383596,200.000,199.778,0.0000,0.0099,0.0000,0.0368,-0.020,32.34,40.0,3,2048
30384549,200.000,199.778,0.0000,0.0206,0.0000,-0.0016,-0.020,32.34,40.0,3,2048
30385561,200.000,199.778,0.0000,0.0435,0.0000,-0.0247,-0.020,32.34,39.0,3,2048
30386542,200.000,199.778,0.0000,-0.1701,0.0000,0.0071,-0.020,32.34,40.0,3,2048
30387907,200.000,199.778,0.0000,0.0694,0.0000,0.0159,-0.020,32.34,39.0,3,2048
30388550,200.000,199.778,0.0000,0.0679,0.0000,-0.0104,-0.020,32.34,40.0,3,2048
30389637,200.000,199.778,0.0000,0.0618,0.0000,-0.0093,-0.020,32.34,40.0,3,2048
30390865,200.000,199.778,0.0000,0.0450,0.0000,0.0236,-0.020,32.34,39.0,3,2048
30391597,200.000,199.778,0.0000,0.0160,0.0000,0.0027,-0.020,32.34,39.0,3,2048
30392873,200.000,199.778,0.0000,0.0542,0.0000,0.0170,-0.020,32.34,39.0,3,2048
30393567,200.000,199.778,0.0000,-0.0816,0.0000,0.0434,-0.020,32.34,39.0,3,2048
30394869,200.000,199.778,0.0000,-0.0114,0.0000,0.0159,-0.020,32.34,39.0,3,2048
30395594,200.000,199.778,0.0000,-0.0175,0.0000,-0.0049,-0.020,32.34,40.0,3,2048
30396548,200.000,199.778,0.0000,0.0267,0.0000,0.0126,-0.020,32.34,40.0,3,2048
30397893,200.000,199.778,0.0000,0.0618,0.0000,0.0368,-0.020,32.34,40.0,3,2048
30398542,200.000,199.778,0.0000,0.0755,0.0000,-0.0104,-0.020,32.34,40.0,3,2048
30399662,200.000,199.778,0.0000,-0.0343,0.0000,0.0511,-0.020,32.34,40.0,3,2048
30400574,200.000,199.778,0.0000,-0.1350,0.0000,0.0049,-0.020,32.34,40.0,3,2048
30401542,200.000,199.778,0.0000,-0.0969,0.0000,0.0203,-0.020,32.34,40.0,3,2048
30402872,200.000,199.778,0.0000,0.0145,0.0000,-0.0280,-0.020,32.34,39.0,3,2048
30403544,200.000,199.778,0.0000,-0.0694,0.0000,0.0225,-0.020,32.34,40.0,3,2048
30404606,200.000,199.778,0.0000,0.0572,0.0000,0.0247,-0.020,32.34,39.0,3,2048
30405574,200.000,199.778,0.0000,-0.0130,0.0000,-0.0071,-0.020,32.34,40.0,3,2048
30406607,200.000,199.778,0.0000,-0.1015,0.0000,0.0115,-0.020,32.34,40.0,3,2048
30407894,200.000,199.778,0.0000,-0.0694,0.0000,-0.0104,-0.020,32.34,39.0,3,2048
30408574,200.000,199.778,0.0000,0.0404,0.0000,0.0093,-0.020,32.34,39.0,3,2048
30409606,200.000,199.778,0.0000,0.0633,0.0000,0.0159,-0.020,32.34,40.0,3,2048
30410945,200.000,199.778,0.0000,-0.0908,0.0000,0.0027,-0.020,32.34,39.0,3,2048
30411543,200.000,199.778,0.0000,0.1335,0.0000,0.0082,-0.020,32.34,39.0,3,2048
30412901,200.000,199.778,0.0000,0.0771,0.0000,0.0005,-0.020,32.34,39.0,3,2048
30413596,200.000,199.778,0.0000,0.0694,0.0000,0.0335,-0.020,32.34,40.0,3,2048
30414899,200.000,199.778,0.0000,-0.0450,0.0000,0.0016,-0.020,32.34,40.0,3,2048
30415574,200.000,199.778,0.0000,-0.0954,0.0000,0.0357,-0.020,32.34,40.0,3,2048
30416574,200.000,199.778,0.0000,0.0114,0.0000,0.0104,-0.020,32.34,40.0,3,2048
30417889,200.000,199.778,0.0000,0.0603,0.0000,0.0027,-0.020,32.34,40.0,3,2048
30418576,200.000,199.778,0.0000,-0.0587,0.0000,-0.0027,-0.020,32.34,39.0,3,2048
30419575,200.000,199.778,0.0000,-0.0069,0.0000,-0.0082,-0.020,32.34,40.0,3,2048
30420570,200.000,199.778,0.0000,-0.0587,0.0000,-0.0038,-0.020,32.34,39.0,3,2048
30421569,200.000,199.778,0.0000,0.0282,0.0000,0.0126,-0.020,32.34,39.0,3,2048
30422900,200.000,199.778,0.0000,0.0481,0.0000,0.0093,-0.020,32.34,39.0,3,2048
30423545,200.000,199.778,0.0000,-0.0465,0.0000,0.0379,-0.020,32.34,40.0,3,2048
30424569,200.000,199.778,0.0000,0.1137,0.0000,-0.0071,-0.020,32.34,39.0,3,2048
30425595,200.000,199.778,0.0000,-0.0008,0.0000,0.0247,-0.020,32.34,39.0,3,2048
30426594,200.000,199.778,0.0000,0.0511,0.0000,0.0302,-0.020,32.34,40.0,3,2048
30427913,200.000,199.778,0.0000,0.0481,0.0000,0.0192,-0.020,32.34,40.0,3,2048
30428548,200.000,199.778,0.0000,0.0725,0.0000,0.0599,-0.020,32.34,40.0,3,2048
30429583,200.000,199.778,0.0000,-0.1091,0.0000,0.0214,-0.020,32.34,40.0,3,2048
30430866,200.000,199.778,0.0000,0.0343,0.0000,0.0335,-0.020,32.34,39.0,3,2048
30431543,200.000,199.778,0.0000,0.0542,0.0000,-0.0170,-0.020,32.34,40.0,3,2048
30432887,200.000,199.778,0.0000,-0.0038,0.0000,0.0005,-0.020,32.34,40.0,3,2048
30433542,200.000,199.778,0.0000,-0.0389,0.0000,0.0093,-0.020,32.34,40.0,3,2048
30434924,200.000,199.778,0.0000,0.1137,0.0000,-0.0016,-0.020,32.34,40.0,3,2048
30435548,200.000,199.778,0.0000,0.0984,0.0000,0.0390,-0.020,32.34,39.0,3,2048
30436565,200.000,199.778,0.0000,0.0175,0.0000,-0.0071,-0.020,32.34,40.0,3,2048
30437862,200.000,199.778,0.0000,-0.0374,0.0000,0.0148,-0.020,32.34,39.0,3,2048
30438599,200.000,199.778,0.0000,-0.1076,0.0000,0.0225,-0.020,32.34,39.0,3,2048
30439548,200.000,199.778,0.0000,-0.0328,0.0000,0.0225,-0.020,32.34,39.0,3,2048
30440636,200.000,199.778,0.0000,-0.0374,0.0000,0.0291,-0.020,32.34,40.0,3,2048
30441544,200.000,199.778,0.0000,0.0313,0.0000,0.0137,-0.020,32.34,40.0,3,2048
30442919,200.000,199.778,0.0000,0.0389,0.0000,0.0379,-0.020,32.34,40.0,3,2048
30443548,200.000,199.778,0.0000,-0.0984,0.0000,-0.0104,-0.020,32.34,40.0,3,2048
30444567,200.000,199.778,0.0000,0.0893,0.0000,0.0060,-0.020,32.34,40.0,3,2048
30445542,200.000,199.778,0.0000,-0.0038,0.0000,0.0269,-0.020,32.34,39.0,3,2048
30446593,200.000,199.778,0.0000,-0.0603,0.0000,0.0379,-0.020,32.34,40.0,3,2048
30447872,200.000,199.778,0.0000,-0.1305,0.0000,0.0049,-0.020,32.34,40.0,3,2048
30448566,200.000,199.778,0.0000,-0.0572,0.0000,0.0016,-0.020,32.34,40.0,3,2048
30449547,200.000,199.778,0.0000,0.1457,0.0000,-0.0192,-0.020,32.34,40.0,3,2048
30450980,200.000,199.778,0.0000,-0.1228,0.0000,0.0346,-0.020,32.34,40.0,3,2048
30451575,200.000,199.778,0.0000,-0.0832,0.0000,0.0269,-0.020,32.34,39.0,3,2048
30452868,200.000,199.778,0.0000,-0.0938,0.0000,0.0335,-0.020,32.34,39.0,3,2048
30453548,200.000,199.778,0.0000,0.0038,0.0000,-0.0049,-0.020,32.34,40.0,3,2048
30454868,200.000,199.778,0.0000,0.0999,0.0000,0.0533,-0.020,32.34,39.0,3,2048
30455545,200.000,199.778,0.0000,0.0710,0.0000,0.0159,-0.020,32.34,40.0,3,2048
30456605,200.000,199.778,0.0000,0.0679,0.0000,0.0269,-0.020,32.34,40.0,3,2048
30457928,200.000,199.778,0.0000,-0.1244,0.0000,0.0489,-0.020,32.34,39.0,3,2048
30458575,200.000,199.778,0.0000,-0.0221,0.0000,0.0005,-0.020,32.34,40.0,3,2048
30459576,200.000,199.778,0.0000,-0.0771,0.0000,0.0093,-0.020,32.34,40.0,3,2048
30460572,200.000,199.778,0.0000,0.0237,0.0000,0.0445,-0.020,32.34,39.0,3,2048
30461651,200.000,199.778,0.0000,0.0008,0.0000,0.0060,-0.020,32.34,40.0,3,2048
30462866,200.000,199.778,0.0000,-0.0069,0.0000,0.0203,-0.020,32.34,39.0,3,2048
30463544,200.000,199.778,0.0000,-0.0313,0.0000,0.0104,-0.020,32.34,40.0,3,2048
30464609,200.000,199.778,0.0000,-0.1137,0.0000,0.0225,-0.020,32.34,40.0,3,2048
30465573,200.000,199.778,0.0000,-0.0786,0.0000,0.0170,-0.020,32.34,39.0,3,2048
30466571,200.000,199.778,0.0000,-0.0557,0.0000,-0.0181,-0.020,32.34,39.0,3,2048
30467889,200.000,199.778,0.0000,0.0771,0.0000,0.0511,-0.020,32.34,39.0,3,2048
30468575,200.000,199.778,0.0000,0.0481,0.0000,-0.0214,-0.020,32.34,39.0,3,2048
30469575,200.000,199.778,0.0000,0.0267,0.0000,0.0467,-0.020,32.34,40.0,3,2048
30470885,200.000,199.778,0.0000,0.0740,0.0000,-0.0126,-0.020,32.34,39.0,3,2048
30471571,200.000,199.778,0.0000,0.0542,0.0000,0.0181,-0.020,32.34,40.0,3,2048
30472889,200.000,199.778,0.0000,0.0710,0.0000,0.0159,-0.020,32.34,40.0,3,2048
30473591,200.000,199.778,0.0000,0.0008,0.0000,0.0181,-0.020,32.34,40.0,3,2048
30474875,200.000,199.778,0.0000,0.0359,0.0000,-0.0137,-0.020,32.34,40.0,3,2048
30475542,200.000,199.778,0.0000,0.0130,0.0000,-0.0104,-0.020,32.34,39.0,3,2048
30476603,200.000,199.778,0.0000,0.1122,0.0000,0.0049,-0.020,32.34,40.0,3,2048
30477911,200.000,199.778,0.0000,-0.0160,0.0000,0.0368,-0.020,32.34,40.0,3,2048
30478601,200.000,199.778,0.0000,0.0435,0.0000,0.0137,-0.020,32.34,40.0,3,2048
30479603,200.000,199.778,0.0000,0.1152,0.0000,-0.0115,-0.020,32.34,39.0,3,2048
30480542,200.000,199.778,0.0000,0.0252,0.0000,0.0368,-0.020,32.34,40.0,3,2048
30481569,200.000,199.778,0.0000,0.0374,0.0000,-0.0236,-0.020,32.34,40.0,3,2048
30482873,200.000,199.778,0.0000,0.0359,0.0000,0.0445,-0.020,32.34,40.0,3,2048
30483542,200.000,199.778,0.0000,-0.0359,0.0000,0.0181,-0.020,32.34,40.0,3,2048
30484564,200.000,199.778,0.0000,0.1076,0.0000,0.0027,-0.020,32.34,40.0,3,2048
30485542,200.000,199.778,0.0000,-0.0557,0.0000,0.0390,-0.020,32.34,40.0,3,2048
30486600,200.000,199.778,0.0000,-0.0877,0.0000,0.0368,-0.020,32.34,39.0,3,2048
30487869,200.000,199.778,0.0000,0.0771,0.0000,-0.0115,-0.020,32.34,40.0,3,2048
30488560,200.000,199.778,0.0000,0.0084,0.0000,-0.0159,-0.020,32.34,40.0,3,2048
30489547,200.000,199.778,0.0000,-0.0496,0.0000,0.0401,-0.020,32.34,40.0,3,2048
30490920,200.000,199.778,0.0000,0.1198,0.0000,0.0049,-0.020,32.34,40.0,3,2048
30491543,200.000,199.778,0.0000,-0.0664,0.0000,0.0445,-0.020,32.34,40.0,3,2048
30492957,200.000,199.778,0.0000,0.0374,0.0000,0.0467,-0.020,32.34,40.0,3,2048
30493553,200.000,199.778,0.0000,-0.0999,0.0000,0.0412,-0.020,32.34,39.0,3,2048
30494925,200.000,199.778,0.0000,-0.0740,0.0000,0.0192,-0.020,32.34,40.0,3,2048
30495545,200.000,199.778,0.0000,0.1122,0.0000,-0.0027,-0.020,32.34,40.0,3,2048
30496567,200.000,199.778,0.0000,-0.0267,0.0000,0.0357,-0.020,32.34,40.0,3,2048
30497866,200.000,199.778,0.0000,-0.0557,0.0000,-0.0148,-0.020,32.34,40.0,3,2048
30498594,200.000,199.778,0.0000,-0.0084,0.0000,0.0291,-0.020,32.34,40.0,3,2048
30499547,200.000,199.778,0.0000,-0.1122,0.0000,0.0148,-0.020,32.34,39.0,3,2048
30500562,200.000,199.778,0.0000,-0.0282,0.0000,-0.0269,-0.020,32.34,40.0,3,2048
30501542,200.000,199.778,0.0000,0.0221,0.0000,0.0324,-0.020,32.34,40.0,3,2048
30502982,200.000,199.778,0.0000,-0.0862,0.0000,0.0225,-0.020,32.34,39.0,3,2048
30503570,200.000,199.778,0.0000,-0.0893,0.0000,0.0148,-0.020,32.34,40.0,3,2048
30504547,200.000,199.778,0.0000,-0.0130,0.0000,0.0082,-0.020,32.34,39.0,3,2048
30505542,200.000,199.778,0.0000,0.0648,0.0000,0.0148,-0.020,32.34,40.0,3,2048
30506542,200.000,199.778,0.0000,-0.0374,0.0000,0.0126,-0.020,32.34,40.0,3,2048
30507920,200.000,199.778,0.0000,0.0359,0.0000,0.0104,-0.020,32.34,40.0,3,2048
30508575,200.000,199.778,0.0000,-0.0725,0.0000,0.0412,-0.020,32.34,40.0,3,2048
30509616,200.000,199.778,0.0000,-0.0725,0.0000,0.0280,-0.020,32.34,39.0,3,2048
30510893,200.000,199.778,0.0000,0.0099,0.0000,-0.0137,-0.020,32.34,40.0,3,2048
30511571,200.000,199.778,0.0000,-0.0160,0.0000,-0.0005,-0.020,32.34,40.0,3,2048
30512893,200.000,199.778,0.0000,-0.0114,0.0000,0.0049,-0.020,32.34,40.0,3,2048
30513650,200.000,199.778,0.0000,-0.0771,0.0000,0.0104,-0.020,32.34,39.0,3,2048
30514873,200.000,199.778,0.0000,0.1076,0.0000,0.0126,-0.020,32.34,39.0,3,2048
30515544,200.000,199.778,0.0000,-0.0740,0.0000,-0.0005,-0.020,32.34,40.0,3,2048
30516607,200.000,199.778,0.0000,0.0633,0.0000,0.0423,-0.020,32.34,40.0,3,2048
30517894,200.000,199.778,0.0000,-0.0130,0.0000,0.0082,-0.020,32.34,40.0,3,2048
30518576,200.000,199.778,0.0000,0.0404,0.0000,-0.0071,-0.020,32.34,40.0,3,2048
30519575,200.000,199.778,0.0000,-0.0984,0.0000,0.0137,-0.020,32.34,40.0,3,2048
30520569,200.000,199.778,0.0000,0.0710,0.0000,0.0126,-0.020,32.34,40.0,3,2048
30521569,200.000,199.778,0.0000,0.0237,0.0000,0.0357,-0.020,32.34,40.0,3,2048
30522889,200.000,199.778,0.0000,0.0221,0.0000,-0.0093,-0.020,32.34,40.0,3,2048
30523576,200.000,199.778,0.0000,-0.0557,0.0000,0.0093,-0.020,32.34,40.0,3,2048
30524575,200.000,199.778,0.0000,0.1350,0.0000,0.0511,-0.020,32.34,40.0,3,2048
30525580,200.000,199.778,0.0000,0.0572,0.0000,0.0258,-0.020,32.34,39.0,3,2048
30526545,200.000,199.778,0.0000,0.0053,0.0000,0.0368,-0.020,32.34,40.0,3,2048
30527908,200.000,199.778,0.0000,-0.0694,0.0000,-0.0005,-0.020,32.34,39.0,3,2048
30528596,200.000,199.778,0.0000,0.0069,0.0000,0.0302,-0.020,32.34,39.0,3,2048
30529600,200.000,199.778,0.0000,-0.0175,0.0000,0.0225,-0.020,32.34,39.0,3,2048
30530912,200.000,199.778,0.0000,-0.0298,0.0000,-0.0181,-0.020,32.34,39.0,3,2048
30531543,200.000,199.778,0.0000,-0.0298,0.0000,0.0016,-0.020,32.34,40.0,3,2048
30532887,200.000,199.778,0.0000,-0.0618,0.0000,0.0027,-0.020,32.34,40.0,3,2048
30533551,200.000,199.778,0.0000,0.0465,0.0000,-0.0269,-0.020,32.34,40.0,3,2048
30534866,200.000,199.778,0.0000,0.0008,0.0000,0.0335,-0.020,32.34,40.0,3,2048
30535563,200.000,199.778,0.0000,0.0526,0.0000,0.0280,-0.020,32.34,40.0,3,2048
30536547,200.000,199.778,0.0000,-0.0053,0.0000,0.0412,-0.020,32.34,39.0,3,2048
30537917,200.000,199.778,0.0000,-0.0145,0.0000,-0.0159,-0.020,32.34,39.0,3,2048
30538544,200.000,199.778,0.0000,-0.0328,0.0000,0.0038,-0.020,32.34,40.0,3,2048
30539565,200.000,199.778,0.0000,-0.0267,0.0000,0.0060,-0.020,32.34,40.0,3,2048
30540542,200.000,199.778,0.0000,0.0679,0.0000,0.0027,-0.020,32.34,40.0,3,2048
30541599,200.000,199.778,0.0000,-0.0130,0.0000,0.0170,-0.020,32.34,40.0,3,2048
30542871,200.000,199.778,0.0000,-0.0801,0.0000,0.0258,-0.020,32.34,39.0,3,2048
30543525,200.000,199.778,0.0000,0.1518,0.0000,-0.0291,-0.020,32.34,39.0,3,2048
30544551,200.000,199.778,0.0000,-0.1060,0.0000,0.0225,-0.020,32.34,40.0,3,2048
30545542,200.000,199.778,0.0000,-0.0648,0.0000,-0.0060,-0.020,32.34,40.0,3,2048
30546597,200.000,199.778,0.0000,0.0832,0.0000,0.0005,-0.020,32.34,40.0,3,2048
30547872,200.000,199.778,0.0000,-0.0237,0.0000,0.0313,-0.020,32.34,40.0,3,2048
30548564,200.000,199.778,0.0000,0.0282,0.0000,0.0159,-0.020,32.34,40.0,3,2048
30549547,200.000,199.778,0.0000,-0.0084,0.0000,0.0049,-0.020,32.34,40.0,3,2048
30550913,200.000,199.778,0.0000,-0.1213,0.0000,0.0181,-0.020,32.34,40.0,3,2048
30551544,200.000,199.778,0.0000,-0.0084,0.0000,-0.0082,-0.020,32.34,40.0,3,2048
30552891,200.000,199.778,0.0000,-0.0114,0.0000,0.0027,-0.020,32.34,40.0,3,2048
30553544,200.000,199.778,0.0000,-0.0618,0.0000,0.0379,-0.020,32.34,40.0,3,2048
30554987,200.000,199.778,0.0000,-0.0053,0.0000,-0.0060,-0.020,32.34,40.0,3,2048
30555579,200.000,199.778,0.0000,-0.0710,0.0000,0.0115,-0.020,32.34,40.0,3,2048
30556547,200.000,199.778,0.0000,0.0343,0.0000,-0.0060,-0.020,32.34,40.0,3,2048
30557865,200.000,199.778,0.0000,0.1717,0.0000,0.0280,-0.020,32.34,40.0,3,2048
30558544,200.000,199.778,0.0000,-0.0496,0.0000,-0.0005,-0.020,32.34,40.0,3,2048
30559580,200.000,199.778,0.0000,-0.1045,0.0000,0.0522,-0.020,32.34,40.0,3,2048
30560593,200.000,199.778,0.0000,-0.0679,0.0000,0.0071,-0.020,32.34,40.0,3,2048
30561608,200.000,199.778,0.0000,0.0053,0.0000,-0.0115,-0.020,32.34,40.0,3,2048
30562892,200.000,199.778,0.0000,-0.0664,0.0000,-0.0082,-0.020,32.34,40.0,3,2048
30563576,200.000,199.778,0.0000,0.0069,0.0000,0.0247,-0.020,32.34,40.0,3,2048
30564577,200.000,199.778,0.0000,-0.0053,0.0000,-0.0060,-0.020,32.34,40.0,3,2048
30565648,200.000,199.778,0.0000,-0.0542,0.0000,0.0456,-0.020,32.34,40.0,3,2048
30566543,200.000,199.778,0.0000,0.0984,0.0000,-0.0049,-0.020,32.34,39.0,3,2048
30567920,200.000,199.778,0.0000,-0.0648,0.0000,0.0236,-0.020,32.34,39.0,3,2048
30568574,200.000,199.778,0.0000,-0.0511,0.0000,0.0071,-0.020,32.34,40.0,3,2048
30569576,200.000,199.778,0.0000,-0.0847,0.0000,0.0060,-0.020,32.34,40.0,3,2048
30570889,200.000,199.778,0.0000,0.0526,0.0000,0.0456,-0.020,32.34,40.0,3,2048
30571571,200.000,199.778,0.0000,0.1839,0.0000,0.0148,-0.020,32.34,40.0,3,2048
30572892,200.000,199.778,0.0000,0.1411,0.0000,-0.0016,-0.020,32.34,39.0,3,2048
30573572,200.000,199.778,0.0000,-0.0237,0.0000,-0.0115,-0.020,32.34,40.0,3,2048
30574898,200.000,199.778,0.0000,0.0496,0.0000,0.0181,-0.020,32.34,40.0,3,2048
30575574,200.000,199.778,0.0000,0.0069,0.0000,0.0247,-0.020,32.34,40.0,3,2048
30576575,200.000,199.778,0.0000,0.0740,0.0000,0.0544,-0.020,32.34,39.0,3,2048
30577904,200.000,199.778,0.0000,-0.0404,0.0000,0.0500,-0.020,32.34,40.0,3,2048
30578546,200.000,199.778,0.0000,-0.1076,0.0000,0.0203,-0.020,32.34,39.0,3,2048
30579564,200.000,199.778,0.0000,-0.0481,0.0000,-0.0027,-0.020,32.34,40.0,3,2048
30580595,200.000,199.778,0.0000,0.0710,0.0000,0.0291,-0.020,32.34,40.0,3,2048
30581592,200.000,199.778,0.0000,-0.0694,0.0000,0.0269,-0.020,32.34,40.0,3,2048
30582914,200.000,199.778,0.0000,-0.0237,0.0000,0.0181,-0.020,32.34,40.0,3,2048
30583548,200.000,199.778,0.0000,0.0237,0.0000,0.0533,-0.020,32.34,39.0,3,2048
30584587,200.000,199.778,0.0000,-0.0435,0.0000,-0.0049,-0.020,32.34,40.0,3,2048
30585544,200.000,199.778,0.0000,0.0496,0.0000,-0.0126,-0.020,32.34,39.0,3,2048
30586542,200.000,199.778,0.0000,-0.1060,0.0000,0.0511,-0.020,32.34,40.0,3,2048
30587886,200.000,199.778,0.0000,0.0359,0.0000,0.0412,-0.020,32.34,39.0,3,2048
30588542,200.000,199.778,0.0000,0.0160,0.0000,0.0137,-0.020,32.34,39.0,3,2048
30589605,200.000,199.778,0.0000,-0.0374,0.0000,0.0258,-0.020,32.34,39.0,3,2048
30590862,200.000,199.778,0.0000,-0.0832,0.0000,0.0137,-0.020,32.34,40.0,3,2048
30591561,200.000,199.778,0.0000,-0.0389,0.0000,0.0280,-0.020,32.34,40.0,3,2048
30592869,200.000,199.778,0.0000,0.0420,0.0000,0.0302,-0.020,32.34,40.0,3,2048
30593600,200.000,199.778,0.0000,-0.0252,0.0000,0.0390,-0.020,32.34,40.0,3,2048
30594876,200.000,199.778,0.0000,-0.1228,0.0000,-0.0005,-0.020,32.34,40.0,3,2048
30595529,200.000,199.778,0.0000,-0.0221,0.0000,0.0236,-0.020,32.34,39.0,3,2048
30596549,200.000,199.778,0.0000,0.0557,0.0000,0.0159,-0.020,32.34,39.0,3,2048
30597869,200.000,199.778,0.0000,0.0969,0.0000,0.0236,-0.020,32.34,40.0,3,2048
30598602,200.000,199.778,0.0000,0.0084,0.0000,0.0412,-0.020,32.34,39.0,3,2048
30599547,200.000,199.778,0.0000,-0.0267,0.0000,-0.0137,-0.020,32.34,40.0,3,2048
30600562,200.000,199.778,0.0000,-0.1244,0.0000,0.0038,-0.020,32.34,40.0,3,2048
30601542,200.000,199.778,0.0000,0.0481,0.0000,0.0060,-0.020,32.34,40.0,3,2048
30602912,200.000,199.778,0.0000,-0.0145,0.0000,0.0368,-0.020,32.34,40.0,3,2048
30603547,200.000,199.778,0.0000,0.0557,0.0000,0.0159,-0.020,32.34,39.0,3,2048
30604567,200.000,199.778,0.0000,0.1534,0.0000,0.0225,-0.020,32.34,39.0,3,2048
30605542,200.000,199.778,0.0000,-0.0114,0.0000,0.0445,-0.020,32.34,39.0,3,2048
30606666,200.000,199.778,0.0000,0.0923,0.0000,-0.0324,-0.020,32.34,40.0,3,2048
30607882,200.000,199.778,0.0000,-0.0816,0.0000,0.0082,-0.020,32.34,40.0,3,2048
30608548,200.000,199.778,0.0000,0.0145,0.0000,0.0346,-0.020,32.34,40.0,3,2048
30609547,200.000,199.778,0.0000,0.0099,0.0000,0.0126,-0.020,32.34,40.0,3,2048
30610915,200.000,199.778,0.0000,-0.0282,0.0000,0.0016,-0.020,32.34,40.0,3,2048
30611642,200.000,199.778,0.0000,0.0374,0.0000,0.0247,-0.020,32.34,40.0,3,2048
30612893,200.000,199.778,0.0000,0.0511,0.0000,0.0115,-0.020,32.34,40.0,3,2048
30613573,200.000,199.778,0.0000,-0.0481,0.0000,-0.0082,-0.020,32.34,40.0,3,2048
30614925,200.000,199.778,0.0000,-0.0191,0.0000,-0.0016,-0.020,32.34,39.0,3,2048
30615575,200.000,199.778,0.0000,0.0725,0.0000,0.0148,-0.020,32.34,39.0,3,2048
30616576,200.000,199.778,0.0000,-0.0389,0.0000,0.0511,-0.020,32.34,40.0,3,2048
30617891,200.000,199.778,0.0000,-0.0603,0.0000,0.0071,-0.020,32.34,39.0,3,2048
30618635,200.000,199.778,0.0000,0.0603,0.0000,-0.0170,-0.020,32.34,40.0,3,2048
30619548,200.000,199.778,0.0000,-0.0603,0.0000,0.0016,-0.020,32.34,39.0,3,2048
30620542,200.000,199.778,0.0000,0.0481,0.0000,0.0016,-0.020,32.34,40.0,3,2048
30621542,200.000,199.778,0.0000,0.0282,0.0000,0.0247,-0.020,32.34,40.0,3,2048
30622913,200.000,199.778,0.0000,-0.0420,0.0000,0.0093,-0.020,32.34,40.0,3,2048
30623574,200.000,199.778,0.0000,-0.0206,0.0000,-0.0071,-0.020,32.34,40.0,3,2048
30624576,200.000,199.778,0.0000,0.0664,0.0000,0.0335,-0.020,32.34,40.0,3,2048
30625614,200.000,199.778,0.0000,0.0435,0.0000,0.0016,-0.020,32.34,40.0,3,2048
30626577,200.000,199.778,0.0000,-0.0938,0.0000,0.0533,-0.020,32.34,40.0,3,2048
30627917,200.000,199.778,0.0000,-0.1289,0.0000,-0.0005,-0.020,32.34,40.0,3,2048
30628548,200.000,199.778,0.0000,0.0618,0.0000,0.0071,-0.020,32.34,39.0,3,2048
30629547,200.000,199.778,0.0000,0.0633,0.0000,0.0060,-0.020,32.34,39.0,3,2048
30630910,200.000,199.778,0.0000,-0.0755,0.0000,0.0423,-0.020,32.34,40.0,3,2048
30631574,200.000,199.778,0.0000,-0.0511,0.0000,0.0016,-0.020,32.34,40.0,3,2048
30632892,200.000,199.778,0.0000,-0.0298,0.0000,0.0049,-0.020,32.34,40.0,3,2048
30633574,200.000,199.778,0.0000,0.0206,0.0000,0.0148,-0.020,32.34,39.0,3,2048
30634896,200.000,199.778,0.0000,0.0771,0.0000,-0.0126,-0.020,32.34,40.0,3,2048
30635574,200.000,199.778,0.0000,0.0725,0.0000,0.0137,-0.020,32.34,40.0,3,2048
30636575,200.000,199.778,0.0000,-0.0145,0.0000,0.0346,-0.020,32.34,40.0,3,2048
30637892,200.000,199.778,0.0000,0.0816,0.0000,0.0489,-0.020,32.34,39.0,3,2048
30638574,200.000,199.778,0.0000,-0.0298,0.0000,0.0302,-0.020,32.34,39.0,3,2048
30639587,200.000,199.778,0.0000,-0.0664,0.0000,0.0434,-0.020,32.34,40.0,3,2048
30640545,200.000,199.778,0.0000,0.0404,0.0000,0.0148,-0.020,32.34,40.0,3,2048
30641542,200.000,199.778,0.0000,0.0481,0.0000,0.0170,-0.020,32.34,40.0,3,2048
30642911,200.000,199.778,0.0000,-0.0603,0.0000,0.0434,-0.020,32.34,40.0,3,2048
30643598,200.000,199.778,0.0000,-0.1335,0.0000,0.0412,-0.020,32.34,40.0,3,2048
30644548,200.000,199.778,0.0000,0.0191,0.0000,0.0159,-0.020,32.34,39.0,3,2048
30645547,200.000,199.778,0.0000,0.0877,0.0000,0.0104,-0.020,32.34,40.0,3,2048
30646542,200.000,199.778,0.0000,-0.0435,0.0000,0.0269,-0.020,32.34,40.0,3,2048
30647889,200.000,199.778,0.0000,-0.1152,0.0000,0.0104,-0.020,32.34,40.0,3,2048
30648551,200.000,199.778,0.0000,0.0374,0.0000,0.0247,-0.020,32.34,39.0,3,2048
30649547,200.000,199.778,0.0000,-0.0648,0.0000,0.0049,-0.020,32.34,40.0,3,2048
30650879,200.000,199.778,0.0000,-0.1289,0.0000,0.0357,-0.020,32.34,40.0,3,2048
30651543,200.000,199.778,0.0000,0.0603,0.0000,-0.0104,-0.020,32.34,40.0,3,2048
30652917,200.000,199.778,0.0000,-0.0298,0.0000,-0.0126,-0.020,32.34,40.0,3,2048
30653544,200.000,199.778,0.0000,0.0633,0.0000,-0.0038,-0.020,32.34,40.0,3,2048
30654890,200.000,199.778,0.0000,-0.0740,0.0000,-0.0016,-0.020,32.34,40.0,3,2048
30655543,200.000,199.778,0.0000,-0.1015,0.0000,0.0027,-0.020,32.34,40.0,3,2048
30656604,200.000,199.778,0.0000,0.0221,0.0000,-0.0016,-0.020,32.34,40.0,3,2048
30657870,200.000,199.778,0.0000,0.0404,0.0000,0.0071,-0.020,32.34,40.0,3,2048
30658661,200.000,199.778,0.0000,0.0084,0.0000,-0.0082,-0.020,32.34,39.0,3,2048
30659570,200.000,199.778,0.0000,0.1244,0.0000,0.0115,-0.020,32.34,39.0,3,2048
30660542,200.000,199.778,0.0000,-0.2022,0.0000,0.0137,-0.020,32.34,40.0,3,2048
30661542,200.000,199.778,0.0000,0.0847,0.0000,0.0280,-0.020,32.34,40.0,3,2048
30662936,200.000,199.778,0.0000,-0.0237,0.0000,0.0148,-0.020,32.34,39.0,3,2048
30663627,200.000,199.778,0.0000,-0.0847,0.0000,-0.0060,-0.020,32.34,40.0,3,2048
30664575,200.000,199.778,0.0000,0.0404,0.0000,0.0115,-0.020,32.34,39.0,3,2048
30665579,200.000,199.778,0.0000,-0.0633,0.0000,0.0214,-0.020,32.34,39.0,3,2048
30666597,200.000,199.778,0.0000,0.1518,0.0000,0.0170,-0.020,32.34,40.0,3,2048
30667893,200.000,199.778,0.0000,-0.0786,0.0000,0.0258,-0.020,32.34,40.0,3,2048
30668574,200.000,199.778,0.0000,0.0984,0.0000,0.0258,-0.020,32.34,39.0,3,2048
30669639,200.000,199.778,0.0000,0.0496,0.0000,0.0049,-0.020,32.34,40.0,3,2048
30670863,200.000,199.778,0.0000,0.0572,0.0000,-0.0027,-0.020,32.34,40.0,3,2048
30671543,200.000,199.778,0.0000,0.0160,0.0000,0.0170,-0.020,32.34,39.0,3,2048
30672866,200.000,199.778,0.0000,0.0114,0.0000,0.0192,-0.020,32.34,40.0,3,2048
30673544,200.000,199.778,0.0000,-0.0404,0.0000,0.0126,-0.020,32.34,39.0,3,2048
30674924,200.000,199.778,0.0000,-0.0710,0.0000,0.0346,-0.020,32.34,39.0,3,2048
30675575,200.000,199.778,0.0000,-0.0221,0.0000,0.0137,-0.020,32.34,39.0,3,2048
30676618,200.000,199.778,0.0000,-0.1320,0.0000,0.0093,-0.020,32.34,39.0,3,2048
30677893,200.000,199.778,0.0000,0.0175,0.0000,0.0038,-0.020,32.34,40.0,3,2048
30678575,200.000,199.778,0.0000,-0.0175,0.0000,0.0060,-0.020,32.34,39.0,3,2048
30679576,200.000,199.778,0.0000,0.0267,0.0000,0.0192,-0.020,32.34,40.0,3,2048
30680640,200.000,199.778,0.0000,-0.0740,0.0000,0.0412,-0.020,32.34,39.0,3,2048
30681542,200.000,199.778,0.0000,0.1015,0.0000,-0.0247,-0.020,32.34,40.0,3,2048
30682866,200.000,199.778,0.0000,-0.0465,0.0000,0.0588,-0.020,32.34,40.0,3,2048
30683544,200.000,199.778,0.0000,-0.1488,0.0000,-0.0093,-0.020,32.34,40.0,3,2048
30684609,200.000,199.778,0.0000,-0.0267,0.0000,-0.0082,-0.020,32.34,40.0,3,2048
30685574,200.000,199.778,0.0000,-0.0404,0.0000,0.0280,-0.020,32.34,40.0,3,2048
30686608,200.000,199.778,0.0000,0.1625,0.0000,-0.0170,-0.020,32.34,40.0,3,2048
30687894,200.000,199.778,0.0000,-0.0923,0.0000,0.0071,-0.020,32.34,40.0,3,2048
30688576,200.000,199.778,0.0000,0.0420,0.0000,0.0280,-0.020,32.34,40.0,3,2048
30689601,200.000,199.778,0.0000,-0.0664,0.0000,0.0456,-0.020,32.34,40.0,3,2048
30690858,200.000,199.778,0.0000,-0.0557,0.0000,-0.0225,-0.020,32.34,40.0,3,2048
30691543,200.000,199.778,0.0000,-0.0496,0.0000,-0.0280,-0.020,32.34,40.0,3,2048
30692918,200.000,199.778,0.0000,-0.0740,0.0000,-0.0313,-0.020,32.34,40.0,3,2048
30693575,200.000,199.778,0.0000,0.0298,0.0000,0.0192,-0.020,32.34,40.0,3,2048
30694899,200.000,199.778,0.0000,0.0038,0.0000,0.0137,-0.020,32.34,40.0,3,2048
30695573,200.000,199.778,0.0000,0.0221,0.0000,0.0159,-0.020,32.34,40.0,3,2048
30696575,200.000,199.778,0.0000,-0.0069,0.0000,0.0137,-0.020,32.34,40.0,3,2048
30697892,200.000,199.778,0.0000,0.0420,0.0000,-0.0060,-0.020,32.34,40.0,3,2048
30698573,200.000,199.778,0.0000,-0.0130,0.0000,0.0401,-0.020,32.34,40.0,3,2048
30699575,200.000,199.778,0.0000,-0.1259,0.0000,0.0247,-0.020,32.34,40.0,3,2048
30700569,200.000,199.778,0.0000,-0.0145,0.0000,0.0478,-0.020,32.34,40.0,3,2048
30701586,200.000,199.778,0.0000,0.0801,0.0000,0.0016,-0.020,32.34,40.0,3,2048
30702869,200.000,199.778,0.0000,0.0267,0.0000,0.0313,-0.020,32.34,39.0,3,2048
30703542,200.000,199.778,0.0000,0.0328,0.0000,0.0258,-0.020,32.34,39.0,3,2048
30704603,200.000,199.778,0.0000,-0.0023,0.0000,0.0005,-0.020,32.34,40.0,3,2048
30705595,200.000,199.778,0.0000,0.0374,0.0000,0.0148,-0.020,32.34,40.0,3,2048
30706596,200.000,199.778,0.0000,-0.0511,0.0000,-0.0016,-0.020,32.34,39.0,3,2048
30707873,200.000,199.778,0.0000,-0.0130,0.0000,0.0225,-0.020,32.34,39.0,3,2048
30708665,200.000,199.778,0.0000,0.1030,0.0000,0.0324,-0.020,32.34,39.0,3,2048
30709649,200.000,199.778,0.0000,0.0038,0.0000,0.0335,-0.020,32.34,39.0,3,2048
30710864,200.000,199.778,0.0000,-0.0679,0.0000,0.0082,-0.020,32.34,40.0,3,2048
30711543,200.000,199.778,0.0000,-0.0084,0.0000,0.0060,-0.020,32.34,39.0,3,2048
30712866,200.000,199.778,0.0000,0.0618,0.0000,0.0137,-0.020,32.34,39.0,3,2048
30713610,200.000,199.778,0.0000,0.1060,0.0000,0.0269,-0.020,32.34,40.0,3,2048
30714967,200.000,199.778,0.0000,-0.0389,0.0000,0.0302,-0.020,32.34,40.0,3,2048
30715577,200.000,199.778,0.0000,0.0984,0.0000,0.0423,-0.020,32.34,40.0,3,2048
30716575,200.000,199.778,0.0000,-0.0374,0.0000,-0.0214,-0.020,32.34,40.0,3,2048
30717921,200.000,199.778,0.0000,0.0282,0.0000,0.0280,-0.020,32.34,39.0,3,2048
30718877,200.000,199.778,0.0000,-0.0298,0.0000,0.0214,-0.020,32.34,40.0,3,2048
30719878,200.000,199.778,0.0000,0.0114,0.0000,-0.0291,-0.020,32.34,39.0,3,2048
30720879,200.000,199.778,0.0000,0.0053,0.0000,0.0236,-0.020,32.34,39.0,3,2048
30721958,200.000,199.778,0.0000,-0.0847,0.0000,0.0236,-0.020,32.34,39.0,3,2048
30723199,200.000,199.778,0.0000,0.0175,0.0000,0.0181,-0.020,32.34,39.0,3,2048
30723869,200.000,199.778,0.0000,-0.0282,0.0000,0.0115,-0.020,32.34,40.0,3,2048
30724868,200.000,199.778,0.0000,-0.0084,0.0000,-0.0170,-0.020,32.34,40.0,3,2048
30725868,200.000,199.778,0.0000,-0.0389,0.0000,0.0280,-0.020,32.34,40.0,3,2048
30726866,200.000,199.778,0.0000,-0.0786,0.0000,0.0357,-0.020,32.34,40.0,3,2048
30728195,200.000,199.778,0.0000,0.0923,0.0000,0.0181,-0.020,32.34,40.0,3,2048
30728869,200.000,199.778,0.0000,0.0160,0.0000,0.0225,-0.020,32.34,40.0,3,2048
30729897,200.000,199.778,0.0000,0.0145,0.0000,-0.0027,-0.020,32.34,40.0,3,2048
30731196,200.000,199.778,0.0000,-0.1213,0.0000,0.0016,-0.020,32.34,39.0,3,2048
30731580,200.000,199.778,0.0000,0.0145,0.0000,0.0357,-0.020,32.34,39.0,3,2048
30732923,200.000,199.778,0.0000,-0.0984,0.0000,0.0104,-0.020,32.34,40.0,3,2048
30733577,200.000,199.778,0.0000,0.0832,0.0000,-0.0082,-0.020,32.34,40.0,3,2048
30734898,200.000,199.778,0.0000,-0.1350,0.0000,0.0170,-0.020,32.34,39.0,3,2048
30735561,200.000,199.778,0.0000,0.0664,0.0000,0.0291,-0.020,32.34,39.0,3,2048
30736644,200.000,199.778,0.0000,-0.0816,0.0000,-0.0137,-0.020,32.34,39.0,3,2048
30737866,200.000,199.778,0.0000,-0.0237,0.0000,0.0181,-0.020,32.34,39.0,3,2048
30738544,200.000,199.778,0.0000,0.0237,0.0000,0.0192,-0.020,32.34,40.0,3,2048
30739547,200.000,199.778,0.0000,0.0145,0.0000,0.0049,-0.020,32.34,40.0,3,2048
30740606,200.000,199.778,0.0000,0.0359,0.0000,0.0126,-0.020,32.34,40.0,3,2048
30741572,200.000,199.778,0.0000,-0.0343,0.0000,0.0038,-0.020,32.34,40.0,3,2048
30742931,200.000,199.778,0.0000,-0.0786,0.0000,0.0203,-0.020,32.34,40.0,3,2048
30743575,200.000,199.778,0.0000,-0.0282,0.0000,0.0060,-0.020,32.34,40.0,3,2048
30744582,200.000,199.778,0.0000,0.1091,0.0000,0.0093,-0.020,32.34,40.0,3,2048
30745600,200.000,199.778,0.0000,0.0984,0.0000,0.0159,-0.020,32.34,40.0,3,2048
30746542,200.000,199.778,0.0000,-0.0618,0.0000,0.0049,-0.020,32.34,40.0,3,2048
30747882,200.000,199.778,0.0000,0.1473,0.0000,0.0401,-0.020,32.34,40.0,3,2048
30748602,200.000,199.778,0.0000,-0.0175,0.0000,0.0434,-0.020,32.34,40.0,3,2048
30749575,200.000,199.778,0.0000,-0.0984,0.0000,0.0093,-0.020,32.34,40.0,3,2048
30750889,200.000,199.778,0.0000,0.1213,0.0000,0.0236,-0.020,32.34,40.0,3,2048
30751571,200.000,199.778,0.0000,0.0526,0.0000,0.0115,-0.020,32.34,40.0,3,2048
30752888,200.000,199.778,0.0000,-0.0008,0.0000,-0.0126,-0.020,32.34,39.0,3,2048
30753575,200.000,199.778,0.0000,-0.0069,0.0000,0.0093,-0.020,32.34,39.0,3,2048
30754893,200.000,199.778,0.0000,0.0908,0.0000,-0.0071,-0.020,32.34,39.0,3,2048
30755575,200.000,199.778,0.0000,-0.2327,0.0000,0.0555,-0.020,32.34,40.0,3,2048
30756575,200.000,199.778,0.0000,-0.0084,0.0000,0.0764,-0.020,32.34,39.0,3,2048
30757904,200.000,199.778,0.0000,-0.0404,0.0000,-0.0269,-0.020,32.34,40.0,3,2048
30758544,200.000,199.778,0.0000,-0.0465,0.0000,-0.0247,-0.020,32.34,40.0,3,2048
30759547,200.000,199.778,0.0000,0.0603,0.0000,0.0159,-0.020,32.34,40.0,3,2048
30760595,200.000,199.778,0.0000,-0.0526,0.0000,0.0302,-0.020,32.34,40.0,3,2048
30761594,200.000,199.778,0.0000,-0.0252,0.0000,-0.0214,-0.020,32.34,40.0,3,2048
30762912,200.000,199.778,0.0000,0.0069,0.0000,0.0159,-0.020,32.34,39.0,3,2048
30763548,200.000,199.778,0.0000,-0.0694,0.0000,0.0280,-0.020,32.34,39.0,3,2048
30764676,200.000,199.778,0.0000,0.0389,0.0000,-0.0071,-0.020,32.34,40.0,3,2048
30765636,200.000,199.778,0.0000,-0.0130,0.0000,0.0115,-0.020,32.34,40.0,3,2048
30766543,200.000,199.778,0.0000,-0.0252,0.0000,0.0401,-0.020,32.34,39.0,3,2048
30767928,200.000,199.778,0.0000,0.0130,0.0000,0.0071,-0.020,32.34,40.0,3,2048
30768574,200.000,199.778,0.0000,-0.0252,0.0000,0.0159,-0.020,32.34,40.0,3,2048
30769577,200.000,199.778,0.0000,0.0114,0.0000,-0.0038,-0.020,32.34,39.0,3,2048
30770889,200.000,199.778,0.0000,0.1427,0.0000,0.0533,-0.020,32.34,40.0,3,2048
30771571,200.000,199.778,0.0000,0.0664,0.0000,0.0401,-0.020,32.34,40.0,3,2048
30772890,200.000,199.778,0.0000,0.1060,0.0000,0.0137,-0.020,32.34,40.0,3,2048
30773574,200.000,199.778,0.0000,-0.0145,0.0000,0.0027,-0.020,32.34,40.0,3,2048
30774897,200.000,199.778,0.0000,-0.0343,0.0000,-0.0071,-0.020,32.34,39.0,3,2048
30775574,200.000,199.778,0.0000,-0.0084,0.0000,0.0159,-0.020,32.34,40.0,3,2048
30776575,200.000,199.778,0.0000,-0.0603,0.0000,0.0071,-0.020,32.34,40.0,3,2048
30777905,200.000,199.778,0.0000,0.0816,0.0000,-0.0038,-0.020,32.34,40.0,3,2048
30778545,200.000,199.778,0.0000,0.0069,0.0000,0.0632,-0.020,32.34,39.0,3,2048
30779547,200.000,199.778,0.0000,-0.0175,0.0000,-0.0192,-0.020,32.34,39.0,3,2048
30780595,200.000,199.778,0.0000,-0.0084,0.0000,0.0357,-0.020,32.34,39.0,3,2048
30781593,200.000,199.778,0.0000,-0.0755,0.0000,0.0302,-0.020,32.34,39.0,3,2048
30782913,200.000,199.778,0.0000,-0.0420,0.0000,0.0148,-0.020,32.34,39.0,3,2048
30783547,200.000,199.778,0.0000,-0.0053,0.0000,0.0082,-0.020,32.34,40.0,3,2048
30784571,200.000,199.778,0.0000,0.0404,0.0000,0.0654,-0.020,32.34,40.0,3,2048
30785545,200.000,199.778,0.0000,-0.0282,0.0000,0.0005,-0.020,32.34,40.0,3,2048
30786542,200.000,199.778,0.0000,-0.0359,0.0000,-0.0049,-0.020,32.34,40.0,3,2048
30787954,200.000,199.778,0.0000,-0.0160,0.0000,-0.0313,-0.020,32.34,40.0,3,2048
30788551,200.000,199.778,0.0000,-0.1076,0.0000,-0.0038,-0.020,32.34,40.0,3,2048
30789601,200.000,199.778,0.0000,-0.0999,0.0000,0.0214,-0.020,32.34,40.0,3,2048
30790866,200.000,199.778,0.0000,0.0511,0.0000,-0.0115,-0.020,32.34,40.0,3,2048
30791563,200.000,199.778,0.0000,-0.0221,0.0000,0.0203,-0.020,32.34,39.0,3,2048
30792867,200.000,199.778,0.0000,-0.0328,0.0000,0.0148,-0.020,32.34,39.0,3,2048
30793596,200.000,199.778,0.0000,-0.0008,0.0000,0.0324,-0.020,32.34,39.0,3,2048
30794876,200.000,199.778,0.0000,0.0145,0.0000,0.0379,-0.020,32.34,39.0,3,2048
30795519,200.000,199.778,0.0000,-0.0145,0.0000,0.0049,-0.020,32.34,39.0,3,2048
30796549,200.000,199.778,0.0000,0.0114,0.0000,0.0038,-0.020,32.34,40.0,3,2048
30797870,200.000,199.778,0.0000,0.0008,0.0000,0.0214,-0.020,32.34,40.0,3,2048
30798602,200.000,199.778,0.0000,-0.0908,0.0000,0.0258,-0.020,32.34,40.0,3,2048
30799547,200.000,199.778,0.0000,0.0160,0.0000,0.0181,-0.020,32.34,39.0,3,2048
30800562,200.000,199.778,0.0000,0.0648,0.0000,0.0544,-0.020,32.34,40.0,3,2048
30801542,200.000,199.778,0.0000,0.0847,0.0000,0.0291,-0.020,32.34,40.0,3,2048
30802914,200.000,199.778,0.0000,-0.0511,0.0000,-0.0016,-0.020,32.34,40.0,3,2048
30803547,200.000,199.778,0.0000,-0.0191,0.0000,0.0335,-0.020,32.34,40.0,3,2048
30804567,200.000,199.778,0.0000,-0.0343,0.0000,0.0170,-0.020,32.34,40.0,3,2048
30805542,200.000,199.778,0.0000,0.0786,0.0000,-0.0313,-0.020,32.34,40.0,3,2048
30806654,200.000,199.778,0.0000,-0.1396,0.0000,0.0599,-0.020,32.34,40.0,3,2048
30807875,200.000,199.778,0.0000,0.0526,0.0000,0.0104,-0.020,32.34,40.0,3,2048
30808560,200.000,199.778,0.0000,-0.0069,0.0000,0.0456,-0.020,32.34,39.0,3,2048
30809547,200.000,199.778,0.0000,0.0252,0.0000,0.0082,-0.020,32.34,39.0,3,2048
30810920,200.000,199.778,0.0000,0.0237,0.0000,0.0159,-0.020,32.34,40.0,3,2048
30811543,200.000,199.778,0.0000,0.0877,0.0000,-0.0148,-0.020,32.34,40.0,3,2048
30812888,200.000,199.778,0.0000,0.1183,0.0000,-0.0225,-0.020,32.34,40.0,3,2048
30813542,200.000,199.778,0.0000,0.1228,0.0000,0.0225,-0.020,32.34,40.0,3,2048
30814923,200.000,199.778,0.0000,0.0984,0.0000,0.0247,-0.020,32.34,40.0,3,2048
30815547,200.000,199.778,0.0000,0.0587,0.0000,-0.0093,-0.020,32.34,40.0,3,2048
30816676,200.000,199.778,0.0000,0.0450,0.0000,-0.0137,-0.020,32.34,39.0,3,2048
30817870,200.000,199.778,0.0000,-0.1289,0.0000,0.0269,-0.020,32.34,39.0,3,2048
30818544,200.000,199.778,0.0000,0.0298,0.0000,0.0258,-0.020,32.34,40.0,3,2048
30819547,200.000,199.778,0.0000,0.0053,0.0000,0.0082,-0.020,32.34,40.0,3,2048
30820625,200.000,199.778,0.0000,-0.0328,0.0000,0.0214,-0.020,32.34,40.0,3,2048
30821618,200.000,199.778,0.0000,0.1610,0.0000,-0.0159,-0.020,32.34,40.0,3,2048
30822890,200.000,199.778,0.0000,-0.0679,0.0000,0.0775,-0.020,32.34,40.0,3,2048
30823593,200.000,199.778,0.0000,-0.0496,0.0000,-0.0093,-0.020,32.34,40.0,3,2048
30824595,200.000,199.778,0.0000,-0.1686,0.0000,0.0148,-0.020,32.34,40.0,3,2048
30825570,200.000,199.778,0.0000,-0.0175,0.0000,-0.0060,-0.020,32.34,40.0,3,2048
30826570,200.000,199.778,0.0000,-0.1366,0.0000,-0.0225,-0.020,32.34,39.0,3,2048
30827950,200.000,199.778,0.0000,0.0160,0.0000,0.0148,-0.020,32.34,40.0,3,2048
30828548,200.000,199.778,0.0000,-0.0023,0.0000,0.0093,-0.020,32.34,40.0,3,2048
30829547,200.000,199.778,0.0000,-0.0862,0.0000,-0.0115,-0.020,32.34,40.0,3,2048
30830861,200.000,199.778,0.0000,-0.0618,0.0000,-0.0291,-0.020,32.34,40.0,3,2048
30831543,200.000,199.778,0.0000,0.1778,0.0000,0.0148,-0.020,32.34,39.0,3,2048
30832920,200.000,199.778,0.0000,0.0725,0.0000,0.0060,-0.020,32.34,39.0,3,2048
30833615,200.000,199.778,0.0000,-0.0893,0.0000,-0.0060,-0.020,32.34,40.0,3,2048
30834899,200.000,199.778,0.0000,0.0069,0.0000,0.0137,-0.020,32.34,40.0,3,2048
30835573,200.000,199.778,0.0000,0.0908,0.0000,0.0082,-0.020,32.34,40.0,3,2048
30836577,200.000,199.778,0.0000,0.0084,0.0000,0.0456,-0.020,32.34,40.0,3,2048
30837957,200.000,199.778,0.0000,0.0618,0.0000,-0.0016,-0.020,32.34,40.0,3,2048
30838559,200.000,199.778,0.0000,0.0786,0.0000,0.0258,-0.020,32.34,39.0,3,2048
30839548,200.000,199.778,0.0000,-0.0389,0.0000,0.0126,-0.020,32.34,40.0,3,2048
30840542,200.000,199.778,0.0000,-0.0908,0.0000,0.0181,-0.020,32.34,39.0,3,2048
30841542,200.000,199.778,0.0000,-0.0221,0.0000,0.0181,-0.020,32.34,39.0,3,2048
30842922,200.000,199.778,0.0000,-0.0572,0.0000,0.0225,-0.020,32.34,39.0,3,2048
30843873,200.000,199.778,0.0000,-0.0343,0.0000,-0.0181,-0.020,32.34,40.0,3,2048
30844873,200.000,199.778,0.0000,0.0343,0.0000,-0.0148,-0.020,32.34,40.0,3,2048
30845936,200.000,199.778,0.0000,-0.2022,0.0000,0.0401,-0.020,32.34,40.0,3,2048
30846877,200.000,199.778,0.0000,0.0191,0.0000,0.0192,-0.020,32.34,40.0,3,2048
30848206,200.000,199.778,0.0000,-0.1244,0.0000,-0.0357,-0.020,32.34,40.0,3,2048
30848875,200.000,199.778,0.0000,0.1701,0.0000,0.0192,-0.020,32.34,40.0,3,2048
30849887,200.000,199.778,0.0000,-0.0740,0.0000,0.0324,-0.020,32.34,40.0,3,2048
30851189,200.000,199.778,0.0000,-0.0206,0.0000,0.0071,-0.020,32.34,40.0,3,2048
30851543,200.000,199.778,0.0000,0.0206,0.0000,0.0126,-0.020,32.34,40.0,3,2048
30852884,200.000,199.778,0.0000,-0.0542,0.0000,-0.0159,-0.020,32.34,40.0,3,2048
30853599,200.000,199.778,0.0000,0.0298,0.0000,-0.0313,-0.020,32.34,39.0,3,2048
30854897,200.000,199.778,0.0000,-0.0328,0.0000,0.0764,-0.020,32.34,40.0,3,2048
30855572,200.000,199.778,0.0000,-0.0008,0.0000,0.0544,-0.020,32.34,40.0,3,2048
30856573,200.000,199.778,0.0000,-0.0221,0.0000,0.0005,-0.020,32.34,40.0,3,2048
30857889,200.000,199.778,0.0000,-0.0542,0.0000,0.0203,-0.020,32.34,39.0,3,2048
30858573,200.000,199.778,0.0000,0.0206,0.0000,0.0390,-0.020,32.34,40.0,3,2048
30859572,200.000,199.778,0.0000,-0.0343,0.0000,0.0357,-0.020,32.34,40.0,3,2048
30860568,200.000,199.778,0.0000,0.1274,0.0000,-0.0005,-0.020,32.34,40.0,3,2048
30861568,200.000,199.778,0.0000,0.0542,0.0000,0.0434,-0.020,32.34,40.0,3,2048
30862902,200.000,199.778,0.0000,0.0816,0.0000,0.0632,-0.020,32.34,40.0,3,2048
30863544,200.000,199.778,0.0000,0.0084,0.0000,0.0137,-0.020,32.34,39.0,3,2048
30864597,200.000,199.778,0.0000,0.0237,0.0000,-0.0038,-0.020,32.34,40.0,3,2048
30865591,200.000,199.778,0.0000,0.0816,0.0000,0.0489,-0.020,32.34,40.0,3,2048
30866593,200.000,199.778,0.0000,0.0038,0.0000,0.0445,-0.020,32.34,40.0,3,2048
30867915,200.000,199.778,0.0000,-0.0038,0.0000,0.0027,-0.020,32.34,40.0,3,2048
30868547,200.000,199.778,0.0000,-0.0359,0.0000,0.0071,-0.020,32.34,40.0,3,2048
30869677,200.000,199.778,0.0000,0.1152,0.0000,0.0093,-0.020,32.34,40.0,3,2048
30870936,200.000,199.778,0.0000,-0.0679,0.0000,0.0214,-0.020,32.34,39.0,3,2048
30871543,200.000,199.778,0.0000,-0.0237,0.0000,-0.0016,-0.020,32.34,40.0,3,2048
30872868,200.000,199.778,0.0000,-0.1274,0.0000,-0.0115,-0.020,32.34,40.0,3,2048
30873543,200.000,199.778,0.0000,0.0465,0.0000,0.0610,-0.020,32.34,40.0,3,2048
30874871,200.000,199.778,0.0000,0.0404,0.0000,-0.0148,-0.020,32.34,39.0,3,2048
30875612,200.000,199.778,0.0000,0.0648,0.0000,0.0258,-0.020,32.34,40.0,3,2048
30876574,200.000,199.778,0.0000,-0.0542,0.0000,0.0016,-0.020,32.34,40.0,3,2048
30877929,200.000,199.778,0.0000,0.0084,0.0000,0.0192,-0.020,32.34,40.0,3,2048
30878575,200.000,199.778,0.0000,-0.0435,0.0000,0.0093,-0.020,32.34,40.0,3,2048
30879577,200.000,199.778,0.0000,0.0175,0.0000,0.0071,-0.020,32.34,40.0,3,2048
30880642,200.000,199.778,0.0000,0.1015,0.0000,0.0060,-0.020,32.34,40.0,3,2048
30881543,200.000,199.778,0.0000,-0.0633,0.0000,0.0313,-0.020,32.34,40.0,3,2048
30882866,200.000,199.778,0.0000,0.0450,0.0000,-0.0137,-0.020,32.34,40.0,3,2048
30883612,200.000,199.778,0.0000,0.0175,0.0000,0.0049,-0.020,32.34,39.0,3,2048
30884574,200.000,199.778,0.0000,0.0069,0.0000,-0.0104,-0.020,32.34,40.0,3,2048
30885572,200.000,199.778,0.0000,0.0175,0.0000,0.0027,-0.020,32.34,39.0,3,2048
30886569,200.000,199.778,0.0000,0.0389,0.0000,0.0060,-0.020,32.34,40.0,3,2048
30887893,200.000,199.778,0.0000,0.1625,0.0000,0.0203,-0.020,32.34,39.0,3,2048
30888573,200.000,199.778,0.0000,0.1152,0.0000,0.0555,-0.020,32.34,40.0,3,2048
30889574,200.000,199.778,0.0000,-0.0465,0.0000,0.0346,-0.020,32.34,39.0,3,2048
30890885,200.000,199.778,0.0000,-0.0313,0.0000,0.0060,-0.020,32.34,39.0,3,2048
30891571,200.000,199.778,0.0000,0.1793,0.0000,0.0390,-0.020,32.34,40.0,3,2048
30892905,200.000,199.778,0.0000,0.0771,0.0000,0.0159,-0.020,32.34,40.0,3,2048
30893546,200.000,199.778,0.0000,0.0511,0.0000,0.0126,-0.020,32.34,40.0,3,2048
30894866,200.000,199.778,0.0000,-0.0786,0.0000,-0.0082,-0.020,32.34,40.0,3,2048
30895599,200.000,199.778,0.0000,-0.0267,0.0000,0.0478,-0.020,32.34,40.0,3,2048
30896602,200.000,199.778,0.0000,0.0282,0.0000,0.0049,-0.020,32.34,40.0,3,2048
30897874,200.000,199.778,0.0000,-0.0191,0.0000,0.0214,-0.020,32.34,40.0,3,2048
30898551,200.000,199.778,0.0000,0.0694,0.0000,-0.0346,-0.020,32.34,39.0,3,2048
30899547,200.000,199.778,0.0000,-0.1015,0.0000,0.0313,-0.020,32.34,40.0,3,2048
30900579,200.000,199.778,0.0000,0.0481,0.0000,0.0192,-0.020,32.34,39.0,3,2048
30901544,200.000,199.778,0.0000,-0.0801,0.0000,-0.0082,-0.020,32.34,39.0,3,2048
30902869,200.000,199.778,0.0000,0.0542,0.0000,-0.0093,-0.020,32.34,40.0,3,2048
30903558,200.000,199.778,0.0000,0.0816,0.0000,0.0082,-0.020,32.34,40.0,3,2048
30904547,200.000,199.778,0.0000,-0.0710,0.0000,0.0357,-0.020,32.34,39.0,3,2048
30905600,200.000,199.778,0.0000,-0.0206,0.0000,0.0159,-0.020,32.34,40.0,3,2048
30906542,200.000,199.778,0.0000,0.0389,0.0000,-0.0247,-0.020,32.34,40.0,3,2048
30907888,200.000,199.778,0.0000,-0.0664,0.0000,-0.0412,-0.020,32.34,40.0,3,2048
30908542,200.000,199.778,0.0000,-0.0389,0.0000,0.0104,-0.020,32.34,40.0,3,2048
30909605,200.000,199.778,0.0000,-0.0252,0.0000,0.0126,-0.020,32.34,40.0,3,2048
30910862,200.000,199.778,0.0000,-0.0938,0.0000,0.0280,-0.020,32.34,40.0,3,2048
30911507,200.000,199.778,0.0000,-0.0908,0.0000,-0.0082,-0.020,32.34,40.0,3,2048
30912875,200.000,199.778,0.0000,-0.0847,0.0000,-0.0060,-0.020,32.34,40.0,3,2048
30913544,200.000,199.778,0.0000,0.0908,0.0000,-0.0225,-0.020,32.34,40.0,3,2048
30914927,200.000,199.778,0.0000,-0.0908,0.0000,0.0115,-0.020,32.34,40.0,3,2048
30915549,200.000,199.778,0.0000,-0.0740,0.0000,0.0126,-0.020,32.34,40.0,3,2048
30916567,200.000,199.778,0.0000,-0.1167,0.0000,-0.0027,-0.020,32.34,39.0,3,2048
30917861,200.000,199.778,0.0000,0.0786,0.0000,0.0082,-0.020,32.34,40.0,3,2048
30918594,200.000,199.778,0.0000,-0.0465,0.0000,0.0159,-0.020,32.34,40.0,3,2048
30919547,200.000,199.778,0.0000,-0.0694,0.0000,0.0137,-0.020,32.34,40.0,3,2048
30920658,200.000,199.778,0.0000,-0.0328,0.0000,0.0192,-0.020,32.34,40.0,3,2048
30921542,200.000,199.778,0.0000,0.0511,0.0000,-0.0181,-0.020,32.34,40.0,3,2048
30922926,200.000,199.778,0.0000,0.0053,0.0000,0.0214,-0.020,32.34,40.0,3,2048
30923576,200.000,199.778,0.0000,-0.0008,0.0000,0.0214,-0.020,32.34,40.0,3,2048
30924577,200.000,199.778,0.0000,0.0893,0.0000,0.0093,-0.020,32.34,40.0,3,2048
30925569,200.000,199.778,0.0000,-0.0694,0.0000,0.0544,-0.020,32.34,40.0,3,2048
30926569,200.000,199.778,0.0000,-0.0954,0.0000,-0.0148,-0.020,32.34,39.0,3,2048
30927888,200.000,199.778,0.0000,-0.0237,0.0000,0.0115,-0.020,32.34,40.0,3,2048
30928577,200.000,199.778,0.0000,-0.0313,0.0000,-0.0005,-0.020,32.34,39.0,3,2048
30929574,200.000,199.778,0.0000,-0.0175,0.0000,-0.0159,-0.020,32.34,40.0,3,2048
30930887,200.000,199.778,0.0000,-0.0053,0.0000,0.0071,-0.020,32.34,40.0,3,2048
30931569,200.000,199.778,0.0000,0.0313,0.0000,-0.0203,-0.020,32.34,40.0,3,2048
30932901,200.000,199.778,0.0000,-0.0145,0.0000,-0.0412,-0.020,32.34,40.0,3,2048
30933544,200.000,199.778,0.0000,0.0038,0.0000,0.0522,-0.020,32.34,39.0,3,2048
30934920,200.000,199.778,0.0000,-0.0587,0.0000,0.0016,-0.020,32.34,39.0,3,2048
30935926,200.000,199.778,0.0000,-0.0877,0.0000,0.0379,-0.020,32.34,40.0,3,2048
30936888,200.000,199.778,0.0000,0.0038,0.0000,0.0192,-0.020,32.34,40.0,3,2048
30938250,200.000,199.778,0.0000,0.0130,0.0000,-0.0159,-0.020,32.34,40.0,3,2048
30938926,200.000,199.778,0.0000,-0.1381,0.0000,-0.0005,-0.020,32.34,40.0,3,2048
30939927,200.000,199.778,0.0000,0.0099,0.0000,0.0357,-0.020,32.34,40.0,3,2048
30940860,200.000,199.778,0.0000,0.1946,0.0000,-0.0104,-0.020,32.34,39.0,3,2048
30941919,200.000,199.778,0.0000,-0.0893,0.0000,0.0423,-0.020,32.34,40.0,3,2048
30943205,200.000,199.778,0.0000,0.1152,0.0000,0.0236,-0.020,32.34,39.0,3,2048
30943861,200.000,199.778,0.0000,0.0130,0.0000,0.0082,-0.020,32.34,39.0,3,2048
30944868,200.000,199.778,0.0000,0.0740,0.0000,0.0159,-0.020,32.34,40.0,3,2048
30945857,200.000,199.778,0.0000,-0.1213,0.0000,0.0390,-0.020,32.34,39.0,3,2048
30946895,200.000,199.778,0.0000,0.0038,0.0000,0.0005,-0.020,32.34,39.0,3,2048
30948192,200.000,199.800,0.0000,0.1625,0.0000,0.0335,-0.020,32.34,39.0,3,2048
30948869,200.000,199.778,0.0000,-0.0359,0.0000,0.0247,-0.020,32.34,40.0,3,2048
30949858,200.000,199.778,0.0000,0.0755,0.0000,0.0225,-0.020,32.34,39.0,3,2048
30951219,200.000,199.778,0.0000,-0.0343,0.0000,0.0225,-0.020,32.34,40.0,3,2048
30951547,200.000,199.778,0.0000,0.0175,0.0000,0.0291,-0.020,32.34,40.0,3,2048
30952955,200.000,199.778,0.0000,-0.0084,0.0000,-0.0038,-0.020,32.34,40.0,3,2048
30953553,200.000,199.778,0.0000,0.1610,0.0000,0.0357,-0.020,32.34,40.0,3,2048
30954926,200.000,199.778,0.0000,0.0237,0.0000,0.0379,-0.020,32.34,40.0,3,2048
30955545,200.000,199.778,0.0000,0.0664,0.0000,0.0038,-0.020,32.34,40.0,3,2048
30956567,200.000,199.778,0.0000,0.0511,0.0000,0.0577,-0.020,32.34,40.0,3,2048
30957865,200.000,199.778,0.0000,0.0954,0.0000,0.0104,-0.020,32.34,40.0,3,2048
30958594,200.000,199.778,0.0000,-0.1091,0.0000,-0.0060,-0.020,32.34,40.0,3,2048
30959547,200.000,199.778,0.0000,0.0816,0.0000,0.0489,-0.020,32.34,39.0,3,2048
30960562,200.000,199.778,0.0000,-0.0237,0.0000,0.0313,-0.020,32.34,40.0,3,2048
30961542,200.000,199.778,0.0000,-0.0130,0.0000,0.0126,-0.020,32.34,40.0,3,2048
30962974,200.000,199.778,0.0000,-0.0954,0.0000,-0.0126,-0.020,32.34,40.0,3,2048
30963549,200.000,199.778,0.0000,-0.0313,0.0000,0.0137,-0.020,32.34,40.0,3,2048
30964565,200.000,199.778,0.0000,-0.0313,0.0000,-0.0247,-0.020,32.34,40.0,3,2048
30965542,200.000,199.778,0.0000,0.0862,0.0000,-0.0203,-0.020,32.34,39.0,3,2048
30966558,200.000,199.778,0.0000,-0.0130,0.0000,0.0291,-0.020,32.34,40.0,3,2048
30967861,200.000,199.778,0.0000,-0.0710,0.0000,0.0126,-0.020,32.34,40.0,3,2048
30968600,200.000,199.778,0.0000,0.0435,0.0000,0.0170,-0.020,32.34,40.0,3,2048
30969547,200.000,199.778,0.0000,-0.0740,0.0000,-0.0060,-0.020,32.34,40.0,3,2048
30970969,200.000,199.778,0.0000,0.0038,0.0000,-0.0104,-0.020,32.34,40.0,3,2048
30971543,200.000,199.778,0.0000,0.0298,0.0000,0.0478,-0.020,32.34,39.0,3,2048
30972868,200.000,199.778,0.0000,0.0237,0.0000,0.0357,-0.020,32.34,40.0,3,2048
30973542,200.000,199.778,0.0000,-0.0282,0.0000,-0.0126,-0.020,32.34,39.0,3,2048
30974872,200.000,199.778,0.0000,-0.1137,0.0000,0.0115,-0.020,32.34,39.0,3,2048
30975610,200.000,199.778,0.0000,0.0023,0.0000,0.0742,-0.020,32.34,40.0,3,2048
30976577,200.000,199.778,0.0000,0.0313,0.0000,-0.0346,-0.020,32.34,40.0,3,2048
30977927,200.000,199.778,0.0000,-0.1305,0.0000,0.0258,-0.020,32.34,40.0,3,2048
30978578,200.000,199.778,0.0000,0.0618,0.0000,-0.0346,-0.020,32.34,40.0,3,2048
30979574,200.000,199.778,0.0000,-0.0999,0.0000,0.0445,-0.020,32.34,40.0,3,2048
30980616,200.000,199.778,0.0000,-0.0328,0.0000,-0.0049,-0.020,32.34,39.0,3,2048
30981609,200.000,199.778,0.0000,-0.0160,0.0000,0.0137,-0.020,32.34,40.0,3,2048
30982866,200.000,199.778,0.0000,-0.0008,0.0000,-0.0181,-0.020,32.34,40.0,3,2048
30983581,200.000,199.778,0.0000,-0.0481,0.0000,0.0247,-0.020,32.34,40.0,3,2048
30984604,200.000,199.778,0.0000,0.0542,0.0000,-0.0170,-0.020,32.34,40.0,3,2048
30985572,200.000,199.778,0.0000,0.0328,0.0000,-0.0049,-0.020,32.34,39.0,3,2048
30986569,200.000,199.778,0.0000,0.0786,0.0000,0.0313,-0.020,32.34,40.0,3,2048
30987892,200.000,199.778,0.0000,-0.1137,0.0000,0.0170,-0.020,32.34,40.0,3,2048
30988573,200.000,199.778,0.0000,0.0175,0.0000,-0.0016,-0.020,32.34,40.0,3,2048
30989576,200.000,199.778,0.0000,-0.0237,0.0000,0.0192,-0.020,32.34,39.0,3,2048
30990883,200.000,199.778,0.0000,0.0328,0.0000,-0.0038,-0.020,32.34,40.0,3,2048
30991570,200.000,199.778,0.0000,-0.0572,0.0000,0.0225,-0.020,32.34,40.0,3,2048
30992900,200.000,199.778,0.0000,-0.0191,0.0000,0.0566,-0.020,32.34,40.0,3,2048
30993549,200.000,199.778,0.0000,-0.0221,0.0000,-0.0027,-0.020,32.34,40.0,3,2048
30994866,200.000,199.778,0.0000,0.0084,0.0000,0.0247,-0.020,32.34,40.0,3,2048
30995595,200.000,199.778,0.0000,0.0099,0.0000,0.0588,-0.020,32.34,40.0,3,2048
30996599,200.000,199.778,0.0000,0.0221,0.0000,0.0038,-0.020,32.34,40.0,3,2048
30997913,200.000,199.778,0.0000,0.0420,0.0000,0.0192,-0.020,32.34,39.0,3,2048
30998601,200.000,199.778,0.0000,-0.0862,0.0000,0.0203,-0.020,32.34,39.0,3,2048
30999547,200.000,199.778,0.0000,0.0404,0.0000,0.0390,-0.020,32.34,40.0,3,2048
31000569,200.000,199.778,0.0000,-0.0206,0.0000,-0.0016,-0.020,32.34,39.0,3,2048
31001544,200.000,199.800,0.0000,0.2159,0.0000,-0.0016,-0.020,32.34,40.0,3,2048
31002869,200.000,199.778,0.0000,-0.1335,0.0000,-0.0027,-0.020,32.34,39.0,3,2048
31003560,200.000,199.778,0.0000,-0.0099,0.0000,0.0269,-0.020,32.34,40.0,3,2048
31004547,200.000,199.778,0.0000,0.0206,0.0000,0.0126,-0.020,32.34,40.0,3,2048
31005600,200.000,199.778,0.0000,-0.0359,0.0000,0.0368,-0.020,32.34,39.0,3,2048
31006542,200.000,199.778,0.0000,-0.0664,0.0000,0.0181,-0.020,32.34,40.0,3,2048
31007887,200.000,199.778,0.0000,0.0053,0.0000,-0.0247,-0.020,32.34,39.0,3,2048
31008542,200.000,199.778,0.0000,-0.0114,0.0000,0.0214,-0.020,32.34,40.0,3,2048
31009605,200.000,199.778,0.0000,-0.0160,0.0000,0.0401,-0.020,32.34,40.0,3,2048
31010860,200.000,199.778,0.0000,0.0725,0.0000,-0.0181,-0.020,32.34,40.0,3,2048
31011508,200.000,199.778,0.0000,-0.1076,0.0000,0.0038,-0.020,32.34,39.0,3,2048
31012875,200.000,199.778,0.0000,-0.0481,0.0000,0.0291,-0.020,32.34,39.0,3,2048
31013544,200.000,199.778,0.0000,0.1167,0.0000,-0.0060,-0.020,32.34,40.0,3,2048
31014925,200.000,199.778,0.0000,-0.0313,0.0000,0.0467,-0.020,32.34,40.0,3,2048
31015549,200.000,199.778,0.0000,0.0221,0.0000,0.0192,-0.020,32.34,40.0,3,2048
31016567,200.000,199.778,0.0000,0.0587,0.0000,-0.0434,-0.020,32.34,40.0,3,2048
31017860,200.000,199.778,0.0000,0.0389,0.0000,0.0412,-0.020,32.34,40.0,3,2048
31018601,200.000,199.778,0.0000,-0.0374,0.0000,0.0588,-0.020,32.34,40.0,3,2048
31019547,200.000,199.778,0.0000,-0.0832,0.0000,0.0170,-0.020,32.34,40.0,3,2048