t_us,p_cmd_deg,p_act_deg,v_cmd,v_act,t_cmd,t_act,iq,vbus,temp,state,events
50790870,216.027,216.027,0.0000,0.0557,0.0000,-0.0005,0.000,32.41,45.0,1,2049
50791865,216.027,216.027,0.0000,-0.0023,0.0000,-0.0005,0.000,32.41,45.0,1,2049
50792868,216.027,216.027,0.0000,-0.0237,0.0000,-0.0005,0.000,32.41,45.0,1,2049
50793866,216.027,216.027,0.0000,0.0008,0.0000,-0.0005,0.000,32.41,45.0,1,2049
50795190,216.027,216.027,0.0000,0.0481,0.0000,-0.0005,0.000,32.41,45.0,1,2049
50795861,216.027,216.027,0.0000,-0.0481,0.0000,-0.0005,0.000,32.41,45.0,1,2049
50796866,216.027,216.027,0.0000,0.0160,0.0000,-0.0005,0.000,32.41,45.0,1,2049
50797863,216.027,216.027,0.0000,0.0771,0.0000,-0.0005,0.000,32.41,45.0,1,2049
50798864,216.027,216.027,0.0000,0.0298,0.0000,-0.0005,0.000,32.41,45.0,1,2049
50800177,216.027,216.027,0.0000,-0.0252,0.0000,-0.0005,0.000,32.41,45.0,1,2049
50800870,216.027,216.027,0.0000,-0.0572,0.0000,-0.0005,0.000,32.41,45.0,1,2049
50801865,216.027,216.027,0.0000,0.1213,0.0000,-0.0005,0.000,32.41,45.0,1,2049
50803171,216.027,216.027,0.0000,-0.0099,0.0000,-0.0005,0.000,32.41,45.0,1,2049
50803544,216.027,216.027,0.0000,0.0282,0.0000,-0.0005,0.000,32.41,45.0,1,2049
50804869,216.027,216.027,0.0000,-0.0572,0.0000,-0.0005,0.000,32.41,45.0,1,2049
50805571,216.027,216.027,0.0000,0.0145,0.0000,-0.0005,0.000,32.41,45.0,1,2049
50806888,216.027,216.027,0.0000,0.0908,0.0000,-0.0005,0.000,32.41,45.0,1,2049
50807865,216.027,216.027,0.0000,-0.1610,0.0000,-0.0005,0.000,32.41,45.0,1,2049
50808869,216.027,216.027,0.0000,0.0069,0.0000,-0.0005,0.000,32.41,45.0,1,2049
50810181,216.027,216.027,0.0000,0.0038,0.0000,-0.0005,0.000,32.41,45.0,1,2049
50810745,216.027,216.027,0.0000,0.1183,0.0000,-0.0005,0.000,32.41,45.0,1,2049
50811871,216.027,216.027,0.0000,-0.0755,0.0000,-0.0005,0.000,32.41,45.0,1,2049
50812854,216.027,216.027,0.0000,0.0404,0.0000,-0.0005,0.000,32.41,45.0,1,2049
50813858,216.027,216.027,0.0000,0.0557,0.0000,-0.0005,0.000,32.41,45.0,1,2049
50815182,216.027,216.027,0.0000,-0.0099,0.0000,-0.0005,0.000,32.41,45.0,1,2049
50815723,216.027,216.027,0.0000,-0.1259,0.0000,-0.0005,0.000,32.41,45.0,1,2049
50816870,216.027,216.027,0.0000,-0.1015,0.0000,-0.0005,0.000,32.41,45.0,1,2049
50817851,216.027,216.027,0.0000,0.0694,0.0000,-0.0005,0.000,32.41,45.0,1,2049
50818858,216.027,216.027,0.0000,-0.0374,0.0000,-0.0005,0.000,32.41,45.0,1,2049
50820181,216.027,216.027,0.0000,0.0343,0.0000,-0.0005,0.000,32.41,45.0,1,2049
50820730,216.027,216.027,0.0000,-0.1549,0.0000,-0.0005,0.000,32.41,45.0,1,2049
50821870,216.027,216.027,0.0000,-0.0572,0.0000,-0.0005,0.000,32.41,45.0,1,2049
50823166,216.027,216.027,0.0000,-0.0816,0.0000,-0.0005,0.000,32.41,45.0,1,2049
50823857,216.027,216.027,0.0000,-0.0114,0.0000,-0.0005,0.000,32.41,45.0,1,2049
50825181,216.027,216.027,0.0000,0.0084,0.0000,-0.0005,0.000,32.41,45.0,1,2049
50825727,216.027,216.027,0.0000,0.0893,0.0000,-0.0005,0.000,32.41,45.0,1,2049
50827287,216.027,216.027,0.0000,-0.0175,0.0000,-0.0005,0.000,32.41,45.0,1,2049
50827853,216.027,216.027,0.0000,0.0328,0.0000,-0.0005,0.000,32.41,45.0,1,2049
50828853,216.027,216.027,0.0000,0.0313,0.0000,-0.0005,0.000,32.41,45.0,1,2049
50830166,216.027,216.027,0.0000,-0.0221,0.0000,-0.0005,0.000,32.41,45.0,1,2049
50830853,216.027,216.027,0.0000,0.0603,0.0000,-0.0005,0.000,32.41,45.0,1,2049
50831922,216.027,216.027,0.0000,0.1396,0.0000,-0.0005,0.000,32.41,45.0,1,2049
50832863,216.027,216.027,0.0000,-0.0252,0.0000,-0.0005,0.000,32.41,45.0,1,2049
50833862,216.027,216.027,0.0000,0.0526,0.0000,-0.0005,0.000,32.41,45.0,1,2049
50835176,216.027,216.027,0.0000,0.0221,0.0000,-0.0005,0.000,32.41,45.0,1,2049
50835869,216.027,216.027,0.0000,0.0252,0.0000,-0.0005,0.000,32.41,45.0,1,2049
50836861,216.027,216.027,0.0000,0.0175,0.0000,-0.0005,0.000,32.41,45.0,1,2049
50837862,216.027,216.027,0.0000,-0.0420,0.0000,-0.0005,0.000,32.41,45.0,1,2049
50838861,216.027,216.027,0.0000,-0.1366,0.0000,-0.0005,0.000,32.41,45.0,1,2049
50840175,216.027,216.027,0.0000,0.0664,0.0000,-0.0005,0.000,32.44,45.0,1,2049
50840858,216.027,216.027,0.0000,-0.0679,0.0000,-0.0005,0.000,32.44,45.0,1,2049
50841862,216.027,216.027,0.0000,-0.0145,0.0000,-0.0005,0.000,32.44,45.0,1,2049
50843185,216.027,216.027,0.0000,0.0114,0.0000,-0.0005,0.000,32.44,45.0,1,2049
50843556,216.027,216.027,0.0000,0.0542,0.0000,-0.0005,0.000,32.44,45.0,1,2049
50844888,216.027,216.027,0.0000,0.0237,0.0000,-0.0005,0.000,32.44,45.0,1,2049
50845868,216.027,216.027,0.0000,0.0008,0.0000,-0.0005,0.000,32.44,45.0,1,2049
50847184,216.027,216.027,0.0000,-0.1244,0.0000,-0.0005,0.000,32.44,45.0,1,2049
50847867,216.027,216.027,0.0000,0.0023,0.0000,-0.0005,0.000,32.44,45.0,1,2049
50848861,216.027,216.027,0.0000,-0.1320,0.0000,-0.0005,0.000,32.44,45.0,1,2049
50850187,216.027,216.027,0.0000,0.0389,0.0000,-0.0005,0.000,32.44,45.0,1,2049
50850869,216.027,216.027,0.0000,-0.0237,0.0000,-0.0005,0.000,32.44,45.0,1,2049
50851861,216.027,216.027,0.0000,-0.1076,0.0000,-0.0005,0.000,32.44,45.0,1,2049
50852867,216.027,216.027,0.0000,-0.0481,0.0000,-0.0005,0.000,32.44,45.0,1,2049
50853853,216.027,216.027,0.0000,0.0069,0.0000,-0.0005,0.000,32.44,45.0,1,2049
50855168,216.027,216.027,0.0000,0.0618,0.0000,-0.0005,0.000,32.41,45.0,1,2049
50855852,216.027,216.027,0.0000,-0.0664,0.0000,-0.0005,0.000,32.41,45.0,1,2049
50856861,216.027,216.027,0.0000,-0.0557,0.0000,-0.0005,0.000,32.41,45.0,1,2049
50857863,216.027,216.027,0.0000,0.0206,0.0000,-0.0005,0.000,32.41,45.0,1,2049
50858863,216.027,216.027,0.0000,0.0160,0.0000,-0.0005,0.000,32.41,45.0,1,2049
50860173,216.027,216.027,0.0000,0.1045,0.0000,-0.0005,0.000,32.41,45.0,1,2049
50860853,216.027,216.027,0.0000,0.0313,0.0000,-0.0005,0.000,32.41,45.0,1,2049
50861851,216.027,216.027,0.0000,0.0755,0.0000,-0.0005,0.000,32.41,45.0,1,2049
50863216,216.027,216.027,0.0000,-0.0282,0.0000,-0.0005,0.000,32.41,45.0,1,2049
50863547,216.027,216.027,0.0000,-0.0435,0.0000,-0.0005,0.000,32.41,45.0,1,2049
50864872,216.027,216.027,0.0000,0.0053,0.0000,-0.0005,0.000,32.41,45.0,1,2049
50865546,216.027,216.027,0.0000,0.0542,0.0000,-0.0005,0.000,32.41,45.0,1,2049
50866915,216.027,216.027,0.0000,0.0282,0.0000,-0.0005,0.000,32.41,45.0,1,2049
50867851,216.027,216.027,0.0000,0.0130,0.0000,-0.0005,0.000,32.41,45.0,1,2049
50868857,216.027,216.027,0.0000,0.0252,0.0000,-0.0005,0.000,32.41,45.0,1,2049
50870166,216.027,216.027,0.0000,0.0435,0.0000,-0.0005,0.000,32.41,45.0,1,2049
50870743,216.027,216.027,0.0000,0.0725,0.0000,-0.0005,0.000,32.41,45.0,1,2049
50871870,216.027,216.027,0.0000,0.0404,0.0000,-0.0005,0.000,32.41,45.0,1,2049
50872851,216.027,216.027,0.0000,-0.0084,0.0000,-0.0005,0.000,32.41,45.0,1,2049
50873856,216.027,216.027,0.0000,-0.0130,0.0000,-0.0005,0.000,32.41,45.0,1,2049
50875180,216.027,216.027,0.0000,-0.1076,0.0000,-0.0005,0.000,32.41,45.0,1,2049
50875728,216.027,216.027,0.0000,0.0572,0.0000,-0.0005,0.000,32.41,45.0,1,2049
50876950,216.027,216.027,0.0000,-0.0359,0.0000,-0.0005,0.000,32.41,45.0,1,2049
50877853,216.027,216.027,0.0000,0.0984,0.0000,-0.0005,0.000,32.41,45.0,1,2049
50878853,216.027,216.027,0.0000,0.0008,0.0000,-0.0005,0.000,32.41,45.0,1,2049
50880178,216.027,216.027,0.0000,-0.0877,0.0000,-0.0005,0.000,32.41,45.0,1,2049
50880924,216.027,216.027,0.0000,-0.0099,0.0000,-0.0005,0.000,32.41,45.0,1,2049
50881862,216.027,216.027,0.0000,-0.0267,0.0000,-0.0005,0.000,32.41,45.0,1,2049
50883186,216.027,216.027,0.0000,0.0160,0.0000,-0.0005,0.000,32.41,45.0,1,2049
50883557,216.027,216.027,0.0000,0.1732,0.0000,-0.0005,0.000,32.41,45.0,1,2049
50884887,216.027,216.027,0.0000,-0.1381,0.0000,-0.0005,0.000,32.41,45.0,1,2049
50885865,216.027,216.027,0.0000,0.0237,0.0000,-0.0005,0.000,32.41,45.0,1,2049
50887189,216.027,216.027,0.0000,0.0374,0.0000,-0.0005,0.000,32.41,45.0,1,2049
50887866,216.027,216.027,0.0000,-0.1335,0.0000,-0.0005,0.000,32.41,45.0,1,2049
50888861,216.027,216.027,0.0000,0.1259,0.0000,-0.0005,0.000,32.41,45.0,1,2049
50890189,216.027,216.027,0.0000,-0.0114,0.0000,-0.0005,0.000,32.41,45.0,1,2049
50890867,216.027,216.027,0.0000,0.0938,0.0000,-0.0005,0.000,32.41,45.0,1,2049
50891864,216.027,216.027,0.0000,0.0053,0.0000,-0.0005,0.000,32.41,45.0,1,2049
50892864,216.027,216.027,0.0000,-0.0114,0.0000,-0.0005,0.000,32.41,45.0,1,2049
50893863,216.027,216.027,0.0000,-0.0450,0.0000,-0.0005,0.000,32.41,45.0,1,2049
50895188,216.027,216.027,0.0000,-0.0862,0.0000,-0.0005,0.000,32.41,45.0,1,2049
50895855,216.027,216.027,0.0000,0.0237,0.0000,-0.0005,0.000,32.41,45.0,1,2049
50896864,216.027,216.027,0.0000,-0.0008,0.0000,-0.0005,0.000,32.41,45.0,1,2049
50897864,216.027,216.027,0.0000,-0.0923,0.0000,-0.0005,0.000,32.41,45.0,1,2049
50898864,216.027,216.027,0.0000,-0.0084,0.0000,-0.0005,0.000,32.41,45.0,1,2049
50900192,216.027,216.027,0.0000,0.0099,0.0000,-0.0005,0.000,32.41,45.0,1,2049
50900867,216.027,216.027,0.0000,-0.0374,0.0000,-0.0005,0.000,32.41,45.0,1,2049
50901863,216.027,216.027,0.0000,0.0496,0.0000,-0.0005,0.000,32.41,45.0,1,2049
50903175,216.027,216.027,0.0000,-0.0175,0.0000,-0.0005,0.000,32.41,45.0,1,2049
50903849,216.027,216.027,0.0000,-0.0435,0.0000,-0.0005,0.000,32.41,45.0,1,2049
50905180,216.027,216.027,0.0000,-0.0465,0.0000,-0.0005,0.000,32.41,45.0,1,2049
50905848,216.027,216.027,0.0000,-0.0465,0.0000,-0.0005,0.000,32.41,45.0,1,2049
50907186,216.027,216.027,0.0000,-0.1793,0.0000,-0.0005,0.000,32.41,45.0,1,2049
50907864,216.027,216.027,0.0000,0.0771,0.0000,-0.0005,0.000,32.41,45.0,1,2049
50908861,216.027,216.027,0.0000,-0.1167,0.0000,-0.0005,0.000,32.41,45.0,1,2049
50910186,216.027,216.027,0.0000,-0.0267,0.0000,-0.0005,0.000,32.41,45.0,1,2049
50910864,216.027,216.027,0.0000,0.0328,0.0000,-0.0005,0.000,32.41,45.0,1,2049
50911866,216.027,216.027,0.0000,0.0053,0.0000,-0.0005,0.000,32.41,45.0,1,2049
50912849,216.027,216.027,0.0000,-0.0496,0.0000,-0.0005,0.000,32.41,45.0,1,2049
50913892,216.027,216.027,0.0000,0.0893,0.0000,-0.0005,0.000,32.41,45.0,1,2049
50915182,216.027,216.027,0.0000,-0.0343,0.0000,-0.0005,0.000,32.41,45.0,1,2049
50915849,216.027,216.027,0.0000,-0.0526,0.0000,-0.0005,0.000,32.41,45.0,1,2049
50916853,216.027,216.027,0.0000,-0.0237,0.0000,-0.0005,0.000,32.41,45.0,1,2049
50917882,216.027,216.049,0.0000,0.1137,0.0000,-0.0005,0.000,32.41,45.0,1,2049
50918850,216.049,216.027,0.0000,0.0130,0.0000,-0.0005,0.000,32.41,45.0,1,2049
50920186,216.027,216.027,0.0000,-0.0984,0.0000,-0.0005,0.000,32.41,45.0,1,2049
50920848,216.027,216.027,0.0000,-0.0175,0.0000,-0.0005,0.000,32.41,45.0,1,2049
50921884,216.027,216.027,0.0000,-0.0221,0.0000,-0.0005,0.000,32.41,45.0,1,2049
50923168,216.027,216.027,0.0000,0.0084,0.0000,-0.0005,0.000,32.41,45.0,1,2049
50923551,216.027,216.027,0.0000,0.1747,0.0000,-0.0005,0.000,32.41,45.0,1,2049
50924870,216.027,216.027,0.0000,0.0023,0.0000,-0.0005,0.000,32.41,45.0,1,2049
50925631,216.027,216.027,0.0000,-0.0816,0.0000,-0.0005,0.000,32.41,45.0,1,2049
50926927,216.027,216.027,0.0000,0.0832,0.0000,-0.0005,0.000,32.41,45.0,1,2049
50927547,216.027,216.027,0.0000,0.1122,0.0000,-0.0005,0.000,32.41,45.0,1,2049
50928557,216.027,216.027,0.0000,0.0099,0.0000,-0.0005,0.000,32.41,45.0,1,2049
50929926,216.027,216.027,0.0000,0.0282,0.0000,-0.0005,0.000,32.41,45.0,1,2049
50930572,216.027,216.027,0.0000,-0.0069,0.0000,-0.0005,0.000,32.41,45.0,1,2049
50931573,216.027,216.027,0.0000,0.0969,0.0000,-0.0005,0.000,32.41,45.0,1,2049
50932568,216.027,216.027,0.0000,0.0343,0.0000,-0.0005,0.000,32.41,45.0,1,2049
50933568,216.027,216.027,0.0000,-0.0175,0.0000,-0.0005,0.000,32.41,45.0,1,2049
50934885,216.027,216.049,0.0000,0.0343,0.0000,-0.0005,0.000,32.41,45.0,1,2049
50935866,216.049,216.027,0.0000,-0.0404,0.0000,-0.0005,0.000,32.41,45.0,1,2049
50936864,216.027,216.027,0.0000,0.0282,0.0000,-0.0005,0.000,32.41,45.0,1,2049
50937863,216.027,216.027,0.0000,-0.0328,0.0000,-0.0005,0.000,32.41,45.0,1,2049
50938864,216.027,216.027,0.0000,0.0298,0.0000,-0.0005,0.000,32.41,45.0,1,2049
50940189,216.027,216.027,0.0000,-0.0374,0.0000,-0.0005,0.000,32.41,45.0,1,2049
50940867,216.027,216.027,0.0000,-0.1534,0.0000,-0.0005,0.000,32.41,45.0,1,2049
50941866,216.027,216.027,0.0000,0.0282,0.0000,-0.0005,0.000,32.41,45.0,1,2049
50943187,216.027,216.027,0.0000,-0.0572,0.0000,-0.0005,0.000,32.41,45.0,1,2049
50943569,216.027,216.027,0.0000,-0.0404,0.0000,-0.0005,0.000,32.41,45.0,1,2049
50944885,216.027,216.027,0.0000,0.1274,0.0000,-0.0005,0.000,32.41,45.0,1,2049
50945864,216.027,216.027,0.0000,-0.0847,0.0000,-0.0005,0.000,32.41,45.0,1,2049
50947185,216.027,216.027,0.0000,0.0328,0.0000,-0.0005,0.000,32.41,45.0,1,2049
50947848,216.027,216.027,0.0000,-0.0420,0.0000,-0.0005,0.000,32.41,45.0,1,2049
50948849,216.027,216.027,0.0000,0.0496,0.0000,-0.0005,0.000,32.41,45.0,1,2049
50950162,216.027,216.027,0.0000,0.0389,0.0000,-0.0005,0.000,32.41,45.0,1,2049
50950866,216.027,216.027,0.0000,-0.0435,0.0000,-0.0005,0.000,32.41,45.0,1,2049
50951861,216.027,216.027,0.0000,0.0313,0.0000,-0.0005,0.000,32.41,45.0,1,2049
50952862,216.027,216.027,0.0000,0.0084,0.0000,-0.0005,0.000,32.41,45.0,1,2049
50953859,216.027,216.027,0.0000,0.1183,0.0000,-0.0005,0.000,32.41,45.0,1,2049
50955188,216.027,216.027,0.0000,-0.0664,0.0000,-0.0005,0.000,32.41,45.0,1,2049
50955848,216.027,216.027,0.0000,-0.1060,0.0000,-0.0005,0.000,32.41,45.0,1,2049
50956907,216.027,216.027,0.0000,-0.0298,0.0000,-0.0005,0.000,32.41,45.0,1,2049
50957848,216.027,216.027,0.0000,-0.0191,0.0000,-0.0005,0.000,32.41,45.0,1,2049
50958853,216.027,216.027,0.0000,0.0175,0.0000,-0.0005,0.000,32.41,45.0,1,2049
50960175,216.027,216.027,0.0000,-0.0298,0.0000,-0.0005,0.000,32.41,45.0,1,2049
50960724,216.027,216.027,0.0000,0.0664,0.0000,-0.0005,0.000,32.41,45.0,1,2049
50961869,216.027,216.027,0.0000,0.0038,0.0000,-0.0005,0.000,32.41,45.0,1,2049
50963160,216.027,216.027,0.0000,0.1259,0.0000,-0.0005,0.000,32.41,45.0,1,2049
50963852,216.027,216.027,0.0000,-0.1839,0.0000,-0.0005,0.000,32.41,45.0,1,2049
50965177,216.027,216.027,0.0000,0.0206,0.0000,-0.0005,0.000,32.41,45.0,1,2049
50965728,216.027,216.027,0.0000,0.1320,0.0000,-0.0005,0.000,32.41,45.0,1,2049
50967195,216.027,216.027,0.0000,-0.0282,0.0000,-0.0005,0.000,32.41,45.0,1,2049
50967847,216.027,216.027,0.0000,-0.0923,0.0000,-0.0005,0.000,32.41,45.0,1,2049
50968852,216.027,216.027,0.0000,0.0450,0.0000,-0.0005,0.000,32.41,45.0,1,2049
50970159,216.027,216.027,0.0000,-0.0740,0.0000,-0.0005,0.000,32.41,45.0,1,2049
50970764,216.027,216.027,0.0000,0.0435,0.0000,-0.0005,0.000,32.41,45.0,1,2049
50971866,216.027,216.027,0.0000,-0.0633,0.0000,-0.0005,0.000,32.41,45.0,1,2049
50972850,216.027,216.027,0.0000,0.0298,0.0000,-0.0005,0.000,32.41,45.0,1,2049
50973854,216.027,216.027,0.0000,-0.0618,0.0000,-0.0005,0.000,32.41,45.0,1,2049
50975176,216.027,216.027,0.0000,-0.0313,0.0000,-0.0005,0.000,32.41,45.0,1,2049
50975729,216.027,216.027,0.0000,0.0450,0.0000,-0.0005,0.000,32.41,45.0,1,2049
50976946,216.027,216.027,0.0000,0.0694,0.0000,-0.0005,0.000,32.41,45.0,1,2049
50977846,216.027,216.027,0.0000,0.0526,0.0000,-0.0005,0.000,32.41,45.0,1,2049
50978847,216.027,216.027,0.0000,-0.0206,0.0000,-0.0005,0.000,32.41,45.0,1,2049
50980175,216.027,216.027,0.0000,0.0587,0.0000,-0.0005,0.000,32.41,45.0,1,2049
50980922,216.027,216.027,0.0000,-0.0526,0.0000,-0.0005,0.000,32.41,45.0,1,2049
50981864,216.027,216.027,0.0000,0.0206,0.0000,-0.0005,0.000,32.41,45.0,1,2049
50983186,216.027,216.027,0.0000,0.0160,0.0000,-0.0005,0.000,32.41,45.0,1,2049
50983569,216.027,216.027,0.0000,-0.0053,0.0000,-0.0005,0.000,32.41,45.0,1,2049
50984888,216.027,216.027,0.0000,-0.0221,0.0000,-0.0005,0.000,32.41,45.0,1,2049
50985868,216.027,216.027,0.0000,-0.0237,0.0000,-0.0005,0.000,32.41,45.0,1,2049
50987187,216.027,216.027,0.0000,0.0526,0.0000,-0.0005,0.000,32.41,45.0,1,2049
50987871,216.027,216.027,0.0000,0.0130,0.0000,-0.0005,0.000,32.41,45.0,1,2049
50988861,216.027,216.027,0.0000,-0.1076,0.0000,-0.0005,0.000,32.41,45.0,1,2049
50990190,216.027,216.027,0.0000,-0.0160,0.0000,-0.0005,0.000,32.41,45.0,1,2049
50990866,216.027,216.027,0.0000,-0.0954,0.0000,-0.0005,0.000,32.41,45.0,1,2049
50991864,216.027,216.027,0.0000,-0.0038,0.0000,-0.0005,0.000,32.41,45.0,1,2049
50992863,216.027,216.027,0.0000,0.1427,0.0000,-0.0005,0.000,32.41,45.0,1,2049
50993863,216.027,216.027,0.0000,0.0206,0.0000,-0.0005,0.000,32.41,45.0,1,2049
50995190,216.027,216.027,0.0000,-0.0710,0.0000,-0.0005,0.000,32.41,45.0,1,2049
50995857,216.027,216.027,0.0000,-0.0221,0.0000,-0.0005,0.000,32.41,45.0,1,2049
50996863,216.027,216.027,0.0000,-0.0984,0.0000,-0.0005,0.000,32.41,45.0,1,2049
50997864,216.027,216.027,0.0000,0.0023,0.0000,-0.0005,0.000,32.41,45.0,1,2049
50998861,216.027,216.027,0.0000,-0.0633,0.0000,-0.0005,0.000,32.41,45.0,1,2049
51000188,216.027,216.027,0.0000,-0.0816,0.0000,-0.0005,0.000,32.41,45.0,1,2049
51000865,216.027,216.027,0.0000,0.0923,0.0000,-0.0005,0.000,32.41,45.0,1,2049
51001865,216.027,216.027,0.0000,0.0526,0.0000,-0.0005,0.000,32.41,45.0,1,2049
51003173,216.027,216.027,0.0000,-0.0679,0.0000,-0.0005,0.000,32.41,45.0,1,2049
51003546,216.027,216.027,0.0000,-0.1442,0.0000,-0.0005,0.000,32.41,45.0,1,2049
51004864,216.027,216.027,0.0000,0.0847,0.0000,-0.0005,0.000,32.41,45.0,1,2049
51005569,216.027,216.027,0.0000,0.0404,0.0000,-0.0005,0.000,32.41,45.0,1,2049
51006888,216.027,216.027,0.0000,0.1244,0.0000,-0.0005,0.000,32.41,45.0,1,2049
51007865,216.027,216.027,0.0000,0.0114,0.0000,-0.0005,0.000,32.41,45.0,1,2049
51008858,216.027,216.027,0.0000,-0.0114,0.0000,-0.0005,0.000,32.41,45.0,1,2049
51010175,216.027,216.027,0.0000,-0.0282,0.0000,-0.0005,0.000,32.41,45.0,1,2049
51010843,216.027,216.027,0.0000,0.1366,0.0000,-0.0005,0.000,32.41,45.0,1,2049
51011896,216.027,216.027,0.0000,0.0908,0.0000,-0.0005,0.000,32.41,45.0,1,2049
51012847,216.027,216.027,0.0000,-0.0267,0.0000,-0.0005,0.000,32.41,45.0,1,2049
51013850,216.027,216.027,0.0000,-0.0343,0.0000,-0.0005,0.000,32.41,45.0,1,2049
51015172,216.027,216.027,0.0000,-0.0877,0.0000,-0.0005,0.000,32.41,45.0,1,2049
51015724,216.027,216.027,0.0000,0.0542,0.0000,-0.0005,0.000,32.41,45.0,1,2049
51016869,216.027,216.027,0.0000,0.0313,0.0000,-0.0005,0.000,32.41,45.0,1,2049
51017847,216.027,216.027,0.0000,-0.0786,0.0000,-0.0005,0.000,32.41,45.0,1,2049
51018851,216.027,216.027,0.0000,-0.1259,0.0000,-0.0005,0.000,32.41,45.0,1,2049
51020171,216.027,216.027,0.0000,0.0832,0.0000,-0.0005,0.000,32.41,45.0,1,2049
51020725,216.027,216.027,0.0000,-0.0557,0.0000,-0.0005,0.000,32.41,45.0,1,2049
51021870,216.027,216.027,0.0000,-0.0237,0.0000,-0.0005,0.000,32.41,45.0,1,2049
51023159,216.027,216.049,0.0000,0.0908,0.0000,-0.0005,0.000,32.41,45.0,1,2049
51023849,216.049,216.027,0.0000,-0.1060,0.0000,-0.0005,0.000,32.41,45.0,1,2049
51025173,216.027,216.027,0.0000,0.0877,0.0000,-0.0005,0.000,32.41,45.0,1,2049
51025727,216.027,216.027,0.0000,-0.0389,0.0000,-0.0005,0.000,32.41,45.0,1,2049
51027281,216.027,216.027,0.0000,0.0740,0.0000,-0.0005,0.000,32.41,45.0,1,2049
51027845,216.027,216.027,0.0000,0.1183,0.0000,-0.0005,0.000,32.41,45.0,1,2049
51028846,216.027,216.027,0.0000,-0.0359,0.0000,-0.0005,0.000,32.41,45.0,1,2049
51030165,216.027,216.027,0.0000,0.0908,0.0000,-0.0005,0.000,32.38,45.0,1,2049
51030846,216.027,216.027,0.0000,-0.0648,0.0000,-0.0005,0.000,32.38,45.0,1,2049
51031920,216.027,216.027,0.0000,0.0664,0.0000,-0.0005,0.000,32.38,45.0,1,2049
51032865,216.027,216.027,0.0000,0.0069,0.0000,-0.0005,0.000,32.38,45.0,1,2049
51033860,216.027,216.027,0.0000,0.1152,0.0000,-0.0005,0.000,32.38,45.0,1,2049
51035188,216.027,216.027,0.0000,-0.0023,0.0000,-0.0005,0.000,32.38,45.0,1,2049
51035868,216.027,216.027,0.0000,0.0114,0.0000,-0.0005,0.000,32.38,45.0,1,2049
51036864,216.027,216.027,0.0000,0.0023,0.0000,-0.0005,0.000,32.38,45.0,1,2049
51037864,216.027,216.027,0.0000,0.0008,0.0000,-0.0005,0.000,32.38,45.0,1,2049
51038863,216.027,216.027,0.0000,-0.0343,0.0000,-0.0005,0.000,32.38,45.0,1,2049
51040187,216.027,216.027,0.0000,-0.0404,0.0000,-0.0005,0.000,32.38,45.0,1,2049
51040868,216.027,216.027,0.0000,0.0267,0.0000,-0.0005,0.000,32.38,45.0,1,2049
51041861,216.027,216.027,0.0000,-0.0313,0.0000,-0.0005,0.000,32.38,45.0,1,2049
51043183,216.027,216.027,0.0000,-0.0481,0.0000,-0.0005,0.000,32.38,45.0,1,2049
51043568,216.027,216.027,0.0000,-0.0175,0.0000,-0.0005,0.000,32.38,45.0,1,2049
51044884,216.027,216.027,0.0000,0.0664,0.0000,-0.0005,0.000,32.38,45.0,1,2049
51045866,216.027,216.027,0.0000,-0.1228,0.0000,-0.0005,0.000,32.38,45.0,1,2049
51047186,216.027,216.027,0.0000,0.0465,0.0000,-0.0005,0.000,32.38,45.0,1,2049
51047868,216.027,216.027,0.0000,-0.1030,0.0000,-0.0005,0.000,32.38,45.0,1,2049
51048861,216.027,216.027,0.0000,0.0801,0.0000,-0.0005,0.000,32.38,45.0,1,2049
51050188,216.027,216.027,0.0000,0.0252,0.0000,-0.0005,0.000,32.38,45.0,1,2049
51050866,216.027,216.027,0.0000,-0.0221,0.0000,-0.0005,0.000,32.38,45.0,1,2049
51051862,216.027,216.027,0.0000,-0.1534,0.0000,-0.0005,0.000,32.38,45.0,1,2049
51052859,216.027,216.027,0.0000,0.2342,0.0000,-0.0005,0.000,32.38,45.0,1,2049
51053845,216.027,216.027,0.0000,-0.0969,0.0000,-0.0005,0.000,32.38,45.0,1,2049
51055162,216.027,216.027,0.0000,0.0923,0.0000,-0.0005,0.000,32.41,45.0,1,2049
51055845,216.027,216.027,0.0000,0.0496,0.0000,-0.0005,0.000,32.41,45.0,1,2049
51056861,216.027,216.027,0.0000,0.1060,0.0000,-0.0005,0.000,32.41,45.0,1,2049
51057861,216.027,216.049,0.0000,0.0984,0.0000,-0.0005,0.000,32.41,45.0,1,2049
51058859,216.049,216.027,0.0000,0.0252,0.0000,-0.0005,0.000,32.41,45.0,1,2049
51060189,216.027,216.027,0.0000,-0.1213,0.0000,-0.0005,0.000,32.41,45.0,1,2049
51060847,216.027,216.027,0.0000,0.0938,0.0000,-0.0005,0.000,32.41,45.0,1,2049
51061845,216.027,216.027,0.0000,-0.0526,0.0000,-0.0005,0.000,32.41,45.0,1,2049
51063214,216.027,216.027,0.0000,0.0816,0.0000,-0.0005,0.000,32.41,45.0,1,2049
51063844,216.027,216.027,0.0000,0.0694,0.0000,-0.0005,0.000,32.41,45.0,1,2049
51065176,216.027,216.027,0.0000,0.0008,0.0000,-0.0005,0.000,32.41,45.0,1,2049
51065843,216.027,216.027,0.0000,-0.0710,0.0000,-0.0005,0.000,32.41,45.0,1,2049
51067206,216.027,216.027,0.0000,-0.0664,0.0000,-0.0005,0.000,32.41,45.0,1,2049
51067844,216.027,216.027,0.0000,0.0969,0.0000,-0.0005,0.000,32.41,45.0,1,2049
51068850,216.027,216.027,0.0000,-0.1396,0.0000,-0.0005,0.000,32.41,45.0,1,2049
51070161,216.027,216.027,0.0000,0.1244,0.0000,-0.0005,0.000,32.41,45.0,1,2049
51070765,216.027,216.027,0.0000,-0.0130,0.0000,-0.0005,0.000,32.41,45.0,1,2049
51071866,216.027,216.027,0.0000,0.0557,0.0000,-0.0005,0.000,32.41,45.0,1,2049
51072845,216.027,216.027,0.0000,0.0069,0.0000,-0.0005,0.000,32.41,45.0,1,2049
51073850,216.027,216.027,0.0000,-0.0420,0.0000,-0.0005,0.000,32.41,45.0,1,2049
51075174,216.027,216.027,0.0000,0.0252,0.0000,-0.0005,0.000,32.41,45.0,1,2049
51075727,216.027,216.027,0.0000,-0.0053,0.0000,-0.0005,0.000,32.41,45.0,1,2049
51076946,216.027,216.027,0.0000,0.0099,0.0000,-0.0005,0.000,32.41,45.0,1,2049
51077844,216.027,216.027,0.0000,-0.0160,0.0000,-0.0005,0.000,32.41,45.0,1,2049
51078843,216.027,216.027,0.0000,-0.0282,0.0000,-0.0005,0.000,32.41,45.0,1,2049
51080173,216.027,216.027,0.0000,-0.0526,0.0000,-0.0005,0.000,32.41,45.0,1,2049
51080918,216.027,216.027,0.0000,-0.0969,0.0000,-0.0005,0.000,32.41,45.0,1,2049
51081862,216.027,216.027,0.0000,-0.0221,0.0000,-0.0005,0.000,32.41,45.0,1,2049
51083184,216.027,216.027,0.0000,0.0145,0.0000,-0.0005,0.000,32.41,45.0,1,2049
51083563,216.027,216.027,0.0000,0.0038,0.0000,-0.0005,0.000,32.41,45.0,1,2049
51084889,216.027,216.027,0.0000,-0.0832,0.0000,-0.0005,0.000,32.41,45.0,1,2049
51085865,216.027,216.027,0.0000,0.0999,0.0000,-0.0005,0.000,32.41,45.0,1,2049
51087190,216.027,216.027,0.0000,-0.0893,0.0000,-0.0005,0.000,32.41,45.0,1,2049
51087867,216.027,216.027,0.0000,-0.0175,0.0000,-0.0005,0.000,32.41,45.0,1,2049
51088861,216.027,216.027,0.0000,-0.1076,0.0000,-0.0005,0.000,32.41,45.0,1,2049
51090187,216.027,216.027,0.0000,0.0786,0.0000,-0.0005,0.000,32.41,45.0,1,2049
51090867,216.027,216.027,0.0000,0.0084,0.0000,-0.0005,0.000,32.41,45.0,1,2049
51091866,216.027,216.027,0.0000,0.0481,0.0000,-0.0005,0.000,32.41,45.0,1,2049
51092863,216.027,216.027,0.0000,0.0511,0.0000,-0.0005,0.000,32.41,45.0,1,2049
51093861,216.027,216.027,0.0000,-0.0923,0.0000,-0.0005,0.000,32.41,45.0,1,2049
51095195,216.027,216.027,0.0000,0.1122,0.0000,-0.0005,0.000,32.41,45.0,1,2049
51095870,216.027,216.027,0.0000,0.0053,0.0000,-0.0005,0.000,32.41,45.0,1,2049
51096862,216.027,216.027,0.0000,-0.0771,0.0000,-0.0005,0.000,32.41,45.0,1,2049
51097863,216.027,216.027,0.0000,-0.0893,0.0000,-0.0005,0.000,32.41,45.0,1,2049
51098863,216.027,216.027,0.0000,-0.0084,0.0000,-0.0005,0.000,32.41,45.0,1,2049
51100189,216.027,216.027,0.0000,0.0511,0.0000,-0.0005,0.000,32.41,45.0,1,2049
51100867,216.027,216.027,0.0000,0.0252,0.0000,-0.0005,0.000,32.41,45.0,1,2049
51101859,216.027,216.027,0.0000,-0.0694,0.0000,-0.0005,0.000,32.41,45.0,1,2049
51103156,216.027,216.027,0.0000,-0.0328,0.0000,-0.0005,0.000,32.41,45.0,1,2049
51103840,216.027,216.027,0.0000,0.0954,0.0000,-0.0005,0.000,32.41,45.0,1,2049
51105158,216.027,216.027,0.0000,0.1167,0.0000,-0.0005,0.000,32.41,45.0,1,2049
51105849,216.027,216.027,0.0000,-0.1518,0.0000,-0.0005,0.000,32.41,45.0,1,2049
51107187,216.027,216.027,0.0000,0.0679,0.0000,-0.0005,0.000,32.41,45.0,1,2049
51107867,216.027,216.027,0.0000,-0.0084,0.0000,-0.0005,0.000,32.41,45.0,1,2049
51108860,216.027,216.027,0.0000,-0.0496,0.0000,-0.0005,0.000,32.41,45.0,1,2049
51110185,216.027,216.027,0.0000,-0.0282,0.0000,-0.0005,0.000,32.41,45.0,1,2049
51110873,216.027,216.027,0.0000,0.0481,0.0000,-0.0005,0.000,32.41,45.0,1,2049
51111845,216.027,216.027,0.0000,0.0008,0.0000,-0.0005,0.000,32.41,45.0,1,2049
51112843,216.027,216.027,0.0000,0.0557,0.0000,-0.0005,0.000,32.41,45.0,1,2049
51113894,216.027,216.027,0.0000,-0.0984,0.0000,-0.0005,0.000,32.41,45.0,1,2049
51115176,216.027,216.027,0.0000,0.1137,0.0000,-0.0005,0.000,32.41,45.0,1,2049
51115847,216.027,216.027,0.0000,-0.0145,0.0000,-0.0005,0.000,32.41,45.0,1,2049
51116843,216.027,216.027,0.0000,0.0221,0.0000,-0.0005,0.000,32.41,45.0,1,2049
51117883,216.027,216.027,0.0000,0.1244,0.0000,-0.0005,0.000,32.41,45.0,1,2049
51118845,216.027,216.027,0.0000,-0.0938,0.0000,-0.0005,0.000,32.41,45.0,1,2049
51120177,216.027,216.027,0.0000,-0.1579,0.0000,-0.0005,0.000,32.41,45.0,1,2049
51120842,216.027,216.027,0.0000,0.0374,0.0000,-0.0005,0.000,32.41,45.0,1,2049
51121886,216.027,216.027,0.0000,0.0435,0.0000,-0.0005,0.000,32.41,45.0,1,2049
51123162,216.027,216.027,0.0000,0.0999,0.0000,-0.0005,0.000,32.41,45.0,1,2049
51123552,216.027,216.027,0.0000,-0.0633,0.0000,-0.0005,0.000,32.41,45.0,1,2049
51124869,216.027,216.027,0.0000,0.0740,0.0000,-0.0005,0.000,32.41,45.0,1,2049
51125923,216.027,216.027,0.0000,0.0221,0.0000,-0.0005,0.000,32.41,45.0,1,2049
51127240,216.027,216.027,0.0000,0.0435,0.0000,-0.0005,0.000,32.41,45.0,1,2049
51127840,216.027,216.027,0.0000,-0.0160,0.0000,-0.0005,0.000,32.41,45.0,1,2049
51128842,216.027,216.027,0.0000,-0.0008,0.0000,-0.0005,0.000,32.41,45.0,1,2049
51130158,216.027,216.027,0.0000,-0.0206,0.0000,-0.0005,0.000,32.41,45.0,1,2049
51130918,216.027,216.027,0.0000,-0.0145,0.0000,-0.0005,0.000,32.41,45.0,1,2049
51131864,216.027,216.027,0.0000,0.1839,0.0000,-0.0005,0.000,32.41,45.0,1,2049
51132866,216.027,216.027,0.0000,-0.0481,0.0000,-0.0005,0.000,32.41,45.0,1,2049
51133864,216.027,216.027,0.0000,-0.0221,0.0000,-0.0005,0.000,32.41,45.0,1,2049
51135186,216.027,216.027,0.0000,-0.0771,0.0000,-0.0005,0.000,32.41,45.0,1,2049
51135866,216.027,216.027,0.0000,0.0450,0.0000,-0.0005,0.000,32.41,45.0,1,2049
51136861,216.027,216.027,0.0000,-0.1183,0.0000,-0.0005,0.000,32.41,45.0,1,2049
51137862,216.027,216.027,0.0000,0.0572,0.0000,-0.0005,0.000,32.41,45.0,1,2049
51138866,216.027,216.027,0.0000,-0.0450,0.0000,-0.0005,0.000,32.41,45.0,1,2049
51140194,216.027,216.027,0.0000,0.0664,0.0000,-0.0005,0.000,32.41,45.0,1,2049
51140870,216.027,216.027,0.0000,0.0160,0.0000,-0.0005,0.000,32.41,45.0,1,2049
51141863,216.027,216.027,0.0000,-0.1259,0.0000,-0.0005,0.000,32.41,45.0,1,2049
51143187,216.027,216.027,0.0000,0.0282,0.0000,-0.0005,0.000,32.41,45.0,1,2049
51143557,216.027,216.027,0.0000,0.1152,0.0000,-0.0005,0.000,32.41,45.0,1,2049
51144888,216.027,216.027,0.0000,-0.0145,0.0000,-0.0005,0.000,32.41,45.0,1,2049
51145868,216.027,216.027,0.0000,0.0313,0.0000,-0.0005,0.000,32.41,45.0,1,2049
51147191,216.027,216.027,0.0000,-0.0237,0.0000,-0.0005,0.000,32.41,45.0,1,2049
51147866,216.027,216.027,0.0000,-0.0343,0.0000,-0.0005,0.000,32.41,45.0,1,2049
51148861,216.027,216.027,0.0000,-0.0633,0.0000,-0.0005,0.000,32.41,45.0,1,2049
51150188,216.027,216.027,0.0000,0.0710,0.0000,-0.0005,0.000,32.41,45.0,1,2049
51150867,216.027,216.027,0.0000,-0.0191,0.0000,-0.0005,0.000,32.41,45.0,1,2049
51151866,216.027,216.027,0.0000,0.0221,0.0000,-0.0005,0.000,32.41,45.0,1,2049
51152839,216.027,216.027,0.0000,-0.0923,0.0000,-0.0005,0.000,32.41,45.0,1,2049
51153842,216.027,216.027,0.0000,0.0374,0.0000,-0.0005,0.000,32.41,45.0,1,2049
51155176,216.027,216.027,0.0000,0.0023,0.0000,-0.0005,0.000,32.41,45.0,1,2049
51155864,216.027,216.027,0.0000,-0.0664,0.0000,-0.0005,0.000,32.41,45.0,1,2049
51156861,216.027,216.027,0.0000,0.0130,0.0000,-0.0005,0.000,32.41,45.0,1,2049
51157864,216.027,216.027,0.0000,0.0328,0.0000,-0.0005,0.000,32.41,45.0,1,2049
51158860,216.027,216.027,0.0000,-0.0191,0.0000,-0.0005,0.000,32.41,45.0,1,2049
51160187,216.027,216.027,0.0000,-0.0221,0.0000,-0.0005,0.000,32.41,45.0,1,2049
51160844,216.027,216.027,0.0000,-0.0298,0.0000,-0.0005,0.000,32.41,45.0,1,2049
51161907,216.027,216.027,0.0000,-0.0008,0.0000,-0.0005,0.000,32.41,45.0,1,2049
51163161,216.027,216.027,0.0000,-0.0648,0.0000,-0.0005,0.000,32.41,45.0,1,2049
51163551,216.027,216.027,0.0000,0.1015,0.0000,-0.0005,0.000,32.41,45.0,1,2049
51164863,216.027,216.027,0.0000,-0.0618,0.0000,-0.0005,0.000,32.41,45.0,1,2049
51165881,216.027,216.027,0.0000,-0.0343,0.0000,-0.0005,0.000,32.41,45.0,1,2049
51167171,216.027,216.027,0.0000,-0.0191,0.0000,-0.0005,0.000,32.41,45.0,1,2049
51167844,216.027,216.027,0.0000,-0.0648,0.0000,-0.0005,0.000,32.41,45.0,1,2049
51168843,216.027,216.027,0.0000,0.0481,0.0000,-0.0005,0.000,32.41,45.0,1,2049
51170204,216.027,216.027,0.0000,-0.0175,0.0000,-0.0005,0.000,32.41,45.0,1,2049
51170842,216.027,216.027,0.0000,0.1152,0.0000,-0.0005,0.000,32.41,45.0,1,2049
51171846,216.027,216.027,0.0000,-0.0298,0.0000,-0.0005,0.000,32.41,45.0,1,2049
51172841,216.027,216.027,0.0000,-0.0084,0.0000,-0.0005,0.000,32.41,45.0,1,2049
51173884,216.027,216.027,0.0000,-0.0908,0.0000,-0.0005,0.000,32.41,45.0,1,2049
51175169,216.027,216.027,0.0000,0.0648,0.0000,-0.0005,0.000,32.41,45.0,1,2049
51175920,216.027,216.027,0.0000,0.0084,0.0000,-0.0005,0.000,32.41,45.0,1,2049
51176921,216.027,216.027,0.0000,-0.1518,0.0000,-0.0005,0.000,32.41,45.0,1,2049
51177841,216.027,216.027,0.0000,-0.0084,0.0000,-0.0005,0.000,32.41,45.0,1,2049
51178840,216.027,216.049,0.0000,0.0877,0.0000,-0.0005,0.000,32.41,45.0,1,2049
51180231,216.049,216.027,0.0000,-0.0755,0.0000,-0.0005,0.000,32.41,45.0,1,2049
51180867,216.027,216.027,0.0000,0.0450,0.0000,-0.0005,0.000,32.41,45.0,1,2049
51181865,216.027,216.027,0.0000,0.0023,0.0000,-0.0005,0.000,32.41,45.0,1,2049
51183187,216.027,216.027,0.0000,-0.0572,0.0000,-0.0005,0.000,32.41,45.0,1,2049
51183569,216.027,216.027,0.0000,0.0008,0.0000,-0.0005,0.000,32.41,45.0,1,2049
51184887,216.027,216.027,0.0000,-0.0114,0.0000,-0.0005,0.000,32.41,45.0,1,2049
51185867,216.027,216.027,0.0000,-0.0465,0.0000,-0.0005,0.000,32.41,45.0,1,2049
51187187,216.027,216.027,0.0000,0.0160,0.0000,-0.0005,0.000,32.41,45.0,1,2049
51187891,216.027,216.027,0.0000,0.0023,0.0000,-0.0005,0.000,32.41,45.0,1,2049
51188862,216.027,216.027,0.0000,0.0572,0.0000,-0.0005,0.000,32.41,45.0,1,2049
51190185,216.027,216.027,0.0000,-0.0679,0.0000,-0.0005,0.000,32.41,45.0,1,2049
51190893,216.027,216.027,0.0000,-0.0648,0.0000,-0.0005,0.000,32.41,45.0,1,2049
51191866,216.027,216.027,0.0000,0.1076,0.0000,-0.0005,0.000,32.41,45.0,1,2049
51192861,216.027,216.027,0.0000,0.0832,0.0000,-0.0005,0.000,32.41,45.0,1,2049
51193863,216.027,216.027,0.0000,-0.0526,0.0000,-0.0005,0.000,32.41,45.0,1,2049
51195188,216.027,216.027,0.0000,-0.0374,0.0000,-0.0005,0.000,32.41,45.0,1,2049
51195892,216.027,216.027,0.0000,-0.0572,0.0000,-0.0005,0.000,32.41,45.0,1,2049
51196864,216.027,216.027,0.0000,0.0450,0.0000,-0.0005,0.000,32.41,45.0,1,2049
51197863,216.027,216.027,0.0000,0.1366,0.0000,-0.0005,0.000,32.41,45.0,1,2049
51198865,216.027,216.027,0.0000,-0.1289,0.0000,-0.0005,0.000,32.41,45.0,1,2049
51200189,216.027,216.027,0.0000,0.0175,0.0000,-0.0005,0.000,32.41,45.0,1,2049
51200892,216.027,216.027,0.0000,-0.0099,0.0000,-0.0005,0.000,32.41,45.0,1,2049
51201859,216.027,216.027,0.0000,0.0282,0.0000,-0.0005,0.000,32.41,45.0,1,2049
51203157,216.027,216.027,0.0000,-0.0298,0.0000,-0.0005,0.000,32.41,45.0,1,2049
51203544,216.027,216.027,0.0000,-0.0435,0.0000,-0.0005,0.000,32.41,45.0,1,2049
51204871,216.027,216.027,0.0000,0.0435,0.0000,-0.0005,0.000,32.41,45.0,1,2049
51205862,216.027,216.027,0.0000,0.1350,0.0000,-0.0005,0.000,32.41,45.0,1,2049
51207182,216.027,216.027,0.0000,0.0267,0.0000,-0.0005,0.000,32.41,45.0,1,2049
51207863,216.027,216.027,0.0000,0.0801,0.0000,-0.0005,0.000,32.41,45.0,1,2049
51208861,216.027,216.027,0.0000,-0.0710,0.0000,-0.0005,0.000,32.41,45.0,1,2049
51210194,216.027,216.027,0.0000,-0.0420,0.0000,-0.0005,0.000,32.41,45.0,1,2049
51210845,216.027,216.027,0.0000,-0.0038,0.0000,-0.0005,0.000,32.41,45.0,1,2049
51211897,216.027,216.027,0.0000,0.0084,0.0000,-0.0005,0.000,32.41,45.0,1,2049
51212843,216.027,216.027,0.0000,-0.0816,0.0000,-0.0005,0.000,32.41,45.0,1,2049
51213846,216.027,216.027,0.0000,0.0038,0.0000,-0.0005,0.000,32.41,45.0,1,2049
51215166,216.027,216.027,0.0000,-0.0862,0.0000,-0.0005,0.000,32.41,45.0,1,2049
51215757,216.027,216.027,0.0000,0.0786,0.0000,-0.0005,0.000,32.41,45.0,1,2049
51216868,216.027,216.027,0.0000,0.0191,0.0000,-0.0005,0.000,32.41,45.0,1,2049
51217841,216.027,216.027,0.0000,0.0206,0.0000,-0.0005,0.000,32.41,45.0,1,2049
51218846,216.027,216.027,0.0000,-0.0191,0.0000,-0.0005,0.000,32.41,45.0,1,2049
51220168,216.027,216.027,0.0000,0.0557,0.0000,-0.0005,0.000,32.41,45.0,1,2049
51220749,216.027,216.027,0.0000,0.0603,0.0000,-0.0005,0.000,32.41,45.0,1,2049
51221872,216.027,216.027,0.0000,-0.0084,0.0000,-0.0005,0.000,32.41,45.0,1,2049
51223160,216.027,216.027,0.0000,0.0008,0.0000,-0.0005,0.000,32.41,45.0,1,2049
51223552,216.027,216.027,0.0000,-0.0755,0.0000,-0.0005,0.000,32.41,45.0,1,2049
51224867,216.027,216.027,0.0000,-0.0557,0.0000,-0.0005,0.000,32.41,45.0,1,2049
51225922,216.027,216.049,0.0000,0.1320,0.0000,-0.0005,0.000,32.41,45.0,1,2049
51227235,216.049,216.027,0.0000,-0.0679,0.0000,-0.0005,0.000,32.41,45.0,1,2049
51227841,216.027,216.027,0.0000,-0.0908,0.0000,-0.0005,0.000,32.41,45.0,1,2049
51228838,216.027,216.027,0.0000,-0.0893,0.0000,-0.0005,0.000,32.41,45.0,1,2049
51230153,216.027,216.027,0.0000,-0.0648,0.0000,-0.0005,0.000,32.41,45.0,1,2049
51230916,216.027,216.027,0.0000,-0.1030,0.0000,-0.0005,0.000,32.41,45.0,1,2049
51231863,216.027,216.027,0.0000,-0.0191,0.0000,-0.0005,0.000,32.41,45.0,1,2049
51232861,216.027,216.027,0.0000,0.0786,0.0000,-0.0005,0.000,32.41,45.0,1,2049
51233866,216.027,216.027,0.0000,0.0252,0.0000,-0.0005,0.000,32.41,45.0,1,2049
51235184,216.027,216.027,0.0000,-0.0938,0.0000,-0.0005,0.000,32.41,45.0,1,2049
51235861,216.027,216.027,0.0000,-0.0450,0.0000,-0.0005,0.000,32.41,45.0,1,2049
51236863,216.027,216.027,0.0000,0.0237,0.0000,-0.0005,0.000,32.41,45.0,1,2049
51237864,216.027,216.027,0.0000,-0.0572,0.0000,-0.0005,0.000,32.41,45.0,1,2049
51238861,216.027,216.027,0.0000,0.0664,0.0000,-0.0005,0.000,32.41,45.0,1,2049
51240185,216.027,216.049,0.0000,0.0481,0.0000,-0.0005,0.000,32.41,45.0,1,2049
51240891,216.049,216.027,0.0000,0.0038,0.0000,-0.0005,0.000,32.41,45.0,1,2049
51241862,216.027,216.027,0.0000,-0.0923,0.0000,-0.0005,0.000,32.41,45.0,1,2049
51243185,216.027,216.027,0.0000,0.0847,0.0000,-0.0005,0.000,32.41,45.0,1,2049
51243569,216.027,216.027,0.0000,0.2266,0.0000,-0.0005,0.000,32.41,45.0,1,2049
51244888,216.027,216.027,0.0000,-0.0053,0.0000,-0.0005,0.000,32.41,45.0,1,2049
51245889,216.027,216.027,0.0000,-0.0084,0.0000,-0.0005,0.000,32.41,45.0,1,2049
51247189,216.027,216.027,0.0000,0.0038,0.0000,-0.0005,0.000,32.41,45.0,1,2049
51247888,216.027,216.027,0.0000,0.0664,0.0000,-0.0005,0.000,32.41,45.0,1,2049
51248863,216.027,216.027,0.0000,-0.0496,0.0000,-0.0005,0.000,32.41,45.0,1,2049
51250184,216.027,216.027,0.0000,0.1213,0.0000,-0.0005,0.000,32.41,45.0,1,2049
51250891,216.027,216.027,0.0000,-0.0298,0.0000,-0.0005,0.000,32.41,45.0,1,2049
51251869,216.027,216.027,0.0000,0.0008,0.0000,-0.0005,0.000,32.41,45.0,1,2049
51252838,216.027,216.027,0.0000,0.0252,0.0000,-0.0005,0.000,32.41,45.0,1,2049
51253839,216.027,216.027,0.0000,-0.1274,0.0000,-0.0005,0.000,32.41,45.0,1,2049
51255166,216.027,216.027,0.0000,-0.1030,0.0000,-0.0005,0.000,32.41,45.0,1,2049
51255866,216.027,216.027,0.0000,0.0008,0.0000,-0.0005,0.000,32.41,45.0,1,2049
51256862,216.027,216.027,0.0000,-0.1122,0.0000,-0.0005,0.000,32.41,45.0,1,2049
51257864,216.027,216.027,0.0000,0.0374,0.0000,-0.0005,0.000,32.41,45.0,1,2049
51258859,216.027,216.027,0.0000,0.0633,0.0000,-0.0005,0.000,32.41,45.0,1,2049
51260185,216.027,216.027,0.0000,-0.0053,0.0000,-0.0005,0.000,32.41,45.0,1,2049
51260843,216.027,216.027,0.0000,0.0130,0.0000,-0.0005,0.000,32.41,45.0,1,2049
51261905,216.027,216.027,0.0000,-0.0435,0.0000,-0.0005,0.000,32.41,45.0,1,2049
51263161,216.027,216.027,0.0000,0.1244,0.0000,-0.0005,0.000,32.41,45.0,1,2049
51263551,216.027,216.027,0.0000,0.0587,0.0000,-0.0005,0.000,32.41,45.0,1,2049
51264864,216.027,216.027,0.0000,-0.0175,0.0000,-0.0005,0.000,32.41,45.0,1,2049
51265904,216.027,216.027,0.0000,0.0145,0.0000,-0.0005,0.000,32.41,45.0,1,2049
51267170,216.027,216.027,0.0000,-0.0465,0.0000,-0.0005,0.000,32.41,45.0,1,2049
51267844,216.027,216.027,0.0000,-0.0694,0.0000,-0.0005,0.000,32.41,45.0,1,2049
51268838,216.027,216.027,0.0000,0.0542,0.0000,-0.0005,0.000,32.41,45.0,1,2049
51270201,216.027,216.027,0.0000,-0.0221,0.0000,-0.0005,0.000,32.41,45.0,1,2049
51270843,216.027,216.027,0.0000,-0.0801,0.0000,-0.0005,0.000,32.41,45.0,1,2049
51271846,216.027,216.027,0.0000,0.0603,0.0000,-0.0005,0.000,32.41,45.0,1,2049
51272841,216.027,216.027,0.0000,0.0313,0.0000,-0.0005,0.000,32.41,45.0,1,2049
51273882,216.027,216.027,0.0000,-0.0542,0.0000,-0.0005,0.000,32.41,45.0,1,2049
51275172,216.027,216.027,0.0000,0.0481,0.0000,-0.0005,0.000,32.41,45.0,1,2049
51275919,216.027,216.027,0.0000,-0.0099,0.0000,-0.0005,0.000,32.41,45.0,1,2049
51276919,216.027,216.027,0.0000,0.0648,0.0000,-0.0005,0.000,32.41,45.0,1,2049
51277839,216.027,216.027,0.0000,-0.0420,0.0000,-0.0005,0.000,32.41,45.0,1,2049
51278839,216.027,216.027,0.0000,-0.0877,0.0000,-0.0005,0.000,32.41,45.0,1,2049
51280229,216.027,216.027,0.0000,0.1442,0.0000,-0.0005,0.000,32.41,45.0,1,2049
51280868,216.027,216.027,0.0000,0.0099,0.0000,-0.0005,0.000,32.41,45.0,1,2049
51281863,216.027,216.027,0.0000,-0.1366,0.0000,-0.0005,0.000,32.41,45.0,1,2049
51283188,216.027,216.027,0.0000,0.0771,0.0000,-0.0005,0.000,32.41,45.0,1,2049
51283569,216.027,216.027,0.0000,0.0420,0.0000,-0.0005,0.000,32.41,45.0,1,2049
51284887,216.027,216.027,0.0000,0.0114,0.0000,-0.0005,0.000,32.41,45.0,1,2049
51285889,216.027,216.027,0.0000,-0.1228,0.0000,-0.0005,0.000,32.41,45.0,1,2049
51287196,216.027,216.027,0.0000,0.0374,0.0000,-0.0005,0.000,32.41,45.0,1,2049
51287893,216.027,216.027,0.0000,0.0389,0.0000,-0.0005,0.000,32.41,45.0,1,2049
51288864,216.027,216.027,0.0000,0.0908,0.0000,-0.0005,0.000,32.41,45.0,1,2049
51290181,216.027,216.049,0.0000,0.1259,0.0000,-0.0005,0.000,32.41,45.0,1,2049
51290889,216.049,216.027,0.0000,0.0679,0.0000,-0.0005,0.000,32.41,45.0,1,2049
51291864,216.027,216.027,0.0000,-0.0343,0.0000,-0.0005,0.000,32.41,45.0,1,2049
51292861,216.027,216.027,0.0000,0.0542,0.0000,-0.0005,0.000,32.41,45.0,1,2049
51293864,216.027,216.027,0.0000,0.0389,0.0000,-0.0005,0.000,32.41,45.0,1,2049
51295182,216.027,216.027,0.0000,-0.0984,0.0000,-0.0005,0.000,32.41,45.0,1,2049
51295893,216.027,216.027,0.0000,0.0145,0.0000,-0.0005,0.000,32.41,45.0,1,2049
51296864,216.027,216.027,0.0000,-0.0298,0.0000,-0.0005,0.000,32.41,45.0,1,2049
51297861,216.027,216.027,0.0000,0.0572,0.0000,-0.0005,0.000,32.41,45.0,1,2049
51298863,216.027,216.027,0.0000,0.0572,0.0000,-0.0005,0.000,32.41,45.0,1,2049
51300184,216.027,216.027,0.0000,0.0084,0.0000,-0.0005,0.000,32.41,45.0,1,2049
51300892,216.027,216.027,0.0000,-0.0130,0.0000,-0.0005,0.000,32.41,45.0,1,2049
51301859,216.027,216.027,0.0000,-0.0557,0.0000,-0.0005,0.000,32.41,45.0,1,2049
51303158,216.027,216.027,0.0000,0.0694,0.0000,-0.0005,0.000,32.41,45.0,1,2049
51303544,216.027,216.027,0.0000,0.1488,0.0000,-0.0005,0.000,32.41,45.0,1,2049
51304880,216.027,216.027,0.0000,-0.0633,0.0000,-0.0005,0.000,32.41,45.0,1,2049
51305862,216.027,216.027,0.0000,-0.0206,0.0000,-0.0005,0.000,32.41,45.0,1,2049
51307180,216.027,216.027,0.0000,0.0526,0.0000,-0.0005,0.000,32.41,45.0,1,2049
51307886,216.027,216.027,0.0000,0.0694,0.0000,-0.0005,0.000,32.41,45.0,1,2049
51308859,216.027,216.027,0.0000,0.0786,0.0000,-0.0005,0.000,32.41,45.0,1,2049
51310183,216.027,216.027,0.0000,-0.0954,0.0000,-0.0005,0.000,32.41,45.0,1,2049
51310843,216.027,216.027,0.0000,0.0938,0.0000,-0.0005,0.000,32.41,45.0,1,2049
51311895,216.027,216.027,0.0000,0.0160,0.0000,-0.0005,0.000,32.41,45.0,1,2049
51312844,216.027,216.027,0.0000,0.0267,0.0000,-0.0005,0.000,32.41,45.0,1,2049
51313847,216.027,216.027,0.0000,0.0481,0.0000,-0.0005,0.000,32.41,45.0,1,2049
51315167,216.027,216.027,0.0000,-0.0420,0.0000,-0.0005,0.000,32.41,45.0,1,2049
51315748,216.027,216.027,0.0000,-0.0511,0.0000,-0.0005,0.000,32.41,45.0,1,2049
51316870,216.027,216.027,0.0000,0.0664,0.0000,-0.0005,0.000,32.41,45.0,1,2049
51317839,216.027,216.027,0.0000,0.0053,0.0000,-0.0005,0.000,32.41,45.0,1,2049
51318845,216.027,216.027,0.0000,0.0542,0.0000,-0.0005,0.000,32.41,45.0,1,2049
51320167,216.027,216.027,0.0000,-0.1518,0.0000,-0.0005,0.000,32.41,45.0,1,2049
51320748,216.027,216.027,0.0000,-0.0099,0.0000,-0.0005,0.000,32.41,45.0,1,2049
51321872,216.027,216.027,0.0000,-0.0008,0.0000,-0.0005,0.000,32.41,45.0,1,2049
51323159,216.027,216.027,0.0000,-0.0008,0.0000,-0.0005,0.000,32.41,45.0,1,2049
51323552,216.027,216.027,0.0000,-0.0114,0.0000,-0.0005,0.000,32.41,45.0,1,2049
51324867,216.027,216.027,0.0000,-0.0023,0.0000,-0.0005,0.000,32.41,45.0,1,2049
51325920,216.027,216.027,0.0000,-0.0526,0.0000,-0.0005,0.000,32.41,45.0,1,2049
51327235,216.027,216.027,0.0000,-0.0450,0.0000,-0.0005,0.000,32.41,45.0,1,2049
51327842,216.027,216.027,0.0000,-0.0450,0.0000,-0.0005,0.000,32.41,45.0,1,2049
51328840,216.027,216.027,0.0000,-0.0298,0.0000,-0.0005,0.000,32.41,45.0,1,2049
51330151,216.027,216.027,0.0000,0.1015,0.0000,-0.0005,0.000,32.41,45.0,1,2049
51330912,216.027,216.027,0.0000,-0.1244,0.0000,-0.0005,0.000,32.41,45.0,1,2049
51331864,216.027,216.027,0.0000,0.0237,0.0000,-0.0005,0.000,32.41,45.0,1,2049
51332864,216.027,216.027,0.0000,-0.0374,0.0000,-0.0005,0.000,32.41,45.0,1,2049
51333864,216.027,216.027,0.0000,0.0298,0.0000,-0.0005,0.000,32.41,45.0,1,2049
51335186,216.027,216.027,0.0000,-0.0404,0.0000,-0.0005,0.000,32.41,45.0,1,2049
51335857,216.027,216.027,0.0000,-0.0801,0.0000,-0.0005,0.000,32.41,45.0,1,2049
51336864,216.027,216.027,0.0000,-0.0038,0.0000,-0.0005,0.000,32.41,45.0,1,2049
51337862,216.027,216.027,0.0000,-0.0740,0.0000,-0.0005,0.000,32.41,45.0,1,2049
51338863,216.027,216.027,0.0000,-0.0572,0.0000,-0.0005,0.000,32.41,45.0,1,2049
51340187,216.027,216.027,0.0000,-0.1137,0.0000,-0.0005,0.000,32.41,45.0,1,2049
51340894,216.027,216.027,0.0000,0.0221,0.0000,-0.0005,0.000,32.41,45.0,1,2049
51341865,216.027,216.027,0.0000,-0.0069,0.0000,-0.0005,0.000,32.41,45.0,1,2049
51343184,216.027,216.027,0.0000,0.0252,0.0000,-0.0005,0.000,32.41,45.0,1,2049
51343569,216.027,216.027,0.0000,-0.0908,0.0000,-0.0005,0.000,32.41,45.0,1,2049
51344888,216.027,216.027,0.0000,0.1350,0.0000,-0.0005,0.000,32.41,45.0,1,2049
51345571,216.027,216.027,0.0000,0.0252,0.0000,-0.0005,0.000,32.41,45.0,1,2049
51346890,216.027,216.027,0.0000,-0.0465,0.0000,-0.0005,0.000,32.41,45.0,1,2049
51347572,216.027,216.027,0.0000,0.0465,0.0000,-0.0005,0.000,32.41,45.0,1,2049
51348573,216.027,216.027,0.0000,0.1213,0.0000,-0.0005,0.000,32.41,45.0,1,2049
51349886,216.027,216.027,0.0000,-0.0298,0.0000,-0.0005,0.000,32.41,45.0,1,2049
51350546,216.027,216.027,0.0000,-0.0618,0.0000,-0.0005,0.000,32.41,45.0,1,2049
51351549,216.027,216.027,0.0000,0.0343,0.0000,-0.0005,0.000,32.41,45.0,1,2049
51352570,216.027,216.027,0.0000,0.0420,0.0000,-0.0005,0.000,32.41,45.0,1,2049
51353566,216.027,216.027,0.0000,0.1060,0.0000,-0.0005,0.000,32.41,45.0,1,2049
51354887,216.027,216.027,0.0000,-0.0420,0.0000,-0.0005,0.000,32.41,45.0,1,2049
51355838,216.027,216.027,0.0000,-0.0542,0.0000,-0.0005,0.000,32.41,45.0,1,2049
51356933,216.027,216.027,0.0000,-0.0420,0.0000,-0.0005,0.000,32.41,45.0,1,2049
51357839,216.027,216.027,0.0000,0.1122,0.0000,-0.0005,0.000,32.41,45.0,1,2049
51358845,216.027,216.027,0.0000,-0.1152,0.0000,-0.0005,0.000,32.41,45.0,1,2049
51360168,216.027,216.027,0.0000,-0.0420,0.0000,-0.0005,0.000,32.41,45.0,1,2049
51360751,216.027,216.027,0.0000,0.0496,0.0000,-0.0005,0.000,32.41,45.0,1,2049
51361872,216.027,216.027,0.0000,0.0389,0.0000,-0.0005,0.000,32.41,45.0,1,2049
51363156,216.027,216.027,0.0000,0.0664,0.0000,-0.0005,0.000,32.41,45.0,1,2049
51363552,216.027,216.027,0.0000,0.0710,0.0000,-0.0005,0.000,32.41,45.0,1,2049
51364867,216.027,216.027,0.0000,-0.1106,0.0000,-0.0005,0.000,32.41,45.0,1,2049
51365904,216.027,216.027,0.0000,-0.0282,0.0000,-0.0005,0.000,32.41,45.0,1,2049
51367167,216.027,216.027,0.0000,0.0877,0.0000,-0.0005,0.000,32.41,45.0,1,2049
51367843,216.027,216.027,0.0000,-0.0633,0.0000,-0.0005,0.000,32.41,45.0,1,2049
51368841,216.027,216.027,0.0000,-0.0069,0.0000,-0.0005,0.000,32.41,45.0,1,2049
51370234,216.027,216.027,0.0000,-0.1411,0.0000,-0.0005,0.000,32.41,45.0,1,2049
51370844,216.027,216.027,0.0000,0.0038,0.0000,-0.0005,0.000,32.41,45.0,1,2049
51371848,216.027,216.049,0.0000,0.0694,0.0000,-0.0005,0.000,32.41,45.0,1,2049
51372839,216.049,216.027,0.0000,-0.0404,0.0000,-0.0005,0.000,32.41,45.0,1,2049
51373909,216.027,216.005,0.0000,-0.1503,0.0000,-0.0005,0.000,32.41,45.0,1,2049
51375170,216.005,216.027,0.0000,0.0679,0.0000,-0.0005,0.000,32.41,45.0,1,2049
51375917,216.027,216.027,0.0000,0.0343,0.0000,-0.0005,0.000,32.41,45.0,1,2049
51376918,216.027,216.027,0.0000,0.0008,0.0000,-0.0005,0.000,32.41,45.0,1,2049
51377838,216.027,216.027,0.0000,-0.0114,0.0000,-0.0005,0.000,32.41,45.0,1,2049
51378837,216.027,216.027,0.0000,0.0221,0.0000,-0.0005,0.000,32.41,45.0,1,2049
51380227,216.027,216.027,0.0000,0.0664,0.0000,-0.0005,0.000,32.41,45.0,1,2049
51380865,216.027,216.027,0.0000,0.0069,0.0000,-0.0005,0.000,32.41,45.0,1,2049
51381887,216.027,216.027,0.0000,-0.0145,0.0000,-0.0005,0.000,32.41,45.0,1,2049
51383183,216.027,216.027,0.0000,-0.0633,0.0000,-0.0005,0.000,32.41,45.0,1,2049
51383564,216.027,216.027,0.0000,-0.0282,0.0000,-0.0005,0.000,32.41,45.0,1,2049
51384887,216.027,216.027,0.0000,-0.0786,0.0000,-0.0005,0.000,32.41,45.0,1,2049
51385574,216.027,216.027,0.0000,0.0359,0.0000,-0.0005,0.000,32.41,45.0,1,2049
51386888,216.027,216.027,0.0000,-0.0755,0.0000,-0.0005,0.000,32.41,45.0,1,2049
51387572,216.027,216.027,0.0000,-0.0038,0.0000,-0.0005,0.000,32.41,45.0,1,2049
51388573,216.027,216.027,0.0000,0.0252,0.0000,-0.0005,0.000,32.41,45.0,1,2049
51389883,216.027,216.027,0.0000,-0.0847,0.0000,-0.0005,0.000,32.41,45.0,1,2049
51390572,216.027,216.027,0.0000,0.0008,0.0000,-0.0005,0.000,32.41,45.0,1,2049
51391573,216.027,216.027,0.0000,-0.0633,0.0000,-0.0005,0.000,32.41,45.0,1,2049
51392567,216.027,216.027,0.0000,0.0130,0.0000,-0.0005,0.000,32.41,45.0,1,2049
51393567,216.027,216.027,0.0000,-0.1259,0.0000,-0.0005,0.000,32.41,45.0,1,2049
51394884,216.027,216.027,0.0000,0.0832,0.0000,-0.0005,0.000,32.41,45.0,1,2049
51395572,216.027,216.027,0.0000,-0.0282,0.0000,-0.0005,0.000,32.41,45.0,1,2049
51396566,216.027,216.027,0.0000,-0.0481,0.0000,-0.0005,0.000,32.41,45.0,1,2049
51397546,216.027,216.027,0.0000,0.1289,0.0000,-0.0005,0.000,32.41,45.0,1,2049
51398564,216.027,216.027,0.0000,-0.0328,0.0000,-0.0005,0.000,32.41,45.0,1,2049
51399883,216.027,216.027,0.0000,-0.0496,0.0000,-0.0005,0.000,32.41,45.0,1,2049
51400571,216.027,216.027,0.0000,0.0816,0.0000,-0.0005,0.000,32.41,45.0,1,2049
51401577,216.027,216.027,0.0000,0.0099,0.0000,-0.0005,0.000,32.41,45.0,1,2049
51402855,216.027,216.027,0.0000,0.0801,0.0000,-0.0005,0.000,32.41,45.0,1,2049
51403599,216.027,216.027,0.0000,0.0587,0.0000,-0.0005,0.000,32.41,45.0,1,2049
51404870,216.027,216.027,0.0000,-0.0267,0.0000,-0.0005,0.000,32.41,45.0,1,2049
51405843,216.027,216.027,0.0000,0.0542,0.0000,-0.0005,0.000,32.41,45.0,1,2049
51407162,216.027,216.027,0.0000,0.0755,0.0000,-0.0005,0.000,32.41,45.0,1,2049
51407750,216.027,216.027,0.0000,-0.0542,0.0000,-0.0005,0.000,32.41,45.0,1,2049
51408868,216.027,216.027,0.0000,-0.0969,0.0000,-0.0005,0.000,32.41,45.0,1,2049
51410170,216.027,216.027,0.0000,0.1167,0.0000,-0.0005,0.000,32.41,45.0,1,2049
51410847,216.027,216.027,0.0000,0.1091,0.0000,-0.0005,0.000,32.41,45.0,1,2049
51411838,216.027,216.027,0.0000,0.0832,0.0000,-0.0005,0.000,32.41,45.0,1,2049
51412906,216.027,216.027,0.0000,-0.0618,0.0000,-0.0005,0.000,32.41,45.0,1,2049
51413840,216.027,216.027,0.0000,0.1060,0.0000,-0.0005,0.000,32.41,45.0,1,2049
51415179,216.027,216.027,0.0000,-0.0206,0.0000,-0.0005,0.000,32.41,45.0,1,2049
51415844,216.027,216.027,0.0000,-0.0404,0.0000,-0.0005,0.000,32.41,45.0,1,2049
51416907,216.027,216.027,0.0000,-0.0496,0.0000,-0.0005,0.000,32.41,45.0,1,2049
51417840,216.027,216.027,0.0000,-0.0404,0.0000,-0.0005,0.000,32.41,45.0,1,2049
51418848,216.027,216.027,0.0000,0.0023,0.0000,-0.0005,0.000,32.41,45.0,1,2049
51420173,216.027,216.027,0.0000,0.0023,0.0000,-0.0005,0.000,32.41,45.0,1,2049
51420749,216.027,216.027,0.0000,0.0374,0.0000,-0.0005,0.000,32.41,45.0,1,2049
51421872,216.027,216.027,0.0000,0.0130,0.0000,-0.0005,0.000,32.41,45.0,1,2049
51423156,216.027,216.027,0.0000,-0.0328,0.0000,-0.0005,0.000,32.41,45.0,1,2049
51423552,216.027,216.027,0.0000,0.0343,0.0000,-0.0005,0.000,32.41,45.0,1,2049
51424869,216.027,216.027,0.0000,-0.0160,0.0000,-0.0005,0.000,32.41,45.0,1,2049
51425916,216.027,216.027,0.0000,-0.0603,0.0000,-0.0005,0.000,32.41,45.0,1,2049
51427229,216.027,216.027,0.0000,0.0648,0.0000,-0.0005,0.000,32.41,45.0,1,2049
51427841,216.027,216.027,0.0000,-0.0313,0.0000,-0.0005,0.000,32.41,45.0,1,2049
51428836,216.027,216.027,0.0000,0.0618,0.0000,-0.0005,0.000,32.41,45.0,1,2049
51430159,216.027,216.027,0.0000,-0.0694,0.0000,-0.0005,0.000,32.41,45.0,1,2049
51430910,216.027,216.027,0.0000,0.0389,0.0000,-0.0005,0.000,32.41,45.0,1,2049
51431886,216.027,216.027,0.0000,-0.0740,0.0000,-0.0005,0.000,32.41,45.0,1,2049
51432886,216.027,216.027,0.0000,0.0694,0.0000,-0.0005,0.000,32.41,45.0,1,2049
51433886,216.027,216.027,0.0000,0.1488,0.0000,-0.0005,0.000,32.41,45.0,1,2049
51435204,216.027,216.027,0.0000,0.0145,0.0000,-0.0005,0.000,32.41,45.0,1,2049
51435892,216.027,216.027,0.0000,-0.0145,0.0000,-0.0005,0.000,32.41,45.0,1,2049
51436886,216.027,216.027,0.0000,0.0740,0.0000,-0.0005,0.000,32.41,45.0,1,2049
51437889,216.027,216.027,0.0000,-0.0206,0.0000,-0.0005,0.000,32.41,45.0,1,2049
51438886,216.027,216.027,0.0000,0.0572,0.0000,-0.0005,0.000,32.41,45.0,1,2049
51440203,216.027,216.027,0.0000,0.0618,0.0000,-0.0005,0.000,32.41,45.0,1,2049
51440884,216.027,216.027,0.0000,-0.0664,0.0000,-0.0005,0.000,32.41,45.0,1,2049
51441888,216.027,216.027,0.0000,-0.0069,0.0000,-0.0005,0.000,32.41,45.0,1,2049
51443205,216.027,216.027,0.0000,-0.1534,0.0000,-0.0005,0.000,32.41,45.0,1,2049
51443888,216.027,216.027,0.0000,-0.1320,0.0000,-0.0005,0.000,32.41,45.0,1,2049
51445205,216.027,216.027,0.0000,-0.0206,0.0000,-0.0005,0.000,32.41,45.0,1,2049
51445889,216.027,216.027,0.0000,-0.0862,0.0000,-0.0005,0.000,32.41,45.0,1,2049
51447211,216.027,216.027,0.0000,-0.0465,0.0000,-0.0005,0.000,32.41,45.0,1,2049
51447880,216.027,216.027,0.0000,-0.0893,0.0000,-0.0005,0.000,32.41,45.0,1,2049
51448886,216.027,216.027,0.0000,-0.0511,0.0000,-0.0005,0.000,32.41,45.0,1,2049
51450205,216.027,216.027,0.0000,0.0420,0.0000,-0.0005,0.000,32.44,45.0,1,2049
51450889,216.027,216.027,0.0000,-0.0114,0.0000,-0.0005,0.000,32.44,45.0,1,2049
51451884,216.027,216.027,0.0000,-0.1152,0.0000,-0.0005,0.000,32.44,45.0,1,2049
51452888,216.027,216.027,0.0000,0.0160,0.0000,-0.0005,0.000,32.44,45.0,1,2049
51453858,216.027,216.027,0.0000,-0.0618,0.0000,-0.0005,0.000,32.44,45.0,1,2049
51455166,216.027,216.027,0.0000,-0.0435,0.0000,-0.0005,0.000,32.44,45.0,1,2049
51455840,216.027,216.027,0.0000,0.0206,0.0000,-0.0005,0.000,32.44,45.0,1,2049
51456840,216.027,216.027,0.0000,-0.0237,0.0000,-0.0005,0.000,32.44,45.0,1,2049
51457887,216.027,216.027,0.0000,0.0938,0.0000,-0.0005,0.000,32.44,45.0,1,2049
51458882,216.027,216.027,0.0000,-0.0618,0.0000,-0.0005,0.000,32.44,45.0,1,2049
51460200,216.027,216.049,0.0000,0.0710,0.0000,-0.0005,0.000,32.41,45.0,1,2049
51460886,216.049,216.027,0.0000,-0.0740,0.0000,-0.0005,0.000,32.41,45.0,1,2049
51461800,216.027,216.027,0.0000,-0.0969,0.0000,-0.0005,0.000,32.41,45.0,1,2049
51463159,216.027,216.049,0.0000,0.0465,0.0000,-0.0005,0.000,32.41,45.0,1,2049
51463543,216.049,216.027,0.0000,-0.0038,0.0000,-0.0005,0.000,32.41,45.0,1,2049
51464931,216.027,216.027,0.0000,-0.0023,0.0000,-0.0005,0.000,32.41,45.0,1,2049
51465550,216.027,216.027,0.0000,-0.0191,0.0000,-0.0005,0.000,32.41,45.0,1,2049
51466868,216.027,216.027,0.0000,0.0160,0.0000,-0.0005,0.000,32.41,45.0,1,2049
51467839,216.027,216.027,0.0000,-0.0664,0.0000,-0.0005,0.000,32.41,45.0,1,2049
51468901,216.027,216.027,0.0000,-0.0862,0.0000,-0.0005,0.000,32.41,45.0,1,2049
51470175,216.027,216.027,0.0000,0.0603,0.0000,-0.0005,0.000,32.44,45.0,1,2049
51470851,216.027,216.027,0.0000,-0.0679,0.0000,-0.0005,0.000,32.44,45.0,1,2049
51471838,216.027,216.027,0.0000,-0.0526,0.0000,-0.0005,0.000,32.44,45.0,1,2049
51472904,216.027,216.027,0.0000,0.0237,0.0000,-0.0005,0.000,32.44,45.0,1,2049
51473842,216.027,216.027,0.0000,-0.1473,0.0000,-0.0005,0.000,32.44,45.0,1,2049
51475171,216.027,216.027,0.0000,-0.0175,0.0000,-0.0005,0.000,32.44,45.0,1,2049
51475841,216.027,216.027,0.0000,0.0191,0.0000,-0.0005,0.000,32.44,45.0,1,2049
51476927,216.027,216.027,0.0000,-0.0298,0.0000,-0.0005,0.000,32.44,45.0,1,2049
51477909,216.027,216.027,0.0000,-0.0587,0.0000,-0.0005,0.000,32.44,45.0,1,2049
51478841,216.027,216.027,0.0000,0.0221,0.0000,-0.0005,0.000,32.44,45.0,1,2049
51480167,216.027,216.027,0.0000,-0.1152,0.0000,-0.0005,0.000,32.44,45.0,1,2049
51480840,216.027,216.027,0.0000,-0.0130,0.0000,-0.0005,0.000,32.44,45.0,1,2049
51481906,216.027,216.027,0.0000,0.1244,0.0000,-0.0005,0.000,32.44,45.0,1,2049
51483209,216.027,216.027,0.0000,-0.0145,0.0000,-0.0005,0.000,32.44,45.0,1,2049
51483567,216.027,216.027,0.0000,-0.0252,0.0000,-0.0005,0.000,32.44,45.0,1,2049
51484887,216.027,216.027,0.0000,0.0099,0.0000,-0.0005,0.000,32.44,45.0,1,2049
51485570,216.027,216.027,0.0000,0.0710,0.0000,-0.0005,0.000,32.44,45.0,1,2049
51486889,216.027,216.027,0.0000,0.0130,0.0000,-0.0005,0.000,32.44,45.0,1,2049
51487571,216.027,216.027,0.0000,-0.1060,0.0000,-0.0005,0.000,32.44,45.0,1,2049
51488573,216.027,216.027,0.0000,-0.0114,0.0000,-0.0005,0.000,32.44,45.0,1,2049
51489886,216.027,216.027,0.0000,-0.1259,0.0000,-0.0005,0.000,32.44,45.0,1,2049
51490570,216.027,216.027,0.0000,-0.0053,0.0000,-0.0005,0.000,32.44,45.0,1,2049
51491573,216.027,216.027,0.0000,0.0664,0.0000,-0.0005,0.000,32.44,45.0,1,2049
51492567,216.027,216.027,0.0000,0.1060,0.0000,-0.0005,0.000,32.44,45.0,1,2049
51493568,216.027,216.027,0.0000,-0.0130,0.0000,-0.0005,0.000,32.44,45.0,1,2049
51494884,216.027,216.027,0.0000,-0.0282,0.0000,-0.0005,0.000,32.44,45.0,1,2049
51495570,216.027,216.027,0.0000,-0.1183,0.0000,-0.0005,0.000,32.44,45.0,1,2049
51496577,216.027,216.027,0.0000,0.0816,0.0000,-0.0005,0.000,32.44,45.0,1,2049
51497545,216.027,216.027,0.0000,0.0267,0.0000,-0.0005,0.000,32.44,45.0,1,2049
51498554,216.027,216.027,0.0000,0.0679,0.0000,-0.0005,0.000,32.44,45.0,1,2049
51499881,216.027,216.027,0.0000,0.0038,0.0000,-0.0005,0.000,32.44,45.0,1,2049
51500570,216.027,216.027,0.0000,-0.0175,0.0000,-0.0005,0.000,32.44,45.0,1,2049
51501572,216.027,216.027,0.0000,0.1305,0.0000,-0.0005,0.000,32.44,45.0,1,2049
51502862,216.027,216.027,0.0000,-0.0130,0.0000,-0.0005,0.000,32.44,45.0,1,2049
51503543,216.027,216.027,0.0000,-0.0114,0.0000,-0.0005,0.000,32.44,45.0,1,2049
51504921,216.027,216.027,0.0000,0.1274,0.0000,-0.0005,0.000,32.44,45.0,1,2049
51505550,216.027,216.027,0.0000,0.0526,0.0000,-0.0005,0.000,32.44,45.0,1,2049
51506869,216.027,216.027,0.0000,-0.0587,0.0000,-0.0005,0.000,32.44,45.0,1,2049
51507839,216.027,216.027,0.0000,-0.0923,0.0000,-0.0005,0.000,32.44,45.0,1,2049
51508903,216.027,216.027,0.0000,-0.0557,0.0000,-0.0005,0.000,32.44,45.0,1,2049
51510167,216.027,216.027,0.0000,-0.0664,0.0000,-0.0005,0.000,32.44,45.0,1,2049
51510848,216.027,216.027,0.0000,0.0206,0.0000,-0.0005,0.000,32.44,45.0,1,2049
51511841,216.027,216.027,0.0000,0.0282,0.0000,-0.0005,0.000,32.44,45.0,1,2049
51512904,216.027,216.027,0.0000,0.0221,0.0000,-0.0005,0.000,32.44,45.0,1,2049
51513844,216.027,216.027,0.0000,0.0923,0.0000,-0.0005,0.000,32.44,45.0,1,2049
51515172,216.027,216.027,0.0000,-0.0923,0.0000,-0.0005,0.000,32.44,45.0,1,2049
51515844,216.027,216.027,0.0000,-0.1701,0.0000,-0.0005,0.000,32.44,45.0,1,2049
51516903,216.027,216.027,0.0000,0.0145,0.0000,-0.0005,0.000,32.44,45.0,1,2049
51517843,216.027,216.027,0.0000,-0.0175,0.0000,-0.0005,0.000,32.44,45.0,1,2049
51518846,216.027,216.027,0.0000,0.0175,0.0000,-0.0005,0.000,32.44,45.0,1,2049
51520166,216.027,216.027,0.0000,-0.0511,0.0000,-0.0005,0.000,32.44,45.0,1,2049
51520746,216.027,216.027,0.0000,0.0984,0.0000,-0.0005,0.000,32.44,45.0,1,2049
51521895,216.027,216.027,0.0000,0.0633,0.0000,-0.0005,0.000,32.44,45.0,1,2049
51523156,216.027,216.027,0.0000,-0.0694,0.0000,-0.0005,0.000,32.44,45.0,1,2049
51523552,216.027,216.027,0.0000,0.0710,0.0000,-0.0005,0.000,32.44,45.0,1,2049
51524869,216.027,216.027,0.0000,-0.0893,0.0000,-0.0005,0.000,32.44,45.0,1,2049
51525898,216.027,216.027,0.0000,-0.0359,0.0000,-0.0005,0.000,32.44,45.0,1,2049
51527171,216.027,216.027,0.0000,0.1060,0.0000,-0.0005,0.000,32.44,45.0,1,2049
51527916,216.027,216.027,0.0000,-0.0984,0.0000,-0.0005,0.000,32.44,45.0,1,2049
51528905,216.027,216.027,0.0000,0.0252,0.0000,-0.0005,0.000,32.44,45.0,1,2049
51530166,216.027,216.027,0.0000,-0.0313,0.0000,-0.0005,0.000,32.44,45.0,1,2049
51530838,216.027,216.027,0.0000,0.0710,0.0000,-0.0005,0.000,32.44,45.0,1,2049
51531839,216.027,216.027,0.0000,0.0923,0.0000,-0.0005,0.000,32.44,45.0,1,2049
51532905,216.027,216.027,0.0000,-0.2174,0.0000,-0.0005,0.000,32.44,45.0,1,2049
51533889,216.027,216.027,0.0000,-0.0465,0.0000,-0.0005,0.000,32.44,45.0,1,2049
51535204,216.027,216.027,0.0000,0.0679,0.0000,-0.0005,0.000,32.38,45.0,1,2049
51535885,216.027,216.027,0.0000,-0.1152,0.0000,-0.0005,0.000,32.38,45.0,1,2049
51536885,216.027,216.027,0.0000,-0.0755,0.0000,-0.0005,0.000,32.38,45.0,1,2049
51537885,216.027,216.027,0.0000,0.0603,0.0000,-0.0005,0.000,32.38,45.0,1,2049
51538886,216.027,216.027,0.0000,-0.0877,0.0000,-0.0005,0.000,32.38,45.0,1,2049
51540203,216.027,216.027,0.0000,-0.0160,0.0000,-0.0005,0.000,32.41,45.0,1,2049
51540888,216.027,216.027,0.0000,0.0526,0.0000,-0.0005,0.000,32.41,45.0,1,2049
51541886,216.027,216.027,0.0000,0.0237,0.0000,-0.0005,0.000,32.41,45.0,1,2049
51543207,216.027,216.027,0.0000,0.1274,0.0000,-0.0005,0.000,32.41,45.0,1,2049
51543569,216.027,216.027,0.0000,0.0587,0.0000,-0.0005,0.000,32.41,44.0,1,2049
51544888,216.027,216.027,0.0000,-0.0603,0.0000,-0.0005,0.000,32.41,44.0,1,2049
51545572,216.027,216.027,0.0000,0.1060,0.0000,-0.0005,0.000,32.41,45.0,1,2049
51546890,216.027,216.027,0.0000,-0.0221,0.0000,-0.0005,0.000,32.41,45.0,1,2049
51547571,216.027,216.027,0.0000,0.0130,0.0000,-0.0005,0.000,32.41,45.0,1,2049
51548573,216.027,216.027,0.0000,-0.0725,0.0000,-0.0005,0.000,32.41,45.0,1,2049
51549885,216.027,216.027,0.0000,0.1686,0.0000,-0.0005,0.000,32.41,45.0,1,2049
51550571,216.027,216.027,0.0000,0.0572,0.0000,-0.0005,0.000,32.41,45.0,1,2049
51551571,216.027,216.027,0.0000,-0.0053,0.0000,-0.0005,0.000,32.41,45.0,1,2049
51552545,216.027,216.027,0.0000,0.0587,0.0000,-0.0005,0.000,32.41,45.0,1,2049
51553565,216.027,216.027,0.0000,-0.0847,0.0000,-0.0005,0.000,32.41,45.0,1,2049
51554882,216.027,216.027,0.0000,0.0206,0.0000,-0.0005,0.000,32.41,45.0,1,2049
51555570,216.027,216.027,0.0000,-0.1259,0.0000,-0.0005,0.000,32.41,45.0,1,2049
51556576,216.027,216.027,0.0000,-0.0298,0.0000,-0.0005,0.000,32.41,45.0,1,2049
51557544,216.027,216.027,0.0000,-0.0053,0.0000,-0.0005,0.000,32.41,44.0,1,2049
51558606,216.027,216.027,0.0000,-0.0206,0.0000,-0.0005,0.000,32.41,45.0,1,2049
51559871,216.027,216.027,0.0000,-0.0084,0.0000,-0.0005,0.000,32.41,45.0,1,2049
51560845,216.027,216.027,0.0000,0.0053,0.0000,-0.0005,0.000,32.41,45.0,1,2049
51561840,216.027,216.027,0.0000,-0.0206,0.0000,-0.0005,0.000,32.41,45.0,1,2049
51563221,216.027,216.027,0.0000,-0.0572,0.0000,-0.0005,0.000,32.41,44.0,1,2049
51563546,216.027,216.027,0.0000,-0.1442,0.0000,-0.0005,0.000,32.41,45.0,1,2049
51564878,216.027,216.027,0.0000,0.1198,0.0000,-0.0005,0.000,32.41,44.0,1,2049
51565840,216.027,216.027,0.0000,0.0725,0.0000,-0.0005,0.000,32.41,44.0,1,2049
51567234,216.027,216.027,0.0000,0.0023,0.0000,-0.0005,0.000,32.41,44.0,1,2049
51567870,216.027,216.027,0.0000,0.0298,0.0000,-0.0005,0.000,32.41,44.0,1,2049
51568845,216.027,216.027,0.0000,0.0496,0.0000,-0.0005,0.000,32.41,44.0,1,2049
51570161,216.027,216.027,0.0000,-0.0191,0.0000,-0.0005,0.000,32.41,45.0,1,2049
51570746,216.027,216.027,0.0000,-0.0771,0.0000,-0.0005,0.000,32.41,44.0,1,2049
51571894,216.027,216.027,0.0000,0.0328,0.0000,-0.0005,0.000,32.41,44.0,1,2049
51572841,216.027,216.027,0.0000,-0.0465,0.0000,-0.0005,0.000,32.41,44.0,1,2049
51573847,216.027,216.027,0.0000,-0.0282,0.0000,-0.0005,0.000,32.41,44.0,1,2049
51575166,216.027,216.027,0.0000,-0.0801,0.0000,-0.0005,0.000,32.41,45.0,1,2049
51575745,216.027,216.027,0.0000,-0.0023,0.0000,-0.0005,0.000,32.41,44.0,1,2049
51576891,216.027,216.027,0.0000,-0.0923,0.0000,-0.0005,0.000,32.41,44.0,1,2049
51577839,216.027,216.027,0.0000,0.0587,0.0000,-0.0005,0.000,32.41,44.0,1,2049
51578929,216.027,216.027,0.0000,-0.0679,0.0000,-0.0005,0.000,32.41,45.0,1,2049
51580166,216.027,216.027,0.0000,-0.0511,0.0000,-0.0005,0.000,32.41,44.0,1,2049
51580839,216.027,216.027,0.0000,0.0206,0.0000,-0.0005,0.000,32.41,44.0,1,2049
51581838,216.027,216.027,0.0000,0.0511,0.0000,-0.0005,0.000,32.41,44.0,1,2049
51583158,216.027,216.027,0.0000,-0.0313,0.0000,-0.0005,0.000,32.41,44.0,1,2049
51583604,216.027,216.027,0.0000,-0.0114,0.0000,-0.0005,0.000,32.41,44.0,1,2049
51584893,216.027,216.027,0.0000,0.0191,0.0000,-0.0005,0.000,32.41,44.0,1,2049
51585633,216.027,216.027,0.0000,-0.0282,0.0000,-0.0005,0.000,32.41,44.0,1,2049
51586893,216.027,216.027,0.0000,0.0084,0.0000,-0.0005,0.000,32.41,44.0,1,2049
51587569,216.027,216.027,0.0000,-0.1045,0.0000,-0.0005,0.000,32.41,44.0,1,2049
51588571,216.027,216.027,0.0000,0.0786,0.0000,-0.0005,0.000,32.41,44.0,1,2049
51589914,216.027,216.027,0.0000,0.0237,0.0000,-0.0005,0.000,32.41,44.0,1,2049
51590887,216.027,216.027,0.0000,0.0420,0.0000,-0.0005,0.000,32.41,44.0,1,2049
51591885,216.027,216.027,0.0000,-0.0893,0.0000,-0.0005,0.000,32.41,44.0,1,2049
51592884,216.027,216.027,0.0000,-0.0786,0.0000,-0.0005,0.000,32.41,44.0,1,2049
51593887,216.027,216.027,0.0000,-0.0114,0.0000,-0.0005,0.000,32.41,44.0,1,2049
51595210,216.027,216.027,0.0000,0.0908,0.0000,-0.0005,0.000,32.41,44.0,1,2049
51595879,216.027,216.027,0.0000,0.1686,0.0000,-0.0005,0.000,32.41,44.0,1,2049
51596884,216.027,216.027,0.0000,-0.1015,0.0000,-0.0005,0.000,32.41,44.0,1,2049
51597902,216.027,216.027,0.0000,-0.0267,0.0000,-0.0005,0.000,32.41,44.0,1,2049
51598901,216.027,216.027,0.0000,-0.0801,0.0000,-0.0005,0.000,32.41,44.0,1,2049
51600173,216.027,216.027,0.0000,0.0511,0.0000,-0.0005,0.000,32.41,44.0,1,2049
51600844,216.027,216.027,0.0000,-0.0237,0.0000,-0.0005,0.000,32.41,44.0,1,2049
51601839,216.027,216.027,0.0000,-0.1534,0.0000,-0.0005,0.000,32.41,44.0,1,2049
51603161,216.027,216.027,0.0000,-0.0923,0.0000,-0.0005,0.000,32.41,44.0,1,2049
51603542,216.027,216.027,0.0000,-0.0526,0.0000,-0.0005,0.000,32.41,44.0,1,2049
51604889,216.027,216.027,0.0000,0.1534,0.0000,-0.0005,0.000,32.41,44.0,1,2049
51605583,216.027,216.027,0.0000,0.0816,0.0000,-0.0005,0.000,32.41,45.0,1,2049
51606891,216.027,216.027,0.0000,-0.0404,0.0000,-0.0005,0.000,32.41,44.0,1,2049
51607568,216.027,216.027,0.0000,0.0954,0.0000,-0.0005,0.000,32.41,44.0,1,2049
51608602,216.027,216.027,0.0000,0.0099,0.0000,-0.0005,0.000,32.41,44.0,1,2049
51609891,216.027,216.027,0.0000,0.0298,0.0000,-0.0005,0.000,32.41,44.0,1,2049
51610572,216.027,216.027,0.0000,-0.0496,0.0000,-0.0005,0.000,32.41,44.0,1,2049
51611580,216.027,216.027,0.0000,-0.0389,0.0000,-0.0005,0.000,32.41,44.0,1,2049
51612582,216.027,216.027,0.0000,0.0465,0.0000,-0.0005,0.000,32.41,44.0,1,2049
51613545,216.027,216.027,0.0000,-0.1030,0.0000,-0.0005,0.000,32.41,44.0,1,2049
51614891,216.027,216.027,0.0000,-0.0771,0.0000,-0.0005,0.000,32.41,44.0,1,2049
51615589,216.027,216.027,0.0000,0.0282,0.0000,-0.0005,0.000,32.41,44.0,1,2049
51616572,216.027,216.027,0.0000,-0.0175,0.0000,-0.0005,0.000,32.41,44.0,1,2049
51617567,216.027,216.027,0.0000,-0.0816,0.0000,-0.0005,0.000,32.41,44.0,1,2049
51618566,216.027,216.027,0.0000,0.1305,0.0000,-0.0005,0.000,32.41,44.0,1,2049
51619885,216.027,216.027,0.0000,0.0038,0.0000,-0.0005,0.000,32.41,44.0,1,2049
51620568,216.027,216.027,0.0000,-0.0938,0.0000,-0.0005,0.000,32.41,44.0,1,2049
51621572,216.027,216.027,0.0000,0.0053,0.0000,-0.0005,0.000,32.41,44.0,1,2049
51622875,216.027,216.027,0.0000,-0.1396,0.0000,-0.0005,0.000,32.41,44.0,1,2049
51623567,216.027,216.027,0.0000,-0.0008,0.0000,-0.0005,0.000,32.41,44.0,1,2049
51624885,216.027,216.027,0.0000,-0.0298,0.0000,-0.0005,0.000,32.41,44.0,1,2049
51625568,216.027,216.027,0.0000,-0.0603,0.0000,-0.0005,0.000,32.41,44.0,1,2049
51626892,216.027,216.027,0.0000,-0.0069,0.0000,-0.0005,0.000,32.41,44.0,1,2049
51627568,216.027,216.027,0.0000,0.0053,0.0000,-0.0005,0.000,32.41,44.0,1,2049
51628572,216.027,216.027,0.0000,0.0084,0.0000,-0.0005,0.000,32.41,44.0,1,2049
51629886,216.027,216.027,0.0000,0.0465,0.0000,-0.0005,0.000,32.41,44.0,1,2049
51630549,216.027,216.027,0.0000,-0.1869,0.0000,-0.0005,0.000,32.41,44.0,1,2049
51631558,216.027,216.027,0.0000,0.0465,0.0000,-0.0005,0.000,32.41,44.0,1,2049
51632564,216.027,216.027,0.0000,0.0710,0.0000,-0.0005,0.000,32.41,44.0,1,2049
51633564,216.027,216.027,0.0000,0.0008,0.0000,-0.0005,0.000,32.41,44.0,1,2049
51634889,216.027,216.027,0.0000,0.0404,0.0000,-0.0005,0.000,32.41,44.0,1,2049
51635547,216.027,216.027,0.0000,-0.0069,0.0000,-0.0005,0.000,32.41,44.0,1,2049
51636664,216.027,216.027,0.0000,-0.0938,0.0000,-0.0005,0.000,32.41,44.0,1,2049
51637547,216.027,216.027,0.0000,0.0084,0.0000,-0.0005,0.000,32.41,44.0,1,2049
51638544,216.027,216.027,0.0000,-0.0404,0.0000,-0.0005,0.000,32.41,44.0,1,2049
51639922,216.027,216.027,0.0000,-0.0404,0.0000,-0.0005,0.000,32.41,44.0,1,2049
51640884,216.027,216.027,0.0000,-0.0740,0.0000,-0.0005,0.000,32.41,44.0,1,2049
51641886,216.027,216.027,0.0000,0.0206,0.0000,-0.0005,0.000,32.41,44.0,1,2049
51643208,216.027,216.027,0.0000,0.0374,0.0000,-0.0005,0.000,32.41,44.0,1,2049
51643567,216.027,216.027,0.0000,0.0298,0.0000,-0.0005,0.000,32.41,44.0,1,2049
51644882,216.027,216.027,0.0000,0.0114,0.0000,-0.0005,0.000,32.41,44.0,1,2049
51645571,216.027,216.027,0.0000,-0.0603,0.0000,-0.0005,0.000,32.41,44.0,1,2049
51646887,216.027,216.027,0.0000,0.0618,0.0000,-0.0005,0.000,32.41,44.0,1,2049
51647571,216.027,216.027,0.0000,-0.0786,0.0000,-0.0005,0.000,32.41,44.0,1,2049
51648572,216.027,216.027,0.0000,0.0359,0.0000,-0.0005,0.000,32.41,44.0,1,2049
51649882,216.027,216.027,0.0000,-0.0099,0.0000,-0.0005,0.000,32.41,44.0,1,2049
51650571,216.027,216.027,0.0000,0.0694,0.0000,-0.0005,0.000,32.41,44.0,1,2049
51651571,216.027,216.027,0.0000,0.0221,0.0000,-0.0005,0.000,32.41,44.0,1,2049
51652567,216.027,216.027,0.0000,-0.0038,0.0000,-0.0005,0.000,32.41,44.0,1,2049
51653567,216.027,216.027,0.0000,0.0175,0.0000,-0.0005,0.000,32.41,44.0,1,2049
51654888,216.027,216.027,0.0000,-0.0465,0.0000,-0.0005,0.000,32.41,44.0,1,2049
51655545,216.027,216.027,0.0000,0.0175,0.0000,-0.0005,0.000,32.41,44.0,1,2049
51656549,216.027,216.027,0.0000,-0.0282,0.0000,-0.0005,0.000,32.41,44.0,1,2049
51657571,216.027,216.027,0.0000,-0.0313,0.0000,-0.0005,0.000,32.41,44.0,1,2049
51658566,216.027,216.027,0.0000,-0.0801,0.0000,-0.0005,0.000,32.41,44.0,1,2049
51659819,216.027,216.027,0.0000,0.1457,0.0000,-0.0005,0.000,32.41,44.0,1,2049
51660842,216.027,216.027,0.0000,-0.1030,0.0000,-0.0005,0.000,32.41,44.0,1,2049
51661838,216.027,216.027,0.0000,0.1671,0.0000,-0.0005,0.000,32.41,44.0,1,2049
51663234,216.027,216.027,0.0000,0.0023,0.0000,-0.0005,0.000,32.41,44.0,1,2049
51663547,216.027,216.027,0.0000,0.0496,0.0000,-0.0005,0.000,32.41,44.0,1,2049
51664873,216.027,216.027,0.0000,-0.1228,0.0000,-0.0005,0.000,32.41,44.0,1,2049
51665545,216.027,216.027,0.0000,0.1411,0.0000,-0.0005,0.000,32.41,44.0,1,2049
51666915,216.027,216.027,0.0000,-0.0435,0.0000,-0.0005,0.000,32.41,44.0,1,2049
51667547,216.027,216.027,0.0000,0.0511,0.0000,-0.0005,0.000,32.41,44.0,1,2049
51668556,216.027,216.027,0.0000,0.0023,0.0000,-0.0005,0.000,32.41,44.0,1,2049
51669859,216.027,216.027,0.0000,0.1442,0.0000,-0.0005,0.000,32.41,44.0,1,2049
51670896,216.027,216.027,0.0000,0.0954,0.0000,-0.0005,0.000,32.41,44.0,1,2049
51671841,216.027,216.027,0.0000,0.1335,0.0000,-0.0005,0.000,32.41,44.0,1,2049
51672845,216.027,216.027,0.0000,0.0175,0.0000,-0.0005,0.000,32.41,44.0,1,2049
51673838,216.027,216.027,0.0000,-0.1106,0.0000,-0.0005,0.000,32.41,44.0,1,2049
51675227,216.027,216.027,0.0000,0.0374,0.0000,-0.0005,0.000,32.41,44.0,1,2049
51675866,216.027,216.027,0.0000,-0.0893,0.0000,-0.0005,0.000,32.41,44.0,1,2049
51676847,216.027,216.027,0.0000,-0.0114,0.0000,-0.0005,0.000,32.41,44.0,1,2049
51677839,216.027,216.027,0.0000,-0.0542,0.0000,-0.0005,0.000,32.41,44.0,1,2049
51678901,216.027,216.027,0.0000,-0.1289,0.0000,-0.0005,0.000,32.41,44.0,1,2049
51680168,216.027,216.027,0.0000,-0.1198,0.0000,-0.0005,0.000,32.41,44.0,1,2049
51680876,216.027,216.027,0.0000,-0.0664,0.0000,-0.0005,0.000,32.41,44.0,1,2049
51681841,216.027,216.027,0.0000,-0.0053,0.0000,-0.0005,0.000,32.41,44.0,1,2049
51683220,216.027,216.049,0.0000,0.1625,0.0000,-0.0005,0.000,32.41,44.0,1,2049
51683549,216.049,216.027,0.0000,-0.0404,0.0000,-0.0005,0.000,32.41,44.0,1,2049
51684872,216.027,216.027,0.0000,0.0084,0.0000,-0.0005,0.000,32.41,44.0,1,2049
51685546,216.027,216.027,0.0000,-0.0221,0.0000,-0.0005,0.000,32.41,44.0,1,2049
51686978,216.027,216.027,0.0000,-0.0618,0.0000,-0.0005,0.000,32.41,44.0,1,2049
51687865,216.027,216.027,0.0000,-0.0175,0.0000,-0.0005,0.000,32.41,44.0,1,2049
51688840,216.027,216.027,0.0000,-0.0191,0.0000,-0.0005,0.000,32.41,44.0,1,2049
51690169,216.027,216.027,0.0000,-0.0954,0.0000,-0.0005,0.000,32.41,44.0,1,2049
51690906,216.027,216.027,0.0000,-0.0389,0.0000,-0.0005,0.000,32.41,44.0,1,2049
51691885,216.027,216.027,0.0000,-0.0328,0.0000,-0.0005,0.000,32.41,44.0,1,2049
51692882,216.027,216.027,0.0000,0.0633,0.0000,-0.0005,0.000,32.41,44.0,1,2049
51693882,216.027,216.027,0.0000,-0.0648,0.0000,-0.0005,0.000,32.41,44.0,1,2049
51695208,216.027,216.027,0.0000,-0.0343,0.0000,-0.0005,0.000,32.41,44.0,1,2049
51695881,216.027,216.027,0.0000,-0.0298,0.0000,-0.0005,0.000,32.41,44.0,1,2049
51696882,216.027,216.027,0.0000,-0.1518,0.0000,-0.0005,0.000,32.41,44.0,1,2049
51697882,216.027,216.049,0.0000,0.1167,0.0000,-0.0005,0.000,32.41,44.0,1,2049
51698881,216.049,216.027,0.0000,-0.0877,0.0000,-0.0005,0.000,32.41,44.0,1,2049
51700206,216.027,216.027,0.0000,0.0618,0.0000,-0.0005,0.000,32.41,44.0,1,2049
51700881,216.027,216.027,0.0000,0.0938,0.0000,-0.0005,0.000,32.41,44.0,1,2049
51701884,216.027,216.027,0.0000,-0.0725,0.0000,-0.0005,0.000,32.41,44.0,1,2049
51703204,216.027,216.027,0.0000,0.1366,0.0000,-0.0005,0.000,32.41,44.0,1,2049
51703568,216.027,216.027,0.0000,-0.0252,0.0000,-0.0005,0.000,32.41,44.0,1,2049
51704884,216.027,216.027,0.0000,0.0923,0.0000,-0.0005,0.000,32.41,44.0,1,2049
51705570,216.027,216.027,0.0000,0.0694,0.0000,-0.0005,0.000,32.41,44.0,1,2049
51706888,216.027,216.027,0.0000,0.0664,0.0000,-0.0005,0.000,32.41,44.0,1,2049
51707570,216.027,216.027,0.0000,-0.1595,0.0000,-0.0005,0.000,32.41,44.0,1,2049
51708573,216.027,216.027,0.0000,-0.0755,0.0000,-0.0005,0.000,32.41,44.0,1,2049
51709886,216.027,216.027,0.0000,-0.0175,0.0000,-0.0005,0.000,32.41,44.0,1,2049
51710546,216.027,216.027,0.0000,-0.0343,0.0000,-0.0005,0.000,32.41,44.0,1,2049
51711549,216.027,216.027,0.0000,-0.1015,0.0000,-0.0005,0.000,32.41,44.0,1,2049
51712566,216.027,216.027,0.0000,0.0694,0.0000,-0.0005,0.000,32.41,44.0,1,2049
51713565,216.027,216.027,0.0000,0.0587,0.0000,-0.0005,0.000,32.41,44.0,1,2049
51714882,216.027,216.027,0.0000,0.0603,0.0000,-0.0005,0.000,32.41,44.0,1,2049
51715576,216.027,216.027,0.0000,0.0206,0.0000,-0.0005,0.000,32.41,44.0,1,2049
51716549,216.027,216.027,0.0000,0.0816,0.0000,-0.0005,0.000,32.41,44.0,1,2049
51717598,216.027,216.027,0.0000,0.1122,0.0000,-0.0005,0.000,32.41,44.0,1,2049
51718545,216.027,216.027,0.0000,0.0465,0.0000,-0.0005,0.000,32.41,44.0,1,2049
51719876,216.027,216.027,0.0000,-0.0603,0.0000,-0.0005,0.000,32.41,44.0,1,2049
51720545,216.027,216.027,0.0000,0.0969,0.0000,-0.0005,0.000,32.41,44.0,1,2049
51721594,216.027,216.027,0.0000,-0.1244,0.0000,-0.0005,0.000,32.41,44.0,1,2049
51722857,216.027,216.027,0.0000,0.0069,0.0000,-0.0005,0.000,32.41,44.0,1,2049
51723552,216.027,216.027,0.0000,-0.0435,0.0000,-0.0005,0.000,32.41,44.0,1,2049
51724868,216.027,216.027,0.0000,-0.0435,0.0000,-0.0005,0.000,32.41,44.0,1,2049
51725590,216.027,216.027,0.0000,0.1137,0.0000,-0.0005,0.000,32.41,44.0,1,2049
51726875,216.027,216.027,0.0000,-0.1183,0.0000,-0.0005,0.000,32.41,44.0,1,2049
51727551,216.027,216.027,0.0000,-0.1320,0.0000,-0.0005,0.000,32.41,44.0,1,2049
51728549,216.027,216.027,0.0000,-0.0145,0.0000,-0.0005,0.000,32.41,44.0,1,2049
51729911,216.027,216.027,0.0000,0.0145,0.0000,-0.0005,0.000,32.41,44.0,1,2049
51730548,216.027,216.027,0.0000,-0.0801,0.0000,-0.0005,0.000,32.41,44.0,1,2049
51731556,216.027,216.027,0.0000,-0.0587,0.0000,-0.0005,0.000,32.41,44.0,1,2049
51732544,216.027,216.027,0.0000,0.0114,0.0000,-0.0005,0.000,32.41,44.0,1,2049
51733586,216.027,216.027,0.0000,-0.1579,0.0000,-0.0005,0.000,32.41,44.0,1,2049
51734870,216.027,216.027,0.0000,-0.0694,0.0000,-0.0005,0.000,32.41,44.0,1,2049
51735554,216.027,216.027,0.0000,-0.0374,0.0000,-0.0005,0.000,32.41,44.0,1,2049
51736549,216.027,216.027,0.0000,0.0298,0.0000,-0.0005,0.000,32.41,44.0,1,2049
51737654,216.027,216.049,0.0000,0.1152,0.0000,-0.0005,0.000,32.41,44.0,1,2049
51738547,216.049,216.027,0.0000,0.0954,0.0000,-0.0005,0.000,32.41,44.0,1,2049
51739867,216.027,216.027,0.0000,0.0877,0.0000,-0.0005,0.000,32.41,44.0,1,2049
51740606,216.027,216.027,0.0000,-0.0130,0.0000,-0.0005,0.000,32.41,44.0,1,2049
51741573,216.027,216.027,0.0000,-0.1045,0.0000,-0.0005,0.000,32.41,44.0,1,2049
51742881,216.027,216.027,0.0000,-0.0328,0.0000,-0.0005,0.000,32.41,44.0,1,2049
51743568,216.027,216.027,0.0000,0.1152,0.0000,-0.0005,0.000,32.41,44.0,1,2049
51744885,216.027,216.027,0.0000,0.0664,0.0000,-0.0005,0.000,32.41,44.0,1,2049
51745567,216.027,216.027,0.0000,0.0191,0.0000,-0.0005,0.000,32.41,44.0,1,2049
51746888,216.027,216.027,0.0000,-0.0481,0.0000,-0.0005,0.000,32.41,44.0,1,2049
51747567,216.027,216.027,0.0000,0.0099,0.0000,-0.0005,0.000,32.41,44.0,1,2049
51748572,216.027,216.027,0.0000,0.0267,0.0000,-0.0005,0.000,32.41,44.0,1,2049
51749883,216.027,216.027,0.0000,-0.1045,0.0000,-0.0005,0.000,32.41,44.0,1,2049
51750570,216.027,216.027,0.0000,0.0099,0.0000,-0.0005,0.000,32.41,44.0,1,2049
51751572,216.027,216.027,0.0000,-0.0084,0.0000,-0.0005,0.000,32.41,44.0,1,2049
51752566,216.027,216.027,0.0000,-0.0938,0.0000,-0.0005,0.000,32.41,44.0,1,2049
51753566,216.027,216.027,0.0000,0.1411,0.0000,-0.0005,0.000,32.41,44.0,1,2049
51754886,216.027,216.027,0.0000,0.0572,0.0000,-0.0005,0.000,32.41,44.0,1,2049
51755550,216.027,216.027,0.0000,-0.1457,0.0000,-0.0005,0.000,32.41,44.0,1,2049
51756549,216.027,216.049,0.0000,0.1686,0.0000,-0.0005,0.000,32.41,44.0,1,2049
51757567,216.049,216.027,0.0000,-0.0862,0.0000,-0.0005,0.000,32.41,44.0,1,2049
51758564,216.027,216.027,0.0000,-0.0893,0.0000,-0.0005,0.000,32.41,44.0,1,2049
51759881,216.027,216.027,0.0000,0.0832,0.0000,-0.0005,0.000,32.41,44.0,1,2049
51760574,216.027,216.027,0.0000,0.0053,0.0000,-0.0005,0.000,32.41,44.0,1,2049
51761549,216.027,216.027,0.0000,-0.0038,0.0000,-0.0005,0.000,32.41,44.0,1,2049
51762909,216.027,216.027,0.0000,0.0053,0.0000,-0.0005,0.000,32.41,44.0,1,2049
51763547,216.027,216.027,0.0000,-0.0664,0.0000,-0.0005,0.000,32.41,44.0,1,2049
51764874,216.027,216.027,0.0000,-0.0694,0.0000,-0.0005,0.000,32.41,44.0,1,2049
51765545,216.027,216.027,0.0000,0.0267,0.0000,-0.0005,0.000,32.41,44.0,1,2049
51766911,216.027,216.027,0.0000,0.1534,0.0000,-0.0005,0.000,32.41,44.0,1,2049
51767551,216.027,216.027,0.0000,-0.0999,0.0000,-0.0005,0.000,32.41,44.0,1,2049
51768556,216.027,216.027,0.0000,0.0694,0.0000,-0.0005,0.000,32.41,44.0,1,2049
51769859,216.027,216.027,0.0000,-0.0023,0.0000,-0.0005,0.000,32.41,44.0,1,2049
51770586,216.027,216.027,0.0000,0.0450,0.0000,-0.0005,0.000,32.41,44.0,1,2049
51771552,216.027,216.027,0.0000,-0.0618,0.0000,-0.0005,0.000,32.41,44.0,1,2049
51772551,216.027,216.027,0.0000,-0.0511,0.0000,-0.0005,0.000,32.41,44.0,1,2049
51773544,216.027,216.027,0.0000,0.0359,0.0000,-0.0005,0.000,32.41,44.0,1,2049
51774907,216.027,216.027,0.0000,0.0481,0.0000,-0.0005,0.000,32.41,44.0,1,2049
51775551,216.027,216.027,0.0000,-0.0923,0.0000,-0.0005,0.000,32.41,44.0,1,2049
51776556,216.027,216.027,0.0000,0.0374,0.0000,-0.0005,0.000,32.41,44.0,1,2049
51777544,216.027,216.027,0.0000,-0.0786,0.0000,-0.0005,0.000,32.41,44.0,1,2049
51778584,216.027,216.027,0.0000,-0.0053,0.0000,-0.0005,0.000,32.41,44.0,1,2049
51779871,216.027,216.027,0.0000,-0.0938,0.0000,-0.0005,0.000,32.41,44.0,1,2049
51780554,216.027,216.027,0.0000,0.1595,0.0000,-0.0005,0.000,32.41,44.0,1,2049
51781549,216.027,216.027,0.0000,0.0023,0.0000,-0.0005,0.000,32.41,44.0,1,2049
51782896,216.027,216.027,0.0000,-0.1106,0.0000,-0.0005,0.000,32.41,44.0,1,2049
51783550,216.027,216.027,0.0000,0.1442,0.0000,-0.0005,0.000,32.41,44.0,1,2049
51784872,216.027,216.027,0.0000,0.0587,0.0000,-0.0005,0.000,32.41,44.0,1,2049
51785547,216.027,216.027,0.0000,0.1442,0.0000,-0.0005,0.000,32.41,44.0,1,2049
51786912,216.027,216.027,0.0000,-0.0206,0.0000,-0.0005,0.000,32.41,44.0,1,2049
51787548,216.027,216.027,0.0000,-0.0099,0.0000,-0.0005,0.000,32.41,44.0,1,2049
51788654,216.027,216.027,0.0000,0.0847,0.0000,-0.0005,0.000,32.41,44.0,1,2049
51789870,216.027,216.027,0.0000,0.0710,0.0000,-0.0005,0.000,32.41,44.0,1,2049
51790544,216.027,216.027,0.0000,0.0328,0.0000,-0.0005,0.000,32.41,44.0,1,2049
51791614,216.027,216.027,0.0000,0.0496,0.0000,-0.0005,0.000,32.41,44.0,1,2049
51792568,216.027,216.027,0.0000,0.0328,0.0000,-0.0005,0.000,32.41,44.0,1,2049
51793566,216.027,216.027,0.0000,0.0237,0.0000,-0.0005,0.000,32.41,44.0,1,2049
51794883,216.027,216.027,0.0000,0.0023,0.0000,-0.0005,0.000,32.41,44.0,1,2049
51795570,216.027,216.027,0.0000,-0.0984,0.0000,-0.0005,0.000,32.41,44.0,1,2049
51796571,216.027,216.027,0.0000,0.0694,0.0000,-0.0005,0.000,32.41,44.0,1,2049
51797566,216.027,216.027,0.0000,0.0511,0.0000,-0.0005,0.000,32.41,44.0,1,2049
51798566,216.027,216.027,0.0000,0.0938,0.0000,-0.0005,0.000,32.41,44.0,1,2049
51799883,216.027,216.027,0.0000,0.0069,0.0000,-0.0005,0.000,32.41,44.0,1,2049
51800570,216.027,216.027,0.0000,0.0587,0.0000,-0.0005,0.000,32.41,44.0,1,2049
51801571,216.027,216.027,0.0000,0.0435,0.0000,-0.0005,0.000,32.41,44.0,1,2049
51802880,216.027,216.027,0.0000,-0.0008,0.0000,-0.0005,0.000,32.41,44.0,1,2049
51803569,216.027,216.027,0.0000,-0.0725,0.0000,-0.0005,0.000,32.41,44.0,1,2049
51804883,216.027,216.027,0.0000,-0.1366,0.0000,-0.0005,0.000,32.41,44.0,1,2049
51805569,216.027,216.027,0.0000,0.0938,0.0000,-0.0005,0.000,32.41,44.0,1,2049
51806869,216.027,216.027,0.0000,-0.0603,0.0000,-0.0005,0.000,32.41,44.0,1,2049
51807544,216.027,216.027,0.0000,-0.1305,0.0000,-0.0005,0.000,32.41,44.0,1,2049
51808575,216.027,216.027,0.0000,0.0099,0.0000,-0.0005,0.000,32.41,44.0,1,2049
51809882,216.027,216.027,0.0000,-0.0862,0.0000,-0.0005,0.000,32.41,44.0,1,2049
51810570,216.027,216.027,0.0000,0.0496,0.0000,-0.0005,0.000,32.41,44.0,1,2049
51811576,216.027,216.027,0.0000,0.0023,0.0000,-0.0005,0.000,32.41,44.0,1,2049
51812544,216.027,216.027,0.0000,-0.0282,0.0000,-0.0005,0.000,32.41,44.0,1,2049
51813594,216.027,216.027,0.0000,0.0298,0.0000,-0.0005,0.000,32.41,44.0,1,2049
51814873,216.027,216.027,0.0000,-0.0847,0.0000,-0.0005,0.000,32.41,44.0,1,2049
51815552,216.027,216.027,0.0000,0.0954,0.0000,-0.0005,0.000,32.41,44.0,1,2049
51816549,216.027,216.027,0.0000,-0.0679,0.0000,-0.0005,0.000,32.41,44.0,1,2049
51817586,216.027,216.027,0.0000,0.0008,0.0000,-0.0005,0.000,32.41,44.0,1,2049
51818547,216.027,216.027,0.0000,-0.1213,0.0000,-0.0005,0.000,32.41,44.0,1,2049
51819876,216.027,216.027,0.0000,-0.0038,0.0000,-0.0005,0.000,32.41,44.0,1,2049
51820545,216.027,216.027,0.0000,-0.0374,0.0000,-0.0005,0.000,32.41,44.0,1,2049
51821591,216.027,216.027,0.0000,-0.0237,0.0000,-0.0005,0.000,32.41,44.0,1,2049
51822860,216.027,216.027,0.0000,-0.0008,0.0000,-0.0005,0.000,32.41,44.0,1,2049
51823552,216.027,216.027,0.0000,0.0587,0.0000,-0.0005,0.000,32.41,44.0,1,2049
51824868,216.027,216.027,0.0000,0.1366,0.0000,-0.0005,0.000,32.41,44.0,1,2049
51825587,216.027,216.049,0.0000,0.0755,0.0000,-0.0005,0.000,32.41,44.0,1,2049
51826877,216.049,216.027,0.0000,-0.1030,0.0000,-0.0005,0.000,32.41,44.0,1,2049
51827551,216.027,216.027,0.0000,0.0084,0.0000,-0.0005,0.000,32.41,44.0,1,2049
51828549,216.027,216.027,0.0000,0.0084,0.0000,-0.0005,0.000,32.41,44.0,1,2049
51829908,216.027,216.027,0.0000,0.0069,0.0000,-0.0005,0.000,32.41,44.0,1,2049
51830551,216.027,216.027,0.0000,0.0969,0.0000,-0.0005,0.000,32.41,44.0,1,2049
51831556,216.027,216.027,0.0000,0.0191,0.0000,-0.0005,0.000,32.41,44.0,1,2049
51832544,216.027,216.027,0.0000,0.1335,0.0000,-0.0005,0.000,32.41,44.0,1,2049
51833584,216.027,216.027,0.0000,0.0648,0.0000,-0.0005,0.000,32.41,44.0,1,2049
51834873,216.027,216.027,0.0000,0.0206,0.0000,-0.0005,0.000,32.41,44.0,1,2049
51835554,216.027,216.027,0.0000,-0.0359,0.0000,-0.0005,0.000,32.41,44.0,1,2049
51836549,216.027,216.027,0.0000,-0.0404,0.0000,-0.0005,0.000,32.41,44.0,1,2049
51837584,216.027,216.027,0.0000,0.1183,0.0000,-0.0005,0.000,32.41,44.0,1,2049
51838550,216.027,216.027,0.0000,-0.0938,0.0000,-0.0005,0.000,32.41,44.0,1,2049
51839965,216.027,216.027,0.0000,0.1106,0.0000,-0.0005,0.000,32.41,44.0,1,2049
51840552,216.027,216.027,0.0000,0.0099,0.0000,-0.0005,0.000,32.41,44.0,1,2049
51841549,216.027,216.027,0.0000,-0.0816,0.0000,-0.0005,0.000,32.41,44.0,1,2049
51842920,216.027,216.027,0.0000,0.0496,0.0000,-0.0005,0.000,32.41,44.0,1,2049
51843567,216.027,216.027,0.0000,0.0603,0.0000,-0.0005,0.000,32.41,44.0,1,2049
51844882,216.027,216.027,0.0000,0.0603,0.0000,-0.0005,0.000,32.41,44.0,1,2049
51845571,216.027,216.027,0.0000,-0.0038,0.0000,-0.0005,0.000,32.41,44.0,1,2049
51846889,216.027,216.027,0.0000,-0.0557,0.0000,-0.0005,0.000,32.41,44.0,1,2049
51847571,216.027,216.027,0.0000,-0.0404,0.0000,-0.0005,0.000,32.41,44.0,1,2049
51848572,216.027,216.027,0.0000,-0.0908,0.0000,-0.0005,0.000,32.41,44.0,1,2049
51849882,216.027,216.027,0.0000,-0.0343,0.0000,-0.0005,0.000,32.41,44.0,1,2049
51850571,216.027,216.027,0.0000,0.0389,0.0000,-0.0005,0.000,32.41,44.0,1,2049
51851572,216.027,216.027,0.0000,0.0587,0.0000,-0.0005,0.000,32.41,44.0,1,2049
51852567,216.027,216.027,0.0000,-0.0252,0.0000,-0.0005,0.000,32.41,44.0,1,2049
51853567,216.027,216.027,0.0000,-0.1228,0.0000,-0.0005,0.000,32.41,44.0,1,2049
51854882,216.027,216.027,0.0000,0.0481,0.0000,-0.0005,0.000,32.41,44.0,1,2049
51855571,216.027,216.027,0.0000,0.0114,0.0000,-0.0005,0.000,32.41,44.0,1,2049
51856572,216.027,216.027,0.0000,0.0053,0.0000,-0.0005,0.000,32.41,44.0,1,2049
51857565,216.027,216.027,0.0000,-0.0557,0.0000,-0.0005,0.000,32.41,44.0,1,2049
51858546,216.027,216.027,0.0000,-0.0053,0.0000,-0.0005,0.000,32.41,44.0,1,2049
51859879,216.027,216.027,0.0000,0.0481,0.0000,-0.0005,0.000,32.41,44.0,1,2049
51860570,216.027,216.027,0.0000,-0.0145,0.0000,-0.0005,0.000,32.41,44.0,1,2049
51861572,216.027,216.027,0.0000,-0.0008,0.0000,-0.0005,0.000,32.41,44.0,1,2049
51862883,216.027,216.027,0.0000,-0.0465,0.0000,-0.0005,0.000,32.41,44.0,1,2049
51863544,216.027,216.027,0.0000,-0.0008,0.0000,-0.0005,0.000,32.41,44.0,1,2049
51864918,216.027,216.027,0.0000,0.0389,0.0000,-0.0005,0.000,32.41,44.0,1,2049
51865551,216.027,216.027,0.0000,-0.0252,0.0000,-0.0005,0.000,32.41,44.0,1,2049
51866870,216.027,216.027,0.0000,0.0008,0.0000,-0.0005,0.000,32.41,44.0,1,2049
51867546,216.027,216.027,0.0000,0.0999,0.0000,-0.0005,0.000,32.41,44.0,1,2049
51868588,216.027,216.027,0.0000,0.1045,0.0000,-0.0005,0.000,32.41,44.0,1,2049
51869873,216.027,216.027,0.0000,-0.0465,0.0000,-0.0005,0.000,32.41,44.0,1,2049
51870555,216.027,216.027,0.0000,-0.0908,0.0000,-0.0005,0.000,32.41,44.0,1,2049
51871549,216.027,216.027,0.0000,-0.0420,0.0000,-0.0005,0.000,32.41,44.0,1,2049
51872583,216.027,216.027,0.0000,-0.0328,0.0000,-0.0005,0.000,32.41,44.0,1,2049
51873550,216.027,216.027,0.0000,0.0542,0.0000,-0.0005,0.000,32.41,44.0,1,2049
51874874,216.027,216.027,0.0000,0.0206,0.0000,-0.0005,0.000,32.41,44.0,1,2049
51875549,216.027,216.027,0.0000,-0.0923,0.0000,-0.0005,0.000,32.41,44.0,1,2049
51876588,216.027,216.027,0.0000,0.0801,0.0000,-0.0005,0.000,32.41,44.0,1,2049
51877550,216.027,216.027,0.0000,0.0481,0.0000,-0.0005,0.000,32.41,44.0,1,2049
51878551,216.027,216.027,0.0000,-0.0450,0.0000,-0.0005,0.000,32.41,44.0,1,2049
51879868,216.027,216.027,0.0000,0.0069,0.0000,-0.0005,0.000,32.41,44.0,1,2049
51880587,216.027,216.027,0.0000,0.0053,0.0000,-0.0005,0.000,32.41,44.0,1,2049
51881552,216.027,216.027,0.0000,0.0313,0.0000,-0.0005,0.000,32.41,44.0,1,2049
51882862,216.027,216.027,0.0000,0.0481,0.0000,-0.0005,0.000,32.41,44.0,1,2049
51883544,216.027,216.027,0.0000,0.0206,0.0000,-0.0005,0.000,32.41,44.0,1,2049
51884906,216.027,216.027,0.0000,0.0450,0.0000,-0.0005,0.000,32.41,44.0,1,2049
51885551,216.027,216.027,0.0000,0.0740,0.0000,-0.0005,0.000,32.41,44.0,1,2049
51886870,216.027,216.027,0.0000,0.0282,0.0000,-0.0005,0.000,32.41,44.0,1,2049
51887546,216.027,216.027,0.0000,-0.1778,0.0000,-0.0005,0.000,32.41,44.0,1,2049
51888588,216.027,216.027,0.0000,-0.1152,0.0000,-0.0005,0.000,32.41,44.0,1,2049
51889873,216.027,216.027,0.0000,0.0343,0.0000,-0.0005,0.000,32.41,44.0,1,2049
51890649,216.027,216.027,0.0000,-0.0053,0.0000,-0.0005,0.000,32.41,44.0,1,2049
51891552,216.027,216.027,0.0000,-0.0893,0.0000,-0.0005,0.000,32.41,44.0,1,2049
51892544,216.027,216.027,0.0000,0.0099,0.0000,-0.0005,0.000,32.41,44.0,1,2049
51893605,216.027,216.027,0.0000,0.0435,0.0000,-0.0005,0.000,32.41,44.0,1,2049
51894887,216.027,216.027,0.0000,0.0587,0.0000,-0.0005,0.000,32.41,44.0,1,2049
51895570,216.027,216.027,0.0000,0.0526,0.0000,-0.0005,0.000,32.41,44.0,1,2049
51896571,216.027,216.027,0.0000,0.0908,0.0000,-0.0005,0.000,32.41,44.0,1,2049
51897568,216.027,216.049,0.0000,0.0557,0.0000,-0.0005,0.000,32.41,44.0,1,2049
51898566,216.049,216.027,0.0000,-0.0237,0.0000,-0.0005,0.000,32.41,44.0,1,2049
51899883,216.027,216.027,0.0000,0.0237,0.0000,-0.0005,0.000,32.41,44.0,1,2049
51900570,216.027,216.027,0.0000,-0.0008,0.0000,-0.0005,0.000,32.41,44.0,1,2049
51901571,216.027,216.027,0.0000,-0.0542,0.0000,-0.0005,0.000,32.41,44.0,1,2049
51902880,216.027,216.027,0.0000,0.1228,0.0000,-0.0005,0.000,32.41,44.0,1,2049
51903568,216.027,216.027,0.0000,0.0450,0.0000,-0.0005,0.000,32.41,44.0,1,2049
51904883,216.027,216.027,0.0000,0.1183,0.0000,-0.0005,0.000,32.41,44.0,1,2049
51905570,216.027,216.027,0.0000,-0.0679,0.0000,-0.0005,0.000,32.41,44.0,1,2049
51906888,216.027,216.027,0.0000,0.1396,0.0000,-0.0005,0.000,32.41,44.0,1,2049
51907570,216.027,216.027,0.0000,0.0038,0.0000,-0.0005,0.000,32.41,44.0,1,2049
51908571,216.027,216.027,0.0000,-0.0404,0.0000,-0.0005,0.000,32.41,44.0,1,2049
51909865,216.027,216.027,0.0000,0.0511,0.0000,-0.0005,0.000,32.41,44.0,1,2049
51910567,216.027,216.027,0.0000,0.0679,0.0000,-0.0005,0.000,32.41,44.0,1,2049
51911571,216.027,216.027,0.0000,0.0221,0.0000,-0.0005,0.000,32.41,44.0,1,2049
51912567,216.027,216.027,0.0000,-0.0801,0.0000,-0.0005,0.000,32.41,44.0,1,2049
51913571,216.027,216.027,0.0000,0.0221,0.0000,-0.0005,0.000,32.41,44.0,1,2049
51914863,216.027,216.027,0.0000,0.0099,0.0000,-0.0005,0.000,32.41,44.0,1,2049
51915598,216.027,216.027,0.0000,0.0557,0.0000,-0.0005,0.000,32.41,44.0,1,2049
51916552,216.027,216.027,0.0000,0.0450,0.0000,-0.0005,0.000,32.41,44.0,1,2049
51917551,216.027,216.027,0.0000,-0.1411,0.0000,-0.0005,0.000,32.41,44.0,1,2049
51918544,216.027,216.027,0.0000,0.1030,0.0000,-0.0005,0.000,32.41,44.0,1,2049
51919903,216.027,216.049,0.0000,0.0603,0.0000,-0.0005,0.000,32.41,44.0,1,2049
51920550,216.049,216.027,0.0000,-0.1091,0.0000,-0.0005,0.000,32.41,44.0,1,2049
51921556,216.027,216.027,0.0000,-0.0420,0.0000,-0.0005,0.000,32.41,44.0,1,2049
51922855,216.027,216.027,0.0000,0.0237,0.0000,-0.0005,0.000,32.41,44.0,1,2049
51923589,216.027,216.027,0.0000,-0.0954,0.0000,-0.0005,0.000,32.41,44.0,1,2049
51924870,216.027,216.027,0.0000,-0.0526,0.0000,-0.0005,0.000,32.41,44.0,1,2049
51925553,216.027,216.027,0.0000,-0.0282,0.0000,-0.0005,0.000,32.41,44.0,1,2049
51926865,216.027,216.027,0.0000,0.0252,0.0000,-0.0005,0.000,32.41,44.0,1,2049
51927590,216.027,216.027,0.0000,0.1259,0.0000,-0.0005,0.000,32.41,44.0,1,2049
51928552,216.027,216.027,0.0000,-0.0832,0.0000,-0.0005,0.000,32.41,44.0,1,2049
51929874,216.027,216.027,0.0000,0.1152,0.0000,-0.0005,0.000,32.41,44.0,1,2049
51930544,216.027,216.027,0.0000,-0.0908,0.0000,-0.0005,0.000,32.41,44.0,1,2049
51931595,216.027,216.027,0.0000,0.1198,0.0000,-0.0005,0.000,32.41,44.0,1,2049
51932547,216.027,216.027,0.0000,-0.0847,0.0000,-0.0005,0.000,32.41,44.0,1,2049
51933551,216.027,216.027,0.0000,0.0038,0.0000,-0.0005,0.000,32.41,44.0,1,2049
51934867,216.027,216.027,0.0000,-0.0954,0.0000,-0.0005,0.000,32.41,44.0,1,2049
51935590,216.027,216.027,0.0000,-0.0710,0.0000,-0.0005,0.000,32.41,44.0,1,2049
51936552,216.027,216.027,0.0000,0.0298,0.0000,-0.0005,0.000,32.41,44.0,1,2049
51937551,216.027,216.027,0.0000,-0.0221,0.0000,-0.0005,0.000,32.41,44.0,1,2049
51938544,216.027,216.027,0.0000,0.0511,0.0000,-0.0005,0.000,32.41,44.0,1,2049
51939905,216.027,216.027,0.0000,0.0099,0.0000,-0.0005,0.000,32.41,44.0,1,2049
51940550,216.027,216.027,0.0000,0.1122,0.0000,-0.0005,0.000,32.41,44.0,1,2049
51941654,216.027,216.027,0.0000,-0.0069,0.0000,-0.0005,0.000,32.41,44.0,1,2049
51942865,216.027,216.027,0.0000,0.0420,0.0000,-0.0005,0.000,32.41,44.0,1,2049
51943545,216.027,216.027,0.0000,0.0206,0.0000,-0.0005,0.000,32.41,44.0,1,2049
51944919,216.027,216.027,0.0000,0.0298,0.0000,-0.0005,0.000,32.41,44.0,1,2049
51945872,216.027,216.027,0.0000,-0.1137,0.0000,-0.0005,0.000,32.41,44.0,1,2049
51947198,216.027,216.027,0.0000,0.0084,0.0000,-0.0005,0.000,32.41,44.0,1,2049
51947874,216.027,216.027,0.0000,-0.0237,0.0000,-0.0005,0.000,32.41,44.0,1,2049
51948874,216.027,216.027,0.0000,0.1320,0.0000,-0.0005,0.000,32.41,44.0,1,2049
51950198,216.027,216.027,0.0000,-0.0404,0.0000,-0.0005,0.000,32.41,44.0,1,2049
51950872,216.027,216.027,0.0000,0.0114,0.0000,-0.0005,0.000,32.41,44.0,1,2049
51951876,216.027,216.027,0.0000,0.0298,0.0000,-0.0005,0.000,32.41,44.0,1,2049
51952873,216.027,216.027,0.0000,-0.0069,0.0000,-0.0005,0.000,32.41,44.0,1,2049
51953875,216.027,216.027,0.0000,0.0008,0.0000,-0.0005,0.000,32.41,44.0,1,2049
51955200,216.027,216.027,0.0000,-0.0069,0.0000,-0.0005,0.000,32.41,44.0,1,2049
51955870,216.027,216.027,0.0000,0.0603,0.0000,-0.0005,0.000,32.41,44.0,1,2049
51956872,216.027,216.027,0.0000,-0.1076,0.0000,-0.0005,0.000,32.41,44.0,1,2049
51957876,216.027,216.027,0.0000,0.0465,0.0000,-0.0005,0.000,32.41,44.0,1,2049
51958873,216.027,216.027,0.0000,-0.0069,0.0000,-0.0005,0.000,32.41,44.0,1,2049
51960198,216.027,216.027,0.0000,0.0603,0.0000,-0.0005,0.000,32.41,44.0,1,2049
51960872,216.027,216.027,0.0000,0.0771,0.0000,-0.0005,0.000,32.41,44.0,1,2049
51961873,216.027,216.027,0.0000,-0.0908,0.0000,-0.0005,0.000,32.41,44.0,1,2049
51963191,216.027,216.027,0.0000,0.0496,0.0000,-0.0005,0.000,32.41,44.0,1,2049
51963569,216.027,216.027,0.0000,-0.0587,0.0000,-0.0005,0.000,32.41,44.0,1,2049
51964883,216.027,216.027,0.0000,0.0114,0.0000,-0.0005,0.000,32.41,44.0,1,2049
51965570,216.027,216.027,0.0000,-0.0053,0.0000,-0.0005,0.000,32.41,44.0,1,2049
51966869,216.027,216.027,0.0000,-0.0099,0.0000,-0.0005,0.000,32.41,44.0,1,2049
51967544,216.027,216.027,0.0000,-0.0587,0.0000,-0.0005,0.000,32.41,44.0,1,2049
51968574,216.027,216.027,0.0000,0.0374,0.0000,-0.0005,0.000,32.41,44.0,1,2049
51969880,216.027,216.027,0.0000,-0.0923,0.0000,-0.0005,0.000,32.41,44.0,1,2049
51970570,216.027,216.027,0.0000,-0.0359,0.0000,-0.0005,0.000,32.41,44.0,1,2049
51971576,216.027,216.027,0.0000,0.0145,0.0000,-0.0005,0.000,32.41,44.0,1,2049
51972544,216.027,216.027,0.0000,-0.0267,0.0000,-0.0005,0.000,32.41,44.0,1,2049
51973597,216.027,216.027,0.0000,0.0618,0.0000,-0.0005,0.000,32.41,44.0,1,2049
51974873,216.027,216.027,0.0000,-0.0343,0.0000,-0.0005,0.000,32.41,44.0,1,2049
51975552,216.027,216.027,0.0000,-0.0908,0.0000,-0.0005,0.000,32.41,44.0,1,2049
51976549,216.027,216.027,0.0000,0.0038,0.0000,-0.0005,0.000,32.41,44.0,1,2049
51977586,216.027,216.027,0.0000,-0.1060,0.0000,-0.0005,0.000,32.41,44.0,1,2049
51978547,216.027,216.027,0.0000,0.1152,0.0000,-0.0005,0.000,32.41,44.0,1,2049
51979877,216.027,216.027,0.0000,-0.1137,0.0000,-0.0005,0.000,32.41,44.0,1,2049
51980545,216.027,216.027,0.0000,-0.0313,0.0000,-0.0005,0.000,32.41,44.0,1,2049
51981591,216.027,216.027,0.0000,0.0725,0.0000,-0.0005,0.000,32.41,44.0,1,2049
51982862,216.027,216.027,0.0000,-0.0603,0.0000,-0.0005,0.000,32.41,44.0,1,2049
51983552,216.027,216.027,0.0000,0.1045,0.0000,-0.0005,0.000,32.41,44.0,1,2049
51984868,216.027,216.027,0.0000,-0.0160,0.0000,-0.0005,0.000,32.41,44.0,1,2049
51985587,216.027,216.027,0.0000,-0.0404,0.0000,-0.0005,0.000,32.41,44.0,1,2049
51986877,216.027,216.027,0.0000,-0.0191,0.0000,-0.0005,0.000,32.41,44.0,1,2049
51987551,216.027,216.027,0.0000,-0.0114,0.0000,-0.0005,0.000,32.41,44.0,1,2049
51988549,216.027,216.027,0.0000,-0.0450,0.0000,-0.0005,0.000,32.41,44.0,1,2049
51989906,216.027,216.027,0.0000,-0.0938,0.0000,-0.0005,0.000,32.41,44.0,1,2049
51990551,216.027,216.027,0.0000,0.0282,0.0000,-0.0005,0.000,32.41,44.0,1,2049
51991653,216.027,216.027,0.0000,-0.0267,0.0000,-0.0005,0.000,32.41,44.0,1,2049
51992546,216.027,216.027,0.0000,0.1473,0.0000,-0.0005,0.000,32.41,44.0,1,2049
51993566,216.027,216.027,0.0000,0.0175,0.0000,-0.0005,0.000,32.41,44.0,1,2049
51994920,216.027,216.027,0.0000,-0.0114,0.0000,-0.0005,0.000,32.41,44.0,1,2049
51995872,216.027,216.027,0.0000,0.0023,0.0000,-0.0005,0.000,32.41,44.0,1,2049
51996872,216.027,216.027,0.0000,-0.0374,0.0000,-0.0005,0.000,32.41,44.0,1,2049
51997874,216.027,216.027,0.0000,-0.0740,0.0000,-0.0005,0.000,32.41,44.0,1,2049
51998873,216.027,216.027,0.0000,0.0328,0.0000,-0.0005,0.000,32.41,44.0,1,2049
52000196,216.027,216.027,0.0000,-0.2113,0.0000,-0.0005,0.000,32.41,44.0,1,2049
52000867,216.027,216.027,0.0000,-0.0145,0.0000,-0.0005,0.000,32.41,44.0,1,2049
52001874,216.027,216.027,0.0000,0.0511,0.0000,-0.0005,0.000,32.41,44.0,1,2049
52003196,216.027,216.027,0.0000,0.0786,0.0000,-0.0005,0.000,32.41,44.0,1,2049
52003565,216.027,216.027,0.0000,0.0053,0.0000,-0.0005,0.000,32.41,44.0,1,2049
52004882,216.027,216.027,0.0000,-0.0633,0.0000,-0.0005,0.000,32.41,44.0,1,2049
52005571,216.027,216.027,0.0000,0.1198,0.0000,-0.0005,0.000,32.41,44.0,1,2049
52006887,216.027,216.027,0.0000,0.0679,0.0000,-0.0005,0.000,32.41,44.0,1,2049
52007569,216.027,216.027,0.0000,-0.2022,0.0000,-0.0005,0.000,32.41,44.0,1,2049
52008571,216.027,216.027,0.0000,0.0175,0.0000,-0.0005,0.000,32.41,44.0,1,2049
52009882,216.027,216.027,0.0000,0.0053,0.0000,-0.0005,0.000,32.41,44.0,1,2049
52010571,216.027,216.027,0.0000,0.0343,0.0000,-0.0005,0.000,32.41,44.0,1,2049
52011569,216.027,216.027,0.0000,0.0511,0.0000,-0.0005,0.000,32.41,44.0,1,2049
52012547,216.027,216.027,0.0000,-0.0099,0.0000,-0.0005,0.000,32.41,44.0,1,2049
52013563,216.027,216.027,0.0000,0.0679,0.0000,-0.0005,0.000,32.41,44.0,1,2049
52014882,216.027,216.027,0.0000,-0.1488,0.0000,-0.0005,0.000,32.41,44.0,1,2049
52015570,216.027,216.027,0.0000,0.1167,0.0000,-0.0005,0.000,32.41,44.0,1,2049
52016576,216.027,216.027,0.0000,-0.0755,0.0000,-0.0005,0.000,32.41,44.0,1,2049
52017544,216.027,216.027,0.0000,0.1549,0.0000,-0.0005,0.000,32.41,44.0,1,2049
52018594,216.027,216.027,0.0000,-0.0923,0.0000,-0.0005,0.000,32.41,44.0,1,2049
52019873,216.027,216.027,0.0000,0.0374,0.0000,-0.0005,0.000,32.41,44.0,1,2049
52020552,216.027,216.027,0.0000,0.0420,0.0000,-0.0005,0.000,32.41,44.0,1,2049
52021549,216.027,216.027,0.0000,-0.0343,0.0000,-0.0005,0.000,32.41,44.0,1,2049
52022900,216.027,216.027,0.0000,-0.0023,0.0000,-0.0005,0.000,32.41,44.0,1,2049
52023547,216.027,216.027,0.0000,0.0526,0.0000,-0.0005,0.000,32.41,44.0,1,2049
52024875,216.027,216.027,0.0000,-0.0465,0.0000,-0.0005,0.000,32.41,44.0,1,2049
52025545,216.027,216.027,0.0000,0.0175,0.0000,-0.0005,0.000,32.41,44.0,1,2049
52026912,216.027,216.027,0.0000,0.0267,0.0000,-0.0005,0.000,32.41,44.0,1,2049
52027551,216.027,216.027,0.0000,-0.0069,0.0000,-0.0005,0.000,32.41,44.0,1,2049
52028556,216.027,216.027,0.0000,-0.0938,0.0000,-0.0005,0.000,32.41,44.0,1,2049
52029857,216.027,216.027,0.0000,0.0114,0.0000,-0.0005,0.000,32.41,44.0,1,2049
52030586,216.027,216.027,0.0000,0.0847,0.0000,-0.0005,0.000,32.41,44.0,1,2049
52031552,216.027,216.027,0.0000,-0.0816,0.0000,-0.0005,0.000,32.41,44.0,1,2049
52032551,216.027,216.027,0.0000,-0.0572,0.0000,-0.0005,0.000,32.41,44.0,1,2049
52033544,216.027,216.027,0.0000,-0.0313,0.0000,-0.0005,0.000,32.41,44.0,1,2049
52034905,216.027,216.027,0.0000,-0.0694,0.0000,-0.0005,0.000,32.41,44.0,1,2049
52035551,216.027,216.027,0.0000,0.0084,0.0000,-0.0005,0.000,32.41,44.0,1,2049
52036556,216.027,216.027,0.0000,0.0145,0.0000,-0.0005,0.000,32.41,44.0,1,2049
52037544,216.027,216.027,0.0000,-0.0740,0.0000,-0.0005,0.000,32.41,44.0,1,2049
52038584,216.027,216.027,0.0000,-0.0694,0.0000,-0.0005,0.000,32.41,44.0,1,2049
52039872,216.027,216.027,0.0000,0.0313,0.0000,-0.0005,0.000,32.41,44.0,1,2049
52040554,216.027,216.027,0.0000,-0.0313,0.0000,-0.0005,0.000,32.41,44.0,1,2049
52041549,216.027,216.027,0.0000,0.1808,0.0000,-0.0005,0.000,32.41,44.0,1,2049
52042972,216.027,216.027,0.0000,0.0877,0.0000,-0.0005,0.000,32.41,44.0,1,2049
52043549,216.027,216.027,0.0000,0.1228,0.0000,-0.0005,0.000,32.41,44.0,1,2049
52044865,216.027,216.027,0.0000,0.0404,0.0000,-0.0005,0.000,32.41,44.0,1,2049
52045608,216.027,216.027,0.0000,-0.0603,0.0000,-0.0005,0.000,32.41,44.0,1,2049
52046890,216.027,216.027,0.0000,0.0160,0.0000,-0.0005,0.000,32.41,44.0,1,2049
52047570,216.027,216.027,0.0000,0.1366,0.0000,-0.0005,0.000,32.41,44.0,1,2049
52048572,216.027,216.027,0.0000,-0.1015,0.0000,-0.0005,0.000,32.41,44.0,1,2049
52049883,216.027,216.027,0.0000,-0.0587,0.0000,-0.0005,0.000,32.41,44.0,1,2049
52050571,216.027,216.027,0.0000,-0.0145,0.0000,-0.0005,0.000,32.41,44.0,1,2049
52051572,216.027,216.027,0.0000,0.0328,0.0000,-0.0005,0.000,32.41,44.0,1,2049
52052567,216.027,216.027,0.0000,-0.1518,0.0000,-0.0005,0.000,32.41,44.0,1,2049
52053566,216.027,216.027,0.0000,0.1076,0.0000,-0.0005,0.000,32.41,44.0,1,2049
52054883,216.027,216.027,0.0000,-0.0923,0.0000,-0.0005,0.000,32.41,44.0,1,2049
52055570,216.027,216.027,0.0000,0.0099,0.0000,-0.0005,0.000,32.41,44.0,1,2049
52056572,216.027,216.027,0.0000,-0.0023,0.0000,-0.0005,0.000,32.41,44.0,1,2049
52057567,216.027,216.027,0.0000,-0.0267,0.0000,-0.0005,0.000,32.41,44.0,1,2049
52058567,216.027,216.027,0.0000,0.0938,0.0000,-0.0005,0.000,32.41,44.0,1,2049
52059887,216.027,216.027,0.0000,0.0481,0.0000,-0.0005,0.000,32.41,44.0,1,2049
52060548,216.027,216.027,0.0000,-0.0465,0.0000,-0.0005,0.000,32.41,44.0,1,2049
52061549,216.027,216.027,0.0000,0.0618,0.0000,-0.0005,0.000,32.41,44.0,1,2049
52062881,216.027,216.027,0.0000,-0.0954,0.0000,-0.0005,0.000,32.41,44.0,1,2049
52063566,216.027,216.027,0.0000,0.1137,0.0000,-0.0005,0.000,32.41,44.0,1,2049
52064883,216.027,216.027,0.0000,0.0435,0.0000,-0.0005,0.000,32.41,44.0,1,2049
52065576,216.027,216.027,0.0000,0.0801,0.0000,-0.0005,0.000,32.41,44.0,1,2049
52066869,216.027,216.027,0.0000,-0.1259,0.0000,-0.0005,0.000,32.41,44.0,1,2049
52067604,216.027,216.027,0.0000,-0.0618,0.0000,-0.0005,0.000,32.41,44.0,1,2049
52068550,216.027,216.027,0.0000,0.0191,0.0000,-0.0005,0.000,32.41,44.0,1,2049
52069873,216.027,216.027,0.0000,-0.0175,0.0000,-0.0005,0.000,32.41,44.0,1,2049
52070544,216.027,216.027,0.0000,0.0984,0.0000,-0.0005,0.000,32.41,44.0,1,2049
52071597,216.027,216.027,0.0000,0.0191,0.0000,-0.0005,0.000,32.41,44.0,1,2049
52072545,216.027,216.027,0.0000,0.0008,0.0000,-0.0005,0.000,32.41,44.0,1,2049
52073551,216.027,216.027,0.0000,-0.0771,0.0000,-0.0005,0.000,32.41,44.0,1,2049
52074867,216.027,216.027,0.0000,-0.0298,0.0000,-0.0005,0.000,32.41,44.0,1,2049
52075592,216.027,216.027,0.0000,0.0618,0.0000,-0.0005,0.000,32.41,44.0,1,2049
52076550,216.027,216.027,0.0000,-0.0908,0.0000,-0.0005,0.000,32.41,44.0,1,2049
52077551,216.027,216.027,0.0000,-0.0175,0.0000,-0.0005,0.000,32.41,44.0,1,2049
52078544,216.027,216.027,0.0000,0.0023,0.0000,-0.0005,0.000,32.41,44.0,1,2049
52079906,216.027,216.027,0.0000,0.0267,0.0000,-0.0005,0.000,32.41,44.0,1,2049
52080547,216.027,216.027,0.0000,-0.0191,0.0000,-0.0005,0.000,32.41,44.0,1,2049
52081556,216.027,216.027,0.0000,-0.0206,0.0000,-0.0005,0.000,32.41,44.0,1,2049
52082856,216.027,216.027,0.0000,0.0664,0.0000,-0.0005,0.000,32.41,44.0,1,2049
52083591,216.027,216.027,0.0000,-0.0999,0.0000,-0.0005,0.000,32.41,44.0,1,2049
52084868,216.027,216.027,0.0000,-0.1152,0.0000,-0.0005,0.000,32.41,44.0,1,2049
52085553,216.027,216.027,0.0000,0.2266,0.0000,-0.0005,0.000,32.41,44.0,1,2049
52086864,216.027,216.027,0.0000,-0.0511,0.0000,-0.0005,0.000,32.41,44.0,1,2049
52087592,216.027,216.027,0.0000,0.1518,0.0000,-0.0005,0.000,32.41,44.0,1,2049
52088550,216.027,216.027,0.0000,0.0298,0.0000,-0.0005,0.000,32.41,44.0,1,2049
52089874,216.027,216.027,0.0000,0.0130,0.0000,-0.0005,0.000,32.41,44.0,1,2049
52090544,216.027,216.027,0.0000,0.0206,0.0000,-0.0005,0.000,32.41,44.0,1,2049
52091597,216.027,216.027,0.0000,0.0435,0.0000,-0.0005,0.000,32.41,44.0,1,2049
52092545,216.027,216.027,0.0000,-0.0023,0.0000,-0.0005,0.000,32.41,44.0,1,2049
52093649,216.027,216.027,0.0000,0.0298,0.0000,-0.0005,0.000,32.41,44.0,1,2049
52094871,216.027,216.027,0.0000,0.0313,0.0000,-0.0005,0.000,32.41,44.0,1,2049
52095545,216.027,216.027,0.0000,-0.0008,0.0000,-0.0005,0.000,32.41,44.0,1,2049
52096615,216.027,216.027,0.0000,-0.0755,0.0000,-0.0005,0.000,32.41,44.0,1,2049
52097567,216.027,216.027,0.0000,-0.0877,0.0000,-0.0005,0.000,32.41,44.0,1,2049
52098566,216.027,216.027,0.0000,-0.0633,0.0000,-0.0005,0.000,32.41,44.0,1,2049
52099883,216.027,216.027,0.0000,-0.0359,0.0000,-0.0005,0.000,32.41,44.0,1,2049
52100570,216.027,216.027,0.0000,-0.1534,0.0000,-0.0005,0.000,32.41,44.0,1,2049
52101572,216.027,216.027,0.0000,0.0572,0.0000,-0.0005,0.000,32.41,44.0,1,2049
52102880,216.027,216.027,0.0000,-0.0160,0.0000,-0.0005,0.000,32.41,44.0,1,2049
52103568,216.027,216.027,0.0000,0.1381,0.0000,-0.0005,0.000,32.41,44.0,1,2049
52104883,216.027,216.027,0.0000,0.1305,0.0000,-0.0005,0.000,32.41,44.0,1,2049
52105570,216.027,216.027,0.0000,0.0328,0.0000,-0.0005,0.000,32.41,44.0,1,2049
52106889,216.027,216.027,0.0000,-0.0618,0.0000,-0.0005,0.000,32.41,44.0,1,2049
52107570,216.027,216.027,0.0000,0.0511,0.0000,-0.0005,0.000,32.41,44.0,1,2049
52108573,216.027,216.027,0.0000,0.1060,0.0000,-0.0005,0.000,32.41,44.0,1,2049
52109883,216.027,216.027,0.0000,0.0282,0.0000,-0.0005,0.000,32.41,44.0,1,2049
52110571,216.027,216.027,0.0000,0.0404,0.0000,-0.0005,0.000,32.41,44.0,1,2049
52111550,216.027,216.027,0.0000,0.0084,0.0000,-0.0005,0.000,32.41,44.0,1,2049
52112544,216.027,216.027,0.0000,0.0511,0.0000,-0.0005,0.000,32.41,44.0,1,2049
52113567,216.027,216.027,0.0000,-0.0114,0.0000,-0.0005,0.000,32.41,44.0,1,2049
52114882,216.027,216.027,0.0000,0.0282,0.0000,-0.0005,0.000,32.41,44.0,1,2049
52115571,216.027,216.027,0.0000,-0.0771,0.0000,-0.0005,0.000,32.41,44.0,1,2049
52116577,216.027,216.027,0.0000,0.0359,0.0000,-0.0005,0.000,32.41,44.0,1,2049
52117544,216.027,216.027,0.0000,0.1335,0.0000,-0.0005,0.000,32.41,44.0,1,2049
52118596,216.027,216.027,0.0000,-0.0084,0.0000,-0.0005,0.000,32.41,44.0,1,2049
52119870,216.027,216.027,0.0000,-0.0450,0.0000,-0.0005,0.000,32.41,44.0,1,2049
52120553,216.027,216.027,0.0000,0.0694,0.0000,-0.0005,0.000,32.41,44.0,1,2049
52121549,216.027,216.027,0.0000,-0.0328,0.0000,-0.0005,0.000,32.41,44.0,1,2049
52122901,216.027,216.027,0.0000,0.0038,0.0000,-0.0005,0.000,32.41,44.0,1,2049
52123546,216.027,216.027,0.0000,-0.0725,0.0000,-0.0005,0.000,32.41,44.0,1,2049
52124875,216.027,216.027,0.0000,0.0237,0.0000,-0.0005,0.000,32.41,44.0,1,2049
52125545,216.027,216.027,0.0000,-0.0542,0.0000,-0.0005,0.000,32.41,44.0,1,2049
52126913,216.027,216.027,0.0000,0.0801,0.0000,-0.0005,0.000,32.41,44.0,1,2049
52127550,216.027,216.027,0.0000,-0.1381,0.0000,-0.0005,0.000,32.41,44.0,1,2049
52128556,216.027,216.027,0.0000,0.0328,0.0000,-0.0005,0.000,32.41,44.0,1,2049
52129857,216.027,216.027,0.0000,-0.0923,0.0000,-0.0005,0.000,32.41,44.0,1,2049
52130587,216.027,216.027,0.0000,0.1060,0.0000,-0.0005,0.000,32.41,44.0,1,2049
52131550,216.027,216.027,0.0000,0.0389,0.0000,-0.0005,0.000,32.41,44.0,1,2049
52132551,216.027,216.027,0.0000,-0.0816,0.0000,-0.0005,0.000,32.41,44.0,1,2049
52133544,216.027,216.027,0.0000,-0.0191,0.0000,-0.0005,0.000,32.41,44.0,1,2049
52134907,216.027,216.027,0.0000,0.0374,0.0000,-0.0005,0.000,32.41,44.0,1,2049
52135857,216.027,216.027,0.0000,-0.0679,0.0000,-0.0005,0.000,32.41,44.0,1,2049
52136863,216.027,216.027,0.0000,0.0328,0.0000,-0.0005,0.000,32.41,44.0,1,2049
52137860,216.027,216.027,0.0000,-0.0694,0.0000,-0.0005,0.000,32.41,44.0,1,2049
52138889,216.027,216.027,0.0000,0.0038,0.0000,-0.0005,0.000,32.41,44.0,1,2049
52140185,216.027,216.027,0.0000,-0.0343,0.0000,-0.0005,0.000,32.41,44.0,1,2049
52140859,216.027,216.027,0.0000,-0.0496,0.0000,-0.0005,0.000,32.41,44.0,1,2049
52141858,216.027,216.027,0.0000,-0.0389,0.0000,-0.0005,0.000,32.41,44.0,1,2049
52143281,216.027,216.027,0.0000,0.0084,0.0000,-0.0005,0.000,32.41,44.0,1,2049
52143888,216.027,216.027,0.0000,0.0359,0.0000,-0.0005,0.000,32.41,44.0,1,2049
52145193,216.027,216.027,0.0000,-0.0252,0.0000,-0.0005,0.000,32.41,44.0,1,2049
52145858,216.027,216.027,0.0000,-0.1137,0.0000,-0.0005,0.000,32.41,44.0,1,2049
52147181,216.027,216.027,0.0000,0.0206,0.0000,-0.0005,0.000,32.41,44.0,1,2049
52147854,216.027,216.027,0.0000,0.1503,0.0000,-0.0005,0.000,32.41,44.0,1,2049
52148900,216.027,216.027,0.0000,-0.0282,0.0000,-0.0005,0.000,32.41,44.0,1,2049
52150189,216.027,216.027,0.0000,-0.0298,0.0000,-0.0005,0.000,32.41,44.0,1,2049
52150862,216.027,216.027,0.0000,-0.0679,0.0000,-0.0005,0.000,32.41,44.0,1,2049
52151866,216.027,216.027,0.0000,-0.0664,0.0000,-0.0005,0.000,32.41,44.0,1,2049
52152868,216.027,216.027,0.0000,0.0938,0.0000,-0.0005,0.000,32.41,44.0,1,2049
52153865,216.027,216.027,0.0000,0.0435,0.0000,-0.0005,0.000,32.41,44.0,1,2049
52155193,216.027,216.027,0.0000,0.0313,0.0000,-0.0005,0.000,32.41,44.0,1,2049
52155862,216.027,216.027,0.0000,-0.1305,0.0000,-0.0005,0.000,32.41,44.0,1,2049
52156868,216.027,216.027,0.0000,-0.0496,0.0000,-0.0005,0.000,32.41,44.0,1,2049
52157868,216.027,216.027,0.0000,0.0481,0.0000,-0.0005,0.000,32.41,44.0,1,2049
52158867,216.027,216.027,0.0000,-0.0298,0.0000,-0.0005,0.000,32.41,44.0,1,2049
52160188,216.027,216.027,0.0000,-0.1045,0.0000,-0.0005,0.000,32.41,44.0,1,2049
52160865,216.027,216.027,0.0000,-0.0038,0.0000,-0.0005,0.000,32.41,44.0,1,2049
52161864,216.027,216.027,0.0000,-0.0679,0.0000,-0.0005,0.000,32.41,44.0,1,2049
52163186,216.027,216.027,0.0000,0.0374,0.0000,-0.0005,0.000,32.41,44.0,1,2049
52163565,216.027,216.027,0.0000,0.0420,0.0000,-0.0005,0.000,32.41,44.0,1,2049
52164884,216.027,216.027,0.0000,-0.0938,0.0000,-0.0005,0.000,32.41,44.0,1,2049
52165861,216.027,216.027,0.0000,-0.0786,0.0000,-0.0005,0.000,32.41,44.0,1,2049
52167189,216.027,216.027,0.0000,0.1213,0.0000,-0.0005,0.000,32.41,44.0,1,2049
52167859,216.027,216.027,0.0000,-0.0969,0.0000,-0.0005,0.000,32.41,44.0,1,2049
52168865,216.027,216.027,0.0000,0.0832,0.0000,-0.0005,0.000,32.41,44.0,1,2049
52170181,216.027,216.027,0.0000,-0.0923,0.0000,-0.0005,0.000,32.44,44.0,1,2049
52170857,216.027,216.027,0.0000,0.0603,0.0000,-0.0005,0.000,32.44,44.0,1,2049
52171857,216.027,216.027,0.0000,-0.0389,0.0000,-0.0005,0.000,32.44,44.0,1,2049
52172858,216.027,216.027,0.0000,-0.0603,0.0000,-0.0005,0.000,32.44,44.0,1,2049
52173867,216.027,216.027,0.0000,0.0648,0.0000,-0.0005,0.000,32.44,44.0,1,2049
52175190,216.027,216.027,0.0000,-0.0328,0.0000,-0.0005,0.000,32.44,44.0,1,2049
52175864,216.027,216.027,0.0000,0.0374,0.0000,-0.0005,0.000,32.44,44.0,1,2049
52176866,216.027,216.027,0.0000,0.0175,0.0000,-0.0005,0.000,32.44,44.0,1,2049
52177868,216.027,216.027,0.0000,-0.0496,0.0000,-0.0005,0.000,32.44,44.0,1,2049
52178868,216.027,216.027,0.0000,-0.0145,0.0000,-0.0005,0.000,32.44,44.0,1,2049
52180184,216.027,216.027,0.0000,0.0114,0.0000,-0.0005,0.000,32.44,44.0,1,2049
52180750,216.027,216.027,0.0000,0.0282,0.0000,-0.0005,0.000,32.44,44.0,1,2049
52181873,216.027,216.027,0.0000,0.0618,0.0000,-0.0005,0.000,32.44,44.0,1,2049
52183169,216.027,216.027,0.0000,0.0679,0.0000,-0.0005,0.000,32.44,44.0,1,2049
52183857,216.027,216.027,0.0000,-0.0435,0.0000,-0.0005,0.000,32.44,44.0,1,2049
52185186,216.027,216.027,0.0000,-0.0755,0.0000,-0.0005,0.000,32.44,44.0,1,2049
52185727,216.027,216.027,0.0000,0.0206,0.0000,-0.0005,0.000,32.44,44.0,1,2049
52187196,216.027,216.027,0.0000,0.0618,0.0000,-0.0005,0.000,32.44,44.0,1,2049
52187851,216.027,216.027,0.0000,-0.0648,0.0000,-0.0005,0.000,32.44,44.0,1,2049
52188860,216.027,216.027,0.0000,-0.0954,0.0000,-0.0005,0.000,32.44,44.0,1,2049
52190168,216.027,216.027,0.0000,-0.0175,0.0000,-0.0005,0.000,32.41,44.0,1,2049
52190729,216.027,216.027,0.0000,-0.0343,0.0000,-0.0005,0.000,32.41,44.0,1,2049
52191871,216.027,216.027,0.0000,-0.1595,0.0000,-0.0005,0.000,32.41,44.0,1,2049
52192857,216.027,216.027,0.0000,0.0313,0.0000,-0.0005,0.000,32.41,44.0,1,2049
52193961,216.027,216.027,0.0000,-0.0038,0.0000,-0.0005,0.000,32.41,44.0,1,2049
52195188,216.027,216.027,0.0000,-0.0587,0.0000,-0.0005,0.000,32.41,44.0,1,2049
52195855,216.027,216.049,0.0000,0.0969,0.0000,-0.0005,0.000,32.41,44.0,1,2049
52196857,216.049,216.027,0.0000,-0.1305,0.0000,-0.0005,0.000,32.41,44.0,1,2049
52197922,216.027,216.027,0.0000,-0.0572,0.0000,-0.0005,0.000,32.41,44.0,1,2049
52198870,216.027,216.027,0.0000,0.0008,0.0000,-0.0005,0.000,32.41,44.0,1,2049
52200189,216.027,216.027,0.0000,0.0481,0.0000,-0.0005,0.000,32.41,44.0,1,2049
52200863,216.027,216.027,0.0000,-0.1427,0.0000,-0.0005,0.000,32.41,44.0,1,2049
52201865,216.027,216.027,0.0000,0.0984,0.0000,-0.0005,0.000,32.41,44.0,1,2049
52203186,216.027,216.027,0.0000,0.0633,0.0000,-0.0005,0.000,32.41,44.0,1,2049
52203566,216.027,216.027,0.0000,0.0771,0.0000,-0.0005,0.000,32.41,44.0,1,2049
52204887,216.027,216.027,0.0000,0.0221,0.0000,-0.0005,0.000,32.41,44.0,1,2049
52205864,216.027,216.027,0.0000,0.0389,0.0000,-0.0005,0.000,32.41,44.0,1,2049
52207190,216.027,216.027,0.0000,0.0420,0.0000,-0.0005,0.000,32.41,44.0,1,2049
52207863,216.027,216.027,0.0000,0.0145,0.0000,-0.0005,0.000,32.41,44.0,1,2049
52208862,216.027,216.027,0.0000,0.0542,0.0000,-0.0005,0.000,32.41,44.0,1,2049
52210191,216.027,216.027,0.0000,0.0008,0.0000,-0.0005,0.000,32.41,44.0,1,2049
52210867,216.027,216.027,0.0000,0.0008,0.0000,-0.0005,0.000,32.41,44.0,1,2049
52211863,216.027,216.027,0.0000,0.0633,0.0000,-0.0005,0.000,32.41,44.0,1,2049
52212863,216.027,216.027,0.0000,0.0816,0.0000,-0.0005,0.000,32.41,44.0,1,2049
52213864,216.027,216.027,0.0000,-0.0923,0.0000,-0.0005,0.000,32.41,44.0,1,2049
52215189,216.027,216.027,0.0000,-0.0023,0.0000,-0.0005,0.000,32.41,44.0,1,2049
52215865,216.027,216.027,0.0000,0.0145,0.0000,-0.0005,0.000,32.41,44.0,1,2049
52216867,216.027,216.027,0.0000,0.0221,0.0000,-0.0005,0.000,32.41,44.0,1,2049
52217865,216.027,216.027,0.0000,0.1442,0.0000,-0.0005,0.000,32.41,44.0,1,2049
52218863,216.027,216.027,0.0000,0.0084,0.0000,-0.0005,0.000,32.41,44.0,1,2049
52220192,216.027,216.027,0.0000,-0.0221,0.0000,-0.0005,0.000,32.41,44.0,1,2049
52220855,216.027,216.027,0.0000,-0.1503,0.0000,-0.0005,0.000,32.41,44.0,1,2049
52221855,216.027,216.027,0.0000,0.0557,0.0000,-0.0005,0.000,32.41,44.0,1,2049
52223173,216.027,216.027,0.0000,-0.0175,0.0000,-0.0005,0.000,32.41,44.0,1,2049
52223566,216.027,216.027,0.0000,-0.1228,0.0000,-0.0005,0.000,32.41,44.0,1,2049
52224883,216.027,216.027,0.0000,0.1289,0.0000,-0.0005,0.000,32.41,44.0,1,2049
52225864,216.027,216.027,0.0000,0.0694,0.0000,-0.0005,0.000,32.41,44.0,1,2049
52227187,216.027,216.027,0.0000,-0.0084,0.0000,-0.0005,0.000,32.41,44.0,1,2049
52227724,216.027,216.027,0.0000,-0.0069,0.0000,-0.0005,0.000,32.41,44.0,1,2049
52228855,216.027,216.027,0.0000,0.0816,0.0000,-0.0005,0.000,32.41,44.0,1,2049
52230216,216.027,216.027,0.0000,0.0038,0.0000,-0.0005,0.000,32.41,44.0,1,2049
52230853,216.027,216.027,0.0000,-0.0847,0.0000,-0.0005,0.000,32.41,44.0,1,2049
52231860,216.027,216.027,0.0000,0.0465,0.0000,-0.0005,0.000,32.41,44.0,1,2049
52232855,216.027,216.027,0.0000,0.0160,0.0000,-0.0005,0.000,32.41,44.0,1,2049
52233883,216.027,216.027,0.0000,0.0374,0.0000,-0.0005,0.000,32.41,44.0,1,2049
52235185,216.027,216.027,0.0000,0.0954,0.0000,-0.0005,0.000,32.41,44.0,1,2049
52235858,216.027,216.027,0.0000,0.1076,0.0000,-0.0005,0.000,32.41,44.0,1,2049
52236856,216.027,216.027,0.0000,0.1442,0.0000,-0.0005,0.000,32.41,44.0,1,2049
52237886,216.027,216.027,0.0000,-0.0191,0.0000,-0.0005,0.000,32.41,44.0,1,2049
52238856,216.027,216.027,0.0000,0.0862,0.0000,-0.0005,0.000,32.41,44.0,1,2049
52240186,216.027,216.027,0.0000,-0.1625,0.0000,-0.0005,0.000,32.41,44.0,1,2049
52240855,216.027,216.027,0.0000,0.0359,0.0000,-0.0005,0.000,32.41,44.0,1,2049
52241884,216.027,216.027,0.0000,0.0664,0.0000,-0.0005,0.000,32.41,44.0,1,2049
52243166,216.027,216.027,0.0000,0.0557,0.0000,-0.0005,0.000,32.41,44.0,1,2049
52243951,216.027,216.027,0.0000,0.0221,0.0000,-0.0005,0.000,32.41,44.0,1,2049
52245251,216.027,216.027,0.0000,-0.0969,0.0000,-0.0005,0.000,32.41,44.0,1,2049
52245854,216.027,216.027,0.0000,-0.0572,0.0000,-0.0005,0.000,32.41,44.0,1,2049
52247174,216.027,216.049,0.0000,0.1595,0.0000,-0.0005,0.000,32.41,44.0,1,2049
52247853,216.049,216.027,0.0000,-0.1198,0.0000,-0.0005,0.000,32.41,44.0,1,2049
52248863,216.027,216.027,0.0000,0.0221,0.0000,-0.0005,0.000,32.41,44.0,1,2049
52250215,216.027,216.027,0.0000,-0.0603,0.0000,-0.0005,0.000,32.41,44.0,1,2049
52250869,216.027,216.027,0.0000,0.0694,0.0000,-0.0005,0.000,32.41,44.0,1,2049
52251862,216.027,216.027,0.0000,0.0862,0.0000,-0.0005,0.000,32.41,44.0,1,2049
52252865,216.027,216.027,0.0000,0.0450,0.0000,-0.0005,0.000,32.41,44.0,1,2049
52253865,216.027,216.027,0.0000,-0.0435,0.0000,-0.0005,0.000,32.41,44.0,1,2049
52255187,216.027,216.027,0.0000,-0.0099,0.0000,-0.0005,0.000,32.41,44.0,1,2049
52255868,216.027,216.027,0.0000,-0.0359,0.0000,-0.0005,0.000,32.41,44.0,1,2049
52256865,216.027,216.027,0.0000,0.0832,0.0000,-0.0005,0.000,32.41,44.0,1,2049
52257864,216.027,216.027,0.0000,0.0313,0.0000,-0.0005,0.000,32.41,44.0,1,2049
52258865,216.027,216.027,0.0000,0.0496,0.0000,-0.0005,0.000,32.41,44.0,1,2049
52260189,216.027,216.027,0.0000,0.0008,0.0000,-0.0005,0.000,32.41,44.0,1,2049
52260869,216.027,216.027,0.0000,0.0023,0.0000,-0.0005,0.000,32.41,44.0,1,2049
52261864,216.027,216.027,0.0000,-0.1091,0.0000,-0.0005,0.000,32.41,44.0,1,2049
52263185,216.027,216.027,0.0000,0.0603,0.0000,-0.0005,0.000,32.41,44.0,1,2049
52263568,216.027,216.027,0.0000,0.0191,0.0000,-0.0005,0.000,32.41,44.0,1,2049
52264884,216.027,216.027,0.0000,-0.0282,0.0000,-0.0005,0.000,32.41,44.0,1,2049
52265866,216.027,216.027,0.0000,-0.1549,0.0000,-0.0005,0.000,32.41,44.0,1,2049
52267188,216.027,216.027,0.0000,0.1076,0.0000,-0.0005,0.000,32.41,44.0,1,2049
52267866,216.027,216.027,0.0000,-0.1732,0.0000,-0.0005,0.000,32.41,44.0,1,2049
52268864,216.027,216.027,0.0000,0.0984,0.0000,-0.0005,0.000,32.41,44.0,1,2049
52270189,216.027,216.027,0.0000,0.0160,0.0000,-0.0005,0.000,32.41,44.0,1,2049
52270863,216.027,216.027,0.0000,-0.0282,0.0000,-0.0005,0.000,32.41,44.0,1,2049
52271854,216.027,216.027,0.0000,0.0664,0.0000,-0.0005,0.000,32.41,44.0,1,2049
52272854,216.027,216.027,0.0000,-0.0237,0.0000,-0.0005,0.000,32.41,44.0,1,2049
52273859,216.027,216.027,0.0000,-0.0252,0.0000,-0.0005,0.000,32.41,44.0,1,2049
52275174,216.027,216.027,0.0000,0.0847,0.0000,-0.0005,0.000,32.41,44.0,1,2049
52275865,216.027,216.027,0.0000,0.0984,0.0000,-0.0005,0.000,32.41,44.0,1,2049
52276863,216.027,216.027,0.0000,0.0679,0.0000,-0.0005,0.000,32.41,44.0,1,2049
52277864,216.027,216.027,0.0000,0.0786,0.0000,-0.0005,0.000,32.41,44.0,1,2049
52278864,216.027,216.027,0.0000,-0.0587,0.0000,-0.0005,0.000,32.41,44.0,1,2049
52280180,216.027,216.027,0.0000,0.1274,0.0000,-0.0005,0.000,32.41,44.0,1,2049
52280749,216.027,216.027,0.0000,0.1122,0.0000,-0.0005,0.000,32.41,44.0,1,2049
52281874,216.027,216.049,0.0000,-0.0053,0.0000,-0.0005,0.000,32.41,44.0,1,2049
52283165,216.049,216.027,0.0000,-0.0572,0.0000,-0.0005,0.000,32.41,44.0,1,2049
52283856,216.027,216.049,0.0000,0.0053,0.0000,-0.0005,0.000,32.41,44.0,1,2049
52285181,216.049,216.027,0.0000,-0.0160,0.0000,-0.0005,0.000,32.41,44.0,1,2049
52285726,216.027,216.027,0.0000,-0.1350,0.0000,-0.0005,0.000,32.41,44.0,1,2049
52287192,216.027,216.027,0.0000,0.0786,0.0000,-0.0005,0.000,32.41,44.0,1,2049
52287848,216.027,216.027,0.0000,-0.1579,0.0000,-0.0005,0.000,32.41,44.0,1,2049
52288857,216.027,216.027,0.0000,0.0114,0.0000,-0.0005,0.000,32.41,44.0,1,2049
52290162,216.027,216.049,0.0000,0.0816,0.0000,-0.0005,0.000,32.41,44.0,1,2049
52290731,216.049,216.027,0.0000,-0.0359,0.0000,-0.0005,0.000,32.41,44.0,1,2049
52291871,216.027,216.027,0.0000,0.0435,0.0000,-0.0005,0.000,32.41,44.0,1,2049
52292851,216.027,216.027,0.0000,-0.0206,0.0000,-0.0005,0.000,32.41,44.0,1,2049
52293858,216.027,216.027,0.0000,-0.0954,0.0000,-0.0005,0.000,32.41,44.0,1,2049
52295181,216.027,216.027,0.0000,0.0099,0.0000,-0.0005,0.000,32.41,44.0,1,2049
52295729,216.027,216.027,0.0000,-0.0710,0.0000,-0.0005,0.000,32.41,44.0,1,2049
52296955,216.027,216.027,0.0000,-0.0603,0.0000,-0.0005,0.000,32.41,44.0,1,2049
52297856,216.027,216.049,0.0000,0.0282,0.0000,-0.0005,0.000,32.41,44.0,1,2049
52298853,216.049,216.027,0.0000,-0.1122,0.0000,-0.0005,0.000,32.41,44.0,1,2049
52300181,216.027,216.027,0.0000,-0.0267,0.0000,-0.0005,0.000,32.41,44.0,1,2049
52300927,216.027,216.027,0.0000,-0.0099,0.0000,-0.0005,0.000,32.41,44.0,1,2049
52301864,216.027,216.027,0.0000,0.0160,0.0000,-0.0005,0.000,32.41,44.0,1,2049
52303187,216.027,216.027,0.0000,-0.0130,0.0000,-0.0005,0.000,32.41,44.0,1,2049
52303558,216.027,216.027,0.0000,-0.0572,0.0000,-0.0005,0.000,32.41,44.0,1,2049
52304888,216.027,216.027,0.0000,0.0481,0.0000,-0.0005,0.000,32.41,44.0,1,2049
52305864,216.027,216.027,0.0000,-0.0053,0.0000,-0.0005,0.000,32.41,44.0,1,2049
52307187,216.027,216.027,0.0000,0.0206,0.0000,-0.0005,0.000,32.41,44.0,1,2049
52307868,216.027,216.027,0.0000,0.0191,0.0000,-0.0005,0.000,32.41,44.0,1,2049
52308860,216.027,216.027,0.0000,-0.0572,0.0000,-0.0005,0.000,32.41,44.0,1,2049
52310175,216.027,216.027,0.0000,0.1183,0.0000,-0.0005,0.000,32.41,44.0,1,2049
52310868,216.027,216.027,0.0000,0.0435,0.0000,-0.0005,0.000,32.41,44.0,1,2049
52311863,216.027,216.027,0.0000,-0.0084,0.0000,-0.0005,0.000,32.41,44.0,1,2049
52312864,216.027,216.027,0.0000,0.0572,0.0000,-0.0005,0.000,32.41,44.0,1,2049
52313862,216.027,216.027,0.0000,0.1900,0.0000,-0.0005,0.000,32.41,44.0,1,2049
52315188,216.027,216.027,0.0000,0.0435,0.0000,-0.0005,0.000,32.41,44.0,1,2049
52315867,216.027,216.027,0.0000,-0.0420,0.0000,-0.0005,0.000,32.41,44.0,1,2049
52316862,216.027,216.027,0.0000,0.0298,0.0000,-0.0005,0.000,32.41,44.0,1,2049
52317862,216.027,216.027,0.0000,-0.0435,0.0000,-0.0005,0.000,32.41,44.0,1,2049
52318862,216.027,216.049,0.0000,0.0908,0.0000,-0.0005,0.000,32.41,44.0,1,2049
52320187,216.049,216.027,0.0000,-0.0160,0.0000,-0.0005,0.000,32.41,44.0,1,2049
52320868,216.027,216.027,0.0000,-0.0023,0.0000,-0.0005,0.000,32.41,44.0,1,2049
52321867,216.027,216.027,0.0000,0.0771,0.0000,-0.0005,0.000,32.41,44.0,1,2049
52323160,216.027,216.027,0.0000,-0.0740,0.0000,-0.0005,0.000,32.41,44.0,1,2049
52323544,216.027,216.027,0.0000,-0.0328,0.0000,-0.0005,0.000,32.41,44.0,1,2049
52324863,216.027,216.049,0.0000,0.0420,0.0000,-0.0005,0.000,32.41,44.0,1,2049
52325571,216.049,216.027,0.0000,-0.0710,0.0000,-0.0005,0.000,32.41,44.0,1,2049
52326887,216.027,216.027,0.0000,0.0252,0.0000,-0.0005,0.000,32.41,44.0,1,2049
52327864,216.027,216.027,0.0000,-0.1671,0.0000,-0.0005,0.000,32.41,44.0,1,2049
52328763,216.027,216.027,0.0000,-0.0954,0.0000,-0.0005,0.000,32.41,44.0,1,2049
52330178,216.027,216.027,0.0000,0.0252,0.0000,-0.0005,0.000,32.41,44.0,1,2049
52330848,216.027,216.027,0.0000,0.1122,0.0000,-0.0005,0.000,32.41,44.0,1,2049
52331900,216.027,216.027,0.0000,0.0740,0.0000,-0.0005,0.000,32.41,44.0,1,2049
52332849,216.027,216.027,0.0000,-0.1534,0.0000,-0.0005,0.000,32.41,44.0,1,2049
52333855,216.027,216.027,0.0000,0.0420,0.0000,-0.0005,0.000,32.41,44.0,1,2049
52335181,216.027,216.027,0.0000,-0.0542,0.0000,-0.0005,0.000,32.41,44.0,1,2049
52335728,216.027,216.027,0.0000,-0.0069,0.0000,-0.0005,0.000,32.41,44.0,1,2049
52336873,216.027,216.027,0.0000,-0.0252,0.0000,-0.0005,0.000,32.41,44.0,1,2049
52337849,216.027,216.027,0.0000,0.1213,0.0000,-0.0005,0.000,32.41,44.0,1,2049
52338857,216.027,216.027,0.0000,-0.0130,0.0000,-0.0005,0.000,32.41,44.0,1,2049
52340177,216.027,216.027,0.0000,-0.1060,0.0000,-0.0005,0.000,32.41,44.0,1,2049
52340726,216.027,216.027,0.0000,-0.0313,0.0000,-0.0005,0.000,32.41,44.0,1,2049
52341870,216.027,216.027,0.0000,-0.0023,0.0000,-0.0005,0.000,32.41,44.0,1,2049
52343173,216.027,216.027,0.0000,0.0481,0.0000,-0.0005,0.000,32.41,44.0,1,2049
52343551,216.027,216.027,0.0000,-0.0496,0.0000,-0.0005,0.000,32.41,44.0,1,2049
52344867,216.027,216.027,0.0000,0.0847,0.0000,-0.0005,0.000,32.41,44.0,1,2049
52345632,216.027,216.027,0.0000,-0.0298,0.0000,-0.0005,0.000,32.41,44.0,1,2049
52346924,216.027,216.027,0.0000,-0.0374,0.0000,-0.0005,0.000,32.41,44.0,1,2049
52347547,216.027,216.027,0.0000,-0.0175,0.0000,-0.0005,0.000,32.41,44.0,1,2049
52348558,216.027,216.027,0.0000,0.0908,0.0000,-0.0005,0.000,32.41,44.0,1,2049
52349924,216.027,216.027,0.0000,0.0008,0.0000,-0.0005,0.000,32.41,44.0,1,2049
52350570,216.027,216.027,0.0000,0.0908,0.0000,-0.0005,0.000,32.41,44.0,1,2049
52351572,216.027,216.027,0.0000,-0.1778,0.0000,-0.0005,0.000,32.41,44.0,1,2049
52352567,216.027,216.027,0.0000,0.0313,0.0000,-0.0005,0.000,32.41,44.0,1,2049
52353567,216.027,216.027,0.0000,0.0465,0.0000,-0.0005,0.000,32.41,44.0,1,2049
52354882,216.027,216.027,0.0000,0.0404,0.0000,-0.0005,0.000,32.41,44.0,1,2049
52355864,216.027,216.027,0.0000,0.0374,0.0000,-0.0005,0.000,32.41,44.0,1,2049
52356862,216.027,216.027,0.0000,0.0252,0.0000,-0.0005,0.000,32.41,44.0,1,2049
52357863,216.027,216.027,0.0000,-0.0771,0.0000,-0.0005,0.000,32.41,44.0,1,2049
52358861,216.027,216.027,0.0000,0.0557,0.0000,-0.0005,0.000,32.41,44.0,1,2049
52360187,216.027,216.027,0.0000,-0.0145,0.0000,-0.0005,0.000,32.41,44.0,1,2049
52360866,216.027,216.027,0.0000,-0.1457,0.0000,-0.0005,0.000,32.41,44.0,1,2049
52361861,216.027,216.027,0.0000,-0.1289,0.0000,-0.0005,0.000,32.41,44.0,1,2049
52363187,216.027,216.027,0.0000,0.1106,0.0000,-0.0005,0.000,32.41,44.0,1,2049
52363567,216.027,216.027,0.0000,-0.0145,0.0000,-0.0005,0.000,32.41,44.0,1,2049
52364884,216.027,216.027,0.0000,0.0282,0.0000,-0.0005,0.000,32.41,44.0,1,2049
52365868,216.027,216.027,0.0000,-0.0786,0.0000,-0.0005,0.000,32.41,44.0,1,2049
52367184,216.027,216.027,0.0000,-0.0191,0.0000,-0.0005,0.000,32.41,44.0,1,2049
52367848,216.027,216.027,0.0000,-0.0130,0.0000,-0.0005,0.000,32.41,44.0,1,2049
52368849,216.027,216.027,0.0000,0.0175,0.0000,-0.0005,0.000,32.41,44.0,1,2049
52370164,216.027,216.027,0.0000,-0.0877,0.0000,-0.0005,0.000,32.41,44.0,1,2049
52370866,216.027,216.027,0.0000,0.0221,0.0000,-0.0005,0.000,32.41,44.0,1,2049
52371861,216.027,216.027,0.0000,-0.0145,0.0000,-0.0005,0.000,32.41,44.0,1,2049
52372862,216.027,216.027,0.0000,0.0755,0.0000,-0.0005,0.000,32.41,44.0,1,2049
52373863,216.027,216.049,0.0000,0.0908,0.0000,-0.0005,0.000,32.41,44.0,1,2049
52375191,216.049,216.027,0.0000,-0.0725,0.0000,-0.0005,0.000,32.41,44.0,1,2049
52375851,216.027,216.027,0.0000,0.0374,0.0000,-0.0005,0.000,32.41,44.0,1,2049
52376907,216.027,216.027,0.0000,-0.0450,0.0000,-0.0005,0.000,32.41,44.0,1,2049
52377852,216.027,216.027,0.0000,-0.0298,0.0000,-0.0005,0.000,32.41,44.0,1,2049
52378853,216.027,216.027,0.0000,0.1808,0.0000,-0.0005,0.000,32.41,44.0,1,2049
52380177,216.027,216.027,0.0000,0.0328,0.0000,-0.0005,0.000,32.41,44.0,1,2049
52380728,216.027,216.027,0.0000,-0.0221,0.0000,-0.0005,0.000,32.41,44.0,1,2049
52381870,216.027,216.027,0.0000,-0.0374,0.0000,-0.0005,0.000,32.41,44.0,1,2049
52383163,216.027,216.027,0.0000,0.0572,0.0000,-0.0005,0.000,32.41,44.0,1,2049
52383854,216.027,216.027,0.0000,-0.0267,0.0000,-0.0005,0.000,32.41,44.0,1,2049
52385178,216.027,216.027,0.0000,0.0237,0.0000,-0.0005,0.000,32.41,44.0,1,2049
52385724,216.027,216.027,0.0000,-0.0664,0.0000,-0.0005,0.000,32.41,44.0,1,2049
52387194,216.027,216.027,0.0000,0.0389,0.0000,-0.0005,0.000,32.41,44.0,1,2049
52387847,216.027,216.027,0.0000,-0.0084,0.0000,-0.0005,0.000,32.41,44.0,1,2049
52388855,216.027,216.027,0.0000,-0.0648,0.0000,-0.0005,0.000,32.41,44.0,1,2049
52390164,216.027,216.027,0.0000,-0.0359,0.0000,-0.0005,0.000,32.41,44.0,1,2049
52390737,216.027,216.027,0.0000,-0.0862,0.0000,-0.0005,0.000,32.41,44.0,1,2049
52391868,216.027,216.027,0.0000,0.0053,0.0000,-0.0005,0.000,32.41,44.0,1,2049
52392850,216.027,216.027,0.0000,-0.1686,0.0000,-0.0005,0.000,32.41,44.0,1,2049
52393854,216.027,216.027,0.0000,0.0542,0.0000,-0.0005,0.000,32.41,44.0,1,2049
52395180,216.027,216.027,0.0000,0.0023,0.0000,-0.0005,0.000,32.41,44.0,1,2049
52395727,216.027,216.027,0.0000,0.0175,0.0000,-0.0005,0.000,32.41,44.0,1,2049
52396951,216.027,216.027,0.0000,0.0633,0.0000,-0.0005,0.000,32.41,44.0,1,2049
52397849,216.027,216.027,0.0000,-0.0938,0.0000,-0.0005,0.000,32.41,44.0,1,2049
52398848,216.027,216.027,0.0000,0.0450,0.0000,-0.0005,0.000,32.41,44.0,1,2049
52400180,216.027,216.027,0.0000,-0.0465,0.0000,-0.0005,0.000,32.41,44.0,1,2049
52400925,216.027,216.027,0.0000,0.0496,0.0000,-0.0005,0.000,32.41,44.0,1,2049
52401862,216.027,216.027,0.0000,0.0969,0.0000,-0.0005,0.000,32.41,44.0,1,2049
52403187,216.027,216.027,0.0000,-0.0038,0.0000,-0.0005,0.000,32.41,44.0,1,2049
52403558,216.027,216.027,0.0000,0.0237,0.0000,-0.0005,0.000,32.41,44.0,1,2049
52404886,216.027,216.027,0.0000,-0.2312,0.0000,-0.0005,0.000,32.41,44.0,1,2049
52405865,216.027,216.027,0.0000,0.0923,0.0000,-0.0005,0.000,32.41,44.0,1,2049
52407189,216.027,216.027,0.0000,-0.1610,0.0000,-0.0005,0.000,32.41,44.0,1,2049
52407866,216.027,216.027,0.0000,-0.0069,0.0000,-0.0005,0.000,32.41,44.0,1,2049
52408862,216.027,216.027,0.0000,0.1030,0.0000,-0.0005,0.000,32.41,44.0,1,2049
52410190,216.027,216.027,0.0000,-0.1213,0.0000,-0.0005,0.000,32.41,44.0,1,2049
52410854,216.027,216.027,0.0000,0.0847,0.0000,-0.0005,0.000,32.41,44.0,1,2049
52411860,216.027,216.027,0.0000,-0.1762,0.0000,-0.0005,0.000,32.41,44.0,1,2049
52412864,216.027,216.027,0.0000,0.0343,0.0000,-0.0005,0.000,32.41,44.0,1,2049
52413863,216.027,216.027,0.0000,0.1289,0.0000,-0.0005,0.000,32.41,44.0,1,2049
52415186,216.027,216.027,0.0000,-0.0755,0.0000,-0.0005,0.000,32.41,44.0,1,2049
52415866,216.027,216.027,0.0000,0.0313,0.0000,-0.0005,0.000,32.41,44.0,1,2049
52416863,216.027,216.027,0.0000,0.0786,0.0000,-0.0005,0.000,32.41,44.0,1,2049
52417862,216.027,216.027,0.0000,0.0969,0.0000,-0.0005,0.000,32.41,44.0,1,2049
52418860,216.027,216.027,0.0000,-0.1564,0.0000,-0.0005,0.000,32.41,44.0,1,2049
52420189,216.027,216.027,0.0000,0.0511,0.0000,-0.0005,0.000,32.41,44.0,1,2049
52420866,216.027,216.027,0.0000,0.0038,0.0000,-0.0005,0.000,32.41,44.0,1,2049
52421862,216.027,216.027,0.0000,0.0343,0.0000,-0.0005,0.000,32.41,44.0,1,2049
52423158,216.027,216.027,0.0000,0.0145,0.0000,-0.0005,0.000,32.41,44.0,1,2049
52423847,216.027,216.027,0.0000,-0.0359,0.0000,-0.0005,0.000,32.41,44.0,1,2049
52425163,216.027,216.027,0.0000,-0.0664,0.0000,-0.0005,0.000,32.41,44.0,1,2049
52425862,216.027,216.027,0.0000,0.1335,0.0000,-0.0005,0.000,32.41,44.0,1,2049
52427184,216.027,216.027,0.0000,0.0038,0.0000,-0.0005,0.000,32.41,44.0,1,2049
52427865,216.027,216.027,0.0000,0.0648,0.0000,-0.0005,0.000,32.41,44.0,1,2049
52428862,216.027,216.027,0.0000,-0.0923,0.0000,-0.0005,0.000,32.41,44.0,1,2049
52430187,216.027,216.027,0.0000,0.0679,0.0000,-0.0005,0.000,32.41,44.0,1,2049
52430766,216.027,216.027,0.0000,-0.0221,0.0000,-0.0005,0.000,32.41,44.0,1,2049
52431849,216.027,216.027,0.0000,0.0862,0.0000,-0.0005,0.000,32.41,44.0,1,2049
52432849,216.027,216.027,0.0000,-0.0221,0.0000,-0.0005,0.000,32.41,44.0,1,2049
52433895,216.027,216.027,0.0000,-0.1106,0.0000,-0.0005,0.000,32.41,44.0,1,2049
52435179,216.027,216.027,0.0000,0.0313,0.0000,-0.0005,0.000,32.41,44.0,1,2049
52435851,216.027,216.027,0.0000,0.0435,0.0000,-0.0005,0.000,32.41,44.0,1,2049
52436847,216.027,216.027,0.0000,-0.0282,0.0000,-0.0005,0.000,32.41,44.0,1,2049
52437883,216.027,216.027,0.0000,-0.1320,0.0000,-0.0005,0.000,32.41,44.0,1,2049
52438849,216.027,216.027,0.0000,0.0038,0.0000,-0.0005,0.000,32.41,44.0,1,2049
52440183,216.027,216.027,0.0000,-0.0618,0.0000,-0.0005,0.000,32.41,44.0,1,2049
52440844,216.027,216.027,0.0000,0.0542,0.0000,-0.0005,0.000,32.41,44.0,1,2049
52441884,216.027,216.027,0.0000,-0.1427,0.0000,-0.0005,0.000,32.41,44.0,1,2049
52443160,216.027,216.027,0.0000,0.0511,0.0000,-0.0005,0.000,32.41,44.0,1,2049
52443851,216.027,216.027,0.0000,0.0694,0.0000,-0.0005,0.000,32.41,44.0,1,2049
52445177,216.027,216.027,0.0000,0.0816,0.0000,-0.0005,0.000,32.41,44.0,1,2049
52445732,216.027,216.027,0.0000,-0.0221,0.0000,-0.0005,0.000,32.41,44.0,1,2049
52447273,216.027,216.027,0.0000,-0.0740,0.0000,-0.0005,0.000,32.41,44.0,1,2049
52447844,216.027,216.027,0.0000,-0.0648,0.0000,-0.0005,0.000,32.41,44.0,1,2049
52448847,216.027,216.027,0.0000,0.1717,0.0000,-0.0005,0.000,32.41,44.0,1,2049
52450158,216.027,216.027,0.0000,-0.1579,0.0000,-0.0005,0.000,32.41,44.0,1,2049
52450851,216.027,216.027,0.0000,-0.0282,0.0000,-0.0005,0.000,32.41,44.0,1,2049
52451923,216.027,216.027,0.0000,-0.1381,0.0000,-0.0005,0.000,32.41,44.0,1,2049
52452863,216.027,216.027,0.0000,0.0786,0.0000,-0.0005,0.000,32.41,44.0,1,2049
52453860,216.027,216.027,0.0000,0.0237,0.0000,-0.0005,0.000,32.41,44.0,1,2049
52455188,216.027,216.027,0.0000,-0.0221,0.0000,-0.0005,0.000,32.41,44.0,1,2049
52455866,216.027,216.049,0.0000,0.1686,0.0000,-0.0005,0.000,32.41,44.0,1,2049
52456863,216.049,216.027,0.0000,0.0069,0.0000,-0.0005,0.000,32.41,44.0,1,2049
52457864,216.027,216.027,0.0000,-0.0252,0.0000,-0.0005,0.000,32.41,44.0,1,2049
52458862,216.027,216.027,0.0000,-0.0755,0.0000,-0.0005,0.000,32.41,44.0,1,2049
52460188,216.027,216.027,0.0000,0.0969,0.0000,-0.0005,0.000,32.41,44.0,1,2049
52460869,216.027,216.027,0.0000,-0.0008,0.0000,-0.0005,0.000,32.41,44.0,1,2049
52461865,216.027,216.027,0.0000,-0.0023,0.0000,-0.0005,0.000,32.41,44.0,1,2049
52463186,216.027,216.027,0.0000,-0.0145,0.0000,-0.0005,0.000,32.41,44.0,1,2049
52463568,216.027,216.027,0.0000,-0.0816,0.0000,-0.0005,0.000,32.41,44.0,1,2049
52464885,216.027,216.027,0.0000,-0.1396,0.0000,-0.0005,0.000,32.41,44.0,1,2049
52465866,216.027,216.027,0.0000,-0.0710,0.0000,-0.0005,0.000,32.41,44.0,1,2049
52467186,216.027,216.027,0.0000,0.0969,0.0000,-0.0005,0.000,32.41,44.0,1,2049
52467866,216.027,216.027,0.0000,-0.0969,0.0000,-0.0005,0.000,32.41,44.0,1,2049
52468863,216.027,216.027,0.0000,0.0328,0.0000,-0.0005,0.000,32.41,44.0,1,2049
52470184,216.027,216.027,0.0000,-0.1305,0.0000,-0.0005,0.000,32.41,44.0,1,2049
52470869,216.027,216.027,0.0000,-0.0725,0.0000,-0.0005,0.000,32.41,44.0,1,2049
52471863,216.027,216.027,0.0000,0.0069,0.0000,-0.0005,0.000,32.41,44.0,1,2049
52472858,216.027,216.027,0.0000,-0.1060,0.0000,-0.0005,0.000,32.41,44.0,1,2049
52473848,216.027,216.027,0.0000,-0.0130,0.0000,-0.0005,0.000,32.41,44.0,1,2049
52475159,216.027,216.027,0.0000,-0.0526,0.0000,-0.0005,0.000,32.41,44.0,1,2049
52475849,216.027,216.027,0.0000,-0.1717,0.0000,-0.0005,0.000,32.41,44.0,1,2049
52476864,216.027,216.027,0.0000,0.0404,0.0000,-0.0005,0.000,32.41,44.0,1,2049
52477858,216.027,216.027,0.0000,0.0618,0.0000,-0.0005,0.000,32.41,44.0,1,2049
52478861,216.027,216.027,0.0000,0.0755,0.0000,-0.0005,0.000,32.41,44.0,1,2049
52480168,216.027,216.027,0.0000,0.0481,0.0000,-0.0005,0.000,32.44,44.0,1,2049
52480843,216.027,216.027,0.0000,0.0374,0.0000,-0.0005,0.000,32.44,44.0,1,2049
52481845,216.027,216.027,0.0000,0.0145,0.0000,-0.0005,0.000,32.44,44.0,1,2049
52483209,216.027,216.027,0.0000,-0.0420,0.0000,-0.0005,0.000,32.44,44.0,1,2049
52483547,216.027,216.027,0.0000,0.0587,0.0000,-0.0005,0.000,32.44,44.0,1,2049
52484872,216.027,216.027,0.0000,0.0572,0.0000,-0.0005,0.000,32.44,44.0,1,2049
52485545,216.027,216.027,0.0000,0.0023,0.0000,-0.0005,0.000,32.44,44.0,1,2049
52486913,216.027,216.027,0.0000,-0.0175,0.0000,-0.0005,0.000,32.44,44.0,1,2049
52487844,216.027,216.027,0.0000,0.0420,0.0000,-0.0005,0.000,32.44,44.0,1,2049
52488849,216.027,216.027,0.0000,0.0679,0.0000,-0.0005,0.000,32.44,44.0,1,2049
52490162,216.027,216.027,0.0000,-0.0160,0.0000,-0.0005,0.000,32.41,44.0,1,2049
52490732,216.027,216.027,0.0000,-0.0298,0.0000,-0.0005,0.000,32.41,44.0,1,2049
52491864,216.027,216.027,0.0000,0.0038,0.0000,-0.0005,0.000,32.41,44.0,1,2049
52492844,216.027,216.027,0.0000,-0.0679,0.0000,-0.0005,0.000,32.41,44.0,1,2049
52493852,216.027,216.027,0.0000,-0.1030,0.0000,-0.0005,0.000,32.41,44.0,1,2049
52495176,216.027,216.027,0.0000,0.1106,0.0000,-0.0005,0.000,32.41,44.0,1,2049
52495729,216.027,216.027,0.0000,0.0160,0.0000,-0.0005,0.000,32.41,44.0,1,2049
52496948,216.027,216.027,0.0000,0.0664,0.0000,-0.0005,0.000,32.41,44.0,1,2049
52497847,216.027,216.027,0.0000,-0.0099,0.0000,-0.0005,0.000,32.41,44.0,1,2049
52498849,216.027,216.027,0.0000,0.0130,0.0000,-0.0005,0.000,32.41,44.0,1,2049
52500179,216.027,216.027,0.0000,-0.0130,0.0000,-0.0005,0.000,32.41,44.0,1,2049
52500918,216.027,216.027,0.0000,-0.0526,0.0000,-0.0005,0.000,32.41,44.0,1,2049
52501864,216.027,216.027,0.0000,0.0938,0.0000,-0.0005,0.000,32.41,44.0,1,2049
52503189,216.027,216.027,0.0000,-0.0130,0.0000,-0.0005,0.000,32.41,44.0,1,2049
52503568,216.027,216.027,0.0000,-0.0496,0.0000,-0.0005,0.000,32.41,44.0,1,2049
52504887,216.027,216.027,0.0000,0.1534,0.0000,-0.0005,0.000,32.41,44.0,1,2049
52505867,216.027,216.027,0.0000,0.0938,0.0000,-0.0005,0.000,32.41,44.0,1,2049
52507189,216.027,216.027,0.0000,-0.0191,0.0000,-0.0005,0.000,32.41,44.0,1,2049
52507865,216.027,216.027,0.0000,0.1198,0.0000,-0.0005,0.000,32.41,44.0,1,2049
52508862,216.027,216.027,0.0000,0.0648,0.0000,-0.0005,0.000,32.41,44.0,1,2049
52510196,216.027,216.027,0.0000,-0.0465,0.0000,-0.0005,0.000,32.41,44.0,1,2049
52510870,216.027,216.027,0.0000,-0.0023,0.0000,-0.0005,0.000,32.41,44.0,1,2049
52511863,216.027,216.027,0.0000,-0.0252,0.0000,-0.0005,0.000,32.41,44.0,1,2049
52512863,216.027,216.027,0.0000,-0.0160,0.0000,-0.0005,0.000,32.41,44.0,1,2049
52513862,216.027,216.027,0.0000,0.0389,0.0000,-0.0005,0.000,32.41,44.0,1,2049
52515185,216.027,216.027,0.0000,-0.0786,0.0000,-0.0005,0.000,32.41,44.0,1,2049
52515855,216.027,216.027,0.0000,0.0557,0.0000,-0.0005,0.000,32.41,44.0,1,2049
52516864,216.027,216.027,0.0000,-0.0420,0.0000,-0.0005,0.000,32.41,44.0,1,2049
52517863,216.027,216.027,0.0000,0.0313,0.0000,-0.0005,0.000,32.41,44.0,1,2049
52518863,216.027,216.027,0.0000,-0.1274,0.0000,-0.0005,0.000,32.41,44.0,1,2049
52520188,216.027,216.027,0.0000,-0.0069,0.0000,-0.0005,0.000,32.41,44.0,1,2049
52520863,216.027,216.027,0.0000,0.0221,0.0000,-0.0005,0.000,32.41,44.0,1,2049
52521863,216.027,216.027,0.0000,0.1076,0.0000,-0.0005,0.000,32.41,44.0,1,2049
52523181,216.027,216.027,0.0000,-0.0420,0.0000,-0.0005,0.000,32.41,44.0,1,2049
52523545,216.027,216.027,0.0000,0.0404,0.0000,-0.0005,0.000,32.41,44.0,1,2049
52524863,216.027,216.027,0.0000,-0.0267,0.0000,-0.0005,0.000,32.41,44.0,1,2049
52525568,216.027,216.027,0.0000,0.0252,0.0000,-0.0005,0.000,32.41,44.0,1,2049
52526888,216.027,216.027,0.0000,-0.0252,0.0000,-0.0005,0.000,32.41,44.0,1,2049
52527863,216.027,216.027,0.0000,-0.0832,0.0000,-0.0005,0.000,32.41,44.0,1,2049
52528864,216.027,216.027,0.0000,0.0221,0.0000,-0.0005,0.000,32.41,44.0,1,2049
52530190,216.027,216.027,0.0000,0.0343,0.0000,-0.0005,0.000,32.41,44.0,1,2049
52530843,216.027,216.027,0.0000,-0.0526,0.0000,-0.0005,0.000,32.41,44.0,1,2049
52531898,216.027,216.027,0.0000,-0.0694,0.0000,-0.0005,0.000,32.41,44.0,1,2049
52532843,216.027,216.027,0.0000,-0.0587,0.0000,-0.0005,0.000,32.41,44.0,1,2049
52533848,216.027,216.027,0.0000,0.0298,0.0000,-0.0005,0.000,32.41,44.0,1,2049
52535162,216.027,216.027,0.0000,0.0816,0.0000,-0.0005,0.000,32.38,44.0,1,2049
52535733,216.027,216.027,0.0000,-0.0801,0.0000,-0.0005,0.000,32.38,44.0,1,2049
52536866,216.027,216.027,0.0000,-0.0542,0.0000,-0.0005,0.000,32.38,44.0,1,2049
52537847,216.027,216.027,0.0000,0.0008,0.0000,-0.0005,0.000,32.38,44.0,1,2049
52538848,216.027,216.027,0.0000,-0.0847,0.0000,-0.0005,0.000,32.38,44.0,1,2049
52540174,216.027,216.027,0.0000,0.0999,0.0000,-0.0005,0.000,32.38,44.0,1,2049
52540729,216.027,216.027,0.0000,0.0252,0.0000,-0.0005,0.000,32.38,44.0,1,2049
52541871,216.027,216.027,0.0000,0.0114,0.0000,-0.0005,0.000,32.38,44.0,1,2049
52543163,216.027,216.027,0.0000,0.0450,0.0000,-0.0005,0.000,32.38,44.0,1,2049
52543552,216.027,216.027,0.0000,0.0481,0.0000,-0.0005,0.000,32.38,44.0,1,2049
52544866,216.027,216.027,0.0000,-0.0938,0.0000,-0.0005,0.000,32.38,44.0,1,2049
52545926,216.027,216.027,0.0000,0.0069,0.0000,-0.0005,0.000,32.38,44.0,1,2049
52547237,216.027,216.027,0.0000,-0.0526,0.0000,-0.0005,0.000,32.38,44.0,1,2049
52547841,216.027,216.027,0.0000,0.0755,0.0000,-0.0005,0.000,32.38,44.0,1,2049
52548842,216.027,216.027,0.0000,-0.1518,0.0000,-0.0005,0.000,32.38,44.0,1,2049
52550158,216.027,216.027,0.0000,-0.1228,0.0000,-0.0005,0.000,32.41,44.0,1,2049
52550923,216.027,216.027,0.0000,0.0221,0.0000,-0.0005,0.000,32.41,44.0,1,2049
52551862,216.027,216.027,0.0000,-0.0786,0.0000,-0.0005,0.000,32.41,44.0,1,2049
52552864,216.027,216.027,0.0000,-0.0008,0.0000,-0.0005,0.000,32.41,44.0,1,2049
52553863,216.027,216.027,0.0000,-0.0053,0.0000,-0.0005,0.000,32.41,44.0,1,2049
52555187,216.027,216.027,0.0000,-0.0572,0.0000,-0.0005,0.000,32.41,44.0,1,2049
52555865,216.027,216.027,0.0000,-0.0267,0.0000,-0.0005,0.000,32.41,44.0,1,2049
52556862,216.027,216.027,0.0000,-0.0008,0.0000,-0.0005,0.000,32.41,44.0,1,2049
52557864,216.027,216.027,0.0000,0.0038,0.0000,-0.0005,0.000,32.41,44.0,1,2049
52558860,216.027,216.027,0.0000,-0.0847,0.0000,-0.0005,0.000,32.41,44.0,1,2049
52560194,216.027,216.027,0.0000,0.0313,0.0000,-0.0005,0.000,32.41,44.0,1,2049
52560866,216.027,216.027,0.0000,0.1579,0.0000,-0.0005,0.000,32.41,44.0,1,2049
52561863,216.027,216.027,0.0000,-0.0191,0.0000,-0.0005,0.000,32.41,44.0,1,2049
52563189,216.027,216.027,0.0000,-0.0038,0.0000,-0.0005,0.000,32.41,44.0,1,2049
52563558,216.027,216.027,0.0000,0.0282,0.0000,-0.0005,0.000,32.41,44.0,1,2049
52564887,216.027,216.027,0.0000,0.0893,0.0000,-0.0005,0.000,32.41,44.0,1,2049
52565864,216.027,216.027,0.0000,0.0603,0.0000,-0.0005,0.000,32.41,44.0,1,2049
52567186,216.027,216.027,0.0000,0.0771,0.0000,-0.0005,0.000,32.41,44.0,1,2049
52567868,216.027,216.049,0.0000,0.0038,0.0000,-0.0005,0.000,32.41,44.0,1,2049
52568860,216.049,216.027,0.0000,-0.1732,0.0000,-0.0005,0.000,32.41,44.0,1,2049
52570194,216.027,216.027,0.0000,0.0084,0.0000,-0.0005,0.000,32.41,44.0,1,2049
52570869,216.027,216.027,0.0000,0.0160,0.0000,-0.0005,0.000,32.41,44.0,1,2049
52571867,216.027,216.027,0.0000,0.0374,0.0000,-0.0005,0.000,32.41,44.0,1,2049
52572843,216.027,216.027,0.0000,0.0969,0.0000,-0.0005,0.000,32.41,44.0,1,2049
52573845,216.027,216.027,0.0000,-0.0237,0.0000,-0.0005,0.000,32.41,44.0,1,2049
52575172,216.027,216.027,0.0000,-0.0145,0.0000,-0.0005,0.000,32.41,44.0,1,2049
52575864,216.027,216.049,0.0000,0.1488,0.0000,-0.0005,0.000,32.41,44.0,1,2049
52576862,216.049,216.027,0.0000,0.0099,0.0000,-0.0005,0.000,32.41,44.0,1,2049
52577864,216.027,216.027,0.0000,0.0023,0.0000,-0.0005,0.000,32.41,44.0,1,2049
52578861,216.027,216.027,0.0000,0.0298,0.0000,-0.0005,0.000,32.41,44.0,1,2049
52580191,216.027,216.027,0.0000,-0.0572,0.0000,-0.0005,0.000,32.41,44.0,1,2049
52580843,216.027,216.027,0.0000,-0.0130,0.0000,-0.0005,0.000,32.41,44.0,1,2049
52581905,216.027,216.027,0.0000,0.1259,0.0000,-0.0005,0.000,32.41,44.0,1,2049
52583164,216.027,216.027,0.0000,0.0374,0.0000,-0.0005,0.000,32.41,44.0,1,2049
52583551,216.027,216.027,0.0000,0.0252,0.0000,-0.0005,0.000,32.41,44.0,1,2049
52584865,216.027,216.027,0.0000,-0.0175,0.0000,-0.0005,0.000,32.41,44.0,1,2049
52585880,216.027,216.027,0.0000,0.1259,0.0000,-0.0005,0.000,32.41,44.0,1,2049
52587175,216.027,216.027,0.0000,0.0740,0.0000,-0.0005,0.000,32.41,44.0,1,2049
52587847,216.027,216.027,0.0000,0.1335,0.0000,-0.0005,0.000,32.41,44.0,1,2049
52588845,216.027,216.027,0.0000,0.0298,0.0000,-0.0005,0.000,32.41,44.0,1,2049
52590204,216.027,216.027,0.0000,-0.0221,0.0000,-0.0005,0.000,32.41,44.0,1,2049
52590849,216.027,216.027,0.0000,0.0130,0.0000,-0.0005,0.000,32.41,44.0,1,2049
52591846,216.027,216.027,0.0000,-0.1549,0.0000,-0.0005,0.000,32.41,44.0,1,2049
52592843,216.027,216.027,0.0000,0.0145,0.0000,-0.0005,0.000,32.41,44.0,1,2049
52593882,216.027,216.027,0.0000,0.0893,0.0000,-0.0005,0.000,32.41,44.0,1,2049
52595172,216.027,216.027,0.0000,0.0099,0.0000,-0.0005,0.000,32.41,44.0,1,2049
52595923,216.027,216.027,0.0000,-0.0999,0.0000,-0.0005,0.000,32.41,44.0,1,2049
52596922,216.027,216.027,0.0000,-0.0069,0.0000,-0.0005,0.000,32.41,44.0,1,2049
52597842,216.027,216.027,0.0000,-0.0206,0.0000,-0.0005,0.000,32.41,44.0,1,2049
52598840,216.027,216.027,0.0000,-0.0557,0.0000,-0.0005,0.000,32.41,44.0,1,2049
52600235,216.027,216.027,0.0000,0.0450,0.0000,-0.0005,0.000,32.41,44.0,1,2049
52600868,216.027,216.027,0.0000,0.0389,0.0000,-0.0005,0.000,32.41,44.0,1,2049
52601863,216.027,216.027,0.0000,0.1640,0.0000,-0.0005,0.000,32.41,44.0,1,2049
52603186,216.027,216.027,0.0000,0.0648,0.0000,-0.0005,0.000,32.41,44.0,1,2049
52603568,216.027,216.027,0.0000,0.0511,0.0000,-0.0005,0.000,32.41,44.0,1,2049
52604885,216.027,216.027,0.0000,-0.0404,0.0000,-0.0005,0.000,32.41,44.0,1,2049
52605868,216.027,216.027,0.0000,0.0221,0.0000,-0.0005,0.000,32.41,44.0,1,2049
52607186,216.027,216.027,0.0000,-0.0832,0.0000,-0.0005,0.000,32.41,44.0,1,2049
52607867,216.027,216.027,0.0000,-0.0053,0.0000,-0.0005,0.000,32.41,44.0,1,2049
52608864,216.027,216.027,0.0000,0.0160,0.0000,-0.0005,0.000,32.41,44.0,1,2049
52610188,216.027,216.027,0.0000,-0.0771,0.0000,-0.0005,0.000,32.41,44.0,1,2049
52610866,216.027,216.027,0.0000,-0.0084,0.0000,-0.0005,0.000,32.41,44.0,1,2049
52611862,216.027,216.027,0.0000,0.0038,0.0000,-0.0005,0.000,32.41,44.0,1,2049
52612863,216.027,216.027,0.0000,-0.0755,0.0000,-0.0005,0.000,32.41,44.0,1,2049
52613863,216.027,216.027,0.0000,0.0237,0.0000,-0.0005,0.000,32.41,44.0,1,2049
52615185,216.027,216.027,0.0000,-0.0175,0.0000,-0.0005,0.000,32.41,44.0,1,2049
52615868,216.027,216.027,0.0000,0.0130,0.0000,-0.0005,0.000,32.41,44.0,1,2049
52616863,216.027,216.027,0.0000,0.0832,0.0000,-0.0005,0.000,32.41,44.0,1,2049
52617863,216.027,216.027,0.0000,0.0053,0.0000,-0.0005,0.000,32.41,44.0,1,2049
52618860,216.027,216.027,0.0000,-0.2296,0.0000,-0.0005,0.000,32.41,44.0,1,2049
52620187,216.027,216.027,0.0000,-0.0282,0.0000,-0.0005,0.000,32.41,44.0,1,2049
52620867,216.027,216.027,0.0000,-0.0145,0.0000,-0.0005,0.000,32.41,44.0,1,2049
52621859,216.027,216.027,0.0000,-0.0832,0.0000,-0.0005,0.000,32.41,44.0,1,2049
52623154,216.027,216.027,0.0000,0.0816,0.0000,-0.0005,0.000,32.41,44.0,1,2049
52623839,216.027,216.027,0.0000,-0.0175,0.0000,-0.0005,0.000,32.41,44.0,1,2049
52625168,216.027,216.027,0.0000,-0.0221,0.0000,-0.0005,0.000,32.41,44.0,1,2049
52625862,216.027,216.027,0.0000,0.0557,0.0000,-0.0005,0.000,32.41,44.0,1,2049
52627181,216.027,216.027,0.0000,0.0069,0.0000,-0.0005,0.000,32.41,44.0,1,2049
52627866,216.027,216.027,0.0000,-0.0633,0.0000,-0.0005,0.000,32.41,44.0,1,2049
52628859,216.027,216.027,0.0000,0.0542,0.0000,-0.0005,0.000,32.41,44.0,1,2049
52630183,216.027,216.027,0.0000,-0.0603,0.0000,-0.0005,0.000,32.41,44.0,1,2049
52630768,216.027,216.027,0.0000,0.0038,0.0000,-0.0005,0.000,32.41,44.0,1,2049
52631843,216.027,216.027,0.0000,-0.0450,0.0000,-0.0005,0.000,32.41,44.0,1,2049
52632843,216.027,216.027,0.0000,-0.0923,0.0000,-0.0005,0.000,32.41,44.0,1,2049
52633893,216.027,216.027,0.0000,0.0206,0.0000,-0.0005,0.000,32.41,44.0,1,2049
52635176,216.027,216.027,0.0000,-0.0008,0.0000,-0.0005,0.000,32.41,44.0,1,2049
52635846,216.027,216.027,0.0000,-0.0267,0.0000,-0.0005,0.000,32.41,44.0,1,2049
52636840,216.027,216.027,0.0000,0.1015,0.0000,-0.0005,0.000,32.41,44.0,1,2049
52637880,216.027,216.027,0.0000,0.0099,0.0000,-0.0005,0.000,32.41,44.0,1,2049
52638842,216.027,216.027,0.0000,0.0877,0.0000,-0.0005,0.000,32.41,44.0,1,2049
52640176,216.027,216.027,0.0000,-0.2037,0.0000,-0.0005,0.000,32.41,44.0,1,2049
52640842,216.027,216.027,0.0000,-0.0832,0.0000,-0.0005,0.000,32.41,44.0,1,2049
52641886,216.027,216.027,0.0000,-0.0420,0.0000,-0.0005,0.000,32.41,44.0,1,2049
52643161,216.027,216.027,0.0000,-0.0450,0.0000,-0.0005,0.000,32.41,44.0,1,2049
52643552,216.027,216.027,0.0000,0.0206,0.0000,-0.0005,0.000,32.41,44.0,1,2049
52644869,216.027,216.027,0.0000,0.0099,0.0000,-0.0005,0.000,32.41,44.0,1,2049
52645924,216.027,216.027,0.0000,-0.1549,0.0000,-0.0005,0.000,32.41,44.0,1,2049
52647239,216.027,216.027,0.0000,0.1686,0.0000,-0.0005,0.000,32.41,44.0,1,2049
52647842,216.027,216.027,0.0000,-0.0633,0.0000,-0.0005,0.000,32.41,44.0,1,2049
52648842,216.027,216.027,0.0000,0.0191,0.0000,-0.0005,0.000,32.41,44.0,1,2049
52650152,216.027,216.027,0.0000,-0.0252,0.0000,-0.0005,0.000,32.44,44.0,1,2049
52650916,216.027,216.027,0.0000,0.0069,0.0000,-0.0005,0.000,32.44,44.0,1,2049
52651864,216.027,216.027,0.0000,0.0160,0.0000,-0.0005,0.000,32.44,44.0,1,2049
52652860,216.027,216.027,0.0000,-0.0526,0.0000,-0.0005,0.000,32.44,44.0,1,2049
52653863,216.027,216.027,0.0000,0.0328,0.0000,-0.0005,0.000,32.44,44.0,1,2049
52655185,216.027,216.027,0.0000,-0.0298,0.0000,-0.0005,0.000,32.44,44.0,1,2049
52655858,216.027,216.027,0.0000,0.0679,0.0000,-0.0005,0.000,32.44,44.0,1,2049
52656864,216.027,216.027,0.0000,0.0984,0.0000,-0.0005,0.000,32.44,44.0,1,2049
52657861,216.027,216.027,0.0000,-0.0755,0.0000,-0.0005,0.000,32.44,44.0,1,2049
52658862,216.027,216.027,0.0000,0.1030,0.0000,-0.0005,0.000,32.44,44.0,1,2049
52660191,216.027,216.027,0.0000,-0.0374,0.0000,-0.0005,0.000,32.41,44.0,1,2049
52660868,216.027,216.027,0.0000,-0.0343,0.0000,-0.0005,0.000,32.41,44.0,1,2049
52661862,216.027,216.027,0.0000,0.1030,0.0000,-0.0005,0.000,32.41,44.0,1,2049
52663187,216.027,216.027,0.0000,-0.0755,0.0000,-0.0005,0.000,32.41,44.0,1,2049
52663568,216.027,216.027,0.0000,-0.0267,0.0000,-0.0005,0.000,32.41,44.0,1,2049
52664887,216.027,216.027,0.0000,0.0008,0.0000,-0.0005,0.000,32.41,44.0,1,2049
52665865,216.027,216.027,0.0000,-0.1122,0.0000,-0.0005,0.000,32.41,44.0,1,2049
52667185,216.027,216.049,0.0000,0.0893,0.0000,-0.0005,0.000,32.41,44.0,1,2049
52667866,216.049,216.027,0.0000,-0.0557,0.0000,-0.0005,0.000,32.41,44.0,1,2049
52668860,216.027,216.027,0.0000,-0.0511,0.0000,-0.0005,0.000,32.41,44.0,1,2049
52670185,216.027,216.027,0.0000,0.0679,0.0000,-0.0005,0.000,32.41,44.0,1,2049
52670854,216.027,216.027,0.0000,-0.1060,0.0000,-0.0005,0.000,32.41,44.0,1,2049
52671862,216.027,216.027,0.0000,0.0938,0.0000,-0.0005,0.000,32.41,44.0,1,2049
52672862,216.027,216.027,0.0000,0.0404,0.0000,-0.0005,0.000,32.41,44.0,1,2049
52673841,216.027,216.027,0.0000,0.0099,0.0000,-0.0005,0.000,32.41,44.0,1,2049
52675154,216.027,216.027,0.0000,0.1350,0.0000,-0.0005,0.000,32.41,44.0,1,2049
52675850,216.027,216.027,0.0000,0.0648,0.0000,-0.0005,0.000,32.41,44.0,1,2049
52676867,216.027,216.027,0.0000,0.0542,0.0000,-0.0005,0.000,32.41,44.0,1,2049
52677864,216.027,216.027,0.0000,-0.0130,0.0000,-0.0005,0.000,32.41,44.0,1,2049
52678867,216.027,216.027,0.0000,-0.0328,0.0000,-0.0005,0.000,32.41,44.0,1,2049
52680125,216.027,216.027,0.0000,-0.0328,0.0000,-0.0005,0.000,32.41,44.0,1,2049
52680843,216.027,216.027,0.0000,-0.0023,0.0000,-0.0005,0.000,32.41,44.0,1,2049
52681839,216.027,216.027,0.0000,-0.0725,0.0000,-0.0005,0.000,32.41,44.0,1,2049
52683222,216.027,216.027,0.0000,-0.0206,0.0000,-0.0005,0.000,32.41,44.0,1,2049
52683841,216.027,216.027,0.0000,0.0038,0.0000,-0.0005,0.000,32.41,44.0,1,2049
52685170,216.027,216.027,0.0000,0.0252,0.0000,-0.0005,0.000,32.41,44.0,1,2049
52685841,216.027,216.027,0.0000,0.0771,0.0000,-0.0005,0.000,32.41,44.0,1,2049
52687201,216.027,216.027,0.0000,0.0099,0.0000,-0.0005,0.000,32.41,44.0,1,2049
52687841,216.027,216.027,0.0000,0.0328,0.0000,-0.0005,0.000,32.41,44.0,1,2049
52688848,216.027,216.027,0.0000,-0.1167,0.0000,-0.0005,0.000,32.41,44.0,1,2049
52690152,216.027,216.027,0.0000,0.0389,0.0000,-0.0005,0.000,32.41,44.0,1,2049
52690770,216.027,216.027,0.0000,0.0389,0.0000,-0.0005,0.000,32.41,44.0,1,2049
52691864,216.027,216.027,0.0000,0.0679,0.0000,-0.0005,0.000,32.41,44.0,1,2049
52692837,216.027,216.027,0.0000,-0.0999,0.0000,-0.0005,0.000,32.41,44.0,1,2049
52693846,216.027,216.027,0.0000,0.0145,0.0000,-0.0005,0.000,32.41,44.0,1,2049
52695153,216.027,216.027,0.0000,0.1060,0.0000,-0.0005,0.000,32.41,44.0,1,2049
52695774,216.027,216.027,0.0000,-0.0328,0.0000,-0.0005,0.000,32.41,44.0,1,2049
52696945,216.027,216.027,0.0000,-0.0130,0.0000,-0.0005,0.000,32.41,44.0,1,2049
52697840,216.027,216.027,0.0000,-0.0114,0.0000,-0.0005,0.000,32.41,44.0,1,2049
52698838,216.027,216.027,0.0000,-0.0862,0.0000,-0.0005,0.000,32.41,44.0,1,2049
52700179,216.027,216.027,0.0000,0.1579,0.0000,-0.0005,0.000,32.41,44.0,1,2049
52700913,216.027,216.027,0.0000,0.0267,0.0000,-0.0005,0.000,32.41,44.0,1,2049
52701864,216.027,216.027,0.0000,0.0191,0.0000,-0.0005,0.000,32.41,44.0,1,2049
52703185,216.027,216.049,0.0000,0.0328,0.0000,-0.0005,0.000,32.41,44.0,1,2049
52703558,216.049,216.027,0.0000,0.0313,0.0000,-0.0005,0.000,32.41,44.0,1,2049
52704887,216.027,216.027,0.0000,-0.0298,0.0000,-0.0005,0.000,32.41,44.0,1,2049
52705890,216.027,216.027,0.0000,-0.0664,0.0000,-0.0005,0.000,32.41,44.0,1,2049
52707186,216.027,216.027,0.0000,0.0343,0.0000,-0.0005,0.000,32.41,44.0,1,2049
52707891,216.027,216.027,0.0000,0.0801,0.0000,-0.0005,0.000,32.41,44.0,1,2049
52708863,216.027,216.027,0.0000,0.0664,0.0000,-0.0005,0.000,32.41,44.0,1,2049
52710192,216.027,216.027,0.0000,0.0389,0.0000,-0.0005,0.000,32.38,44.0,1,2049
52710893,216.027,216.027,0.0000,-0.0664,0.0000,-0.0005,0.000,32.38,44.0,1,2049
52711863,216.027,216.027,0.0000,0.0252,0.0000,-0.0005,0.000,32.38,44.0,1,2049
52712861,216.027,216.027,0.0000,-0.0526,0.0000,-0.0005,0.000,32.38,44.0,1,2049
52713860,216.027,216.027,0.0000,0.0847,0.0000,-0.0005,0.000,32.38,44.0,1,2049
52715183,216.027,216.027,0.0000,0.0343,0.0000,-0.0005,0.000,32.38,44.0,1,2049
52715891,216.027,216.027,0.0000,0.0832,0.0000,-0.0005,0.000,32.38,44.0,1,2049
52716862,216.027,216.027,0.0000,0.0053,0.0000,-0.0005,0.000,32.38,44.0,1,2049
52717862,216.027,216.027,0.0000,0.1473,0.0000,-0.0005,0.000,32.38,44.0,1,2049
52718863,216.027,216.027,0.0000,0.0084,0.0000,-0.0005,0.000,32.38,44.0,1,2049
52720182,216.027,216.027,0.0000,-0.0206,0.0000,-0.0005,0.000,32.38,44.0,1,2049
52720890,216.027,216.027,0.0000,0.0099,0.0000,-0.0005,0.000,32.38,44.0,1,2049
52721864,216.027,216.027,0.0000,-0.0450,0.0000,-0.0005,0.000,32.38,44.0,1,2049
52723157,216.027,216.027,0.0000,-0.0435,0.0000,-0.0005,0.000,32.38,44.0,1,2049
52723544,216.027,216.027,0.0000,-0.0603,0.0000,-0.0005,0.000,32.38,44.0,1,2049
52724862,216.027,216.027,0.0000,-0.0069,0.0000,-0.0005,0.000,32.38,44.0,1,2049
52725865,216.027,216.027,0.0000,-0.0694,0.0000,-0.0005,0.000,32.38,44.0,1,2049
52727185,216.027,216.027,0.0000,0.0160,0.0000,-0.0005,0.000,32.38,44.0,1,2049
52727867,216.027,216.027,0.0000,-0.0298,0.0000,-0.0005,0.000,32.38,44.0,1,2049
52728859,216.027,216.027,0.0000,-0.0862,0.0000,-0.0005,0.000,32.38,44.0,1,2049
52730185,216.027,216.027,0.0000,0.0267,0.0000,-0.0005,0.000,32.38,44.0,1,2049
52730843,216.027,216.027,0.0000,-0.0938,0.0000,-0.0005,0.000,32.38,44.0,1,2049
52731919,216.027,216.027,0.0000,0.0618,0.0000,-0.0005,0.000,32.38,44.0,1,2049
52732840,216.027,216.027,0.0000,0.0603,0.0000,-0.0005,0.000,32.38,44.0,1,2049
52733845,216.027,216.027,0.0000,-0.0603,0.0000,-0.0005,0.000,32.38,44.0,1,2049
52735167,216.027,216.027,0.0000,-0.1228,0.0000,-0.0005,0.000,32.38,44.0,1,2049
52735750,216.027,216.027,0.0000,0.0526,0.0000,-0.0005,0.000,32.38,44.0,1,2049
52736871,216.027,216.027,0.0000,-0.0008,0.0000,-0.0005,0.000,32.38,44.0,1,2049
52737838,216.027,216.027,0.0000,0.1015,0.0000,-0.0005,0.000,32.38,44.0,1,2049
52738848,216.027,216.027,0.0000,-0.0114,0.0000,-0.0005,0.000,32.38,44.0,1,2049
52740168,216.027,216.027,0.0000,-0.0435,0.0000,-0.0005,0.000,32.38,44.0,1,2049
52740748,216.027,216.027,0.0000,0.1213,0.0000,-0.0005,0.000,32.38,44.0,1,2049
52741869,216.027,216.027,0.0000,-0.0404,0.0000,-0.0005,0.000,32.38,44.0,1,2049
52743158,216.027,216.027,0.0000,-0.0053,0.0000,-0.0005,0.000,32.38,44.0,1,2049
52743552,216.027,216.027,0.0000,0.1305,0.0000,-0.0005,0.000,32.38,44.0,1,2049
52744867,216.027,216.027,0.0000,-0.0755,0.0000,-0.0005,0.000,32.38,44.0,1,2049
52745920,216.027,216.027,0.0000,0.0359,0.0000,-0.0005,0.000,32.38,44.0,1,2049
52747234,216.027,216.027,0.0000,0.0328,0.0000,-0.0005,0.000,32.38,44.0,1,2049
52747841,216.027,216.027,0.0000,0.0923,0.0000,-0.0005,0.000,32.38,44.0,1,2049
52748838,216.027,216.027,0.0000,-0.0923,0.0000,-0.0005,0.000,32.38,44.0,1,2049
52750153,216.027,216.027,0.0000,-0.1228,0.0000,-0.0005,0.000,32.41,44.0,1,2049
52750914,216.027,216.027,0.0000,0.0206,0.0000,-0.0005,0.000,32.41,44.0,1,2049
52751864,216.027,216.027,0.0000,-0.0710,0.0000,-0.0005,0.000,32.41,44.0,1,2049
52752864,216.027,216.027,0.0000,0.0298,0.0000,-0.0005,0.000,32.41,44.0,1,2049
52753865,216.027,216.027,0.0000,-0.0328,0.0000,-0.0005,0.000,32.41,44.0,1,2049
52755191,216.027,216.049,0.0000,0.0343,0.0000,-0.0005,0.000,32.38,44.0,1,2049
52755891,216.049,216.027,0.0000,-0.1030,0.0000,-0.0005,0.000,32.38,44.0,1,2049
52756865,216.027,216.027,0.0000,-0.0130,0.0000,-0.0005,0.000,32.38,44.0,1,2049
52757864,216.027,216.027,0.0000,-0.0938,0.0000,-0.0005,0.000,32.38,44.0,1,2049
52758863,216.027,216.027,0.0000,0.0450,0.0000,-0.0005,0.000,32.38,44.0,1,2049
52760184,216.027,216.027,0.0000,-0.1808,0.0000,-0.0005,0.000,32.38,44.0,1,2049
52760889,216.027,216.027,0.0000,-0.0099,0.0000,-0.0005,0.000,32.38,44.0,1,2049
52761863,216.027,216.027,0.0000,-0.0603,0.0000,-0.0005,0.000,32.38,44.0,1,2049
52763185,216.027,216.027,0.0000,-0.0526,0.0000,-0.0005,0.000,32.38,44.0,1,2049
52763558,216.027,216.027,0.0000,0.0038,0.0000,-0.0005,0.000,32.38,44.0,1,2049
52764886,216.027,216.027,0.0000,0.0099,0.0000,-0.0005,0.000,32.38,44.0,1,2049
52765570,216.027,216.027,0.0000,0.0298,0.0000,-0.0005,0.000,32.38,44.0,1,2049
52766889,216.027,216.027,0.0000,-0.0084,0.0000,-0.0005,0.000,32.38,44.0,1,2049
52767888,216.027,216.027,0.0000,-0.0191,0.0000,-0.0005,0.000,32.38,44.0,1,2049
52768862,216.027,216.027,0.0000,-0.0175,0.0000,-0.0005,0.000,32.38,44.0,1,2049
52770191,216.027,216.027,0.0000,-0.0359,0.0000,-0.0005,0.000,32.38,44.0,1,2049
52770864,216.027,216.027,0.0000,-0.0404,0.0000,-0.0005,0.000,32.38,44.0,1,2049
52771841,216.027,216.027,0.0000,-0.0191,0.0000,-0.0005,0.000,32.38,44.0,1,2049
52772837,216.027,216.027,0.0000,0.0542,0.0000,-0.0005,0.000,32.38,44.0,1,2049
52773840,216.027,216.027,0.0000,-0.0633,0.0000,-0.0005,0.000,32.38,44.0,1,2049
52775182,216.027,216.027,0.0000,0.0313,0.0000,-0.0005,0.000,32.38,44.0,1,2049
52775890,216.027,216.027,0.0000,0.0710,0.0000,-0.0005,0.000,32.38,44.0,1,2049
52776861,216.027,216.027,0.0000,0.0038,0.0000,-0.0005,0.000,32.38,44.0,1,2049
52777863,216.027,216.027,0.0000,0.0374,0.0000,-0.0005,0.000,32.38,44.0,1,2049
52778865,216.027,216.027,0.0000,0.0389,0.0000,-0.0005,0.000,32.38,44.0,1,2049
52780166,216.027,216.027,0.0000,-0.0206,0.0000,-0.0005,0.000,32.38,44.0,1,2049
52780767,216.027,216.027,0.0000,-0.0542,0.0000,-0.0005,0.000,32.38,44.0,1,2049
52781875,216.027,216.027,0.0000,-0.0221,0.0000,-0.0005,0.000,32.38,44.0,1,2049
52783160,216.027,216.027,0.0000,-0.0633,0.0000,-0.0005,0.000,32.38,44.0,1,2049
52783550,216.027,216.027,0.0000,0.0008,0.0000,-0.0005,0.000,32.38,44.0,1,2049
52784866,216.027,216.027,0.0000,-0.0938,0.0000,-0.0005,0.000,32.38,44.0,1,2049
52785903,216.027,216.027,0.0000,-0.0221,0.0000,-0.0005,0.000,32.38,44.0,1,2049
52787169,216.027,216.027,0.0000,-0.0191,0.0000,-0.0005,0.000,32.38,44.0,1,2049
52787843,216.027,216.027,0.0000,-0.0786,0.0000,-0.0005,0.000,32.38,44.0,1,2049
52788838,216.027,216.027,0.0000,0.0755,0.0000,-0.0005,0.000,32.38,44.0,1,2049
52790233,216.027,216.049,0.0000,0.1457,0.0000,-0.0005,0.000,32.38,44.0,1,2049
52790845,216.049,216.027,0.0000,0.0771,0.0000,-0.0005,0.000,32.38,44.0,1,2049
52791845,216.027,216.027,0.0000,0.0511,0.0000,-0.0005,0.000,32.38,44.0,1,2049
52792839,216.027,216.027,0.0000,0.0542,0.0000,-0.0005,0.000,32.38,44.0,1,2049
52793907,216.027,216.027,0.0000,0.0313,0.0000,-0.0005,0.000,32.38,44.0,1,2049
52795172,216.027,216.027,0.0000,-0.0618,0.0000,-0.0005,0.000,32.38,44.0,1,2049
52795919,216.027,216.027,0.0000,-0.0023,0.0000,-0.0005,0.000,32.38,44.0,1,2049
52796916,216.027,216.027,0.0000,0.0389,0.0000,-0.0005,0.000,32.38,44.0,1,2049
52797841,216.027,216.027,0.0000,0.1488,0.0000,-0.0005,0.000,32.38,44.0,1,2049
52798842,216.027,216.027,0.0000,-0.0130,0.0000,-0.0005,0.000,32.38,44.0,1,2049
52800227,216.027,216.027,0.0000,0.0084,0.0000,-0.0005,0.000,32.38,44.0,1,2049
52800891,216.027,216.027,0.0000,-0.0633,0.0000,-0.0005,0.000,32.38,44.0,1,2049
52801862,216.027,216.027,0.0000,0.1091,0.0000,-0.0005,0.000,32.38,44.0,1,2049
52803191,216.027,216.027,0.0000,-0.0343,0.0000,-0.0005,0.000,32.38,44.0,1,2049
52803852,216.027,216.027,0.0000,0.0786,0.0000,-0.0005,0.000,32.38,44.0,1,2049
52805180,216.027,216.027,0.0000,-0.0343,0.0000,-0.0005,0.000,32.38,44.0,1,2049
52805888,216.027,216.027,0.0000,0.1564,0.0000,-0.0005,0.000,32.38,44.0,1,2049
52807184,216.027,216.027,0.0000,-0.0877,0.0000,-0.0005,0.000,32.38,44.0,1,2049
52807890,216.027,216.027,0.0000,-0.0221,0.0000,-0.0005,0.000,32.38,44.0,1,2049
52808861,216.027,216.027,0.0000,0.1457,0.0000,-0.0005,0.000,32.38,44.0,1,2049
52810179,216.027,216.027,0.0000,0.0862,0.0000,-0.0005,0.000,32.38,44.0,1,2049
52810890,216.027,216.027,0.0000,-0.0221,0.0000,-0.0005,0.000,32.38,44.0,1,2049
52811862,216.027,216.027,0.0000,0.0328,0.0000,-0.0005,0.000,32.38,44.0,1,2049
52812863,216.027,216.027,0.0000,-0.0145,0.0000,-0.0005,0.000,32.38,44.0,1,2049
52813860,216.027,216.027,0.0000,0.0038,0.0000,-0.0005,0.000,32.38,44.0,1,2049
52815186,216.027,216.027,0.0000,-0.0191,0.0000,-0.0005,0.000,32.41,44.0,1,2049
52815860,216.027,216.027,0.0000,-0.0313,0.0000,-0.0005,0.000,32.41,44.0,1,2049
52816860,216.027,216.027,0.0000,-0.0893,0.0000,-0.0005,0.000,32.41,44.0,1,2049
52817862,216.027,216.027,0.0000,0.0191,0.0000,-0.0005,0.000,32.41,44.0,1,2049
52818863,216.027,216.027,0.0000,-0.0481,0.0000,-0.0005,0.000,32.41,44.0,1,2049
52820199,216.027,216.027,0.0000,-0.0175,0.0000,-0.0005,0.000,32.41,44.0,1,2049
52820891,216.027,216.027,0.0000,-0.0374,0.0000,-0.0005,0.000,32.41,44.0,1,2049
52821862,216.027,216.027,0.0000,0.0191,0.0000,-0.0005,0.000,32.41,44.0,1,2049
52823182,216.027,216.027,0.0000,-0.0084,0.0000,-0.0005,0.000,32.41,44.0,1,2049
52823547,216.027,216.027,0.0000,0.0328,0.0000,-0.0005,0.000,32.41,44.0,1,2049
52824865,216.027,216.027,0.0000,-0.1289,0.0000,-0.0005,0.000,32.41,44.0,1,2049
52825848,216.027,216.027,0.0000,0.0038,0.0000,-0.0005,0.000,32.41,44.0,1,2049
52827201,216.027,216.027,0.0000,-0.0420,0.0000,-0.0005,0.000,32.41,44.0,1,2049
52827892,216.027,216.027,0.0000,-0.0237,0.0000,-0.0005,0.000,32.41,44.0,1,2049
52828862,216.027,216.027,0.0000,0.1762,0.0000,-0.0005,0.000,32.41,44.0,1,2049
52830186,216.027,216.027,0.0000,0.0481,0.0000,-0.0005,0.000,32.41,44.0,1,2049
52830863,216.027,216.027,0.0000,0.0145,0.0000,-0.0005,0.000,32.41,44.0,1,2049
52831840,216.027,216.027,0.0000,0.0404,0.0000,-0.0005,0.000,32.41,44.0,1,2049
52832840,216.027,216.027,0.0000,-0.1106,0.0000,-0.0005,0.000,32.41,44.0,1,2049
52833916,216.027,216.027,0.0000,0.0725,0.0000,-0.0005,0.000,32.41,44.0,1,2049
52835172,216.027,216.027,0.0000,0.0053,0.0000,-0.0005,0.000,32.41,44.0,1,2049
52835846,216.027,216.027,0.0000,-0.0404,0.0000,-0.0005,0.000,32.41,44.0,1,2049
52836838,216.027,216.027,0.0000,-0.0664,0.0000,-0.0005,0.000,32.41,44.0,1,2049
52837883,216.027,216.027,0.0000,0.0160,0.0000,-0.0005,0.000,32.41,44.0,1,2049
52838841,216.027,216.027,0.0000,0.0069,0.0000,-0.0005,0.000,32.41,44.0,1,2049
52840175,216.027,216.027,0.0000,0.1030,0.0000,-0.0005,0.000,32.41,44.0,1,2049
52840842,216.027,216.027,0.0000,0.0237,0.0000,-0.0005,0.000,32.41,44.0,1,2049
52841905,216.027,216.027,0.0000,-0.0053,0.0000,-0.0005,0.000,32.41,44.0,1,2049
52843163,216.027,216.027,0.0000,-0.0221,0.0000,-0.0005,0.000,32.41,44.0,1,2049
52843552,216.027,216.027,0.0000,-0.0313,0.0000,-0.0005,0.000,32.41,44.0,1,2049
52844868,216.027,216.027,0.0000,-0.0053,0.0000,-0.0005,0.000,32.41,44.0,1,2049
52845921,216.027,216.027,0.0000,0.0175,0.0000,-0.0005,0.000,32.41,44.0,1,2049
52847230,216.027,216.027,0.0000,-0.0603,0.0000,-0.0005,0.000,32.41,44.0,1,2049
52847841,216.027,216.027,0.0000,0.1030,0.0000,-0.0005,0.000,32.41,44.0,1,2049
52848840,216.027,216.027,0.0000,-0.0023,0.0000,-0.0005,0.000,32.41,44.0,1,2049
52850162,216.027,216.027,0.0000,-0.0221,0.0000,-0.0005,0.000,32.41,44.0,1,2049
52850907,216.027,216.027,0.0000,-0.1045,0.0000,-0.0005,0.000,32.41,44.0,1,2049
52851887,216.027,216.027,0.0000,-0.0038,0.0000,-0.0005,0.000,32.41,44.0,1,2049
52852863,216.027,216.027,0.0000,-0.0420,0.0000,-0.0005,0.000,32.41,44.0,1,2049
52853865,216.027,216.027,0.0000,0.0008,0.0000,-0.0005,0.000,32.41,44.0,1,2049
52855201,216.027,216.027,0.0000,0.1076,0.0000,-0.0005,0.000,32.41,44.0,1,2049
52855891,216.027,216.027,0.0000,-0.0603,0.0000,-0.0005,0.000,32.41,44.0,1,2049
52856863,216.027,216.027,0.0000,0.0786,0.0000,-0.0005,0.000,32.41,44.0,1,2049
52857888,216.027,216.027,0.0000,0.0664,0.0000,-0.0005,0.000,32.41,44.0,1,2049
52858886,216.027,216.027,0.0000,0.0465,0.0000,-0.0005,0.000,32.41,44.0,1,2049
52860204,216.027,216.049,0.0000,0.0923,0.0000,-0.0005,0.000,32.41,44.0,1,2049
52860888,216.049,216.027,0.0000,0.0603,0.0000,-0.0005,0.000,32.41,44.0,1,2049
52861886,216.027,216.027,0.0000,-0.0984,0.0000,-0.0005,0.000,32.41,44.0,1,2049
52863202,216.027,216.027,0.0000,0.1366,0.0000,-0.0005,0.000,32.41,44.0,1,2049
52863887,216.027,216.027,0.0000,-0.0160,0.0000,-0.0005,0.000,32.41,44.0,1,2049
52865203,216.027,216.027,0.0000,-0.0206,0.0000,-0.0005,0.000,32.41,44.0,1,2049
52865881,216.027,216.027,0.0000,0.0679,0.0000,-0.0005,0.000,32.41,44.0,1,2049
52867201,216.027,216.027,0.0000,0.1060,0.0000,-0.0005,0.000,32.41,44.0,1,2049
52867889,216.027,216.027,0.0000,0.0313,0.0000,-0.0005,0.000,32.41,44.0,1,2049
52868883,216.027,216.027,0.0000,-0.0618,0.0000,-0.0005,0.000,32.41,44.0,1,2049
52870205,216.027,216.027,0.0000,0.0481,0.0000,-0.0005,0.000,32.44,44.0,1,2049
52870891,216.027,216.027,0.0000,0.0053,0.0000,-0.0005,0.000,32.44,44.0,1,2049
52871887,216.027,216.027,0.0000,0.0740,0.0000,-0.0005,0.000,32.44,44.0,1,2049
52872886,216.027,216.027,0.0000,0.1076,0.0000,-0.0005,0.000,32.44,44.0,1,2049
52873858,216.027,216.027,0.0000,-0.0786,0.0000,-0.0005,0.000,32.44,44.0,1,2049
52875166,216.027,216.027,0.0000,-0.1473,0.0000,-0.0005,0.000,32.44,44.0,1,2049
52875838,216.027,216.027,0.0000,0.0084,0.0000,-0.0005,0.000,32.44,44.0,1,2049
52876837,216.027,216.027,0.0000,-0.0389,0.0000,-0.0005,0.000,32.44,44.0,1,2049
52877889,216.027,216.027,0.0000,0.0282,0.0000,-0.0005,0.000,32.44,44.0,1,2049
52878860,216.027,216.027,0.0000,-0.0557,0.0000,-0.0005,0.000,32.44,44.0,1,2049
52880184,216.027,216.027,0.0000,-0.0298,0.0000,-0.0005,0.000,32.41,44.0,1,2049
52880892,216.027,216.027,0.0000,0.0267,0.0000,-0.0005,0.000,32.41,44.0,1,2049
52881760,216.027,216.027,0.0000,0.0191,0.0000,-0.0005,0.000,32.41,44.0,1,2049
52883157,216.027,216.027,0.0000,0.0710,0.0000,-0.0005,0.000,32.41,44.0,1,2049
52883543,216.027,216.027,0.0000,-0.0938,0.0000,-0.0005,0.000,32.41,44.0,1,2049
52884933,216.027,216.027,0.0000,0.0450,0.0000,-0.0005,0.000,32.41,44.0,1,2049
52885549,216.027,216.027,0.0000,0.0771,0.0000,-0.0005,0.000,32.41,44.0,1,2049
52886869,216.027,216.027,0.0000,-0.1396,0.0000,-0.0005,0.000,32.41,44.0,1,2049
52887839,216.027,216.027,0.0000,-0.0542,0.0000,-0.0005,0.000,32.41,44.0,1,2049
52888880,216.027,216.027,0.0000,-0.0206,0.0000,-0.0005,0.000,32.41,44.0,1,2049
52890169,216.027,216.027,0.0000,0.0832,0.0000,-0.0005,0.000,32.41,44.0,1,2049
52890848,216.027,216.027,0.0000,-0.1213,0.0000,-0.0005,0.000,32.41,44.0,1,2049
52891838,216.027,216.027,0.0000,-0.0404,0.0000,-0.0005,0.000,32.41,44.0,1,2049
52892881,216.027,216.027,0.0000,0.0420,0.0000,-0.0005,0.000,32.41,44.0,1,2049
52893845,216.027,216.027,0.0000,-0.0694,0.0000,-0.0005,0.000,32.41,44.0,1,2049
52895172,216.027,216.027,0.0000,0.1076,0.0000,-0.0005,0.000,32.41,44.0,1,2049
52895841,216.027,216.027,0.0000,-0.0374,0.0000,-0.0005,0.000,32.41,44.0,1,2049
52896925,216.027,216.027,0.0000,0.0038,0.0000,-0.0005,0.000,32.41,44.0,1,2049
52897910,216.027,216.027,0.0000,0.1122,0.0000,-0.0005,0.000,32.41,44.0,1,2049
52898842,216.027,216.027,0.0000,-0.0023,0.0000,-0.0005,0.000,32.41,44.0,1,2049
52900170,216.027,216.027,0.0000,-0.0725,0.0000,-0.0005,0.000,32.41,44.0,1,2049
52900842,216.027,216.027,0.0000,0.0282,0.0000,-0.0005,0.000,32.41,44.0,1,2049
52901910,216.027,216.027,0.0000,-0.0114,0.0000,-0.0005,0.000,32.41,44.0,1,2049
52903206,216.027,216.027,0.0000,-0.0771,0.0000,-0.0005,0.000,32.41,44.0,1,2049
52903888,216.027,216.027,0.0000,0.0282,0.0000,-0.0005,0.000,32.41,44.0,1,2049
52905199,216.027,216.027,0.0000,0.0099,0.0000,-0.0005,0.000,32.41,44.0,1,2049
52905889,216.027,216.027,0.0000,-0.0023,0.0000,-0.0005,0.000,32.41,44.0,1,2049
52907199,216.027,216.027,0.0000,-0.0648,0.0000,-0.0005,0.000,32.41,44.0,1,2049
52907888,216.027,216.027,0.0000,0.0694,0.0000,-0.0005,0.000,32.41,44.0,1,2049
52908886,216.027,216.027,0.0000,0.0420,0.0000,-0.0005,0.000,32.41,44.0,1,2049
52910206,216.027,216.027,0.0000,-0.0496,0.0000,-0.0005,0.000,32.38,44.0,1,2049
52910889,216.027,216.027,0.0000,-0.1213,0.0000,-0.0005,0.000,32.38,44.0,1,2049
52911883,216.027,216.027,0.0000,0.1122,0.0000,-0.0005,0.000,32.38,44.0,1,2049
52912883,216.027,216.027,0.0000,0.0801,0.0000,-0.0005,0.000,32.38,44.0,1,2049
52913884,216.027,216.027,0.0000,-0.1396,0.0000,-0.0005,0.000,32.38,44.0,1,2049
52915201,216.027,216.027,0.0000,0.1198,0.0000,-0.0005,0.000,32.41,44.0,1,2049
52915891,216.027,216.027,0.0000,-0.1213,0.0000,-0.0005,0.000,32.41,44.0,1,2049
52916884,216.027,216.027,0.0000,-0.0282,0.0000,-0.0005,0.000,32.41,44.0,1,2049
52917884,216.027,216.027,0.0000,0.0084,0.0000,-0.0005,0.000,32.41,44.0,1,2049
52918884,216.027,216.027,0.0000,-0.0160,0.0000,-0.0005,0.000,32.41,44.0,1,2049
52920201,216.027,216.027,0.0000,0.1305,0.0000,-0.0005,0.000,32.41,44.0,1,2049
52920888,216.027,216.027,0.0000,-0.0435,0.0000,-0.0005,0.000,32.41,44.0,1,2049
52921882,216.027,216.027,0.0000,0.1259,0.0000,-0.0005,0.000,32.41,44.0,1,2049
52923197,216.027,216.027,0.0000,-0.1335,0.0000,-0.0005,0.000,32.41,44.0,1,2049
52923886,216.027,216.027,0.0000,-0.0572,0.0000,-0.0005,0.000,32.41,44.0,1,2049
52925204,216.027,216.027,0.0000,0.0008,0.0000,-0.0005,0.000,32.41,44.0,1,2049
52925844,216.027,216.027,0.0000,-0.1030,0.0000,-0.0005,0.000,32.41,44.0,1,2049
52927162,216.027,216.027,0.0000,-0.0130,0.0000,-0.0005,0.000,32.41,44.0,1,2049
52927840,216.027,216.027,0.0000,-0.1045,0.0000,-0.0005,0.000,32.41,44.0,1,2049
52928847,216.027,216.027,0.0000,0.0969,0.0000,-0.0005,0.000,32.41,44.0,1,2049
52930198,216.027,216.027,0.0000,-0.0954,0.0000,-0.0005,0.000,32.41,44.0,1,2049
52930889,216.027,216.027,0.0000,0.0099,0.0000,-0.0005,0.000,32.41,44.0,1,2049
52931883,216.027,216.027,0.0000,-0.0374,0.0000,-0.0005,0.000,32.41,44.0,1,2049
52932888,216.027,216.027,0.0000,-0.0023,0.0000,-0.0005,0.000,32.41,44.0,1,2049
52933887,216.027,216.027,0.0000,-0.0313,0.0000,-0.0005,0.000,32.41,44.0,1,2049
52935167,216.027,216.027,0.0000,-0.0069,0.0000,-0.0005,0.000,32.41,44.0,1,2049
52935756,216.027,216.027,0.0000,0.1106,0.0000,-0.0005,0.000,32.41,44.0,1,2049
52936897,216.027,216.027,0.0000,-0.0038,0.0000,-0.0005,0.000,32.41,44.0,1,2049
52937838,216.027,216.027,0.0000,0.0069,0.0000,-0.0005,0.000,32.41,44.0,1,2049
52938846,216.027,216.027,0.0000,-0.0603,0.0000,-0.0005,0.000,32.41,44.0,1,2049
52940166,216.027,216.027,0.0000,0.0465,0.0000,-0.0005,0.000,32.41,44.0,1,2049
52940744,216.027,216.027,0.0000,0.0526,0.0000,-0.0005,0.000,32.41,44.0,1,2049
52941867,216.027,216.027,0.0000,0.0206,0.0000,-0.0005,0.000,32.41,44.0,1,2049
52943159,216.027,216.027,0.0000,-0.0221,0.0000,-0.0005,0.000,32.41,44.0,1,2049
52943551,216.027,216.027,0.0000,0.0343,0.0000,-0.0005,0.000,32.41,44.0,1,2049
52944866,216.027,216.049,0.0000,-0.0053,0.0000,-0.0005,0.000,32.41,44.0,1,2049
52945899,216.049,216.027,0.0000,-0.0984,0.0000,-0.0005,0.000,32.41,44.0,1,2049
52947170,216.027,216.027,0.0000,-0.0603,0.0000,-0.0005,0.000,32.41,44.0,1,2049
52947923,216.027,216.027,0.0000,0.0557,0.0000,-0.0005,0.000,32.41,44.0,1,2049
52948904,216.027,216.027,0.0000,-0.1305,0.0000,-0.0005,0.000,32.41,44.0,1,2049
52950175,216.027,216.027,0.0000,-0.0252,0.0000,-0.0005,0.000,32.41,44.0,1,2049
52950842,216.027,216.049,0.0000,0.0298,0.0000,-0.0005,0.000,32.41,44.0,1,2049
52951840,216.049,216.027,0.0000,0.0084,0.0000,-0.0005,0.000,32.41,44.0,1,2049
52952906,216.027,216.027,0.0000,-0.0572,0.0000,-0.0005,0.000,32.41,44.0,1,2049
52953884,216.027,216.027,0.0000,-0.0313,0.0000,-0.0005,0.000,32.41,44.0,1,2049
52955199,216.027,216.049,0.0000,0.1640,0.0000,-0.0005,0.000,32.41,44.0,1,2049
52955890,216.049,216.027,0.0000,-0.0099,0.0000,-0.0005,0.000,32.41,44.0,1,2049
52956886,216.027,216.027,0.0000,-0.0328,0.0000,-0.0005,0.000,32.41,44.0,1,2049
52957884,216.027,216.027,0.0000,-0.0618,0.0000,-0.0005,0.000,32.41,44.0,1,2049
52958883,216.027,216.027,0.0000,0.0603,0.0000,-0.0005,0.000,32.41,44.0,1,2049
52960202,216.027,216.027,0.0000,0.1137,0.0000,-0.0005,0.000,32.38,44.0,1,2049
52960890,216.027,216.027,0.0000,-0.0008,0.0000,-0.0005,0.000,32.38,44.0,1,2049
52961886,216.027,216.027,0.0000,0.0008,0.0000,-0.0005,0.000,32.38,44.0,1,2049
52963201,216.027,216.027,0.0000,-0.0816,0.0000,-0.0005,0.000,32.38,44.0,1,2049
52963854,216.027,216.027,0.0000,0.0450,0.0000,-0.0005,0.000,32.38,44.0,1,2049
52965200,216.027,216.027,0.0000,0.0084,0.0000,-0.0005,0.000,32.41,44.0,1,2049
52965890,216.027,216.027,0.0000,0.0420,0.0000,-0.0005,0.000,32.41,44.0,1,2049
52967212,216.027,216.027,0.0000,-0.0710,0.0000,-0.0005,0.000,32.41,44.0,1,2049
52967887,216.027,216.027,0.0000,0.0404,0.0000,-0.0005,0.000,32.41,44.0,1,2049
52968884,216.027,216.027,0.0000,-0.1442,0.0000,-0.0005,0.000,32.41,44.0,1,2049
52970198,216.027,216.027,0.0000,-0.0359,0.0000,-0.0005,0.000,32.41,44.0,1,2049
52970880,216.027,216.027,0.0000,0.0084,0.0000,-0.0005,0.000,32.41,44.0,1,2049
52971884,216.027,216.027,0.0000,0.0877,0.0000,-0.0005,0.000,32.41,44.0,1,2049
52972886,216.027,216.027,0.0000,-0.0359,0.0000,-0.0005,0.000,32.41,44.0,1,2049
52973884,216.027,216.027,0.0000,0.0648,0.0000,-0.0005,0.000,32.41,44.0,1,2049
52975203,216.027,216.027,0.0000,0.0725,0.0000,-0.0005,0.000,32.41,44.0,1,2049
52975877,216.027,216.027,0.0000,-0.0511,0.0000,-0.0005,0.000,32.41,44.0,1,2049
52976840,216.027,216.027,0.0000,-0.0008,0.0000,-0.0005,0.000,32.41,44.0,1,2049
52977839,216.027,216.027,0.0000,0.0710,0.0000,-0.0005,0.000,32.41,44.0,1,2049
52978848,216.027,216.027,0.0000,0.0038,0.0000,-0.0005,0.000,32.41,44.0,1,2049
52980197,216.027,216.027,0.0000,-0.0771,0.0000,-0.0005,0.000,32.41,44.0,1,2049
52980889,216.027,216.027,0.0000,0.0099,0.0000,-0.0005,0.000,32.41,44.0,1,2049
52981885,216.027,216.027,0.0000,-0.0267,0.0000,-0.0005,0.000,32.41,44.0,1,2049
52983201,216.027,216.027,0.0000,0.0282,0.0000,-0.0005,0.000,32.41,44.0,1,2049
52983887,216.027,216.027,0.0000,0.0252,0.0000,-0.0005,0.000,32.41,44.0,1,2049
52985202,216.027,216.027,0.0000,-0.0771,0.0000,-0.0005,0.000,32.41,44.0,1,2049
52985842,216.027,216.027,0.0000,0.0618,0.0000,-0.0005,0.000,32.41,44.0,1,2049
52987249,216.027,216.027,0.0000,-0.0999,0.0000,-0.0005,0.000,32.41,44.0,1,2049
52987842,216.027,216.027,0.0000,0.0237,0.0000,-0.0005,0.000,32.41,44.0,1,2049
52988845,216.027,216.027,0.0000,-0.1381,0.0000,-0.0005,0.000,32.41,44.0,1,2049
52990160,216.027,216.027,0.0000,0.1122,0.0000,-0.0005,0.000,32.41,44.0,1,2049
52990743,216.027,216.027,0.0000,0.0053,0.0000,-0.0005,0.000,32.41,44.0,1,2049
52991893,216.027,216.027,0.0000,-0.0221,0.0000,-0.0005,0.000,32.41,44.0,1,2049
52992841,216.027,216.027,0.0000,0.0221,0.0000,-0.0005,0.000,32.41,44.0,1,2049
52993844,216.027,216.027,0.0000,-0.1045,0.0000,-0.0005,0.000,32.41,44.0,1,2049
52995166,216.027,216.027,0.0000,0.0755,0.0000,-0.0005,0.000,32.41,44.0,1,2049
52995743,216.027,216.027,0.0000,-0.1167,0.0000,-0.0005,0.000,32.41,44.0,1,2049
52996891,216.027,216.049,0.0000,0.1793,0.0000,-0.0005,0.000,32.41,44.0,1,2049
52997838,216.049,216.027,0.0000,-0.0633,0.0000,-0.0005,0.000,32.41,44.0,1,2049
52998946,216.027,216.027,0.0000,-0.0481,0.0000,-0.0005,0.000,32.41,44.0,1,2049
53000174,216.027,216.027,0.0000,-0.0481,0.0000,-0.0005,0.000,32.41,44.0,1,2049
53000839,216.027,216.027,0.0000,0.1625,0.0000,-0.0005,0.000,32.41,44.0,1,2049
53001840,216.027,216.027,0.0000,-0.1228,0.0000,-0.0005,0.000,32.41,44.0,1,2049
53003225,216.027,216.027,0.0000,-0.0099,0.0000,-0.0005,0.000,32.41,44.0,1,2049
53003567,216.027,216.027,0.0000,0.0206,0.0000,-0.0005,0.000,32.41,44.0,1,2049
53004886,216.027,216.027,0.0000,-0.1213,0.0000,-0.0005,0.000,32.41,44.0,1,2049
53005569,216.027,216.027,0.0000,0.0267,0.0000,-0.0005,0.000,32.41,44.0,1,2049
53006888,216.027,216.027,0.0000,-0.1457,0.0000,-0.0005,0.000,32.41,44.0,1,2049
53007569,216.027,216.027,0.0000,0.0008,0.0000,-0.0005,0.000,32.41,44.0,1,2049
53008571,216.027,216.027,0.0000,-0.0648,0.0000,-0.0005,0.000,32.41,44.0,1,2049
53009883,216.027,216.027,0.0000,-0.0114,0.0000,-0.0005,0.000,32.41,44.0,1,2049
53010569,216.027,216.027,0.0000,-0.0053,0.0000,-0.0005,0.000,32.41,44.0,1,2049
53011571,216.027,216.027,0.0000,0.0084,0.0000,-0.0005,0.000,32.41,44.0,1,2049
53012566,216.027,216.049,0.0000,0.1488,0.0000,-0.0005,0.000,32.41,44.0,1,2049
53013566,216.049,216.027,0.0000,-0.0740,0.0000,-0.0005,0.000,32.41,44.0,1,2049
53014882,216.027,216.027,0.0000,0.0587,0.0000,-0.0005,0.000,32.41,44.0,1,2049
53015569,216.027,216.027,0.0000,-0.0435,0.0000,-0.0005,0.000,32.41,44.0,1,2049
53016573,216.027,216.027,0.0000,0.0755,0.0000,-0.0005,0.000,32.41,44.0,1,2049
53017571,216.027,216.027,0.0000,-0.0725,0.0000,-0.0005,0.000,32.41,44.0,1,2049
53018545,216.027,216.027,0.0000,-0.2022,0.0000,-0.0005,0.000,32.41,44.0,1,2049
53019872,216.027,216.027,0.0000,0.0938,0.0000,-0.0005,0.000,32.41,44.0,1,2049
53020570,216.027,216.027,0.0000,-0.0359,0.0000,-0.0005,0.000,32.41,44.0,1,2049
53021571,216.027,216.027,0.0000,0.0267,0.0000,-0.0005,0.000,32.41,44.0,1,2049
53022854,216.027,216.027,0.0000,-0.0587,0.0000,-0.0005,0.000,32.41,44.0,1,2049
53023544,216.027,216.027,0.0000,-0.0694,0.0000,-0.0005,0.000,32.41,44.0,1,2049
53024864,216.027,216.027,0.0000,-0.0740,0.0000,-0.0005,0.000,32.41,44.0,1,2049
53025906,216.027,216.027,0.0000,0.1411,0.0000,-0.0005,0.000,32.41,44.0,1,2049
53027180,216.027,216.027,0.0000,0.0725,0.0000,-0.0005,0.000,32.41,44.0,1,2049
53027847,216.027,216.027,0.0000,-0.0099,0.0000,-0.0005,0.000,32.41,44.0,1,2049
53028838,216.027,216.027,0.0000,0.0175,0.0000,-0.0005,0.000,32.41,44.0,1,2049
53030233,216.027,216.027,0.0000,0.0740,0.0000,-0.0005,0.000,32.41,44.0,1,2049
53030846,216.027,216.027,0.0000,-0.0175,0.0000,-0.0005,0.000,32.41,44.0,1,2049
53031845,216.027,216.027,0.0000,-0.0679,0.0000,-0.0005,0.000,32.41,44.0,1,2049
53032841,216.027,216.027,0.0000,-0.0008,0.0000,-0.0005,0.000,32.41,44.0,1,2049
53033905,216.027,216.027,0.0000,0.0038,0.0000,-0.0005,0.000,32.41,44.0,1,2049
53035172,216.027,216.027,0.0000,-0.0343,0.0000,-0.0005,0.000,32.44,44.0,1,2049
53035851,216.027,216.027,0.0000,-0.0206,0.0000,-0.0005,0.000,32.44,44.0,1,2049
53036841,216.027,216.027,0.0000,0.0206,0.0000,-0.0005,0.000,32.44,44.0,1,2049
53037907,216.027,216.027,0.0000,0.0755,0.0000,-0.0005,0.000,32.44,44.0,1,2049
53038846,216.027,216.027,0.0000,0.0481,0.0000,-0.0005,0.000,32.44,44.0,1,2049
53040175,216.027,216.027,0.0000,0.0237,0.0000,-0.0005,0.000,32.41,44.0,1,2049
53040842,216.027,216.027,0.0000,-0.0984,0.0000,-0.0005,0.000,32.41,44.0,1,2049
53041907,216.027,216.027,0.0000,0.0587,0.0000,-0.0005,0.000,32.41,44.0,1,2049
53043163,216.027,216.027,0.0000,0.0389,0.0000,-0.0005,0.000,32.41,44.0,1,2049
53043552,216.027,216.027,0.0000,-0.0069,0.0000,-0.0005,0.000,32.41,44.0,1,2049
53044863,216.027,216.027,0.0000,0.0740,0.0000,-0.0005,0.000,32.41,44.0,1,2049
53045898,216.027,216.027,0.0000,-0.0175,0.0000,-0.0005,0.000,32.41,44.0,1,2049
53047178,216.027,216.027,0.0000,0.0420,0.0000,-0.0005,0.000,32.41,44.0,1,2049
53047932,216.027,216.027,0.0000,0.0740,0.0000,-0.0005,0.000,32.41,44.0,1,2049
53048904,216.027,216.027,0.0000,0.0130,0.0000,-0.0005,0.000,32.41,44.0,1,2049
53050172,216.027,216.027,0.0000,0.0481,0.0000,-0.0005,0.000,32.41,44.0,1,2049
53050838,216.027,216.027,0.0000,0.1152,0.0000,-0.0005,0.000,32.41,44.0,1,2049
53051839,216.027,216.027,0.0000,-0.1534,0.0000,-0.0005,0.000,32.41,44.0,1,2049
53052908,216.027,216.027,0.0000,-0.0298,0.0000,-0.0005,0.000,32.41,44.0,1,2049
53053886,216.027,216.027,0.0000,0.0206,0.0000,-0.0005,0.000,32.41,44.0,1,2049
53055210,216.027,216.027,0.0000,-0.0420,0.0000,-0.0005,0.000,32.41,44.0,1,2049
53055881,216.027,216.027,0.0000,-0.1045,0.0000,-0.0005,0.000,32.41,44.0,1,2049
53056884,216.027,216.027,0.0000,0.0175,0.0000,-0.0005,0.000,32.41,44.0,1,2049
53057888,216.027,216.027,0.0000,-0.0420,0.0000,-0.0005,0.000,32.41,44.0,1,2049
53058885,216.027,216.027,0.0000,0.0877,0.0000,-0.0005,0.000,32.41,44.0,1,2049
53060198,216.027,216.027,0.0000,0.0237,0.0000,-0.0005,0.000,32.41,44.0,1,2049
53060885,216.027,216.027,0.0000,0.1427,0.0000,-0.0005,0.000,32.41,44.0,1,2049
53061884,216.027,216.027,0.0000,-0.1381,0.0000,-0.0005,0.000,32.41,44.0,1,2049
53063207,216.027,216.027,0.0000,0.0404,0.0000,-0.0005,0.000,32.41,44.0,1,2049
53063567,216.027,216.027,0.0000,-0.0282,0.0000,-0.0005,0.000,32.41,44.0,1,2049
53064884,216.027,216.027,0.0000,-0.0893,0.0000,-0.0005,0.000,32.41,44.0,1,2049
53065571,216.027,216.027,0.0000,-0.0298,0.0000,-0.0005,0.000,32.41,44.0,1,2049
53066889,216.027,216.027,0.0000,0.1076,0.0000,-0.0005,0.000,32.41,44.0,1,2049
53067571,216.027,216.027,0.0000,-0.0542,0.0000,-0.0005,0.000,32.41,44.0,1,2049
53068572,216.027,216.027,0.0000,-0.0954,0.0000,-0.0005,0.000,32.41,44.0,1,2049
53069883,216.027,216.027,0.0000,-0.0404,0.0000,-0.0005,0.000,32.41,44.0,1,2049
53070570,216.027,216.027,0.0000,-0.0130,0.0000,-0.0005,0.000,32.41,44.0,1,2049
53071573,216.027,216.027,0.0000,0.0053,0.0000,-0.0005,0.000,32.41,44.0,1,2049
53072544,216.027,216.027,0.0000,-0.1488,0.0000,-0.0005,0.000,32.41,44.0,1,2049
53073566,216.027,216.027,0.0000,0.0481,0.0000,-0.0005,0.000,32.41,44.0,1,2049
53074882,216.027,216.027,0.0000,-0.0038,0.0000,-0.0005,0.000,32.41,44.0,1,2049
53075571,216.027,216.027,0.0000,-0.0404,0.0000,-0.0005,0.000,32.41,44.0,1,2049
53076577,216.027,216.027,0.0000,-0.0816,0.0000,-0.0005,0.000,32.41,44.0,1,2049
53077544,216.027,216.027,0.0000,0.0069,0.0000,-0.0005,0.000,32.41,44.0,1,2049
53078608,216.027,216.027,0.0000,-0.0847,0.0000,-0.0005,0.000,32.41,44.0,1,2049
53079872,216.027,216.027,0.0000,-0.1457,0.0000,-0.0005,0.000,32.41,44.0,1,2049
53080845,216.027,216.027,0.0000,-0.1335,0.0000,-0.0005,0.000,32.41,44.0,1,2049
53081841,216.027,216.027,0.0000,-0.0130,0.0000,-0.0005,0.000,32.41,44.0,1,2049
53083221,216.027,216.027,0.0000,-0.0740,0.0000,-0.0005,0.000,32.41,44.0,1,2049
53083546,216.027,216.027,0.0000,-0.0465,0.0000,-0.0005,0.000,32.41,44.0,1,2049
53084878,216.027,216.027,0.0000,0.0938,0.0000,-0.0005,0.000,32.41,44.0,1,2049
53085546,216.027,216.027,0.0000,0.0877,0.0000,-0.0005,0.000,32.41,44.0,1,2049
53086911,216.027,216.027,0.0000,0.1152,0.0000,-0.0005,0.000,32.41,44.0,1,2049
53087551,216.027,216.027,0.0000,-0.1076,0.0000,-0.0005,0.000,32.41,44.0,1,2049
53088556,216.027,216.027,0.0000,0.0328,0.0000,-0.0005,0.000,32.41,44.0,1,2049
53089858,216.027,216.027,0.0000,-0.0130,0.0000,-0.0005,0.000,32.41,44.0,1,2049
53090896,216.027,216.027,0.0000,-0.0359,0.0000,-0.0005,0.000,32.41,44.0,1,2049
53091843,216.027,216.027,0.0000,0.0664,0.0000,-0.0005,0.000,32.41,44.0,1,2049
53092847,216.027,216.027,0.0000,0.0191,0.0000,-0.0005,0.000,32.41,44.0,1,2049
53093839,216.027,216.027,0.0000,-0.0053,0.0000,-0.0005,0.000,32.41,44.0,1,2049
53095236,216.027,216.027,0.0000,0.0160,0.0000,-0.0005,0.000,32.41,44.0,1,2049
53095871,216.027,216.027,0.0000,-0.0313,0.0000,-0.0005,0.000,32.41,44.0,1,2049
53096846,216.027,216.027,0.0000,-0.1091,0.0000,-0.0005,0.000,32.41,44.0,1,2049
53097838,216.027,216.027,0.0000,0.1060,0.0000,-0.0005,0.000,32.41,44.0,1,2049
53098926,216.027,216.027,0.0000,-0.0313,0.0000,-0.0005,0.000,32.41,44.0,1,2049
53100225,216.027,216.027,0.0000,-0.0282,0.0000,-0.0005,0.000,32.41,44.0,1,2049
53100842,216.027,216.027,0.0000,0.0114,0.0000,-0.0005,0.000,32.41,44.0,1,2049
53101838,216.027,216.027,0.0000,-0.0298,0.0000,-0.0005,0.000,32.41,44.0,1,2049
53103162,216.027,216.027,0.0000,0.0420,0.0000,-0.0005,0.000,32.41,44.0,1,2049
53103610,216.027,216.027,0.0000,0.0557,0.0000,-0.0005,0.000,32.41,44.0,1,2049
53104886,216.027,216.027,0.0000,0.0114,0.0000,-0.0005,0.000,32.41,44.0,1,2049
53105571,216.027,216.027,0.0000,-0.0069,0.0000,-0.0005,0.000,32.41,44.0,1,2049
53106887,216.027,216.027,0.0000,0.0526,0.0000,-0.0005,0.000,32.41,44.0,1,2049
53107571,216.027,216.027,0.0000,0.1625,0.0000,-0.0005,0.000,32.41,44.0,1,2049
53108572,216.027,216.027,0.0000,-0.0481,0.0000,-0.0005,0.000,32.41,44.0,1,2049
53109882,216.027,216.027,0.0000,-0.0572,0.0000,-0.0005,0.000,32.41,44.0,1,2049
53110571,216.027,216.027,0.0000,0.0023,0.0000,-0.0005,0.000,32.41,44.0,1,2049
53111572,216.027,216.027,0.0000,0.0908,0.0000,-0.0005,0.000,32.41,44.0,1,2049
53112566,216.027,216.027,0.0000,-0.0984,0.0000,-0.0005,0.000,32.41,44.0,1,2049
53113566,216.027,216.027,0.0000,0.0267,0.0000,-0.0005,0.000,32.41,44.0,1,2049
53114882,216.027,216.027,0.0000,-0.1122,0.0000,-0.0005,0.000,32.41,44.0,1,2049
53115571,216.027,216.027,0.0000,0.0114,0.0000,-0.0005,0.000,32.41,44.0,1,2049
53116573,216.027,216.027,0.0000,-0.0053,0.0000,-0.0005,0.000,32.41,44.0,1,2049
53117572,216.027,216.027,0.0000,-0.0298,0.0000,-0.0005,0.000,32.41,44.0,1,2049
53118555,216.027,216.027,0.0000,-0.0374,0.0000,-0.0005,0.000,32.41,44.0,1,2049
53119861,216.027,216.027,0.0000,-0.0191,0.0000,-0.0005,0.000,32.41,44.0,1,2049
53120881,216.027,216.027,0.0000,-0.0648,0.0000,-0.0005,0.000,32.41,44.0,1,2049
53121882,216.027,216.027,0.0000,0.0664,0.0000,-0.0005,0.000,32.41,44.0,1,2049
53123198,216.027,216.027,0.0000,-0.1473,0.0000,-0.0005,0.000,32.41,44.0,1,2049
53123884,216.027,216.027,0.0000,0.0832,0.0000,-0.0005,0.000,32.41,44.0,1,2049
53125207,216.027,216.027,0.0000,-0.0160,0.0000,-0.0005,0.000,32.41,44.0,1,2049
53125885,216.027,216.027,0.0000,0.0923,0.0000,-0.0005,0.000,32.41,44.0,1,2049
53127166,216.027,216.027,0.0000,-0.1076,0.0000,-0.0005,0.000,32.41,44.0,1,2049
53127751,216.027,216.027,0.0000,0.0618,0.0000,-0.0005,0.000,32.41,44.0,1,2049
53128895,216.027,216.027,0.0000,-0.0999,0.0000,-0.0005,0.000,32.41,44.0,1,2049
53130168,216.027,216.027,0.0000,-0.0343,0.0000,-0.0005,0.000,32.44,44.0,1,2049
53130869,216.027,216.027,0.0000,0.0572,0.0000,-0.0005,0.000,32.44,44.0,1,2049
53131841,216.027,216.027,0.0000,0.0206,0.0000,-0.0005,0.000,32.44,44.0,1,2049
53132905,216.027,216.027,0.0000,-0.0755,0.0000,-0.0005,0.000,32.44,44.0,1,2049
53133841,216.027,216.027,0.0000,-0.0114,0.0000,-0.0005,0.000,32.44,44.0,1,2049
53135170,216.027,216.027,0.0000,-0.0038,0.0000,-0.0005,0.000,32.41,44.0,1,2049
53135842,216.027,216.027,0.0000,0.0725,0.0000,-0.0005,0.000,32.41,44.0,1,2049
53136906,216.027,216.027,0.0000,0.0740,0.0000,-0.0005,0.000,32.41,44.0,1,2049
53137840,216.027,216.027,0.0000,0.0542,0.0000,-0.0005,0.000,32.41,44.0,1,2049
53138846,216.027,216.027,0.0000,0.0587,0.0000,-0.0005,0.000,32.41,44.0,1,2049
53140163,216.027,216.027,0.0000,-0.1625,0.0000,-0.0005,0.000,32.41,44.0,1,2049
53140741,216.027,216.027,0.0000,0.1167,0.0000,-0.0005,0.000,32.41,44.0,1,2049
53141891,216.027,216.027,0.0000,-0.0542,0.0000,-0.0005,0.000,32.41,44.0,1,2049
53143159,216.027,216.027,0.0000,0.1167,0.0000,-0.0005,0.000,32.41,44.0,1,2049
53143552,216.027,216.027,0.0000,-0.0099,0.0000,-0.0005,0.000,32.41,44.0,1,2049
53144867,216.027,216.027,0.0000,0.0191,0.0000,-0.0005,0.000,32.41,44.0,1,2049
53145897,216.027,216.027,0.0000,-0.0710,0.0000,-0.0005,0.000,32.41,44.0,1,2049
53147174,216.027,216.027,0.0000,0.0221,0.0000,-0.0005,0.000,32.41,44.0,1,2049
53147872,216.027,216.027,0.0000,-0.1152,0.0000,-0.0005,0.000,32.41,44.0,1,2049
53148841,216.027,216.027,0.0000,0.0954,0.0000,-0.0005,0.000,32.41,44.0,1,2049
53150245,216.027,216.027,0.0000,0.0603,0.0000,-0.0005,0.000,32.41,44.0,1,2049
53150902,216.027,216.027,0.0000,-0.0298,0.0000,-0.0005,0.000,32.41,44.0,1,2049
53151841,216.027,216.027,0.0000,0.0008,0.0000,-0.0005,0.000,32.41,44.0,1,2049
53152840,216.027,216.027,0.0000,0.0267,0.0000,-0.0005,0.000,32.41,44.0,1,2049
53153840,216.027,216.027,0.0000,0.0191,0.0000,-0.0005,0.000,32.41,44.0,1,2049
53155224,216.027,216.027,0.0000,-0.0542,0.0000,-0.0005,0.000,32.41,44.0,1,2049
53155879,216.027,216.027,0.0000,0.0084,0.0000,-0.0005,0.000,32.41,44.0,1,2049
53156882,216.027,216.027,0.0000,-0.0267,0.0000,-0.0005,0.000,32.41,44.0,1,2049
53157881,216.027,216.027,0.0000,-0.0389,0.0000,-0.0005,0.000,32.41,44.0,1,2049
53158885,216.027,216.027,0.0000,0.0267,0.0000,-0.0005,0.000,32.41,44.0,1,2049
53160195,216.027,216.027,0.0000,0.0313,0.0000,-0.0005,0.000,32.41,44.0,1,2049
53160880,216.027,216.027,0.0000,-0.1762,0.0000,-0.0005,0.000,32.41,44.0,1,2049
53161882,216.027,216.027,0.0000,0.0313,0.0000,-0.0005,0.000,32.41,44.0,1,2049
53163205,216.027,216.027,0.0000,0.0404,0.0000,-0.0005,0.000,32.41,44.0,1,2049
53163566,216.027,216.027,0.0000,-0.0099,0.0000,-0.0005,0.000,32.41,44.0,1,2049
53164884,216.027,216.027,0.0000,0.0648,0.0000,-0.0005,0.000,32.41,44.0,1,2049
53165571,216.027,216.027,0.0000,-0.1350,0.0000,-0.0005,0.000,32.41,44.0,1,2049
53166888,216.027,216.027,0.0000,-0.0786,0.0000,-0.0005,0.000,32.41,44.0,1,2049
53167570,216.027,216.049,0.0000,0.0313,0.0000,-0.0005,0.000,32.41,44.0,1,2049
53168571,216.049,216.027,0.0000,0.0267,0.0000,-0.0005,0.000,32.41,44.0,1,2049
53169883,216.027,216.027,0.0000,0.0542,0.0000,-0.0005,0.000,32.41,44.0,1,2049
53170571,216.027,216.027,0.0000,-0.0328,0.0000,-0.0005,0.000,32.41,44.0,1,2049
53171571,216.027,216.027,0.0000,0.0618,0.0000,-0.0005,0.000,32.41,44.0,1,2049
53172566,216.027,216.027,0.0000,-0.1549,0.0000,-0.0005,0.000,32.41,44.0,1,2049
53173546,216.027,216.027,0.0000,0.2098,0.0000,-0.0005,0.000,32.41,44.0,1,2049
53174883,216.027,216.027,0.0000,-0.0328,0.0000,-0.0005,0.000,32.41,44.0,1,2049
53175571,216.027,216.027,0.0000,0.1686,0.0000,-0.0005,0.000,32.41,44.0,1,2049
53176572,216.027,216.027,0.0000,0.0175,0.0000,-0.0005,0.000,32.41,44.0,1,2049
53177572,216.027,216.027,0.0000,-0.0648,0.0000,-0.0005,0.000,32.41,44.0,1,2049
53178544,216.027,216.027,0.0000,-0.0221,0.0000,-0.0005,0.000,32.41,44.0,1,2049
53179930,216.027,216.027,0.0000,0.0740,0.0000,-0.0005,0.000,32.41,44.0,1,2049
53180551,216.027,216.027,0.0000,-0.0069,0.0000,-0.0005,0.000,32.41,44.0,1,2049
53181555,216.027,216.027,0.0000,-0.1656,0.0000,-0.0005,0.000,32.41,44.0,1,2049
53182855,216.027,216.027,0.0000,0.0542,0.0000,-0.0005,0.000,32.41,44.0,1,2049
53183585,216.027,216.027,0.0000,0.0847,0.0000,-0.0005,0.000,32.41,44.0,1,2049
53184872,216.027,216.027,0.0000,-0.0023,0.0000,-0.0005,0.000,32.41,44.0,1,2049
53185554,216.027,216.027,0.0000,0.0740,0.0000,-0.0005,0.000,32.41,44.0,1,2049
53186865,216.027,216.027,0.0000,-0.0786,0.0000,-0.0005,0.000,32.41,44.0,1,2049
53187586,216.027,216.027,0.0000,-0.0786,0.0000,-0.0005,0.000,32.41,44.0,1,2049
53188551,216.027,216.027,0.0000,0.0847,0.0000,-0.0005,0.000,32.41,44.0,1,2049
53189876,216.027,216.027,0.0000,-0.0954,0.0000,-0.0005,0.000,32.41,44.0,1,2049
53190546,216.027,216.027,0.0000,0.0740,0.0000,-0.0005,0.000,32.41,44.0,1,2049
53191591,216.027,216.027,0.0000,-0.0053,0.0000,-0.0005,0.000,32.41,44.0,1,2049
53192546,216.027,216.027,0.0000,0.0435,0.0000,-0.0005,0.000,32.41,44.0,1,2049
53193551,216.027,216.027,0.0000,-0.0145,0.0000,-0.0005,0.000,32.41,44.0,1,2049
53194869,216.027,216.027,0.0000,-0.0404,0.0000,-0.0005,0.000,32.41,44.0,1,2049
53195589,216.027,216.027,0.0000,0.0481,0.0000,-0.0005,0.000,32.41,44.0,1,2049
53196551,216.027,216.027,0.0000,-0.0404,0.0000,-0.0005,0.000,32.41,44.0,1,2049
53197551,216.027,216.027,0.0000,-0.0298,0.0000,-0.0005,0.000,32.41,44.0,1,2049
53198544,216.027,216.027,0.0000,-0.0710,0.0000,-0.0005,0.000,32.41,44.0,1,2049
53199906,216.027,216.027,0.0000,0.0435,0.0000,-0.0005,0.000,32.41,44.0,1,2049
53200551,216.027,216.027,0.0000,-0.0053,0.0000,-0.0005,0.000,32.41,44.0,1,2049
53201653,216.027,216.027,0.0000,0.1091,0.0000,-0.0005,0.000,32.41,44.0,1,2049
53202863,216.027,216.027,0.0000,-0.1152,0.0000,-0.0005,0.000,32.41,44.0,1,2049
53203546,216.027,216.027,0.0000,0.0557,0.0000,-0.0005,0.000,32.41,44.0,1,2049
53204923,216.027,216.027,0.0000,0.0450,0.0000,-0.0005,0.000,32.41,44.0,1,2049
53205880,216.027,216.027,0.0000,0.1167,0.0000,-0.0005,0.000,32.41,44.0,1,2049
53207207,216.027,216.027,0.0000,-0.0282,0.0000,-0.0005,0.000,32.41,44.0,1,2049
53207879,216.027,216.027,0.0000,0.0572,0.0000,-0.0005,0.000,32.41,44.0,1,2049
53208882,216.027,216.027,0.0000,-0.1213,0.0000,-0.0005,0.000,32.41,44.0,1,2049
53210207,216.027,216.027,0.0000,-0.0053,0.0000,-0.0005,0.000,32.41,44.0,1,2049
53210878,216.027,216.027,0.0000,-0.0359,0.0000,-0.0005,0.000,32.41,44.0,1,2049
53211882,216.027,216.027,0.0000,-0.0771,0.0000,-0.0005,0.000,32.41,44.0,1,2049
53212880,216.027,216.027,0.0000,0.0816,0.0000,-0.0005,0.000,32.41,44.0,1,2049
53213881,216.027,216.027,0.0000,0.1198,0.0000,-0.0005,0.000,32.41,44.0,1,2049
53215206,216.027,216.027,0.0000,-0.0038,0.0000,-0.0005,0.000,32.41,44.0,1,2049
53215878,216.027,216.027,0.0000,-0.0755,0.0000,-0.0005,0.000,32.41,44.0,1,2049
53216879,216.027,216.027,0.0000,-0.0587,0.0000,-0.0005,0.000,32.41,44.0,1,2049
53217882,216.027,216.027,0.0000,-0.0923,0.0000,-0.0005,0.000,32.41,44.0,1,2049
53218880,216.027,216.027,0.0000,-0.1289,0.0000,-0.0005,0.000,32.41,44.0,1,2049
53220209,216.027,216.027,0.0000,0.0481,0.0000,-0.0005,0.000,32.41,44.0,1,2049
53220879,216.027,216.027,0.0000,-0.0191,0.0000,-0.0005,0.000,32.41,44.0,1,2049
53221880,216.027,216.027,0.0000,-0.0587,0.0000,-0.0005,0.000,32.41,44.0,1,2049
53223198,216.027,216.027,0.0000,0.0877,0.0000,-0.0005,0.000,32.41,44.0,1,2049
53223569,216.027,216.027,0.0000,0.0877,0.0000,-0.0005,0.000,32.41,44.0,1,2049
53224883,216.027,216.027,0.0000,-0.0526,0.0000,-0.0005,0.000,32.41,44.0,1,2049
53225577,216.027,216.027,0.0000,0.0740,0.0000,-0.0005,0.000,32.41,44.0,1,2049
53226870,216.027,216.027,0.0000,0.1228,0.0000,-0.0005,0.000,32.41,44.0,1,2049
53227544,216.027,216.027,0.0000,0.0420,0.0000,-0.0005,0.000,32.41,44.0,1,2049
53228574,216.027,216.027,0.0000,0.0221,0.0000,-0.0005,0.000,32.41,44.0,1,2049
53229883,216.027,216.027,0.0000,-0.0130,0.0000,-0.0005,0.000,32.41,44.0,1,2049
53230571,216.027,216.027,0.0000,0.0557,0.0000,-0.0005,0.000,32.41,44.0,1,2049
53231577,216.027,216.027,0.0000,-0.0252,0.0000,-0.0005,0.000,32.41,44.0,1,2049
53232544,216.027,216.027,0.0000,-0.0862,0.0000,-0.0005,0.000,32.41,44.0,1,2049
53233594,216.027,216.027,0.0000,-0.0130,0.0000,-0.0005,0.000,32.41,44.0,1,2049
53234871,216.027,216.027,0.0000,0.1122,0.0000,-0.0005,0.000,32.41,44.0,1,2049
53235553,216.027,216.027,0.0000,-0.1060,0.0000,-0.0005,0.000,32.41,44.0,1,2049
53236549,216.027,216.027,0.0000,0.0587,0.0000,-0.0005,0.000,32.41,44.0,1,2049
53237586,216.027,216.027,0.0000,-0.0282,0.0000,-0.0005,0.000,32.41,44.0,1,2049
53238546,216.027,216.027,0.0000,-0.0206,0.0000,-0.0005,0.000,32.41,44.0,1,2049
53239877,216.027,216.027,0.0000,-0.1183,0.0000,-0.0005,0.000,32.41,44.0,1,2049
53240546,216.027,216.027,0.0000,-0.0816,0.0000,-0.0005,0.000,32.41,44.0,1,2049
53241591,216.027,216.027,0.0000,-0.0252,0.0000,-0.0005,0.000,32.41,44.0,1,2049
53242860,216.027,216.027,0.0000,0.0542,0.0000,-0.0005,0.000,32.41,44.0,1,2049
53243553,216.027,216.027,0.0000,-0.1427,0.0000,-0.0005,0.000,32.41,44.0,1,2049
53244868,216.027,216.027,0.0000,-0.0053,0.0000,-0.0005,0.000,32.41,44.0,1,2049
53245587,216.027,216.027,0.0000,0.0877,0.0000,-0.0005,0.000,32.41,44.0,1,2049
53246875,216.027,216.027,0.0000,-0.1869,0.0000,-0.0005,0.000,32.41,44.0,1,2049
53247552,216.027,216.027,0.0000,0.1015,0.0000,-0.0005,0.000,32.41,44.0,1,2049
53248549,216.027,216.027,0.0000,-0.0191,0.0000,-0.0005,0.000,32.41,44.0,1,2049
53249907,216.027,216.027,0.0000,-0.1350,0.0000,-0.0005,0.000,32.41,44.0,1,2049
53250551,216.027,216.027,0.0000,-0.0084,0.0000,-0.0005,0.000,32.41,44.0,1,2049
53251654,216.027,216.027,0.0000,-0.0313,0.0000,-0.0005,0.000,32.41,44.0,1,2049
53252546,216.027,216.027,0.0000,-0.0374,0.0000,-0.0005,0.000,32.41,44.0,1,2049
53253568,216.027,216.027,0.0000,0.1289,0.0000,-0.0005,0.000,32.41,44.0,1,2049
53254916,216.027,216.027,0.0000,-0.0145,0.0000,-0.0005,0.000,32.41,44.0,1,2049
53255876,216.027,216.027,0.0000,-0.0969,0.0000,-0.0005,0.000,32.41,44.0,1,2049
53256882,216.027,216.027,0.0000,-0.2266,0.0000,-0.0005,0.000,32.41,44.0,1,2049
53257879,216.027,216.027,0.0000,-0.0038,0.0000,-0.0005,0.000,32.41,44.0,1,2049
53258878,216.027,216.027,0.0000,-0.0786,0.0000,-0.0005,0.000,32.41,44.0,1,2049
53260204,216.027,216.027,0.0000,0.0298,0.0000,-0.0005,0.000,32.41,44.0,1,2049
53260873,216.027,216.027,0.0000,0.0755,0.0000,-0.0005,0.000,32.41,44.0,1,2049
53261878,216.027,216.027,0.0000,-0.0511,0.0000,-0.0005,0.000,32.41,44.0,1,2049
53263203,216.027,216.027,0.0000,-0.0420,0.0000,-0.0005,0.000,32.41,44.0,1,2049
53263565,216.027,216.027,0.0000,0.0099,0.0000,-0.0005,0.000,32.41,44.0,1,2049
53264883,216.027,216.027,0.0000,-0.0450,0.0000,-0.0005,0.000,32.41,44.0,1,2049
53265571,216.027,216.027,0.0000,0.1183,0.0000,-0.0005,0.000,32.41,44.0,1,2049
53266887,216.027,216.027,0.0000,0.0435,0.0000,-0.0005,0.000,32.41,44.0,1,2049
53267571,216.027,216.027,0.0000,0.0648,0.0000,-0.0005,0.000,32.41,44.0,1,2049
53268572,216.027,216.027,0.0000,-0.0084,0.0000,-0.0005,0.000,32.41,44.0,1,2049
53269882,216.027,216.027,0.0000,0.0221,0.0000,-0.0005,0.000,32.41,44.0,1,2049
53270571,216.027,216.027,0.0000,-0.0023,0.0000,-0.0005,0.000,32.41,44.0,1,2049
53271577,216.027,216.027,0.0000,-0.0771,0.0000,-0.0005,0.000,32.41,44.0,1,2049
53272546,216.027,216.027,0.0000,0.0130,0.0000,-0.0005,0.000,32.41,44.0,1,2049
53273556,216.027,216.027,0.0000,-0.0679,0.0000,-0.0005,0.000,32.41,44.0,1,2049
53274881,216.027,216.027,0.0000,0.0023,0.0000,-0.0005,0.000,32.41,44.0,1,2049
53275571,216.027,216.027,0.0000,0.0008,0.0000,-0.0005,0.000,32.41,44.0,1,2049
53276552,216.027,216.027,0.0000,-0.0237,0.0000,-0.0005,0.000,32.41,44.0,1,2049
53277545,216.027,216.027,0.0000,0.0008,0.0000,-0.0005,0.000,32.41,44.0,1,2049
53278544,216.027,216.027,0.0000,-0.0679,0.0000,-0.0005,0.000,32.41,44.0,1,2049
53279917,216.027,216.027,0.0000,-0.0359,0.0000,-0.0005,0.000,32.41,44.0,1,2049
53280551,216.027,216.027,0.0000,-0.1488,0.0000,-0.0005,0.000,32.41,44.0,1,2049
53281556,216.027,216.027,0.0000,0.1091,0.0000,-0.0005,0.000,32.41,44.0,1,2049
53282856,216.027,216.027,0.0000,-0.1381,0.0000,-0.0005,0.000,32.41,44.0,1,2049
53283585,216.027,216.027,0.0000,0.0771,0.0000,-0.0005,0.000,32.41,44.0,1,2049
53284870,216.027,216.027,0.0000,-0.0114,0.0000,-0.0005,0.000,32.41,44.0,1,2049
53285554,216.027,216.027,0.0000,0.0893,0.0000,-0.0005,0.000,32.41,44.0,1,2049
53286864,216.027,216.027,0.0000,0.0023,0.0000,-0.0005,0.000,32.41,44.0,1,2049
53287586,216.027,216.027,0.0000,-0.0725,0.0000,-0.0005,0.000,32.41,44.0,1,2049
53288551,216.027,216.027,0.0000,0.0847,0.0000,-0.0005,0.000,32.41,44.0,1,2049
53289877,216.027,216.027,0.0000,-0.0496,0.0000,-0.0005,0.000,32.41,44.0,1,2049
53290546,216.027,216.027,0.0000,-0.0023,0.0000,-0.0005,0.000,32.41,44.0,1,2049
53291591,216.027,216.027,0.0000,-0.0969,0.0000,-0.0005,0.000,32.41,44.0,1,2049
53292546,216.027,216.027,0.0000,0.0221,0.0000,-0.0005,0.000,32.41,44.0,1,2049
53293551,216.027,216.027,0.0000,-0.1427,0.0000,-0.0005,0.000,32.41,44.0,1,2049
53294869,216.027,216.027,0.0000,0.1549,0.0000,-0.0005,0.000,32.41,44.0,1,2049
53295589,216.027,216.027,0.0000,0.0450,0.0000,-0.0005,0.000,32.41,44.0,1,2049
53296551,216.027,216.027,0.0000,0.0771,0.0000,-0.0005,0.000,32.41,44.0,1,2049
53297551,216.027,216.027,0.0000,0.0130,0.0000,-0.0005,0.000,32.41,44.0,1,2049
53298544,216.027,216.027,0.0000,0.0221,0.0000,-0.0005,0.000,32.41,44.0,1,2049
53299908,216.027,216.027,0.0000,-0.0008,0.0000,-0.0005,0.000,32.41,44.0,1,2049
53300551,216.027,216.027,0.0000,-0.0130,0.0000,-0.0005,0.000,32.41,44.0,1,2049
53301653,216.027,216.027,0.0000,-0.0435,0.0000,-0.0005,0.000,32.41,44.0,1,2049
53302865,216.027,216.027,0.0000,-0.0862,0.0000,-0.0005,0.000,32.41,44.0,1,2049
53303546,216.027,216.027,0.0000,0.0237,0.0000,-0.0005,0.000,32.41,44.0,1,2049
53304923,216.027,216.027,0.0000,0.0572,0.0000,-0.0005,0.000,32.41,44.0,1,2049
53305878,216.027,216.027,0.0000,-0.0298,0.0000,-0.0005,0.000,32.41,44.0,1,2049
53307202,216.027,216.027,0.0000,-0.0526,0.0000,-0.0005,0.000,32.41,44.0,1,2049
53307874,216.027,216.027,0.0000,0.1427,0.0000,-0.0005,0.000,32.41,44.0,1,2049
53308880,216.027,216.027,0.0000,0.0740,0.0000,-0.0005,0.000,32.41,44.0,1,2049
53310202,216.027,216.027,0.0000,-0.1060,0.0000,-0.0005,0.000,32.41,44.0,1,2049
53310872,216.027,216.027,0.0000,-0.0618,0.0000,-0.0005,0.000,32.41,44.0,1,2049
53311878,216.027,216.027,0.0000,-0.0710,0.0000,-0.0005,0.000,32.41,44.0,1,2049
53312877,216.027,216.027,0.0000,0.0587,0.0000,-0.0005,0.000,32.41,44.0,1,2049
53313878,216.027,216.027,0.0000,-0.0359,0.0000,-0.0005,0.000,32.41,44.0,1,2049
53315201,216.027,216.027,0.0000,0.0145,0.0000,-0.0005,0.000,32.41,44.0,1,2049
53315877,216.027,216.027,0.0000,-0.0145,0.0000,-0.0005,0.000,32.41,44.0,1,2049
53316877,216.027,216.027,0.0000,-0.0999,0.0000,-0.0005,0.000,32.41,44.0,1,2049
53317878,216.027,216.027,0.0000,0.0786,0.0000,-0.0005,0.000,32.41,44.0,1,2049
53318880,216.027,216.027,0.0000,0.0008,0.0000,-0.0005,0.000,32.41,44.0,1,2049
53320202,216.027,216.027,0.0000,-0.0374,0.0000,-0.0005,0.000,32.41,44.0,1,2049
53320874,216.027,216.027,0.0000,0.0526,0.0000,-0.0005,0.000,32.41,44.0,1,2049
53321878,216.027,216.027,0.0000,0.0252,0.0000,-0.0005,0.000,32.41,44.0,1,2049
53323196,216.027,216.027,0.0000,-0.1076,0.0000,-0.0005,0.000,32.41,44.0,1,2049
53323569,216.027,216.049,0.0000,0.0786,0.0000,-0.0005,0.000,32.41,44.0,1,2049
53324883,216.049,216.027,0.0000,-0.0664,0.0000,-0.0005,0.000,32.41,44.0,1,2049
53325577,216.027,216.027,0.0000,-0.0633,0.0000,-0.0005,0.000,32.41,44.0,1,2049
53326870,216.027,216.027,0.0000,0.0053,0.0000,-0.0005,0.000,32.41,44.0,1,2049
53327544,216.027,216.027,0.0000,0.0145,0.0000,-0.0005,0.000,32.41,44.0,1,2049
53328574,216.027,216.027,0.0000,-0.1473,0.0000,-0.0005,0.000,32.41,44.0,1,2049
53329882,216.027,216.027,0.0000,-0.0145,0.0000,-0.0005,0.000,32.41,44.0,1,2049
53330572,216.027,216.027,0.0000,0.0786,0.0000,-0.0005,0.000,32.41,44.0,1,2049
53331577,216.027,216.027,0.0000,0.0023,0.0000,-0.0005,0.000,32.41,44.0,1,2049
53332544,216.027,216.027,0.0000,0.0542,0.0000,-0.0005,0.000,32.41,44.0,1,2049
53333594,216.027,216.027,0.0000,0.0481,0.0000,-0.0005,0.000,32.41,44.0,1,2049
53334871,216.027,216.027,0.0000,-0.0206,0.0000,-0.0005,0.000,32.41,44.0,1,2049
53335553,216.027,216.027,0.0000,-0.1671,0.0000,-0.0005,0.000,32.41,44.0,1,2049
53336549,216.027,216.049,0.0000,0.1457,0.0000,-0.0005,0.000,32.41,44.0,1,2049
53337586,216.049,216.027,0.0000,-0.1396,0.0000,-0.0005,0.000,32.41,44.0,1,2049
53338546,216.027,216.027,0.0000,0.0374,0.0000,-0.0005,0.000,32.41,44.0,1,2049
53339877,216.027,216.027,0.0000,0.0816,0.0000,-0.0005,0.000,32.41,44.0,1,2049
53340546,216.027,216.027,0.0000,-0.0114,0.0000,-0.0005,0.000,32.41,44.0,1,2049
53341591,216.027,216.027,0.0000,0.0206,0.0000,-0.0005,0.000,32.41,44.0,1,2049
53342861,216.027,216.027,0.0000,0.0038,0.0000,-0.0005,0.000,32.41,44.0,1,2049
53343553,216.027,216.027,0.0000,0.0420,0.0000,-0.0005,0.000,32.41,44.0,1,2049
53344868,216.027,216.027,0.0000,0.0237,0.0000,-0.0005,0.000,32.41,44.0,1,2049
53345587,216.027,216.027,0.0000,0.0343,0.0000,-0.0005,0.000,32.41,44.0,1,2049
53346876,216.027,216.027,0.0000,-0.0557,0.0000,-0.0005,0.000,32.41,44.0,1,2049
53347552,216.027,216.027,0.0000,-0.0175,0.0000,-0.0005,0.000,32.41,44.0,1,2049
53348549,216.027,216.027,0.0000,0.0298,0.0000,-0.0005,0.000,32.41,44.0,1,2049
53349907,216.027,216.027,0.0000,0.0420,0.0000,-0.0005,0.000,32.41,44.0,1,2049
53350551,216.027,216.027,0.0000,-0.0740,0.0000,-0.0005,0.000,32.41,44.0,1,2049
53351654,216.027,216.027,0.0000,0.0084,0.0000,-0.0005,0.000,32.41,44.0,1,2049
53352547,216.027,216.027,0.0000,-0.0542,0.0000,-0.0005,0.000,32.41,44.0,1,2049
53353567,216.027,216.027,0.0000,-0.0099,0.0000,-0.0005,0.000,32.41,44.0,1,2049
53354916,216.027,216.027,0.0000,-0.1366,0.0000,-0.0005,0.000,32.41,44.0,1,2049
53355876,216.027,216.027,0.0000,-0.0328,0.0000,-0.0005,0.000,32.41,44.0,1,2049
53356877,216.027,216.027,0.0000,0.0389,0.0000,-0.0005,0.000,32.41,44.0,1,2049
53357878,216.027,216.027,0.0000,0.0175,0.0000,-0.0005,0.000,32.41,44.0,1,2049
53358875,216.027,216.027,0.0000,0.0175,0.0000,-0.0005,0.000,32.41,44.0,1,2049
53360200,216.027,216.027,0.0000,0.0435,0.0000,-0.0005,0.000,32.41,44.0,1,2049
53360875,216.027,216.027,0.0000,0.0130,0.0000,-0.0005,0.000,32.41,44.0,1,2049
53361876,216.027,216.027,0.0000,-0.0648,0.0000,-0.0005,0.000,32.41,44.0,1,2049
53363199,216.027,216.027,0.0000,-0.0740,0.0000,-0.0005,0.000,32.41,44.0,1,2049
53363568,216.027,216.027,0.0000,0.0008,0.0000,-0.0005,0.000,32.41,44.0,1,2049
53364882,216.027,216.027,0.0000,0.0053,0.0000,-0.0005,0.000,32.41,44.0,1,2049
53365569,216.027,216.027,0.0000,0.0206,0.0000,-0.0005,0.000,32.41,44.0,1,2049
53366888,216.027,216.027,0.0000,-0.0023,0.0000,-0.0005,0.000,32.41,44.0,1,2049
53367571,216.027,216.027,0.0000,-0.0038,0.0000,-0.0005,0.000,32.41,44.0,1,2049
53368572,216.027,216.027,0.0000,-0.0069,0.0000,-0.0005,0.000,32.41,44.0,1,2049
53369881,216.027,216.027,0.0000,-0.0191,0.0000,-0.0005,0.000,32.41,44.0,1,2049
53370569,216.027,216.027,0.0000,0.1854,0.0000,-0.0005,0.000,32.41,44.0,1,2049
53371576,216.027,216.027,0.0000,0.1152,0.0000,-0.0005,0.000,32.41,44.0,1,2049
53372545,216.027,216.027,0.0000,-0.0038,0.0000,-0.0005,0.000,32.41,44.0,1,2049
53373544,216.027,216.027,0.0000,-0.0145,0.0000,-0.0005,0.000,32.41,44.0,1,2049
53374883,216.027,216.049,0.0000,0.0130,0.0000,-0.0005,0.000,32.41,44.0,1,2049
53375571,216.049,216.027,0.0000,-0.0221,0.0000,-0.0005,0.000,32.41,44.0,1,2049
53376573,216.027,216.027,0.0000,0.0725,0.0000,-0.0005,0.000,32.41,44.0,1,2049
53377572,216.027,216.027,0.0000,-0.0191,0.0000,-0.0005,0.000,32.41,44.0,1,2049
53378544,216.027,216.027,0.0000,-0.0725,0.0000,-0.0005,0.000,32.41,44.0,1,2049
53379917,216.027,216.027,0.0000,0.0328,0.0000,-0.0005,0.000,32.41,44.0,1,2049
53380551,216.027,216.027,0.0000,-0.0526,0.0000,-0.0005,0.000,32.41,44.0,1,2049
53381556,216.027,216.027,0.0000,-0.0603,0.0000,-0.0005,0.000,32.41,44.0,1,2049
53382855,216.027,216.027,0.0000,-0.0832,0.0000,-0.0005,0.000,32.41,44.0,1,2049
53383585,216.027,216.027,0.0000,-0.0160,0.0000,-0.0005,0.000,32.41,44.0,1,2049
53384872,216.027,216.027,0.0000,-0.0587,0.0000,-0.0005,0.000,32.41,44.0,1,2049
53385554,216.027,216.027,0.0000,0.0130,0.0000,-0.0005,0.000,32.41,44.0,1,2049
53386865,216.027,216.027,0.0000,-0.1091,0.0000,-0.0005,0.000,32.41,44.0,1,2049
53387586,216.027,216.027,0.0000,0.0130,0.0000,-0.0005,0.000,32.41,44.0,1,2049
53388551,216.027,216.027,0.0000,0.0328,0.0000,-0.0005,0.000,32.41,44.0,1,2049
53389876,216.027,216.027,0.0000,0.1381,0.0000,-0.0005,0.000,32.41,44.0,1,2049
53390546,216.027,216.049,0.0000,0.0023,0.0000,-0.0005,0.000,32.41,44.0,1,2049
53391591,216.049,216.027,0.0000,-0.1350,0.0000,-0.0005,0.000,32.41,44.0,1,2049
53392546,216.027,216.027,0.0000,-0.0847,0.0000,-0.0005,0.000,32.41,44.0,1,2049
53393551,216.027,216.049,0.0000,0.0847,0.0000,-0.0005,0.000,32.41,44.0,1,2049
53394869,216.049,216.027,0.0000,-0.1595,0.0000,-0.0005,0.000,32.41,44.0,1,2049
53395589,216.027,216.027,0.0000,-0.0694,0.0000,-0.0005,0.000,32.41,44.0,1,2049
53396551,216.027,216.027,0.0000,-0.0145,0.0000,-0.0005,0.000,32.41,44.0,1,2049
53397551,216.027,216.027,0.0000,0.0389,0.0000,-0.0005,0.000,32.41,44.0,1,2049
53398544,216.027,216.027,0.0000,-0.0313,0.0000,-0.0005,0.000,32.41,44.0,1,2049
53399906,216.027,216.027,0.0000,0.0420,0.0000,-0.0005,0.000,32.41,44.0,1,2049
53400551,216.027,216.027,0.0000,-0.1015,0.0000,-0.0005,0.000,32.41,44.0,1,2049
53401653,216.027,216.027,0.0000,-0.0130,0.0000,-0.0005,0.000,32.41,44.0,1,2049
53402864,216.027,216.027,0.0000,0.0252,0.0000,-0.0005,0.000,32.41,44.0,1,2049
53403546,216.027,216.027,0.0000,-0.1015,0.0000,-0.0005,0.000,32.41,44.0,1,2049
53404923,216.027,216.027,0.0000,-0.0435,0.0000,-0.0005,0.000,32.41,44.0,1,2049
53405873,216.027,216.027,0.0000,0.0298,0.0000,-0.0005,0.000,32.41,44.0,1,2049
53407199,216.027,216.027,0.0000,0.0618,0.0000,-0.0005,0.000,32.41,44.0,1,2049
53407873,216.027,216.027,0.0000,0.0496,0.0000,-0.0005,0.000,32.41,44.0,1,2049
53408875,216.027,216.027,0.0000,0.1274,0.0000,-0.0005,0.000,32.41,44.0,1,2049
53410201,216.027,216.027,0.0000,-0.0160,0.0000,-0.0005,0.000,32.41,44.0,1,2049
53410869,216.027,216.027,0.0000,0.1183,0.0000,-0.0005,0.000,32.41,44.0,1,2049
53411873,216.027,216.027,0.0000,0.0572,0.0000,-0.0005,0.000,32.41,44.0,1,2049
53412875,216.027,216.027,0.0000,-0.1030,0.0000,-0.0005,0.000,32.41,44.0,1,2049
53413874,216.027,216.027,0.0000,-0.0175,0.0000,-0.0005,0.000,32.41,44.0,1,2049
53415199,216.027,216.027,0.0000,-0.0481,0.0000,-0.0005,0.000,32.41,44.0,1,2049
53415872,216.027,216.027,0.0000,0.1106,0.0000,-0.0005,0.000,32.41,44.0,1,2049
53416874,216.027,216.027,0.0000,-0.1335,0.0000,-0.0005,0.000,32.41,44.0,1,2049
53417873,216.027,216.027,0.0000,0.0801,0.0000,-0.0005,0.000,32.41,44.0,1,2049
53418876,216.027,216.027,0.0000,0.0191,0.0000,-0.0005,0.000,32.41,44.0,1,2049
53420200,216.027,216.027,0.0000,-0.0130,0.0000,-0.0005,0.000,32.41,44.0,1,2049
53420872,216.027,216.027,0.0000,-0.0130,0.0000,-0.0005,0.000,32.41,44.0,1,2049
53421875,216.027,216.027,0.0000,-0.0145,0.0000,-0.0005,0.000,32.41,44.0,1,2049
53423195,216.027,216.027,0.0000,-0.1244,0.0000,-0.0005,0.000,32.41,44.0,1,2049
53423568,216.027,216.027,0.0000,0.0526,0.0000,-0.0005,0.000,32.41,44.0,1,2049
53424883,216.027,216.027,0.0000,0.0053,0.0000,-0.0005,0.000,32.41,44.0,1,2049
53425571,216.027,216.027,0.0000,-0.0404,0.0000,-0.0005,0.000,32.41,44.0,1,2049
53426868,216.027,216.027,0.0000,0.0359,0.0000,-0.0005,0.000,32.41,44.0,1,2049
53427544,216.027,216.027,0.0000,-0.0404,0.0000,-0.0005,0.000,32.41,44.0,1,2049
53428576,216.027,216.027,0.0000,0.1106,0.0000,-0.0005,0.000,32.41,44.0,1,2049
53429883,216.027,216.027,0.0000,0.0175,0.0000,-0.0005,0.000,32.41,44.0,1,2049
53430571,216.027,216.027,0.0000,0.0603,0.0000,-0.0005,0.000,32.41,44.0,1,2049
53431577,216.027,216.027,0.0000,0.0038,0.0000,-0.0005,0.000,32.41,44.0,1,2049
53432544,216.027,216.027,0.0000,-0.1060,0.0000,-0.0005,0.000,32.41,44.0,1,2049
53433594,216.027,216.027,0.0000,0.0893,0.0000,-0.0005,0.000,32.41,44.0,1,2049
53434872,216.027,216.027,0.0000,0.0114,0.0000,-0.0005,0.000,32.41,44.0,1,2049
53435553,216.027,216.027,0.0000,0.0984,0.0000,-0.0005,0.000,32.41,44.0,1,2049
53436549,216.027,216.027,0.0000,-0.1213,0.0000,-0.0005,0.000,32.41,44.0,1,2049
53437586,216.027,216.027,0.0000,-0.1030,0.0000,-0.0005,0.000,32.41,44.0,1,2049
53438546,216.027,216.049,0.0000,0.1045,0.0000,-0.0005,0.000,32.41,44.0,1,2049
53439876,216.049,216.027,0.0000,-0.1106,0.0000,-0.0005,0.000,32.41,44.0,1,2049
53440546,216.027,216.027,0.0000,-0.0145,0.0000,-0.0005,0.000,32.41,44.0,1,2049
53441591,216.027,216.027,0.0000,0.0664,0.0000,-0.0005,0.000,32.41,44.0,1,2049
53442860,216.027,216.027,0.0000,-0.0221,0.0000,-0.0005,0.000,32.41,44.0,1,2049
53443553,216.027,216.027,0.0000,0.0008,0.0000,-0.0005,0.000,32.41,44.0,1,2049
53444868,216.027,216.027,0.0000,-0.0328,0.0000,-0.0005,0.000,32.41,44.0,1,2049
53445587,216.027,216.027,0.0000,0.0450,0.0000,-0.0005,0.000,32.41,44.0,1,2049
53446876,216.027,216.027,0.0000,0.0496,0.0000,-0.0005,0.000,32.41,44.0,1,2049
53447552,216.027,216.027,0.0000,0.0908,0.0000,-0.0005,0.000,32.41,44.0,1,2049
53448549,216.027,216.027,0.0000,-0.0237,0.0000,-0.0005,0.000,32.41,44.0,1,2049
53449906,216.027,216.027,0.0000,0.1411,0.0000,-0.0005,0.000,32.41,44.0,1,2049
53450551,216.027,216.027,0.0000,0.0801,0.0000,-0.0005,0.000,32.41,44.0,1,2049
53451654,216.027,216.027,0.0000,0.0267,0.0000,-0.0005,0.000,32.41,44.0,1,2049
53452547,216.027,216.027,0.0000,-0.0557,0.0000,-0.0005,0.000,32.41,44.0,1,2049
53453568,216.027,216.027,0.0000,0.0725,0.0000,-0.0005,0.000,32.41,44.0,1,2049
53454915,216.027,216.027,0.0000,0.0374,0.0000,-0.0005,0.000,32.41,44.0,1,2049
53455872,216.027,216.027,0.0000,-0.0191,0.0000,-0.0005,0.000,32.41,44.0,1,2049
53456873,216.027,216.027,0.0000,0.0664,0.0000,-0.0005,0.000,32.41,44.0,1,2049
53457872,216.027,216.027,0.0000,0.0053,0.0000,-0.0005,0.000,32.41,44.0,1,2049
53458870,216.027,216.027,0.0000,-0.0511,0.0000,-0.0005,0.000,32.41,44.0,1,2049
53460196,216.027,216.027,0.0000,0.0206,0.0000,-0.0005,0.000,32.41,44.0,1,2049
53460868,216.027,216.027,0.0000,-0.0023,0.0000,-0.0005,0.000,32.41,44.0,1,2049
53461873,216.027,216.027,0.0000,-0.0404,0.0000,-0.0005,0.000,32.41,44.0,1,2049
53463195,216.027,216.027,0.0000,0.0511,0.0000,-0.0005,0.000,32.41,44.0,1,2049
53463565,216.027,216.027,0.0000,0.0221,0.0000,-0.0005,0.000,32.41,44.0,1,2049
53464883,216.027,216.027,0.0000,0.0404,0.0000,-0.0005,0.000,32.41,44.0,1,2049
53465569,216.027,216.027,0.0000,-0.1808,0.0000,-0.0005,0.000,32.41,44.0,1,2049
53466887,216.027,216.027,0.0000,-0.0420,0.0000,-0.0005,0.000,32.41,44.0,1,2049
53467571,216.027,216.027,0.0000,0.0008,0.0000,-0.0005,0.000,32.41,44.0,1,2049
53468571,216.027,216.027,0.0000,0.0771,0.0000,-0.0005,0.000,32.41,44.0,1,2049
53469880,216.027,216.027,0.0000,-0.1411,0.0000,-0.0005,0.000,32.41,44.0,1,2049
53470571,216.027,216.027,0.0000,-0.0542,0.0000,-0.0005,0.000,32.41,44.0,1,2049
53471577,216.027,216.027,0.0000,-0.0053,0.0000,-0.0005,0.000,32.41,44.0,1,2049
53472546,216.027,216.027,0.0000,-0.0694,0.0000,-0.0005,0.000,32.41,44.0,1,2049
53473555,216.027,216.027,0.0000,-0.0023,0.0000,-0.0005,0.000,32.41,44.0,1,2049
53474884,216.027,216.027,0.0000,0.0191,0.0000,-0.0005,0.000,32.41,44.0,1,2049
53475572,216.027,216.027,0.0000,-0.1274,0.0000,-0.0005,0.000,32.41,44.0,1,2049
53476572,216.027,216.027,0.0000,0.1213,0.0000,-0.0005,0.000,32.41,44.0,1,2049
53477570,216.027,216.027,0.0000,0.0023,0.0000,-0.0005,0.000,32.41,44.0,1,2049
53478544,216.027,216.027,0.0000,-0.0359,0.0000,-0.0005,0.000,32.41,44.0,1,2049
53479916,216.027,216.027,0.0000,0.0572,0.0000,-0.0005,0.000,32.41,44.0,1,2049
53480862,216.027,216.027,0.0000,0.0435,0.0000,-0.0005,0.000,32.41,44.0,1,2049
53481868,216.027,216.027,0.0000,-0.0465,0.0000,-0.0005,0.000,32.41,44.0,1,2049
53483181,216.027,216.027,0.0000,-0.1244,0.0000,-0.0005,0.000,32.41,44.0,1,2049
53483430,216.027,216.027,0.0000,-0.1595,0.0000,-0.0005,0.000,32.41,44.0,1,2049
53484894,216.027,216.027,0.0000,0.1076,0.0000,-0.0005,0.000,32.41,44.0,1,2049
53485549,216.027,216.027,0.0000,0.0496,0.0000,-0.0005,0.000,32.41,44.0,1,2049
53486870,216.027,216.027,0.0000,-0.0572,0.0000,-0.0005,0.000,32.41,44.0,1,2049
53487546,216.027,216.027,0.0000,-0.0542,0.0000,-0.0005,0.000,32.41,44.0,1,2049
53488589,216.027,216.027,0.0000,-0.1442,0.0000,-0.0005,0.000,32.41,44.0,1,2049
53489871,216.027,216.027,0.0000,0.0206,0.0000,-0.0005,0.000,32.41,44.0,1,2049
53490556,216.027,216.027,0.0000,0.0618,0.0000,-0.0005,0.000,32.41,44.0,1,2049
53491549,216.027,216.027,0.0000,0.1137,0.0000,-0.0005,0.000,32.41,44.0,1,2049
53492584,216.027,216.027,0.0000,-0.0374,0.0000,-0.0005,0.000,32.41,44.0,1,2049
53493549,216.027,216.027,0.0000,0.0435,0.0000,-0.0005,0.000,32.41,44.0,1,2049
53494874,216.027,216.027,0.0000,-0.0282,0.0000,-0.0005,0.000,32.41,44.0,1,2049
53495548,216.027,216.027,0.0000,0.1244,0.0000,-0.0005,0.000,32.41,44.0,1,2049
53496589,216.027,216.027,0.0000,-0.0893,0.0000,-0.0005,0.000,32.41,44.0,1,2049
53497549,216.027,216.027,0.0000,-0.0237,0.0000,-0.0005,0.000,32.41,44.0,1,2049
53498551,216.027,216.027,0.0000,0.0862,0.0000,-0.0005,0.000,32.41,44.0,1,2049
53499867,216.027,216.027,0.0000,-0.0114,0.0000,-0.0005,0.000,32.41,44.0,1,2049
53500631,216.027,216.027,0.0000,-0.2129,0.0000,-0.0005,0.000,32.41,44.0,1,2049
53501606,216.027,216.027,0.0000,0.1091,0.0000,-0.0005,0.000,32.41,44.0,1,2049
53502862,216.027,216.027,0.0000,0.0618,0.0000,-0.0005,0.000,32.41,44.0,1,2049
53503553,216.027,216.027,0.0000,0.0633,0.0000,-0.0005,0.000,32.41,44.0,1,2049
53504922,216.027,216.027,0.0000,0.0542,0.0000,-0.0005,0.000,32.41,44.0,1,2049
53505871,216.027,216.027,0.0000,-0.1457,0.0000,-0.0005,0.000,32.41,44.0,1,2049
53507195,216.027,216.027,0.0000,0.0801,0.0000,-0.0005,0.000,32.41,44.0,1,2049
53507868,216.027,216.027,0.0000,-0.0954,0.0000,-0.0005,0.000,32.41,44.0,1,2049
53508874,216.027,216.027,0.0000,0.1305,0.0000,-0.0005,0.000,32.41,44.0,1,2049
53510188,216.027,216.027,0.0000,-0.0526,0.0000,-0.0005,0.000,32.38,44.0,1,2049
53510866,216.027,216.027,0.0000,-0.1152,0.0000,-0.0005,0.000,32.38,44.0,1,2049
53511871,216.027,216.027,0.0000,0.0420,0.0000,-0.0005,0.000,32.38,44.0,1,2049
53512871,216.027,216.027,0.0000,-0.0206,0.0000,-0.0005,0.000,32.38,44.0,1,2049
53513871,216.027,216.027,0.0000,-0.0359,0.0000,-0.0005,0.000,32.38,44.0,1,2049
53515196,216.027,216.027,0.0000,0.0648,0.0000,-0.0005,0.000,32.38,44.0,1,2049
53515867,216.027,216.027,0.0000,-0.0175,0.0000,-0.0005,0.000,32.38,44.0,1,2049
53516871,216.027,216.027,0.0000,-0.0008,0.0000,-0.0005,0.000,32.38,44.0,1,2049
53517872,216.027,216.027,0.0000,-0.0374,0.0000,-0.0005,0.000,32.38,44.0,1,2049
53518869,216.027,216.027,0.0000,-0.1259,0.0000,-0.0005,0.000,32.38,44.0,1,2049
53520198,216.027,216.027,0.0000,0.0282,0.0000,-0.0005,0.000,32.38,44.0,1,2049
53520867,216.027,216.027,0.0000,-0.0389,0.0000,-0.0005,0.000,32.38,44.0,1,2049
53521872,216.027,216.027,0.0000,0.0633,0.0000,-0.0005,0.000,32.38,44.0,1,2049
53523182,216.027,216.027,0.0000,0.0908,0.0000,-0.0005,0.000,32.38,44.0,1,2049
53523867,216.027,216.027,0.0000,0.0893,0.0000,-0.0005,0.000,32.38,44.0,1,2049
53525194,216.027,216.027,0.0000,-0.0496,0.0000,-0.0005,0.000,32.38,44.0,1,2049
53525871,216.027,216.027,0.0000,0.0160,0.0000,-0.0005,0.000,32.38,44.0,1,2049
53527189,216.027,216.027,0.0000,0.0938,0.0000,-0.0005,0.000,32.38,44.0,1,2049
53527859,216.027,216.027,0.0000,0.0114,0.0000,-0.0005,0.000,32.38,44.0,1,2049
53528860,216.027,216.027,0.0000,-0.0084,0.0000,-0.0005,0.000,32.38,44.0,1,2049
53530186,216.027,216.027,0.0000,-0.1183,0.0000,-0.0005,0.000,32.38,44.0,1,2049
53530871,216.027,216.027,0.0000,0.0328,0.0000,-0.0005,0.000,32.38,44.0,1,2049
53531871,216.027,216.027,0.0000,-0.1274,0.0000,-0.0005,0.000,32.38,44.0,1,2049
53532873,216.027,216.027,0.0000,0.0160,0.0000,-0.0005,0.000,32.38,44.0,1,2049
53533872,216.027,216.027,0.0000,-0.0694,0.0000,-0.0005,0.000,32.38,44.0,1,2049
53535196,216.027,216.027,0.0000,0.0435,0.0000,-0.0005,0.000,32.38,44.0,1,2049
53535860,216.027,216.027,0.0000,0.0298,0.0000,-0.0005,0.000,32.38,44.0,1,2049
53536910,216.027,216.027,0.0000,0.0023,0.0000,-0.0005,0.000,32.38,44.0,1,2049
53537860,216.027,216.027,0.0000,-0.1396,0.0000,-0.0005,0.000,32.38,44.0,1,2049
53538864,216.027,216.027,0.0000,-0.0084,0.0000,-0.0005,0.000,32.38,44.0,1,2049
53540186,216.027,216.027,0.0000,-0.0679,0.0000,-0.0005,0.000,32.38,44.0,1,2049
53540731,216.027,216.027,0.0000,0.0832,0.0000,-0.0005,0.000,32.38,44.0,1,2049
53541882,216.027,216.027,0.0000,0.0206,0.0000,-0.0005,0.000,32.38,44.0,1,2049
53543178,216.027,216.027,0.0000,-0.1274,0.0000,-0.0005,0.000,32.38,44.0,1,2049
53543552,216.027,216.027,0.0000,0.0130,0.0000,-0.0005,0.000,32.38,44.0,1,2049
53544867,216.027,216.027,0.0000,0.0435,0.0000,-0.0005,0.000,32.38,44.0,1,2049
53545592,216.027,216.027,0.0000,0.0221,0.0000,-0.0005,0.000,32.38,44.0,1,2049
53546872,216.027,216.049,0.0000,0.0999,0.0000,-0.0005,0.000,32.38,44.0,1,2049
53547551,216.049,216.027,0.0000,-0.1289,0.0000,-0.0005,0.000,32.38,44.0,1,2049
53548549,216.027,216.027,0.0000,-0.0023,0.0000,-0.0005,0.000,32.38,44.0,1,2049
53549912,216.027,216.027,0.0000,0.0282,0.0000,-0.0005,0.000,32.38,44.0,1,2049
53550858,216.027,216.027,0.0000,0.1137,0.0000,-0.0005,0.000,32.38,44.0,1,2049
53551964,216.027,216.027,0.0000,0.0786,0.0000,-0.0005,0.000,32.38,44.0,1,2049
53552860,216.027,216.027,0.0000,-0.0679,0.0000,-0.0005,0.000,32.38,44.0,1,2049
53553860,216.027,216.027,0.0000,-0.0816,0.0000,-0.0005,0.000,32.38,44.0,1,2049
53555188,216.027,216.027,0.0000,0.0359,0.0000,-0.0005,0.000,32.38,44.0,1,2049
53555871,216.027,216.027,0.0000,0.0069,0.0000,-0.0005,0.000,32.38,44.0,1,2049
53556885,216.027,216.027,0.0000,-0.0862,0.0000,-0.0005,0.000,32.38,44.0,1,2049
53557870,216.027,216.027,0.0000,-0.0099,0.0000,-0.0005,0.000,32.38,44.0,1,2049
53558872,216.027,216.027,0.0000,-0.0023,0.0000,-0.0005,0.000,32.38,44.0,1,2049
53560193,216.027,216.027,0.0000,-0.0679,0.0000,-0.0005,0.000,32.38,44.0,1,2049
53560865,216.027,216.027,0.0000,0.1534,0.0000,-0.0005,0.000,32.38,44.0,1,2049
53561869,216.027,216.027,0.0000,0.1045,0.0000,-0.0005,0.000,32.38,44.0,1,2049
53563193,216.027,216.027,0.0000,-0.0771,0.0000,-0.0005,0.000,32.38,44.0,1,2049
53563568,216.027,216.027,0.0000,-0.0877,0.0000,-0.0005,0.000,32.38,44.0,1,2049
53564886,216.027,216.027,0.0000,0.1991,0.0000,-0.0005,0.000,32.38,44.0,1,2049
53565867,216.027,216.027,0.0000,-0.0542,0.0000,-0.0005,0.000,32.38,44.0,1,2049
53567194,216.027,216.027,0.0000,-0.0923,0.0000,-0.0005,0.000,32.38,44.0,1,2049
53567865,216.027,216.027,0.0000,-0.0313,0.0000,-0.0005,0.000,32.38,44.0,1,2049
53568867,216.027,216.027,0.0000,0.0893,0.0000,-0.0005,0.000,32.38,44.0,1,2049
53570192,216.027,216.027,0.0000,0.0542,0.0000,-0.0005,0.000,32.38,44.0,1,2049
53570866,216.027,216.027,0.0000,-0.0877,0.0000,-0.0005,0.000,32.38,44.0,1,2049
53571868,216.027,216.027,0.0000,0.0389,0.0000,-0.0005,0.000,32.38,44.0,1,2049
53572872,216.027,216.027,0.0000,-0.0237,0.0000,-0.0005,0.000,32.38,44.0,1,2049
53573869,216.027,216.027,0.0000,0.0420,0.0000,-0.0005,0.000,32.38,44.0,1,2049
53575193,216.027,216.027,0.0000,-0.0084,0.0000,-0.0005,0.000,32.38,44.0,1,2049
53575868,216.027,216.027,0.0000,-0.0298,0.0000,-0.0005,0.000,32.38,44.0,1,2049
53576871,216.027,216.027,0.0000,0.0160,0.0000,-0.0005,0.000,32.38,44.0,1,2049
53577868,216.027,216.027,0.0000,-0.0648,0.0000,-0.0005,0.000,32.38,44.0,1,2049
53578860,216.027,216.027,0.0000,0.0435,0.0000,-0.0005,0.000,32.38,44.0,1,2049
53580188,216.027,216.027,0.0000,0.0313,0.0000,-0.0005,0.000,32.38,44.0,1,2049
53580855,216.027,216.049,0.0000,0.1747,0.0000,-0.0005,0.000,32.38,44.0,1,2049
53581869,216.049,216.027,0.0000,-0.1350,0.0000,-0.0005,0.000,32.38,44.0,1,2049
53583182,216.027,216.027,0.0000,0.0755,0.0000,-0.0005,0.000,32.38,44.0,1,2049
53583869,216.027,216.027,0.0000,-0.0771,0.0000,-0.0005,0.000,32.38,44.0,1,2049
53585191,216.027,216.027,0.0000,-0.0496,0.0000,-0.0005,0.000,32.38,44.0,1,2049
53585867,216.027,216.027,0.0000,-0.1030,0.0000,-0.0005,0.000,32.38,44.0,1,2049
53587195,216.027,216.027,0.0000,0.0130,0.0000,-0.0005,0.000,32.38,44.0,1,2049
53587855,216.027,216.027,0.0000,-0.0252,0.0000,-0.0005,0.000,32.38,44.0,1,2049
53588897,216.027,216.027,0.0000,0.0450,0.0000,-0.0005,0.000,32.38,44.0,1,2049
53590185,216.027,216.027,0.0000,-0.0633,0.0000,-0.0005,0.000,32.38,44.0,1,2049
53590861,216.027,216.027,0.0000,0.1167,0.0000,-0.0005,0.000,32.38,44.0,1,2049
53591861,216.027,216.027,0.0000,0.0221,0.0000,-0.0005,0.000,32.38,44.0,1,2049
53592886,216.027,216.027,0.0000,-0.1686,0.0000,-0.0005,0.000,32.38,44.0,1,2049
53593855,216.027,216.027,0.0000,-0.0877,0.0000,-0.0005,0.000,32.38,44.0,1,2049
53595175,216.027,216.027,0.0000,-0.1045,0.0000,-0.0005,0.000,32.44,44.0,1,2049
53595856,216.027,216.027,0.0000,0.1320,0.0000,-0.0005,0.000,32.44,44.0,1,2049
53596887,216.027,216.027,0.0000,-0.1198,0.0000,-0.0005,0.000,32.44,44.0,1,2049
53597857,216.027,216.027,0.0000,0.0526,0.0000,-0.0005,0.000,32.44,44.0,1,2049
53598862,216.027,216.027,0.0000,0.0145,0.0000,-0.0005,0.000,32.44,44.0,1,2049
53600185,216.027,216.027,0.0000,-0.0237,0.0000,-0.0005,0.000,32.44,44.0,1,2049
53600729,216.027,216.027,0.0000,0.0008,0.0000,-0.0005,0.000,32.44,44.0,1,2049
53601960,216.027,216.027,0.0000,-0.1305,0.0000,-0.0005,0.000,32.44,44.0,1,2049
53603184,216.027,216.027,0.0000,-0.0069,0.0000,-0.0005,0.000,32.44,44.0,1,2049
53603545,216.027,216.027,0.0000,0.0999,0.0000,-0.0005,0.000,32.44,44.0,1,2049
53604867,216.027,216.027,0.0000,-0.1884,0.0000,-0.0005,0.000,32.44,44.0,1,2049
53605611,216.027,216.027,0.0000,-0.0420,0.0000,-0.0005,0.000,32.44,44.0,1,2049
53606890,216.027,216.027,0.0000,-0.1381,0.0000,-0.0005,0.000,32.44,44.0,1,2049
53607570,216.027,216.027,0.0000,-0.0053,0.0000,-0.0005,0.000,32.44,44.0,1,2049
53608571,216.027,216.027,0.0000,-0.0511,0.0000,-0.0005,0.000,32.44,44.0,1,2049
53609884,216.027,216.027,0.0000,0.0298,0.0000,-0.0005,0.000,32.44,44.0,1,2049
53610570,216.027,216.027,0.0000,-0.0252,0.0000,-0.0005,0.000,32.44,44.0,1,2049
53611572,216.027,216.027,0.0000,-0.0786,0.0000,-0.0005,0.000,32.44,44.0,1,2049
53612567,216.027,216.027,0.0000,-0.0786,0.0000,-0.0005,0.000,32.44,44.0,1,2049
53613567,216.027,216.027,0.0000,0.0465,0.0000,-0.0005,0.000,32.44,44.0,1,2049
53614883,216.027,216.027,0.0000,-0.0221,0.0000,-0.0005,0.000,32.44,44.0,1,2049
53615570,216.027,216.027,0.0000,0.0801,0.0000,-0.0005,0.000,32.44,44.0,1,2049
53616572,216.027,216.027,0.0000,0.0389,0.0000,-0.0005,0.000,32.44,44.0,1,2049
53617566,216.027,216.027,0.0000,0.0237,0.0000,-0.0005,0.000,32.44,44.0,1,2049
53618567,216.027,216.027,0.0000,0.0282,0.0000,-0.0005,0.000,32.44,44.0,1,2049
53619888,216.027,216.027,0.0000,0.0038,0.0000,-0.0005,0.000,32.44,44.0,1,2049
53620856,216.027,216.027,0.0000,0.0145,0.0000,-0.0005,0.000,32.44,44.0,1,2049
53621858,216.027,216.027,0.0000,0.0359,0.0000,-0.0005,0.000,32.44,44.0,1,2049
53623178,216.027,216.027,0.0000,-0.0572,0.0000,-0.0005,0.000,32.44,44.0,1,2049
53623566,216.027,216.049,0.0000,-0.0221,0.0000,-0.0005,0.000,32.44,44.0,1,2049
53624882,216.049,216.027,0.0000,-0.0557,0.0000,-0.0005,0.000,32.44,44.0,1,2049
53625868,216.027,216.027,0.0000,-0.0237,0.0000,-0.0005,0.000,32.44,44.0,1,2049
53627191,216.027,216.027,0.0000,-0.0038,0.0000,-0.0005,0.000,32.44,44.0,1,2049
53627872,216.027,216.027,0.0000,0.0465,0.0000,-0.0005,0.000,32.44,44.0,1,2049
53628859,216.027,216.027,0.0000,0.0435,0.0000,-0.0005,0.000,32.44,44.0,1,2049
53630226,216.027,216.027,0.0000,0.1045,0.0000,-0.0005,0.000,32.38,44.0,1,2049
53630856,216.027,216.027,0.0000,-0.0938,0.0000,-0.0005,0.000,32.38,44.0,1,2049
53631862,216.027,216.027,0.0000,-0.1167,0.0000,-0.0005,0.000,32.38,44.0,1,2049
53632855,216.027,216.027,0.0000,0.0893,0.0000,-0.0005,0.000,32.38,44.0,1,2049
53633886,216.027,216.027,0.0000,-0.0130,0.0000,-0.0005,0.000,32.38,44.0,1,2049
53635187,216.027,216.027,0.0000,0.0084,0.0000,-0.0005,0.000,32.38,44.0,1,2049
53635857,216.027,216.027,0.0000,-0.0587,0.0000,-0.0005,0.000,32.38,44.0,1,2049
53636857,216.027,216.027,0.0000,-0.0038,0.0000,-0.0005,0.000,32.38,44.0,1,2049
53637889,216.027,216.027,0.0000,0.0114,0.0000,-0.0005,0.000,32.38,44.0,1,2049
53638858,216.027,216.027,0.0000,0.0328,0.0000,-0.0005,0.000,32.38,44.0,1,2049
53640190,216.027,216.027,0.0000,-0.0343,0.0000,-0.0005,0.000,32.38,44.0,1,2049
53640855,216.027,216.027,0.0000,-0.0603,0.0000,-0.0005,0.000,32.38,44.0,1,2049
53641887,216.027,216.027,0.0000,0.0359,0.0000,-0.0005,0.000,32.38,44.0,1,2049
53643176,216.027,216.027,0.0000,0.0023,0.0000,-0.0005,0.000,32.38,44.0,1,2049
53643552,216.027,216.027,0.0000,0.0481,0.0000,-0.0005,0.000,32.38,44.0,1,2049
53644867,216.027,216.027,0.0000,0.0435,0.0000,-0.0005,0.000,32.38,44.0,1,2049
53645589,216.027,216.027,0.0000,0.0557,0.0000,-0.0005,0.000,32.38,44.0,1,2049
53646874,216.027,216.027,0.0000,-0.0938,0.0000,-0.0005,0.000,32.38,44.0,1,2049
53647551,216.027,216.027,0.0000,0.0008,0.0000,-0.0005,0.000,32.38,44.0,1,2049
53648549,216.027,216.027,0.0000,-0.0923,0.0000,-0.0005,0.000,32.38,44.0,1,2049
53649907,216.027,216.027,0.0000,0.0191,0.0000,-0.0005,0.000,32.38,44.0,1,2049
53650856,216.027,216.027,0.0000,0.0359,0.0000,-0.0005,0.000,32.38,44.0,1,2049
53651957,216.027,216.027,0.0000,0.0572,0.0000,-0.0005,0.000,32.38,44.0,1,2049
53652858,216.027,216.027,0.0000,-0.1213,0.0000,-0.0005,0.000,32.38,44.0,1,2049
53653855,216.027,216.027,0.0000,-0.0145,0.0000,-0.0005,0.000,32.38,44.0,1,2049
53655172,216.027,216.027,0.0000,0.0175,0.0000,-0.0005,0.000,32.41,44.0,1,2049
53655925,216.027,216.027,0.0000,-0.0084,0.0000,-0.0005,0.000,32.41,44.0,1,2049
53656868,216.027,216.027,0.0000,0.0130,0.0000,-0.0005,0.000,32.41,44.0,1,2049
53657866,216.027,216.027,0.0000,0.0603,0.0000,-0.0005,0.000,32.41,44.0,1,2049
53658866,216.027,216.027,0.0000,0.0191,0.0000,-0.0005,0.000,32.41,44.0,1,2049
53660191,216.027,216.027,0.0000,-0.0801,0.0000,-0.0005,0.000,32.41,44.0,1,2049
53660866,216.027,216.027,0.0000,0.0038,0.0000,-0.0005,0.000,32.41,44.0,1,2049
53661867,216.027,216.027,0.0000,-0.0481,0.0000,-0.0005,0.000,32.41,44.0,1,2049
53663189,216.027,216.027,0.0000,-0.0313,0.0000,-0.0005,0.000,32.41,44.0,1,2049
53663568,216.027,216.049,0.0000,0.0755,0.0000,-0.0005,0.000,32.41,44.0,1,2049
53664886,216.049,216.027,0.0000,-0.0862,0.0000,-0.0005,0.000,32.41,44.0,1,2049
53665865,216.027,216.027,0.0000,0.0298,0.0000,-0.0005,0.000,32.41,44.0,1,2049
53667190,216.027,216.049,0.0000,0.1366,0.0000,-0.0005,0.000,32.41,44.0,1,2049
53667866,216.049,216.027,0.0000,0.0450,0.0000,-0.0005,0.000,32.41,44.0,1,2049
53668865,216.027,216.027,0.0000,-0.1289,0.0000,-0.0005,0.000,32.41,44.0,1,2049
53670190,216.027,216.027,0.0000,0.0648,0.0000,-0.0005,0.000,32.41,44.0,1,2049
53670866,216.027,216.027,0.0000,0.0206,0.0000,-0.0005,0.000,32.41,44.0,1,2049
53671865,216.027,216.027,0.0000,0.0313,0.0000,-0.0005,0.000,32.41,44.0,1,2049
53672866,216.027,216.027,0.0000,0.0359,0.0000,-0.0005,0.000,32.41,44.0,1,2049
53673867,216.027,216.027,0.0000,-0.0954,0.0000,-0.0005,0.000,32.41,44.0,1,2049
53675190,216.027,216.027,0.0000,0.0801,0.0000,-0.0005,0.000,32.41,44.0,1,2049
53675866,216.027,216.027,0.0000,-0.0893,0.0000,-0.0005,0.000,32.41,44.0,1,2049
53676867,216.027,216.027,0.0000,0.1015,0.0000,-0.0005,0.000,32.41,44.0,1,2049
53677868,216.027,216.027,0.0000,0.0252,0.0000,-0.0005,0.000,32.41,44.0,1,2049
53678857,216.027,216.027,0.0000,-0.1930,0.0000,-0.0005,0.000,32.41,44.0,1,2049
53680181,216.027,216.027,0.0000,-0.0633,0.0000,-0.0005,0.000,32.41,44.0,1,2049
53680856,216.027,216.027,0.0000,-0.0465,0.0000,-0.0005,0.000,32.41,44.0,1,2049
53681866,216.027,216.027,0.0000,-0.0633,0.0000,-0.0005,0.000,32.41,44.0,1,2049
53683182,216.027,216.027,0.0000,0.0298,0.0000,-0.0005,0.000,32.41,44.0,1,2049
53683569,216.027,216.027,0.0000,0.0725,0.0000,-0.0005,0.000,32.41,44.0,1,2049
53684883,216.027,216.027,0.0000,0.0038,0.0000,-0.0005,0.000,32.41,44.0,1,2049
53685868,216.027,216.027,0.0000,-0.0542,0.0000,-0.0005,0.000,32.41,44.0,1,2049
53687187,216.027,216.027,0.0000,0.0267,0.0000,-0.0005,0.000,32.41,44.0,1,2049
53687771,216.027,216.027,0.0000,-0.0755,0.0000,-0.0005,0.000,32.41,44.0,1,2049
53688878,216.027,216.027,0.0000,-0.0694,0.0000,-0.0005,0.000,32.41,44.0,1,2049
53690185,216.027,216.027,0.0000,-0.0710,0.0000,-0.0005,0.000,32.41,44.0,1,2049
53690855,216.027,216.027,0.0000,0.0038,0.0000,-0.0005,0.000,32.41,44.0,1,2049
53691856,216.027,216.027,0.0000,0.0008,0.0000,-0.0005,0.000,32.41,44.0,1,2049
53692885,216.027,216.049,0.0000,0.1198,0.0000,-0.0005,0.000,32.41,44.0,1,2049
53693855,216.049,216.027,0.0000,0.0862,0.0000,-0.0005,0.000,32.41,44.0,1,2049
53695186,216.027,216.027,0.0000,0.0572,0.0000,-0.0005,0.000,32.41,44.0,1,2049
53695851,216.027,216.027,0.0000,-0.0679,0.0000,-0.0005,0.000,32.41,44.0,1,2049
53696885,216.027,216.027,0.0000,0.0877,0.0000,-0.0005,0.000,32.41,44.0,1,2049
53697856,216.027,216.027,0.0000,-0.0481,0.0000,-0.0005,0.000,32.41,44.0,1,2049
53698858,216.027,216.027,0.0000,0.0893,0.0000,-0.0005,0.000,32.41,44.0,1,2049
53700184,216.027,216.027,0.0000,-0.0374,0.0000,-0.0005,0.000,32.41,44.0,1,2049
53700731,216.027,216.027,0.0000,0.0526,0.0000,-0.0005,0.000,32.41,44.0,1,2049
53701957,216.027,216.027,0.0000,0.0908,0.0000,-0.0005,0.000,32.41,44.0,1,2049
53703178,216.027,216.027,0.0000,0.0389,0.0000,-0.0005,0.000,32.41,44.0,1,2049
53703544,216.027,216.027,0.0000,0.0145,0.0000,-0.0005,0.000,32.41,44.0,1,2049
53704867,216.027,216.027,0.0000,0.0389,0.0000,-0.0005,0.000,32.41,44.0,1,2049
53705610,216.027,216.027,0.0000,-0.0679,0.0000,-0.0005,0.000,32.41,44.0,1,2049
53706890,216.027,216.027,0.0000,0.0069,0.0000,-0.0005,0.000,32.41,44.0,1,2049
53707864,216.027,216.027,0.0000,-0.0084,0.0000,-0.0005,0.000,32.41,44.0,1,2049
53708862,216.027,216.027,0.0000,0.0816,0.0000,-0.0005,0.000,32.41,44.0,1,2049
53710189,216.027,216.027,0.0000,-0.0496,0.0000,-0.0005,0.000,32.41,44.0,1,2049
53710863,216.027,216.027,0.0000,0.0343,0.0000,-0.0005,0.000,32.41,44.0,1,2049
53711864,216.027,216.027,0.0000,-0.0008,0.0000,-0.0005,0.000,32.41,44.0,1,2049
53712865,216.027,216.027,0.0000,0.0008,0.0000,-0.0005,0.000,32.41,44.0,1,2049
53713865,216.027,216.027,0.0000,-0.1183,0.0000,-0.0005,0.000,32.41,44.0,1,2049
53715189,216.027,216.027,0.0000,0.0252,0.0000,-0.0005,0.000,32.41,44.0,1,2049
53715860,216.027,216.027,0.0000,0.0053,0.0000,-0.0005,0.000,32.41,44.0,1,2049
53716864,216.027,216.027,0.0000,-0.1137,0.0000,-0.0005,0.000,32.41,44.0,1,2049
53717864,216.027,216.027,0.0000,0.0786,0.0000,-0.0005,0.000,32.41,44.0,1,2049
53718867,216.027,216.027,0.0000,0.0282,0.0000,-0.0005,0.000,32.41,44.0,1,2049
53720189,216.027,216.027,0.0000,-0.0023,0.0000,-0.0005,0.000,32.41,44.0,1,2049
53720863,216.027,216.027,0.0000,-0.0893,0.0000,-0.0005,0.000,32.41,44.0,1,2049
53721865,216.027,216.027,0.0000,-0.0542,0.0000,-0.0005,0.000,32.41,44.0,1,2049
53723176,216.027,216.027,0.0000,-0.0648,0.0000,-0.0005,0.000,32.41,44.0,1,2049
53723867,216.027,216.027,0.0000,-0.0633,0.0000,-0.0005,0.000,32.41,44.0,1,2049
53725189,216.027,216.027,0.0000,-0.0252,0.0000,-0.0005,0.000,32.41,44.0,1,2049
53725868,216.027,216.027,0.0000,0.0465,0.0000,-0.0005,0.000,32.41,44.0,1,2049
53727189,216.027,216.027,0.0000,-0.0786,0.0000,-0.0005,0.000,32.41,44.0,1,2049
53727850,216.027,216.027,0.0000,0.1060,0.0000,-0.0005,0.000,32.41,44.0,1,2049
53728853,216.027,216.027,0.0000,-0.0099,0.0000,-0.0005,0.000,32.41,44.0,1,2049
53730166,216.027,216.027,0.0000,-0.1473,0.0000,-0.0005,0.000,32.44,44.0,1,2049
53730857,216.027,216.027,0.0000,-0.0023,0.0000,-0.0005,0.000,32.44,44.0,1,2049
53731865,216.027,216.027,0.0000,0.1839,0.0000,-0.0005,0.000,32.44,44.0,1,2049
53732863,216.027,216.027,0.0000,0.0618,0.0000,-0.0005,0.000,32.44,44.0,1,2049
53733863,216.027,216.027,0.0000,-0.0404,0.0000,-0.0005,0.000,32.44,44.0,1,2049
53735127,216.027,216.027,0.0000,0.0587,0.0000,-0.0005,0.000,32.44,44.0,1,2049
53735853,216.027,216.027,0.0000,-0.0801,0.0000,-0.0005,0.000,32.44,44.0,1,2049
53736851,216.027,216.027,0.0000,0.0389,0.0000,-0.0005,0.000,32.44,44.0,1,2049
53737896,216.027,216.027,0.0000,-0.0465,0.0000,-0.0005,0.000,32.44,44.0,1,2049
53738855,216.027,216.027,0.0000,-0.0298,0.0000,-0.0005,0.000,32.44,44.0,1,2049
53740183,216.027,216.027,0.0000,0.1045,0.0000,-0.0005,0.000,32.44,44.0,1,2049
53740851,216.027,216.027,0.0000,-0.1183,0.0000,-0.0005,0.000,32.44,44.0,1,2049
53741884,216.027,216.027,0.0000,0.0420,0.0000,-0.0005,0.000,32.44,44.0,1,2049
53743171,216.027,216.027,0.0000,0.0267,0.0000,-0.0005,0.000,32.44,44.0,1,2049
53743551,216.027,216.027,0.0000,-0.0679,0.0000,-0.0005,0.000,32.44,44.0,1,2049
53744865,216.027,216.027,0.0000,0.0237,0.0000,-0.0005,0.000,32.44,44.0,1,2049
53745591,216.027,216.027,0.0000,0.0481,0.0000,-0.0005,0.000,32.44,44.0,1,2049
53746874,216.027,216.027,0.0000,-0.0984,0.0000,-0.0005,0.000,32.44,44.0,1,2049
53747550,216.027,216.049,0.0000,0.1244,0.0000,-0.0005,0.000,32.44,44.0,1,2049
53748549,216.049,216.027,0.0000,0.0023,0.0000,-0.0005,0.000,32.44,44.0,1,2049
53749910,216.027,216.027,0.0000,0.0633,0.0000,-0.0005,0.000,32.44,44.0,1,2049
53750849,216.027,216.027,0.0000,-0.0999,0.0000,-0.0005,0.000,32.44,44.0,1,2049
53751956,216.027,216.027,0.0000,0.0572,0.0000,-0.0005,0.000,32.44,44.0,1,2049
53752853,216.027,216.027,0.0000,-0.0587,0.0000,-0.0005,0.000,32.44,44.0,1,2049
53753853,216.027,216.027,0.0000,0.1732,0.0000,-0.0005,0.000,32.44,44.0,1,2049
53755180,216.027,216.027,0.0000,-0.1228,0.0000,-0.0005,0.000,32.44,44.0,1,2049
53755925,216.027,216.027,0.0000,0.0481,0.0000,-0.0005,0.000,32.44,44.0,1,2049
53756865,216.027,216.027,0.0000,-0.0023,0.0000,-0.0005,0.000,32.44,44.0,1,2049
53757864,216.027,216.027,0.0000,0.0267,0.0000,-0.0005,0.000,32.44,44.0,1,2049
53758862,216.027,216.027,0.0000,0.0237,0.0000,-0.0005,0.000,32.44,44.0,1,2049
53760186,216.027,216.027,0.0000,0.0496,0.0000,-0.0005,0.000,32.44,44.0,1,2049
53760857,216.027,216.027,0.0000,-0.0755,0.0000,-0.0005,0.000,32.44,44.0,1,2049
53761864,216.027,216.027,0.0000,-0.0252,0.0000,-0.0005,0.000,32.44,44.0,1,2049
53763185,216.027,216.027,0.0000,0.0099,0.0000,-0.0005,0.000,32.44,44.0,1,2049
53763568,216.027,216.027,0.0000,-0.0175,0.0000,-0.0005,0.000,32.44,44.0,1,2049
53764886,216.027,216.027,0.0000,0.0160,0.0000,-0.0005,0.000,32.44,44.0,1,2049
53765863,216.027,216.027,0.0000,-0.0374,0.0000,-0.0005,0.000,32.44,44.0,1,2049
53767188,216.027,216.027,0.0000,0.0435,0.0000,-0.0005,0.000,32.44,44.0,1,2049
53767866,216.027,216.027,0.0000,-0.0526,0.0000,-0.0005,0.000,32.44,44.0,1,2049
53768864,216.027,216.027,0.0000,-0.0160,0.0000,-0.0005,0.000,32.44,44.0,1,2049
53770189,216.027,216.027,0.0000,-0.0038,0.0000,-0.0005,0.000,32.44,44.0,1,2049
53770862,216.027,216.027,0.0000,-0.1640,0.0000,-0.0005,0.000,32.44,44.0,1,2049
53771863,216.027,216.027,0.0000,0.1137,0.0000,-0.0005,0.000,32.44,44.0,1,2049
53772860,216.027,216.027,0.0000,-0.0572,0.0000,-0.0005,0.000,32.44,44.0,1,2049
53773864,216.027,216.027,0.0000,0.0298,0.0000,-0.0005,0.000,32.44,44.0,1,2049
53775186,216.027,216.027,0.0000,-0.0984,0.0000,-0.0005,0.000,32.44,44.0,1,2049
53775866,216.027,216.027,0.0000,0.0160,0.0000,-0.0005,0.000,32.44,44.0,1,2049
53776862,216.027,216.027,0.0000,0.0587,0.0000,-0.0005,0.000,32.44,44.0,1,2049
53777862,216.027,216.027,0.0000,0.0862,0.0000,-0.0005,0.000,32.44,44.0,1,2049
53778854,216.027,216.027,0.0000,-0.1457,0.0000,-0.0005,0.000,32.44,44.0,1,2049
53780177,216.027,216.027,0.0000,0.0389,0.0000,-0.0005,0.000,32.44,44.0,1,2049
53780850,216.027,216.027,0.0000,-0.0557,0.0000,-0.0005,0.000,32.44,44.0,1,2049
53781866,216.027,216.027,0.0000,0.0954,0.0000,-0.0005,0.000,32.44,44.0,1,2049
53783180,216.027,216.027,0.0000,0.0038,0.0000,-0.0005,0.000,32.44,44.0,1,2049
53783567,216.027,216.027,0.0000,0.0603,0.0000,-0.0005,0.000,32.44,44.0,1,2049
53784882,216.027,216.027,0.0000,-0.0603,0.0000,-0.0005,0.000,32.44,44.0,1,2049
53785868,216.027,216.027,0.0000,-0.1274,0.0000,-0.0005,0.000,32.44,44.0,1,2049
53787182,216.027,216.027,0.0000,0.0328,0.0000,-0.0005,0.000,32.44,44.0,1,2049
53787776,216.027,216.027,0.0000,0.0862,0.0000,-0.0005,0.000,32.44,44.0,1,2049
53788878,216.027,216.027,0.0000,0.0862,0.0000,-0.0005,0.000,32.44,44.0,1,2049
53790178,216.027,216.027,0.0000,0.0557,0.0000,-0.0005,0.000,32.44,44.0,1,2049