t_us,p_cmd_deg,p_act_deg,v_cmd,v_act,t_cmd,t_act,iq,vbus,temp,state,events
136312880,0.000,0.022,0.0000,-0.1305,0.0000,-0.0302,0.000,32.34,40.0,3,0
136313543,0.000,0.000,0.0000,0.0191,0.0000,0.0555,0.000,32.34,40.0,3,0
136314990,0.000,0.022,0.0000,0.0908,0.0000,0.0346,0.000,32.34,40.0,3,0
136315859,0.000,0.000,0.0000,-0.0603,0.0000,0.0181,0.000,32.34,40.0,3,0
136317186,0.000,0.022,0.0000,-0.0206,0.0000,0.0016,0.000,32.34,40.0,3,0
136317859,0.000,0.022,0.0000,-0.0252,0.0000,-0.0016,0.000,32.34,40.0,3,0
136318862,0.000,0.022,0.0000,0.0298,0.0000,-0.0522,0.000,32.34,40.0,3,0
136320187,0.000,0.000,0.0000,-0.1884,0.0000,-0.0170,0.000,32.34,40.0,3,0
136320860,0.000,0.022,0.0000,0.0282,0.0000,0.0247,0.000,32.34,40.0,3,0
136321859,0.000,0.022,0.0000,0.0603,0.0000,-0.0126,0.000,32.34,40.0,3,0
136322929,0.000,0.022,0.0000,-0.1076,0.0000,0.0412,0.000,32.34,40.0,3,0
136323870,0.000,0.000,0.0000,0.0160,0.0000,0.0049,0.000,32.34,40.0,3,0
136325261,0.000,0.000,0.0000,-0.0023,0.0000,-0.0489,0.000,32.34,40.0,3,0
136325873,0.000,0.000,0.0000,-0.0679,0.0000,0.0236,0.000,32.34,40.0,3,0
136326874,0.000,0.000,0.0000,-0.0313,0.0000,-0.0236,0.000,32.34,40.0,3,0
136327877,0.000,0.022,0.0000,0.0313,0.0000,0.0005,0.000,32.34,40.0,3,0
136328870,0.000,0.022,0.0000,0.0847,0.0000,0.0049,0.000,32.34,40.0,3,0
136330210,0.000,0.022,0.0000,0.0053,0.0000,0.0522,0.000,32.34,40.0,3,0
136330943,0.000,0.000,0.0000,-0.1122,0.0000,-0.0214,0.000,32.34,40.0,3,0
136331860,0.000,0.022,0.0000,0.0175,0.0000,0.0258,0.000,32.34,40.0,3,0
136333186,0.000,0.022,0.0000,0.0740,0.0000,-0.0368,0.000,32.34,40.0,3,0
136333543,0.000,0.022,0.0000,-0.0435,0.0000,-0.0236,0.000,32.34,40.0,3,0
136334922,0.000,0.000,0.0000,0.0175,0.0000,-0.0016,0.000,32.34,40.0,3,0
136335576,0.000,0.000,0.0000,-0.0252,0.0000,0.0225,0.000,32.34,40.0,3,0
136336898,0.000,0.022,0.0000,0.0069,0.0000,0.0423,0.000,32.34,40.0,3,0
136337575,0.000,0.022,0.0000,0.0313,0.0000,-0.0203,0.000,32.34,40.0,3,0
136338575,0.000,0.022,0.0000,-0.0786,0.0000,0.0038,0.000,32.34,40.0,3,0
136339889,0.000,0.022,0.0000,0.0771,0.0000,-0.0203,0.000,32.34,40.0,3,0
136340575,0.000,0.022,0.0000,-0.0847,0.0000,-0.0049,0.000,32.34,40.0,3,0
136341574,0.000,0.022,0.0000,0.0237,0.0000,0.0115,0.000,32.34,40.0,3,0
136342570,0.000,0.000,0.0000,-0.1091,0.0000,0.0335,0.000,32.34,40.0,3,0
136343582,0.000,0.022,0.0000,0.0740,0.0000,0.0093,0.000,32.34,40.0,3,0
136344869,0.000,0.022,0.0000,-0.0053,0.0000,-0.0280,0.000,32.34,40.0,3,0
136345544,0.000,0.022,0.0000,0.0557,0.0000,0.0313,0.000,32.34,40.0,3,0
136346598,0.000,0.022,0.0000,0.0298,0.0000,-0.0203,0.000,32.34,40.0,3,0
136347595,0.000,0.022,0.0000,-0.0191,0.0000,-0.0071,0.000,32.34,40.0,3,0
136348591,0.000,0.022,0.0000,-0.0359,0.0000,0.0016,0.000,32.34,40.0,3,0
136349910,0.000,0.022,0.0000,0.0557,0.0000,0.0192,0.000,32.34,40.0,3,0
136350547,0.000,0.022,0.0000,0.0465,0.0000,0.0071,0.000,32.34,40.0,3,0
136351550,0.000,0.022,0.0000,0.1122,0.0000,0.0335,0.000,32.34,40.0,3,0
136352863,0.000,0.022,0.0000,-0.0359,0.0000,-0.0071,0.000,32.34,40.0,3,0
136353543,0.000,0.022,0.0000,-0.0175,0.0000,0.0731,0.000,32.34,40.0,3,0
136354887,0.000,0.022,0.0000,0.1167,0.0000,0.0643,0.000,32.34,40.0,3,0
136355542,0.000,0.000,0.0000,0.0160,0.0000,-0.0423,0.000,32.34,40.0,3,0
136356925,0.000,0.000,0.0000,-0.0298,0.0000,0.0104,0.000,32.34,40.0,3,0
136357547,0.000,0.022,0.0000,-0.0526,0.0000,0.0148,0.000,32.34,40.0,3,0
136358564,0.000,0.000,0.0000,-0.1152,0.0000,-0.0005,0.000,32.34,40.0,3,0
136359861,0.000,0.000,0.0000,0.0298,0.0000,-0.0104,0.000,32.34,40.0,3,0
136360601,0.000,0.022,0.0000,0.0664,0.0000,0.0225,0.000,32.34,40.0,3,0
136361547,0.000,0.022,0.0000,0.0938,0.0000,-0.0115,0.000,32.34,40.0,3,0
136362634,0.000,0.022,0.0000,-0.0572,0.0000,-0.0126,0.000,32.34,40.0,3,0
136363544,0.000,0.022,0.0000,0.0938,0.0000,0.0049,0.000,32.34,40.0,3,0
136364922,0.000,0.022,0.0000,0.0633,0.0000,-0.0049,0.000,32.34,40.0,3,0
136365859,0.000,0.000,0.0000,0.0343,0.0000,0.0104,0.000,32.34,40.0,3,0
136366957,0.000,0.022,0.0000,0.0282,0.0000,0.0137,0.000,32.34,40.0,3,0
136367860,0.000,0.000,0.0000,-0.0526,0.0000,0.0148,0.000,32.34,40.0,3,0
136368857,0.000,0.022,0.0000,0.0221,0.0000,-0.0225,0.000,32.34,40.0,3,0
136370188,0.000,0.000,0.0000,-0.0679,0.0000,-0.0082,0.000,32.34,40.0,3,0
136370856,0.000,0.022,0.0000,0.0816,0.0000,0.0049,0.000,32.34,40.0,3,0
136371855,0.000,0.000,0.0000,-0.0603,0.0000,0.0280,0.000,32.34,40.0,3,0
136373190,0.000,0.022,0.0000,0.0023,0.0000,-0.0214,0.000,32.34,40.0,3,0
136373608,0.000,0.022,0.0000,0.0282,0.0000,-0.0148,0.000,32.34,40.0,3,0
136374892,0.000,0.022,0.0000,0.1228,0.0000,-0.0412,0.000,32.34,40.0,3,0
136375616,0.000,0.022,0.0000,0.0328,0.0000,0.0566,0.000,32.34,40.0,3,0
136376901,0.000,0.000,0.0000,-0.0618,0.0000,0.0269,0.000,32.34,40.0,3,0
136377574,0.000,0.000,0.0000,0.0008,0.0000,-0.0324,0.000,32.34,40.0,3,0
136378577,0.000,0.022,0.0000,0.0938,0.0000,0.0192,0.000,32.34,40.0,3,0
136379959,0.000,0.022,0.0000,-0.0359,0.0000,-0.0082,0.000,32.34,40.0,3,0
136380550,0.000,0.000,0.0000,0.0023,0.0000,0.0071,0.000,32.34,40.0,3,0
136381547,0.000,0.022,0.0000,-0.0282,0.0000,-0.0060,0.000,32.34,40.0,3,0
136382607,0.000,0.000,0.0000,-0.0389,0.0000,-0.0148,0.000,32.34,40.0,3,0
136383572,0.000,0.000,0.0000,-0.0755,0.0000,-0.0082,0.000,32.34,40.0,3,0
136384889,0.000,0.022,0.0000,0.1289,0.0000,0.0291,0.000,32.34,40.0,3,0
136385575,0.000,0.000,0.0000,-0.1060,0.0000,-0.0137,0.000,32.34,40.0,3,0
136386573,0.000,0.022,0.0000,0.0237,0.0000,-0.0071,0.000,32.34,40.0,3,0
136387571,0.000,0.022,0.0000,0.0587,0.0000,-0.0247,0.000,32.34,40.0,3,0
136388569,0.000,0.022,0.0000,-0.0587,0.0000,0.0093,0.000,32.34,40.0,3,0
136389889,0.000,0.022,0.0000,-0.0282,0.0000,-0.0027,0.000,32.34,40.0,3,0
136390575,0.000,0.000,0.0000,-0.0099,0.0000,-0.0170,0.000,32.34,40.0,3,0
136391580,0.000,0.022,0.0000,0.0648,0.0000,0.0038,0.000,32.34,40.0,3,0
136392860,0.000,0.022,0.0000,-0.0237,0.0000,-0.0148,0.000,32.34,40.0,3,0
136393591,0.000,0.022,0.0000,-0.0221,0.0000,-0.0082,0.000,32.34,40.0,3,0
136394914,0.000,0.000,0.0000,-0.0572,0.0000,-0.0093,0.000,32.34,40.0,3,0
136395598,0.000,0.022,0.0000,-0.0023,0.0000,0.0368,0.000,32.34,40.0,3,0
136396919,0.000,0.022,0.0000,0.0450,0.0000,0.0159,0.000,32.34,40.0,3,0
136397547,0.000,0.022,0.0000,-0.0542,0.0000,0.0170,0.000,32.34,40.0,3,0
136398542,0.000,0.022,0.0000,-0.0786,0.0000,-0.0181,0.000,32.34,40.0,3,0
136399873,0.000,0.022,0.0000,-0.1503,0.0000,0.0203,0.000,32.34,40.0,3,0
136400559,0.000,0.022,0.0000,0.0374,0.0000,0.0368,0.000,32.34,40.0,3,0
136401547,0.000,0.022,0.0000,-0.0633,0.0000,0.0214,0.000,32.34,40.0,3,0
136402601,0.000,0.022,0.0000,-0.0237,0.0000,0.0093,0.000,32.34,40.0,3,0
136403542,0.000,0.022,0.0000,0.1045,0.0000,-0.0170,0.000,32.34,40.0,3,0
136404887,0.000,0.000,0.0000,-0.0252,0.0000,0.0291,0.000,32.34,40.0,3,0
136405542,0.000,0.000,0.0000,-0.0023,0.0000,0.0401,0.000,32.34,40.0,3,0
136406606,0.000,0.022,0.0000,0.0755,0.0000,0.0071,0.000,32.34,40.0,3,0
136407542,0.000,0.000,0.0000,-0.0450,0.0000,-0.0049,0.000,32.34,40.0,3,0
136408559,0.000,0.022,0.0000,-0.0557,0.0000,-0.0038,0.000,32.34,40.0,3,0
136409869,0.000,0.022,0.0000,0.0084,0.0000,-0.0027,0.000,32.34,40.0,3,0
136410536,0.000,0.022,0.0000,0.0008,0.0000,-0.0214,0.000,32.34,40.0,3,0
136411585,0.000,0.000,0.0000,-0.0603,0.0000,0.0115,0.000,32.34,40.0,3,0
136412861,0.000,0.022,0.0000,-0.0359,0.0000,-0.0181,0.000,32.34,40.0,3,0
136413561,0.000,0.022,0.0000,0.0282,0.0000,0.0214,0.000,32.34,40.0,3,0
136414869,0.000,0.022,0.0000,0.0359,0.0000,0.0137,0.000,32.34,40.0,3,0
136415630,0.000,0.000,0.0000,0.0862,0.0000,-0.0016,0.000,32.34,40.0,3,0
136416916,0.000,0.000,0.0000,-0.0740,0.0000,0.0082,0.000,32.34,40.0,3,0
136417546,0.000,0.000,0.0000,0.0847,0.0000,0.0148,0.000,32.34,40.0,3,0
136418606,0.000,0.022,0.0000,0.0572,0.0000,0.0115,0.000,32.34,40.0,3,0
136419896,0.000,0.022,0.0000,-0.0160,0.0000,-0.0137,0.000,32.34,40.0,3,0
136420571,0.000,0.000,0.0000,-0.1167,0.0000,0.0225,0.000,32.34,40.0,3,0
136421573,0.000,0.000,0.0000,-0.0572,0.0000,0.0049,0.000,32.34,40.0,3,0
136422568,0.000,0.022,0.0000,-0.0771,0.0000,-0.0005,0.000,32.34,40.0,3,0
136423568,0.000,0.022,0.0000,-0.0237,0.0000,-0.0357,0.000,32.34,40.0,3,0
136424889,0.000,0.022,0.0000,0.0084,0.0000,0.0291,0.000,32.34,40.0,3,0
136425572,0.000,0.022,0.0000,-0.0542,0.0000,-0.0346,0.000,32.34,40.0,3,0
136426573,0.000,0.022,0.0000,0.0725,0.0000,0.0489,0.000,32.34,40.0,3,0
136427580,0.000,0.000,0.0000,-0.0710,0.0000,-0.0005,0.000,32.34,40.0,3,0
136428546,0.000,0.022,0.0000,0.1045,0.0000,-0.0082,0.000,32.34,40.0,3,0
136429869,0.000,0.000,0.0000,-0.0587,0.0000,0.0060,0.000,32.34,40.0,3,0
136430591,0.000,0.000,0.0000,0.0420,0.0000,-0.0203,0.000,32.34,40.0,3,0
136431599,0.000,0.000,0.0000,-0.1183,0.0000,-0.0093,0.000,32.34,40.0,3,0
136432912,0.000,0.022,0.0000,0.0740,0.0000,-0.0126,0.000,32.34,40.0,3,0
136433563,0.000,0.022,0.0000,0.0221,0.0000,0.0203,0.000,32.34,40.0,3,0
136434869,0.000,0.000,0.0000,0.0633,0.0000,0.0324,0.000,32.34,40.0,3,0
136435639,0.000,0.000,0.0000,-0.0618,0.0000,0.0093,0.000,32.34,40.0,3,0
136436902,0.000,0.000,0.0000,0.0343,0.0000,-0.0236,0.000,32.34,40.0,3,0
136437549,0.000,0.022,0.0000,-0.0069,0.0000,0.0137,0.000,32.34,40.0,3,0
136438635,0.000,0.022,0.0000,0.0420,0.0000,-0.0236,0.000,32.34,40.0,3,0
136439868,0.000,0.022,0.0000,0.1167,0.0000,-0.0038,0.000,32.34,40.0,3,0
136440510,0.000,0.000,0.0000,0.0435,0.0000,-0.0104,0.000,32.34,40.0,3,0
136441581,0.000,0.000,0.0000,-0.0191,0.0000,0.0159,0.000,32.34,40.0,3,0
136442544,0.000,0.022,0.0000,-0.0114,0.0000,0.0192,0.000,32.34,40.0,3,0
136443560,0.000,0.000,0.0000,-0.0008,0.0000,0.0038,0.000,32.34,40.0,3,0
136444870,0.000,0.022,0.0000,-0.0328,0.0000,-0.0115,0.000,32.34,40.0,3,0
136445596,0.000,0.000,0.0000,-0.1152,0.0000,-0.0027,0.000,32.34,40.0,3,0
136446551,0.000,0.022,0.0000,0.0526,0.0000,0.0060,0.000,32.34,40.0,3,0
136447560,0.000,0.022,0.0000,-0.0954,0.0000,0.0126,0.000,32.34,40.0,3,0
136448542,0.000,0.022,0.0000,-0.0343,0.0000,0.0434,0.000,32.34,40.0,3,0
136449972,0.000,0.000,0.0000,0.0069,0.0000,-0.0016,0.000,32.34,40.0,3,0
136450550,0.000,0.022,0.0000,0.1228,0.0000,0.0137,0.000,32.34,40.0,3,0
136451564,0.000,0.022,0.0000,-0.0298,0.0000,0.0181,0.000,32.34,40.0,3,0
136452861,0.000,0.022,0.0000,0.0114,0.0000,0.0170,0.000,32.34,40.0,3,0
136453597,0.000,0.000,0.0000,-0.0648,0.0000,-0.0038,0.000,32.34,40.0,3,0
136454870,0.000,0.000,0.0000,-0.1091,0.0000,0.0082,0.000,32.34,40.0,3,0
136455562,0.000,0.022,0.0000,-0.0252,0.0000,-0.0181,0.000,32.34,40.0,3,0
136456869,0.000,0.022,0.0000,-0.0114,0.0000,-0.0368,0.000,32.34,40.0,3,0
136457600,0.000,0.000,0.0000,-0.0237,0.0000,0.0368,0.000,32.34,40.0,3,0
136458548,0.000,0.022,0.0000,0.1350,0.0000,-0.0027,0.000,32.34,40.0,3,0
136459953,0.000,0.000,0.0000,-0.0496,0.0000,-0.0049,0.000,32.34,40.0,3,0
136460551,0.000,0.022,0.0000,0.0313,0.0000,-0.0291,0.000,32.34,40.0,3,0
136461601,0.000,0.000,0.0000,-0.0038,0.0000,0.0302,0.000,32.34,40.0,3,0
136462547,0.000,0.000,0.0000,-0.0359,0.0000,0.0016,0.000,32.34,40.0,3,0
136463561,0.000,0.000,0.0000,0.1060,0.0000,-0.0159,0.000,32.34,40.0,3,0
136464867,0.000,0.022,0.0000,0.0755,0.0000,0.0060,0.000,32.34,40.0,3,0
136465629,0.000,0.022,0.0000,-0.0038,0.0000,-0.0027,0.000,32.34,40.0,3,0
136466592,0.000,0.022,0.0000,0.0908,0.0000,0.0225,0.000,32.34,40.0,3,0
136467545,0.000,0.000,0.0000,-0.1137,0.0000,-0.0236,0.000,32.34,40.0,3,0
136468600,0.000,0.022,0.0000,0.1381,0.0000,0.0126,0.000,32.34,40.0,3,0
136469897,0.000,0.022,0.0000,0.0191,0.0000,0.0467,0.000,32.34,40.0,3,0
136470573,0.000,0.000,0.0000,-0.1198,0.0000,-0.0170,0.000,32.34,40.0,3,0
136471573,0.000,0.022,0.0000,0.0145,0.0000,0.0093,0.000,32.34,40.0,3,0
136472887,0.000,0.000,0.0000,-0.0816,0.0000,0.0060,0.000,32.34,40.0,3,0
136473569,0.000,0.022,0.0000,-0.0389,0.0000,0.0104,0.000,32.34,40.0,3,0
136474890,0.000,0.000,0.0000,-0.0282,0.0000,0.0038,0.000,32.34,40.0,3,0
136475572,0.000,0.000,0.0000,0.0938,0.0000,-0.0423,0.000,32.34,40.0,3,0
136476897,0.000,0.000,0.0000,0.0130,0.0000,0.0137,0.000,32.34,40.0,3,0
136477572,0.000,0.000,0.0000,-0.0374,0.0000,-0.0071,0.000,32.34,40.0,3,0
136478581,0.000,0.000,0.0000,0.0954,0.0000,-0.0049,0.000,32.34,40.0,3,0
136479871,0.000,0.000,0.0000,0.0130,0.0000,-0.0027,0.000,32.34,40.0,3,0
136480591,0.000,0.000,0.0000,-0.0328,0.0000,0.0038,0.000,32.34,40.0,3,0
136481600,0.000,0.000,0.0000,-0.0130,0.0000,-0.0104,0.000,32.34,40.0,3,0
136482593,0.000,0.000,0.0000,0.0114,0.0000,-0.0390,0.000,32.34,40.0,3,0
136483595,0.000,0.000,0.0000,0.0755,0.0000,-0.0126,0.000,32.34,40.0,3,0
136484870,0.000,0.022,0.0000,0.0526,0.0000,-0.0115,0.000,32.34,40.0,3,0
136485644,0.000,0.000,0.0000,-0.1549,0.0000,-0.0324,0.000,32.34,40.0,3,0
136486584,0.000,0.022,0.0000,0.0816,0.0000,0.0060,0.000,32.34,40.0,3,0
136487544,0.000,0.022,0.0000,-0.0572,0.0000,-0.0027,0.000,32.34,40.0,3,0
136488632,0.000,0.022,0.0000,-0.0191,0.0000,0.0137,0.000,32.34,40.0,3,0
136489874,0.000,0.000,0.0000,0.0389,0.0000,-0.0203,0.000,32.34,40.0,3,0
136490513,0.000,0.022,0.0000,-0.0084,0.0000,0.0170,0.000,32.34,40.0,3,0
136491582,0.000,0.000,0.0000,-0.0435,0.0000,-0.0137,0.000,32.34,40.0,3,0
136492864,0.000,0.000,0.0000,-0.0404,0.0000,0.0137,0.000,32.34,40.0,3,0
136493561,0.000,0.000,0.0000,-0.1289,0.0000,-0.0115,0.000,32.34,40.0,3,0
136494869,0.000,0.022,0.0000,-0.0908,0.0000,-0.0016,0.000,32.34,40.0,3,0
136495597,0.000,0.000,0.0000,-0.0435,0.0000,-0.0269,0.000,32.34,40.0,3,0
136496878,0.000,0.022,0.0000,0.1778,0.0000,0.0093,0.000,32.34,40.0,3,0
136497560,0.000,0.000,0.0000,-0.1808,0.0000,-0.0159,0.000,32.34,40.0,3,0
136498547,0.000,0.022,0.0000,0.1015,0.0000,-0.0148,0.000,32.34,40.0,3,0
136499976,0.000,0.022,0.0000,-0.0145,0.0000,-0.0181,0.000,32.34,40.0,3,0
136500549,0.000,0.022,0.0000,-0.0771,0.0000,-0.0104,0.000,32.34,40.0,3,0
136501564,0.000,0.022,0.0000,0.0374,0.0000,-0.0038,0.000,32.34,40.0,3,0
136502542,0.000,0.022,0.0000,0.0389,0.0000,-0.0214,0.000,32.34,40.0,3,0
136503597,0.000,0.022,0.0000,-0.0511,0.0000,-0.0214,0.000,32.34,40.0,3,0
136504869,0.000,0.022,0.0000,0.0145,0.0000,0.0082,0.000,32.34,40.0,3,0
136505562,0.000,0.022,0.0000,0.0801,0.0000,0.0115,0.000,32.34,40.0,3,0
136506547,0.000,0.000,0.0000,-0.0832,0.0000,0.0192,0.000,32.34,40.0,3,0
136507597,0.000,0.000,0.0000,-0.0450,0.0000,-0.0093,0.000,32.34,40.0,3,0
136508545,0.000,0.000,0.0000,0.0130,0.0000,0.0005,0.000,32.34,40.0,3,0
136509953,0.000,0.022,0.0000,-0.0343,0.0000,0.0115,0.000,32.34,40.0,3,0
136510551,0.000,0.022,0.0000,0.0633,0.0000,-0.0335,0.000,32.34,40.0,3,0
136511603,0.000,0.000,0.0000,-0.1564,0.0000,0.0313,0.000,32.34,40.0,3,0
136512864,0.000,0.022,0.0000,0.0526,0.0000,0.0148,0.000,32.34,40.0,3,0
136513562,0.000,0.022,0.0000,0.0038,0.0000,-0.0016,0.000,32.34,40.0,3,0
136514867,0.000,0.022,0.0000,0.0175,0.0000,-0.0027,0.000,32.34,40.0,3,0
136515652,0.000,0.022,0.0000,0.0191,0.0000,0.0126,0.000,32.34,40.0,3,0
136516876,0.000,0.000,0.0000,-0.0908,0.0000,0.0071,0.000,32.34,40.0,3,0
136517543,0.000,0.022,0.0000,-0.0114,0.0000,0.0027,0.000,32.34,40.0,3,0
136518547,0.000,0.022,0.0000,-0.0587,0.0000,-0.0302,0.000,32.34,40.0,3,0
136519864,0.000,0.022,0.0000,0.0862,0.0000,0.0027,0.000,32.34,40.0,3,0
136520610,0.000,0.022,0.0000,0.0023,0.0000,0.0214,0.000,32.34,40.0,3,0
136521577,0.000,0.022,0.0000,-0.0298,0.0000,-0.0027,0.000,32.34,40.0,3,0
136522613,0.000,0.000,0.0000,-0.1732,0.0000,0.0049,0.000,32.34,40.0,3,0
136523573,0.000,0.000,0.0000,0.0084,0.0000,-0.0005,0.000,32.34,40.0,3,0
136524892,0.000,0.022,0.0000,0.0267,0.0000,-0.0258,0.000,32.34,40.0,3,0
136525574,0.000,0.022,0.0000,-0.0206,0.0000,-0.0082,0.000,32.34,40.0,3,0
136526649,0.000,0.000,0.0000,-0.0511,0.0000,0.0027,0.000,32.34,40.0,3,0
136527543,0.000,0.022,0.0000,0.0938,0.0000,0.0236,0.000,32.34,40.0,3,0
136528596,0.000,0.000,0.0000,-0.0984,0.0000,-0.0049,0.000,32.34,40.0,3,0
136529894,0.000,0.022,0.0000,0.1122,0.0000,-0.0324,0.000,32.34,40.0,3,0
136530575,0.000,0.022,0.0000,0.0633,0.0000,0.0038,0.000,32.34,40.0,3,0
136531574,0.000,0.022,0.0000,-0.0084,0.0000,-0.0225,0.000,32.34,40.0,3,0
136532889,0.000,0.022,0.0000,0.0084,0.0000,-0.0016,0.000,32.34,40.0,3,0
136533571,0.000,0.022,0.0000,0.0557,0.0000,-0.0016,0.000,32.34,40.0,3,0
136534888,0.000,0.000,0.0000,0.0069,0.0000,-0.0005,0.000,32.34,40.0,3,0
136535575,0.000,0.000,0.0000,-0.1274,0.0000,0.0071,0.000,32.34,40.0,3,0
136536896,0.000,0.022,0.0000,0.0084,0.0000,0.0170,0.000,32.34,40.0,3,0
136537575,0.000,0.022,0.0000,0.0725,0.0000,0.0082,0.000,32.34,40.0,3,0
136538587,0.000,0.022,0.0000,0.0191,0.0000,-0.0214,0.000,32.34,40.0,3,0
136539870,0.000,0.022,0.0000,-0.0374,0.0000,0.0225,0.000,32.34,40.0,3,0
136540544,0.000,0.022,0.0000,0.0328,0.0000,-0.0192,0.000,32.34,40.0,3,0
136541599,0.000,0.022,0.0000,-0.0328,0.0000,-0.0214,0.000,32.34,40.0,3,0
136542593,0.000,0.022,0.0000,0.0587,0.0000,0.0181,0.000,32.34,40.0,3,0
136543593,0.000,0.000,0.0000,0.0969,0.0000,0.0258,0.000,32.34,40.0,3,0
136544873,0.000,0.022,0.0000,0.0267,0.0000,0.0115,0.000,32.34,40.0,3,0
136545644,0.000,0.022,0.0000,0.0114,0.0000,-0.0082,0.000,32.34,40.0,3,0
136546584,0.000,0.000,0.0000,0.0404,0.0000,0.0280,0.000,32.34,40.0,3,0
136547543,0.000,0.000,0.0000,-0.0160,0.0000,-0.0049,0.000,32.34,40.0,3,0
136548559,0.000,0.022,0.0000,0.0084,0.0000,-0.0038,0.000,32.34,40.0,3,0
136549870,0.000,0.022,0.0000,0.0191,0.0000,-0.0148,0.000,32.34,40.0,3,0
136550599,0.000,0.000,0.0000,0.0038,0.0000,-0.0016,0.000,32.34,40.0,3,0
136551549,0.000,0.022,0.0000,0.1610,0.0000,-0.0060,0.000,32.34,40.0,3,0
136552878,0.000,0.022,0.0000,0.0572,0.0000,-0.0049,0.000,32.34,40.0,3,0
136553543,0.000,0.022,0.0000,0.0847,0.0000,0.0291,0.000,32.34,40.0,3,0
136554911,0.000,0.022,0.0000,0.1671,0.0000,0.0302,0.000,32.34,40.0,3,0
136555549,0.000,0.022,0.0000,0.1030,0.0000,-0.0126,0.000,32.34,40.0,3,0
136556962,0.000,0.022,0.0000,0.0191,0.0000,0.0027,0.000,32.34,40.0,3,0
136557550,0.000,0.022,0.0000,0.0587,0.0000,0.0148,0.000,32.34,40.0,3,0
136558604,0.000,0.022,0.0000,-0.0359,0.0000,-0.0346,0.000,32.34,40.0,3,0
136559872,0.000,0.022,0.0000,0.1534,0.0000,-0.0335,0.000,32.34,40.0,3,0
136560564,0.000,0.000,0.0000,-0.1366,0.0000,0.0225,0.000,32.34,40.0,3,0
136561547,0.000,0.022,0.0000,0.0145,0.0000,0.0093,0.000,32.34,40.0,3,0
136562593,0.000,0.022,0.0000,0.0908,0.0000,0.0258,0.000,32.34,40.0,3,0
136563548,0.000,0.022,0.0000,-0.0145,0.0000,-0.0104,0.000,32.34,40.0,3,0
136564884,0.000,0.022,0.0000,-0.0389,0.0000,-0.0027,0.000,32.34,40.0,3,0
136565545,0.000,0.000,0.0000,-0.0908,0.0000,-0.0148,0.000,32.34,40.0,3,0
136566678,0.000,0.022,0.0000,0.0572,0.0000,-0.0137,0.000,32.34,40.0,3,0
136567543,0.000,0.022,0.0000,-0.0999,0.0000,-0.0313,0.000,32.34,40.0,3,0
136568542,0.000,0.022,0.0000,-0.0755,0.0000,0.0236,0.000,32.34,40.0,3,0
136569869,0.000,0.022,0.0000,0.0389,0.0000,-0.0236,0.000,32.34,40.0,3,0
136570543,0.000,0.022,0.0000,0.0877,0.0000,0.0445,0.000,32.34,40.0,3,0
136571611,0.000,0.000,0.0000,-0.1884,0.0000,-0.0148,0.000,32.34,40.0,3,0
136572896,0.000,0.022,0.0000,0.1030,0.0000,-0.0027,0.000,32.34,40.0,3,0
136573608,0.000,0.022,0.0000,-0.0191,0.0000,-0.0225,0.000,32.34,40.0,3,0
136574893,0.000,0.000,0.0000,-0.0526,0.0000,-0.0126,0.000,32.34,40.0,3,0
136575574,0.000,0.022,0.0000,0.0832,0.0000,0.0137,0.000,32.34,40.0,3,0
136576899,0.000,0.022,0.0000,0.0420,0.0000,0.0049,0.000,32.34,40.0,3,0
136577646,0.000,0.022,0.0000,0.0221,0.0000,0.0346,0.000,32.34,40.0,3,0
136578548,0.000,0.022,0.0000,0.0542,0.0000,0.0027,0.000,32.34,40.0,3,0
136579866,0.000,0.022,0.0000,0.0801,0.0000,-0.0005,0.000,32.34,40.0,3,0
136580607,0.000,0.022,0.0000,-0.0710,0.0000,0.0181,0.000,32.34,40.0,3,0
136581576,0.000,0.022,0.0000,0.0526,0.0000,0.0049,0.000,32.34,40.0,3,0
136582569,0.000,0.022,0.0000,0.0481,0.0000,0.0148,0.000,32.34,40.0,3,0
136583569,0.000,0.022,0.0000,-0.0893,0.0000,-0.0071,0.000,32.34,40.0,3,0
136584891,0.000,0.022,0.0000,-0.0893,0.0000,0.0104,0.000,32.34,40.0,3,0
136585573,0.000,0.022,0.0000,0.0191,0.0000,-0.0093,0.000,32.34,40.0,3,0
136586575,0.000,0.000,0.0000,0.0038,0.0000,0.0038,0.000,32.34,40.0,3,0
136587569,0.000,0.022,0.0000,0.0893,0.0000,0.0181,0.000,32.34,40.0,3,0
136588570,0.000,0.000,0.0000,-0.0374,0.0000,0.0302,0.000,32.34,40.0,3,0
136589893,0.000,0.022,0.0000,-0.0359,0.0000,0.0082,0.000,32.34,40.0,3,0
136590546,0.000,0.022,0.0000,-0.0237,0.0000,0.0159,0.000,32.34,40.0,3,0
136591596,0.000,0.022,0.0000,0.0679,0.0000,0.0082,0.000,32.34,40.0,3,0
136592910,0.000,0.022,0.0000,0.0084,0.0000,-0.0027,0.000,32.34,40.0,3,0
136593590,0.000,0.022,0.0000,-0.0008,0.0000,0.0060,0.000,32.34,40.0,3,0
136594914,0.000,0.022,0.0000,0.0053,0.0000,0.0115,0.000,32.34,40.0,3,0
136595547,0.000,0.022,0.0000,0.0862,0.0000,-0.0357,0.000,32.34,40.0,3,0
136596878,0.000,0.022,0.0000,-0.0526,0.0000,0.0027,0.000,32.34,40.0,3,0
136597549,0.000,0.022,0.0000,0.0114,0.0000,0.0027,0.000,32.34,40.0,3,0
136598547,0.000,0.022,0.0000,0.1106,0.0000,-0.0302,0.000,32.34,40.0,3,0
136599878,0.000,0.000,0.0000,-0.0771,0.0000,-0.0038,0.000,32.34,40.0,3,0
136600547,0.000,0.022,0.0000,0.0832,0.0000,0.0137,0.000,32.34,40.0,3,0
136601602,0.000,0.022,0.0000,0.1930,0.0000,0.0049,0.000,32.34,40.0,3,0
136602545,0.000,0.022,0.0000,-0.0282,0.0000,-0.0049,0.000,32.34,40.0,3,0
136603559,0.000,0.022,0.0000,0.0832,0.0000,0.0148,0.000,32.34,40.0,3,0
136604866,0.000,0.022,0.0000,0.0404,0.0000,-0.0181,0.000,32.34,40.0,3,0
136605601,0.000,0.022,0.0000,-0.0191,0.0000,0.0192,0.000,32.34,40.0,3,0
136606547,0.000,0.022,0.0000,0.0801,0.0000,-0.0357,0.000,32.34,40.0,3,0
136607634,0.000,0.000,0.0000,-0.1274,0.0000,0.0093,0.000,32.34,40.0,3,0
136608544,0.000,0.022,0.0000,0.1442,0.0000,-0.0192,0.000,32.34,40.0,3,0
136609922,0.000,0.022,0.0000,-0.0694,0.0000,0.0390,0.000,32.34,40.0,3,0
136610547,0.000,0.022,0.0000,0.1122,0.0000,-0.0082,0.000,32.34,40.0,3,0
136611566,0.000,0.000,0.0000,-0.0481,0.0000,0.0071,0.000,32.34,40.0,3,0
136612861,0.000,0.022,0.0000,-0.0145,0.0000,-0.0016,0.000,32.34,40.0,3,0
136613596,0.000,0.022,0.0000,-0.0298,0.0000,0.0038,0.000,32.34,40.0,3,0
136614870,0.000,0.022,0.0000,0.0526,0.0000,0.0104,0.000,32.34,40.0,3,0
136615564,0.000,0.022,0.0000,-0.0237,0.0000,-0.0357,0.000,32.34,40.0,3,0
136616869,0.000,0.022,0.0000,-0.0435,0.0000,-0.0159,0.000,32.34,40.0,3,0
136617541,0.000,0.022,0.0000,0.0328,0.0000,0.0214,0.000,32.34,40.0,3,0
136618645,0.000,0.022,0.0000,-0.0359,0.0000,-0.0126,0.000,32.34,40.0,3,0
136619870,0.000,0.022,0.0000,-0.0511,0.0000,-0.0225,0.000,32.34,40.0,3,0
136620544,0.000,0.000,0.0000,-0.0816,0.0000,0.0071,0.000,32.34,40.0,3,0
136621547,0.000,0.022,0.0000,0.0877,0.0000,-0.0137,0.000,32.34,40.0,3,0
136622542,0.000,0.022,0.0000,-0.0130,0.0000,-0.0005,0.000,32.34,40.0,3,0
136623607,0.000,0.022,0.0000,-0.0145,0.0000,0.0027,0.000,32.34,40.0,3,0
136624931,0.000,0.022,0.0000,0.0450,0.0000,0.0181,0.000,32.34,40.0,3,0
136625577,0.000,0.022,0.0000,0.0191,0.0000,0.0005,0.000,32.34,40.0,3,0
136626575,0.000,0.022,0.0000,-0.0252,0.0000,-0.0027,0.000,32.34,40.0,3,0
136627572,0.000,0.022,0.0000,-0.0450,0.0000,0.0016,0.000,32.34,40.0,3,0
136628645,0.000,0.022,0.0000,-0.0832,0.0000,-0.0016,0.000,32.34,40.0,3,0
136629870,0.000,0.022,0.0000,0.0069,0.0000,-0.0071,0.000,32.34,40.0,3,0
136630542,0.000,0.022,0.0000,0.0435,0.0000,-0.0005,0.000,32.34,40.0,3,0
136631614,0.000,0.022,0.0000,-0.0328,0.0000,0.0093,0.000,32.34,40.0,3,0
136632890,0.000,0.022,0.0000,0.0282,0.0000,-0.0060,0.000,32.34,40.0,3,0
136633571,0.000,0.022,0.0000,0.0465,0.0000,0.0181,0.000,32.34,40.0,3,0
136634892,0.000,0.022,0.0000,0.0679,0.0000,0.0236,0.000,32.34,40.0,3,0
136635573,0.000,0.022,0.0000,0.1015,0.0000,0.0104,0.000,32.34,40.0,3,0
136636898,0.000,0.022,0.0000,0.0145,0.0000,0.0049,0.000,32.34,40.0,3,0
136637573,0.000,0.000,0.0000,-0.0175,0.0000,-0.0049,0.000,32.34,40.0,3,0
136638574,0.000,0.000,0.0000,-0.0282,0.0000,-0.0016,0.000,32.34,40.0,3,0
136639893,0.000,0.022,0.0000,0.0481,0.0000,0.0137,0.000,32.34,40.0,3,0
136640587,0.000,0.022,0.0000,0.0740,0.0000,-0.0192,0.000,32.34,40.0,3,0
136641548,0.000,0.022,0.0000,-0.0923,0.0000,-0.0236,0.000,32.34,40.0,3,0
136642542,0.000,0.022,0.0000,-0.0618,0.0000,-0.0027,0.000,32.34,40.0,3,0
136643593,0.000,0.022,0.0000,0.1030,0.0000,0.0038,0.000,32.34,40.0,3,0
136644914,0.000,0.022,0.0000,0.0481,0.0000,-0.0082,0.000,32.34,40.0,3,0
136645599,0.000,0.022,0.0000,0.0664,0.0000,0.0203,0.000,32.34,40.0,3,0
136646556,0.000,0.022,0.0000,0.0542,0.0000,0.0027,0.000,32.34,40.0,3,0
136647542,0.000,0.022,0.0000,0.0359,0.0000,0.0126,0.000,32.34,40.0,3,0
136648679,0.000,0.000,0.0000,-0.1274,0.0000,-0.0225,0.000,32.34,40.0,3,0
136649872,0.000,0.022,0.0000,0.0542,0.0000,0.0148,0.000,32.34,40.0,3,0
136650559,0.000,0.000,0.0000,0.0008,0.0000,0.0071,0.000,32.34,40.0,3,0
136651547,0.000,0.000,0.0000,0.0084,0.0000,-0.0379,0.000,32.34,40.0,3,0
136652919,0.000,0.022,0.0000,0.0954,0.0000,0.0137,0.000,32.34,40.0,3,0
136653544,0.000,0.000,0.0000,-0.1167,0.0000,-0.0148,0.000,32.34,40.0,3,0
136654887,0.000,0.022,0.0000,-0.0999,0.0000,0.0071,0.000,32.34,40.0,3,0
136655542,0.000,0.000,0.0000,-0.0221,0.0000,-0.0071,0.000,32.34,40.0,3,0
136656925,0.000,0.022,0.0000,-0.0221,0.0000,0.0181,0.000,32.34,40.0,3,0
136657548,0.000,0.022,0.0000,0.0313,0.0000,0.0027,0.000,32.34,40.0,3,0
136658564,0.000,0.022,0.0000,0.0420,0.0000,-0.0082,0.000,32.34,40.0,3,0
136659861,0.000,0.022,0.0000,0.0496,0.0000,-0.0170,0.000,32.34,40.0,3,0
136660536,0.000,0.022,0.0000,-0.0374,0.0000,0.0104,0.000,32.34,40.0,3,0
136661584,0.000,0.022,0.0000,0.1015,0.0000,0.0181,0.000,32.34,40.0,3,0
136662542,0.000,0.022,0.0000,-0.0069,0.0000,0.0027,0.000,32.34,40.0,3,0
136663560,0.000,0.022,0.0000,0.0893,0.0000,0.0016,0.000,32.34,40.0,3,0
136664870,0.000,0.000,0.0000,-0.1060,0.0000,0.0159,0.000,32.34,40.0,3,0
136665599,0.000,0.000,0.0000,-0.0008,0.0000,-0.0467,0.000,32.34,40.0,3,0
136666548,0.000,0.000,0.0000,-0.0252,0.0000,0.0159,0.000,32.34,40.0,3,0
136667560,0.000,0.022,0.0000,0.0557,0.0000,-0.0060,0.000,32.34,40.0,3,0
136668542,0.000,0.022,0.0000,-0.0465,0.0000,0.0104,0.000,32.34,40.0,3,0
136669997,0.000,0.022,0.0000,0.0557,0.0000,-0.0137,0.000,32.34,40.0,3,0
136670848,0.000,0.022,0.0000,-0.0175,0.0000,0.0093,0.000,32.34,40.0,3,0
136671849,0.000,0.000,0.0000,-0.0267,0.0000,0.0038,0.000,32.34,40.0,3,0
136673174,0.000,0.000,0.0000,-0.0374,0.0000,-0.0258,0.000,32.34,40.0,3,0
136673543,0.000,0.022,0.0000,0.0175,0.0000,-0.0093,0.000,32.34,40.0,3,0
136674861,0.000,0.022,0.0000,-0.0359,0.0000,-0.0280,0.000,32.34,40.0,3,0
136675548,0.000,0.022,0.0000,-0.0114,0.0000,0.0027,0.000,32.34,40.0,3,0
136676930,0.000,0.022,0.0000,0.0465,0.0000,-0.0016,0.000,32.34,40.0,3,0
136677615,0.000,0.000,0.0000,-0.1320,0.0000,-0.0115,0.000,32.34,40.0,3,0
136678575,0.000,0.022,0.0000,0.0725,0.0000,0.0005,0.000,32.34,40.0,3,0
136679891,0.000,0.022,0.0000,0.1488,0.0000,0.0137,0.000,32.34,40.0,3,0
136680575,0.000,0.022,0.0000,-0.0679,0.0000,0.0027,0.000,32.34,40.0,3,0
136681656,0.000,0.022,0.0000,-0.0069,0.0000,-0.0016,0.000,32.34,40.0,3,0
136682543,0.000,0.022,0.0000,0.0191,0.0000,-0.0060,0.000,32.34,40.0,3,0
136683542,0.000,0.000,0.0000,-0.0420,0.0000,0.0060,0.000,32.34,40.0,3,0
136684920,0.000,0.022,0.0000,0.0786,0.0000,-0.0148,0.000,32.34,40.0,3,0
136685574,0.000,0.000,0.0000,-0.0023,0.0000,-0.0104,0.000,32.34,40.0,3,0
136686575,0.000,0.022,0.0000,0.0099,0.0000,-0.0060,0.000,32.34,40.0,3,0
136687569,0.000,0.022,0.0000,-0.0328,0.0000,0.0258,0.000,32.34,40.0,3,0
136688569,0.000,0.022,0.0000,0.0420,0.0000,0.0214,0.000,32.34,40.0,3,0
136689892,0.000,0.022,0.0000,-0.1137,0.0000,0.0137,0.000,32.34,40.0,3,0
136690573,0.000,0.022,0.0000,0.1335,0.0000,-0.0126,0.000,32.34,40.0,3,0
136691575,0.000,0.022,0.0000,0.0008,0.0000,-0.0104,0.000,32.34,40.0,3,0
136692897,0.000,0.000,0.0000,-0.1244,0.0000,-0.0115,0.000,32.34,40.0,3,0
136693568,0.000,0.000,0.0000,-0.0282,0.0000,0.0280,0.000,32.34,40.0,3,0
136694868,0.000,0.022,0.0000,-0.0038,0.0000,0.0236,0.000,32.34,40.0,3,0
136695550,0.000,0.022,0.0000,-0.0587,0.0000,-0.0027,0.000,32.34,40.0,3,0
136696923,0.000,0.022,0.0000,-0.0069,0.0000,0.0181,0.000,32.34,40.0,3,0
136697598,0.000,0.022,0.0000,0.0404,0.0000,-0.0214,0.000,32.34,40.0,3,0
136698534,0.000,0.022,0.0000,-0.0221,0.0000,0.0478,0.000,32.34,40.0,3,0
136699871,0.000,0.000,0.0000,-0.0023,0.0000,0.0137,0.000,32.34,40.0,3,0
136700542,0.000,0.022,0.0000,-0.0359,0.0000,-0.0313,0.000,32.34,40.0,3,0
136701542,0.000,0.000,0.0000,-0.1976,0.0000,0.0016,0.000,32.34,40.0,3,0
136702544,0.000,0.022,0.0000,0.0984,0.0000,0.0115,0.000,32.34,40.0,3,0
136703559,0.000,0.022,0.0000,-0.0542,0.0000,-0.0115,0.000,32.34,40.0,3,0
136704869,0.000,0.022,0.0000,0.0954,0.0000,0.0269,0.000,32.34,40.0,3,0
136705601,0.000,0.022,0.0000,-0.0252,0.0000,-0.0423,0.000,32.34,40.0,3,0
136706547,0.000,0.022,0.0000,-0.0618,0.0000,0.0181,0.000,32.34,40.0,3,0
136707559,0.000,0.022,0.0000,0.0069,0.0000,-0.0225,0.000,32.34,40.0,3,0
136708542,0.000,0.022,0.0000,-0.1518,0.0000,0.0016,0.000,32.34,40.0,3,0
136709917,0.000,0.022,0.0000,0.1030,0.0000,-0.0104,0.000,32.34,40.0,3,0
136710547,0.000,0.022,0.0000,0.0587,0.0000,0.0148,0.000,32.34,40.0,3,0
136711564,0.000,0.022,0.0000,-0.0069,0.0000,-0.0225,0.000,32.34,40.0,3,0
136712861,0.000,0.022,0.0000,-0.0725,0.0000,0.0016,0.000,32.34,40.0,3,0
136713536,0.000,0.000,0.0000,-0.0984,0.0000,-0.0104,0.000,32.34,40.0,3,0
136714898,0.000,0.022,0.0000,-0.0862,0.0000,0.0170,0.000,32.34,40.0,3,0
136715547,0.000,0.022,0.0000,-0.0603,0.0000,-0.0005,0.000,32.34,40.0,3,0
136716886,0.000,0.022,0.0000,0.0389,0.0000,-0.0181,0.000,32.34,40.0,3,0
136717547,0.000,0.000,0.0000,-0.0481,0.0000,0.0203,0.000,32.34,40.0,3,0
136718601,0.000,0.022,0.0000,-0.0755,0.0000,0.0115,0.000,32.34,40.0,3,0
136719870,0.000,0.000,0.0000,-0.1060,0.0000,-0.0390,0.000,32.34,40.0,3,0
136720649,0.000,0.022,0.0000,0.1060,0.0000,0.0159,0.000,32.34,40.0,3,0
136721547,0.000,0.022,0.0000,-0.0145,0.0000,-0.0115,0.000,32.34,40.0,3,0
136722542,0.000,0.022,0.0000,0.1427,0.0000,-0.0071,0.000,32.34,40.0,3,0
136723542,0.000,0.022,0.0000,-0.0496,0.0000,0.0027,0.000,32.34,40.0,3,0
136724925,0.000,0.022,0.0000,-0.0511,0.0000,0.0038,0.000,32.34,40.0,3,0
136725576,0.000,0.022,0.0000,-0.0633,0.0000,0.0027,0.000,32.34,40.0,3,0
136726617,0.000,0.022,0.0000,-0.0648,0.0000,0.0137,0.000,32.34,40.0,3,0
136727573,0.000,0.022,0.0000,0.1244,0.0000,0.0049,0.000,32.34,40.0,3,0
136728571,0.000,0.022,0.0000,-0.0252,0.0000,0.0390,0.000,32.34,40.0,3,0
136729889,0.000,0.022,0.0000,0.0420,0.0000,-0.0005,0.000,32.34,40.0,3,0
136730642,0.000,0.022,0.0000,0.0130,0.0000,0.0016,0.000,32.34,40.0,3,0
136731548,0.000,0.022,0.0000,0.0389,0.0000,0.0247,0.000,32.34,40.0,3,0
136732861,0.000,0.022,0.0000,0.0313,0.0000,0.0093,0.000,32.34,40.0,3,0
136733606,0.000,0.022,0.0000,0.1305,0.0000,0.0060,0.000,32.34,40.0,3,0
136734894,0.000,0.022,0.0000,0.0847,0.0000,-0.0016,0.000,32.34,40.0,3,0
136735574,0.000,0.000,0.0000,0.0221,0.0000,-0.0137,0.000,32.34,40.0,3,0
136736897,0.000,0.022,0.0000,-0.0740,0.0000,0.0335,0.000,32.34,40.0,3,0
136737574,0.000,0.000,0.0000,0.0175,0.0000,-0.0467,0.000,32.34,40.0,3,0
136738574,0.000,0.022,0.0000,0.0160,0.0000,-0.0049,0.000,32.34,40.0,3,0
136739892,0.000,0.022,0.0000,0.0664,0.0000,-0.0005,0.000,32.34,40.0,3,0
136740574,0.000,0.022,0.0000,-0.1060,0.0000,-0.0159,0.000,32.34,40.0,3,0
136741575,0.000,0.022,0.0000,0.0313,0.0000,0.0302,0.000,32.34,40.0,3,0
136742583,0.000,0.000,0.0000,0.0252,0.0000,-0.0203,0.000,32.34,40.0,3,0
136743544,0.000,0.022,0.0000,0.0664,0.0000,-0.0236,0.000,32.34,40.0,3,0
136744876,0.000,0.022,0.0000,-0.0008,0.0000,0.0236,0.000,32.34,40.0,3,0
136745598,0.000,0.022,0.0000,-0.0313,0.0000,0.0313,0.000,32.34,40.0,3,0
136746602,0.000,0.022,0.0000,0.1137,0.0000,-0.0104,0.000,32.34,40.0,3,0
136747543,0.000,0.000,0.0000,-0.1213,0.0000,-0.0027,0.000,32.34,40.0,3,0
136748545,0.000,0.022,0.0000,0.0999,0.0000,0.0214,0.000,32.34,40.0,3,0
136749870,0.000,0.022,0.0000,0.0481,0.0000,0.0071,0.000,32.34,40.0,3,0
136750633,0.000,0.000,0.0000,-0.0298,0.0000,-0.0005,0.000,32.34,40.0,3,0
136751586,0.000,0.022,0.0000,0.0237,0.0000,0.0038,0.000,32.34,40.0,3,0
136752861,0.000,0.000,0.0000,-0.0267,0.0000,-0.0181,0.000,32.34,40.0,3,0
136753560,0.000,0.022,0.0000,-0.0511,0.0000,-0.0203,0.000,32.34,40.0,3,0
136754870,0.000,0.022,0.0000,-0.0542,0.0000,-0.0027,0.000,32.34,40.0,3,0
136755601,0.000,0.022,0.0000,0.0282,0.0000,-0.0324,0.000,32.34,40.0,3,0
136756877,0.000,0.022,0.0000,-0.0603,0.0000,-0.0104,0.000,32.34,40.0,3,0
136757559,0.000,0.022,0.0000,-0.0267,0.0000,0.0159,0.000,32.34,40.0,3,0
136758547,0.000,0.022,0.0000,-0.0893,0.0000,-0.0324,0.000,32.34,40.0,3,0
136759917,0.000,0.022,0.0000,0.0237,0.0000,0.0071,0.000,32.34,40.0,3,0
136760547,0.000,0.022,0.0000,0.0175,0.0000,0.0148,0.000,32.34,40.0,3,0
136761638,0.000,0.022,0.0000,-0.0572,0.0000,0.0027,0.000,32.34,40.0,3,0
136762545,0.000,0.022,0.0000,-0.0359,0.0000,0.0005,0.000,32.34,40.0,3,0
136763597,0.000,0.022,0.0000,0.0313,0.0000,-0.0269,0.000,32.34,40.0,3,0
136764871,0.000,0.022,0.0000,0.0740,0.0000,0.0324,0.000,32.34,40.0,3,0
136765567,0.000,0.022,0.0000,-0.0191,0.0000,-0.0104,0.000,32.34,40.0,3,0
136766547,0.000,0.022,0.0000,0.0450,0.0000,0.0280,0.000,32.34,40.0,3,0
136767591,0.000,0.000,0.0000,0.0221,0.0000,-0.0335,0.000,32.34,40.0,3,0
136768545,0.000,0.022,0.0000,0.0267,0.0000,-0.0214,0.000,32.34,40.0,3,0
136769886,0.000,0.022,0.0000,-0.0725,0.0000,0.0027,0.000,32.34,40.0,3,0
136770548,0.000,0.022,0.0000,0.0465,0.0000,-0.0126,0.000,32.34,40.0,3,0
136771675,0.000,0.022,0.0000,0.0343,0.0000,-0.0192,0.000,32.34,40.0,3,0
136772873,0.000,0.022,0.0000,0.1076,0.0000,0.0533,0.000,32.34,40.0,3,0
136773543,0.000,0.022,0.0000,0.0267,0.0000,-0.0269,0.000,32.34,40.0,3,0
136774867,0.000,0.022,0.0000,-0.0099,0.0000,-0.0236,0.000,32.34,40.0,3,0
136775543,0.000,0.022,0.0000,-0.0008,0.0000,-0.0456,0.000,32.34,40.0,3,0
136776925,0.000,0.022,0.0000,0.1198,0.0000,0.0104,0.000,32.34,40.0,3,0
136777577,0.000,0.000,0.0000,-0.0175,0.0000,-0.0302,0.000,32.34,40.0,3,0
136778615,0.000,0.022,0.0000,0.0023,0.0000,0.0126,0.000,32.34,40.0,3,0
136779893,0.000,0.022,0.0000,-0.0984,0.0000,-0.0159,0.000,32.34,40.0,3,0
136780575,0.000,0.022,0.0000,-0.0526,0.0000,0.0203,0.000,32.34,40.0,3,0
136781577,0.000,0.022,0.0000,-0.0465,0.0000,-0.0159,0.000,32.34,40.0,3,0
136782652,0.000,0.022,0.0000,0.1473,0.0000,0.0148,0.000,32.34,40.0,3,0
136783543,0.000,0.022,0.0000,-0.0954,0.0000,0.0016,0.000,32.34,40.0,3,0
136784868,0.000,0.022,0.0000,0.0420,0.0000,0.0071,0.000,32.34,40.0,3,0
136785605,0.000,0.022,0.0000,0.0175,0.0000,-0.0357,0.000,32.34,40.0,3,0
136786577,0.000,0.022,0.0000,0.0175,0.0000,0.0016,0.000,32.34,40.0,3,0
136787570,0.000,0.022,0.0000,-0.0862,0.0000,0.0170,0.000,32.34,40.0,3,0
136788569,0.000,0.022,0.0000,-0.1167,0.0000,-0.0137,0.000,32.34,40.0,3,0
136789890,0.000,0.022,0.0000,0.0603,0.0000,-0.0071,0.000,32.34,40.0,3,0
136790573,0.000,0.022,0.0000,-0.0191,0.0000,-0.0115,0.000,32.34,40.0,3,0
136791575,0.000,0.022,0.0000,-0.0267,0.0000,0.0324,0.000,32.34,40.0,3,0
136792887,0.000,0.022,0.0000,-0.0954,0.0000,-0.0060,0.000,32.34,40.0,3,0
136793572,0.000,0.022,0.0000,-0.0145,0.0000,0.0115,0.000,32.34,40.0,3,0
136794902,0.000,0.022,0.0000,-0.0191,0.0000,0.0049,0.000,32.34,40.0,3,0
136795548,0.000,0.022,0.0000,-0.0801,0.0000,0.0390,0.000,32.34,40.0,3,0
136796867,0.000,0.022,0.0000,0.0420,0.0000,0.0060,0.000,32.34,40.0,3,0
136797596,0.000,0.000,0.0000,0.0160,0.0000,-0.0071,0.000,32.34,40.0,3,0
136798600,0.000,0.022,0.0000,0.0328,0.0000,0.0137,0.000,32.34,40.0,3,0
136799913,0.000,0.022,0.0000,0.0893,0.0000,0.0082,0.000,32.34,40.0,3,0
136800551,0.000,0.022,0.0000,-0.0908,0.0000,0.0335,0.000,32.34,40.0,3,0
136801547,0.000,0.022,0.0000,0.0999,0.0000,-0.0126,0.000,32.34,40.0,3,0
136802548,0.000,0.022,0.0000,0.0969,0.0000,0.0236,0.000,32.34,40.0,3,0
136803545,0.000,0.022,0.0000,-0.0694,0.0000,0.0335,0.000,32.34,40.0,3,0
136804870,0.000,0.000,0.0000,-0.0298,0.0000,0.0049,0.000,32.34,40.0,3,0
136805559,0.000,0.022,0.0000,-0.0038,0.0000,-0.0071,0.000,32.34,40.0,3,0
136806547,0.000,0.022,0.0000,0.0420,0.0000,0.0214,0.000,32.34,40.0,3,0
136807600,0.000,0.022,0.0000,0.0023,0.0000,0.0203,0.000,32.34,40.0,3,0
136808543,0.000,0.022,0.0000,0.0847,0.0000,-0.0181,0.000,32.34,40.0,3,0
136809887,0.000,0.022,0.0000,0.0069,0.0000,0.0126,0.000,32.34,40.0,3,0
136810542,0.000,0.022,0.0000,-0.0618,0.0000,0.0049,0.000,32.34,40.0,3,0
136811605,0.000,0.000,0.0000,-0.0328,0.0000,-0.0170,0.000,32.34,40.0,3,0
136812861,0.000,0.022,0.0000,-0.0069,0.0000,0.0071,0.000,32.34,40.0,3,0
136813635,0.000,0.022,0.0000,0.1045,0.0000,0.0027,0.000,32.34,40.0,3,0
136814875,0.000,0.022,0.0000,0.1442,0.0000,-0.0137,0.000,32.34,40.0,3,0
136815601,0.000,0.022,0.0000,0.0221,0.0000,0.0104,0.000,32.34,40.0,3,0
136816878,0.000,0.022,0.0000,-0.0069,0.0000,0.0423,0.000,32.34,40.0,3,0
136817561,0.000,0.022,0.0000,0.0359,0.0000,-0.0159,0.000,32.34,40.0,3,0
136818547,0.000,0.022,0.0000,-0.0648,0.0000,0.0005,0.000,32.34,40.0,3,0
136819915,0.000,0.022,0.0000,0.0069,0.0000,-0.0137,0.000,32.34,40.0,3,0
136820548,0.000,0.000,0.0000,-0.1060,0.0000,0.0082,0.000,32.34,40.0,3,0
136821566,0.000,0.022,0.0000,-0.0023,0.0000,0.0082,0.000,32.34,40.0,3,0
136822542,0.000,0.022,0.0000,0.0938,0.0000,0.0027,0.000,32.34,40.0,3,0
136823673,0.000,0.022,0.0000,-0.0160,0.0000,-0.0049,0.000,32.34,40.0,3,0
136824872,0.000,0.022,0.0000,0.1167,0.0000,-0.0060,0.000,32.34,40.0,3,0
136825543,0.000,0.022,0.0000,0.0114,0.0000,0.0104,0.000,32.34,40.0,3,0
136826547,0.000,0.022,0.0000,-0.0511,0.0000,0.0313,0.000,32.34,40.0,3,0
136827542,0.000,0.022,0.0000,0.1106,0.0000,-0.0071,0.000,32.34,40.0,3,0
136828606,0.000,0.022,0.0000,0.0435,0.0000,0.0269,0.000,32.34,40.0,3,0
136829897,0.000,0.022,0.0000,0.0450,0.0000,0.0005,0.000,32.34,40.0,3,0
136830608,0.000,0.022,0.0000,-0.0496,0.0000,0.0357,0.000,32.34,40.0,3,0
136831577,0.000,0.000,0.0000,0.0404,0.0000,-0.0049,0.000,32.34,40.0,3,0
136832892,0.000,0.022,0.0000,-0.0298,0.0000,0.0137,0.000,32.34,40.0,3,0
136833572,0.000,0.022,0.0000,-0.0038,0.0000,-0.0170,0.000,32.34,40.0,3,0
136834968,0.000,0.022,0.0000,-0.0267,0.0000,-0.0181,0.000,32.34,40.0,3,0
136835549,0.000,0.022,0.0000,0.0603,0.0000,0.0049,0.000,32.34,40.0,3,0
136836867,0.000,0.022,0.0000,0.0664,0.0000,-0.0071,0.000,32.34,40.0,3,0
136837607,0.000,0.022,0.0000,-0.0008,0.0000,0.0434,0.000,32.34,40.0,3,0
136838576,0.000,0.022,0.0000,-0.0313,0.0000,-0.0236,0.000,32.34,40.0,3,0
136839891,0.000,0.022,0.0000,0.0130,0.0000,0.0467,0.000,32.34,40.0,3,0
136840573,0.000,0.000,0.0000,-0.1549,0.0000,-0.0137,0.000,32.34,40.0,3,0
136841575,0.000,0.000,0.0000,-0.0633,0.0000,-0.0214,0.000,32.34,40.0,3,0
136842569,0.000,0.000,0.0000,-0.1228,0.0000,-0.0192,0.000,32.34,40.0,3,0
136843569,0.000,0.022,0.0000,-0.0984,0.0000,0.0159,0.000,32.34,40.0,3,0
136844892,0.000,0.022,0.0000,0.0725,0.0000,-0.0379,0.000,32.34,40.0,3,0
136845573,0.000,0.000,0.0000,-0.0191,0.0000,0.0159,0.000,32.34,40.0,3,0
136846590,0.000,0.000,0.0000,-0.0847,0.0000,-0.0434,0.000,32.34,40.0,3,0
136847542,0.000,0.022,0.0000,0.0237,0.0000,-0.0049,0.000,32.34,40.0,3,0
136848592,0.000,0.022,0.0000,0.0282,0.0000,-0.0016,0.000,32.34,40.0,3,0
136849912,0.000,0.022,0.0000,0.0999,0.0000,0.0082,0.000,32.34,40.0,3,0
136850597,0.000,0.022,0.0000,-0.0114,0.0000,0.0115,0.000,32.34,40.0,3,0
136851601,0.000,0.022,0.0000,0.0511,0.0000,0.0082,0.000,32.34,40.0,3,0
136852861,0.000,0.022,0.0000,0.0038,0.0000,0.0269,0.000,32.34,40.0,3,0
136853635,0.000,0.022,0.0000,-0.0664,0.0000,-0.0225,0.000,32.34,40.0,3,0
136854898,0.000,0.022,0.0000,-0.0420,0.0000,-0.0005,0.000,32.34,40.0,3,0
136855547,0.000,0.000,0.0000,-0.0771,0.0000,-0.0456,0.000,32.34,40.0,3,0
136856884,0.000,0.022,0.0000,0.0587,0.0000,0.0566,0.000,32.34,40.0,3,0
136857547,0.000,0.022,0.0000,0.0389,0.0000,-0.0192,0.000,32.34,40.0,3,0
136858601,0.000,0.022,0.0000,-0.0160,0.0000,-0.0104,0.000,32.34,40.0,3,0
136859871,0.000,0.022,0.0000,0.0053,0.0000,-0.0071,0.000,32.34,40.0,3,0
136860562,0.000,0.022,0.0000,-0.0389,0.0000,0.0170,0.000,32.34,40.0,3,0
136861547,0.000,0.000,0.0000,-0.0374,0.0000,0.0159,0.000,32.34,40.0,3,0
136862593,0.000,0.022,0.0000,0.0206,0.0000,0.0082,0.000,32.34,40.0,3,0
136863547,0.000,0.000,0.0000,-0.0435,0.0000,0.0357,0.000,32.34,40.0,3,0
136864955,0.000,0.022,0.0000,0.0496,0.0000,-0.0159,0.000,32.34,40.0,3,0
136865553,0.000,0.022,0.0000,0.0572,0.0000,0.0236,0.000,32.34,40.0,3,0
136866600,0.000,0.022,0.0000,-0.0420,0.0000,-0.0148,0.000,32.34,40.0,3,0
136867545,0.000,0.022,0.0000,0.0450,0.0000,-0.0401,0.000,32.34,40.0,3,0
136868561,0.000,0.022,0.0000,-0.0053,0.0000,0.0533,0.000,32.34,40.0,3,0
136869868,0.000,0.022,0.0000,0.0465,0.0000,-0.0258,0.000,32.34,40.0,3,0
136870597,0.000,0.022,0.0000,0.1091,0.0000,0.0082,0.000,32.34,40.0,3,0
136871547,0.000,0.022,0.0000,-0.0206,0.0000,0.0269,0.000,32.34,40.0,3,0
136872881,0.000,0.022,0.0000,-0.0557,0.0000,-0.0390,0.000,32.34,40.0,3,0
136873543,0.000,0.022,0.0000,0.0816,0.0000,0.0093,0.000,32.34,40.0,3,0
136874994,0.000,0.022,0.0000,0.0969,0.0000,-0.0027,0.000,32.34,40.0,3,0
136875548,0.000,0.022,0.0000,-0.0328,0.0000,0.0027,0.000,32.34,40.0,3,0
136876867,0.000,0.022,0.0000,-0.0114,0.0000,-0.0302,0.000,32.34,40.0,3,0
136877546,0.000,0.022,0.0000,0.0481,0.0000,0.0181,0.000,32.34,40.0,3,0
136878547,0.000,0.022,0.0000,0.0694,0.0000,0.0093,0.000,32.34,40.0,3,0
136879923,0.000,0.022,0.0000,-0.0816,0.0000,-0.0038,0.000,32.34,40.0,3,0
136880575,0.000,0.022,0.0000,0.0633,0.0000,0.0412,0.000,32.34,40.0,3,0
136881616,0.000,0.022,0.0000,0.0664,0.0000,-0.0313,0.000,32.34,40.0,3,0
136882573,0.000,0.022,0.0000,-0.0114,0.0000,0.0104,0.000,32.34,40.0,3,0
136883572,0.000,0.022,0.0000,-0.0084,0.0000,0.0170,0.000,32.34,40.0,3,0
136884896,0.000,0.022,0.0000,0.0420,0.0000,0.0302,0.000,32.34,40.0,3,0
136885646,0.000,0.000,0.0000,0.0008,0.0000,-0.0093,0.000,32.34,40.0,3,0
136886547,0.000,0.022,0.0000,0.0587,0.0000,-0.0016,0.000,32.34,40.0,3,0
136887577,0.000,0.000,0.0000,-0.0206,0.0000,0.0247,0.000,32.34,40.0,3,0
136888591,0.000,0.022,0.0000,-0.0282,0.0000,-0.0148,0.000,32.34,40.0,3,0
136889895,0.000,0.022,0.0000,0.0252,0.0000,0.0236,0.000,32.34,40.0,3,0
136890573,0.000,0.000,0.0000,-0.0923,0.0000,0.0071,0.000,32.34,40.0,3,0
136891574,0.000,0.022,0.0000,0.0969,0.0000,0.0016,0.000,32.34,40.0,3,0
136892888,0.000,0.022,0.0000,0.0145,0.0000,-0.0170,0.000,32.34,40.0,3,0
136893571,0.000,0.000,0.0000,-0.0832,0.0000,0.0137,0.000,32.34,40.0,3,0
136894890,0.000,0.022,0.0000,-0.0908,0.0000,0.0192,0.000,32.34,40.0,3,0
136895573,0.000,0.022,0.0000,-0.0130,0.0000,-0.0071,0.000,32.34,40.0,3,0
136896899,0.000,0.000,0.0000,-0.0237,0.0000,-0.0181,0.000,32.34,40.0,3,0
136897587,0.000,0.022,0.0000,0.0175,0.0000,0.0115,0.000,32.34,40.0,3,0
136898548,0.000,0.022,0.0000,0.0496,0.0000,0.0060,0.000,32.34,40.0,3,0
136899882,0.000,0.000,0.0000,-0.0237,0.0000,0.0412,0.000,32.34,40.0,3,0
136900596,0.000,0.022,0.0000,0.0343,0.0000,0.0016,0.000,32.34,40.0,3,0
136901602,0.000,0.000,0.0000,0.0252,0.0000,-0.0027,0.000,32.34,40.0,3,0
136902542,0.000,0.000,0.0000,0.0359,0.0000,-0.0016,0.000,32.34,40.0,3,0
136903545,0.000,0.000,0.0000,0.0008,0.0000,0.0291,0.000,32.34,40.0,3,0
136904868,0.000,0.022,0.0000,-0.0786,0.0000,-0.0115,0.000,32.34,40.0,3,0
136905644,0.000,0.022,0.0000,-0.1228,0.0000,0.0093,0.000,32.34,40.0,3,0
136906584,0.000,0.000,0.0000,-0.0038,0.0000,0.0269,0.000,32.34,40.0,3,0
136907542,0.000,0.022,0.0000,0.0893,0.0000,-0.0093,0.000,32.34,40.0,3,0
136908559,0.000,0.022,0.0000,0.0359,0.0000,-0.0049,0.000,32.34,40.0,3,0
136909870,0.000,0.022,0.0000,-0.0542,0.0000,0.0181,0.000,32.34,40.0,3,0
136910599,0.000,0.022,0.0000,0.1167,0.0000,-0.0060,0.000,32.34,40.0,3,0
136911549,0.000,0.022,0.0000,0.0465,0.0000,0.0027,0.000,32.34,40.0,3,0
136912879,0.000,0.022,0.0000,-0.1106,0.0000,0.0159,0.000,32.34,40.0,3,0
136913543,0.000,0.022,0.0000,0.0298,0.0000,-0.0049,0.000,32.34,40.0,3,0
136914910,0.000,0.000,0.0000,0.0008,0.0000,-0.0225,0.000,32.34,40.0,3,0
136915549,0.000,0.000,0.0000,0.0023,0.0000,-0.0412,0.000,32.34,40.0,3,0
136916966,0.000,0.000,0.0000,-0.0038,0.0000,0.0137,0.000,32.34,40.0,3,0
136917550,0.000,0.022,0.0000,0.0542,0.0000,-0.0390,0.000,32.34,40.0,3,0
136918603,0.000,0.022,0.0000,0.0206,0.0000,0.0093,0.000,32.34,40.0,3,0
136919870,0.000,0.022,0.0000,0.0755,0.0000,-0.0104,0.000,32.34,40.0,3,0
136920564,0.000,0.000,0.0000,-0.1274,0.0000,0.0170,0.000,32.34,40.0,3,0
136921547,0.000,0.022,0.0000,-0.0298,0.0000,0.0049,0.000,32.34,40.0,3,0
136922594,0.000,0.022,0.0000,-0.0038,0.0000,-0.0093,0.000,32.34,40.0,3,0
136923547,0.000,0.022,0.0000,0.1076,0.0000,0.0005,0.000,32.34,40.0,3,0
136924884,0.000,0.022,0.0000,-0.0053,0.0000,0.0082,0.000,32.34,40.0,3,0
136925545,0.000,0.022,0.0000,-0.0664,0.0000,0.0060,0.000,32.34,40.0,3,0
136926661,0.000,0.022,0.0000,0.1259,0.0000,0.0082,0.000,32.34,40.0,3,0
136927583,0.000,0.022,0.0000,-0.1289,0.0000,0.0071,0.000,32.34,40.0,3,0
136928544,0.000,0.022,0.0000,0.0130,0.0000,0.0544,0.000,32.34,40.0,3,0
136929924,0.000,0.022,0.0000,0.0847,0.0000,-0.0005,0.000,32.34,40.0,3,0
136930574,0.000,0.022,0.0000,0.0648,0.0000,0.0115,0.000,32.34,40.0,3,0
136931574,0.000,0.000,0.0000,-0.0862,0.0000,0.0038,0.000,32.34,40.0,3,0
136932886,0.000,0.022,0.0000,0.1076,0.0000,-0.0137,0.000,32.34,40.0,3,0
136933571,0.000,0.000,0.0000,-0.0893,0.0000,0.0148,0.000,32.34,40.0,3,0
136934891,0.000,0.000,0.0000,-0.1015,0.0000,0.0082,0.000,32.34,40.0,3,0
136935573,0.000,0.022,0.0000,0.0343,0.0000,0.0214,0.000,32.34,40.0,3,0
136936897,0.000,0.000,0.0000,-0.0008,0.0000,0.0181,0.000,32.34,40.0,3,0
136937573,0.000,0.000,0.0000,0.0053,0.0000,-0.0093,0.000,32.34,40.0,3,0
136938575,0.000,0.022,0.0000,0.0664,0.0000,-0.0203,0.000,32.34,40.0,3,0
136939898,0.000,0.022,0.0000,0.0450,0.0000,0.0236,0.000,32.34,40.0,3,0
136940548,0.000,0.022,0.0000,-0.0023,0.0000,0.0148,0.000,32.34,40.0,3,0
136941562,0.000,0.000,0.0000,-0.0099,0.0000,-0.0071,0.000,32.34,40.0,3,0
136942593,0.000,0.000,0.0000,0.0618,0.0000,0.0005,0.000,32.34,40.0,3,0
136943591,0.000,0.022,0.0000,0.0481,0.0000,0.0225,0.000,32.34,40.0,3,0
136944915,0.000,0.000,0.0000,0.0282,0.0000,-0.0016,0.000,32.34,40.0,3,0
136945550,0.000,0.000,0.0000,-0.0603,0.0000,-0.0071,0.000,32.34,40.0,3,0
136946554,0.000,0.000,0.0000,0.0877,0.0000,-0.0258,0.000,32.34,40.0,3,0
136947544,0.000,0.022,0.0000,-0.0053,0.0000,-0.0082,0.000,32.34,40.0,3,0
136948635,0.000,0.022,0.0000,-0.0038,0.0000,-0.0071,0.000,32.34,40.0,3,0
136949873,0.000,0.022,0.0000,-0.0786,0.0000,-0.0093,0.000,32.34,40.0,3,0
136950561,0.000,0.022,0.0000,0.0267,0.0000,0.0016,0.000,32.34,40.0,3,0
136951547,0.000,0.000,0.0000,0.0221,0.0000,0.0269,0.000,32.34,40.0,3,0
136952919,0.000,0.022,0.0000,0.0282,0.0000,0.0027,0.000,32.34,40.0,3,0
136953543,0.000,0.022,0.0000,0.0298,0.0000,0.0137,0.000,32.34,40.0,3,0
136954889,0.000,0.022,0.0000,0.0908,0.0000,0.0060,0.000,32.34,40.0,3,0
136955544,0.000,0.022,0.0000,0.0465,0.0000,0.0005,0.000,32.34,40.0,3,0
136956981,0.000,0.022,0.0000,0.0191,0.0000,-0.0049,0.000,32.34,40.0,3,0
136957879,0.000,0.000,0.0000,0.0374,0.0000,-0.0093,0.000,32.34,40.0,3,0
136958888,0.000,0.022,0.0000,0.0252,0.0000,-0.0170,0.000,32.34,40.0,3,0
136960155,0.000,0.022,0.0000,0.1259,0.0000,0.0038,0.000,32.34,40.0,3,0
136960759,0.000,0.022,0.0000,-0.0877,0.0000,-0.0071,0.000,32.34,40.0,3,0
136961904,0.000,0.022,0.0000,0.0511,0.0000,-0.0126,0.000,32.34,40.0,3,0
136962840,0.000,0.022,0.0000,0.0374,0.0000,-0.0225,0.000,32.34,40.0,3,0
136963889,0.000,0.000,0.0000,-0.1884,0.0000,0.0038,0.000,32.34,40.0,3,0
136965172,0.000,0.022,0.0000,0.0679,0.0000,0.0148,0.000,32.34,40.0,3,0
136965922,0.000,0.022,0.0000,0.0771,0.0000,-0.0192,0.000,32.34,40.0,3,0
136966923,0.000,0.000,0.0000,-0.0130,0.0000,0.0060,0.000,32.34,40.0,3,0
136967840,0.000,0.000,0.0000,0.0206,0.0000,-0.0346,0.000,32.34,40.0,3,0
136968887,0.000,0.022,0.0000,-0.0008,0.0000,0.0115,0.000,32.34,40.0,3,0
136970170,0.000,0.000,0.0000,0.0374,0.0000,-0.0016,0.000,32.34,40.0,3,0
136970760,0.000,0.022,0.0000,-0.0435,0.0000,0.0104,0.000,32.34,40.0,3,0
136971911,0.000,0.022,0.0000,0.0038,0.0000,0.0115,0.000,32.34,40.0,3,0
136973154,0.000,0.000,0.0000,-0.1091,0.0000,0.0126,0.000,32.34,40.0,3,0
136973560,0.000,0.022,0.0000,0.0450,0.0000,0.0170,0.000,32.34,40.0,3,0
136974869,0.000,0.000,0.0000,0.0572,0.0000,-0.0203,0.000,32.34,40.0,3,0
136975599,0.000,0.022,0.0000,-0.0252,0.0000,0.0027,0.000,32.34,40.0,3,0
136976877,0.000,0.022,0.0000,-0.0450,0.0000,0.0027,0.000,32.34,40.0,3,0
136977671,0.000,0.022,0.0000,-0.0435,0.0000,0.0203,0.000,32.34,40.0,3,0
136978555,0.000,0.022,0.0000,0.1091,0.0000,-0.0093,0.000,32.34,40.0,3,0
136979870,0.000,0.000,0.0000,-0.1411,0.0000,-0.0082,0.000,32.34,40.0,3,0
136980542,0.000,0.022,0.0000,0.0862,0.0000,0.0049,0.000,32.34,40.0,3,0
136981547,0.000,0.000,0.0000,0.0298,0.0000,0.0214,0.000,32.34,40.0,3,0
136982608,0.000,0.000,0.0000,0.0847,0.0000,-0.0027,0.000,32.34,40.0,3,0
136983571,0.000,0.022,0.0000,-0.0557,0.0000,-0.0016,0.000,32.34,40.0,3,0
136984924,0.000,0.000,0.0000,0.0374,0.0000,-0.0093,0.000,32.34,40.0,3,0
136985576,0.000,0.022,0.0000,0.0038,0.0000,-0.0137,0.000,32.34,40.0,3,0
136986577,0.000,0.000,0.0000,-0.0664,0.0000,-0.0060,0.000,32.34,40.0,3,0
136987632,0.000,0.000,0.0000,-0.0343,0.0000,-0.0060,0.000,32.34,40.0,3,0
136988578,0.000,0.000,0.0000,0.0282,0.0000,-0.0148,0.000,32.34,40.0,3,0
136989871,0.000,0.022,0.0000,0.0893,0.0000,0.0137,0.000,32.34,40.0,3,0
136990608,0.000,0.000,0.0000,-0.1427,0.0000,-0.0005,0.000,32.34,40.0,3,0
136991573,0.000,0.000,0.0000,-0.0786,0.0000,-0.0016,0.000,32.34,40.0,3,0
136992888,0.000,0.022,0.0000,0.0435,0.0000,-0.0038,0.000,32.34,40.0,3,0
136993568,0.000,0.000,0.0000,-0.0938,0.0000,-0.0148,0.000,32.34,40.0,3,0
136994890,0.000,0.000,0.0000,-0.1640,0.0000,0.0049,0.000,32.34,40.0,3,0
136995570,0.000,0.022,0.0000,-0.0893,0.0000,0.0181,0.000,32.34,40.0,3,0
136996896,0.000,0.022,0.0000,0.0679,0.0000,0.0071,0.000,32.34,40.0,3,0
136997571,0.000,0.000,0.0000,-0.0465,0.0000,0.0357,0.000,32.34,40.0,3,0
136998572,0.000,0.022,0.0000,-0.0221,0.0000,0.0335,0.000,32.34,40.0,3,0
136999889,0.000,0.000,0.0000,-0.0175,0.0000,0.0027,0.000,32.34,40.0,3,0
137000578,0.000,0.022,0.0000,0.1503,0.0000,0.0258,0.000,32.34,40.0,3,0
137001549,0.000,0.000,0.0000,-0.0954,0.0000,-0.0093,0.000,32.34,40.0,3,0
137002567,0.000,0.022,0.0000,-0.0175,0.0000,0.0291,0.000,32.34,40.0,3,0
137003594,0.000,0.000,0.0000,-0.0160,0.0000,-0.0214,0.000,32.34,40.0,3,0
137004910,0.000,0.022,0.0000,-0.0237,0.0000,-0.0027,0.000,32.34,40.0,3,0
137005597,0.000,0.022,0.0000,-0.0664,0.0000,0.0060,0.000,32.34,40.0,3,0
137006552,0.000,0.000,0.0000,-0.0801,0.0000,-0.0005,0.000,32.34,40.0,3,0
137007681,0.000,0.000,0.0000,-0.0313,0.0000,-0.0060,0.000,32.34,40.0,3,0
137008544,0.000,0.022,0.0000,-0.0572,0.0000,-0.0203,0.000,32.34,40.0,3,0
137009887,0.000,0.000,0.0000,0.0191,0.0000,0.0049,0.000,32.34,40.0,3,0
137010542,0.000,0.022,0.0000,0.0191,0.0000,-0.0126,0.000,32.34,40.0,3,0
137011606,0.000,0.022,0.0000,0.0267,0.0000,-0.0093,0.000,32.34,40.0,3,0
137012861,0.000,0.022,0.0000,0.0328,0.0000,0.0258,0.000,32.34,40.0,3,0
137013560,0.000,0.022,0.0000,-0.0420,0.0000,-0.0027,0.000,32.34,40.0,3,0
137014871,0.000,0.000,0.0000,-0.0374,0.0000,0.0038,0.000,32.34,40.0,3,0
137015601,0.000,0.022,0.0000,0.0099,0.0000,-0.0104,0.000,32.34,40.0,3,0
137016878,0.000,0.022,0.0000,-0.0587,0.0000,-0.0104,0.000,32.34,40.0,3,0
137017638,0.000,0.000,0.0000,-0.0099,0.0000,0.0533,0.000,32.34,40.0,3,0
137018549,0.000,0.022,0.0000,0.0114,0.0000,-0.0236,0.000,32.34,40.0,3,0
137019919,0.000,0.022,0.0000,0.0450,0.0000,-0.0269,0.000,32.34,40.0,3,0
137020549,0.000,0.000,0.0000,-0.0008,0.0000,0.0390,0.000,32.34,40.0,3,0
137021566,0.000,0.022,0.0000,-0.0114,0.0000,-0.0038,0.000,32.34,40.0,3,0
137022542,0.000,0.022,0.0000,0.0465,0.0000,0.0247,0.000,32.34,40.0,3,0
137023592,0.000,0.000,0.0000,-0.0816,0.0000,-0.0302,0.000,32.34,40.0,3,0
137024870,0.000,0.022,0.0000,0.0420,0.0000,-0.0060,0.000,32.34,40.0,3,0
137025567,0.000,0.022,0.0000,-0.1244,0.0000,0.0214,0.000,32.34,40.0,3,0
137026547,0.000,0.022,0.0000,0.0862,0.0000,-0.0258,0.000,32.34,40.0,3,0
137027592,0.000,0.000,0.0000,-0.0832,0.0000,0.0236,0.000,32.34,40.0,3,0
137028545,0.000,0.022,0.0000,0.0893,0.0000,0.0038,0.000,32.34,40.0,3,0
137029992,0.000,0.000,0.0000,-0.0557,0.0000,0.0247,0.000,32.34,40.0,3,0
137030548,0.000,0.022,0.0000,-0.0465,0.0000,-0.0335,0.000,32.34,40.0,3,0
137031547,0.000,0.022,0.0000,-0.0038,0.0000,0.0137,0.000,32.34,40.0,3,0
137032924,0.000,0.022,0.0000,-0.0343,0.0000,0.0082,0.000,32.34,40.0,3,0
137033572,0.000,0.000,0.0000,-0.0206,0.0000,-0.0181,0.000,32.34,40.0,3,0
137034889,0.000,0.022,0.0000,0.0191,0.0000,-0.0016,0.000,32.34,40.0,3,0
137035575,0.000,0.022,0.0000,0.0648,0.0000,-0.0214,0.000,32.34,40.0,3,0
137036896,0.000,0.022,0.0000,0.1030,0.0000,-0.0225,0.000,32.34,40.0,3,0
137037575,0.000,0.022,0.0000,-0.0389,0.0000,0.0137,0.000,32.34,40.0,3,0
137038576,0.000,0.022,0.0000,0.0084,0.0000,0.0159,0.000,32.34,40.0,3,0
137039888,0.000,0.022,0.0000,-0.0206,0.0000,-0.0148,0.000,32.34,40.0,3,0
137040575,0.000,0.000,0.0000,-0.0862,0.0000,-0.0159,0.000,32.34,40.0,3,0
137041575,0.000,0.000,0.0000,0.0237,0.0000,0.0203,0.000,32.34,40.0,3,0
137042575,0.000,0.022,0.0000,0.0496,0.0000,-0.0115,0.000,32.34,40.0,3,0
137043544,0.000,0.022,0.0000,-0.0465,0.0000,0.0115,0.000,32.34,40.0,3,0
137044910,0.000,0.022,0.0000,0.0145,0.0000,-0.0181,0.000,32.34,40.0,3,0
137045600,0.000,0.000,0.0000,-0.0633,0.0000,0.0016,0.000,32.34,40.0,3,0
137046600,0.000,0.022,0.0000,0.1473,0.0000,0.0016,0.000,32.34,40.0,3,0
137047596,0.000,0.022,0.0000,0.0221,0.0000,0.0291,0.000,32.34,40.0,3,0
137048542,0.000,0.022,0.0000,0.0984,0.0000,0.0060,0.000,32.34,40.0,3,0
137050000,0.000,0.022,0.0000,0.0618,0.0000,0.0016,0.000,32.34,40.0,3,0
137050550,0.000,0.022,0.0000,0.0786,0.0000,0.0214,0.000,32.34,40.0,3,0
137051639,0.000,0.000,0.0000,0.0237,0.0000,-0.0181,0.000,32.34,40.0,3,0
137052863,0.000,0.022,0.0000,0.0237,0.0000,0.0049,0.000,32.34,40.0,3,0
137053597,0.000,0.022,0.0000,0.0099,0.0000,0.0203,0.000,32.34,40.0,3,0
137054870,0.000,0.022,0.0000,0.0603,0.0000,0.0203,0.000,32.34,40.0,3,0
137055567,0.000,0.022,0.0000,-0.0313,0.0000,0.0247,0.000,32.34,40.0,3,0
137056870,0.000,0.000,0.0000,-0.0511,0.0000,-0.0445,0.000,32.34,40.0,3,0
137057530,0.000,0.022,0.0000,-0.0099,0.0000,0.0269,0.000,32.34,40.0,3,0
137058585,0.000,0.000,0.0000,0.0206,0.0000,-0.0247,0.000,32.34,40.0,3,0
137059870,0.000,0.000,0.0000,-0.1701,0.0000,-0.0104,0.000,32.34,40.0,3,0
137060560,0.000,0.022,0.0000,0.0572,0.0000,0.0170,0.000,32.34,40.0,3,0
137061547,0.000,0.022,0.0000,0.1335,0.0000,0.0302,0.000,32.34,40.0,3,0
137062600,0.000,0.000,0.0000,-0.0160,0.0000,-0.0214,0.000,32.34,40.0,3,0
137063542,0.000,0.000,0.0000,-0.1244,0.0000,0.0093,0.000,32.34,40.0,3,0
137064888,0.000,0.022,0.0000,0.0130,0.0000,0.0126,0.000,32.34,40.0,3,0
137065542,0.000,0.022,0.0000,0.0053,0.0000,-0.0313,0.000,32.34,40.0,3,0
137066601,0.000,0.022,0.0000,-0.0557,0.0000,-0.0038,0.000,32.34,40.0,3,0
137067542,0.000,0.000,0.0000,-0.0038,0.0000,-0.0379,0.000,32.34,40.0,3,0
137068635,0.000,0.022,0.0000,0.0618,0.0000,-0.0137,0.000,32.34,40.0,3,0
137069874,0.000,0.000,0.0000,-0.0191,0.0000,0.0346,0.000,32.34,40.0,3,0
137070602,0.000,0.000,0.0000,-0.0206,0.0000,-0.0379,0.000,32.34,40.0,3,0
137071547,0.000,0.022,0.0000,0.0053,0.0000,0.0049,0.000,32.34,40.0,3,0
137072881,0.000,0.022,0.0000,-0.0298,0.0000,-0.0137,0.000,32.34,40.0,3,0
137073543,0.000,0.022,0.0000,-0.0175,0.0000,0.0137,0.000,32.34,40.0,3,0
137074913,0.000,0.022,0.0000,0.0328,0.0000,0.0027,0.000,32.34,40.0,3,0
137075547,0.000,0.022,0.0000,0.1762,0.0000,-0.0247,0.000,32.34,40.0,3,0
137076886,0.000,0.022,0.0000,-0.0145,0.0000,0.0203,0.000,32.34,40.0,3,0
137077547,0.000,0.022,0.0000,0.0023,0.0000,-0.0049,0.000,32.34,40.0,3,0
137078672,0.000,0.022,0.0000,0.0526,0.0000,-0.0115,0.000,32.34,40.0,3,0
137079878,0.000,0.022,0.0000,-0.0221,0.0000,0.0115,0.000,32.34,40.0,3,0
137080545,0.000,0.022,0.0000,-0.0114,0.0000,0.0258,0.000,32.34,40.0,3,0
137081547,0.000,0.022,0.0000,0.0267,0.0000,0.0170,0.000,32.34,40.0,3,0
137082542,0.000,0.022,0.0000,-0.0755,0.0000,-0.0005,0.000,32.34,40.0,3,0
137083604,0.000,0.000,0.0000,-0.0145,0.0000,-0.0236,0.000,32.34,40.0,3,0
137084900,0.000,0.022,0.0000,-0.0313,0.0000,-0.0060,0.000,32.34,40.0,3,0
137085606,0.000,0.000,0.0000,-0.0801,0.0000,0.0137,0.000,32.34,40.0,3,0
137086577,0.000,0.000,0.0000,-0.0526,0.0000,-0.0214,0.000,32.34,40.0,3,0
137087573,0.000,0.022,0.0000,-0.1122,0.0000,0.0390,0.000,32.34,40.0,3,0
137088608,0.000,0.022,0.0000,0.0237,0.0000,-0.0203,0.000,32.34,40.0,3,0
137089943,0.000,0.022,0.0000,0.0648,0.0000,0.0192,0.000,32.34,40.0,3,0
137090546,0.000,0.000,0.0000,-0.1686,0.0000,-0.0016,0.000,32.34,40.0,3,0
137091580,0.000,0.000,0.0000,-0.1076,0.0000,0.0148,0.000,32.34,40.0,3,0
137092914,0.000,0.000,0.0000,-0.0221,0.0000,-0.0236,0.000,32.34,40.0,3,0
137093567,0.000,0.022,0.0000,0.0999,0.0000,-0.0192,0.000,32.34,40.0,3,0
137094889,0.000,0.022,0.0000,0.0923,0.0000,-0.0280,0.000,32.34,40.0,3,0
137095575,0.000,0.022,0.0000,0.0008,0.0000,0.0005,0.000,32.34,40.0,3,0
137096896,0.000,0.022,0.0000,-0.0679,0.0000,0.0115,0.000,32.34,40.0,3,0
137097575,0.000,0.022,0.0000,0.0862,0.0000,0.0038,0.000,32.34,40.0,3,0
137098575,0.000,0.000,0.0000,-0.0343,0.0000,0.0148,0.000,32.34,40.0,3,0
137099890,0.000,0.022,0.0000,-0.0099,0.0000,0.0027,0.000,32.34,40.0,3,0
137100576,0.000,0.022,0.0000,-0.0847,0.0000,0.0071,0.000,32.34,40.0,3,0
137101586,0.000,0.022,0.0000,0.0359,0.0000,0.0071,0.000,32.34,40.0,3,0
137102546,0.000,0.000,0.0000,-0.0557,0.0000,-0.0137,0.000,32.34,40.0,3,0
137103550,0.000,0.000,0.0000,-0.0145,0.0000,-0.0038,0.000,32.34,40.0,3,0
137104913,0.000,0.022,0.0000,0.0313,0.0000,0.0093,0.000,32.34,40.0,3,0
137105596,0.000,0.022,0.0000,-0.0038,0.0000,0.0170,0.000,32.34,40.0,3,0
137106514,0.000,0.000,0.0000,0.0313,0.0000,0.0214,0.000,32.34,40.0,3,0
137107547,0.000,0.022,0.0000,0.0038,0.0000,-0.0093,0.000,32.34,40.0,3,0
137108542,0.000,0.022,0.0000,-0.0038,0.0000,-0.0115,0.000,32.34,40.0,3,0
137109852,0.000,0.022,0.0000,0.0648,0.0000,0.0170,0.000,32.34,40.0,3,0
137110551,0.000,0.022,0.0000,-0.0511,0.0000,0.0236,0.000,32.34,40.0,3,0
137111564,0.000,0.022,0.0000,-0.0267,0.0000,0.0093,0.000,32.34,40.0,3,0
137112861,0.000,0.000,0.0000,-0.0465,0.0000,-0.0005,0.000,32.34,40.0,3,0
137113597,0.000,0.000,0.0000,0.0267,0.0000,-0.0005,0.000,32.34,40.0,3,0
137114870,0.000,0.000,0.0000,-0.0603,0.0000,-0.0236,0.000,32.34,40.0,3,0
137115562,0.000,0.022,0.0000,-0.0923,0.0000,-0.0225,0.000,32.34,40.0,3,0
137116870,0.000,0.022,0.0000,-0.0160,0.0000,0.0258,0.000,32.34,40.0,3,0
137117600,0.000,0.022,0.0000,-0.0801,0.0000,-0.0115,0.000,32.34,40.0,3,0
137118548,0.000,0.022,0.0000,0.0771,0.0000,-0.0159,0.000,32.34,40.0,3,0
137119886,0.000,0.022,0.0000,-0.1137,0.0000,0.0115,0.000,32.34,40.0,3,0
137120542,0.000,0.022,0.0000,0.1076,0.0000,-0.0137,0.000,32.34,40.0,3,0
137121660,0.000,0.022,0.0000,0.0175,0.0000,0.0247,0.000,32.34,40.0,3,0
137122545,0.000,0.022,0.0000,-0.0313,0.0000,-0.0027,0.000,32.34,40.0,3,0
137123559,0.000,0.022,0.0000,-0.0038,0.0000,-0.0126,0.000,32.34,40.0,3,0
137124869,0.000,0.022,0.0000,0.0252,0.0000,0.0181,0.000,32.34,40.0,3,0
137125600,0.000,0.022,0.0000,-0.0572,0.0000,-0.0247,0.000,32.34,40.0,3,0
137126548,0.000,0.022,0.0000,0.0237,0.0000,0.0060,0.000,32.34,40.0,3,0
137127558,0.000,0.022,0.0000,0.0557,0.0000,-0.0093,0.000,32.34,40.0,3,0
137128542,0.000,0.022,0.0000,0.0130,0.0000,0.0203,0.000,32.34,40.0,3,0
137129969,0.000,0.022,0.0000,0.0908,0.0000,0.0071,0.000,32.34,40.0,3,0
137130548,0.000,0.000,0.0000,-0.1122,0.0000,0.0115,0.000,32.34,40.0,3,0
137131547,0.000,0.022,0.0000,-0.0267,0.0000,0.0203,0.000,32.34,40.0,3,0
137132861,0.000,0.000,0.0000,-0.1686,0.0000,0.0071,0.000,32.34,40.0,3,0
137133543,0.000,0.022,0.0000,-0.0313,0.0000,0.0071,0.000,32.34,40.0,3,0
137134928,0.000,0.022,0.0000,0.0404,0.0000,0.0214,0.000,32.34,40.0,3,0
137135574,0.000,0.000,0.0000,-0.0008,0.0000,0.0148,0.000,32.34,40.0,3,0
137136936,0.000,0.000,0.0000,-0.0313,0.0000,-0.0016,0.000,32.34,40.0,3,0
137137578,0.000,0.022,0.0000,0.1335,0.0000,-0.0379,0.000,32.34,40.0,3,0
137138577,0.000,0.022,0.0000,0.0633,0.0000,0.0379,0.000,32.34,40.0,3,0
137139940,0.000,0.000,0.0000,-0.1244,0.0000,-0.0522,0.000,32.34,40.0,3,0
137140620,0.000,0.000,0.0000,0.0191,0.0000,0.0313,0.000,32.34,40.0,3,0
137141547,0.000,0.000,0.0000,0.0557,0.0000,-0.0269,0.000,32.34,40.0,3,0
137142597,0.000,0.000,0.0000,-0.0282,0.0000,0.0269,0.000,32.34,40.0,3,0
137143574,0.000,0.022,0.0000,0.0221,0.0000,-0.0269,0.000,32.34,40.0,3,0
137144891,0.000,0.022,0.0000,0.0008,0.0000,0.0016,0.000,32.34,40.0,3,0
137145573,0.000,0.022,0.0000,0.0206,0.0000,-0.0346,0.000,32.34,40.0,3,0
137146574,0.000,0.000,0.0000,-0.0023,0.0000,0.0126,0.000,32.34,40.0,3,0
137147569,0.000,0.022,0.0000,0.0816,0.0000,-0.0247,0.000,32.34,40.0,3,0
137148569,0.000,0.022,0.0000,-0.0389,0.0000,0.0148,0.000,32.34,40.0,3,0
137149892,0.000,0.000,0.0000,0.0496,0.0000,-0.0269,0.000,32.34,40.0,3,0
137150573,0.000,0.022,0.0000,0.0893,0.0000,0.0038,0.000,32.34,40.0,3,0
137151590,0.000,0.000,0.0000,-0.0191,0.0000,0.0137,0.000,32.34,40.0,3,0
137152860,0.000,0.022,0.0000,0.0175,0.0000,0.0192,0.000,32.34,40.0,3,0
137153543,0.000,0.022,0.0000,0.0420,0.0000,-0.0203,0.000,32.34,40.0,3,0
137154909,0.000,0.000,0.0000,-0.0542,0.0000,-0.0038,0.000,32.34,40.0,3,0
137155600,0.000,0.000,0.0000,-0.1167,0.0000,-0.0203,0.000,32.34,40.0,3,0
137156917,0.000,0.022,0.0000,-0.0710,0.0000,0.0071,0.000,32.34,40.0,3,0
137157601,0.000,0.022,0.0000,-0.0175,0.0000,0.0170,0.000,32.34,40.0,3,0
137158547,0.000,0.022,0.0000,-0.0282,0.0000,0.0225,0.000,32.34,40.0,3,0
137159867,0.000,0.000,0.0000,-0.0465,0.0000,0.0016,0.000,32.34,40.0,3,0
137160550,0.000,0.022,0.0000,0.0771,0.0000,0.0016,0.000,32.34,40.0,3,0
137161564,0.000,0.022,0.0000,0.0435,0.0000,-0.0236,0.000,32.34,40.0,3,0
137162542,0.000,0.000,0.0000,-0.0710,0.0000,-0.0269,0.000,32.34,40.0,3,0
137163597,0.000,0.022,0.0000,-0.0069,0.0000,0.0159,0.000,32.34,40.0,3,0
137164869,0.000,0.022,0.0000,-0.0221,0.0000,-0.0192,0.000,32.34,40.0,3,0
137165562,0.000,0.022,0.0000,0.0603,0.0000,-0.0280,0.000,32.34,40.0,3,0
137166547,0.000,0.022,0.0000,0.0603,0.0000,0.0148,0.000,32.34,40.0,3,0
137167597,0.000,0.022,0.0000,-0.0267,0.0000,-0.0236,0.000,32.34,40.0,3,0
137168545,0.000,0.022,0.0000,-0.0114,0.0000,0.0214,0.000,32.34,40.0,3,0
137169883,0.000,0.022,0.0000,0.0252,0.0000,0.0335,0.000,32.34,40.0,3,0
137170545,0.000,0.022,0.0000,-0.0328,0.0000,-0.0126,0.000,32.34,40.0,3,0
137171661,0.000,0.022,0.0000,0.0511,0.0000,-0.0104,0.000,32.34,40.0,3,0
137172864,0.000,0.022,0.0000,0.0618,0.0000,0.0115,0.000,32.34,40.0,3,0
137173560,0.000,0.022,0.0000,0.0145,0.0000,-0.0225,0.000,32.34,40.0,3,0
137174869,0.000,0.022,0.0000,-0.0069,0.0000,-0.0137,0.000,32.34,40.0,3,0
137175601,0.000,0.022,0.0000,0.1091,0.0000,-0.0346,0.000,32.34,40.0,3,0
137176876,0.000,0.000,0.0000,-0.0832,0.0000,0.0313,0.000,32.34,40.0,3,0
137177559,0.000,0.022,0.0000,0.1015,0.0000,0.0060,0.000,32.34,40.0,3,0
137178547,0.000,0.022,0.0000,0.0313,0.0000,0.0181,0.000,32.34,40.0,3,0
137179976,0.000,0.022,0.0000,0.0618,0.0000,-0.0071,0.000,32.34,40.0,3,0
137180548,0.000,0.022,0.0000,0.1320,0.0000,0.0049,0.000,32.34,40.0,3,0
137181547,0.000,0.000,0.0000,-0.0481,0.0000,-0.0324,0.000,32.34,40.0,3,0
137182607,0.000,0.022,0.0000,0.1167,0.0000,-0.0093,0.000,32.34,40.0,3,0
137183572,0.000,0.022,0.0000,-0.0038,0.0000,0.0016,0.000,32.34,40.0,3,0
137184890,0.000,0.000,0.0000,0.0114,0.0000,-0.0302,0.000,32.34,40.0,3,0
137185575,0.000,0.022,0.0000,0.0954,0.0000,0.0093,0.000,32.34,40.0,3,0
137186574,0.000,0.000,0.0000,-0.0008,0.0000,-0.0214,0.000,32.34,40.0,3,0
137187569,0.000,0.022,0.0000,-0.0206,0.0000,0.0192,0.000,32.34,40.0,3,0
137188569,0.000,0.022,0.0000,0.0130,0.0000,0.0115,0.000,32.34,40.0,3,0
137189888,0.000,0.022,0.0000,-0.0267,0.0000,-0.0082,0.000,32.34,40.0,3,0
137190575,0.000,0.000,0.0000,-0.0420,0.0000,-0.0368,0.000,32.34,40.0,3,0
137191586,0.000,0.000,0.0000,-0.1167,0.0000,0.0137,0.000,32.34,40.0,3,0
137192866,0.000,0.000,0.0000,0.0145,0.0000,-0.0082,0.000,32.34,40.0,3,0
137193552,0.000,0.022,0.0000,-0.0298,0.0000,-0.0060,0.000,32.34,40.0,3,0
137194912,0.000,0.022,0.0000,-0.0374,0.0000,-0.0082,0.000,32.34,40.0,3,0
137195597,0.000,0.022,0.0000,-0.0206,0.0000,-0.0005,0.000,32.34,40.0,3,0
137196822,0.000,0.022,0.0000,-0.0175,0.0000,0.0016,0.000,32.34,40.0,3,0
137197551,0.000,0.000,0.0000,-0.1045,0.0000,-0.0104,0.000,32.34,40.0,3,0
137198547,0.000,0.022,0.0000,0.0084,0.0000,-0.0445,0.000,32.34,40.0,3,0
137199870,0.000,0.022,0.0000,-0.0435,0.0000,0.0280,0.000,32.34,40.0,3,0
137200551,0.000,0.000,0.0000,-0.1854,0.0000,0.0038,0.000,32.34,40.0,3,0
137201547,0.000,0.022,0.0000,0.0999,0.0000,-0.0126,0.000,32.34,40.0,3,0
137202634,0.000,0.022,0.0000,-0.0984,0.0000,0.0159,0.000,32.34,40.0,3,0
137203544,0.000,0.022,0.0000,0.0923,0.0000,-0.0060,0.000,32.34,40.0,3,0
137204968,0.000,0.000,0.0000,-0.1213,0.0000,-0.0368,0.000,32.34,40.0,3,0
137205883,0.000,0.022,0.0000,-0.0191,0.0000,0.0335,0.000,32.34,40.0,3,0
137206889,0.000,0.000,0.0000,-0.1106,0.0000,0.0335,0.000,32.34,40.0,3,0
137207875,0.000,0.000,0.0000,0.0160,0.0000,-0.0071,0.000,32.34,40.0,3,0
137208918,0.000,0.022,0.0000,0.0008,0.0000,0.0247,0.000,32.34,40.0,3,0
137210208,0.000,0.022,0.0000,0.0496,0.0000,-0.0445,0.000,32.34,40.0,3,0
137210911,0.000,0.000,0.0000,-0.0145,0.0000,0.0049,0.000,32.34,40.0,3,0
137211814,0.000,0.022,0.0000,0.0587,0.0000,0.0214,0.000,32.34,40.0,3,0
137213194,0.000,0.022,0.0000,-0.0648,0.0000,-0.0104,0.000,32.34,40.0,3,0
137213543,0.000,0.022,0.0000,-0.0175,0.0000,0.0258,0.000,32.34,40.0,3,0
137214887,0.000,0.022,0.0000,0.0114,0.0000,0.0291,0.000,32.34,40.0,3,0
137215544,0.000,0.022,0.0000,-0.0359,0.0000,-0.0038,0.000,32.34,40.0,3,0
137216922,0.000,0.022,0.0000,0.0542,0.0000,0.0148,0.000,32.34,40.0,3,0
137217550,0.000,0.000,0.0000,-0.0542,0.0000,0.0049,0.000,32.34,40.0,3,0
137218564,0.000,0.022,0.0000,-0.0526,0.0000,-0.0038,0.000,32.34,40.0,3,0
137219860,0.000,0.022,0.0000,0.1289,0.0000,-0.0082,0.000,32.34,40.0,3,0
137220525,0.000,0.022,0.0000,0.0038,0.0000,0.0181,0.000,32.34,40.0,3,0
137221584,0.000,0.000,0.0000,-0.0694,0.0000,0.0049,0.000,32.34,40.0,3,0
137222542,0.000,0.000,0.0000,-0.0099,0.0000,0.0104,0.000,32.34,40.0,3,0
137223560,0.000,0.000,0.0000,-0.0908,0.0000,-0.0148,0.000,32.34,40.0,3,0
137224870,0.000,0.022,0.0000,0.1152,0.0000,0.0060,0.000,32.34,40.0,3,0
137225599,0.000,0.000,0.0000,-0.1854,0.0000,0.0159,0.000,32.34,40.0,3,0
137226548,0.000,0.000,0.0000,0.0038,0.0000,-0.0005,0.000,32.34,40.0,3,0
137227560,0.000,0.022,0.0000,0.0282,0.0000,-0.0060,0.000,32.34,40.0,3,0
137228542,0.000,0.022,0.0000,-0.0130,0.0000,-0.0049,0.000,32.34,40.0,3,0
137229970,0.000,0.022,0.0000,0.0023,0.0000,-0.0104,0.000,32.34,40.0,3,0
137230548,0.000,0.022,0.0000,-0.1122,0.0000,-0.0005,0.000,32.34,40.0,3,0
137231547,0.000,0.022,0.0000,0.0679,0.0000,-0.0038,0.000,32.34,40.0,3,0
137232861,0.000,0.022,0.0000,0.0786,0.0000,0.0082,0.000,32.34,40.0,3,0
137233543,0.000,0.000,0.0000,-0.0481,0.0000,-0.0005,0.000,32.34,40.0,3,0
137234929,0.000,0.000,0.0000,-0.0664,0.0000,0.0027,0.000,32.34,40.0,3,0
137235574,0.000,0.022,0.0000,0.0237,0.0000,0.0038,0.000,32.34,40.0,3,0
137236937,0.000,0.000,0.0000,0.0206,0.0000,0.0181,0.000,32.34,40.0,3,0
137237577,0.000,0.000,0.0000,0.0298,0.0000,0.0038,0.000,32.34,40.0,3,0
137238577,0.000,0.022,0.0000,0.0175,0.0000,-0.0104,0.000,32.34,40.0,3,0
137239889,0.000,0.000,0.0000,0.0130,0.0000,-0.0269,0.000,32.34,40.0,3,0
137240646,0.000,0.022,0.0000,-0.0313,0.0000,0.0566,0.000,32.34,40.0,3,0
137241548,0.000,0.022,0.0000,0.0420,0.0000,-0.0093,0.000,32.34,40.0,3,0
137242542,0.000,0.022,0.0000,-0.0053,0.0000,0.0005,0.000,32.34,40.0,3,0
137243605,0.000,0.000,0.0000,0.0435,0.0000,0.0280,0.000,32.34,40.0,3,0
137244893,0.000,0.022,0.0000,0.0679,0.0000,0.0060,0.000,32.34,40.0,3,0
137245574,0.000,0.000,0.0000,-0.1656,0.0000,-0.0093,0.000,32.34,40.0,3,0
137246575,0.000,0.022,0.0000,0.1244,0.0000,-0.0335,0.000,32.34,40.0,3,0
137247569,0.000,0.000,0.0000,-0.0374,0.0000,0.0005,0.000,32.34,40.0,3,0
137248569,0.000,0.000,0.0000,0.0450,0.0000,0.0071,0.000,32.34,40.0,3,0
137249889,0.000,0.022,0.0000,0.1610,0.0000,0.0027,0.000,32.34,40.0,3,0
137250574,0.000,0.022,0.0000,0.1091,0.0000,0.0170,0.000,32.34,40.0,3,0
137251574,0.000,0.000,0.0000,-0.1122,0.0000,-0.0313,0.000,32.34,40.0,3,0
137252895,0.000,0.022,0.0000,0.0450,0.0000,-0.0203,0.000,32.34,40.0,3,0
137253545,0.000,0.022,0.0000,0.0923,0.0000,0.0291,0.000,32.34,40.0,3,0
137254908,0.000,0.022,0.0000,0.0664,0.0000,0.0148,0.000,32.34,40.0,3,0
137255598,0.000,0.000,0.0000,0.0069,0.0000,0.0280,0.000,32.34,40.0,3,0
137256920,0.000,0.000,0.0000,-0.0984,0.0000,-0.0159,0.000,32.34,40.0,3,0
137257597,0.000,0.022,0.0000,0.0877,0.0000,0.0203,0.000,32.34,40.0,3,0
137258601,0.000,0.000,0.0000,-0.0435,0.0000,0.0313,0.000,32.34,40.0,3,0
137259873,0.000,0.000,0.0000,0.0175,0.0000,-0.0203,0.000,32.34,40.0,3,0
137260636,0.000,0.022,0.0000,-0.0008,0.0000,-0.0291,0.000,32.34,40.0,3,0
137261585,0.000,0.022,0.0000,0.0542,0.0000,0.0346,0.000,32.34,40.0,3,0
137262543,0.000,0.000,0.0000,-0.0374,0.0000,0.0324,0.000,32.34,40.0,3,0
137263559,0.000,0.000,0.0000,0.1381,0.0000,0.0148,0.000,32.34,40.0,3,0
137264869,0.000,0.022,0.0000,0.0237,0.0000,0.0181,0.000,32.34,40.0,3,0
137265600,0.000,0.000,0.0000,-0.0237,0.0000,0.0082,0.000,32.34,40.0,3,0
137266548,0.000,0.022,0.0000,0.0893,0.0000,-0.0049,0.000,32.34,40.0,3,0
137267559,0.000,0.022,0.0000,-0.0618,0.0000,-0.0335,0.000,32.34,40.0,3,0
137268542,0.000,0.022,0.0000,-0.0252,0.0000,-0.0159,0.000,32.34,40.0,3,0
137269911,0.000,0.022,0.0000,0.0359,0.0000,-0.0071,0.000,32.34,40.0,3,0
137270548,0.000,0.000,0.0000,-0.1106,0.0000,0.0709,0.000,32.34,40.0,3,0
137271638,0.000,0.022,0.0000,0.1411,0.0000,-0.0170,0.000,32.34,40.0,3,0
137272863,0.000,0.022,0.0000,0.0282,0.0000,0.0203,0.000,32.34,40.0,3,0
137273596,0.000,0.000,0.0000,-0.1213,0.0000,-0.0038,0.000,32.34,40.0,3,0
137274872,0.000,0.000,0.0000,-0.1549,0.0000,0.0082,0.000,32.34,40.0,3,0
137275567,0.000,0.000,0.0000,-0.0328,0.0000,-0.0412,0.000,32.34,40.0,3,0
137276870,0.000,0.022,0.0000,0.0984,0.0000,0.0390,0.000,32.34,40.0,3,0
137277594,0.000,0.000,0.0000,0.0099,0.0000,0.0082,0.000,32.34,40.0,3,0
137278548,0.000,0.022,0.0000,0.0114,0.0000,-0.0258,0.000,32.34,40.0,3,0
137279967,0.000,0.022,0.0000,0.0267,0.0000,-0.0137,0.000,32.34,40.0,3,0
137280546,0.000,0.022,0.0000,0.0099,0.0000,0.0049,0.000,32.34,40.0,3,0
137281547,0.000,0.022,0.0000,-0.0359,0.0000,-0.0093,0.000,32.34,40.0,3,0
137282542,0.000,0.000,0.0000,-0.0160,0.0000,-0.0082,0.000,32.34,40.0,3,0
137283603,0.000,0.022,0.0000,0.0450,0.0000,0.0181,0.000,32.34,40.0,3,0
137284894,0.000,0.022,0.0000,0.0053,0.0000,-0.0016,0.000,32.34,40.0,3,0
137285615,0.000,0.022,0.0000,-0.0374,0.0000,0.0291,0.000,32.34,40.0,3,0
137286578,0.000,0.022,0.0000,0.0282,0.0000,0.0060,0.000,32.34,40.0,3,0
137287569,0.000,0.022,0.0000,0.0710,0.0000,0.0126,0.000,32.34,40.0,3,0
137288572,0.000,0.022,0.0000,-0.0786,0.0000,-0.0137,0.000,32.34,40.0,3,0
137289964,0.000,0.022,0.0000,-0.0359,0.0000,0.0126,0.000,32.34,40.0,3,0
137290550,0.000,0.022,0.0000,-0.0450,0.0000,0.0038,0.000,32.34,40.0,3,0
137291547,0.000,0.022,0.0000,-0.0664,0.0000,0.0170,0.000,32.34,40.0,3,0
137292923,0.000,0.000,0.0000,0.0450,0.0000,0.0027,0.000,32.34,40.0,3,0
137293572,0.000,0.022,0.0000,0.1503,0.0000,-0.0027,0.000,32.34,40.0,3,0
137294890,0.000,0.022,0.0000,0.0984,0.0000,-0.0148,0.000,32.34,40.0,3,0
137295575,0.000,0.022,0.0000,0.0725,0.0000,-0.0302,0.000,32.34,40.0,3,0
137296895,0.000,0.022,0.0000,0.0282,0.0000,0.0170,0.000,32.34,40.0,3,0
137297575,0.000,0.022,0.0000,-0.0114,0.0000,0.0170,0.000,32.34,40.0,3,0
137298575,0.000,0.022,0.0000,-0.0298,0.0000,0.0005,0.000,32.34,40.0,3,0
137299889,0.000,0.000,0.0000,-0.0237,0.0000,-0.0126,0.000,32.34,40.0,3,0
137300574,0.000,0.022,0.0000,0.0282,0.0000,-0.0115,0.000,32.34,40.0,3,0
137301589,0.000,0.022,0.0000,-0.0618,0.0000,0.0390,0.000,32.34,40.0,3,0
137302545,0.000,0.022,0.0000,-0.0130,0.0000,0.0049,0.000,32.34,40.0,3,0
137303542,0.000,0.022,0.0000,-0.0755,0.0000,-0.0445,0.000,32.34,40.0,3,0
137304914,0.000,0.022,0.0000,0.0404,0.0000,0.0335,0.000,32.34,40.0,3,0
137305598,0.000,0.022,0.0000,0.0679,0.0000,0.0170,0.000,32.34,40.0,3,0
137306596,0.000,0.022,0.0000,0.0191,0.0000,-0.0192,0.000,32.34,40.0,3,0
137307545,0.000,0.022,0.0000,0.0282,0.0000,0.0302,0.000,32.34,40.0,3,0
137308542,0.000,0.022,0.0000,-0.1854,0.0000,0.0181,0.000,32.34,40.0,3,0
137309850,0.000,0.022,0.0000,0.0053,0.0000,-0.0049,0.000,32.34,40.0,3,0
137310550,0.000,0.022,0.0000,0.1534,0.0000,-0.0324,0.000,32.34,40.0,3,0
137311564,0.000,0.000,0.0000,-0.1274,0.0000,0.0654,0.000,32.34,40.0,3,0
137312861,0.000,0.022,0.0000,0.0603,0.0000,0.0060,0.000,32.34,40.0,3,0
137313599,0.000,0.022,0.0000,-0.0633,0.0000,-0.0115,0.000,32.34,40.0,3,0
137314869,0.000,0.022,0.0000,-0.0771,0.0000,-0.0137,0.000,32.34,40.0,3,0
137315562,0.000,0.022,0.0000,-0.0435,0.0000,0.0082,0.000,32.34,40.0,3,0
137316869,0.000,0.022,0.0000,-0.0145,0.0000,0.0170,0.000,32.34,40.0,3,0
137317601,0.000,0.022,0.0000,0.1167,0.0000,-0.0225,0.000,32.34,40.0,3,0
137318547,0.000,0.022,0.0000,0.0237,0.0000,0.0192,0.000,32.34,40.0,3,0
137319887,0.000,0.022,0.0000,0.0648,0.0000,-0.0005,0.000,32.34,40.0,3,0
137320542,0.000,0.000,0.0000,-0.0664,0.0000,0.0093,0.000,32.34,40.0,3,0
137321661,0.000,0.000,0.0000,-0.0832,0.0000,0.0071,0.000,32.34,40.0,3,0
137322544,0.000,0.022,0.0000,0.0359,0.0000,-0.0060,0.000,32.34,40.0,3,0
137323559,0.000,0.022,0.0000,-0.0526,0.0000,-0.0016,0.000,32.34,40.0,3,0
137324870,0.000,0.000,0.0000,-0.0374,0.0000,0.0049,0.000,32.34,40.0,3,0
137325601,0.000,0.022,0.0000,-0.0038,0.0000,-0.0060,0.000,32.34,40.0,3,0
137326547,0.000,0.000,0.0000,-0.0252,0.0000,0.0027,0.000,32.34,40.0,3,0
137327558,0.000,0.022,0.0000,0.0954,0.0000,-0.0192,0.000,32.34,40.0,3,0
137328542,0.000,0.022,0.0000,0.0343,0.0000,0.0005,0.000,32.34,40.0,3,0
137329971,0.000,0.022,0.0000,-0.0862,0.0000,-0.0137,0.000,32.34,40.0,3,0
137330548,0.000,0.000,0.0000,-0.0282,0.0000,-0.0016,0.000,32.34,40.0,3,0
137331547,0.000,0.022,0.0000,0.0511,0.0000,0.0401,0.000,32.34,40.0,3,0
137332861,0.000,0.022,0.0000,-0.0450,0.0000,-0.0335,0.000,32.34,40.0,3,0
137333543,0.000,0.022,0.0000,0.0343,0.0000,0.0126,0.000,32.34,40.0,3,0
137334928,0.000,0.022,0.0000,0.1167,0.0000,0.0027,0.000,32.34,40.0,3,0
137335575,0.000,0.022,0.0000,0.0130,0.0000,0.0291,0.000,32.34,40.0,3,0
137336936,0.000,0.022,0.0000,0.0160,0.0000,-0.0357,0.000,32.34,40.0,3,0
137337579,0.000,0.000,0.0000,0.0191,0.0000,0.0379,0.000,32.34,40.0,3,0
137338577,0.000,0.022,0.0000,-0.0252,0.0000,-0.0181,0.000,32.34,40.0,3,0
137339894,0.000,0.022,0.0000,-0.0206,0.0000,0.0038,0.000,32.34,40.0,3,0
137340641,0.000,0.000,0.0000,-0.1335,0.0000,0.0247,0.000,32.34,40.0,3,0
137341547,0.000,0.022,0.0000,0.0771,0.0000,-0.0115,0.000,32.34,40.0,3,0
137342579,0.000,0.000,0.0000,-0.0832,0.0000,-0.0104,0.000,32.34,40.0,3,0
137343594,0.000,0.000,0.0000,0.0099,0.0000,-0.0313,0.000,32.34,40.0,3,0
137344892,0.000,0.022,0.0000,-0.0862,0.0000,-0.0027,0.000,32.34,40.0,3,0
137345573,0.000,0.022,0.0000,0.0130,0.0000,0.0148,0.000,32.34,40.0,3,0
137346575,0.000,0.022,0.0000,0.0374,0.0000,0.0137,0.000,32.34,40.0,3,0
137347569,0.000,0.000,0.0000,-0.0679,0.0000,-0.0159,0.000,32.34,40.0,3,0
137348569,0.000,0.022,0.0000,-0.0954,0.0000,0.0071,0.000,32.34,40.0,3,0
137349892,0.000,0.022,0.0000,-0.0130,0.0000,-0.0192,0.000,32.34,40.0,3,0
137350573,0.000,0.022,0.0000,-0.0740,0.0000,0.0115,0.000,32.34,40.0,3,0
137351590,0.000,0.022,0.0000,0.0328,0.0000,-0.0390,0.000,32.34,40.0,3,0
137352861,0.000,0.022,0.0000,0.0404,0.0000,0.0137,0.000,32.34,40.0,3,0
137353543,0.000,0.022,0.0000,0.0511,0.0000,0.0126,0.000,32.34,40.0,3,0
137354910,0.000,0.022,0.0000,0.0526,0.0000,-0.0104,0.000,32.34,40.0,3,0
137355599,0.000,0.022,0.0000,0.0298,0.0000,-0.0049,0.000,32.34,40.0,3,0
137356918,0.000,0.022,0.0000,-0.1183,0.0000,0.0236,0.000,32.34,40.0,3,0
137357599,0.000,0.022,0.0000,0.0053,0.0000,0.0005,0.000,32.34,40.0,3,0
137358547,0.000,0.022,0.0000,0.0267,0.0000,0.0236,0.000,32.34,40.0,3,0
137359861,0.000,0.000,0.0000,-0.0969,0.0000,0.0027,0.000,32.34,40.0,3,0
137360551,0.000,0.022,0.0000,-0.0053,0.0000,-0.0214,0.000,32.34,40.0,3,0
137361564,0.000,0.022,0.0000,0.0893,0.0000,-0.0038,0.000,32.34,40.0,3,0
137362542,0.000,0.022,0.0000,-0.0389,0.0000,0.0324,0.000,32.34,40.0,3,0
137363596,0.000,0.022,0.0000,0.0801,0.0000,-0.0214,0.000,32.34,40.0,3,0
137364870,0.000,0.022,0.0000,0.0069,0.0000,0.0511,0.000,32.34,40.0,3,0
137365562,0.000,0.000,0.0000,0.0069,0.0000,-0.0016,0.000,32.34,40.0,3,0
137366547,0.000,0.022,0.0000,0.1350,0.0000,0.0247,0.000,32.34,40.0,3,0
137367596,0.000,0.022,0.0000,0.0465,0.0000,0.0071,0.000,32.34,40.0,3,0
137368547,0.000,0.022,0.0000,-0.0694,0.0000,0.0049,0.000,32.34,40.0,3,0
137369882,0.000,0.000,0.0000,-0.0252,0.0000,-0.0049,0.000,32.34,40.0,3,0
137370545,0.000,0.022,0.0000,0.1640,0.0000,0.0016,0.000,32.34,40.0,3,0
137371660,0.000,0.022,0.0000,-0.0542,0.0000,0.0456,0.000,32.34,40.0,3,0
137372866,0.000,0.022,0.0000,-0.0099,0.0000,-0.0104,0.000,32.34,40.0,3,0
137373560,0.000,0.022,0.0000,0.0725,0.0000,0.0126,0.000,32.34,40.0,3,0
137374869,0.000,0.000,0.0000,0.0587,0.0000,0.0038,0.000,32.34,40.0,3,0
137375600,0.000,0.022,0.0000,0.0221,0.0000,0.0082,0.000,32.34,40.0,3,0
137376878,0.000,0.022,0.0000,-0.0633,0.0000,-0.0181,0.000,32.34,40.0,3,0
137377559,0.000,0.022,0.0000,0.0572,0.0000,0.0159,0.000,32.34,40.0,3,0
137378547,0.000,0.022,0.0000,0.0099,0.0000,-0.0335,0.000,32.34,40.0,3,0
137379972,0.000,0.022,0.0000,-0.0648,0.0000,-0.0236,0.000,32.34,40.0,3,0
137380548,0.000,0.000,0.0000,0.0053,0.0000,0.0060,0.000,32.34,40.0,3,0
137381547,0.000,0.000,0.0000,-0.0603,0.0000,0.0093,0.000,32.34,40.0,3,0
137382542,0.000,0.000,0.0000,-0.0511,0.0000,-0.0126,0.000,32.34,40.0,3,0
137383550,0.000,0.022,0.0000,-0.0755,0.0000,0.0203,0.000,32.34,40.0,3,0
137384928,0.000,0.022,0.0000,0.0710,0.0000,0.0016,0.000,32.34,40.0,3,0
137385617,0.000,0.022,0.0000,0.0404,0.0000,0.0236,0.000,32.34,40.0,3,0
137386576,0.000,0.022,0.0000,0.0999,0.0000,0.0159,0.000,32.34,40.0,3,0
137387572,0.000,0.022,0.0000,-0.0160,0.0000,0.0302,0.000,32.34,40.0,3,0
137388573,0.000,0.022,0.0000,0.0206,0.0000,0.0170,0.000,32.34,40.0,3,0
137389962,0.000,0.000,0.0000,-0.1503,0.0000,0.0137,0.000,32.34,40.0,3,0
137390550,0.000,0.022,0.0000,0.1244,0.0000,0.0148,0.000,32.34,40.0,3,0
137391547,0.000,0.000,0.0000,-0.0954,0.0000,0.0093,0.000,32.34,40.0,3,0
137392924,0.000,0.022,0.0000,0.0053,0.0000,0.0104,0.000,32.34,40.0,3,0
137393572,0.000,0.022,0.0000,0.0237,0.0000,-0.0016,0.000,32.34,40.0,3,0
137394890,0.000,0.000,0.0000,-0.0130,0.0000,0.0027,0.000,32.34,40.0,3,0
137395575,0.000,0.000,0.0000,0.0298,0.0000,0.0203,0.000,32.34,40.0,3,0
137396897,0.000,0.000,0.0000,-0.1396,0.0000,0.0423,0.000,32.34,40.0,3,0
137397575,0.000,0.000,0.0000,0.0755,0.0000,-0.0049,0.000,32.34,40.0,3,0
137398574,0.000,0.000,0.0000,-0.0587,0.0000,-0.0170,0.000,32.34,40.0,3,0
137399888,0.000,0.022,0.0000,0.0816,0.0000,0.0379,0.000,32.34,40.0,3,0
137400575,0.000,0.000,0.0000,-0.0252,0.0000,-0.0126,0.000,32.34,40.0,3,0
137401574,0.000,0.022,0.0000,0.0908,0.0000,0.0038,0.000,32.34,40.0,3,0
137402576,0.000,0.000,0.0000,-0.1305,0.0000,0.0181,0.000,32.34,40.0,3,0
137403544,0.000,0.000,0.0000,-0.0679,0.0000,-0.0071,0.000,32.34,40.0,3,0
137404908,0.000,0.022,0.0000,0.1915,0.0000,-0.0082,0.000,32.34,40.0,3,0
137405600,0.000,0.022,0.0000,-0.1167,0.0000,-0.0214,0.000,32.34,40.0,3,0
137406599,0.000,0.022,0.0000,-0.0328,0.0000,0.0005,0.000,32.34,40.0,3,0
137407596,0.000,0.022,0.0000,-0.0130,0.0000,-0.0038,0.000,32.34,40.0,3,0
137408542,0.000,0.022,0.0000,0.0267,0.0000,-0.0115,0.000,32.34,40.0,3,0
137409999,0.000,0.000,0.0000,-0.0587,0.0000,-0.0115,0.000,32.34,40.0,3,0
137410550,0.000,0.000,0.0000,-0.0435,0.0000,0.0027,0.000,32.34,40.0,3,0
137411564,0.000,0.022,0.0000,0.0526,0.0000,0.0027,0.000,32.34,40.0,3,0
137412860,0.000,0.022,0.0000,0.0710,0.0000,-0.0148,0.000,32.34,40.0,3,0
137413599,0.000,0.000,0.0000,0.0008,0.0000,-0.0148,0.000,32.34,40.0,3,0
137414870,0.000,0.022,0.0000,0.0160,0.0000,-0.0049,0.000,32.34,40.0,3,0
137415562,0.000,0.022,0.0000,0.0938,0.0000,0.0049,0.000,32.34,40.0,3,0
137416870,0.000,0.022,0.0000,-0.0282,0.0000,0.0027,0.000,32.34,40.0,3,0
137417601,0.000,0.022,0.0000,0.0099,0.0000,0.0192,0.000,32.34,40.0,3,0
137418547,0.000,0.022,0.0000,-0.0023,0.0000,-0.0027,0.000,32.34,40.0,3,0
137419887,0.000,0.000,0.0000,-0.0267,0.0000,0.0181,0.000,32.34,40.0,3,0
137420542,0.000,0.000,0.0000,-0.0298,0.0000,-0.0126,0.000,32.34,40.0,3,0
137421661,0.000,0.022,0.0000,-0.0130,0.0000,-0.0082,0.000,32.34,40.0,3,0
137422544,0.000,0.022,0.0000,0.0069,0.0000,-0.0115,0.000,32.34,40.0,3,0
137423559,0.000,0.022,0.0000,0.0221,0.0000,0.0115,0.000,32.34,40.0,3,0
137424869,0.000,0.000,0.0000,-0.0206,0.0000,0.0082,0.000,32.34,40.0,3,0
137425601,0.000,0.000,0.0000,-0.1320,0.0000,0.0115,0.000,32.34,40.0,3,0
137426547,0.000,0.022,0.0000,0.0343,0.0000,0.0258,0.000,32.34,40.0,3,0
137427559,0.000,0.000,0.0000,-0.0618,0.0000,-0.0137,0.000,32.34,40.0,3,0
137428542,0.000,0.000,0.0000,0.0069,0.0000,-0.0214,0.000,32.34,40.0,3,0
137429969,0.000,0.022,0.0000,0.0175,0.0000,-0.0236,0.000,32.34,40.0,3,0
137430548,0.000,0.022,0.0000,0.0542,0.0000,0.0082,0.000,32.34,40.0,3,0
137431547,0.000,0.000,0.0000,-0.0801,0.0000,-0.0280,0.000,32.34,40.0,3,0
137432860,0.000,0.000,0.0000,0.0237,0.0000,0.0049,0.000,32.34,40.0,3,0
137433543,0.000,0.022,0.0000,0.0557,0.0000,0.0148,0.000,32.34,40.0,3,0
137434926,0.000,0.022,0.0000,0.0786,0.0000,0.0126,0.000,32.34,40.0,3,0
137435575,0.000,0.000,0.0000,0.0008,0.0000,-0.0445,0.000,32.34,40.0,3,0
137436936,0.000,0.022,0.0000,0.0893,0.0000,0.0071,0.000,32.34,40.0,3,0
137437579,0.000,0.000,0.0000,-0.1366,0.0000,0.0038,0.000,32.34,40.0,3,0
137438577,0.000,0.022,0.0000,0.0587,0.0000,-0.0269,0.000,32.34,40.0,3,0
137439891,0.000,0.000,0.0000,-0.1823,0.0000,0.0214,0.000,32.34,40.0,3,0
137440639,0.000,0.022,0.0000,0.0175,0.0000,-0.0258,0.000,32.34,40.0,3,0
137441548,0.000,0.022,0.0000,0.0099,0.0000,0.0203,0.000,32.34,40.0,3,0
137442554,0.000,0.022,0.0000,0.0053,0.0000,-0.0269,0.000,32.34,40.0,3,0
137443605,0.000,0.000,0.0000,-0.0664,0.0000,0.0313,0.000,32.34,40.0,3,0
137444893,0.000,0.022,0.0000,0.0328,0.0000,0.0225,0.000,32.34,40.0,3,0
137445574,0.000,0.022,0.0000,-0.0267,0.0000,-0.0093,0.000,32.34,40.0,3,0
137446575,0.000,0.022,0.0000,0.0069,0.0000,0.0434,0.000,32.34,40.0,3,0
137447569,0.000,0.022,0.0000,0.1213,0.0000,0.0060,0.000,32.34,40.0,3,0
137448569,0.000,0.022,0.0000,-0.0175,0.0000,0.0071,0.000,32.34,40.0,3,0
137449891,0.000,0.000,0.0000,-0.0832,0.0000,0.0126,0.000,32.34,40.0,3,0
137450574,0.000,0.000,0.0000,-0.0023,0.0000,0.0049,0.000,32.34,40.0,3,0
137451577,0.000,0.000,0.0000,-0.1488,0.0000,-0.0214,0.000,32.34,40.0,3,0
137452888,0.000,0.000,0.0000,0.0023,0.0000,0.0005,0.000,32.34,40.0,3,0
137453546,0.000,0.022,0.0000,-0.0084,0.0000,0.0258,0.000,32.34,40.0,3,0
137454909,0.000,0.022,0.0000,0.0160,0.0000,0.0082,0.000,32.34,40.0,3,0
137455598,0.000,0.022,0.0000,0.0771,0.0000,-0.0016,0.000,32.34,40.0,3,0
137456918,0.000,0.000,0.0000,-0.0084,0.0000,0.0302,0.000,32.34,40.0,3,0
137457573,0.000,0.022,0.0000,0.0221,0.0000,-0.0148,0.000,32.34,40.0,3,0
137458547,0.000,0.000,0.0000,-0.0175,0.0000,0.0170,0.000,32.34,40.0,3,0
137459867,0.000,0.022,0.0000,0.0191,0.0000,-0.0137,0.000,32.34,40.0,3,0
137460636,0.000,0.000,0.0000,-0.0542,0.0000,0.0335,0.000,32.34,40.0,3,0
137461584,0.000,0.022,0.0000,0.0526,0.0000,0.0126,0.000,32.34,40.0,3,0
137462543,0.000,0.000,0.0000,-0.1137,0.0000,-0.0368,0.000,32.34,40.0,3,0
137463559,0.000,0.022,0.0000,-0.0191,0.0000,-0.0005,0.000,32.34,40.0,3,0
137464871,0.000,0.000,0.0000,-0.0771,0.0000,-0.0104,0.000,32.34,40.0,3,0
137465599,0.000,0.000,0.0000,-0.0069,0.0000,-0.0181,0.000,32.34,40.0,3,0
137466549,0.000,0.022,0.0000,0.0694,0.0000,0.0137,0.000,32.34,40.0,3,0
137467559,0.000,0.022,0.0000,0.0633,0.0000,-0.0181,0.000,32.34,40.0,3,0
137468542,0.000,0.000,0.0000,-0.1396,0.0000,0.0082,0.000,32.34,40.0,3,0
137469909,0.000,0.000,0.0000,-0.0023,0.0000,-0.0313,0.000,32.34,40.0,3,0
137470549,0.000,0.000,0.0000,-0.0771,0.0000,0.0258,0.000,32.34,40.0,3,0
137471637,0.000,0.022,0.0000,0.0984,0.0000,-0.0302,0.000,32.34,40.0,3,0
137472863,0.000,0.022,0.0000,-0.0755,0.0000,0.0324,0.000,32.34,40.0,3,0
137473596,0.000,0.000,0.0000,0.0328,0.0000,0.0126,0.000,32.34,40.0,3,0
137474875,0.000,0.000,0.0000,0.0175,0.0000,0.0104,0.000,32.34,40.0,3,0
137475567,0.000,0.000,0.0000,-0.0633,0.0000,-0.0214,0.000,32.34,40.0,3,0
137476869,0.000,0.000,0.0000,-0.0038,0.0000,0.0093,0.000,32.34,40.0,3,0
137477593,0.000,0.000,0.0000,0.0084,0.0000,0.0082,0.000,32.34,40.0,3,0
137478549,0.000,0.000,0.0000,0.0008,0.0000,-0.0005,0.000,32.34,40.0,3,0
137479965,0.000,0.022,0.0000,0.1060,0.0000,0.0280,0.000,32.34,40.0,3,0
137480546,0.000,0.000,0.0000,-0.0755,0.0000,0.0203,0.000,32.34,40.0,3,0
137481547,0.000,0.000,0.0000,0.0526,0.0000,0.0049,0.000,32.34,40.0,3,0
137482542,0.000,0.000,0.0000,0.0603,0.0000,-0.0170,0.000,32.34,40.0,3,0
137483605,0.000,0.000,0.0000,-0.0450,0.0000,-0.0148,0.000,32.34,40.0,3,0
137484894,0.000,0.022,0.0000,-0.0267,0.0000,0.0225,0.000,32.34,40.0,3,0
137485614,0.000,0.022,0.0000,-0.0053,0.0000,-0.0137,0.000,32.34,40.0,3,0
137486579,0.000,0.022,0.0000,0.0511,0.0000,0.0137,0.000,32.34,40.0,3,0
137487568,0.000,0.022,0.0000,0.1122,0.0000,0.0236,0.000,32.34,40.0,3,0
137488572,0.000,0.000,0.0000,-0.0267,0.0000,-0.0071,0.000,32.34,40.0,3,0
137489960,0.000,0.000,0.0000,0.0175,0.0000,-0.0170,0.000,32.34,40.0,3,0
137490549,0.000,0.022,0.0000,0.0404,0.0000,0.0027,0.000,32.34,40.0,3,0
137491547,0.000,0.000,0.0000,0.0084,0.0000,-0.0016,0.000,32.34,40.0,3,0
137492922,0.000,0.022,0.0000,0.0038,0.0000,0.0247,0.000,32.34,40.0,3,0
137493573,0.000,0.022,0.0000,0.0587,0.0000,0.0071,0.000,32.34,40.0,3,0
137494888,0.000,0.000,0.0000,0.0725,0.0000,0.0038,0.000,32.34,40.0,3,0
137495575,0.000,0.022,0.0000,0.0282,0.0000,0.0280,0.000,32.34,40.0,3,0
137496894,0.000,0.000,0.0000,-0.1579,0.0000,0.0038,0.000,32.34,40.0,3,0
137497575,0.000,0.022,0.0000,-0.0114,0.0000,0.0027,0.000,32.34,40.0,3,0
137498576,0.000,0.022,0.0000,0.0008,0.0000,0.0005,0.000,32.34,40.0,3,0
137499888,0.000,0.000,0.0000,0.0877,0.0000,0.0093,0.000,32.34,40.0,3,0
137500575,0.000,0.000,0.0000,-0.0206,0.0000,0.0115,0.000,32.34,40.0,3,0
137501589,0.000,0.022,0.0000,0.0298,0.0000,-0.0269,0.000,32.34,40.0,3,0
137502545,0.000,0.000,0.0000,-0.0710,0.0000,-0.0115,0.000,32.34,40.0,3,0
137503542,0.000,0.000,0.0000,-0.0847,0.0000,0.0071,0.000,32.34,40.0,3,0
137504912,0.000,0.000,0.0000,-0.0206,0.0000,-0.0258,0.000,32.34,40.0,3,0
137505596,0.000,0.022,0.0000,-0.0420,0.0000,-0.0104,0.000,32.34,40.0,3,0
137506599,0.000,0.022,0.0000,0.0343,0.0000,0.0148,0.000,32.34,40.0,3,0
137507577,0.000,0.000,0.0000,-0.0313,0.0000,-0.0170,0.000,32.34,40.0,3,0
137508542,0.000,0.000,0.0000,0.0633,0.0000,-0.0016,0.000,32.34,40.0,3,0
137510000,0.000,0.022,0.0000,-0.0099,0.0000,0.0159,0.000,32.34,40.0,3,0
137510551,0.000,0.022,0.0000,0.1381,0.0000,-0.0060,0.000,32.34,40.0,3,0
137511564,0.000,0.000,0.0000,-0.1595,0.0000,0.0225,0.000,32.34,40.0,3,0
137512861,0.000,0.022,0.0000,-0.0343,0.0000,-0.0280,0.000,32.34,40.0,3,0
137513597,0.000,0.000,0.0000,-0.0160,0.0000,0.0016,0.000,32.34,40.0,3,0
137514870,0.000,0.022,0.0000,-0.0160,0.0000,-0.0016,0.000,32.34,40.0,3,0
137515562,0.000,0.000,0.0000,-0.1228,0.0000,0.0082,0.000,32.34,40.0,3,0
137516870,0.000,0.022,0.0000,0.0252,0.0000,-0.0445,0.000,32.34,40.0,3,0
137517600,0.000,0.022,0.0000,-0.0343,0.0000,-0.0291,0.000,32.34,40.0,3,0
137518548,0.000,0.022,0.0000,0.1625,0.0000,0.0192,0.000,32.34,40.0,3,0
137519887,0.000,0.022,0.0000,0.0496,0.0000,-0.0269,0.000,32.34,40.0,3,0
137520542,0.000,0.022,0.0000,-0.0221,0.0000,-0.0137,0.000,32.34,40.0,3,0
137521660,0.000,0.022,0.0000,0.0618,0.0000,0.0247,0.000,32.34,40.0,3,0
137522545,0.000,0.022,0.0000,0.0114,0.0000,-0.0258,0.000,32.34,40.0,3,0
137523559,0.000,0.022,0.0000,0.0710,0.0000,-0.0346,0.000,32.34,40.0,3,0
137524869,0.000,0.022,0.0000,0.0832,0.0000,0.0060,0.000,32.34,40.0,3,0
137525600,0.000,0.000,0.0000,-0.0694,0.0000,-0.0137,0.000,32.34,40.0,3,0
137526548,0.000,0.022,0.0000,-0.0221,0.0000,0.0060,0.000,32.34,40.0,3,0
137527558,0.000,0.022,0.0000,-0.0221,0.0000,-0.0192,0.000,32.34,40.0,3,0
137528542,0.000,0.022,0.0000,-0.0221,0.0000,-0.0027,0.000,32.34,40.0,3,0
137529978,0.000,0.022,0.0000,-0.0847,0.0000,0.0280,0.000,32.34,40.0,3,0
137530548,0.000,0.000,0.0000,-0.0801,0.0000,-0.0357,0.000,32.34,40.0,3,0
137531547,0.000,0.000,0.0000,-0.0206,0.0000,0.0357,0.000,32.34,40.0,3,0
137532925,0.000,0.022,0.0000,-0.0114,0.0000,-0.0258,0.000,32.34,40.0,3,0
137533572,0.000,0.000,0.0000,-0.0221,0.0000,-0.0082,0.000,32.34,40.0,3,0
137534889,0.000,0.022,0.0000,0.0084,0.0000,-0.0137,0.000,32.34,40.0,3,0
137535575,0.000,0.022,0.0000,-0.0450,0.0000,-0.0027,0.000,32.34,40.0,3,0
137536896,0.000,0.022,0.0000,-0.0282,0.0000,-0.0104,0.000,32.34,40.0,3,0
137537575,0.000,0.000,0.0000,-0.0908,0.0000,0.0137,0.000,32.34,40.0,3,0
137538574,0.000,0.022,0.0000,-0.0359,0.0000,-0.0093,0.000,32.34,40.0,3,0
137539888,0.000,0.000,0.0000,0.0008,0.0000,-0.0148,0.000,32.34,40.0,3,0
137540575,0.000,0.022,0.0000,0.0603,0.0000,0.0302,0.000,32.34,40.0,3,0
137541574,0.000,0.000,0.0000,0.0450,0.0000,0.0082,0.000,32.34,40.0,3,0
137542576,0.000,0.022,0.0000,-0.0084,0.0000,0.0368,0.000,32.34,40.0,3,0
137543544,0.000,0.000,0.0000,-0.0557,0.0000,0.0027,0.000,32.34,40.0,3,0
137544910,0.000,0.000,0.0000,0.0099,0.0000,-0.0027,0.000,32.34,40.0,3,0
137545600,0.000,0.022,0.0000,0.0786,0.0000,0.0148,0.000,32.34,40.0,3,0
137546599,0.000,0.022,0.0000,-0.0114,0.0000,-0.0291,0.000,32.34,40.0,3,0
137547596,0.000,0.000,0.0000,-0.0984,0.0000,0.0192,0.000,32.34,40.0,3,0
137548542,0.000,0.022,0.0000,-0.0343,0.0000,-0.0082,0.000,32.34,40.0,3,0
137549849,0.000,0.022,0.0000,0.1366,0.0000,0.0060,0.000,32.34,40.0,3,0
137550550,0.000,0.022,0.0000,-0.0801,0.0000,-0.0016,0.000,32.34,40.0,3,0
137551638,0.000,0.022,0.0000,-0.0069,0.0000,-0.0203,0.000,32.34,40.0,3,0
137552864,0.000,0.022,0.0000,0.0008,0.0000,0.0203,0.000,32.34,40.0,3,0
137553508,0.000,0.000,0.0000,-0.0893,0.0000,-0.0038,0.000,32.34,40.0,3,0
137554900,0.000,0.022,0.0000,-0.0938,0.0000,0.0038,0.000,32.34,40.0,3,0
137555549,0.000,0.000,0.0000,-0.1946,0.0000,-0.0049,0.000,32.34,40.0,3,0
137556886,0.000,0.000,0.0000,0.0465,0.0000,0.0137,0.000,32.34,40.0,3,0
137557547,0.000,0.000,0.0000,-0.0526,0.0000,-0.0082,0.000,32.34,40.0,3,0
137558598,0.000,0.022,0.0000,0.0328,0.0000,-0.0181,0.000,32.34,40.0,3,0
137559871,0.000,0.022,0.0000,0.0282,0.0000,0.0291,0.000,32.34,40.0,3,0
137560636,0.000,0.000,0.0000,-0.0374,0.0000,0.0060,0.000,32.34,40.0,3,0
137561551,0.000,0.000,0.0000,-0.0496,0.0000,0.0038,0.000,32.34,40.0,3,0
137562602,0.000,0.000,0.0000,-0.0282,0.0000,-0.0170,0.000,32.34,40.0,3,0
137563542,0.000,0.022,0.0000,-0.0069,0.0000,-0.0115,0.000,32.34,40.0,3,0
137564888,0.000,0.022,0.0000,0.1366,0.0000,-0.0016,0.000,32.34,40.0,3,0
137565544,0.000,0.000,0.0000,-0.1350,0.0000,0.0335,0.000,32.34,40.0,3,0
137566601,0.000,0.022,0.0000,0.0664,0.0000,0.0005,0.000,32.34,40.0,3,0
137567542,0.000,0.022,0.0000,0.1198,0.0000,-0.0280,0.000,32.34,40.0,3,0
137568561,0.000,0.000,0.0000,-0.0862,0.0000,0.0379,0.000,32.34,40.0,3,0
137569869,0.000,0.022,0.0000,0.0923,0.0000,0.0049,0.000,32.34,40.0,3,0
137570531,0.000,0.022,0.0000,0.0237,0.0000,-0.0038,0.000,32.34,40.0,3,0
137571585,0.000,0.000,0.0000,-0.0008,0.0000,0.0016,0.000,32.34,40.0,3,0
137572860,0.000,0.000,0.0000,0.0313,0.0000,0.0214,0.000,32.34,40.0,3,0
137573561,0.000,0.000,0.0000,-0.0740,0.0000,-0.0104,0.000,32.34,40.0,3,0
137574869,0.000,0.022,0.0000,-0.0053,0.0000,0.0104,0.000,32.34,40.0,3,0
137575600,0.000,0.022,0.0000,0.0282,0.0000,0.0005,0.000,32.34,40.0,3,0
137576875,0.000,0.022,0.0000,-0.0252,0.0000,0.0258,0.000,32.34,40.0,3,0
137577560,0.000,0.022,0.0000,-0.0084,0.0000,-0.0137,0.000,32.34,40.0,3,0
137578547,0.000,0.022,0.0000,0.0023,0.0000,0.0115,0.000,32.34,40.0,3,0
137579974,0.000,0.022,0.0000,0.0511,0.0000,-0.0225,0.000,32.34,40.0,3,0
137580548,0.000,0.022,0.0000,0.0557,0.0000,0.0060,0.000,32.34,40.0,3,0
137581547,0.000,0.000,0.0000,-0.1503,0.0000,0.0522,0.000,32.34,40.0,3,0
137582542,0.000,0.022,0.0000,0.1610,0.0000,-0.0291,0.000,32.34,40.0,3,0
137583550,0.000,0.000,0.0000,-0.0389,0.0000,0.0247,0.000,32.34,40.0,3,0
137584926,0.000,0.022,0.0000,-0.0694,0.0000,0.0346,0.000,32.34,40.0,3,0
137585614,0.000,0.022,0.0000,0.1060,0.0000,-0.0280,0.000,32.34,40.0,3,0
137586578,0.000,0.022,0.0000,-0.0008,0.0000,0.0401,0.000,32.34,40.0,3,0
137587570,0.000,0.022,0.0000,0.0664,0.0000,-0.0181,0.000,32.34,40.0,3,0
137588572,0.000,0.022,0.0000,0.0282,0.0000,0.0126,0.000,32.34,40.0,3,0
137589962,0.000,0.022,0.0000,0.0450,0.0000,0.0016,0.000,32.34,40.0,3,0
137590550,0.000,0.022,0.0000,0.0420,0.0000,0.0335,0.000,32.34,40.0,3,0
137591547,0.000,0.022,0.0000,-0.0648,0.0000,-0.0258,0.000,32.34,40.0,3,0
137592923,0.000,0.022,0.0000,0.0862,0.0000,-0.0170,0.000,32.34,40.0,3,0
137593573,0.000,0.000,0.0000,-0.0053,0.0000,-0.0071,0.000,32.34,40.0,3,0
137594889,0.000,0.000,0.0000,-0.0481,0.0000,-0.0005,0.000,32.34,40.0,3,0
137595575,0.000,0.022,0.0000,0.1137,0.0000,-0.0280,0.000,32.34,40.0,3,0
137596896,0.000,0.022,0.0000,-0.0282,0.0000,0.0137,0.000,32.34,40.0,3,0
137597575,0.000,0.022,0.0000,0.0359,0.0000,-0.0148,0.000,32.34,40.0,3,0
137598575,0.000,0.000,0.0000,-0.1259,0.0000,0.0368,0.000,32.34,40.0,3,0
137599888,0.000,0.022,0.0000,-0.1030,0.0000,0.0038,0.000,32.34,40.0,3,0
137600575,0.000,0.022,0.0000,0.0038,0.0000,-0.0071,0.000,32.34,40.0,3,0
137601587,0.000,0.022,0.0000,0.0359,0.0000,0.0313,0.000,32.34,40.0,3,0
137602545,0.000,0.022,0.0000,-0.0587,0.0000,0.0104,0.000,32.34,40.0,3,0
137603550,0.000,0.022,0.0000,0.0816,0.0000,0.0225,0.000,32.34,40.0,3,0
137604913,0.000,0.000,0.0000,-0.1534,0.0000,0.0159,0.000,32.34,40.0,3,0
137605597,0.000,0.022,0.0000,0.1976,0.0000,-0.0049,0.000,32.34,40.0,3,0
137606471,0.000,0.000,0.0000,-0.1335,0.0000,0.0170,0.000,32.34,40.0,3,0
137607547,0.000,0.022,0.0000,0.0710,0.0000,0.0126,0.000,32.34,40.0,3,0
137608542,0.000,0.022,0.0000,-0.0206,0.0000,-0.0027,0.000,32.34,40.0,3,0
137609998,0.000,0.022,0.0000,-0.0542,0.0000,0.0005,0.000,32.34,40.0,3,0
137610551,0.000,0.000,0.0000,-0.0023,0.0000,-0.0280,0.000,32.34,40.0,3,0
137611564,0.000,0.022,0.0000,0.0023,0.0000,0.0060,0.000,32.34,40.0,3,0
137612861,0.000,0.000,0.0000,-0.0145,0.0000,-0.0071,0.000,32.34,40.0,3,0
137613597,0.000,0.000,0.0000,0.0420,0.0000,-0.0071,0.000,32.34,40.0,3,0
137614870,0.000,0.022,0.0000,0.0465,0.0000,-0.0214,0.000,32.34,40.0,3,0
137615562,0.000,0.000,0.0000,-0.0710,0.0000,-0.0170,0.000,32.34,40.0,3,0
137616870,0.000,0.022,0.0000,0.0008,0.0000,-0.0027,0.000,32.34,40.0,3,0
137617600,0.000,0.022,0.0000,0.0114,0.0000,-0.0291,0.000,32.34,40.0,3,0
137618548,0.000,0.000,0.0000,-0.0542,0.0000,0.0170,0.000,32.34,40.0,3,0
137619887,0.000,0.022,0.0000,-0.0999,0.0000,-0.0335,0.000,32.34,40.0,3,0
137620542,0.000,0.000,0.0000,-0.0084,0.0000,-0.0082,0.000,32.34,40.0,3,0
137621660,0.000,0.022,0.0000,0.0404,0.0000,-0.0170,0.000,32.34,40.0,3,0
137622545,0.000,0.022,0.0000,0.0465,0.0000,-0.0280,0.000,32.34,40.0,3,0
137623559,0.000,0.022,0.0000,-0.0343,0.0000,0.0027,0.000,32.34,40.0,3,0
137624871,0.000,0.022,0.0000,0.0099,0.0000,0.0115,0.000,32.34,40.0,3,0
137625600,0.000,0.022,0.0000,0.0008,0.0000,-0.0368,0.000,32.34,40.0,3,0
137626548,0.000,0.022,0.0000,0.0572,0.0000,0.0115,0.000,32.34,40.0,3,0
137627559,0.000,0.000,0.0000,0.0160,0.0000,-0.0093,0.000,32.34,40.0,3,0
137628542,0.000,0.022,0.0000,0.0374,0.0000,-0.0016,0.000,32.34,40.0,3,0
137629969,0.000,0.022,0.0000,0.0923,0.0000,-0.0082,0.000,32.34,40.0,3,0
137630548,0.000,0.022,0.0000,-0.1122,0.0000,0.0049,0.000,32.34,40.0,3,0
137631547,0.000,0.022,0.0000,0.0160,0.0000,-0.0192,0.000,32.34,40.0,3,0
137632861,0.000,0.000,0.0000,0.0359,0.0000,0.0192,0.000,32.34,40.0,3,0
137633543,0.000,0.022,0.0000,-0.0435,0.0000,0.0170,0.000,32.34,40.0,3,0
137634930,0.000,0.000,0.0000,-0.0389,0.0000,0.0126,0.000,32.34,40.0,3,0
137635879,0.000,0.000,0.0000,0.0053,0.0000,-0.0082,0.000,32.34,40.0,3,0
137637229,0.000,0.000,0.0000,-0.1320,0.0000,-0.0170,0.000,32.34,40.0,3,0
137637876,0.000,0.022,0.0000,-0.1060,0.0000,-0.0115,0.000,32.34,40.0,3,0
137638878,0.000,0.022,0.0000,0.0847,0.0000,0.0027,0.000,32.34,40.0,3,0
137640206,0.000,0.000,0.0000,0.0328,0.0000,-0.0192,0.000,32.34,40.0,3,0
137640883,0.000,0.022,0.0000,-0.0465,0.0000,-0.0027,0.000,32.34,40.0,3,0
137641876,0.000,0.000,0.0000,-0.0771,0.0000,-0.0181,0.000,32.34,40.0,3,0
137642910,0.000,0.000,0.0000,-0.0023,0.0000,0.0357,0.000,32.34,40.0,3,0
137643943,0.000,0.000,0.0000,-0.0069,0.0000,-0.0258,0.000,32.34,40.0,3,0
137645198,0.000,0.022,0.0000,-0.0511,0.0000,0.0203,0.000,32.34,40.0,3,0
137645870,0.000,0.000,0.0000,-0.0282,0.0000,-0.0170,0.000,32.34,40.0,3,0
137646866,0.000,0.022,0.0000,0.0038,0.0000,0.0137,0.000,32.34,40.0,3,0
137647941,0.000,0.000,0.0000,-0.0206,0.0000,0.0082,0.000,32.34,40.0,3,0
137648876,0.000,0.022,0.0000,0.1228,0.0000,0.0104,0.000,32.34,40.0,3,0
137650206,0.000,0.022,0.0000,0.0511,0.0000,0.0236,0.000,32.34,40.0,3,0
137650877,0.000,0.000,0.0000,-0.0771,0.0000,0.0269,0.000,32.34,40.0,3,0
137651875,0.000,0.000,0.0000,-0.0618,0.0000,0.0016,0.000,32.34,40.0,3,0
137653197,0.000,0.022,0.0000,0.0801,0.0000,0.0038,0.000,32.34,40.0,3,0
137653570,0.000,0.022,0.0000,0.0160,0.0000,-0.0104,0.000,32.34,40.0,3,0
137654893,0.000,0.022,0.0000,0.0191,0.0000,0.0170,0.000,32.34,40.0,3,0
137655573,0.000,0.022,0.0000,0.0069,0.0000,-0.0082,0.000,32.34,40.0,3,0
137656898,0.000,0.022,0.0000,-0.0221,0.0000,0.0313,0.000,32.34,40.0,3,0
137657573,0.000,0.022,0.0000,0.0694,0.0000,0.0049,0.000,32.34,40.0,3,0
137658574,0.000,0.000,0.0000,-0.1350,0.0000,0.0269,0.000,32.34,40.0,3,0
137659901,0.000,0.000,0.0000,-0.0343,0.0000,0.0148,0.000,32.34,40.0,3,0
137660546,0.000,0.022,0.0000,0.0664,0.0000,0.0159,0.000,32.34,40.0,3,0
137661556,0.000,0.000,0.0000,-0.0237,0.0000,0.0159,0.000,32.34,40.0,3,0
137662596,0.000,0.022,0.0000,0.0267,0.0000,0.0258,0.000,32.34,40.0,3,0
137663589,0.000,0.000,0.0000,0.0008,0.0000,-0.0027,0.000,32.34,40.0,3,0
137664914,0.000,0.000,0.0000,-0.0343,0.0000,-0.0060,0.000,32.34,40.0,3,0
137665545,0.000,0.000,0.0000,-0.1259,0.0000,0.0236,0.000,32.34,40.0,3,0
137666688,0.000,0.022,0.0000,0.0801,0.0000,-0.0115,0.000,32.34,40.0,3,0
137667544,0.000,0.022,0.0000,-0.0237,0.0000,0.0082,0.000,32.34,40.0,3,0
137668559,0.000,0.022,0.0000,-0.0008,0.0000,-0.0027,0.000,32.34,40.0,3,0
137669871,0.000,0.000,0.0000,0.0679,0.0000,0.0027,0.000,32.34,40.0,3,0
137670601,0.000,0.000,0.0000,-0.0587,0.0000,0.0313,0.000,32.34,40.0,3,0
137671547,0.000,0.022,0.0000,0.0877,0.0000,-0.0071,0.000,32.34,40.0,3,0
137672879,0.000,0.022,0.0000,-0.0496,0.0000,0.0170,0.000,32.34,40.0,3,0
137673543,0.000,0.000,0.0000,-0.0557,0.0000,-0.0148,0.000,32.34,40.0,3,0
137674914,0.000,0.000,0.0000,-0.0847,0.0000,-0.0016,0.000,32.34,40.0,3,0
137675547,0.000,0.022,0.0000,0.0145,0.0000,0.0005,0.000,32.34,40.0,3,0
137676884,0.000,0.000,0.0000,-0.0191,0.0000,0.0456,0.000,32.34,40.0,3,0
137677547,0.000,0.022,0.0000,0.0298,0.0000,0.0005,0.000,32.34,40.0,3,0
137678667,0.000,0.000,0.0000,-0.0740,0.0000,0.0137,0.000,32.34,40.0,3,0
137679881,0.000,0.022,0.0000,0.0404,0.0000,0.0005,0.000,32.34,40.0,3,0
137680545,0.000,0.022,0.0000,-0.0282,0.0000,-0.0016,0.000,32.34,40.0,3,0
137681547,0.000,0.000,0.0000,-0.1579,0.0000,0.0104,0.000,32.34,40.0,3,0
137682542,0.000,0.000,0.0000,0.0038,0.0000,-0.0214,0.000,32.34,40.0,3,0
137683602,0.000,0.022,0.0000,0.0725,0.0000,-0.0181,0.000,32.34,40.0,3,0
137684899,0.000,0.022,0.0000,0.1045,0.0000,-0.0038,0.000,32.34,40.0,3,0
137685607,0.000,0.022,0.0000,0.0252,0.0000,0.0412,0.000,32.34,40.0,3,0
137686577,0.000,0.000,0.0000,-0.0008,0.0000,0.0247,0.000,32.34,40.0,3,0
137687573,0.000,0.022,0.0000,0.0633,0.0000,0.0005,0.000,32.34,40.0,3,0
137688635,0.000,0.022,0.0000,0.1152,0.0000,0.0335,0.000,32.34,40.0,3,0
137689895,0.000,0.022,0.0000,0.0069,0.0000,-0.0390,0.000,32.34,40.0,3,0
137690546,0.000,0.022,0.0000,0.0450,0.0000,0.0335,0.000,32.34,40.0,3,0
137691605,0.000,0.000,0.0000,-0.0206,0.0000,0.0082,0.000,32.34,40.0,3,0
137692891,0.000,0.000,0.0000,-0.0114,0.0000,0.0170,0.000,32.34,40.0,3,0
137693568,0.000,0.000,0.0000,0.0160,0.0000,-0.0258,0.000,32.34,40.0,3,0
137694890,0.000,0.000,0.0000,-0.1381,0.0000,-0.0104,0.000,32.34,40.0,3,0
137695569,0.000,0.000,0.0000,-0.0710,0.0000,0.0016,0.000,32.34,40.0,3,0
137696896,0.000,0.022,0.0000,0.0175,0.0000,0.0104,0.000,32.34,40.0,3,0
137697569,0.000,0.000,0.0000,-0.0801,0.0000,0.0027,0.000,32.34,40.0,3,0
137698572,0.000,0.000,0.0000,0.0923,0.0000,-0.0379,0.000,32.34,40.0,3,0
137699890,0.000,0.022,0.0000,0.0587,0.0000,0.0258,0.000,32.34,40.0,3,0
137700570,0.000,0.022,0.0000,-0.0160,0.0000,-0.0071,0.000,32.34,40.0,3,0
137701585,0.000,0.000,0.0000,-0.0145,0.0000,0.0038,0.000,32.34,40.0,3,0
137702546,0.000,0.022,0.0000,0.0252,0.0000,-0.0280,0.000,32.34,40.0,3,0
137703587,0.000,0.022,0.0000,0.0465,0.0000,-0.0280,0.000,32.34,40.0,3,0
137704912,0.000,0.000,0.0000,-0.0603,0.0000,0.0412,0.000,32.34,40.0,3,0
137705593,0.000,0.022,0.0000,0.0099,0.0000,-0.0291,0.000,32.34,40.0,3,0
137706598,0.000,0.000,0.0000,0.0160,0.0000,0.0401,0.000,32.34,40.0,3,0
137707542,0.000,0.022,0.0000,0.0542,0.0000,0.0027,0.000,32.34,40.0,3,0
137708547,0.000,0.022,0.0000,0.0755,0.0000,-0.0104,0.000,32.34,40.0,3,0
137709873,0.000,0.000,0.0000,-0.0130,0.0000,-0.0016,0.000,32.34,40.0,3,0
137710559,0.000,0.000,0.0000,-0.1610,0.0000,0.0082,0.000,32.34,40.0,3,0
137711547,0.000,0.000,0.0000,-0.0130,0.0000,-0.0016,0.000,32.34,40.0,3,0
137712919,0.000,0.000,0.0000,-0.0374,0.0000,0.0060,0.000,32.34,40.0,3,0
137713544,0.000,0.000,0.0000,0.0191,0.0000,-0.0093,0.000,32.34,40.0,3,0
137714886,0.000,0.000,0.0000,-0.0237,0.0000,-0.0104,0.000,32.34,40.0,3,0
137715542,0.000,0.022,0.0000,0.0908,0.0000,0.0148,0.000,32.34,40.0,3,0
137716925,0.000,0.000,0.0000,0.0237,0.0000,-0.0291,0.000,32.34,40.0,3,0
137717548,0.000,0.000,0.0000,-0.0694,0.0000,0.0192,0.000,32.34,40.0,3,0
137718564,0.000,0.000,0.0000,-0.0175,0.0000,-0.0368,0.000,32.34,40.0,3,0
137719861,0.000,0.022,0.0000,0.0679,0.0000,0.0181,0.000,32.34,40.0,3,0
137720538,0.000,0.000,0.0000,-0.0450,0.0000,-0.0016,0.000,32.34,40.0,3,0
137721584,0.000,0.000,0.0000,-0.0740,0.0000,-0.0401,0.000,32.34,40.0,3,0
137722542,0.000,0.000,0.0000,0.0298,0.0000,0.0126,0.000,32.34,40.0,3,0
137723560,0.000,0.000,0.0000,-0.0633,0.0000,-0.0148,0.000,32.34,40.0,3,0
137724869,0.000,0.000,0.0000,-0.0298,0.0000,0.0016,0.000,32.34,40.0,3,0
137725599,0.000,0.022,0.0000,0.0221,0.0000,0.0192,0.000,32.34,40.0,3,0
137726548,0.000,0.022,0.0000,0.0343,0.0000,-0.0236,0.000,32.34,40.0,3,0
137727560,0.000,0.022,0.0000,-0.0099,0.0000,-0.0214,0.000,32.34,40.0,3,0
137728542,0.000,0.022,0.0000,0.0938,0.0000,-0.0181,0.000,32.34,40.0,3,0
137729991,0.000,0.000,0.0000,-0.0053,0.0000,0.0192,0.000,32.34,40.0,3,0
137730548,0.000,0.000,0.0000,0.0847,0.0000,-0.0148,0.000,32.34,40.0,3,0
137731547,0.000,0.022,0.0000,-0.0160,0.0000,0.0192,0.000,32.34,40.0,3,0
137732860,0.000,0.022,0.0000,-0.0465,0.0000,0.0236,0.000,32.34,40.0,3,0
137733543,0.000,0.022,0.0000,-0.1076,0.0000,-0.0071,0.000,32.34,40.0,3,0
137734924,0.000,0.022,0.0000,-0.0053,0.0000,0.0159,0.000,32.34,40.0,3,0
137735874,0.000,0.022,0.0000,-0.0389,0.0000,0.0203,0.000,32.34,40.0,3,0
137737224,0.000,0.000,0.0000,0.0954,0.0000,0.0005,0.000,32.34,40.0,3,0
137737875,0.000,0.022,0.0000,0.1030,0.0000,0.0159,0.000,32.34,40.0,3,0
137738874,0.000,0.000,0.0000,-0.1259,0.0000,-0.0038,0.000,32.34,40.0,3,0
137740196,0.000,0.000,0.0000,-0.0267,0.0000,0.0170,0.000,32.34,40.0,3,0
137740875,0.000,0.022,0.0000,0.1106,0.0000,-0.0060,0.000,32.34,40.0,3,0
137741877,0.000,0.022,0.0000,0.0481,0.0000,0.0005,0.000,32.34,40.0,3,0
137742877,0.000,0.022,0.0000,0.0999,0.0000,0.0027,0.000,32.34,40.0,3,0
137743971,0.000,0.022,0.0000,0.0984,0.0000,-0.0181,0.000,32.34,40.0,3,0
137745195,0.000,0.000,0.0000,0.0008,0.0000,0.0390,0.000,32.34,40.0,3,0
137745863,0.000,0.000,0.0000,-0.0862,0.0000,-0.0148,0.000,32.34,40.0,3,0
137746864,0.000,0.000,0.0000,0.0648,0.0000,-0.0093,0.000,32.34,40.0,3,0
137747935,0.000,0.022,0.0000,0.1396,0.0000,-0.0126,0.000,32.34,40.0,3,0
137748874,0.000,0.000,0.0000,-0.1305,0.0000,0.0324,0.000,32.34,40.0,3,0
137750199,0.000,0.000,0.0000,-0.0282,0.0000,-0.0049,0.000,32.34,40.0,3,0
137750877,0.000,0.022,0.0000,0.0313,0.0000,0.0005,0.000,32.34,40.0,3,0
137751873,0.000,0.000,0.0000,-0.0404,0.0000,0.0005,0.000,32.34,40.0,3,0
137753197,0.000,0.000,0.0000,-0.0465,0.0000,-0.0214,0.000,32.34,40.0,3,0
137753571,0.000,0.000,0.0000,-0.1137,0.0000,-0.0049,0.000,32.34,40.0,3,0
137754891,0.000,0.022,0.0000,0.1060,0.0000,0.0247,0.000,32.34,40.0,3,0
137755573,0.000,0.022,0.0000,-0.0740,0.0000,0.0225,0.000,32.34,40.0,3,0
137756897,0.000,0.000,0.0000,-0.1198,0.0000,-0.0280,0.000,32.34,40.0,3,0
137757573,0.000,0.000,0.0000,-0.0099,0.0000,-0.0335,0.000,32.34,40.0,3,0
137758576,0.000,0.022,0.0000,-0.0191,0.0000,0.0016,0.000,32.34,40.0,3,0
137759902,0.000,0.000,0.0000,-0.0374,0.0000,0.0027,0.000,32.34,40.0,3,0
137760546,0.000,0.000,0.0000,-0.1122,0.0000,0.0247,0.000,32.34,40.0,3,0
137761547,0.000,0.000,0.0000,-0.0633,0.0000,-0.0269,0.000,32.34,40.0,3,0
137762595,0.000,0.000,0.0000,-0.0450,0.0000,-0.0126,0.000,32.34,40.0,3,0
137763590,0.000,0.022,0.0000,0.0099,0.0000,-0.0324,0.000,32.34,40.0,3,0
137764914,0.000,0.000,0.0000,-0.0710,0.0000,-0.0313,0.000,32.34,40.0,3,0
137765545,0.000,0.000,0.0000,0.0832,0.0000,0.0005,0.000,32.34,40.0,3,0
137766685,0.000,0.022,0.0000,0.0938,0.0000,0.0412,0.000,32.34,40.0,3,0
137767544,0.000,0.000,0.0000,-0.0481,0.0000,-0.0016,0.000,32.34,40.0,3,0
137768559,0.000,0.022,0.0000,0.1534,0.0000,0.0302,0.000,32.34,40.0,3,0
137769869,0.000,0.000,0.0000,-0.0679,0.0000,0.0071,0.000,32.34,40.0,3,0
137770601,0.000,0.022,0.0000,-0.0206,0.0000,0.0357,0.000,32.34,40.0,3,0
137771547,0.000,0.022,0.0000,-0.0069,0.0000,-0.0027,0.000,32.34,40.0,3,0
137772878,0.000,0.000,0.0000,-0.0099,0.0000,-0.0225,0.000,32.34,40.0,3,0
137773543,0.000,0.022,0.0000,0.0099,0.0000,0.0203,0.000,32.34,40.0,3,0
137774915,0.000,0.022,0.0000,0.0755,0.0000,0.0016,0.000,32.34,40.0,3,0
137775547,0.000,0.022,0.0000,-0.0572,0.0000,0.0225,0.000,32.34,40.0,3,0
137776884,0.000,0.022,0.0000,0.0664,0.0000,0.0071,0.000,32.34,40.0,3,0
137777547,0.000,0.000,0.0000,-0.0938,0.0000,-0.0170,0.000,32.34,40.0,3,0
137778661,0.000,0.022,0.0000,0.0603,0.0000,0.0621,0.000,32.34,40.0,3,0
137779871,0.000,0.000,0.0000,-0.0008,0.0000,-0.0082,0.000,32.34,40.0,3,0
137780645,0.000,0.022,0.0000,-0.0084,0.0000,0.0016,0.000,32.34,40.0,3,0
137781547,0.000,0.022,0.0000,0.0847,0.0000,0.0005,0.000,32.34,40.0,3,0
137782542,0.000,0.022,0.0000,0.0603,0.0000,-0.0214,0.000,32.34,40.0,3,0
137783542,0.000,0.022,0.0000,0.0877,0.0000,0.0346,0.000,32.34,40.0,3,0
137784925,0.000,0.022,0.0000,-0.0572,0.0000,0.0258,0.000,32.34,40.0,3,0
137785577,0.000,0.022,0.0000,-0.0282,0.0000,-0.0104,0.000,32.34,40.0,3,0
137786617,0.000,0.000,0.0000,-0.0420,0.0000,0.0456,0.000,32.34,40.0,3,0
137787573,0.000,0.022,0.0000,0.0908,0.0000,-0.0137,0.000,32.34,40.0,3,0
137788570,0.000,0.022,0.0000,-0.0587,0.0000,0.0071,0.000,32.34,40.0,3,0
137789891,0.000,0.022,0.0000,0.0023,0.0000,-0.0159,0.000,32.34,40.0,3,0
137790640,0.000,0.022,0.0000,0.0008,0.0000,0.0258,0.000,32.34,40.0,3,0
137791547,0.000,0.022,0.0000,-0.0908,0.0000,-0.0203,0.000,32.34,40.0,3,0
137792867,0.000,0.022,0.0000,-0.0465,0.0000,-0.0126,0.000,32.34,40.0,3,0
137793607,0.000,0.022,0.0000,-0.0786,0.0000,-0.0159,0.000,32.34,40.0,3,0
137794893,0.000,0.000,0.0000,-0.0664,0.0000,-0.0016,0.000,32.34,40.0,3,0
137795574,0.000,0.022,0.0000,0.1137,0.0000,-0.0115,0.000,32.34,40.0,3,0
137796896,0.000,0.022,0.0000,0.0847,0.0000,0.0082,0.000,32.34,40.0,3,0
137797574,0.000,0.022,0.0000,-0.0038,0.0000,0.0269,0.000,32.34,40.0,3,0
137798574,0.000,0.022,0.0000,-0.0282,0.0000,0.0060,0.000,32.34,40.0,3,0
137799891,0.000,0.022,0.0000,0.0511,0.0000,-0.0038,0.000,32.34,40.0,3,0
137800574,0.000,0.000,0.0000,-0.0389,0.0000,-0.0269,0.000,32.34,40.0,3,0
137801574,0.000,0.022,0.0000,0.0252,0.0000,0.0060,0.000,32.34,40.0,3,0
137802583,0.000,0.000,0.0000,-0.1442,0.0000,0.0324,0.000,32.34,40.0,3,0
137803544,0.000,0.022,0.0000,0.0404,0.0000,0.0016,0.000,32.34,40.0,3,0
137804876,0.000,0.022,0.0000,0.0374,0.0000,-0.0093,0.000,32.34,40.0,3,0
137805601,0.000,0.000,0.0000,-0.0038,0.0000,-0.0005,0.000,32.34,40.0,3,0
137806599,0.000,0.022,0.0000,-0.0313,0.0000,-0.0247,0.000,32.34,40.0,3,0
137807491,0.000,0.000,0.0000,-0.0404,0.0000,0.0247,0.000,32.34,40.0,3,0
137808545,0.000,0.000,0.0000,-0.0404,0.0000,0.0082,0.000,32.34,40.0,3,0
137809869,0.000,0.000,0.0000,0.0648,0.0000,0.0225,0.000,32.34,40.0,3,0
137810626,0.000,0.022,0.0000,-0.0191,0.0000,-0.0060,0.000,32.34,40.0,3,0
137811586,0.000,0.022,0.0000,0.0847,0.0000,0.0005,0.000,32.34,40.0,3,0
137812861,0.000,0.022,0.0000,-0.0374,0.0000,0.0159,0.000,32.34,40.0,3,0
137813560,0.000,0.022,0.0000,0.0465,0.0000,-0.0148,0.000,32.34,40.0,3,0
137814870,0.000,0.022,0.0000,0.0465,0.0000,-0.0148,0.000,32.34,40.0,3,0
137815601,0.000,0.022,0.0000,-0.0023,0.0000,0.0049,0.000,32.34,40.0,3,0
137816876,0.000,0.022,0.0000,0.0374,0.0000,-0.0170,0.000,32.34,40.0,3,0
137817559,0.000,0.022,0.0000,-0.0145,0.0000,-0.0005,0.000,32.34,40.0,3,0
137818547,0.000,0.000,0.0000,0.0389,0.0000,0.0214,0.000,32.34,40.0,3,0
137819915,0.000,0.022,0.0000,0.0984,0.0000,-0.0049,0.000,32.34,40.0,3,0
137820547,0.000,0.000,0.0000,-0.0771,0.0000,0.0038,0.000,32.34,40.0,3,0
137821638,0.000,0.000,0.0000,-0.0237,0.0000,-0.0225,0.000,32.34,40.0,3,0
137822544,0.000,0.022,0.0000,0.1137,0.0000,0.0071,0.000,32.34,40.0,3,0
137823597,0.000,0.000,0.0000,-0.0618,0.0000,0.0016,0.000,32.34,40.0,3,0
137824870,0.000,0.000,0.0000,0.0755,0.0000,-0.0324,0.000,32.34,40.0,3,0
137825567,0.000,0.022,0.0000,0.0999,0.0000,0.0060,0.000,32.34,40.0,3,0
137826547,0.000,0.000,0.0000,-0.0389,0.0000,0.0082,0.000,32.34,40.0,3,0
137827592,0.000,0.022,0.0000,0.0771,0.0000,0.0291,0.000,32.34,40.0,3,0
137828545,0.000,0.022,0.0000,-0.0053,0.0000,-0.0401,0.000,32.34,40.0,3,0
137829886,0.000,0.000,0.0000,-0.0587,0.0000,0.0214,0.000,32.34,40.0,3,0
137830548,0.000,0.000,0.0000,-0.1366,0.0000,-0.0214,0.000,32.34,40.0,3,0
137831678,0.000,0.000,0.0000,0.0511,0.0000,-0.0060,0.000,32.34,40.0,3,0
137832864,0.000,0.022,0.0000,-0.0145,0.0000,0.0082,0.000,32.34,40.0,3,0
137833543,0.000,0.022,0.0000,0.0404,0.0000,-0.0181,0.000,32.34,40.0,3,0
137834869,0.000,0.022,0.0000,-0.0328,0.0000,-0.0247,0.000,32.34,40.0,3,0
137835543,0.000,0.022,0.0000,0.0648,0.0000,-0.0027,0.000,32.34,40.0,3,0
137836924,0.000,0.022,0.0000,0.0832,0.0000,0.0115,0.000,32.34,40.0,3,0
137837578,0.000,0.022,0.0000,0.2113,0.0000,-0.0016,0.000,32.34,40.0,3,0
137838615,0.000,0.022,0.0000,-0.0908,0.0000,0.0247,0.000,32.34,40.0,3,0
137839894,0.000,0.000,0.0000,-0.0023,0.0000,0.0170,0.000,32.34,40.0,3,0
137840575,0.000,0.022,0.0000,0.1457,0.0000,-0.0104,0.000,32.34,40.0,3,0
137841578,0.000,0.022,0.0000,0.0404,0.0000,0.0214,0.000,32.34,40.0,3,0
137842646,0.000,0.000,0.0000,-0.0038,0.0000,0.0005,0.000,32.34,40.0,3,0
137843543,0.000,0.022,0.0000,0.1274,0.0000,0.0137,0.000,32.34,40.0,3,0
137844868,0.000,0.000,0.0000,0.0267,0.0000,0.0060,0.000,32.34,40.0,3,0
137845605,0.000,0.000,0.0000,-0.0099,0.0000,0.0104,0.000,32.34,40.0,3,0
137846577,0.000,0.000,0.0000,-0.0725,0.0000,-0.0005,0.000,32.34,40.0,3,0
137847569,0.000,0.000,0.0000,-0.0145,0.0000,-0.0027,0.000,32.34,40.0,3,0
137848569,0.000,0.022,0.0000,-0.0252,0.0000,-0.0247,0.000,32.34,40.0,3,0
137849891,0.000,0.000,0.0000,0.0542,0.0000,-0.0214,0.000,32.34,40.0,3,0
137850573,0.000,0.000,0.0000,-0.0465,0.0000,-0.0214,0.000,32.34,40.0,3,0
137851574,0.000,0.022,0.0000,0.0923,0.0000,0.0159,0.000,32.34,40.0,3,0
137852887,0.000,0.022,0.0000,-0.0221,0.0000,0.0082,0.000,32.34,40.0,3,0
137853572,0.000,0.022,0.0000,0.0496,0.0000,-0.0137,0.000,32.34,40.0,3,0
137854901,0.000,0.022,0.0000,0.0603,0.0000,-0.0159,0.000,32.34,40.0,3,0
137855548,0.000,0.022,0.0000,-0.1442,0.0000,0.0049,0.000,32.34,40.0,3,0
137856867,0.000,0.022,0.0000,0.0008,0.0000,-0.0060,0.000,32.34,40.0,3,0
137857599,0.000,0.022,0.0000,0.0343,0.0000,-0.0027,0.000,32.34,40.0,3,0
137858598,0.000,0.022,0.0000,-0.0420,0.0000,-0.0049,0.000,32.34,40.0,3,0
137859832,0.000,0.000,0.0000,-0.0099,0.0000,0.0115,0.000,32.34,40.0,3,0
137860551,0.000,0.000,0.0000,0.0160,0.0000,-0.0302,0.000,32.34,40.0,3,0
137861547,0.000,0.022,0.0000,0.0618,0.0000,0.0082,0.000,32.34,40.0,3,0
137862548,0.000,0.022,0.0000,-0.0481,0.0000,0.0467,0.000,32.34,40.0,3,0
137863545,0.000,0.022,0.0000,0.0099,0.0000,0.0027,0.000,32.34,40.0,3,0
137864887,0.000,0.022,0.0000,0.0038,0.0000,0.0038,0.000,32.34,40.0,3,0
137865542,0.000,0.022,0.0000,0.1381,0.0000,0.0236,0.000,32.34,40.0,3,0
137866605,0.000,0.022,0.0000,0.1076,0.0000,0.0214,0.000,32.34,40.0,3,0
137867543,0.000,0.000,0.0000,-0.0862,0.0000,-0.0005,0.000,32.34,40.0,3,0
137868559,0.000,0.000,0.0000,0.0359,0.0000,0.0170,0.000,32.34,40.0,3,0
137869869,0.000,0.022,0.0000,0.1137,0.0000,0.0082,0.000,32.34,40.0,3,0
137870600,0.000,0.022,0.0000,-0.0114,0.0000,0.0093,0.000,32.34,40.0,3,0
137871548,0.000,0.022,0.0000,0.0252,0.0000,0.0456,0.000,32.34,40.0,3,0
137872878,0.000,0.000,0.0000,-0.0069,0.0000,-0.0302,0.000,32.34,40.0,3,0
137873543,0.000,0.022,0.0000,-0.0114,0.0000,-0.0126,0.000,32.34,40.0,3,0
137874973,0.000,0.000,0.0000,-0.0175,0.0000,0.0049,0.000,32.34,40.0,3,0
137875550,0.000,0.000,0.0000,-0.0267,0.0000,-0.0104,0.000,32.34,40.0,3,0
137876883,0.000,0.022,0.0000,0.0252,0.0000,0.0247,0.000,32.34,40.0,3,0
137877547,0.000,0.000,0.0000,-0.0511,0.0000,0.0060,0.000,32.34,40.0,3,0
137878601,0.000,0.022,0.0000,-0.0343,0.0000,-0.0060,0.000,32.34,40.0,3,0
137879870,0.000,0.022,0.0000,-0.0084,0.0000,-0.0214,0.000,32.34,40.0,3,0
137880562,0.000,0.000,0.0000,-0.0343,0.0000,0.0236,0.000,32.34,40.0,3,0
137881547,0.000,0.022,0.0000,-0.0725,0.0000,0.0049,0.000,32.34,40.0,3,0
137882649,0.000,0.000,0.0000,0.0252,0.0000,0.0214,0.000,32.34,40.0,3,0
137883543,0.000,0.022,0.0000,0.0328,0.0000,-0.0104,0.000,32.34,40.0,3,0
137884870,0.000,0.022,0.0000,0.0435,0.0000,0.0049,0.000,32.34,40.0,3,0
137885542,0.000,0.022,0.0000,-0.1259,0.0000,0.0126,0.000,32.34,40.0,3,0
137886547,0.000,0.000,0.0000,-0.0298,0.0000,0.0049,0.000,32.34,40.0,3,0
137887611,0.000,0.022,0.0000,0.0679,0.0000,-0.0148,0.000,32.34,40.0,3,0
137888613,0.000,0.022,0.0000,-0.1427,0.0000,0.0313,0.000,32.34,40.0,3,0
137889891,0.000,0.022,0.0000,0.0252,0.0000,-0.0401,0.000,32.34,40.0,3,0
137890574,0.000,0.022,0.0000,-0.0877,0.0000,0.0038,0.000,32.34,40.0,3,0
137891578,0.000,0.022,0.0000,0.0786,0.0000,0.0302,0.000,32.34,40.0,3,0
137892961,0.000,0.022,0.0000,0.0450,0.0000,0.0269,0.000,32.34,40.0,3,0
137893544,0.000,0.022,0.0000,-0.0465,0.0000,-0.0104,0.000,32.34,40.0,3,0
137894865,0.000,0.022,0.0000,-0.0282,0.0000,-0.0104,0.000,32.34,40.0,3,0
137895612,0.000,0.022,0.0000,0.0404,0.0000,-0.0280,0.000,32.34,40.0,3,0
137896899,0.000,0.000,0.0000,0.0832,0.0000,0.0115,0.000,32.34,40.0,3,0
137897574,0.000,0.000,0.0000,0.0130,0.0000,0.0137,0.000,32.34,40.0,3,0
137898574,0.000,0.022,0.0000,0.0969,0.0000,0.0027,0.000,32.34,40.0,3,0
137899890,0.000,0.000,0.0000,-0.0191,0.0000,0.0049,0.000,32.34,40.0,3,0
137900573,0.000,0.022,0.0000,0.0633,0.0000,-0.0104,0.000,32.34,40.0,3,0
137901575,0.000,0.000,0.0000,-0.0587,0.0000,-0.0027,0.000,32.34,40.0,3,0
137902569,0.000,0.022,0.0000,0.1198,0.0000,-0.0016,0.000,32.34,40.0,3,0
137903569,0.000,0.000,0.0000,0.0465,0.0000,0.0016,0.000,32.34,40.0,3,0
137904902,0.000,0.022,0.0000,0.0572,0.0000,0.0324,0.000,32.34,40.0,3,0
137905546,0.000,0.000,0.0000,0.0023,0.0000,-0.0016,0.000,32.34,40.0,3,0
137906547,0.000,0.022,0.0000,-0.0145,0.0000,0.0247,0.000,32.34,40.0,3,0
137907595,0.000,0.000,0.0000,0.0755,0.0000,0.0335,0.000,32.34,40.0,3,0
137908589,0.000,0.000,0.0000,-0.0450,0.0000,0.0137,0.000,32.34,40.0,3,0
137909914,0.000,0.000,0.0000,-0.0237,0.0000,-0.0115,0.000,32.34,40.0,3,0
137910858,0.000,0.000,0.0000,-0.1076,0.0000,0.0126,0.000,32.34,40.0,3,0
137911876,0.000,0.022,0.0000,0.0572,0.0000,-0.0214,0.000,32.34,40.0,3,0
137913202,0.000,0.000,0.0000,-0.0359,0.0000,-0.0269,0.000,32.34,40.0,3,0
137913544,0.000,0.022,0.0000,-0.1015,0.0000,-0.0005,0.000,32.34,40.0,3,0
137914887,0.000,0.022,0.0000,0.0633,0.0000,0.0104,0.000,32.34,40.0,3,0
137915542,0.000,0.022,0.0000,0.0221,0.0000,0.0082,0.000,32.34,40.0,3,0
137916924,0.000,0.000,0.0000,0.0023,0.0000,-0.0258,0.000,32.34,40.0,3,0
137917548,0.000,0.000,0.0000,-0.0999,0.0000,-0.0170,0.000,32.34,40.0,3,0
137918564,0.000,0.022,0.0000,-0.0603,0.0000,-0.0104,0.000,32.34,40.0,3,0
137919861,0.000,0.000,0.0000,0.0511,0.0000,0.0093,0.000,32.34,40.0,3,0
137920596,0.000,0.022,0.0000,-0.0053,0.0000,0.0038,0.000,32.34,40.0,3,0
137921548,0.000,0.022,0.0000,0.0496,0.0000,-0.0225,0.000,32.34,40.0,3,0
137922633,0.000,0.022,0.0000,-0.1503,0.0000,0.0247,0.000,32.34,40.0,3,0
137923544,0.000,0.022,0.0000,0.0328,0.0000,0.0137,0.000,32.34,40.0,3,0
137924922,0.000,0.022,0.0000,-0.0572,0.0000,0.0247,0.000,32.34,40.0,3,0
137925856,0.000,0.022,0.0000,-0.0740,0.0000,0.0225,0.000,32.34,40.0,3,0
137926865,0.000,0.022,0.0000,0.1396,0.0000,-0.0027,0.000,32.34,40.0,3,0
137927858,0.000,0.022,0.0000,-0.0252,0.0000,0.0390,0.000,32.34,40.0,3,0
137928888,0.000,0.000,0.0000,0.0511,0.0000,0.0170,0.000,32.34,40.0,3,0
137930183,0.000,0.022,0.0000,-0.0572,0.0000,0.0104,0.000,32.34,40.0,3,0
137930863,0.000,0.022,0.0000,-0.0298,0.0000,0.0060,0.000,32.34,40.0,3,0
137931855,0.000,0.022,0.0000,-0.0648,0.0000,0.0060,0.000,32.34,40.0,3,0
137933130,0.000,0.000,0.0000,-0.1289,0.0000,0.0115,0.000,32.34,40.0,3,0
137933607,0.000,0.022,0.0000,-0.0084,0.0000,0.0456,0.000,32.34,40.0,3,0
137934921,0.000,0.022,0.0000,-0.0069,0.0000,-0.0093,0.000,32.34,40.0,3,0
137935548,0.000,0.022,0.0000,0.0069,0.0000,-0.0170,0.000,32.34,40.0,3,0
137936868,0.000,0.000,0.0000,-0.0160,0.0000,0.0181,0.000,32.34,40.0,3,0
137937544,0.000,0.022,0.0000,-0.0755,0.0000,-0.0159,0.000,32.34,40.0,3,0
137938558,0.000,0.022,0.0000,-0.0755,0.0000,0.0038,0.000,32.34,40.0,3,0
137939921,0.000,0.022,0.0000,0.0526,0.0000,-0.0214,0.000,32.34,40.0,3,0
137940613,0.000,0.022,0.0000,0.0496,0.0000,-0.0137,0.000,32.34,40.0,3,0
137941578,0.000,0.022,0.0000,0.1122,0.0000,-0.0016,0.000,32.34,40.0,3,0
137942570,0.000,0.000,0.0000,-0.0771,0.0000,-0.0082,0.000,32.34,40.0,3,0
137943572,0.000,0.022,0.0000,0.0206,0.0000,0.0082,0.000,32.34,40.0,3,0
137944956,0.000,0.022,0.0000,-0.0801,0.0000,-0.0214,0.000,32.34,40.0,3,0
137945550,0.000,0.022,0.0000,0.1442,0.0000,0.0258,0.000,32.34,40.0,3,0
137946547,0.000,0.022,0.0000,0.0237,0.0000,-0.0280,0.000,32.34,40.0,3,0
137947605,0.000,0.000,0.0000,-0.0221,0.0000,0.0170,0.000,32.34,40.0,3,0
137948572,0.000,0.000,0.0000,-0.0053,0.0000,-0.0159,0.000,32.34,40.0,3,0
137949888,0.000,0.022,0.0000,0.1625,0.0000,0.0258,0.000,32.34,40.0,3,0
137950575,0.000,0.022,0.0000,-0.0435,0.0000,0.0049,0.000,32.34,40.0,3,0
137951574,0.000,0.022,0.0000,0.0237,0.0000,-0.0071,0.000,32.34,40.0,3,0
137952886,0.000,0.022,0.0000,0.0160,0.0000,-0.0027,0.000,32.34,40.0,3,0
137953571,0.000,0.000,0.0000,-0.0587,0.0000,0.0060,0.000,32.34,40.0,3,0
137954891,0.000,0.022,0.0000,-0.0740,0.0000,0.0258,0.000,32.34,40.0,3,0
137955575,0.000,0.022,0.0000,-0.0084,0.0000,-0.0038,0.000,32.34,40.0,3,0
137956905,0.000,0.022,0.0000,-0.0191,0.0000,-0.0126,0.000,32.34,40.0,3,0
137957545,0.000,0.000,0.0000,-0.0206,0.0000,-0.0126,0.000,32.34,40.0,3,0
137958565,0.000,0.000,0.0000,-0.0755,0.0000,-0.0104,0.000,32.34,40.0,3,0
137959916,0.000,0.000,0.0000,0.0435,0.0000,-0.0016,0.000,32.34,40.0,3,0
137960596,0.000,0.022,0.0000,0.0084,0.0000,0.0236,0.000,32.34,40.0,3,0
137961478,0.000,0.022,0.0000,-0.0328,0.0000,-0.0258,0.000,32.34,40.0,3,0
137962545,0.000,0.022,0.0000,0.0893,0.0000,0.0214,0.000,32.34,40.0,3,0
137963542,0.000,0.022,0.0000,-0.0435,0.0000,-0.0137,0.000,32.34,40.0,3,0
137965000,0.000,0.000,0.0000,0.0389,0.0000,-0.0225,0.000,32.34,40.0,3,0
137965551,0.000,0.022,0.0000,-0.0679,0.0000,-0.0049,0.000,32.34,40.0,3,0
137966564,0.000,0.000,0.0000,0.0069,0.0000,0.0236,0.000,32.34,40.0,3,0
137967542,0.000,0.000,0.0000,-0.0008,0.0000,-0.0148,0.000,32.34,40.0,3,0
137968596,0.000,0.022,0.0000,0.0038,0.0000,0.0247,0.000,32.34,40.0,3,0
137969870,0.000,0.022,0.0000,0.0771,0.0000,0.0027,0.000,32.34,40.0,3,0
137970562,0.000,0.022,0.0000,-0.0435,0.0000,-0.0071,0.000,32.34,40.0,3,0
137971547,0.000,0.000,0.0000,-0.0114,0.0000,-0.0005,0.000,32.34,40.0,3,0
137972915,0.000,0.022,0.0000,0.0603,0.0000,0.0115,0.000,32.34,40.0,3,0
137973548,0.000,0.022,0.0000,0.1366,0.0000,-0.0071,0.000,32.34,40.0,3,0
137974882,0.000,0.022,0.0000,0.0664,0.0000,-0.0115,0.000,32.34,40.0,3,0
137975545,0.000,0.022,0.0000,-0.0801,0.0000,-0.0071,0.000,32.34,40.0,3,0
137976980,0.000,0.022,0.0000,-0.0420,0.0000,-0.0005,0.000,32.34,40.0,3,0
137977550,0.000,0.022,0.0000,-0.0084,0.0000,0.0159,0.000,32.34,40.0,3,0
137978564,0.000,0.022,0.0000,0.1183,0.0000,-0.0258,0.000,32.34,40.0,3,0
137979861,0.000,0.022,0.0000,-0.1122,0.0000,0.0181,0.000,32.34,40.0,3,0
137980600,0.000,0.000,0.0000,-0.0481,0.0000,0.0280,0.000,32.34,40.0,3,0
137981548,0.000,0.000,0.0000,-0.0237,0.0000,-0.0016,0.000,32.34,40.0,3,0
137982558,0.000,0.022,0.0000,0.1076,0.0000,0.0467,0.000,32.34,40.0,3,0
137983542,0.000,0.022,0.0000,-0.0542,0.0000,-0.0005,0.000,32.34,40.0,3,0
137984971,0.000,0.022,0.0000,0.1579,0.0000,0.0368,0.000,32.34,40.0,3,0
137985548,0.000,0.022,0.0000,0.0191,0.0000,0.0302,0.000,32.34,40.0,3,0
137986547,0.000,0.000,0.0000,-0.0053,0.0000,-0.0060,0.000,32.34,40.0,3,0
137987542,0.000,0.000,0.0000,-0.0679,0.0000,-0.0214,0.000,32.34,40.0,3,0
137988542,0.000,0.000,0.0000,-0.0481,0.0000,0.0016,0.000,32.34,40.0,3,0
137989930,0.000,0.022,0.0000,0.0023,0.0000,-0.0027,0.000,32.34,40.0,3,0
137990612,0.000,0.022,0.0000,0.0191,0.0000,-0.0126,0.000,32.34,40.0,3,0
137991577,0.000,0.000,0.0000,-0.0648,0.0000,0.0027,0.000,32.34,40.0,3,0
137992888,0.000,0.000,0.0000,-0.0862,0.0000,0.0060,0.000,32.34,40.0,3,0
137993573,0.000,0.000,0.0000,0.0481,0.0000,-0.0071,0.000,32.34,40.0,3,0
137994941,0.000,0.022,0.0000,0.0130,0.0000,-0.0137,0.000,32.34,40.0,3,0
137995616,0.000,0.022,0.0000,-0.0130,0.0000,-0.0082,0.000,32.34,40.0,3,0
137996873,0.000,0.000,0.0000,-0.0771,0.0000,0.0005,0.000,32.34,40.0,3,0
137997542,0.000,0.022,0.0000,0.0893,0.0000,-0.0126,0.000,32.34,40.0,3,0
137998617,0.000,0.000,0.0000,-0.1732,0.0000,-0.0192,0.000,32.34,40.0,3,0
137999893,0.000,0.000,0.0000,-0.0755,0.0000,-0.0159,0.000,32.34,40.0,3,0
138000573,0.000,0.022,0.0000,-0.0130,0.0000,-0.0016,0.000,32.34,40.0,3,0
138001574,0.000,0.000,0.0000,0.0267,0.0000,-0.0082,0.000,32.34,40.0,3,0
138002569,0.000,0.022,0.0000,0.1137,0.0000,-0.0203,0.000,32.34,40.0,3,0
138003569,0.000,0.000,0.0000,-0.1015,0.0000,-0.0137,0.000,32.34,40.0,3,0
138004892,0.000,0.000,0.0000,-0.0954,0.0000,0.0049,0.000,32.34,40.0,3,0
138005573,0.000,0.022,0.0000,0.1701,0.0000,0.0038,0.000,32.34,40.0,3,0
138006574,0.000,0.022,0.0000,0.0481,0.0000,-0.0313,0.000,32.34,40.0,3,0
138007582,0.000,0.022,0.0000,-0.0511,0.0000,0.0005,0.000,32.34,40.0,3,0
138008543,0.000,0.022,0.0000,0.0191,0.0000,0.0115,0.000,32.34,40.0,3,0
138009908,0.000,0.000,0.0000,-0.1274,0.0000,-0.0148,0.000,32.34,40.0,3,0
138010601,0.000,0.000,0.0000,-0.0114,0.0000,-0.0049,0.000,32.34,40.0,3,0
138011600,0.000,0.022,0.0000,-0.0450,0.0000,-0.0423,0.000,32.34,40.0,3,0
138012916,0.000,0.022,0.0000,0.0114,0.0000,-0.0005,0.000,32.34,40.0,3,0
138013543,0.000,0.022,0.0000,-0.0008,0.0000,0.0313,0.000,32.34,40.0,3,0
138014856,0.000,0.022,0.0000,0.0298,0.0000,0.0247,0.000,32.34,40.0,3,0
138015854,0.000,0.022,0.0000,0.1411,0.0000,-0.0115,0.000,32.34,40.0,3,0
138017186,0.000,0.022,0.0000,-0.0343,0.0000,-0.0159,0.000,32.34,40.0,3,0
138017855,0.000,0.022,0.0000,-0.1015,0.0000,0.0060,0.000,32.34,40.0,3,0
138018892,0.000,0.000,0.0000,0.0435,0.0000,0.0236,0.000,32.34,40.0,3,0
138020184,0.000,0.000,0.0000,-0.0938,0.0000,0.0038,0.000,32.34,40.0,3,0
138020858,0.000,0.022,0.0000,0.0557,0.0000,0.0302,0.000,32.34,40.0,3,0
138021853,0.000,0.000,0.0000,-0.1335,0.0000,-0.0148,0.000,32.34,40.0,3,0
138022891,0.000,0.022,0.0000,0.0221,0.0000,-0.0038,0.000,32.34,40.0,3,0
138023856,0.000,0.022,0.0000,0.0435,0.0000,0.0346,0.000,32.34,40.0,3,0
138025271,0.000,0.022,0.0000,-0.0771,0.0000,0.0302,0.000,32.34,40.0,3,0
138025853,0.000,0.022,0.0000,0.0511,0.0000,0.0269,0.000,32.34,40.0,3,0
138026890,0.000,0.022,0.0000,-0.0221,0.0000,-0.0049,0.000,32.34,40.0,3,0
138027853,0.000,0.000,0.0000,-0.0908,0.0000,-0.0192,0.000,32.34,40.0,3,0
138028860,0.000,0.000,0.0000,-0.0816,0.0000,-0.0104,0.000,32.34,40.0,3,0
138030184,0.000,0.000,0.0000,0.0114,0.0000,-0.0093,0.000,32.34,40.0,3,0
138030725,0.000,0.022,0.0000,0.0175,0.0000,0.0280,0.000,32.34,40.0,3,0
138031875,0.000,0.022,0.0000,0.1137,0.0000,0.0104,0.000,32.34,40.0,3,0
138033169,0.000,0.000,0.0000,-0.1060,0.0000,0.0071,0.000,32.34,40.0,3,0
138033642,0.000,0.022,0.0000,0.0267,0.0000,0.0390,0.000,32.34,40.0,3,0
138034872,0.000,0.000,0.0000,-0.0542,0.0000,-0.0236,0.000,32.34,40.0,3,0
138035542,0.000,0.000,0.0000,0.1549,0.0000,0.0027,0.000,32.34,40.0,3,0
138036872,0.000,0.022,0.0000,0.0145,0.0000,-0.0126,0.000,32.34,40.0,3,0
138037542,0.000,0.000,0.0000,-0.1137,0.0000,-0.0071,0.000,32.34,40.0,3,0
138038618,0.000,0.000,0.0000,-0.1335,0.0000,-0.0060,0.000,32.34,40.0,3,0
138039894,0.000,0.000,0.0000,0.0420,0.0000,-0.0379,0.000,32.34,40.0,3,0
138040615,0.000,0.000,0.0000,-0.0145,0.0000,0.0368,0.000,32.34,40.0,3,0
138041579,0.000,0.022,0.0000,0.0969,0.0000,-0.0071,0.000,32.34,40.0,3,0
138042573,0.000,0.022,0.0000,0.0542,0.0000,-0.0027,0.000,32.34,40.0,3,0
138043571,0.000,0.022,0.0000,-0.0069,0.0000,-0.0060,0.000,32.34,40.0,3,0
138044958,0.000,0.022,0.0000,-0.0450,0.0000,-0.0137,0.000,32.34,40.0,3,0
138045549,0.000,0.022,0.0000,-0.0008,0.0000,0.0291,0.000,32.34,40.0,3,0
138046560,0.000,0.022,0.0000,0.1320,0.0000,-0.0060,0.000,32.34,40.0,3,0
138047606,0.000,0.000,0.0000,-0.0450,0.0000,0.0005,0.000,32.34,40.0,3,0
138048569,0.000,0.022,0.0000,-0.0435,0.0000,-0.0071,0.000,32.34,40.0,3,0
138049888,0.000,0.000,0.0000,-0.0908,0.0000,-0.0093,0.000,32.34,40.0,3,0
138050575,0.000,0.022,0.0000,0.0023,0.0000,-0.0225,0.000,32.34,40.0,3,0
138051574,0.000,0.000,0.0000,0.0221,0.0000,0.0038,0.000,32.34,40.0,3,0
138052888,0.000,0.000,0.0000,0.0374,0.0000,-0.0027,0.000,32.34,40.0,3,0
138053570,0.000,0.022,0.0000,-0.0160,0.0000,0.0181,0.000,32.34,40.0,3,0
138054889,0.000,0.000,0.0000,-0.0206,0.0000,0.0093,0.000,32.34,40.0,3,0
138055575,0.000,0.022,0.0000,-0.0359,0.0000,-0.0049,0.000,32.34,40.0,3,0
138056907,0.000,0.000,0.0000,-0.0847,0.0000,0.0060,0.000,32.34,40.0,3,0
138057544,0.000,0.022,0.0000,0.1717,0.0000,-0.0016,0.000,32.34,40.0,3,0
138058564,0.000,0.000,0.0000,-0.0175,0.0000,0.0071,0.000,32.34,40.0,3,0
138059918,0.000,0.022,0.0000,0.1091,0.0000,0.0225,0.000,32.34,40.0,3,0
138060598,0.000,0.000,0.0000,0.0099,0.0000,-0.0335,0.000,32.34,40.0,3,0
138061479,0.000,0.022,0.0000,0.0694,0.0000,0.0324,0.000,32.34,40.0,3,0
138062545,0.000,0.022,0.0000,0.0618,0.0000,-0.0038,0.000,32.34,40.0,3,0
138063542,0.000,0.022,0.0000,0.0679,0.0000,0.0423,0.000,32.34,40.0,3,0
138064998,0.000,0.000,0.0000,0.0328,0.0000,-0.0335,0.000,32.34,40.0,3,0
138065854,0.000,0.022,0.0000,-0.0435,0.0000,-0.0049,0.000,32.34,40.0,3,0
138066863,0.000,0.022,0.0000,0.0160,0.0000,-0.0082,0.000,32.34,40.0,3,0
138067853,0.000,0.022,0.0000,0.0389,0.0000,-0.0159,0.000,32.34,40.0,3,0
138068888,0.000,0.022,0.0000,0.0084,0.0000,0.0181,0.000,32.34,40.0,3,0
138070180,0.000,0.022,0.0000,0.0923,0.0000,0.0115,0.000,32.34,40.0,3,0
138070861,0.000,0.022,0.0000,-0.0145,0.0000,-0.0016,0.000,32.34,40.0,3,0
138071853,0.000,0.022,0.0000,0.0160,0.0000,-0.0104,0.000,32.34,40.0,3,0
138073214,0.000,0.000,0.0000,-0.0023,0.0000,0.0269,0.000,32.34,40.0,3,0
138073547,0.000,0.000,0.0000,-0.0786,0.0000,0.0060,0.000,32.34,40.0,3,0
138074883,0.000,0.000,0.0000,0.0999,0.0000,-0.0093,0.000,32.34,40.0,3,0
138075545,0.000,0.022,0.0000,0.1289,0.0000,0.0291,0.000,32.34,40.0,3,0
138076981,0.000,0.022,0.0000,-0.0221,0.0000,0.0060,0.000,32.34,40.0,3,0
138077549,0.000,0.000,0.0000,-0.0816,0.0000,-0.0181,0.000,32.34,40.0,3,0
138078564,0.000,0.022,0.0000,-0.0343,0.0000,0.0016,0.000,32.34,40.0,3,0
138079861,0.000,0.000,0.0000,-0.1183,0.0000,-0.0335,0.000,32.34,40.0,3,0
138080601,0.000,0.022,0.0000,0.1198,0.0000,0.0379,0.000,32.34,40.0,3,0
138081547,0.000,0.000,0.0000,-0.0389,0.0000,-0.0049,0.000,32.34,40.0,3,0
138082559,0.000,0.022,0.0000,-0.0557,0.0000,0.0357,0.000,32.34,40.0,3,0
138083542,0.000,0.022,0.0000,0.0938,0.0000,0.0005,0.000,32.34,40.0,3,0
138084971,0.000,0.022,0.0000,-0.0252,0.0000,-0.0302,0.000,32.34,40.0,3,0
138085548,0.000,0.022,0.0000,0.0435,0.0000,0.0621,0.000,32.34,40.0,3,0
138086547,0.000,0.022,0.0000,0.0618,0.0000,-0.0269,0.000,32.34,40.0,3,0
138087542,0.000,0.000,0.0000,-0.0801,0.0000,0.0082,0.000,32.34,40.0,3,0
138088542,0.000,0.000,0.0000,0.0648,0.0000,-0.0192,0.000,32.34,40.0,3,0
138089927,0.000,0.000,0.0000,-0.0481,0.0000,0.0269,0.000,32.34,40.0,3,0
138090575,0.000,0.022,0.0000,-0.0206,0.0000,-0.0082,0.000,32.34,40.0,3,0
138091615,0.000,0.022,0.0000,-0.0237,0.0000,-0.0280,0.000,32.34,40.0,3,0
138092892,0.000,0.022,0.0000,0.0999,0.0000,0.0016,0.000,32.34,40.0,3,0
138093573,0.000,0.022,0.0000,-0.0740,0.0000,0.0159,0.000,32.34,40.0,3,0
138094946,0.000,0.000,0.0000,-0.0160,0.0000,0.0203,0.000,32.34,40.0,3,0
138095581,0.000,0.022,0.0000,0.0313,0.0000,0.0291,0.000,32.34,40.0,3,0
138096875,0.000,0.022,0.0000,-0.0298,0.0000,0.0071,0.000,32.34,40.0,3,0
138097544,0.000,0.022,0.0000,0.0252,0.0000,0.0379,0.000,32.34,40.0,3,0
138098612,0.000,0.022,0.0000,-0.0175,0.0000,0.0038,0.000,32.34,40.0,3,0
138099893,0.000,0.022,0.0000,-0.0755,0.0000,0.0159,0.000,32.34,40.0,3,0
138100572,0.000,0.022,0.0000,-0.0008,0.0000,-0.0302,0.000,32.34,40.0,3,0
138101572,0.000,0.022,0.0000,0.0038,0.0000,0.0225,0.000,32.34,40.0,3,0
138102567,0.000,0.000,0.0000,-0.0343,0.0000,-0.0093,0.000,32.34,40.0,3,0
138103567,0.000,0.022,0.0000,0.0481,0.0000,0.0291,0.000,32.34,40.0,3,0
138104889,0.000,0.022,0.0000,0.0847,0.0000,-0.0038,0.000,32.34,40.0,3,0
138105572,0.000,0.000,0.0000,-0.0359,0.0000,-0.0049,0.000,32.34,40.0,3,0
138106584,0.000,0.000,0.0000,-0.0664,0.0000,0.0159,0.000,32.34,40.0,3,0
138107548,0.000,0.022,0.0000,0.1183,0.0000,-0.0214,0.000,32.34,40.0,3,0
138108542,0.000,0.022,0.0000,0.0038,0.0000,-0.0269,0.000,32.34,40.0,3,0
138109910,0.000,0.022,0.0000,-0.0114,0.0000,0.0401,0.000,32.34,40.0,3,0
138110593,0.000,0.022,0.0000,0.0511,0.0000,0.0148,0.000,32.34,40.0,3,0
138111596,0.000,0.022,0.0000,-0.0587,0.0000,0.0104,0.000,32.34,40.0,3,0
138112910,0.000,0.022,0.0000,0.1884,0.0000,-0.0335,0.000,32.34,40.0,3,0
138113543,0.000,0.022,0.0000,0.0755,0.0000,0.0247,0.000,32.34,40.0,3,0
138114870,0.000,0.022,0.0000,0.1457,0.0000,0.0269,0.000,32.34,40.0,3,0
138115551,0.000,0.000,0.0000,-0.0526,0.0000,0.0137,0.000,32.34,40.0,3,0
138116885,0.000,0.000,0.0000,0.0359,0.0000,0.0104,0.000,32.34,40.0,3,0
138117547,0.000,0.022,0.0000,0.1762,0.0000,0.0049,0.000,32.34,40.0,3,0
138118601,0.000,0.000,0.0000,-0.0694,0.0000,0.0346,0.000,32.34,40.0,3,0
138119870,0.000,0.022,0.0000,0.0313,0.0000,0.0258,0.000,32.34,40.0,3,0
138120562,0.000,0.022,0.0000,-0.0542,0.0000,-0.0060,0.000,32.34,40.0,3,0
138121547,0.000,0.022,0.0000,-0.0359,0.0000,0.0005,0.000,32.34,40.0,3,0
138122596,0.000,0.022,0.0000,0.0206,0.0000,-0.0016,0.000,32.34,40.0,3,0
138123547,0.000,0.022,0.0000,-0.0557,0.0000,0.0038,0.000,32.34,40.0,3,0
138124883,0.000,0.022,0.0000,-0.0008,0.0000,0.0335,0.000,32.34,40.0,3,0
138125545,0.000,0.000,0.0000,-0.0633,0.0000,-0.0082,0.000,32.34,40.0,3,0
138126659,0.000,0.000,0.0000,0.0282,0.0000,-0.0126,0.000,32.34,40.0,3,0
138127545,0.000,0.022,0.0000,0.0221,0.0000,-0.0148,0.000,32.34,40.0,3,0
138128559,0.000,0.022,0.0000,-0.0237,0.0000,-0.0214,0.000,32.34,40.0,3,0
138129870,0.000,0.000,0.0000,0.0145,0.0000,0.0115,0.000,32.34,40.0,3,0
138130600,0.000,0.000,0.0000,-0.0618,0.0000,0.0005,0.000,32.34,40.0,3,0
138131548,0.000,0.000,0.0000,-0.0908,0.0000,-0.0170,0.000,32.34,40.0,3,0
138132878,0.000,0.022,0.0000,0.0511,0.0000,-0.0214,0.000,32.34,40.0,3,0
138133543,0.000,0.022,0.0000,-0.0069,0.0000,0.0016,0.000,32.34,40.0,3,0
138134974,0.000,0.000,0.0000,-0.0435,0.0000,0.0016,0.000,32.34,40.0,3,0
138135548,0.000,0.000,0.0000,-0.0252,0.0000,-0.0071,0.000,32.34,40.0,3,0
138136867,0.000,0.022,0.0000,-0.0053,0.0000,-0.0148,0.000,32.34,40.0,3,0
138137612,0.000,0.022,0.0000,0.0832,0.0000,0.0291,0.000,32.34,40.0,3,0
138138576,0.000,0.022,0.0000,-0.0267,0.0000,0.0192,0.000,32.34,40.0,3,0
138139892,0.000,0.022,0.0000,0.0557,0.0000,-0.0269,0.000,32.34,40.0,3,0
138140573,0.000,0.022,0.0000,-0.0191,0.0000,0.0126,0.000,32.34,40.0,3,0
138141575,0.000,0.022,0.0000,-0.0343,0.0000,-0.0093,0.000,32.34,40.0,3,0
138142569,0.000,0.022,0.0000,-0.0099,0.0000,0.0247,0.000,32.34,40.0,3,0
138143569,0.000,0.022,0.0000,0.1244,0.0000,-0.0082,0.000,32.34,40.0,3,0
138144891,0.000,0.022,0.0000,0.0648,0.0000,-0.0137,0.000,32.34,40.0,3,0
138145573,0.000,0.022,0.0000,0.0969,0.0000,0.0170,0.000,32.34,40.0,3,0
138146590,0.000,0.000,0.0000,0.0175,0.0000,-0.0181,0.000,32.34,40.0,3,0
138147542,0.000,0.022,0.0000,-0.0160,0.0000,0.0016,0.000,32.34,40.0,3,0
138148559,0.000,0.022,0.0000,0.0069,0.0000,-0.0269,0.000,32.34,40.0,3,0
138149913,0.000,0.000,0.0000,0.0603,0.0000,0.0368,0.000,32.34,40.0,3,0
138150599,0.000,0.000,0.0000,-0.0221,0.0000,0.0126,0.000,32.34,40.0,3,0
138151480,0.000,0.022,0.0000,0.1884,0.0000,0.0005,0.000,32.34,40.0,3,0
138152864,0.000,0.022,0.0000,-0.0023,0.0000,-0.0280,0.000,32.34,40.0,3,0
138153543,0.000,0.022,0.0000,-0.0313,0.0000,-0.0148,0.000,32.34,40.0,3,0
138154858,0.000,0.000,0.0000,-0.0633,0.0000,-0.0071,0.000,32.34,40.0,3,0
138155854,0.000,0.000,0.0000,-0.0221,0.0000,-0.0060,0.000,32.34,40.0,3,0
138157267,0.000,0.022,0.0000,-0.0313,0.0000,0.0181,0.000,32.34,40.0,3,0
138157851,0.000,0.022,0.0000,0.0420,0.0000,-0.0181,0.000,32.34,40.0,3,0
138158798,0.000,0.022,0.0000,0.0862,0.0000,-0.0093,0.000,32.34,40.0,3,0
138160198,0.000,0.022,0.0000,0.0298,0.0000,0.0434,0.000,32.34,40.0,3,0
138160848,0.000,0.022,0.0000,0.0175,0.0000,-0.0071,0.000,32.34,40.0,3,0
138161858,0.000,0.022,0.0000,-0.0114,0.0000,0.0137,0.000,32.34,40.0,3,0
138162852,0.000,0.022,0.0000,0.0008,0.0000,0.0016,0.000,32.34,40.0,3,0
138163926,0.000,0.022,0.0000,0.0603,0.0000,0.0027,0.000,32.34,40.0,3,0
138165177,0.000,0.000,0.0000,-0.0298,0.0000,0.0170,0.000,32.34,40.0,3,0
138165933,0.000,0.022,0.0000,0.0664,0.0000,0.0203,0.000,32.34,40.0,3,0
138166935,0.000,0.000,0.0000,-0.0786,0.0000,-0.0214,0.000,32.34,40.0,3,0
138167852,0.000,0.000,0.0000,-0.0984,0.0000,-0.0049,0.000,32.34,40.0,3,0
138168853,0.000,0.022,0.0000,0.0771,0.0000,-0.0379,0.000,32.34,40.0,3,0
138170181,0.000,0.000,0.0000,-0.0038,0.0000,-0.0038,0.000,32.34,40.0,3,0
138170720,0.000,0.022,0.0000,0.0450,0.0000,0.0060,0.000,32.34,40.0,3,0
138171874,0.000,0.000,0.0000,0.0511,0.0000,0.0060,0.000,32.34,40.0,3,0
138173165,0.000,0.022,0.0000,0.1274,0.0000,0.0203,0.000,32.34,40.0,3,0
138173560,0.000,0.000,0.0000,-0.0496,0.0000,-0.0203,0.000,32.34,40.0,3,0
138174869,0.000,0.022,0.0000,0.0359,0.0000,-0.0093,0.000,32.34,40.0,3,0
138175533,0.000,0.000,0.0000,-0.0282,0.0000,0.0060,0.000,32.34,40.0,3,0
138176905,0.000,0.022,0.0000,-0.0145,0.0000,0.0478,0.000,32.34,40.0,3,0
138177547,0.000,0.000,0.0000,-0.0465,0.0000,0.0038,0.000,32.34,40.0,3,0
138178565,0.000,0.022,0.0000,0.0664,0.0000,-0.0214,0.000,32.34,40.0,3,0
138179861,0.000,0.022,0.0000,0.1259,0.0000,0.0115,0.000,32.34,40.0,3,0
138180600,0.000,0.000,0.0000,-0.0603,0.0000,0.0060,0.000,32.34,40.0,3,0
138181547,0.000,0.000,0.0000,-0.0801,0.0000,0.0049,0.000,32.34,40.0,3,0
138182560,0.000,0.022,0.0000,-0.0084,0.0000,-0.0456,0.000,32.34,40.0,3,0
138183542,0.000,0.022,0.0000,0.0252,0.0000,0.0291,0.000,32.34,40.0,3,0
138184967,0.000,0.000,0.0000,0.0145,0.0000,-0.0335,0.000,32.34,40.0,3,0
138185548,0.000,0.022,0.0000,0.0237,0.0000,0.0236,0.000,32.34,40.0,3,0
138186547,0.000,0.000,0.0000,-0.0038,0.0000,-0.0082,0.000,32.34,40.0,3,0
138187542,0.000,0.000,0.0000,-0.0008,0.0000,-0.0159,0.000,32.34,40.0,3,0
138188542,0.000,0.000,0.0000,-0.0679,0.0000,0.0258,0.000,32.34,40.0,3,0
138189926,0.000,0.000,0.0000,0.0771,0.0000,-0.0269,0.000,32.34,40.0,3,0
138190613,0.000,0.022,0.0000,-0.0191,0.0000,0.0049,0.000,32.34,40.0,3,0
138191578,0.000,0.022,0.0000,-0.0084,0.0000,-0.0137,0.000,32.34,40.0,3,0
138192890,0.000,0.022,0.0000,0.0267,0.0000,0.0049,0.000,32.34,40.0,3,0
138193574,0.000,0.022,0.0000,0.0923,0.0000,0.0225,0.000,32.34,40.0,3,0
138194960,0.000,0.022,0.0000,0.1503,0.0000,0.0016,0.000,32.34,40.0,3,0
138195550,0.000,0.022,0.0000,0.1350,0.0000,-0.0115,0.000,32.34,40.0,3,0
138196866,0.000,0.022,0.0000,0.0587,0.0000,0.0104,0.000,32.34,40.0,3,0
138197610,0.000,0.000,0.0000,-0.0282,0.0000,0.0236,0.000,32.34,40.0,3,0
138198577,0.000,0.000,0.0000,-0.0282,0.0000,-0.0214,0.000,32.34,40.0,3,0
138199891,0.000,0.022,0.0000,0.0832,0.0000,-0.0027,0.000,32.34,40.0,3,0
138200573,0.000,0.000,0.0000,-0.0465,0.0000,0.0335,0.000,32.34,40.0,3,0
138201574,0.000,0.000,0.0000,-0.0008,0.0000,-0.0214,0.000,32.34,40.0,3,0
138202569,0.000,0.022,0.0000,0.0069,0.0000,0.0214,0.000,32.34,40.0,3,0
138203569,0.000,0.022,0.0000,0.0603,0.0000,-0.0005,0.000,32.34,40.0,3,0
138204891,0.000,0.000,0.0000,-0.0282,0.0000,-0.0104,0.000,32.34,40.0,3,0
138205573,0.000,0.022,0.0000,-0.0603,0.0000,-0.0104,0.000,32.34,40.0,3,0
138206590,0.000,0.022,0.0000,0.0847,0.0000,-0.0423,0.000,32.34,40.0,3,0
138207543,0.000,0.000,0.0000,-0.0572,0.0000,0.0346,0.000,32.34,40.0,3,0
138208542,0.000,0.022,0.0000,0.0771,0.0000,0.0335,0.000,32.34,40.0,3,0
138209912,0.000,0.022,0.0000,-0.0053,0.0000,-0.0214,0.000,32.34,40.0,3,0
138210597,0.000,0.022,0.0000,-0.1152,0.0000,0.0126,0.000,32.34,40.0,3,0
138211558,0.000,0.022,0.0000,-0.0816,0.0000,-0.0016,0.000,32.34,40.0,3,0
138212864,0.000,0.000,0.0000,-0.0130,0.0000,0.0115,0.000,32.34,40.0,3,0
138213543,0.000,0.022,0.0000,-0.0084,0.0000,0.0115,0.000,32.34,40.0,3,0
138215000,0.000,0.000,0.0000,-0.0084,0.0000,0.0203,0.000,32.34,40.0,3,0
138215851,0.000,0.022,0.0000,0.1015,0.0000,0.0016,0.000,32.34,40.0,3,0
138217180,0.000,0.000,0.0000,0.0053,0.0000,-0.0115,0.000,32.34,40.0,3,0
138217846,0.000,0.000,0.0000,-0.0633,0.0000,0.0148,0.000,32.34,40.0,3,0
138218926,0.000,0.022,0.0000,0.0038,0.0000,-0.0071,0.000,32.34,40.0,3,0
138220175,0.000,0.000,0.0000,-0.1030,0.0000,-0.0005,0.000,32.34,40.0,3,0
138220858,0.000,0.022,0.0000,0.0481,0.0000,0.0038,0.000,32.34,40.0,3,0
138221847,0.000,0.000,0.0000,0.0038,0.0000,0.0071,0.000,32.34,40.0,3,0
138222925,0.000,0.000,0.0000,-0.0999,0.0000,-0.0544,0.000,32.34,40.0,3,0
138223853,0.000,0.022,0.0000,-0.0069,0.0000,-0.0049,0.000,32.34,40.0,3,0
138225263,0.000,0.000,0.0000,-0.1457,0.0000,-0.0104,0.000,32.34,40.0,3,0
138225849,0.000,0.022,0.0000,0.0587,0.0000,0.0027,0.000,32.34,40.0,3,0
138226926,0.000,0.022,0.0000,0.1396,0.0000,-0.0038,0.000,32.34,40.0,3,0
138227849,0.000,0.022,0.0000,-0.0221,0.0000,0.0247,0.000,32.34,40.0,3,0
138228856,0.000,0.000,0.0000,0.0252,0.0000,-0.0082,0.000,32.34,40.0,3,0
138230175,0.000,0.000,0.0000,-0.0359,0.0000,0.0170,0.000,32.34,40.0,3,0
138230760,0.000,0.022,0.0000,0.0298,0.0000,-0.0082,0.000,32.34,40.0,3,0
138231911,0.000,0.000,0.0000,0.0435,0.0000,-0.0181,0.000,32.34,40.0,3,0
138233162,0.000,0.022,0.0000,-0.0267,0.0000,-0.0104,0.000,32.34,40.0,3,0
138233646,0.000,0.022,0.0000,0.0023,0.0000,0.0038,0.000,32.34,40.0,3,0
138234873,0.000,0.022,0.0000,0.0816,0.0000,-0.0280,0.000,32.34,40.0,3,0
138235542,0.000,0.000,0.0000,-0.0755,0.0000,0.0203,0.000,32.34,40.0,3,0
138236871,0.000,0.000,0.0000,0.0557,0.0000,-0.0269,0.000,32.34,40.0,3,0
138237542,0.000,0.022,0.0000,0.0237,0.0000,0.0434,0.000,32.34,40.0,3,0
138238613,0.000,0.000,0.0000,-0.0145,0.0000,-0.0170,0.000,32.34,40.0,3,0
138239894,0.000,0.022,0.0000,0.2144,0.0000,-0.0379,0.000,32.34,40.0,3,0
138240615,0.000,0.022,0.0000,0.0145,0.0000,0.0170,0.000,32.34,40.0,3,0
138241579,0.000,0.022,0.0000,-0.0450,0.0000,-0.0082,0.000,32.34,40.0,3,0
138242569,0.000,0.022,0.0000,0.0954,0.0000,-0.0093,0.000,32.34,40.0,3,0
138243573,0.000,0.022,0.0000,-0.0328,0.0000,-0.0137,0.000,32.34,40.0,3,0
138244963,0.000,0.022,0.0000,-0.0145,0.0000,0.0082,0.000,32.34,40.0,3,0
138245550,0.000,0.022,0.0000,0.0481,0.0000,0.0082,0.000,32.34,40.0,3,0
138246555,0.000,0.000,0.0000,-0.1320,0.0000,0.0093,0.000,32.34,40.0,3,0
138247604,0.000,0.022,0.0000,0.0999,0.0000,0.0104,0.000,32.34,40.0,3,0
138248573,0.000,0.022,0.0000,-0.0618,0.0000,0.0082,0.000,32.34,40.0,3,0
138249889,0.000,0.000,0.0000,-0.0267,0.0000,0.0082,0.000,32.34,40.0,3,0
138250575,0.000,0.000,0.0000,-0.0130,0.0000,0.0302,0.000,32.34,40.0,3,0
138251575,0.000,0.022,0.0000,0.1396,0.0000,-0.0159,0.000,32.34,40.0,3,0
138252889,0.000,0.000,0.0000,-0.0175,0.0000,0.0313,0.000,32.34,40.0,3,0
138253570,0.000,0.022,0.0000,-0.0267,0.0000,0.0060,0.000,32.34,40.0,3,0
138254888,0.000,0.022,0.0000,0.0572,0.0000,0.0192,0.000,32.34,40.0,3,0
138255575,0.000,0.022,0.0000,-0.0282,0.0000,0.0005,0.000,32.34,40.0,3,0
138256909,0.000,0.000,0.0000,-0.0359,0.0000,0.0324,0.000,32.34,40.0,3,0
138257545,0.000,0.022,0.0000,-0.0252,0.0000,-0.0060,0.000,32.34,40.0,3,0
138258547,0.000,0.000,0.0000,-0.0633,0.0000,0.0159,0.000,32.34,40.0,3,0
138259917,0.000,0.000,0.0000,-0.0572,0.0000,-0.0148,0.000,32.34,40.0,3,0
138260596,0.000,0.000,0.0000,-0.0313,0.0000,-0.0148,0.000,32.34,40.0,3,0
138261600,0.000,0.022,0.0000,0.1183,0.0000,0.0005,0.000,32.34,40.0,3,0
138262551,0.000,0.022,0.0000,0.0221,0.0000,0.0126,0.000,32.34,40.0,3,0
138263542,0.000,0.000,0.0000,0.0450,0.0000,-0.0159,0.000,32.34,40.0,3,0
138264999,0.054,0.000,0.9450,-0.0221,10.8595,0.0170,0.000,32.34,40.0,3,0
138265536,0.160,0.000,1.8450,-0.0557,10.8685,-0.0698,0.000,32.34,40.0,3,0
138266556,0.317,0.022,2.7450,0.0160,10.8775,4.6039,0.000,32.34,40.0,3,0
138267547,0.526,0.066,3.6450,0.8339,10.8865,6.4156,0.000,32.34,40.0,3,0
138268560,0.786,0.198,4.5450,1.8990,10.8955,5.4905,0.000,32.34,40.0,3,0
138269876,1.098,0.352,5.4450,2.6757,10.9045,5.4949,0.000,32.34,40.0,3,0
138270600,1.462,0.549,6.3450,3.2357,10.9135,5.9486,0.000,32.34,40.0,3,0
138271556,1.877,0.791,7.2450,4.0383,10.9225,6.1101,0.000,32.34,40.0,3,0
138272878,2.344,1.077,8.1450,4.7906,10.9315,6.3496,0.000,32.34,40.0,3,0
138273548,2.862,1.384,9.0450,5.5398,10.9405,6.4112,0.000,32.34,40.0,3,0
138274917,3.432,1.450,9.9450,5.7321,10.9495,6.3683,0.000,32.34,40.0,3,0
138275555,4.053,2.153,10.8450,6.8093,10.9585,7.1187,0.000,32.34,40.0,3,0
138276968,4.726,2.593,11.7450,7.5921,10.9675,7.1989,0.000,32.34,40.0,3,0
138277843,5.451,3.648,12.6450,9.2157,10.9765,7.3901,0.000,32.34,40.0,3,0
138278919,6.227,4.241,13.5450,10.1953,10.9855,7.3714,0.000,32.34,40.0,3,0
138280177,7.054,4.878,14.4450,10.9583,10.9945,7.6274,0.000,32.34,40.0,3,0
138280852,7.933,5.537,15.3450,11.7075,11.0035,7.7065,0.000,32.34,40.0,3,0
138281844,8.864,6.284,16.2450,12.5925,11.0125,7.6988,0.000,32.34,40.0,3,0
138282913,9.847,7.075,17.1450,13.5828,11.0215,7.7065,0.000,32.34,40.0,3,0
138283847,10.880,7.910,18.0450,14.3763,11.0305,8.1844,0.000,32.34,40.0,3,0
138285259,11.966,8.833,18.9450,15.2949,11.0395,7.9020,0.000,32.34,40.0,3,0
138285842,13.103,9.712,19.8450,16.2379,11.0485,7.3725,0.000,32.34,40.0,3,0
138286841,14.292,10.679,20.7450,16.8788,11.0575,7.8976,0.000,32.34,40.0,3,0
138287840,15.532,11.690,21.6450,17.5120,11.0665,6.9363,0.000,32.34,40.0,3,0
138288841,16.823,12.744,22.5450,18.1834,11.0755,6.2431,0.000,32.34,40.0,3,0
138290167,18.167,13.821,23.4450,18.8502,11.0845,7.2407,0.000,32.34,40.0,3,0
138290842,19.562,14.942,24.3450,19.2912,11.0935,5.6894,0.000,32.34,40.0,3,0
138291920,21.008,16.150,25.2450,19.9245,11.1025,6.0684,0.000,32.34,40.0,3,0
138293228,22.506,17.315,26.1450,20.3532,11.1115,5.5454,0.000,32.34,40.0,3,0
138293575,24.056,17.732,27.0450,20.5760,11.1205,5.0642,0.000,32.34,40.0,3,0
138294935,25.657,18.501,27.9450,20.8949,11.1295,5.3806,0.000,32.34,40.0,3,0
138295584,27.309,19.754,28.8450,21.3664,11.1385,5.4751,0.000,32.34,40.0,3,0
138296905,29.014,21.006,29.7450,21.9097,11.1475,4.6808,0.000,32.34,40.0,3,0
138297581,30.770,22.281,30.6450,22.2469,11.1565,4.7962,0.000,32.34,40.0,3,0
138298650,32.577,23.577,31.5450,22.6238,11.1655,4.0579,0.000,32.34,40.0,3,0
138299872,34.436,24.918,32.4450,23.0251,11.1745,4.3523,0.000,32.34,40.0,3,0
138300549,36.346,26.192,33.3450,23.4310,11.1835,3.8063,0.000,32.34,40.0,3,0
138301552,38.309,27.554,34.2450,23.6889,11.1925,3.7854,0.000,32.34,40.0,3,0
138302585,40.322,28.938,35.1450,24.1436,11.2015,3.4986,0.000,32.34,40.0,3,0
138303597,42.387,30.411,36.0450,24.4915,11.2105,3.5382,0.000,32.34,40.0,3,0
138304934,44.504,31.861,36.9450,24.8135,11.2195,3.1130,0.000,32.34,40.0,3,0
138305583,46.673,33.289,37.8450,25.0729,11.2285,3.2306,0.000,32.34,40.0,3,0
138306587,48.893,34.761,38.7450,25.4788,11.2375,2.8208,0.000,32.34,40.0,3,0
138307639,51.164,36.233,39.6450,25.7244,11.2465,2.7208,0.000,32.34,40.0,3,0
138308549,53.487,37.706,40.5450,25.9075,11.2555,2.4967,0.000,32.34,40.0,3,0
138309872,55.862,39.156,41.4450,26.2051,11.2645,2.6835,0.000,32.34,40.0,3,0
138310549,58.288,40.650,42.3450,26.4813,11.2735,2.3088,0.000,32.34,40.0,3,0
138311552,60.766,42.188,43.2450,26.7391,11.2825,2.3637,0.000,32.34,40.0,3,0
138312929,63.295,43.748,44.1450,26.9223,11.2915,2.1341,0.000,32.34,40.0,3,0
138313616,65.876,45.374,45.0450,27.0153,11.3005,2.2330,0.000,32.34,40.0,3,0
138314901,68.508,45.594,45.9450,27.0047,11.3095,2.1517,0.000,32.34,40.0,3,0
138315586,71.192,48.516,46.8450,27.5402,11.3185,2.0374,0.000,32.34,40.0,3,0
138316976,73.928,50.098,47.7450,27.6989,11.3275,2.1319,0.000,32.34,40.0,3,0
138317553,76.715,51.703,48.6450,27.8866,11.3365,1.8342,0.000,32.34,40.0,3,0
138318552,79.554,53.219,49.5450,27.9248,11.3455,1.8397,0.000,32.34,40.0,3,0
138319931,82.419,54.845,50.0000,28.1598,0.5500,1.6650,0.000,32.34,40.0,3,0
138320581,85.283,56.559,50.0000,28.2940,0.5500,1.7485,0.000,32.34,40.0,3,0
138321582,88.148,58.163,50.0000,28.4070,0.5500,1.4431,0.000,32.34,40.0,3,0
138322576,91.013,59.811,50.0000,28.7076,0.5500,1.5266,0.000,32.34,40.0,3,0
138323576,93.878,61.459,50.0000,28.6343,0.5500,1.5420,0.000,32.34,40.0,3,0
138324898,96.743,63.128,50.0000,28.7579,0.5500,1.3398,0.000,32.34,40.0,3,0
138325579,99.607,64.776,50.0000,29.0051,0.5500,1.2970,0.000,32.34,40.0,3,0
138326580,102.472,66.446,50.0000,28.8861,0.5500,1.2222,0.000,32.34,40.0,3,0
138327577,105.337,68.116,50.0000,29.1684,0.5500,1.1959,0.000,32.34,40.0,3,0
138328587,108.202,69.808,50.0000,29.4293,0.5500,1.2058,0.000,32.34,40.0,3,0
138329874,111.066,71.500,50.0000,29.3896,0.5500,1.1882,0.000,32.34,40.0,3,0
138330561,113.931,73.104,50.0000,29.4202,0.5500,1.2563,0.000,32.34,40.0,3,0
138331608,116.796,74.796,50.0000,29.6643,0.5500,1.0476,0.000,32.34,40.0,3,0
138332912,119.661,76.576,50.0000,29.6033,0.5500,0.9179,0.000,32.34,40.0,3,0
138333603,122.526,78.290,50.0000,29.6979,0.5500,0.9476,0.000,32.34,40.0,3,0
138334556,125.339,78.532,49.1000,29.7284,-10.2590,1.0047,0.000,32.34,40.0,3,0
138336002,128.100,80.004,48.2000,29.8077,-10.2680,0.9762,0.000,32.34,40.0,3,0
138336658,130.811,83.519,47.3000,30.0671,-10.2770,0.8883,0.000,32.34,40.0,3,0
138337574,133.469,85.145,46.4000,29.9939,-10.2860,0.7564,0.000,32.34,40.0,3,2048
138338551,136.076,86.793,45.5000,30.0336,-10.2950,0.8531,0.000,32.34,40.0,3,2048
138339871,138.631,88.529,44.6000,30.1938,-10.3040,0.8070,0.000,32.34,40.0,3,2048
138340552,141.135,90.265,43.7000,30.3647,-10.3130,0.9058,0.000,32.34,40.0,3,2048
138341940,143.588,92.001,42.8000,30.3616,-10.3220,0.7751,0.000,32.34,40.0,3,2048
138342583,145.988,93.825,41.9000,30.4257,-10.3310,0.7762,0.000,32.34,40.0,3,2048
138343942,148.337,95.561,41.0000,30.5005,-10.3400,0.9432,0.000,32.34,40.0,3,2048
138344587,150.635,97.319,40.1000,30.4227,-10.3490,0.7872,0.000,32.34,40.0,3,2048
138345906,152.881,99.054,39.2000,30.5341,-10.3580,0.7355,0.000,32.34,40.0,3,2048
138346587,155.075,100.834,38.3000,30.6775,-10.3670,0.6949,0.000,32.34,40.0,3,2048
138347970,157.218,102.570,37.4000,30.6378,-10.3760,0.6751,0.000,32.34,40.0,3,2048
138348556,159.309,104.328,36.5000,30.6149,-10.3850,0.6729,0.000,32.34,40.0,3,2048
138349872,161.349,105.998,35.6000,30.8026,-10.3940,0.6795,0.000,32.34,40.0,3,2048
138350552,163.337,107.778,34.7000,30.8148,-10.4030,0.4378,0.000,32.34,40.0,3,2048
138351871,165.274,109.535,33.8000,30.9033,-10.4120,0.6367,0.000,32.34,40.0,3,2048
138352937,167.159,111.315,32.9000,30.8484,-10.4210,0.5960,0.000,32.34,40.0,3,2048
138353904,168.992,113.183,32.0000,30.9613,-10.4300,0.6048,0.000,32.34,40.0,3,2048
138354582,170.774,114.963,31.1000,31.0895,-10.4390,0.5894,0.000,32.34,40.0,3,2048
138355944,172.505,116.721,30.2000,30.9384,-10.4480,0.5070,0.000,32.34,40.0,3,2048
138356616,174.183,118.522,29.3000,31.2283,-10.4570,0.6905,0.000,32.34,40.0,3,2048
138357609,175.811,120.302,28.4000,31.1398,-10.4660,0.5751,0.000,32.34,40.0,3,2048
138358642,177.386,122.082,27.5000,31.2268,-10.4750,0.4916,0.000,32.34,40.0,3,2048
138359879,178.910,123.862,26.6000,31.1414,-10.4840,0.5389,0.000,32.34,40.0,3,2048
138360550,180.383,125.576,25.7000,31.1276,-10.4930,0.4796,0.000,32.34,40.0,3,2048
138361873,181.804,127.355,24.8000,31.2512,-10.5020,0.6059,0.000,32.34,40.0,3,2048
138362550,183.173,129.157,23.9000,31.3138,-10.5110,0.5400,0.000,32.34,40.0,3,2048
138363940,184.491,130.959,23.0000,31.3993,-10.5200,0.4246,0.000,32.34,40.0,3,2048
138364583,185.757,132.849,22.1000,31.4496,-10.5290,0.6015,0.000,32.34,40.0,3,2048
138365944,186.972,134.629,21.2000,31.4038,-10.5380,0.5686,0.000,32.34,40.0,3,2048
138366588,188.135,136.452,20.3000,31.4511,-10.5470,0.2895,0.000,32.34,40.0,3,2048
138367906,189.247,138.232,19.4000,31.4649,-10.5560,0.4444,0.000,32.34,40.0,3,2048
138368649,190.306,140.034,18.5000,31.3764,-10.5650,0.1115,0.000,32.34,40.0,3,2048
138369879,191.315,141.836,17.6000,31.4664,-10.5740,-0.5499,0.000,32.34,40.0,3,2048
138370550,192.272,143.550,16.7000,31.2360,-10.5830,-0.8333,0.000,32.34,40.0,3,2048
138371940,193.177,145.329,15.8000,31.2680,-10.5920,-1.0003,0.000,32.34,40.0,3,2048
138372902,194.031,147.175,14.9000,30.9323,-10.6010,-1.6233,0.000,32.34,40.0,3,2048
138373902,194.833,148.933,14.0000,30.5875,-10.6100,-2.4198,0.000,32.34,40.0,3,2048
138374584,195.583,150.669,13.1000,30.3815,-10.6190,-2.6846,0.000,32.34,40.0,3,2048
138375908,196.282,152.383,12.2000,29.8199,-10.6280,-3.5920,0.000,32.34,40.0,3,2048
138376610,196.930,154.053,11.3000,29.5315,-10.6370,-4.1018,0.000,32.34,40.0,3,2048
138377608,197.526,155.701,10.4000,28.6984,-10.6460,-4.6149,0.000,32.34,40.0,3,2048
138378582,198.070,157.305,9.5000,28.1643,-10.6550,-5.3872,0.000,32.34,40.0,3,2048
138379907,198.563,158.865,8.6000,27.3388,-10.6640,-5.8421,0.000,32.34,40.0,3,2048
138380583,199.004,160.381,7.7000,26.6796,-10.6730,-6.7748,0.000,32.34,40.0,3,2048
138381917,199.394,161.831,6.8000,25.6664,-10.6820,-7.1824,0.000,32.34,40.0,3,2048
138382555,199.732,163.237,5.9000,24.7936,-10.6910,-8.1657,0.000,32.34,40.0,3,2048
138383556,200.000,164.512,0.0000,23.5012,0.0000,-8.6184,0.000,32.34,40.0,3,2048
138384907,200.000,165.808,0.0000,22.8298,0.0000,-9.4654,0.000,32.34,40.0,3,2048
138385591,200.000,167.061,0.0000,21.2398,0.0000,-8.8128,0.000,32.34,40.0,3,2048
138386594,200.000,168.225,0.0000,20.3212,0.0000,-8.8117,0.000,32.34,40.0,3,2048
138387593,200.000,169.324,0.0000,19.4530,0.0000,-8.4667,0.000,32.34,40.0,3,2048
138388541,200.000,170.379,0.0000,18.3467,0.0000,-7.7548,0.000,32.34,40.0,3,2048
138389998,200.000,171.323,0.0000,17.5517,0.0000,-7.4054,0.000,32.34,40.0,3,2048
138390604,200.000,172.312,0.0000,16.8513,0.0000,-6.9495,0.000,32.34,40.0,3,2048
138391546,200.000,173.235,0.0000,16.1173,0.0000,-6.2991,0.000,32.34,40.0,3,2048
138392860,200.000,174.070,0.0000,15.4520,0.0000,-6.0332,0.000,32.34,40.0,3,2048
138393546,200.000,174.905,0.0000,14.7761,0.0000,-5.7783,0.000,32.34,40.0,3,2048
138394961,200.000,175.037,0.0000,14.7135,0.0000,-5.6795,0.000,32.34,40.0,3,2048
138395572,200.000,176.553,0.0000,13.6774,0.0000,-4.8027,0.000,32.34,40.0,3,2048
138396892,200.000,177.300,0.0000,13.2181,0.0000,-4.5566,0.000,32.34,40.0,3,2048
138397570,200.000,177.981,0.0000,12.6291,0.0000,-4.2424,0.000,32.34,40.0,3,2048
138398603,200.000,178.706,0.0000,12.3239,0.0000,-3.8217,0.000,32.34,40.0,3,2048
138399883,200.000,179.388,0.0000,11.8814,0.0000,-3.5239,0.000,32.34,40.0,3,2048
138400570,200.000,179.981,0.0000,11.2940,0.0000,-3.3679,0.000,32.34,40.0,3,2048
138401632,200.000,180.640,0.0000,10.9857,0.0000,-3.3064,0.000,32.34,40.0,3,2048
138402542,200.000,181.255,0.0000,10.5997,0.0000,-2.8142,0.000,32.34,40.0,3,2048
138403541,200.000,181.805,0.0000,10.1953,0.0000,-2.6846,0.000,32.34,40.0,3,2048
138404866,200.000,182.354,0.0000,9.7787,0.0000,-2.5527,0.000,32.34,40.0,3,2048
138405544,200.000,182.903,0.0000,9.4324,0.0000,-2.4725,0.000,32.34,40.0,3,2048
138406603,200.000,183.409,0.0000,9.0005,0.0000,-2.4593,0.000,32.34,40.0,3,2048
138407607,200.000,183.936,0.0000,8.8174,0.0000,-2.2517,0.000,32.34,40.0,3,2048
138408565,200.000,184.419,0.0000,8.4985,0.0000,-2.1242,0.000,32.34,40.0,3,2048
138409889,200.000,184.881,0.0000,8.2269,0.0000,-2.0561,0.000,32.34,40.0,3,2048
138410571,200.000,185.342,0.0000,7.9706,0.0000,-1.9792,0.000,32.34,40.0,3,2048
138411643,200.000,185.782,0.0000,7.8119,0.0000,-2.0572,0.000,32.34,40.0,3,2048
138412860,200.000,186.221,0.0000,7.4090,0.0000,-2.0155,0.000,32.34,40.0,3,2048
138413542,200.000,186.595,0.0000,7.3098,0.0000,-1.8672,0.000,32.34,40.0,3,2048
138414868,200.000,186.661,0.0000,7.2473,0.0000,-1.8946,0.000,32.34,40.0,3,2048
138415541,200.000,187.408,0.0000,6.7956,0.0000,-1.6606,0.000,32.34,40.0,3,2048
138416928,200.000,187.781,0.0000,6.5743,0.0000,-1.6200,0.000,32.34,40.0,3,2048
138417570,200.000,188.155,0.0000,6.3104,0.0000,-1.6244,0.000,32.34,40.0,3,2048
138418613,200.000,188.506,0.0000,6.2799,0.0000,-1.5595,0.000,32.34,40.0,3,2048
138419887,200.000,188.858,0.0000,5.9976,0.0000,-1.6353,0.000,32.34,40.0,3,2048
138420571,200.000,189.166,0.0000,5.7488,0.0000,-1.6145,0.000,32.34,40.0,3,2048
138421618,200.000,189.495,0.0000,5.6191,0.0000,-1.4464,0.000,32.34,40.0,3,2048
138422570,200.000,189.803,0.0000,5.4116,0.0000,-1.2519,0.000,32.34,40.0,3,2048
138423545,200.000,190.088,0.0000,5.2789,0.0000,-1.3431,0.000,32.34,40.0,3,2048
138424864,200.000,190.374,0.0000,5.0408,0.0000,-1.0992,0.000,32.34,40.0,3,2048
138425546,200.000,190.660,0.0000,4.8898,0.0000,-1.1025,0.000,32.34,40.0,3,2048
138426606,200.000,190.923,0.0000,4.7265,0.0000,-1.1267,0.000,32.34,40.0,3,2048
138427603,200.000,191.187,0.0000,4.5891,0.0000,-1.0849,0.000,32.34,40.0,3,2048
138428564,200.000,191.451,0.0000,4.5373,0.0000,-1.1772,0.000,32.34,40.0,3,2048
138429884,200.000,191.692,0.0000,4.2031,0.0000,-1.1750,0.000,32.34,40.0,3,2048
138430599,200.000,191.912,0.0000,4.1283,0.0000,-1.1574,0.000,32.34,40.0,3,2048
138431616,200.000,192.154,0.0000,3.9986,0.0000,-0.9652,0.000,32.34,40.0,3,2048
138432858,200.000,192.396,0.0000,3.9925,0.0000,-0.9904,0.000,32.34,40.0,3,2048
138433605,200.000,192.593,0.0000,3.7743,0.0000,-0.8872,0.000,32.34,40.0,3,2048
138434887,200.000,192.615,0.0000,3.7423,0.0000,-0.8630,0.000,32.34,40.0,3,2048
138435569,200.000,192.989,0.0000,3.4249,0.0000,-0.7377,0.000,32.34,40.0,3,2048
138436894,200.000,193.209,0.0000,3.3700,0.0000,-0.6905,0.000,32.34,40.0,3,2048
138437567,200.000,193.384,0.0000,3.3638,0.0000,-0.6784,0.000,32.34,40.0,3,2048
138438569,200.000,193.582,0.0000,3.1487,0.0000,-0.6652,0.000,32.34,40.0,3,2048
138439885,200.000,193.736,0.0000,3.1075,0.0000,-0.7114,0.000,32.34,40.0,3,2048
138440568,200.000,193.912,0.0000,2.9549,0.0000,-0.6916,0.000,32.34,40.0,3,2048
138441569,200.000,194.087,0.0000,2.9229,0.0000,-0.6685,0.000,32.34,40.0,3,2048
138442565,200.000,194.241,0.0000,2.8893,0.0000,-0.7542,0.000,32.34,40.0,3,2048
138443579,200.000,194.395,0.0000,2.6879,0.0000,-0.7619,0.000,32.34,40.0,3,2048
138444867,200.000,194.549,0.0000,2.6802,0.0000,-0.6861,0.000,32.34,40.0,3,2048
138445554,200.000,194.681,0.0000,2.5933,0.0000,-0.6938,0.000,32.34,40.0,3,2048
138446600,200.000,194.835,0.0000,2.4987,0.0000,-0.6839,0.000,32.34,40.0,3,2048
138447590,200.000,194.966,0.0000,2.4071,0.0000,-0.5806,0.000,32.34,40.0,3,2048
138448595,200.000,195.098,0.0000,2.2759,0.0000,-0.5400,0.000,32.34,40.0,3,2048
138449872,200.000,195.230,0.0000,2.2850,0.0000,-0.5686,0.000,32.34,40.0,3,2048
138450673,200.000,195.340,0.0000,2.1279,0.0000,-0.4851,0.000,32.34,40.0,3,2048
138451648,200.000,195.472,0.0000,2.2240,0.0000,-0.3895,0.000,32.34,40.0,3,2048
138452866,200.000,195.582,0.0000,2.0729,0.0000,-0.3950,0.000,32.34,40.0,3,2048
138453542,200.000,195.692,0.0000,1.9860,0.0000,-0.3631,0.000,32.34,40.0,3,2048
138454866,200.000,195.714,0.0000,1.9295,0.0000,-0.3433,0.000,32.34,40.0,3,2048
138455544,200.000,195.911,0.0000,1.9142,0.0000,-0.2851,0.000,32.34,40.0,3,2048
138456928,200.000,196.021,0.0000,1.8608,0.0000,-0.2291,0.000,32.34,40.0,3,2048
138457569,200.000,196.131,0.0000,1.8242,0.0000,-0.2466,0.000,32.34,40.0,3,2048
138458615,200.000,196.219,0.0000,1.6854,0.0000,-0.2466,0.000,32.34,40.0,3,2048
138459889,200.000,196.307,0.0000,1.6487,0.0000,-0.2313,0.000,32.34,40.0,3,2048
138460574,200.000,196.395,0.0000,1.6564,0.0000,-0.2137,0.000,32.34,40.0,3,2048
138461574,200.000,196.505,0.0000,1.5892,0.0000,-0.2137,0.000,32.34,40.0,3,2048
138462629,200.000,196.570,0.0000,1.4702,0.0000,-0.1829,0.000,32.34,40.0,3,2048
138463542,200.000,196.658,0.0000,1.4076,0.0000,-0.2258,0.000,32.34,40.0,3,2048
138464865,200.000,196.724,0.0000,1.4153,0.0000,-0.1708,0.000,32.34,40.0,3,2048
138465544,200.000,196.812,0.0000,1.4214,0.0000,-0.1708,0.000,32.34,40.0,3,2048
138466550,200.000,196.878,0.0000,1.3878,0.0000,-0.1785,0.000,32.34,40.0,3,2048
138467607,200.000,196.966,0.0000,1.2932,0.0000,-0.1642,0.000,32.34,40.0,3,2048
138468604,200.000,197.054,0.0000,1.3558,0.0000,-0.2093,0.000,32.34,40.0,3,2048
138469890,200.000,197.098,0.0000,1.1910,0.0000,-0.2258,0.000,32.34,40.0,3,2048
138470571,200.000,197.186,0.0000,1.2612,0.0000,-0.1642,0.000,32.34,40.0,3,2048
138471640,200.000,197.252,0.0000,1.2688,0.0000,-0.2082,0.000,32.34,40.0,3,2048
138472859,200.000,197.318,0.0000,1.0994,0.0000,-0.2060,0.000,32.34,40.0,3,2048
138473542,200.000,197.362,0.0000,1.1589,0.0000,-0.1610,0.000,32.34,40.0,3,2048
138474921,200.000,197.384,0.0000,1.1238,0.0000,-0.1664,0.000,32.34,40.0,3,2048
138475569,200.000,197.493,0.0000,0.9651,0.0000,-0.1752,0.000,32.34,40.0,3,2048
138476894,200.000,197.559,0.0000,1.0292,0.0000,-0.1533,0.000,32.34,40.0,3,2048
138477568,200.000,197.603,0.0000,1.0933,0.0000,-0.1489,0.000,32.34,40.0,3,2048
138478569,200.000,197.669,0.0000,1.1681,0.0000,-0.1082,0.000,32.34,40.0,3,2048
138479885,200.000,197.735,0.0000,0.9819,0.0000,-0.1412,0.000,32.34,40.0,3,2048
138480568,200.000,197.779,0.0000,0.9102,0.0000,-0.1159,0.000,32.34,40.0,3,2048
138481569,200.000,197.845,0.0000,1.0567,0.0000,-0.0928,0.000,32.34,40.0,3,2048
138482565,200.000,197.889,0.0000,0.8370,0.0000,-0.0390,0.000,32.34,40.0,3,2048
138483581,200.000,197.933,0.0000,0.8934,0.0000,-0.1148,0.000,32.34,40.0,3,2048
138484869,200.000,197.977,0.0000,0.7927,0.0000,-0.0797,0.000,32.34,40.0,3,2048
138485541,200.000,198.021,0.0000,0.8309,0.0000,-0.0840,0.000,32.34,40.0,3,2048
138486596,200.000,198.065,0.0000,0.9209,0.0000,-0.0665,0.000,32.34,40.0,3,2048
138487588,200.000,198.109,0.0000,0.6539,0.0000,-0.0214,0.000,32.34,40.0,3,2048
138488592,200.000,198.153,0.0000,0.6905,0.0000,-0.0192,0.000,32.34,40.0,3,2048
138489872,200.000,198.196,0.0000,0.7942,0.0000,-0.0181,0.000,32.34,40.0,3,2048
138490672,200.000,198.240,0.0000,0.6096,0.0000,-0.0060,0.000,32.34,40.0,3,2048
138491584,200.000,198.284,0.0000,0.6416,0.0000,0.0071,0.000,32.34,40.0,3,2048
138492860,200.000,198.306,0.0000,0.6477,0.0000,-0.0115,0.000,32.34,40.0,3,2048
138493557,200.000,198.350,0.0000,0.6600,0.0000,0.0236,0.000,32.34,40.0,3,2048
138494869,200.000,198.350,0.0000,0.6493,0.0000,0.0324,0.000,32.34,40.0,3,2048
138495598,200.000,198.416,0.0000,0.6554,0.0000,0.0137,0.000,32.34,40.0,3,2048
138496875,200.000,198.438,0.0000,0.5150,0.0000,0.0511,0.000,32.34,40.0,3,2048
138497556,200.000,198.482,0.0000,0.5455,0.0000,0.0731,0.000,32.34,40.0,3,2048
138498547,200.000,198.504,0.0000,0.5516,0.0000,0.0544,0.000,32.34,40.0,3,2048
138499912,200.000,198.548,0.0000,0.4356,0.0000,0.1005,0.000,32.34,40.0,3,2048
138500550,200.000,198.570,0.0000,0.5577,0.0000,0.0961,0.000,32.34,40.0,3,2048
138501675,200.000,198.592,0.0000,0.5028,0.0000,0.0786,0.000,32.34,40.0,3,2048
138502542,200.000,198.636,0.0000,0.4860,0.0000,0.0950,0.000,32.34,40.0,3,2048
138503541,200.000,198.658,0.0000,0.4448,0.0000,0.1291,0.000,32.34,40.0,3,2048
138504867,200.000,198.680,0.0000,0.5562,0.0000,0.1148,0.000,32.34,40.0,3,2048
138505544,200.000,198.702,0.0000,0.3014,0.0000,0.1302,0.000,32.34,40.0,3,2048
138506604,200.000,198.724,0.0000,0.4036,0.0000,0.1511,0.000,32.34,40.0,3,2048
138507606,200.000,198.746,0.0000,0.3822,0.0000,0.1269,0.000,32.34,40.0,3,2048
138508566,200.000,198.768,0.0000,0.5440,0.0000,0.1016,0.000,32.34,40.0,3,2048
138509885,200.000,198.790,0.0000,0.4784,0.0000,0.1115,0.000,32.34,40.0,3,2048
138510572,200.000,198.812,0.0000,0.4128,0.0000,0.1071,0.000,32.34,40.0,3,2048
138511638,200.000,198.856,0.0000,0.4692,0.0000,0.1192,0.000,32.34,40.0,3,2048
138512861,200.000,198.878,0.0000,0.3197,0.0000,0.1599,0.000,32.34,40.0,3,2048
138513542,200.000,198.900,0.0000,0.4448,0.0000,0.0950,0.000,32.34,40.0,3,2048
138514868,200.000,198.900,0.0000,0.4707,0.0000,0.0665,0.000,32.34,40.0,3,2048
138515541,200.000,198.922,0.0000,0.4006,0.0000,0.1148,0.000,32.34,40.0,3,2048
138516929,200.000,198.944,0.0000,0.3059,0.0000,0.0423,0.000,32.34,40.0,3,2048
138517611,200.000,198.987,0.0000,0.3792,0.0000,0.0983,0.000,32.34,40.0,3,2048
138518578,200.000,199.009,0.0000,0.3380,0.0000,0.1148,0.000,32.34,40.0,3,2048
138519890,200.000,199.009,0.0000,0.3548,0.0000,0.1214,0.000,32.34,40.0,3,2048
138520569,200.000,199.031,0.0000,0.3639,0.0000,0.1060,0.000,32.34,40.0,3,2048
138521642,200.000,199.053,0.0000,0.2403,0.0000,0.0917,0.000,32.34,40.0,3,2048
138522545,200.000,199.075,0.0000,0.3136,0.0000,0.1137,0.000,32.34,40.0,3,2048
138523597,200.000,199.097,0.0000,0.3899,0.0000,0.1005,0.000,32.34,40.0,3,2048
138524890,200.000,199.097,0.0000,0.2388,0.0000,0.1181,0.000,32.34,40.0,3,2048
138525575,200.000,199.119,0.0000,0.0984,0.0000,0.1192,0.000,32.34,40.0,3,2048
138526573,200.000,199.141,0.0000,0.2541,0.0000,0.0807,0.000,32.34,40.0,3,2048
138527568,200.000,199.163,0.0000,0.2922,0.0000,0.1093,0.000,32.34,40.0,3,2048
138528568,200.000,199.163,0.0000,0.3853,0.0000,0.1049,0.000,32.34,40.0,3,2048
138529884,200.000,199.185,0.0000,0.0816,0.0000,0.1115,0.000,32.34,40.0,3,2048
138530574,200.000,199.185,0.0000,0.1946,0.0000,0.1005,0.000,32.34,40.0,3,2048
138531574,200.000,199.207,0.0000,0.2556,0.0000,0.1104,0.000,32.34,40.0,3,2048
138532897,200.000,199.207,0.0000,0.1762,0.0000,0.1302,0.000,32.34,40.0,3,2048
138533546,200.000,199.229,0.0000,0.2144,0.0000,0.1049,0.000,32.34,40.0,3,2048
138534865,200.000,199.229,0.0000,0.2495,0.0000,0.1060,0.000,32.34,40.0,3,2048
138535596,200.000,199.251,0.0000,0.3212,0.0000,0.1126,0.000,32.34,40.0,3,2048
138536911,200.000,199.273,0.0000,0.2022,0.0000,0.0983,0.000,32.34,40.0,3,2048
138537597,200.000,199.273,0.0000,0.0862,0.0000,0.1445,0.000,32.34,40.0,3,2048
138538604,200.000,199.295,0.0000,0.3212,0.0000,0.1291,0.000,32.34,40.0,3,2048
138539868,200.000,199.295,0.0000,0.2052,0.0000,0.1016,0.000,32.34,40.0,3,2048
138540665,200.000,199.317,0.0000,0.2800,0.0000,0.1126,0.000,32.34,40.0,3,2048
138541581,200.000,199.317,0.0000,0.3471,0.0000,0.0840,0.000,32.34,40.0,3,2048
138542547,200.000,199.339,0.0000,0.2510,0.0000,0.0862,0.000,32.34,40.0,3,2048
138543560,200.000,199.361,0.0000,0.2373,0.0000,0.1214,0.000,32.34,40.0,3,2048
138544869,200.000,199.361,0.0000,0.1854,0.0000,0.0906,0.000,32.34,40.0,3,2048
138545597,200.000,199.361,0.0000,0.2647,0.0000,0.0818,0.000,32.34,40.0,3,2048
138546549,200.000,199.383,0.0000,0.2007,0.0000,0.0983,0.000,32.34,40.0,3,2048
138547560,200.000,199.383,0.0000,0.2556,0.0000,0.1093,0.000,32.34,40.0,3,2048
138548542,200.000,199.383,0.0000,0.0389,0.0000,0.0818,0.000,32.34,40.0,3,2048
138549909,200.000,199.405,0.0000,0.1518,0.0000,0.1005,0.000,32.34,40.0,3,2048
138550549,200.000,199.427,0.0000,0.1549,0.0000,0.1016,0.000,32.34,40.0,3,2048
138551672,200.000,199.427,0.0000,0.2342,0.0000,0.0676,0.000,32.34,40.0,3,2048
138552864,200.000,199.427,0.0000,0.1930,0.0000,0.1192,0.000,32.34,40.0,3,2048
138553543,200.000,199.449,0.0000,0.2174,0.0000,0.1126,0.000,32.34,40.0,3,2048
138554867,200.000,199.449,0.0000,0.2190,0.0000,0.1159,0.000,32.34,40.0,3,2048
138555544,200.000,199.471,0.0000,0.1305,0.0000,0.1269,0.000,32.34,40.0,3,2048
138556927,200.000,199.471,0.0000,0.0725,0.0000,0.1269,0.000,32.34,40.0,3,2048
138557578,200.000,199.471,0.0000,0.1686,0.0000,0.0829,0.000,32.34,40.0,3,2048
138558621,200.000,199.471,0.0000,0.0725,0.0000,0.1170,0.000,32.34,40.0,3,2048
138559900,200.000,199.493,0.0000,0.1625,0.0000,0.1203,0.000,32.34,40.0,3,2048
138560574,200.000,199.493,0.0000,-0.0359,0.0000,0.1038,0.000,32.34,40.0,3,2048
138561646,200.000,199.493,0.0000,0.1411,0.0000,0.0884,0.000,32.34,40.0,3,2048
138562543,200.000,199.515,0.0000,0.1015,0.0000,0.1071,0.000,32.34,40.0,3,2048
138563542,200.000,199.515,0.0000,0.1473,0.0000,0.1115,0.000,32.34,40.0,3,2048
138564920,200.000,199.515,0.0000,0.0374,0.0000,0.0972,0.000,32.34,40.0,3,2048
138565575,200.000,199.515,0.0000,0.1213,0.0000,0.1170,0.000,32.34,40.0,3,2048
138566576,200.000,199.537,0.0000,0.0877,0.0000,0.1533,0.000,32.34,40.0,3,2048
138567569,200.000,199.537,0.0000,0.1045,0.0000,0.1137,0.000,32.34,40.0,3,2048
138568569,200.000,199.537,0.0000,0.0923,0.0000,0.1159,0.000,32.34,40.0,3,2048
138569890,200.000,199.537,0.0000,0.1060,0.0000,0.1225,0.000,32.34,40.0,3,2048
138570573,200.000,199.537,0.0000,-0.0130,0.0000,0.1269,0.000,32.34,40.0,3,2048
138571574,200.000,199.559,0.0000,0.1015,0.0000,0.1148,0.000,32.34,40.0,3,2048
138572888,200.000,199.559,0.0000,0.0999,0.0000,0.1126,0.000,32.34,40.0,3,2048
138573577,200.000,199.559,0.0000,0.1534,0.0000,0.1379,0.000,32.34,40.0,3,2048
138574869,200.000,199.559,0.0000,0.1274,0.0000,0.1225,0.000,32.34,40.0,3,2048
138575542,200.000,199.559,0.0000,-0.0587,0.0000,0.1445,0.000,32.34,40.0,3,2048
138576922,200.000,199.581,0.0000,0.1381,0.0000,0.1533,0.000,32.34,40.0,3,2048
138577597,200.000,199.581,0.0000,0.1778,0.0000,0.1533,0.000,32.34,40.0,3,2048
138578574,200.000,199.581,0.0000,-0.0816,0.0000,0.1379,0.000,32.34,40.0,3,2048
138579875,200.000,199.581,0.0000,0.0603,0.0000,0.1741,0.000,32.34,40.0,3,2048
138580542,200.000,199.581,0.0000,0.0481,0.0000,0.1577,0.000,32.34,40.0,3,2048
138581556,200.000,199.581,0.0000,0.1045,0.0000,0.1632,0.000,32.34,40.0,3,2048
138582545,200.000,199.581,0.0000,0.0496,0.0000,0.1522,0.000,32.34,40.0,3,2048
138583542,200.000,199.581,0.0000,-0.0755,0.0000,0.1873,0.000,32.34,40.0,3,2048
138584886,200.000,199.581,0.0000,-0.0664,0.0000,0.1752,0.000,32.34,40.0,3,2048
138585542,200.000,199.581,0.0000,0.0359,0.0000,0.1621,0.000,32.34,40.0,3,2048
138586605,200.000,199.581,0.0000,0.0511,0.0000,0.1763,0.000,32.34,40.0,3,2048
138587543,200.000,199.603,0.0000,0.0099,0.0000,0.1983,0.000,32.34,40.0,3,2048
138588558,200.000,199.603,0.0000,0.0145,0.0000,0.1577,0.000,32.34,40.0,3,2048
138589870,200.000,199.603,0.0000,0.1122,0.0000,0.1456,0.000,32.34,40.0,3,2048
138590600,200.000,199.603,0.0000,0.0343,0.0000,0.1741,0.000,32.34,40.0,3,2048
138591548,200.000,199.603,0.0000,0.0084,0.0000,0.1719,0.000,32.34,40.0,3,2048
138592952,200.000,199.603,0.0000,0.0359,0.0000,0.1873,0.000,32.34,40.0,3,2048
138593545,200.000,199.603,0.0000,-0.1076,0.0000,0.1774,0.000,32.34,40.0,3,2048
138594921,200.000,199.581,0.0000,-0.1717,0.0000,0.1961,0.000,32.34,40.0,3,2048
138595548,200.000,199.603,0.0000,0.0908,0.0000,0.1379,0.000,32.34,40.0,3,2048
138596887,200.000,199.603,0.0000,0.0282,0.0000,0.1818,0.000,32.34,40.0,3,2048
138597547,200.000,199.625,0.0000,0.0908,0.0000,0.1653,0.000,32.34,40.0,3,2048
138598599,200.000,199.603,0.0000,-0.0008,0.0000,0.1423,0.000,32.34,40.0,3,2048
138599870,200.000,199.625,0.0000,0.0359,0.0000,0.1950,0.000,32.34,40.0,3,2048
138600564,200.000,199.625,0.0000,0.0511,0.0000,0.1566,0.000,32.34,40.0,3,2048
138601547,200.000,199.625,0.0000,0.0633,0.0000,0.1621,0.000,32.34,40.0,3,2048
138602660,200.000,199.625,0.0000,0.0328,0.0000,0.1697,0.000,32.34,40.0,3,2048
138603565,200.000,199.625,0.0000,0.1793,0.0000,0.1302,0.000,32.34,40.0,3,2048
138604871,200.000,199.625,0.0000,0.1122,0.0000,0.1445,0.000,32.34,40.0,3,2048
138605548,200.000,199.625,0.0000,0.0862,0.0000,0.1632,0.000,32.34,40.0,3,2048
138606547,200.000,199.625,0.0000,0.0008,0.0000,0.1686,0.000,32.34,40.0,3,2048
138607597,200.000,199.625,0.0000,0.0542,0.0000,0.1829,0.000,32.34,40.0,3,2048
138608572,200.000,199.625,0.0000,0.0008,0.0000,0.1192,0.000,32.34,40.0,3,2048
138609925,200.000,199.625,0.0000,0.0893,0.0000,0.1851,0.000,32.34,40.0,3,2048
138610575,200.000,199.625,0.0000,-0.0175,0.0000,0.1357,0.000,32.34,40.0,3,2048
138611577,200.000,199.647,0.0000,0.0053,0.0000,0.1642,0.000,32.34,40.0,3,2048
138612962,200.000,199.647,0.0000,0.0206,0.0000,0.1467,0.000,32.34,40.0,3,2048
138613543,200.000,199.625,0.0000,0.0114,0.0000,0.1818,0.000,32.34,40.0,3,2048
138614868,200.000,199.647,0.0000,0.0908,0.0000,0.1456,0.000,32.34,40.0,3,2048
138615543,200.000,199.647,0.0000,0.0847,0.0000,0.1467,0.000,32.34,40.0,3,2048
138616869,200.000,199.647,0.0000,0.1381,0.0000,0.1335,0.000,32.34,40.0,3,2048
138617543,200.000,199.647,0.0000,0.1045,0.0000,0.1434,0.000,32.34,40.0,3,2048
138618612,200.000,199.647,0.0000,-0.0328,0.0000,0.1346,0.000,32.34,40.0,3,2048
138619932,200.000,199.647,0.0000,-0.0557,0.0000,0.1225,0.000,32.34,40.0,3,2048
138620584,200.000,199.647,0.0000,0.0587,0.0000,0.1269,0.000,32.34,40.0,3,2048
138621582,200.000,199.647,0.0000,-0.0725,0.0000,0.1533,0.000,32.34,40.0,3,2048
138622644,200.000,199.647,0.0000,0.0313,0.0000,0.1632,0.000,32.34,40.0,3,2048
138623543,200.000,199.647,0.0000,-0.1030,0.0000,0.1192,0.000,32.34,40.0,3,2048
138624865,200.000,199.647,0.0000,-0.0374,0.0000,0.1170,0.000,32.34,40.0,3,2048
138625608,200.000,199.647,0.0000,0.0404,0.0000,0.1313,0.000,32.34,40.0,3,2048
138626576,200.000,199.647,0.0000,0.0603,0.0000,0.1533,0.000,32.34,40.0,3,2048
138627571,200.000,199.647,0.0000,-0.0298,0.0000,0.1115,0.000,32.34,40.0,3,2048
138628569,200.000,199.647,0.0000,-0.0206,0.0000,0.1214,0.000,32.34,40.0,3,2048
138629891,200.000,199.647,0.0000,0.0252,0.0000,0.1148,0.000,32.34,40.0,3,2048
138630573,200.000,199.647,0.0000,0.0542,0.0000,0.1730,0.000,32.34,40.0,3,2048
138631574,200.000,199.647,0.0000,0.0206,0.0000,0.1038,0.000,32.34,40.0,3,2048
138632886,200.000,199.647,0.0000,-0.1640,0.0000,0.1522,0.000,32.34,40.0,3,2048
138633572,200.000,199.647,0.0000,0.0160,0.0000,0.1192,0.000,32.34,40.0,3,2048
138634902,200.000,199.647,0.0000,-0.0435,0.0000,0.1181,0.000,32.34,40.0,3,2048
138635546,200.000,199.647,0.0000,-0.1503,0.0000,0.1214,0.000,32.34,40.0,3,2048
138636865,200.000,199.669,0.0000,0.0999,0.0000,0.1291,0.000,32.34,40.0,3,2048
138637600,200.000,199.669,0.0000,-0.0374,0.0000,0.1368,0.000,32.34,40.0,3,2048
138638600,200.000,199.647,0.0000,-0.0298,0.0000,0.1412,0.000,32.34,40.0,3,2048
138639845,200.000,199.647,0.0000,-0.0679,0.0000,0.0950,0.000,32.34,40.0,3,2048
138640551,200.000,199.669,0.0000,0.0999,0.0000,0.1258,0.000,32.34,40.0,3,2048
138641547,200.000,199.669,0.0000,0.0252,0.0000,0.1467,0.000,32.34,40.0,3,2048
138642577,200.000,199.647,0.0000,-0.0664,0.0000,0.1357,0.000,32.34,40.0,3,2048
138643544,200.000,199.669,0.0000,0.0648,0.0000,0.1269,0.000,32.34,40.0,3,2048
138644869,200.000,199.669,0.0000,-0.0191,0.0000,0.1258,0.000,32.34,40.0,3,2048
138645558,200.000,199.669,0.0000,0.0755,0.0000,0.1225,0.000,32.34,40.0,3,2048
138646547,200.000,199.669,0.0000,0.0069,0.0000,0.1708,0.000,32.34,40.0,3,2048
138647601,200.000,199.669,0.0000,0.0938,0.0000,0.1225,0.000,32.34,40.0,3,2048
138648542,200.000,199.669,0.0000,-0.0435,0.0000,0.1533,0.000,32.34,40.0,3,2048
138649887,200.000,199.669,0.0000,0.1167,0.0000,0.0906,0.000,32.34,40.0,3,2048
138650542,200.000,199.669,0.0000,0.0099,0.0000,0.1335,0.000,32.34,40.0,3,2048
138651606,200.000,199.647,0.0000,-0.1671,0.0000,0.1038,0.000,32.34,40.0,3,2048
138652861,200.000,199.669,0.0000,0.1350,0.0000,0.1159,0.000,32.34,40.0,3,2048
138653658,200.000,199.669,0.0000,-0.0923,0.0000,0.1456,0.000,32.34,40.0,3,2048
138654887,200.000,199.669,0.0000,-0.0359,0.0000,0.1621,0.000,32.34,40.0,3,2048
138655546,200.000,199.669,0.0000,-0.0496,0.0000,0.0643,0.000,32.34,40.0,3,2048
138656868,200.000,199.669,0.0000,0.0847,0.0000,0.1752,0.000,32.34,40.0,3,2048
138657544,200.000,199.669,0.0000,-0.1091,0.0000,0.1203,0.000,32.34,40.0,3,2048
138658604,200.000,199.669,0.0000,0.0282,0.0000,0.1082,0.000,32.34,40.0,3,2048
138659892,200.000,199.669,0.0000,-0.0664,0.0000,0.1302,0.000,32.34,40.0,3,2048
138660616,200.000,199.669,0.0000,0.1183,0.0000,0.1368,0.000,32.34,40.0,3,2048
138661578,200.000,199.669,0.0000,-0.0191,0.0000,0.1423,0.000,32.34,40.0,3,2048
138662572,200.000,199.669,0.0000,-0.0328,0.0000,0.1082,0.000,32.34,40.0,3,2048
138663581,200.000,199.669,0.0000,-0.1442,0.0000,0.1346,0.000,32.34,40.0,3,2048
138664944,200.000,199.669,0.0000,-0.1060,0.0000,0.1730,0.000,32.34,40.0,3,2048
138665548,200.000,199.669,0.0000,-0.0664,0.0000,0.0676,0.000,32.34,40.0,3,2048
138666547,200.000,199.669,0.0000,-0.0252,0.0000,0.0884,0.000,32.34,40.0,3,2048
138667542,200.000,199.669,0.0000,-0.0023,0.0000,0.1467,0.000,32.34,40.0,3,2048
138668603,200.000,199.669,0.0000,-0.1167,0.0000,0.1269,0.000,32.34,40.0,3,2048
138669929,200.000,199.669,0.0000,0.0786,0.0000,0.0807,0.000,32.34,40.0,3,2048
138670581,200.000,199.669,0.0000,0.0130,0.0000,0.1752,0.000,32.34,40.0,3,2048
138671583,200.000,199.669,0.0000,-0.0206,0.0000,0.0961,0.000,32.34,40.0,3,2048
138672889,200.000,199.669,0.0000,0.0404,0.0000,0.1566,0.000,32.34,40.0,3,2048
138673639,200.000,199.669,0.0000,-0.0145,0.0000,0.0939,0.000,32.34,40.0,3,2048
138674865,200.000,199.669,0.0000,-0.0679,0.0000,0.1049,0.000,32.34,40.0,3,2048
138675544,200.000,199.669,0.0000,-0.0450,0.0000,0.1016,0.000,32.34,40.0,3,2048
138676932,200.000,199.669,0.0000,0.0191,0.0000,0.1335,0.000,32.34,40.0,3,2048
138677574,200.000,199.669,0.0000,0.0374,0.0000,0.0950,0.000,32.34,40.0,3,2048
138678576,200.000,199.669,0.0000,0.0694,0.0000,0.1467,0.000,32.34,40.0,3,2048
138679891,200.000,199.669,0.0000,-0.0420,0.0000,0.1686,0.000,32.34,40.0,3,2048
138680573,200.000,199.669,0.0000,-0.0694,0.0000,0.0950,0.000,32.34,40.0,3,2048
138681574,200.000,199.669,0.0000,-0.0114,0.0000,0.1335,0.000,32.34,40.0,3,2048
138682569,200.000,199.669,0.0000,-0.0450,0.0000,0.1599,0.000,32.34,40.0,3,2048
138683569,200.000,199.669,0.0000,0.0114,0.0000,0.0818,0.000,32.34,40.0,3,2048
138684892,200.000,199.669,0.0000,-0.0069,0.0000,0.1049,0.000,32.34,40.0,3,2048
138685589,200.000,199.669,0.0000,-0.0374,0.0000,0.1082,0.000,32.34,40.0,3,2048
138686547,200.000,199.669,0.0000,-0.0267,0.0000,0.1313,0.000,32.34,40.0,3,2048
138687550,200.000,199.669,0.0000,-0.0587,0.0000,0.1522,0.000,32.34,40.0,3,2048
138688597,200.000,199.669,0.0000,0.0954,0.0000,0.0610,0.000,32.34,40.0,3,2048
138689912,200.000,199.669,0.0000,0.0145,0.0000,0.1467,0.000,32.34,40.0,3,2048
138690466,200.000,199.669,0.0000,-0.0694,0.0000,0.1225,0.000,32.34,40.0,3,2048
138691552,200.000,199.669,0.0000,-0.1167,0.0000,0.1489,0.000,32.34,40.0,3,2048
138692887,200.000,199.669,0.0000,-0.0664,0.0000,0.0786,0.000,32.34,40.0,3,2048
138693546,200.000,199.669,0.0000,-0.1030,0.0000,0.0676,0.000,32.34,40.0,3,2048
138694868,200.000,199.669,0.0000,0.0282,0.0000,0.1719,0.000,32.34,40.0,3,2048
138695558,200.000,199.669,0.0000,-0.0069,0.0000,0.1093,0.000,32.34,40.0,3,2048
138696872,200.000,199.669,0.0000,0.0465,0.0000,0.1664,0.000,32.34,40.0,3,2048
138697601,200.000,199.669,0.0000,0.0496,0.0000,0.1181,0.000,32.34,40.0,3,2048
138698547,200.000,199.669,0.0000,-0.1228,0.0000,0.1214,0.000,32.34,40.0,3,2048
138699886,200.000,199.669,0.0000,-0.0603,0.0000,0.1236,0.000,32.34,40.0,3,2048
138700542,200.000,199.669,0.0000,0.0710,0.0000,0.1423,0.000,32.34,40.0,3,2048
138701606,200.000,199.669,0.0000,0.0343,0.0000,0.0797,0.000,32.34,40.0,3,2048
138702542,200.000,199.669,0.0000,-0.0938,0.0000,0.1401,0.000,32.34,40.0,3,2048
138703672,200.000,199.669,0.0000,-0.0435,0.0000,0.1038,0.000,32.34,40.0,3,2048
138704871,200.000,199.669,0.0000,0.0694,0.0000,0.1445,0.000,32.34,40.0,3,2048
138705542,200.000,199.669,0.0000,0.0069,0.0000,0.0917,0.000,32.34,40.0,3,2048
138706547,200.000,199.669,0.0000,0.0145,0.0000,0.1445,0.000,32.34,40.0,3,2048
138707542,200.000,199.669,0.0000,0.1060,0.0000,0.1159,0.000,32.34,40.0,3,2048
138708606,200.000,199.669,0.0000,-0.0206,0.0000,0.1599,0.000,32.34,40.0,3,2048
138709928,200.000,199.669,0.0000,-0.0786,0.0000,0.0983,0.000,32.34,40.0,3,2048
138710578,200.000,199.669,0.0000,0.0481,0.0000,0.1126,0.000,32.34,40.0,3,2048
138711576,200.000,199.669,0.0000,-0.0481,0.0000,0.1511,0.000,32.34,40.0,3,2048
138712893,200.000,199.669,0.0000,0.0008,0.0000,0.1181,0.000,32.34,40.0,3,2048
138713644,200.000,199.669,0.0000,-0.0633,0.0000,0.1379,0.000,32.34,40.0,3,2048
138714870,200.000,199.669,0.0000,-0.0542,0.0000,0.1423,0.000,32.34,40.0,3,2048
138715542,200.000,199.669,0.0000,0.1198,0.0000,0.1038,0.000,32.34,40.0,3,2048
138716933,200.000,199.669,0.0000,-0.0847,0.0000,0.0972,0.000,32.34,40.0,3,2048
138717577,200.000,199.669,0.0000,0.0298,0.0000,0.1258,0.000,32.34,40.0,3,2048
138718576,200.000,199.669,0.0000,-0.0832,0.0000,0.1412,0.000,32.34,40.0,3,2048
138719889,200.000,199.669,0.0000,0.0298,0.0000,0.1082,0.000,32.34,40.0,3,2048
138720575,200.000,199.669,0.0000,-0.0221,0.0000,0.1774,0.000,32.34,40.0,3,2048
138721575,200.000,199.669,0.0000,0.1091,0.0000,0.1291,0.000,32.34,40.0,3,2048
138722571,200.000,199.669,0.0000,-0.0023,0.0000,0.1115,0.000,32.34,40.0,3,2048
138723569,200.000,199.669,0.0000,0.0053,0.0000,0.1632,0.000,32.34,40.0,3,2048
138724888,200.000,199.669,0.0000,0.0816,0.0000,0.1258,0.000,32.34,40.0,3,2048
138725589,200.000,199.669,0.0000,-0.0694,0.0000,0.0851,0.000,32.34,40.0,3,2048
138726547,200.000,199.669,0.0000,0.0267,0.0000,0.1533,0.000,32.34,40.0,3,2048
138727542,200.000,199.669,0.0000,0.1060,0.0000,0.0917,0.000,32.34,40.0,3,2048
138728597,200.000,199.669,0.0000,0.1686,0.0000,0.1478,0.000,32.34,40.0,3,2048
138729910,200.000,199.669,0.0000,0.0145,0.0000,0.1324,0.000,32.34,40.0,3,2048
138730599,200.000,199.669,0.0000,-0.0572,0.0000,0.1181,0.000,32.34,40.0,3,2048
138731552,200.000,199.669,0.0000,-0.0023,0.0000,0.1225,0.000,32.34,40.0,3,2048
138732860,200.000,199.669,0.0000,-0.0420,0.0000,0.1335,0.000,32.34,40.0,3,2048
138733660,200.000,199.669,0.0000,-0.0633,0.0000,0.0961,0.000,32.34,40.0,3,2048
138734899,200.000,199.669,0.0000,-0.0679,0.0000,0.1071,0.000,32.34,40.0,3,2048
138735547,200.000,199.669,0.0000,-0.1106,0.0000,0.1357,0.000,32.34,40.0,3,2048
138736885,200.000,199.669,0.0000,0.0069,0.0000,0.0873,0.000,32.34,40.0,3,2048
138737547,200.000,199.669,0.0000,-0.0526,0.0000,0.0994,0.000,32.34,40.0,3,2048
138738601,200.000,199.669,0.0000,-0.0496,0.0000,0.1126,0.000,32.34,40.0,3,2048
138739869,200.000,199.669,0.0000,0.0359,0.0000,0.1335,0.000,32.34,40.0,3,2048
138740563,200.000,199.669,0.0000,-0.0267,0.0000,0.1390,0.000,32.34,40.0,3,2048
138741547,200.000,199.669,0.0000,-0.1137,0.0000,0.1357,0.000,32.34,40.0,3,2048
138742593,200.000,199.669,0.0000,-0.0328,0.0000,0.0753,0.000,32.34,40.0,3,2048
138743545,200.000,199.669,0.0000,0.0206,0.0000,0.1302,0.000,32.34,40.0,3,2048
138744955,200.000,199.669,0.0000,0.0633,0.0000,0.1467,0.000,32.34,40.0,3,2048
138745877,200.000,199.669,0.0000,0.0694,0.0000,0.1577,0.000,32.34,40.0,3,2048
138746917,200.000,199.669,0.0000,0.0298,0.0000,0.1445,0.000,32.34,40.0,3,2048
138747876,200.000,199.669,0.0000,0.0984,0.0000,0.1137,0.000,32.34,40.0,3,2048
138748886,200.000,199.669,0.0000,-0.0557,0.0000,0.0654,0.000,32.34,40.0,3,2048
138750202,200.000,199.669,0.0000,-0.0114,0.0000,0.1653,0.000,32.34,40.0,3,2048
138750750,200.000,199.669,0.0000,-0.0771,0.0000,0.0983,0.000,32.34,40.0,3,2048
138751902,200.000,199.669,0.0000,0.0267,0.0000,0.1005,0.000,32.34,40.0,3,2048
138753189,200.000,199.669,0.0000,-0.0755,0.0000,0.1390,0.000,32.34,40.0,3,2048
138753618,200.000,199.669,0.0000,-0.0298,0.0000,0.1610,0.000,32.34,40.0,3,2048
138754979,200.000,199.669,0.0000,-0.0374,0.0000,0.1390,0.000,32.34,40.0,3,2048
138755548,200.000,199.669,0.0000,-0.0145,0.0000,0.1225,0.000,32.34,40.0,3,2048
138756866,200.000,199.669,0.0000,0.0420,0.0000,0.0994,0.000,32.34,40.0,3,2048
138757546,200.000,199.669,0.0000,0.1015,0.0000,0.1445,0.000,32.34,40.0,3,2048
138758547,200.000,199.669,0.0000,-0.0786,0.0000,0.1533,0.000,32.34,40.0,3,2048
138759925,200.000,199.669,0.0000,-0.0114,0.0000,0.1203,0.000,32.34,40.0,3,2048
138760572,200.000,199.669,0.0000,0.0221,0.0000,0.1038,0.000,32.34,40.0,3,2048
138761619,200.000,199.669,0.0000,-0.0145,0.0000,0.1741,0.000,32.34,40.0,3,2048
138762573,200.000,199.669,0.0000,-0.0771,0.0000,0.1005,0.000,32.34,40.0,3,2048
138763573,200.000,199.669,0.0000,-0.0603,0.0000,0.0862,0.000,32.34,40.0,3,2048
138764960,200.000,199.669,0.0000,-0.0603,0.0000,0.1445,0.000,32.34,40.0,3,2048
138765550,200.000,199.669,0.0000,0.1625,0.0000,0.1247,0.000,32.34,40.0,3,2048
138766547,200.000,199.669,0.0000,-0.0282,0.0000,0.1577,0.000,32.34,40.0,3,2048
138767606,200.000,199.669,0.0000,0.0496,0.0000,0.1686,0.000,32.34,40.0,3,2048
138768569,200.000,199.669,0.0000,-0.0771,0.0000,0.1126,0.000,32.34,40.0,3,2048
138769890,200.000,199.669,0.0000,-0.0084,0.0000,0.1357,0.000,32.34,40.0,3,2048
138770575,200.000,199.669,0.0000,0.0969,0.0000,0.1137,0.000,32.34,40.0,3,2048
138771575,200.000,199.669,0.0000,-0.0420,0.0000,0.1368,0.000,32.34,40.0,3,2048
138772887,200.000,199.669,0.0000,0.0374,0.0000,0.1115,0.000,32.34,40.0,3,2048
138773571,200.000,199.669,0.0000,-0.0542,0.0000,0.0720,0.000,32.34,40.0,3,2048
138774888,200.000,199.669,0.0000,-0.0999,0.0000,0.0786,0.000,32.34,40.0,3,2048
138775575,200.000,199.669,0.0000,0.0282,0.0000,0.0742,0.000,32.34,40.0,3,2048
138776909,200.000,199.669,0.0000,0.0328,0.0000,0.1719,0.000,32.34,40.0,3,2048
138777544,200.000,199.669,0.0000,-0.1091,0.0000,0.1104,0.000,32.34,40.0,3,2048
138778547,200.000,199.669,0.0000,0.0923,0.0000,0.1785,0.000,32.34,40.0,3,2048
138779914,200.000,199.669,0.0000,0.0175,0.0000,0.1038,0.000,32.34,40.0,3,2048
138780598,200.000,199.669,0.0000,-0.0587,0.0000,0.1522,0.000,32.34,40.0,3,2048
138781602,200.000,199.669,0.0000,-0.1106,0.0000,0.1038,0.000,32.34,40.0,3,2048
138782596,200.000,199.669,0.0000,0.0374,0.0000,0.1137,0.000,32.34,40.0,3,2048
138783542,200.000,199.669,0.0000,-0.0877,0.0000,0.1027,0.000,32.34,40.0,3,2048
138784877,200.000,199.669,0.0000,0.0603,0.0000,0.1060,0.000,32.34,40.0,3,2048
138785550,200.000,199.669,0.0000,-0.0710,0.0000,0.1247,0.000,32.34,40.0,3,2048
138786547,200.000,199.669,0.0000,-0.0237,0.0000,0.1104,0.000,32.34,40.0,3,2048
138787558,200.000,199.669,0.0000,-0.0496,0.0000,0.1785,0.000,32.34,40.0,3,2048
138788542,200.000,199.669,0.0000,0.0648,0.0000,0.0895,0.000,32.34,40.0,3,2048
138789920,200.000,199.669,0.0000,-0.0572,0.0000,0.1599,0.000,32.34,40.0,3,2048
138790543,200.000,199.669,0.0000,0.0130,0.0000,0.0797,0.000,32.34,40.0,3,2048
138791564,200.000,199.669,0.0000,-0.0618,0.0000,0.1708,0.000,32.34,40.0,3,2048
138792860,200.000,199.669,0.0000,-0.0710,0.0000,0.0786,0.000,32.34,40.0,3,2048
138793602,200.000,199.669,0.0000,-0.0664,0.0000,0.0928,0.000,32.34,40.0,3,2048
138794870,200.000,199.669,0.0000,-0.1167,0.0000,0.0983,0.000,32.34,40.0,3,2048
138795515,200.000,199.669,0.0000,0.0587,0.0000,0.1203,0.000,32.34,40.0,3,2048
138796879,200.000,199.669,0.0000,-0.1045,0.0000,0.1137,0.000,32.34,40.0,3,2048
138797542,200.000,199.669,0.0000,0.1747,0.0000,0.1379,0.000,32.34,40.0,3,2048
138798610,200.000,199.669,0.0000,-0.0679,0.0000,0.1533,0.000,32.34,40.0,3,2048
138799870,200.000,199.669,0.0000,0.0771,0.0000,0.1214,0.000,32.34,40.0,3,2048
138800561,200.000,199.669,0.0000,-0.0160,0.0000,0.1049,0.000,32.34,40.0,3,2048
138801547,200.000,199.669,0.0000,0.0771,0.0000,0.1412,0.000,32.34,40.0,3,2048
138802599,200.000,199.669,0.0000,-0.0465,0.0000,0.1302,0.000,32.34,40.0,3,2048
138803542,200.000,199.669,0.0000,-0.0572,0.0000,0.1291,0.000,32.34,40.0,3,2048
138804966,200.000,199.669,0.0000,0.0267,0.0000,0.1258,0.000,32.34,40.0,3,2048
138805546,200.000,199.669,0.0000,0.0221,0.0000,0.1445,0.000,32.34,40.0,3,2048
138806547,200.000,199.669,0.0000,0.0587,0.0000,0.1280,0.000,32.34,40.0,3,2048
138807542,200.000,199.669,0.0000,0.0389,0.0000,0.0961,0.000,32.34,40.0,3,2048
138808601,200.000,199.669,0.0000,-0.0313,0.0000,0.1566,0.000,32.34,40.0,3,2048
138809895,200.000,199.669,0.0000,0.0984,0.0000,0.1621,0.000,32.34,40.0,3,2048
138810613,200.000,199.669,0.0000,-0.0771,0.0000,0.0917,0.000,32.34,40.0,3,2048
138811579,200.000,199.669,0.0000,-0.0481,0.0000,0.0972,0.000,32.34,40.0,3,2048
138812891,200.000,199.669,0.0000,0.0633,0.0000,0.1752,0.000,32.34,40.0,3,2048
138813572,200.000,199.669,0.0000,0.1289,0.0000,0.1247,0.000,32.34,40.0,3,2048
138814958,200.000,199.669,0.0000,0.0618,0.0000,0.1060,0.000,32.34,40.0,3,2048
138815878,200.000,199.669,0.0000,0.0298,0.0000,0.1522,0.000,32.34,40.0,3,2048
138817189,200.000,199.669,0.0000,-0.0252,0.0000,0.1016,0.000,32.34,40.0,3,2048
138817875,200.000,199.669,0.0000,-0.0526,0.0000,0.1291,0.000,32.34,40.0,3,2048
138818908,200.000,199.669,0.0000,0.0603,0.0000,0.1060,0.000,32.34,40.0,3,2048
138820217,200.000,199.669,0.0000,0.0252,0.0000,0.1555,0.000,32.34,40.0,3,2048
138820886,200.000,199.669,0.0000,-0.0603,0.0000,0.1280,0.000,32.34,40.0,3,2048
138821887,200.000,199.669,0.0000,-0.0740,0.0000,0.1126,0.000,32.34,40.0,3,2048
138822886,200.000,199.669,0.0000,0.1213,0.0000,0.1247,0.000,32.34,40.0,3,2048
138823885,200.000,199.669,0.0000,0.1442,0.0000,0.1489,0.000,32.34,40.0,3,2048
138825207,200.000,199.669,0.0000,-0.0557,0.0000,0.1192,0.000,32.34,40.0,3,2048
138825888,200.000,199.669,0.0000,-0.0053,0.0000,0.0983,0.000,32.34,40.0,3,2048
138826886,200.000,199.669,0.0000,-0.0389,0.0000,0.1027,0.000,32.34,40.0,3,2048
138827887,200.000,199.669,0.0000,-0.0053,0.0000,0.1807,0.000,32.34,40.0,3,2048
138828884,200.000,199.669,0.0000,0.0755,0.0000,0.1082,0.000,32.34,40.0,3,2048
138830210,200.000,199.669,0.0000,-0.1167,0.0000,0.0950,0.000,32.34,40.0,3,2048
138830886,200.000,199.669,0.0000,-0.0053,0.0000,0.1423,0.000,32.34,40.0,3,2048
138831886,200.000,199.669,0.0000,0.0938,0.0000,0.1093,0.000,32.34,40.0,3,2048
138833220,200.000,199.669,0.0000,0.0069,0.0000,0.1434,0.000,32.34,40.0,3,2048
138833545,200.000,199.669,0.0000,-0.0984,0.0000,0.1390,0.000,32.34,40.0,3,2048
138834866,200.000,199.669,0.0000,-0.0099,0.0000,0.1324,0.000,32.34,40.0,3,2048
138835544,200.000,199.669,0.0000,-0.0389,0.0000,0.1005,0.000,32.34,40.0,3,2048
138836921,200.000,199.669,0.0000,-0.0893,0.0000,0.0917,0.000,32.34,40.0,3,2048
138837599,200.000,199.669,0.0000,0.0633,0.0000,0.1104,0.000,32.34,40.0,3,2048
138838516,200.000,199.669,0.0000,-0.1320,0.0000,0.1280,0.000,32.34,40.0,3,2048
138839871,200.000,199.669,0.0000,0.0267,0.0000,0.1214,0.000,32.34,40.0,3,2048
138840542,200.000,199.669,0.0000,0.0374,0.0000,0.1258,0.000,32.34,40.0,3,2048
138841573,200.000,199.669,0.0000,-0.0114,0.0000,0.1412,0.000,32.34,40.0,3,2048
138842544,200.000,199.669,0.0000,-0.0465,0.0000,0.1412,0.000,32.34,40.0,3,2048
138843542,200.000,199.669,0.0000,0.0237,0.0000,0.0939,0.000,32.34,40.0,3,2048
138844887,200.000,199.669,0.0000,0.0679,0.0000,0.1214,0.000,32.34,40.0,3,2048
138845542,200.000,199.669,0.0000,-0.0130,0.0000,0.1159,0.000,32.34,40.0,3,2048
138846606,200.000,199.669,0.0000,0.0053,0.0000,0.1368,0.000,32.34,40.0,3,2048
138847542,200.000,199.669,0.0000,0.1045,0.0000,0.1533,0.000,32.34,40.0,3,2048
138848558,200.000,199.669,0.0000,-0.0404,0.0000,0.0917,0.000,32.34,40.0,3,2048
138849870,200.000,199.669,0.0000,0.0710,0.0000,0.1456,0.000,32.34,40.0,3,2048
138850601,200.000,199.669,0.0000,-0.0206,0.0000,0.0917,0.000,32.34,40.0,3,2048
138851547,200.000,199.669,0.0000,0.0526,0.0000,0.1577,0.000,32.34,40.0,3,2048
138852952,200.000,199.669,0.0000,0.0206,0.0000,0.1071,0.000,32.34,40.0,3,2048
138853545,200.000,199.669,0.0000,-0.0267,0.0000,0.1434,0.000,32.34,40.0,3,2048
138854975,200.000,199.669,0.0000,0.0404,0.0000,0.0994,0.000,32.34,40.0,3,2048
138855548,200.000,199.669,0.0000,-0.0969,0.0000,0.1379,0.000,32.34,40.0,3,2048
138856866,200.000,199.669,0.0000,0.0893,0.0000,0.1093,0.000,32.34,40.0,3,2048
138857546,200.000,199.669,0.0000,0.1396,0.0000,0.1566,0.000,32.34,40.0,3,2048
138858547,200.000,199.669,0.0000,-0.0954,0.0000,0.0786,0.000,32.34,40.0,3,2048
138859925,200.000,199.669,0.0000,0.0114,0.0000,0.1016,0.000,32.34,40.0,3,2048
138860575,200.000,199.669,0.0000,0.0267,0.0000,0.1610,0.000,32.34,40.0,3,2048
138861617,200.000,199.669,0.0000,0.0084,0.0000,0.1115,0.000,32.34,40.0,3,2048
138862573,200.000,199.669,0.0000,0.0679,0.0000,0.1500,0.000,32.34,40.0,3,2048
138863573,200.000,199.669,0.0000,-0.0359,0.0000,0.1038,0.000,32.34,40.0,3,2048
138864959,200.000,199.669,0.0000,0.0847,0.0000,0.0829,0.000,32.34,40.0,3,2048
138865550,200.000,199.669,0.0000,-0.1289,0.0000,0.1642,0.000,32.34,40.0,3,2048
138866547,200.000,199.669,0.0000,0.0328,0.0000,0.1137,0.000,32.34,40.0,3,2048
138867605,200.000,199.669,0.0000,-0.0450,0.0000,0.1456,0.000,32.34,40.0,3,2048
138868572,200.000,199.669,0.0000,0.0847,0.0000,0.1434,0.000,32.34,40.0,3,2048
138869890,200.000,199.669,0.0000,0.0160,0.0000,0.0829,0.000,32.34,40.0,3,2048
138870575,200.000,199.669,0.0000,-0.0832,0.0000,0.1642,0.000,32.34,40.0,3,2048
138871574,200.000,199.669,0.0000,0.1091,0.0000,0.1313,0.000,32.34,40.0,3,2048
138872888,200.000,199.669,0.0000,0.1122,0.0000,0.0818,0.000,32.34,40.0,3,2048
138873571,200.000,199.669,0.0000,-0.0114,0.0000,0.1324,0.000,32.34,40.0,3,2048
138874889,200.000,199.669,0.0000,0.0343,0.0000,0.1335,0.000,32.34,40.0,3,2048
138875576,200.000,199.669,0.0000,0.1289,0.0000,0.1071,0.000,32.34,40.0,3,2048
138876907,200.000,199.669,0.0000,0.0420,0.0000,0.1346,0.000,32.34,40.0,3,2048
138877545,200.000,199.669,0.0000,-0.0572,0.0000,0.1137,0.000,32.34,40.0,3,2048
138878547,200.000,199.669,0.0000,0.1167,0.0000,0.1203,0.000,32.34,40.0,3,2048
138879911,200.000,199.669,0.0000,0.0755,0.0000,0.0906,0.000,32.34,40.0,3,2048
138880597,200.000,199.669,0.0000,0.0175,0.0000,0.1258,0.000,32.34,40.0,3,2048
138881600,200.000,199.669,0.0000,0.0237,0.0000,0.1357,0.000,32.34,40.0,3,2048
138882597,200.000,199.669,0.0000,0.0206,0.0000,0.1555,0.000,32.34,40.0,3,2048
138883542,200.000,199.669,0.0000,-0.0465,0.0000,0.0764,0.000,32.34,40.0,3,2048
138884886,200.000,199.669,0.0000,-0.0282,0.0000,0.1302,0.000,32.34,40.0,3,2048
138885877,200.000,199.669,0.0000,0.0740,0.0000,0.1214,0.000,32.34,40.0,3,2048
138886871,200.000,199.669,0.0000,-0.0648,0.0000,0.1104,0.000,32.34,40.0,3,2048
138887882,200.000,199.669,0.0000,0.0633,0.0000,0.1324,0.000,32.34,40.0,3,2048
138888871,200.000,199.669,0.0000,-0.0328,0.0000,0.1192,0.000,32.34,40.0,3,2048
138890232,200.000,199.669,0.0000,0.0526,0.0000,0.1412,0.000,32.34,40.0,3,2048
138890874,200.000,199.669,0.0000,-0.0328,0.0000,0.1071,0.000,32.34,40.0,3,2048
138891881,200.000,199.669,0.0000,-0.0191,0.0000,0.1236,0.000,32.34,40.0,3,2048
138893187,200.000,199.669,0.0000,-0.0145,0.0000,0.1214,0.000,32.34,40.0,3,2048
138893434,200.000,199.669,0.0000,-0.0740,0.0000,0.1291,0.000,32.34,40.0,3,2048
138894898,200.000,199.669,0.0000,-0.0435,0.0000,0.1302,0.000,32.34,40.0,3,2048
138895547,200.000,199.669,0.0000,-0.0114,0.0000,0.1291,0.000,32.34,40.0,3,2048
138896963,200.000,199.669,0.0000,-0.0084,0.0000,0.1071,0.000,32.34,40.0,3,2048
138897550,200.000,199.669,0.0000,0.0893,0.0000,0.1511,0.000,32.34,40.0,3,2048
138898605,200.000,199.669,0.0000,0.0893,0.0000,0.1126,0.000,32.34,40.0,3,2048
138899871,200.000,199.669,0.0000,0.0557,0.0000,0.1357,0.000,32.34,40.0,3,2048
138900564,200.000,199.669,0.0000,0.1289,0.0000,0.1566,0.000,32.34,40.0,3,2048
138901547,200.000,199.669,0.0000,-0.0389,0.0000,0.0895,0.000,32.34,40.0,3,2048
138902594,200.000,199.669,0.0000,0.0252,0.0000,0.1214,0.000,32.34,40.0,3,2048
138903547,200.000,199.669,0.0000,-0.0618,0.0000,0.1225,0.000,32.34,40.0,3,2048
138904964,200.000,199.669,0.0000,0.0053,0.0000,0.1247,0.000,32.34,40.0,3,2048
138905546,200.000,199.669,0.0000,0.0175,0.0000,0.1324,0.000,32.34,40.0,3,2048
138906547,200.000,199.669,0.0000,0.0069,0.0000,0.1016,0.000,32.34,40.0,3,2048
138907542,200.000,199.669,0.0000,0.0053,0.0000,0.1214,0.000,32.34,40.0,3,2048
138908600,200.000,199.669,0.0000,-0.0175,0.0000,0.1016,0.000,32.34,40.0,3,2048
138909896,200.000,199.669,0.0000,0.0145,0.0000,0.1390,0.000,32.34,40.0,3,2048
138910612,200.000,199.669,0.0000,-0.1060,0.0000,0.1544,0.000,32.34,40.0,3,2048
138911580,200.000,199.669,0.0000,0.0847,0.0000,0.1192,0.000,32.34,40.0,3,2048
138912891,200.000,199.669,0.0000,0.0282,0.0000,0.1291,0.000,32.34,40.0,3,2048
138913572,200.000,199.669,0.0000,0.0496,0.0000,0.1126,0.000,32.34,40.0,3,2048
138914955,200.000,199.669,0.0000,0.0511,0.0000,0.1071,0.000,32.34,40.0,3,2048
138915551,200.000,199.669,0.0000,0.1091,0.0000,0.1170,0.000,32.34,40.0,3,2048
138916866,200.000,199.669,0.0000,0.0420,0.0000,0.1346,0.000,32.34,40.0,3,2048
138917610,200.000,199.669,0.0000,0.0999,0.0000,0.1379,0.000,32.34,40.0,3,2048
138918578,200.000,199.669,0.0000,-0.0618,0.0000,0.1115,0.000,32.34,40.0,3,2048
138919892,200.000,199.669,0.0000,-0.1244,0.0000,0.0621,0.000,32.34,40.0,3,2048
138920573,200.000,199.669,0.0000,0.0923,0.0000,0.1467,0.000,32.34,40.0,3,2048
138921574,200.000,199.669,0.0000,0.0175,0.0000,0.1291,0.000,32.34,40.0,3,2048
138922569,200.000,199.669,0.0000,0.0389,0.0000,0.1566,0.000,32.34,40.0,3,2048
138923570,200.000,199.669,0.0000,0.0572,0.0000,0.1324,0.000,32.34,40.0,3,2048
138924891,200.000,199.669,0.0000,0.0404,0.0000,0.0720,0.000,32.34,40.0,3,2048
138925573,200.000,199.669,0.0000,0.0221,0.0000,0.1467,0.000,32.34,40.0,3,2048
138926589,200.000,199.669,0.0000,0.0786,0.0000,0.1236,0.000,32.34,40.0,3,2048
138927544,200.000,199.669,0.0000,0.0175,0.0000,0.1148,0.000,32.34,40.0,3,2048
138928574,200.000,199.669,0.0000,0.0298,0.0000,0.0939,0.000,32.34,40.0,3,2048
138929911,200.000,199.669,0.0000,0.0938,0.0000,0.1313,0.000,32.34,40.0,3,2048
138930596,200.000,199.669,0.0000,0.0252,0.0000,0.1511,0.000,32.34,40.0,3,2048
138931603,200.000,199.669,0.0000,-0.0023,0.0000,0.1214,0.000,32.34,40.0,3,2048
138932861,200.000,199.669,0.0000,0.0099,0.0000,0.1368,0.000,32.34,40.0,3,2048
138933666,200.000,199.669,0.0000,-0.0267,0.0000,0.1137,0.000,32.34,40.0,3,2048
138934898,200.000,199.669,0.0000,-0.0328,0.0000,0.1192,0.000,32.34,40.0,3,2048
138935547,200.000,199.669,0.0000,-0.0771,0.0000,0.1379,0.000,32.34,40.0,3,2048
138936885,200.000,199.669,0.0000,0.0298,0.0000,0.1489,0.000,32.34,40.0,3,2048
138937547,200.000,199.669,0.0000,0.0298,0.0000,0.1126,0.000,32.34,40.0,3,2048
138938601,200.000,199.669,0.0000,-0.0710,0.0000,0.1390,0.000,32.34,40.0,3,2048
138939870,200.000,199.669,0.0000,-0.0221,0.0000,0.1203,0.000,32.34,40.0,3,2048
138940562,200.000,199.669,0.0000,-0.0313,0.0000,0.1258,0.000,32.34,40.0,3,2048
138941547,200.000,199.669,0.0000,0.0786,0.0000,0.1181,0.000,32.34,40.0,3,2048
138942593,200.000,199.669,0.0000,-0.0099,0.0000,0.1335,0.000,32.34,40.0,3,2048
138943547,200.000,199.669,0.0000,0.0999,0.0000,0.1236,0.000,32.34,40.0,3,2048
138944953,200.000,199.669,0.0000,-0.0252,0.0000,0.1236,0.000,32.34,40.0,3,2048
138945553,200.000,199.669,0.0000,-0.0404,0.0000,0.1500,0.000,32.34,40.0,3,2048
138946601,200.000,199.669,0.0000,0.0664,0.0000,0.1016,0.000,32.34,40.0,3,2048
138947547,200.000,199.669,0.0000,0.0191,0.0000,0.1511,0.000,32.34,40.0,3,2048
138948561,200.000,199.669,0.0000,-0.0008,0.0000,0.1038,0.000,32.34,40.0,3,2048
138949868,200.000,199.669,0.0000,0.0435,0.0000,0.1774,0.000,32.34,40.0,3,2048
138950596,200.000,199.669,0.0000,-0.0908,0.0000,0.1423,0.000,32.34,40.0,3,2048
138951548,200.000,199.669,0.0000,0.1946,0.0000,0.0983,0.000,32.34,40.0,3,2048
138952881,200.000,199.669,0.0000,-0.0435,0.0000,0.1719,0.000,32.34,40.0,3,2048
138953543,200.000,199.669,0.0000,0.0282,0.0000,0.1203,0.000,32.34,40.0,3,2048
138954979,200.000,199.669,0.0000,0.0313,0.0000,0.1181,0.000,32.34,40.0,3,2048
138955616,200.000,199.669,0.0000,-0.0755,0.0000,0.1159,0.000,32.34,40.0,3,2048
138956876,200.000,199.669,0.0000,0.0008,0.0000,0.1236,0.000,32.34,40.0,3,2048
138957542,200.000,199.669,0.0000,0.0023,0.0000,0.1335,0.000,32.34,40.0,3,2048
138958613,200.000,199.669,0.0000,-0.0267,0.0000,0.1016,0.000,32.34,40.0,3,2048
138959893,200.000,199.669,0.0000,-0.0664,0.0000,0.1544,0.000,32.34,40.0,3,2048
138960574,200.000,199.669,0.0000,0.0557,0.0000,0.0895,0.000,32.34,40.0,3,2048
138961574,200.000,199.669,0.0000,0.0175,0.0000,0.0895,0.000,32.34,40.0,3,2048
138962569,200.000,199.669,0.0000,-0.0023,0.0000,0.1005,0.000,32.34,40.0,3,2048
138963569,200.000,199.669,0.0000,0.0038,0.0000,0.1412,0.000,32.34,40.0,3,2048
138964891,200.000,199.669,0.0000,-0.0465,0.0000,0.1401,0.000,32.34,40.0,3,2048
138965573,200.000,199.669,0.0000,-0.0237,0.0000,0.1038,0.000,32.34,40.0,3,2048
138966575,200.000,199.669,0.0000,0.0008,0.0000,0.1082,0.000,32.34,40.0,3,2048
138967585,200.000,199.669,0.0000,-0.0221,0.0000,0.1467,0.000,32.34,40.0,3,2048
138968543,200.000,199.669,0.0000,0.0252,0.0000,0.1280,0.000,32.34,40.0,3,2048
138969906,200.000,199.669,0.0000,0.0465,0.0000,0.1313,0.000,32.34,40.0,3,2048
138970598,200.000,199.669,0.0000,0.0679,0.0000,0.1357,0.000,32.34,40.0,3,2048
138971599,200.000,199.669,0.0000,-0.0710,0.0000,0.1346,0.000,32.34,40.0,3,2048
138972920,200.000,199.669,0.0000,0.0343,0.0000,0.1225,0.000,32.34,40.0,3,2048
138973543,200.000,199.669,0.0000,-0.0298,0.0000,0.1159,0.000,32.34,40.0,3,2048
138974886,200.000,199.669,0.0000,-0.0816,0.0000,0.1236,0.000,32.34,40.0,3,2048
138975550,200.000,199.669,0.0000,-0.0191,0.0000,0.1368,0.000,32.34,40.0,3,2048
138976866,200.000,199.669,0.0000,0.0603,0.0000,0.1291,0.000,32.34,40.0,3,2048
138977509,200.000,199.669,0.0000,-0.0267,0.0000,0.1181,0.000,32.34,40.0,3,2048
138978549,200.000,199.669,0.0000,0.0221,0.0000,0.1379,0.000,32.34,40.0,3,2048
138979869,200.000,199.669,0.0000,0.0526,0.0000,0.0950,0.000,32.34,40.0,3,2048
138980604,200.000,199.669,0.0000,0.0145,0.0000,0.1148,0.000,32.34,40.0,3,2048
138981547,200.000,199.669,0.0000,-0.2495,0.0000,0.1137,0.000,32.34,40.0,3,2048
138982561,200.000,199.669,0.0000,0.0938,0.0000,0.1159,0.000,32.34,40.0,3,2048
138983542,200.000,199.669,0.0000,-0.0130,0.0000,0.1214,0.000,32.34,40.0,3,2048
138984976,200.000,199.669,0.0000,-0.0542,0.0000,0.1060,0.000,32.34,40.0,3,2048
138985549,200.000,199.669,0.0000,-0.0313,0.0000,0.1445,0.000,32.34,40.0,3,2048
138986564,200.000,199.669,0.0000,-0.0465,0.0000,0.0994,0.000,32.34,40.0,3,2048
138987542,200.000,199.669,0.0000,-0.1213,0.0000,0.1137,0.000,32.34,40.0,3,2048
138988597,200.000,199.669,0.0000,0.0786,0.0000,0.1170,0.000,32.34,40.0,3,2048
138989869,200.000,199.669,0.0000,0.0191,0.0000,0.0994,0.000,32.34,40.0,3,2048
138990562,200.000,199.669,0.0000,0.0038,0.0000,0.0983,0.000,32.34,40.0,3,2048
138991547,200.000,199.669,0.0000,-0.0633,0.0000,0.0972,0.000,32.34,40.0,3,2048
138992916,200.000,199.669,0.0000,-0.0435,0.0000,0.1247,0.000,32.34,40.0,3,2048
138993547,200.000,199.669,0.0000,-0.0618,0.0000,0.0818,0.000,32.34,40.0,3,2048
138994953,200.000,199.669,0.0000,-0.1274,0.0000,0.0873,0.000,32.34,40.0,3,2048
138995553,200.000,199.669,0.0000,-0.0114,0.0000,0.0917,0.000,32.34,40.0,3,2048
138996926,200.000,199.669,0.0000,-0.0206,0.0000,0.1313,0.000,32.34,40.0,3,2048
138997545,200.000,199.669,0.0000,-0.0099,0.0000,0.1214,0.000,32.34,40.0,3,2048
138998566,200.000,199.669,0.0000,-0.0267,0.0000,0.1115,0.000,32.34,40.0,3,2048
138999866,200.000,199.669,0.0000,-0.0237,0.0000,0.1412,0.000,32.34,40.0,3,2048
139000595,200.000,199.669,0.0000,0.0496,0.0000,0.1379,0.000,32.34,40.0,3,2048
139001547,200.000,199.669,0.0000,-0.0847,0.0000,0.1027,0.000,32.34,40.0,3,2048
139002561,200.000,199.669,0.0000,-0.1213,0.0000,0.1445,0.000,32.34,40.0,3,2048
139003542,200.000,199.669,0.0000,-0.0954,0.0000,0.1368,0.000,32.34,40.0,3,2048
139004983,200.000,199.669,0.0000,0.0328,0.0000,0.1137,0.000,32.34,40.0,3,2048
139005569,200.000,199.669,0.0000,-0.0694,0.0000,0.1269,0.000,32.34,40.0,3,2048
139006547,200.000,199.669,0.0000,-0.0557,0.0000,0.1313,0.000,32.34,40.0,3,2048
139007542,200.000,199.669,0.0000,-0.0862,0.0000,0.0950,0.000,32.34,40.0,3,2048
139008542,200.000,199.669,0.0000,0.0191,0.0000,0.1423,0.000,32.34,40.0,3,2048
139009916,200.000,199.669,0.0000,0.0160,0.0000,0.1038,0.000,32.34,40.0,3,2048
139010575,200.000,199.669,0.0000,-0.1122,0.0000,0.1423,0.000,32.34,40.0,3,2048
139011617,200.000,199.669,0.0000,-0.1778,0.0000,0.0983,0.000,32.34,40.0,3,2048
139012891,200.000,199.669,0.0000,-0.0694,0.0000,0.1225,0.000,32.34,40.0,3,2048
139013573,200.000,199.669,0.0000,0.0618,0.0000,0.1027,0.000,32.34,40.0,3,2048
139014894,200.000,199.669,0.0000,0.0679,0.0000,0.0906,0.000,32.34,40.0,3,2048
139015638,200.000,199.669,0.0000,0.0252,0.0000,0.1247,0.000,32.34,40.0,3,2048
139016872,200.000,199.669,0.0000,-0.1473,0.0000,0.1642,0.000,32.34,40.0,3,2048
139017544,200.000,199.669,0.0000,0.1427,0.0000,0.1269,0.000,32.34,40.0,3,2048
139018610,200.000,199.669,0.0000,-0.0969,0.0000,0.1423,0.000,32.34,40.0,3,2048
139019894,200.000,199.669,0.0000,0.0618,0.0000,0.1071,0.000,32.34,40.0,3,2048
139020575,200.000,199.669,0.0000,0.1259,0.0000,0.1269,0.000,32.34,40.0,3,2048
139021575,200.000,199.669,0.0000,-0.0267,0.0000,0.1269,0.000,32.34,40.0,3,2048
139022569,200.000,199.669,0.0000,-0.0038,0.0000,0.0654,0.000,32.34,40.0,3,2048
139023569,200.000,199.669,0.0000,0.0282,0.0000,0.1675,0.000,32.34,40.0,3,2048
139024888,200.000,199.669,0.0000,0.0862,0.0000,0.1104,0.000,32.34,40.0,3,2048
139025575,200.000,199.669,0.0000,-0.0969,0.0000,0.1181,0.000,32.34,40.0,3,2048
139026576,200.000,199.669,0.0000,0.1045,0.0000,0.1610,0.000,32.34,40.0,3,2048
139027581,200.000,199.669,0.0000,-0.0664,0.0000,0.1302,0.000,32.34,40.0,3,2048
139028545,200.000,199.669,0.0000,0.0191,0.0000,0.1214,0.000,32.34,40.0,3,2048
139029909,200.000,199.669,0.0000,-0.0404,0.0000,0.1071,0.000,32.34,40.0,3,2048
139030596,200.000,199.669,0.0000,0.1213,0.0000,0.1390,0.000,32.34,40.0,3,2048
139031598,200.000,199.669,0.0000,-0.0282,0.0000,0.0906,0.000,32.34,40.0,3,2048
139032917,200.000,199.669,0.0000,0.0420,0.0000,0.0917,0.000,32.34,40.0,3,2048
139033543,200.000,199.669,0.0000,-0.0145,0.0000,0.1302,0.000,32.34,40.0,3,2048
139034886,200.000,199.669,0.0000,-0.0648,0.0000,0.1324,0.000,32.34,40.0,3,2048
139035551,200.000,199.669,0.0000,0.0160,0.0000,0.0983,0.000,32.34,40.0,3,2048
139036866,200.000,199.669,0.0000,0.0740,0.0000,0.1686,0.000,32.34,40.0,3,2048
139037563,200.000,199.669,0.0000,-0.0160,0.0000,0.1126,0.000,32.34,40.0,3,2048
139038547,200.000,199.669,0.0000,0.0481,0.0000,0.0884,0.000,32.34,40.0,3,2048
139039919,200.000,199.669,0.0000,-0.0343,0.0000,0.1675,0.000,32.34,40.0,3,2048
139040544,200.000,199.669,0.0000,-0.0816,0.0000,0.0906,0.000,32.34,40.0,3,2048
139041564,200.000,199.669,0.0000,-0.0084,0.0000,0.1137,0.000,32.34,40.0,3,2048
139042542,200.000,199.669,0.0000,0.0038,0.0000,0.1269,0.000,32.34,40.0,3,2048
139043600,200.000,199.669,0.0000,0.0053,0.0000,0.1456,0.000,32.34,40.0,3,2048
139044870,200.000,199.669,0.0000,-0.0710,0.0000,0.1467,0.000,32.34,40.0,3,2048
139045512,200.000,199.669,0.0000,0.1137,0.0000,0.1203,0.000,32.34,40.0,3,2048
139046551,200.000,199.669,0.0000,-0.0206,0.0000,0.1225,0.000,32.34,40.0,3,2048
139047542,200.000,199.669,0.0000,-0.0038,0.0000,0.1653,0.000,32.34,40.0,3,2048
139048600,200.000,199.669,0.0000,0.0160,0.0000,0.1247,0.000,32.34,40.0,3,2048
139049873,200.000,199.669,0.0000,0.0435,0.0000,0.0961,0.000,32.34,40.0,3,2048
139050563,200.000,199.669,0.0000,-0.0267,0.0000,0.1291,0.000,32.34,40.0,3,2048
139051547,200.000,199.669,0.0000,0.0191,0.0000,0.1401,0.000,32.34,40.0,3,2048
139052913,200.000,199.669,0.0000,0.0282,0.0000,0.1258,0.000,32.34,40.0,3,2048
139053544,200.000,199.669,0.0000,0.0404,0.0000,0.1577,0.000,32.34,40.0,3,2048
139054891,200.000,199.669,0.0000,0.0938,0.0000,0.1401,0.000,32.34,40.0,3,2048
139055544,200.000,199.669,0.0000,-0.1411,0.0000,0.1258,0.000,32.34,40.0,3,2048
139056988,200.000,199.669,0.0000,0.0191,0.0000,0.1038,0.000,32.34,40.0,3,2048
139057567,200.000,199.669,0.0000,0.1549,0.0000,0.1434,0.000,32.34,40.0,3,2048
139058547,200.000,199.669,0.0000,-0.1060,0.0000,0.1093,0.000,32.34,40.0,3,2048
139059866,200.000,199.669,0.0000,0.1213,0.0000,0.1610,0.000,32.34,40.0,3,2048
139060544,200.000,199.669,0.0000,0.0740,0.0000,0.1093,0.000,32.34,40.0,3,2048
139061583,200.000,199.669,0.0000,-0.0237,0.0000,0.0862,0.000,32.34,40.0,3,2048
139062593,200.000,199.669,0.0000,-0.0221,0.0000,0.1368,0.000,32.34,40.0,3,2048
139063609,200.000,199.669,0.0000,0.0557,0.0000,0.1401,0.000,32.34,40.0,3,2048
139064892,200.000,199.669,0.0000,0.0862,0.0000,0.1192,0.000,32.34,40.0,3,2048
139065578,200.000,199.669,0.0000,-0.0160,0.0000,0.1357,0.000,32.34,40.0,3,2048
139066577,200.000,199.669,0.0000,0.0816,0.0000,0.1478,0.000,32.34,40.0,3,2048
139067646,200.000,199.669,0.0000,0.0282,0.0000,0.1159,0.000,32.34,40.0,3,2048
139068542,200.000,199.669,0.0000,0.1381,0.0000,0.1544,0.000,32.34,40.0,3,2048
139069922,200.000,199.669,0.0000,0.0603,0.0000,0.1379,0.000,32.34,40.0,3,2048
139070577,200.000,199.669,0.0000,-0.0664,0.0000,0.1500,0.000,32.34,40.0,3,2048
139071575,200.000,199.669,0.0000,0.0404,0.0000,0.1401,0.000,32.34,40.0,3,2048
139072888,200.000,199.669,0.0000,-0.0221,0.0000,0.1390,0.000,32.34,40.0,3,2048
139073570,200.000,199.669,0.0000,-0.0374,0.0000,0.1423,0.000,32.34,40.0,3,2048
139074889,200.000,199.669,0.0000,0.0435,0.0000,0.1577,0.000,32.34,40.0,3,2048
139075575,200.000,199.669,0.0000,0.0023,0.0000,0.1500,0.000,32.34,40.0,3,2048
139076895,200.000,199.669,0.0000,0.0298,0.0000,0.1049,0.000,32.34,40.0,3,2048
139077575,200.000,199.669,0.0000,0.1411,0.0000,0.1027,0.000,32.34,40.0,3,2048
139078576,200.000,199.669,0.0000,-0.1030,0.0000,0.1346,0.000,32.34,40.0,3,2048
139079902,200.000,199.669,0.0000,0.0008,0.0000,0.1247,0.000,32.34,40.0,3,2048
139080544,200.000,199.669,0.0000,0.0130,0.0000,0.1280,0.000,32.34,40.0,3,2048
139081547,200.000,199.669,0.0000,-0.0862,0.0000,0.1401,0.000,32.34,40.0,3,2048
139082596,200.000,199.669,0.0000,-0.0282,0.0000,0.0588,0.000,32.34,40.0,3,2048
139083592,200.000,199.669,0.0000,0.0633,0.0000,0.1653,0.000,32.34,40.0,3,2048
139084915,200.000,199.669,0.0000,-0.0954,0.0000,0.0840,0.000,32.34,40.0,3,2048
139085548,200.000,199.669,0.0000,-0.0801,0.0000,0.1522,0.000,32.34,40.0,3,2048
139086586,200.000,199.669,0.0000,0.1167,0.0000,0.1379,0.000,32.34,40.0,3,2048
139087544,200.000,199.669,0.0000,0.0542,0.0000,0.1148,0.000,32.34,40.0,3,2048
139088542,200.000,199.669,0.0000,0.0923,0.0000,0.1203,0.000,32.34,40.0,3,2048
139089886,200.000,199.669,0.0000,-0.0084,0.0000,0.1401,0.000,32.34,40.0,3,2048
139090542,200.000,199.669,0.0000,-0.0542,0.0000,0.0851,0.000,32.34,40.0,3,2048
139091606,200.000,199.669,0.0000,-0.0420,0.0000,0.0972,0.000,32.34,40.0,3,2048
139092861,200.000,199.669,0.0000,0.0786,0.0000,0.1368,0.000,32.34,40.0,3,2048
139093560,200.000,199.669,0.0000,-0.0450,0.0000,0.1599,0.000,32.34,40.0,3,2048
139094869,200.000,199.669,0.0000,-0.0114,0.0000,0.1621,0.000,32.34,40.0,3,2048
139095601,200.000,199.669,0.0000,-0.0648,0.0000,0.1137,0.000,32.34,40.0,3,2048
139096876,200.000,199.669,0.0000,-0.0725,0.0000,0.1412,0.000,32.34,40.0,3,2048
139097525,200.000,199.669,0.0000,-0.0420,0.0000,0.0709,0.000,32.34,40.0,3,2048
139098549,200.000,199.669,0.0000,-0.0313,0.0000,0.1104,0.000,32.34,40.0,3,2048
139099869,200.000,199.669,0.0000,-0.0175,0.0000,0.1434,0.000,32.34,40.0,3,2048
139100604,200.000,199.669,0.0000,0.0008,0.0000,0.0862,0.000,32.34,40.0,3,2048
139101547,200.000,199.669,0.0000,-0.0252,0.0000,0.1236,0.000,32.34,40.0,3,2048
139102561,200.000,199.669,0.0000,0.0633,0.0000,0.1104,0.000,32.34,40.0,3,2048
139103542,200.000,199.669,0.0000,-0.0282,0.0000,0.0983,0.000,32.34,40.0,3,2048
139104913,200.000,199.669,0.0000,0.0160,0.0000,0.1324,0.000,32.34,40.0,3,2048
139105547,200.000,199.669,0.0000,-0.0557,0.0000,0.1346,0.000,32.34,40.0,3,2048
139106566,200.000,199.669,0.0000,0.0679,0.0000,0.1291,0.000,32.34,40.0,3,2048
139107542,200.000,199.669,0.0000,0.0023,0.0000,0.1126,0.000,32.34,40.0,3,2048
139108659,200.000,199.669,0.0000,0.0252,0.0000,0.1203,0.000,32.34,40.0,3,2048
139109889,200.000,199.669,0.0000,-0.0359,0.0000,0.1071,0.000,32.34,40.0,3,2048
139110545,200.000,199.669,0.0000,0.0008,0.0000,0.1236,0.000,32.34,40.0,3,2048
139111547,200.000,199.669,0.0000,-0.0420,0.0000,0.1247,0.000,32.34,40.0,3,2048
139112860,200.000,199.669,0.0000,0.0832,0.0000,0.1291,0.000,32.34,40.0,3,2048
139113593,200.000,199.669,0.0000,-0.0389,0.0000,0.1500,0.000,32.34,40.0,3,2048
139114896,200.000,199.669,0.0000,0.0267,0.0000,0.1500,0.000,32.34,40.0,3,2048
139115613,200.000,199.669,0.0000,-0.0786,0.0000,0.0961,0.000,32.34,40.0,3,2048
139116902,200.000,199.669,0.0000,0.1106,0.0000,0.1170,0.000,32.34,40.0,3,2048
139117573,200.000,199.669,0.0000,-0.0221,0.0000,0.1335,0.000,32.34,40.0,3,2048
139118578,200.000,199.669,0.0000,-0.0374,0.0000,0.1060,0.000,32.34,40.0,3,2048
139119960,200.000,199.669,0.0000,0.0298,0.0000,0.1522,0.000,32.34,40.0,3,2048
139120550,200.000,199.669,0.0000,0.0298,0.0000,0.1115,0.000,32.34,40.0,3,2048
139121547,200.000,199.669,0.0000,-0.0862,0.0000,0.1115,0.000,32.34,40.0,3,2048
139122602,200.000,199.669,0.0000,-0.0496,0.0000,0.1115,0.000,32.34,40.0,3,2048
139123573,200.000,199.669,0.0000,-0.0923,0.0000,0.1082,0.000,32.34,40.0,3,2048
139124889,200.000,199.669,0.0000,0.0557,0.0000,0.1258,0.000,32.34,40.0,3,2048
139125575,200.000,199.669,0.0000,-0.0313,0.0000,0.0972,0.000,32.34,40.0,3,2048
139126575,200.000,199.669,0.0000,-0.0252,0.0000,0.1082,0.000,32.34,40.0,3,2048
139127569,200.000,199.669,0.0000,-0.0786,0.0000,0.1258,0.000,32.34,40.0,3,2048
139128569,200.000,199.669,0.0000,0.0526,0.0000,0.1379,0.000,32.34,40.0,3,2048
139129890,200.000,199.669,0.0000,-0.0328,0.0000,0.1126,0.000,32.34,40.0,3,2048
139130575,200.000,199.669,0.0000,-0.0053,0.0000,0.1104,0.000,32.34,40.0,3,2048
139131579,200.000,199.669,0.0000,0.0267,0.0000,0.1708,0.000,32.34,40.0,3,2048
139132862,200.000,199.669,0.0000,-0.0450,0.0000,0.1148,0.000,32.34,40.0,3,2048
139133559,200.000,199.669,0.0000,0.1396,0.0000,0.1478,0.000,32.34,40.0,3,2048
139134911,200.000,199.669,0.0000,0.1686,0.0000,0.1379,0.000,32.34,40.0,3,2048
139135597,200.000,199.669,0.0000,-0.1106,0.0000,0.1214,0.000,32.34,40.0,3,2048
139136923,200.000,199.669,0.0000,-0.0221,0.0000,0.1313,0.000,32.34,40.0,3,2048
139137550,200.000,199.669,0.0000,0.1808,0.0000,0.1071,0.000,32.34,40.0,3,2048
139138580,200.000,199.647,0.0000,-0.1320,0.0000,0.1379,0.000,32.34,40.0,3,2048
139139873,200.000,199.669,0.0000,0.0221,0.0000,0.1104,0.000,32.34,40.0,3,2048
139140542,200.000,199.669,0.0000,-0.0359,0.0000,0.1005,0.000,32.34,40.0,3,2048
139141564,200.000,199.669,0.0000,-0.0069,0.0000,0.1445,0.000,32.34,40.0,3,2048
139142542,200.000,199.669,0.0000,0.0511,0.0000,0.1357,0.000,32.34,40.0,3,2048
139143600,200.000,199.669,0.0000,0.0481,0.0000,0.1148,0.000,32.34,40.0,3,2048
139144870,200.000,199.669,0.0000,-0.0969,0.0000,0.1280,0.000,32.34,40.0,3,2048
139145558,200.000,199.669,0.0000,0.0771,0.0000,0.1126,0.000,32.34,40.0,3,2048
139146547,200.000,199.669,0.0000,0.0084,0.0000,0.0939,0.000,32.34,40.0,3,2048
139147600,200.000,199.669,0.0000,-0.0557,0.0000,0.1664,0.000,32.34,40.0,3,2048
139148543,200.000,199.669,0.0000,-0.0038,0.0000,0.1137,0.000,32.34,40.0,3,2048
139149954,200.000,199.669,0.0000,-0.0481,0.0000,0.1610,0.000,32.34,40.0,3,2048
139150553,200.000,199.669,0.0000,0.0587,0.0000,0.0983,0.000,32.34,40.0,3,2048
139151601,200.000,199.669,0.0000,-0.0877,0.0000,0.1653,0.000,32.34,40.0,3,2048
139152866,200.000,199.669,0.0000,0.0359,0.0000,0.1236,0.000,32.34,40.0,3,2048
139153562,200.000,199.669,0.0000,-0.0267,0.0000,0.1104,0.000,32.34,40.0,3,2048
139154868,200.000,199.669,0.0000,-0.0679,0.0000,0.1170,0.000,32.34,40.0,3,2048
139155596,200.000,199.669,0.0000,0.0160,0.0000,0.1269,0.000,32.34,40.0,3,2048
139156875,200.000,199.669,0.0000,-0.0557,0.0000,0.1104,0.000,32.34,40.0,3,2048
139157561,200.000,199.669,0.0000,0.1213,0.0000,0.1423,0.000,32.34,40.0,3,2048
139158547,200.000,199.669,0.0000,-0.0740,0.0000,0.1599,0.000,32.34,40.0,3,2048
139159984,200.000,199.669,0.0000,0.0542,0.0000,0.1291,0.000,32.34,40.0,3,2048
139160576,200.000,199.669,0.0000,-0.1183,0.0000,0.1335,0.000,32.34,40.0,3,2048
139161547,200.000,199.669,0.0000,0.0175,0.0000,0.1137,0.000,32.34,40.0,3,2048
139162542,200.000,199.669,0.0000,-0.0633,0.0000,0.1214,0.000,32.34,40.0,3,2048
139163542,200.000,199.669,0.0000,0.0313,0.0000,0.1060,0.000,32.34,40.0,3,2048
139164919,200.000,199.669,0.0000,0.0343,0.0000,0.1467,0.000,32.34,40.0,3,2048
139165574,200.000,199.669,0.0000,-0.1305,0.0000,0.1082,0.000,32.34,40.0,3,2048
139166617,200.000,199.669,0.0000,0.0862,0.0000,0.1621,0.000,32.34,40.0,3,2048
139167571,200.000,199.669,0.0000,0.0313,0.0000,0.0950,0.000,32.34,40.0,3,2048
139168573,200.000,199.669,0.0000,0.0801,0.0000,0.1566,0.000,32.34,40.0,3,2048
139169961,200.000,199.669,0.0000,-0.1381,0.0000,0.1170,0.000,32.34,40.0,3,2048
139170550,200.000,199.669,0.0000,0.1152,0.0000,0.1137,0.000,32.34,40.0,3,2048
139171547,200.000,199.669,0.0000,0.0099,0.0000,0.1236,0.000,32.34,40.0,3,2048
139172923,200.000,199.669,0.0000,-0.0084,0.0000,0.1214,0.000,32.34,40.0,3,2048
139173572,200.000,199.669,0.0000,-0.0832,0.0000,0.1214,0.000,32.34,40.0,3,2048
139174890,200.000,199.669,0.0000,0.0160,0.0000,0.1390,0.000,32.34,40.0,3,2048
139175575,200.000,199.669,0.0000,-0.1259,0.0000,0.0939,0.000,32.34,40.0,3,2048
139176895,200.000,199.669,0.0000,-0.0374,0.0000,0.1412,0.000,32.34,40.0,3,2048
139177575,200.000,199.669,0.0000,-0.0755,0.0000,0.0895,0.000,32.34,40.0,3,2048
139178574,200.000,199.669,0.0000,0.0572,0.0000,0.0928,0.000,32.34,40.0,3,2048
139179889,200.000,199.669,0.0000,0.0053,0.0000,0.1653,0.000,32.34,40.0,3,2048
139180575,200.000,199.669,0.0000,-0.0053,0.0000,0.1280,0.000,32.34,40.0,3,2048
139181576,200.000,199.669,0.0000,-0.0343,0.0000,0.1247,0.000,32.34,40.0,3,2048
139182580,200.000,199.669,0.0000,0.0023,0.0000,0.1049,0.000,32.34,40.0,3,2048
139183544,200.000,199.669,0.0000,0.0603,0.0000,0.1181,0.000,32.34,40.0,3,2048
139184909,200.000,199.669,0.0000,0.1106,0.0000,0.1434,0.000,32.34,40.0,3,2048
139185598,200.000,199.669,0.0000,-0.1244,0.0000,0.1269,0.000,32.34,40.0,3,2048
139186599,200.000,199.669,0.0000,-0.0755,0.0000,0.0917,0.000,32.34,40.0,3,2048
139187600,200.000,199.669,0.0000,0.0633,0.0000,0.0862,0.000,32.34,40.0,3,2048
139188542,200.000,199.669,0.0000,0.0023,0.0000,0.1324,0.000,32.34,40.0,3,2048
139189888,200.000,199.669,0.0000,-0.0038,0.0000,0.1478,0.000,32.34,40.0,3,2048
139190550,200.000,199.669,0.0000,0.0206,0.0000,0.1555,0.000,32.34,40.0,3,2048
139191547,200.000,199.669,0.0000,-0.0496,0.0000,0.1236,0.000,32.34,40.0,3,2048
139192878,200.000,199.669,0.0000,0.0404,0.0000,0.0895,0.000,32.34,40.0,3,2048
139193543,200.000,199.669,0.0000,-0.0496,0.0000,0.1642,0.000,32.34,40.0,3,2048
139194919,200.000,199.669,0.0000,0.0160,0.0000,0.1664,0.000,32.34,40.0,3,2048
139195543,200.000,199.669,0.0000,-0.0557,0.0000,0.1060,0.000,32.34,40.0,3,2048
139196887,200.000,199.669,0.0000,0.0664,0.0000,0.1478,0.000,32.34,40.0,3,2048
139197543,200.000,199.669,0.0000,-0.0404,0.0000,0.1181,0.000,32.34,40.0,3,2048
139198606,200.000,199.669,0.0000,0.0389,0.0000,0.1500,0.000,32.34,40.0,3,2048
139199869,200.000,199.669,0.0000,-0.0435,0.0000,0.1159,0.000,32.34,40.0,3,2048
139200516,200.000,199.669,0.0000,0.0984,0.0000,0.1104,0.000,32.34,40.0,3,2048
139201551,200.000,199.669,0.0000,-0.0999,0.0000,0.1555,0.000,32.34,40.0,3,2048
139202542,200.000,199.669,0.0000,0.0542,0.0000,0.0829,0.000,32.34,40.0,3,2048
139203601,200.000,199.669,0.0000,-0.0481,0.0000,0.1456,0.000,32.34,40.0,3,2048
139204871,200.000,199.669,0.0000,0.0786,0.0000,0.1060,0.000,32.34,40.0,3,2048
139205563,200.000,199.669,0.0000,0.0603,0.0000,0.1555,0.000,32.34,40.0,3,2048
139206547,200.000,199.669,0.0000,0.0664,0.0000,0.1280,0.000,32.34,40.0,3,2048
139207595,200.000,199.669,0.0000,0.0069,0.0000,0.1269,0.000,32.34,40.0,3,2048
139208542,200.000,199.669,0.0000,-0.0664,0.0000,0.1610,0.000,32.34,40.0,3,2048
139209890,200.000,199.669,0.0000,-0.1671,0.0000,0.0786,0.000,32.34,40.0,3,2048
139210544,200.000,199.669,0.0000,0.0984,0.0000,0.1148,0.000,32.34,40.0,3,2048
139211670,200.000,199.669,0.0000,0.0496,0.0000,0.1401,0.000,32.34,40.0,3,2048
139212882,200.000,199.669,0.0000,-0.0313,0.0000,0.1170,0.000,32.34,40.0,3,2048
139213543,200.000,199.669,0.0000,-0.0374,0.0000,0.1280,0.000,32.34,40.0,3,2048
139214870,200.000,199.669,0.0000,-0.1213,0.0000,0.1203,0.000,32.34,40.0,3,2048
139215544,200.000,199.669,0.0000,-0.0664,0.0000,0.0895,0.000,32.34,40.0,3,2048
139216899,200.000,199.669,0.0000,0.1091,0.0000,0.1104,0.000,32.34,40.0,3,2048
139217591,200.000,199.669,0.0000,-0.0298,0.0000,0.1566,0.000,32.34,40.0,3,2048
139218613,200.000,199.669,0.0000,-0.0603,0.0000,0.0928,0.000,32.34,40.0,3,2048
139219894,200.000,199.669,0.0000,0.1076,0.0000,0.1258,0.000,32.34,40.0,3,2048
139220575,200.000,199.669,0.0000,-0.0130,0.0000,0.0731,0.000,32.34,40.0,3,2048
139221578,200.000,199.669,0.0000,0.0496,0.0000,0.1390,0.000,32.34,40.0,3,2048
139222645,200.000,199.669,0.0000,-0.0725,0.0000,0.1192,0.000,32.34,40.0,3,2048
139223543,200.000,199.669,0.0000,0.0481,0.0000,0.1049,0.000,32.34,40.0,3,2048
139224881,200.000,199.669,0.0000,0.0206,0.0000,0.1269,0.000,32.34,40.0,3,2048
139225606,200.000,199.669,0.0000,-0.0557,0.0000,0.1291,0.000,32.34,40.0,3,2048
139226576,200.000,199.691,0.0000,0.1259,0.0000,0.1170,0.000,32.34,40.0,3,2048
139227571,200.000,199.669,0.0000,-0.0648,0.0000,0.1467,0.000,32.34,40.0,3,2048
139228569,200.000,199.669,0.0000,-0.0740,0.0000,0.0895,0.000,32.34,40.0,3,2048
139229888,200.000,199.669,0.0000,0.0511,0.0000,0.0950,0.000,32.34,40.0,3,2048
139230575,200.000,199.669,0.0000,-0.0771,0.0000,0.1258,0.000,32.34,40.0,3,2048
139231574,200.000,199.669,0.0000,0.0496,0.0000,0.0961,0.000,32.34,40.0,3,2048
139232886,200.000,199.669,0.0000,0.0053,0.0000,0.1719,0.000,32.34,40.0,3,2048
139233572,200.000,199.669,0.0000,0.1244,0.0000,0.1115,0.000,32.34,40.0,3,2048
139234901,200.000,199.669,0.0000,0.0496,0.0000,0.0961,0.000,32.34,40.0,3,2048
139235545,200.000,199.669,0.0000,0.0038,0.0000,0.1280,0.000,32.34,40.0,3,2048
139236882,200.000,199.669,0.0000,0.0374,0.0000,0.1181,0.000,32.34,40.0,3,2048
139237596,200.000,199.669,0.0000,-0.0923,0.0000,0.1291,0.000,32.34,40.0,3,2048
139238599,200.000,199.669,0.0000,0.0648,0.0000,0.0983,0.000,32.34,40.0,3,2048
139239782,200.000,199.669,0.0000,-0.0069,0.0000,0.1247,0.000,32.34,40.0,3,2048
139240551,200.000,199.669,0.0000,-0.1045,0.0000,0.1225,0.000,32.34,40.0,3,2048
139241547,200.000,199.669,0.0000,0.1427,0.0000,0.1225,0.000,32.34,40.0,3,2048
139242571,200.000,199.669,0.0000,-0.0328,0.0000,0.1016,0.000,32.34,40.0,3,2048
139243545,200.000,199.669,0.0000,0.0496,0.0000,0.1621,0.000,32.34,40.0,3,2048
139244870,200.000,199.669,0.0000,0.1045,0.0000,0.1192,0.000,32.34,40.0,3,2048
139245558,200.000,199.669,0.0000,-0.1335,0.0000,0.1104,0.000,32.34,40.0,3,2048
139246547,200.000,199.669,0.0000,-0.0191,0.0000,0.1368,0.000,32.34,40.0,3,2048
139247600,200.000,199.669,0.0000,-0.0801,0.0000,0.0906,0.000,32.34,40.0,3,2048
139248543,200.000,199.669,0.0000,-0.0069,0.0000,0.1269,0.000,32.34,40.0,3,2048
139249887,200.000,199.669,0.0000,-0.0877,0.0000,0.1368,0.000,32.34,40.0,3,2048
139250542,200.000,199.669,0.0000,0.1167,0.0000,0.1840,0.000,32.34,40.0,3,2048
139251605,200.000,199.669,0.0000,0.0374,0.0000,0.0840,0.000,32.34,40.0,3,2048
139252862,200.000,199.669,0.0000,-0.1244,0.0000,0.1324,0.000,32.34,40.0,3,2048
139253501,200.000,199.669,0.0000,0.0816,0.0000,0.1269,0.000,32.34,40.0,3,2048
139254876,200.000,199.669,0.0000,0.0984,0.0000,0.1038,0.000,32.34,40.0,3,2048
139255602,200.000,199.669,0.0000,-0.0343,0.0000,0.1258,0.000,32.34,40.0,3,2048
139256878,200.000,199.669,0.0000,0.0160,0.0000,0.0961,0.000,32.34,40.0,3,2048
139257561,200.000,199.669,0.0000,0.0038,0.0000,0.1236,0.000,32.34,40.0,3,2048
139258547,200.000,199.669,0.0000,-0.0267,0.0000,0.1203,0.000,32.34,40.0,3,2048
139259915,200.000,199.669,0.0000,-0.0923,0.0000,0.1335,0.000,32.34,40.0,3,2048
139260548,200.000,199.669,0.0000,-0.0114,0.0000,0.0983,0.000,32.34,40.0,3,2048
139261566,200.000,199.669,0.0000,-0.0191,0.0000,0.0818,0.000,32.34,40.0,3,2048
139262542,200.000,199.669,0.0000,-0.0252,0.0000,0.1653,0.000,32.34,40.0,3,2048
139263662,200.000,199.669,0.0000,0.0450,0.0000,0.1291,0.000,32.34,40.0,3,2048
139264892,200.000,199.669,0.0000,-0.0053,0.0000,0.1203,0.000,32.34,40.0,3,2048
139265545,200.000,199.669,0.0000,-0.0633,0.0000,0.1653,0.000,32.34,40.0,3,2048
139266547,200.000,199.669,0.0000,0.0816,0.0000,0.0950,0.000,32.34,40.0,3,2048
139267542,200.000,199.669,0.0000,-0.0343,0.0000,0.1401,0.000,32.34,40.0,3,2048
139268599,200.000,199.669,0.0000,-0.1106,0.0000,0.0895,0.000,32.34,40.0,3,2048
139269896,200.000,199.669,0.0000,-0.0679,0.0000,0.1082,0.000,32.34,40.0,3,2048
139270611,200.000,199.669,0.0000,0.0572,0.0000,0.1126,0.000,32.34,40.0,3,2048
139271577,200.000,199.669,0.0000,-0.0221,0.0000,0.1324,0.000,32.34,40.0,3,2048
139272892,200.000,199.669,0.0000,-0.1366,0.0000,0.1005,0.000,32.34,40.0,3,2048
139273595,200.000,199.669,0.0000,-0.0496,0.0000,0.0950,0.000,32.34,40.0,3,2048
139274939,200.000,199.669,0.0000,-0.0877,0.0000,0.0961,0.000,32.34,40.0,3,2048
139275548,200.000,199.669,0.0000,0.0359,0.0000,0.1313,0.000,32.34,40.0,3,2048
139276903,200.000,199.669,0.0000,0.1183,0.0000,0.1104,0.000,32.34,40.0,3,2048
139277593,200.000,199.669,0.0000,0.1457,0.0000,0.1280,0.000,32.34,40.0,3,2048
139278576,200.000,199.669,0.0000,0.0237,0.0000,0.1148,0.000,32.34,40.0,3,2048
139279893,200.000,199.669,0.0000,-0.1183,0.0000,0.1258,0.000,32.34,40.0,3,2048
139280573,200.000,199.669,0.0000,0.0511,0.0000,0.1181,0.000,32.34,40.0,3,2048
139281575,200.000,199.669,0.0000,0.0923,0.0000,0.1071,0.000,32.34,40.0,3,2048
139282569,200.000,199.669,0.0000,-0.0755,0.0000,0.1170,0.000,32.34,40.0,3,2048
139283569,200.000,199.669,0.0000,-0.0603,0.0000,0.1258,0.000,32.34,40.0,3,2048
139284893,200.000,199.669,0.0000,-0.0069,0.0000,0.0818,0.000,32.34,40.0,3,2048
139285573,200.000,199.669,0.0000,-0.1289,0.0000,0.1653,0.000,32.34,40.0,3,2048
139286590,200.000,199.669,0.0000,-0.0404,0.0000,0.1313,0.000,32.34,40.0,3,2048
139287542,200.000,199.669,0.0000,-0.1030,0.0000,0.0994,0.000,32.34,40.0,3,2048
139288594,200.000,199.669,0.0000,0.0298,0.0000,0.1170,0.000,32.34,40.0,3,2048
139289912,200.000,199.669,0.0000,-0.0542,0.0000,0.0961,0.000,32.34,40.0,3,2048
139290598,200.000,199.669,0.0000,-0.1366,0.0000,0.1093,0.000,32.34,40.0,3,2048
139291605,200.000,199.669,0.0000,0.0725,0.0000,0.0895,0.000,32.34,40.0,3,2048
139292859,200.000,199.669,0.0000,0.0359,0.0000,0.1577,0.000,32.34,40.0,3,2048
139293670,200.000,199.669,0.0000,0.0374,0.0000,0.1137,0.000,32.34,40.0,3,2048
139294898,200.000,199.669,0.0000,0.0267,0.0000,0.1082,0.000,32.34,40.0,3,2048
139295547,200.000,199.669,0.0000,-0.0343,0.0000,0.1280,0.000,32.34,40.0,3,2048
139296884,200.000,199.669,0.0000,-0.0008,0.0000,0.1368,0.000,32.34,40.0,3,2048
139297547,200.000,199.669,0.0000,-0.0771,0.0000,0.1664,0.000,32.34,40.0,3,2048
139298601,200.000,199.669,0.0000,-0.0160,0.0000,0.1027,0.000,32.34,40.0,3,2048
139299870,200.000,199.669,0.0000,0.1366,0.0000,0.1588,0.000,32.34,40.0,3,2048
139300562,200.000,199.669,0.0000,-0.0053,0.0000,0.1324,0.000,32.34,40.0,3,2048
139301547,200.000,199.669,0.0000,0.0587,0.0000,0.1357,0.000,32.34,40.0,3,2048
139302593,200.000,199.669,0.0000,-0.0542,0.0000,0.0961,0.000,32.34,40.0,3,2048
139303547,200.000,199.669,0.0000,0.0587,0.0000,0.1390,0.000,32.34,40.0,3,2048
139304956,200.000,199.669,0.0000,-0.0038,0.0000,0.1225,0.000,32.34,40.0,3,2048
139305553,200.000,199.669,0.0000,-0.0969,0.0000,0.1489,0.000,32.34,40.0,3,2048
139306601,200.000,199.669,0.0000,-0.0954,0.0000,0.1302,0.000,32.34,40.0,3,2048
139307545,200.000,199.669,0.0000,-0.0450,0.0000,0.0851,0.000,32.34,40.0,3,2048
139308561,200.000,199.669,0.0000,0.0099,0.0000,0.1115,0.000,32.34,40.0,3,2048
139309867,200.000,199.669,0.0000,-0.0404,0.0000,0.1357,0.000,32.34,40.0,3,2048
139310604,200.000,199.669,0.0000,-0.0450,0.0000,0.1159,0.000,32.34,40.0,3,2048
139311547,200.000,199.669,0.0000,0.0893,0.0000,0.1038,0.000,32.34,40.0,3,2048